{"type": "FeatureCollection", "parent": {"osm_id": 1390144, "name": "Boyacá", "admin_level": "4", "kind": "subdivision_1", "child_kind": "subdivision_2", "iso": "CO-BOY"}, "features": [{"type": "Feature", "properties": {"osm_type": "relation", "osm_id": 811012600, "name": "Chita", "admin_level": "6", "kind": "subdivision_2", "parent_osm_id": 1390144, "parent_name": "Boyacá", "parent_iso": "CO-BOY"}, "geometry": {"type": "Polygon", "coordinates": [[[-72.3965, 6.2723], [-72.4248, 6.2787], [-72.4348, 6.2861], [-72.4402, 6.283], [-72.4536, 6.2996], [-72.4524, 6.304], [-72.4822, 6.3034], [-72.4956, 6.2912], [-72.4987, 6.2527], [-72.5161, 6.2415], [-72.5525, 6.177], [-72.5427, 6.1684], [-72.5301, 6.1654], [-72.5161, 6.1484], [-72.5143, 6.1334], [-72.5168, 6.1265], [-72.528, 6.1225], [-72.5305, 6.0899], [-72.5423, 6.0698], [-72.5389, 6.0592], [-72.5306, 6.052], [-72.5391, 6.0325], [-72.5275, 6.0095], [-72.5106, 6.0053], [-72.507, 5.996], [-72.4983, 5.996], [-72.4727, 5.9653], [-72.4501, 5.9578], [-72.4477, 5.9447], [-72.4266, 5.9276], [-72.4168, 5.9042], [-72.336, 5.8896], [-72.3269, 5.9052], [-72.3251, 5.935], [-72.3406, 5.9532], [-72.3397, 5.9978], [-72.3647, 6.03], [-72.3655, 6.0367], [-72.3622, 6.0437], [-72.3534, 6.0434], [-72.3215, 6.0678], [-72.318, 6.0776], [-72.3212, 6.0882], [-72.3663, 6.0765], [-72.3754, 6.0925], [-72.3641, 6.0993], [-72.3839, 6.1136], [-72.3892, 6.1237], [-72.3847, 6.1327], [-72.3769, 6.1342], [-72.3739, 6.1477], [-72.3867, 6.1618], [-72.3931, 6.1616], [-72.3925, 6.1883], [-72.4031, 6.1902], [-72.4186, 6.1854], [-72.4025, 6.2076], [-72.3979, 6.2373], [-72.3872, 6.261], [-72.3965, 6.2723]]]}}, {"type": "Feature", "properties": {"osm_type": "relation", "osm_id": 439088249, "name": "Chitaraque", "admin_level": "6", "kind": "subdivision_2", "parent_osm_id": 1390144, "parent_name": "Boyacá", "parent_iso": "CO-BOY"}, "geometry": {"type": "Polygon", "coordinates": [[[-73.4035, 6.0557], [-73.4191, 6.0684], [-73.4152, 6.0734], [-73.429, 6.0684], [-73.454, 6.0791], [-73.4472, 6.0648], [-73.4503, 6.0476], [-73.496, 5.9869], [-73.4659, 5.9703], [-73.4638, 5.9601], [-73.4534, 5.9479], [-73.4609, 5.9325], [-73.4338, 5.8983], [-73.4205, 5.8894], [-73.4066, 5.8909], [-73.3951, 5.9259], [-73.3873, 5.9328], [-73.3892, 5.9427], [-73.3739, 5.9694], [-73.3753, 5.9827], [-73.3695, 5.9961], [-73.3707, 6.0052], [-73.3756, 6.0061], [-73.3905, 6.0331], [-73.4064, 6.0505], [-73.4035, 6.0557]]]}}, {"type": "Feature", "properties": {"osm_type": "relation", "osm_id": 118023348, "name": "Chivatá", "admin_level": "6", "kind": "subdivision_2", "parent_osm_id": 1390144, "parent_name": "Boyacá", "parent_iso": "CO-BOY"}, "geometry": {"type": "Polygon", "coordinates": [[[-73.2131, 5.6264], [-73.2293, 5.6261], [-73.2286, 5.6369], [-73.2361, 5.6137], [-73.2468, 5.6053], [-73.2529, 5.5803], [-73.2644, 5.5754], [-73.282, 5.5801], [-73.3069, 5.5697], [-73.3039, 5.5613], [-73.3072, 5.5391], [-73.2979, 5.5347], [-73.2954, 5.5251], [-73.2772, 5.5239], [-73.272, 5.532], [-73.2653, 5.5313], [-73.2556, 5.5401], [-73.245, 5.5323], [-73.2378, 5.5339], [-73.2272, 5.5532], [-73.231, 5.5637], [-73.2486, 5.5697], [-73.2131, 5.6264]]]}}, {"type": "Feature", "properties": {"osm_type": "relation", "osm_id": 959916769, "name": "Ciénega", "admin_level": "6", "kind": "subdivision_2", "parent_osm_id": 1390144, "parent_name": "Boyacá", "parent_iso": "CO-BOY"}, "geometry": {"type": "Polygon", "coordinates": [[[-73.222, 5.4069], [-73.2574, 5.4069], [-73.2829, 5.4192], [-73.3149, 5.4222], [-73.3186, 5.4262], [-73.306, 5.441], [-73.3144, 5.45], [-73.3301, 5.4144], [-73.3231, 5.4134], [-73.319, 5.4068], [-73.3226, 5.392], [-73.2856, 5.3497], [-73.2474, 5.3722], [-73.232, 5.3928], [-73.2341, 5.3978], [-73.222, 5.4069]]]}}, {"type": "Feature", "properties": {"osm_type": "relation", "osm_id": 859249358, "name": "Combita", "admin_level": "6", "kind": "subdivision_2", "parent_osm_id": 1390144, "parent_name": "Boyacá", "parent_iso": "CO-BOY"}, "geometry": {"type": "Polygon", "coordinates": [[[-73.2641, 5.7038], [-73.2729, 5.709], [-73.2942, 5.6966], [-73.293, 5.7031], [-73.3095, 5.718], [-73.3357, 5.76], [-73.3345, 5.7674], [-73.3434, 5.7682], [-73.3487, 5.7936], [-73.357, 5.8062], [-73.3728, 5.7843], [-73.3817, 5.7605], [-73.3769, 5.7491], [-73.3796, 5.7456], [-73.3741, 5.7417], [-73.3791, 5.7236], [-73.3678, 5.715], [-73.3652, 5.7038], [-73.3558, 5.7046], [-73.3418, 5.6797], [-73.3475, 5.6702], [-73.3631, 5.6645], [-73.3631, 5.6293], [-73.3594, 5.6304], [-73.3597, 5.6194], [-73.3445, 5.6049], [-73.3413, 5.5841], [-73.3321, 5.5759], [-73.3247, 5.586], [-73.3179, 5.6154], [-73.2781, 5.6559], [-73.2703, 5.6585], [-73.2631, 5.6711], [-73.261, 5.6849], [-73.2708, 5.6864], [-73.2641, 5.7038]]]}}, {"type": "Feature", "properties": {"osm_type": "relation", "osm_id": 484359961, "name": "Coper", "admin_level": "6", "kind": "subdivision_2", "parent_osm_id": 1390144, "parent_name": "Boyacá", "parent_iso": "CO-BOY"}, "geometry": {"type": "Polygon", "coordinates": [[[-73.9903, 5.5252], [-74.0022, 5.529], [-74.0138, 5.5266], [-74.021, 5.5201], [-74.0232, 5.5069], [-74.0335, 5.4969], [-74.0451, 5.5016], [-74.0522, 5.4954], [-74.0586, 5.5016], [-74.0968, 5.476], [-74.0941, 5.4499], [-74.0976, 5.4399], [-74.0904, 5.4344], [-74.0926, 5.4287], [-74.087, 5.4282], [-74.0736, 5.4082], [-74.0545, 5.4012], [-74.0452, 5.4045], [-74.0398, 5.392], [-74.0223, 5.3869], [-74.0236, 5.3704], [-74.02, 5.3661], [-73.9991, 5.3675], [-73.9914, 5.3746], [-73.973, 5.4194], [-73.9636, 5.4224], [-73.948, 5.4176], [-73.9555, 5.4391], [-73.9509, 5.45], [-73.9662, 5.4557], [-73.9806, 5.4514], [-73.9867, 5.4584], [-74.0195, 5.472], [-73.9903, 5.5252]]]}}, {"type": "Feature", "properties": {"osm_type": "relation", "osm_id": 267560498, "name": "Corrales", "admin_level": "6", "kind": "subdivision_2", "parent_osm_id": 1390144, "parent_name": "Boyacá", "parent_iso": "CO-BOY"}, "geometry": {"type": "Polygon", "coordinates": [[[-72.7981, 5.8539], [-72.8056, 5.8544], [-72.823, 5.8777], [-72.8494, 5.878], [-72.8575, 5.8662], [-72.8481, 5.8595], [-72.8587, 5.8263], [-72.8674, 5.8167], [-72.8867, 5.8175], [-72.8963, 5.8121], [-72.8962, 5.7953], [-72.8768, 5.7938], [-72.8751, 5.7705], [-72.867, 5.7685], [-72.8547, 5.7741], [-72.8321, 5.7951], [-72.8357, 5.8069], [-72.8255, 5.8082], [-72.8109, 5.8334], [-72.8038, 5.833], [-72.7981, 5.8539]]]}}, {"type": "Feature", "properties": {"osm_type": "relation", "osm_id": 149018757, "name": "Covarachia", "admin_level": "6", "kind": "subdivision_2", "parent_osm_id": 1390144, "parent_name": "Boyacá", "parent_iso": "CO-BOY"}, "geometry": {"type": "Polygon", "coordinates": [[[-72.7433, 6.5658], [-72.7602, 6.5816], [-72.7819, 6.5797], [-72.7831, 6.574], [-72.8086, 6.5595], [-72.8057, 6.5486], [-72.8109, 6.5424], [-72.7971, 6.5301], [-72.7784, 6.5287], [-72.7654, 6.4991], [-72.7359, 6.4907], [-72.7368, 6.473], [-72.7249, 6.4567], [-72.738, 6.4403], [-72.7198, 6.4415], [-72.6858, 6.4808], [-72.6795, 6.4828], [-72.6795, 6.4911], [-72.7036, 6.5392], [-72.7207, 6.5537], [-72.73, 6.5515], [-72.7434, 6.5589], [-72.7433, 6.5658]]]}}, {"type": "Feature", "properties": {"osm_type": "relation", "osm_id": 284776737, "name": "Cubará", "admin_level": "6", "kind": "subdivision_2", "parent_osm_id": 1390144, "parent_name": "Boyacá", "parent_iso": "CO-BOY"}, "geometry": {"type": "Polygon", "coordinates": [[[-72.0477, 7.0383], [-72.0558, 7.0369], [-72.0779, 7.0454], [-72.1074, 7.0327], [-72.1173, 7.0331], [-72.1221, 7.0277], [-72.1531, 7.035], [-72.1596, 7.0471], [-72.1772, 7.0556], [-72.186, 7.0538], [-72.1997, 7.0412], [-72.199, 7.0328], [-72.2058, 7.0224], [-72.2007, 7.0072], [-72.2129, 7.0011], [-72.2208, 6.9857], [-72.2341, 6.9793], [-72.2449, 6.9771], [-72.2554, 6.984], [-72.2517, 7.0069], [-72.2715, 7.0128], [-72.2814, 7.0101], [-72.3016, 6.9704], [-72.3134, 6.9322], [-72.3492, 6.9001], [-72.35, 6.8929], [-72.3705, 6.8899], [-72.3873, 6.8739], [-72.406, 6.8728], [-72.4646, 6.9017], [-72.4923, 6.9243], [-72.5029, 6.9082], [-72.4964, 6.8965], [-72.4966, 6.8858], [-72.5025, 6.8819], [-72.5006, 6.8712], [-72.4906, 6.8655], [-72.4886, 6.8544], [-72.4771, 6.8422], [-72.4628, 6.8439], [-72.4519, 6.8513], [-72.43, 6.8454], [-72.4235, 6.849], [-72.4099, 6.8404], [-72.3901, 6.839], [-72.3639, 6.8416], [-72.351, 6.8499], [-72.3415, 6.8471], [-72.3382, 6.8245], [-72.3171, 6.8145], [-72.3079, 6.7919], [-72.2966, 6.7851], [-72.2924, 6.7621], [-72.307, 6.7589], [-72.2967, 6.7372], [-72.2995, 6.7165], [-72.2916, 6.713], [-72.2877, 6.6957], [-72.26, 6.7075], [-72.2488, 6.7019], [-72.2412, 6.7039], [-72.2321, 6.6962], [-72.2268, 6.7258], [-72.2148, 6.7282], [-72.2124, 6.7382], [-72.2041, 6.7378], [-72.199, 6.7441], [-72.1868, 6.7408], [-72.1638, 6.7467], [-72.1427, 6.7574], [-72.1404, 6.7633], [-72.1262, 6.7446], [-72.1132, 6.7394], [-72.1056, 6.7485], [-72.1001, 6.7465], [-72.0923, 6.7539], [-72.0769, 6.7509], [-72.0599, 6.7675], [-72.0506, 6.7689], [-72.0377, 6.7959], [-72.0345, 6.8297], [-71.9966, 6.9089], [-71.9929, 6.9294], [-71.9748, 6.9716], [-71.9619, 6.9897], [-71.9602, 7.0016], [-71.9489, 7.0113], [-72.0096, 7.0334], [-72.0477, 7.0383]]]}}, {"type": "Feature", "properties": {"osm_type": "relation", "osm_id": 987825341, "name": "Cucaita", "admin_level": "6", "kind": "subdivision_2", "parent_osm_id": 1390144, "parent_name": "Boyacá", "parent_iso": "CO-BOY"}, "geometry": {"type": "Polygon", "coordinates": [[[-73.4225, 5.5607], [-73.4288, 5.5652], [-73.4418, 5.5567], [-73.4907, 5.549], [-73.4914, 5.5352], [-73.4653, 5.5159], [-73.4576, 5.5163], [-73.453, 5.5023], [-73.4565, 5.4977], [-73.4323, 5.4859], [-73.4076, 5.5104], [-73.4252, 5.5298], [-73.4226, 5.5401], [-73.4267, 5.5545], [-73.4225, 5.5607]]]}}, {"type": "Feature", "properties": {"osm_type": "relation", "osm_id": 450065822, "name": "Cuìtiva", "admin_level": "6", "kind": "subdivision_2", "parent_osm_id": 1390144, "parent_name": "Boyacá", "parent_iso": "CO-BOY"}, "geometry": {"type": "Polygon", "coordinates": [[[-72.8955, 5.6137], [-72.923, 5.6202], [-72.9257, 5.6127], [-72.945, 5.6119], [-72.9504, 5.5984], [-72.9592, 5.594], [-72.9864, 5.5952], [-72.9921, 5.5896], [-73.0036, 5.5928], [-72.9896, 5.5789], [-72.985, 5.5829], [-72.9765, 5.5709], [-72.95, 5.5543], [-72.9017, 5.5801], [-72.8955, 5.6137]]]}}, {"type": "Feature", "properties": {"osm_type": "relation", "osm_id": 322256140, "name": "Chíquiza", "admin_level": "6", "kind": "subdivision_2", "parent_osm_id": 1390144, "parent_name": "Boyacá", "parent_iso": "CO-BOY"}, "geometry": {"type": "Polygon", "coordinates": [[[-73.3818, 5.6726], [-73.3858, 5.6933], [-73.3976, 5.7026], [-73.4008, 5.7145], [-73.4234, 5.7077], [-73.4427, 5.683], [-73.4528, 5.6781], [-73.4611, 5.6825], [-73.4791, 5.6778], [-73.4897, 5.6469], [-73.4838, 5.6345], [-73.5163, 5.601], [-73.5111, 5.5995], [-73.5119, 5.5831], [-73.5027, 5.5772], [-73.4989, 5.5595], [-73.4856, 5.5798], [-73.4724, 5.5896], [-73.4524, 5.5936], [-73.4433, 5.6005], [-73.4401, 5.6099], [-73.4201, 5.6195], [-73.4111, 5.617], [-73.4027, 5.6345], [-73.3835, 5.6564], [-73.3818, 5.6726]]]}}, {"type": "Feature", "properties": {"osm_type": "relation", "osm_id": 230403683, "name": "Chivor", "admin_level": "6", "kind": "subdivision_2", "parent_osm_id": 1390144, "parent_name": "Boyacá", "parent_iso": "CO-BOY"}, "geometry": {"type": "Polygon", "coordinates": [[[-73.299, 4.903], [-73.3123, 4.9196], [-73.3239, 4.9121], [-73.3229, 4.9049], [-73.3317, 4.8987], [-73.3542, 4.8935], [-73.3621, 4.918], [-73.3755, 4.9286], [-73.3872, 4.9208], [-73.4013, 4.9191], [-73.4091, 4.9058], [-73.4375, 4.9063], [-73.4394, 4.8952], [-73.4464, 4.8898], [-73.4249, 4.8792], [-73.402, 4.8799], [-73.3932, 4.8655], [-73.3909, 4.8558], [-73.3945, 4.8533], [-73.3806, 4.8463], [-73.3747, 4.8398], [-73.3756, 4.8321], [-73.3652, 4.8248], [-73.3723, 4.8114], [-73.3718, 4.8008], [-73.341, 4.7913], [-73.3298, 4.8077], [-73.3397, 4.8223], [-73.3369, 4.8312], [-73.3282, 4.8472], [-73.2981, 4.8802], [-73.299, 4.903]]]}}, {"type": "Feature", "properties": {"osm_type": "relation", "osm_id": 817802240, "name": "Duitama", "admin_level": "6", "kind": "subdivision_2", "parent_osm_id": 1390144, "parent_name": "Boyacá", "parent_iso": "CO-BOY"}, "geometry": {"type": "Polygon", "coordinates": [[[-73.0312, 6.0212], [-73.0395, 6.0228], [-73.0622, 6.0111], [-73.0678, 5.982], [-73.0822, 5.9772], [-73.0811, 5.9702], [-73.0898, 5.9646], [-73.1017, 5.9622], [-73.1426, 5.9611], [-73.1528, 5.9667], [-73.1552, 5.9786], [-73.1755, 5.9945], [-73.1603, 5.9496], [-73.1292, 5.9325], [-73.1315, 5.9271], [-73.1265, 5.9177], [-73.1357, 5.9076], [-73.1091, 5.891], [-73.1088, 5.8745], [-73.1193, 5.8706], [-73.0821, 5.8344], [-73.0773, 5.8084], [-73.0812, 5.7761], [-73.065, 5.7704], [-73.0613, 5.776], [-73.0443, 5.7701], [-73.0339, 5.7807], [-73.0223, 5.7823], [-73.0133, 5.809], [-72.9922, 5.8052], [-72.9972, 5.829], [-73.0001, 5.8317], [-73.0096, 5.8242], [-73.013, 5.8294], [-73.0144, 5.8482], [-73.0081, 5.8675], [-73.0267, 5.9127], [-73.0215, 5.9281], [-73.0348, 5.9426], [-73.0355, 5.9599], [-73.0487, 5.9735], [-73.0409, 5.9911], [-73.0412, 6.0033], [-73.0347, 6.0088], [-73.0312, 6.0212]]]}}, {"type": "Feature", "properties": {"osm_type": "relation", "osm_id": 159125594, "name": "El Cocuy", "admin_level": "6", "kind": "subdivision_2", "parent_osm_id": 1390144, "parent_name": "Boyacá", "parent_iso": "CO-BOY"}, "geometry": {"type": "Polygon", "coordinates": [[[-72.3965, 6.2723], [-72.3789, 6.2931], [-72.3714, 6.3192], [-72.3554, 6.3419], [-72.3385, 6.3456], [-72.334, 6.3378], [-72.3216, 6.3318], [-72.317, 6.3349], [-72.3154, 6.3607], [-72.321, 6.3655], [-72.333, 6.4043], [-72.3633, 6.4021], [-72.383, 6.4095], [-72.3896, 6.4181], [-72.4001, 6.4134], [-72.4245, 6.425], [-72.4309, 6.44], [-72.448, 6.4234], [-72.4588, 6.4218], [-72.456, 6.4163], [-72.4671, 6.4077], [-72.4711, 6.3954], [-72.4855, 6.3908], [-72.4779, 6.3741], [-72.5018, 6.3673], [-72.5087, 6.3699], [-72.5103, 6.3574], [-72.5177, 6.3492], [-72.5105, 6.3325], [-72.5112, 6.312], [-72.5007, 6.3057], [-72.496, 6.2871], [-72.4822, 6.3034], [-72.4524, 6.304], [-72.4536, 6.2996], [-72.4402, 6.283], [-72.4348, 6.2861], [-72.4248, 6.2787], [-72.3965, 6.2723]]]}}, {"type": "Feature", "properties": {"osm_type": "relation", "osm_id": 492607654, "name": "El Espino", "admin_level": "6", "kind": "subdivision_2", "parent_osm_id": 1390144, "parent_name": "Boyacá", "parent_iso": "CO-BOY"}, "geometry": {"type": "Polygon", "coordinates": [[[-72.4213, 6.5195], [-72.4399, 6.5293], [-72.4463, 6.5388], [-72.4542, 6.5393], [-72.4596, 6.5485], [-72.4823, 6.5497], [-72.5045, 6.5366], [-72.508, 6.527], [-72.5343, 6.5028], [-72.5392, 6.488], [-72.5186, 6.4775], [-72.4996, 6.4752], [-72.4857, 6.4642], [-72.4758, 6.4661], [-72.4714, 6.4788], [-72.4568, 6.4897], [-72.4365, 6.4949], [-72.4213, 6.5195]]]}}, {"type": "Feature", "properties": {"osm_type": "relation", "osm_id": 161700932, "name": "Firavitoba", "admin_level": "6", "kind": "subdivision_2", "parent_osm_id": 1390144, "parent_name": "Boyacá", "parent_iso": "CO-BOY"}, "geometry": {"type": "Polygon", "coordinates": [[[-72.9474, 5.7144], [-72.9646, 5.7086], [-72.9726, 5.7206], [-73.0091, 5.7196], [-73.0242, 5.7245], [-73.0455, 5.6947], [-73.0754, 5.6784], [-73.1034, 5.6546], [-73.0866, 5.6431], [-73.0761, 5.6285], [-73.0633, 5.6456], [-73.0557, 5.6318], [-73.0294, 5.6271], [-73.009, 5.6434], [-73.0039, 5.6396], [-73.0059, 5.6314], [-72.9984, 5.6296], [-72.9989, 5.6356], [-72.9934, 5.634], [-72.9892, 5.6439], [-72.9792, 5.6399], [-72.9635, 5.6491], [-72.9711, 5.6647], [-72.9474, 5.7144]]]}}, {"type": "Feature", "properties": {"osm_type": "relation", "osm_id": 454588267, "name": "Floresta", "admin_level": "6", "kind": "subdivision_2", "parent_osm_id": 1390144, "parent_name": "Boyacá", "parent_iso": "CO-BOY"}, "geometry": {"type": "Polygon", "coordinates": [[[-72.8963, 5.8121], [-72.8992, 5.8367], [-72.893, 5.8465], [-72.8918, 5.8658], [-72.8725, 5.8747], [-72.872, 5.8836], [-72.8939, 5.8871], [-72.9071, 5.9061], [-72.9068, 5.914], [-72.9185, 5.9184], [-72.9253, 5.9286], [-72.9312, 5.9114], [-72.9402, 5.9118], [-72.9484, 5.9045], [-72.9499, 5.892], [-72.9758, 5.8585], [-72.9713, 5.8487], [-72.9485, 5.8278], [-72.943, 5.8042], [-72.935, 5.7992], [-72.9128, 5.7977], [-72.903, 5.8015], [-72.8962, 5.7953], [-72.8963, 5.8121]]]}}, {"type": "Feature", "properties": {"osm_type": "relation", "osm_id": 652705776, "name": "Gachantivá", "admin_level": "6", "kind": "subdivision_2", "parent_osm_id": 1390144, "parent_name": "Boyacá", "parent_iso": "CO-BOY"}, "geometry": {"type": "Polygon", "coordinates": [[[-73.5003, 5.7789], [-73.5052, 5.7884], [-73.5228, 5.7994], [-73.5277, 5.7882], [-73.5426, 5.7867], [-73.5765, 5.8059], [-73.5828, 5.7856], [-73.5672, 5.7753], [-73.5759, 5.7736], [-73.5782, 5.7772], [-73.582, 5.7717], [-73.5812, 5.7486], [-73.5719, 5.7408], [-73.5737, 5.7258], [-73.5681, 5.7245], [-73.5663, 5.7182], [-73.5647, 5.7104], [-73.5741, 5.692], [-73.5657, 5.6776], [-73.5404, 5.6788], [-73.5186, 5.7059], [-73.5227, 5.7215], [-73.5073, 5.7248], [-73.501, 5.7318], [-73.4939, 5.7454], [-73.5086, 5.755], [-73.5003, 5.7789]]]}}, {"type": "Feature", "properties": {"osm_type": "relation", "osm_id": 385469867, "name": "Gameza", "admin_level": "6", "kind": "subdivision_2", "parent_osm_id": 1390144, "parent_name": "Boyacá", "parent_iso": "CO-BOY"}, "geometry": {"type": "Polygon", "coordinates": [[[-72.8321, 5.7977], [-72.806, 5.7867], [-72.7963, 5.7724], [-72.7825, 5.7672], [-72.7735, 5.7731], [-72.7658, 5.7665], [-72.7395, 5.7737], [-72.7082, 5.7714], [-72.6842, 5.7833], [-72.6574, 5.7825], [-72.6552, 5.7878], [-72.626, 5.7769], [-72.6236, 5.8167], [-72.6317, 5.8291], [-72.6393, 5.8166], [-72.6703, 5.809], [-72.6879, 5.8167], [-72.6868, 5.8321], [-72.7016, 5.8358], [-72.7492, 5.8151], [-72.7529, 5.8258], [-72.7753, 5.8477], [-72.7858, 5.8449], [-72.7981, 5.8539], [-72.8038, 5.833], [-72.8109, 5.8334], [-72.8255, 5.8082], [-72.8357, 5.8069], [-72.8321, 5.7977]]]}}, {"type": "Feature", "properties": {"osm_type": "relation", "osm_id": 458584875, "name": "Garagoa", "admin_level": "6", "kind": "subdivision_2", "parent_osm_id": 1390144, "parent_name": "Boyacá", "parent_iso": "CO-BOY"}, "geometry": {"type": "Polygon", "coordinates": [[[-73.2678, 5.1554], [-73.2853, 5.162], [-73.364, 5.1368], [-73.3639, 5.1205], [-73.3902, 5.0688], [-73.3946, 5.0346], [-73.3886, 5.0153], [-73.3644, 5.0143], [-73.3595, 5.0228], [-73.3428, 5.0264], [-73.336, 5.0393], [-73.3208, 5.0388], [-73.2969, 5.0479], [-73.289, 5.0479], [-73.2886, 5.0349], [-73.2835, 5.0294], [-73.2857, 5.0197], [-73.282, 5.0186], [-73.2556, 5.0459], [-73.2485, 5.069], [-73.2502, 5.0863], [-73.2563, 5.0961], [-73.2387, 5.1138], [-73.2324, 5.1312], [-73.2361, 5.1383], [-73.2306, 5.1431], [-73.2678, 5.1554]]]}}, {"type": "Feature", "properties": {"osm_type": "relation", "osm_id": 887920232, "name": "Guacamayas", "admin_level": "6", "kind": "subdivision_2", "parent_osm_id": 1390144, "parent_name": "Boyacá", "parent_iso": "CO-BOY"}, "geometry": {"type": "Polygon", "coordinates": [[[-72.5392, 6.488], [-72.5483, 6.4871], [-72.5565, 6.4449], [-72.5479, 6.4256], [-72.531, 6.4199], [-72.5242, 6.411], [-72.5005, 6.3985], [-72.501, 6.4028], [-72.4921, 6.4027], [-72.4864, 6.4087], [-72.4854, 6.4319], [-72.4715, 6.4528], [-72.4996, 6.4752], [-72.5186, 6.4775], [-72.5392, 6.488]]]}}, {"type": "Feature", "properties": {"osm_type": "relation", "osm_id": 826926681, "name": "Guateque", "admin_level": "6", "kind": "subdivision_2", "parent_osm_id": 1390144, "parent_name": "Boyacá", "parent_iso": "CO-BOY"}, "geometry": {"type": "Polygon", "coordinates": [[[-73.4736, 5.0515], [-73.4801, 5.0625], [-73.4876, 5.0589], [-73.4859, 5.0517], [-73.4962, 5.0393], [-73.5125, 5.037], [-73.5224, 5.0292], [-73.5219, 5.0175], [-73.5169, 5.0127], [-73.5184, 5.0046], [-73.4979, 4.9876], [-73.4659, 4.9829], [-73.4472, 4.9981], [-73.4557, 5.0034], [-73.4603, 5.0007], [-73.4669, 5.0229], [-73.4832, 5.0358], [-73.4736, 5.0515]]]}}, {"type": "Feature", "properties": {"osm_type": "relation", "osm_id": 323768215, "name": "Guayatá", "admin_level": "6", "kind": "subdivision_2", "parent_osm_id": 1390144, "parent_name": "Boyacá", "parent_iso": "CO-BOY"}, "geometry": {"type": "Polygon", "coordinates": [[[-73.4375, 4.9063], [-73.4527, 4.9113], [-73.4478, 4.9211], [-73.4508, 4.9346], [-73.4669, 4.9442], [-73.4619, 4.9563], [-73.4717, 4.9696], [-73.4659, 4.9829], [-73.4979, 4.9876], [-73.507, 4.9964], [-73.5173, 4.9903], [-73.5187, 4.9794], [-73.5328, 4.9549], [-73.5445, 4.9448], [-73.5488, 4.9251], [-73.5387, 4.8966], [-73.5322, 4.891], [-73.525, 4.8927], [-73.5206, 4.879], [-73.4696, 4.8927], [-73.4515, 4.883], [-73.4394, 4.8952], [-73.4375, 4.9063]]]}}, {"type": "Feature", "properties": {"osm_type": "relation", "osm_id": 313075765, "name": "Güicán", "admin_level": "6", "kind": "subdivision_2", "parent_osm_id": 1390144, "parent_name": "Boyacá", "parent_iso": "CO-BOY"}, "geometry": {"type": "Polygon", "coordinates": [[[-72.2995, 6.7165], [-72.3063, 6.6876], [-72.3198, 6.6826], [-72.3395, 6.6662], [-72.3464, 6.6339], [-72.3691, 6.6177], [-72.3866, 6.6139], [-72.3767, 6.5905], [-72.3597, 6.57], [-72.356, 6.5537], [-72.3824, 6.5525], [-72.3839, 6.528], [-72.3941, 6.5301], [-72.4038, 6.5136], [-72.4213, 6.5195], [-72.4325, 6.5054], [-72.4436, 6.4621], [-72.4337, 6.4541], [-72.4245, 6.425], [-72.4001, 6.4134], [-72.3896, 6.4181], [-72.3726, 6.4038], [-72.333, 6.4043], [-72.3149, 6.358], [-72.3021, 6.3593], [-72.2951, 6.3746], [-72.2827, 6.3794], [-72.28, 6.3885], [-72.2867, 6.3961], [-72.2867, 6.4034], [-72.2795, 6.421], [-72.2688, 6.4192], [-72.2722, 6.4321], [-72.2679, 6.4416], [-72.26, 6.4418], [-72.2482, 6.4298], [-72.246, 6.4205], [-72.2351, 6.422], [-72.2189, 6.4386], [-72.2138, 6.4655], [-72.2021, 6.469], [-72.1816, 6.4594], [-72.1747, 6.463], [-72.1729, 6.4802], [-72.1782, 6.4873], [-72.1779, 6.4968], [-72.1669, 6.5007], [-72.1617, 6.5098], [-72.1512, 6.5156], [-72.1386, 6.5142], [-72.129, 6.5247], [-72.1189, 6.578], [-72.112, 6.5916], [-72.113, 6.6114], [-72.0951, 6.6338], [-72.0914, 6.646], [-72.098, 6.6734], [-72.095, 6.6864], [-72.1007, 6.7193], [-72.095, 6.7296], [-72.1001, 6.7465], [-72.1056, 6.7485], [-72.1132, 6.7394], [-72.1207, 6.7415], [-72.1404, 6.7633], [-72.1427, 6.7574], [-72.1638, 6.7467], [-72.1868, 6.7408], [-72.199, 6.7441], [-72.2041, 6.7378], [-72.2124, 6.7382], [-72.2148, 6.7282], [-72.2268, 6.7258], [-72.2321, 6.6962], [-72.2412, 6.7039], [-72.2488, 6.7019], [-72.26, 6.7075], [-72.2877, 6.6957], [-72.2916, 6.713], [-72.2995, 6.7165]]]}}, {"type": "Feature", "properties": {"osm_type": "relation", "osm_id": 153187900, "name": "Iza", "admin_level": "6", "kind": "subdivision_2", "parent_osm_id": 1390144, "parent_name": "Boyacá", "parent_iso": "CO-BOY"}, "geometry": {"type": "Polygon", "coordinates": [[[-72.923, 5.6202], [-72.9285, 5.6306], [-72.9405, 5.6272], [-72.9564, 5.6359], [-72.9635, 5.6491], [-72.9792, 5.6399], [-72.9892, 5.6439], [-72.9934, 5.634], [-72.9989, 5.6356], [-72.9951, 5.6285], [-73.0038, 5.6124], [-73.0036, 5.5928], [-72.9921, 5.5896], [-72.9864, 5.5952], [-72.9592, 5.594], [-72.9504, 5.5984], [-72.945, 5.6119], [-72.9257, 5.6127], [-72.923, 5.6202]]]}}, {"type": "Feature", "properties": {"osm_type": "relation", "osm_id": 471398538, "name": "Jenesano", "admin_level": "6", "kind": "subdivision_2", "parent_osm_id": 1390144, "parent_name": "Boyacá", "parent_iso": "CO-BOY"}, "geometry": {"type": "Polygon", "coordinates": [[[-73.3364, 5.3145], [-73.3245, 5.3253], [-73.338, 5.3371], [-73.3311, 5.349], [-73.366, 5.3625], [-73.3603, 5.3899], [-73.3475, 5.4144], [-73.352, 5.4321], [-73.3674, 5.4149], [-73.3843, 5.4046], [-73.3925, 5.4217], [-73.4159, 5.4172], [-73.4263, 5.4084], [-73.4151, 5.3796], [-73.4185, 5.3715], [-73.4076, 5.3713], [-73.4007, 5.3583], [-73.3836, 5.3581], [-73.3743, 5.3463], [-73.376, 5.3397], [-73.3566, 5.3326], [-73.3468, 5.3174], [-73.3364, 5.3145]]]}}, {"type": "Feature", "properties": {"osm_type": "relation", "osm_id": 157171676, "name": "Jericó", "admin_level": "6", "kind": "subdivision_2", "parent_osm_id": 1390144, "parent_name": "Boyacá", "parent_iso": "CO-BOY"}, "geometry": {"type": "Polygon", "coordinates": [[[-72.5525, 6.177], [-72.5597, 6.1885], [-72.5966, 6.2045], [-72.6052, 6.201], [-72.6178, 6.2068], [-72.6331, 6.2045], [-72.6354, 6.1806], [-72.644, 6.167], [-72.6562, 6.1165], [-72.6394, 6.1122], [-72.6371, 6.1078], [-72.6275, 6.1105], [-72.6162, 6.1024], [-72.5657, 6.1189], [-72.5607, 6.0885], [-72.5566, 6.0829], [-72.5517, 6.0846], [-72.5423, 6.0698], [-72.5305, 6.0899], [-72.528, 6.1225], [-72.5168, 6.1265], [-72.5143, 6.1334], [-72.5161, 6.1484], [-72.5301, 6.1654], [-72.5427, 6.1684], [-72.5525, 6.177]]]}}, {"type": "Feature", "properties": {"osm_type": "relation", "osm_id": 914411431, "name": "Labranza Grande", "admin_level": "6", "kind": "subdivision_2", "parent_osm_id": 1390144, "parent_name": "Boyacá", "parent_iso": "CO-BOY"}, "geometry": {"type": "Polygon", "coordinates": [[[-72.5145, 5.6086], [-72.5455, 5.6239], [-72.5506, 5.6555], [-72.5395, 5.6767], [-72.5525, 5.6852], [-72.5703, 5.7093], [-72.584, 5.6608], [-72.5983, 5.6481], [-72.5952, 5.6407], [-72.6015, 5.6207], [-72.6052, 5.6204], [-72.6056, 5.6302], [-72.6298, 5.6306], [-72.6354, 5.6453], [-72.6605, 5.6668], [-72.699, 5.6766], [-72.6957, 5.663], [-72.6987, 5.6412], [-72.7133, 5.625], [-72.7081, 5.6162], [-72.7304, 5.5936], [-72.7316, 5.5847], [-72.7446, 5.5702], [-72.745, 5.5647], [-72.7189, 5.5577], [-72.6895, 5.5597], [-72.6823, 5.5441], [-72.6689, 5.5365], [-72.6625, 5.5388], [-72.656, 5.5207], [-72.6563, 5.5008], [-72.6827, 5.4907], [-72.6668, 5.46], [-72.6524, 5.4493], [-72.6671, 5.4361], [-72.6334, 5.4227], [-72.6217, 5.4214], [-72.6102, 5.4299], [-72.5912, 5.4238], [-72.5999, 5.3994], [-72.589, 5.383], [-72.584, 5.382], [-72.5369, 5.4144], [-72.5289, 5.4275], [-72.5073, 5.4387], [-72.4948, 5.4603], [-72.4899, 5.4818], [-72.4422, 5.5196], [-72.4631, 5.543], [-72.4592, 5.5628], [-72.4897, 5.576], [-72.5007, 5.5927], [-72.5164, 5.5957], [-72.5145, 5.6086]]]}}, {"type": "Feature", "properties": {"osm_type": "relation", "osm_id": 581368095, "name": "La Capilla", "admin_level": "6", "kind": "subdivision_2", "parent_osm_id": 1390144, "parent_name": "Boyacá", "parent_iso": "CO-BOY"}, "geometry": {"type": "Polygon", "coordinates": [[[-73.4796, 5.0616], [-73.4534, 5.0714], [-73.4398, 5.0862], [-73.4329, 5.0873], [-73.4228, 5.108], [-73.4245, 5.1174], [-73.4197, 5.1219], [-73.4392, 5.1492], [-73.4369, 5.1594], [-73.4669, 5.1532], [-73.4873, 5.1396], [-73.4945, 5.1064], [-73.4818, 5.0846], [-73.4796, 5.0616]]]}}, {"type": "Feature", "properties": {"osm_type": "relation", "osm_id": 822813582, "name": "La Victoria", "admin_level": "6", "kind": "subdivision_2", "parent_osm_id": 1390144, "parent_name": "Boyacá", "parent_iso": "CO-BOY"}, "geometry": {"type": "Polygon", "coordinates": [[[-74.2154, 5.4977], [-74.2228, 5.5183], [-74.2117, 5.5233], [-74.1973, 5.5185], [-74.2017, 5.529], [-74.1987, 5.5361], [-74.2065, 5.5432], [-74.2017, 5.5496], [-74.1976, 5.5465], [-74.1984, 5.5527], [-74.2129, 5.5553], [-74.2194, 5.5453], [-74.2403, 5.5392], [-74.246, 5.5322], [-74.251, 5.5021], [-74.2564, 5.4998], [-74.2539, 5.4876], [-74.244, 5.4763], [-74.2325, 5.4802], [-74.2154, 5.4977]]]}}, {"type": "Feature", "properties": {"osm_type": "relation", "osm_id": 986567087, "name": "La Uvita", "admin_level": "6", "kind": "subdivision_2", "parent_osm_id": 1390144, "parent_name": "Boyacá", "parent_iso": "CO-BOY"}, "geometry": {"type": "Polygon", "coordinates": [[[-72.496, 6.2871], [-72.5007, 6.3057], [-72.5112, 6.312], [-72.5105, 6.3325], [-72.5177, 6.3492], [-72.5402, 6.3531], [-72.5589, 6.3507], [-72.5649, 6.3437], [-72.5666, 6.3493], [-72.5758, 6.3506], [-72.5643, 6.3269], [-72.5709, 6.3099], [-72.5859, 6.3097], [-72.5875, 6.3058], [-72.588, 6.2992], [-72.5831, 6.2996], [-72.5843, 6.2825], [-72.5799, 6.2783], [-72.5906, 6.2646], [-72.6022, 6.2788], [-72.6186, 6.2264], [-72.6356, 6.2199], [-72.6331, 6.2045], [-72.6178, 6.2068], [-72.6052, 6.201], [-72.5966, 6.2045], [-72.5597, 6.1885], [-72.5525, 6.177], [-72.5161, 6.2415], [-72.4987, 6.2527], [-72.496, 6.2871]]]}}, {"type": "Feature", "properties": {"osm_type": "relation", "osm_id": 803146079, "name": "Villa De Leyva", "admin_level": "6", "kind": "subdivision_2", "parent_osm_id": 1390144, "parent_name": "Boyacá", "parent_iso": "CO-BOY"}, "geometry": {"type": "Polygon", "coordinates": [[[-73.4234, 5.7077], [-73.4297, 5.7046], [-73.4518, 5.7256], [-73.4594, 5.7269], [-73.4755, 5.7168], [-73.4773, 5.7224], [-73.5034, 5.7164], [-73.5073, 5.7248], [-73.5227, 5.7215], [-73.5186, 5.7059], [-73.5404, 5.6788], [-73.5657, 5.6776], [-73.5763, 5.6922], [-73.5769, 5.6705], [-73.5911, 5.6488], [-73.5897, 5.6326], [-73.582, 5.6279], [-73.5617, 5.6322], [-73.5635, 5.6172], [-73.5501, 5.6072], [-73.5527, 5.6044], [-73.5474, 5.5985], [-73.525, 5.6068], [-73.5163, 5.601], [-73.4838, 5.6345], [-73.4897, 5.6469], [-73.4791, 5.6778], [-73.4611, 5.6825], [-73.4528, 5.6781], [-73.4427, 5.683], [-73.4234, 5.7077]]]}}, {"type": "Feature", "properties": {"osm_type": "relation", "osm_id": 686388825, "name": "Macanal", "admin_level": "6", "kind": "subdivision_2", "parent_osm_id": 1390144, "parent_name": "Boyacá", "parent_iso": "CO-BOY"}, "geometry": {"type": "Polygon", "coordinates": [[[-73.299, 4.903], [-73.2812, 4.9281], [-73.2618, 4.9313], [-73.2325, 4.9582], [-73.2123, 4.9953], [-73.2142, 5.0151], [-73.2221, 5.019], [-73.2295, 5.0313], [-73.2264, 5.038], [-73.2315, 5.0595], [-73.2437, 5.0678], [-73.2485, 5.069], [-73.2556, 5.0459], [-73.282, 5.0186], [-73.2857, 5.0197], [-73.2835, 5.0294], [-73.2886, 5.0349], [-73.289, 5.0479], [-73.3208, 5.0388], [-73.336, 5.0393], [-73.3428, 5.0264], [-73.363, 5.0204], [-73.3644, 5.0143], [-73.3555, 5.0024], [-73.3523, 4.9849], [-73.343, 4.9768], [-73.3513, 4.9699], [-73.3583, 4.9442], [-73.3687, 4.9396], [-73.3755, 4.9286], [-73.3621, 4.918], [-73.3542, 4.8935], [-73.3317, 4.8987], [-73.3229, 4.9049], [-73.3239, 4.9121], [-73.3123, 4.9196], [-73.299, 4.903]]]}}, {"type": "Feature", "properties": {"osm_type": "relation", "osm_id": 870475001, "name": "Maripí", "admin_level": "6", "kind": "subdivision_2", "parent_osm_id": 1390144, "parent_name": "Boyacá", "parent_iso": "CO-BOY"}, "geometry": {"type": "Polygon", "coordinates": [[[-73.9903, 5.5252], [-73.975, 5.5304], [-73.9701, 5.5265], [-73.959, 5.5431], [-73.9522, 5.54], [-73.9305, 5.5461], [-73.9203, 5.5433], [-73.91, 5.5525], [-73.9244, 5.5637], [-73.9259, 5.574], [-73.9412, 5.5652], [-73.9489, 5.5659], [-73.952, 5.5713], [-73.9468, 5.5832], [-73.9567, 5.5888], [-73.9558, 5.5923], [-73.9686, 5.5977], [-73.9795, 5.5954], [-73.9984, 5.6116], [-74.0083, 5.6009], [-74.0263, 5.6015], [-74.0301, 5.6372], [-74.0362, 5.6419], [-74.0455, 5.6333], [-74.0545, 5.642], [-74.0535, 5.6472], [-74.0607, 5.6492], [-74.065, 5.6345], [-74.0875, 5.6083], [-74.0872, 5.5976], [-74.0923, 5.5964], [-74.09, 5.587], [-74.0953, 5.5845], [-74.093, 5.5713], [-74.0794, 5.5602], [-74.0755, 5.5389], [-74.0611, 5.5326], [-74.0614, 5.5254], [-74.0546, 5.5228], [-74.0511, 5.5029], [-74.0349, 5.4966], [-74.0232, 5.5069], [-74.0182, 5.5242], [-74.0022, 5.529], [-73.9903, 5.5252]]]}}, {"type": "Feature", "properties": {"osm_type": "relation", "osm_id": 238846587, "name": "Miraflores", "admin_level": "6", "kind": "subdivision_2", "parent_osm_id": 1390144, "parent_name": "Boyacá", "parent_iso": "CO-BOY"}, "geometry": {"type": "Polygon", "coordinates": [[[-73.2485, 5.069], [-73.2281, 5.0775], [-73.1899, 5.0629], [-73.1657, 5.0748], [-73.1515, 5.0741], [-73.1183, 5.1023], [-73.0894, 5.1496], [-73.089, 5.1607], [-73.0982, 5.1701], [-73.1039, 5.193], [-73.1293, 5.2088], [-73.1614, 5.2391], [-73.1915, 5.24], [-73.2154, 5.2317], [-73.2178, 5.2111], [-73.2402, 5.1892], [-73.2576, 5.185], [-73.2655, 5.1914], [-73.2957, 5.1983], [-73.2705, 5.1767], [-73.2581, 5.1725], [-73.2577, 5.1607], [-73.2678, 5.1554], [-73.2306, 5.1431], [-73.2361, 5.1383], [-73.2324, 5.1312], [-73.2387, 5.1138], [-73.2563, 5.0961], [-73.2502, 5.0863], [-73.2485, 5.069]]]}}, {"type": "Feature", "properties": {"osm_type": "relation", "osm_id": 476838627, "name": "Mongua", "admin_level": "6", "kind": "subdivision_2", "parent_osm_id": 1390144, "parent_name": "Boyacá", "parent_iso": "CO-BOY"}, "geometry": {"type": "Polygon", "coordinates": [[[-72.7963, 5.7724], [-72.8152, 5.7508], [-72.8207, 5.7512], [-72.8253, 5.7367], [-72.8225, 5.7237], [-72.7971, 5.7109], [-72.7988, 5.694], [-72.7895, 5.6875], [-72.7945, 5.661], [-72.7708, 5.6436], [-72.7638, 5.6451], [-72.7624, 5.6386], [-72.7531, 5.6378], [-72.7519, 5.6308], [-72.7464, 5.6283], [-72.7447, 5.6106], [-72.7399, 5.609], [-72.7315, 5.6174], [-72.7101, 5.6256], [-72.6987, 5.6412], [-72.6957, 5.663], [-72.699, 5.6766], [-72.6605, 5.6668], [-72.6354, 5.6453], [-72.6298, 5.6306], [-72.6056, 5.6302], [-72.6052, 5.6204], [-72.5999, 5.6225], [-72.5952, 5.6407], [-72.5983, 5.6481], [-72.584, 5.6608], [-72.5703, 5.7093], [-72.5812, 5.7086], [-72.5767, 5.7367], [-72.5826, 5.7479], [-72.5836, 5.7711], [-72.6045, 5.7758], [-72.6111, 5.7716], [-72.6212, 5.7737], [-72.6295, 5.7645], [-72.626, 5.7769], [-72.6552, 5.7878], [-72.6574, 5.7825], [-72.6842, 5.7833], [-72.7082, 5.7714], [-72.7395, 5.7737], [-72.7658, 5.7665], [-72.7735, 5.7731], [-72.7825, 5.7672], [-72.7963, 5.7724]]]}}, {"type": "Feature", "properties": {"osm_type": "relation", "osm_id": 606235039, "name": "Monguì", "admin_level": "6", "kind": "subdivision_2", "parent_osm_id": 1390144, "parent_name": "Boyacá", "parent_iso": "CO-BOY"}, "geometry": {"type": "Polygon", "coordinates": [[[-72.8253, 5.7367], [-72.8479, 5.7388], [-72.8527, 5.7519], [-72.8586, 5.7513], [-72.8711, 5.742], [-72.8785, 5.7262], [-72.8712, 5.7217], [-72.8754, 5.7057], [-72.8708, 5.6892], [-72.8602, 5.6809], [-72.8535, 5.6855], [-72.8488, 5.67], [-72.8336, 5.6539], [-72.8243, 5.6539], [-72.8248, 5.646], [-72.8187, 5.6433], [-72.7912, 5.6593], [-72.795, 5.6644], [-72.7895, 5.6875], [-72.7988, 5.694], [-72.7971, 5.7109], [-72.8225, 5.7237], [-72.8253, 5.7367]]]}}, {"type": "Feature", "properties": {"osm_type": "relation", "osm_id": 632927737, "name": "Moniquira", "admin_level": "6", "kind": "subdivision_2", "parent_osm_id": 1390144, "parent_name": "Boyacá", "parent_iso": "CO-BOY"}, "geometry": {"type": "Polygon", "coordinates": [[[-73.5003, 5.7789], [-73.5001, 5.7864], [-73.4865, 5.8033], [-73.514, 5.8316], [-73.5062, 5.8347], [-73.5131, 5.847], [-73.4915, 5.8389], [-73.4928, 5.8309], [-73.4772, 5.8281], [-73.4716, 5.8216], [-73.4622, 5.8425], [-73.4637, 5.8484], [-73.4906, 5.871], [-73.504, 5.8757], [-73.5065, 5.8913], [-73.5245, 5.8934], [-73.5422, 5.9119], [-73.5284, 5.9238], [-73.5279, 5.9409], [-73.532, 5.9445], [-73.5695, 5.9572], [-73.5883, 5.9523], [-73.5896, 5.9605], [-73.5932, 5.9594], [-73.6074, 5.9309], [-73.6359, 5.9112], [-73.6315, 5.8952], [-73.6113, 5.8871], [-73.6002, 5.8694], [-73.6243, 5.8123], [-73.6292, 5.7895], [-73.6262, 5.7786], [-73.593, 5.7957], [-73.5831, 5.7894], [-73.5765, 5.8059], [-73.5426, 5.7867], [-73.5277, 5.7882], [-73.5228, 5.7994], [-73.5052, 5.7884], [-73.5003, 5.7789]]]}}, {"type": "Feature", "properties": {"osm_type": "relation", "osm_id": 482152973, "name": "Motavita", "admin_level": "6", "kind": "subdivision_2", "parent_osm_id": 1390144, "parent_name": "Boyacá", "parent_iso": "CO-BOY"}, "geometry": {"type": "Polygon", "coordinates": [[[-73.3631, 5.6645], [-73.3818, 5.6726], [-73.3835, 5.6564], [-73.4027, 5.6345], [-73.4111, 5.617], [-73.3953, 5.5882], [-73.412, 5.5669], [-73.4004, 5.5596], [-73.3908, 5.5573], [-73.3849, 5.5616], [-73.362, 5.5559], [-73.3561, 5.5726], [-73.3456, 5.5768], [-73.339, 5.5871], [-73.3445, 5.6049], [-73.3597, 5.6194], [-73.3594, 5.6304], [-73.3631, 5.6293], [-73.3631, 5.6645]]]}}, {"type": "Feature", "properties": {"osm_type": "relation", "osm_id": 663190435, "name": "Muzo", "admin_level": "6", "kind": "subdivision_2", "parent_osm_id": 1390144, "parent_name": "Boyacá", "parent_iso": "CO-BOY"}, "geometry": {"type": "Polygon", "coordinates": [[[-74.047, 5.5003], [-74.0554, 5.5132], [-74.0546, 5.5228], [-74.0614, 5.5254], [-74.0611, 5.5326], [-74.0755, 5.5389], [-74.0794, 5.5602], [-74.093, 5.5713], [-74.0953, 5.5845], [-74.09, 5.587], [-74.0923, 5.5964], [-74.0872, 5.5976], [-74.0886, 5.6032], [-74.0943, 5.6008], [-74.1184, 5.6094], [-74.1333, 5.5959], [-74.1616, 5.5979], [-74.1649, 5.5792], [-74.1574, 5.5538], [-74.1614, 5.5484], [-74.1556, 5.5482], [-74.1422, 5.5331], [-74.1292, 5.5268], [-74.1347, 5.5049], [-74.1437, 5.4997], [-74.1477, 5.486], [-74.176, 5.4705], [-74.1765, 5.4636], [-74.1607, 5.4478], [-74.1387, 5.4463], [-74.1312, 5.4317], [-74.1234, 5.429], [-74.1131, 5.4665], [-74.1164, 5.4741], [-74.0983, 5.4699], [-74.0953, 5.4785], [-74.0776, 5.4856], [-74.065, 5.499], [-74.0586, 5.5016], [-74.0522, 5.4954], [-74.047, 5.5003]]]}}, {"type": "Feature", "properties": {"osm_type": "relation", "osm_id": 658296985, "name": "Nuevo Colón", "admin_level": "6", "kind": "subdivision_2", "parent_osm_id": 1390144, "parent_name": "Boyacá", "parent_iso": "CO-BOY"}, "geometry": {"type": "Polygon", "coordinates": [[[-73.4263, 5.4084], [-73.4409, 5.4151], [-73.4475, 5.3868], [-73.4776, 5.3701], [-73.4816, 5.3542], [-73.4727, 5.3471], [-73.4683, 5.3321], [-73.4721, 5.3258], [-73.4686, 5.3174], [-73.4801, 5.2971], [-73.478, 5.2894], [-73.4585, 5.2952], [-73.4519, 5.3036], [-73.4546, 5.31], [-73.4479, 5.3189], [-73.4483, 5.3268], [-73.4401, 5.3302], [-73.4187, 5.3554], [-73.4151, 5.3796], [-73.4263, 5.4084]]]}}, {"type": "Feature", "properties": {"osm_type": "relation", "osm_id": 559961629, "name": "Oicata", "admin_level": "6", "kind": "subdivision_2", "parent_osm_id": 1390144, "parent_name": "Boyacá", "parent_iso": "CO-BOY"}, "geometry": {"type": "Polygon", "coordinates": [[[-73.2318, 5.6267], [-73.243, 5.6311], [-73.245, 5.6275], [-73.2531, 5.634], [-73.257, 5.6403], [-73.256, 5.6566], [-73.2673, 5.6645], [-73.3179, 5.6154], [-73.3273, 5.5802], [-73.3215, 5.5832], [-73.3069, 5.5697], [-73.282, 5.5801], [-73.2644, 5.5754], [-73.2529, 5.5803], [-73.2468, 5.6053], [-73.2361, 5.6137], [-73.2318, 5.6267]]]}}, {"type": "Feature", "properties": {"osm_type": "relation", "osm_id": 758488885, "name": "Otanche", "admin_level": "6", "kind": "subdivision_2", "parent_osm_id": 1390144, "parent_name": "Boyacá", "parent_iso": "CO-BOY"}, "geometry": {"type": "Polygon", "coordinates": [[[-74.1589, 5.5961], [-74.1654, 5.6179], [-74.1644, 5.6369], [-74.1691, 5.6364], [-74.1695, 5.6416], [-74.1845, 5.64], [-74.1727, 5.6547], [-74.1736, 5.7081], [-74.1689, 5.7163], [-74.1723, 5.718], [-74.1615, 5.7264], [-74.1579, 5.7404], [-74.1481, 5.7484], [-74.1391, 5.7523], [-74.1234, 5.7487], [-74.1166, 5.7552], [-74.1138, 5.7514], [-74.0926, 5.7597], [-74.0904, 5.7907], [-74.0795, 5.8125], [-74.0791, 5.8328], [-74.0854, 5.8375], [-74.0839, 5.8437], [-74.089, 5.8415], [-74.0916, 5.8585], [-74.1055, 5.8789], [-74.1333, 5.8759], [-74.1804, 5.9111], [-74.1867, 5.9073], [-74.183, 5.9048], [-74.1896, 5.8842], [-74.2001, 5.8767], [-74.1942, 5.8649], [-74.1973, 5.8529], [-74.2147, 5.8538], [-74.2318, 5.8358], [-74.2661, 5.8346], [-74.2618, 5.8171], [-74.2748, 5.7873], [-74.2917, 5.7632], [-74.2969, 5.7641], [-74.2959, 5.7546], [-74.2872, 5.7455], [-74.3022, 5.7247], [-74.3041, 5.7119], [-74.302, 5.7047], [-74.2967, 5.7065], [-74.293, 5.7015], [-74.279, 5.6991], [-74.276, 5.6922], [-74.285, 5.6751], [-74.2852, 5.6637], [-74.2925, 5.6637], [-74.3082, 5.6482], [-74.3062, 5.6384], [-74.269, 5.6288], [-74.2679, 5.6348], [-74.2565, 5.6387], [-74.2468, 5.6254], [-74.24, 5.6269], [-74.2235, 5.618], [-74.2254, 5.6134], [-74.2208, 5.6094], [-74.2066, 5.6076], [-74.1971, 5.5772], [-74.1798, 5.5943], [-74.1714, 5.5982], [-74.1589, 5.5961]]]}}, {"type": "Feature", "properties": {"osm_type": "relation", "osm_id": 285330598, "name": "Pachavita", "admin_level": "6", "kind": "subdivision_2", "parent_osm_id": 1390144, "parent_name": "Boyacá", "parent_iso": "CO-BOY"}, "geometry": {"type": "Polygon", "coordinates": [[[-73.364, 5.1368], [-73.3721, 5.1551], [-73.3857, 5.163], [-73.3808, 5.197], [-73.3869, 5.2144], [-73.3924, 5.2168], [-73.4251, 5.1823], [-73.4392, 5.1492], [-73.4197, 5.1219], [-73.4184, 5.1132], [-73.3978, 5.1019], [-73.3839, 5.0848], [-73.3639, 5.1205], [-73.364, 5.1368]]]}}, {"type": "Feature", "properties": {"osm_type": "relation", "osm_id": 225305566, "name": "Páez", "admin_level": "6", "kind": "subdivision_2", "parent_osm_id": 1390144, "parent_name": "Boyacá", "parent_iso": "CO-BOY"}, "geometry": {"type": "Polygon", "coordinates": [[[-73.1128, 5.1119], [-73.101, 5.1011], [-73.0712, 5.0962], [-73.0676, 5.0806], [-73.0862, 5.0396], [-73.0646, 5.0264], [-73.0653, 5.0108], [-73.0273, 5.025], [-73.0261, 4.9978], [-73.0305, 4.9823], [-73.0165, 5.0027], [-72.9753, 4.9748], [-72.9677, 4.9896], [-72.9571, 4.9969], [-72.9528, 5.0096], [-72.9261, 5.0296], [-72.9285, 5.0472], [-72.9038, 5.0679], [-72.9093, 5.1035], [-72.9286, 5.0997], [-72.9424, 5.12], [-72.9649, 5.1328], [-72.9735, 5.1465], [-72.9504, 5.1762], [-72.9491, 5.1903], [-72.9349, 5.2076], [-72.9353, 5.2133], [-72.945, 5.2103], [-72.9508, 5.2134], [-72.9823, 5.196], [-72.9933, 5.2087], [-73.0101, 5.2145], [-73.0349, 5.1735], [-73.0576, 5.1614], [-73.0725, 5.1689], [-73.0776, 5.1624], [-73.089, 5.1607], [-73.0894, 5.1496], [-73.1128, 5.1119]]]}}, {"type": "Feature", "properties": {"osm_type": "relation", "osm_id": 648597159, "name": "Paipa", "admin_level": "6", "kind": "subdivision_2", "parent_osm_id": 1390144, "parent_name": "Boyacá", "parent_iso": "CO-BOY"}, "geometry": {"type": "Polygon", "coordinates": [[[-73.1755, 5.9945], [-73.1993, 6.0031], [-73.2188, 5.9806], [-73.2163, 5.9623], [-73.2247, 5.9411], [-73.2083, 5.9215], [-73.2218, 5.9095], [-73.221, 5.8907], [-73.2073, 5.8888], [-73.2035, 5.8766], [-73.184, 5.8504], [-73.1636, 5.8478], [-73.1591, 5.8522], [-73.13, 5.8548], [-73.1374, 5.8211], [-73.1707, 5.7884], [-73.1743, 5.7599], [-73.1685, 5.7449], [-73.1546, 5.7362], [-73.1584, 5.7198], [-73.128, 5.6978], [-73.1097, 5.6754], [-73.1081, 5.6609], [-73.1025, 5.6591], [-73.0594, 5.687], [-73.057, 5.7019], [-73.0622, 5.7028], [-73.0659, 5.7166], [-73.0678, 5.7467], [-73.0508, 5.7739], [-73.0613, 5.776], [-73.065, 5.7704], [-73.0812, 5.7761], [-73.0773, 5.8084], [-73.0821, 5.8344], [-73.1172, 5.8665], [-73.1193, 5.8706], [-73.1088, 5.8745], [-73.1091, 5.891], [-73.1357, 5.9076], [-73.1265, 5.9177], [-73.1315, 5.9271], [-73.1292, 5.9325], [-73.1603, 5.9496], [-73.1755, 5.9945]]]}}, {"type": "Feature", "properties": {"osm_type": "relation", "osm_id": 144382605, "name": "Pajarito", "admin_level": "6", "kind": "subdivision_2", "parent_osm_id": 1390144, "parent_name": "Boyacá", "parent_iso": "CO-BOY"}, "geometry": {"type": "Polygon", "coordinates": [[[-72.6671, 5.4361], [-72.6668, 5.4416], [-72.6785, 5.4512], [-72.6952, 5.4393], [-72.704, 5.4452], [-72.7087, 5.4572], [-72.7075, 5.479], [-72.7267, 5.4871], [-72.7366, 5.4709], [-72.7499, 5.4674], [-72.785, 5.4371], [-72.7971, 5.4161], [-72.7976, 5.3961], [-72.8051, 5.3942], [-72.815, 5.3808], [-72.8121, 5.3782], [-72.8096, 5.3836], [-72.7887, 5.3737], [-72.7783, 5.3659], [-72.7569, 5.3314], [-72.7384, 5.3202], [-72.7256, 5.318], [-72.7182, 5.3013], [-72.7203, 5.2886], [-72.715, 5.2807], [-72.7006, 5.2733], [-72.7008, 5.2793], [-72.6884, 5.2819], [-72.6815, 5.2904], [-72.6675, 5.2941], [-72.6661, 5.3013], [-72.6538, 5.3054], [-72.6486, 5.3218], [-72.637, 5.3284], [-72.6334, 5.3421], [-72.6197, 5.3515], [-72.6094, 5.3484], [-72.601, 5.354], [-72.5956, 5.3524], [-72.5917, 5.358], [-72.5798, 5.3503], [-72.5672, 5.3734], [-72.589, 5.383], [-72.5997, 5.3981], [-72.5912, 5.4238], [-72.6102, 5.4299], [-72.6217, 5.4214], [-72.6334, 5.4227], [-72.6671, 5.4361]]]}}, {"type": "Feature", "properties": {"osm_type": "relation", "osm_id": 420801389, "name": "Panqueba", "admin_level": "6", "kind": "subdivision_2", "parent_osm_id": 1390144, "parent_name": "Boyacá", "parent_iso": "CO-BOY"}, "geometry": {"type": "Polygon", "coordinates": [[[-72.4309, 6.44], [-72.4337, 6.4541], [-72.4436, 6.4621], [-72.4365, 6.4949], [-72.4568, 6.4897], [-72.4714, 6.4788], [-72.4758, 6.4661], [-72.4857, 6.4642], [-72.4715, 6.4528], [-72.472, 6.4475], [-72.4854, 6.4319], [-72.4864, 6.4087], [-72.4968, 6.4008], [-72.4855, 6.3908], [-72.481, 6.3941], [-72.4781, 6.3912], [-72.456, 6.4163], [-72.4588, 6.4218], [-72.448, 6.4234], [-72.4309, 6.44]]]}}, {"type": "Feature", "properties": {"osm_type": "relation", "osm_id": 933122289, "name": "Pauna", "admin_level": "6", "kind": "subdivision_2", "parent_osm_id": 1390144, "parent_name": "Boyacá", "parent_iso": "CO-BOY"}, "geometry": {"type": "Polygon", "coordinates": [[[-73.9259, 5.574], [-73.9099, 5.5937], [-73.8977, 5.6196], [-73.9039, 5.6294], [-73.9225, 5.639], [-73.9314, 5.6281], [-73.9369, 5.6329], [-73.9439, 5.6462], [-73.9414, 5.6595], [-73.9499, 5.6879], [-73.9457, 5.6937], [-73.954, 5.7003], [-73.9715, 5.7028], [-73.9754, 5.7154], [-73.9915, 5.7291], [-74.0023, 5.7558], [-74.0141, 5.7643], [-74.011, 5.7747], [-74.0199, 5.7821], [-74.0251, 5.7808], [-74.026, 5.8068], [-74.0558, 5.8197], [-74.0623, 5.8198], [-74.0653, 5.8149], [-74.0793, 5.8185], [-74.0904, 5.7907], [-74.0929, 5.7544], [-74.0854, 5.7402], [-74.0513, 5.7224], [-74.0385, 5.7063], [-74.0397, 5.6908], [-74.0508, 5.6832], [-74.047, 5.6737], [-74.0607, 5.6492], [-74.0535, 5.6472], [-74.0545, 5.642], [-74.0455, 5.6333], [-74.0362, 5.6419], [-74.0301, 5.6372], [-74.0263, 5.6015], [-74.0083, 5.6009], [-73.9984, 5.6116], [-73.9795, 5.5954], [-73.9686, 5.5977], [-73.9558, 5.5923], [-73.9567, 5.5888], [-73.9468, 5.5832], [-73.952, 5.5713], [-73.9489, 5.5659], [-73.9412, 5.5652], [-73.9259, 5.574]]]}}, {"type": "Feature", "properties": {"osm_type": "relation", "osm_id": 984770672, "name": "Paya", "admin_level": "6", "kind": "subdivision_2", "parent_osm_id": 1390144, "parent_name": "Boyacá", "parent_iso": "CO-BOY"}, "geometry": {"type": "Polygon", "coordinates": [[[-72.4444, 5.5207], [-72.4405, 5.5317], [-72.4254, 5.5465], [-72.4209, 5.5632], [-72.3968, 5.5703], [-72.3839, 5.5598], [-72.3755, 5.538], [-72.3381, 5.5008], [-72.3176, 5.498], [-72.3009, 5.506], [-72.2947, 5.5182], [-72.2958, 5.5533], [-72.2852, 5.5746], [-72.2875, 5.6056], [-72.2627, 5.6335], [-72.2733, 5.6552], [-72.2721, 5.6622], [-72.2284, 5.6668], [-72.2214, 5.676], [-72.2357, 5.6874], [-72.2495, 5.6851], [-72.2483, 5.6959], [-72.2657, 5.7174], [-72.2692, 5.7286], [-72.2769, 5.7308], [-72.2742, 5.7356], [-72.2804, 5.7496], [-72.2972, 5.7545], [-72.3127, 5.7078], [-72.3272, 5.6885], [-72.3503, 5.6891], [-72.3571, 5.6973], [-72.37, 5.6829], [-72.387, 5.6815], [-72.4024, 5.6927], [-72.4169, 5.6872], [-72.4244, 5.6906], [-72.4446, 5.6875], [-72.448, 5.6801], [-72.4463, 5.689], [-72.4595, 5.7021], [-72.4786, 5.6709], [-72.4748, 5.6649], [-72.4889, 5.6638], [-72.4924, 5.6386], [-72.5128, 5.6155], [-72.5181, 5.6009], [-72.5102, 5.5917], [-72.5007, 5.5927], [-72.4897, 5.576], [-72.4592, 5.5628], [-72.4631, 5.543], [-72.4557, 5.5389], [-72.4444, 5.5207]]]}}, {"type": "Feature", "properties": {"osm_type": "relation", "osm_id": 522848976, "name": "Paz De Río", "admin_level": "6", "kind": "subdivision_2", "parent_osm_id": 1390144, "parent_name": "Boyacá", "parent_iso": "CO-BOY"}, "geometry": {"type": "Polygon", "coordinates": [[[-72.7016, 6.0183], [-72.7197, 6.0277], [-72.715, 6.058], [-72.7191, 6.0656], [-72.757, 6.0818], [-72.7769, 6.0845], [-72.7949, 6.1], [-72.802, 6.0903], [-72.8104, 6.0952], [-72.8142, 6.0817], [-72.8102, 6.058], [-72.814, 6.0262], [-72.8037, 6.0167], [-72.7958, 6.019], [-72.7914, 6.0065], [-72.7968, 5.9943], [-72.8183, 5.978], [-72.8154, 5.9654], [-72.7946, 5.9643], [-72.7792, 5.9545], [-72.7536, 5.9821], [-72.7168, 5.9974], [-72.7045, 6.0087], [-72.7016, 6.0183]]]}}, {"type": "Feature", "properties": {"osm_type": "relation", "osm_id": 730853636, "name": "Pesca", "admin_level": "6", "kind": "subdivision_2", "parent_osm_id": 1390144, "parent_name": "Boyacá", "parent_iso": "CO-BOY"}, "geometry": {"type": "Polygon", "coordinates": [[[-73.0761, 5.6285], [-73.0892, 5.5848], [-73.104, 5.5593], [-73.1159, 5.5247], [-73.1383, 5.5034], [-73.1409, 5.4841], [-73.1473, 5.4821], [-73.1239, 5.4557], [-73.1417, 5.413], [-73.1213, 5.3851], [-73.1321, 5.3682], [-73.1251, 5.3548], [-73.1099, 5.3482], [-73.0787, 5.3675], [-73.0541, 5.37], [-73.0512, 5.3783], [-73.0421, 5.3842], [-73.0542, 5.3944], [-73.055, 5.4047], [-73.0398, 5.432], [-73.0614, 5.4232], [-73.0661, 5.4346], [-73.0719, 5.4363], [-73.0605, 5.4659], [-73.0637, 5.4712], [-73.0435, 5.5137], [-73.043, 5.527], [-73.0256, 5.5595], [-73.0093, 5.577], [-73.0127, 5.5901], [-73.0036, 5.5928], [-73.0038, 5.6124], [-72.9951, 5.6285], [-73.0059, 5.6314], [-73.0039, 5.6396], [-73.009, 5.6434], [-73.0294, 5.6271], [-73.0557, 5.6318], [-73.0633, 5.6456], [-73.0761, 5.6285]]]}}, {"type": "Feature", "properties": {"osm_type": "relation", "osm_id": 892086896, "name": "Pisba", "admin_level": "6", "kind": "subdivision_2", "parent_osm_id": 1390144, "parent_name": "Boyacá", "parent_iso": "CO-BOY"}, "geometry": {"type": "Polygon", "coordinates": [[[-72.5145, 5.6086], [-72.4924, 5.6386], [-72.4889, 5.6638], [-72.4748, 5.6649], [-72.4786, 5.6709], [-72.4595, 5.7021], [-72.4463, 5.689], [-72.448, 5.6801], [-72.4446, 5.6875], [-72.4244, 5.6906], [-72.4169, 5.6872], [-72.4024, 5.6927], [-72.387, 5.6815], [-72.37, 5.6829], [-72.3571, 5.6973], [-72.3503, 5.6891], [-72.3242, 5.69], [-72.2978, 5.7441], [-72.3008, 5.7598], [-72.2972, 5.7711], [-72.3072, 5.7795], [-72.3034, 5.7892], [-72.317, 5.7961], [-72.3251, 5.7933], [-72.3316, 5.8029], [-72.3481, 5.8054], [-72.3512, 5.8114], [-72.3666, 5.8106], [-72.3919, 5.8189], [-72.4014, 5.8367], [-72.4293, 5.8428], [-72.4347, 5.8485], [-72.4586, 5.8509], [-72.4774, 5.8399], [-72.4875, 5.8169], [-72.5122, 5.7915], [-72.5407, 5.7848], [-72.5493, 5.7882], [-72.5657, 5.7758], [-72.5836, 5.7711], [-72.5826, 5.7479], [-72.5767, 5.7367], [-72.5812, 5.7086], [-72.5683, 5.7085], [-72.5627, 5.6961], [-72.5395, 5.6767], [-72.5506, 5.6555], [-72.5455, 5.6239], [-72.5145, 5.6086]]]}}, {"type": "Feature", "properties": {"osm_type": "relation", "osm_id": 182688034, "name": "Puerto Boyacá", "admin_level": "6", "kind": "subdivision_2", "parent_osm_id": 1390144, "parent_name": "Boyacá", "parent_iso": "CO-BOY"}, "geometry": {"type": "Polygon", "coordinates": [[[-74.665, 5.7685], [-74.661, 5.7524], [-74.654, 5.7537], [-74.652, 5.7405], [-74.6429, 5.7354], [-74.6384, 5.7549], [-74.6271, 5.7625], [-74.6255, 5.7564], [-74.6204, 5.7595], [-74.6187, 5.7526], [-74.6123, 5.7583], [-74.6103, 5.7508], [-74.5974, 5.7434], [-74.5874, 5.759], [-74.5778, 5.7516], [-74.5535, 5.7609], [-74.5515, 5.7722], [-74.5307, 5.7907], [-74.524, 5.7861], [-74.5152, 5.7912], [-74.5117, 5.7841], [-74.5055, 5.7857], [-74.4995, 5.7789], [-74.4948, 5.7847], [-74.4856, 5.7708], [-74.4812, 5.776], [-74.4665, 5.7759], [-74.4612, 5.7658], [-74.4557, 5.7667], [-74.4527, 5.762], [-74.4422, 5.7668], [-74.4413, 5.76], [-74.4309, 5.758], [-74.4231, 5.7639], [-74.4241, 5.7685], [-74.4187, 5.7642], [-74.4155, 5.7703], [-74.4119, 5.7653], [-74.4112, 5.7735], [-74.4044, 5.7791], [-74.3847, 5.7844], [-74.3461, 5.8229], [-74.3459, 5.8316], [-74.3341, 5.8373], [-74.3338, 5.8269], [-74.3152, 5.8152], [-74.3168, 5.797], [-74.3126, 5.8006], [-74.301, 5.7977], [-74.3016, 5.7909], [-74.3058, 5.7936], [-74.3131, 5.7826], [-74.3075, 5.7721], [-74.2917, 5.7632], [-74.2748, 5.7873], [-74.2618, 5.8171], [-74.2698, 5.8606], [-74.275, 5.8685], [-74.2558, 5.8833], [-74.2519, 5.8929], [-74.2311, 5.905], [-74.2245, 5.9232], [-74.2273, 5.9309], [-74.2373, 5.9352], [-74.2389, 5.9437], [-74.2222, 5.9679], [-74.2554, 6.0022], [-74.2601, 6.0125], [-74.2583, 6.0229], [-74.2642, 6.0323], [-74.2606, 6.0506], [-74.2656, 6.0525], [-74.2584, 6.0595], [-74.2587, 6.0655], [-74.2776, 6.0737], [-74.2755, 6.0804], [-74.2981, 6.0841], [-74.3042, 6.0735], [-74.3087, 6.0769], [-74.3153, 6.0677], [-74.3193, 6.0707], [-74.3373, 6.065], [-74.3476, 6.0385], [-74.3628, 6.0399], [-74.367, 6.0469], [-74.3831, 6.0403], [-74.3808, 6.0481], [-74.4019, 6.0663], [-74.4009, 6.0791], [-74.408, 6.0865], [-74.4302, 6.0867], [-74.4517, 6.0993], [-74.4498, 6.1091], [-74.4568, 6.1276], [-74.4526, 6.1357], [-74.4795, 6.1596], [-74.4696, 6.2014], [-74.4758, 6.2042], [-74.4829, 6.1998], [-74.5084, 6.2165], [-74.5132, 6.224], [-74.5112, 6.2304], [-74.5218, 6.2418], [-74.5216, 6.2552], [-74.5289, 6.2628], [-74.5266, 6.2736], [-74.5395, 6.2643], [-74.5458, 6.2464], [-74.5734, 6.2157], [-74.5749, 6.1921], [-74.6113, 6.1304], [-74.6093, 6.1197], [-74.5845, 6.0882], [-74.5617, 6.0783], [-74.5716, 6.0345], [-74.5627, 6.0019], [-74.569, 5.9869], [-74.5786, 5.9827], [-74.5941, 5.986], [-74.6124, 5.9699], [-74.6066, 5.9425], [-74.5967, 5.9296], [-74.5857, 5.925], [-74.5854, 5.9031], [-74.5904, 5.8947], [-74.6241, 5.8824], [-74.638, 5.8664], [-74.6518, 5.8282], [-74.6471, 5.8085], [-74.6505, 5.793], [-74.665, 5.7685]]]}}, {"type": "Feature", "properties": {"osm_type": "relation", "osm_id": 612500990, "name": "Quípama", "admin_level": "6", "kind": "subdivision_2", "parent_osm_id": 1390144, "parent_name": "Boyacá", "parent_iso": "CO-BOY"}, "geometry": {"type": "Polygon", "coordinates": [[[-74.2154, 5.4977], [-74.2004, 5.4955], [-74.1763, 5.4595], [-74.176, 5.4705], [-74.1477, 5.486], [-74.1437, 5.4997], [-74.1347, 5.5049], [-74.1302, 5.5288], [-74.1614, 5.5484], [-74.1574, 5.5538], [-74.1649, 5.5792], [-74.1616, 5.5979], [-74.1798, 5.5943], [-74.1971, 5.5772], [-74.2066, 5.6076], [-74.2208, 5.6094], [-74.2254, 5.6134], [-74.2235, 5.618], [-74.24, 5.6269], [-74.2468, 5.6254], [-74.2565, 5.6387], [-74.2679, 5.6348], [-74.269, 5.6288], [-74.3062, 5.6384], [-74.315, 5.6205], [-74.3102, 5.6189], [-74.3021, 5.5853], [-74.2911, 5.5686], [-74.2596, 5.5598], [-74.2403, 5.5392], [-74.2194, 5.5453], [-74.2129, 5.5553], [-74.1984, 5.5527], [-74.1976, 5.5465], [-74.2017, 5.5496], [-74.2065, 5.5432], [-74.1987, 5.5361], [-74.2017, 5.529], [-74.1973, 5.5185], [-74.2117, 5.5233], [-74.224, 5.5169], [-74.2154, 5.4977]]]}}, {"type": "Feature", "properties": {"osm_type": "relation", "osm_id": 104660319, "name": "Ramiriquí", "admin_level": "6", "kind": "subdivision_2", "parent_osm_id": 1390144, "parent_name": "Boyacá", "parent_iso": "CO-BOY"}, "geometry": {"type": "Polygon", "coordinates": [[[-73.3152, 5.4433], [-73.3202, 5.45], [-73.3384, 5.4351], [-73.352, 5.4321], [-73.3475, 5.4144], [-73.3603, 5.3899], [-73.366, 5.3625], [-73.3311, 5.349], [-73.338, 5.3371], [-73.3245, 5.3253], [-73.3364, 5.3145], [-73.3293, 5.3108], [-73.3319, 5.308], [-73.3263, 5.2934], [-73.3082, 5.2773], [-73.309, 5.2719], [-73.3296, 5.2617], [-73.3203, 5.2492], [-73.32, 5.2421], [-73.3247, 5.2388], [-73.3035, 5.2174], [-73.2835, 5.2067], [-73.2757, 5.2139], [-73.2573, 5.2188], [-73.2549, 5.2265], [-73.2472, 5.2296], [-73.2798, 5.246], [-73.2777, 5.257], [-73.288, 5.2771], [-73.2855, 5.2885], [-73.2727, 5.2991], [-73.2759, 5.3048], [-73.2632, 5.3222], [-73.2823, 5.3247], [-73.2908, 5.3591], [-73.2984, 5.3622], [-73.3226, 5.392], [-73.319, 5.4068], [-73.3231, 5.4134], [-73.3301, 5.4144], [-73.3152, 5.4433]]]}}, {"type": "Feature", "properties": {"osm_type": "relation", "osm_id": 110457801, "name": "Ráquira", "admin_level": "6", "kind": "subdivision_2", "parent_osm_id": 1390144, "parent_name": "Boyacá", "parent_iso": "CO-BOY"}, "geometry": {"type": "Polygon", "coordinates": [[[-73.5803, 5.5899], [-73.5964, 5.5867], [-73.608, 5.5752], [-73.6296, 5.5682], [-73.6646, 5.5384], [-73.6783, 5.5456], [-73.6928, 5.5252], [-73.6862, 5.5169], [-73.6965, 5.5034], [-73.7098, 5.4913], [-73.7258, 5.4862], [-73.7286, 5.4798], [-73.7322, 5.4827], [-73.7423, 5.4687], [-73.7284, 5.4792], [-73.7202, 5.4781], [-73.7195, 5.4588], [-73.7068, 5.4559], [-73.6947, 5.4463], [-73.6767, 5.4595], [-73.6792, 5.4519], [-73.675, 5.4423], [-73.6798, 5.436], [-73.6553, 5.4262], [-73.6505, 5.4151], [-73.6381, 5.4175], [-73.6185, 5.4048], [-73.6153, 5.4101], [-73.5972, 5.4165], [-73.5931, 5.4216], [-73.6005, 5.4308], [-73.5965, 5.436], [-73.6007, 5.46], [-73.5941, 5.4667], [-73.5754, 5.4678], [-73.568, 5.4784], [-73.5585, 5.4782], [-73.5361, 5.5003], [-73.5585, 5.5092], [-73.5585, 5.5179], [-73.5499, 5.5219], [-73.5557, 5.5256], [-73.5635, 5.5469], [-73.5768, 5.5607], [-73.5728, 5.5656], [-73.5803, 5.5899]]]}}, {"type": "Feature", "properties": {"osm_type": "relation", "osm_id": 675734242, "name": "Rondón", "admin_level": "6", "kind": "subdivision_2", "parent_osm_id": 1390144, "parent_name": "Boyacá", "parent_iso": "CO-BOY"}, "geometry": {"type": "Polygon", "coordinates": [[[-73.2856, 5.3497], [-73.2823, 5.3247], [-73.2632, 5.3222], [-73.2759, 5.3048], [-73.2596, 5.2915], [-73.2656, 5.2873], [-73.2383, 5.2853], [-73.2336, 5.2851], [-73.2014, 5.3161], [-73.1852, 5.3208], [-73.1883, 5.3254], [-73.1768, 5.3391], [-73.1579, 5.3508], [-73.1454, 5.3491], [-73.1417, 5.3424], [-73.1263, 5.3573], [-73.1321, 5.3682], [-73.1213, 5.3851], [-73.1417, 5.413], [-73.1239, 5.4557], [-73.1473, 5.4821], [-73.1639, 5.4794], [-73.1742, 5.4678], [-73.2041, 5.4568], [-73.2157, 5.4448], [-73.212, 5.4262], [-73.2269, 5.4], [-73.2341, 5.3978], [-73.232, 5.3928], [-73.2379, 5.3898], [-73.243, 5.3767], [-73.2856, 5.3497]]]}}, {"type": "Feature", "properties": {"osm_type": "relation", "osm_id": 126763605, "name": "Saboyá", "admin_level": "6", "kind": "subdivision_2", "parent_osm_id": 1390144, "parent_name": "Boyacá", "parent_iso": "CO-BOY"}, "geometry": {"type": "Polygon", "coordinates": [[[-73.6518, 5.7124], [-73.6723, 5.7477], [-73.6934, 5.7572], [-73.7144, 5.7817], [-73.7203, 5.7721], [-73.7267, 5.7704], [-73.7405, 5.7726], [-73.7498, 5.7683], [-73.7627, 5.7732], [-73.7943, 5.7294], [-73.8123, 5.7151], [-73.8204, 5.7166], [-73.8192, 5.7375], [-73.8244, 5.7406], [-73.8429, 5.7366], [-73.8565, 5.7262], [-73.8611, 5.7115], [-73.8802, 5.7076], [-73.8863, 5.69], [-73.8639, 5.6943], [-73.8577, 5.7074], [-73.8335, 5.7046], [-73.8299, 5.7026], [-73.834, 5.6971], [-73.8349, 5.6669], [-73.8059, 5.6411], [-73.7938, 5.6418], [-73.7799, 5.6337], [-73.7521, 5.6465], [-73.7368, 5.6424], [-73.7252, 5.6335], [-73.7064, 5.632], [-73.6988, 5.636], [-73.6957, 5.6289], [-73.6888, 5.6274], [-73.6776, 5.6435], [-73.6696, 5.6758], [-73.6565, 5.692], [-73.6518, 5.7124]]]}}, {"type": "Feature", "properties": {"osm_type": "relation", "osm_id": 465908115, "name": "Sáchica", "admin_level": "6", "kind": "subdivision_2", "parent_osm_id": 1390144, "parent_name": "Boyacá", "parent_iso": "CO-BOY"}, "geometry": {"type": "Polygon", "coordinates": [[[-73.5163, 5.601], [-73.525, 5.6068], [-73.5474, 5.5985], [-73.5527, 5.6044], [-73.5501, 5.6072], [-73.5635, 5.6172], [-73.5617, 5.6322], [-73.582, 5.6279], [-73.5768, 5.6025], [-73.5803, 5.5899], [-73.5728, 5.5656], [-73.5768, 5.5607], [-73.5635, 5.5469], [-73.5557, 5.5256], [-73.5499, 5.5219], [-73.5353, 5.5307], [-73.5173, 5.5335], [-73.4989, 5.5595], [-73.5027, 5.5772], [-73.5119, 5.5831], [-73.5111, 5.5995], [-73.5163, 5.601]]]}}, {"type": "Feature", "properties": {"osm_type": "relation", "osm_id": 471013069, "name": "Samacá", "admin_level": "6", "kind": "subdivision_2", "parent_osm_id": 1390144, "parent_name": "Boyacá", "parent_iso": "CO-BOY"}, "geometry": {"type": "Polygon", "coordinates": [[[-73.4907, 5.549], [-73.4989, 5.5595], [-73.5173, 5.5335], [-73.5353, 5.5307], [-73.5585, 5.5179], [-73.5585, 5.5092], [-73.5371, 5.498], [-73.5513, 5.489], [-73.5585, 5.4782], [-73.568, 5.4784], [-73.5754, 5.4678], [-73.5941, 5.4667], [-73.6007, 5.46], [-73.5965, 5.436], [-73.6005, 5.4308], [-73.5931, 5.4216], [-73.6185, 5.4048], [-73.5926, 5.3984], [-73.5757, 5.4069], [-73.562, 5.4045], [-73.5539, 5.4068], [-73.5415, 5.4207], [-73.5305, 5.4246], [-73.5225, 5.4219], [-73.4964, 5.4388], [-73.4772, 5.427], [-73.4575, 5.4479], [-73.4473, 5.4691], [-73.4323, 5.4859], [-73.4565, 5.4977], [-73.453, 5.5023], [-73.4576, 5.5163], [-73.4653, 5.5159], [-73.4914, 5.5352], [-73.4907, 5.549]]]}}, {"type": "Feature", "properties": {"osm_type": "relation", "osm_id": 307978001, "name": "San Eduardo", "admin_level": "6", "kind": "subdivision_2", "parent_osm_id": 1390144, "parent_name": "Boyacá", "parent_iso": "CO-BOY"}, "geometry": {"type": "Polygon", "coordinates": [[[-73.0101, 5.2145], [-72.9954, 5.2446], [-72.9955, 5.2552], [-73.015, 5.2665], [-73.0284, 5.2876], [-73.028, 5.2999], [-73.0416, 5.3124], [-73.058, 5.3081], [-73.0639, 5.3006], [-73.071, 5.2636], [-73.1014, 5.2406], [-73.1059, 5.2222], [-73.1016, 5.2098], [-73.0727, 5.1964], [-73.0665, 5.1858], [-73.0725, 5.1689], [-73.0576, 5.1614], [-73.0349, 5.1735], [-73.0101, 5.2145]]]}}, {"type": "Feature", "properties": {"osm_type": "relation", "osm_id": 221589038, "name": "San José De Pare", "admin_level": "6", "kind": "subdivision_2", "parent_osm_id": 1390144, "parent_name": "Boyacá", "parent_iso": "CO-BOY"}, "geometry": {"type": "Polygon", "coordinates": [[[-73.486, 6.0017], [-73.4949, 6.0052], [-73.508, 6.026], [-73.5202, 6.0287], [-73.5344, 6.0502], [-73.5396, 6.0374], [-73.5593, 6.0294], [-73.5655, 6.0183], [-73.586, 6.0063], [-73.5932, 5.9594], [-73.5896, 5.9605], [-73.5883, 5.9523], [-73.5695, 5.9572], [-73.5499, 5.9507], [-73.5221, 5.9712], [-73.5046, 5.9775], [-73.486, 6.0017]]]}}, {"type": "Feature", "properties": {"osm_type": "relation", "osm_id": 436094820, "name": "San Luis De Gaceno", "admin_level": "6", "kind": "subdivision_2", "parent_osm_id": 1390144, "parent_name": "Boyacá", "parent_iso": "CO-BOY"}, "geometry": {"type": "Polygon", "coordinates": [[[-73.0289, 4.9921], [-73.0422, 4.9883], [-73.0566, 4.9975], [-73.0808, 4.9715], [-73.1123, 4.9549], [-73.1219, 4.9399], [-73.1359, 4.9304], [-73.1424, 4.9158], [-73.1593, 4.9099], [-73.1746, 4.8961], [-73.1848, 4.8717], [-73.2284, 4.8507], [-73.2094, 4.8338], [-73.205, 4.8177], [-73.1992, 4.815], [-73.2055, 4.8142], [-73.2113, 4.801], [-73.231, 4.7959], [-73.2405, 4.7839], [-73.2305, 4.7779], [-73.2009, 4.7776], [-73.1858, 4.7549], [-73.1803, 4.7534], [-73.1823, 4.7413], [-73.1702, 4.7353], [-73.1764, 4.7235], [-73.2008, 4.7016], [-73.2089, 4.6855], [-73.2079, 4.6806], [-73.1935, 4.6721], [-73.1604, 4.6628], [-73.149, 4.6552], [-73.1217, 4.6716], [-73.1127, 4.6612], [-73.1057, 4.6598], [-73.0914, 4.6762], [-73.0908, 4.6915], [-73.0721, 4.7187], [-73.0787, 4.7258], [-73.0718, 4.7392], [-73.0665, 4.7399], [-73.0621, 4.7318], [-73.0526, 4.7363], [-73.0461, 4.7463], [-73.0457, 4.758], [-73.0777, 4.8107], [-73.0616, 4.8551], [-73.0518, 4.861], [-73.0521, 4.8699], [-73.0415, 4.8783], [-73.0491, 4.9223], [-73.0391, 4.9387], [-73.0355, 4.9631], [-73.0294, 4.9699], [-73.0289, 4.9921]]]}}, {"type": "Feature", "properties": {"osm_type": "relation", "osm_id": 266904331, "name": "San Mateo", "admin_level": "6", "kind": "subdivision_2", "parent_osm_id": 1390144, "parent_name": "Boyacá", "parent_iso": "CO-BOY"}, "geometry": {"type": "Polygon", "coordinates": [[[-72.4855, 6.3908], [-72.4967, 6.4027], [-72.5037, 6.3981], [-72.531, 6.4199], [-72.5479, 6.4256], [-72.5565, 6.4449], [-72.5483, 6.4871], [-72.5607, 6.4866], [-72.583, 6.4764], [-72.6015, 6.459], [-72.6053, 6.4491], [-72.6234, 6.4407], [-72.6258, 6.4231], [-72.6224, 6.4139], [-72.6091, 6.4087], [-72.6026, 6.4108], [-72.5949, 6.3948], [-72.5971, 6.3793], [-72.588, 6.3607], [-72.5758, 6.3506], [-72.5666, 6.3493], [-72.5649, 6.3437], [-72.5589, 6.3507], [-72.5402, 6.3531], [-72.5177, 6.3492], [-72.5103, 6.3574], [-72.5087, 6.3699], [-72.5018, 6.3673], [-72.4779, 6.3741], [-72.4855, 6.3908]]]}}, {"type": "Feature", "properties": {"osm_type": "relation", "osm_id": 752613592, "name": "San Miguel De Sema", "admin_level": "6", "kind": "subdivision_2", "parent_osm_id": 1390144, "parent_name": "Boyacá", "parent_iso": "CO-BOY"}, "geometry": {"type": "Polygon", "coordinates": [[[-73.6928, 5.5252], [-73.7043, 5.5273], [-73.7076, 5.5354], [-73.72, 5.5374], [-73.7219, 5.553], [-73.7131, 5.5778], [-73.7161, 5.5902], [-73.7233, 5.5711], [-73.7248, 5.5805], [-73.7505, 5.5756], [-73.7687, 5.5926], [-73.7797, 5.5951], [-73.787, 5.5744], [-73.7917, 5.5323], [-73.7822, 5.4991], [-73.7688, 5.4866], [-73.7591, 5.4848], [-73.7471, 5.4896], [-73.7435, 5.471], [-73.7382, 5.473], [-73.7322, 5.4827], [-73.7286, 5.4798], [-73.7258, 5.4862], [-73.7098, 5.4913], [-73.6965, 5.5034], [-73.6862, 5.5169], [-73.6928, 5.5252]]]}}, {"type": "Feature", "properties": {"osm_type": "relation", "osm_id": 320513758, "name": "San Pablo De Borbur", "admin_level": "6", "kind": "subdivision_2", "parent_osm_id": 1390144, "parent_name": "Boyacá", "parent_iso": "CO-BOY"}, "geometry": {"type": "Polygon", "coordinates": [[[-74.0607, 5.6492], [-74.047, 5.6737], [-74.0508, 5.6832], [-74.0397, 5.6908], [-74.0419, 5.7142], [-74.0854, 5.7402], [-74.0926, 5.7597], [-74.1138, 5.7514], [-74.1166, 5.7552], [-74.1234, 5.7487], [-74.1391, 5.7523], [-74.1558, 5.7434], [-74.1615, 5.7264], [-74.1723, 5.718], [-74.1689, 5.7163], [-74.1736, 5.7081], [-74.1727, 5.6547], [-74.1845, 5.64], [-74.1695, 5.6416], [-74.1691, 5.6364], [-74.1644, 5.6369], [-74.1654, 5.6179], [-74.1589, 5.5961], [-74.1333, 5.5959], [-74.1184, 5.6094], [-74.0902, 5.6001], [-74.0841, 5.6136], [-74.065, 5.6345], [-74.0607, 5.6492]]]}}, {"type": "Feature", "properties": {"osm_type": "relation", "osm_id": 827631313, "name": "Santana", "admin_level": "6", "kind": "subdivision_2", "parent_osm_id": 1390144, "parent_name": "Boyacá", "parent_iso": "CO-BOY"}, "geometry": {"type": "Polygon", "coordinates": [[[-73.454, 6.0791], [-73.4715, 6.0951], [-73.4974, 6.108], [-73.5152, 6.0991], [-73.5139, 6.0873], [-73.5266, 6.0769], [-73.5244, 6.0594], [-73.5319, 6.0492], [-73.5296, 6.0419], [-73.5202, 6.0287], [-73.508, 6.026], [-73.4906, 6.0018], [-73.486, 6.0017], [-73.4503, 6.0476], [-73.4472, 6.0648], [-73.454, 6.0791]]]}}, {"type": "Feature", "properties": {"osm_type": "relation", "osm_id": 451950618, "name": "Santa María", "admin_level": "6", "kind": "subdivision_2", "parent_osm_id": 1390144, "parent_name": "Boyacá", "parent_iso": "CO-BOY"}, "geometry": {"type": "Polygon", "coordinates": [[[-73.341, 4.7913], [-73.313, 4.7696], [-73.3057, 4.7466], [-73.3098, 4.7364], [-73.303, 4.7289], [-73.2832, 4.7223], [-73.2685, 4.7407], [-73.2626, 4.7367], [-73.2553, 4.739], [-73.2547, 4.7338], [-73.2363, 4.7367], [-73.223, 4.7333], [-73.2197, 4.7249], [-73.2282, 4.715], [-73.2347, 4.6952], [-73.2206, 4.6767], [-73.2079, 4.6806], [-73.2008, 4.7016], [-73.1703, 4.7318], [-73.1823, 4.7413], [-73.1803, 4.7534], [-73.1858, 4.7549], [-73.2009, 4.7776], [-73.2305, 4.7779], [-73.2405, 4.7839], [-73.231, 4.7959], [-73.2113, 4.801], [-73.2055, 4.8142], [-73.1992, 4.815], [-73.205, 4.8177], [-73.2094, 4.8338], [-73.2284, 4.8507], [-73.1848, 4.8717], [-73.1746, 4.8961], [-73.1974, 4.913], [-73.2131, 4.9057], [-73.2199, 4.9189], [-73.2106, 4.9313], [-73.2108, 4.9476], [-73.2174, 4.9526], [-73.2229, 4.973], [-73.2325, 4.9582], [-73.2618, 4.9313], [-73.2812, 4.9281], [-73.299, 4.903], [-73.2981, 4.8802], [-73.3282, 4.8472], [-73.3369, 4.8312], [-73.3397, 4.8223], [-73.3298, 4.8077], [-73.341, 4.7913]]]}}, {"type": "Feature", "properties": {"osm_type": "relation", "osm_id": 719739698, "name": "Santa Rosa De Viterbo", "admin_level": "6", "kind": "subdivision_2", "parent_osm_id": 1390144, "parent_name": "Boyacá", "parent_iso": "CO-BOY"}, "geometry": {"type": "Polygon", "coordinates": [[[-72.9922, 5.8052], [-72.9863, 5.7865], [-72.9789, 5.7884], [-72.9824, 5.8006], [-72.9532, 5.8081], [-72.9432, 5.8066], [-72.9485, 5.8278], [-72.9713, 5.8487], [-72.9758, 5.8585], [-72.9499, 5.892], [-72.9484, 5.9045], [-72.9402, 5.9118], [-72.9312, 5.9114], [-72.9277, 5.9244], [-72.9345, 5.923], [-72.94, 5.9291], [-72.9821, 5.9283], [-73.0019, 5.9391], [-73.0046, 5.945], [-73.0012, 5.9511], [-73.018, 5.9704], [-73.0217, 5.992], [-73.0281, 5.9966], [-73.0312, 6.0212], [-73.0347, 6.0088], [-73.0412, 6.0033], [-73.0409, 5.9911], [-73.0487, 5.9735], [-73.0355, 5.9599], [-73.0348, 5.9426], [-73.0215, 5.9281], [-73.0267, 5.9127], [-73.0081, 5.8675], [-73.0144, 5.8482], [-73.013, 5.8294], [-73.0096, 5.8242], [-73.0001, 5.8317], [-72.9972, 5.829], [-72.9922, 5.8052]]]}}, {"type": "Feature", "properties": {"osm_type": "relation", "osm_id": 849430124, "name": "Santa Sofía", "admin_level": "6", "kind": "subdivision_2", "parent_osm_id": 1390144, "parent_name": "Boyacá", "parent_iso": "CO-BOY"}, "geometry": {"type": "Polygon", "coordinates": [[[-73.5824, 5.7901], [-73.593, 5.7957], [-73.6262, 5.7786], [-73.63, 5.7444], [-73.644, 5.7152], [-73.6518, 5.7124], [-73.6532, 5.7025], [-73.6363, 5.6984], [-73.6325, 5.6934], [-73.6224, 5.6944], [-73.615, 5.6851], [-73.5778, 5.6752], [-73.5763, 5.6922], [-73.5647, 5.7104], [-73.5681, 5.7245], [-73.5737, 5.7258], [-73.5719, 5.7408], [-73.5812, 5.7486], [-73.582, 5.7717], [-73.5782, 5.7772], [-73.5759, 5.7736], [-73.5672, 5.7753], [-73.5828, 5.7856], [-73.5824, 5.7901]]]}}, {"type": "Feature", "properties": {"osm_type": "relation", "osm_id": 922837645, "name": "Sativanorte", "admin_level": "6", "kind": "subdivision_2", "parent_osm_id": 1390144, "parent_name": "Boyacá", "parent_iso": "CO-BOY"}, "geometry": {"type": "Polygon", "coordinates": [[[-72.6354, 6.1806], [-72.6807, 6.183], [-72.6894, 6.1775], [-72.6938, 6.1676], [-72.7167, 6.1565], [-72.7385, 6.1579], [-72.7488, 6.1515], [-72.7602, 6.1544], [-72.7681, 6.1499], [-72.7685, 6.1652], [-72.7615, 6.1737], [-72.7827, 6.1802], [-72.8026, 6.1732], [-72.8094, 6.1598], [-72.8254, 6.1581], [-72.8293, 6.1413], [-72.8375, 6.1306], [-72.8232, 6.1176], [-72.8271, 6.1145], [-72.8217, 6.1084], [-72.8093, 6.1071], [-72.8104, 6.0952], [-72.802, 6.0903], [-72.7937, 6.1029], [-72.7807, 6.1051], [-72.77, 6.1028], [-72.7628, 6.1074], [-72.7468, 6.0977], [-72.7122, 6.1019], [-72.7025, 6.0973], [-72.7015, 6.0882], [-72.6975, 6.087], [-72.7015, 6.0758], [-72.6889, 6.0759], [-72.6734, 6.0688], [-72.6706, 6.0768], [-72.6544, 6.0826], [-72.6562, 6.1165], [-72.644, 6.167], [-72.6354, 6.1806]]]}}, {"type": "Feature", "properties": {"osm_type": "relation", "osm_id": 790472054, "name": "Sativasur", "admin_level": "6", "kind": "subdivision_2", "parent_osm_id": 1390144, "parent_name": "Boyacá", "parent_iso": "CO-BOY"}, "geometry": {"type": "Polygon", "coordinates": [[[-72.7016, 6.0183], [-72.6815, 6.0392], [-72.6786, 6.0486], [-72.6602, 6.0562], [-72.6544, 6.0826], [-72.6706, 6.0768], [-72.6772, 6.0687], [-72.6889, 6.0759], [-72.7015, 6.0758], [-72.6975, 6.087], [-72.7015, 6.0882], [-72.7025, 6.0973], [-72.7122, 6.1019], [-72.7468, 6.0977], [-72.7628, 6.1074], [-72.77, 6.1028], [-72.7937, 6.1029], [-72.7769, 6.0845], [-72.757, 6.0818], [-72.7191, 6.0656], [-72.715, 6.058], [-72.7197, 6.0277], [-72.7016, 6.0183]]]}}, {"type": "Feature", "properties": {"osm_type": "relation", "osm_id": 928120514, "name": "Siachoque", "admin_level": "6", "kind": "subdivision_2", "parent_osm_id": 1390144, "parent_name": "Boyacá", "parent_iso": "CO-BOY"}, "geometry": {"type": "Polygon", "coordinates": [[[-73.2848, 5.5242], [-73.2784, 5.5071], [-73.2877, 5.4969], [-73.2859, 5.4854], [-73.2759, 5.4838], [-73.2759, 5.4745], [-73.2669, 5.4746], [-73.2617, 5.4613], [-73.247, 5.4553], [-73.2329, 5.4559], [-73.2157, 5.4402], [-73.2041, 5.4568], [-73.1742, 5.4678], [-73.1639, 5.4794], [-73.1449, 5.4798], [-73.1405, 5.4998], [-73.135, 5.5056], [-73.1772, 5.5259], [-73.21, 5.5495], [-73.2159, 5.5454], [-73.228, 5.5539], [-73.2378, 5.5339], [-73.245, 5.5323], [-73.2556, 5.5401], [-73.2653, 5.5313], [-73.272, 5.532], [-73.2772, 5.5239], [-73.2848, 5.5242]]]}}, {"type": "Feature", "properties": {"osm_type": "relation", "osm_id": 891598359, "name": "Soatá", "admin_level": "6", "kind": "subdivision_2", "parent_osm_id": 1390144, "parent_name": "Boyacá", "parent_iso": "CO-BOY"}, "geometry": {"type": "Polygon", "coordinates": [[[-72.655, 6.3779], [-72.6747, 6.3777], [-72.6846, 6.386], [-72.7084, 6.3801], [-72.7142, 6.3836], [-72.7189, 6.3736], [-72.7313, 6.3667], [-72.7314, 6.3569], [-72.7484, 6.3476], [-72.7496, 6.3244], [-72.7576, 6.317], [-72.7546, 6.2796], [-72.7459, 6.2749], [-72.7332, 6.2956], [-72.7227, 6.2975], [-72.7197, 6.2901], [-72.6959, 6.2764], [-72.6875, 6.2576], [-72.6753, 6.2588], [-72.662, 6.274], [-72.6595, 6.2616], [-72.6506, 6.2681], [-72.6412, 6.2791], [-72.6469, 6.292], [-72.6447, 6.3139], [-72.6572, 6.359], [-72.655, 6.3779]]]}}, {"type": "Feature", "properties": {"osm_type": "relation", "osm_id": 173127102, "name": "Socotá", "admin_level": "6", "kind": "subdivision_2", "parent_osm_id": 1390144, "parent_name": "Boyacá", "parent_iso": "CO-BOY"}, "geometry": {"type": "Polygon", "coordinates": [[[-72.5423, 6.0698], [-72.5517, 6.0846], [-72.5566, 6.0829], [-72.5607, 6.0885], [-72.5657, 6.1189], [-72.6162, 6.1024], [-72.6275, 6.1105], [-72.6371, 6.1078], [-72.6394, 6.1122], [-72.6562, 6.1165], [-72.6533, 6.076], [-72.657, 6.0631], [-72.6481, 6.0566], [-72.6412, 6.0354], [-72.6525, 6.0179], [-72.657, 5.9976], [-72.6541, 5.992], [-72.6477, 5.9949], [-72.6346, 5.983], [-72.6326, 5.9739], [-72.6396, 5.9638], [-72.6433, 5.9297], [-72.6524, 5.9148], [-72.6507, 5.9069], [-72.6425, 5.9066], [-72.6222, 5.9144], [-72.6163, 5.9046], [-72.6301, 5.8596], [-72.6271, 5.8491], [-72.6317, 5.8291], [-72.6236, 5.8167], [-72.6239, 5.7843], [-72.6295, 5.7645], [-72.6212, 5.7737], [-72.6111, 5.7716], [-72.6045, 5.7758], [-72.5836, 5.7711], [-72.5657, 5.7758], [-72.5493, 5.7882], [-72.5407, 5.7848], [-72.5122, 5.7915], [-72.4875, 5.8169], [-72.4774, 5.8399], [-72.4618, 5.847], [-72.4613, 5.8596], [-72.4509, 5.8784], [-72.4155, 5.904], [-72.4266, 5.9276], [-72.4477, 5.9447], [-72.4501, 5.9578], [-72.4727, 5.9653], [-72.4983, 5.996], [-72.507, 5.996], [-72.5106, 6.0053], [-72.5275, 6.0095], [-72.5391, 6.0325], [-72.5306, 6.052], [-72.5389, 6.0592], [-72.5423, 6.0698]]]}}, {"type": "Feature", "properties": {"osm_type": "relation", "osm_id": 375826212, "name": "Socha", "admin_level": "6", "kind": "subdivision_2", "parent_osm_id": 1390144, "parent_name": "Boyacá", "parent_iso": "CO-BOY"}, "geometry": {"type": "Polygon", "coordinates": [[[-72.7431, 5.9879], [-72.7336, 5.9514], [-72.7126, 5.9417], [-72.7266, 5.9296], [-72.7119, 5.907], [-72.7102, 5.891], [-72.7039, 5.888], [-72.6951, 5.871], [-72.6845, 5.8662], [-72.6744, 5.8678], [-72.6532, 5.8828], [-72.6527, 5.8901], [-72.657, 5.8925], [-72.6507, 5.9069], [-72.6524, 5.9148], [-72.6433, 5.9297], [-72.6396, 5.9638], [-72.6326, 5.9739], [-72.6346, 5.983], [-72.6477, 5.9949], [-72.6541, 5.992], [-72.657, 5.9976], [-72.6525, 6.0179], [-72.6412, 6.0354], [-72.6481, 6.0566], [-72.657, 6.0631], [-72.6602, 6.0562], [-72.6786, 6.0486], [-72.6815, 6.0392], [-72.6977, 6.0254], [-72.7045, 6.0087], [-72.7168, 5.9974], [-72.7431, 5.9879]]]}}, {"type": "Feature", "properties": {"osm_type": "relation", "osm_id": 221577486, "name": "Sogamoso", "admin_level": "6", "kind": "subdivision_2", "parent_osm_id": 1390144, "parent_name": "Boyacá", "parent_iso": "CO-BOY"}, "geometry": {"type": "Polygon", "coordinates": [[[-72.8955, 5.6137], [-72.8605, 5.6], [-72.8474, 5.6002], [-72.8109, 5.5836], [-72.7887, 5.628], [-72.7708, 5.6436], [-72.7912, 5.6593], [-72.8137, 5.6444], [-72.8248, 5.646], [-72.8243, 5.6539], [-72.8336, 5.6539], [-72.8521, 5.6744], [-72.8535, 5.6855], [-72.8602, 5.6809], [-72.8708, 5.6892], [-72.8754, 5.7057], [-72.8712, 5.7217], [-72.8785, 5.7262], [-72.8711, 5.742], [-72.8759, 5.7475], [-72.8774, 5.7644], [-72.8834, 5.7677], [-72.8955, 5.7582], [-72.8997, 5.7618], [-72.9118, 5.7575], [-72.9282, 5.7593], [-72.9454, 5.7477], [-72.9439, 5.7241], [-72.9711, 5.6647], [-72.9564, 5.6359], [-72.9405, 5.6272], [-72.9285, 5.6306], [-72.923, 5.6202], [-72.8955, 5.6137]]]}}, {"type": "Feature", "properties": {"osm_type": "relation", "osm_id": 329415116, "name": "Somondoco", "admin_level": "6", "kind": "subdivision_2", "parent_osm_id": 1390144, "parent_name": "Boyacá", "parent_iso": "CO-BOY"}, "geometry": {"type": "Polygon", "coordinates": [[[-73.3886, 5.0153], [-73.4001, 5.007], [-73.4303, 5.0081], [-73.4392, 4.9978], [-73.4699, 4.9804], [-73.4717, 4.9696], [-73.4619, 4.9563], [-73.4669, 4.9442], [-73.4508, 4.9346], [-73.4503, 4.9092], [-73.4392, 4.9072], [-73.4381, 4.919], [-73.4227, 4.9451], [-73.4018, 4.9617], [-73.3775, 5.0086], [-73.3769, 5.0159], [-73.3886, 5.0153]]]}}, {"type": "Feature", "properties": {"osm_type": "relation", "osm_id": 690286694, "name": "Sora", "admin_level": "6", "kind": "subdivision_2", "parent_osm_id": 1390144, "parent_name": "Boyacá", "parent_iso": "CO-BOY"}, "geometry": {"type": "Polygon", "coordinates": [[[-73.4225, 5.5607], [-73.4142, 5.5645], [-73.3954, 5.5867], [-73.4062, 5.6118], [-73.416, 5.6197], [-73.4401, 5.6099], [-73.4433, 5.6005], [-73.4524, 5.5936], [-73.4724, 5.5896], [-73.4856, 5.5798], [-73.4989, 5.5595], [-73.4907, 5.549], [-73.4815, 5.5484], [-73.4418, 5.5567], [-73.4288, 5.5652], [-73.4225, 5.5607]]]}}, {"type": "Feature", "properties": {"osm_type": "relation", "osm_id": 144343823, "name": "Sotaquirá", "admin_level": "6", "kind": "subdivision_2", "parent_osm_id": 1390144, "parent_name": "Boyacá", "parent_iso": "CO-BOY"}, "geometry": {"type": "Polygon", "coordinates": [[[-73.2641, 5.7038], [-73.2311, 5.7141], [-73.2249, 5.7221], [-73.2212, 5.7203], [-73.2207, 5.7285], [-73.1995, 5.7416], [-73.2, 5.7339], [-73.1806, 5.7163], [-73.1806, 5.7252], [-73.1558, 5.7274], [-73.1546, 5.7362], [-73.1685, 5.7449], [-73.1743, 5.7599], [-73.1707, 5.7884], [-73.1374, 5.8211], [-73.13, 5.8548], [-73.1591, 5.8522], [-73.1636, 5.8478], [-73.184, 5.8504], [-73.205, 5.8266], [-73.229, 5.8249], [-73.2469, 5.816], [-73.2653, 5.8349], [-73.2639, 5.8453], [-73.2705, 5.8535], [-73.2835, 5.8602], [-73.2838, 5.854], [-73.2901, 5.8504], [-73.3126, 5.8562], [-73.3292, 5.8515], [-73.3515, 5.8726], [-73.3457, 5.8422], [-73.3534, 5.8314], [-73.3511, 5.8231], [-73.3562, 5.8183], [-73.357, 5.8062], [-73.3487, 5.7936], [-73.3434, 5.7682], [-73.3345, 5.7674], [-73.3357, 5.76], [-73.3095, 5.718], [-73.293, 5.7031], [-73.2942, 5.6966], [-73.2729, 5.709], [-73.2641, 5.7038]]]}}, {"type": "Feature", "properties": {"osm_type": "relation", "osm_id": 713201088, "name": "Soracá", "admin_level": "6", "kind": "subdivision_2", "parent_osm_id": 1390144, "parent_name": "Boyacá", "parent_iso": "CO-BOY"}, "geometry": {"type": "Polygon", "coordinates": [[[-73.3081, 5.5432], [-73.3196, 5.5434], [-73.3237, 5.526], [-73.3403, 5.5266], [-73.3576, 5.4982], [-73.3485, 5.4924], [-73.3612, 5.4741], [-73.3509, 5.4758], [-73.3385, 5.4684], [-73.3426, 5.4485], [-73.332, 5.4403], [-73.3202, 5.45], [-73.3152, 5.4433], [-73.31, 5.4658], [-73.2857, 5.4839], [-73.2877, 5.4969], [-73.2784, 5.5071], [-73.2848, 5.5242], [-73.2954, 5.5251], [-73.2979, 5.5347], [-73.3081, 5.5432]]]}}, {"type": "Feature", "properties": {"osm_type": "relation", "osm_id": 688989340, "name": "Susacón", "admin_level": "6", "kind": "subdivision_2", "parent_osm_id": 1390144, "parent_name": "Boyacá", "parent_iso": "CO-BOY"}, "geometry": {"type": "Polygon", "coordinates": [[[-72.6331, 6.2045], [-72.6425, 6.2479], [-72.6412, 6.2791], [-72.6595, 6.2616], [-72.662, 6.274], [-72.6753, 6.2588], [-72.6875, 6.2576], [-72.6959, 6.2764], [-72.7277, 6.2976], [-72.7401, 6.2882], [-72.7459, 6.2749], [-72.7438, 6.2593], [-72.7499, 6.2515], [-72.7447, 6.2292], [-72.755, 6.2188], [-72.7677, 6.2199], [-72.775, 6.2105], [-72.7934, 6.2189], [-72.8037, 6.216], [-72.8113, 6.1919], [-72.8247, 6.17], [-72.8254, 6.1581], [-72.8094, 6.1598], [-72.8026, 6.1732], [-72.7827, 6.1802], [-72.7615, 6.1737], [-72.7685, 6.1652], [-72.7681, 6.1499], [-72.7602, 6.1544], [-72.7488, 6.1515], [-72.7385, 6.1579], [-72.7167, 6.1565], [-72.6938, 6.1676], [-72.6894, 6.1775], [-72.6807, 6.183], [-72.6354, 6.1806], [-72.6331, 6.2045]]]}}, {"type": "Feature", "properties": {"osm_type": "relation", "osm_id": 120517299, "name": "Sutamarchàn", "admin_level": "6", "kind": "subdivision_2", "parent_osm_id": 1390144, "parent_name": "Boyacá", "parent_iso": "CO-BOY"}, "geometry": {"type": "Polygon", "coordinates": [[[-73.5778, 5.6752], [-73.615, 5.6851], [-73.6224, 5.6944], [-73.6325, 5.6934], [-73.6363, 5.6984], [-73.6532, 5.7025], [-73.6696, 5.6758], [-73.6808, 5.6366], [-73.6717, 5.6195], [-73.6739, 5.6153], [-73.6558, 5.6089], [-73.6433, 5.6176], [-73.6325, 5.6142], [-73.6252, 5.6031], [-73.6294, 5.5833], [-73.6246, 5.5698], [-73.608, 5.5752], [-73.5964, 5.5867], [-73.5803, 5.5899], [-73.5768, 5.6025], [-73.5803, 5.6253], [-73.5897, 5.6326], [-73.5911, 5.6488], [-73.5778, 5.6752]]]}}, {"type": "Feature", "properties": {"osm_type": "relation", "osm_id": 186262498, "name": "Sutatenza", "admin_level": "6", "kind": "subdivision_2", "parent_osm_id": 1390144, "parent_name": "Boyacá", "parent_iso": "CO-BOY"}, "geometry": {"type": "Polygon", "coordinates": [[[-73.3938, 5.048], [-73.4057, 5.0468], [-73.419, 5.0563], [-73.4277, 5.038], [-73.436, 5.037], [-73.4484, 5.0399], [-73.4554, 5.0495], [-73.4736, 5.0515], [-73.4832, 5.0358], [-73.4669, 5.0229], [-73.4603, 5.0007], [-73.4557, 5.0034], [-73.4445, 4.9944], [-73.4264, 5.0096], [-73.4001, 5.007], [-73.3886, 5.0153], [-73.3938, 5.048]]]}}, {"type": "Feature", "properties": {"osm_type": "relation", "osm_id": 651049269, "name": "Tasco", "admin_level": "6", "kind": "subdivision_2", "parent_osm_id": 1390144, "parent_name": "Boyacá", "parent_iso": "CO-BOY"}, "geometry": {"type": "Polygon", "coordinates": [[[-72.7981, 5.8539], [-72.7858, 5.8449], [-72.7753, 5.8477], [-72.7529, 5.8258], [-72.7492, 5.8151], [-72.7016, 5.8358], [-72.6868, 5.8321], [-72.6879, 5.8167], [-72.6645, 5.8085], [-72.6393, 5.8166], [-72.6317, 5.8291], [-72.6271, 5.8491], [-72.6301, 5.8596], [-72.6163, 5.9046], [-72.6222, 5.9144], [-72.6272, 5.91], [-72.6507, 5.9069], [-72.657, 5.8925], [-72.6527, 5.8901], [-72.6532, 5.8828], [-72.6744, 5.8678], [-72.6845, 5.8662], [-72.6951, 5.871], [-72.7039, 5.888], [-72.7102, 5.891], [-72.7119, 5.907], [-72.7266, 5.9296], [-72.7126, 5.9417], [-72.7336, 5.9514], [-72.7446, 5.9876], [-72.7828, 5.9534], [-72.7927, 5.9314], [-72.8019, 5.9295], [-72.7961, 5.9198], [-72.7976, 5.9069], [-72.8266, 5.879], [-72.8056, 5.8544], [-72.7981, 5.8539]]]}}, {"type": "Feature", "properties": {"osm_type": "relation", "osm_id": 622022144, "name": "Tenza", "admin_level": "6", "kind": "subdivision_2", "parent_osm_id": 1390144, "parent_name": "Boyacá", "parent_iso": "CO-BOY"}, "geometry": {"type": "Polygon", "coordinates": [[[-73.3839, 5.0848], [-73.3978, 5.1019], [-73.4184, 5.1132], [-73.4197, 5.1219], [-73.4329, 5.0873], [-73.4398, 5.0862], [-73.4534, 5.0714], [-73.4796, 5.0616], [-73.4736, 5.0515], [-73.4554, 5.0495], [-73.4484, 5.0399], [-73.4277, 5.038], [-73.419, 5.0563], [-73.4057, 5.0468], [-73.3938, 5.048], [-73.3839, 5.0848]]]}}, {"type": "Feature", "properties": {"osm_type": "relation", "osm_id": 130844231, "name": "Tibana", "admin_level": "6", "kind": "subdivision_2", "parent_osm_id": 1390144, "parent_name": "Boyacá", "parent_iso": "CO-BOY"}, "geometry": {"type": "Polygon", "coordinates": [[[-73.4185, 5.3715], [-73.4187, 5.3554], [-73.4401, 5.3302], [-73.4483, 5.3268], [-73.4479, 5.3189], [-73.4546, 5.31], [-73.4519, 5.3036], [-73.4417, 5.2989], [-73.4294, 5.3005], [-73.4479, 5.2787], [-73.4494, 5.2467], [-73.4438, 5.2437], [-73.4326, 5.2509], [-73.4079, 5.2551], [-73.4013, 5.2427], [-73.379, 5.2622], [-73.3642, 5.2659], [-73.3581, 5.2774], [-73.3474, 5.2825], [-73.3371, 5.2783], [-73.3296, 5.2617], [-73.309, 5.2719], [-73.3082, 5.2773], [-73.3263, 5.2934], [-73.3319, 5.308], [-73.3293, 5.3108], [-73.3468, 5.3174], [-73.3566, 5.3326], [-73.376, 5.3397], [-73.3743, 5.3463], [-73.3836, 5.3581], [-73.4007, 5.3583], [-73.4076, 5.3713], [-73.4185, 5.3715]]]}}, {"type": "Feature", "properties": {"osm_type": "relation", "osm_id": 961456049, "name": "Tinjacá", "admin_level": "6", "kind": "subdivision_2", "parent_osm_id": 1390144, "parent_name": "Boyacá", "parent_iso": "CO-BOY"}, "geometry": {"type": "Polygon", "coordinates": [[[-73.6246, 5.5698], [-73.6294, 5.5833], [-73.6252, 5.6031], [-73.6325, 5.6142], [-73.6433, 5.6176], [-73.6558, 5.6089], [-73.6703, 5.6113], [-73.6808, 5.6366], [-73.7055, 5.6055], [-73.7191, 5.596], [-73.7129, 5.5852], [-73.7219, 5.553], [-73.72, 5.5374], [-73.7076, 5.5354], [-73.7043, 5.5273], [-73.6928, 5.5252], [-73.6783, 5.5456], [-73.6646, 5.5384], [-73.6549, 5.5502], [-73.6453, 5.5518], [-73.6246, 5.5698]]]}}, {"type": "Feature", "properties": {"osm_type": "relation", "osm_id": 826713620, "name": "Tipacoque", "admin_level": "6", "kind": "subdivision_2", "parent_osm_id": 1390144, "parent_name": "Boyacá", "parent_iso": "CO-BOY"}, "geometry": {"type": "Polygon", "coordinates": [[[-72.738, 6.4403], [-72.7335, 6.4356], [-72.7329, 6.3853], [-72.7258, 6.3716], [-72.7189, 6.3736], [-72.7142, 6.3836], [-72.7084, 6.3801], [-72.7011, 6.3848], [-72.6846, 6.386], [-72.6747, 6.3777], [-72.655, 6.3779], [-72.6563, 6.4062], [-72.6658, 6.4326], [-72.6606, 6.4432], [-72.6795, 6.4828], [-72.6966, 6.4696], [-72.7167, 6.4423], [-72.738, 6.4403]]]}}, {"type": "Feature", "properties": {"osm_type": "relation", "osm_id": 624946429, "name": "Toca", "admin_level": "6", "kind": "subdivision_2", "parent_osm_id": 1390144, "parent_name": "Boyacá", "parent_iso": "CO-BOY"}, "geometry": {"type": "Polygon", "coordinates": [[[-73.228, 5.5539], [-73.2159, 5.5454], [-73.21, 5.5495], [-73.1772, 5.5259], [-73.135, 5.5056], [-73.1159, 5.5247], [-73.0794, 5.6181], [-73.1041, 5.6278], [-73.1167, 5.6256], [-73.13, 5.6337], [-73.1479, 5.6256], [-73.1589, 5.6282], [-73.1655, 5.6241], [-73.1893, 5.6518], [-73.1915, 5.6444], [-73.2118, 5.6303], [-73.2486, 5.5697], [-73.231, 5.5637], [-73.228, 5.5539]]]}}, {"type": "Feature", "properties": {"osm_type": "relation", "osm_id": 655292644, "name": "Togüí", "admin_level": "6", "kind": "subdivision_2", "parent_osm_id": 1390144, "parent_name": "Boyacá", "parent_iso": "CO-BOY"}, "geometry": {"type": "Polygon", "coordinates": [[[-73.496, 5.9869], [-73.5134, 5.9716], [-73.5221, 5.9712], [-73.5498, 5.9525], [-73.5279, 5.9409], [-73.5284, 5.9238], [-73.5429, 5.9145], [-73.5245, 5.8934], [-73.5065, 5.8913], [-73.504, 5.8757], [-73.4906, 5.871], [-73.4637, 5.8484], [-73.4512, 5.8667], [-73.4489, 5.8798], [-73.4569, 5.8904], [-73.4445, 5.902], [-73.4335, 5.9], [-73.4609, 5.9325], [-73.4534, 5.9479], [-73.4638, 5.9601], [-73.4659, 5.9703], [-73.496, 5.9869]]]}}, {"type": "Feature", "properties": {"osm_type": "relation", "osm_id": 357192751, "name": "Tópaga", "admin_level": "6", "kind": "subdivision_2", "parent_osm_id": 1390144, "parent_name": "Boyacá", "parent_iso": "CO-BOY"}, "geometry": {"type": "Polygon", "coordinates": [[[-72.8751, 5.7705], [-72.8833, 5.7695], [-72.8774, 5.7644], [-72.8759, 5.7475], [-72.8711, 5.742], [-72.8527, 5.7519], [-72.8479, 5.7388], [-72.8253, 5.7367], [-72.8207, 5.7512], [-72.8152, 5.7508], [-72.7963, 5.7724], [-72.806, 5.7867], [-72.8321, 5.7977], [-72.8437, 5.7809], [-72.867, 5.7685], [-72.8751, 5.7705]]]}}, {"type": "Feature", "properties": {"osm_type": "relation", "osm_id": 996232247, "name": "Tota", "admin_level": "6", "kind": "subdivision_2", "parent_osm_id": 1390144, "parent_name": "Boyacá", "parent_iso": "CO-BOY"}, "geometry": {"type": "Polygon", "coordinates": [[[-73.0036, 5.5928], [-73.0127, 5.5901], [-73.0093, 5.577], [-73.0256, 5.5595], [-73.043, 5.527], [-73.0435, 5.5137], [-73.0637, 5.4712], [-73.0605, 5.4659], [-73.0719, 5.4363], [-73.0661, 5.4346], [-73.0614, 5.4232], [-73.0398, 5.432], [-73.055, 5.4047], [-73.0542, 5.3944], [-73.0421, 5.3842], [-73.0512, 5.3783], [-73.0453, 5.3595], [-73.0097, 5.3869], [-73.0086, 5.3935], [-73.0128, 5.3958], [-72.9958, 5.4192], [-72.9866, 5.4419], [-72.9915, 5.4598], [-72.9852, 5.4669], [-72.9688, 5.4704], [-72.9598, 5.4923], [-72.921, 5.5465], [-72.9258, 5.5672], [-72.95, 5.5543], [-72.9765, 5.5709], [-72.985, 5.5829], [-72.9896, 5.5789], [-73.0036, 5.5928]]]}}, {"type": "Feature", "properties": {"osm_type": "relation", "osm_id": 343463070, "name": "Tununguá", "admin_level": "6", "kind": "subdivision_2", "parent_osm_id": 1390144, "parent_name": "Boyacá", "parent_iso": "CO-BOY"}, "geometry": {"type": "Polygon", "coordinates": [[[-73.9457, 5.6937], [-73.9401, 5.6888], [-73.9341, 5.7063], [-73.926, 5.7121], [-73.9135, 5.7127], [-73.9084, 5.7298], [-73.8998, 5.7375], [-73.9188, 5.737], [-73.9252, 5.7431], [-73.9439, 5.7361], [-73.9619, 5.7395], [-73.9745, 5.7299], [-73.9814, 5.7207], [-73.9715, 5.7028], [-73.954, 5.7003], [-73.9457, 5.6937]]]}}, {"type": "Feature", "properties": {"osm_type": "relation", "osm_id": 828657533, "name": "Turmequé", "admin_level": "6", "kind": "subdivision_2", "parent_osm_id": 1390144, "parent_name": "Boyacá", "parent_iso": "CO-BOY"}, "geometry": {"type": "Polygon", "coordinates": [[[-73.4776, 5.3701], [-73.4927, 5.3634], [-73.5129, 5.3396], [-73.5222, 5.3457], [-73.5262, 5.3415], [-73.5397, 5.3412], [-73.5519, 5.3272], [-73.5488, 5.3244], [-73.5532, 5.3122], [-73.5454, 5.2911], [-73.5319, 5.278], [-73.5282, 5.2468], [-73.525, 5.2388], [-73.5148, 5.2327], [-73.5147, 5.2386], [-73.4845, 5.275], [-73.478, 5.2894], [-73.4801, 5.2971], [-73.4686, 5.3174], [-73.4727, 5.3471], [-73.4816, 5.3542], [-73.4776, 5.3701]]]}}, {"type": "Feature", "properties": {"osm_type": "relation", "osm_id": 702397450, "name": "Tuta", "admin_level": "6", "kind": "subdivision_2", "parent_osm_id": 1390144, "parent_name": "Boyacá", "parent_iso": "CO-BOY"}, "geometry": {"type": "Polygon", "coordinates": [[[-73.2131, 5.6264], [-73.1915, 5.6444], [-73.1893, 5.6518], [-73.1655, 5.6241], [-73.1589, 5.6282], [-73.1479, 5.6256], [-73.13, 5.6337], [-73.1167, 5.6256], [-73.1041, 5.6278], [-73.0783, 5.6174], [-73.0761, 5.6285], [-73.0866, 5.6431], [-73.1034, 5.6546], [-73.1097, 5.6754], [-73.128, 5.6978], [-73.1584, 5.7198], [-73.1558, 5.7274], [-73.1806, 5.7252], [-73.1806, 5.7163], [-73.2, 5.7339], [-73.1995, 5.7416], [-73.2207, 5.7285], [-73.2212, 5.7203], [-73.2249, 5.7221], [-73.2311, 5.7141], [-73.2641, 5.7038], [-73.2708, 5.6864], [-73.261, 5.6849], [-73.2673, 5.6645], [-73.256, 5.6566], [-73.257, 5.6403], [-73.2531, 5.634], [-73.245, 5.6275], [-73.243, 5.6311], [-73.2318, 5.6267], [-73.2286, 5.6369], [-73.2293, 5.6261], [-73.2131, 5.6264]]]}}, {"type": "Feature", "properties": {"osm_type": "relation", "osm_id": 291003147, "name": "Tutazá", "admin_level": "6", "kind": "subdivision_2", "parent_osm_id": 1390144, "parent_name": "Boyacá", "parent_iso": "CO-BOY"}, "geometry": {"type": "Polygon", "coordinates": [[[-72.8104, 6.0952], [-72.8093, 6.1071], [-72.8217, 6.1084], [-72.8271, 6.1145], [-72.8232, 6.1176], [-72.8375, 6.1306], [-72.8293, 6.1413], [-72.8285, 6.1529], [-72.8434, 6.1438], [-72.8684, 6.1445], [-72.8725, 6.1251], [-72.895, 6.1239], [-72.9001, 6.1125], [-72.9086, 6.1069], [-72.9151, 6.1081], [-72.9234, 6.0983], [-72.916, 6.076], [-72.8853, 6.0443], [-72.8709, 6.0393], [-72.8705, 6.0232], [-72.8621, 6.013], [-72.8465, 6.0071], [-72.8384, 6.0149], [-72.8241, 6.0103], [-72.8124, 6.0232], [-72.8152, 6.0405], [-72.8102, 6.058], [-72.8142, 6.0817], [-72.8104, 6.0952]]]}}, {"type": "Feature", "properties": {"osm_type": "relation", "osm_id": 622836037, "name": "Umbita", "admin_level": "6", "kind": "subdivision_2", "parent_osm_id": 1390144, "parent_name": "Boyacá", "parent_iso": "CO-BOY"}, "geometry": {"type": "Polygon", "coordinates": [[[-73.4369, 5.1594], [-73.4251, 5.1823], [-73.3924, 5.2168], [-73.4041, 5.2311], [-73.4014, 5.2469], [-73.4054, 5.2549], [-73.4326, 5.2509], [-73.4438, 5.2437], [-73.4494, 5.2467], [-73.4479, 5.2787], [-73.4294, 5.3005], [-73.4417, 5.2989], [-73.4519, 5.3036], [-73.4649, 5.2911], [-73.468, 5.295], [-73.478, 5.2894], [-73.4922, 5.2623], [-73.5147, 5.2386], [-73.5235, 5.2205], [-73.5235, 5.2004], [-73.5224, 5.193], [-73.5083, 5.1852], [-73.5119, 5.1623], [-73.505, 5.1519], [-73.4824, 5.1543], [-73.4772, 5.1481], [-73.4369, 5.1594]]]}}, {"type": "Feature", "properties": {"osm_type": "relation", "osm_id": 949218619, "name": "Ventaquemada", "admin_level": "6", "kind": "subdivision_2", "parent_osm_id": 1390144, "parent_name": "Boyacá", "parent_iso": "CO-BOY"}, "geometry": {"type": "Polygon", "coordinates": [[[-73.4409, 5.4151], [-73.4158, 5.4485], [-73.4211, 5.4464], [-73.4345, 5.4524], [-73.4473, 5.4691], [-73.4575, 5.4479], [-73.4772, 5.427], [-73.4964, 5.4388], [-73.5225, 5.4219], [-73.5305, 5.4246], [-73.5415, 5.4207], [-73.5539, 5.4068], [-73.5757, 5.4069], [-73.5926, 5.3984], [-73.59, 5.3902], [-73.5988, 5.3783], [-73.5993, 5.3694], [-73.5907, 5.344], [-73.5994, 5.3188], [-73.5776, 5.3016], [-73.5672, 5.3047], [-73.5498, 5.2978], [-73.5461, 5.3008], [-73.5532, 5.3122], [-73.5495, 5.3324], [-73.5397, 5.3412], [-73.5262, 5.3415], [-73.5222, 5.3457], [-73.5129, 5.3396], [-73.4927, 5.3634], [-73.4673, 5.3788], [-73.4606, 5.3776], [-73.4533, 5.3867], [-73.4495, 5.3849], [-73.442, 5.3979], [-73.4409, 5.4151]]]}}, {"type": "Feature", "properties": {"osm_type": "relation", "osm_id": 761127740, "name": "Viracachá", "admin_level": "6", "kind": "subdivision_2", "parent_osm_id": 1390144, "parent_name": "Boyacá", "parent_iso": "CO-BOY"}, "geometry": {"type": "Polygon", "coordinates": [[[-73.222, 5.4069], [-73.212, 5.4262], [-73.2134, 5.4339], [-73.22, 5.4463], [-73.2329, 5.4559], [-73.247, 5.4553], [-73.2617, 5.4613], [-73.2669, 5.4746], [-73.2759, 5.4745], [-73.2759, 5.4838], [-73.2831, 5.4878], [-73.31, 5.4658], [-73.3144, 5.45], [-73.306, 5.441], [-73.3186, 5.4262], [-73.3149, 5.4222], [-73.2829, 5.4192], [-73.2574, 5.4069], [-73.222, 5.4069]]]}}, {"type": "Feature", "properties": {"osm_type": "relation", "osm_id": 704676928, "name": "Zetaquirá", "admin_level": "6", "kind": "subdivision_2", "parent_osm_id": 1390144, "parent_name": "Boyacá", "parent_iso": "CO-BOY"}, "geometry": {"type": "Polygon", "coordinates": [[[-73.1482, 5.229], [-73.1165, 5.2705], [-73.0603, 5.3027], [-73.058, 5.3081], [-73.0416, 5.3124], [-73.0465, 5.3214], [-73.0401, 5.3271], [-73.0466, 5.3501], [-73.0431, 5.3602], [-73.0498, 5.3733], [-73.0617, 5.3665], [-73.0787, 5.3675], [-73.1099, 5.3482], [-73.1263, 5.3573], [-73.1417, 5.3424], [-73.1454, 5.3491], [-73.1579, 5.3508], [-73.1768, 5.3391], [-73.1883, 5.3254], [-73.1852, 5.3208], [-73.2014, 5.3161], [-73.2336, 5.2851], [-73.2656, 5.2873], [-73.2596, 5.2915], [-73.2697, 5.3004], [-73.2855, 5.2885], [-73.288, 5.2771], [-73.2777, 5.257], [-73.2798, 5.246], [-73.2472, 5.2296], [-73.2549, 5.2265], [-73.2573, 5.2188], [-73.2757, 5.2139], [-73.2957, 5.1983], [-73.2655, 5.1914], [-73.2576, 5.185], [-73.2402, 5.1892], [-73.2257, 5.2008], [-73.2178, 5.2111], [-73.217, 5.2288], [-73.2073, 5.2359], [-73.167, 5.24], [-73.1482, 5.229]]]}}, {"type": "Feature", "properties": {"osm_type": "relation", "osm_id": 341197012, "name": "Almeida", "admin_level": "6", "kind": "subdivision_2", "parent_osm_id": 1390144, "parent_name": "Boyacá", "parent_iso": "CO-BOY"}, "geometry": {"type": "Polygon", "coordinates": [[[-73.3755, 4.9286], [-73.3687, 4.9396], [-73.3583, 4.9442], [-73.3513, 4.9699], [-73.343, 4.9768], [-73.3523, 4.9849], [-73.3555, 5.0024], [-73.3644, 5.0143], [-73.3769, 5.0159], [-73.4018, 4.9617], [-73.4227, 4.9451], [-73.4331, 4.9294], [-73.4392, 4.9072], [-73.4091, 4.9058], [-73.4013, 4.9191], [-73.3872, 4.9208], [-73.3755, 4.9286]]]}}, {"type": "Feature", "properties": {"osm_type": "relation", "osm_id": 812807429, "name": "Aquitania", "admin_level": "6", "kind": "subdivision_2", "parent_osm_id": 1390144, "parent_name": "Boyacá", "parent_iso": "CO-BOY"}, "geometry": {"type": "Polygon", "coordinates": [[[-72.9258, 5.5672], [-72.9207, 5.5537], [-72.9237, 5.5376], [-72.9556, 5.4986], [-72.9688, 5.4704], [-72.9852, 5.4669], [-72.9915, 5.4598], [-72.9866, 5.4419], [-72.9958, 5.4192], [-73.0128, 5.3958], [-73.0086, 5.3935], [-73.0097, 5.3869], [-73.0344, 5.3706], [-73.0464, 5.3538], [-73.0401, 5.3271], [-73.0465, 5.3214], [-73.041, 5.3094], [-73.028, 5.2999], [-73.0284, 5.2876], [-73.015, 5.2665], [-72.9955, 5.2552], [-72.9954, 5.2446], [-73.0101, 5.2145], [-72.9933, 5.2087], [-72.9823, 5.196], [-72.9508, 5.2134], [-72.945, 5.2103], [-72.9353, 5.2133], [-72.9373, 5.2041], [-72.9233, 5.2153], [-72.9113, 5.2441], [-72.8954, 5.264], [-72.8917, 5.2855], [-72.9007, 5.2953], [-72.8878, 5.3161], [-72.8895, 5.3315], [-72.8784, 5.3499], [-72.8857, 5.3516], [-72.8827, 5.3632], [-72.8664, 5.3526], [-72.8669, 5.3406], [-72.8552, 5.3421], [-72.8418, 5.3636], [-72.8213, 5.3698], [-72.8121, 5.3782], [-72.8139, 5.3851], [-72.7976, 5.3961], [-72.7971, 5.4161], [-72.785, 5.4371], [-72.7499, 5.4674], [-72.7366, 5.4709], [-72.7267, 5.4871], [-72.7075, 5.479], [-72.7087, 5.4572], [-72.704, 5.4452], [-72.6952, 5.4393], [-72.6785, 5.4512], [-72.6668, 5.4416], [-72.6671, 5.4361], [-72.6524, 5.4493], [-72.6668, 5.46], [-72.6827, 5.4907], [-72.6563, 5.5008], [-72.656, 5.5207], [-72.6625, 5.5388], [-72.6689, 5.5365], [-72.6823, 5.5441], [-72.6895, 5.5597], [-72.7189, 5.5577], [-72.745, 5.5647], [-72.7304, 5.5936], [-72.7081, 5.6162], [-72.7133, 5.625], [-72.7424, 5.6093], [-72.7531, 5.6378], [-72.7624, 5.6386], [-72.7638, 5.6451], [-72.7708, 5.6436], [-72.7887, 5.628], [-72.8109, 5.5836], [-72.8474, 5.6002], [-72.8605, 5.6], [-72.8955, 5.6137], [-72.9017, 5.5801], [-72.9258, 5.5672]]]}}, {"type": "Feature", "properties": {"osm_type": "relation", "osm_id": 838420773, "name": "Arcabuco", "admin_level": "6", "kind": "subdivision_2", "parent_osm_id": 1390144, "parent_name": "Boyacá", "parent_iso": "CO-BOY"}, "geometry": {"type": "Polygon", "coordinates": [[[-73.3817, 5.7605], [-73.3905, 5.7511], [-73.4171, 5.7686], [-73.43, 5.7665], [-73.4321, 5.7708], [-73.4271, 5.7764], [-73.432, 5.7825], [-73.4315, 5.793], [-73.4382, 5.7998], [-73.4735, 5.8168], [-73.4716, 5.8216], [-73.4772, 5.8281], [-73.4928, 5.8309], [-73.4915, 5.8389], [-73.5131, 5.847], [-73.5062, 5.8347], [-73.514, 5.8316], [-73.4865, 5.8033], [-73.5001, 5.7864], [-73.4993, 5.7739], [-73.5086, 5.755], [-73.4939, 5.7454], [-73.5073, 5.7248], [-73.5034, 5.7164], [-73.4866, 5.723], [-73.4773, 5.7224], [-73.4755, 5.7168], [-73.4594, 5.7269], [-73.4518, 5.7256], [-73.4297, 5.7046], [-73.4008, 5.7145], [-73.3976, 5.7026], [-73.3858, 5.6933], [-73.3818, 5.6726], [-73.3602, 5.6648], [-73.3475, 5.6702], [-73.3418, 5.6797], [-73.3558, 5.7046], [-73.3652, 5.7038], [-73.3678, 5.715], [-73.3791, 5.7236], [-73.3741, 5.7417], [-73.3796, 5.7456], [-73.3769, 5.7491], [-73.3817, 5.7605]]]}}, {"type": "Feature", "properties": {"osm_type": "relation", "osm_id": 219437526, "name": "Belén", "admin_level": "6", "kind": "subdivision_2", "parent_osm_id": 1390144, "parent_name": "Boyacá", "parent_iso": "CO-BOY"}, "geometry": {"type": "Polygon", "coordinates": [[[-72.8124, 6.0232], [-72.8241, 6.0103], [-72.8384, 6.0149], [-72.8465, 6.0071], [-72.8621, 6.013], [-72.8705, 6.0232], [-72.8709, 6.0393], [-72.8853, 6.0443], [-72.916, 6.076], [-72.9234, 6.0983], [-72.9228, 6.0879], [-72.9326, 6.0849], [-72.9351, 6.0769], [-72.9445, 6.0765], [-72.9527, 6.0674], [-72.9536, 6.0475], [-72.9607, 6.0428], [-72.9622, 6.0283], [-72.9704, 6.0221], [-72.9675, 6.0099], [-72.9474, 5.9819], [-72.917, 5.9565], [-72.9141, 5.9449], [-72.8901, 5.9353], [-72.8774, 5.948], [-72.8683, 5.9403], [-72.8539, 5.9485], [-72.8505, 5.9558], [-72.8349, 5.9617], [-72.8286, 5.9743], [-72.8134, 5.9797], [-72.7968, 5.9943], [-72.7914, 6.0065], [-72.7958, 6.019], [-72.8037, 6.0167], [-72.8124, 6.0232]]]}}, {"type": "Feature", "properties": {"osm_type": "relation", "osm_id": 843819508, "name": "Berbeo", "admin_level": "6", "kind": "subdivision_2", "parent_osm_id": 1390144, "parent_name": "Boyacá", "parent_iso": "CO-BOY"}, "geometry": {"type": "Polygon", "coordinates": [[[-73.089, 5.1607], [-73.0723, 5.167], [-73.0665, 5.1858], [-73.0727, 5.1964], [-73.1016, 5.2098], [-73.1059, 5.2222], [-73.1014, 5.2406], [-73.071, 5.2636], [-73.0639, 5.3006], [-73.1165, 5.2705], [-73.1482, 5.229], [-73.1293, 5.2088], [-73.1039, 5.193], [-73.0982, 5.1701], [-73.089, 5.1607]]]}}, {"type": "Feature", "properties": {"osm_type": "relation", "osm_id": 919699095, "name": "Betéitiva", "admin_level": "6", "kind": "subdivision_2", "parent_osm_id": 1390144, "parent_name": "Boyacá", "parent_iso": "CO-BOY"}, "geometry": {"type": "Polygon", "coordinates": [[[-72.8266, 5.879], [-72.8162, 5.8924], [-72.801, 5.9006], [-72.7961, 5.9198], [-72.8019, 5.9295], [-72.7927, 5.9314], [-72.7854, 5.95], [-72.7792, 5.9545], [-72.7946, 5.9643], [-72.8154, 5.9654], [-72.8183, 5.978], [-72.8286, 5.9743], [-72.8349, 5.9617], [-72.8505, 5.9558], [-72.8539, 5.9485], [-72.8683, 5.9403], [-72.8774, 5.948], [-72.8901, 5.9353], [-72.9141, 5.9449], [-72.9253, 5.9286], [-72.9185, 5.9184], [-72.9068, 5.914], [-72.9071, 5.9061], [-72.8939, 5.8871], [-72.8731, 5.8844], [-72.8718, 5.8725], [-72.8654, 5.8682], [-72.8575, 5.8662], [-72.8494, 5.878], [-72.8318, 5.8752], [-72.8266, 5.879]]]}}, {"type": "Feature", "properties": {"osm_type": "relation", "osm_id": 278240913, "name": "Boavita", "admin_level": "6", "kind": "subdivision_2", "parent_osm_id": 1390144, "parent_name": "Boyacá", "parent_iso": "CO-BOY"}, "geometry": {"type": "Polygon", "coordinates": [[[-72.5758, 6.3506], [-72.588, 6.3607], [-72.5971, 6.3793], [-72.5949, 6.3948], [-72.6026, 6.4108], [-72.6091, 6.4087], [-72.6224, 6.4139], [-72.6258, 6.4231], [-72.6234, 6.4407], [-72.6491, 6.4364], [-72.6606, 6.4432], [-72.6649, 6.4368], [-72.6563, 6.4062], [-72.6572, 6.359], [-72.6447, 6.3139], [-72.6469, 6.292], [-72.6398, 6.2742], [-72.6428, 6.2508], [-72.6356, 6.2199], [-72.6186, 6.2264], [-72.6022, 6.2788], [-72.5906, 6.2646], [-72.5799, 6.2783], [-72.5843, 6.2825], [-72.5831, 6.2996], [-72.588, 6.2992], [-72.5875, 6.3058], [-72.5859, 6.3097], [-72.5709, 6.3099], [-72.5643, 6.3269], [-72.5758, 6.3506]]]}}, {"type": "Feature", "properties": {"osm_type": "relation", "osm_id": 497659154, "name": "Boyacá", "admin_level": "6", "kind": "subdivision_2", "parent_osm_id": 1390144, "parent_name": "Boyacá", "parent_iso": "CO-BOY"}, "geometry": {"type": "Polygon", "coordinates": [[[-73.352, 5.4321], [-73.3384, 5.4351], [-73.3346, 5.4414], [-73.336, 5.4467], [-73.3426, 5.4485], [-73.3385, 5.4684], [-73.3509, 5.4758], [-73.3659, 5.4735], [-73.388, 5.459], [-73.3989, 5.4584], [-73.4037, 5.4499], [-73.4106, 5.4527], [-73.4409, 5.4151], [-73.4263, 5.4084], [-73.4159, 5.4172], [-73.3925, 5.4217], [-73.3843, 5.4046], [-73.3674, 5.4149], [-73.352, 5.4321]]]}}, {"type": "Feature", "properties": {"osm_type": "relation", "osm_id": 717821751, "name": "Briceño", "admin_level": "6", "kind": "subdivision_2", "parent_osm_id": 1390144, "parent_name": "Boyacá", "parent_iso": "CO-BOY"}, "geometry": {"type": "Polygon", "coordinates": [[[-73.8977, 5.6196], [-73.8777, 5.6361], [-73.8645, 5.6377], [-73.8568, 5.6517], [-73.8834, 5.645], [-73.8923, 5.6527], [-73.8953, 5.665], [-73.8998, 5.6643], [-73.8968, 5.6716], [-73.9014, 5.6713], [-73.9003, 5.6768], [-73.8945, 5.6762], [-73.8875, 5.683], [-73.8802, 5.7076], [-73.8831, 5.7094], [-73.8752, 5.717], [-73.8735, 5.7266], [-73.8841, 5.7228], [-73.8859, 5.7356], [-73.8928, 5.7377], [-73.9084, 5.7298], [-73.9135, 5.7127], [-73.926, 5.7121], [-73.9341, 5.7063], [-73.9401, 5.6888], [-73.9457, 5.6937], [-73.9499, 5.6879], [-73.9414, 5.6595], [-73.9439, 5.6462], [-73.9369, 5.6329], [-73.9314, 5.6281], [-73.9225, 5.639], [-73.9039, 5.6294], [-73.8977, 5.6196]]]}}, {"type": "Feature", "properties": {"osm_type": "relation", "osm_id": 437688219, "name": "Buenavista", "admin_level": "6", "kind": "subdivision_2", "parent_osm_id": 1390144, "parent_name": "Boyacá", "parent_iso": "CO-BOY"}, "geometry": {"type": "Polygon", "coordinates": [[[-73.9471, 5.4241], [-73.9422, 5.4341], [-73.9284, 5.44], [-73.9125, 5.4322], [-73.9011, 5.4479], [-73.9029, 5.4894], [-73.9093, 5.4954], [-73.9061, 5.5065], [-73.911, 5.5148], [-73.9074, 5.5311], [-73.9113, 5.5499], [-73.9203, 5.5433], [-73.9305, 5.5461], [-73.9522, 5.54], [-73.959, 5.5431], [-73.9701, 5.5265], [-73.975, 5.5304], [-73.9903, 5.5252], [-74.0195, 5.472], [-73.9867, 5.4584], [-73.9806, 5.4514], [-73.9662, 5.4557], [-73.9509, 5.45], [-73.955, 5.4342], [-73.9471, 5.4241]]]}}, {"type": "Feature", "properties": {"osm_type": "relation", "osm_id": 139539684, "name": "Busbanzá", "admin_level": "6", "kind": "subdivision_2", "parent_osm_id": 1390144, "parent_name": "Boyacá", "parent_iso": "CO-BOY"}, "geometry": {"type": "Polygon", "coordinates": [[[-72.8575, 5.8662], [-72.8725, 5.8747], [-72.8918, 5.8658], [-72.893, 5.8465], [-72.8992, 5.8367], [-72.8963, 5.8121], [-72.8867, 5.8175], [-72.8674, 5.8167], [-72.8587, 5.8263], [-72.8481, 5.8595], [-72.8575, 5.8662]]]}}, {"type": "Feature", "properties": {"osm_type": "relation", "osm_id": 276175621, "name": "Caldas", "admin_level": "6", "kind": "subdivision_2", "parent_osm_id": 1390144, "parent_name": "Boyacá", "parent_iso": "CO-BOY"}, "geometry": {"type": "Polygon", "coordinates": [[[-73.9113, 5.5499], [-73.9074, 5.5311], [-73.9106, 5.5237], [-73.9049, 5.5293], [-73.8977, 5.5284], [-73.8899, 5.5124], [-73.8872, 5.5202], [-73.8807, 5.5254], [-73.877, 5.5222], [-73.8705, 5.5329], [-73.8573, 5.5309], [-73.8479, 5.5457], [-73.8426, 5.5689], [-73.8488, 5.5899], [-73.8437, 5.6013], [-73.8552, 5.6036], [-73.8515, 5.6232], [-73.8646, 5.6328], [-73.8645, 5.6377], [-73.8777, 5.6361], [-73.8874, 5.6253], [-73.8961, 5.623], [-73.9099, 5.5937], [-73.9259, 5.574], [-73.9244, 5.5637], [-73.9113, 5.5499]]]}}, {"type": "Feature", "properties": {"osm_type": "relation", "osm_id": 942252591, "name": "Campohermoso", "admin_level": "6", "kind": "subdivision_2", "parent_osm_id": 1390144, "parent_name": "Boyacá", "parent_iso": "CO-BOY"}, "geometry": {"type": "Polygon", "coordinates": [[[-73.2229, 4.973], [-73.2174, 4.9526], [-73.2108, 4.9476], [-73.2106, 4.9313], [-73.2199, 4.9189], [-73.2131, 4.9057], [-73.1974, 4.913], [-73.1765, 4.8958], [-73.1706, 4.8962], [-73.1593, 4.9099], [-73.1424, 4.9158], [-73.1359, 4.9304], [-73.1219, 4.9399], [-73.1123, 4.9549], [-73.0808, 4.9715], [-73.0566, 4.9975], [-73.0422, 4.9883], [-73.0289, 4.9921], [-73.0273, 5.025], [-73.0664, 5.0118], [-73.0631, 5.024], [-73.087, 5.0432], [-73.0799, 5.0497], [-73.0724, 5.0772], [-73.0676, 5.0806], [-73.0712, 5.0962], [-73.101, 5.1011], [-73.1128, 5.1119], [-73.1183, 5.1023], [-73.1515, 5.0741], [-73.1657, 5.0748], [-73.1899, 5.0629], [-73.2281, 5.0775], [-73.2485, 5.069], [-73.2315, 5.0595], [-73.2264, 5.038], [-73.2295, 5.0313], [-73.2221, 5.019], [-73.2142, 5.0151], [-73.2123, 4.9953], [-73.2192, 4.9884], [-73.2229, 4.973]]]}}, {"type": "Feature", "properties": {"osm_type": "relation", "osm_id": 564133972, "name": "Cerinza", "admin_level": "6", "kind": "subdivision_2", "parent_osm_id": 1390144, "parent_name": "Boyacá", "parent_iso": "CO-BOY"}, "geometry": {"type": "Polygon", "coordinates": [[[-72.9253, 5.9286], [-72.9141, 5.9449], [-72.917, 5.9565], [-72.9474, 5.9819], [-72.97, 6.0195], [-72.9761, 6.0169], [-72.9902, 5.9894], [-73.0112, 5.9631], [-73.0012, 5.9511], [-73.0046, 5.945], [-73.0019, 5.9391], [-72.9712, 5.9263], [-72.94, 5.9291], [-72.9345, 5.923], [-72.9253, 5.9286]]]}}, {"type": "Feature", "properties": {"osm_type": "relation", "osm_id": 627110615, "name": "Chinavita", "admin_level": "6", "kind": "subdivision_2", "parent_osm_id": 1390144, "parent_name": "Boyacá", "parent_iso": "CO-BOY"}, "geometry": {"type": "Polygon", "coordinates": [[[-73.2678, 5.1554], [-73.2577, 5.1607], [-73.2581, 5.1725], [-73.2705, 5.1767], [-73.2957, 5.1983], [-73.2835, 5.2067], [-73.2944, 5.2104], [-73.3096, 5.2276], [-73.3201, 5.2314], [-73.3247, 5.2388], [-73.32, 5.2421], [-73.3203, 5.2492], [-73.3422, 5.2818], [-73.3581, 5.2774], [-73.3642, 5.2659], [-73.379, 5.2622], [-73.4013, 5.2427], [-73.4041, 5.2311], [-73.3869, 5.2144], [-73.3808, 5.197], [-73.3857, 5.163], [-73.3721, 5.1551], [-73.364, 5.1368], [-73.2853, 5.162], [-73.2678, 5.1554]]]}}, {"type": "Feature", "properties": {"osm_type": "relation", "osm_id": 199174085, "name": "Chiquinquirá", "admin_level": "6", "kind": "subdivision_2", "parent_osm_id": 1390144, "parent_name": "Boyacá", "parent_iso": "CO-BOY"}, "geometry": {"type": "Polygon", "coordinates": [[[-73.8863, 5.69], [-73.8914, 5.6777], [-73.9003, 5.6768], [-73.9014, 5.6713], [-73.8968, 5.6716], [-73.8998, 5.6643], [-73.8953, 5.665], [-73.8923, 5.6527], [-73.8834, 5.645], [-73.8568, 5.6517], [-73.8662, 5.6353], [-73.856, 5.6251], [-73.8525, 5.6265], [-73.8552, 5.6036], [-73.8437, 5.6013], [-73.8488, 5.5899], [-73.8426, 5.5689], [-73.8479, 5.5457], [-73.8198, 5.5529], [-73.8047, 5.5714], [-73.7895, 5.553], [-73.7797, 5.5951], [-73.7687, 5.5926], [-73.7505, 5.5756], [-73.7248, 5.5805], [-73.7233, 5.5711], [-73.7164, 5.5813], [-73.7191, 5.596], [-73.7055, 5.6055], [-73.6861, 5.6296], [-73.6957, 5.6289], [-73.7018, 5.6366], [-73.7064, 5.632], [-73.7252, 5.6335], [-73.7368, 5.6424], [-73.7521, 5.6465], [-73.7799, 5.6337], [-73.7938, 5.6418], [-73.8059, 5.6411], [-73.8349, 5.6669], [-73.834, 5.6971], [-73.8299, 5.7026], [-73.8335, 5.7046], [-73.8577, 5.7074], [-73.8639, 5.6943], [-73.8863, 5.69]]]}}, {"type": "Feature", "properties": {"osm_type": "relation", "osm_id": 485901952, "name": "Chiscas", "admin_level": "6", "kind": "subdivision_2", "parent_osm_id": 1390144, "parent_name": "Boyacá", "parent_iso": "CO-BOY"}, "geometry": {"type": "Polygon", "coordinates": [[[-72.4771, 6.8422], [-72.484, 6.8081], [-72.4985, 6.7984], [-72.4955, 6.7829], [-72.4986, 6.7644], [-72.4909, 6.7596], [-72.4876, 6.7436], [-72.4984, 6.7353], [-72.4989, 6.7283], [-72.488, 6.7162], [-72.4847, 6.7026], [-72.4911, 6.6818], [-72.4855, 6.6722], [-72.4862, 6.6545], [-72.4984, 6.6396], [-72.497, 6.6339], [-72.5098, 6.6302], [-72.5188, 6.6201], [-72.5205, 6.6043], [-72.527, 6.5916], [-72.5422, 6.5835], [-72.5459, 6.5672], [-72.5373, 6.5541], [-72.5363, 6.5404], [-72.5495, 6.5215], [-72.5446, 6.503], [-72.5344, 6.4961], [-72.5343, 6.5028], [-72.508, 6.527], [-72.5045, 6.5366], [-72.4823, 6.5497], [-72.4596, 6.5485], [-72.4399, 6.5293], [-72.4038, 6.5136], [-72.3941, 6.5301], [-72.3839, 6.528], [-72.3824, 6.5525], [-72.356, 6.5537], [-72.3597, 6.57], [-72.3767, 6.5905], [-72.3866, 6.6139], [-72.3691, 6.6177], [-72.3464, 6.6339], [-72.3395, 6.6662], [-72.3198, 6.6826], [-72.3063, 6.6876], [-72.2958, 6.7267], [-72.2996, 6.75], [-72.307, 6.7589], [-72.2924, 6.7621], [-72.2966, 6.7851], [-72.3079, 6.7919], [-72.3171, 6.8145], [-72.3382, 6.8245], [-72.3415, 6.8471], [-72.351, 6.8499], [-72.3639, 6.8416], [-72.3901, 6.839], [-72.4099, 6.8404], [-72.4235, 6.849], [-72.43, 6.8454], [-72.4519, 6.8513], [-72.4628, 6.8439], [-72.4771, 6.8422]]]}}, {"type": "Feature", "properties": {"osm_type": "relation", "osm_id": 166477155, "name": "Nobsa", "admin_level": "6", "kind": "subdivision_2", "parent_osm_id": 1390144, "parent_name": "Boyacá", "parent_iso": "CO-BOY"}, "geometry": {"type": "Polygon", "coordinates": [[[-72.8962, 5.7953], [-72.903, 5.8015], [-72.9128, 5.7977], [-72.935, 5.7992], [-72.9432, 5.8066], [-72.9532, 5.8081], [-72.9824, 5.8006], [-72.9789, 5.7884], [-72.9863, 5.7865], [-72.9757, 5.7752], [-72.9715, 5.7562], [-72.9546, 5.7446], [-72.9354, 5.7509], [-72.9282, 5.7593], [-72.9118, 5.7575], [-72.8997, 5.7618], [-72.8955, 5.7582], [-72.8829, 5.7651], [-72.8813, 5.7707], [-72.8751, 5.7705], [-72.8768, 5.7938], [-72.8962, 5.7953]]]}}, {"type": "Feature", "properties": {"osm_type": "relation", "osm_id": 459593696, "name": "Tibasosa", "admin_level": "6", "kind": "subdivision_2", "parent_osm_id": 1390144, "parent_name": "Boyacá", "parent_iso": "CO-BOY"}, "geometry": {"type": "Polygon", "coordinates": [[[-73.0508, 5.7739], [-73.0678, 5.7467], [-73.0659, 5.7166], [-73.0622, 5.7028], [-73.057, 5.7019], [-73.0594, 5.687], [-73.0395, 5.7004], [-73.0379, 5.71], [-73.0242, 5.7245], [-73.0091, 5.7196], [-72.9726, 5.7206], [-72.9646, 5.7086], [-72.9474, 5.7144], [-72.9447, 5.7461], [-72.9591, 5.7442], [-72.9605, 5.7502], [-72.9696, 5.7539], [-72.9723, 5.7679], [-72.9857, 5.7831], [-72.994, 5.8073], [-73.0133, 5.809], [-73.0223, 5.7823], [-73.0339, 5.7807], [-73.0443, 5.7701], [-73.0508, 5.7739]]]}}, {"type": "Feature", "properties": {"osm_type": "relation", "osm_id": 508007004, "name": "Tunja", "admin_level": "6", "kind": "subdivision_2", "parent_osm_id": 1390144, "parent_name": "Boyacá", "parent_iso": "CO-BOY"}, "geometry": {"type": "Polygon", "coordinates": [[[-73.3069, 5.5697], [-73.3215, 5.5832], [-73.3321, 5.5759], [-73.3413, 5.5841], [-73.3456, 5.5768], [-73.3561, 5.5726], [-73.362, 5.5559], [-73.3849, 5.5616], [-73.3908, 5.5573], [-73.412, 5.5669], [-73.4225, 5.5607], [-73.4267, 5.5545], [-73.4226, 5.5401], [-73.4252, 5.5298], [-73.4076, 5.5104], [-73.4469, 5.467], [-73.4345, 5.4524], [-73.4211, 5.4464], [-73.4106, 5.4527], [-73.4037, 5.4499], [-73.3989, 5.4584], [-73.388, 5.459], [-73.3612, 5.4741], [-73.3485, 5.4924], [-73.3576, 5.4982], [-73.3403, 5.5266], [-73.3237, 5.526], [-73.3196, 5.5434], [-73.3081, 5.5432], [-73.3039, 5.5613], [-73.3069, 5.5697]]]}}]}