{"type": "FeatureCollection", "parent": {"osm_id": 145195, "name": "Tuva Republic", "admin_level": "4", "kind": "subdivision_1", "child_kind": "subdivision_2", "iso": "RU-TY"}, "features": [{"type": "Feature", "properties": {"osm_type": "relation", "osm_id": 331350995, "name": "Tandinsky Kozhuun", "admin_level": "6", "kind": "subdivision_2", "parent_osm_id": 145195, "parent_name": "Tuva Republic", "parent_iso": "RU-TY"}, "geometry": {"type": "Polygon", "coordinates": [[[93.6147, 51.4802], [93.6205, 51.4683], [93.6382, 51.4536], [93.6353, 51.4501], [93.6515, 51.436], [93.6976, 51.4468], [93.704, 51.4615], [93.7245, 51.4674], [93.7516, 51.4663], [93.8059, 51.4841], [93.8505, 51.4709], [93.8808, 51.4586], [93.8891, 51.4505], [93.9034, 51.4479], [93.9463, 51.4243], [93.9623, 51.407], [93.9881, 51.4121], [94.027, 51.3885], [94.0341, 51.3816], [94.0264, 51.3836], [94.0187, 51.3713], [94.005, 51.3635], [93.9772, 51.3175], [94.0005, 51.3105], [94.0029, 51.3023], [94.0128, 51.2999], [94.0218, 51.2647], [94.0194, 51.2512], [93.9874, 51.257], [93.969, 51.2479], [93.9779, 51.2274], [93.9932, 51.2158], [93.9938, 51.2086], [93.9867, 51.1994], [93.9898, 51.1959], [93.943, 51.1658], [93.9386, 51.1588], [93.9499, 51.1599], [93.9676, 51.1514], [94.0193, 51.1423], [94.0697, 51.1224], [94.08, 51.1131], [94.0836, 51.0915], [94.0904, 51.0823], [94.1115, 51.0701], [94.1313, 51.0721], [94.1408, 51.0683], [94.1771, 51.029], [94.1791, 51.033], [94.1888, 51.0301], [94.1999, 51.0377], [94.2111, 51.0383], [94.2204, 51.0308], [94.2333, 51.0287], [94.2452, 51.0138], [94.264, 51.0141], [94.2845, 51.0067], [94.2894, 51.0008], [94.2846, 50.9949], [94.2624, 50.9864], [94.2873, 50.9914], [94.3131, 50.9868], [94.3227, 50.9959], [94.3418, 50.9885], [94.3846, 50.9926], [94.3947, 50.9853], [94.3892, 50.9723], [94.3984, 50.97], [94.4058, 50.9524], [94.4221, 50.9497], [94.4187, 50.9401], [94.4278, 50.9287], [94.4274, 50.9158], [94.4084, 50.9019], [94.4052, 50.8981], [94.4087, 50.8945], [94.4471, 50.8919], [94.4812, 50.8971], [94.485, 50.9018], [94.4944, 50.8894], [94.5105, 50.8852], [94.5483, 50.891], [94.5423, 50.8775], [94.5943, 50.8674], [94.6116, 50.8792], [94.6231, 50.8786], [94.6399, 50.8663], [94.655, 50.8632], [94.6571, 50.8772], [94.6636, 50.8848], [94.6611, 50.8901], [94.6712, 50.9017], [94.6908, 50.9121], [94.7157, 50.9105], [94.7392, 50.8831], [94.7721, 50.8693], [94.766, 50.8594], [94.7734, 50.8402], [94.7825, 50.8379], [94.785, 50.8311], [94.8072, 50.8182], [94.8186, 50.8153], [94.8336, 50.8186], [94.8388, 50.8138], [94.8517, 50.8238], [94.8731, 50.8241], [94.8946, 50.8148], [94.9101, 50.8161], [94.9472, 50.7879], [94.9489, 50.7767], [94.9536, 50.7744], [94.9831, 50.7815], [95.0374, 50.774], [95.0436, 50.7613], [95.0556, 50.7656], [95.0846, 50.7636], [95.0989, 50.7691], [95.1362, 50.763], [95.1441, 50.7733], [95.1416, 50.7818], [95.157, 50.783], [95.1673, 50.7931], [95.21, 50.8062], [95.2274, 50.8047], [95.2589, 50.822], [95.2782, 50.7981], [95.2918, 50.7987], [95.3047, 50.7913], [95.3343, 50.7889], [95.3587, 50.7801], [95.37, 50.7734], [95.3583, 50.7647], [95.3622, 50.7568], [95.3786, 50.7577], [95.3873, 50.7629], [95.404, 50.7636], [95.4055, 50.7688], [95.4179, 50.7748], [95.4194, 50.7817], [95.4397, 50.7798], [95.4433, 50.7855], [95.4396, 50.7882], [95.4563, 50.8177], [95.4547, 50.8346], [95.4479, 50.8421], [95.4526, 50.8511], [95.443, 50.8595], [95.4333, 50.8929], [95.4209, 50.9001], [95.429, 50.9119], [95.3874, 50.948], [95.3857, 50.9738], [95.3654, 51.0173], [95.3394, 51.0193], [95.3126, 51.0298], [95.3039, 51.0532], [95.2774, 51.0809], [95.2576, 51.0818], [95.2064, 51.1117], [95.1627, 51.1488], [95.0725, 51.1805], [95.0476, 51.1835], [95.039, 51.1787], [95.0457, 51.1686], [95.0241, 51.1639], [95.0331, 51.1484], [95.0274, 51.1398], [95.0197, 51.1471], [94.976, 51.1454], [94.9663, 51.1422], [94.9678, 51.1334], [94.9435, 51.1336], [94.9458, 51.1302], [94.9214, 51.1395], [94.9233, 51.1511], [94.9162, 51.1508], [94.9151, 51.1567], [94.9065, 51.158], [94.9074, 51.1611], [94.8646, 51.1703], [94.8419, 51.1694], [94.8407, 51.1723], [94.8549, 51.1728], [94.8471, 51.181], [94.8406, 51.2017], [94.8448, 51.217], [94.8602, 51.2359], [94.8636, 51.2565], [94.837, 51.259], [94.8095, 51.277], [94.7512, 51.2828], [94.7385, 51.305], [94.678, 51.3274], [94.6789, 51.3407], [94.6639, 51.3681], [94.6474, 51.426], [94.5994, 51.4394], [94.4843, 51.4609], [94.4537, 51.4822], [94.4266, 51.4923], [94.4215, 51.5095], [94.3994, 51.541], [94.364, 51.5608], [94.3638, 51.578], [94.3405, 51.5909], [94.3174, 51.5884], [94.2844, 51.5707], [94.2453, 51.5723], [94.2349, 51.5686], [94.2234, 51.5335], [94.225, 51.5244], [94.2373, 51.5129], [94.2346, 51.5045], [94.2012, 51.5098], [94.1951, 51.502], [94.1549, 51.5022], [94.1308, 51.5108], [94.1326, 51.5171], [94.1231, 51.5164], [94.1176, 51.528], [94.1145, 51.5252], [94.1123, 51.5322], [94.1031, 51.5371], [94.0882, 51.5297], [94.0051, 51.5262], [93.9566, 51.513], [93.9136, 51.5141], [93.9069, 51.5182], [93.8974, 51.5135], [93.8907, 51.5223], [93.9101, 51.5481], [93.8647, 51.5723], [93.8407, 51.5663], [93.8274, 51.5688], [93.8263, 51.5561], [93.8073, 51.5404], [93.773, 51.5426], [93.7721, 51.5567], [93.7412, 51.5574], [93.7366, 51.5433], [93.7264, 51.5368], [93.7108, 51.5338], [93.7021, 51.5267], [93.6751, 51.5284], [93.6713, 51.5233], [93.6458, 51.5151], [93.6377, 51.5052], [93.6492, 51.5004], [93.6408, 51.4913], [93.6456, 51.489], [93.6147, 51.4802]]]}}, {"type": "Feature", "properties": {"osm_type": "relation", "osm_id": 575151208, "name": "Barun-Khemchiksky Kozhuun", "admin_level": "6", "kind": "subdivision_2", "parent_osm_id": 145195, "parent_name": "Tuva Republic", "parent_iso": "RU-TY"}, "geometry": {"type": "Polygon", "coordinates": [[[89.6597, 51.5392], [89.7173, 51.519], [89.7591, 51.511], [89.7932, 51.5114], [89.8267, 51.5215], [89.8466, 51.5221], [89.8829, 51.5035], [89.8887, 51.4962], [89.8972, 51.4546], [89.8077, 51.4423], [89.7863, 51.4234], [89.7757, 51.4241], [89.7075, 51.3855], [89.7162, 51.3788], [89.7196, 51.3594], [89.7155, 51.3245], [89.7089, 51.3217], [89.7276, 51.29], [89.7792, 51.2903], [89.7849, 51.2493], [89.7977, 51.2402], [89.8049, 51.2305], [89.8033, 51.2251], [89.8444, 51.2151], [89.8578, 51.1904], [89.8889, 51.1794], [89.9563, 51.1853], [89.9746, 51.1825], [89.9977, 51.17], [90.048, 51.1654], [90.1038, 51.1929], [90.1409, 51.2027], [90.1724, 51.2178], [90.1953, 51.2157], [90.2562, 51.2216], [90.2739, 51.1932], [90.2491, 51.175], [90.2659, 51.1349], [90.2978, 51.1065], [90.3122, 51.1121], [90.3279, 51.1102], [90.3346, 51.0871], [90.3493, 51.0672], [90.3523, 51.0482], [90.3628, 51.0411], [90.3741, 51.019], [90.3712, 50.9957], [90.3876, 50.9667], [90.3839, 50.9416], [90.367, 50.9325], [90.3553, 50.9137], [90.3513, 50.8952], [90.3572, 50.8672], [90.3821, 50.8578], [90.4012, 50.8285], [90.4426, 50.8033], [90.462, 50.7749], [90.4799, 50.7686], [90.5023, 50.7484], [90.5199, 50.7438], [90.531, 50.7247], [90.5496, 50.7136], [90.5667, 50.7113], [90.5766, 50.6925], [90.5737, 50.6864], [90.5826, 50.6851], [90.5827, 50.6891], [90.6035, 50.6838], [90.6183, 50.6746], [90.634, 50.6512], [90.6513, 50.6353], [90.6446, 50.6241], [90.651, 50.6013], [90.6502, 50.5852], [90.6423, 50.5775], [90.6437, 50.5677], [90.6365, 50.5667], [90.6466, 50.5611], [90.6393, 50.5545], [90.6477, 50.5392], [90.6992, 50.5534], [90.7272, 50.5527], [90.7629, 50.5651], [90.7867, 50.5619], [90.8015, 50.5655], [90.8541, 50.5635], [90.9041, 50.553], [90.9248, 50.5417], [90.9604, 50.5416], [90.9775, 50.5364], [91.0066, 50.542], [91.0132, 50.5389], [91.0278, 50.5531], [91.0435, 50.5602], [91.0879, 50.5644], [91.1241, 50.5794], [91.1199, 50.5901], [91.1115, 50.5961], [91.0812, 50.6094], [91.0938, 50.6587], [91.0828, 50.6909], [91.0155, 50.7126], [91.0035, 50.7216], [91.0186, 50.7398], [91.0401, 50.7481], [91.0356, 50.7671], [91.0159, 50.7667], [90.9931, 50.7777], [90.995, 50.789], [91.0053, 50.7961], [90.9813, 50.8184], [90.9721, 50.8364], [90.9553, 50.8964], [90.9382, 50.9186], [90.9656, 50.9626], [90.9685, 50.9939], [90.9401, 50.9998], [90.9034, 51.0193], [90.9024, 51.0327], [90.9102, 51.0443], [90.8926, 51.0821], [90.8426, 51.1375], [90.8556, 51.179], [90.8793, 51.1974], [90.897, 51.2332], [90.868, 51.2386], [90.8515, 51.2486], [90.8609, 51.2559], [90.8713, 51.2547], [90.8567, 51.2697], [90.8568, 51.2761], [90.8452, 51.2799], [90.8415, 51.286], [90.799, 51.29], [90.784, 51.275], [90.7686, 51.2729], [90.753, 51.2846], [90.7265, 51.2937], [90.7283, 51.3149], [90.7159, 51.316], [90.703, 51.3258], [90.6966, 51.3386], [90.6133, 51.4114], [90.6158, 51.4161], [90.6041, 51.4322], [90.5951, 51.4658], [90.5853, 51.4736], [90.5706, 51.5118], [90.533, 51.5343], [90.5328, 51.5456], [90.4899, 51.5922], [90.4813, 51.6138], [90.4042, 51.6275], [90.4136, 51.6542], [90.4022, 51.6749], [90.4104, 51.6824], [90.4091, 51.6914], [90.4351, 51.7148], [90.4456, 51.7166], [90.4478, 51.7374], [90.4631, 51.751], [90.4562, 51.7625], [90.4464, 51.7684], [90.4137, 51.7707], [90.402, 51.7841], [90.3756, 51.7923], [90.3623, 51.8038], [90.3388, 51.8126], [90.3261, 51.8079], [90.2911, 51.8111], [90.2385, 51.7865], [90.2015, 51.7827], [90.1996, 51.7714], [90.1879, 51.7658], [90.161, 51.76], [90.1395, 51.7657], [90.1267, 51.7549], [90.0936, 51.7466], [90.0949, 51.7356], [90.0796, 51.7309], [90.0643, 51.7353], [90.0593, 51.7421], [90.0309, 51.7468], [90.0292, 51.752], [90.0343, 51.7571], [90.0106, 51.7627], [89.9818, 51.7574], [89.9655, 51.7619], [89.9498, 51.7549], [89.9269, 51.7572], [89.9234, 51.7405], [89.9036, 51.73], [89.8944, 51.7036], [89.8859, 51.7018], [89.8712, 51.6874], [89.8569, 51.684], [89.8531, 51.6728], [89.8357, 51.665], [89.8254, 51.6535], [89.8103, 51.6485], [89.807, 51.6208], [89.76, 51.595], [89.7547, 51.5871], [89.737, 51.5832], [89.7113, 51.5625], [89.699, 51.5646], [89.6956, 51.5554], [89.6637, 51.5474], [89.6597, 51.5392]], [[90.5139, 51.2112], [90.5204, 51.2173], [90.5546, 51.2095], [90.5761, 51.2169], [90.6504, 51.2153], [90.6611, 51.2096], [90.6697, 51.1976], [90.669, 51.1767], [90.6366, 51.1705], [90.6328, 51.1736], [90.6141, 51.1661], [90.6044, 51.1683], [90.5966, 51.1595], [90.5485, 51.1481], [90.5432, 51.1593], [90.5499, 51.1682], [90.534, 51.176], [90.5139, 51.2112]]]}}, {"type": "Feature", "properties": {"osm_type": "relation", "osm_id": 504467724, "name": "Erzinsky Kozhuun", "admin_level": "6", "kind": "subdivision_2", "parent_osm_id": 145195, "parent_name": "Tuva Republic", "parent_iso": "RU-TY"}, "geometry": {"type": "Polygon", "coordinates": [[[94.5301, 50.1359], [94.5427, 50.1178], [94.5564, 50.1124], [94.5579, 50.105], [94.5994, 50.0743], [94.6087, 50.0592], [94.608, 50.0418], [94.6148, 50.0354], [94.675, 50.0372], [94.7607, 50.0549], [94.9007, 50.0509], [94.9652, 50.0437], [94.9903, 50.0474], [94.9992, 50.0443], [94.9973, 50.0146], [95.0165, 49.9805], [95.0816, 49.9629], [95.1997, 49.9653], [95.3012, 49.958], [95.4259, 49.9576], [95.5012, 49.9082], [95.5232, 49.9034], [95.531, 49.8973], [95.5455, 49.9112], [95.5537, 49.9108], [95.5723, 49.9443], [95.6293, 49.9564], [95.653, 49.9561], [95.6661, 49.9643], [95.707, 49.959], [95.7326, 49.9597], [95.7415, 49.9675], [95.7742, 49.9606], [95.7956, 49.9641], [95.7888, 49.984], [95.7636, 49.9975], [95.7602, 50.0077], [95.7653, 50.0171], [95.7834, 50.0261], [95.7907, 50.0354], [95.796, 50.0307], [95.8333, 50.0373], [95.8442, 50.0436], [95.8609, 50.0436], [95.8758, 50.041], [95.9149, 50.0223], [95.9065, 50.0086], [95.9101, 49.9968], [95.9352, 49.9968], [95.9407, 49.9889], [95.9571, 49.9838], [95.9676, 49.9711], [95.9964, 49.9758], [96.002, 49.9887], [96.0175, 50.0034], [96.0662, 50.0127], [96.0829, 50.0099], [96.1069, 49.9891], [96.1974, 49.9883], [96.2215, 49.9771], [96.2431, 49.9802], [96.2607, 49.9766], [96.2807, 49.9555], [96.2998, 49.9542], [96.3035, 49.9493], [96.3, 49.9449], [96.3251, 49.9487], [96.3366, 49.9428], [96.3376, 49.9316], [96.3473, 49.926], [96.3398, 49.9151], [96.3483, 49.9053], [96.3833, 49.8968], [96.3975, 49.8845], [96.4245, 49.8758], [96.4615, 49.8952], [96.4629, 49.9053], [96.4591, 49.9078], [96.4738, 49.9178], [96.5003, 49.9255], [96.5119, 49.9413], [96.5254, 49.9442], [96.5552, 49.94], [96.5771, 49.9116], [96.5881, 49.8851], [96.6031, 49.8737], [96.6406, 49.8897], [96.6456, 49.8965], [96.6651, 49.9014], [96.6918, 49.9227], [96.7092, 49.9287], [96.7229, 49.9216], [96.7321, 49.9097], [96.7409, 49.9076], [96.8193, 49.9111], [96.8177, 49.9083], [96.8516, 49.8957], [96.9928, 49.8934], [97.0001, 49.8814], [96.9973, 49.8575], [97.0101, 49.8334], [97.0488, 49.8325], [97.0686, 49.8241], [97.1197, 49.8196], [97.1311, 49.8116], [97.1198, 49.792], [97.1791, 49.7775], [97.2038, 49.7553], [97.2311, 49.7429], [97.2555, 49.7505], [97.3179, 49.7518], [97.3352, 49.7578], [97.3368, 49.7687], [97.3573, 49.7814], [97.3842, 49.7772], [97.3992, 49.7865], [97.4216, 49.7807], [97.451, 49.7954], [97.461, 49.7953], [97.466, 49.8029], [97.4967, 49.8064], [97.5104, 49.8147], [97.5199, 49.8341], [97.5423, 49.8449], [97.5577, 49.8436], [97.561, 49.8546], [97.5813, 49.8596], [97.5865, 49.883], [97.5675, 49.9013], [97.5783, 49.9139], [97.5454, 49.9256], [97.4944, 49.9333], [97.4756, 49.9425], [97.479, 49.9558], [97.4623, 49.9678], [97.4461, 49.9955], [97.4025, 50.0065], [97.3723, 50.0057], [97.3431, 50.0124], [97.3331, 50.0079], [97.3215, 50.0128], [97.3021, 50.0089], [97.277, 50.0156], [97.2571, 50.0246], [97.2581, 50.0351], [97.2514, 50.0418], [97.2341, 50.0423], [97.2188, 50.0546], [97.2013, 50.0538], [97.1868, 50.0754], [97.1696, 50.0908], [97.088, 50.0924], [97.0767, 50.0999], [97.0705, 50.1264], [97.0617, 50.1306], [97.0256, 50.1323], [96.9968, 50.1455], [96.9847, 50.1421], [96.9573, 50.146], [96.955, 50.1574], [96.9601, 50.1708], [96.9827, 50.1816], [97.0036, 50.2072], [97.0015, 50.2208], [96.9852, 50.241], [96.9799, 50.2592], [96.9657, 50.2547], [96.9499, 50.2687], [96.8963, 50.2901], [96.8705, 50.2852], [96.8557, 50.2885], [96.842, 50.2985], [96.8401, 50.3125], [96.8149, 50.3285], [96.8155, 50.3367], [96.8243, 50.3429], [96.8219, 50.347], [96.7865, 50.3417], [96.7723, 50.3521], [96.7323, 50.3638], [96.6865, 50.3679], [96.6757, 50.3822], [96.6144, 50.4197], [96.6082, 50.4304], [96.5731, 50.4397], [96.5659, 50.45], [96.5544, 50.4557], [96.5526, 50.4693], [96.5297, 50.4856], [96.5148, 50.4883], [96.4978, 50.5063], [96.4956, 50.5152], [96.4865, 50.5196], [96.4821, 50.5263], [96.4869, 50.5316], [96.476, 50.5442], [96.4981, 50.5546], [96.5, 50.5659], [96.4903, 50.5886], [96.4826, 50.5925], [96.4751, 50.6056], [96.4815, 50.6117], [96.4759, 50.6147], [96.462, 50.608], [96.4583, 50.614], [96.4332, 50.622], [96.4293, 50.6297], [96.4185, 50.6236], [96.4086, 50.6269], [96.3873, 50.6243], [96.353, 50.6352], [96.3472, 50.642], [96.3325, 50.643], [96.3313, 50.6505], [96.3144, 50.6434], [96.3003, 50.6496], [96.2843, 50.6401], [96.2943, 50.6297], [96.2879, 50.6196], [96.3029, 50.6088], [96.3025, 50.6008], [96.289, 50.6008], [96.2779, 50.5933], [96.2544, 50.5923], [96.2445, 50.5798], [96.2286, 50.5835], [96.2115, 50.5772], [96.187, 50.5809], [96.1747, 50.5875], [96.1348, 50.5688], [96.1308, 50.5621], [96.1159, 50.5659], [96.1069, 50.5801], [96.0905, 50.5829], [96.0903, 50.5892], [96.0735, 50.5892], [96.0602, 50.5982], [96.0491, 50.5971], [96.033, 50.6057], [96.0285, 50.6162], [95.9844, 50.6319], [95.9468, 50.6156], [95.9231, 50.6256], [95.9108, 50.6252], [95.906, 50.6302], [95.8265, 50.6177], [95.8247, 50.6131], [95.8129, 50.6095], [95.8026, 50.6149], [95.7778, 50.6093], [95.7099, 50.6137], [95.7077, 50.622], [95.6991, 50.6243], [95.6529, 50.6141], [95.6331, 50.6043], [95.6041, 50.6021], [95.5704, 50.6234], [95.5455, 50.62], [95.5516, 50.6056], [95.5416, 50.5937], [95.5311, 50.5901], [95.5351, 50.5781], [95.5243, 50.5764], [95.5098, 50.5831], [95.4825, 50.5792], [95.4753, 50.5738], [95.4787, 50.5599], [95.4554, 50.5541], [95.4503, 50.5487], [95.445, 50.5259], [95.4475, 50.5196], [95.4416, 50.5161], [95.4469, 50.514], [95.4501, 50.5031], [95.4155, 50.4877], [95.393, 50.4907], [95.3816, 50.4873], [95.371, 50.492], [95.3611, 50.5059], [95.3584, 50.5213], [95.3408, 50.5313], [95.3086, 50.531], [95.3032, 50.5218], [95.2954, 50.5215], [95.2664, 50.5288], [95.2559, 50.5495], [95.2386, 50.559], [95.1514, 50.5371], [95.1616, 50.5243], [95.1568, 50.5199], [95.1216, 50.5111], [95.1004, 50.4984], [95.0583, 50.4872], [95.0395, 50.4885], [95.0099, 50.4821], [94.9994, 50.4849], [94.9763, 50.4783], [94.8564, 50.3848], [94.8655, 50.3705], [94.8459, 50.3544], [94.8134, 50.3471], [94.8033, 50.3264], [94.6736, 50.2694], [94.645, 50.2417], [94.6288, 50.209], [94.6391, 50.1595], [94.6594, 50.1411], [94.5301, 50.1359]]]}}, {"type": "Feature", "properties": {"osm_type": "relation", "osm_id": 508903078, "name": "Tere-Kholsky Kozhuun", "admin_level": "6", "kind": "subdivision_2", "parent_osm_id": 145195, "parent_name": "Tuva Republic", "parent_iso": "RU-TY"}, "geometry": {"type": "Polygon", "coordinates": [[[97.5548, 49.9226], [97.5674, 49.9297], [97.5716, 49.9408], [97.6157, 49.9375], [97.6193, 49.944], [97.6781, 49.9618], [97.7004, 49.9611], [97.7098, 49.9747], [97.7321, 49.9762], [97.7472, 49.9834], [97.7621, 50.0005], [97.7804, 49.9936], [97.7809, 49.9755], [97.7925, 49.9587], [97.815, 49.9507], [97.8166, 49.939], [97.8296, 49.923], [97.8617, 49.9168], [97.8866, 49.9235], [97.8949, 49.929], [97.8678, 49.9539], [97.8674, 49.972], [97.8978, 49.984], [97.9342, 49.9781], [97.9783, 50.0018], [97.9821, 50.0189], [97.989, 50.0226], [98.0306, 50.0346], [98.0699, 50.0359], [98.0637, 50.07], [98.1027, 50.0775], [98.1039, 50.0865], [98.1204, 50.1002], [98.1202, 50.1136], [98.11, 50.1313], [98.1127, 50.1387], [98.1296, 50.1325], [98.1491, 50.1343], [98.1768, 50.1519], [98.1849, 50.1725], [98.1692, 50.1895], [98.1698, 50.2027], [98.2283, 50.2361], [98.2335, 50.2612], [98.2482, 50.2728], [98.2521, 50.2933], [98.2662, 50.3074], [98.3081, 50.3233], [98.304, 50.3384], [98.2855, 50.3412], [98.2991, 50.35], [98.2997, 50.3614], [98.2694, 50.3962], [98.2831, 50.4045], [98.2722, 50.4124], [98.2999, 50.4409], [98.2983, 50.4522], [98.3277, 50.4748], [98.3233, 50.4952], [98.2995, 50.4978], [98.2872, 50.5163], [98.288, 50.5249], [98.2728, 50.5389], [98.1872, 50.5575], [98.1865, 50.562], [98.1467, 50.5748], [98.1243, 50.5932], [98.0966, 50.5974], [98.087, 50.6043], [98.0869, 50.6096], [98.077, 50.6122], [98.0567, 50.6364], [98.0252, 50.6551], [98.0236, 50.6639], [98.008, 50.6692], [98.0106, 50.6801], [98.0245, 50.6919], [97.9974, 50.6989], [97.991, 50.733], [97.9708, 50.7499], [97.9786, 50.7841], [97.9497, 50.8081], [97.9849, 50.8212], [97.9889, 50.8327], [98.0087, 50.8365], [98.0333, 50.8647], [98.0158, 50.8745], [97.9987, 50.8757], [97.9991, 50.8803], [97.9932, 50.8812], [97.9965, 50.8834], [97.991, 50.8828], [97.9918, 50.8876], [97.9851, 50.8905], [97.9645, 50.8894], [97.9662, 50.894], [97.9563, 50.8964], [97.9598, 50.9006], [97.9543, 50.8977], [97.9474, 50.9011], [97.9509, 50.905], [97.9464, 50.9071], [97.9507, 50.9076], [97.9422, 50.9087], [97.9423, 50.915], [97.9354, 50.9113], [97.9144, 50.9201], [97.911, 50.9262], [97.8949, 50.9244], [97.9003, 50.9272], [97.8867, 50.9304], [97.884, 50.941], [97.8777, 50.9416], [97.8793, 50.9461], [97.869, 50.9481], [97.8672, 50.9556], [97.8565, 50.9617], [97.8559, 50.9695], [97.8619, 50.975], [97.8525, 50.9936], [97.8289, 51.0032], [97.8246, 51.0098], [97.8343, 51.0276], [97.8487, 51.031], [97.8461, 51.0362], [97.8712, 51.0514], [97.8665, 51.0551], [97.8701, 51.0576], [97.8674, 51.0648], [97.8775, 51.0683], [97.8788, 51.0773], [97.8716, 51.0807], [97.882, 51.0913], [97.8824, 51.1008], [97.8897, 51.1005], [97.894, 51.1053], [97.8992, 51.1208], [97.8053, 51.1082], [97.7524, 51.1274], [97.7223, 51.1211], [97.7169, 51.1166], [97.7219, 51.1105], [97.7034, 51.1056], [97.6703, 51.1198], [97.649, 51.123], [97.6434, 51.1038], [97.6149, 51.098], [97.589, 51.1062], [97.559, 51.0894], [97.5319, 51.0952], [97.5067, 51.0936], [97.4759, 51.106], [97.4433, 51.0825], [97.4264, 51.0764], [97.4195, 51.0657], [97.398, 51.0596], [97.3773, 51.047], [97.3743, 51.0385], [97.3408, 51.033], [97.3306, 51.0251], [97.2857, 51.0242], [97.2555, 51.0098], [97.2412, 51.0215], [97.2348, 51.0171], [97.237, 51.0119], [97.2252, 51.0095], [97.2167, 51.0179], [97.1961, 51.0247], [97.1509, 51.0291], [97.1219, 51.021], [97.1168, 51.0134], [97.09, 51.012], [97.0889, 51.0024], [97.0753, 50.9889], [97.0479, 50.9899], [97.0218, 51.0019], [96.9899, 50.9977], [96.9991, 50.9794], [97.0087, 50.9798], [97.007, 50.9736], [97.0145, 50.9593], [97.011, 50.9545], [97.018, 50.9522], [97.008, 50.9469], [97.0131, 50.9381], [97.0068, 50.9301], [97.0093, 50.9231], [97.0005, 50.9146], [97.0127, 50.9144], [97.0142, 50.909], [96.9959, 50.902], [97.0036, 50.8883], [96.9935, 50.886], [96.9937, 50.879], [96.9854, 50.8793], [96.9651, 50.864], [96.9557, 50.8629], [96.9517, 50.846], [96.9063, 50.8487], [96.8957, 50.84], [96.8908, 50.8298], [96.8717, 50.816], [96.8745, 50.8076], [96.8635, 50.7873], [96.8628, 50.7595], [96.8345, 50.7375], [96.7278, 50.7181], [96.7174, 50.7099], [96.7123, 50.6797], [96.6745, 50.6414], [96.6684, 50.6276], [96.6437, 50.6019], [96.6106, 50.5867], [96.6113, 50.5739], [96.6258, 50.554], [96.618, 50.5376], [96.5874, 50.5232], [96.5776, 50.4997], [96.5823, 50.4856], [96.5763, 50.4737], [96.5631, 50.4643], [96.5731, 50.4397], [96.6082, 50.4304], [96.6144, 50.4197], [96.6757, 50.3822], [96.6865, 50.3679], [96.7323, 50.3638], [96.7723, 50.3521], [96.7865, 50.3417], [96.8219, 50.347], [96.8243, 50.3429], [96.8155, 50.3367], [96.8149, 50.3285], [96.8401, 50.3125], [96.842, 50.2985], [96.8557, 50.2885], [96.8705, 50.2852], [96.8963, 50.2901], [96.9499, 50.2687], [96.9657, 50.2547], [96.9799, 50.2592], [96.9852, 50.241], [97.0015, 50.2208], [97.0036, 50.2072], [96.9827, 50.1816], [96.9601, 50.1708], [96.955, 50.1574], [96.9573, 50.146], [96.9847, 50.1421], [96.9968, 50.1455], [97.0256, 50.1323], [97.0617, 50.1306], [97.0705, 50.1264], [97.0767, 50.0999], [97.088, 50.0924], [97.1696, 50.0908], [97.1868, 50.0754], [97.2013, 50.0538], [97.2188, 50.0546], [97.2341, 50.0423], [97.2514, 50.0418], [97.2581, 50.0351], [97.2571, 50.0246], [97.277, 50.0156], [97.3021, 50.0089], [97.3215, 50.0128], [97.3331, 50.0079], [97.3431, 50.0124], [97.3723, 50.0057], [97.4025, 50.0065], [97.4461, 49.9955], [97.4623, 49.9678], [97.479, 49.9558], [97.4756, 49.9425], [97.4821, 49.9374], [97.5548, 49.9226]]]}}, {"type": "Feature", "properties": {"osm_type": "relation", "osm_id": 141789560, "name": "Chedi-Kholsky Kozhuun", "admin_level": "6", "kind": "subdivision_2", "parent_osm_id": 145195, "parent_name": "Tuva Republic", "parent_iso": "RU-TY"}, "geometry": {"type": "Polygon", "coordinates": [[[93.6147, 51.4802], [93.5671, 51.4708], [93.5781, 51.4621], [93.5866, 51.4464], [93.585, 51.4275], [93.5592, 51.4173], [93.5559, 51.4096], [93.5216, 51.401], [93.498, 51.4046], [93.4885, 51.398], [93.4885, 51.3813], [93.496, 51.3785], [93.4955, 51.3749], [93.479, 51.3459], [93.464, 51.3369], [93.4589, 51.3119], [93.4701, 51.2967], [93.4599, 51.2918], [93.403, 51.2826], [93.3626, 51.2849], [93.3392, 51.2985], [93.2614, 51.2998], [93.2031, 51.2749], [93.181, 51.2752], [93.2035, 51.2703], [93.279, 51.2726], [93.2937, 51.2608], [93.3206, 51.2501], [93.3211, 51.2343], [93.3257, 51.2305], [93.2907, 51.2102], [93.2655, 51.2031], [93.258, 51.1929], [93.254, 51.1581], [93.2277, 51.1546], [93.2283, 51.177], [93.1545, 51.2224], [93.1348, 51.2223], [93.1184, 51.2305], [93.0918, 51.2335], [93.0489, 51.2087], [93.0517, 51.1961], [93.0659, 51.1872], [93.0698, 51.1501], [93.1537, 51.1453], [93.1662, 51.1306], [93.1869, 51.1183], [93.2126, 51.1153], [93.2128, 51.0975], [93.223, 51.0941], [93.2382, 51.0737], [93.2637, 51.0692], [93.243, 51.0638], [93.2309, 51.0491], [93.1972, 51.0453], [93.1928, 51.0379], [93.1643, 51.0261], [93.1341, 51.0283], [93.1147, 51.0214], [93.0987, 51.0234], [93.0922, 51.0084], [93.0775, 50.999], [93.0158, 50.9861], [93.0233, 50.9803], [93.059, 50.9782], [93.0646, 50.9696], [93.0784, 50.9673], [93.0904, 50.9527], [93.0894, 50.9447], [93.1129, 50.927], [93.1532, 50.9361], [93.1691, 50.9254], [93.2356, 50.9196], [93.3053, 50.9423], [93.3408, 50.9599], [93.3607, 50.9507], [93.4252, 50.9426], [93.458, 50.9542], [93.4718, 50.9544], [93.4798, 50.965], [93.5408, 50.9461], [93.5388, 50.9402], [93.5447, 50.9359], [93.5391, 50.928], [93.549, 50.9226], [93.5626, 50.9258], [93.6238, 50.9172], [93.6445, 50.8964], [93.657, 50.8909], [93.6617, 50.8818], [93.6818, 50.8751], [93.7146, 50.8787], [93.755, 50.8949], [93.7644, 50.887], [93.7854, 50.8836], [93.7914, 50.888], [93.8418, 50.8867], [93.8621, 50.8742], [93.9071, 50.8779], [93.9229, 50.8745], [93.9395, 50.8826], [93.9895, 50.8572], [94.0005, 50.8563], [94.0247, 50.8642], [94.0368, 50.8539], [94.0369, 50.8487], [94.0672, 50.8422], [94.106, 50.8456], [94.1388, 50.8566], [94.1546, 50.8532], [94.1644, 50.8583], [94.1888, 50.8574], [94.2159, 50.8659], [94.2233, 50.873], [94.2343, 50.8947], [94.2393, 50.9303], [94.2481, 50.9509], [94.2463, 50.97], [94.2294, 50.9797], [94.242, 50.9791], [94.2846, 50.9949], [94.2894, 51.0008], [94.2845, 51.0067], [94.264, 51.0141], [94.2452, 51.0138], [94.2333, 51.0287], [94.2204, 51.0308], [94.2111, 51.0383], [94.1999, 51.0377], [94.1888, 51.0301], [94.1791, 51.033], [94.1771, 51.029], [94.1408, 51.0683], [94.1313, 51.0721], [94.1115, 51.0701], [94.0904, 51.0823], [94.0836, 51.0915], [94.08, 51.1131], [94.0697, 51.1224], [94.0193, 51.1423], [93.9676, 51.1514], [93.9499, 51.1599], [93.9386, 51.1588], [93.943, 51.1658], [93.9898, 51.1959], [93.9867, 51.1994], [93.9938, 51.2086], [93.9932, 51.2158], [93.9779, 51.2274], [93.969, 51.2479], [93.9874, 51.257], [94.0194, 51.2512], [94.0218, 51.2647], [94.0128, 51.2999], [94.0029, 51.3023], [94.0005, 51.3105], [93.9772, 51.3175], [94.005, 51.3635], [94.0187, 51.3713], [94.0264, 51.3836], [94.0341, 51.3816], [93.9881, 51.4121], [93.9623, 51.407], [93.9463, 51.4243], [93.9034, 51.4479], [93.8891, 51.4505], [93.8808, 51.4586], [93.8505, 51.4709], [93.8059, 51.4841], [93.7516, 51.4663], [93.7245, 51.4674], [93.704, 51.4615], [93.6976, 51.4468], [93.6515, 51.436], [93.6353, 51.4501], [93.6382, 51.4536], [93.6205, 51.4683], [93.6147, 51.4802]]]}}, {"type": "Feature", "properties": {"osm_type": "relation", "osm_id": 259196427, "name": "Todzhinsky Kozhuun", "admin_level": "6", "kind": "subdivision_2", "parent_osm_id": 145195, "parent_name": "Tuva Republic", "parent_iso": "RU-TY"}, "geometry": {"type": "Polygon", "coordinates": [[[96.6883, 53.6463], [96.694, 53.6394], [96.6879, 53.6323], [96.706, 53.6235], [96.6946, 53.6129], [96.6741, 53.6042], [96.6743, 53.5993], [96.6864, 53.5907], [96.6591, 53.5735], [96.6587, 53.5642], [96.6433, 53.5634], [96.6364, 53.5559], [96.6277, 53.5569], [96.6262, 53.5636], [96.6165, 53.5666], [96.5894, 53.5524], [96.578, 53.5552], [96.5593, 53.5518], [96.5527, 53.5443], [96.5278, 53.5459], [96.5133, 53.5519], [96.508, 53.5469], [96.4823, 53.5417], [96.4836, 53.531], [96.4678, 53.5276], [96.4608, 53.5168], [96.448, 53.5124], [96.4379, 53.5164], [96.4403, 53.5358], [96.4339, 53.5411], [96.4234, 53.5394], [96.408, 53.5489], [96.3969, 53.5489], [96.3845, 53.5579], [96.3845, 53.5678], [96.3696, 53.5706], [96.367, 53.5656], [96.352, 53.5704], [96.37, 53.5831], [96.3747, 53.5938], [96.3612, 53.5991], [96.3334, 53.5979], [96.3101, 53.5878], [96.2768, 53.5893], [96.2725, 53.5908], [96.2771, 53.6082], [96.2819, 53.6109], [96.2793, 53.6138], [96.2548, 53.6139], [96.2411, 53.6195], [96.2255, 53.5978], [96.2286, 53.5793], [96.2222, 53.5689], [96.2407, 53.5579], [96.2398, 53.5409], [96.2325, 53.5335], [96.2391, 53.5281], [96.2321, 53.5171], [96.1931, 53.5097], [96.1873, 53.5151], [96.1357, 53.5118], [96.1197, 53.5062], [96.1128, 53.5126], [96.1035, 53.5045], [96.1063, 53.4913], [96.1128, 53.4858], [96.1113, 53.4681], [96.1156, 53.4612], [96.1105, 53.4517], [96.0756, 53.4511], [96.0333, 53.457], [96.0053, 53.4716], [96.007, 53.4762], [95.9762, 53.4793], [95.9677, 53.4839], [95.9671, 53.4913], [95.9537, 53.4942], [95.9316, 53.4885], [95.8857, 53.5015], [95.8785, 53.4973], [95.866, 53.4987], [95.8604, 53.4932], [95.8462, 53.4968], [95.8353, 53.4915], [95.8137, 53.4963], [95.8075, 53.4913], [95.7947, 53.4981], [95.7776, 53.4993], [95.7667, 53.5087], [95.7571, 53.505], [95.7438, 53.514], [95.7452, 53.5188], [95.7322, 53.5252], [95.7218, 53.522], [95.7245, 53.515], [95.7051, 53.5061], [95.6852, 53.5064], [95.6701, 53.4908], [95.6569, 53.4864], [95.6549, 53.4806], [95.6606, 53.4752], [95.6536, 53.4685], [95.6521, 53.4556], [95.5946, 53.4473], [95.5491, 53.4309], [95.527, 53.4375], [95.5157, 53.4321], [95.5126, 53.4249], [95.4993, 53.4229], [95.4908, 53.4157], [95.4995, 53.4057], [95.4953, 53.395], [95.4636, 53.4012], [95.4306, 53.3973], [95.4234, 53.393], [95.4292, 53.3889], [95.4284, 53.3754], [95.4051, 53.3656], [95.3871, 53.3705], [95.3755, 53.3814], [95.3364, 53.3765], [95.3072, 53.3881], [95.3025, 53.3913], [95.3044, 53.3955], [95.2841, 53.4101], [95.2996, 53.4134], [95.3097, 53.4217], [95.3115, 53.4343], [95.3046, 53.4449], [95.2672, 53.448], [95.2587, 53.4561], [95.2254, 53.4627], [95.218, 53.4694], [95.153, 53.4342], [95.1461, 53.4185], [95.1151, 53.3989], [95.0946, 53.4016], [95.0615, 53.3945], [95.0359, 53.3661], [95.0042, 53.371], [94.9913, 53.3818], [94.9911, 53.4003], [94.9601, 53.4052], [94.9502, 53.4021], [94.9398, 53.3883], [94.9257, 53.4004], [94.8555, 53.3908], [94.8128, 53.3928], [94.7827, 53.3819], [94.7716, 53.3872], [94.7506, 53.3846], [94.7444, 53.3778], [94.7203, 53.3763], [94.6985, 53.3589], [94.6772, 53.3575], [94.6574, 53.3386], [94.6183, 53.3311], [94.6037, 53.3115], [94.601, 53.3019], [94.6063, 53.2915], [94.6236, 53.2915], [94.6358, 53.2858], [94.677, 53.2873], [94.6869, 53.2576], [94.7081, 53.251], [94.7161, 53.2371], [94.7077, 53.2263], [94.699, 53.2236], [94.6983, 53.2152], [94.6786, 53.2116], [94.6534, 53.2143], [94.6525, 53.2075], [94.6626, 53.2009], [94.6571, 53.1872], [94.6254, 53.1837], [94.6024, 53.1678], [94.6166, 53.1596], [94.6062, 53.1384], [94.6209, 53.1264], [94.5902, 53.12], [94.5919, 53.1123], [94.585, 53.1073], [94.5859, 53.0909], [94.5781, 53.085], [94.5767, 53.0725], [94.6005, 53.0466], [94.5903, 53.0396], [94.5812, 53.0402], [94.5812, 53.0317], [94.5711, 53.0258], [94.5833, 52.9965], [94.5556, 52.9773], [94.5424, 52.9752], [94.5382, 52.9662], [94.5254, 52.9581], [94.5128, 52.9351], [94.5259, 52.91], [94.514, 52.9095], [94.4932, 52.8917], [94.4974, 52.8869], [94.4965, 52.8676], [94.4814, 52.8561], [94.4859, 52.847], [94.5015, 52.8441], [94.5686, 52.8565], [94.6044, 52.8751], [94.6455, 52.8672], [94.6655, 52.8751], [94.7152, 52.8785], [94.7284, 52.8642], [94.7643, 52.843], [94.7712, 52.8172], [94.791, 52.7925], [94.7876, 52.7807], [94.7944, 52.7733], [94.7892, 52.7514], [94.7957, 52.7358], [94.7926, 52.7237], [94.7981, 52.7141], [94.8255, 52.7255], [94.843, 52.7121], [94.8925, 52.6961], [94.9128, 52.6933], [94.9337, 52.7023], [94.9885, 52.6973], [94.9785, 52.656], [94.981, 52.6482], [94.9715, 52.6323], [95.0052, 52.6001], [95.011, 52.588], [95.0315, 52.5794], [95.0344, 52.5721], [95.0601, 52.565], [95.0684, 52.546], [95.0153, 52.5297], [94.9938, 52.5313], [94.9643, 52.5147], [94.9432, 52.5146], [94.9393, 52.4915], [94.9137, 52.4761], [94.881, 52.4709], [94.8771, 52.4536], [94.8851, 52.4312], [94.8944, 52.4248], [94.8918, 52.4111], [94.9009, 52.4097], [94.9119, 52.3989], [94.9356, 52.392], [94.9396, 52.3837], [94.9694, 52.378], [94.982, 52.3688], [94.9712, 52.3579], [94.974, 52.3487], [94.9683, 52.3415], [94.9942, 52.3305], [94.9836, 52.3148], [95.0197, 52.2981], [95.0236, 52.2892], [94.9966, 52.2807], [94.9972, 52.2685], [95.0707, 52.2577], [95.0791, 52.2495], [95.1019, 52.2439], [95.1432, 52.2416], [95.1702, 52.2502], [95.1757, 52.2427], [95.2001, 52.249], [95.2132, 52.2432], [95.2385, 52.2563], [95.2542, 52.255], [95.2762, 52.2661], [95.3521, 52.2657], [95.3653, 52.2714], [95.414, 52.2758], [95.4265, 52.2717], [95.4327, 52.26], [95.4427, 52.2563], [95.4515, 52.2461], [95.4436, 52.2344], [95.4505, 52.2276], [95.4838, 52.2285], [95.5053, 52.2205], [95.5567, 52.2158], [95.5613, 52.2215], [95.5875, 52.224], [95.5987, 52.2223], [95.6084, 52.2146], [95.6195, 52.2188], [95.6584, 52.214], [95.6628, 52.1993], [95.657, 52.1937], [95.6634, 52.1837], [95.6857, 52.1854], [95.6994, 52.1762], [95.7322, 52.1661], [95.7927, 52.1602], [95.806, 52.1535], [95.8151, 52.1409], [95.8445, 52.1256], [95.8731, 52.1219], [95.8955, 52.1106], [95.9129, 52.0817], [95.9367, 52.0763], [95.9496, 52.0597], [95.9545, 52.0435], [95.9501, 52.0075], [95.9759, 52.0043], [95.9759, 51.996], [95.9842, 51.9916], [95.9887, 51.9724], [95.9764, 51.9665], [95.9791, 51.9531], [96.0041, 51.9446], [96.0114, 51.932], [96.0742, 51.9122], [96.0739, 51.9005], [96.1024, 51.8956], [96.1119, 51.8861], [96.1438, 51.8809], [96.1588, 51.8701], [96.1746, 51.8684], [96.188, 51.8471], [96.2293, 51.8264], [96.2759, 51.7855], [96.3107, 51.7801], [96.3344, 51.8033], [96.3949, 51.8009], [96.4185, 51.8042], [96.4534, 51.8168], [96.4678, 51.8134], [96.4997, 51.7933], [96.5155, 51.7884], [96.5271, 51.7909], [96.5362, 51.7756], [96.5332, 51.7654], [96.5624, 51.7459], [96.5568, 51.7252], [96.603, 51.7041], [96.6253, 51.7031], [96.6322, 51.7103], [96.6308, 51.7214], [96.6605, 51.7278], [96.671, 51.7153], [96.6806, 51.7117], [96.6941, 51.7144], [96.7127, 51.7107], [96.7354, 51.7171], [96.7558, 51.7171], [96.7699, 51.7144], [96.7803, 51.7063], [96.8137, 51.7123], [96.8196, 51.7027], [96.8618, 51.7044], [96.8823, 51.6987], [96.9104, 51.7014], [96.9112, 51.7077], [96.9192, 51.7101], [96.9385, 51.7096], [96.9497, 51.7032], [96.957, 51.7062], [96.9704, 51.7023], [96.9769, 51.6927], [97.0038, 51.6885], [97.0121, 51.6808], [97.0142, 51.677], [96.9911, 51.6637], [96.9881, 51.6536], [96.9958, 51.6436], [97.0025, 51.6165], [97.0138, 51.6103], [97.0157, 51.6009], [97.0647, 51.599], [97.0728, 51.6226], [97.1279, 51.6468], [97.1257, 51.6582], [97.1296, 51.6682], [97.1578, 51.6716], [97.2097, 51.6725], [97.2302, 51.6574], [97.2514, 51.6649], [97.2652, 51.6779], [97.3037, 51.6724], [97.3143, 51.6764], [97.3354, 51.6735], [97.3724, 51.6559], [97.4113, 51.6528], [97.4419, 51.6339], [97.4658, 51.6304], [97.4831, 51.6341], [97.5105, 51.6137], [97.5338, 51.6148], [97.5455, 51.6073], [97.5589, 51.6088], [97.5654, 51.6195], [97.5565, 51.6374], [97.5312, 51.6466], [97.5431, 51.6509], [97.5423, 51.6592], [97.5489, 51.6664], [97.5738, 51.6671], [97.5843, 51.6772], [97.6391, 51.6842], [97.645, 51.6756], [97.66, 51.6804], [97.6735, 51.674], [97.69, 51.6805], [97.7381, 51.671], [97.7498, 51.663], [97.7729, 51.6688], [97.7718, 51.6785], [97.8107, 51.6689], [97.8388, 51.6915], [97.8475, 51.6932], [97.8687, 51.685], [97.8772, 51.6925], [97.8643, 51.7031], [97.8689, 51.7095], [97.8615, 51.717], [97.8661, 51.7281], [97.8202, 51.761], [97.8192, 51.7795], [97.8125, 51.7929], [97.8152, 51.8033], [97.7896, 51.8185], [97.7873, 51.8388], [97.7813, 51.8469], [97.7733, 51.8507], [97.7581, 51.8477], [97.7545, 51.856], [97.7586, 51.8629], [97.7755, 51.8667], [97.7893, 51.8621], [97.8047, 51.8674], [97.7967, 51.8818], [97.8589, 51.8822], [97.8695, 51.8894], [97.8926, 51.887], [97.9193, 51.8728], [97.9236, 51.8782], [97.9188, 51.8837], [97.921, 51.8921], [97.9061, 51.9008], [97.9251, 51.9156], [97.9475, 51.9214], [97.9367, 51.9472], [97.9733, 51.9647], [97.9662, 51.987], [97.9864, 51.9908], [97.9898, 52.003], [98.0111, 52.0081], [98.0498, 52.0044], [98.1537, 52.0099], [98.184, 52.026], [98.2433, 52.0237], [98.2516, 52.0266], [98.2498, 52.0315], [98.2692, 52.0382], [98.2701, 52.0449], [98.2788, 52.0518], [98.2885, 52.049], [98.297, 52.0557], [98.2867, 52.0893], [98.2983, 52.0949], [98.2965, 52.0988], [98.2817, 52.0993], [98.2714, 52.1107], [98.2514, 52.1137], [98.2551, 52.1387], [98.2717, 52.1515], [98.2728, 52.1588], [98.2632, 52.1754], [98.2629, 52.188], [98.2537, 52.2004], [98.2586, 52.205], [98.272, 52.209], [98.2895, 52.2039], [98.2962, 52.2103], [98.3111, 52.2113], [98.3354, 52.2227], [98.3736, 52.2286], [98.3855, 52.2379], [98.4015, 52.242], [98.4218, 52.237], [98.4254, 52.2299], [98.4412, 52.2347], [98.4766, 52.2225], [98.489, 52.2232], [98.5007, 52.2114], [98.4901, 52.2053], [98.5096, 52.1988], [98.5152, 52.1911], [98.5301, 52.1914], [98.5377, 52.186], [98.5379, 52.1799], [98.552, 52.1912], [98.5578, 52.2201], [98.5713, 52.2252], [98.554, 52.2526], [98.5646, 52.2794], [98.5869, 52.2778], [98.6214, 52.2567], [98.6342, 52.2614], [98.6556, 52.2611], [98.6583, 52.2692], [98.6477, 52.2795], [98.6574, 52.289], [98.6619, 52.3041], [98.6541, 52.3076], [98.6686, 52.3407], [98.6857, 52.3553], [98.679, 52.3583], [98.6759, 52.3667], [98.6671, 52.3678], [98.6636, 52.3789], [98.6536, 52.3854], [98.6544, 52.3921], [98.6333, 52.3945], [98.6346, 52.4064], [98.6299, 52.4147], [98.6328, 52.4231], [98.6448, 52.4279], [98.6682, 52.4274], [98.6982, 52.4459], [98.6982, 52.4538], [98.7126, 52.4587], [98.7055, 52.4658], [98.7112, 52.4772], [98.7247, 52.4779], [98.7357, 52.4869], [98.7345, 52.4942], [98.7417, 52.4994], [98.7587, 52.4971], [98.7705, 52.5093], [98.8024, 52.508], [98.8086, 52.5166], [98.8054, 52.5328], [98.8123, 52.5338], [98.8192, 52.5273], [98.8309, 52.5377], [98.8278, 52.5437], [98.7851, 52.5603], [98.7816, 52.5671], [98.8003, 52.573], [98.7937, 52.5747], [98.7861, 52.6047], [98.8056, 52.6105], [98.8085, 52.6195], [98.8198, 52.6209], [98.8312, 52.6155], [98.8639, 52.6268], [98.8682, 52.6334], [98.8661, 52.6544], [98.87, 52.6579], [98.9102, 52.65], [98.9314, 52.6575], [98.929, 52.6669], [98.9399, 52.6718], [98.935, 52.6785], [98.9404, 52.6833], [98.9314, 52.691], [98.9312, 52.7035], [98.9403, 52.711], [98.9549, 52.71], [98.9602, 52.7156], [98.9555, 52.7303], [98.9342, 52.7487], [98.9383, 52.7609], [98.9303, 52.7683], [98.9462, 52.7801], [98.9498, 52.7871], [98.9436, 52.792], [98.9299, 52.7947], [98.9235, 52.802], [98.8491, 52.7953], [98.8537, 52.8038], [98.8691, 52.8142], [98.8685, 52.8191], [98.8529, 52.8252], [98.8515, 52.8366], [98.87, 52.8519], [98.8653, 52.8557], [98.8672, 52.8602], [98.8849, 52.8716], [98.9015, 52.8731], [98.9007, 52.8796], [98.8927, 52.8854], [98.8942, 52.8969], [98.9101, 52.9016], [98.9159, 52.914], [98.9245, 52.9188], [98.9241, 52.9316], [98.9355, 52.9372], [98.9604, 52.9302], [98.9741, 52.9341], [99.0154, 52.9077], [99.0587, 52.8908], [99.0806, 52.8889], [99.1217, 52.8731], [99.1696, 52.8646], [99.2058, 52.8744], [99.2203, 52.867], [99.2308, 52.8679], [99.2331, 52.8832], [99.2243, 52.8876], [99.2289, 52.8981], [99.2234, 52.9151], [99.2584, 52.9338], [99.2737, 52.9315], [99.2722, 52.9388], [99.2639, 52.9404], [99.256, 52.9503], [99.204, 52.9768], [99.1776, 52.9772], [99.1674, 52.9878], [99.1294, 52.9848], [99.1148, 52.9951], [99.0649, 53.0024], [99.052, 53.0118], [98.9998, 53.0274], [98.9939, 53.0451], [99.001, 53.0577], [99.023, 53.0657], [99.0268, 53.0786], [99.0638, 53.0922], [99.0621, 53.1037], [99.0551, 53.1091], [99.0097, 53.103], [98.9627, 53.126], [98.9577, 53.1378], [98.9451, 53.1391], [98.9278, 53.1535], [98.9174, 53.1552], [98.9067, 53.148], [98.891, 53.1472], [98.8862, 53.137], [98.8999, 53.1237], [98.8923, 53.1173], [98.8799, 53.1257], [98.863, 53.1266], [98.8511, 53.1214], [98.8235, 53.1238], [98.8001, 53.1342], [98.7686, 53.1319], [98.7528, 53.1389], [98.751, 53.1492], [98.736, 53.1471], [98.7263, 53.1533], [98.6792, 53.1576], [98.6647, 53.153], [98.6678, 53.1416], [98.6582, 53.1359], [98.6596, 53.1301], [98.6519, 53.1241], [98.658, 53.121], [98.6562, 53.1155], [98.6438, 53.1152], [98.6371, 53.1012], [98.5597, 53.0999], [98.5431, 53.1057], [98.5309, 53.1027], [98.5068, 53.1073], [98.4741, 53.0965], [98.4512, 53.0957], [98.4179, 53.099], [98.4026, 53.1091], [98.3992, 53.1002], [98.3877, 53.0964], [98.3797, 53.0999], [98.3559, 53.0859], [98.3332, 53.0989], [98.3036, 53.0964], [98.3112, 53.1046], [98.2971, 53.1181], [98.2985, 53.1337], [98.2907, 53.1465], [98.318, 53.1594], [98.2981, 53.1748], [98.3156, 53.1868], [98.3109, 53.1914], [98.3145, 53.1975], [98.3052, 53.2045], [98.3204, 53.211], [98.2971, 53.2273], [98.2397, 53.208], [98.2334, 53.2121], [98.2281, 53.2276], [98.1889, 53.2474], [98.1503, 53.2444], [98.1423, 53.2368], [98.1239, 53.2351], [98.0912, 53.242], [98.0799, 53.2508], [98.0574, 53.2468], [98.0046, 53.2484], [98.0004, 53.2579], [98.0048, 53.2665], [98.0022, 53.2761], [97.9584, 53.3033], [97.9892, 53.3286], [97.9865, 53.336], [97.9905, 53.341], [97.9819, 53.3483], [97.9601, 53.342], [97.939, 53.3496], [97.9009, 53.3448], [97.8836, 53.3513], [97.8661, 53.3467], [97.8246, 53.3631], [97.8128, 53.3735], [97.7984, 53.3736], [97.7966, 53.3654], [97.7857, 53.3623], [97.7354, 53.3687], [97.7272, 53.3765], [97.7147, 53.368], [97.6906, 53.3722], [97.6795, 53.3655], [97.6572, 53.3653], [97.6454, 53.3586], [97.5999, 53.3704], [97.5894, 53.3775], [97.6042, 53.3867], [97.6072, 53.3942], [97.5956, 53.3981], [97.6036, 53.4085], [97.6028, 53.4259], [97.5921, 53.4276], [97.5841, 53.4383], [97.5411, 53.4515], [97.5141, 53.4474], [97.5018, 53.453], [97.4847, 53.4517], [97.4808, 53.4562], [97.4543, 53.4563], [97.4467, 53.4673], [97.4343, 53.4717], [97.4409, 53.4814], [97.4238, 53.4956], [97.4266, 53.5079], [97.4053, 53.5125], [97.3936, 53.5243], [97.3823, 53.524], [97.3901, 53.5437], [97.3739, 53.5441], [97.3719, 53.5556], [97.3425, 53.5595], [97.3324, 53.5693], [97.3291, 53.5888], [97.3119, 53.5888], [97.2967, 53.5799], [97.2761, 53.5863], [97.2541, 53.5848], [97.2305, 53.595], [97.2201, 53.5926], [97.2129, 53.5967], [97.2031, 53.619], [97.1829, 53.6236], [97.1764, 53.6139], [97.1658, 53.6109], [97.1263, 53.6148], [97.1246, 53.6219], [97.1096, 53.6233], [97.0997, 53.6337], [97.0857, 53.6372], [97.0898, 53.6462], [97.0765, 53.6591], [97.057, 53.6467], [97.0099, 53.653], [96.9998, 53.6636], [96.9903, 53.6634], [96.9768, 53.6719], [96.9728, 53.6908], [96.9566, 53.6955], [96.9421, 53.6938], [96.9298, 53.7017], [96.9167, 53.7023], [96.9128, 53.7141], [96.8982, 53.7169], [96.894, 53.7282], [96.8679, 53.7289], [96.8397, 53.7212], [96.8282, 53.7269], [96.8169, 53.7238], [96.7974, 53.7283], [96.7618, 53.7192], [96.7423, 53.7268], [96.7307, 53.7235], [96.7073, 53.7098], [96.7056, 53.7012], [96.7145, 53.6952], [96.7059, 53.6884], [96.7056, 53.68], [96.7113, 53.6739], [96.6998, 53.6675], [96.6974, 53.6544], [96.6883, 53.6463]]]}}, {"type": "Feature", "properties": {"osm_type": "relation", "osm_id": 569323075, "name": "городской округ Ак-Довурак", "admin_level": "6", "kind": "subdivision_2", "parent_osm_id": 145195, "parent_name": "Tuva Republic", "parent_iso": "RU-TY"}, "geometry": {"type": "Polygon", "coordinates": [[[90.5139, 51.2112], [90.534, 51.176], [90.5499, 51.1682], [90.5432, 51.1593], [90.5485, 51.1481], [90.5966, 51.1595], [90.6044, 51.1683], [90.6141, 51.1661], [90.6328, 51.1736], [90.6366, 51.1705], [90.669, 51.1767], [90.6697, 51.1976], [90.6611, 51.2096], [90.6504, 51.2153], [90.5761, 51.2169], [90.5546, 51.2095], [90.5204, 51.2173], [90.5139, 51.2112]]]}}, {"type": "Feature", "properties": {"osm_type": "relation", "osm_id": 666454512, "name": "Ulug-Khemsky Kozhuun", "admin_level": "6", "kind": "subdivision_2", "parent_osm_id": 145195, "parent_name": "Tuva Republic", "parent_iso": "RU-TY"}, "geometry": {"type": "Polygon", "coordinates": [[[93.5671, 51.4708], [93.5529, 51.4863], [93.5323, 51.4955], [93.5232, 51.5133], [93.5182, 51.5599], [93.5323, 51.5643], [93.5315, 51.5714], [93.4987, 51.5711], [93.4895, 51.5647], [93.4399, 51.5691], [93.4101, 51.583], [93.4016, 51.593], [93.3799, 51.5873], [93.3499, 51.5944], [93.3363, 51.5908], [93.3445, 51.6045], [93.3736, 51.6077], [93.3948, 51.6046], [93.3969, 51.6152], [93.3903, 51.6342], [93.3938, 51.6502], [93.386, 51.6523], [93.3926, 51.6555], [93.387, 51.6691], [93.3893, 51.6751], [93.3704, 51.6972], [93.3397, 51.7188], [93.3402, 51.7306], [93.3465, 51.7327], [93.3426, 51.7501], [93.3483, 51.755], [93.3476, 51.7631], [93.3597, 51.7672], [93.3639, 51.7801], [93.3641, 51.7868], [93.3554, 51.797], [93.4104, 51.7817], [93.4194, 51.7907], [93.4529, 51.804], [93.4938, 51.8065], [93.5224, 51.776], [93.4946, 51.7559], [93.5068, 51.7413], [93.5486, 51.7362], [93.5608, 51.7385], [93.5627, 51.7456], [93.6033, 51.7451], [93.6225, 51.7396], [93.6243, 51.7464], [93.6109, 51.7502], [93.5931, 51.7672], [93.6257, 51.7729], [93.6449, 51.7713], [93.6459, 51.7752], [93.6769, 51.7858], [93.6907, 51.7821], [93.6648, 51.7623], [93.6856, 51.7653], [93.7328, 51.7793], [93.7241, 51.798], [93.7555, 51.8059], [93.747, 51.8356], [93.7517, 51.846], [93.7298, 51.8524], [93.6656, 51.8276], [93.6627, 51.8215], [93.6282, 51.8241], [93.6009, 51.8546], [93.6016, 51.8631], [93.5922, 51.8655], [93.591, 51.8727], [93.5825, 51.8787], [93.5929, 51.8896], [93.5774, 51.8924], [93.5642, 51.9036], [93.5518, 51.8994], [93.5371, 51.8859], [93.511, 51.8849], [93.5031, 51.8779], [93.4909, 51.8795], [93.4326, 51.867], [93.4328, 51.8631], [93.4222, 51.8591], [93.4246, 51.8449], [93.3915, 51.8422], [93.3701, 51.8461], [93.3399, 51.8358], [93.3218, 51.8368], [93.2984, 51.8234], [93.2668, 51.8366], [93.2585, 51.8495], [93.2645, 51.856], [93.2633, 51.862], [93.2434, 51.8707], [93.2217, 51.869], [93.1918, 51.8853], [93.1393, 51.8681], [93.1408, 51.8596], [93.132, 51.8478], [93.1159, 51.8454], [93.1026, 51.8374], [93.075, 51.8507], [93.0498, 51.843], [93.0454, 51.8374], [93.0352, 51.8355], [93.0186, 51.8406], [93.0052, 51.8347], [92.9969, 51.8393], [92.9823, 51.8365], [92.9684, 51.8257], [92.9553, 51.8243], [92.9043, 51.8355], [92.8906, 51.8436], [92.8737, 51.836], [92.8433, 51.835], [92.8256, 51.8407], [92.8175, 51.8487], [92.795, 51.8466], [92.769, 51.8555], [92.7631, 51.8486], [92.7491, 51.8464], [92.6964, 51.8513], [92.6627, 51.833], [92.6465, 51.8205], [92.6447, 51.8122], [92.6257, 51.8082], [92.5933, 51.8135], [92.5899, 51.8074], [92.5688, 51.8079], [92.5388, 51.7915], [92.5121, 51.7991], [92.4939, 51.7905], [92.481, 51.7907], [92.4725, 51.8003], [92.4616, 51.803], [92.4383, 51.7969], [92.4089, 51.8065], [92.3955, 51.8059], [92.3642, 51.8183], [92.2843, 51.8091], [92.2552, 51.8227], [92.2325, 51.8113], [92.2219, 51.8111], [92.2249, 51.8078], [92.2643, 51.7994], [92.28, 51.8044], [92.2906, 51.7906], [92.3393, 51.7885], [92.3581, 51.7946], [92.3839, 51.7927], [92.389, 51.7818], [92.4031, 51.7698], [92.4223, 51.7733], [92.4347, 51.7666], [92.4654, 51.7707], [92.5096, 51.7538], [92.5531, 51.7645], [92.5701, 51.7558], [92.6012, 51.7588], [92.6323, 51.7539], [92.6402, 51.7478], [92.6368, 51.7317], [92.6296, 51.7234], [92.6053, 51.7297], [92.5645, 51.7301], [92.555, 51.712], [92.5283, 51.7314], [92.5117, 51.7312], [92.4817, 51.7012], [92.4587, 51.6989], [92.438, 51.7037], [92.376, 51.6763], [92.3846, 51.6691], [92.4129, 51.6653], [92.4458, 51.6531], [92.47, 51.6376], [92.4964, 51.6393], [92.5353, 51.6259], [92.5549, 51.63], [92.586, 51.5593], [92.5647, 51.5555], [92.539, 51.5436], [92.5132, 51.5288], [92.5159, 51.5224], [92.4978, 51.5182], [92.507, 51.5105], [92.52, 51.5084], [92.4826, 51.488], [92.4948, 51.4738], [92.4883, 51.4522], [92.4948, 51.4425], [92.4913, 51.4365], [92.4849, 51.4369], [92.465, 51.4222], [92.4547, 51.4313], [92.4283, 51.423], [92.4123, 51.4252], [92.3857, 51.4199], [92.3834, 51.3984], [92.3888, 51.3944], [92.3652, 51.3777], [92.3542, 51.375], [92.3538, 51.3689], [92.3385, 51.3594], [92.354, 51.3486], [92.3448, 51.3436], [92.3513, 51.3426], [92.3512, 51.3304], [92.2998, 51.3046], [92.2935, 51.2624], [92.2784, 51.2445], [92.267, 51.2032], [92.2538, 51.1898], [92.1855, 51.1579], [92.1724, 51.1443], [92.1903, 51.1264], [92.1881, 51.1125], [92.2213, 51.0998], [92.2146, 51.0868], [92.2339, 51.0806], [92.2434, 51.061], [92.2779, 51.0532], [92.4413, 51.0778], [92.4706, 51.09], [92.5055, 51.0907], [92.5152, 51.1106], [92.5345, 51.122], [92.5459, 51.1158], [92.567, 51.1178], [92.5979, 51.1087], [92.6206, 51.1134], [92.6321, 51.1009], [92.6818, 51.1177], [92.69, 51.1031], [92.689, 51.094], [92.7097, 51.0898], [92.7332, 51.0732], [92.7356, 51.0651], [92.7512, 51.0611], [92.7505, 51.0551], [92.7588, 51.0495], [92.7647, 51.0358], [92.7942, 51.02], [92.8144, 50.9983], [92.835, 50.9849], [92.8614, 50.9833], [92.8923, 50.9954], [92.9909, 51.0098], [93.0035, 51.0046], [93.0158, 50.9861], [93.0475, 50.995], [93.0629, 50.9942], [93.0922, 51.0084], [93.0987, 51.0234], [93.1147, 51.0214], [93.1341, 51.0283], [93.1643, 51.0261], [93.1928, 51.0379], [93.1972, 51.0453], [93.2309, 51.0491], [93.243, 51.0638], [93.2637, 51.0692], [93.2382, 51.0737], [93.223, 51.0941], [93.2128, 51.0975], [93.2126, 51.1153], [93.1869, 51.1183], [93.1662, 51.1306], [93.1537, 51.1453], [93.0698, 51.1501], [93.0659, 51.1872], [93.0517, 51.1961], [93.0489, 51.2087], [93.0918, 51.2335], [93.1184, 51.2305], [93.1348, 51.2223], [93.1545, 51.2224], [93.2283, 51.177], [93.2277, 51.1546], [93.254, 51.1581], [93.258, 51.1929], [93.2655, 51.2031], [93.2907, 51.2102], [93.3257, 51.2305], [93.3211, 51.2343], [93.3206, 51.2501], [93.2937, 51.2608], [93.279, 51.2726], [93.2035, 51.2703], [93.181, 51.2752], [93.2031, 51.2749], [93.2614, 51.2998], [93.3392, 51.2985], [93.3626, 51.2849], [93.403, 51.2826], [93.4701, 51.2967], [93.4587, 51.3149], [93.464, 51.3369], [93.479, 51.3459], [93.4955, 51.3749], [93.496, 51.3785], [93.4885, 51.3813], [93.4885, 51.398], [93.498, 51.4046], [93.5216, 51.401], [93.5559, 51.4096], [93.5592, 51.4173], [93.585, 51.4275], [93.5866, 51.4464], [93.5781, 51.4621], [93.5671, 51.4708]]]}}, {"type": "Feature", "properties": {"osm_type": "relation", "osm_id": 514051364, "name": "Chaa-Kholsky Kozhuun", "admin_level": "6", "kind": "subdivision_2", "parent_osm_id": 145195, "parent_name": "Tuva Republic", "parent_iso": "RU-TY"}, "geometry": {"type": "Polygon", "coordinates": [[[92.2219, 51.8111], [92.1918, 51.799], [92.1232, 51.7912], [92.1134, 51.7819], [92.0785, 51.7723], [92.025, 51.7962], [91.9944, 51.7941], [91.9552, 51.8111], [91.9389, 51.8074], [91.9268, 51.8215], [91.9141, 51.8246], [91.905, 51.8009], [91.9192, 51.773], [91.9274, 51.7686], [91.9307, 51.7493], [91.9303, 51.7418], [91.9208, 51.7307], [91.904, 51.726], [91.8902, 51.7336], [91.9037, 51.7394], [91.9001, 51.7431], [91.8913, 51.7408], [91.8898, 51.745], [91.8967, 51.7468], [91.8925, 51.7558], [91.871, 51.754], [91.8722, 51.7591], [91.8604, 51.7666], [91.8521, 51.7604], [91.8402, 51.7593], [91.8378, 51.7531], [91.8149, 51.7374], [91.8022, 51.7366], [91.7984, 51.7185], [91.7895, 51.7059], [91.751, 51.6877], [91.7479, 51.6743], [91.7275, 51.6526], [91.8199, 51.5883], [91.8558, 51.5791], [91.9073, 51.5819], [91.9178, 51.5475], [91.9236, 51.4905], [91.9417, 51.461], [91.9045, 51.4464], [91.8781, 51.4484], [91.8671, 51.4409], [91.8961, 51.418], [91.8938, 51.3749], [91.905, 51.3462], [91.9591, 51.3449], [91.9653, 51.3271], [91.9762, 51.3222], [91.9796, 51.3013], [92.0095, 51.2874], [92.0111, 51.2665], [92.0196, 51.2495], [92.0974, 51.2344], [92.0809, 51.2067], [92.0987, 51.1766], [92.1855, 51.1579], [92.2538, 51.1898], [92.267, 51.2032], [92.2784, 51.2445], [92.2935, 51.2624], [92.2998, 51.3046], [92.3512, 51.3304], [92.3513, 51.3426], [92.3448, 51.3436], [92.354, 51.3486], [92.3385, 51.3594], [92.3538, 51.3689], [92.3542, 51.375], [92.3652, 51.3777], [92.3888, 51.3944], [92.3834, 51.3984], [92.3857, 51.4199], [92.4123, 51.4252], [92.4283, 51.423], [92.4547, 51.4313], [92.465, 51.4222], [92.4849, 51.4369], [92.4913, 51.4365], [92.4948, 51.4425], [92.4883, 51.4522], [92.4948, 51.4738], [92.4826, 51.488], [92.52, 51.5084], [92.507, 51.5105], [92.4978, 51.5182], [92.5159, 51.5224], [92.5132, 51.5288], [92.539, 51.5436], [92.5647, 51.5555], [92.586, 51.5593], [92.5549, 51.63], [92.5353, 51.6259], [92.4964, 51.6393], [92.47, 51.6376], [92.4458, 51.6531], [92.4129, 51.6653], [92.3846, 51.6691], [92.376, 51.6763], [92.438, 51.7037], [92.4587, 51.6989], [92.4817, 51.7012], [92.5117, 51.7312], [92.5283, 51.7314], [92.555, 51.712], [92.5645, 51.7301], [92.6053, 51.7297], [92.6296, 51.7234], [92.6368, 51.7317], [92.6402, 51.7478], [92.6323, 51.7539], [92.6012, 51.7588], [92.5701, 51.7558], [92.5531, 51.7645], [92.5096, 51.7538], [92.4654, 51.7707], [92.4347, 51.7666], [92.4223, 51.7733], [92.4031, 51.7698], [92.389, 51.7818], [92.3839, 51.7927], [92.3581, 51.7946], [92.3393, 51.7885], [92.2906, 51.7906], [92.28, 51.8044], [92.2643, 51.7994], [92.2219, 51.8111]]]}}, {"type": "Feature", "properties": {"osm_type": "relation", "osm_id": 343635364, "name": "Mongun-Tayginsky Kozhuun", "admin_level": "6", "kind": "subdivision_2", "parent_osm_id": 145195, "parent_name": "Tuva Republic", "parent_iso": "RU-TY"}, "geometry": {"type": "Polygon", "coordinates": [[[89.5936, 49.9123], [89.6293, 49.9188], [89.706, 49.9439], [89.7994, 49.9534], [89.8226, 49.9518], [89.8614, 49.9594], [89.8828, 49.953], [89.9587, 49.9717], [89.9748, 49.9713], [90.0173, 49.9905], [90.022, 50.0012], [90.0316, 49.9986], [90.0307, 50.0078], [90.0051, 50.0318], [90.0023, 50.0542], [90.0077, 50.0579], [90.0669, 50.0831], [90.1652, 50.1082], [90.2088, 50.1027], [90.2852, 50.1109], [90.329, 50.1522], [90.3587, 50.1634], [90.3889, 50.1926], [90.4121, 50.1991], [90.4528, 50.1971], [90.4815, 50.2103], [90.4795, 50.2218], [90.4834, 50.2282], [90.5041, 50.2351], [90.5443, 50.2432], [90.5807, 50.2439], [90.5978, 50.2387], [90.5981, 50.2326], [90.6182, 50.224], [90.6489, 50.2255], [90.6733, 50.2143], [90.7308, 50.2434], [90.7064, 50.3129], [90.7165, 50.3153], [90.6894, 50.3233], [90.6724, 50.3352], [90.6681, 50.3669], [90.7027, 50.4183], [90.7059, 50.4271], [90.7001, 50.4372], [90.6999, 50.4522], [90.7378, 50.4899], [90.7196, 50.5178], [90.6896, 50.5281], [90.6669, 50.5281], [90.6477, 50.5392], [90.6393, 50.5545], [90.6466, 50.5611], [90.6365, 50.5667], [90.6437, 50.5677], [90.6423, 50.5775], [90.6502, 50.5852], [90.651, 50.6013], [90.6446, 50.6241], [90.6513, 50.6353], [90.6102, 50.681], [90.5827, 50.6891], [90.5826, 50.6851], [90.5737, 50.6864], [90.5766, 50.6925], [90.5684, 50.706], [90.5185, 50.6948], [90.5261, 50.6756], [90.5195, 50.665], [90.5228, 50.6415], [90.5093, 50.6155], [90.4919, 50.6078], [90.4505, 50.6041], [90.4074, 50.6164], [90.3884, 50.6109], [90.3684, 50.6171], [90.3576, 50.6141], [90.3297, 50.6191], [90.2879, 50.5991], [90.2638, 50.5942], [90.2589, 50.5711], [90.2007, 50.5434], [90.1759, 50.536], [90.1603, 50.5414], [90.1366, 50.5374], [90.1246, 50.5276], [90.116, 50.5124], [90.0913, 50.5147], [90.0828, 50.5052], [90.0641, 50.5047], [90.037, 50.4933], [90.0243, 50.4968], [89.9996, 50.4929], [89.98, 50.4976], [89.9723, 50.5136], [89.9556, 50.5261], [89.9484, 50.5255], [89.9414, 50.5165], [89.9309, 50.521], [89.9139, 50.5186], [89.9057, 50.5067], [89.9011, 50.5066], [89.8824, 50.5075], [89.8738, 50.5196], [89.8516, 50.5233], [89.8434, 50.5146], [89.8422, 50.4999], [89.8616, 50.4825], [89.8656, 50.472], [89.8556, 50.4629], [89.8593, 50.4552], [89.8479, 50.4416], [89.8293, 50.4352], [89.8189, 50.4112], [89.7945, 50.4145], [89.7867, 50.4198], [89.7358, 50.4093], [89.7231, 50.4031], [89.7188, 50.3923], [89.7073, 50.3841], [89.6647, 50.385], [89.6629, 50.3745], [89.6552, 50.3697], [89.6328, 50.3783], [89.6132, 50.3743], [89.6086, 50.3907], [89.6004, 50.3996], [89.5972, 50.4194], [89.5899, 50.4281], [89.5693, 50.4316], [89.5454, 50.4454], [89.5029, 50.4598], [89.5106, 50.4499], [89.4915, 50.4453], [89.4936, 50.4346], [89.4814, 50.3999], [89.4926, 50.3964], [89.4916, 50.3908], [89.5016, 50.3857], [89.4925, 50.375], [89.4968, 50.3639], [89.4136, 50.3372], [89.3815, 50.3389], [89.3767, 50.3282], [89.3795, 50.3149], [89.4066, 50.314], [89.4017, 50.3063], [89.3933, 50.3048], [89.3903, 50.2864], [89.3438, 50.2642], [89.3451, 50.2581], [89.3315, 50.2444], [89.3367, 50.2329], [89.333, 50.2167], [89.3084, 50.2079], [89.3513, 50.1932], [89.3673, 50.182], [89.3934, 50.1855], [89.4035, 50.1779], [89.417, 50.1922], [89.4406, 50.2037], [89.4779, 50.2019], [89.5202, 50.1917], [89.5285, 50.1734], [89.5267, 50.1633], [89.5325, 50.1479], [89.5229, 50.1349], [89.51, 50.1286], [89.5115, 50.1193], [89.5568, 50.115], [89.558, 50.1086], [89.5658, 50.1059], [89.5824, 50.107], [89.5846, 50.088], [89.5918, 50.0835], [89.5792, 50.0767], [89.5622, 50.076], [89.5554, 50.0683], [89.534, 50.0659], [89.536, 50.0539], [89.5247, 50.0393], [89.5388, 50.029], [89.544, 50.015], [89.5679, 50.0199], [89.5929, 50.0155], [89.594, 50.0037], [89.6015, 49.9939], [89.5987, 49.9845], [89.6248, 49.9709], [89.6087, 49.9637], [89.6048, 49.9482], [89.6147, 49.9392], [89.5966, 49.9221], [89.5936, 49.9123]]]}}, {"type": "Feature", "properties": {"osm_type": "relation", "osm_id": 100920129, "name": "Tes-Khemsky Kozhuun", "admin_level": "6", "kind": "subdivision_2", "parent_osm_id": 145195, "parent_name": "Tuva Republic", "parent_iso": "RU-TY"}, "geometry": {"type": "Polygon", "coordinates": [[[94.2624, 50.9864], [94.242, 50.9791], [94.2294, 50.9797], [94.2463, 50.97], [94.2481, 50.9509], [94.2393, 50.9303], [94.2343, 50.8947], [94.2159, 50.8659], [94.1888, 50.8574], [94.1644, 50.8583], [94.1546, 50.8532], [94.1388, 50.8566], [94.1292, 50.8505], [94.0778, 50.8423], [94.0369, 50.8487], [94.0368, 50.8539], [94.0247, 50.8642], [94.0005, 50.8563], [93.9895, 50.8572], [93.9395, 50.8826], [93.9229, 50.8745], [93.9071, 50.8779], [93.8621, 50.8742], [93.8418, 50.8867], [93.7914, 50.888], [93.7854, 50.8836], [93.7644, 50.887], [93.755, 50.8949], [93.7146, 50.8787], [93.6818, 50.8751], [93.6617, 50.8818], [93.657, 50.8909], [93.6445, 50.8964], [93.6238, 50.9172], [93.5626, 50.9258], [93.549, 50.9226], [93.5391, 50.928], [93.5447, 50.9359], [93.5388, 50.9402], [93.5408, 50.9461], [93.5136, 50.9574], [93.4798, 50.965], [93.4718, 50.9544], [93.458, 50.9542], [93.4252, 50.9426], [93.3607, 50.9507], [93.3408, 50.9599], [93.3053, 50.9423], [93.2567, 50.9261], [93.2479, 50.911], [93.2546, 50.8953], [93.243, 50.8851], [93.2472, 50.8578], [93.2554, 50.8493], [93.2507, 50.8426], [93.2897, 50.8352], [93.288, 50.8262], [93.2972, 50.8159], [93.3231, 50.7994], [93.3249, 50.7805], [93.3157, 50.7742], [93.3159, 50.7651], [93.3726, 50.7076], [93.3139, 50.6973], [93.2951, 50.6895], [93.3198, 50.6674], [93.3374, 50.6581], [93.3435, 50.6459], [93.3877, 50.6314], [93.3975, 50.6345], [93.4244, 50.6283], [93.4566, 50.6311], [93.5113, 50.6172], [93.518, 50.6123], [93.5179, 50.6045], [93.5319, 50.6087], [93.5366, 50.6006], [93.5422, 50.606], [93.5447, 50.6022], [93.5531, 50.6033], [93.5582, 50.6122], [93.5644, 50.6103], [93.5598, 50.607], [93.5632, 50.6028], [93.5737, 50.6097], [93.5793, 50.6048], [93.6364, 50.6069], [93.6673, 50.5902], [93.7034, 50.5862], [93.7504, 50.5953], [93.8562, 50.6011], [93.941, 50.5899], [93.9944, 50.6048], [94.031, 50.5967], [94.2404, 50.5878], [94.2837, 50.5719], [94.2959, 50.5532], [94.3047, 50.5259], [94.3415, 50.5012], [94.3826, 50.2811], [94.3838, 50.2395], [94.3897, 50.214], [94.4208, 50.1919], [94.4754, 50.192], [94.4943, 50.181], [94.5203, 50.1743], [94.5246, 50.1534], [94.5309, 50.1515], [94.5222, 50.141], [94.5301, 50.1359], [94.6594, 50.1411], [94.6391, 50.1595], [94.6288, 50.209], [94.6343, 50.2256], [94.6591, 50.2571], [94.6965, 50.2817], [94.8033, 50.3264], [94.8134, 50.3471], [94.8459, 50.3544], [94.8655, 50.3705], [94.8564, 50.3848], [94.9763, 50.4783], [94.9994, 50.4849], [95.0099, 50.4821], [95.0395, 50.4885], [95.0583, 50.4872], [95.1004, 50.4984], [95.1216, 50.5111], [95.1568, 50.5199], [95.1616, 50.5243], [95.1514, 50.5371], [95.2386, 50.559], [95.2559, 50.5495], [95.2664, 50.5288], [95.2954, 50.5215], [95.3032, 50.5218], [95.3086, 50.531], [95.3408, 50.5313], [95.3584, 50.5213], [95.3611, 50.5059], [95.371, 50.492], [95.3816, 50.4873], [95.4221, 50.4891], [95.4501, 50.5031], [95.4469, 50.514], [95.4416, 50.5161], [95.4475, 50.5196], [95.445, 50.5259], [95.4503, 50.5487], [95.4554, 50.5541], [95.4787, 50.5599], [95.4753, 50.5738], [95.4825, 50.5792], [95.5098, 50.5831], [95.5243, 50.5764], [95.5351, 50.5781], [95.5311, 50.5901], [95.5416, 50.5937], [95.5516, 50.6056], [95.5455, 50.62], [95.5704, 50.6234], [95.5828, 50.6354], [95.6114, 50.643], [95.5967, 50.6571], [95.5945, 50.6729], [95.5875, 50.6831], [95.5767, 50.6897], [95.5628, 50.6894], [95.5586, 50.7117], [95.5764, 50.7319], [95.5541, 50.7522], [95.5188, 50.7497], [95.5079, 50.7582], [95.4705, 50.7726], [95.4682, 50.7824], [95.4433, 50.7855], [95.4397, 50.7798], [95.4194, 50.7817], [95.4179, 50.7748], [95.4055, 50.7688], [95.404, 50.7636], [95.3622, 50.7568], [95.3583, 50.7647], [95.3688, 50.7749], [95.3343, 50.7889], [95.2782, 50.7981], [95.2589, 50.822], [95.2274, 50.8047], [95.21, 50.8062], [95.1673, 50.7931], [95.157, 50.783], [95.1416, 50.7818], [95.1441, 50.7733], [95.1362, 50.763], [95.0989, 50.7691], [95.0846, 50.7636], [95.0556, 50.7656], [95.0436, 50.7613], [95.0374, 50.774], [94.9831, 50.7815], [94.9536, 50.7744], [94.9489, 50.7767], [94.9472, 50.7879], [94.9101, 50.8161], [94.8946, 50.8148], [94.8731, 50.8241], [94.8517, 50.8238], [94.8388, 50.8138], [94.8336, 50.8186], [94.8186, 50.8153], [94.8072, 50.8182], [94.785, 50.8311], [94.7825, 50.8379], [94.7734, 50.8402], [94.766, 50.8594], [94.7721, 50.8693], [94.7392, 50.8831], [94.7157, 50.9105], [94.6908, 50.9121], [94.6712, 50.9017], [94.6611, 50.8901], [94.6636, 50.8848], [94.6571, 50.8772], [94.655, 50.8632], [94.6399, 50.8663], [94.6231, 50.8786], [94.6116, 50.8792], [94.5943, 50.8674], [94.5423, 50.8775], [94.5483, 50.891], [94.5105, 50.8852], [94.4944, 50.8894], [94.485, 50.9018], [94.4812, 50.8971], [94.4249, 50.8907], [94.4052, 50.8981], [94.4274, 50.9158], [94.4278, 50.9287], [94.4187, 50.9401], [94.4221, 50.9497], [94.4058, 50.9524], [94.3984, 50.97], [94.3884, 50.9738], [94.3947, 50.9853], [94.3846, 50.9926], [94.3418, 50.9885], [94.3227, 50.9959], [94.3131, 50.9868], [94.2873, 50.9914], [94.2624, 50.9864]]]}}, {"type": "Feature", "properties": {"osm_type": "relation", "osm_id": 207607222, "name": "Кызылский кожуун", "admin_level": "6", "kind": "subdivision_2", "parent_osm_id": 145195, "parent_name": "Tuva Republic", "parent_iso": "RU-TY"}, "geometry": {"type": "Polygon", "coordinates": [[[95.0725, 51.1805], [95.077, 51.1813], [95.0721, 51.1908], [95.1145, 51.198], [95.1393, 51.2112], [95.15, 51.2256], [95.1384, 51.2345], [95.1476, 51.2509], [95.1489, 51.2808], [95.1343, 51.2834], [95.1485, 51.2907], [95.1488, 51.2972], [95.1704, 51.2973], [95.1741, 51.3224], [95.1202, 51.3352], [95.0803, 51.359], [95.0386, 51.3733], [95.0202, 51.3978], [94.9938, 51.4156], [95.0009, 51.4278], [94.9826, 51.4385], [94.9603, 51.437], [94.9394, 51.4547], [94.9179, 51.4579], [94.9124, 51.4648], [94.8481, 51.4928], [94.7997, 51.5262], [94.8015, 51.5402], [94.7582, 51.5615], [94.7415, 51.5841], [94.7559, 51.5964], [94.7498, 51.6084], [94.775, 51.6262], [94.7851, 51.6501], [94.7587, 51.6596], [94.7596, 51.6631], [94.7326, 51.6849], [94.681, 51.6959], [94.6792, 51.7096], [94.6872, 51.7403], [94.6764, 51.7556], [94.65, 51.7676], [94.6452, 51.7754], [94.6595, 51.7851], [94.7027, 51.7966], [94.7245, 51.8107], [94.7788, 51.8221], [94.7896, 51.8318], [94.8636, 51.8275], [94.8807, 51.8342], [94.9058, 51.8362], [95.0166, 51.8362], [95.0497, 51.8432], [95.0621, 51.8622], [95.0896, 51.8678], [95.1058, 51.864], [95.1263, 51.8725], [95.1615, 51.8704], [95.1902, 51.8604], [95.2477, 51.8695], [95.3296, 51.8597], [95.3366, 51.867], [95.3374, 51.8769], [95.3557, 51.8866], [95.3543, 51.899], [95.3717, 51.9027], [95.3912, 51.8962], [95.4205, 51.9034], [95.4209, 51.9128], [95.4289, 51.9185], [95.4406, 51.943], [95.4223, 51.9868], [95.449, 51.9792], [95.4698, 51.9874], [95.4826, 52.0024], [95.5776, 52.0063], [95.632, 51.9989], [95.6447, 52.0151], [95.6463, 52.0305], [95.6512, 52.0315], [95.6701, 52.0226], [95.709, 52.0209], [95.7362, 52.0131], [95.737, 52.0083], [95.7547, 52.0018], [95.7727, 52.0081], [95.7781, 52.0179], [95.8064, 52.02], [95.8455, 52.0036], [95.8546, 52.0075], [95.8621, 52.0179], [95.9077, 52.0178], [95.9441, 52.0312], [95.9526, 52.0301], [95.9545, 52.0435], [95.9439, 52.0694], [95.9367, 52.0763], [95.9129, 52.0817], [95.8955, 52.1106], [95.8731, 52.1219], [95.8445, 52.1256], [95.8151, 52.1409], [95.806, 52.1535], [95.7927, 52.1602], [95.7322, 52.1661], [95.6994, 52.1762], [95.6857, 52.1854], [95.6634, 52.1837], [95.657, 52.1937], [95.6628, 52.1993], [95.6584, 52.214], [95.6195, 52.2188], [95.6084, 52.2146], [95.5987, 52.2223], [95.5875, 52.224], [95.5613, 52.2215], [95.5567, 52.2158], [95.5053, 52.2205], [95.4838, 52.2285], [95.4505, 52.2276], [95.4436, 52.2344], [95.4515, 52.2461], [95.4427, 52.2563], [95.4327, 52.26], [95.4265, 52.2717], [95.414, 52.2758], [95.3653, 52.2714], [95.3521, 52.2657], [95.2762, 52.2661], [95.2542, 52.255], [95.2385, 52.2563], [95.2132, 52.2432], [95.2001, 52.249], [95.1757, 52.2427], [95.1702, 52.2502], [95.1432, 52.2416], [95.1019, 52.2439], [95.0791, 52.2495], [95.0707, 52.2577], [95.0068, 52.2657], [94.9972, 52.2685], [94.9966, 52.2807], [95.0236, 52.2892], [95.0197, 52.2981], [94.9836, 52.3148], [94.9942, 52.3305], [94.9683, 52.3415], [94.974, 52.3487], [94.9712, 52.3579], [94.982, 52.3688], [94.9694, 52.378], [94.9396, 52.3837], [94.9356, 52.392], [94.9119, 52.3989], [94.9009, 52.4097], [94.8918, 52.4111], [94.8944, 52.4248], [94.8851, 52.4312], [94.8779, 52.4445], [94.881, 52.4709], [94.8573, 52.4644], [94.8405, 52.4687], [94.8173, 52.4495], [94.8065, 52.4501], [94.7836, 52.4621], [94.773, 52.4609], [94.7592, 52.4522], [94.7568, 52.4368], [94.7472, 52.4248], [94.7507, 52.4112], [94.7436, 52.408], [94.7503, 52.399], [94.7, 52.3909], [94.7038, 52.3833], [94.7181, 52.3773], [94.7055, 52.3693], [94.7111, 52.3634], [94.7112, 52.3428], [94.6943, 52.3393], [94.6777, 52.325], [94.6585, 52.3177], [94.6487, 52.3071], [94.6382, 52.3057], [94.6324, 52.3098], [94.6429, 52.3243], [94.6386, 52.3275], [94.6238, 52.3239], [94.6186, 52.3153], [94.591, 52.3311], [94.574, 52.3316], [94.562, 52.3249], [94.5395, 52.3218], [94.5515, 52.3154], [94.5941, 52.3166], [94.5963, 52.2783], [94.5728, 52.2741], [94.555, 52.2448], [94.5251, 52.2268], [94.5289, 52.2159], [94.5121, 52.196], [94.4976, 52.1941], [94.4872, 52.1988], [94.4702, 52.1924], [94.471, 52.1757], [94.4645, 52.1641], [94.4554, 52.1611], [94.4241, 52.164], [94.3979, 52.1458], [94.3669, 52.1376], [94.3535, 52.1254], [94.3592, 52.1157], [94.3758, 52.108], [94.3817, 52.0959], [94.381, 52.0884], [94.3541, 52.0625], [94.3696, 52.0519], [94.4029, 52.0508], [94.42, 52.031], [94.4188, 52.0258], [94.4057, 52.0187], [94.4525, 52.0117], [94.4838, 52.0247], [94.4975, 52.0117], [94.485, 51.9865], [94.4925, 51.9738], [94.4868, 51.9627], [94.4333, 51.953], [94.404, 51.9303], [94.4125, 51.917], [94.4454, 51.8973], [94.441, 51.8798], [94.4227, 51.8738], [94.4573, 51.8638], [94.4597, 51.852], [94.4725, 51.845], [94.4898, 51.825], [94.4818, 51.7837], [94.457, 51.7575], [94.4578, 51.7467], [94.4645, 51.7426], [94.4639, 51.7338], [94.469, 51.7388], [94.4566, 51.7284], [94.4753, 51.7226], [94.507, 51.724], [94.535, 51.7155], [94.5247, 51.7157], [94.5367, 51.7095], [94.6324, 51.7067], [94.6405, 51.6997], [94.6373, 51.6964], [94.551, 51.7053], [94.5431, 51.6917], [94.5462, 51.6867], [94.5245, 51.6759], [94.5245, 51.6619], [94.5174, 51.6551], [94.4729, 51.6617], [94.4226, 51.6514], [94.4237, 51.6346], [94.4395, 51.6309], [94.4446, 51.6212], [94.4698, 51.5998], [94.4344, 51.5947], [94.4422, 51.5737], [94.435, 51.551], [94.405, 51.5678], [94.3842, 51.5684], [94.3685, 51.5892], [94.3607, 51.5896], [94.3598, 51.5936], [94.3469, 51.5991], [94.3399, 51.5939], [94.3155, 51.6046], [94.3523, 51.6204], [94.3597, 51.6519], [94.3156, 51.6686], [94.3048, 51.6605], [94.2864, 51.6583], [94.2715, 51.6719], [94.3271, 51.6994], [94.328, 51.7085], [94.323, 51.7063], [94.3007, 51.7136], [94.29, 51.7272], [94.2533, 51.7404], [94.2271, 51.7673], [94.2337, 51.7822], [94.1925, 51.8109], [94.1906, 51.8289], [94.1787, 51.8398], [94.1406, 51.8454], [94.1265, 51.8407], [94.1176, 51.8506], [94.1046, 51.8469], [94.0976, 51.8522], [94.0787, 51.8447], [93.9993, 51.8506], [93.986, 51.8413], [93.9796, 51.8489], [93.9485, 51.8563], [93.9077, 51.854], [93.8718, 51.832], [93.8524, 51.8061], [93.827, 51.7953], [93.8154, 51.7965], [93.8172, 51.7996], [93.8022, 51.8065], [93.7948, 51.8162], [93.7495, 51.8233], [93.7555, 51.8059], [93.7241, 51.798], [93.7328, 51.7793], [93.7276, 51.7767], [93.7188, 51.7779], [93.6648, 51.7623], [93.6907, 51.7821], [93.6769, 51.7858], [93.6459, 51.7752], [93.6449, 51.7713], [93.6257, 51.7729], [93.5931, 51.7672], [93.6109, 51.7502], [93.6243, 51.7464], [93.6225, 51.7396], [93.5841, 51.746], [93.5627, 51.7456], [93.5608, 51.7385], [93.5486, 51.7362], [93.5068, 51.7413], [93.4946, 51.7559], [93.5224, 51.776], [93.4938, 51.8065], [93.4529, 51.804], [93.4194, 51.7907], [93.4104, 51.7817], [93.3554, 51.797], [93.3641, 51.7868], [93.3639, 51.7801], [93.3597, 51.7672], [93.3476, 51.7631], [93.3483, 51.755], [93.3426, 51.7501], [93.3465, 51.7327], [93.3402, 51.7306], [93.3397, 51.7188], [93.3704, 51.6972], [93.3893, 51.6751], [93.387, 51.6691], [93.3926, 51.6555], [93.386, 51.6523], [93.3938, 51.6502], [93.3903, 51.6342], [93.3969, 51.6152], [93.3948, 51.6046], [93.3736, 51.6077], [93.3445, 51.6045], [93.3363, 51.5908], [93.3499, 51.5944], [93.3799, 51.5873], [93.4016, 51.593], [93.4101, 51.583], [93.4399, 51.5691], [93.4895, 51.5647], [93.4987, 51.5711], [93.5315, 51.5714], [93.5323, 51.5643], [93.5182, 51.5599], [93.5232, 51.5133], [93.5323, 51.4955], [93.5529, 51.4863], [93.5671, 51.4708], [93.6392, 51.4848], [93.6456, 51.489], [93.6408, 51.4913], [93.6492, 51.5004], [93.6377, 51.5052], [93.6458, 51.5151], [93.6713, 51.5233], [93.6751, 51.5284], [93.7021, 51.5267], [93.7108, 51.5338], [93.7264, 51.5368], [93.7366, 51.5433], [93.7412, 51.5574], [93.7721, 51.5567], [93.773, 51.5426], [93.8073, 51.5404], [93.8263, 51.5561], [93.8274, 51.5688], [93.8407, 51.5663], [93.8647, 51.5723], [93.9101, 51.5481], [93.8907, 51.5223], [93.8974, 51.5135], [93.9069, 51.5182], [93.9136, 51.5141], [93.9566, 51.513], [94.0051, 51.5262], [94.0882, 51.5297], [94.1031, 51.5371], [94.1123, 51.5322], [94.1145, 51.5252], [94.1176, 51.528], [94.1231, 51.5164], [94.1326, 51.5171], [94.1308, 51.5108], [94.1549, 51.5022], [94.1951, 51.502], [94.2012, 51.5098], [94.2346, 51.5045], [94.2373, 51.5129], [94.225, 51.5244], [94.2234, 51.5335], [94.2349, 51.5686], [94.2453, 51.5723], [94.2844, 51.5707], [94.3174, 51.5884], [94.3405, 51.5909], [94.3638, 51.578], [94.364, 51.5608], [94.3994, 51.541], [94.4215, 51.5095], [94.4266, 51.4923], [94.4537, 51.4822], [94.4843, 51.4609], [94.5994, 51.4394], [94.6474, 51.426], [94.6639, 51.3681], [94.6789, 51.3407], [94.678, 51.3274], [94.7385, 51.305], [94.7512, 51.2828], [94.8095, 51.277], [94.837, 51.259], [94.8636, 51.2565], [94.8602, 51.2359], [94.8448, 51.217], [94.8406, 51.2017], [94.8471, 51.181], [94.8549, 51.1728], [94.8407, 51.1723], [94.8419, 51.1694], [94.8646, 51.1703], [94.9074, 51.1611], [94.9065, 51.158], [94.9151, 51.1567], [94.9162, 51.1508], [94.9233, 51.1511], [94.9214, 51.1395], [94.9458, 51.1302], [94.9435, 51.1336], [94.9678, 51.1334], [94.9663, 51.1422], [94.976, 51.1454], [95.0197, 51.1471], [95.0274, 51.1398], [95.0331, 51.1484], [95.0241, 51.1639], [95.0457, 51.1686], [95.039, 51.1787], [95.0476, 51.1835], [95.0725, 51.1805]]]}}, {"type": "Feature", "properties": {"osm_type": "relation", "osm_id": 306723015, "name": "городской округ Кызыл", "admin_level": "6", "kind": "subdivision_2", "parent_osm_id": 145195, "parent_name": "Tuva Republic", "parent_iso": "RU-TY"}, "geometry": {"type": "Polygon", "coordinates": [[[94.485, 51.808], [94.4412, 51.8117], [94.4368, 51.8057], [94.4409, 51.7732], [94.4211, 51.7679], [94.4245, 51.7562], [94.412, 51.7337], [94.328, 51.7085], [94.3271, 51.6994], [94.2715, 51.6719], [94.2864, 51.6583], [94.3048, 51.6605], [94.3156, 51.6686], [94.3597, 51.6519], [94.3523, 51.6204], [94.3296, 51.6131], [94.3155, 51.6046], [94.3197, 51.601], [94.3399, 51.5939], [94.3469, 51.5991], [94.3685, 51.5892], [94.3842, 51.5684], [94.405, 51.5678], [94.435, 51.551], [94.4422, 51.5737], [94.4344, 51.5947], [94.4698, 51.5998], [94.4446, 51.6212], [94.4395, 51.6309], [94.4237, 51.6346], [94.4226, 51.6514], [94.4729, 51.6617], [94.5174, 51.6551], [94.5245, 51.6619], [94.5245, 51.6759], [94.5462, 51.6867], [94.5431, 51.6917], [94.551, 51.7053], [94.6401, 51.6973], [94.6324, 51.7067], [94.5367, 51.7095], [94.5247, 51.7157], [94.535, 51.7155], [94.507, 51.724], [94.4753, 51.7226], [94.4566, 51.7284], [94.469, 51.7388], [94.4639, 51.7338], [94.4645, 51.7426], [94.4578, 51.7467], [94.457, 51.7575], [94.4818, 51.7837], [94.485, 51.808]]]}}, {"type": "Feature", "properties": {"osm_type": "relation", "osm_id": 907226295, "name": "Dzun-Khemchiksky Kozhuun", "admin_level": "6", "kind": "subdivision_2", "parent_osm_id": 145195, "parent_name": "Tuva Republic", "parent_iso": "RU-TY"}, "geometry": {"type": "Polygon", "coordinates": [[[91.1241, 50.5794], [91.1451, 50.5768], [91.18, 50.5977], [91.2124, 50.592], [91.2362, 50.5964], [91.2633, 50.5945], [91.2855, 50.6032], [91.3244, 50.6002], [91.3787, 50.609], [91.3857, 50.6169], [91.3891, 50.6388], [91.4045, 50.6442], [91.4515, 50.6457], [91.4863, 50.6676], [91.5021, 50.6953], [91.5025, 50.7184], [91.4946, 50.7339], [91.4972, 50.7471], [91.4921, 50.7701], [91.4747, 50.7787], [91.4628, 50.7964], [91.4646, 50.8019], [91.569, 50.8129], [91.585, 50.825], [91.7067, 50.829], [91.7169, 50.826], [91.7427, 50.8337], [91.8154, 50.8329], [91.8376, 50.8273], [91.8807, 50.8269], [91.9009, 50.8315], [91.9236, 50.8589], [91.9588, 50.8739], [91.9948, 50.8797], [92.0071, 50.8906], [92.0446, 50.8935], [92.0527, 50.945], [92.0728, 50.9641], [92.1112, 50.9354], [92.1686, 50.9498], [92.2046, 50.9769], [92.204, 50.9882], [92.2129, 50.9921], [92.2691, 50.9875], [92.2781, 51.0088], [92.2502, 51.0226], [92.2903, 51.0529], [92.2434, 51.061], [92.2339, 51.0806], [92.2146, 51.0868], [92.2213, 51.0998], [92.1881, 51.1125], [92.1903, 51.1264], [92.1724, 51.1443], [92.1855, 51.1579], [92.0987, 51.1766], [92.0809, 51.2067], [92.0974, 51.2344], [92.0196, 51.2495], [92.0111, 51.2665], [92.0095, 51.2874], [91.9796, 51.3013], [91.9762, 51.3222], [91.9653, 51.3271], [91.9591, 51.3449], [91.905, 51.3462], [91.8938, 51.3749], [91.8961, 51.418], [91.8671, 51.4409], [91.8781, 51.4484], [91.9045, 51.4464], [91.9417, 51.461], [91.9236, 51.4905], [91.9178, 51.5475], [91.9073, 51.5819], [91.8558, 51.5791], [91.8199, 51.5883], [91.7275, 51.6526], [91.7479, 51.6743], [91.751, 51.6877], [91.7895, 51.7059], [91.7984, 51.7185], [91.8022, 51.7366], [91.8149, 51.7374], [91.8378, 51.7531], [91.8209, 51.7577], [91.8027, 51.7781], [91.7711, 51.7976], [91.6758, 51.831], [91.6108, 51.8296], [91.6112, 51.8087], [91.5831, 51.7843], [91.5948, 51.7607], [91.591, 51.7574], [91.5934, 51.7481], [91.5868, 51.7431], [91.5839, 51.7206], [91.587, 51.7112], [91.6092, 51.6925], [91.6364, 51.6848], [91.6651, 51.6649], [91.6855, 51.6332], [91.6414, 51.6105], [91.6333, 51.6004], [91.5988, 51.6054], [91.5705, 51.592], [91.5671, 51.5852], [91.5334, 51.5821], [91.4989, 51.5707], [91.4996, 51.5548], [91.4924, 51.5479], [91.4899, 51.537], [91.4984, 51.5332], [91.4919, 51.5281], [91.4927, 51.5222], [91.455, 51.5089], [91.44, 51.5099], [91.4392, 51.5037], [91.4255, 51.4995], [91.4299, 51.4927], [91.4165, 51.4876], [91.421, 51.4835], [91.4176, 51.4781], [91.4208, 51.4646], [91.4083, 51.4573], [91.4152, 51.4512], [91.4019, 51.4451], [91.41, 51.442], [91.3934, 51.4323], [91.3793, 51.4336], [91.3594, 51.4182], [91.3568, 51.4033], [91.3624, 51.3849], [91.3592, 51.3755], [91.3734, 51.3282], [91.3515, 51.3128], [91.3253, 51.3127], [91.2821, 51.3265], [91.2402, 51.3209], [91.1978, 51.3044], [91.1856, 51.2924], [91.1797, 51.2743], [91.1463, 51.2731], [91.1376, 51.2844], [91.1095, 51.2931], [91.0896, 51.308], [91.0595, 51.3013], [91.0471, 51.3009], [91.0409, 51.3054], [91.0311, 51.2973], [91.0214, 51.3041], [90.9908, 51.2883], [90.9685, 51.2868], [90.9601, 51.2777], [90.9391, 51.2688], [90.9307, 51.2715], [90.9093, 51.264], [90.899, 51.2655], [90.8899, 51.2564], [90.8609, 51.2559], [90.8515, 51.2486], [90.868, 51.2386], [90.897, 51.2332], [90.8793, 51.1974], [90.8556, 51.179], [90.8426, 51.1375], [90.8926, 51.0821], [90.9102, 51.0443], [90.9024, 51.0327], [90.9034, 51.0193], [90.9401, 50.9998], [90.9685, 50.9939], [90.9656, 50.9626], [90.9382, 50.9186], [90.9553, 50.8964], [90.9721, 50.8364], [90.9813, 50.8184], [91.0053, 50.7961], [90.995, 50.789], [90.9931, 50.7777], [91.0159, 50.7667], [91.0356, 50.7671], [91.0401, 50.7481], [91.0186, 50.7398], [91.0035, 50.7216], [91.0155, 50.7126], [91.0828, 50.6909], [91.0938, 50.6587], [91.0812, 50.6094], [91.1115, 50.5961], [91.1199, 50.5901], [91.1241, 50.5794]]]}}, {"type": "Feature", "properties": {"osm_type": "relation", "osm_id": 535620480, "name": "Piy-Khemsky Kozhuun", "admin_level": "6", "kind": "subdivision_2", "parent_osm_id": 145195, "parent_name": "Tuva Republic", "parent_iso": "RU-TY"}, "geometry": {"type": "Polygon", "coordinates": [[[94.4932, 52.8917], [94.45, 52.893], [94.451, 52.9022], [94.4343, 52.9027], [94.3992, 52.9149], [94.3785, 52.912], [94.3543, 52.8957], [94.3314, 52.8933], [94.3034, 52.9], [94.2799, 52.8863], [94.2618, 52.8838], [94.2442, 52.8644], [94.2231, 52.8567], [94.2093, 52.8595], [94.1672, 52.8338], [94.1418, 52.8312], [94.1475, 52.8206], [94.1594, 52.8132], [94.1518, 52.8], [94.1383, 52.7919], [94.1319, 52.7822], [94.14, 52.7754], [94.1396, 52.7544], [94.0936, 52.7385], [94.0957, 52.7212], [94.0915, 52.7109], [94.0968, 52.708], [94.1035, 52.6882], [94.0956, 52.6784], [94.0581, 52.6609], [94.0342, 52.66], [93.9992, 52.6493], [93.9815, 52.6385], [93.9731, 52.6254], [93.9415, 52.6133], [93.9652, 52.6017], [93.9583, 52.5867], [93.9604, 52.581], [93.9525, 52.5783], [93.9434, 52.5662], [93.9194, 52.5584], [93.9126, 52.5433], [93.8982, 52.5311], [93.8597, 52.5199], [93.8602, 52.5122], [93.8435, 52.5036], [93.8337, 52.5042], [93.8294, 52.4957], [93.8324, 52.4785], [93.8157, 52.4655], [93.808, 52.4509], [93.7675, 52.4514], [93.7659, 52.4342], [93.7536, 52.4246], [93.7654, 52.3811], [93.7544, 52.3764], [93.7569, 52.3718], [93.7526, 52.362], [93.7408, 52.3582], [93.7368, 52.3484], [93.7254, 52.3444], [93.7161, 52.3265], [93.6871, 52.3164], [93.678, 52.3073], [93.6847, 52.2971], [93.6776, 52.2772], [93.6814, 52.2674], [93.6665, 52.2575], [93.6558, 52.2409], [93.6768, 52.2124], [93.6421, 52.193], [93.6229, 52.1962], [93.6053, 52.1879], [93.5935, 52.1896], [93.584, 52.1825], [93.5821, 52.1703], [93.5763, 52.1669], [93.5464, 52.1765], [93.5142, 52.1708], [93.4722, 52.171], [93.4318, 52.1495], [93.4202, 52.1354], [93.4002, 52.1339], [93.3948, 52.1272], [93.3309, 52.1261], [93.3092, 52.1047], [93.2586, 52.0788], [93.2571, 52.0696], [93.2472, 52.0632], [93.2425, 52.0409], [93.2372, 52.0377], [93.2042, 52.0323], [93.1885, 52.0354], [93.1465, 52.0156], [93.1305, 51.9857], [93.1193, 51.9776], [93.119, 51.9665], [93.083, 51.95], [93.076, 51.9359], [93.0117, 51.9142], [92.9577, 51.9158], [92.9479, 51.9046], [92.9101, 51.8847], [92.8984, 51.8689], [92.8919, 51.8394], [92.9553, 51.8243], [92.9684, 51.8257], [92.9823, 51.8365], [92.9969, 51.8393], [93.0052, 51.8347], [93.0186, 51.8406], [93.0352, 51.8355], [93.0454, 51.8374], [93.0498, 51.843], [93.075, 51.8507], [93.1026, 51.8374], [93.1159, 51.8454], [93.132, 51.8478], [93.1408, 51.8596], [93.1393, 51.8681], [93.1918, 51.8853], [93.2217, 51.869], [93.2434, 51.8707], [93.2633, 51.862], [93.2645, 51.856], [93.2585, 51.8495], [93.2668, 51.8366], [93.2984, 51.8234], [93.3218, 51.8368], [93.3399, 51.8358], [93.3701, 51.8461], [93.3915, 51.8422], [93.4246, 51.8449], [93.4222, 51.8591], [93.4328, 51.8631], [93.4326, 51.867], [93.4909, 51.8795], [93.5031, 51.8779], [93.511, 51.8849], [93.5371, 51.8859], [93.5518, 51.8994], [93.5642, 51.9036], [93.5774, 51.8924], [93.5929, 51.8896], [93.5825, 51.8787], [93.591, 51.8727], [93.5922, 51.8655], [93.6016, 51.8631], [93.6009, 51.8546], [93.6282, 51.8241], [93.6627, 51.8215], [93.6656, 51.8276], [93.7298, 51.8524], [93.7517, 51.846], [93.747, 51.8356], [93.7495, 51.8233], [93.7948, 51.8162], [93.8203, 51.7949], [93.8524, 51.8061], [93.8718, 51.832], [93.9077, 51.854], [93.9485, 51.8563], [93.9796, 51.8489], [93.986, 51.8413], [93.9993, 51.8506], [94.0787, 51.8447], [94.0976, 51.8522], [94.1046, 51.8469], [94.1176, 51.8506], [94.1265, 51.8407], [94.1406, 51.8454], [94.1787, 51.8398], [94.1906, 51.8289], [94.1925, 51.8109], [94.2337, 51.7822], [94.2271, 51.7673], [94.2533, 51.7404], [94.29, 51.7272], [94.3007, 51.7136], [94.323, 51.7063], [94.412, 51.7337], [94.4245, 51.7562], [94.4211, 51.7679], [94.4409, 51.7732], [94.4368, 51.8057], [94.4412, 51.8117], [94.485, 51.808], [94.4908, 51.817], [94.4898, 51.825], [94.478, 51.8395], [94.4597, 51.852], [94.4573, 51.8638], [94.4227, 51.8738], [94.441, 51.8798], [94.4454, 51.8973], [94.4125, 51.917], [94.404, 51.9303], [94.4333, 51.953], [94.4868, 51.9627], [94.4925, 51.9738], [94.485, 51.9865], [94.4975, 52.0117], [94.4838, 52.0247], [94.4525, 52.0117], [94.41, 52.0165], [94.4075, 52.0217], [94.4158, 52.0235], [94.42, 52.031], [94.4029, 52.0508], [94.3696, 52.0519], [94.3587, 52.0562], [94.3542, 52.0662], [94.381, 52.0884], [94.3817, 52.0959], [94.3758, 52.108], [94.3544, 52.1199], [94.3579, 52.1325], [94.3979, 52.1458], [94.4241, 52.164], [94.4554, 52.1611], [94.4645, 52.1641], [94.471, 52.1757], [94.4702, 52.1924], [94.4872, 52.1988], [94.4976, 52.1941], [94.5121, 52.196], [94.5289, 52.2159], [94.5251, 52.2268], [94.555, 52.2448], [94.5728, 52.2741], [94.5963, 52.2783], [94.5941, 52.3166], [94.5515, 52.3154], [94.5395, 52.3218], [94.562, 52.3249], [94.574, 52.3316], [94.591, 52.3311], [94.6186, 52.3153], [94.6238, 52.3239], [94.6386, 52.3275], [94.6429, 52.3243], [94.6324, 52.3098], [94.6382, 52.3057], [94.6487, 52.3071], [94.6585, 52.3177], [94.6777, 52.325], [94.6943, 52.3393], [94.7112, 52.3428], [94.7111, 52.3634], [94.7055, 52.3693], [94.7181, 52.3773], [94.7038, 52.3833], [94.7, 52.3909], [94.7503, 52.399], [94.7436, 52.408], [94.7507, 52.4112], [94.7472, 52.4248], [94.7568, 52.4368], [94.7592, 52.4522], [94.773, 52.4609], [94.7836, 52.4621], [94.8065, 52.4501], [94.8173, 52.4495], [94.8405, 52.4687], [94.8573, 52.4644], [94.8955, 52.4761], [94.9137, 52.4761], [94.9393, 52.4915], [94.9432, 52.5146], [94.9643, 52.5147], [94.9938, 52.5313], [95.0153, 52.5297], [95.0684, 52.546], [95.0601, 52.565], [95.0344, 52.5721], [95.0315, 52.5794], [95.011, 52.588], [95.0052, 52.6001], [94.9715, 52.6323], [94.981, 52.6482], [94.9785, 52.656], [94.9885, 52.6973], [94.9337, 52.7023], [94.9128, 52.6933], [94.8925, 52.6961], [94.843, 52.7121], [94.8255, 52.7255], [94.7981, 52.7141], [94.7926, 52.7237], [94.7957, 52.7358], [94.7892, 52.7514], [94.7944, 52.7733], [94.7876, 52.7807], [94.791, 52.7925], [94.7712, 52.8172], [94.7643, 52.843], [94.7284, 52.8642], [94.7152, 52.8785], [94.6655, 52.8751], [94.6455, 52.8672], [94.6044, 52.8751], [94.5686, 52.8565], [94.4944, 52.8436], [94.4859, 52.847], [94.4814, 52.8561], [94.4965, 52.8676], [94.4974, 52.8869], [94.4932, 52.8917]]]}}, {"type": "Feature", "properties": {"osm_type": "relation", "osm_id": 583480452, "name": "Bay-Tayginsky Kozhuun", "admin_level": "6", "kind": "subdivision_2", "parent_osm_id": 145195, "parent_name": "Tuva Republic", "parent_iso": "RU-TY"}, "geometry": {"type": "Polygon", "coordinates": [[[89.6597, 51.5392], [89.6462, 51.5469], [89.6328, 51.5476], [89.6059, 51.5322], [89.5803, 51.5489], [89.5735, 51.5598], [89.5418, 51.5662], [89.5082, 51.5863], [89.4648, 51.5899], [89.4335, 51.6085], [89.3748, 51.6061], [89.3462, 51.5935], [89.3351, 51.5942], [89.3189, 51.5805], [89.2966, 51.5717], [89.2785, 51.5472], [89.2494, 51.5432], [89.2365, 51.5541], [89.2329, 51.5838], [89.2431, 51.5947], [89.2427, 51.615], [89.2537, 51.6188], [89.2534, 51.6277], [89.2638, 51.6412], [89.2527, 51.6531], [89.2222, 51.6533], [89.2073, 51.6587], [89.2014, 51.6511], [89.1886, 51.6497], [89.1649, 51.6357], [89.1338, 51.6358], [89.1232, 51.6415], [89.0873, 51.6254], [89.0899, 51.6194], [89.0819, 51.6119], [89.0854, 51.6021], [89.0714, 51.5878], [89.017, 51.585], [89.0026, 51.5712], [88.9795, 51.5737], [88.953, 51.563], [88.9259, 51.5715], [88.872, 51.5624], [88.8526, 51.5709], [88.832, 51.5686], [88.8328, 51.561], [88.8288, 51.5587], [88.7915, 51.5538], [88.7996, 51.547], [88.7941, 51.5381], [88.8049, 51.534], [88.8145, 51.5206], [88.8461, 51.5163], [88.8539, 51.5076], [88.8631, 51.4899], [88.8547, 51.4803], [88.8639, 51.4679], [88.8799, 51.4669], [88.8913, 51.4723], [88.9199, 51.4639], [88.932, 51.4472], [88.9709, 51.4291], [89.0089, 51.3943], [89.0031, 51.3684], [88.9865, 51.3646], [88.9906, 51.354], [88.9862, 51.347], [88.9975, 51.3354], [88.993, 51.3276], [88.9977, 51.3215], [88.9898, 51.3185], [88.9912, 51.3084], [88.9815, 51.304], [88.978, 51.2816], [88.967, 51.265], [88.9746, 51.2584], [88.9601, 51.2483], [88.9603, 51.2435], [88.9765, 51.2399], [88.9607, 51.2283], [88.9611, 51.2227], [88.9675, 51.2141], [88.9632, 51.2085], [88.9673, 51.2029], [88.9896, 51.1985], [89.0156, 51.184], [89.0313, 51.1868], [89.0393, 51.1703], [89.0365, 51.1677], [89.0498, 51.1598], [89.0365, 51.1444], [89.041, 51.1407], [89.0392, 51.1308], [89.0487, 51.1196], [89.0395, 51.1125], [89.0289, 51.1124], [89.0223, 51.1025], [89.0334, 51.0991], [89.0541, 51.0823], [89.0519, 51.0647], [89.0616, 51.0582], [89.0542, 51.0471], [89.101, 51.0375], [89.1013, 51.032], [89.1177, 51.0258], [89.1232, 51.0074], [89.1671, 50.997], [89.1741, 50.9867], [89.1925, 50.983], [89.1985, 50.9663], [89.2096, 50.9527], [89.2215, 50.9484], [89.2286, 50.9351], [89.2388, 50.9334], [89.242, 50.9216], [89.2527, 50.9147], [89.268, 50.916], [89.2677, 50.8805], [89.2824, 50.8764], [89.2976, 50.8852], [89.3219, 50.8796], [89.3469, 50.8813], [89.3429, 50.8726], [89.3486, 50.8597], [89.3792, 50.8607], [89.3987, 50.8505], [89.3795, 50.835], [89.3769, 50.8234], [89.3902, 50.8099], [89.4141, 50.8015], [89.4309, 50.8089], [89.4534, 50.7926], [89.4665, 50.7805], [89.4659, 50.7701], [89.4779, 50.7454], [89.4858, 50.7377], [89.5284, 50.7241], [89.5483, 50.6876], [89.5597, 50.6849], [89.5706, 50.6748], [89.5669, 50.6619], [89.5828, 50.6458], [89.6252, 50.6474], [89.6398, 50.6429], [89.6458, 50.6325], [89.6325, 50.6225], [89.632, 50.6171], [89.6438, 50.613], [89.6478, 50.6033], [89.644, 50.5813], [89.6645, 50.5701], [89.6866, 50.5761], [89.6958, 50.5756], [89.7036, 50.5683], [89.7291, 50.5686], [89.7458, 50.5591], [89.7486, 50.5521], [89.7733, 50.5461], [89.7896, 50.5507], [89.8013, 50.5358], [89.8738, 50.5196], [89.8824, 50.5075], [89.9057, 50.5067], [89.9139, 50.5186], [89.9309, 50.521], [89.9414, 50.5165], [89.9484, 50.5255], [89.9556, 50.5261], [89.9723, 50.5136], [89.98, 50.4976], [89.9996, 50.4929], [90.0243, 50.4968], [90.037, 50.4933], [90.0641, 50.5047], [90.0828, 50.5052], [90.0913, 50.5147], [90.116, 50.5124], [90.1246, 50.5276], [90.1366, 50.5374], [90.1603, 50.5414], [90.1759, 50.536], [90.2007, 50.5434], [90.2589, 50.5711], [90.2638, 50.5942], [90.2879, 50.5991], [90.3297, 50.6191], [90.3576, 50.6141], [90.3684, 50.6171], [90.3884, 50.6109], [90.4074, 50.6164], [90.4505, 50.6041], [90.4919, 50.6078], [90.5093, 50.6155], [90.5228, 50.6415], [90.5195, 50.665], [90.5261, 50.6756], [90.5185, 50.6948], [90.5684, 50.706], [90.5667, 50.7113], [90.5496, 50.7136], [90.531, 50.7247], [90.5199, 50.7438], [90.5023, 50.7484], [90.4799, 50.7686], [90.462, 50.7749], [90.4426, 50.8033], [90.4012, 50.8285], [90.3821, 50.8578], [90.3572, 50.8672], [90.3513, 50.8952], [90.3553, 50.9137], [90.367, 50.9325], [90.3839, 50.9416], [90.3876, 50.9667], [90.3712, 50.9957], [90.3741, 51.019], [90.3628, 51.0411], [90.3523, 51.0482], [90.3493, 51.0672], [90.3346, 51.0871], [90.3279, 51.1102], [90.3122, 51.1121], [90.2978, 51.1065], [90.2659, 51.1349], [90.2491, 51.175], [90.2739, 51.1932], [90.2562, 51.2216], [90.1953, 51.2157], [90.1724, 51.2178], [90.1409, 51.2027], [90.1038, 51.1929], [90.048, 51.1654], [89.9977, 51.17], [89.9746, 51.1825], [89.9563, 51.1853], [89.8889, 51.1794], [89.8578, 51.1904], [89.8444, 51.2151], [89.8033, 51.2251], [89.8049, 51.2305], [89.7977, 51.2402], [89.7849, 51.2493], [89.7792, 51.2903], [89.7276, 51.29], [89.7089, 51.3217], [89.7155, 51.3245], [89.7196, 51.3594], [89.7162, 51.3788], [89.7075, 51.3855], [89.7757, 51.4241], [89.7863, 51.4234], [89.8077, 51.4423], [89.8972, 51.4546], [89.8887, 51.4962], [89.8829, 51.5035], [89.8466, 51.5221], [89.8267, 51.5215], [89.7932, 51.5114], [89.7591, 51.511], [89.7173, 51.519], [89.6597, 51.5392]]]}}, {"type": "Feature", "properties": {"osm_type": "relation", "osm_id": 803013459, "name": "Sut-Kholsky Kozhuun", "admin_level": "6", "kind": "subdivision_2", "parent_osm_id": 145195, "parent_name": "Tuva Republic", "parent_iso": "RU-TY"}, "geometry": {"type": "Polygon", "coordinates": [[[90.8713, 51.2547], [90.8899, 51.2564], [90.899, 51.2655], [90.9093, 51.264], [90.9307, 51.2715], [90.9391, 51.2688], [90.9601, 51.2777], [90.9685, 51.2868], [90.9908, 51.2883], [91.0214, 51.3041], [91.0311, 51.2973], [91.0409, 51.3054], [91.0471, 51.3009], [91.0595, 51.3013], [91.0896, 51.308], [91.1095, 51.2931], [91.1376, 51.2844], [91.1463, 51.2731], [91.1797, 51.2743], [91.1856, 51.2924], [91.1978, 51.3044], [91.2402, 51.3209], [91.2821, 51.3265], [91.3253, 51.3127], [91.3515, 51.3128], [91.3734, 51.3282], [91.3592, 51.3755], [91.3624, 51.3849], [91.3568, 51.4033], [91.3594, 51.4182], [91.3793, 51.4336], [91.3934, 51.4323], [91.41, 51.442], [91.4019, 51.4451], [91.4152, 51.4512], [91.4083, 51.4573], [91.4208, 51.4646], [91.4176, 51.4781], [91.421, 51.4835], [91.4165, 51.4876], [91.4299, 51.4927], [91.4255, 51.4995], [91.4392, 51.5037], [91.44, 51.5099], [91.455, 51.5089], [91.4927, 51.5222], [91.4919, 51.5281], [91.4984, 51.5332], [91.4899, 51.537], [91.4924, 51.5479], [91.4996, 51.5548], [91.4989, 51.5707], [91.5334, 51.5821], [91.5671, 51.5852], [91.5705, 51.592], [91.5988, 51.6054], [91.6333, 51.6004], [91.6414, 51.6105], [91.6855, 51.6332], [91.6651, 51.6649], [91.6364, 51.6848], [91.6092, 51.6925], [91.587, 51.7112], [91.5839, 51.7206], [91.5868, 51.7431], [91.5934, 51.7481], [91.591, 51.7574], [91.5948, 51.7607], [91.5831, 51.7843], [91.6112, 51.8087], [91.6108, 51.8296], [91.6758, 51.831], [91.6993, 51.8244], [91.7711, 51.7976], [91.8027, 51.7781], [91.8278, 51.7548], [91.8378, 51.7531], [91.8402, 51.7593], [91.8521, 51.7604], [91.8604, 51.7666], [91.8722, 51.7591], [91.871, 51.754], [91.8925, 51.7558], [91.8967, 51.7468], [91.8898, 51.745], [91.8913, 51.7408], [91.9001, 51.7431], [91.9037, 51.7394], [91.8902, 51.7336], [91.904, 51.726], [91.9208, 51.7307], [91.9303, 51.7418], [91.9274, 51.7686], [91.9192, 51.773], [91.905, 51.8009], [91.9167, 51.8344], [91.8971, 51.8594], [91.8778, 51.8675], [91.8393, 51.8592], [91.8232, 51.8661], [91.8044, 51.8866], [91.7658, 51.8707], [91.7392, 51.8657], [91.7296, 51.8725], [91.701, 51.8715], [91.6947, 51.8766], [91.6351, 51.8795], [91.5928, 51.8916], [91.5853, 51.9015], [91.5479, 51.9089], [91.5095, 51.907], [91.4857, 51.8944], [91.4632, 51.8915], [91.4531, 51.897], [91.4285, 51.8987], [91.4135, 51.8954], [91.3822, 51.8988], [91.3553, 51.8915], [91.2754, 51.8958], [91.2614, 51.8912], [91.2597, 51.8766], [91.2375, 51.8865], [91.2327, 51.8945], [91.1792, 51.9024], [91.1745, 51.8978], [91.1649, 51.8993], [91.1549, 51.9148], [91.0724, 51.9519], [91.0591, 51.9448], [91.0274, 51.9462], [90.9957, 51.9354], [90.9698, 51.9377], [90.9302, 51.9254], [90.9131, 51.9275], [90.8493, 51.9004], [90.8374, 51.904], [90.8454, 51.9108], [90.8351, 51.9216], [90.8268, 51.9486], [90.8202, 51.9517], [90.8228, 51.961], [90.8182, 51.968], [90.8039, 51.9722], [90.7994, 51.9849], [90.7893, 51.9882], [90.7601, 52.0136], [90.7659, 52.023], [90.7671, 52.0404], [90.7658, 52.048], [90.7554, 52.0536], [90.7518, 52.0703], [90.7361, 52.0743], [90.7309, 52.0827], [90.7144, 52.0903], [90.6663, 52.097], [90.633, 52.0937], [90.5915, 52.1209], [90.5583, 52.1291], [90.5314, 52.1459], [90.5165, 52.1749], [90.4867, 52.1959], [90.4347, 52.1792], [90.4256, 52.1843], [90.3964, 52.1854], [90.3803, 52.1934], [90.3745, 52.2015], [90.3573, 52.2029], [90.3483, 52.2009], [90.3465, 52.1954], [90.319, 52.1773], [90.2971, 52.1701], [90.2841, 52.1776], [90.2615, 52.1713], [90.2539, 52.1757], [90.2395, 52.1589], [90.207, 52.1583], [90.1833, 52.1474], [90.1627, 52.1535], [90.1434, 52.1485], [90.1387, 52.1384], [90.147, 52.1351], [90.1463, 52.1281], [90.1385, 52.1142], [90.1486, 52.1046], [90.1545, 52.0895], [90.1518, 52.0842], [90.1589, 52.0738], [90.1585, 52.0608], [90.1379, 52.047], [90.132, 52.0342], [90.1116, 52.0336], [90.1023, 52.0198], [90.0833, 52.0155], [90.0758, 52.0083], [90.0715, 51.9922], [90.0539, 51.979], [90.0452, 51.9736], [90.0171, 51.9699], [90.0111, 51.9616], [90.0299, 51.9365], [90.061, 51.9364], [90.0627, 51.9236], [90.0578, 51.908], [90.0678, 51.8992], [90.0607, 51.8828], [90.0731, 51.8469], [90.0833, 51.8323], [90.0814, 51.8195], [90.1021, 51.8035], [90.1088, 51.791], [90.1216, 51.7847], [90.1183, 51.7773], [90.1279, 51.7674], [90.161, 51.76], [90.1996, 51.7714], [90.2015, 51.7827], [90.2385, 51.7865], [90.2911, 51.8111], [90.3261, 51.8079], [90.3388, 51.8126], [90.3623, 51.8038], [90.3756, 51.7923], [90.402, 51.7841], [90.4137, 51.7707], [90.4464, 51.7684], [90.4562, 51.7625], [90.4631, 51.751], [90.4478, 51.7374], [90.4456, 51.7166], [90.4351, 51.7148], [90.4091, 51.6914], [90.4104, 51.6824], [90.4022, 51.6749], [90.4136, 51.6542], [90.4042, 51.6275], [90.4813, 51.6138], [90.4899, 51.5922], [90.5328, 51.5456], [90.533, 51.5343], [90.5706, 51.5118], [90.5853, 51.4736], [90.5951, 51.4658], [90.6041, 51.4322], [90.6158, 51.4161], [90.6133, 51.4114], [90.6966, 51.3386], [90.703, 51.3258], [90.7159, 51.316], [90.7283, 51.3149], [90.7265, 51.2937], [90.753, 51.2846], [90.7686, 51.2729], [90.784, 51.275], [90.799, 51.29], [90.8415, 51.286], [90.8452, 51.2799], [90.8568, 51.2761], [90.8567, 51.2697], [90.8713, 51.2547]]]}}, {"type": "Feature", "properties": {"osm_type": "relation", "osm_id": 460653425, "name": "Ovyursky Kozhuun", "admin_level": "6", "kind": "subdivision_2", "parent_osm_id": 145195, "parent_name": "Tuva Republic", "parent_iso": "RU-TY"}, "geometry": {"type": "Polygon", "coordinates": [[[90.6477, 50.5392], [90.6669, 50.5281], [90.6896, 50.5281], [90.7196, 50.5178], [90.7378, 50.4899], [90.6999, 50.4522], [90.7001, 50.4372], [90.7059, 50.4271], [90.7027, 50.4183], [90.6681, 50.3669], [90.6724, 50.3352], [90.6894, 50.3233], [90.7165, 50.3153], [90.7726, 50.3377], [90.7826, 50.3343], [90.7844, 50.3271], [90.7956, 50.3264], [90.8196, 50.3547], [90.8293, 50.3569], [90.8382, 50.3477], [90.8481, 50.3454], [90.8594, 50.3456], [90.8785, 50.3569], [90.9056, 50.3482], [90.911, 50.3528], [90.9119, 50.3645], [90.9023, 50.3922], [90.9069, 50.4139], [90.9696, 50.4294], [91.0048, 50.4291], [91.0383, 50.4351], [91.0765, 50.4311], [91.0932, 50.436], [91.16, 50.4201], [91.2933, 50.4696], [91.32, 50.4709], [91.4094, 50.4506], [91.3974, 50.4751], [91.4057, 50.4841], [91.4414, 50.4944], [91.4539, 50.5106], [91.4528, 50.5456], [91.4582, 50.552], [91.5017, 50.5597], [91.514, 50.5734], [91.5239, 50.5735], [91.5292, 50.5834], [91.6337, 50.582], [91.6491, 50.5885], [91.6489, 50.6424], [91.7224, 50.6972], [91.7391, 50.6992], [91.7925, 50.724], [91.8559, 50.7354], [91.974, 50.7181], [92.0717, 50.6958], [92.1721, 50.7063], [92.2702, 50.7294], [92.2907, 50.7533], [92.306, 50.7616], [92.2955, 50.7974], [92.3234, 50.8335], [92.3232, 50.8434], [92.3057, 50.8756], [92.3482, 50.8849], [92.3781, 50.8778], [92.3996, 50.8643], [92.404, 50.8562], [92.4029, 50.8312], [92.4201, 50.8205], [92.4273, 50.8062], [92.4587, 50.79], [92.497, 50.7867], [92.565, 50.7961], [92.5793, 50.7906], [92.6135, 50.762], [92.6066, 50.7458], [92.5925, 50.7403], [92.5883, 50.7259], [92.6139, 50.7108], [92.6465, 50.7055], [92.7272, 50.7165], [92.754, 50.7275], [92.7611, 50.7336], [92.7624, 50.7444], [92.7566, 50.7759], [92.7679, 50.7928], [92.7877, 50.8056], [92.8557, 50.8084], [92.8997, 50.8021], [92.9196, 50.7905], [92.9593, 50.7968], [93.0089, 50.7932], [93.0231, 50.7779], [93.0274, 50.759], [93.0259, 50.7267], [93.0203, 50.7132], [92.9616, 50.6715], [92.9594, 50.6619], [93.0103, 50.6062], [93.057, 50.6188], [93.1275, 50.5846], [93.136, 50.5856], [93.136, 50.6007], [93.1445, 50.6034], [93.1629, 50.6024], [93.1685, 50.5941], [93.1911, 50.5989], [93.2066, 50.5908], [93.225, 50.5898], [93.249, 50.5941], [93.2533, 50.605], [93.2717, 50.6102], [93.3431, 50.6167], [93.3877, 50.6314], [93.3435, 50.6459], [93.3374, 50.6581], [93.3198, 50.6674], [93.2951, 50.6895], [93.3139, 50.6973], [93.3726, 50.7076], [93.3159, 50.7651], [93.3157, 50.7742], [93.3249, 50.7805], [93.3231, 50.7994], [93.2972, 50.8159], [93.288, 50.8262], [93.2897, 50.8352], [93.2507, 50.8426], [93.2554, 50.8493], [93.2472, 50.8578], [93.243, 50.8851], [93.2546, 50.8953], [93.2479, 50.911], [93.2567, 50.9261], [93.2356, 50.9196], [93.1846, 50.923], [93.1691, 50.9254], [93.1532, 50.9361], [93.1129, 50.927], [93.0894, 50.9447], [93.0904, 50.9527], [93.0784, 50.9673], [93.0646, 50.9696], [93.059, 50.9782], [93.0518, 50.9802], [93.0233, 50.9803], [93.0035, 51.0046], [92.9909, 51.0098], [92.8923, 50.9954], [92.8614, 50.9833], [92.835, 50.9849], [92.8144, 50.9983], [92.7942, 51.02], [92.7647, 51.0358], [92.7588, 51.0495], [92.7505, 51.0551], [92.7512, 51.0611], [92.7356, 51.0651], [92.7332, 51.0732], [92.7097, 51.0898], [92.689, 51.094], [92.69, 51.1031], [92.6818, 51.1177], [92.6321, 51.1009], [92.6206, 51.1134], [92.5979, 51.1087], [92.567, 51.1178], [92.5459, 51.1158], [92.5345, 51.122], [92.5152, 51.1106], [92.5055, 51.0907], [92.4706, 51.09], [92.4413, 51.0778], [92.4187, 51.0772], [92.4116, 51.0722], [92.3644, 51.0642], [92.3217, 51.0628], [92.2957, 51.0558], [92.2502, 51.0226], [92.2781, 51.0088], [92.2691, 50.9875], [92.2129, 50.9921], [92.204, 50.9882], [92.2046, 50.9769], [92.1686, 50.9498], [92.1112, 50.9354], [92.0728, 50.9641], [92.0527, 50.945], [92.0446, 50.8935], [92.0071, 50.8906], [91.9948, 50.8797], [91.9588, 50.8739], [91.9236, 50.8589], [91.9009, 50.8315], [91.8807, 50.8269], [91.8376, 50.8273], [91.8154, 50.8329], [91.7427, 50.8337], [91.7169, 50.826], [91.7067, 50.829], [91.585, 50.825], [91.569, 50.8129], [91.4646, 50.8019], [91.4628, 50.7964], [91.4747, 50.7787], [91.4921, 50.7701], [91.4972, 50.7471], [91.4946, 50.7339], [91.5025, 50.7184], [91.5021, 50.6953], [91.4863, 50.6676], [91.4515, 50.6457], [91.4045, 50.6442], [91.3891, 50.6388], [91.3857, 50.6169], [91.3787, 50.609], [91.3244, 50.6002], [91.2855, 50.6032], [91.2633, 50.5945], [91.2362, 50.5964], [91.2124, 50.592], [91.18, 50.5977], [91.1451, 50.5768], [91.1241, 50.5794], [91.0879, 50.5644], [91.0435, 50.5602], [91.0278, 50.5531], [91.0132, 50.5389], [91.0066, 50.542], [90.9775, 50.5364], [90.9604, 50.5416], [90.9248, 50.5417], [90.9041, 50.553], [90.8541, 50.5635], [90.8015, 50.5655], [90.7867, 50.5619], [90.7629, 50.5651], [90.7272, 50.5527], [90.6992, 50.5534], [90.6477, 50.5392]]]}}, {"type": "Feature", "properties": {"osm_type": "relation", "osm_id": 910469632, "name": "Kaa-Khemsky District", "admin_level": "6", "kind": "subdivision_2", "parent_osm_id": 145195, "parent_name": "Tuva Republic", "parent_iso": "RU-TY"}, "geometry": {"type": "Polygon", "coordinates": [[[95.4433, 50.7855], [95.4682, 50.7824], [95.4705, 50.7726], [95.5079, 50.7582], [95.5188, 50.7497], [95.5541, 50.7522], [95.5764, 50.7319], [95.5586, 50.7117], [95.5628, 50.6894], [95.5767, 50.6897], [95.5875, 50.6831], [95.5945, 50.6729], [95.5967, 50.6571], [95.6114, 50.643], [95.5828, 50.6354], [95.5704, 50.6234], [95.6041, 50.6021], [95.6331, 50.6043], [95.6529, 50.6141], [95.6991, 50.6243], [95.7077, 50.622], [95.7099, 50.6137], [95.7778, 50.6093], [95.8026, 50.6149], [95.8129, 50.6095], [95.8247, 50.6131], [95.8265, 50.6177], [95.906, 50.6302], [95.9108, 50.6252], [95.9231, 50.6256], [95.9468, 50.6156], [95.9844, 50.6319], [96.0285, 50.6162], [96.033, 50.6057], [96.0491, 50.5971], [96.0602, 50.5982], [96.0735, 50.5892], [96.0903, 50.5892], [96.0905, 50.5829], [96.1069, 50.5801], [96.1159, 50.5659], [96.1308, 50.5621], [96.1348, 50.5688], [96.1747, 50.5875], [96.187, 50.5809], [96.2115, 50.5772], [96.2286, 50.5835], [96.2445, 50.5798], [96.2544, 50.5923], [96.2779, 50.5933], [96.289, 50.6008], [96.3025, 50.6008], [96.3029, 50.6088], [96.2879, 50.6196], [96.2943, 50.6297], [96.2843, 50.6401], [96.3003, 50.6496], [96.3144, 50.6434], [96.3313, 50.6505], [96.3325, 50.643], [96.3472, 50.642], [96.353, 50.6352], [96.3873, 50.6243], [96.4086, 50.6269], [96.4185, 50.6236], [96.4293, 50.6297], [96.4332, 50.622], [96.4583, 50.614], [96.462, 50.608], [96.4759, 50.6147], [96.4815, 50.6117], [96.4751, 50.6056], [96.4826, 50.5925], [96.4903, 50.5886], [96.5003, 50.5595], [96.476, 50.5442], [96.4869, 50.5316], [96.4821, 50.5263], [96.5148, 50.4883], [96.5412, 50.4791], [96.5526, 50.4693], [96.5544, 50.4557], [96.5659, 50.45], [96.5631, 50.4643], [96.5763, 50.4737], [96.5823, 50.4856], [96.5776, 50.4997], [96.5818, 50.5137], [96.5874, 50.5232], [96.618, 50.5376], [96.6258, 50.554], [96.6113, 50.5739], [96.6106, 50.5867], [96.6437, 50.6019], [96.6684, 50.6276], [96.6745, 50.6414], [96.7123, 50.6797], [96.7174, 50.7099], [96.7278, 50.7181], [96.8345, 50.7375], [96.8628, 50.7595], [96.8635, 50.7873], [96.8745, 50.8076], [96.8717, 50.816], [96.8908, 50.8298], [96.8957, 50.84], [96.9063, 50.8487], [96.9517, 50.846], [96.9557, 50.8629], [96.9651, 50.864], [96.9854, 50.8793], [96.9937, 50.879], [96.9935, 50.886], [97.0036, 50.8883], [96.9959, 50.902], [97.0142, 50.909], [97.0127, 50.9144], [97.0005, 50.9146], [97.0093, 50.9231], [97.0068, 50.9301], [97.0131, 50.9381], [97.008, 50.9469], [97.018, 50.9522], [97.011, 50.9545], [97.0145, 50.9593], [97.007, 50.9736], [97.0087, 50.9798], [96.9991, 50.9794], [96.9899, 50.9977], [97.0218, 51.0019], [97.0479, 50.9899], [97.0753, 50.9889], [97.0889, 51.0024], [97.09, 51.012], [97.1168, 51.0134], [97.1219, 51.021], [97.1509, 51.0291], [97.1961, 51.0247], [97.2167, 51.0179], [97.2252, 51.0095], [97.237, 51.0119], [97.2348, 51.0171], [97.2412, 51.0215], [97.2555, 51.0098], [97.2857, 51.0242], [97.3306, 51.0251], [97.3408, 51.033], [97.3743, 51.0385], [97.3773, 51.047], [97.398, 51.0596], [97.4195, 51.0657], [97.4264, 51.0764], [97.4433, 51.0825], [97.4759, 51.106], [97.5067, 51.0936], [97.5319, 51.0952], [97.559, 51.0894], [97.589, 51.1062], [97.6149, 51.098], [97.6434, 51.1038], [97.649, 51.123], [97.6703, 51.1198], [97.7034, 51.1056], [97.7219, 51.1105], [97.7169, 51.1166], [97.7223, 51.1211], [97.7524, 51.1274], [97.8053, 51.1082], [97.8966, 51.1214], [97.8939, 51.1267], [97.9008, 51.1386], [97.8991, 51.1494], [97.9175, 51.155], [97.9186, 51.1702], [97.9393, 51.202], [97.9347, 51.2179], [97.9458, 51.2324], [97.9408, 51.2632], [97.962, 51.2758], [97.9645, 51.292], [97.9535, 51.3342], [97.9676, 51.3451], [97.9772, 51.3649], [97.9873, 51.365], [98.0041, 51.3849], [98.0211, 51.3941], [98.0307, 51.4148], [98.049, 51.4365], [98.0501, 51.4502], [98.126, 51.4713], [98.1809, 51.4546], [98.1866, 51.4618], [98.2241, 51.4567], [98.2409, 51.4829], [98.2449, 51.5], [98.2563, 51.5117], [98.2574, 51.5296], [98.2341, 51.5476], [98.245, 51.58], [98.2204, 51.587], [98.2232, 51.5951], [98.2477, 51.5971], [98.2748, 51.6161], [98.3284, 51.6973], [98.3559, 51.7011], [98.354, 51.7315], [98.3785, 51.7398], [98.4523, 51.7366], [98.5156, 51.7739], [98.5328, 51.7981], [98.5458, 51.7981], [98.5546, 51.7902], [98.6038, 51.7937], [98.6111, 51.7966], [98.6124, 51.8063], [98.65, 51.8157], [98.6645, 51.8258], [98.6805, 51.8203], [98.7122, 51.8437], [98.7643, 51.8699], [98.7699, 51.9104], [98.78, 51.932], [98.7799, 51.9418], [98.809, 51.9581], [98.8071, 52.0], [98.8167, 52.0059], [98.8196, 52.0147], [98.8065, 52.0255], [98.8268, 52.039], [98.8413, 52.0588], [98.8397, 52.0983], [98.8572, 52.1136], [98.8542, 52.129], [98.8615, 52.1361], [98.8834, 52.1361], [98.9111, 52.1496], [98.9692, 52.1426], [98.9671, 52.1506], [98.9883, 52.1632], [98.9742, 52.1709], [98.9606, 52.1716], [98.9282, 52.189], [98.9139, 52.1885], [98.8946, 52.2067], [98.8879, 52.2006], [98.8617, 52.1977], [98.8532, 52.1886], [98.8316, 52.1871], [98.8213, 52.1966], [98.8295, 52.2035], [98.8323, 52.2141], [98.8279, 52.2222], [98.8392, 52.2292], [98.8403, 52.2361], [98.8317, 52.251], [98.8248, 52.2532], [98.8326, 52.2744], [98.8121, 52.2775], [98.783, 52.2691], [98.7589, 52.2736], [98.7561, 52.2843], [98.7425, 52.2904], [98.7108, 52.2909], [98.6888, 52.2827], [98.6771, 52.2652], [98.6214, 52.2567], [98.5869, 52.2778], [98.5646, 52.2794], [98.554, 52.2526], [98.5713, 52.2252], [98.5578, 52.2201], [98.552, 52.1912], [98.5379, 52.1799], [98.5377, 52.186], [98.5301, 52.1914], [98.5152, 52.1911], [98.5096, 52.1988], [98.4901, 52.2053], [98.5007, 52.2114], [98.489, 52.2232], [98.4766, 52.2225], [98.4412, 52.2347], [98.4254, 52.2299], [98.4218, 52.237], [98.4015, 52.242], [98.3855, 52.2379], [98.3736, 52.2286], [98.3354, 52.2227], [98.3111, 52.2113], [98.2962, 52.2103], [98.2895, 52.2039], [98.272, 52.209], [98.2586, 52.205], [98.2537, 52.2004], [98.2629, 52.188], [98.2632, 52.1754], [98.2728, 52.1588], [98.2717, 52.1515], [98.2551, 52.1387], [98.2514, 52.1137], [98.2714, 52.1107], [98.2817, 52.0993], [98.2965, 52.0988], [98.2983, 52.0949], [98.2867, 52.0893], [98.297, 52.0557], [98.2885, 52.049], [98.2788, 52.0518], [98.2701, 52.0449], [98.2692, 52.0382], [98.2498, 52.0315], [98.2516, 52.0266], [98.2433, 52.0237], [98.184, 52.026], [98.1537, 52.0099], [98.0498, 52.0044], [98.0111, 52.0081], [97.9898, 52.003], [97.9864, 51.9908], [97.9662, 51.987], [97.9733, 51.9647], [97.9367, 51.9472], [97.9475, 51.9214], [97.9251, 51.9156], [97.9061, 51.9008], [97.921, 51.8921], [97.9188, 51.8837], [97.9236, 51.8782], [97.9193, 51.8728], [97.8926, 51.887], [97.8695, 51.8894], [97.8589, 51.8822], [97.7967, 51.8818], [97.8047, 51.8674], [97.7893, 51.8621], [97.7755, 51.8667], [97.7586, 51.8629], [97.7545, 51.856], [97.7581, 51.8477], [97.7733, 51.8507], [97.7813, 51.8469], [97.7873, 51.8388], [97.7896, 51.8185], [97.8152, 51.8033], [97.8125, 51.7929], [97.8192, 51.7795], [97.8202, 51.761], [97.8661, 51.7281], [97.8615, 51.717], [97.8689, 51.7095], [97.8643, 51.7031], [97.8772, 51.6925], [97.8687, 51.685], [97.8475, 51.6932], [97.8388, 51.6915], [97.8107, 51.6689], [97.7718, 51.6785], [97.7729, 51.6688], [97.7498, 51.663], [97.7381, 51.671], [97.69, 51.6805], [97.6735, 51.674], [97.66, 51.6804], [97.645, 51.6756], [97.6391, 51.6842], [97.5843, 51.6772], [97.5738, 51.6671], [97.5489, 51.6664], [97.5423, 51.6592], [97.5431, 51.6509], [97.5312, 51.6466], [97.5565, 51.6374], [97.5654, 51.6195], [97.5589, 51.6088], [97.5455, 51.6073], [97.5338, 51.6148], [97.5105, 51.6137], [97.4831, 51.6341], [97.4658, 51.6304], [97.4419, 51.6339], [97.4113, 51.6528], [97.3724, 51.6559], [97.3354, 51.6735], [97.3143, 51.6764], [97.3037, 51.6724], [97.2652, 51.6779], [97.2514, 51.6649], [97.2302, 51.6574], [97.2097, 51.6725], [97.1296, 51.6682], [97.1257, 51.6582], [97.1279, 51.6468], [97.0728, 51.6226], [97.0647, 51.599], [97.0157, 51.6009], [97.0138, 51.6103], [97.0025, 51.6165], [96.9958, 51.6436], [96.9881, 51.6536], [96.9911, 51.6637], [97.0142, 51.677], [97.0121, 51.6808], [97.0038, 51.6885], [96.9769, 51.6927], [96.9704, 51.7023], [96.957, 51.7062], [96.9497, 51.7032], [96.9385, 51.7096], [96.9192, 51.7101], [96.9112, 51.7077], [96.9104, 51.7014], [96.8823, 51.6987], [96.8618, 51.7044], [96.8196, 51.7027], [96.8137, 51.7123], [96.7803, 51.7063], [96.7699, 51.7144], [96.7558, 51.7171], [96.7354, 51.7171], [96.7127, 51.7107], [96.6941, 51.7144], [96.6806, 51.7117], [96.671, 51.7153], [96.6605, 51.7278], [96.6308, 51.7214], [96.6322, 51.7103], [96.6253, 51.7031], [96.603, 51.7041], [96.5568, 51.7252], [96.5624, 51.7459], [96.5332, 51.7654], [96.5362, 51.7756], [96.5271, 51.7909], [96.5155, 51.7884], [96.4997, 51.7933], [96.4678, 51.8134], [96.4534, 51.8168], [96.4185, 51.8042], [96.3949, 51.8009], [96.3344, 51.8033], [96.3107, 51.7801], [96.2759, 51.7855], [96.2293, 51.8264], [96.188, 51.8471], [96.1746, 51.8684], [96.1588, 51.8701], [96.1438, 51.8809], [96.1119, 51.8861], [96.1024, 51.8956], [96.0739, 51.9005], [96.0742, 51.9122], [96.0114, 51.932], [96.0041, 51.9446], [95.9791, 51.9531], [95.9764, 51.9665], [95.9887, 51.9724], [95.9842, 51.9916], [95.9759, 51.996], [95.9759, 52.0043], [95.9501, 52.0075], [95.9526, 52.0301], [95.9441, 52.0312], [95.9077, 52.0178], [95.8621, 52.0179], [95.8546, 52.0075], [95.8455, 52.0036], [95.8064, 52.02], [95.7838, 52.019], [95.7741, 52.0141], [95.7727, 52.0081], [95.7547, 52.0018], [95.737, 52.0083], [95.7362, 52.0131], [95.709, 52.0209], [95.6701, 52.0226], [95.6512, 52.0315], [95.6463, 52.0305], [95.6447, 52.0151], [95.632, 51.9989], [95.5776, 52.0063], [95.5309, 52.0028], [95.5019, 52.0056], [95.4826, 52.0024], [95.4698, 51.9874], [95.449, 51.9792], [95.4223, 51.9868], [95.4406, 51.943], [95.4289, 51.9185], [95.4209, 51.9128], [95.4205, 51.9034], [95.3912, 51.8962], [95.3717, 51.9027], [95.3543, 51.899], [95.3557, 51.8866], [95.3423, 51.8819], [95.3366, 51.867], [95.3246, 51.8588], [95.2477, 51.8695], [95.1902, 51.8604], [95.1615, 51.8704], [95.1263, 51.8725], [95.1058, 51.864], [95.0896, 51.8678], [95.0621, 51.8622], [95.0497, 51.8432], [95.0166, 51.8362], [94.9058, 51.8362], [94.8807, 51.8342], [94.8636, 51.8275], [94.7896, 51.8318], [94.7788, 51.8221], [94.7245, 51.8107], [94.7027, 51.7966], [94.6595, 51.7851], [94.6452, 51.7754], [94.65, 51.7676], [94.6764, 51.7556], [94.6872, 51.7403], [94.6792, 51.7096], [94.681, 51.6959], [94.7326, 51.6849], [94.7596, 51.6631], [94.7587, 51.6596], [94.7851, 51.6501], [94.775, 51.6262], [94.7498, 51.6084], [94.7559, 51.5964], [94.7415, 51.5841], [94.7582, 51.5615], [94.8015, 51.5402], [94.7997, 51.5262], [94.8481, 51.4928], [94.9124, 51.4648], [94.9179, 51.4579], [94.9394, 51.4547], [94.9603, 51.437], [94.9826, 51.4385], [95.0009, 51.4278], [94.9938, 51.4156], [95.0202, 51.3978], [95.0386, 51.3733], [95.0803, 51.359], [95.1202, 51.3352], [95.1741, 51.3224], [95.1704, 51.2973], [95.1488, 51.2972], [95.1485, 51.2907], [95.1343, 51.2834], [95.1489, 51.2808], [95.1476, 51.2509], [95.1384, 51.2345], [95.15, 51.2256], [95.1393, 51.2112], [95.1145, 51.198], [95.0721, 51.1908], [95.077, 51.1813], [95.0725, 51.1805], [95.1627, 51.1488], [95.2064, 51.1117], [95.2576, 51.0818], [95.2774, 51.0809], [95.3039, 51.0532], [95.3126, 51.0298], [95.3394, 51.0193], [95.3654, 51.0173], [95.3857, 50.9738], [95.3874, 50.948], [95.429, 50.9119], [95.4209, 50.9001], [95.4333, 50.8929], [95.443, 50.8595], [95.4526, 50.8511], [95.4479, 50.8421], [95.4547, 50.8346], [95.4563, 50.8177], [95.4396, 50.7882], [95.4433, 50.7855]]]}}]}