{"type": "FeatureCollection", "parent": {"osm_id": 145730, "name": "Zabaykalsky Krai", "admin_level": "4", "kind": "subdivision_1", "child_kind": "subdivision_2", "iso": "RU-ZAB"}, "features": [{"type": "Feature", "properties": {"osm_type": "relation", "osm_id": 637513061, "name": "Khiloksky District", "admin_level": "6", "kind": "subdivision_2", "parent_osm_id": 145730, "parent_name": "Zabaykalsky Krai", "parent_iso": "RU-ZAB"}, "geometry": {"type": "Polygon", "coordinates": [[[109.6239, 51.4516], [109.6207, 51.4343], [109.6296, 51.4277], [109.6282, 51.4216], [109.6398, 51.4071], [109.6282, 51.3825], [109.6283, 51.3707], [109.634, 51.3558], [109.6425, 51.3531], [109.6419, 51.3462], [109.6561, 51.34], [109.6495, 51.3332], [109.6276, 51.3285], [109.5817, 51.3035], [109.5892, 51.293], [109.5987, 51.29], [109.595, 51.2839], [109.6001, 51.2796], [109.5917, 51.2749], [109.5956, 51.2708], [109.5859, 51.274], [109.5731, 51.2705], [109.5734, 51.2598], [109.5459, 51.2618], [109.5332, 51.2552], [109.5395, 51.2484], [109.5241, 51.2452], [109.5219, 51.2361], [109.5034, 51.2283], [109.4835, 51.2304], [109.4684, 51.2218], [109.4654, 51.2274], [109.4562, 51.2268], [109.4424, 51.2488], [109.4508, 51.2708], [109.4554, 51.2725], [109.4557, 51.2801], [109.4519, 51.2814], [109.4394, 51.2752], [109.4333, 51.2485], [109.423, 51.2483], [109.4199, 51.242], [109.3995, 51.2337], [109.4116, 51.2247], [109.4086, 51.2175], [109.3979, 51.2239], [109.3652, 51.211], [109.3555, 51.2146], [109.3098, 51.1948], [109.3642, 51.19], [109.3771, 51.1768], [109.4324, 51.1444], [109.4301, 51.1378], [109.4171, 51.1302], [109.4229, 51.1247], [109.4327, 51.1271], [109.4299, 51.1329], [109.4364, 51.1365], [109.4496, 51.139], [109.4669, 51.1203], [109.48, 51.0889], [109.4784, 51.0812], [109.4938, 51.0644], [109.5289, 51.0485], [109.528, 51.0294], [109.6095, 51.0014], [109.6067, 51.0142], [109.6325, 51.0254], [109.6401, 51.038], [109.6528, 51.0416], [109.6662, 51.0389], [109.6857, 51.0577], [109.7218, 51.0581], [109.7482, 51.1055], [109.7711, 51.1143], [109.817, 51.1177], [109.8229, 51.1357], [109.8465, 51.1392], [109.8646, 51.1352], [109.8822, 51.1453], [109.9179, 51.1355], [109.9397, 51.1394], [109.9774, 51.1311], [110.021, 51.1401], [110.0263, 51.1468], [110.048, 51.1443], [110.0712, 51.1228], [110.0655, 51.1186], [110.0728, 51.1047], [110.0659, 51.0885], [110.0661, 51.0797], [110.0726, 51.0761], [110.0721, 51.0644], [110.0661, 51.0614], [110.0598, 51.0475], [110.0632, 51.0328], [110.0847, 51.0127], [110.0858, 50.9967], [110.096, 50.9951], [110.0899, 50.9883], [110.0844, 50.9891], [110.0805, 50.9757], [110.0755, 50.9736], [110.0779, 50.9663], [110.0588, 50.9532], [110.06, 50.9456], [110.0684, 50.9423], [110.0516, 50.9225], [110.0593, 50.9186], [110.0592, 50.9095], [110.071, 50.9102], [110.0858, 50.9041], [110.0888, 50.8984], [110.0775, 50.8677], [110.0639, 50.8652], [110.0715, 50.8607], [110.0717, 50.8392], [110.0557, 50.8373], [110.068, 50.8318], [110.0735, 50.8239], [110.0719, 50.7991], [110.0598, 50.7944], [110.0565, 50.7853], [110.0417, 50.7829], [110.0401, 50.7771], [110.0188, 50.7632], [110.0201, 50.7477], [110.0023, 50.7391], [110.0562, 50.7252], [110.0616, 50.7332], [110.0806, 50.7418], [110.1022, 50.7364], [110.1172, 50.7418], [110.1535, 50.7295], [110.1805, 50.7302], [110.1851, 50.7236], [110.2483, 50.7191], [110.2921, 50.737], [110.2969, 50.7439], [110.3234, 50.7441], [110.3281, 50.7543], [110.3205, 50.7611], [110.3696, 50.7739], [110.4333, 50.7595], [110.4602, 50.7654], [110.4699, 50.762], [110.4807, 50.7702], [110.499, 50.7632], [110.5252, 50.7618], [110.5299, 50.7684], [110.559, 50.7829], [110.5938, 50.7836], [110.6007, 50.7897], [110.6197, 50.7868], [110.6376, 50.7988], [110.6667, 50.8006], [110.6718, 50.7938], [110.7232, 50.7954], [110.7368, 50.8018], [110.759, 50.8024], [110.8093, 50.789], [110.8218, 50.797], [110.8337, 50.7975], [110.8407, 50.7899], [110.8619, 50.7901], [110.883, 50.7839], [110.8949, 50.7925], [110.9048, 50.7932], [110.9015, 50.8047], [110.9216, 50.8055], [110.9467, 50.8141], [110.9574, 50.8298], [110.9343, 50.8442], [110.9536, 50.8566], [110.9591, 50.8772], [110.9673, 50.8873], [110.9685, 50.8944], [110.9589, 50.8989], [110.9702, 50.9064], [110.9729, 50.9152], [110.9597, 50.9219], [110.9579, 50.9294], [110.967, 50.9402], [110.9632, 50.9485], [110.9914, 50.9667], [111.0102, 51.016], [111.0361, 51.0409], [111.0369, 51.0493], [111.0064, 51.0895], [111.0211, 51.0927], [111.046, 51.0864], [111.079, 51.0931], [111.0882, 51.0809], [111.1052, 51.0835], [111.1316, 51.0935], [111.1316, 51.1052], [111.1577, 51.1125], [111.1816, 51.1096], [111.2233, 51.1307], [111.2382, 51.1433], [111.2586, 51.1492], [111.2685, 51.1702], [111.2812, 51.1775], [111.3347, 51.1852], [111.3419, 51.1678], [111.3705, 51.1802], [111.3909, 51.1761], [111.4117, 51.1805], [111.4262, 51.1767], [111.4462, 51.1788], [111.4571, 51.174], [111.4688, 51.1891], [111.5084, 51.199], [111.5206, 51.2065], [111.5371, 51.2068], [111.5387, 51.2132], [111.5514, 51.2227], [111.6159, 51.2413], [111.6283, 51.2359], [111.6682, 51.2772], [111.6954, 51.2807], [111.7083, 51.2949], [111.7091, 51.3045], [111.7426, 51.3063], [111.7459, 51.3117], [111.7601, 51.3164], [111.7573, 51.3222], [111.7647, 51.3409], [111.8002, 51.3493], [111.8005, 51.3634], [111.8307, 51.3674], [111.8805, 51.3908], [111.9021, 51.3885], [111.9122, 51.4007], [111.9064, 51.4086], [111.9084, 51.4176], [111.9323, 51.433], [111.9742, 51.426], [111.9859, 51.4303], [112.0318, 51.4641], [112.0613, 51.477], [112.0776, 51.4738], [112.0859, 51.4822], [112.1215, 51.4951], [112.1223, 51.5065], [112.1634, 51.5075], [112.1677, 51.5007], [112.1916, 51.5089], [112.1916, 51.5193], [112.1997, 51.5339], [112.2221, 51.5418], [112.2322, 51.5335], [112.2609, 51.556], [112.2812, 51.5533], [112.2881, 51.5632], [112.3087, 51.5692], [112.3188, 51.5868], [112.3338, 51.5834], [112.3394, 51.5899], [112.3396, 51.6055], [112.3531, 51.6092], [112.3452, 51.627], [112.3531, 51.6322], [112.3541, 51.6399], [112.3401, 51.6462], [112.3351, 51.6536], [112.3203, 51.6558], [112.3173, 51.6681], [112.298, 51.6757], [112.2876, 51.6919], [112.268, 51.7032], [112.2685, 51.7097], [112.2035, 51.7455], [112.202, 51.7608], [112.2081, 51.7675], [112.205, 51.7851], [112.1954, 51.795], [112.1926, 51.8071], [112.1763, 51.8123], [112.1658, 51.8233], [112.1905, 51.8475], [112.2382, 51.8622], [112.2547, 51.8589], [112.2606, 51.8746], [112.2712, 51.8829], [112.2679, 51.8972], [112.2575, 51.8979], [112.2209, 51.9161], [112.2446, 51.9239], [112.2575, 51.9482], [112.2715, 51.9416], [112.2766, 51.934], [112.29, 51.9322], [112.3113, 51.9503], [112.3055, 51.9593], [112.3083, 51.9653], [112.3342, 51.983], [112.3312, 51.9967], [112.3611, 52.0133], [112.3611, 52.0213], [112.337, 52.0325], [112.3225, 52.0338], [112.3185, 52.0425], [112.3205, 52.0566], [112.3294, 52.0745], [112.322, 52.0778], [112.323, 52.0861], [112.3438, 52.1098], [112.3329, 52.1232], [112.3438, 52.1285], [112.3499, 52.1399], [112.3558, 52.1632], [112.3634, 52.169], [112.3596, 52.1808], [112.3736, 52.1984], [112.3826, 52.2015], [112.3761, 52.2147], [112.331, 52.2217], [112.3265, 52.2347], [112.3056, 52.2452], [112.2397, 52.2362], [112.2209, 52.2469], [112.1938, 52.2509], [112.1912, 52.2635], [112.1994, 52.2693], [112.1892, 52.2751], [112.1906, 52.2856], [112.1769, 52.3037], [112.1607, 52.3026], [112.1406, 52.2909], [112.145, 52.2813], [112.1066, 52.2868], [112.0753, 52.2853], [112.0658, 52.2695], [112.0471, 52.2642], [112.047, 52.239], [112.0141, 52.2287], [112.0143, 52.2213], [112.005, 52.2178], [112.0084, 52.2087], [111.9346, 52.1974], [111.9342, 52.1909], [111.9242, 52.1836], [111.935, 52.18], [111.9332, 52.1632], [111.9113, 52.1459], [111.8869, 52.141], [111.8883, 52.1272], [111.8946, 52.119], [111.8341, 52.1096], [111.8296, 52.0944], [111.7968, 52.087], [111.8048, 52.0738], [111.7743, 52.0685], [111.7717, 52.057], [111.7552, 52.0329], [111.7354, 52.0194], [111.7334, 51.9982], [111.7046, 51.9895], [111.7146, 51.9755], [111.6733, 51.9773], [111.6365, 51.9542], [111.6153, 51.9572], [111.5958, 51.9279], [111.5435, 51.9185], [111.5384, 51.9122], [111.5151, 51.9136], [111.4785, 51.8894], [111.4631, 51.8713], [111.4034, 51.8681], [111.3474, 51.8777], [111.3149, 51.8698], [111.2942, 51.857], [111.2871, 51.8388], [111.2071, 51.8226], [111.1908, 51.8232], [111.1732, 51.8319], [111.1485, 51.833], [111.1138, 51.8139], [111.089, 51.8144], [111.0599, 51.8002], [111.0148, 51.7915], [111.0297, 51.7687], [111.0136, 51.7344], [111.0004, 51.7245], [110.9587, 51.7259], [110.9339, 51.7209], [110.9237, 51.7056], [110.9016, 51.6984], [110.8781, 51.6794], [110.8416, 51.6751], [110.8355, 51.6499], [110.8626, 51.6413], [110.8729, 51.6199], [110.8496, 51.5892], [110.8107, 51.5909], [110.7945, 51.5831], [110.777, 51.5829], [110.7751, 51.5654], [110.7652, 51.558], [110.7587, 51.5434], [110.7381, 51.5497], [110.7142, 51.5444], [110.7166, 51.5297], [110.7063, 51.5148], [110.6633, 51.5098], [110.6499, 51.5157], [110.6196, 51.5166], [110.6014, 51.5087], [110.5958, 51.5003], [110.5232, 51.5023], [110.5109, 51.5173], [110.4971, 51.5219], [110.4717, 51.514], [110.4535, 51.5219], [110.4246, 51.5241], [110.4088, 51.5481], [110.3904, 51.5497], [110.3982, 51.5558], [110.3932, 51.5658], [110.394, 51.5784], [110.3988, 51.5822], [110.3939, 51.5879], [110.3791, 51.5796], [110.3632, 51.5776], [110.2927, 51.6036], [110.2461, 51.5966], [110.2178, 51.6027], [110.1848, 51.5956], [110.1465, 51.6116], [110.139, 51.6018], [110.1103, 51.5998], [110.1009, 51.6066], [110.0712, 51.6092], [110.0588, 51.6213], [110.0482, 51.6236], [110.0345, 51.6171], [110.0, 51.6116], [109.9663, 51.614], [109.9607, 51.6111], [109.9597, 51.6009], [109.9493, 51.5918], [109.9497, 51.587], [109.933, 51.587], [109.9161, 51.5728], [109.8998, 51.5728], [109.8817, 51.5638], [109.8342, 51.553], [109.8194, 51.5344], [109.8045, 51.528], [109.7903, 51.5147], [109.7773, 51.5142], [109.7738, 51.5088], [109.7512, 51.5027], [109.7237, 51.5028], [109.693, 51.4768], [109.6835, 51.4772], [109.67, 51.4672], [109.6424, 51.4654], [109.6239, 51.4516]]]}}, {"type": "Feature", "properties": {"osm_type": "relation", "osm_id": 512503356, "name": "Akshinsky District", "admin_level": "6", "kind": "subdivision_2", "parent_osm_id": 145730, "parent_name": "Zabaykalsky Krai", "parent_iso": "RU-ZAB"}, "geometry": {"type": "Polygon", "coordinates": [[[112.4034, 50.3465], [112.4199, 50.3342], [112.4235, 50.3227], [112.4202, 50.3172], [112.4366, 50.3012], [112.4029, 50.3001], [112.3799, 50.27], [112.384, 50.2618], [112.3619, 50.2458], [112.344, 50.2427], [112.3284, 50.2153], [112.3313, 50.1874], [112.3128, 50.1721], [112.3077, 50.1559], [112.329, 50.1229], [112.2897, 50.1056], [112.2846, 50.0965], [112.3029, 50.0854], [112.2902, 50.0719], [112.2927, 50.0543], [112.2859, 50.0484], [112.2925, 50.0321], [112.4022, 49.9978], [112.4151, 49.9836], [112.4428, 49.9836], [112.4494, 49.9704], [112.4601, 49.9707], [112.486, 49.9575], [112.4847, 49.9498], [112.4982, 49.9438], [112.5386, 49.9441], [112.5591, 49.9356], [112.584, 49.9384], [112.6018, 49.9325], [112.6279, 49.9451], [112.6531, 49.9457], [112.682, 49.9364], [112.6889, 49.9475], [112.7003, 49.9505], [112.7595, 49.9488], [112.7745, 49.9418], [112.8507, 49.9381], [112.8652, 49.9473], [112.8778, 49.9459], [112.8909, 49.9337], [112.9247, 49.919], [112.9299, 49.9126], [112.9703, 49.9086], [112.9971, 49.8907], [113.0447, 49.8844], [113.0728, 49.9035], [113.092, 49.8958], [113.1246, 49.9061], [113.1381, 49.9189], [113.1595, 49.921], [113.1703, 49.9392], [113.2035, 49.9354], [113.2128, 49.9196], [113.224, 49.9114], [113.2362, 49.9099], [113.2324, 49.9018], [113.2346, 49.8964], [113.2438, 49.8949], [113.2484, 49.8667], [113.2628, 49.8558], [113.3936, 49.9091], [113.4739, 49.9354], [113.4888, 49.9736], [113.6404, 49.9927], [113.7103, 50.0442], [113.7427, 50.0749], [113.8787, 50.1049], [114.0, 50.1637], [114.046, 50.1832], [114.0621, 50.1836], [114.0926, 50.2073], [114.1055, 50.2112], [114.1141, 50.2422], [114.1108, 50.2575], [114.1028, 50.2647], [114.1048, 50.281], [114.0926, 50.2957], [114.0938, 50.3035], [114.0797, 50.3125], [114.0678, 50.3156], [114.0305, 50.3083], [114.0302, 50.316], [114.0154, 50.3263], [113.9614, 50.3387], [113.9241, 50.3626], [113.9161, 50.3813], [113.9182, 50.3978], [113.9079, 50.4067], [113.9054, 50.4193], [113.9143, 50.4481], [113.9125, 50.4561], [113.8802, 50.4872], [113.7521, 50.5414], [113.7258, 50.5296], [113.7072, 50.5579], [113.6106, 50.5493], [113.5868, 50.5416], [113.6133, 50.5021], [113.6151, 50.4872], [113.5795, 50.4667], [113.5801, 50.4731], [113.5374, 50.4707], [113.5306, 50.4746], [113.4971, 50.4694], [113.4984, 50.4285], [113.4809, 50.4242], [113.4878, 50.4205], [113.4889, 50.4102], [113.4592, 50.4155], [113.4359, 50.4056], [113.4215, 50.4117], [113.4112, 50.4081], [113.4096, 50.4136], [113.3993, 50.4172], [113.3962, 50.4099], [113.38, 50.4106], [113.3761, 50.3986], [113.3663, 50.3972], [113.345, 50.4069], [113.3318, 50.4236], [113.3351, 50.4312], [113.3413, 50.4305], [113.3699, 50.4461], [113.3734, 50.4609], [113.3559, 50.4729], [113.345, 50.5036], [113.2982, 50.5314], [113.2971, 50.5706], [113.3064, 50.5793], [113.2995, 50.5889], [113.2735, 50.5866], [113.2461, 50.5742], [113.2273, 50.5802], [113.2207, 50.5905], [113.1945, 50.6081], [113.1889, 50.6204], [113.1445, 50.6212], [113.1292, 50.6317], [113.1211, 50.6263], [113.1102, 50.6305], [113.0975, 50.6213], [113.1022, 50.6077], [113.0831, 50.598], [113.0467, 50.6147], [112.9683, 50.6204], [112.9536, 50.6146], [112.9352, 50.6249], [112.8998, 50.6118], [112.8958, 50.5992], [112.8683, 50.5962], [112.8376, 50.584], [112.7981, 50.613], [112.7366, 50.6076], [112.7325, 50.6205], [112.736, 50.6256], [112.7266, 50.6282], [112.724, 50.6422], [112.705, 50.6541], [112.6884, 50.6813], [112.6668, 50.6761], [112.6718, 50.6704], [112.6699, 50.6647], [112.6435, 50.6523], [112.6469, 50.6476], [112.6436, 50.6381], [112.6337, 50.6349], [112.6336, 50.6244], [112.6245, 50.6181], [112.6274, 50.6135], [112.6243, 50.6089], [112.632, 50.5985], [112.6261, 50.5943], [112.6293, 50.582], [112.6202, 50.5731], [112.6223, 50.5637], [112.6017, 50.5552], [112.6016, 50.5507], [112.5849, 50.5405], [112.5868, 50.5284], [112.564, 50.5218], [112.5419, 50.5274], [112.5312, 50.5241], [112.508, 50.5278], [112.4954, 50.5173], [112.4963, 50.5135], [112.4769, 50.5002], [112.471, 50.5007], [112.4699, 50.4786], [112.4651, 50.4764], [112.4606, 50.4606], [112.441, 50.4429], [112.4314, 50.441], [112.4251, 50.425], [112.4294, 50.4117], [112.4215, 50.4083], [112.4233, 50.396], [112.4173, 50.3818], [112.4052, 50.3733], [112.4155, 50.3574], [112.4107, 50.354], [112.4132, 50.3498], [112.4034, 50.3465]]]}}, {"type": "Feature", "properties": {"osm_type": "relation", "osm_id": 674732492, "name": "Krasnokamensky District", "admin_level": "6", "kind": "subdivision_2", "parent_osm_id": 145730, "parent_name": "Zabaykalsky Krai", "parent_iso": "RU-ZAB"}, "geometry": {"type": "Polygon", "coordinates": [[[117.3021, 50.2358], [117.6068, 50.1065], [117.6397, 50.0451], [117.648, 50.0451], [117.6445, 50.0335], [117.7464, 50.0225], [117.7841, 49.9964], [117.7563, 49.9381], [117.768, 49.9333], [117.795, 49.9047], [117.8233, 49.9152], [117.9328, 49.8851], [117.9545, 49.8578], [117.9377, 49.8368], [117.9338, 49.8063], [117.8866, 49.7644], [117.9409, 49.6892], [117.9125, 49.6736], [117.9919, 49.6367], [117.9638, 49.6259], [117.9278, 49.5985], [117.9434, 49.5937], [117.9515, 49.598], [117.9482, 49.6008], [117.9542, 49.6055], [117.9451, 49.6029], [117.9467, 49.6082], [117.9667, 49.6097], [117.9732, 49.6196], [117.9809, 49.6215], [117.9834, 49.6181], [117.9923, 49.6213], [117.9918, 49.6149], [118.0022, 49.6125], [118.0068, 49.6159], [118.0425, 49.6098], [118.0586, 49.611], [118.0572, 49.6148], [118.074, 49.6138], [118.0871, 49.6306], [118.0819, 49.6324], [118.0994, 49.6355], [118.0955, 49.645], [118.1113, 49.646], [118.1039, 49.6546], [118.1123, 49.6546], [118.1085, 49.663], [118.1157, 49.6672], [118.107, 49.6676], [118.107, 49.671], [118.1323, 49.6618], [118.1445, 49.6631], [118.1475, 49.6577], [118.156, 49.6669], [118.1589, 49.6601], [118.1655, 49.659], [118.1604, 49.6657], [118.1735, 49.6746], [118.1706, 49.6821], [118.178, 49.6859], [118.1822, 49.6783], [118.1894, 49.6845], [118.1983, 49.6827], [118.2041, 49.6886], [118.2044, 49.6978], [118.2129, 49.7022], [118.2056, 49.7049], [118.2038, 49.7111], [118.212, 49.7129], [118.2119, 49.7164], [118.2258, 49.7155], [118.2268, 49.7255], [118.2349, 49.732], [118.2271, 49.7363], [118.2439, 49.734], [118.2494, 49.7406], [118.2841, 49.7443], [118.2926, 49.7507], [118.2864, 49.7539], [118.2913, 49.7561], [118.2947, 49.7516], [118.2958, 49.7599], [118.3035, 49.7593], [118.3089, 49.7671], [118.3058, 49.773], [118.322, 49.7653], [118.3251, 49.7681], [118.3265, 49.7639], [118.3313, 49.7731], [118.3444, 49.7779], [118.3546, 49.7753], [118.3755, 49.7824], [118.3808, 49.7779], [118.3811, 49.7839], [118.372, 49.7897], [118.3818, 49.7916], [118.3772, 49.7985], [118.3816, 49.7989], [118.3819, 49.8045], [118.3896, 49.7997], [118.3897, 49.8052], [118.3959, 49.8042], [118.3871, 49.809], [118.389, 49.8159], [118.3831, 49.8164], [118.3881, 49.8181], [118.3804, 49.8185], [118.3783, 49.826], [118.3959, 49.8282], [118.4178, 49.8227], [118.4292, 49.8258], [118.4229, 49.8275], [118.4324, 49.834], [118.4518, 49.8305], [118.4546, 49.8356], [118.4628, 49.8228], [118.4765, 49.8286], [118.4733, 49.8323], [118.4672, 49.83], [118.4754, 49.8369], [118.4677, 49.8388], [118.4795, 49.8384], [118.475, 49.8427], [118.4818, 49.8381], [118.4917, 49.8404], [118.4792, 49.8484], [118.479, 49.8555], [118.4909, 49.8589], [118.4806, 49.86], [118.4774, 49.8649], [118.4885, 49.8676], [118.48, 49.8711], [118.4906, 49.8695], [118.4928, 49.8775], [118.5164, 49.8797], [118.5242, 49.8865], [118.5187, 49.8886], [118.5238, 49.8914], [118.5189, 49.8964], [118.5246, 49.8944], [118.5249, 49.9005], [118.5384, 49.8986], [118.547, 49.9047], [118.5577, 49.9003], [118.5519, 49.9072], [118.543, 49.9072], [118.5618, 49.9111], [118.5539, 49.9131], [118.5533, 49.9191], [118.5669, 49.93], [118.5751, 49.9291], [118.5738, 49.9248], [118.5903, 49.9318], [118.5985, 49.9252], [118.6002, 49.9334], [118.6081, 49.924], [118.6107, 49.9269], [118.6041, 49.9341], [118.6198, 49.9369], [118.61, 49.9427], [118.6125, 49.9472], [118.6174, 49.9475], [118.6152, 49.9424], [118.6203, 49.9459], [118.6216, 49.9407], [118.644, 49.9365], [118.6495, 49.9386], [118.6478, 49.9475], [118.643, 49.9491], [118.659, 49.9475], [118.6538, 49.9535], [118.6675, 49.9484], [118.6632, 49.9543], [118.6737, 49.9501], [118.6798, 49.9537], [118.6785, 49.9483], [118.6847, 49.9524], [118.69, 49.9476], [118.6895, 49.9556], [118.6946, 49.9481], [118.6998, 49.95], [118.6976, 49.9525], [118.7066, 49.9472], [118.723, 49.9466], [118.728, 49.9511], [118.7328, 49.9448], [118.7407, 49.9494], [118.7471, 49.9469], [118.7572, 49.9587], [118.7653, 49.9529], [118.7768, 49.9523], [118.7743, 49.9559], [118.7828, 49.9525], [118.7824, 49.9578], [118.7874, 49.9564], [118.78, 49.9597], [118.7954, 49.9623], [118.7966, 49.9677], [118.819, 49.9653], [118.8172, 49.962], [118.8216, 49.9654], [118.8206, 49.9616], [118.8277, 49.9589], [118.8349, 49.9638], [118.8333, 49.9599], [118.8476, 49.9841], [118.8386, 50.0258], [118.8258, 50.0513], [118.7858, 50.0757], [118.7875, 50.0812], [118.7773, 50.0803], [118.6782, 50.1553], [118.6987, 50.1851], [118.6428, 50.258], [118.6168, 50.264], [118.6176, 50.2829], [118.604, 50.2924], [118.5895, 50.3371], [118.5792, 50.3469], [118.5204, 50.3394], [118.506, 50.3751], [118.5089, 50.3931], [118.5053, 50.3972], [118.488, 50.3871], [118.4965, 50.3785], [118.4874, 50.3674], [118.4904, 50.3633], [118.4744, 50.3575], [118.4659, 50.3437], [118.47, 50.3279], [118.4956, 50.2913], [118.4408, 50.2844], [118.361, 50.2959], [118.316, 50.2874], [118.2507, 50.2479], [118.268, 50.2357], [118.238, 50.2252], [118.1996, 50.2336], [118.1793, 50.2528], [118.1642, 50.2922], [118.0552, 50.3349], [118.0312, 50.3343], [118.0112, 50.3551], [117.9756, 50.3653], [117.9767, 50.3708], [117.9529, 50.3888], [117.9295, 50.3932], [117.9135, 50.4065], [117.8816, 50.4125], [117.8741, 50.4199], [117.8776, 50.4243], [117.8683, 50.4195], [117.836, 50.4187], [117.8236, 50.4309], [117.8186, 50.4508], [117.7939, 50.4502], [117.7389, 50.4332], [117.7348, 50.4376], [117.7218, 50.4344], [117.6909, 50.4468], [117.652, 50.4471], [117.5891, 50.4278], [117.5846, 50.4372], [117.47, 50.446], [117.4548, 50.4317], [117.4412, 50.4327], [117.4111, 50.417], [117.3744, 50.388], [117.3946, 50.3636], [117.4393, 50.3396], [117.3021, 50.2358]]]}}, {"type": "Feature", "properties": {"osm_type": "relation", "osm_id": 418959011, "name": "Shilkinsky District", "admin_level": "6", "kind": "subdivision_2", "parent_osm_id": 145730, "parent_name": "Zabaykalsky Krai", "parent_iso": "RU-ZAB"}, "geometry": {"type": "Polygon", "coordinates": [[[115.2157, 52.2973], [115.1863, 52.288], [115.1746, 52.2808], [115.1778, 52.276], [115.171, 52.2712], [115.1739, 52.2645], [115.1491, 52.2574], [115.1481, 52.2505], [115.1571, 52.2409], [115.151, 52.2368], [115.1545, 52.2338], [115.1235, 52.1956], [115.1403, 52.1913], [115.1444, 52.1787], [115.1383, 52.1668], [115.1508, 52.1598], [115.169, 52.1157], [115.2447, 52.1096], [115.2482, 52.1034], [115.2421, 52.0884], [115.2267, 52.0785], [115.2383, 52.0715], [115.2467, 52.0485], [115.2496, 52.0305], [115.2395, 52.0203], [115.2528, 52.0146], [115.2476, 52.0064], [115.2607, 51.9969], [115.2351, 51.9841], [115.2192, 51.9859], [115.2076, 51.978], [115.1551, 51.9617], [115.1574, 51.9389], [115.151, 51.9276], [115.1177, 51.9292], [115.1099, 51.9258], [115.1046, 51.9145], [115.0922, 51.9103], [115.0893, 51.9026], [115.0797, 51.8984], [115.0701, 51.9002], [115.064, 51.8958], [115.0472, 51.9027], [115.0382, 51.8886], [115.022, 51.8818], [115.0316, 51.8684], [115.0008, 51.8551], [115.0002, 51.8272], [115.029, 51.7759], [115.0255, 51.7734], [115.031, 51.7551], [115.0493, 51.7407], [115.0638, 51.7481], [115.0661, 51.742], [115.0562, 51.7222], [115.0374, 51.7181], [115.0156, 51.7062], [115.02, 51.6776], [115.0021, 51.6684], [115.0034, 51.6606], [115.0097, 51.6572], [115.0108, 51.6426], [115.0484, 51.64], [115.0609, 51.6238], [115.0754, 51.6208], [115.0743, 51.6263], [115.0827, 51.6318], [115.0832, 51.6391], [115.0779, 51.6627], [115.1789, 51.6866], [115.2095, 51.6734], [115.2165, 51.6757], [115.2396, 51.6695], [115.2318, 51.6255], [115.273, 51.5932], [115.3985, 51.5878], [115.4151, 51.5817], [115.4438, 51.5472], [115.5092, 51.5123], [115.5175, 51.5167], [115.5465, 51.5079], [115.5812, 51.5178], [115.6071, 51.5004], [115.6008, 51.4967], [115.6176, 51.4753], [115.657, 51.4656], [115.6756, 51.4366], [115.7204, 51.4264], [115.7238, 51.3917], [115.7176, 51.3875], [115.7179, 51.3752], [115.7798, 51.355], [115.8122, 51.3253], [115.849, 51.3214], [115.858, 51.3251], [115.8911, 51.3198], [115.8855, 51.3062], [115.899, 51.3018], [115.9421, 51.2713], [115.9506, 51.2819], [115.9403, 51.2948], [115.9474, 51.3046], [115.9399, 51.3129], [115.9599, 51.3112], [115.9617, 51.3174], [115.9557, 51.3227], [115.9801, 51.3252], [115.9875, 51.3337], [115.9863, 51.3415], [115.9989, 51.3424], [115.996, 51.3484], [116.0028, 51.354], [116.0141, 51.3512], [116.0149, 51.3411], [116.0189, 51.3392], [116.0319, 51.3479], [116.0336, 51.3563], [116.0561, 51.3627], [116.0604, 51.37], [116.0567, 51.3819], [116.0606, 51.39], [116.0539, 51.3933], [116.0541, 51.3989], [116.084, 51.4215], [116.0844, 51.4264], [116.0748, 51.4351], [116.0411, 51.4466], [116.0363, 51.4516], [116.0333, 51.4725], [116.0236, 51.4834], [116.0573, 51.4775], [116.0698, 51.4907], [116.0813, 51.4954], [116.0867, 51.5067], [116.1338, 51.5364], [116.1593, 51.5339], [116.1875, 51.516], [116.208, 51.5214], [116.2153, 51.5309], [116.2306, 51.5285], [116.2468, 51.5448], [116.2492, 51.5493], [116.2439, 51.5544], [116.2565, 51.5596], [116.2359, 51.574], [116.2566, 51.581], [116.2503, 51.5839], [116.2509, 51.5961], [116.2125, 51.5973], [116.1956, 51.6029], [116.2021, 51.6103], [116.1928, 51.6194], [116.1799, 51.6203], [116.1852, 51.6318], [116.1726, 51.6375], [116.1673, 51.6454], [116.1747, 51.6521], [116.1698, 51.6578], [116.1736, 51.6634], [116.1632, 51.6652], [116.156, 51.6844], [116.1751, 51.6924], [116.1666, 51.6995], [116.1712, 51.7052], [116.1892, 51.7111], [116.1759, 51.72], [116.1753, 51.7264], [116.2207, 51.7377], [116.2322, 51.7526], [116.2654, 51.7634], [116.2776, 51.7592], [116.2995, 51.7604], [116.2996, 51.7691], [116.3061, 51.7706], [116.3175, 51.7933], [116.3119, 51.801], [116.3193, 51.8097], [116.3091, 51.8109], [116.3097, 51.8181], [116.3282, 51.8324], [116.3397, 51.8517], [116.3133, 51.8643], [116.3713, 51.9017], [116.364, 51.902], [116.3708, 51.9103], [116.3698, 51.9177], [116.3529, 51.9182], [116.3381, 51.9257], [116.3227, 51.9447], [116.344, 51.9593], [116.3285, 51.9888], [116.3101, 51.9804], [116.2702, 51.9792], [116.2559, 51.9833], [116.2575, 51.9646], [116.2335, 51.9565], [116.2204, 51.9641], [116.2193, 51.9512], [116.1801, 51.9263], [116.1707, 51.9278], [116.1036, 51.9918], [116.1925, 52.0041], [116.2155, 52.0195], [116.2151, 52.0301], [116.195, 52.0511], [116.2209, 52.0696], [116.2196, 52.0825], [116.1763, 52.0961], [116.1744, 52.1538], [116.1404, 52.1437], [116.1096, 52.1424], [116.0567, 52.1529], [116.037, 52.1538], [116.0369, 52.1492], [116.0261, 52.1452], [115.9892, 52.1494], [115.9728, 52.1624], [115.9573, 52.1616], [115.9558, 52.1766], [115.9499, 52.1798], [115.9534, 52.184], [115.9504, 52.1913], [115.9664, 52.1944], [115.9737, 52.2014], [115.9613, 52.2013], [115.944, 52.2104], [115.929, 52.2021], [115.9175, 52.2088], [115.8989, 52.2104], [115.8879, 52.2058], [115.8798, 52.2142], [115.8656, 52.2142], [115.8427, 52.2314], [115.7902, 52.2176], [115.7988, 52.213], [115.7817, 52.2], [115.7456, 52.2049], [115.6893, 52.2014], [115.6826, 52.1791], [115.6753, 52.1847], [115.6655, 52.1822], [115.6471, 52.189], [115.6385, 52.1837], [115.6254, 52.1897], [115.6186, 52.1617], [115.6208, 52.1537], [115.5846, 52.1403], [115.5258, 52.178], [115.5114, 52.1751], [115.505, 52.1666], [115.4967, 52.1738], [115.4833, 52.1726], [115.4757, 52.165], [115.4741, 52.1497], [115.4591, 52.1529], [115.4149, 52.1421], [115.4092, 52.1576], [115.4147, 52.1632], [115.4198, 52.2], [115.4105, 52.2175], [115.4009, 52.2179], [115.3899, 52.2341], [115.3848, 52.2518], [115.3875, 52.2598], [115.3818, 52.2701], [115.3842, 52.2764], [115.3756, 52.2907], [115.3598, 52.2956], [115.345, 52.2869], [115.3396, 52.292], [115.2874, 52.2935], [115.2741, 52.2787], [115.2259, 52.2867], [115.2157, 52.2973]]]}}, {"type": "Feature", "properties": {"osm_type": "relation", "osm_id": 258141127, "name": "Olovyanninsky District", "admin_level": "6", "kind": "subdivision_2", "parent_osm_id": 145730, "parent_name": "Zabaykalsky Krai", "parent_iso": "RU-ZAB"}, "geometry": {"type": "Polygon", "coordinates": [[[115.9421, 51.2713], [115.9332, 51.2724], [115.9317, 51.2661], [115.9245, 51.264], [115.9282, 51.2585], [115.9155, 51.257], [115.918, 51.2503], [115.9265, 51.25], [115.922, 51.2453], [115.9238, 51.2367], [115.9011, 51.2275], [115.9025, 51.2127], [115.8847, 51.2189], [115.8892, 51.2149], [115.8865, 51.2003], [115.878, 51.1944], [115.868, 51.1974], [115.8745, 51.1887], [115.8742, 51.1805], [115.8518, 51.1859], [115.8399, 51.1777], [115.8471, 51.1707], [115.8323, 51.1718], [115.828, 51.1545], [115.8348, 51.1477], [115.8185, 51.1234], [115.8047, 51.1149], [115.7902, 51.1153], [115.7612, 51.1064], [115.7517, 51.0915], [115.7396, 51.0826], [115.7087, 51.075], [115.6993, 51.0813], [115.681, 51.0742], [115.6808, 51.0636], [115.6489, 51.0508], [115.6274, 51.0166], [115.5933, 51.0076], [115.5767, 51.0316], [115.5436, 51.0148], [115.5062, 51.0132], [115.4852, 51.0213], [115.4676, 51.0085], [115.4588, 51.011], [115.4367, 51.0352], [115.4076, 51.0344], [115.3668, 51.0255], [115.3858, 51.0128], [115.3811, 51.0088], [115.3975, 51.0001], [115.4, 50.9871], [115.3555, 50.9042], [115.3824, 50.8502], [115.4857, 50.8388], [115.5682, 50.842], [115.6224, 50.8379], [115.6476, 50.8552], [115.6629, 50.8528], [115.6761, 50.8571], [115.69, 50.8504], [115.6913, 50.8367], [115.7225, 50.8236], [115.7365, 50.8112], [115.7498, 50.7737], [115.7721, 50.7445], [115.7755, 50.7327], [115.7616, 50.6901], [115.7798, 50.6736], [115.7842, 50.662], [115.7772, 50.6334], [115.7626, 50.6131], [115.7692, 50.5995], [115.7957, 50.581], [115.8343, 50.5941], [115.8661, 50.5726], [115.8567, 50.5497], [115.852, 50.5482], [115.8453, 50.5199], [115.9091, 50.5387], [116.0027, 50.5745], [116.0456, 50.532], [116.0708, 50.5414], [116.106, 50.5642], [116.1682, 50.5561], [116.2168, 50.5655], [116.2563, 50.5929], [116.3306, 50.5983], [116.3375, 50.6025], [116.378, 50.5987], [116.4366, 50.6203], [116.4534, 50.6466], [116.5463, 50.6597], [116.5889, 50.7274], [116.6736, 50.7584], [116.7663, 50.7521], [116.7501, 50.7695], [116.7714, 50.7821], [116.789, 50.8013], [116.7935, 50.8166], [116.7647, 50.8489], [116.7929, 50.8829], [116.804, 50.924], [116.8213, 50.9572], [116.8151, 50.9599], [116.8148, 50.9767], [116.8041, 50.9852], [116.8002, 50.9992], [116.813, 51.021], [116.7988, 51.0338], [116.8126, 51.0496], [116.7843, 51.0715], [116.7942, 51.0865], [116.7653, 51.1009], [116.7735, 51.1068], [116.7708, 51.1171], [116.7605, 51.1222], [116.7594, 51.1316], [116.7833, 51.1611], [116.7747, 51.173], [116.7848, 51.182], [116.7751, 51.1964], [116.8812, 51.2835], [116.7659, 51.3465], [116.7686, 51.3555], [116.7654, 51.3631], [116.7361, 51.3517], [116.7054, 51.3626], [116.6825, 51.3537], [116.6648, 51.3533], [116.6375, 51.361], [116.6337, 51.3697], [116.6203, 51.3708], [116.596, 51.3485], [116.4987, 51.3496], [116.4855, 51.3596], [116.4727, 51.3528], [116.4487, 51.3544], [116.4371, 51.3584], [116.4327, 51.367], [116.4059, 51.3762], [116.3654, 51.3581], [116.2405, 51.3379], [116.2393, 51.3238], [116.2504, 51.2968], [116.1881, 51.2994], [116.1475, 51.2758], [116.146, 51.2621], [116.1576, 51.2306], [116.146, 51.229], [116.0965, 51.2389], [116.0951, 51.2547], [116.1033, 51.257], [116.1037, 51.2626], [116.1202, 51.2758], [116.119, 51.2956], [116.1013, 51.3001], [116.0835, 51.2902], [116.0544, 51.2868], [116.0461, 51.3006], [116.0238, 51.3203], [116.0112, 51.32], [116.01, 51.327], [115.9998, 51.3283], [116.0026, 51.3454], [115.9863, 51.3415], [115.9875, 51.3337], [115.9801, 51.3252], [115.9557, 51.3227], [115.9617, 51.3174], [115.9599, 51.3112], [115.9399, 51.3129], [115.9474, 51.3046], [115.9403, 51.2948], [115.9506, 51.2819], [115.9421, 51.2713]]]}}, {"type": "Feature", "properties": {"osm_type": "relation", "osm_id": 588777446, "name": "Ulyotovsky District", "admin_level": "6", "kind": "subdivision_2", "parent_osm_id": 145730, "parent_name": "Zabaykalsky Krai", "parent_iso": "RU-ZAB"}, "geometry": {"type": "Polygon", "coordinates": [[[110.9048, 50.7932], [110.9188, 50.7861], [110.9033, 50.7546], [110.9155, 50.7545], [110.9183, 50.7421], [110.9302, 50.7308], [110.9487, 50.7259], [110.9808, 50.7018], [111.0237, 50.7035], [111.0336, 50.7143], [111.0948, 50.7075], [111.1186, 50.7103], [111.1483, 50.7009], [111.1372, 50.6752], [111.1476, 50.6601], [111.1243, 50.6518], [111.1199, 50.639], [111.1293, 50.6293], [111.1143, 50.6214], [111.1082, 50.6111], [111.1189, 50.6038], [111.1097, 50.5937], [111.1181, 50.584], [111.1128, 50.5755], [111.1209, 50.5676], [111.1186, 50.5572], [111.1037, 50.5561], [111.0902, 50.5442], [111.108, 50.5316], [111.0968, 50.5054], [111.1062, 50.491], [111.0793, 50.461], [111.0889, 50.4411], [111.0943, 50.4396], [111.0948, 50.4239], [111.1252, 50.4086], [111.1278, 50.3955], [111.142, 50.3846], [111.141, 50.3423], [111.1351, 50.3299], [111.1214, 50.3193], [111.1372, 50.3024], [111.1285, 50.3001], [111.1327, 50.2961], [111.124, 50.2924], [111.1073, 50.2951], [111.1001, 50.2775], [111.0714, 50.2723], [111.0676, 50.2646], [111.0383, 50.2665], [111.0138, 50.2619], [111.005, 50.2533], [110.9881, 50.2599], [110.9628, 50.2559], [110.965, 50.2382], [110.9786, 50.2164], [110.9726, 50.2102], [110.9739, 50.2052], [110.9609, 50.201], [110.9572, 50.1814], [110.9452, 50.1795], [110.9353, 50.1513], [110.9411, 50.1388], [110.956, 50.1254], [110.9339, 50.1043], [110.9331, 50.0896], [110.9456, 50.0833], [110.9499, 50.0718], [110.9602, 50.0682], [110.9669, 50.0386], [110.9729, 50.0366], [110.9726, 50.0237], [110.9988, 50.0077], [110.9928, 50.0025], [111.0023, 49.9942], [110.9955, 49.9892], [111.0016, 49.9861], [110.9995, 49.9795], [111.011, 49.9734], [111.0262, 49.9781], [111.0389, 49.9744], [111.0352, 49.9668], [111.0413, 49.9621], [111.0454, 49.9405], [111.0408, 49.9326], [111.059, 49.9205], [111.039, 49.9057], [111.001, 49.893], [110.9501, 49.8944], [110.9225, 49.8999], [110.9298, 49.8795], [110.9263, 49.8681], [110.9374, 49.8567], [110.9141, 49.8414], [110.8976, 49.8399], [110.9165, 49.8228], [110.9465, 49.8214], [110.9296, 49.8114], [110.9198, 49.7978], [110.9202, 49.7906], [110.9122, 49.7873], [110.9122, 49.7805], [110.9239, 49.7791], [110.9247, 49.7623], [110.9576, 49.7584], [110.9749, 49.7502], [110.9785, 49.7457], [110.9739, 49.7293], [110.9862, 49.728], [110.9981, 49.7162], [111.023, 49.711], [111.0719, 49.7198], [111.0857, 49.7205], [111.0925, 49.7151], [111.1157, 49.7275], [111.1266, 49.7402], [111.1323, 49.7611], [111.1421, 49.7621], [111.1549, 49.7789], [111.1509, 49.7891], [111.1364, 49.798], [111.1543, 49.8046], [111.1835, 49.8051], [111.1887, 49.8146], [111.2205, 49.8228], [111.2139, 49.8385], [111.2452, 49.85], [111.2427, 49.858], [111.268, 49.8781], [111.2683, 49.888], [111.2479, 49.8967], [111.2508, 49.9017], [111.2464, 49.9052], [111.247, 49.9169], [111.2657, 49.9545], [111.2639, 49.9647], [111.2757, 49.9734], [111.2792, 49.9887], [111.2902, 50.0003], [111.2894, 50.0277], [111.3343, 50.0331], [111.3464, 50.0407], [111.3623, 50.0395], [111.3664, 50.0482], [111.3792, 50.0509], [111.4018, 50.065], [111.4013, 50.0705], [111.4084, 50.0771], [111.3869, 50.0842], [111.381, 50.102], [111.3807, 50.1086], [111.402, 50.1178], [111.3877, 50.1456], [111.4061, 50.149], [111.4086, 50.1583], [111.4434, 50.1802], [111.4588, 50.1804], [111.4672, 50.1889], [111.4864, 50.1902], [111.4931, 50.1797], [111.5246, 50.1985], [111.5159, 50.2119], [111.5279, 50.2188], [111.5158, 50.2329], [111.5664, 50.2305], [111.6117, 50.2425], [111.6225, 50.2552], [111.6622, 50.2687], [111.6717, 50.2556], [111.6956, 50.2625], [111.7112, 50.256], [111.7145, 50.2506], [111.7221, 50.2497], [111.726, 50.2366], [111.7359, 50.2289], [111.7719, 50.2263], [111.8061, 50.2089], [111.8121, 50.21], [111.8271, 50.2155], [111.8331, 50.2309], [111.8411, 50.2346], [111.8387, 50.253], [111.8317, 50.2595], [111.8682, 50.2677], [111.8836, 50.2887], [111.8727, 50.2962], [111.8909, 50.3206], [111.8837, 50.3343], [111.8994, 50.3355], [111.9245, 50.3273], [111.9445, 50.3284], [111.9652, 50.3186], [111.9749, 50.3324], [111.9923, 50.3421], [112.0356, 50.3454], [112.055, 50.3693], [112.0968, 50.3679], [112.1042, 50.3899], [112.1268, 50.3768], [112.1589, 50.3709], [112.2174, 50.3826], [112.229, 50.3801], [112.2506, 50.3655], [112.2644, 50.3715], [112.3031, 50.3698], [112.3208, 50.3454], [112.3447, 50.3382], [112.4132, 50.3498], [112.4107, 50.354], [112.4155, 50.3574], [112.4052, 50.3733], [112.4173, 50.3818], [112.4233, 50.396], [112.4215, 50.4083], [112.4294, 50.4117], [112.4251, 50.425], [112.4314, 50.441], [112.441, 50.4429], [112.4606, 50.4606], [112.4651, 50.4764], [112.4699, 50.4786], [112.471, 50.5007], [112.4769, 50.5002], [112.4963, 50.5135], [112.4954, 50.5173], [112.508, 50.5278], [112.5312, 50.5241], [112.5419, 50.5274], [112.564, 50.5218], [112.5868, 50.5284], [112.5849, 50.5405], [112.6016, 50.5507], [112.6017, 50.5552], [112.6223, 50.5637], [112.6202, 50.5731], [112.6293, 50.582], [112.6261, 50.5943], [112.632, 50.5985], [112.6243, 50.6089], [112.6274, 50.6135], [112.6245, 50.6181], [112.6336, 50.6244], [112.6337, 50.6349], [112.6436, 50.6381], [112.6469, 50.6476], [112.6435, 50.6523], [112.6699, 50.6647], [112.6718, 50.6704], [112.6668, 50.6761], [112.6884, 50.6813], [112.6891, 50.6887], [112.6987, 50.6953], [112.7219, 50.7002], [112.7188, 50.7176], [112.7245, 50.7227], [112.7269, 50.7418], [112.7389, 50.749], [112.7412, 50.764], [112.7062, 50.7798], [112.6769, 50.7867], [112.6424, 50.7849], [112.6225, 50.7746], [112.6031, 50.7779], [112.5915, 50.7864], [112.5938, 50.7975], [112.588, 50.804], [112.5583, 50.8138], [112.5369, 50.7998], [112.5359, 50.7949], [112.5196, 50.7975], [112.5044, 50.7851], [112.484, 50.7957], [112.4541, 50.7973], [112.4457, 50.8066], [112.4256, 50.8085], [112.4056, 50.8325], [112.4104, 50.8459], [112.3739, 50.8552], [112.3668, 50.8673], [112.3412, 50.8796], [112.3513, 50.8909], [112.3741, 50.9041], [112.3745, 50.9141], [112.3621, 50.9181], [112.3556, 50.9267], [112.364, 50.9353], [112.3846, 50.9341], [112.393, 50.9404], [112.3887, 50.9512], [112.3961, 50.954], [112.4, 50.9667], [112.4221, 50.9783], [112.4227, 50.9921], [112.4311, 51.0059], [112.4473, 51.015], [112.4476, 51.0279], [112.4746, 51.0418], [112.5007, 51.0435], [112.5129, 51.0515], [112.5229, 51.0488], [112.5325, 51.0574], [112.5421, 51.0559], [112.5658, 51.063], [112.5668, 51.075], [112.5888, 51.0996], [112.5854, 51.1049], [112.5948, 51.1146], [112.62, 51.1144], [112.6197, 51.123], [112.6098, 51.1356], [112.6412, 51.1409], [112.6385, 51.1504], [112.6494, 51.1605], [112.644, 51.1835], [112.6809, 51.1792], [112.6977, 51.185], [112.7271, 51.1856], [112.7335, 51.1834], [112.7388, 51.1731], [112.7639, 51.1699], [112.7729, 51.1629], [112.79, 51.165], [112.7999, 51.1719], [112.8333, 51.1683], [112.8519, 51.1732], [112.8759, 51.1647], [112.8754, 51.1778], [112.8852, 51.1834], [112.9272, 51.177], [112.9582, 51.1963], [112.9879, 51.1848], [112.9951, 51.1885], [113.0013, 51.1943], [113.0011, 51.2013], [113.0196, 51.2169], [113.0229, 51.2332], [113.019, 51.2413], [113.0365, 51.2471], [113.0659, 51.2453], [113.0636, 51.2503], [113.0698, 51.2631], [113.0793, 51.2765], [113.0981, 51.287], [113.1036, 51.3049], [113.1151, 51.3103], [113.1334, 51.3409], [113.1478, 51.3317], [113.1474, 51.3386], [113.164, 51.3508], [113.1677, 51.37], [113.1795, 51.383], [113.1719, 51.3995], [113.206, 51.4194], [113.2181, 51.4424], [113.242, 51.4527], [113.2291, 51.4684], [113.2382, 51.4758], [113.2392, 51.4901], [113.2529, 51.5014], [113.2392, 51.5206], [113.2472, 51.5351], [113.2434, 51.5413], [113.2575, 51.5661], [113.2558, 51.572], [113.2653, 51.5754], [113.2674, 51.5807], [113.2617, 51.5981], [113.2672, 51.6013], [113.269, 51.618], [113.2796, 51.6242], [113.2768, 51.6366], [113.2562, 51.6485], [113.2581, 51.654], [113.2276, 51.6763], [113.2092, 51.6795], [113.1952, 51.677], [113.1968, 51.6704], [113.1905, 51.6683], [113.1621, 51.6725], [113.1527, 51.6689], [113.0981, 51.6701], [113.0632, 51.6772], [113.0181, 51.6763], [113.0036, 51.6831], [112.985, 51.6702], [112.9603, 51.6716], [112.919, 51.6843], [112.9074, 51.6808], [112.8809, 51.6932], [112.8634, 51.6891], [112.8353, 51.6974], [112.8221, 51.7093], [112.7625, 51.7084], [112.7384, 51.7212], [112.6997, 51.6983], [112.6345, 51.6861], [112.6376, 51.666], [112.5878, 51.6633], [112.584, 51.6581], [112.5897, 51.6462], [112.5753, 51.6338], [112.5686, 51.6096], [112.5292, 51.5891], [112.5054, 51.5921], [112.4607, 51.5825], [112.4458, 51.5896], [112.399, 51.5872], [112.3909, 51.5906], [112.3722, 51.5864], [112.369, 51.5799], [112.3433, 51.5908], [112.3338, 51.5834], [112.3188, 51.5868], [112.3087, 51.5692], [112.2881, 51.5632], [112.2812, 51.5533], [112.2609, 51.556], [112.2322, 51.5335], [112.2221, 51.5418], [112.1997, 51.5339], [112.1916, 51.5193], [112.1916, 51.5089], [112.1677, 51.5007], [112.1634, 51.5075], [112.1223, 51.5065], [112.1215, 51.4951], [112.0859, 51.4822], [112.0776, 51.4738], [112.0613, 51.477], [112.0318, 51.4641], [111.9742, 51.426], [111.9323, 51.433], [111.9084, 51.4176], [111.9064, 51.4086], [111.9122, 51.4007], [111.9021, 51.3885], [111.8805, 51.3908], [111.8307, 51.3674], [111.8005, 51.3634], [111.8002, 51.3493], [111.7647, 51.3409], [111.7573, 51.3222], [111.7601, 51.3164], [111.7459, 51.3117], [111.7426, 51.3063], [111.7091, 51.3045], [111.7083, 51.2949], [111.6954, 51.2807], [111.6682, 51.2772], [111.6283, 51.2359], [111.6159, 51.2413], [111.5514, 51.2227], [111.5387, 51.2132], [111.5371, 51.2068], [111.5206, 51.2065], [111.5084, 51.199], [111.4688, 51.1891], [111.4571, 51.174], [111.4462, 51.1788], [111.4262, 51.1767], [111.4117, 51.1805], [111.3909, 51.1761], [111.3705, 51.1802], [111.3419, 51.1678], [111.3347, 51.1852], [111.2812, 51.1775], [111.2685, 51.1702], [111.2586, 51.1492], [111.2382, 51.1433], [111.2233, 51.1307], [111.1816, 51.1096], [111.1577, 51.1125], [111.1316, 51.1052], [111.1316, 51.0935], [111.1052, 51.0835], [111.0882, 51.0809], [111.079, 51.0931], [111.046, 51.0864], [111.0211, 51.0927], [111.0064, 51.0895], [111.0369, 51.0493], [111.0361, 51.0409], [111.0102, 51.016], [110.9914, 50.9667], [110.9632, 50.9485], [110.967, 50.9402], [110.9579, 50.9294], [110.9597, 50.9219], [110.9729, 50.9152], [110.9702, 50.9064], [110.9589, 50.8989], [110.9685, 50.8944], [110.9673, 50.8873], [110.9591, 50.8772], [110.9536, 50.8566], [110.9343, 50.8442], [110.9574, 50.8298], [110.9467, 50.8141], [110.9216, 50.8055], [110.9015, 50.8047], [110.9048, 50.7932]], [[113.0049, 51.5475], [113.0054, 51.5557], [113.0191, 51.5758], [113.0568, 51.5646], [113.0724, 51.5472], [113.0866, 51.5391], [113.0606, 51.53], [113.0398, 51.5332], [113.0049, 51.5475]]]}}, {"type": "Feature", "properties": {"osm_type": "relation", "osm_id": 868358563, "name": "Petrovsk-Zabaykalsky Rayon", "admin_level": "6", "kind": "subdivision_2", "parent_osm_id": 145730, "parent_name": "Zabaykalsky Krai", "parent_iso": "RU-ZAB"}, "geometry": {"type": "Polygon", "coordinates": [[[109.6239, 51.4516], [109.6093, 51.4478], [109.5982, 51.4536], [109.5798, 51.4537], [109.571, 51.4482], [109.5437, 51.4482], [109.5355, 51.4384], [109.5231, 51.4448], [109.4807, 51.4399], [109.4796, 51.4341], [109.4578, 51.426], [109.4344, 51.4252], [109.4205, 51.4316], [109.413, 51.4216], [109.416, 51.4142], [109.4094, 51.4077], [109.3839, 51.3997], [109.3828, 51.3848], [109.402, 51.3703], [109.4194, 51.3687], [109.3977, 51.362], [109.3983, 51.3562], [109.3936, 51.3535], [109.3785, 51.3591], [109.3765, 51.367], [109.3483, 51.3913], [109.3146, 51.3976], [109.3094, 51.3945], [109.3098, 51.387], [109.2914, 51.3855], [109.285, 51.376], [109.2452, 51.3703], [109.2432, 51.3637], [109.2354, 51.3616], [109.2269, 51.3651], [109.2114, 51.3747], [109.2072, 51.3844], [109.1829, 51.3957], [109.1809, 51.4042], [109.1554, 51.4085], [109.1489, 51.4181], [109.1395, 51.4191], [109.1191, 51.432], [109.1237, 51.4409], [109.1159, 51.4467], [109.1163, 51.4517], [109.126, 51.4591], [109.1248, 51.4629], [109.1126, 51.4704], [109.1108, 51.4808], [109.0866, 51.4842], [109.0816, 51.497], [109.0742, 51.4998], [109.0699, 51.5139], [109.0611, 51.5179], [109.052, 51.51], [109.0562, 51.4882], [109.0468, 51.475], [109.0216, 51.4776], [109.0043, 51.4594], [108.9705, 51.4418], [108.9493, 51.4373], [108.9337, 51.4421], [108.9165, 51.431], [108.8612, 51.4489], [108.8507, 51.4587], [108.8305, 51.4496], [108.8266, 51.4419], [108.815, 51.4363], [108.7854, 51.4367], [108.7835, 51.4468], [108.773, 51.4565], [108.7564, 51.4527], [108.75, 51.4616], [108.7333, 51.4689], [108.7276, 51.4806], [108.6803, 51.5041], [108.6499, 51.5019], [108.6252, 51.4914], [108.6342, 51.4856], [108.6319, 51.455], [108.6355, 51.4417], [108.6204, 51.4346], [108.6242, 51.4226], [108.617, 51.4088], [108.5622, 51.3995], [108.533, 51.416], [108.501, 51.4051], [108.4915, 51.393], [108.4772, 51.3871], [108.4803, 51.381], [108.4726, 51.3664], [108.4775, 51.3418], [108.4614, 51.2954], [108.4374, 51.295], [108.429, 51.2875], [108.3965, 51.2787], [108.3756, 51.2523], [108.3755, 51.2436], [108.3848, 51.2298], [108.4254, 51.2384], [108.4312, 51.2301], [108.4587, 51.2168], [108.4664, 51.2079], [108.5576, 51.1782], [108.5556, 51.1625], [108.5674, 51.1364], [108.562, 51.1286], [108.5628, 51.1206], [108.5005, 51.0839], [108.4985, 51.0709], [108.4855, 51.0667], [108.4833, 51.0618], [108.4539, 51.0536], [108.4212, 51.0584], [108.3967, 51.0541], [108.3724, 51.0627], [108.3416, 51.0631], [108.3409, 51.0552], [108.3294, 51.0418], [108.3321, 51.0345], [108.3263, 51.029], [108.3299, 51.0], [108.3264, 50.9964], [108.3051, 50.9965], [108.3035, 50.9708], [108.2945, 50.9617], [108.2966, 50.9505], [108.2825, 50.9391], [108.2777, 50.9248], [108.2667, 50.9212], [108.261, 50.91], [108.2649, 50.8919], [108.2777, 50.8774], [108.2756, 50.84], [108.2683, 50.8357], [108.2672, 50.8242], [108.2152, 50.8288], [108.1759, 50.8074], [108.0993, 50.7857], [108.0878, 50.7723], [108.0607, 50.774], [108.0805, 50.7534], [108.0696, 50.7501], [108.0692, 50.7398], [108.1819, 50.6499], [108.2193, 50.6639], [108.2473, 50.6642], [108.2669, 50.6564], [108.2778, 50.6404], [108.315, 50.635], [108.3142, 50.6304], [108.3383, 50.6193], [108.381, 50.6136], [108.4075, 50.6227], [108.4178, 50.6162], [108.4239, 50.6036], [108.4825, 50.5945], [108.481, 50.5834], [108.5106, 50.5631], [108.5109, 50.5508], [108.5298, 50.5462], [108.5382, 50.5366], [108.5908, 50.5382], [108.6165, 50.5278], [108.6375, 50.5398], [108.6454, 50.5368], [108.6527, 50.541], [108.6761, 50.539], [108.6824, 50.5267], [108.7464, 50.5368], [108.7888, 50.5567], [108.8311, 50.5922], [108.8459, 50.5854], [108.8854, 50.5913], [108.9166, 50.6091], [108.927, 50.608], [108.9315, 50.6001], [108.9547, 50.6014], [108.9752, 50.5954], [108.9884, 50.5838], [109.0233, 50.6014], [109.0308, 50.6139], [109.0298, 50.6246], [109.047, 50.6321], [109.0685, 50.6242], [109.1106, 50.6283], [109.1238, 50.6182], [109.1357, 50.6228], [109.145, 50.618], [109.1713, 50.6237], [109.1896, 50.6517], [109.2284, 50.651], [109.2413, 50.6558], [109.2423, 50.674], [109.275, 50.6911], [109.2913, 50.6939], [109.3228, 50.677], [109.3548, 50.69], [109.3814, 50.6825], [109.402, 50.7033], [109.4277, 50.7022], [109.45, 50.7095], [109.4629, 50.7063], [109.5096, 50.72], [109.5282, 50.7364], [109.5279, 50.7425], [109.5537, 50.7425], [109.6051, 50.7548], [109.617, 50.7418], [109.627, 50.7402], [109.6521, 50.7561], [109.6791, 50.7534], [109.6834, 50.7625], [109.7276, 50.747], [109.7337, 50.7411], [109.7598, 50.7435], [109.7937, 50.7232], [109.8296, 50.7243], [109.8371, 50.7391], [109.8529, 50.7393], [109.8698, 50.7304], [109.8791, 50.7348], [109.8842, 50.7545], [109.9053, 50.7543], [109.9125, 50.7584], [109.9215, 50.7555], [109.9323, 50.7666], [109.9387, 50.7666], [109.9548, 50.7591], [109.9732, 50.7411], [110.0023, 50.7391], [110.0201, 50.7477], [110.0188, 50.7632], [110.0401, 50.7771], [110.0417, 50.7829], [110.0565, 50.7853], [110.0598, 50.7944], [110.0719, 50.7991], [110.0735, 50.8239], [110.068, 50.8318], [110.0557, 50.8373], [110.0717, 50.8392], [110.0715, 50.8607], [110.0639, 50.8652], [110.0775, 50.8677], [110.0888, 50.8984], [110.0858, 50.9041], [110.071, 50.9102], [110.0592, 50.9095], [110.0593, 50.9186], [110.0516, 50.9225], [110.0684, 50.9423], [110.06, 50.9456], [110.0588, 50.9532], [110.0779, 50.9663], [110.0755, 50.9736], [110.0805, 50.9757], [110.0844, 50.9891], [110.0899, 50.9883], [110.096, 50.9951], [110.0858, 50.9967], [110.0847, 51.0127], [110.0632, 51.0328], [110.0598, 51.0475], [110.0661, 51.0614], [110.0721, 51.0644], [110.0726, 51.0761], [110.0661, 51.0797], [110.0659, 51.0885], [110.0728, 51.1047], [110.0655, 51.1186], [110.0712, 51.1228], [110.048, 51.1443], [110.0263, 51.1468], [110.021, 51.1401], [109.9774, 51.1311], [109.9397, 51.1394], [109.9179, 51.1355], [109.8822, 51.1453], [109.8646, 51.1352], [109.8465, 51.1392], [109.8229, 51.1357], [109.817, 51.1177], [109.7711, 51.1143], [109.7482, 51.1055], [109.7218, 51.0581], [109.6857, 51.0577], [109.6662, 51.0389], [109.6528, 51.0416], [109.6401, 51.038], [109.6325, 51.0254], [109.6067, 51.0142], [109.6095, 51.0014], [109.528, 51.0294], [109.5289, 51.0485], [109.4938, 51.0644], [109.4784, 51.0812], [109.48, 51.0889], [109.4669, 51.1203], [109.4496, 51.139], [109.4364, 51.1365], [109.4299, 51.1329], [109.4327, 51.1271], [109.4229, 51.1247], [109.4171, 51.1302], [109.4301, 51.1378], [109.4324, 51.1444], [109.3771, 51.1768], [109.3642, 51.19], [109.3098, 51.1948], [109.3555, 51.2146], [109.3652, 51.211], [109.3979, 51.2239], [109.4086, 51.2175], [109.4116, 51.2247], [109.3995, 51.2337], [109.4199, 51.242], [109.423, 51.2483], [109.4333, 51.2485], [109.4394, 51.2752], [109.4519, 51.2814], [109.4557, 51.2801], [109.4554, 51.2725], [109.4508, 51.2708], [109.4424, 51.2488], [109.4562, 51.2268], [109.4654, 51.2274], [109.4684, 51.2218], [109.4835, 51.2304], [109.5034, 51.2283], [109.5219, 51.2361], [109.5241, 51.2452], [109.5395, 51.2484], [109.5332, 51.2552], [109.5459, 51.2618], [109.5734, 51.2598], [109.5731, 51.2705], [109.5859, 51.274], [109.5956, 51.2708], [109.5917, 51.2749], [109.6001, 51.2796], [109.595, 51.2839], [109.5987, 51.29], [109.5892, 51.293], [109.5817, 51.3035], [109.6276, 51.3285], [109.6495, 51.3332], [109.6561, 51.34], [109.6419, 51.3462], [109.6425, 51.3531], [109.634, 51.3558], [109.6283, 51.3707], [109.6282, 51.3825], [109.6398, 51.4071], [109.6282, 51.4216], [109.6296, 51.4277], [109.6207, 51.4343], [109.6239, 51.4516]], [[108.6318, 51.3193], [108.6446, 51.3271], [108.6401, 51.3343], [108.644, 51.3393], [108.6581, 51.339], [108.661, 51.3305], [108.6956, 51.3336], [108.7016, 51.33], [108.7037, 51.3202], [108.7187, 51.3096], [108.752, 51.3139], [108.7546, 51.3199], [108.7492, 51.3216], [108.7536, 51.3248], [108.7443, 51.3361], [108.7435, 51.3446], [108.7611, 51.3488], [108.7563, 51.3627], [108.7588, 51.3693], [108.7443, 51.3864], [108.7126, 51.4088], [108.6788, 51.4128], [108.6747, 51.4195], [108.703, 51.4185], [108.7034, 51.4257], [108.6813, 51.4458], [108.6832, 51.4489], [108.6901, 51.4506], [108.7004, 51.4451], [108.7059, 51.4341], [108.7148, 51.4301], [108.7171, 51.4174], [108.7354, 51.4077], [108.7361, 51.402], [108.7555, 51.3959], [108.7559, 51.3879], [108.8445, 51.3893], [108.8367, 51.3964], [108.8366, 51.4161], [108.8293, 51.4209], [108.8469, 51.4254], [108.876, 51.414], [108.8774, 51.3938], [108.8952, 51.3676], [108.8971, 51.3534], [108.9062, 51.3515], [108.907, 51.3445], [108.9577, 51.3584], [108.9609, 51.333], [108.9575, 51.3252], [108.9831, 51.3272], [108.9913, 51.2535], [108.9494, 51.2468], [108.9378, 51.2398], [108.9288, 51.2184], [108.9175, 51.212], [108.9176, 51.2019], [108.8978, 51.1914], [108.8747, 51.1915], [108.8647, 51.1859], [108.8509, 51.1895], [108.8488, 51.1999], [108.8361, 51.2059], [108.7881, 51.1995], [108.7879, 51.2044], [108.8078, 51.2108], [108.8058, 51.2276], [108.786, 51.2443], [108.7746, 51.2757], [108.7549, 51.2803], [108.7364, 51.2786], [108.7111, 51.2724], [108.7106, 51.2662], [108.6622, 51.2505], [108.6635, 51.2565], [108.6842, 51.2641], [108.6734, 51.2732], [108.6634, 51.2749], [108.6647, 51.2824], [108.6841, 51.2836], [108.6318, 51.3193]]]}}, {"type": "Feature", "properties": {"osm_type": "relation", "osm_id": 960649273, "name": "Karymsky District", "admin_level": "6", "kind": "subdivision_2", "parent_osm_id": 145730, "parent_name": "Zabaykalsky Krai", "parent_iso": "RU-ZAB"}, "geometry": {"type": "Polygon", "coordinates": [[[115.2157, 52.2973], [115.2061, 52.3112], [115.2327, 52.3246], [115.2273, 52.3286], [115.2273, 52.3463], [115.2451, 52.3513], [115.2416, 52.3744], [115.2507, 52.39], [115.246, 52.395], [115.2128, 52.4028], [115.1915, 52.436], [115.1765, 52.4347], [115.1677, 52.4482], [115.1443, 52.446], [115.1282, 52.4527], [115.1165, 52.4384], [115.0722, 52.447], [115.0609, 52.4581], [115.0309, 52.4511], [115.0089, 52.4642], [115.0051, 52.4803], [114.9911, 52.4826], [114.9505, 52.471], [114.9225, 52.4744], [114.8854, 52.4607], [114.8453, 52.4888], [114.8335, 52.5219], [114.8186, 52.5281], [114.8106, 52.5595], [114.7801, 52.5675], [114.7649, 52.5649], [114.7531, 52.5809], [114.7372, 52.5898], [114.7137, 52.591], [114.706, 52.5957], [114.7071, 52.6051], [114.6959, 52.6088], [114.6502, 52.6106], [114.645, 52.5969], [114.6243, 52.5816], [114.6237, 52.5666], [114.6095, 52.5656], [114.61, 52.5555], [114.5994, 52.5469], [114.5752, 52.5522], [114.5606, 52.5257], [114.5302, 52.5072], [114.5117, 52.4727], [114.5126, 52.463], [114.5017, 52.4583], [114.5212, 52.446], [114.5175, 52.4263], [114.5205, 52.4014], [114.5145, 52.3942], [114.5235, 52.3853], [114.5146, 52.3631], [114.523, 52.3478], [114.5124, 52.3315], [114.5123, 52.3192], [114.5205, 52.31], [114.51, 52.2984], [114.5012, 52.2963], [114.4523, 52.1522], [114.4772, 52.1436], [114.4798, 52.1351], [114.478, 52.1243], [114.4649, 52.1186], [114.4809, 52.1052], [114.4686, 52.0981], [114.4663, 52.0803], [114.4403, 52.0771], [114.4287, 52.0711], [114.4075, 52.077], [114.4015, 52.0628], [114.3772, 52.0514], [114.3441, 52.0472], [114.3415, 52.0348], [114.3197, 52.0157], [114.2944, 52.0106], [114.2866, 51.9719], [114.3032, 51.947], [114.3069, 51.9249], [114.3211, 51.9169], [114.3206, 51.8987], [114.2974, 51.89], [114.2896, 51.8814], [114.2588, 51.8829], [114.2331, 51.8659], [114.1984, 51.8667], [114.1954, 51.8456], [114.1786, 51.822], [114.1248, 51.7809], [114.113, 51.7591], [114.1052, 51.7575], [114.0994, 51.7335], [114.0509, 51.7182], [114.0672, 51.7164], [114.1134, 51.7251], [114.1187, 51.7207], [114.0773, 51.7146], [114.0662, 51.7075], [114.0248, 51.7244], [114.0052, 51.727], [113.9867, 51.7231], [113.9815, 51.7131], [113.9865, 51.6997], [113.9661, 51.698], [113.9623, 51.6902], [113.9205, 51.6929], [113.9064, 51.6883], [113.8948, 51.6903], [113.8789, 51.6828], [113.8332, 51.679], [113.8355, 51.6605], [113.8314, 51.6562], [113.7829, 51.6465], [113.7735, 51.6356], [113.7585, 51.6371], [113.7487, 51.6308], [113.7557, 51.6164], [113.7378, 51.6042], [113.7506, 51.5916], [113.7446, 51.5694], [113.723, 51.5678], [113.6801, 51.5298], [113.6618, 51.5058], [113.6695, 51.4934], [113.6691, 51.4545], [113.644, 51.4527], [113.6402, 51.432], [113.6194, 51.401], [113.5978, 51.3547], [113.5884, 51.2862], [113.5523, 51.2589], [113.5595, 51.2395], [113.5443, 51.227], [113.5536, 51.218], [113.543, 51.1996], [113.5545, 51.1906], [113.5375, 51.177], [113.5434, 51.1637], [113.526, 51.1541], [113.5294, 51.1379], [113.4997, 51.1304], [113.4981, 51.1222], [113.5984, 51.0828], [113.6694, 51.0819], [113.7135, 51.0752], [113.7357, 51.0822], [113.7651, 51.0802], [113.7726, 51.0622], [113.7693, 51.0569], [113.7789, 51.0541], [113.7918, 51.0694], [113.8026, 51.0748], [113.8145, 51.0952], [113.8152, 51.1099], [113.8229, 51.121], [113.8322, 51.1535], [113.84, 51.1582], [113.8379, 51.1627], [113.8472, 51.1656], [113.8496, 51.1625], [113.8526, 51.1686], [113.8659, 51.1738], [113.8498, 51.192], [113.8211, 51.1997], [113.8089, 51.2076], [113.7993, 51.2054], [113.7952, 51.2136], [113.772, 51.2266], [113.7828, 51.2357], [113.781, 51.2404], [113.7887, 51.2556], [113.8119, 51.2662], [113.8168, 51.2764], [113.8295, 51.2838], [113.8671, 51.2896], [113.911, 51.3087], [113.9165, 51.3194], [113.9171, 51.3389], [113.922, 51.3443], [113.9203, 51.3519], [113.9368, 51.3586], [114.0095, 51.3562], [114.0244, 51.3639], [114.0254, 51.3934], [114.035, 51.4037], [114.0423, 51.4223], [114.0683, 51.4258], [114.1117, 51.4177], [114.11, 51.3955], [114.1215, 51.3784], [114.1395, 51.3619], [114.1614, 51.3548], [114.1649, 51.358], [114.1618, 51.3717], [114.169, 51.3749], [114.1649, 51.3868], [114.1938, 51.4103], [114.2011, 51.4057], [114.224, 51.3892], [114.2399, 51.3483], [114.2195, 51.334], [114.2303, 51.3327], [114.2347, 51.324], [114.2189, 51.3144], [114.2186, 51.2979], [114.2396, 51.2923], [114.2515, 51.2986], [114.2733, 51.2922], [114.3165, 51.3004], [114.3243, 51.2976], [114.3412, 51.3042], [114.3716, 51.3042], [114.3809, 51.2989], [114.4058, 51.2969], [114.4286, 51.3055], [114.4295, 51.3154], [114.438, 51.3191], [114.4348, 51.3384], [114.4521, 51.3527], [114.4566, 51.374], [114.476, 51.3855], [114.4753, 51.4012], [114.4866, 51.4122], [114.4972, 51.4121], [114.505, 51.4226], [114.5026, 51.4347], [114.5299, 51.4446], [114.5589, 51.464], [114.5843, 51.4627], [114.6092, 51.4704], [114.6293, 51.4889], [114.6197, 51.4992], [114.6298, 51.5044], [114.6533, 51.5013], [114.6955, 51.5257], [114.7248, 51.5356], [114.7354, 51.5335], [114.7226, 51.5517], [114.7411, 51.5572], [114.7486, 51.5667], [114.7838, 51.5732], [114.7899, 51.5779], [114.7906, 51.5854], [114.8308, 51.5998], [114.8527, 51.6157], [114.8587, 51.6328], [114.8887, 51.632], [114.8978, 51.6386], [114.9114, 51.6397], [114.9133, 51.6457], [114.9023, 51.6539], [114.9061, 51.6577], [114.9314, 51.6625], [114.9367, 51.6692], [114.9494, 51.6665], [114.9633, 51.6726], [114.9871, 51.6729], [115.0021, 51.6684], [115.02, 51.6776], [115.0156, 51.7062], [115.0374, 51.7181], [115.0562, 51.7222], [115.0661, 51.742], [115.0638, 51.7481], [115.0493, 51.7407], [115.031, 51.7551], [115.0255, 51.7734], [115.029, 51.7759], [115.0002, 51.8272], [115.0008, 51.8551], [115.0316, 51.8684], [115.022, 51.8818], [115.0382, 51.8886], [115.0472, 51.9027], [115.064, 51.8958], [115.0701, 51.9002], [115.0797, 51.8984], [115.0893, 51.9026], [115.0922, 51.9103], [115.1046, 51.9145], [115.1099, 51.9258], [115.1177, 51.9292], [115.151, 51.9276], [115.1574, 51.9389], [115.1551, 51.9617], [115.2076, 51.978], [115.2192, 51.9859], [115.2351, 51.9841], [115.2607, 51.9969], [115.2476, 52.0064], [115.2528, 52.0146], [115.2395, 52.0203], [115.2496, 52.0305], [115.2467, 52.0485], [115.2383, 52.0715], [115.2267, 52.0785], [115.2421, 52.0884], [115.2482, 52.1034], [115.2447, 52.1096], [115.169, 52.1157], [115.1508, 52.1598], [115.1383, 52.1668], [115.1444, 52.1787], [115.1403, 52.1913], [115.1235, 52.1956], [115.1545, 52.2338], [115.151, 52.2368], [115.1571, 52.2409], [115.1481, 52.2505], [115.1491, 52.2574], [115.1739, 52.2645], [115.171, 52.2712], [115.1778, 52.276], [115.1746, 52.2808], [115.1863, 52.288], [115.2157, 52.2973]]]}}, {"type": "Feature", "properties": {"osm_type": "relation", "osm_id": 781468565, "name": "Krasnochikoysky Rayon", "admin_level": "6", "kind": "subdivision_2", "parent_osm_id": 145730, "parent_name": "Zabaykalsky Krai", "parent_iso": "RU-ZAB"}, "geometry": {"type": "Polygon", "coordinates": [[[110.0023, 50.7391], [109.9732, 50.7411], [109.9548, 50.7591], [109.9387, 50.7666], [109.9323, 50.7666], [109.9215, 50.7555], [109.9125, 50.7584], [109.9053, 50.7543], [109.8842, 50.7545], [109.8791, 50.7348], [109.8698, 50.7304], [109.8529, 50.7393], [109.8371, 50.7391], [109.8296, 50.7243], [109.7937, 50.7232], [109.7598, 50.7435], [109.7337, 50.7411], [109.7276, 50.747], [109.6834, 50.7625], [109.6791, 50.7534], [109.6521, 50.7561], [109.627, 50.7402], [109.617, 50.7418], [109.6051, 50.7548], [109.5537, 50.7425], [109.5279, 50.7425], [109.5282, 50.7364], [109.5096, 50.72], [109.4629, 50.7063], [109.45, 50.7095], [109.4277, 50.7022], [109.402, 50.7033], [109.3814, 50.6825], [109.3548, 50.69], [109.3228, 50.677], [109.2913, 50.6939], [109.275, 50.6911], [109.2423, 50.674], [109.2413, 50.6558], [109.2284, 50.651], [109.1896, 50.6517], [109.1713, 50.6237], [109.145, 50.618], [109.1357, 50.6228], [109.1238, 50.6182], [109.1106, 50.6283], [109.0685, 50.6242], [109.047, 50.6321], [109.0298, 50.6246], [109.0308, 50.6139], [109.0233, 50.6014], [108.9884, 50.5838], [108.9752, 50.5954], [108.9547, 50.6014], [108.9315, 50.6001], [108.927, 50.608], [108.9166, 50.6091], [108.8854, 50.5913], [108.8459, 50.5854], [108.8311, 50.5922], [108.7888, 50.5567], [108.7464, 50.5368], [108.6824, 50.5267], [108.6889, 50.5197], [108.6887, 50.511], [108.6622, 50.4994], [108.6551, 50.4645], [108.6331, 50.4652], [108.6192, 50.4537], [108.5944, 50.4528], [108.5731, 50.4684], [108.5469, 50.4618], [108.5336, 50.4725], [108.5075, 50.4557], [108.4895, 50.4578], [108.4696, 50.4496], [108.4334, 50.4635], [108.4161, 50.4456], [108.4163, 50.4321], [108.409, 50.4278], [108.4067, 50.4195], [108.3663, 50.4178], [108.3464, 50.4054], [108.3471, 50.3994], [108.3392, 50.3941], [108.307, 50.4012], [108.2884, 50.3973], [108.275, 50.4104], [108.2562, 50.4119], [108.2422, 50.4054], [108.2295, 50.417], [108.2071, 50.4122], [108.1828, 50.3961], [108.1808, 50.3904], [108.1676, 50.3886], [108.1671, 50.3803], [108.16, 50.3763], [108.1567, 50.3653], [108.1702, 50.3546], [108.1597, 50.3456], [108.131, 50.3418], [108.1239, 50.3324], [108.1289, 50.3209], [108.1167, 50.3055], [108.0893, 50.3199], [108.0732, 50.3217], [108.0512, 50.3383], [108.017, 50.3462], [108.0091, 50.3399], [108.0036, 50.341], [107.997, 50.3311], [107.9675, 50.3215], [107.9688, 50.3066], [107.9636, 50.287], [107.9344, 50.2778], [107.9226, 50.264], [107.9178, 50.2533], [107.9404, 50.2405], [107.8739, 50.2021], [107.8395, 50.2079], [107.8392, 50.2039], [107.7981, 50.1852], [107.7861, 50.1702], [107.7902, 50.1646], [107.7345, 50.1532], [107.7408, 50.1418], [107.7351, 50.1385], [107.742, 50.1193], [107.7342, 50.1112], [107.7685, 50.0727], [107.7855, 50.0646], [107.7959, 50.0323], [107.7664, 50.0157], [107.7969, 49.9912], [107.7543, 49.9706], [107.7601, 49.9589], [107.7942, 49.9332], [107.8035, 49.9328], [107.8225, 49.9569], [107.838, 49.9613], [107.8497, 49.9522], [107.8485, 49.9389], [107.8532, 49.9365], [107.8879, 49.9336], [107.9085, 49.94], [107.9257, 49.9364], [107.9512, 49.9439], [107.9745, 49.937], [107.9736, 49.9226], [107.9659, 49.9102], [107.9192, 49.8754], [107.9268, 49.8627], [107.9444, 49.8549], [107.9439, 49.8469], [107.9319, 49.8319], [107.9367, 49.8192], [107.9738, 49.8129], [107.9806, 49.8091], [107.9816, 49.8028], [107.9726, 49.7922], [107.9485, 49.7848], [107.9556, 49.7647], [107.9698, 49.7474], [107.9677, 49.735], [107.9343, 49.7114], [107.9471, 49.6706], [107.9683, 49.6548], [108.023, 49.6734], [108.0275, 49.6681], [108.0242, 49.6535], [108.0349, 49.6379], [108.0258, 49.6276], [108.0275, 49.6223], [108.0513, 49.6175], [108.1308, 49.5835], [108.1243, 49.5771], [108.1611, 49.5618], [108.1959, 49.559], [108.2061, 49.5485], [108.2227, 49.5489], [108.2354, 49.5438], [108.2343, 49.5402], [108.281, 49.5449], [108.2978, 49.5399], [108.3038, 49.5319], [108.3036, 49.5103], [108.3306, 49.4975], [108.334, 49.485], [108.3502, 49.4656], [108.3564, 49.4279], [108.4258, 49.4135], [108.4381, 49.3938], [108.431, 49.3721], [108.4392, 49.3722], [108.4452, 49.3634], [108.4662, 49.3567], [108.4701, 49.3612], [108.5175, 49.3227], [108.5299, 49.3212], [108.5379, 49.3267], [108.5815, 49.3348], [108.6081, 49.3273], [108.6284, 49.3331], [108.6267, 49.3404], [108.6525, 49.3473], [108.6763, 49.3386], [108.7178, 49.3349], [108.7464, 49.3416], [108.7699, 49.3386], [108.7742, 49.3342], [108.7962, 49.3346], [108.8206, 49.3432], [108.8331, 49.3398], [108.8488, 49.3266], [108.8621, 49.3377], [108.8912, 49.3337], [108.9086, 49.345], [108.9416, 49.3462], [109.0581, 49.3232], [109.1808, 49.353], [109.3455, 49.3249], [109.3776, 49.3119], [109.39, 49.3003], [109.4026, 49.309], [109.4007, 49.3173], [109.4105, 49.3353], [109.4238, 49.3422], [109.43, 49.3552], [109.4403, 49.3584], [109.4429, 49.368], [109.4738, 49.395], [109.4744, 49.4047], [109.4926, 49.4164], [109.4942, 49.4293], [109.4853, 49.4449], [109.4992, 49.4721], [109.5086, 49.4742], [109.5188, 49.4657], [109.5381, 49.4638], [109.5521, 49.4776], [109.5731, 49.4823], [109.586, 49.4669], [109.6034, 49.4655], [109.6056, 49.4513], [109.6148, 49.4368], [109.6293, 49.4373], [109.644, 49.4275], [109.651, 49.4279], [109.6513, 49.4373], [109.659, 49.4409], [109.6922, 49.4488], [109.6988, 49.4467], [109.707, 49.4714], [109.7131, 49.4736], [109.7062, 49.4884], [109.6803, 49.4988], [109.6805, 49.5056], [109.6638, 49.5173], [109.6569, 49.5367], [109.6762, 49.5507], [109.6983, 49.5504], [109.7006, 49.5633], [109.7103, 49.5669], [109.6958, 49.5801], [109.7098, 49.5807], [109.7141, 49.5921], [109.7329, 49.5947], [109.7661, 49.6173], [109.7793, 49.6171], [109.7943, 49.6281], [109.804, 49.6465], [109.8182, 49.6401], [109.8225, 49.6283], [109.8197, 49.6153], [109.8256, 49.5937], [109.8169, 49.5839], [109.8312, 49.5759], [109.8583, 49.5952], [109.8827, 49.5918], [109.8873, 49.5675], [109.8718, 49.5669], [109.8687, 49.5545], [109.8901, 49.5461], [109.8924, 49.5394], [109.9101, 49.531], [109.9081, 49.525], [109.9307, 49.5148], [109.9541, 49.5132], [109.9635, 49.5021], [109.9825, 49.4967], [110.0011, 49.5082], [110.0148, 49.5051], [110.0379, 49.4681], [110.0699, 49.4739], [110.0864, 49.4699], [110.1016, 49.4724], [110.1214, 49.4645], [110.1458, 49.4774], [110.1641, 49.4726], [110.1842, 49.4777], [110.2184, 49.4746], [110.2355, 49.4921], [110.236, 49.4975], [110.225, 49.5059], [110.241, 49.5212], [110.27, 49.5311], [110.2794, 49.5445], [110.2908, 49.5514], [110.2796, 49.5705], [110.2931, 49.587], [110.3099, 49.5858], [110.318, 49.6023], [110.337, 49.6138], [110.3538, 49.615], [110.367, 49.6231], [110.3695, 49.6321], [110.3954, 49.6428], [110.4328, 49.6334], [110.4483, 49.6424], [110.4693, 49.6309], [110.48, 49.634], [110.4899, 49.6436], [110.4952, 49.6604], [110.4925, 49.6829], [110.5354, 49.7073], [110.5702, 49.7177], [110.5986, 49.7359], [110.6392, 49.7262], [110.6527, 49.7282], [110.6644, 49.7215], [110.7081, 49.7239], [110.7393, 49.7095], [110.7619, 49.7179], [110.7893, 49.7201], [110.8063, 49.7108], [110.8005, 49.6917], [110.8091, 49.6778], [110.8183, 49.6732], [110.8178, 49.6671], [110.8343, 49.662], [110.8353, 49.6553], [110.8711, 49.6464], [110.8708, 49.638], [110.8757, 49.6334], [110.9069, 49.6409], [110.9021, 49.648], [110.9597, 49.6664], [110.9592, 49.6743], [110.9493, 49.6855], [110.9955, 49.7006], [110.9981, 49.7162], [110.9862, 49.728], [110.9739, 49.7293], [110.9785, 49.7457], [110.9749, 49.7502], [110.9576, 49.7584], [110.9247, 49.7623], [110.9239, 49.7791], [110.9122, 49.7805], [110.9122, 49.7873], [110.9202, 49.7906], [110.9198, 49.7978], [110.9296, 49.8114], [110.9465, 49.8214], [110.9165, 49.8228], [110.8976, 49.8399], [110.9141, 49.8414], [110.9374, 49.8567], [110.9263, 49.8681], [110.9298, 49.8795], [110.9225, 49.8999], [110.9501, 49.8944], [111.001, 49.893], [111.039, 49.9057], [111.059, 49.9205], [111.0408, 49.9326], [111.0454, 49.9405], [111.0413, 49.9621], [111.0352, 49.9668], [111.0389, 49.9744], [111.0262, 49.9781], [111.011, 49.9734], [110.9995, 49.9795], [111.0016, 49.9861], [110.9955, 49.9892], [111.0023, 49.9942], [110.9928, 50.0025], [110.9988, 50.0077], [110.9726, 50.0237], [110.9729, 50.0366], [110.9669, 50.0386], [110.9602, 50.0682], [110.9499, 50.0718], [110.9456, 50.0833], [110.9331, 50.0896], [110.9339, 50.1043], [110.956, 50.1254], [110.9411, 50.1388], [110.9353, 50.1513], [110.9452, 50.1795], [110.9572, 50.1814], [110.9609, 50.201], [110.9739, 50.2052], [110.9726, 50.2102], [110.9786, 50.2164], [110.965, 50.2382], [110.9628, 50.2559], [110.9881, 50.2599], [111.005, 50.2533], [111.0138, 50.2619], [111.0383, 50.2665], [111.0676, 50.2646], [111.0714, 50.2723], [111.1001, 50.2775], [111.1073, 50.2951], [111.124, 50.2924], [111.1327, 50.2961], [111.1285, 50.3001], [111.1372, 50.3024], [111.1214, 50.3193], [111.1351, 50.3299], [111.141, 50.3423], [111.142, 50.3846], [111.1278, 50.3955], [111.1252, 50.4086], [111.0948, 50.4239], [111.0943, 50.4396], [111.0889, 50.4411], [111.0793, 50.461], [111.1062, 50.491], [111.0968, 50.5054], [111.108, 50.5316], [111.0902, 50.5442], [111.1037, 50.5561], [111.1186, 50.5572], [111.1209, 50.5676], [111.1128, 50.5755], [111.1181, 50.584], [111.1097, 50.5937], [111.1189, 50.6038], [111.1082, 50.6111], [111.1143, 50.6214], [111.1293, 50.6293], [111.1199, 50.639], [111.1243, 50.6518], [111.1476, 50.6601], [111.1372, 50.6752], [111.1483, 50.7009], [111.1186, 50.7103], [111.0948, 50.7075], [111.0336, 50.7143], [111.0237, 50.7035], [110.9808, 50.7018], [110.9487, 50.7259], [110.9302, 50.7308], [110.9183, 50.7421], [110.9155, 50.7545], [110.9033, 50.7546], [110.9188, 50.7861], [110.9048, 50.7932], [110.8949, 50.7925], [110.883, 50.7839], [110.8619, 50.7901], [110.8407, 50.7899], [110.8337, 50.7975], [110.8218, 50.797], [110.8093, 50.789], [110.759, 50.8024], [110.7368, 50.8018], [110.7232, 50.7954], [110.6718, 50.7938], [110.6667, 50.8006], [110.6376, 50.7988], [110.6197, 50.7868], [110.6007, 50.7897], [110.5938, 50.7836], [110.559, 50.7829], [110.5299, 50.7684], [110.5252, 50.7618], [110.499, 50.7632], [110.4807, 50.7702], [110.4699, 50.762], [110.4602, 50.7654], [110.4333, 50.7595], [110.3696, 50.7739], [110.3205, 50.7611], [110.3281, 50.7543], [110.3234, 50.7441], [110.2969, 50.7439], [110.2921, 50.737], [110.2483, 50.7191], [110.1851, 50.7236], [110.1805, 50.7302], [110.1535, 50.7295], [110.1172, 50.7418], [110.1022, 50.7364], [110.0806, 50.7418], [110.0616, 50.7332], [110.0562, 50.7252], [110.0023, 50.7391]]]}}, {"type": "Feature", "properties": {"osm_type": "relation", "osm_id": 511811571, "name": "Mogoytuysky District", "admin_level": "6", "kind": "subdivision_2", "parent_osm_id": 145730, "parent_name": "Zabaykalsky Krai", "parent_iso": "RU-ZAB"}, "geometry": {"type": "Polygon", "coordinates": [[[115.0021, 51.6684], [114.9633, 51.6726], [114.9494, 51.6665], [114.9367, 51.6692], [114.9314, 51.6625], [114.9061, 51.6577], [114.9023, 51.6539], [114.9133, 51.6457], [114.9114, 51.6397], [114.8978, 51.6386], [114.8887, 51.632], [114.8587, 51.6328], [114.8527, 51.6157], [114.8308, 51.5998], [114.7906, 51.5854], [114.7899, 51.5779], [114.7838, 51.5732], [114.7486, 51.5667], [114.7411, 51.5572], [114.7226, 51.5517], [114.7354, 51.5335], [114.7248, 51.5356], [114.6955, 51.5257], [114.6533, 51.5013], [114.6298, 51.5044], [114.6197, 51.4992], [114.6293, 51.4889], [114.6092, 51.4704], [114.5843, 51.4627], [114.5589, 51.464], [114.5299, 51.4446], [114.5026, 51.4347], [114.505, 51.4226], [114.4972, 51.4121], [114.4866, 51.4122], [114.4753, 51.4012], [114.476, 51.3855], [114.4566, 51.374], [114.4521, 51.3527], [114.4348, 51.3384], [114.438, 51.3191], [114.4295, 51.3154], [114.4286, 51.3055], [114.4193, 51.3018], [114.4214, 51.2881], [114.4269, 51.2827], [114.4248, 51.2719], [114.4629, 51.2626], [114.4875, 51.246], [114.5094, 51.2222], [114.5559, 51.1978], [114.5706, 51.1975], [114.6014, 51.1815], [114.6213, 51.1793], [114.6282, 51.1678], [114.6755, 51.1405], [114.6804, 51.1313], [114.6505, 51.1256], [114.6791, 51.0979], [114.7128, 51.1008], [114.7407, 51.0868], [114.7541, 51.0686], [114.7533, 51.0773], [114.7868, 51.077], [114.7844, 51.0844], [114.7914, 51.0894], [114.79, 51.0942], [114.7545, 51.1098], [114.7504, 51.1283], [114.7617, 51.1388], [114.7602, 51.1504], [114.7763, 51.1512], [114.7802, 51.1349], [114.7985, 51.112], [114.852, 51.1031], [114.9061, 51.0598], [114.913, 51.0658], [114.9499, 51.0538], [115.0006, 50.9983], [115.0138, 50.9896], [115.0192, 50.9644], [115.0361, 50.9705], [115.095, 50.9318], [115.1239, 50.9032], [115.1338, 50.8636], [115.1476, 50.856], [115.1555, 50.8358], [115.2051, 50.8111], [115.2369, 50.8045], [115.2782, 50.7776], [115.2962, 50.7917], [115.2992, 50.7769], [115.3161, 50.7519], [115.3247, 50.7223], [115.3479, 50.7053], [115.3625, 50.6833], [115.4143, 50.5843], [115.4409, 50.5953], [115.4631, 50.5948], [115.4715, 50.5874], [115.4887, 50.5876], [115.5022, 50.5784], [115.5047, 50.5649], [115.5133, 50.5649], [115.5187, 50.5681], [115.517, 50.5736], [115.5263, 50.5789], [115.5428, 50.581], [115.5524, 50.5909], [115.5589, 50.5895], [115.5567, 50.5961], [115.5642, 50.6022], [115.5669, 50.591], [115.5734, 50.5935], [115.5731, 50.6011], [115.5998, 50.6045], [115.6044, 50.6119], [115.6175, 50.6079], [115.6361, 50.614], [115.6437, 50.625], [115.6663, 50.6351], [115.6585, 50.6437], [115.6499, 50.6419], [115.6484, 50.6533], [115.6663, 50.6678], [115.6738, 50.681], [115.6814, 50.6835], [115.6772, 50.6965], [115.6886, 50.7085], [115.6841, 50.719], [115.7028, 50.7282], [115.703, 50.6953], [115.7256, 50.6487], [115.741, 50.628], [115.7626, 50.6131], [115.7772, 50.6334], [115.7842, 50.662], [115.7798, 50.6736], [115.7616, 50.6901], [115.7755, 50.7327], [115.7721, 50.7445], [115.7498, 50.7737], [115.7365, 50.8112], [115.7225, 50.8236], [115.6913, 50.8367], [115.69, 50.8504], [115.6761, 50.8571], [115.6629, 50.8528], [115.6476, 50.8552], [115.6224, 50.8379], [115.5682, 50.842], [115.4857, 50.8388], [115.3824, 50.8502], [115.3555, 50.9042], [115.4, 50.9871], [115.3975, 51.0001], [115.3811, 51.0088], [115.3858, 51.0128], [115.3668, 51.0255], [115.4076, 51.0344], [115.4367, 51.0352], [115.4588, 51.011], [115.4676, 51.0085], [115.4852, 51.0213], [115.5062, 51.0132], [115.5436, 51.0148], [115.5767, 51.0316], [115.5933, 51.0076], [115.6274, 51.0166], [115.6489, 51.0508], [115.6808, 51.0636], [115.681, 51.0742], [115.6993, 51.0813], [115.7087, 51.075], [115.7396, 51.0826], [115.7517, 51.0915], [115.7612, 51.1064], [115.7902, 51.1153], [115.8047, 51.1149], [115.8185, 51.1234], [115.8348, 51.1477], [115.828, 51.1545], [115.8323, 51.1718], [115.8471, 51.1707], [115.8399, 51.1777], [115.8518, 51.1859], [115.8742, 51.1805], [115.8745, 51.1887], [115.868, 51.1974], [115.878, 51.1944], [115.8865, 51.2003], [115.8892, 51.2149], [115.8847, 51.2189], [115.9025, 51.2127], [115.9011, 51.2275], [115.9238, 51.2367], [115.922, 51.2453], [115.9265, 51.25], [115.918, 51.2503], [115.9155, 51.257], [115.9282, 51.2585], [115.9245, 51.264], [115.9317, 51.2661], [115.9332, 51.2724], [115.9421, 51.2713], [115.899, 51.3018], [115.8855, 51.3062], [115.8911, 51.3198], [115.858, 51.3251], [115.849, 51.3214], [115.8122, 51.3253], [115.7798, 51.355], [115.7179, 51.3752], [115.7176, 51.3875], [115.7238, 51.3917], [115.7204, 51.4264], [115.6756, 51.4366], [115.657, 51.4656], [115.6176, 51.4753], [115.6008, 51.4967], [115.6071, 51.5004], [115.5812, 51.5178], [115.5465, 51.5079], [115.5175, 51.5167], [115.5092, 51.5123], [115.4438, 51.5472], [115.4151, 51.5817], [115.3985, 51.5878], [115.273, 51.5932], [115.2318, 51.6255], [115.2396, 51.6695], [115.2165, 51.6757], [115.2095, 51.6734], [115.1789, 51.6866], [115.0779, 51.6627], [115.0827, 51.6318], [115.073, 51.6207], [115.0609, 51.6238], [115.0484, 51.64], [115.0108, 51.6426], [115.0097, 51.6572], [115.0034, 51.6606], [115.0021, 51.6684]]]}}, {"type": "Feature", "properties": {"osm_type": "relation", "osm_id": 341611223, "name": "Chitinsky District", "admin_level": "6", "kind": "subdivision_2", "parent_osm_id": 145730, "parent_name": "Zabaykalsky Krai", "parent_iso": "RU-ZAB"}, "geometry": {"type": "Polygon", "coordinates": [[[112.3394, 51.5899], [112.369, 51.5799], [112.3722, 51.5864], [112.3909, 51.5906], [112.399, 51.5872], [112.4458, 51.5896], [112.4607, 51.5825], [112.5054, 51.5921], [112.5292, 51.5891], [112.5686, 51.6096], [112.5753, 51.6338], [112.5897, 51.6462], [112.584, 51.6581], [112.5878, 51.6633], [112.6376, 51.666], [112.6345, 51.6861], [112.6997, 51.6983], [112.7384, 51.7212], [112.7625, 51.7084], [112.8221, 51.7093], [112.8353, 51.6974], [112.8634, 51.6891], [112.8809, 51.6932], [112.9074, 51.6808], [112.919, 51.6843], [112.9603, 51.6716], [112.985, 51.6702], [113.0036, 51.6831], [113.0181, 51.6763], [113.0632, 51.6772], [113.0981, 51.6701], [113.1527, 51.6689], [113.1621, 51.6725], [113.1905, 51.6683], [113.1968, 51.6704], [113.1952, 51.677], [113.2276, 51.6763], [113.2581, 51.654], [113.2562, 51.6485], [113.2768, 51.6366], [113.2796, 51.6242], [113.269, 51.618], [113.2672, 51.6013], [113.2611, 51.5948], [113.2674, 51.5807], [113.2653, 51.5754], [113.2558, 51.572], [113.2575, 51.5661], [113.2434, 51.5413], [113.2472, 51.5351], [113.2392, 51.5206], [113.2529, 51.5014], [113.2392, 51.4901], [113.2382, 51.4758], [113.2291, 51.4684], [113.242, 51.4527], [113.2181, 51.4424], [113.206, 51.4194], [113.1719, 51.3995], [113.1795, 51.383], [113.1677, 51.37], [113.164, 51.3508], [113.1474, 51.3386], [113.1478, 51.3317], [113.1334, 51.3409], [113.1151, 51.3103], [113.1036, 51.3049], [113.0981, 51.287], [113.0793, 51.2765], [113.0698, 51.2631], [113.0636, 51.2503], [113.0659, 51.2453], [113.0365, 51.2471], [113.019, 51.2413], [113.0229, 51.2332], [113.0196, 51.2169], [113.0011, 51.2013], [113.0013, 51.1943], [112.9951, 51.1885], [112.9879, 51.1848], [112.9582, 51.1963], [112.9272, 51.177], [112.8852, 51.1834], [112.8754, 51.1778], [112.8829, 51.1394], [112.8882, 51.1347], [112.8814, 51.1309], [112.881, 51.122], [112.8897, 51.1125], [112.8785, 51.1053], [112.8866, 51.093], [112.8859, 51.0858], [112.9051, 51.08], [112.8927, 51.0713], [112.8938, 51.0531], [112.9124, 51.043], [112.9124, 51.0276], [112.9206, 51.0249], [112.9248, 51.0161], [112.9234, 51.0046], [112.9147, 51.0005], [112.9243, 50.999], [112.9289, 50.9888], [112.9469, 50.974], [112.9639, 50.9834], [113.0004, 50.9722], [113.0101, 50.9658], [113.0101, 50.9597], [113.0239, 50.9539], [113.0409, 50.9633], [113.061, 50.9648], [113.0662, 50.9751], [113.079, 50.9812], [113.095, 50.9828], [113.1081, 51.0088], [113.1599, 51.0084], [113.1803, 51.02], [113.1964, 51.0409], [113.2099, 51.0353], [113.2249, 51.0381], [113.2746, 51.0576], [113.2817, 51.0706], [113.2975, 51.0781], [113.3095, 51.0782], [113.328, 51.0939], [113.3498, 51.1015], [113.3498, 51.1088], [113.3431, 51.1104], [113.355, 51.1228], [113.3702, 51.1193], [113.3828, 51.1282], [113.4195, 51.114], [113.4333, 51.1191], [113.4546, 51.113], [113.4904, 51.1328], [113.4997, 51.1304], [113.5294, 51.1379], [113.526, 51.1541], [113.5434, 51.1637], [113.5375, 51.177], [113.5545, 51.1906], [113.543, 51.1996], [113.5536, 51.218], [113.5443, 51.227], [113.5595, 51.2395], [113.5523, 51.2589], [113.5884, 51.2862], [113.5978, 51.3547], [113.6194, 51.401], [113.6402, 51.432], [113.644, 51.4527], [113.6691, 51.4545], [113.6695, 51.4934], [113.6618, 51.5058], [113.6801, 51.5298], [113.723, 51.5678], [113.7446, 51.5694], [113.7506, 51.5916], [113.7378, 51.6042], [113.7557, 51.6164], [113.7487, 51.6308], [113.7585, 51.6371], [113.7735, 51.6356], [113.7829, 51.6465], [113.8314, 51.6562], [113.8355, 51.6605], [113.8332, 51.679], [113.8789, 51.6828], [113.8948, 51.6903], [113.9064, 51.6883], [113.9205, 51.6929], [113.9623, 51.6902], [113.9661, 51.698], [113.9865, 51.6997], [113.9815, 51.7131], [113.9867, 51.7231], [114.0052, 51.727], [114.0248, 51.7244], [114.0662, 51.7075], [114.0773, 51.7146], [114.1187, 51.7207], [114.1134, 51.7251], [114.0672, 51.7164], [114.0509, 51.7182], [114.0994, 51.7335], [114.1052, 51.7575], [114.113, 51.7591], [114.1248, 51.7809], [114.1786, 51.822], [114.1954, 51.8456], [114.1984, 51.8667], [114.2331, 51.8659], [114.2588, 51.8829], [114.2896, 51.8814], [114.2974, 51.89], [114.3206, 51.8987], [114.3211, 51.9169], [114.3069, 51.9249], [114.3032, 51.947], [114.2866, 51.9719], [114.2944, 52.0106], [114.3197, 52.0157], [114.3415, 52.0348], [114.3441, 52.0472], [114.3772, 52.0514], [114.4015, 52.0628], [114.4075, 52.077], [114.4287, 52.0711], [114.4403, 52.0771], [114.4663, 52.0803], [114.4686, 52.0981], [114.4809, 52.1052], [114.4649, 52.1186], [114.478, 52.1243], [114.4772, 52.1436], [114.4523, 52.1522], [114.5012, 52.2963], [114.51, 52.2984], [114.5205, 52.31], [114.5123, 52.3192], [114.5124, 52.3315], [114.523, 52.3478], [114.5146, 52.3631], [114.5235, 52.3853], [114.5145, 52.3942], [114.5205, 52.4014], [114.5175, 52.4263], [114.5212, 52.446], [114.5017, 52.4583], [114.5126, 52.463], [114.5117, 52.4727], [114.5302, 52.5072], [114.5606, 52.5257], [114.5752, 52.5522], [114.5994, 52.5469], [114.61, 52.5555], [114.6095, 52.5656], [114.6237, 52.5666], [114.6243, 52.5816], [114.645, 52.5969], [114.6502, 52.6106], [114.6473, 52.6261], [114.6564, 52.6531], [114.5925, 52.6628], [114.5893, 52.6661], [114.5929, 52.6684], [114.6108, 52.6703], [114.6223, 52.6788], [114.6156, 52.6964], [114.593, 52.704], [114.5741, 52.7213], [114.5756, 52.7307], [114.5627, 52.7391], [114.5396, 52.7807], [114.522, 52.7917], [114.5065, 52.7941], [114.5116, 52.8068], [114.5289, 52.8115], [114.5291, 52.8184], [114.5192, 52.824], [114.5228, 52.8354], [114.5341, 52.8475], [114.5309, 52.8566], [114.5496, 52.8858], [114.5242, 52.8997], [114.5239, 52.9168], [114.5349, 52.9281], [114.5334, 52.9498], [114.5385, 52.9567], [114.5906, 52.9788], [114.5897, 52.9993], [114.5821, 53.0079], [114.504, 53.0448], [114.4851, 53.0395], [114.4432, 53.0627], [114.3897, 53.0433], [114.3756, 53.0544], [114.3549, 53.0356], [114.3177, 53.039], [114.3069, 53.0309], [114.3178, 53.017], [114.2997, 53.0005], [114.3176, 52.9777], [114.3129, 52.9645], [114.3072, 52.956], [114.2819, 52.9555], [114.2687, 52.9488], [114.2666, 52.9394], [114.2533, 52.9327], [114.2577, 52.9162], [114.2441, 52.9101], [114.2356, 52.8977], [114.238, 52.8813], [114.2286, 52.8747], [114.2237, 52.8633], [114.2363, 52.849], [114.2377, 52.8335], [114.2604, 52.8163], [114.2437, 52.8099], [114.2244, 52.8124], [114.2166, 52.7966], [114.1988, 52.7868], [114.1816, 52.7671], [114.1782, 52.753], [114.1427, 52.7313], [114.1455, 52.7154], [114.1271, 52.7136], [114.1156, 52.7054], [114.1067, 52.6876], [114.082, 52.6796], [114.0785, 52.6623], [114.0219, 52.6656], [113.9609, 52.6267], [113.9087, 52.6392], [113.8813, 52.6309], [113.8758, 52.6141], [113.8478, 52.6037], [113.8152, 52.6145], [113.803, 52.6123], [113.8024, 52.6011], [113.7833, 52.5867], [113.7829, 52.5816], [113.7696, 52.5767], [113.7502, 52.5802], [113.7417, 52.5866], [113.7371, 52.5761], [113.7099, 52.5529], [113.6889, 52.5515], [113.6408, 52.5301], [113.6404, 52.5019], [113.6174, 52.4894], [113.5907, 52.4488], [113.542, 52.4887], [113.487, 52.4708], [113.297, 52.4642], [113.2897, 52.4705], [113.152, 52.4536], [113.1418, 52.4357], [113.1224, 52.4393], [113.1116, 52.4359], [113.1083, 52.4305], [113.1139, 52.4254], [113.0918, 52.4187], [113.0931, 52.4037], [113.0371, 52.3886], [113.0086, 52.3706], [112.9811, 52.3778], [112.9381, 52.3472], [112.9424, 52.3356], [112.9192, 52.3291], [112.8757, 52.352], [112.8554, 52.3386], [112.8282, 52.3427], [112.8038, 52.3262], [112.7356, 52.3264], [112.7197, 52.3376], [112.7032, 52.3376], [112.696, 52.3471], [112.6791, 52.3548], [112.6532, 52.3517], [112.653, 52.3414], [112.6247, 52.3555], [112.6084, 52.3582], [112.5852, 52.3501], [112.5474, 52.3461], [112.5416, 52.334], [112.5152, 52.3211], [112.5221, 52.3034], [112.5061, 52.2953], [112.5097, 52.2597], [112.5142, 52.2553], [112.5113, 52.2489], [112.475, 52.2374], [112.4568, 52.2364], [112.4102, 52.2153], [112.4033, 52.2056], [112.3736, 52.1984], [112.3596, 52.1808], [112.3634, 52.169], [112.3558, 52.1632], [112.3499, 52.1399], [112.3438, 52.1285], [112.3329, 52.1232], [112.3438, 52.1098], [112.323, 52.0861], [112.322, 52.0778], [112.3294, 52.0745], [112.3185, 52.0425], [112.3225, 52.0338], [112.337, 52.0325], [112.3611, 52.0213], [112.3611, 52.0133], [112.3312, 51.9967], [112.3342, 51.983], [112.3083, 51.9653], [112.3055, 51.9593], [112.3113, 51.9503], [112.29, 51.9322], [112.2766, 51.934], [112.2715, 51.9416], [112.2575, 51.9482], [112.2446, 51.9239], [112.2209, 51.9161], [112.2575, 51.8979], [112.2679, 51.8972], [112.2712, 51.8829], [112.2606, 51.8746], [112.2547, 51.8589], [112.2382, 51.8622], [112.1905, 51.8475], [112.1658, 51.8233], [112.1763, 51.8123], [112.1926, 51.8071], [112.1954, 51.795], [112.205, 51.7851], [112.2081, 51.7675], [112.202, 51.7608], [112.2035, 51.7455], [112.2685, 51.7097], [112.268, 51.7032], [112.2876, 51.6919], [112.298, 51.6757], [112.3173, 51.6681], [112.3203, 51.6558], [112.3351, 51.6536], [112.3401, 51.6462], [112.3541, 51.6399], [112.3531, 51.6322], [112.3452, 51.627], [112.3531, 51.6092], [112.3396, 51.6055], [112.3394, 51.5899]], [[113.1336, 51.9993], [113.1493, 52.0092], [113.1401, 52.0112], [113.1385, 52.0183], [113.1512, 52.0297], [113.1456, 52.0316], [113.1551, 52.0318], [113.1632, 52.0383], [113.1581, 52.0458], [113.1702, 52.0468], [113.1651, 52.0575], [113.2158, 52.0983], [113.3515, 52.17], [113.3713, 52.1728], [113.3665, 52.1637], [113.3731, 52.1533], [113.4084, 52.1429], [113.4667, 52.1396], [113.511, 52.1283], [113.5577, 52.1026], [113.6147, 52.0851], [113.6457, 52.0705], [113.6561, 52.0367], [113.6621, 52.0307], [113.6469, 52.0119], [113.6235, 51.9983], [113.6161, 51.9874], [113.6188, 51.9792], [113.6044, 51.9789], [113.6072, 51.9727], [113.602, 51.9644], [113.5861, 51.9694], [113.5409, 51.9491], [113.516, 51.9469], [113.53, 51.9229], [113.552, 51.925], [113.5591, 51.8879], [113.5144, 51.885], [113.5077, 51.9211], [113.5287, 51.9228], [113.5153, 51.9467], [113.4628, 51.9677], [113.4319, 51.9854], [113.4202, 51.9862], [113.4499, 52.0091], [113.4122, 52.0263], [113.3639, 52.0169], [113.3497, 52.0088], [113.3622, 52.0033], [113.3223, 51.9984], [113.3032, 51.9899], [113.303, 51.9835], [113.2873, 51.9854], [113.2816, 51.9806], [113.2894, 51.9746], [113.2862, 51.9736], [113.2754, 51.9723], [113.2654, 51.9781], [113.2544, 51.9723], [113.2564, 51.981], [113.2484, 51.9813], [113.232, 51.9641], [113.2048, 51.9666], [113.1852, 51.9788], [113.1734, 51.9754], [113.1439, 51.9894], [113.1336, 51.9993]], [[113.0858, 51.1568], [113.089, 51.1595], [113.115, 51.148], [113.1191, 51.1506], [113.113, 51.1593], [113.0973, 51.1677], [113.1006, 51.1705], [113.1288, 51.1578], [113.1486, 51.1903], [113.1771, 51.2025], [113.1769, 51.2136], [113.1642, 51.2233], [113.1674, 51.2254], [113.1777, 51.2205], [113.1841, 51.2102], [113.206, 51.2101], [113.222, 51.2001], [113.2211, 51.188], [113.2396, 51.1868], [113.2424, 51.1925], [113.2595, 51.1995], [113.2081, 51.2333], [113.2381, 51.2209], [113.2543, 51.2089], [113.2622, 51.2099], [113.2568, 51.2202], [113.2436, 51.2298], [113.2424, 51.2391], [113.223, 51.2543], [113.2277, 51.2573], [113.2618, 51.2362], [113.2908, 51.199], [113.335, 51.2222], [113.3406, 51.23], [113.338, 51.2381], [113.314, 51.2414], [113.3057, 51.2376], [113.2979, 51.2398], [113.3052, 51.244], [113.2986, 51.2478], [113.3429, 51.2404], [113.3455, 51.2541], [113.3133, 51.257], [113.2565, 51.28], [113.261, 51.2825], [113.3065, 51.2637], [113.3327, 51.2651], [113.3665, 51.2493], [113.3665, 51.2413], [113.3739, 51.233], [113.404, 51.2271], [113.4462, 51.2065], [113.4598, 51.2044], [113.4773, 51.2145], [113.4601, 51.2], [113.4663, 51.1882], [113.497, 51.1974], [113.5051, 51.1923], [113.4884, 51.1883], [113.5138, 51.1793], [113.4994, 51.1778], [113.4853, 51.1874], [113.4731, 51.1825], [113.4905, 51.1665], [113.4953, 51.1601], [113.4912, 51.1593], [113.4701, 51.1776], [113.4647, 51.1771], [113.4459, 51.2022], [113.4347, 51.2043], [113.4333, 51.1944], [113.4489, 51.1605], [113.4491, 51.1552], [113.4445, 51.1543], [113.4433, 51.1662], [113.4364, 51.169], [113.4254, 51.2127], [113.4071, 51.2223], [113.366, 51.2322], [113.3434, 51.2105], [113.3681, 51.1899], [113.3695, 51.1822], [113.3487, 51.199], [113.3303, 51.205], [113.3072, 51.1935], [113.3076, 51.1829], [113.3131, 51.1824], [113.3127, 51.1788], [113.2992, 51.1772], [113.2911, 51.1843], [113.2827, 51.1842], [113.2565, 51.1765], [113.2478, 51.1688], [113.2236, 51.178], [113.2091, 51.1719], [113.2064, 51.1761], [113.2133, 51.18], [113.2101, 51.1856], [113.1976, 51.1849], [113.1903, 51.19], [113.151, 51.1525], [113.1324, 51.1484], [113.1173, 51.1343], [113.1097, 51.137], [113.0945, 51.1295], [113.0917, 51.1334], [113.1021, 51.1482], [113.0858, 51.1568]]]}}, {"type": "Feature", "properties": {"osm_type": "relation", "osm_id": 121748906, "name": "Priargunsky District", "admin_level": "6", "kind": "subdivision_2", "parent_osm_id": 145730, "parent_name": "Zabaykalsky Krai", "parent_iso": "RU-ZAB"}, "geometry": {"type": "Polygon", "coordinates": [[[118.8396, 49.966], [118.8536, 49.966], [118.8555, 49.9711], [118.8618, 49.9687], [118.862, 49.9729], [118.8713, 49.9696], [118.8743, 49.974], [118.8689, 49.9758], [118.87, 49.9795], [118.8817, 49.9726], [118.8897, 49.9773], [118.8923, 49.9735], [118.8939, 49.9786], [118.9037, 49.9765], [118.9053, 49.9812], [118.9099, 49.9783], [118.9103, 49.9834], [118.9158, 49.9821], [118.9137, 49.9856], [118.9223, 49.9842], [118.921, 49.9886], [118.9335, 49.9875], [118.9336, 49.9924], [118.9704, 49.9862], [118.9723, 49.9823], [118.9631, 49.9829], [118.9758, 49.9767], [118.9805, 49.9825], [118.9865, 49.9763], [119.0083, 49.9834], [119.0201, 49.9811], [119.024, 49.9875], [119.0289, 49.9829], [119.0341, 49.9883], [119.0485, 49.9786], [119.0502, 49.9838], [119.0616, 49.9857], [119.0597, 49.9898], [119.067, 49.9919], [119.0841, 49.9843], [119.09, 49.9879], [119.0914, 49.9965], [119.103, 49.9988], [119.1002, 50.0043], [119.1109, 50.0002], [119.1164, 50.0173], [119.1268, 50.0236], [119.1368, 50.0203], [119.1455, 50.0241], [119.1351, 50.026], [119.1445, 50.0311], [119.155, 50.026], [119.1521, 50.0218], [119.1558, 50.0213], [119.1599, 50.0381], [119.1751, 50.0412], [119.1683, 50.0464], [119.1809, 50.0562], [119.1717, 50.0597], [119.1868, 50.0681], [119.1786, 50.0726], [119.1851, 50.0743], [119.1818, 50.0875], [119.1888, 50.0868], [119.1981, 50.0776], [119.2179, 50.0814], [119.2174, 50.0746], [119.2281, 50.0738], [119.2299, 50.0784], [119.2362, 50.0766], [119.2318, 50.0813], [119.2375, 50.0844], [119.2335, 50.0865], [119.2533, 50.0933], [119.2481, 50.0957], [119.2615, 50.1015], [119.2586, 50.1049], [119.27, 50.1096], [119.2741, 50.1048], [119.2838, 50.1122], [119.2861, 50.1094], [119.2862, 50.1149], [119.292, 50.1178], [119.2819, 50.1211], [119.2913, 50.1324], [119.2898, 50.1372], [119.3006, 50.132], [119.298, 50.1396], [119.3034, 50.1441], [119.296, 50.1486], [119.3009, 50.1512], [119.2972, 50.1549], [119.3049, 50.1578], [119.2997, 50.1584], [119.3192, 50.1628], [119.3294, 50.1721], [119.3274, 50.1846], [119.3316, 50.1906], [119.3523, 50.1934], [119.3097, 50.2178], [119.3165, 50.2349], [119.3263, 50.2355], [119.319, 50.2389], [119.3324, 50.243], [119.3287, 50.2562], [119.3401, 50.2547], [119.3381, 50.2603], [119.3241, 50.2618], [119.3266, 50.2687], [119.3336, 50.2701], [119.3301, 50.2728], [119.3331, 50.2755], [119.3236, 50.2755], [119.3168, 50.2827], [119.3439, 50.2843], [119.3388, 50.2907], [119.3433, 50.3028], [119.3621, 50.3076], [119.3687, 50.317], [119.3791, 50.3204], [119.3501, 50.3261], [119.3521, 50.3301], [119.3648, 50.3316], [119.3629, 50.3414], [119.3511, 50.345], [119.3616, 50.3492], [119.3514, 50.3516], [119.3508, 50.3576], [119.333, 50.3548], [119.3214, 50.3605], [119.3128, 50.35], [119.2979, 50.3551], [119.3003, 50.3461], [119.2944, 50.3442], [119.2902, 50.355], [119.269, 50.3647], [119.2617, 50.3597], [119.2603, 50.3523], [119.2485, 50.3504], [119.2532, 50.3459], [119.2468, 50.3417], [119.2283, 50.3456], [119.2291, 50.3561], [119.2241, 50.364], [119.2049, 50.3625], [119.1874, 50.348], [119.1754, 50.3467], [119.1716, 50.353], [119.1881, 50.3615], [119.1667, 50.3569], [119.1478, 50.3604], [119.1494, 50.366], [119.1667, 50.3717], [119.1693, 50.3771], [119.1477, 50.3793], [119.1425, 50.392], [119.1526, 50.3901], [119.149, 50.3949], [119.1561, 50.3959], [119.1505, 50.4001], [119.1675, 50.397], [119.1556, 50.4045], [119.1631, 50.4043], [119.1687, 50.4126], [119.1628, 50.4165], [119.1696, 50.415], [119.176, 50.422], [119.2059, 50.4092], [119.2095, 50.4145], [119.2042, 50.4229], [119.2174, 50.4285], [119.2155, 50.4403], [119.2336, 50.4402], [119.2434, 50.4497], [119.2329, 50.4606], [119.2568, 50.4686], [119.2519, 50.4815], [119.2551, 50.488], [119.2255, 50.5009], [119.2556, 50.5099], [119.2604, 50.5284], [119.2569, 50.5381], [119.2712, 50.5428], [119.275, 50.5522], [119.2742, 50.5562], [119.2591, 50.5574], [119.2578, 50.5616], [119.2632, 50.5696], [119.2799, 50.5693], [119.2885, 50.5737], [119.2914, 50.5826], [119.2802, 50.5886], [119.2742, 50.6034], [119.2883, 50.6149], [119.3039, 50.6134], [119.3265, 50.6236], [119.3298, 50.6277], [119.3243, 50.6365], [119.3282, 50.6407], [119.3366, 50.6381], [119.3414, 50.6286], [119.3517, 50.6299], [119.3643, 50.6419], [119.3696, 50.6549], [119.3865, 50.6622], [119.3724, 50.6716], [119.3748, 50.6874], [119.335, 50.7114], [119.2816, 50.7118], [119.265, 50.7278], [119.2551, 50.748], [119.2272, 50.7525], [119.2052, 50.7379], [119.1967, 50.7209], [119.0737, 50.7695], [119.0527, 50.7474], [119.0629, 50.7388], [119.0789, 50.7373], [119.0759, 50.7086], [119.0578, 50.7006], [119.0245, 50.7032], [118.9935, 50.6978], [118.9033, 50.6423], [118.867, 50.6711], [118.8309, 50.662], [118.7816, 50.7095], [118.7592, 50.7249], [118.7782, 50.7345], [118.7442, 50.7619], [118.6886, 50.7776], [118.6647, 50.7733], [118.6384, 50.7558], [118.6071, 50.7576], [118.598, 50.7507], [118.5117, 50.7663], [118.5032, 50.7579], [118.4829, 50.751], [118.4951, 50.6998], [118.4678, 50.6941], [118.4474, 50.6486], [118.4146, 50.6394], [118.4166, 50.6193], [118.3834, 50.6546], [118.3542, 50.6711], [118.3141, 50.6608], [118.3038, 50.6381], [118.2724, 50.6331], [118.2587, 50.6237], [118.248, 50.6062], [118.2382, 50.569], [118.2175, 50.5252], [118.2163, 50.5066], [118.2011, 50.4932], [118.1652, 50.5032], [118.0634, 50.5053], [118.0348, 50.4995], [118.0371, 50.491], [117.9615, 50.4617], [117.9569, 50.4516], [117.8795, 50.4335], [117.8741, 50.4199], [117.8816, 50.4125], [117.9135, 50.4065], [117.9295, 50.3932], [117.9529, 50.3888], [117.9767, 50.3708], [117.9756, 50.3653], [118.0112, 50.3551], [118.0312, 50.3343], [118.0552, 50.3349], [118.1642, 50.2922], [118.1793, 50.2528], [118.1996, 50.2336], [118.238, 50.2252], [118.268, 50.2357], [118.2507, 50.2479], [118.316, 50.2874], [118.361, 50.2959], [118.4408, 50.2844], [118.4956, 50.2913], [118.47, 50.3279], [118.4659, 50.3437], [118.4744, 50.3575], [118.4904, 50.3633], [118.4874, 50.3674], [118.4965, 50.3785], [118.488, 50.3871], [118.5053, 50.3972], [118.5089, 50.3931], [118.506, 50.3751], [118.5204, 50.3394], [118.5792, 50.3469], [118.5895, 50.3371], [118.604, 50.2924], [118.6176, 50.2829], [118.6168, 50.264], [118.6428, 50.258], [118.6987, 50.1851], [118.6782, 50.1553], [118.7773, 50.0803], [118.7875, 50.0812], [118.7858, 50.0757], [118.8258, 50.0513], [118.8386, 50.0258], [118.8476, 49.9841], [118.8396, 49.966]]]}}, {"type": "Feature", "properties": {"osm_type": "relation", "osm_id": 189452659, "name": "Kyrinsky District", "admin_level": "6", "kind": "subdivision_2", "parent_osm_id": 145730, "parent_name": "Zabaykalsky Krai", "parent_iso": "RU-ZAB"}, "geometry": {"type": "Polygon", "coordinates": [[[112.4034, 50.3465], [112.3447, 50.3382], [112.3208, 50.3454], [112.3031, 50.3698], [112.2644, 50.3715], [112.2506, 50.3655], [112.229, 50.3801], [112.2174, 50.3826], [112.1589, 50.3709], [112.1268, 50.3768], [112.1042, 50.3899], [112.0968, 50.3679], [112.055, 50.3693], [112.0356, 50.3454], [111.9923, 50.3421], [111.9749, 50.3324], [111.9652, 50.3186], [111.9445, 50.3284], [111.9245, 50.3273], [111.8994, 50.3355], [111.8837, 50.3343], [111.8909, 50.3206], [111.8727, 50.2962], [111.8836, 50.2887], [111.8682, 50.2677], [111.8317, 50.2595], [111.8387, 50.253], [111.8411, 50.2346], [111.8331, 50.2309], [111.8271, 50.2155], [111.8121, 50.21], [111.8061, 50.2089], [111.7719, 50.2263], [111.7359, 50.2289], [111.726, 50.2366], [111.7221, 50.2497], [111.7145, 50.2506], [111.7112, 50.256], [111.6956, 50.2625], [111.6717, 50.2556], [111.6622, 50.2687], [111.6225, 50.2552], [111.6117, 50.2425], [111.5664, 50.2305], [111.5158, 50.2329], [111.5279, 50.2188], [111.5159, 50.2119], [111.5246, 50.1985], [111.4931, 50.1797], [111.4864, 50.1902], [111.4672, 50.1889], [111.4588, 50.1804], [111.4434, 50.1802], [111.4086, 50.1583], [111.4061, 50.149], [111.3877, 50.1456], [111.402, 50.1178], [111.3807, 50.1086], [111.381, 50.102], [111.3869, 50.0842], [111.4084, 50.0771], [111.4013, 50.0705], [111.4018, 50.065], [111.3792, 50.0509], [111.3664, 50.0482], [111.3623, 50.0395], [111.3464, 50.0407], [111.3343, 50.0331], [111.2894, 50.0277], [111.2902, 50.0003], [111.2792, 49.9887], [111.2757, 49.9734], [111.2639, 49.9647], [111.2657, 49.9545], [111.247, 49.9169], [111.2464, 49.9052], [111.2508, 49.9017], [111.2479, 49.8967], [111.2683, 49.888], [111.268, 49.8781], [111.2427, 49.858], [111.2452, 49.85], [111.2139, 49.8385], [111.2205, 49.8228], [111.1887, 49.8146], [111.1835, 49.8051], [111.1543, 49.8046], [111.1364, 49.798], [111.1509, 49.7891], [111.1549, 49.7789], [111.1421, 49.7621], [111.1323, 49.7611], [111.1266, 49.7402], [111.1157, 49.7275], [111.0925, 49.7151], [111.0857, 49.7205], [111.0719, 49.7198], [111.036, 49.7105], [110.9981, 49.7162], [110.9955, 49.7006], [110.9493, 49.6855], [110.9592, 49.6743], [110.9597, 49.6664], [110.9021, 49.648], [110.9069, 49.6409], [110.8757, 49.6334], [110.8708, 49.638], [110.8711, 49.6464], [110.8353, 49.6553], [110.8343, 49.662], [110.8178, 49.6671], [110.8183, 49.6732], [110.8091, 49.6778], [110.8005, 49.6917], [110.8063, 49.7108], [110.7893, 49.7201], [110.7619, 49.7179], [110.7393, 49.7095], [110.7081, 49.7239], [110.6644, 49.7215], [110.6527, 49.7282], [110.6392, 49.7262], [110.5986, 49.7359], [110.5702, 49.7177], [110.5354, 49.7073], [110.4925, 49.6829], [110.4952, 49.6604], [110.4899, 49.6436], [110.48, 49.634], [110.4693, 49.6309], [110.4483, 49.6424], [110.4328, 49.6334], [110.3954, 49.6428], [110.3695, 49.6321], [110.367, 49.6231], [110.3538, 49.615], [110.337, 49.6138], [110.318, 49.6023], [110.3099, 49.5858], [110.2931, 49.587], [110.2796, 49.5705], [110.2908, 49.5514], [110.2794, 49.5445], [110.27, 49.5311], [110.241, 49.5212], [110.225, 49.5059], [110.236, 49.4975], [110.2355, 49.4921], [110.2184, 49.4746], [110.1842, 49.4777], [110.1641, 49.4726], [110.1458, 49.4774], [110.1214, 49.4645], [110.1016, 49.4724], [110.0864, 49.4699], [110.0699, 49.4739], [110.0379, 49.4681], [110.0148, 49.5051], [110.0011, 49.5082], [109.9825, 49.4967], [109.9635, 49.5021], [109.9541, 49.5132], [109.9307, 49.5148], [109.9081, 49.525], [109.9101, 49.531], [109.8924, 49.5394], [109.8901, 49.5461], [109.8687, 49.5545], [109.8718, 49.5669], [109.8873, 49.5675], [109.8827, 49.5918], [109.8583, 49.5952], [109.8312, 49.5759], [109.8169, 49.5839], [109.8256, 49.5937], [109.8197, 49.6153], [109.8225, 49.6283], [109.8182, 49.6401], [109.804, 49.6465], [109.7943, 49.6281], [109.7793, 49.6171], [109.7661, 49.6173], [109.7329, 49.5947], [109.7141, 49.5921], [109.7098, 49.5807], [109.6958, 49.5801], [109.7103, 49.5669], [109.7006, 49.5633], [109.6983, 49.5504], [109.6762, 49.5507], [109.6569, 49.5367], [109.6638, 49.5173], [109.6805, 49.5056], [109.6803, 49.4988], [109.7062, 49.4884], [109.7131, 49.4736], [109.707, 49.4714], [109.6988, 49.4467], [109.6922, 49.4488], [109.659, 49.4409], [109.6513, 49.4373], [109.651, 49.4279], [109.644, 49.4275], [109.6293, 49.4373], [109.6148, 49.4368], [109.6056, 49.4513], [109.6034, 49.4655], [109.586, 49.4669], [109.5731, 49.4823], [109.5521, 49.4776], [109.5381, 49.4638], [109.5188, 49.4657], [109.5086, 49.4742], [109.4992, 49.4721], [109.4853, 49.4449], [109.4942, 49.4293], [109.4926, 49.4164], [109.4744, 49.4047], [109.4738, 49.395], [109.4429, 49.368], [109.4403, 49.3584], [109.43, 49.3552], [109.4238, 49.3422], [109.4105, 49.3353], [109.4007, 49.3173], [109.4026, 49.309], [109.39, 49.3003], [109.4124, 49.2998], [109.4222, 49.2944], [109.428, 49.2855], [109.4254, 49.2784], [109.4325, 49.2729], [109.4753, 49.2674], [109.487, 49.2432], [109.4996, 49.2362], [109.5591, 49.2208], [109.6838, 49.226], [109.7939, 49.2163], [109.8533, 49.2016], [109.9026, 49.2057], [109.9563, 49.1954], [110.0058, 49.1922], [110.0306, 49.1851], [110.0924, 49.1831], [110.1199, 49.178], [110.1365, 49.1708], [110.1352, 49.1664], [110.1571, 49.1656], [110.1998, 49.1542], [110.2463, 49.1642], [110.3281, 49.1991], [110.3796, 49.247], [110.3905, 49.2515], [110.4043, 49.2489], [110.4142, 49.2283], [110.4762, 49.2016], [110.5051, 49.199], [110.5244, 49.1901], [110.5518, 49.1938], [110.7083, 49.1701], [110.8193, 49.182], [110.9386, 49.2136], [111.0787, 49.2621], [111.2768, 49.3104], [111.3748, 49.3577], [111.5231, 49.3232], [111.5451, 49.3265], [111.6683, 49.3798], [111.689, 49.3842], [111.7799, 49.3852], [111.8169, 49.3753], [111.8417, 49.3742], [111.9575, 49.3823], [112.1946, 49.4466], [112.2783, 49.4844], [112.3574, 49.4996], [112.4031, 49.5034], [112.4741, 49.5225], [112.5692, 49.5168], [112.6021, 49.51], [112.6436, 49.5139], [112.6889, 49.5041], [112.7055, 49.5067], [112.7115, 49.5183], [112.7226, 49.52], [112.7442, 49.5079], [112.8234, 49.5193], [112.9068, 49.5685], [112.9318, 49.5724], [112.9475, 49.5847], [112.9683, 49.5853], [112.9936, 49.5958], [113.0143, 49.5935], [113.0439, 49.6082], [113.0686, 49.6348], [113.0746, 49.6464], [113.0736, 49.6563], [113.1144, 49.7014], [113.1283, 49.7335], [113.1597, 49.7536], [113.1574, 49.7644], [113.1623, 49.7805], [113.178, 49.7909], [113.2061, 49.8283], [113.2628, 49.8558], [113.2484, 49.8667], [113.2438, 49.8949], [113.2346, 49.8964], [113.2324, 49.9018], [113.2362, 49.9099], [113.224, 49.9114], [113.2128, 49.9196], [113.2035, 49.9354], [113.1703, 49.9392], [113.1595, 49.921], [113.1381, 49.9189], [113.1246, 49.9061], [113.092, 49.8958], [113.0728, 49.9035], [113.0447, 49.8844], [112.9971, 49.8907], [112.9703, 49.9086], [112.9299, 49.9126], [112.9247, 49.919], [112.8909, 49.9337], [112.8778, 49.9459], [112.8652, 49.9473], [112.8507, 49.9381], [112.7745, 49.9418], [112.7595, 49.9488], [112.7003, 49.9505], [112.6889, 49.9475], [112.682, 49.9364], [112.6531, 49.9457], [112.6279, 49.9451], [112.6018, 49.9325], [112.584, 49.9384], [112.5591, 49.9356], [112.5386, 49.9441], [112.4982, 49.9438], [112.4847, 49.9498], [112.486, 49.9575], [112.4601, 49.9707], [112.4494, 49.9704], [112.4428, 49.9836], [112.4151, 49.9836], [112.4022, 49.9978], [112.2925, 50.0321], [112.2859, 50.0484], [112.2927, 50.0543], [112.2902, 50.0719], [112.3029, 50.0854], [112.2846, 50.0965], [112.2897, 50.1056], [112.329, 50.1229], [112.3077, 50.1559], [112.3128, 50.1721], [112.3313, 50.1874], [112.3284, 50.2153], [112.344, 50.2427], [112.3619, 50.2458], [112.384, 50.2618], [112.3799, 50.27], [112.4029, 50.3001], [112.4366, 50.3012], [112.4202, 50.3172], [112.4235, 50.3227], [112.4199, 50.3342], [112.4034, 50.3465]]]}}, {"type": "Feature", "properties": {"osm_type": "relation", "osm_id": 817256844, "name": "Chernyshevsky District", "admin_level": "6", "kind": "subdivision_2", "parent_osm_id": 145730, "parent_name": "Zabaykalsky Krai", "parent_iso": "RU-ZAB"}, "geometry": {"type": "Polygon", "coordinates": [[[117.9732, 53.718], [117.965, 53.7159], [117.9632, 53.7066], [117.9523, 53.7002], [117.9531, 53.6899], [117.9437, 53.6807], [117.9414, 53.669], [117.9315, 53.6681], [117.9259, 53.6623], [117.932, 53.6584], [117.9302, 53.6503], [117.9132, 53.6419], [117.899, 53.65], [117.8904, 53.6413], [117.901, 53.6384], [117.8921, 53.6118], [117.8993, 53.6071], [117.8944, 53.591], [117.8782, 53.5952], [117.87, 53.5891], [117.8495, 53.5885], [117.8487, 53.5751], [117.8556, 53.5723], [117.8457, 53.5726], [117.8515, 53.5582], [117.8447, 53.5474], [117.8233, 53.5427], [117.8165, 53.5474], [117.8193, 53.538], [117.8129, 53.5358], [117.817, 53.5274], [117.8116, 53.5246], [117.8233, 53.5214], [117.8185, 53.5157], [117.8061, 53.5145], [117.8025, 53.5074], [117.8055, 53.5043], [117.7786, 53.4994], [117.7657, 53.4839], [117.754, 53.4859], [117.7405, 53.4743], [117.7179, 53.4803], [117.7113, 53.4779], [117.7154, 53.4664], [117.7035, 53.4626], [117.6971, 53.4679], [117.6842, 53.4631], [117.6727, 53.4684], [117.643, 53.4667], [117.6402, 53.4617], [117.5991, 53.4496], [117.5861, 53.451], [117.5793, 53.4469], [117.5315, 53.451], [117.5353, 53.4421], [117.5125, 53.4366], [117.5221, 53.426], [117.5196, 53.4212], [117.4757, 53.4154], [117.4836, 53.4088], [117.4826, 53.4022], [117.4566, 53.3947], [117.4423, 53.4052], [117.4248, 53.3941], [117.4161, 53.4171], [117.4019, 53.4138], [117.3912, 53.4193], [117.3694, 53.4075], [117.3557, 53.4162], [117.3476, 53.4075], [117.317, 53.4123], [117.3299, 53.4199], [117.3306, 53.4294], [117.3424, 53.4319], [117.3429, 53.4392], [117.3317, 53.4501], [117.2907, 53.4495], [117.2592, 53.4655], [117.2719, 53.4792], [117.2572, 53.4795], [117.2511, 53.4701], [117.2439, 53.4813], [117.2525, 53.5005], [117.234, 53.5082], [117.2231, 53.5196], [117.2089, 53.5199], [117.1871, 53.5447], [117.1764, 53.5465], [117.1728, 53.5338], [117.1347, 53.5248], [117.1139, 53.5269], [117.0857, 53.5138], [117.0626, 53.4731], [117.0486, 53.4709], [117.0382, 53.4612], [117.0174, 53.4547], [117.0443, 53.399], [117.0367, 53.392], [117.0388, 53.3863], [117.0855, 53.3678], [117.1342, 53.3299], [117.151, 53.3315], [117.182, 53.3053], [117.186, 53.2786], [117.1556, 53.257], [117.1459, 53.2348], [117.1033, 53.2239], [117.0723, 53.2288], [117.0261, 53.226], [117.0104, 53.2108], [116.9534, 53.2117], [116.9297, 53.2003], [116.9163, 53.2002], [116.9073, 53.1904], [116.9031, 53.174], [116.8617, 53.1732], [116.8197, 53.1567], [116.8159, 53.1489], [116.8016, 53.1464], [116.7711, 53.1082], [116.7426, 53.1134], [116.7233, 53.1054], [116.6733, 53.1182], [116.6774, 53.1417], [116.6625, 53.155], [116.6383, 53.1641], [116.5953, 53.1683], [116.58, 53.1495], [116.5589, 53.1404], [116.5536, 53.128], [116.5441, 53.1243], [116.5519, 53.1089], [116.5288, 53.088], [116.4491, 53.089], [116.4299, 53.0733], [116.4005, 53.0756], [116.3922, 53.0688], [116.3661, 53.0763], [116.3531, 53.074], [116.3399, 53.0664], [116.3551, 53.0465], [116.3504, 53.0426], [116.3562, 53.0328], [116.3512, 53.029], [116.3526, 53.0169], [116.2944, 53.0082], [116.2947, 53.0004], [116.2794, 52.9958], [116.2647, 52.9989], [116.2378, 52.9915], [116.2369, 52.9845], [116.2201, 52.9725], [116.2154, 52.9619], [116.2307, 52.9444], [116.2268, 52.9322], [116.2444, 52.9169], [116.2416, 52.9094], [116.2596, 52.901], [116.2794, 52.9027], [116.2812, 52.8896], [116.2877, 52.8819], [116.286, 52.8486], [116.2926, 52.8369], [116.3183, 52.8242], [116.3169, 52.8066], [116.33, 52.7942], [116.3286, 52.7804], [116.3367, 52.7718], [116.3344, 52.7654], [116.4029, 52.758], [116.4037, 52.7528], [116.428, 52.7375], [116.4531, 52.7312], [116.4485, 52.7169], [116.4244, 52.7017], [116.4214, 52.683], [116.4097, 52.6695], [116.4022, 52.6674], [116.408, 52.6652], [116.4085, 52.6557], [116.4004, 52.6501], [116.4101, 52.6334], [116.4077, 52.6245], [116.4135, 52.6151], [116.4017, 52.6128], [116.397, 52.6041], [116.4055, 52.5701], [116.4248, 52.5248], [116.4438, 52.4961], [116.4544, 52.4702], [116.4678, 52.4579], [116.4413, 52.4375], [116.4134, 52.4595], [116.3971, 52.4187], [116.4115, 52.4131], [116.3941, 52.3654], [116.3734, 52.3426], [116.3575, 52.339], [116.3641, 52.3313], [116.3712, 52.2913], [116.4485, 52.26], [116.4635, 52.2498], [116.5101, 52.1978], [116.5682, 52.2132], [116.6631, 52.147], [116.6839, 52.1535], [116.76, 52.1261], [116.784, 52.1323], [116.9271, 52.1915], [117.0069, 52.2031], [117.0114, 52.2133], [117.003, 52.2191], [117.0163, 52.2259], [117.008, 52.2385], [117.0126, 52.252], [117.0504, 52.2565], [117.0795, 52.2536], [117.1263, 52.265], [117.1516, 52.2617], [117.1893, 52.3048], [117.2906, 52.3137], [117.3054, 52.3292], [117.325, 52.3378], [117.3534, 52.3393], [117.3436, 52.3534], [117.3173, 52.3672], [117.3062, 52.3824], [117.2974, 52.3825], [117.2741, 52.3956], [117.249, 52.3989], [117.2351, 52.4081], [117.2339, 52.4139], [117.2616, 52.4086], [117.2772, 52.4108], [117.2828, 52.4181], [117.2917, 52.4191], [117.2963, 52.4288], [117.3111, 52.4315], [117.3104, 52.4389], [117.338, 52.4521], [117.3347, 52.4646], [117.34, 52.474], [117.3828, 52.4999], [117.3816, 52.5472], [117.3878, 52.5512], [117.3794, 52.5672], [117.3878, 52.5783], [117.3852, 52.583], [117.4009, 52.5913], [117.4139, 52.6082], [117.4269, 52.6118], [117.4332, 52.6309], [117.4473, 52.6323], [117.4488, 52.64], [117.4699, 52.6516], [117.4853, 52.6712], [117.4764, 52.6778], [117.4818, 52.6823], [117.4817, 52.6948], [117.4984, 52.6963], [117.5501, 52.719], [117.648, 52.7042], [117.6537, 52.7121], [117.6916, 52.703], [117.7011, 52.7122], [117.7242, 52.7154], [117.7406, 52.7231], [117.7444, 52.7266], [117.7362, 52.7321], [117.7399, 52.7384], [117.7293, 52.7545], [117.75, 52.7596], [117.7675, 52.7709], [117.8103, 52.7615], [117.8271, 52.7484], [117.853, 52.7421], [117.8662, 52.7443], [117.8701, 52.7497], [117.8781, 52.7496], [117.8846, 52.7436], [117.9105, 52.7468], [117.922, 52.7394], [117.9078, 52.7354], [117.9243, 52.7206], [117.9554, 52.734], [117.9804, 52.7363], [118.0385, 52.7117], [118.0569, 52.7082], [118.0752, 52.7204], [118.0678, 52.7319], [118.0799, 52.7377], [118.1052, 52.7402], [118.1162, 52.7501], [118.1502, 52.7518], [118.1547, 52.7813], [118.2124, 52.7907], [118.2081, 52.7987], [118.214, 52.8045], [118.2367, 52.8012], [118.2367, 52.806], [118.2486, 52.8037], [118.267, 52.8102], [118.2954, 52.8006], [118.3065, 52.8118], [118.3212, 52.8088], [118.3405, 52.8168], [118.3323, 52.8278], [118.3458, 52.8375], [118.3429, 52.8471], [118.3886, 52.8469], [118.4052, 52.8587], [118.4114, 52.8709], [118.4048, 52.8766], [118.4155, 52.8816], [118.4116, 52.89], [118.4262, 52.8952], [118.4054, 52.9165], [118.4067, 52.9247], [118.3909, 52.9306], [118.3859, 52.9381], [118.3888, 52.9595], [118.4173, 52.9764], [118.4085, 52.9868], [118.3838, 52.9842], [118.3747, 52.9905], [118.3788, 52.9948], [118.3649, 53.0052], [118.3491, 53.0037], [118.3511, 53.0132], [118.3446, 53.0262], [118.3459, 53.0361], [118.3526, 53.0387], [118.3471, 53.0553], [118.3272, 53.0602], [118.3053, 53.0578], [118.299, 53.0654], [118.2985, 53.0793], [118.3051, 53.094], [118.2977, 53.0953], [118.298, 53.1011], [118.3048, 53.1016], [118.3086, 53.1074], [118.3015, 53.1097], [118.3035, 53.1188], [118.2929, 53.1244], [118.2812, 53.1395], [118.2695, 53.1636], [118.2327, 53.1692], [118.2454, 53.1816], [118.2426, 53.2051], [118.2329, 53.2228], [118.1961, 53.2397], [118.1824, 53.2384], [118.157, 53.2562], [118.1202, 53.269], [118.1108, 53.2804], [118.1159, 53.2916], [118.0925, 53.3148], [118.0961, 53.3227], [118.09, 53.3559], [118.0963, 53.3902], [118.0915, 53.3976], [118.0694, 53.4104], [118.0684, 53.4422], [118.0791, 53.4549], [118.0808, 53.4651], [118.1138, 53.4768], [118.1067, 53.4839], [118.1184, 53.512], [118.1347, 53.5176], [118.1585, 53.5119], [118.175, 53.5201], [118.1684, 53.5436], [118.1712, 53.5513], [118.1588, 53.556], [118.1502, 53.5674], [118.1458, 53.5894], [118.157, 53.6048], [118.1568, 53.6151], [118.1667, 53.6237], [118.1674, 53.6465], [118.1067, 53.6398], [118.0615, 53.6563], [118.0239, 53.6536], [118.0026, 53.6667], [118.0072, 53.6834], [118.0029, 53.6939], [117.9955, 53.6963], [118.0077, 53.6995], [118.009, 53.7115], [117.9732, 53.718]]]}}, {"type": "Feature", "properties": {"osm_type": "relation", "osm_id": 112645753, "name": "Tungiro-Olyokminsky District", "admin_level": "6", "kind": "subdivision_2", "parent_osm_id": 145730, "parent_name": "Zabaykalsky Krai", "parent_iso": "RU-ZAB"}, "geometry": {"type": "Polygon", "coordinates": [[[118.2899, 55.2131], [118.2608, 55.2016], [118.2519, 55.184], [118.2318, 55.1634], [118.2407, 55.1423], [118.2673, 55.1325], [118.263, 55.1019], [118.2397, 55.0871], [118.189, 55.0803], [118.1603, 55.0657], [118.1161, 55.0562], [118.0942, 55.0369], [118.0773, 55.0107], [118.0461, 54.9881], [118.0109, 54.973], [117.9832, 54.9683], [117.9789, 54.9512], [117.9839, 54.9371], [118.0306, 54.9093], [118.0403, 54.8907], [118.0874, 54.8572], [118.1086, 54.8291], [118.1007, 54.768], [118.0942, 54.7543], [118.0633, 54.7438], [118.0475, 54.7324], [118.0446, 54.7199], [118.0759, 54.6983], [118.0766, 54.6832], [118.0644, 54.6728], [118.0597, 54.6622], [118.0687, 54.6493], [118.0705, 54.6269], [118.0673, 54.6184], [118.0482, 54.6071], [118.0741, 54.6019], [118.1014, 54.5865], [118.1086, 54.5742], [118.0838, 54.5359], [118.0572, 54.5232], [118.0166, 54.5222], [117.971, 54.5138], [117.9405, 54.4963], [117.9103, 54.5074], [117.8845, 54.5105], [117.8726, 54.5015], [117.8694, 54.4903], [117.8557, 54.4873], [117.8457, 54.4597], [117.8629, 54.4408], [117.8773, 54.4356], [117.9017, 54.4126], [117.9039, 54.389], [117.9261, 54.3712], [117.9082, 54.3553], [117.8439, 54.3222], [117.7904, 54.3226], [117.7656, 54.3168], [117.7469, 54.2914], [117.7552, 54.278], [117.7548, 54.27], [117.7412, 54.2562], [117.7582, 54.245], [117.7487, 54.2215], [117.7324, 54.2216], [117.7325, 54.1945], [117.7399, 54.1877], [117.7342, 54.1826], [117.7347, 54.172], [117.7051, 54.1486], [117.7121, 54.1135], [117.6778, 54.0975], [117.6808, 54.0791], [117.6699, 54.0631], [117.6533, 54.0722], [117.6311, 54.0752], [117.583, 54.0633], [117.5783, 54.0502], [117.5826, 54.0269], [117.5686, 54.008], [117.5752, 53.9981], [117.567, 53.9895], [117.537, 53.9825], [117.5199, 53.9651], [117.498, 53.9532], [117.4702, 53.9538], [117.449, 53.9389], [117.4125, 53.9275], [117.3978, 53.9168], [117.3818, 53.9174], [117.3689, 53.9266], [117.3483, 53.9101], [117.3159, 53.8997], [117.305, 53.8893], [117.3057, 53.8772], [117.3281, 53.8613], [117.3222, 53.8434], [117.3046, 53.8321], [117.3043, 53.8106], [117.3237, 53.7791], [117.3215, 53.7681], [117.314, 53.7618], [117.3251, 53.7293], [117.3522, 53.7239], [117.3738, 53.746], [117.4102, 53.7631], [117.43, 53.7651], [117.4576, 53.7817], [117.4948, 53.7886], [117.5422, 53.7834], [117.547, 53.7799], [117.5447, 53.7759], [117.5212, 53.7571], [117.5289, 53.7498], [117.5522, 53.7472], [117.588, 53.7329], [117.6216, 53.7511], [117.6336, 53.7689], [117.662, 53.7815], [117.6652, 53.7932], [117.6898, 53.8079], [117.6982, 53.8318], [117.7415, 53.8451], [117.7665, 53.8281], [117.7812, 53.8238], [117.7981, 53.8347], [117.8299, 53.8413], [117.8268, 53.8489], [117.8367, 53.8766], [117.8534, 53.8808], [117.8782, 53.8811], [117.9137, 53.8678], [117.9207, 53.8986], [117.9324, 53.9204], [117.9716, 53.9342], [118.006, 53.9156], [118.0258, 53.9117], [118.0732, 53.9302], [118.0935, 53.9528], [118.091, 53.9588], [118.0621, 53.9763], [118.0881, 53.9643], [118.1048, 53.9663], [118.1204, 53.9763], [118.1651, 53.9625], [118.1833, 53.9393], [118.1936, 53.9371], [118.1953, 53.9314], [118.1845, 53.9261], [118.2244, 53.9051], [118.2233, 53.8988], [118.2556, 53.8955], [118.2747, 53.9067], [118.2874, 53.9037], [118.3117, 53.9073], [118.3648, 53.8973], [118.367, 53.9035], [118.3571, 53.9332], [118.3982, 53.9544], [118.3779, 53.9751], [118.4187, 53.9949], [118.4286, 54.0092], [118.4449, 54.0116], [118.4535, 54.0264], [118.4503, 54.0463], [118.4679, 54.0591], [118.4542, 54.0679], [118.4849, 54.0898], [118.4979, 54.0915], [118.5079, 54.0993], [118.521, 54.096], [118.5289, 54.1049], [118.5288, 54.1125], [118.5507, 54.1186], [118.5737, 54.118], [118.5746, 54.1125], [118.5893, 54.102], [118.6115, 54.0948], [118.6153, 54.0791], [118.6523, 54.0824], [118.6771, 54.0928], [118.7223, 54.0966], [118.7362, 54.0927], [118.8053, 54.0986], [118.8635, 54.0894], [118.8703, 54.0767], [118.8987, 54.0673], [118.9332, 54.0355], [118.936, 54.0141], [118.928, 53.9999], [118.9427, 53.9886], [118.9391, 53.9749], [118.977, 53.9482], [118.9798, 53.9273], [118.9955, 53.9184], [119.0317, 53.9104], [119.0477, 53.9156], [119.0468, 53.9208], [119.0657, 53.9291], [119.0739, 53.9378], [119.0818, 53.9505], [119.0702, 53.9638], [119.0869, 53.9959], [119.1504, 53.9959], [119.1959, 53.9809], [119.2233, 53.9561], [119.2436, 53.9593], [119.2602, 53.9696], [119.2875, 53.9719], [119.2943, 53.9646], [119.3855, 54.0], [119.3918, 54.0137], [119.4421, 54.0188], [119.4518, 54.0417], [119.4448, 54.0468], [119.444, 54.0533], [119.4563, 54.066], [119.4837, 54.0667], [119.5292, 54.086], [119.5674, 54.0855], [119.5866, 54.0806], [119.603, 54.0605], [119.6152, 54.0596], [119.6141, 54.0526], [119.6233, 54.0494], [119.6206, 54.0406], [119.6705, 54.0273], [119.6744, 54.0216], [119.7053, 54.0204], [119.7218, 54.0335], [119.7552, 54.0394], [119.7657, 54.0349], [119.7719, 54.0457], [119.7676, 54.0507], [119.7833, 54.0543], [119.7813, 54.0636], [119.7971, 54.0751], [119.7969, 54.0987], [119.8459, 54.108], [119.9248, 54.1421], [119.9327, 54.1374], [119.9345, 54.128], [119.9481, 54.1231], [119.953, 54.112], [119.9468, 54.1037], [119.9468, 54.0907], [119.9767, 54.0797], [120.0066, 54.0958], [120.0203, 54.1116], [120.0478, 54.1242], [120.1085, 54.1116], [120.1149, 54.113], [120.1149, 54.1224], [120.125, 54.1371], [120.1334, 54.1405], [120.2033, 54.1498], [120.2133, 54.1453], [120.2311, 54.1559], [120.2643, 54.1586], [120.2785, 54.1559], [120.278, 54.1521], [120.2922, 54.1426], [120.3024, 54.1403], [120.3031, 54.1334], [120.3151, 54.1359], [120.3166, 54.1435], [120.3426, 54.1613], [120.3678, 54.1623], [120.3927, 54.1811], [120.4074, 54.182], [120.4132, 54.1883], [120.4421, 54.1923], [120.4987, 54.1851], [120.508, 54.1909], [120.5051, 54.1945], [120.5087, 54.2023], [120.5181, 54.2071], [120.5186, 54.2111], [120.5003, 54.2214], [120.5089, 54.2422], [120.5299, 54.2517], [120.5462, 54.2503], [120.5398, 54.2382], [120.55, 54.2363], [120.5685, 54.2221], [120.6289, 54.2384], [120.6351, 54.2432], [120.633, 54.261], [120.6396, 54.2682], [120.64, 54.2792], [120.6734, 54.2959], [120.7149, 54.3056], [120.7337, 54.3043], [120.7612, 54.2935], [120.7765, 54.2976], [120.7871, 54.3071], [120.8136, 54.3125], [120.8167, 54.3149], [120.8014, 54.3337], [120.8061, 54.341], [120.7978, 54.3454], [120.7973, 54.3507], [120.832, 54.3829], [120.8285, 54.3898], [120.8716, 54.3968], [120.8742, 54.4133], [120.8975, 54.4086], [120.9244, 54.4148], [120.9383, 54.4203], [120.9404, 54.4299], [120.9729, 54.4268], [120.9898, 54.4306], [121.0047, 54.4242], [121.0403, 54.4219], [121.0616, 54.4285], [121.0672, 54.4353], [121.0963, 54.4419], [121.1125, 54.4591], [121.1263, 54.462], [121.1433, 54.4468], [121.1753, 54.4502], [121.1714, 54.4366], [121.1803, 54.4306], [121.2435, 54.4266], [121.257, 54.4206], [121.2637, 54.4082], [121.2764, 54.4064], [121.2771, 54.3986], [121.2979, 54.3858], [121.2969, 54.3803], [121.305, 54.3741], [121.3497, 54.3668], [121.4095, 54.3797], [121.4551, 54.3762], [121.4834, 54.3578], [121.4992, 54.3551], [121.4926, 54.3486], [121.4896, 54.3329], [121.5124, 54.3329], [121.5195, 54.3252], [121.5368, 54.3221], [121.5391, 54.3122], [121.5686, 54.31], [121.5909, 54.3289], [121.5982, 54.3513], [121.6331, 54.3489], [121.66, 54.3544], [121.6559, 54.3578], [121.663, 54.375], [121.6812, 54.3884], [121.6895, 54.4049], [121.7003, 54.4121], [121.7286, 54.4157], [121.7436, 54.4339], [121.7599, 54.4394], [121.803, 54.4395], [121.8144, 54.4476], [121.8294, 54.4391], [121.8317, 54.4311], [121.8776, 54.4236], [121.89, 54.4171], [121.8821, 54.406], [121.8811, 54.388], [121.9123, 54.3771], [121.9408, 54.3786], [121.9555, 54.387], [121.9855, 54.3903], [122.0251, 54.4072], [122.0368, 54.4054], [122.0889, 54.4151], [122.1071, 54.407], [122.1261, 54.4114], [122.1334, 54.4409], [122.1449, 54.4481], [122.1458, 54.4588], [122.1313, 54.4833], [122.1228, 54.4805], [122.0304, 54.5223], [122.0255, 54.5498], [122.0137, 54.5519], [122.0039, 54.5608], [121.9499, 54.5713], [121.9416, 54.5676], [121.9287, 54.5706], [121.941, 54.6161], [121.9392, 54.6298], [121.9236, 54.6531], [121.8889, 54.6554], [121.8923, 54.6731], [121.9152, 54.6814], [121.9378, 54.7134], [121.9336, 54.7258], [121.939, 54.7403], [121.9024, 54.7531], [121.9021, 54.79], [121.912, 54.8029], [121.9091, 54.8098], [121.8958, 54.8121], [121.8601, 54.7964], [121.829, 54.7935], [121.7861, 54.7702], [121.7283, 54.7678], [121.7235, 54.7652], [121.7237, 54.7519], [121.7184, 54.7441], [121.6991, 54.7304], [121.6643, 54.7291], [121.6683, 54.7416], [121.6495, 54.7523], [121.6403, 54.7648], [121.6523, 54.7734], [121.6541, 54.7885], [121.6644, 54.7991], [121.6608, 54.8089], [121.6712, 54.8193], [121.6648, 54.8292], [121.6672, 54.8345], [121.7264, 54.859], [121.749, 54.8714], [121.7557, 54.88], [121.7915, 54.8964], [121.786, 54.9027], [121.7951, 54.9107], [121.8463, 54.938], [121.846, 54.9555], [121.853, 54.9639], [121.9081, 54.9697], [121.9596, 55.0005], [121.9611, 55.0098], [121.9466, 55.029], [121.9511, 55.0396], [121.9389, 55.0525], [121.9506, 55.0733], [121.9455, 55.0857], [121.9503, 55.0913], [121.9242, 55.1071], [121.9139, 55.1195], [121.9248, 55.1349], [121.944, 55.1381], [121.9458, 55.1452], [121.9708, 55.1564], [121.9649, 55.1633], [121.98, 55.1768], [121.9963, 55.1726], [122.0149, 55.1822], [122.0165, 55.1901], [122.0352, 55.1991], [122.0334, 55.2041], [122.0181, 55.2089], [121.9917, 55.2038], [121.9766, 55.2064], [121.96, 55.2149], [121.9606, 55.2271], [121.9438, 55.2329], [121.9575, 55.2471], [121.9534, 55.2696], [121.9403, 55.2791], [121.955, 55.2958], [121.9698, 55.2969], [121.9853, 55.3126], [121.9817, 55.3256], [121.9866, 55.3369], [121.9785, 55.3416], [121.9826, 55.347], [121.973, 55.359], [121.9759, 55.3675], [121.9609, 55.3743], [121.9677, 55.3867], [121.9658, 55.3947], [121.9799, 55.4015], [121.9832, 55.4184], [121.9997, 55.4339], [121.9815, 55.4469], [121.9888, 55.4541], [121.9869, 55.4599], [121.992, 55.4677], [121.9901, 55.4822], [121.9939, 55.4909], [121.9875, 55.4963], [121.9911, 55.5073], [121.9464, 55.5155], [121.9445, 55.5424], [121.9133, 55.5637], [121.9149, 55.5678], [121.9031, 55.5818], [121.9061, 55.5855], [121.9016, 55.5944], [121.9065, 55.6005], [121.8995, 55.6195], [121.8663, 55.6194], [121.8432, 55.6107], [121.815, 55.6237], [121.7901, 55.6181], [121.7831, 55.6303], [121.7716, 55.6328], [121.7576, 55.6296], [121.7483, 55.6144], [121.6967, 55.6143], [121.6825, 55.6071], [121.6765, 55.5974], [121.6628, 55.5926], [121.6685, 55.5842], [121.6445, 55.5638], [121.6447, 55.5532], [121.6217, 55.5414], [121.6075, 55.5258], [121.5954, 55.5299], [121.5813, 55.5274], [121.577, 55.5159], [121.5623, 55.5116], [121.5439, 55.5212], [121.5148, 55.5144], [121.4816, 55.5224], [121.47, 55.5115], [121.474, 55.4907], [121.4478, 55.4985], [121.4193, 55.4945], [121.3921, 55.5113], [121.3916, 55.5182], [121.3816, 55.5241], [121.342, 55.522], [121.3363, 55.5302], [121.3479, 55.5596], [121.3459, 55.5758], [121.3611, 55.6072], [121.3329, 55.635], [121.3258, 55.6482], [121.3171, 55.6518], [121.326, 55.672], [121.3205, 55.7132], [121.3144, 55.7303], [121.2986, 55.7349], [121.3152, 55.7795], [121.3245, 55.7877], [121.344, 55.7934], [121.3436, 55.8112], [121.3371, 55.8217], [121.2897, 55.8407], [121.293, 55.8495], [121.2862, 55.8604], [121.2468, 55.8801], [121.2585, 55.8945], [121.2541, 55.9029], [121.2606, 55.915], [121.2702, 55.9226], [121.2653, 55.9315], [121.2706, 55.9397], [121.258, 55.943], [121.2525, 55.9596], [121.2459, 55.9634], [121.2516, 55.9717], [121.2467, 55.9779], [121.251, 55.9871], [121.2368, 55.9902], [121.2127, 56.0279], [121.2154, 56.0366], [121.2036, 56.0412], [121.1573, 56.0324], [121.12, 56.0126], [121.0922, 56.0175], [121.0637, 56.0162], [121.0454, 56.0093], [121.0039, 56.0278], [120.9967, 56.0401], [120.9901, 56.0426], [120.9657, 56.0321], [120.9689, 56.0228], [120.9592, 56.0166], [120.949, 56.0164], [120.9202, 56.0329], [120.8982, 56.0254], [120.8845, 56.0298], [120.8777, 56.0185], [120.8558, 56.0216], [120.828, 56.0141], [120.8287, 56.0088], [120.8063, 55.9997], [120.8012, 55.9912], [120.7854, 55.9877], [120.7786, 55.977], [120.701, 55.9704], [120.6908, 55.9644], [120.6579, 55.9669], [120.6383, 55.952], [120.6332, 55.9306], [120.6013, 55.9334], [120.5914, 55.9407], [120.569, 55.9386], [120.5592, 55.9274], [120.5076, 55.9342], [120.4759, 55.93], [120.468, 55.9147], [120.4757, 55.9054], [120.47, 55.8972], [120.4775, 55.8867], [120.4193, 55.8804], [120.4061, 55.8737], [120.3409, 55.8819], [120.3465, 55.8977], [120.3556, 55.9037], [120.3457, 55.9152], [120.3495, 55.9191], [120.3064, 55.9317], [120.2387, 55.9355], [120.2244, 55.9314], [120.2276, 55.9226], [120.2168, 55.9108], [120.2016, 55.9002], [120.1927, 55.8995], [120.1996, 55.8844], [120.115, 55.8568], [120.065, 55.8817], [120.0411, 55.8454], [119.9666, 55.8193], [119.9607, 55.8309], [119.9001, 55.8541], [119.8742, 55.8496], [119.8629, 55.8732], [119.8355, 55.8754], [119.8075, 55.8869], [119.7526, 55.8658], [119.744, 55.8742], [119.7111, 55.8736], [119.6145, 55.8371], [119.6136, 55.8242], [119.5622, 55.8083], [119.5507, 55.789], [119.5016, 55.764], [119.487, 55.7643], [119.471, 55.7493], [119.3539, 55.7116], [119.3651, 55.698], [119.4248, 55.6669], [119.4154, 55.6559], [119.4016, 55.6149], [119.3282, 55.5759], [119.3334, 55.5591], [119.2829, 55.5318], [119.2766, 55.5167], [119.241, 55.5027], [119.2117, 55.5037], [119.1942, 55.5101], [119.1689, 55.5058], [119.1392, 55.4912], [119.1036, 55.4894], [119.0793, 55.4831], [119.0752, 55.4547], [118.9896, 55.4509], [118.9162, 55.4304], [118.7693, 55.3649], [118.736, 55.3544], [118.689, 55.3228], [118.6205, 55.3079], [118.5931, 55.297], [118.4832, 55.2255], [118.4462, 55.2219], [118.4149, 55.2393], [118.3812, 55.2507], [118.3628, 55.2295], [118.2899, 55.2131]]]}}, {"type": "Feature", "properties": {"osm_type": "relation", "osm_id": 182863085, "name": "городской округ Петровск-З", "admin_level": "6", "kind": "subdivision_2", "parent_osm_id": 145730, "parent_name": "Zabaykalsky Krai", "parent_iso": "RU-ZAB"}, "geometry": {"type": "Polygon", "coordinates": [[[108.6318, 51.3193], [108.6841, 51.2836], [108.6647, 51.2824], [108.6634, 51.2749], [108.6734, 51.2732], [108.6842, 51.2641], [108.6635, 51.2565], [108.6622, 51.2505], [108.7106, 51.2662], [108.7111, 51.2724], [108.7364, 51.2786], [108.7549, 51.2803], [108.7746, 51.2757], [108.786, 51.2443], [108.8058, 51.2276], [108.8078, 51.2108], [108.7879, 51.2044], [108.7881, 51.1995], [108.8361, 51.2059], [108.8488, 51.1999], [108.8509, 51.1895], [108.8647, 51.1859], [108.8747, 51.1915], [108.8978, 51.1914], [108.9176, 51.2019], [108.9175, 51.212], [108.9288, 51.2184], [108.9378, 51.2398], [108.9494, 51.2468], [108.9913, 51.2535], [108.9831, 51.3272], [108.9575, 51.3252], [108.9609, 51.333], [108.9577, 51.3584], [108.907, 51.3445], [108.9062, 51.3515], [108.8971, 51.3534], [108.8952, 51.3676], [108.8774, 51.3938], [108.876, 51.414], [108.8469, 51.4254], [108.8293, 51.4209], [108.8366, 51.4161], [108.8367, 51.3964], [108.8445, 51.3893], [108.7559, 51.3879], [108.7555, 51.3959], [108.7361, 51.402], [108.7354, 51.4077], [108.7171, 51.4174], [108.7148, 51.4301], [108.7059, 51.4341], [108.7004, 51.4451], [108.6901, 51.4506], [108.6832, 51.4489], [108.6813, 51.4458], [108.7034, 51.4257], [108.703, 51.4185], [108.6747, 51.4195], [108.6788, 51.4128], [108.7126, 51.4088], [108.7443, 51.3864], [108.7588, 51.3693], [108.7563, 51.3627], [108.7611, 51.3488], [108.7435, 51.3446], [108.7443, 51.3361], [108.7536, 51.3248], [108.7492, 51.3216], [108.7546, 51.3199], [108.752, 51.3139], [108.7187, 51.3096], [108.7037, 51.3202], [108.7016, 51.33], [108.6956, 51.3336], [108.661, 51.3305], [108.6581, 51.339], [108.644, 51.3393], [108.6401, 51.3343], [108.6446, 51.3271], [108.6318, 51.3193]]]}}, {"type": "Feature", "properties": {"osm_type": "relation", "osm_id": 177965805, "name": "городской округ Агинское", "admin_level": "6", "kind": "subdivision_2", "parent_osm_id": 145730, "parent_name": "Zabaykalsky Krai", "parent_iso": "RU-ZAB"}, "geometry": {"type": "Polygon", "coordinates": [[[114.4287, 51.1197], [114.5064, 51.1015], [114.5094, 51.0981], [114.4946, 51.0921], [114.4993, 51.0839], [114.5283, 51.0667], [114.6296, 51.0738], [114.6338, 51.0844], [114.6325, 51.0937], [114.6109, 51.1229], [114.623, 51.1275], [114.6079, 51.1256], [114.5817, 51.1407], [114.5594, 51.1365], [114.5051, 51.1429], [114.4967, 51.1249], [114.4287, 51.1197]]]}}, {"type": "Feature", "properties": {"osm_type": "relation", "osm_id": 479050335, "name": "Aginsky District", "admin_level": "6", "kind": "subdivision_2", "parent_osm_id": 145730, "parent_name": "Zabaykalsky Krai", "parent_iso": "RU-ZAB"}, "geometry": {"type": "MultiPolygon", "coordinates": [[[[113.7789, 51.0541], [113.8015, 51.0332], [113.8281, 51.0236], [113.8486, 51.0034], [113.8698, 51.0051], [113.885, 50.9901], [113.9045, 50.9909], [113.9201, 50.977], [113.9577, 50.9629], [113.9551, 50.8586], [113.963, 50.8228], [113.9681, 50.8276], [114.0072, 50.8269], [114.0307, 50.837], [114.0519, 50.8298], [114.0594, 50.8375], [114.0707, 50.8399], [114.0836, 50.8382], [114.0992, 50.8301], [114.0969, 50.8263], [114.1225, 50.8254], [114.1307, 50.8316], [114.1559, 50.8327], [114.169, 50.8284], [114.1702, 50.8106], [114.1799, 50.8047], [114.1986, 50.8047], [114.1884, 50.7916], [114.1923, 50.7859], [114.1833, 50.7407], [114.2035, 50.7389], [114.243, 50.7648], [114.2601, 50.7653], [114.2675, 50.7718], [114.2798, 50.7702], [114.2935, 50.7397], [114.3127, 50.7261], [114.3114, 50.7158], [114.3207, 50.6839], [114.3754, 50.5933], [114.3691, 50.5707], [114.3513, 50.5578], [114.4044, 50.4825], [114.4144, 50.483], [114.4175, 50.4787], [114.4424, 50.4902], [114.44, 50.4797], [114.4463, 50.4767], [114.4887, 50.4802], [114.5117, 50.4697], [114.5346, 50.4752], [114.5363, 50.4702], [114.5442, 50.469], [114.5522, 50.4766], [114.5684, 50.479], [114.5768, 50.4924], [114.5868, 50.4915], [114.6033, 50.5014], [114.624, 50.5037], [114.6269, 50.511], [114.6359, 50.5115], [114.6377, 50.5264], [114.6571, 50.5249], [114.6605, 50.5299], [114.6694, 50.5291], [114.6803, 50.5171], [114.6903, 50.5238], [114.7242, 50.526], [114.7356, 50.5173], [114.7503, 50.5171], [114.7631, 50.527], [114.8145, 50.5145], [114.8234, 50.5167], [114.8279, 50.5248], [114.8358, 50.519], [114.8526, 50.5295], [114.8607, 50.5193], [114.869, 50.5265], [114.8775, 50.5258], [114.8847, 50.5158], [114.892, 50.5232], [114.9158, 50.52], [114.9206, 50.5278], [114.9284, 50.5185], [114.9408, 50.533], [114.9609, 50.5396], [114.9722, 50.532], [114.9774, 50.521], [115.0119, 50.5188], [115.0249, 50.5264], [115.0466, 50.5258], [115.041, 50.5326], [115.0508, 50.5465], [115.0637, 50.5442], [115.0667, 50.5497], [115.0807, 50.5535], [115.083, 50.5494], [115.0906, 50.5524], [115.0894, 50.5574], [115.1016, 50.5598], [115.1059, 50.5561], [115.1152, 50.5582], [115.1182, 50.5499], [115.1278, 50.5466], [115.1329, 50.5572], [115.1506, 50.5615], [115.1465, 50.5683], [115.1969, 50.5808], [115.2103, 50.5723], [115.2166, 50.5825], [115.2728, 50.5922], [115.2659, 50.601], [115.2692, 50.6039], [115.2818, 50.5944], [115.2912, 50.6001], [115.3095, 50.5968], [115.3102, 50.5918], [115.3049, 50.5897], [115.325, 50.5823], [115.3575, 50.5874], [115.3645, 50.5792], [115.3709, 50.5853], [115.3762, 50.5824], [115.3933, 50.5906], [115.4143, 50.5843], [115.3625, 50.6833], [115.3479, 50.7053], [115.3247, 50.7223], [115.3161, 50.7519], [115.2992, 50.7769], [115.2962, 50.7917], [115.2782, 50.7776], [115.2369, 50.8045], [115.2051, 50.8111], [115.1555, 50.8358], [115.1476, 50.856], [115.1338, 50.8636], [115.1239, 50.9032], [115.095, 50.9318], [115.0361, 50.9705], [115.0192, 50.9644], [115.0138, 50.9896], [115.0006, 50.9983], [114.9499, 51.0538], [114.913, 51.0658], [114.9061, 51.0598], [114.852, 51.1031], [114.7985, 51.112], [114.7802, 51.1349], [114.7763, 51.1512], [114.7602, 51.1504], [114.7617, 51.1388], [114.7504, 51.1283], [114.7545, 51.1098], [114.79, 51.0942], [114.7914, 51.0894], [114.7844, 51.0844], [114.7868, 51.077], [114.7533, 51.0773], [114.7541, 51.0686], [114.7407, 51.0868], [114.7128, 51.1008], [114.6791, 51.0979], [114.6505, 51.1256], [114.6804, 51.1313], [114.6755, 51.1405], [114.6282, 51.1678], [114.6213, 51.1793], [114.6014, 51.1815], [114.5706, 51.1975], [114.5559, 51.1978], [114.5094, 51.2222], [114.4875, 51.246], [114.4629, 51.2626], [114.4248, 51.2719], [114.4269, 51.2827], [114.4214, 51.2881], [114.4193, 51.3018], [114.4001, 51.2966], [114.3716, 51.3042], [114.3412, 51.3042], [114.3243, 51.2976], [114.3165, 51.3004], [114.2733, 51.2922], [114.2515, 51.2986], [114.2396, 51.2923], [114.2186, 51.2979], [114.2189, 51.3144], [114.2347, 51.324], [114.2303, 51.3327], [114.2195, 51.334], [114.2399, 51.3483], [114.224, 51.3892], [114.1938, 51.4103], [114.1649, 51.3868], [114.169, 51.3749], [114.1618, 51.3717], [114.1649, 51.358], [114.1614, 51.3548], [114.1395, 51.3619], [114.1215, 51.3784], [114.11, 51.3955], [114.1117, 51.4177], [114.0683, 51.4258], [114.0423, 51.4223], [114.035, 51.4037], [114.0254, 51.3934], [114.0244, 51.3639], [114.0095, 51.3562], [113.9368, 51.3586], [113.9203, 51.3519], [113.922, 51.3443], [113.9171, 51.3389], [113.9165, 51.3194], [113.911, 51.3087], [113.8671, 51.2896], [113.8295, 51.2838], [113.8168, 51.2764], [113.8119, 51.2662], [113.7887, 51.2556], [113.781, 51.2404], [113.7828, 51.2357], [113.772, 51.2266], [113.7952, 51.2136], [113.7993, 51.2054], [113.8089, 51.2076], [113.8211, 51.1997], [113.8498, 51.192], [113.8659, 51.1738], [113.8526, 51.1686], [113.8496, 51.1625], [113.8472, 51.1656], [113.8379, 51.1627], [113.84, 51.1582], [113.8322, 51.1535], [113.8229, 51.121], [113.8152, 51.1099], [113.8145, 51.0952], [113.8026, 51.0748], [113.7918, 51.0694], [113.7789, 51.0541]], [[114.4287, 51.1197], [114.4967, 51.1249], [114.5051, 51.1429], [114.5594, 51.1365], [114.5817, 51.1407], [114.6079, 51.1256], [114.623, 51.1275], [114.6109, 51.1229], [114.6325, 51.0937], [114.6338, 51.0844], [114.6296, 51.0738], [114.5283, 51.0667], [114.4993, 51.0839], [114.4946, 51.0921], [114.5094, 51.0981], [114.5064, 51.1015], [114.4287, 51.1197]]], [[[113.0858, 51.1568], [113.1021, 51.1482], [113.0917, 51.1334], [113.0945, 51.1295], [113.1097, 51.137], [113.1173, 51.1343], [113.1324, 51.1484], [113.151, 51.1525], [113.1903, 51.19], [113.1976, 51.1849], [113.2101, 51.1856], [113.2133, 51.18], [113.2064, 51.1761], [113.2091, 51.1719], [113.2236, 51.178], [113.2478, 51.1688], [113.2565, 51.1765], [113.2827, 51.1842], [113.2911, 51.1843], [113.2992, 51.1772], [113.3127, 51.1788], [113.3131, 51.1824], [113.3076, 51.1829], [113.3072, 51.1935], [113.3303, 51.205], [113.3487, 51.199], [113.3695, 51.1822], [113.3681, 51.1899], [113.3434, 51.2105], [113.366, 51.2322], [113.4071, 51.2223], [113.4254, 51.2127], [113.4364, 51.169], [113.4433, 51.1662], [113.4445, 51.1543], [113.4491, 51.1552], [113.4489, 51.1605], [113.4333, 51.1944], [113.4347, 51.2043], [113.4459, 51.2022], [113.4647, 51.1771], [113.4701, 51.1776], [113.4912, 51.1593], [113.4953, 51.1601], [113.4905, 51.1665], [113.4731, 51.1825], [113.4853, 51.1874], [113.4994, 51.1778], [113.5138, 51.1793], [113.4884, 51.1883], [113.5051, 51.1923], [113.497, 51.1974], [113.4663, 51.1882], [113.4601, 51.2], [113.4773, 51.2145], [113.4598, 51.2044], [113.4462, 51.2065], [113.404, 51.2271], [113.3739, 51.233], [113.3665, 51.2413], [113.3665, 51.2493], [113.3327, 51.2651], [113.3065, 51.2637], [113.261, 51.2825], [113.2565, 51.28], [113.3133, 51.257], [113.3455, 51.2541], [113.3429, 51.2404], [113.2986, 51.2478], [113.3052, 51.244], [113.2979, 51.2398], [113.3057, 51.2376], [113.314, 51.2414], [113.338, 51.2381], [113.3406, 51.23], [113.335, 51.2222], [113.2908, 51.199], [113.2618, 51.2362], [113.2277, 51.2573], [113.223, 51.2543], [113.2424, 51.2391], [113.2436, 51.2298], [113.2568, 51.2202], [113.2622, 51.2099], [113.2543, 51.2089], [113.2381, 51.2209], [113.2081, 51.2333], [113.2595, 51.1995], [113.2424, 51.1925], [113.2396, 51.1868], [113.2211, 51.188], [113.222, 51.2001], [113.206, 51.2101], [113.1841, 51.2102], [113.1777, 51.2205], [113.1674, 51.2254], [113.1642, 51.2233], [113.1769, 51.2136], [113.1771, 51.2025], [113.1486, 51.1903], [113.1288, 51.1578], [113.1006, 51.1705], [113.0973, 51.1677], [113.113, 51.1593], [113.1191, 51.1506], [113.115, 51.148], [113.089, 51.1595], [113.0858, 51.1568]]], [[[115.9091, 50.5387], [115.9339, 50.5016], [115.9379, 50.5014], [115.9385, 50.495], [115.9161, 50.4731], [115.8803, 50.424], [116.0137, 50.4552], [116.0177, 50.5186], [116.033, 50.522], [116.0456, 50.532], [116.0027, 50.5745], [115.9091, 50.5387]]]]}}, {"type": "Feature", "properties": {"osm_type": "relation", "osm_id": 740516913, "name": "Sretensky District", "admin_level": "6", "kind": "subdivision_2", "parent_osm_id": 145730, "parent_name": "Zabaykalsky Krai", "parent_iso": "RU-ZAB"}, "geometry": {"type": "Polygon", "coordinates": [[[116.8958, 52.1785], [116.9195, 52.1695], [116.9098, 52.1581], [116.9304, 52.1257], [116.8953, 52.1171], [116.9091, 52.0854], [116.9047, 52.0831], [116.9259, 52.0576], [116.9195, 52.045], [116.9172, 52.0157], [116.9215, 52.0059], [116.9439, 51.988], [116.9462, 51.9782], [116.969, 51.9671], [116.9751, 51.9501], [116.9917, 51.9398], [116.9879, 51.9319], [116.9909, 51.9259], [117.0157, 51.9256], [117.0235, 51.9129], [117.0354, 51.9052], [117.0638, 51.8973], [117.0834, 51.9033], [117.1105, 51.9022], [117.1835, 51.9251], [117.1928, 51.9251], [117.2014, 51.9172], [117.2223, 51.9247], [117.2576, 51.9255], [117.2778, 51.955], [117.3089, 51.9523], [117.3147, 51.9652], [117.3397, 51.9849], [117.4078, 51.9976], [117.4392, 51.9882], [117.4679, 51.993], [117.4786, 52.003], [117.5067, 52.0099], [117.5134, 52.0231], [117.5374, 52.0403], [117.5512, 52.043], [117.5473, 52.0561], [117.533, 52.0654], [117.5569, 52.0754], [117.5808, 52.103], [117.5964, 52.1059], [117.6238, 52.1015], [117.6981, 52.0721], [117.7086, 52.0548], [117.7393, 52.0354], [117.7471, 52.01], [117.7797, 52.0107], [117.8038, 52.0186], [117.8085, 52.0156], [117.8063, 52.003], [117.8166, 51.9945], [117.8324, 51.9964], [117.8374, 51.9886], [117.8341, 51.9849], [117.8499, 51.9774], [117.8763, 51.9755], [117.8898, 51.9631], [117.9212, 51.9708], [117.9345, 51.9662], [117.9304, 51.9525], [117.9368, 51.9448], [117.9353, 51.9391], [117.956, 51.9199], [117.9754, 51.9199], [117.9934, 51.9281], [118.0259, 51.928], [118.0373, 51.92], [118.0742, 51.9191], [118.0857, 51.9265], [118.1137, 51.917], [118.134, 51.9216], [118.1483, 51.9125], [118.1625, 51.9117], [118.1607, 51.9052], [118.1785, 51.8916], [118.1937, 51.8893], [118.2029, 51.8987], [118.195, 51.9008], [118.1895, 51.9146], [118.1945, 51.9219], [118.1797, 51.9482], [118.2035, 51.9614], [118.2307, 51.9628], [118.2422, 51.9754], [118.2819, 51.9757], [118.2934, 51.9838], [118.3219, 51.9744], [118.3412, 51.961], [118.3921, 51.9602], [118.414, 51.953], [118.4344, 51.9728], [118.4394, 51.9857], [118.4673, 52.0058], [118.4777, 52.0321], [118.4751, 52.0484], [118.4888, 52.0556], [118.5101, 52.0595], [118.5123, 52.0667], [118.5359, 52.0626], [118.5559, 52.0655], [118.5627, 52.074], [118.5856, 52.074], [118.597, 52.0982], [118.6105, 52.1031], [118.64, 52.1079], [118.6477, 52.115], [118.668, 52.1136], [118.6957, 52.1188], [118.7073, 52.1291], [118.7353, 52.1365], [118.7432, 52.1335], [118.7443, 52.1271], [118.7594, 52.13], [118.8023, 52.1465], [118.8161, 52.1573], [118.8512, 52.168], [118.8554, 52.1739], [118.8878, 52.1811], [118.9009, 52.1911], [118.8995, 52.2019], [118.9092, 52.2049], [118.9159, 52.2193], [118.925, 52.2233], [118.9281, 52.2349], [118.9145, 52.2372], [118.8955, 52.2487], [118.9045, 52.2691], [118.8904, 52.2866], [118.9211, 52.2847], [118.9291, 52.2894], [118.93, 52.2977], [118.9661, 52.2899], [118.988, 52.2778], [119.0108, 52.2772], [119.0323, 52.2653], [119.0836, 52.2536], [119.1473, 52.254], [119.1848, 52.2402], [119.1927, 52.2436], [119.2167, 52.2331], [119.2445, 52.2354], [119.2782, 52.2291], [119.2929, 52.2323], [119.3377, 52.228], [119.4344, 52.2422], [119.459, 52.2382], [119.4615, 52.2502], [119.4466, 52.26], [119.4497, 52.2741], [119.4333, 52.2929], [119.4434, 52.3017], [119.4155, 52.3083], [119.3836, 52.3011], [119.3732, 52.3054], [119.3767, 52.3096], [119.3702, 52.3203], [119.38, 52.3422], [119.378, 52.3501], [119.3871, 52.3618], [119.3833, 52.3721], [119.395, 52.3781], [119.3937, 52.3847], [119.4235, 52.3979], [119.4232, 52.4049], [119.4199, 52.4109], [119.4059, 52.4121], [119.3956, 52.4235], [119.3992, 52.4568], [119.3763, 52.4662], [119.3755, 52.4737], [119.3576, 52.4841], [119.3386, 52.5073], [119.3334, 52.5212], [119.3416, 52.5247], [119.3284, 52.5592], [119.2975, 52.5754], [119.2941, 52.5972], [119.2697, 52.5958], [119.231, 52.6175], [119.1847, 52.632], [119.1289, 52.6282], [119.1245, 52.6434], [119.1104, 52.6498], [119.1215, 52.6558], [119.1147, 52.663], [119.149, 52.671], [119.1592, 52.6752], [119.1576, 52.6787], [119.1957, 52.6852], [119.1907, 52.698], [119.1973, 52.701], [119.1934, 52.7105], [119.1631, 52.7357], [119.1665, 52.7515], [119.1871, 52.7626], [119.1952, 52.7832], [119.1877, 52.7856], [119.1786, 52.8027], [119.1934, 52.8012], [119.2137, 52.8158], [119.2797, 52.8169], [119.291, 52.823], [119.2873, 52.8379], [119.3087, 52.8518], [119.3113, 52.8597], [119.3518, 52.8854], [119.3492, 52.8918], [119.3591, 52.8972], [119.3666, 52.8948], [119.3913, 52.9085], [119.4114, 52.9064], [119.4183, 52.926], [119.4082, 52.9392], [119.4226, 52.9483], [119.4339, 52.9656], [119.4544, 52.9712], [119.4842, 52.9673], [119.4949, 52.9784], [119.5433, 52.9844], [119.5235, 53.0062], [119.5405, 53.0174], [119.5611, 53.0189], [119.5657, 53.0424], [119.5883, 53.0484], [119.6222, 53.071], [119.6002, 53.081], [119.6098, 53.0841], [119.6235, 53.101], [119.6426, 53.1048], [119.6491, 53.1118], [119.6789, 53.1223], [119.6896, 53.1187], [119.7085, 53.1217], [119.7302, 53.1337], [119.7422, 53.1336], [119.7665, 53.1457], [119.7802, 53.1466], [119.7982, 53.162], [119.7909, 53.1711], [119.8177, 53.176], [119.8587, 53.1966], [119.8489, 53.2179], [119.8527, 53.2255], [119.8456, 53.2293], [119.8425, 53.2463], [119.8318, 53.2497], [119.8173, 53.2665], [119.8075, 53.2675], [119.8052, 53.2775], [119.8115, 53.2834], [119.793, 53.2965], [119.7681, 53.2931], [119.7615, 53.2992], [119.744, 53.3009], [119.7298, 53.3204], [119.7089, 53.3045], [119.6851, 53.3145], [119.6581, 53.338], [119.6335, 53.3405], [119.6221, 53.3339], [119.6089, 53.3476], [119.538, 53.3389], [119.5139, 53.357], [119.5327, 53.3614], [119.5187, 53.3632], [119.5083, 53.3842], [119.4601, 53.4061], [119.4707, 53.4128], [119.4662, 53.4189], [119.4552, 53.4213], [119.4372, 53.4173], [119.4263, 53.4233], [119.4098, 53.4148], [119.3808, 53.4294], [119.3272, 53.4271], [119.3102, 53.4171], [119.2871, 53.4182], [119.2543, 53.3927], [119.1942, 53.3805], [119.1876, 53.3706], [119.1642, 53.3597], [119.1515, 53.347], [119.1114, 53.3353], [119.0799, 53.3377], [119.073, 53.3314], [119.054, 53.3323], [119.0433, 53.3236], [119.0127, 53.3186], [118.9735, 53.3297], [118.9516, 53.3256], [118.942, 53.3069], [118.9577, 53.2883], [118.9455, 53.2848], [118.9364, 53.2737], [118.9191, 53.2787], [118.9153, 53.2731], [118.9016, 53.2738], [118.9021, 53.2624], [118.8826, 53.253], [118.8848, 53.2415], [118.8655, 53.2468], [118.8402, 53.2416], [118.8153, 53.2476], [118.8033, 53.2427], [118.7817, 53.246], [118.7693, 53.2352], [118.7513, 53.2354], [118.7266, 53.2272], [118.7198, 53.236], [118.7078, 53.2401], [118.6098, 53.2431], [118.5979, 53.2372], [118.6009, 53.2226], [118.592, 53.2187], [118.5755, 53.221], [118.571, 53.2164], [118.5451, 53.2168], [118.5324, 53.2115], [118.5214, 53.2175], [118.5059, 53.2161], [118.4894, 53.1928], [118.4933, 53.1866], [118.4811, 53.1747], [118.48, 53.1634], [118.4684, 53.1473], [118.4519, 53.1438], [118.4265, 53.1526], [118.4237, 53.1362], [118.4006, 53.1228], [118.3917, 53.1005], [118.381, 53.0946], [118.38, 53.0853], [118.3602, 53.0697], [118.3561, 53.0534], [118.3473, 53.0524], [118.3526, 53.0387], [118.3459, 53.0361], [118.3446, 53.0262], [118.3511, 53.0132], [118.3491, 53.0037], [118.3649, 53.0052], [118.3788, 52.9948], [118.3747, 52.9905], [118.3838, 52.9842], [118.4085, 52.9868], [118.4173, 52.9764], [118.3888, 52.9595], [118.3859, 52.9381], [118.3909, 52.9306], [118.4067, 52.9247], [118.4054, 52.9165], [118.4262, 52.8952], [118.4116, 52.89], [118.4155, 52.8816], [118.4048, 52.8766], [118.4102, 52.8751], [118.4095, 52.8647], [118.3886, 52.8469], [118.3429, 52.8471], [118.3458, 52.8375], [118.3323, 52.8278], [118.3405, 52.8168], [118.3212, 52.8088], [118.3065, 52.8118], [118.2954, 52.8006], [118.267, 52.8102], [118.2486, 52.8037], [118.2367, 52.806], [118.2367, 52.8012], [118.214, 52.8045], [118.2081, 52.7987], [118.2124, 52.7907], [118.1547, 52.7813], [118.1502, 52.7518], [118.1162, 52.7501], [118.1052, 52.7402], [118.0799, 52.7377], [118.0678, 52.7319], [118.0752, 52.7204], [118.0569, 52.7082], [118.0385, 52.7117], [117.9804, 52.7363], [117.9554, 52.734], [117.9243, 52.7206], [117.9078, 52.7354], [117.922, 52.7394], [117.9105, 52.7468], [117.8846, 52.7436], [117.8781, 52.7496], [117.8701, 52.7497], [117.8662, 52.7443], [117.853, 52.7421], [117.8271, 52.7484], [117.8103, 52.7615], [117.7675, 52.7709], [117.75, 52.7596], [117.7293, 52.7545], [117.7399, 52.7384], [117.7362, 52.7321], [117.7444, 52.7266], [117.7406, 52.7231], [117.7242, 52.7154], [117.7011, 52.7122], [117.6916, 52.703], [117.6537, 52.7121], [117.648, 52.7042], [117.5501, 52.719], [117.4984, 52.6963], [117.4817, 52.6948], [117.4818, 52.6823], [117.4764, 52.6778], [117.4853, 52.6712], [117.4699, 52.6516], [117.4488, 52.64], [117.4473, 52.6323], [117.4332, 52.6309], [117.4269, 52.6118], [117.4139, 52.6082], [117.4009, 52.5913], [117.3852, 52.583], [117.3878, 52.5783], [117.3794, 52.5672], [117.3878, 52.5512], [117.3816, 52.5472], [117.3828, 52.4999], [117.34, 52.474], [117.3347, 52.4646], [117.338, 52.4521], [117.3104, 52.4389], [117.3111, 52.4315], [117.2963, 52.4288], [117.2917, 52.4191], [117.2828, 52.4181], [117.2772, 52.4108], [117.2616, 52.4086], [117.2339, 52.4139], [117.2351, 52.4081], [117.249, 52.3989], [117.2741, 52.3956], [117.2974, 52.3825], [117.3062, 52.3824], [117.3173, 52.3672], [117.3436, 52.3534], [117.3534, 52.3393], [117.325, 52.3378], [117.3054, 52.3292], [117.2906, 52.3137], [117.1893, 52.3048], [117.1516, 52.2617], [117.1263, 52.265], [117.0795, 52.2536], [117.0504, 52.2565], [117.0126, 52.252], [117.008, 52.2385], [117.0163, 52.2259], [117.003, 52.2191], [117.0114, 52.2133], [117.0069, 52.2031], [116.9271, 52.1915], [116.8958, 52.1785]]]}}, {"type": "Feature", "properties": {"osm_type": "relation", "osm_id": 853122058, "name": "Ononsky District", "admin_level": "6", "kind": "subdivision_2", "parent_osm_id": 145730, "parent_name": "Zabaykalsky Krai", "parent_iso": "RU-ZAB"}, "geometry": {"type": "Polygon", "coordinates": [[[114.1055, 50.2112], [114.1784, 50.243], [114.3388, 50.2827], [114.4677, 50.2335], [114.5142, 50.2291], [114.6171, 50.2456], [114.6535, 50.2472], [114.8312, 50.2237], [114.9109, 50.1955], [114.9647, 50.1821], [115.0075, 50.1639], [115.0685, 50.1091], [115.0677, 50.0939], [115.0793, 50.0833], [115.1292, 50.0572], [115.2239, 49.9884], [115.3313, 49.947], [115.4712, 49.9195], [115.602, 50.075], [115.6614, 50.0757], [115.6816, 50.0936], [115.8992, 50.1295], [115.8966, 50.2962], [115.8639, 50.2973], [115.8477, 50.3334], [115.8217, 50.3363], [115.8163, 50.3513], [115.8066, 50.3523], [115.8021, 50.3833], [115.8404, 50.3869], [115.8429, 50.4185], [115.8494, 50.4226], [115.8803, 50.424], [115.9161, 50.4731], [115.9385, 50.495], [115.9379, 50.5014], [115.9339, 50.5016], [115.9091, 50.5387], [115.8453, 50.5199], [115.852, 50.5482], [115.8567, 50.5497], [115.8661, 50.5726], [115.8343, 50.5941], [115.7957, 50.581], [115.7692, 50.5995], [115.7626, 50.6131], [115.741, 50.628], [115.7256, 50.6487], [115.703, 50.6953], [115.7028, 50.7282], [115.6841, 50.719], [115.6886, 50.7085], [115.6772, 50.6965], [115.6814, 50.6835], [115.6738, 50.681], [115.6663, 50.6678], [115.6484, 50.6533], [115.6499, 50.6419], [115.6585, 50.6437], [115.6663, 50.6351], [115.6437, 50.625], [115.6361, 50.614], [115.6175, 50.6079], [115.6044, 50.6119], [115.5998, 50.6045], [115.5731, 50.6011], [115.5734, 50.5935], [115.5669, 50.591], [115.5642, 50.6022], [115.5567, 50.5961], [115.5589, 50.5895], [115.5524, 50.5909], [115.5428, 50.581], [115.5263, 50.5789], [115.517, 50.5736], [115.5187, 50.5681], [115.5133, 50.5649], [115.5047, 50.5649], [115.5022, 50.5784], [115.4887, 50.5876], [115.4715, 50.5874], [115.4519, 50.5968], [115.4259, 50.5916], [115.4262, 50.588], [115.4101, 50.5832], [115.3933, 50.5906], [115.3762, 50.5824], [115.3709, 50.5853], [115.3645, 50.5792], [115.3575, 50.5874], [115.325, 50.5823], [115.3049, 50.5897], [115.3102, 50.5918], [115.3095, 50.5968], [115.2912, 50.6001], [115.2818, 50.5944], [115.2692, 50.6039], [115.2659, 50.601], [115.2728, 50.5922], [115.2166, 50.5825], [115.2103, 50.5723], [115.1969, 50.5808], [115.1465, 50.5683], [115.1506, 50.5615], [115.1329, 50.5572], [115.1278, 50.5466], [115.1182, 50.5499], [115.1152, 50.5582], [115.1059, 50.5561], [115.1016, 50.5598], [115.0894, 50.5574], [115.0906, 50.5524], [115.083, 50.5494], [115.0807, 50.5535], [115.0667, 50.5497], [115.0637, 50.5442], [115.0508, 50.5465], [115.041, 50.5326], [115.0466, 50.5258], [115.0249, 50.5264], [115.0119, 50.5188], [114.9774, 50.521], [114.9722, 50.532], [114.9609, 50.5396], [114.9408, 50.533], [114.9284, 50.5185], [114.9206, 50.5278], [114.9158, 50.52], [114.892, 50.5232], [114.8847, 50.5158], [114.8775, 50.5258], [114.869, 50.5265], [114.8607, 50.5193], [114.8526, 50.5295], [114.8358, 50.519], [114.8279, 50.5248], [114.8234, 50.5167], [114.8145, 50.5145], [114.7631, 50.527], [114.7503, 50.5171], [114.7356, 50.5173], [114.7242, 50.526], [114.6903, 50.5238], [114.6803, 50.5171], [114.6694, 50.5291], [114.6605, 50.5299], [114.6571, 50.5249], [114.6406, 50.5272], [114.6344, 50.5225], [114.6359, 50.5115], [114.6269, 50.511], [114.624, 50.5037], [114.6033, 50.5014], [114.5868, 50.4915], [114.5768, 50.4924], [114.5684, 50.479], [114.5522, 50.4766], [114.5442, 50.469], [114.5363, 50.4702], [114.5346, 50.4752], [114.5117, 50.4697], [114.4887, 50.4802], [114.4463, 50.4767], [114.44, 50.4797], [114.4424, 50.4902], [114.4202, 50.478], [114.4144, 50.483], [114.4044, 50.4825], [114.4021, 50.4891], [114.3914, 50.4814], [114.3794, 50.4858], [114.3849, 50.4916], [114.3805, 50.4944], [114.3686, 50.4917], [114.3481, 50.4981], [114.3089, 50.4942], [114.2898, 50.5024], [114.2899, 50.507], [114.2779, 50.5155], [114.2693, 50.5119], [114.2573, 50.5175], [114.2471, 50.5111], [114.2404, 50.517], [114.1879, 50.4961], [114.1693, 50.5019], [114.1568, 50.5004], [114.1471, 50.4953], [114.1489, 50.4908], [114.1287, 50.4896], [114.1254, 50.4834], [114.104, 50.4855], [114.099, 50.476], [114.0643, 50.4815], [114.0475, 50.4715], [114.0411, 50.4773], [114.0273, 50.4757], [113.9724, 50.4441], [113.9609, 50.4441], [113.9064, 50.423], [113.9079, 50.4067], [113.9182, 50.3978], [113.9161, 50.3813], [113.9241, 50.3626], [113.9369, 50.3538], [113.9813, 50.3316], [114.0154, 50.3263], [114.0302, 50.316], [114.0305, 50.3083], [114.0678, 50.3156], [114.0938, 50.3035], [114.0926, 50.2957], [114.1048, 50.281], [114.1028, 50.2647], [114.1108, 50.2575], [114.1141, 50.2422], [114.1055, 50.2112]]]}}, {"type": "Feature", "properties": {"osm_type": "relation", "osm_id": 141214604, "name": "Alexandrovo-Zavodsky District", "admin_level": "6", "kind": "subdivision_2", "parent_osm_id": 145730, "parent_name": "Zabaykalsky Krai", "parent_iso": "RU-ZAB"}, "geometry": {"type": "Polygon", "coordinates": [[[117.8776, 50.4243], [117.8795, 50.4335], [117.9569, 50.4516], [117.9615, 50.4617], [118.0371, 50.491], [118.0348, 50.4995], [118.0634, 50.5053], [118.1652, 50.5032], [118.2011, 50.4932], [118.2163, 50.5066], [118.2175, 50.5252], [118.2382, 50.569], [118.248, 50.6062], [118.2587, 50.6237], [118.2724, 50.6331], [118.3038, 50.6381], [118.3141, 50.6608], [118.3542, 50.6711], [118.3834, 50.6546], [118.4166, 50.6193], [118.4146, 50.6394], [118.4474, 50.6486], [118.4678, 50.6941], [118.4951, 50.6998], [118.4829, 50.751], [118.5032, 50.7579], [118.5071, 50.7636], [118.5017, 50.7791], [118.4985, 50.841], [118.4908, 50.857], [118.4915, 50.874], [118.425, 50.9454], [118.4386, 50.9622], [118.4247, 50.9851], [118.4087, 50.9875], [118.4018, 51.0093], [118.4366, 51.0148], [118.4915, 51.0091], [118.5098, 51.0295], [118.51, 51.0371], [118.5929, 51.0544], [118.5894, 51.0778], [118.565, 51.1149], [118.5894, 51.1254], [118.6236, 51.1537], [118.6387, 51.1834], [118.6597, 51.1906], [118.6712, 51.1889], [118.6944, 51.2022], [118.6829, 51.2199], [118.6842, 51.2284], [118.707, 51.2294], [118.7192, 51.2417], [118.7207, 51.2491], [118.7113, 51.2609], [118.7188, 51.2772], [118.7388, 51.2852], [118.7467, 51.2935], [118.7698, 51.2913], [118.7751, 51.2961], [118.7734, 51.3009], [118.7792, 51.3029], [118.7683, 51.3139], [118.7676, 51.324], [118.7544, 51.3318], [118.7493, 51.353], [118.7294, 51.3731], [118.7158, 51.3784], [118.6754, 51.3792], [118.6742, 51.3911], [118.6961, 51.4026], [118.6938, 51.4122], [118.6782, 51.4198], [118.6829, 51.4315], [118.6605, 51.439], [118.6639, 51.4472], [118.6488, 51.4519], [118.6479, 51.4607], [118.6221, 51.4685], [118.614, 51.4613], [118.605, 51.4664], [118.5931, 51.4557], [118.554, 51.4575], [118.5459, 51.4515], [118.5239, 51.4648], [118.5147, 51.4585], [118.5173, 51.4545], [118.509, 51.4442], [118.4477, 51.4452], [118.4558, 51.4307], [118.4289, 51.4253], [118.4168, 51.4134], [118.3869, 51.4052], [118.395, 51.4005], [118.3961, 51.3864], [118.3677, 51.3707], [118.3709, 51.3566], [118.3596, 51.342], [118.3639, 51.3295], [118.3536, 51.3168], [118.3376, 51.312], [118.3175, 51.2969], [118.2913, 51.306], [118.268, 51.2987], [118.2537, 51.3047], [118.2486, 51.3022], [118.2171, 51.3111], [118.2095, 51.3216], [118.1738, 51.3265], [118.1472, 51.3168], [118.1285, 51.3164], [118.1146, 51.322], [118.0939, 51.312], [118.0853, 51.2972], [118.0781, 51.2965], [118.0469, 51.3009], [118.0051, 51.3202], [118.0019, 51.313], [117.9774, 51.3017], [117.9639, 51.3024], [117.956, 51.3123], [117.9389, 51.3178], [117.9261, 51.2768], [117.9081, 51.2773], [117.9051, 51.2728], [117.8802, 51.268], [117.8701, 51.2729], [117.8445, 51.2704], [117.7916, 51.2597], [117.7549, 51.2609], [117.7487, 51.2566], [117.715, 51.2691], [117.7039, 51.2638], [117.6936, 51.268], [117.6622, 51.2602], [117.6526, 51.264], [117.6426, 51.2527], [117.6314, 51.2523], [117.6215, 51.2559], [117.6227, 51.2629], [117.5967, 51.2685], [117.5904, 51.2836], [117.5256, 51.2703], [117.4952, 51.2764], [117.4863, 51.2743], [117.4816, 51.2681], [117.4496, 51.2623], [117.4513, 51.2577], [117.4278, 51.2513], [117.4342, 51.2313], [117.4095, 51.2211], [117.3975, 51.1981], [117.3783, 51.1962], [117.377, 51.1863], [117.3574, 51.1815], [117.3578, 51.1687], [117.3514, 51.1628], [117.3399, 51.162], [117.3318, 51.154], [117.3138, 51.1545], [117.3032, 51.1465], [117.2976, 51.1524], [117.2818, 51.1411], [117.2447, 51.1419], [117.2451, 51.1382], [117.2353, 51.1358], [117.2033, 51.1344], [117.1943, 51.1309], [117.2046, 51.1197], [117.1683, 51.1079], [117.1606, 51.1119], [117.1487, 51.1055], [117.1376, 51.0907], [117.138, 51.0838], [117.1026, 51.0712], [117.103, 51.0631], [117.0966, 51.058], [117.0868, 51.0312], [117.097, 51.0188], [117.1532, 51.015], [117.1585, 50.9998], [117.1982, 50.974], [117.2093, 50.9575], [117.2312, 50.9499], [117.2317, 50.9431], [117.2443, 50.9327], [117.2392, 50.9153], [117.193, 50.8919], [117.2239, 50.8552], [117.2151, 50.8518], [117.2123, 50.8397], [117.2658, 50.8413], [117.3001, 50.8332], [117.3776, 50.7979], [117.4202, 50.7902], [117.4071, 50.7655], [117.4163, 50.7579], [117.4531, 50.7613], [117.5157, 50.8078], [117.5293, 50.7982], [117.5238, 50.7627], [117.5304, 50.7582], [117.5498, 50.7601], [117.5629, 50.7398], [117.6231, 50.7466], [117.66, 50.7599], [117.6736, 50.7605], [117.7269, 50.7288], [117.6578, 50.7014], [117.6475, 50.7038], [117.6514, 50.6492], [117.6865, 50.6308], [117.6897, 50.6349], [117.6989, 50.6333], [117.7025, 50.6253], [117.7402, 50.6239], [117.7736, 50.6043], [117.77, 50.6009], [117.7788, 50.5543], [117.7478, 50.5311], [117.6637, 50.522], [117.6594, 50.5089], [117.6868, 50.4965], [117.702, 50.4784], [117.6909, 50.4468], [117.7218, 50.4344], [117.7348, 50.4376], [117.7389, 50.4332], [117.7939, 50.4502], [117.8186, 50.4508], [117.8236, 50.4309], [117.836, 50.4187], [117.8683, 50.4195], [117.8776, 50.4243]]]}}, {"type": "Feature", "properties": {"osm_type": "relation", "osm_id": 601132863, "name": "Baleysky District", "admin_level": "6", "kind": "subdivision_2", "parent_osm_id": 145730, "parent_name": "Zabaykalsky Krai", "parent_iso": "RU-ZAB"}, "geometry": {"type": "Polygon", "coordinates": [[[116.0004, 51.3451], [116.0047, 51.343], [115.9998, 51.3283], [116.01, 51.327], [116.0112, 51.32], [116.0238, 51.3203], [116.0461, 51.3006], [116.0544, 51.2868], [116.0835, 51.2902], [116.1013, 51.3001], [116.119, 51.2956], [116.1202, 51.2758], [116.1037, 51.2626], [116.1033, 51.257], [116.0951, 51.2547], [116.0965, 51.2389], [116.146, 51.229], [116.1576, 51.2306], [116.146, 51.2621], [116.1475, 51.2758], [116.1881, 51.2994], [116.2504, 51.2968], [116.2393, 51.3238], [116.2405, 51.3379], [116.3654, 51.3581], [116.4059, 51.3762], [116.4327, 51.367], [116.4371, 51.3584], [116.4487, 51.3544], [116.4727, 51.3528], [116.4855, 51.3596], [116.4987, 51.3496], [116.596, 51.3485], [116.6203, 51.3708], [116.6337, 51.3697], [116.6375, 51.361], [116.6648, 51.3533], [116.6825, 51.3537], [116.7054, 51.3626], [116.7361, 51.3517], [116.7654, 51.3631], [116.7686, 51.3555], [116.7659, 51.3465], [116.8812, 51.2835], [116.7751, 51.1964], [116.7848, 51.182], [116.7747, 51.173], [116.7833, 51.1611], [116.7594, 51.1316], [116.7605, 51.1222], [116.7708, 51.1171], [116.7735, 51.1068], [116.7653, 51.1009], [116.7942, 51.0865], [116.7843, 51.0715], [116.8126, 51.0496], [116.7988, 51.0338], [116.813, 51.021], [116.8002, 50.9992], [116.8041, 50.9852], [116.8148, 50.9767], [116.8151, 50.9599], [116.8213, 50.9572], [116.8639, 50.9698], [116.8821, 50.9928], [116.9011, 50.9963], [116.9126, 50.9932], [116.927, 50.9984], [116.9186, 51.0709], [117.0708, 51.1112], [117.1487, 51.1055], [117.1606, 51.1119], [117.1683, 51.1079], [117.2046, 51.1197], [117.1943, 51.1309], [117.2033, 51.1344], [117.2353, 51.1358], [117.2451, 51.1382], [117.2447, 51.1419], [117.2818, 51.1411], [117.2976, 51.1524], [117.3032, 51.1465], [117.3138, 51.1545], [117.3318, 51.154], [117.3399, 51.162], [117.3514, 51.1628], [117.3578, 51.1687], [117.3574, 51.1815], [117.377, 51.1863], [117.3783, 51.1962], [117.3975, 51.1981], [117.4095, 51.2211], [117.3851, 51.2294], [117.3877, 51.2347], [117.3621, 51.2778], [117.3412, 51.2842], [117.3335, 51.2911], [117.313, 51.2932], [117.3032, 51.3039], [117.304, 51.3135], [117.2468, 51.3418], [117.2618, 51.3716], [117.2788, 51.3786], [117.2938, 51.3916], [117.3147, 51.3964], [117.3356, 51.3914], [117.354, 51.3977], [117.3544, 51.4105], [117.3796, 51.418], [117.3826, 51.4233], [117.3766, 51.4286], [117.3779, 51.4342], [117.3932, 51.4406], [117.3877, 51.4494], [117.4018, 51.4749], [117.3937, 51.5028], [117.383, 51.5076], [117.3937, 51.5227], [117.3804, 51.5575], [117.3629, 51.5644], [117.3365, 51.5588], [117.3177, 51.5769], [117.3062, 51.5737], [117.2865, 51.5875], [117.2823, 51.5978], [117.2677, 51.6039], [117.2712, 51.613], [117.2665, 51.6257], [117.2566, 51.6328], [117.2571, 51.6434], [117.2457, 51.6465], [117.2502, 51.654], [117.2443, 51.6633], [117.2306, 51.6665], [117.2669, 51.6929], [117.2814, 51.6863], [117.2912, 51.6919], [117.2767, 51.7075], [117.2716, 51.7207], [117.2737, 51.745], [117.2788, 51.7448], [117.2814, 51.7545], [117.2656, 51.7609], [117.2682, 51.7664], [117.281, 51.7691], [117.2814, 51.7775], [117.3002, 51.7849], [117.3517, 51.7972], [117.3571, 51.808], [117.3547, 51.8195], [117.3379, 51.8267], [117.3082, 51.8503], [117.3049, 51.8645], [117.285, 51.8895], [117.2887, 51.9012], [117.2753, 51.9303], [117.2673, 51.9347], [117.2576, 51.9255], [117.2223, 51.9247], [117.2014, 51.9172], [117.1928, 51.9251], [117.1835, 51.9251], [117.1105, 51.9022], [117.0834, 51.9033], [117.0638, 51.8973], [117.0446, 51.903], [117.0263, 51.8846], [116.9926, 51.8792], [116.9543, 51.8555], [116.9057, 51.8513], [116.8991, 51.8369], [116.8683, 51.8227], [116.8431, 51.8034], [116.8184, 51.8048], [116.8074, 51.798], [116.7776, 51.7931], [116.7184, 51.7911], [116.6939, 51.7742], [116.6513, 51.7698], [116.676, 51.7494], [116.6837, 51.7107], [116.6643, 51.7132], [116.6519, 51.6966], [116.6175, 51.6888], [116.6065, 51.6755], [116.6131, 51.6646], [116.6056, 51.6597], [116.605, 51.6487], [116.5765, 51.6428], [116.5799, 51.6307], [116.559, 51.6378], [116.5349, 51.6294], [116.534, 51.6252], [116.5037, 51.61], [116.4679, 51.6268], [116.4479, 51.6258], [116.4252, 51.6117], [116.3991, 51.624], [116.3904, 51.6209], [116.3792, 51.6237], [116.3745, 51.6295], [116.3769, 51.6351], [116.3598, 51.6281], [116.3434, 51.6329], [116.3214, 51.6124], [116.3211, 51.6013], [116.3296, 51.5982], [116.3185, 51.5887], [116.3191, 51.5797], [116.3134, 51.5765], [116.2993, 51.5813], [116.2915, 51.5789], [116.2439, 51.5544], [116.2492, 51.5493], [116.2306, 51.5285], [116.2153, 51.5309], [116.208, 51.5214], [116.1875, 51.516], [116.1593, 51.5339], [116.1338, 51.5364], [116.0867, 51.5067], [116.0813, 51.4954], [116.0698, 51.4907], [116.0573, 51.4775], [116.0236, 51.4834], [116.0333, 51.4725], [116.0363, 51.4516], [116.0411, 51.4466], [116.0748, 51.4351], [116.0844, 51.4264], [116.084, 51.4215], [116.0541, 51.3989], [116.0539, 51.3933], [116.0606, 51.39], [116.0567, 51.3819], [116.0604, 51.37], [116.0561, 51.3627], [116.0336, 51.3563], [116.0319, 51.3479], [116.0235, 51.3403], [116.0149, 51.3411], [116.0141, 51.3512], [116.0028, 51.354], [115.996, 51.3484], [116.0004, 51.3451]]]}}, {"type": "Feature", "properties": {"osm_type": "relation", "osm_id": 448913029, "name": "Chita", "admin_level": "6", "kind": "subdivision_2", "parent_osm_id": 145730, "parent_name": "Zabaykalsky Krai", "parent_iso": "RU-ZAB"}, "geometry": {"type": "Polygon", "coordinates": [[[113.1336, 51.9993], [113.1439, 51.9894], [113.1734, 51.9754], [113.1852, 51.9788], [113.2048, 51.9666], [113.232, 51.9641], [113.2484, 51.9813], [113.2564, 51.981], [113.2544, 51.9723], [113.2654, 51.9781], [113.2754, 51.9723], [113.2862, 51.9736], [113.2894, 51.9746], [113.2816, 51.9806], [113.2873, 51.9854], [113.303, 51.9835], [113.3032, 51.9899], [113.3223, 51.9984], [113.3622, 52.0033], [113.3497, 52.0088], [113.3639, 52.0169], [113.4122, 52.0263], [113.4499, 52.0091], [113.4202, 51.9862], [113.4319, 51.9854], [113.4628, 51.9677], [113.5153, 51.9467], [113.5287, 51.9228], [113.5077, 51.9211], [113.5144, 51.885], [113.5591, 51.8879], [113.552, 51.925], [113.53, 51.9229], [113.516, 51.9469], [113.5409, 51.9491], [113.5861, 51.9694], [113.602, 51.9644], [113.6072, 51.9727], [113.6044, 51.9789], [113.6188, 51.9792], [113.6161, 51.9874], [113.6235, 51.9983], [113.6469, 52.0119], [113.6621, 52.0307], [113.6561, 52.0367], [113.6457, 52.0705], [113.6147, 52.0851], [113.5577, 52.1026], [113.511, 52.1283], [113.4667, 52.1396], [113.4084, 52.1429], [113.3731, 52.1533], [113.3665, 52.1637], [113.3713, 52.1728], [113.3515, 52.17], [113.2158, 52.0983], [113.1651, 52.0575], [113.1702, 52.0468], [113.1581, 52.0458], [113.1632, 52.0383], [113.1551, 52.0318], [113.1456, 52.0316], [113.1512, 52.0297], [113.1385, 52.0183], [113.1401, 52.0112], [113.1493, 52.0092], [113.1336, 51.9993]]]}}, {"type": "Feature", "properties": {"osm_type": "relation", "osm_id": 371224027, "name": "Kalgansky District", "admin_level": "6", "kind": "subdivision_2", "parent_osm_id": 145730, "parent_name": "Zabaykalsky Krai", "parent_iso": "RU-ZAB"}, "geometry": {"type": "Polygon", "coordinates": [[[119.3736, 50.68], [119.4257, 50.6831], [119.4419, 50.6939], [119.4492, 50.7086], [119.4579, 50.7116], [119.4777, 50.738], [119.4917, 50.7462], [119.4994, 50.7638], [119.4869, 50.7738], [119.5028, 50.7758], [119.4968, 50.786], [119.5156, 50.7888], [119.5051, 50.7952], [119.5031, 50.8079], [119.5074, 50.8149], [119.4904, 50.8274], [119.4879, 50.8436], [119.4923, 50.8476], [119.5117, 50.8423], [119.5143, 50.8492], [119.5028, 50.8577], [119.5217, 50.8631], [119.5198, 50.8724], [119.5273, 50.8827], [119.5105, 50.8975], [119.5165, 50.9059], [119.563, 50.9337], [119.5685, 50.9464], [119.5084, 50.9607], [119.5018, 50.985], [119.4862, 50.999], [119.4702, 51.0007], [119.4453, 50.9913], [119.403, 51.0003], [119.3701, 50.9888], [119.3347, 50.9884], [119.324, 50.9614], [119.3014, 50.9675], [119.2967, 50.9634], [119.2653, 50.963], [119.2038, 50.9262], [119.1695, 50.9126], [119.1644, 50.9189], [119.1677, 50.9229], [119.0991, 50.9991], [119.046, 51.0245], [119.0338, 51.025], [119.0457, 51.0425], [119.0543, 51.0469], [119.0289, 51.0507], [119.034, 51.0659], [119.0154, 51.0909], [119.0001, 51.1034], [119.0269, 51.1572], [119.0564, 51.1532], [119.0951, 51.1276], [119.0969, 51.1427], [119.1052, 51.1437], [119.0975, 51.1546], [119.1016, 51.1644], [119.1071, 51.1735], [119.131, 51.1816], [119.1373, 51.2055], [119.1696, 51.2002], [119.2154, 51.2311], [119.2331, 51.2288], [119.219, 51.2516], [119.1955, 51.2356], [119.1769, 51.2536], [119.1539, 51.2578], [119.1545, 51.2774], [119.11, 51.2362], [119.0764, 51.2247], [119.0516, 51.229], [119.0441, 51.22], [119.0353, 51.231], [119.0167, 51.2218], [118.9893, 51.2218], [118.9863, 51.218], [118.9481, 51.2318], [118.9491, 51.2373], [118.9392, 51.2419], [118.9463, 51.248], [118.9455, 51.2589], [118.9666, 51.2632], [118.9677, 51.2703], [118.9922, 51.2751], [119.0041, 51.2978], [118.9881, 51.3031], [119.0026, 51.3089], [119.0053, 51.3148], [118.9887, 51.3403], [118.9908, 51.3553], [118.9529, 51.3611], [118.9362, 51.3564], [118.9205, 51.3434], [118.8908, 51.3384], [118.8758, 51.3532], [118.8398, 51.3382], [118.8229, 51.3227], [118.7877, 51.3047], [118.7734, 51.3009], [118.7751, 51.2961], [118.7698, 51.2913], [118.7467, 51.2935], [118.7388, 51.2852], [118.7188, 51.2772], [118.7113, 51.2609], [118.7207, 51.2491], [118.7192, 51.2417], [118.707, 51.2294], [118.6842, 51.2284], [118.6829, 51.2199], [118.6944, 51.2022], [118.6712, 51.1889], [118.6597, 51.1906], [118.6387, 51.1834], [118.6236, 51.1537], [118.5894, 51.1254], [118.565, 51.1149], [118.5894, 51.0778], [118.5929, 51.0544], [118.51, 51.0371], [118.5098, 51.0295], [118.4915, 51.0091], [118.4366, 51.0148], [118.4018, 51.0093], [118.4087, 50.9875], [118.4247, 50.9851], [118.4386, 50.9622], [118.425, 50.9454], [118.4915, 50.874], [118.4908, 50.857], [118.4985, 50.841], [118.5017, 50.7791], [118.5071, 50.7636], [118.5117, 50.7663], [118.598, 50.7507], [118.6071, 50.7576], [118.6384, 50.7558], [118.6647, 50.7733], [118.6886, 50.7776], [118.7442, 50.7619], [118.7782, 50.7345], [118.7592, 50.7249], [118.7816, 50.7095], [118.8309, 50.662], [118.867, 50.6711], [118.9033, 50.6423], [118.9935, 50.6978], [119.0245, 50.7032], [119.0578, 50.7006], [119.0759, 50.7086], [119.0789, 50.7373], [119.0629, 50.7388], [119.0527, 50.7474], [119.0737, 50.7695], [119.1967, 50.7209], [119.2052, 50.7379], [119.2272, 50.7525], [119.2551, 50.748], [119.265, 50.7278], [119.2816, 50.7118], [119.335, 50.7114], [119.3748, 50.6874], [119.3736, 50.68]]]}}, {"type": "Feature", "properties": {"osm_type": "relation", "osm_id": 571303703, "name": "Nerchinsko-Zavodsky District", "admin_level": "6", "kind": "subdivision_2", "parent_osm_id": 145730, "parent_name": "Zabaykalsky Krai", "parent_iso": "RU-ZAB"}, "geometry": {"type": "Polygon", "coordinates": [[[119.5685, 50.9464], [119.5897, 50.9824], [119.6239, 50.9956], [119.6205, 51.0049], [119.6244, 51.009], [119.6629, 51.012], [119.6875, 51.0291], [119.6916, 51.0261], [119.689, 51.014], [119.6964, 51.0153], [119.699, 51.0237], [119.6935, 51.037], [119.7055, 51.0459], [119.7176, 51.0481], [119.7218, 51.0604], [119.7198, 51.0668], [119.7089, 51.072], [119.7359, 51.0742], [119.7354, 51.086], [119.7563, 51.0906], [119.7588, 51.1024], [119.7436, 51.1147], [119.7498, 51.1228], [119.7639, 51.1233], [119.7753, 51.1532], [119.7671, 51.1589], [119.7553, 51.1585], [119.7519, 51.1635], [119.7597, 51.1666], [119.7789, 51.1624], [119.7813, 51.172], [119.764, 51.185], [119.7592, 51.2053], [119.7525, 51.2127], [119.7713, 51.2245], [119.8152, 51.2142], [119.8148, 51.2291], [119.7903, 51.244], [119.7998, 51.2535], [119.8209, 51.2597], [119.8039, 51.2803], [119.8319, 51.2931], [119.8617, 51.2927], [119.8746, 51.2969], [119.8798, 51.3083], [119.8749, 51.3257], [119.8783, 51.3375], [119.8959, 51.3454], [119.9162, 51.3447], [119.9396, 51.3608], [119.9366, 51.3657], [119.9079, 51.3731], [119.9023, 51.389], [119.9153, 51.3952], [119.9646, 51.3996], [119.9683, 51.4352], [119.9788, 51.445], [119.9912, 51.4469], [119.9954, 51.4536], [119.9841, 51.4751], [119.9753, 51.481], [119.9754, 51.4881], [119.985, 51.4961], [119.9781, 51.5043], [120.007, 51.5172], [120.0224, 51.5304], [120.0264, 51.5448], [120.0444, 51.5513], [120.0428, 51.5703], [120.0276, 51.5836], [120.0431, 51.6053], [120.0434, 51.6159], [120.0523, 51.6203], [120.0516, 51.6323], [120.0625, 51.6401], [120.0953, 51.649], [120.0956, 51.6562], [120.0804, 51.6783], [120.0872, 51.6807], [120.1304, 51.6721], [120.1667, 51.6781], [120.2178, 51.7143], [120.2251, 51.7257], [120.2539, 51.7324], [120.2657, 51.7495], [120.2875, 51.7498], [120.3085, 51.7835], [120.3558, 51.7874], [120.3683, 51.8063], [120.3989, 51.8136], [120.3916, 51.8264], [120.394, 51.832], [120.4438, 51.8412], [120.4698, 51.8515], [120.4743, 51.8624], [120.4645, 51.8767], [120.4697, 51.8825], [120.4977, 51.8853], [120.5355, 51.878], [120.546, 51.8868], [120.541, 51.9053], [120.5505, 51.9122], [120.5811, 51.9088], [120.6168, 51.9195], [120.6476, 51.9227], [120.6553, 51.9308], [120.6542, 51.9548], [120.6641, 51.965], [120.697, 51.9811], [120.7117, 52.0136], [120.6872, 52.0235], [120.6791, 52.0362], [120.6934, 52.056], [120.7191, 52.0774], [120.7257, 52.0807], [120.7458, 52.0782], [120.7465, 52.0836], [120.7348, 52.0925], [120.7609, 52.1085], [120.7635, 52.1177], [120.7537, 52.1391], [120.7766, 52.1536], [120.7796, 52.1637], [120.7391, 52.2045], [120.7374, 52.2255], [120.7444, 52.2386], [120.756, 52.2467], [120.7516, 52.2554], [120.7108, 52.2589], [120.6928, 52.287], [120.6496, 52.2999], [120.631, 52.3122], [120.6214, 52.3247], [120.6226, 52.3412], [120.6142, 52.3535], [120.6178, 52.3609], [120.6431, 52.3624], [120.6476, 52.3696], [120.6427, 52.3896], [120.6587, 52.4006], [120.6649, 52.414], [120.6836, 52.4289], [120.6766, 52.4659], [120.6998, 52.4913], [120.6815, 52.5058], [120.6821, 52.5144], [120.7226, 52.5299], [120.7263, 52.5399], [120.7162, 52.5486], [120.6812, 52.5466], [120.6557, 52.5662], [120.6184, 52.5706], [120.5953, 52.5905], [120.554, 52.5952], [120.4776, 52.629], [120.459, 52.6435], [120.4291, 52.6383], [120.4014, 52.6187], [120.4108, 52.6138], [120.4071, 52.6025], [120.4129, 52.5959], [120.4291, 52.5978], [120.4464, 52.5914], [120.45, 52.5658], [120.4857, 52.534], [120.5038, 52.5257], [120.5079, 52.5135], [120.5202, 52.5132], [120.5126, 52.4915], [120.4859, 52.4918], [120.4773, 52.4871], [120.4799, 52.4772], [120.4951, 52.471], [120.5177, 52.4394], [120.507, 52.4332], [120.4532, 52.4255], [120.4289, 52.4059], [120.4216, 52.3962], [120.424, 52.3936], [120.4005, 52.3821], [120.3781, 52.3837], [120.3715, 52.4006], [120.3659, 52.395], [120.3356, 52.3957], [120.3241, 52.388], [120.3282, 52.3829], [120.3047, 52.3803], [120.2784, 52.3592], [120.2765, 52.3477], [120.2818, 52.3409], [120.3117, 52.3372], [120.3173, 52.3325], [120.3128, 52.3189], [120.319, 52.3044], [120.2778, 52.2813], [120.2737, 52.2744], [120.281, 52.2694], [120.2601, 52.2477], [120.2503, 52.2437], [120.2479, 52.2331], [120.2415, 52.2289], [120.2436, 52.2216], [120.2372, 52.2141], [120.2404, 52.2111], [120.2225, 52.1865], [120.2428, 52.186], [120.2594, 52.1689], [120.2842, 52.175], [120.2797, 52.1677], [120.2471, 52.1577], [120.2505, 52.1407], [120.224, 52.1377], [120.217, 52.1329], [120.2127, 52.1116], [120.1907, 52.106], [120.1841, 52.0967], [120.1284, 52.0825], [120.1231, 52.0769], [120.1288, 52.0691], [120.1141, 52.0583], [120.1145, 52.0483], [120.1096, 52.0424], [120.1139, 52.0349], [120.0923, 52.0394], [120.017, 52.0176], [119.9935, 51.9864], [119.9668, 51.9902], [119.9675, 51.981], [119.9327, 51.9685], [119.9344, 51.9564], [119.9171, 51.953], [119.8823, 51.9253], [119.8793, 51.9109], [119.8625, 51.9101], [119.8428, 51.9021], [119.8078, 51.9209], [119.7423, 51.9462], [119.7105, 51.9483], [119.706, 51.9562], [119.7124, 51.9704], [119.6945, 51.9896], [119.671, 51.9904], [119.6649, 51.9834], [119.676, 51.9638], [119.6693, 51.9584], [119.6424, 51.9579], [119.6448, 51.9522], [119.6373, 51.9442], [119.6243, 51.9387], [119.5449, 51.9354], [119.5364, 51.9311], [119.5387, 51.9249], [119.5187, 51.8968], [119.4879, 51.8873], [119.4785, 51.8921], [119.406, 51.8918], [119.3795, 51.8734], [119.3959, 51.8656], [119.391, 51.8415], [119.3306, 51.8166], [119.3078, 51.8172], [119.2922, 51.8106], [119.2858, 51.7906], [119.2444, 51.7814], [119.2408, 51.7739], [119.2113, 51.761], [119.1932, 51.7389], [119.1812, 51.7408], [119.1716, 51.7227], [119.1825, 51.7117], [119.1911, 51.7115], [119.1934, 51.6974], [119.2086, 51.6799], [119.2081, 51.6712], [119.196, 51.6725], [119.1744, 51.6651], [119.1526, 51.6721], [119.1309, 51.6681], [119.1183, 51.6761], [119.079, 51.6723], [119.0677, 51.676], [119.0489, 51.6674], [119.0502, 51.6598], [119.034, 51.6593], [119.0246, 51.6544], [119.0223, 51.6459], [118.9973, 51.6372], [118.9973, 51.6327], [118.9747, 51.6225], [118.9612, 51.6105], [118.9518, 51.61], [118.9399, 51.592], [118.952, 51.5795], [118.9495, 51.5738], [118.9608, 51.5731], [118.974, 51.5625], [118.9759, 51.5455], [118.9836, 51.5414], [118.9875, 51.5319], [118.977, 51.5194], [118.9595, 51.5109], [118.9578, 51.5045], [118.9401, 51.5003], [118.9091, 51.4648], [118.9155, 51.4587], [118.9051, 51.4424], [118.9113, 51.4156], [118.9247, 51.409], [118.9059, 51.3943], [118.9172, 51.3837], [118.932, 51.3833], [118.9234, 51.3748], [118.9205, 51.3434], [118.9362, 51.3564], [118.9529, 51.3611], [118.9908, 51.3553], [118.9887, 51.3403], [119.0053, 51.3148], [119.0026, 51.3089], [118.9882, 51.3054], [119.0041, 51.2978], [118.9922, 51.2751], [118.9677, 51.2703], [118.9666, 51.2632], [118.9455, 51.2589], [118.9463, 51.248], [118.9404, 51.24], [118.9491, 51.2373], [118.9481, 51.2318], [118.9541, 51.2287], [118.9863, 51.218], [118.9893, 51.2218], [119.0167, 51.2218], [119.0353, 51.231], [119.0441, 51.22], [119.0516, 51.229], [119.0764, 51.2247], [119.11, 51.2362], [119.1545, 51.2774], [119.1539, 51.2578], [119.1769, 51.2536], [119.1955, 51.2356], [119.219, 51.2516], [119.2331, 51.2288], [119.2154, 51.2311], [119.1696, 51.2002], [119.1373, 51.2055], [119.131, 51.1816], [119.1071, 51.1735], [119.1016, 51.1644], [119.0975, 51.1546], [119.1052, 51.1437], [119.0969, 51.1427], [119.0951, 51.1276], [119.0564, 51.1532], [119.0269, 51.1572], [119.0001, 51.1034], [119.0154, 51.0909], [119.034, 51.0659], [119.0289, 51.0507], [119.0543, 51.0469], [119.0457, 51.0425], [119.0338, 51.025], [119.046, 51.0245], [119.0991, 50.9991], [119.1677, 50.9229], [119.1644, 50.9189], [119.1695, 50.9126], [119.2038, 50.9262], [119.2653, 50.963], [119.2967, 50.9634], [119.3014, 50.9675], [119.324, 50.9614], [119.3347, 50.9884], [119.3701, 50.9888], [119.403, 51.0003], [119.4453, 50.9913], [119.4702, 51.0007], [119.4862, 50.999], [119.5018, 50.985], [119.5084, 50.9607], [119.5685, 50.9464]]]}}, {"type": "Feature", "properties": {"osm_type": "relation", "osm_id": 115445357, "name": "Nerchinsky District", "admin_level": "6", "kind": "subdivision_2", "parent_osm_id": 145730, "parent_name": "Zabaykalsky Krai", "parent_iso": "RU-ZAB"}, "geometry": {"type": "Polygon", "coordinates": [[[116.2565, 51.5596], [116.2915, 51.5789], [116.2993, 51.5813], [116.3134, 51.5765], [116.3191, 51.5797], [116.3185, 51.5887], [116.3296, 51.5982], [116.3211, 51.6013], [116.3214, 51.6124], [116.3434, 51.6329], [116.3598, 51.6281], [116.3769, 51.6351], [116.3745, 51.6295], [116.3792, 51.6237], [116.3904, 51.6209], [116.3991, 51.624], [116.4252, 51.6117], [116.4479, 51.6258], [116.4679, 51.6268], [116.5037, 51.61], [116.534, 51.6252], [116.5349, 51.6294], [116.559, 51.6378], [116.5799, 51.6307], [116.5765, 51.6428], [116.605, 51.6487], [116.6056, 51.6597], [116.6131, 51.6646], [116.6065, 51.6755], [116.6175, 51.6888], [116.6519, 51.6966], [116.6643, 51.7132], [116.6837, 51.7107], [116.676, 51.7494], [116.6513, 51.7698], [116.6939, 51.7742], [116.7184, 51.7911], [116.7776, 51.7931], [116.8074, 51.798], [116.8184, 51.8048], [116.8431, 51.8034], [116.8683, 51.8227], [116.8991, 51.8369], [116.9057, 51.8513], [116.9543, 51.8555], [116.9926, 51.8792], [117.0263, 51.8846], [117.0446, 51.903], [117.0235, 51.9129], [117.0157, 51.9256], [116.9909, 51.9259], [116.9879, 51.9319], [116.9917, 51.9398], [116.9751, 51.9501], [116.969, 51.9671], [116.9462, 51.9782], [116.9439, 51.988], [116.9215, 52.0059], [116.9172, 52.0157], [116.9195, 52.045], [116.9259, 52.0576], [116.9047, 52.0831], [116.9091, 52.0854], [116.8953, 52.1171], [116.9304, 52.1257], [116.9098, 52.1581], [116.9195, 52.1695], [116.8958, 52.1785], [116.76, 52.1261], [116.6839, 52.1535], [116.6631, 52.147], [116.5682, 52.2132], [116.5101, 52.1978], [116.4635, 52.2498], [116.4485, 52.26], [116.3712, 52.2913], [116.3641, 52.3313], [116.3575, 52.339], [116.3734, 52.3426], [116.3941, 52.3654], [116.4115, 52.4131], [116.3971, 52.4187], [116.4134, 52.4595], [116.4413, 52.4375], [116.4678, 52.4579], [116.4544, 52.4702], [116.4438, 52.4961], [116.4248, 52.5248], [116.4055, 52.5701], [116.397, 52.6041], [116.4017, 52.6128], [116.4135, 52.6151], [116.4077, 52.6245], [116.4101, 52.6334], [116.4004, 52.6501], [116.4085, 52.6557], [116.408, 52.6652], [116.4022, 52.6674], [116.4097, 52.6695], [116.4214, 52.683], [116.4244, 52.7017], [116.4485, 52.7169], [116.4531, 52.7312], [116.428, 52.7375], [116.4037, 52.7528], [116.4029, 52.758], [116.3344, 52.7654], [116.3367, 52.7718], [116.3286, 52.7804], [116.33, 52.7942], [116.3169, 52.8066], [116.3183, 52.8242], [116.2926, 52.8369], [116.286, 52.8486], [116.2877, 52.8819], [116.2812, 52.8896], [116.2794, 52.9027], [116.2596, 52.901], [116.2416, 52.9094], [116.2296, 52.9071], [116.1745, 52.9198], [116.1644, 52.9103], [116.1004, 52.913], [116.0948, 52.9018], [116.0628, 52.8695], [116.0285, 52.8459], [116.018, 52.8454], [116.0053, 52.8369], [115.9803, 52.84], [115.972, 52.8354], [115.9715, 52.8215], [115.9611, 52.8149], [115.96, 52.796], [115.9526, 52.7944], [115.9502, 52.7742], [115.9247, 52.7678], [115.8792, 52.7444], [115.8633, 52.7481], [115.8417, 52.7373], [115.8087, 52.7393], [115.7883, 52.746], [115.7709, 52.7447], [115.7673, 52.7325], [115.7491, 52.7274], [115.742, 52.714], [115.7479, 52.7098], [115.7462, 52.7046], [115.7699, 52.7009], [115.7731, 52.6895], [115.7696, 52.6818], [115.777, 52.6797], [115.778, 52.6675], [115.7885, 52.6577], [115.7845, 52.6559], [115.7898, 52.6505], [115.7869, 52.6472], [115.8013, 52.6438], [115.8054, 52.6388], [115.7995, 52.6353], [115.8058, 52.6322], [115.8099, 52.6205], [115.8239, 52.6152], [115.8278, 52.6061], [115.8226, 52.6016], [115.8269, 52.5997], [115.8278, 52.5839], [115.8419, 52.5811], [115.837, 52.5789], [115.8387, 52.5735], [115.8257, 52.5681], [115.8209, 52.5605], [115.8251, 52.5462], [115.8035, 52.5246], [115.8254, 52.52], [115.8203, 52.5109], [115.8284, 52.5061], [115.8139, 52.497], [115.8129, 52.4885], [115.8254, 52.4852], [115.8297, 52.473], [115.8462, 52.466], [115.8321, 52.4484], [115.8449, 52.4376], [115.8512, 52.4215], [115.8466, 52.4075], [115.8597, 52.3969], [115.8694, 52.3742], [115.8856, 52.3727], [115.9069, 52.3558], [115.935, 52.3544], [115.9376, 52.3487], [115.9634, 52.3456], [115.9819, 52.3369], [115.9919, 52.3199], [115.9857, 52.3109], [115.9846, 52.2973], [115.9761, 52.2918], [115.9467, 52.293], [115.9505, 52.2645], [115.9598, 52.2403], [115.9568, 52.217], [115.9671, 52.2133], [115.9685, 52.2024], [115.9737, 52.2014], [115.9664, 52.1944], [115.9504, 52.1913], [115.9534, 52.184], [115.9499, 52.1798], [115.9558, 52.1766], [115.9573, 52.1616], [115.9728, 52.1624], [115.9892, 52.1494], [116.0261, 52.1452], [116.0369, 52.1492], [116.037, 52.1538], [116.1096, 52.1424], [116.1404, 52.1437], [116.1744, 52.1538], [116.1763, 52.0961], [116.2196, 52.0825], [116.2209, 52.0696], [116.195, 52.0511], [116.2151, 52.0301], [116.2155, 52.0195], [116.1925, 52.0041], [116.1036, 51.9918], [116.1707, 51.9278], [116.1801, 51.9263], [116.2193, 51.9512], [116.2204, 51.9641], [116.2335, 51.9565], [116.2575, 51.9646], [116.2559, 51.9833], [116.2702, 51.9792], [116.3101, 51.9804], [116.3285, 51.9888], [116.344, 51.9593], [116.3227, 51.9447], [116.3381, 51.9257], [116.3529, 51.9182], [116.3698, 51.9177], [116.3708, 51.9103], [116.364, 51.902], [116.3713, 51.9017], [116.3133, 51.8643], [116.3397, 51.8517], [116.3282, 51.8324], [116.3097, 51.8181], [116.3091, 51.8109], [116.3193, 51.8097], [116.3119, 51.801], [116.3175, 51.7933], [116.3061, 51.7706], [116.2996, 51.7691], [116.2995, 51.7604], [116.2776, 51.7592], [116.2654, 51.7634], [116.2322, 51.7526], [116.2207, 51.7377], [116.1753, 51.7264], [116.1759, 51.72], [116.1892, 51.7111], [116.1712, 51.7052], [116.1666, 51.6995], [116.1751, 51.6924], [116.156, 51.6844], [116.1632, 51.6652], [116.1736, 51.6634], [116.1698, 51.6578], [116.1747, 51.6521], [116.1673, 51.6454], [116.1726, 51.6375], [116.1852, 51.6318], [116.1799, 51.6203], [116.1928, 51.6194], [116.2021, 51.6103], [116.1956, 51.6029], [116.2125, 51.5973], [116.2509, 51.5961], [116.2503, 51.5839], [116.2566, 51.581], [116.2359, 51.574], [116.2565, 51.5596]]]}}, {"type": "Feature", "properties": {"osm_type": "relation", "osm_id": 761619802, "name": "Shelopuginsky District", "admin_level": "6", "kind": "subdivision_2", "parent_osm_id": 145730, "parent_name": "Zabaykalsky Krai", "parent_iso": "RU-ZAB"}, "geometry": {"type": "Polygon", "coordinates": [[[117.2673, 51.9347], [117.2753, 51.9303], [117.2887, 51.9012], [117.285, 51.8895], [117.3049, 51.8645], [117.3082, 51.8503], [117.3379, 51.8267], [117.3547, 51.8195], [117.3571, 51.808], [117.3517, 51.7972], [117.3002, 51.7849], [117.2814, 51.7775], [117.281, 51.7691], [117.2682, 51.7664], [117.2656, 51.7609], [117.2814, 51.7545], [117.2788, 51.7448], [117.2737, 51.745], [117.2716, 51.7207], [117.2767, 51.7075], [117.2912, 51.6919], [117.2814, 51.6863], [117.2669, 51.6929], [117.2306, 51.6665], [117.2443, 51.6633], [117.2502, 51.654], [117.2457, 51.6465], [117.2571, 51.6434], [117.2566, 51.6328], [117.2665, 51.6257], [117.2712, 51.613], [117.2677, 51.6039], [117.2823, 51.5978], [117.2865, 51.5875], [117.3062, 51.5737], [117.3177, 51.5769], [117.3365, 51.5588], [117.3629, 51.5644], [117.3804, 51.5575], [117.3937, 51.5227], [117.383, 51.5076], [117.3937, 51.5028], [117.4018, 51.4749], [117.3877, 51.4494], [117.3932, 51.4406], [117.3779, 51.4342], [117.3766, 51.4286], [117.3826, 51.4233], [117.3796, 51.418], [117.3544, 51.4105], [117.354, 51.3977], [117.3356, 51.3914], [117.3147, 51.3964], [117.2938, 51.3916], [117.2788, 51.3786], [117.2618, 51.3716], [117.2468, 51.3418], [117.304, 51.3135], [117.3032, 51.3039], [117.313, 51.2932], [117.3335, 51.2911], [117.3412, 51.2842], [117.3621, 51.2778], [117.3877, 51.2347], [117.3851, 51.2294], [117.4095, 51.2211], [117.4342, 51.2313], [117.4278, 51.2513], [117.4952, 51.2764], [117.5256, 51.2703], [117.5904, 51.2836], [117.5967, 51.2685], [117.6227, 51.2629], [117.6215, 51.2559], [117.6314, 51.2523], [117.6426, 51.2527], [117.6526, 51.264], [117.6622, 51.2602], [117.6936, 51.268], [117.7039, 51.2638], [117.715, 51.2691], [117.7487, 51.2566], [117.7549, 51.2609], [117.7916, 51.2597], [117.8701, 51.2729], [117.8802, 51.268], [117.9051, 51.2728], [117.9081, 51.2773], [117.9261, 51.2768], [117.9389, 51.3178], [117.9166, 51.3392], [117.9182, 51.3451], [117.9671, 51.3492], [117.9632, 51.3607], [117.9668, 51.3752], [117.9886, 51.3777], [118.0103, 51.3956], [117.9961, 51.4138], [118.0015, 51.4146], [118.0067, 51.4336], [117.9982, 51.4432], [118.0052, 51.4479], [118.0027, 51.453], [117.9741, 51.4522], [117.9626, 51.461], [117.959, 51.4763], [117.9463, 51.4759], [117.9369, 51.4838], [117.9231, 51.484], [117.9228, 51.4998], [117.9149, 51.5028], [117.9173, 51.5178], [117.936, 51.521], [117.9234, 51.5437], [117.9289, 51.5708], [117.9634, 51.5937], [117.9863, 51.5977], [117.9976, 51.6097], [118.0157, 51.6185], [118.0236, 51.6295], [118.0236, 51.6519], [118.0616, 51.6495], [118.0676, 51.6551], [118.0791, 51.653], [118.0996, 51.6593], [118.109, 51.6744], [118.1022, 51.6845], [118.1227, 51.6993], [118.1329, 51.7012], [118.1402, 51.7141], [118.1572, 51.7099], [118.1619, 51.7223], [118.2076, 51.7498], [118.2059, 51.762], [118.2277, 51.7799], [118.2541, 51.7823], [118.2657, 51.7931], [118.2511, 51.8018], [118.2507, 51.811], [118.2682, 51.8185], [118.2657, 51.8343], [118.2785, 51.8495], [118.2491, 51.8541], [118.25, 51.8639], [118.2601, 51.8704], [118.2601, 51.8752], [118.273, 51.8772], [118.2759, 51.8839], [118.2921, 51.8794], [118.2973, 51.8864], [118.3095, 51.8896], [118.3105, 51.9003], [118.3011, 51.9029], [118.3058, 51.9095], [118.3667, 51.9145], [118.3818, 51.9197], [118.3905, 51.9283], [118.3957, 51.9484], [118.414, 51.953], [118.3921, 51.9602], [118.3412, 51.961], [118.3219, 51.9744], [118.2934, 51.9838], [118.2819, 51.9757], [118.2422, 51.9754], [118.2307, 51.9628], [118.2035, 51.9614], [118.1797, 51.9482], [118.1945, 51.9219], [118.1895, 51.9146], [118.195, 51.9008], [118.2029, 51.8987], [118.1937, 51.8893], [118.1785, 51.8916], [118.1607, 51.9052], [118.1625, 51.9117], [118.1483, 51.9125], [118.134, 51.9216], [118.1137, 51.917], [118.0857, 51.9265], [118.0742, 51.9191], [118.0373, 51.92], [118.0259, 51.928], [117.9934, 51.9281], [117.9754, 51.9199], [117.956, 51.9199], [117.9353, 51.9391], [117.9368, 51.9448], [117.9304, 51.9525], [117.9345, 51.9662], [117.9212, 51.9708], [117.8898, 51.9631], [117.8763, 51.9755], [117.8499, 51.9774], [117.8341, 51.9849], [117.8374, 51.9886], [117.8324, 51.9964], [117.8166, 51.9945], [117.8063, 52.003], [117.8085, 52.0156], [117.8038, 52.0186], [117.7797, 52.0107], [117.7471, 52.01], [117.7393, 52.0354], [117.7086, 52.0548], [117.6981, 52.0721], [117.6238, 52.1015], [117.5964, 52.1059], [117.5808, 52.103], [117.5569, 52.0754], [117.533, 52.0654], [117.5473, 52.0561], [117.5528, 52.0445], [117.5374, 52.0403], [117.5134, 52.0231], [117.5067, 52.0099], [117.4786, 52.003], [117.4679, 51.993], [117.4527, 51.9896], [117.4392, 51.9882], [117.4078, 51.9976], [117.3397, 51.9849], [117.3147, 51.9652], [117.3089, 51.9523], [117.2778, 51.955], [117.2673, 51.9347]]]}}, {"type": "Feature", "properties": {"osm_type": "relation", "osm_id": 986427963, "name": "Zabaykalsky District", "admin_level": "6", "kind": "subdivision_2", "parent_osm_id": 145730, "parent_name": "Zabaykalsky Krai", "parent_iso": "RU-ZAB"}, "geometry": {"type": "Polygon", "coordinates": [[[117.3021, 50.2358], [117.2896, 50.2308], [117.2783, 50.244], [117.2385, 50.2404], [117.227, 50.2268], [117.2087, 50.2193], [117.182, 50.2274], [117.1419, 50.2133], [117.0902, 50.2445], [117.0711, 50.2159], [117.0585, 50.2061], [117.0425, 50.1708], [117.0465, 50.1569], [116.8675, 50.1409], [116.7837, 50.1123], [116.7753, 50.1957], [116.6852, 50.1669], [116.6597, 50.19], [116.5746, 50.1716], [116.521, 50.1765], [116.502, 50.1843], [116.4303, 50.0806], [116.3397, 50.069], [116.2635, 50.0714], [116.2325, 50.0624], [116.233, 50.0359], [116.2819, 50.0152], [116.3982, 49.9809], [116.531, 49.9454], [116.6216, 49.9311], [116.7113, 49.8418], [117.0614, 49.6856], [117.2733, 49.6308], [117.4716, 49.6264], [117.6338, 49.5647], [117.7934, 49.52], [117.7978, 49.5246], [117.8049, 49.5228], [117.8072, 49.5312], [117.8191, 49.5379], [117.8366, 49.5419], [117.831, 49.535], [117.8379, 49.5331], [117.8337, 49.5294], [117.845, 49.5296], [117.8453, 49.5216], [117.8537, 49.5218], [117.8571, 49.5187], [117.8522, 49.5161], [117.8576, 49.5105], [117.8681, 49.5083], [117.8705, 49.5162], [117.8808, 49.5137], [117.8753, 49.5256], [117.8772, 49.5335], [117.8692, 49.5375], [117.8847, 49.5435], [117.8909, 49.5936], [117.9018, 49.5911], [117.9175, 49.5985], [117.9178, 49.5935], [117.9211, 49.5943], [117.92, 49.5978], [117.925, 49.5962], [117.9638, 49.6259], [117.9919, 49.6367], [117.9125, 49.6736], [117.9409, 49.6892], [117.8866, 49.7644], [117.9338, 49.8063], [117.9377, 49.8368], [117.9545, 49.8578], [117.9328, 49.8851], [117.8233, 49.9152], [117.795, 49.9047], [117.768, 49.9333], [117.7563, 49.9381], [117.7841, 49.9964], [117.7464, 50.0225], [117.6445, 50.0335], [117.648, 50.0451], [117.6397, 50.0451], [117.6068, 50.1065], [117.3021, 50.2358]]]}}, {"type": "Feature", "properties": {"osm_type": "relation", "osm_id": 145447304, "name": "Tungokochensky District", "admin_level": "6", "kind": "subdivision_2", "parent_osm_id": 145730, "parent_name": "Zabaykalsky Krai", "parent_iso": "RU-ZAB"}, "geometry": {"type": "Polygon", "coordinates": [[[115.9685, 52.2024], [115.9671, 52.2133], [115.9568, 52.217], [115.9598, 52.2403], [115.9505, 52.2645], [115.9467, 52.293], [115.9761, 52.2918], [115.9846, 52.2973], [115.9857, 52.3109], [115.9919, 52.3199], [115.9819, 52.3369], [115.9634, 52.3456], [115.9376, 52.3487], [115.935, 52.3544], [115.9069, 52.3558], [115.8856, 52.3727], [115.8694, 52.3742], [115.8597, 52.3969], [115.8466, 52.4075], [115.8512, 52.4215], [115.8449, 52.4376], [115.8321, 52.4484], [115.8462, 52.466], [115.8297, 52.473], [115.8254, 52.4852], [115.8129, 52.4885], [115.8139, 52.497], [115.8284, 52.5061], [115.8203, 52.5109], [115.8254, 52.52], [115.8035, 52.5246], [115.8251, 52.5462], [115.8209, 52.5605], [115.8257, 52.5681], [115.8387, 52.5735], [115.837, 52.5789], [115.8419, 52.5811], [115.8278, 52.5839], [115.8269, 52.5997], [115.8226, 52.6016], [115.8278, 52.6061], [115.8239, 52.6152], [115.8099, 52.6205], [115.8058, 52.6322], [115.7995, 52.6353], [115.8054, 52.6388], [115.8013, 52.6438], [115.7869, 52.6472], [115.7898, 52.6505], [115.7845, 52.6559], [115.7885, 52.6577], [115.778, 52.6675], [115.777, 52.6797], [115.7696, 52.6818], [115.7731, 52.6895], [115.7699, 52.7009], [115.7462, 52.7046], [115.7479, 52.7098], [115.742, 52.714], [115.7491, 52.7274], [115.7673, 52.7325], [115.7709, 52.7447], [115.7883, 52.746], [115.8087, 52.7393], [115.8417, 52.7373], [115.8633, 52.7481], [115.8792, 52.7444], [115.9247, 52.7678], [115.9502, 52.7742], [115.9526, 52.7944], [115.96, 52.796], [115.9611, 52.8149], [115.9715, 52.8215], [115.972, 52.8354], [115.9803, 52.84], [116.0053, 52.8369], [116.018, 52.8454], [116.0285, 52.8459], [116.0628, 52.8695], [116.0948, 52.9018], [116.1004, 52.913], [116.1644, 52.9103], [116.1745, 52.9198], [116.2296, 52.9071], [116.2416, 52.9094], [116.2444, 52.9169], [116.2268, 52.9322], [116.2307, 52.9444], [116.2154, 52.9619], [116.2201, 52.9725], [116.2369, 52.9845], [116.2378, 52.9915], [116.2647, 52.9989], [116.2794, 52.9958], [116.2947, 53.0004], [116.2944, 53.0082], [116.3526, 53.0169], [116.3512, 53.029], [116.3562, 53.0328], [116.3504, 53.0426], [116.3551, 53.0465], [116.3399, 53.0664], [116.3661, 53.0763], [116.3922, 53.0688], [116.4005, 53.0756], [116.4299, 53.0733], [116.4491, 53.089], [116.5288, 53.088], [116.5519, 53.1089], [116.5441, 53.1243], [116.5536, 53.128], [116.5589, 53.1404], [116.58, 53.1495], [116.5953, 53.1683], [116.6383, 53.1641], [116.6625, 53.155], [116.6774, 53.1417], [116.6733, 53.1182], [116.7233, 53.1054], [116.7426, 53.1134], [116.7711, 53.1082], [116.8016, 53.1464], [116.8159, 53.1489], [116.8197, 53.1567], [116.8617, 53.1732], [116.9031, 53.174], [116.9073, 53.1904], [116.9163, 53.2002], [116.9297, 53.2003], [116.9534, 53.2117], [117.0104, 53.2108], [117.0261, 53.226], [117.0723, 53.2288], [117.1033, 53.2239], [117.1459, 53.2348], [117.1556, 53.257], [117.186, 53.2786], [117.182, 53.3053], [117.151, 53.3315], [117.1342, 53.3299], [117.0855, 53.3678], [117.0388, 53.3863], [117.0367, 53.392], [117.0443, 53.399], [117.0174, 53.4547], [117.0382, 53.4612], [117.0486, 53.4709], [117.0626, 53.4731], [117.0857, 53.5138], [117.1139, 53.5269], [117.1347, 53.5248], [117.1728, 53.5338], [117.1764, 53.5465], [117.1871, 53.5447], [117.2089, 53.5199], [117.2231, 53.5196], [117.234, 53.5082], [117.2525, 53.5005], [117.2439, 53.4813], [117.2511, 53.4701], [117.2572, 53.4795], [117.2719, 53.4792], [117.2592, 53.4655], [117.2907, 53.4495], [117.3317, 53.4501], [117.3429, 53.4392], [117.3424, 53.4319], [117.3306, 53.4294], [117.3299, 53.4199], [117.317, 53.4123], [117.3476, 53.4075], [117.3557, 53.4162], [117.3694, 53.4075], [117.3912, 53.4193], [117.4019, 53.4138], [117.4161, 53.4171], [117.4248, 53.3941], [117.4423, 53.4052], [117.4566, 53.3947], [117.4826, 53.4022], [117.4836, 53.4088], [117.4757, 53.4154], [117.5196, 53.4212], [117.5221, 53.426], [117.5125, 53.4366], [117.5353, 53.4421], [117.5315, 53.451], [117.5793, 53.4469], [117.5861, 53.451], [117.5991, 53.4496], [117.6402, 53.4617], [117.643, 53.4667], [117.6727, 53.4684], [117.6842, 53.4631], [117.6971, 53.4679], [117.7035, 53.4626], [117.7154, 53.4664], [117.7113, 53.4779], [117.7179, 53.4803], [117.7405, 53.4743], [117.754, 53.4859], [117.7657, 53.4839], [117.7786, 53.4994], [117.8055, 53.5043], [117.8025, 53.5074], [117.8061, 53.5145], [117.8185, 53.5157], [117.8233, 53.5214], [117.8116, 53.5246], [117.817, 53.5274], [117.8129, 53.5358], [117.8193, 53.538], [117.8165, 53.5474], [117.8233, 53.5427], [117.8447, 53.5474], [117.8515, 53.5582], [117.8457, 53.5726], [117.8556, 53.5723], [117.8487, 53.5751], [117.8495, 53.5885], [117.87, 53.5891], [117.8782, 53.5952], [117.8944, 53.591], [117.8993, 53.6071], [117.8921, 53.6118], [117.901, 53.6384], [117.8904, 53.6413], [117.899, 53.65], [117.9132, 53.6419], [117.9302, 53.6503], [117.932, 53.6584], [117.9259, 53.6623], [117.9315, 53.6681], [117.9414, 53.669], [117.9437, 53.6807], [117.9531, 53.6899], [117.9523, 53.7002], [117.9632, 53.7066], [117.965, 53.7159], [117.9732, 53.718], [117.9707, 53.7357], [117.9593, 53.7486], [117.9698, 53.7705], [117.9688, 53.7987], [117.9875, 53.8184], [117.9922, 53.8286], [117.9891, 53.8342], [118.0118, 53.8801], [118.006, 53.89], [117.9723, 53.9148], [117.9439, 53.9247], [117.9324, 53.9204], [117.9207, 53.8986], [117.9137, 53.8678], [117.8782, 53.8811], [117.8534, 53.8808], [117.8367, 53.8766], [117.8268, 53.8489], [117.8299, 53.8413], [117.7981, 53.8347], [117.7812, 53.8238], [117.7665, 53.8281], [117.7415, 53.8451], [117.6982, 53.8318], [117.6898, 53.8079], [117.6652, 53.7932], [117.662, 53.7815], [117.6336, 53.7689], [117.6216, 53.7511], [117.588, 53.7329], [117.5522, 53.7472], [117.5289, 53.7498], [117.5212, 53.7571], [117.5447, 53.7759], [117.547, 53.7799], [117.5422, 53.7834], [117.4948, 53.7886], [117.4576, 53.7817], [117.43, 53.7651], [117.4102, 53.7631], [117.3738, 53.746], [117.3522, 53.7239], [117.3251, 53.7293], [117.314, 53.7618], [117.3215, 53.7681], [117.3237, 53.7791], [117.3043, 53.8106], [117.3046, 53.8321], [117.3222, 53.8434], [117.3281, 53.8613], [117.3057, 53.8772], [117.305, 53.8893], [117.3159, 53.8997], [117.3483, 53.9101], [117.3689, 53.9266], [117.3818, 53.9174], [117.3978, 53.9168], [117.4125, 53.9275], [117.449, 53.9389], [117.4702, 53.9538], [117.498, 53.9532], [117.5199, 53.9651], [117.537, 53.9825], [117.567, 53.9895], [117.5752, 53.9981], [117.5686, 54.008], [117.5826, 54.0269], [117.5783, 54.0502], [117.583, 54.0633], [117.6311, 54.0752], [117.6533, 54.0722], [117.6699, 54.0631], [117.6808, 54.0791], [117.6778, 54.0975], [117.7121, 54.1135], [117.7051, 54.1486], [117.7347, 54.172], [117.7342, 54.1826], [117.7399, 54.1877], [117.7325, 54.1945], [117.7324, 54.2216], [117.7487, 54.2215], [117.7582, 54.245], [117.7412, 54.2562], [117.7548, 54.27], [117.7552, 54.278], [117.7469, 54.2914], [117.7656, 54.3168], [117.7904, 54.3226], [117.8439, 54.3222], [117.9082, 54.3553], [117.9261, 54.3712], [117.9039, 54.389], [117.9017, 54.4126], [117.8773, 54.4356], [117.8629, 54.4408], [117.8457, 54.4597], [117.8557, 54.4873], [117.8694, 54.4903], [117.8726, 54.5015], [117.8845, 54.5105], [117.9103, 54.5074], [117.9405, 54.4963], [117.971, 54.5138], [118.0166, 54.5222], [118.0572, 54.5232], [118.0838, 54.5359], [118.1086, 54.5742], [118.1014, 54.5865], [118.0741, 54.6019], [118.0482, 54.6071], [118.0673, 54.6184], [118.0705, 54.6269], [118.0687, 54.6493], [118.0597, 54.6622], [118.0644, 54.6728], [118.0766, 54.6832], [118.0759, 54.6983], [118.0446, 54.7199], [118.0475, 54.7324], [118.0633, 54.7438], [118.0942, 54.7543], [118.1007, 54.768], [118.1086, 54.8291], [118.0874, 54.8572], [118.0403, 54.8907], [118.0306, 54.9093], [117.9839, 54.9371], [117.9789, 54.9512], [117.9832, 54.9683], [118.0109, 54.973], [118.0461, 54.9881], [118.0773, 55.0107], [118.0942, 55.0369], [118.1161, 55.0562], [118.1603, 55.0657], [118.189, 55.0803], [118.2397, 55.0871], [118.263, 55.1019], [118.2673, 55.1325], [118.2407, 55.1423], [118.2318, 55.1634], [118.2519, 55.184], [118.2608, 55.2016], [118.2899, 55.2131], [118.2831, 55.2151], [118.2723, 55.21], [118.263, 55.2147], [118.2238, 55.218], [118.2332, 55.2323], [118.2235, 55.2399], [118.2278, 55.2473], [118.2167, 55.2591], [118.1836, 55.2577], [118.1585, 55.2641], [118.1405, 55.261], [118.1096, 55.2694], [118.0985, 55.2913], [118.0996, 55.2988], [118.1136, 55.3117], [118.1007, 55.3323], [118.0651, 55.3199], [118.0015, 55.3309], [117.9742, 55.3466], [117.9699, 55.3701], [117.9628, 55.3799], [117.9042, 55.4097], [117.8819, 55.4268], [117.8819, 55.437], [117.9024, 55.4533], [117.9092, 55.4792], [117.9301, 55.4891], [117.9477, 55.5111], [117.9441, 55.5302], [117.9297, 55.5365], [117.8812, 55.5365], [117.8625, 55.545], [117.8223, 55.5225], [117.7846, 55.5241], [117.7641, 55.5105], [117.7372, 55.5089], [117.6794, 55.5162], [117.6625, 55.5123], [117.6431, 55.4861], [117.6126, 55.468], [117.5609, 55.5044], [117.5411, 55.5054], [117.5271, 55.5306], [117.5135, 55.5377], [117.5135, 55.5522], [117.4912, 55.5534], [117.4754, 55.5422], [117.4488, 55.5495], [117.3353, 55.5345], [117.3296, 55.5266], [117.336, 55.516], [117.3249, 55.5093], [117.2427, 55.5223], [117.2294, 55.5148], [117.1888, 55.515], [117.1683, 55.5021], [117.1471, 55.4991], [117.127, 55.5024], [117.1127, 55.5135], [117.1127, 55.5284], [117.0976, 55.5424], [117.1008, 55.5477], [117.127, 55.554], [117.1428, 55.5727], [117.1623, 55.5803], [117.1662, 55.5867], [117.1327, 55.6074], [117.1273, 55.6324], [117.096, 55.639], [117.0915, 55.6564], [117.0753, 55.6647], [117.0801, 55.6975], [117.0759, 55.7102], [117.0655, 55.7147], [117.0493, 55.7091], [117.0261, 55.7102], [117.0128, 55.7172], [117.0599, 55.738], [117.0675, 55.7479], [117.0736, 55.8135], [117.045, 55.8419], [117.02, 55.8564], [116.9542, 55.9088], [116.9502, 55.9184], [116.9398, 55.9247], [116.9328, 55.9432], [116.9459, 55.953], [116.9191, 55.9588], [116.8844, 55.9879], [116.8607, 55.9892], [116.8533, 55.9734], [116.8562, 55.9505], [116.8294, 55.9116], [116.8319, 55.9013], [116.8276, 55.8971], [116.8371, 55.8747], [116.8155, 55.8648], [116.8152, 55.84], [116.8047, 55.8295], [116.7889, 55.8234], [116.7621, 55.818], [116.7387, 55.8215], [116.7287, 55.8167], [116.7272, 55.7991], [116.7209, 55.7947], [116.7013, 55.7919], [116.6799, 55.8014], [116.6594, 55.7944], [116.5706, 55.7897], [116.5368, 55.8048], [116.5064, 55.812], [116.4958, 55.813], [116.4706, 55.8044], [116.4339, 55.815], [116.4145, 55.812], [116.3659, 55.8309], [116.3552, 55.815], [116.2898, 55.8245], [116.2569, 55.8162], [116.2371, 55.8038], [116.2158, 55.8076], [116.1563, 55.7857], [116.1109, 55.7896], [116.1088, 55.7871], [116.1259, 55.777], [116.1306, 55.7676], [116.1058, 55.7433], [116.1046, 55.7179], [116.0842, 55.6975], [116.0825, 55.6905], [116.0737, 55.6868], [116.0182, 55.693], [115.9987, 55.6876], [115.9635, 55.6598], [115.948, 55.654], [115.9062, 55.6558], [115.9075, 55.6495], [115.8973, 55.6272], [115.8756, 55.6032], [115.8831, 55.592], [115.9111, 55.5863], [115.9177, 55.577], [115.8921, 55.5607], [115.8752, 55.538], [115.8769, 55.4962], [115.9, 55.4754], [115.9345, 55.4675], [115.9616, 55.4433], [115.9549, 55.4347], [115.9038, 55.4124], [115.9026, 55.406], [115.926, 55.3932], [115.942, 55.3739], [115.9664, 55.3589], [115.9875, 55.3559], [116.0177, 55.3669], [116.036, 55.3803], [116.0725, 55.3824], [116.079, 55.3778], [116.0779, 55.3649], [116.1017, 55.3441], [116.1799, 55.3603], [116.2394, 55.3534], [116.2694, 55.3653], [116.2942, 55.3628], [116.3463, 55.3846], [116.3744, 55.3811], [116.3938, 55.3602], [116.3895, 55.3512], [116.392, 55.343], [116.4206, 55.3359], [116.4239, 55.3191], [116.4505, 55.3257], [116.4723, 55.3155], [116.4682, 55.3084], [116.442, 55.2961], [116.4459, 55.2858], [116.4608, 55.2745], [116.4487, 55.2546], [116.4726, 55.2294], [116.5267, 55.2092], [116.5429, 55.1933], [116.5927, 55.1783], [116.6229, 55.1455], [116.6706, 55.1409], [116.6913, 55.1203], [116.7209, 55.1118], [116.7312, 55.1155], [116.7384, 55.1264], [116.7547, 55.1224], [116.7689, 55.099], [116.8049, 55.0681], [116.7997, 55.0533], [116.825, 55.0474], [116.8412, 55.0343], [116.8369, 55.0078], [116.8094, 54.9939], [116.8069, 54.9858], [116.8198, 54.9764], [116.8491, 54.9855], [116.8699, 54.9806], [116.8473, 54.9731], [116.8417, 54.9644], [116.8564, 54.9531], [116.8825, 54.9514], [116.8909, 54.9465], [116.887, 54.9399], [116.8647, 54.931], [116.8605, 54.9194], [116.878, 54.8987], [116.8724, 54.8824], [116.8748, 54.8773], [116.9126, 54.8669], [116.9085, 54.8512], [116.9189, 54.8276], [116.9088, 54.8175], [116.8931, 54.8161], [116.8921, 54.8122], [116.915, 54.8056], [116.9217, 54.799], [116.8661, 54.7846], [116.8499, 54.7718], [116.8449, 54.7389], [116.8638, 54.734], [116.8774, 54.7114], [116.8733, 54.7041], [116.863, 54.6992], [116.8328, 54.705], [116.8213, 54.6996], [116.8262, 54.6874], [116.8159, 54.6729], [116.7762, 54.6748], [116.747, 54.6644], [116.744, 54.6538], [116.7616, 54.6385], [116.7658, 54.6287], [116.7506, 54.6224], [116.7488, 54.6153], [116.7561, 54.6102], [116.7744, 54.6127], [116.7806, 54.6065], [116.7709, 54.5884], [116.6933, 54.5662], [116.7048, 54.554], [116.7244, 54.5456], [116.7239, 54.5314], [116.7055, 54.5254], [116.6738, 54.5243], [116.658, 54.5087], [116.6471, 54.5049], [116.6157, 54.5194], [116.5672, 54.5059], [116.5199, 54.5179], [116.5099, 54.5084], [116.5086, 54.4894], [116.5323, 54.4673], [116.5166, 54.46], [116.488, 54.461], [116.4828, 54.4702], [116.4825, 54.4844], [116.4765, 54.4881], [116.4483, 54.4863], [116.4406, 54.477], [116.4311, 54.4773], [116.3997, 54.5027], [116.3461, 54.5098], [116.3377, 54.5055], [116.3274, 54.4901], [116.3165, 54.4875], [116.2994, 54.5], [116.2626, 54.5085], [116.2488, 54.4899], [116.2409, 54.489], [116.2115, 54.4982], [116.1903, 54.495], [116.1836, 54.4993], [116.1934, 54.5091], [116.1759, 54.5115], [116.1618, 54.5001], [116.1326, 54.4968], [116.1133, 54.479], [116.0767, 54.4795], [116.044, 54.4868], [116.0136, 54.4813], [115.9764, 54.4551], [115.9356, 54.4724], [115.9028, 54.4614], [115.843, 54.4598], [115.8154, 54.4425], [115.7956, 54.4361], [115.7564, 54.4427], [115.7333, 54.4367], [115.7139, 54.4243], [115.674, 54.4305], [115.6389, 54.4154], [115.603, 54.4143], [115.5931, 54.4075], [115.5939, 54.3908], [115.5834, 54.3835], [115.507, 54.3751], [115.4888, 54.3679], [115.4878, 54.358], [115.4992, 54.3451], [115.5038, 54.3284], [115.5013, 54.3149], [115.4931, 54.3089], [115.4393, 54.2961], [115.4194, 54.2791], [115.402, 54.2715], [115.3718, 54.2661], [115.3452, 54.2695], [115.3201, 54.2476], [115.3129, 54.2355], [115.2621, 54.2304], [115.2506, 54.222], [115.2485, 54.2073], [115.2309, 54.1991], [115.2055, 54.1936], [115.1796, 54.2003], [115.1679, 54.1946], [115.162, 54.1874], [115.1724, 54.1615], [115.1679, 54.1512], [115.1491, 54.1332], [115.1458, 54.119], [115.0959, 54.1072], [115.0917, 54.0918], [115.0335, 54.0827], [115.0133, 54.0736], [115.0181, 54.0571], [115.0145, 54.0445], [115.0258, 54.0328], [114.9904, 54.0301], [114.9858, 53.999], [114.9809, 53.995], [114.9427, 53.9959], [114.9139, 53.9733], [114.8766, 53.975], [114.8688, 53.9687], [114.8688, 53.9571], [114.8615, 53.9506], [114.7854, 53.9469], [114.7556, 53.9505], [114.7569, 53.9383], [114.7526, 53.9303], [114.7404, 53.9267], [114.6871, 53.9297], [114.6612, 53.9159], [114.5779, 53.9163], [114.5734, 53.906], [114.5776, 53.8836], [114.5584, 53.8678], [114.5313, 53.8561], [114.5255, 53.8486], [114.5254, 53.8331], [114.5086, 53.8242], [114.5135, 53.8153], [114.505, 53.8102], [114.4668, 53.8198], [114.4324, 53.8061], [114.3863, 53.823], [114.3617, 53.8118], [114.3545, 53.7997], [114.3567, 53.7862], [114.3508, 53.7738], [114.3111, 53.762], [114.3064, 53.7567], [114.2672, 53.7538], [114.2468, 53.7436], [114.2346, 53.752], [114.2198, 53.754], [114.2045, 53.7393], [114.1931, 53.7367], [114.1824, 53.7401], [114.1735, 53.7518], [114.1588, 53.7593], [114.1444, 53.7553], [114.112, 53.7345], [113.9847, 53.7228], [113.9461, 53.7023], [113.9522, 53.6947], [113.9789, 53.686], [113.9806, 53.6731], [113.9741, 53.6591], [113.9746, 53.6475], [113.932, 53.6456], [113.9301, 53.6486], [113.9404, 53.6587], [113.9364, 53.664], [113.916, 53.6453], [113.8936, 53.6537], [113.8865, 53.6273], [113.8734, 53.623], [113.8568, 53.633], [113.845, 53.628], [113.8249, 53.6316], [113.8188, 53.6233], [113.7998, 53.6158], [113.7934, 53.6026], [113.7751, 53.5893], [113.8331, 53.5798], [113.861, 53.5678], [113.8764, 53.5503], [113.8762, 53.5305], [113.8832, 53.5219], [113.8788, 53.5047], [113.8702, 53.4959], [113.8359, 53.4825], [113.8222, 53.4489], [113.8481, 53.4334], [113.8272, 53.4165], [113.8418, 53.4045], [113.8458, 53.3896], [113.8739, 53.3716], [113.8746, 53.3626], [113.8958, 53.3652], [113.9177, 53.3558], [113.9364, 53.3585], [113.9467, 53.3466], [113.9477, 53.3422], [113.9382, 53.3332], [113.9613, 53.3236], [113.9527, 53.3203], [113.9514, 53.304], [113.9416, 53.3031], [113.9244, 53.284], [113.9302, 53.2744], [113.9446, 53.2735], [113.9486, 53.2495], [113.9785, 53.2361], [114.0081, 53.2489], [114.025, 53.238], [114.0517, 53.2484], [114.0547, 53.2387], [114.0438, 53.2289], [114.0433, 53.2086], [114.0523, 53.2038], [114.0612, 53.2052], [114.0695, 53.1979], [114.0932, 53.1982], [114.1006, 53.1854], [114.1594, 53.1921], [114.2057, 53.1787], [114.208, 53.1467], [114.1907, 53.1275], [114.1757, 53.1166], [114.146, 53.1176], [114.1464, 53.0726], [114.1576, 53.0723], [114.1644, 53.0843], [114.1707, 53.0867], [114.1974, 53.0763], [114.2069, 53.068], [114.2319, 53.0842], [114.2334, 53.0892], [114.269, 53.0907], [114.2656, 53.0842], [114.2923, 53.0595], [114.3296, 53.0603], [114.3595, 53.0519], [114.3756, 53.0544], [114.3897, 53.0433], [114.4432, 53.0627], [114.4851, 53.0395], [114.504, 53.0448], [114.5821, 53.0079], [114.5897, 52.9993], [114.5906, 52.9788], [114.5385, 52.9567], [114.5334, 52.9498], [114.5349, 52.9281], [114.5239, 52.9168], [114.5242, 52.8997], [114.5496, 52.8858], [114.5309, 52.8566], [114.5341, 52.8475], [114.5228, 52.8354], [114.5192, 52.824], [114.5291, 52.8184], [114.5289, 52.8115], [114.5116, 52.8068], [114.5065, 52.7941], [114.522, 52.7917], [114.5396, 52.7807], [114.5627, 52.7391], [114.5756, 52.7307], [114.5741, 52.7213], [114.593, 52.704], [114.6156, 52.6964], [114.6223, 52.6788], [114.6108, 52.6703], [114.5929, 52.6684], [114.5893, 52.6661], [114.5925, 52.6628], [114.6564, 52.6531], [114.6473, 52.6261], [114.6502, 52.6106], [114.6959, 52.6088], [114.7071, 52.6051], [114.706, 52.5957], [114.7137, 52.591], [114.7372, 52.5898], [114.7531, 52.5809], [114.7649, 52.5649], [114.7801, 52.5675], [114.8106, 52.5595], [114.8186, 52.5281], [114.8335, 52.5219], [114.8453, 52.4888], [114.8854, 52.4607], [114.9225, 52.4744], [114.9505, 52.471], [114.9911, 52.4826], [115.0051, 52.4803], [115.0089, 52.4642], [115.0309, 52.4511], [115.0609, 52.4581], [115.0722, 52.447], [115.1165, 52.4384], [115.1282, 52.4527], [115.1443, 52.446], [115.1677, 52.4482], [115.1765, 52.4347], [115.1915, 52.436], [115.2128, 52.4028], [115.246, 52.395], [115.2507, 52.39], [115.2416, 52.3744], [115.2451, 52.3513], [115.2273, 52.3463], [115.2273, 52.3286], [115.2327, 52.3246], [115.2061, 52.3112], [115.2157, 52.2973], [115.2259, 52.2867], [115.2741, 52.2787], [115.2874, 52.2935], [115.3396, 52.292], [115.345, 52.2869], [115.3598, 52.2956], [115.3756, 52.2907], [115.3842, 52.2764], [115.3818, 52.2701], [115.3875, 52.2598], [115.3848, 52.2518], [115.3899, 52.2341], [115.4009, 52.2179], [115.4105, 52.2175], [115.4198, 52.2], [115.4147, 52.1632], [115.4092, 52.1576], [115.4149, 52.1421], [115.4591, 52.1529], [115.4741, 52.1497], [115.4757, 52.165], [115.4833, 52.1726], [115.4967, 52.1738], [115.505, 52.1666], [115.5114, 52.1751], [115.5258, 52.178], [115.5846, 52.1403], [115.6208, 52.1537], [115.6186, 52.1617], [115.6254, 52.1897], [115.6385, 52.1837], [115.6471, 52.189], [115.6655, 52.1822], [115.6753, 52.1847], [115.6826, 52.1791], [115.6893, 52.2014], [115.7456, 52.2049], [115.7817, 52.2], [115.7988, 52.213], [115.7902, 52.2176], [115.8427, 52.2314], [115.8656, 52.2142], [115.8798, 52.2142], [115.8879, 52.2058], [115.8989, 52.2104], [115.9175, 52.2088], [115.929, 52.2021], [115.944, 52.2104], [115.9613, 52.2013], [115.9685, 52.2024]]]}}, {"type": "Feature", "properties": {"osm_type": "relation", "osm_id": 183309330, "name": "Gazimuro-Zavodsky District", "admin_level": "6", "kind": "subdivision_2", "parent_osm_id": 145730, "parent_name": "Zabaykalsky Krai", "parent_iso": "RU-ZAB"}, "geometry": {"type": "Polygon", "coordinates": [[[118.414, 51.953], [118.3957, 51.9484], [118.3905, 51.9283], [118.3818, 51.9197], [118.3667, 51.9145], [118.3058, 51.9095], [118.3011, 51.9029], [118.3105, 51.9003], [118.3095, 51.8896], [118.2973, 51.8864], [118.2921, 51.8794], [118.2759, 51.8839], [118.273, 51.8772], [118.2601, 51.8752], [118.2601, 51.8704], [118.25, 51.8639], [118.2491, 51.8541], [118.2785, 51.8495], [118.2657, 51.8343], [118.2682, 51.8185], [118.2507, 51.811], [118.2511, 51.8018], [118.2657, 51.7931], [118.2541, 51.7823], [118.2277, 51.7799], [118.2059, 51.762], [118.2076, 51.7498], [118.1619, 51.7223], [118.1572, 51.7099], [118.1402, 51.7141], [118.1329, 51.7012], [118.1227, 51.6993], [118.1022, 51.6845], [118.109, 51.6744], [118.0996, 51.6593], [118.0791, 51.653], [118.0676, 51.6551], [118.0616, 51.6495], [118.0236, 51.6519], [118.0236, 51.6295], [118.0157, 51.6185], [117.9976, 51.6097], [117.9863, 51.5977], [117.9634, 51.5937], [117.9289, 51.5708], [117.9234, 51.5437], [117.936, 51.521], [117.9173, 51.5178], [117.9149, 51.5028], [117.9228, 51.4998], [117.9231, 51.484], [117.9369, 51.4838], [117.9463, 51.4759], [117.959, 51.4763], [117.9626, 51.461], [117.9741, 51.4522], [118.0027, 51.453], [118.0052, 51.4479], [117.9982, 51.4432], [118.0067, 51.4336], [118.0015, 51.4146], [117.9961, 51.4138], [118.0103, 51.3956], [117.9886, 51.3777], [117.9668, 51.3752], [117.9632, 51.3607], [117.9671, 51.3492], [117.9182, 51.3451], [117.9166, 51.3392], [117.9389, 51.3178], [117.956, 51.3123], [117.9639, 51.3024], [117.9774, 51.3017], [118.0019, 51.313], [118.0051, 51.3202], [118.0469, 51.3009], [118.0853, 51.2972], [118.0939, 51.312], [118.1146, 51.322], [118.1285, 51.3164], [118.1472, 51.3168], [118.1738, 51.3265], [118.2095, 51.3216], [118.2171, 51.3111], [118.2486, 51.3022], [118.2537, 51.3047], [118.268, 51.2987], [118.2913, 51.306], [118.3175, 51.2969], [118.3376, 51.312], [118.3536, 51.3168], [118.3639, 51.3295], [118.3596, 51.342], [118.3709, 51.3566], [118.3677, 51.3707], [118.3961, 51.3864], [118.395, 51.4005], [118.3869, 51.4052], [118.4168, 51.4134], [118.4289, 51.4253], [118.4558, 51.4307], [118.4477, 51.4452], [118.509, 51.4442], [118.5173, 51.4545], [118.5147, 51.4585], [118.5239, 51.4648], [118.5459, 51.4515], [118.554, 51.4575], [118.5931, 51.4557], [118.605, 51.4664], [118.614, 51.4613], [118.6221, 51.4685], [118.6479, 51.4607], [118.6488, 51.4519], [118.6639, 51.4472], [118.6605, 51.439], [118.6829, 51.4315], [118.6782, 51.4198], [118.6938, 51.4122], [118.6961, 51.4026], [118.6742, 51.3911], [118.6754, 51.3792], [118.7158, 51.3784], [118.7294, 51.3731], [118.7493, 51.353], [118.7544, 51.3318], [118.7676, 51.324], [118.7683, 51.3139], [118.7792, 51.3029], [118.8229, 51.3227], [118.8398, 51.3382], [118.8758, 51.3532], [118.8908, 51.3384], [118.9205, 51.3434], [118.9234, 51.3748], [118.932, 51.3833], [118.9172, 51.3837], [118.9059, 51.3943], [118.9247, 51.409], [118.9113, 51.4156], [118.9051, 51.4424], [118.9155, 51.4587], [118.9091, 51.4648], [118.9401, 51.5003], [118.9578, 51.5045], [118.9595, 51.5109], [118.977, 51.5194], [118.9875, 51.5319], [118.9836, 51.5414], [118.9759, 51.5455], [118.974, 51.5625], [118.9608, 51.5731], [118.9495, 51.5738], [118.952, 51.5795], [118.9399, 51.592], [118.9518, 51.61], [118.9612, 51.6105], [118.9747, 51.6225], [118.9973, 51.6327], [118.9973, 51.6372], [119.0223, 51.6459], [119.0246, 51.6544], [119.034, 51.6593], [119.0502, 51.6598], [119.0489, 51.6674], [119.0677, 51.676], [119.079, 51.6723], [119.1183, 51.6761], [119.1309, 51.6681], [119.1526, 51.6721], [119.1744, 51.6651], [119.196, 51.6725], [119.2081, 51.6712], [119.2086, 51.6799], [119.1934, 51.6974], [119.1911, 51.7115], [119.1825, 51.7117], [119.1716, 51.7227], [119.1812, 51.7408], [119.1932, 51.7389], [119.2113, 51.761], [119.2408, 51.7739], [119.2444, 51.7814], [119.2858, 51.7906], [119.2922, 51.8106], [119.3078, 51.8172], [119.3306, 51.8166], [119.391, 51.8415], [119.3959, 51.8656], [119.3795, 51.8734], [119.406, 51.8918], [119.4785, 51.8921], [119.4879, 51.8873], [119.5187, 51.8968], [119.5387, 51.9249], [119.5364, 51.9311], [119.5449, 51.9354], [119.6243, 51.9387], [119.6373, 51.9442], [119.6448, 51.9522], [119.6424, 51.9579], [119.6693, 51.9584], [119.676, 51.9638], [119.6649, 51.9834], [119.671, 51.9904], [119.6838, 51.991], [119.6945, 51.9896], [119.7124, 51.9704], [119.706, 51.9562], [119.7105, 51.9483], [119.7423, 51.9462], [119.8078, 51.9209], [119.8428, 51.9021], [119.8625, 51.9101], [119.8793, 51.9109], [119.8823, 51.9253], [119.9171, 51.953], [119.9344, 51.9564], [119.9327, 51.9685], [119.9675, 51.981], [119.9668, 51.9902], [119.9935, 51.9864], [120.017, 52.0176], [120.0923, 52.0394], [120.1139, 52.0349], [120.1096, 52.0424], [120.1145, 52.0483], [120.1141, 52.0583], [120.1288, 52.0691], [120.1231, 52.0769], [120.1284, 52.0825], [120.1841, 52.0967], [120.1907, 52.106], [120.2127, 52.1116], [120.217, 52.1329], [120.224, 52.1377], [120.2505, 52.1407], [120.2471, 52.1577], [120.2797, 52.1677], [120.2842, 52.175], [120.2594, 52.1689], [120.2428, 52.186], [120.2225, 52.1865], [120.2404, 52.2111], [120.2372, 52.2141], [120.2436, 52.2216], [120.2415, 52.2289], [120.2479, 52.2331], [120.2503, 52.2437], [120.2601, 52.2477], [120.281, 52.2694], [120.2737, 52.2744], [120.2778, 52.2813], [120.319, 52.3044], [120.3128, 52.3189], [120.3173, 52.3325], [120.3117, 52.3372], [120.2818, 52.3409], [120.2765, 52.3477], [120.2784, 52.3592], [120.3047, 52.3803], [120.3282, 52.3829], [120.3241, 52.388], [120.3356, 52.3957], [120.3659, 52.395], [120.3715, 52.4006], [120.3781, 52.3837], [120.4005, 52.3821], [120.424, 52.3936], [120.4216, 52.3962], [120.4289, 52.4059], [120.4532, 52.4255], [120.507, 52.4332], [120.5177, 52.4394], [120.4951, 52.471], [120.4799, 52.4772], [120.4773, 52.4871], [120.4859, 52.4918], [120.5126, 52.4915], [120.5202, 52.5132], [120.5079, 52.5135], [120.5038, 52.5257], [120.4857, 52.534], [120.45, 52.5658], [120.4464, 52.5914], [120.4291, 52.5978], [120.4129, 52.5959], [120.4071, 52.6025], [120.4108, 52.6138], [120.4014, 52.6187], [120.3697, 52.6151], [120.282, 52.6221], [120.1846, 52.577], [120.1196, 52.5851], [120.062, 52.5861], [120.0412, 52.5977], [120.0268, 52.6355], [120.0406, 52.6731], [120.0601, 52.6986], [120.0618, 52.7072], [120.0518, 52.7181], [120.0483, 52.7353], [120.0281, 52.7587], [120.0244, 52.7728], [120.0306, 52.7788], [120.0859, 52.7838], [120.0991, 52.7966], [120.1374, 52.8127], [120.1792, 52.8081], [120.217, 52.8423], [120.2808, 52.861], [120.2898, 52.8698], [120.289, 52.8922], [120.339, 52.8999], [120.3426, 52.9231], [120.3529, 52.9375], [120.3614, 52.9429], [120.3799, 52.9445], [120.4059, 52.9581], [120.4123, 52.9698], [120.3867, 52.9739], [120.3618, 52.9945], [120.3479, 52.9949], [120.3413, 53.0024], [120.3433, 53.0079], [120.3342, 53.0153], [120.3194, 53.0176], [120.3225, 53.0262], [120.3164, 53.0378], [120.3187, 53.0424], [120.3131, 53.047], [120.3197, 53.0529], [120.3166, 53.063], [120.321, 53.0648], [120.3062, 53.0772], [120.3103, 53.0845], [120.2778, 53.1091], [120.3009, 53.1395], [120.2991, 53.1532], [120.3357, 53.1784], [120.3314, 53.1887], [120.3392, 53.1945], [120.3349, 53.1991], [120.2615, 53.1863], [120.2514, 53.1806], [120.2506, 53.173], [120.1942, 53.1404], [120.1752, 53.1369], [120.1503, 53.1391], [120.1254, 53.1499], [120.1269, 53.1555], [120.0965, 53.1782], [120.0896, 53.1983], [120.0723, 53.2114], [120.0568, 53.2319], [120.0398, 53.2365], [120.0139, 53.2295], [120.0045, 53.2202], [119.988, 53.2261], [119.9499, 53.2264], [119.9228, 53.2], [119.9083, 53.1974], [119.8557, 53.2053], [119.8587, 53.1966], [119.8397, 53.1861], [119.8177, 53.176], [119.7909, 53.1711], [119.7982, 53.162], [119.7802, 53.1466], [119.7665, 53.1457], [119.7422, 53.1336], [119.7302, 53.1337], [119.7085, 53.1217], [119.6896, 53.1187], [119.6789, 53.1223], [119.6491, 53.1118], [119.6426, 53.1048], [119.6235, 53.101], [119.6098, 53.0841], [119.6002, 53.081], [119.6222, 53.071], [119.5883, 53.0484], [119.5657, 53.0424], [119.5611, 53.0189], [119.5405, 53.0174], [119.5235, 53.0062], [119.5433, 52.9844], [119.4949, 52.9784], [119.4842, 52.9673], [119.4544, 52.9712], [119.4339, 52.9656], [119.4226, 52.9483], [119.4082, 52.9392], [119.4183, 52.926], [119.4114, 52.9064], [119.3913, 52.9085], [119.3666, 52.8948], [119.3591, 52.8972], [119.3492, 52.8918], [119.3518, 52.8854], [119.3113, 52.8597], [119.3087, 52.8518], [119.2873, 52.8379], [119.291, 52.823], [119.2797, 52.8169], [119.2137, 52.8158], [119.1934, 52.8012], [119.1786, 52.8027], [119.1877, 52.7856], [119.1952, 52.7832], [119.1871, 52.7626], [119.1665, 52.7515], [119.1631, 52.7357], [119.1934, 52.7105], [119.1973, 52.701], [119.1907, 52.698], [119.1957, 52.6852], [119.1576, 52.6787], [119.1592, 52.6752], [119.149, 52.671], [119.1147, 52.663], [119.1215, 52.6558], [119.1104, 52.6498], [119.1245, 52.6434], [119.1289, 52.6282], [119.1847, 52.632], [119.231, 52.6175], [119.2697, 52.5958], [119.2941, 52.5972], [119.2975, 52.5754], [119.3284, 52.5592], [119.3416, 52.5247], [119.3334, 52.5212], [119.3386, 52.5073], [119.3576, 52.4841], [119.3755, 52.4737], [119.3763, 52.4662], [119.3992, 52.4568], [119.3956, 52.4235], [119.4059, 52.4121], [119.4199, 52.4109], [119.4232, 52.4049], [119.4235, 52.3979], [119.3937, 52.3847], [119.395, 52.3781], [119.3833, 52.3721], [119.3871, 52.3618], [119.378, 52.3501], [119.38, 52.3422], [119.3702, 52.3203], [119.3767, 52.3096], [119.3732, 52.3054], [119.3836, 52.3011], [119.4155, 52.3083], [119.4434, 52.3017], [119.4333, 52.2929], [119.4497, 52.2741], [119.4466, 52.26], [119.4615, 52.2502], [119.459, 52.2382], [119.4344, 52.2422], [119.3377, 52.228], [119.2929, 52.2323], [119.2782, 52.2291], [119.2445, 52.2354], [119.2167, 52.2331], [119.1927, 52.2436], [119.1848, 52.2402], [119.1473, 52.254], [119.0836, 52.2536], [119.0323, 52.2653], [119.0108, 52.2772], [118.988, 52.2778], [118.9661, 52.2899], [118.93, 52.2977], [118.9291, 52.2894], [118.9211, 52.2847], [118.8904, 52.2866], [118.9045, 52.2691], [118.8955, 52.2487], [118.9145, 52.2372], [118.9281, 52.2349], [118.925, 52.2233], [118.9159, 52.2193], [118.9092, 52.2049], [118.8995, 52.2019], [118.9009, 52.1911], [118.8878, 52.1811], [118.8554, 52.1739], [118.8512, 52.168], [118.8161, 52.1573], [118.8023, 52.1465], [118.7594, 52.13], [118.7443, 52.1271], [118.7432, 52.1335], [118.7353, 52.1365], [118.7073, 52.1291], [118.6957, 52.1188], [118.668, 52.1136], [118.6477, 52.115], [118.64, 52.1079], [118.6105, 52.1031], [118.597, 52.0982], [118.5856, 52.074], [118.5627, 52.074], [118.5559, 52.0655], [118.5359, 52.0626], [118.5123, 52.0667], [118.5101, 52.0595], [118.4888, 52.0556], [118.4751, 52.0484], [118.4777, 52.0321], [118.4673, 52.0058], [118.4394, 51.9857], [118.4344, 51.9728], [118.414, 51.953]]]}}, {"type": "Feature", "properties": {"osm_type": "relation", "osm_id": 605677122, "name": "Borzinsky District", "admin_level": "6", "kind": "subdivision_2", "parent_osm_id": 145730, "parent_name": "Zabaykalsky Krai", "parent_iso": "RU-ZAB"}, "geometry": {"type": "Polygon", "coordinates": [[[117.6909, 50.4468], [117.702, 50.4784], [117.6868, 50.4965], [117.6594, 50.5089], [117.6637, 50.522], [117.7478, 50.5311], [117.7788, 50.5543], [117.77, 50.6009], [117.7736, 50.6043], [117.7402, 50.6239], [117.7025, 50.6253], [117.6989, 50.6333], [117.6897, 50.6349], [117.6865, 50.6308], [117.6514, 50.6492], [117.6475, 50.7038], [117.6578, 50.7014], [117.7269, 50.7288], [117.6736, 50.7605], [117.66, 50.7599], [117.6231, 50.7466], [117.5629, 50.7398], [117.5498, 50.7601], [117.5304, 50.7582], [117.5238, 50.7627], [117.5293, 50.7982], [117.5157, 50.8078], [117.4531, 50.7613], [117.4163, 50.7579], [117.4071, 50.7655], [117.4202, 50.7902], [117.3776, 50.7979], [117.3001, 50.8332], [117.2658, 50.8413], [117.2123, 50.8397], [117.2151, 50.8518], [117.2239, 50.8552], [117.193, 50.8919], [117.2392, 50.9153], [117.2443, 50.9327], [117.2317, 50.9431], [117.2312, 50.9499], [117.2093, 50.9575], [117.1982, 50.974], [117.1585, 50.9998], [117.1532, 51.015], [117.097, 51.0188], [117.0868, 51.0312], [117.0966, 51.058], [117.103, 51.0631], [117.1026, 51.0712], [117.138, 51.0838], [117.1376, 51.0907], [117.1487, 51.1055], [117.0708, 51.1112], [116.9186, 51.0709], [116.927, 50.9984], [116.9126, 50.9932], [116.9011, 50.9963], [116.8821, 50.9928], [116.8639, 50.9698], [116.8213, 50.9572], [116.804, 50.924], [116.7929, 50.8829], [116.7647, 50.8489], [116.7935, 50.8166], [116.789, 50.8013], [116.7714, 50.7821], [116.7501, 50.7695], [116.7663, 50.7521], [116.6736, 50.7584], [116.5889, 50.7274], [116.5463, 50.6597], [116.4534, 50.6466], [116.4366, 50.6203], [116.378, 50.5987], [116.3375, 50.6025], [116.3306, 50.5983], [116.2563, 50.5929], [116.2168, 50.5655], [116.1682, 50.5561], [116.106, 50.5642], [116.0708, 50.5414], [116.0177, 50.5186], [116.0137, 50.4552], [115.8429, 50.4185], [115.8404, 50.3869], [115.8021, 50.3833], [115.8066, 50.3523], [115.8163, 50.3513], [115.8217, 50.3363], [115.8477, 50.3334], [115.8639, 50.2973], [115.8966, 50.2962], [115.8992, 50.1295], [115.6816, 50.0936], [115.6614, 50.0757], [115.602, 50.075], [115.4712, 49.9195], [115.5067, 49.9071], [115.6099, 49.9003], [115.6548, 49.8891], [115.7454, 49.8872], [115.8073, 49.9076], [115.8435, 49.9261], [115.9829, 49.9707], [116.0727, 50.0137], [116.233, 50.0359], [116.2325, 50.0624], [116.2635, 50.0714], [116.3397, 50.069], [116.4303, 50.0806], [116.502, 50.1843], [116.521, 50.1765], [116.5746, 50.1716], [116.6597, 50.19], [116.6852, 50.1669], [116.7753, 50.1957], [116.7837, 50.1123], [116.8675, 50.1409], [117.0465, 50.1569], [117.0425, 50.1708], [117.0585, 50.2061], [117.0711, 50.2159], [117.0902, 50.2445], [117.1419, 50.2133], [117.182, 50.2274], [117.2087, 50.2193], [117.227, 50.2268], [117.2385, 50.2404], [117.2783, 50.244], [117.2896, 50.2308], [117.3355, 50.2578], [117.3721, 50.2905], [117.4393, 50.3396], [117.3946, 50.3636], [117.3744, 50.388], [117.4111, 50.417], [117.4412, 50.4327], [117.4548, 50.4317], [117.47, 50.446], [117.5846, 50.4372], [117.5891, 50.4278], [117.652, 50.4471], [117.6909, 50.4468]]]}}, {"type": "Feature", "properties": {"osm_type": "relation", "osm_id": 435484608, "name": "Gorny", "admin_level": "6", "kind": "subdivision_2", "parent_osm_id": 145730, "parent_name": "Zabaykalsky Krai", "parent_iso": "RU-ZAB"}, "geometry": {"type": "Polygon", "coordinates": [[[113.0049, 51.5475], [113.0398, 51.5332], [113.0606, 51.53], [113.0866, 51.5391], [113.0724, 51.5472], [113.0568, 51.5646], [113.0191, 51.5758], [113.0054, 51.5557], [113.0049, 51.5475]]]}}, {"type": "Feature", "properties": {"osm_type": "relation", "osm_id": 363505436, "name": "Mogochinsky District", "admin_level": "6", "kind": "subdivision_2", "parent_osm_id": 145730, "parent_name": "Zabaykalsky Krai", "parent_iso": "RU-ZAB"}, "geometry": {"type": "Polygon", "coordinates": [[[118.3473, 53.0524], [118.3561, 53.0534], [118.3602, 53.0697], [118.38, 53.0853], [118.381, 53.0946], [118.3917, 53.1005], [118.4006, 53.1228], [118.4237, 53.1362], [118.4265, 53.1526], [118.4519, 53.1438], [118.4684, 53.1473], [118.48, 53.1634], [118.4811, 53.1747], [118.4933, 53.1866], [118.4894, 53.1928], [118.5059, 53.2161], [118.5214, 53.2175], [118.5324, 53.2115], [118.5451, 53.2168], [118.571, 53.2164], [118.5755, 53.221], [118.592, 53.2187], [118.6009, 53.2226], [118.5979, 53.2372], [118.6098, 53.2431], [118.7078, 53.2401], [118.7198, 53.236], [118.7266, 53.2272], [118.7513, 53.2354], [118.7693, 53.2352], [118.7817, 53.246], [118.8033, 53.2427], [118.8153, 53.2476], [118.8402, 53.2416], [118.8655, 53.2468], [118.8848, 53.2415], [118.8826, 53.253], [118.9021, 53.2624], [118.9016, 53.2738], [118.9153, 53.2731], [118.9191, 53.2787], [118.9364, 53.2737], [118.9455, 53.2848], [118.9577, 53.2883], [118.942, 53.3069], [118.9516, 53.3256], [118.9735, 53.3297], [119.0127, 53.3186], [119.0433, 53.3236], [119.054, 53.3323], [119.073, 53.3314], [119.0799, 53.3377], [119.1114, 53.3353], [119.1515, 53.347], [119.1642, 53.3597], [119.1876, 53.3706], [119.1942, 53.3805], [119.2543, 53.3927], [119.2871, 53.4182], [119.3102, 53.4171], [119.3272, 53.4271], [119.3808, 53.4294], [119.4098, 53.4148], [119.4263, 53.4233], [119.4372, 53.4173], [119.4552, 53.4213], [119.4662, 53.4189], [119.4707, 53.4128], [119.4601, 53.4061], [119.5083, 53.3842], [119.5187, 53.3632], [119.5327, 53.3614], [119.5139, 53.357], [119.538, 53.3389], [119.6089, 53.3476], [119.6221, 53.3339], [119.6335, 53.3405], [119.6581, 53.338], [119.6851, 53.3145], [119.7089, 53.3045], [119.7298, 53.3204], [119.744, 53.3009], [119.7615, 53.2992], [119.7681, 53.2931], [119.793, 53.2965], [119.8115, 53.2834], [119.8052, 53.2775], [119.8075, 53.2675], [119.8173, 53.2665], [119.8318, 53.2497], [119.8425, 53.2463], [119.8456, 53.2293], [119.8527, 53.2255], [119.8489, 53.2179], [119.8557, 53.2053], [119.9083, 53.1974], [119.9228, 53.2], [119.9499, 53.2264], [119.988, 53.2261], [120.0045, 53.2202], [120.0139, 53.2295], [120.0398, 53.2365], [120.0568, 53.2319], [120.0723, 53.2114], [120.0896, 53.1983], [120.0965, 53.1782], [120.1269, 53.1555], [120.1254, 53.1499], [120.1503, 53.1391], [120.1752, 53.1369], [120.1942, 53.1404], [120.2506, 53.173], [120.2514, 53.1806], [120.2615, 53.1863], [120.3349, 53.1991], [120.3392, 53.1945], [120.3314, 53.1887], [120.3357, 53.1784], [120.2991, 53.1532], [120.3009, 53.1395], [120.2778, 53.1091], [120.3103, 53.0845], [120.3062, 53.0772], [120.321, 53.0648], [120.3166, 53.063], [120.3197, 53.0529], [120.3131, 53.047], [120.3187, 53.0424], [120.3164, 53.0378], [120.3225, 53.0262], [120.3194, 53.0176], [120.3342, 53.0153], [120.3433, 53.0079], [120.3413, 53.0024], [120.3479, 52.9949], [120.3618, 52.9945], [120.3867, 52.9739], [120.4123, 52.9698], [120.4182, 52.9831], [120.4369, 53.0024], [120.4896, 53.026], [120.5022, 53.0391], [120.5199, 53.0428], [120.5267, 53.0592], [120.538, 53.0705], [120.5553, 53.0805], [120.5808, 53.0853], [120.6037, 53.0986], [120.636, 53.1039], [120.65, 53.1337], [120.6876, 53.1453], [120.6856, 53.1526], [120.6914, 53.1586], [120.6846, 53.1751], [120.6992, 53.1792], [120.7297, 53.203], [120.7735, 53.2174], [120.8103, 53.2398], [120.8327, 53.2387], [120.8332, 53.2476], [120.8126, 53.2664], [120.8751, 53.2821], [120.875, 53.2927], [120.8987, 53.2852], [120.9255, 53.2854], [120.9485, 53.2964], [121.0355, 53.2869], [121.0641, 53.3027], [121.0875, 53.3053], [121.0948, 53.296], [121.1097, 53.2936], [121.113, 53.2805], [121.1218, 53.2752], [121.1476, 53.283], [121.2265, 53.2792], [121.2454, 53.2903], [121.276, 53.2888], [121.299, 53.2988], [121.3271, 53.3232], [121.366, 53.3232], [121.4043, 53.3168], [121.4222, 53.3238], [121.4456, 53.322], [121.4819, 53.3329], [121.5887, 53.352], [121.6192, 53.3653], [121.6561, 53.3739], [121.6743, 53.3869], [121.6946, 53.3926], [121.7338, 53.3859], [121.8175, 53.4157], [121.8409, 53.4167], [121.871, 53.4263], [121.9079, 53.4215], [121.9485, 53.4289], [121.9922, 53.4286], [122.0689, 53.4202], [122.0981, 53.4246], [122.1118, 53.4315], [122.0859, 53.4467], [122.0845, 53.4523], [122.0936, 53.4674], [122.0715, 53.49], [122.0396, 53.5096], [122.0286, 53.5243], [122.0097, 53.5244], [122.0115, 53.5293], [121.9744, 53.555], [121.9834, 53.56], [121.9844, 53.5682], [121.997, 53.5731], [121.978, 53.5858], [121.9599, 53.6096], [121.9477, 53.6167], [121.9524, 53.6272], [121.9658, 53.6338], [121.9553, 53.6512], [121.9596, 53.6549], [121.9585, 53.6718], [121.9665, 53.6979], [121.9732, 53.7037], [121.9623, 53.7132], [121.9598, 53.7255], [121.9478, 53.7226], [121.9335, 53.7256], [121.9322, 53.7296], [121.9342, 53.7434], [121.9441, 53.7518], [121.9403, 53.7597], [121.9246, 53.7704], [121.9342, 53.7852], [121.9224, 53.8001], [121.9463, 53.8266], [121.9354, 53.8352], [121.9304, 53.8483], [121.9095, 53.8545], [121.8857, 53.8892], [121.8736, 53.892], [121.8788, 53.8971], [121.8607, 53.9082], [121.8618, 53.9245], [121.8443, 53.9372], [121.8467, 53.9554], [121.8091, 53.9661], [121.7892, 53.9566], [121.7864, 53.9397], [121.7747, 53.9364], [121.7586, 53.9449], [121.7427, 53.9724], [121.7208, 53.9806], [121.7107, 53.9998], [121.7008, 53.9981], [121.6872, 54.0076], [121.674, 54.0092], [121.6533, 54.0256], [121.669, 54.0452], [121.6422, 54.0558], [121.6454, 54.0707], [121.6321, 54.0804], [121.626, 54.0927], [121.6463, 54.1147], [121.6503, 54.1301], [121.6666, 54.1405], [121.6904, 54.1378], [121.7302, 54.1421], [121.7534, 54.1538], [121.7562, 54.1657], [121.7792, 54.1756], [121.7403, 54.1839], [121.7366, 54.1924], [121.7403, 54.2038], [121.7342, 54.2125], [121.7183, 54.2147], [121.7129, 54.2225], [121.7149, 54.2332], [121.7269, 54.2449], [121.7232, 54.2541], [121.7474, 54.2821], [121.7299, 54.2866], [121.7029, 54.3165], [121.714, 54.3285], [121.7114, 54.339], [121.6698, 54.3477], [121.66, 54.3544], [121.6331, 54.3489], [121.6041, 54.3522], [121.5982, 54.3513], [121.5909, 54.3289], [121.5733, 54.3122], [121.5391, 54.3122], [121.5368, 54.3221], [121.5195, 54.3252], [121.5124, 54.3329], [121.4896, 54.3329], [121.4926, 54.3486], [121.4992, 54.3551], [121.4834, 54.3578], [121.4551, 54.3762], [121.4095, 54.3797], [121.3497, 54.3668], [121.305, 54.3741], [121.2969, 54.3803], [121.2979, 54.3858], [121.2771, 54.3986], [121.2764, 54.4064], [121.2637, 54.4082], [121.257, 54.4206], [121.2435, 54.4266], [121.1803, 54.4306], [121.1714, 54.4366], [121.1753, 54.4502], [121.1433, 54.4468], [121.1263, 54.462], [121.1125, 54.4591], [121.0963, 54.4419], [121.0672, 54.4353], [121.0616, 54.4285], [121.0403, 54.4219], [121.0047, 54.4242], [120.9898, 54.4306], [120.9729, 54.4268], [120.9404, 54.4299], [120.9383, 54.4203], [120.9049, 54.4096], [120.8742, 54.4133], [120.8716, 54.3968], [120.8285, 54.3898], [120.832, 54.3829], [120.7973, 54.3507], [120.7978, 54.3454], [120.8061, 54.341], [120.8014, 54.3337], [120.8167, 54.3149], [120.8136, 54.3125], [120.7871, 54.3071], [120.7765, 54.2976], [120.7612, 54.2935], [120.7337, 54.3043], [120.7149, 54.3056], [120.6734, 54.2959], [120.64, 54.2792], [120.6396, 54.2682], [120.633, 54.261], [120.6351, 54.2432], [120.6289, 54.2384], [120.5685, 54.2221], [120.55, 54.2363], [120.5398, 54.2382], [120.5462, 54.2503], [120.5299, 54.2517], [120.5089, 54.2422], [120.5003, 54.2214], [120.5186, 54.2111], [120.5181, 54.2071], [120.5087, 54.2023], [120.5051, 54.1945], [120.508, 54.1909], [120.4987, 54.1851], [120.4421, 54.1923], [120.4132, 54.1883], [120.4074, 54.182], [120.3927, 54.1811], [120.3678, 54.1623], [120.3426, 54.1613], [120.3166, 54.1435], [120.3151, 54.1359], [120.3031, 54.1334], [120.3024, 54.1403], [120.2922, 54.1426], [120.278, 54.1521], [120.2785, 54.1559], [120.2643, 54.1586], [120.2311, 54.1559], [120.2133, 54.1453], [120.2033, 54.1498], [120.1334, 54.1405], [120.125, 54.1371], [120.1149, 54.1224], [120.1149, 54.113], [120.1085, 54.1116], [120.0478, 54.1242], [120.0203, 54.1116], [120.0066, 54.0958], [119.9767, 54.0797], [119.9468, 54.0907], [119.9468, 54.1037], [119.953, 54.112], [119.9481, 54.1231], [119.9345, 54.128], [119.9327, 54.1374], [119.9248, 54.1421], [119.8459, 54.108], [119.7969, 54.0987], [119.7971, 54.0751], [119.7813, 54.0636], [119.7833, 54.0543], [119.7676, 54.0507], [119.7719, 54.0457], [119.7657, 54.0349], [119.7552, 54.0394], [119.7218, 54.0335], [119.7053, 54.0204], [119.6744, 54.0216], [119.6705, 54.0273], [119.6206, 54.0406], [119.6233, 54.0494], [119.6141, 54.0526], [119.6152, 54.0596], [119.603, 54.0605], [119.5866, 54.0806], [119.5674, 54.0855], [119.5292, 54.086], [119.4837, 54.0667], [119.4563, 54.066], [119.444, 54.0533], [119.4448, 54.0468], [119.4518, 54.0417], [119.4421, 54.0188], [119.3918, 54.0137], [119.3855, 54.0], [119.2943, 53.9646], [119.2875, 53.9719], [119.2602, 53.9696], [119.2436, 53.9593], [119.2233, 53.9561], [119.1959, 53.9809], [119.1504, 53.9959], [119.0869, 53.9959], [119.0702, 53.9638], [119.0818, 53.9505], [119.0739, 53.9378], [119.0657, 53.9291], [119.0468, 53.9208], [119.0477, 53.9156], [119.0317, 53.9104], [118.9955, 53.9184], [118.9798, 53.9273], [118.977, 53.9482], [118.9391, 53.9749], [118.9427, 53.9886], [118.928, 53.9999], [118.936, 54.0141], [118.9332, 54.0355], [118.8987, 54.0673], [118.8703, 54.0767], [118.8635, 54.0894], [118.8053, 54.0986], [118.7362, 54.0927], [118.7223, 54.0966], [118.6771, 54.0928], [118.6523, 54.0824], [118.6153, 54.0791], [118.6115, 54.0948], [118.5893, 54.102], [118.5746, 54.1125], [118.5737, 54.118], [118.5507, 54.1186], [118.5288, 54.1125], [118.5289, 54.1049], [118.521, 54.096], [118.5079, 54.0993], [118.4979, 54.0915], [118.4849, 54.0898], [118.4542, 54.0679], [118.4679, 54.0591], [118.4503, 54.0463], [118.4535, 54.0264], [118.4449, 54.0116], [118.4286, 54.0092], [118.4187, 53.9949], [118.3779, 53.9751], [118.3982, 53.9544], [118.3571, 53.9332], [118.367, 53.9035], [118.3648, 53.8973], [118.3117, 53.9073], [118.2874, 53.9037], [118.2747, 53.9067], [118.2556, 53.8955], [118.2233, 53.8988], [118.2244, 53.9051], [118.1845, 53.9261], [118.1953, 53.9314], [118.1936, 53.9371], [118.1833, 53.9393], [118.1651, 53.9625], [118.1204, 53.9763], [118.1048, 53.9663], [118.0881, 53.9643], [118.0585, 53.9751], [118.091, 53.9588], [118.0935, 53.9528], [118.0732, 53.9302], [118.0384, 53.9141], [118.0258, 53.9117], [118.006, 53.9156], [117.9716, 53.9342], [117.9439, 53.9247], [117.9723, 53.9148], [118.006, 53.89], [118.0118, 53.8801], [117.9891, 53.8342], [117.9922, 53.8286], [117.9875, 53.8184], [117.9688, 53.7987], [117.9698, 53.7705], [117.9593, 53.7486], [117.9707, 53.7357], [117.9732, 53.718], [118.009, 53.7115], [118.0077, 53.6995], [117.9955, 53.6963], [118.0029, 53.6939], [118.0072, 53.6834], [118.0026, 53.6667], [118.0239, 53.6536], [118.0615, 53.6563], [118.1067, 53.6398], [118.1674, 53.6465], [118.1667, 53.6237], [118.1568, 53.6151], [118.157, 53.6048], [118.1458, 53.5894], [118.1502, 53.5674], [118.1588, 53.556], [118.1712, 53.5513], [118.1684, 53.5436], [118.175, 53.5201], [118.1585, 53.5119], [118.1347, 53.5176], [118.1184, 53.512], [118.1067, 53.4839], [118.1138, 53.4768], [118.0808, 53.4651], [118.0791, 53.4549], [118.0684, 53.4422], [118.0694, 53.4104], [118.0915, 53.3976], [118.0963, 53.3902], [118.09, 53.3559], [118.0961, 53.3227], [118.0925, 53.3148], [118.1159, 53.2916], [118.1108, 53.2804], [118.1202, 53.269], [118.157, 53.2562], [118.1824, 53.2384], [118.1961, 53.2397], [118.2329, 53.2228], [118.2426, 53.2051], [118.2454, 53.1816], [118.2327, 53.1692], [118.2695, 53.1636], [118.2812, 53.1395], [118.2929, 53.1244], [118.3035, 53.1188], [118.3015, 53.1097], [118.3086, 53.1074], [118.3048, 53.1016], [118.298, 53.1011], [118.2977, 53.0953], [118.3051, 53.094], [118.2985, 53.0793], [118.299, 53.0654], [118.3053, 53.0578], [118.3272, 53.0602], [118.3473, 53.0524]]]}}, {"type": "Feature", "properties": {"osm_type": "relation", "osm_id": 842249724, "name": "Duldurginsky District", "admin_level": "6", "kind": "subdivision_2", "parent_osm_id": 145730, "parent_name": "Zabaykalsky Krai", "parent_iso": "RU-ZAB"}, "geometry": {"type": "Polygon", "coordinates": [[[113.9094, 50.425], [113.9609, 50.4441], [113.9724, 50.4441], [114.0273, 50.4757], [114.0411, 50.4773], [114.0475, 50.4715], [114.0643, 50.4815], [114.099, 50.476], [114.104, 50.4855], [114.1254, 50.4834], [114.1287, 50.4896], [114.1489, 50.4908], [114.1471, 50.4953], [114.1568, 50.5004], [114.1693, 50.5019], [114.1879, 50.4961], [114.2404, 50.517], [114.2471, 50.5111], [114.2573, 50.5175], [114.2693, 50.5119], [114.2779, 50.5155], [114.2899, 50.507], [114.2898, 50.5024], [114.3089, 50.4942], [114.3481, 50.4981], [114.3686, 50.4917], [114.3805, 50.4944], [114.3849, 50.4916], [114.3794, 50.4858], [114.3914, 50.4814], [114.4021, 50.4891], [114.3513, 50.5578], [114.3691, 50.5707], [114.3754, 50.5933], [114.3207, 50.6839], [114.3114, 50.7158], [114.3127, 50.7261], [114.2935, 50.7397], [114.2798, 50.7702], [114.2675, 50.7718], [114.2601, 50.7653], [114.243, 50.7648], [114.2035, 50.7389], [114.1833, 50.7407], [114.1923, 50.7859], [114.1884, 50.7916], [114.1986, 50.8047], [114.1799, 50.8047], [114.1702, 50.8106], [114.169, 50.8284], [114.1559, 50.8327], [114.1307, 50.8316], [114.1225, 50.8254], [114.0969, 50.8263], [114.0992, 50.8301], [114.0836, 50.8382], [114.0707, 50.8399], [114.0594, 50.8375], [114.0519, 50.8298], [114.0307, 50.837], [114.0072, 50.8269], [113.9681, 50.8276], [113.963, 50.8228], [113.9551, 50.8586], [113.9577, 50.9629], [113.9201, 50.977], [113.9045, 50.9909], [113.885, 50.9901], [113.8698, 51.0051], [113.8486, 51.0034], [113.8281, 51.0236], [113.8015, 51.0332], [113.7789, 51.0541], [113.77, 51.0556], [113.7726, 51.0622], [113.7651, 51.0802], [113.7357, 51.0822], [113.7135, 51.0752], [113.6694, 51.0819], [113.5984, 51.0828], [113.5005, 51.1202], [113.4997, 51.1304], [113.4904, 51.1328], [113.4546, 51.113], [113.4333, 51.1191], [113.4195, 51.114], [113.3828, 51.1282], [113.3702, 51.1193], [113.355, 51.1228], [113.3431, 51.1104], [113.3498, 51.1088], [113.3498, 51.1015], [113.328, 51.0939], [113.3095, 51.0782], [113.2975, 51.0781], [113.2817, 51.0706], [113.2746, 51.0576], [113.2249, 51.0381], [113.2099, 51.0353], [113.1964, 51.0409], [113.1803, 51.02], [113.1599, 51.0084], [113.1081, 51.0088], [113.095, 50.9828], [113.079, 50.9812], [113.0662, 50.9751], [113.061, 50.9648], [113.0409, 50.9633], [113.0239, 50.9539], [113.0101, 50.9597], [113.0101, 50.9658], [113.0004, 50.9722], [112.9639, 50.9834], [112.9469, 50.974], [112.9289, 50.9888], [112.9243, 50.999], [112.9147, 51.0005], [112.9234, 51.0046], [112.9248, 51.0161], [112.9206, 51.0249], [112.9124, 51.0276], [112.9124, 51.043], [112.8938, 51.0531], [112.8927, 51.0713], [112.9051, 51.08], [112.8859, 51.0858], [112.8866, 51.093], [112.8785, 51.1053], [112.8897, 51.1125], [112.881, 51.122], [112.8814, 51.1309], [112.8882, 51.1347], [112.8829, 51.1394], [112.8834, 51.1499], [112.8759, 51.1647], [112.8668, 51.1709], [112.8519, 51.1732], [112.8168, 51.1685], [112.7999, 51.1719], [112.79, 51.165], [112.7729, 51.1629], [112.7639, 51.1699], [112.7388, 51.1731], [112.7335, 51.1834], [112.7271, 51.1856], [112.6977, 51.185], [112.6809, 51.1792], [112.646, 51.1842], [112.6494, 51.1605], [112.6385, 51.1504], [112.6412, 51.1409], [112.6098, 51.1356], [112.6197, 51.123], [112.62, 51.1144], [112.5948, 51.1146], [112.5854, 51.1049], [112.5888, 51.0996], [112.5668, 51.075], [112.5658, 51.063], [112.5421, 51.0559], [112.5325, 51.0574], [112.5229, 51.0488], [112.5129, 51.0515], [112.5007, 51.0435], [112.4746, 51.0418], [112.4476, 51.0279], [112.4473, 51.015], [112.4311, 51.0059], [112.4227, 50.9921], [112.4221, 50.9783], [112.4, 50.9667], [112.3961, 50.954], [112.3887, 50.9512], [112.393, 50.9404], [112.3846, 50.9341], [112.364, 50.9353], [112.3556, 50.9267], [112.3621, 50.9181], [112.3745, 50.9141], [112.3741, 50.9041], [112.3513, 50.8909], [112.3412, 50.8796], [112.3668, 50.8673], [112.3739, 50.8552], [112.4104, 50.8459], [112.4056, 50.8325], [112.4256, 50.8085], [112.4457, 50.8066], [112.4541, 50.7973], [112.484, 50.7957], [112.5044, 50.7851], [112.5196, 50.7975], [112.5359, 50.7949], [112.5369, 50.7998], [112.5583, 50.8138], [112.588, 50.804], [112.5938, 50.7975], [112.5915, 50.7864], [112.6031, 50.7779], [112.6225, 50.7746], [112.6424, 50.7849], [112.6769, 50.7867], [112.7062, 50.7798], [112.7412, 50.764], [112.7389, 50.749], [112.7269, 50.7418], [112.7245, 50.7227], [112.7188, 50.7176], [112.7219, 50.7002], [112.6987, 50.6953], [112.6891, 50.6887], [112.6884, 50.6813], [112.705, 50.6541], [112.724, 50.6422], [112.7266, 50.6282], [112.736, 50.6256], [112.7325, 50.6205], [112.7366, 50.6076], [112.7981, 50.613], [112.8376, 50.584], [112.8683, 50.5962], [112.8958, 50.5992], [112.8998, 50.6118], [112.9352, 50.6249], [112.9536, 50.6146], [112.9683, 50.6204], [113.0467, 50.6147], [113.0831, 50.598], [113.1022, 50.6077], [113.0975, 50.6213], [113.1102, 50.6305], [113.1211, 50.6263], [113.1292, 50.6317], [113.1445, 50.6212], [113.1889, 50.6204], [113.1945, 50.6081], [113.2207, 50.5905], [113.2273, 50.5802], [113.2461, 50.5742], [113.2735, 50.5866], [113.2995, 50.5889], [113.3064, 50.5793], [113.2971, 50.5706], [113.2982, 50.5314], [113.345, 50.5036], [113.3559, 50.4729], [113.3734, 50.4609], [113.3699, 50.4461], [113.3413, 50.4305], [113.3351, 50.4312], [113.3318, 50.4236], [113.345, 50.4069], [113.3663, 50.3972], [113.3761, 50.3986], [113.38, 50.4106], [113.3962, 50.4099], [113.3993, 50.4172], [113.4096, 50.4136], [113.4112, 50.4081], [113.4215, 50.4117], [113.4359, 50.4056], [113.4592, 50.4155], [113.4889, 50.4102], [113.4878, 50.4205], [113.4809, 50.4242], [113.4984, 50.4285], [113.4971, 50.4694], [113.5306, 50.4746], [113.5374, 50.4707], [113.5801, 50.4731], [113.5795, 50.4667], [113.6151, 50.4872], [113.6133, 50.5021], [113.5868, 50.5416], [113.6106, 50.5493], [113.6882, 50.559], [113.7072, 50.5579], [113.7258, 50.5296], [113.7521, 50.5414], [113.8802, 50.4872], [113.9125, 50.4561], [113.9094, 50.425]]]}}, {"type": "Feature", "properties": {"osm_type": "relation", "osm_id": 923527976, "name": "Kalarsky District", "admin_level": "6", "kind": "subdivision_2", "parent_osm_id": 145730, "parent_name": "Zabaykalsky Krai", "parent_iso": "RU-ZAB"}, "geometry": {"type": "Polygon", "coordinates": [[[115.7297, 56.9622], [115.7075, 56.9362], [115.6434, 56.9204], [115.6161, 56.9088], [115.6107, 56.9018], [115.6132, 56.8904], [115.5834, 56.8769], [115.5932, 56.8556], [115.5828, 56.8457], [115.5864, 56.8252], [115.6051, 56.8011], [115.6142, 56.7719], [115.5862, 56.7532], [115.5933, 56.7268], [115.5889, 56.7167], [115.5469, 56.6899], [115.4708, 56.6742], [115.4543, 56.6659], [115.4298, 56.6653], [115.4229, 56.6545], [115.4319, 56.6421], [115.4154, 56.6198], [115.412, 56.6061], [115.4273, 56.5922], [115.5194, 56.5735], [115.5483, 56.5723], [115.5783, 56.5786], [115.6492, 56.5777], [115.6782, 56.5719], [115.6871, 56.5657], [115.6886, 56.5547], [115.6746, 56.5349], [115.6726, 56.5189], [115.6845, 56.4974], [115.6985, 56.4857], [115.7571, 56.4642], [115.7966, 56.4419], [115.8048, 56.4316], [115.8039, 56.4127], [115.7878, 56.4029], [115.7641, 56.4076], [115.7346, 56.4259], [115.7215, 56.4287], [115.7048, 56.4261], [115.6794, 56.4117], [115.6731, 56.3948], [115.687, 56.3734], [115.6861, 56.358], [115.6956, 56.3406], [115.6739, 56.3289], [115.6766, 56.3146], [115.6699, 56.3019], [115.6745, 56.2806], [115.6954, 56.2698], [115.7082, 56.2494], [115.731, 56.2294], [115.7557, 56.1997], [115.7638, 56.1791], [115.7758, 56.1737], [115.8086, 56.1706], [115.8209, 56.1648], [115.8296, 56.154], [115.8314, 56.1423], [115.82, 56.1347], [115.7565, 56.1322], [115.7562, 56.1164], [115.764, 56.1013], [115.7878, 56.0819], [115.7829, 56.075], [115.7508, 56.0614], [115.7489, 56.0554], [115.7541, 56.0466], [115.7823, 56.0265], [115.7758, 55.9937], [115.7794, 55.9865], [115.8598, 55.9581], [115.9058, 55.9259], [115.897, 55.919], [115.8966, 55.9016], [115.8756, 55.8719], [115.8354, 55.8549], [115.8362, 55.827], [115.8305, 55.7946], [115.8377, 55.7662], [115.8613, 55.7473], [115.865, 55.739], [115.8412, 55.7224], [115.8298, 55.678], [115.8976, 55.6636], [115.9062, 55.6558], [115.948, 55.654], [115.9635, 55.6598], [115.9987, 55.6876], [116.0182, 55.693], [116.0737, 55.6868], [116.0825, 55.6905], [116.0842, 55.6975], [116.1046, 55.7179], [116.1058, 55.7433], [116.1306, 55.7676], [116.1259, 55.777], [116.1088, 55.7871], [116.1109, 55.7896], [116.1563, 55.7857], [116.2158, 55.8076], [116.2371, 55.8038], [116.2569, 55.8162], [116.2898, 55.8245], [116.3552, 55.815], [116.3659, 55.8309], [116.3713, 55.8304], [116.4145, 55.812], [116.4339, 55.815], [116.4706, 55.8044], [116.4958, 55.813], [116.5064, 55.812], [116.5368, 55.8048], [116.5706, 55.7897], [116.6594, 55.7944], [116.6799, 55.8014], [116.7013, 55.7919], [116.7209, 55.7947], [116.7272, 55.7991], [116.7287, 55.8167], [116.7387, 55.8215], [116.7621, 55.818], [116.7889, 55.8234], [116.8047, 55.8295], [116.8152, 55.84], [116.8155, 55.8648], [116.8371, 55.8747], [116.8276, 55.8971], [116.8319, 55.9013], [116.8294, 55.9116], [116.8562, 55.9505], [116.8533, 55.9734], [116.8607, 55.9892], [116.8844, 55.9879], [116.9191, 55.9588], [116.9459, 55.953], [116.9328, 55.9432], [116.9398, 55.9247], [116.9502, 55.9184], [116.9542, 55.9088], [117.02, 55.8564], [117.045, 55.8419], [117.0736, 55.8135], [117.0675, 55.7479], [117.0599, 55.738], [117.0128, 55.7172], [117.0261, 55.7102], [117.0493, 55.7091], [117.0655, 55.7147], [117.0759, 55.7102], [117.0801, 55.6975], [117.0753, 55.6647], [117.0915, 55.6564], [117.096, 55.639], [117.1273, 55.6324], [117.1327, 55.6074], [117.1662, 55.5867], [117.1623, 55.5803], [117.1428, 55.5727], [117.127, 55.554], [117.1008, 55.5477], [117.0976, 55.5424], [117.1127, 55.5284], [117.1127, 55.5135], [117.127, 55.5024], [117.1471, 55.4991], [117.1683, 55.5021], [117.1888, 55.515], [117.2294, 55.5148], [117.2427, 55.5223], [117.3249, 55.5093], [117.336, 55.516], [117.3296, 55.5266], [117.3353, 55.5345], [117.4488, 55.5495], [117.4754, 55.5422], [117.4912, 55.5534], [117.5135, 55.5522], [117.5135, 55.5377], [117.5271, 55.5306], [117.5411, 55.5054], [117.5609, 55.5044], [117.6126, 55.468], [117.6431, 55.4861], [117.6625, 55.5123], [117.6794, 55.5162], [117.7372, 55.5089], [117.7641, 55.5105], [117.7846, 55.5241], [117.8223, 55.5225], [117.8625, 55.545], [117.8812, 55.5365], [117.9297, 55.5365], [117.9441, 55.5302], [117.9477, 55.5111], [117.9301, 55.4891], [117.9092, 55.4792], [117.9024, 55.4533], [117.8819, 55.437], [117.8819, 55.4268], [117.9042, 55.4097], [117.9628, 55.3799], [117.9699, 55.3701], [117.9742, 55.3466], [118.0015, 55.3309], [118.0651, 55.3199], [118.1007, 55.3323], [118.1136, 55.3117], [118.0996, 55.2988], [118.0985, 55.2913], [118.1096, 55.2694], [118.1405, 55.261], [118.1585, 55.2641], [118.1836, 55.2577], [118.2167, 55.2591], [118.2278, 55.2473], [118.2235, 55.2399], [118.2332, 55.2323], [118.2238, 55.218], [118.263, 55.2147], [118.2723, 55.21], [118.3628, 55.2295], [118.3812, 55.2507], [118.4149, 55.2393], [118.4462, 55.2219], [118.4832, 55.2255], [118.5931, 55.297], [118.6205, 55.3079], [118.689, 55.3228], [118.736, 55.3544], [118.7693, 55.3649], [118.9162, 55.4304], [118.9896, 55.4509], [119.0752, 55.4547], [119.0793, 55.4831], [119.1036, 55.4894], [119.1392, 55.4912], [119.1689, 55.5058], [119.1942, 55.5101], [119.2117, 55.5037], [119.241, 55.5027], [119.2766, 55.5167], [119.2829, 55.5318], [119.3334, 55.5591], [119.3282, 55.5759], [119.4016, 55.6149], [119.4154, 55.6559], [119.4248, 55.6669], [119.3651, 55.698], [119.3539, 55.7116], [119.471, 55.7493], [119.487, 55.7643], [119.5016, 55.764], [119.5507, 55.789], [119.5622, 55.8083], [119.6136, 55.8242], [119.6145, 55.8371], [119.7111, 55.8736], [119.744, 55.8742], [119.7526, 55.8658], [119.8075, 55.8869], [119.8355, 55.8754], [119.8629, 55.8732], [119.8742, 55.8496], [119.9001, 55.8541], [119.9607, 55.8309], [119.9666, 55.8193], [120.0411, 55.8454], [120.065, 55.8817], [120.115, 55.8568], [120.1996, 55.8844], [120.1927, 55.8995], [120.1632, 55.8832], [120.1599, 55.8752], [120.141, 55.868], [120.1194, 55.8665], [120.1272, 55.8711], [120.1232, 55.8763], [120.1274, 55.8799], [120.1144, 55.8857], [120.1132, 55.8969], [120.1279, 55.8978], [120.1179, 55.9069], [120.1217, 55.9125], [120.097, 55.9168], [120.0968, 55.9304], [120.0832, 55.9353], [120.086, 55.9406], [120.1015, 55.9439], [120.0985, 55.9465], [120.105, 55.9468], [120.1032, 55.9505], [120.1248, 55.9578], [120.1244, 55.9659], [120.1288, 55.9676], [120.1235, 55.9704], [120.1328, 55.9774], [120.1252, 55.9831], [120.1348, 55.9923], [120.1263, 55.995], [120.1155, 56.0071], [120.1305, 56.0236], [120.1118, 56.0454], [120.0922, 56.0565], [120.0855, 56.0694], [120.0655, 56.0801], [120.0494, 56.099], [120.0326, 56.1089], [120.0279, 56.1204], [120.0434, 56.1447], [120.0343, 56.152], [120.0366, 56.156], [120.0702, 56.1635], [120.1189, 56.1613], [120.1295, 56.1714], [120.1549, 56.1798], [120.1758, 56.2069], [120.2216, 56.2042], [120.2402, 56.2156], [120.2602, 56.203], [120.3038, 56.2024], [120.307, 56.2092], [120.2965, 56.2148], [120.2994, 56.2233], [120.3272, 56.2255], [120.3634, 56.2363], [120.3788, 56.2375], [120.3974, 56.2306], [120.4224, 56.2285], [120.4646, 56.242], [120.4847, 56.2378], [120.5087, 56.2485], [120.4989, 56.2559], [120.5005, 56.2609], [120.5392, 56.2663], [120.5288, 56.2826], [120.5355, 56.2875], [120.5214, 56.3003], [120.5007, 56.2921], [120.4663, 56.2951], [120.4096, 56.3144], [120.3898, 56.3167], [120.3738, 56.3312], [120.3651, 56.3321], [120.3653, 56.3422], [120.386, 56.3503], [120.3933, 56.3599], [120.3907, 56.3635], [120.3736, 56.3698], [120.3561, 56.3676], [120.3423, 56.3715], [120.3236, 56.3664], [120.2817, 56.3932], [120.2547, 56.4038], [120.2354, 56.4033], [120.2333, 56.4096], [120.2382, 56.4175], [120.2301, 56.4209], [120.241, 56.4285], [120.2625, 56.4304], [120.2611, 56.439], [120.2529, 56.446], [120.2832, 56.4617], [120.2613, 56.4691], [120.2501, 56.4791], [120.23, 56.4807], [120.2258, 56.4731], [120.2313, 56.4651], [120.2195, 56.4617], [120.1857, 56.466], [120.1744, 56.4743], [120.1482, 56.4749], [120.1362, 56.4878], [120.117, 56.4811], [120.1063, 56.4872], [120.1042, 56.4955], [120.0892, 56.5008], [120.0482, 56.4977], [120.0263, 56.4892], [119.9495, 56.4927], [119.9423, 56.4988], [119.9384, 56.5122], [119.9256, 56.5175], [119.924, 56.5237], [119.9141, 56.5256], [119.9134, 56.5377], [119.9235, 56.5506], [119.8332, 56.566], [119.8366, 56.5775], [119.8313, 56.5839], [119.8038, 56.5887], [119.797, 56.5966], [119.8096, 56.6375], [119.8311, 56.6552], [119.8649, 56.6628], [119.8659, 56.6672], [119.8854, 56.678], [119.8811, 56.6851], [119.8686, 56.6892], [119.8639, 56.6993], [119.7794, 56.6961], [119.7728, 56.7119], [119.7766, 56.7334], [119.7626, 56.7386], [119.7255, 56.7294], [119.6965, 56.7322], [119.6807, 56.7371], [119.6779, 56.742], [119.6816, 56.7471], [119.6554, 56.757], [119.6615, 56.7669], [119.6561, 56.7785], [119.6965, 56.8003], [119.6985, 56.8232], [119.7042, 56.8286], [119.7409, 56.8344], [119.8178, 56.8562], [119.8365, 56.8734], [119.8324, 56.8903], [119.8561, 56.8961], [119.8348, 56.9022], [119.8054, 56.9324], [119.8047, 56.9486], [119.7953, 56.96], [119.7982, 56.968], [119.7814, 56.9872], [119.7132, 56.9905], [119.6901, 56.9858], [119.6665, 56.9907], [119.6384, 57.0007], [119.6216, 57.0112], [119.6174, 57.0217], [119.588, 57.0346], [119.5952, 57.0379], [119.5957, 57.0417], [119.5919, 57.041], [119.5953, 57.0439], [119.5855, 57.0455], [119.5935, 57.0459], [119.5907, 57.0497], [119.5943, 57.0541], [119.5857, 57.0572], [119.5864, 57.0661], [119.5726, 57.0755], [119.5813, 57.0858], [119.5764, 57.0918], [119.5878, 57.0946], [119.6001, 57.109], [119.6054, 57.1326], [119.618, 57.1468], [119.6381, 57.1511], [119.6599, 57.1689], [119.6914, 57.1779], [119.662, 57.1904], [119.6512, 57.1981], [119.6476, 57.2085], [119.6344, 57.2127], [119.6344, 57.2212], [119.6028, 57.236], [119.5978, 57.2471], [119.591, 57.2507], [119.5898, 57.2589], [119.5955, 57.2667], [119.5924, 57.2696], [119.6014, 57.2757], [119.5794, 57.286], [119.5923, 57.2945], [119.5868, 57.3041], [119.5643, 57.3184], [119.5384, 57.3514], [119.5095, 57.3708], [119.4773, 57.3705], [119.436, 57.3835], [119.4185, 57.3976], [119.4258, 57.4086], [119.4218, 57.4184], [119.4101, 57.4191], [119.4005, 57.4327], [119.4054, 57.4477], [119.4186, 57.4632], [119.3941, 57.4833], [119.3957, 57.4934], [119.4118, 57.505], [119.4184, 57.5171], [119.4343, 57.5215], [119.4425, 57.5313], [119.4761, 57.5375], [119.4877, 57.5512], [119.4925, 57.5734], [119.5031, 57.5838], [119.5002, 57.6013], [119.4804, 57.6089], [119.4686, 57.6039], [119.4382, 57.6036], [119.4334, 57.6146], [119.417, 57.6217], [119.3263, 57.6167], [119.2704, 57.5958], [119.2731, 57.5795], [119.2631, 57.5626], [119.2354, 57.5305], [119.2231, 57.5243], [119.2221, 57.5057], [119.2068, 57.5058], [119.2003, 57.5132], [119.1717, 57.521], [119.1671, 57.5308], [119.1413, 57.555], [119.1648, 57.5706], [119.1798, 57.5894], [119.1765, 57.6018], [119.163, 57.6146], [119.1685, 57.6281], [119.1417, 57.6495], [119.1687, 57.6585], [119.1641, 57.6686], [119.1744, 57.6864], [119.1656, 57.7114], [119.1675, 57.7178], [119.1028, 57.7322], [119.0582, 57.7262], [119.0597, 57.7315], [119.0528, 57.7437], [119.0439, 57.7476], [119.0458, 57.7645], [119.0389, 57.769], [119.0551, 57.7709], [119.0629, 57.7812], [119.0789, 57.7852], [119.0732, 57.7933], [119.0826, 57.8141], [119.1045, 57.834], [119.0879, 57.8628], [119.0914, 57.8775], [119.104, 57.883], [119.0935, 57.8902], [119.0926, 57.9155], [119.1178, 57.9264], [119.1124, 57.9376], [119.1179, 57.9418], [119.1167, 57.9519], [119.1218, 57.9602], [119.1092, 57.9686], [119.135, 57.9731], [119.1372, 57.9888], [119.1524, 58.0059], [119.164, 58.0315], [119.1845, 58.0448], [119.1453, 58.0891], [119.1435, 58.0974], [119.1598, 58.1105], [119.1599, 58.1233], [119.1525, 58.1399], [119.1914, 58.1528], [119.1927, 58.1593], [119.1565, 58.1751], [119.1531, 58.1917], [119.1335, 58.2067], [119.1288, 58.2301], [119.1168, 58.2381], [119.0894, 58.2373], [119.0723, 58.2515], [119.0468, 58.2552], [119.0297, 58.2465], [119.0069, 58.2468], [118.9874, 58.2342], [118.9447, 58.2289], [118.8919, 58.2322], [118.8567, 58.2249], [118.8071, 58.2304], [118.7867, 58.225], [118.739, 58.1933], [118.7135, 58.1864], [118.6994, 58.1894], [118.68, 58.1788], [118.6714, 58.1797], [118.6623, 58.1823], [118.6584, 58.1911], [118.6245, 58.2034], [118.6144, 58.2113], [118.5857, 58.215], [118.5877, 58.2252], [118.5769, 58.2325], [118.5171, 58.235], [118.4765, 58.2276], [118.473, 58.2402], [118.4763, 58.2576], [118.4492, 58.2777], [118.4047, 58.2797], [118.3878, 58.2894], [118.3854, 58.2964], [118.3491, 58.3196], [118.3332, 58.3549], [118.3071, 58.3554], [118.2993, 58.3664], [118.2897, 58.368], [118.2914, 58.3724], [118.275, 58.3886], [118.2555, 58.3974], [118.2006, 58.3957], [118.1832, 58.4013], [118.1624, 58.3961], [118.1208, 58.4002], [118.1086, 58.3958], [118.109, 58.3831], [118.1034, 58.3753], [118.0814, 58.3655], [118.0524, 58.3804], [118.0418, 58.4107], [118.0015, 58.4233], [117.94, 58.4136], [117.9229, 58.4245], [117.9073, 58.4135], [117.8711, 58.4098], [117.8588, 58.4165], [117.8557, 58.4272], [117.8404, 58.4286], [117.8275, 58.4374], [117.8057, 58.428], [117.8072, 58.4196], [117.7948, 58.4151], [117.7673, 58.414], [117.7427, 58.4194], [117.712, 58.4145], [117.7019, 58.4219], [117.6878, 58.4196], [117.6864, 58.4251], [117.6769, 58.4294], [117.6699, 58.4256], [117.6723, 58.4063], [117.6692, 58.402], [117.6568, 58.4024], [117.6433, 58.3911], [117.6183, 58.3926], [117.6208, 58.3855], [117.6127, 58.3831], [117.6217, 58.3793], [117.623, 58.3732], [117.5993, 58.3705], [117.5846, 58.3608], [117.5589, 58.3591], [117.5328, 58.3455], [117.5156, 58.3452], [117.4716, 58.3257], [117.4645, 58.3115], [117.4807, 58.2981], [117.478, 58.2907], [117.5288, 58.2869], [117.5321, 58.2746], [117.5395, 58.2702], [117.5275, 58.258], [117.5493, 58.2568], [117.5617, 58.2503], [117.5614, 58.246], [117.5509, 58.2436], [117.5485, 58.2338], [117.5689, 58.2282], [117.5656, 58.2163], [117.582, 58.2017], [117.578, 58.1987], [117.5851, 58.1902], [117.5945, 58.1851], [117.5847, 58.181], [117.5932, 58.1766], [117.5909, 58.1609], [117.5778, 58.1448], [117.5678, 58.1535], [117.5536, 58.1486], [117.5067, 58.1528], [117.4698, 58.1625], [117.4502, 58.1753], [117.4225, 58.1599], [117.4245, 58.1508], [117.4113, 58.1437], [117.4238, 58.1282], [117.4044, 58.1235], [117.433, 58.1055], [117.4229, 58.0968], [117.406, 58.092], [117.3961, 58.0793], [117.3968, 58.0587], [117.4057, 58.046], [117.4026, 58.026], [117.4069, 58.0199], [117.3787, 58.0182], [117.3811, 58.0026], [117.393, 57.9864], [117.3924, 57.9769], [117.3835, 57.9666], [117.3885, 57.9504], [117.3825, 57.9412], [117.4263, 57.9441], [117.4317, 57.9299], [117.4033, 57.9177], [117.4084, 57.9108], [117.3531, 57.9023], [117.3675, 57.8903], [117.3461, 57.8645], [117.3284, 57.8676], [117.3137, 57.8622], [117.2903, 57.8757], [117.2773, 57.878], [117.2608, 57.8633], [117.2257, 57.8579], [117.1705, 57.8541], [117.15, 57.8603], [117.1199, 57.8608], [117.1073, 57.8542], [117.0957, 57.8358], [117.0764, 57.8263], [117.0949, 57.8157], [117.0996, 57.7977], [117.1169, 57.7956], [117.1262, 57.7894], [117.1531, 57.7948], [117.1585, 57.7868], [117.1572, 57.7725], [117.1816, 57.7697], [117.1783, 57.7569], [117.1846, 57.7536], [117.1824, 57.748], [117.1632, 57.743], [117.158, 57.737], [117.1771, 57.7079], [117.1411, 57.6898], [117.1391, 57.6851], [117.1573, 57.6817], [117.1467, 57.667], [117.1394, 57.6647], [117.1371, 57.6495], [117.1564, 57.6487], [117.1765, 57.6623], [117.2149, 57.6531], [117.2148, 57.6451], [117.2287, 57.6457], [117.248, 57.6349], [117.2749, 57.6316], [117.2921, 57.6389], [117.3197, 57.6398], [117.3351, 57.6348], [117.3231, 57.6152], [117.3243, 57.6043], [117.311, 57.598], [117.3328, 57.5867], [117.3406, 57.5736], [117.3424, 57.5594], [117.2802, 57.5603], [117.2698, 57.5565], [117.2548, 57.5356], [117.2735, 57.5252], [117.2702, 57.5079], [117.2883, 57.4942], [117.2817, 57.4808], [117.2979, 57.4724], [117.3257, 57.4788], [117.3393, 57.467], [117.3336, 57.4533], [117.3509, 57.4366], [117.3336, 57.4284], [117.3424, 57.4196], [117.3421, 57.4054], [117.3513, 57.3971], [117.3484, 57.392], [117.3364, 57.3898], [117.3446, 57.3641], [117.3745, 57.3432], [117.3906, 57.3448], [117.4019, 57.3559], [117.4299, 57.3681], [117.4437, 57.3677], [117.4491, 57.363], [117.4415, 57.3567], [117.4518, 57.3491], [117.4444, 57.337], [117.4504, 57.3304], [117.4402, 57.3267], [117.4327, 57.3028], [117.4164, 57.2896], [117.4211, 57.2835], [117.4389, 57.2814], [117.4491, 57.2601], [117.4598, 57.2558], [117.4808, 57.2577], [117.4855, 57.2703], [117.5024, 57.2751], [117.51, 57.2709], [117.5456, 57.2732], [117.5531, 57.2932], [117.5763, 57.3013], [117.564, 57.3117], [117.5713, 57.3174], [117.5662, 57.3448], [117.5819, 57.3548], [117.6007, 57.3453], [117.605, 57.3383], [117.6212, 57.3357], [117.622, 57.3269], [117.6297, 57.3227], [117.7244, 57.3158], [117.7365, 57.3247], [117.7658, 57.3252], [117.7788, 57.3194], [117.782, 57.2941], [117.7612, 57.2849], [117.7658, 57.2784], [117.7642, 57.2693], [117.7725, 57.2641], [117.7535, 57.2552], [117.7548, 57.2376], [117.7332, 57.224], [117.721, 57.2093], [117.7021, 57.2], [117.6363, 57.1964], [117.6249, 57.1841], [117.6062, 57.1813], [117.5954, 57.1719], [117.576, 57.1672], [117.5945, 57.1468], [117.6066, 57.1478], [117.6092, 57.1412], [117.6203, 57.1379], [117.6127, 57.1292], [117.6149, 57.1172], [117.6297, 57.1135], [117.6295, 57.108], [117.6423, 57.1004], [117.6581, 57.1052], [117.6764, 57.0888], [117.6731, 57.0798], [117.6651, 57.0774], [117.667, 57.0702], [117.6572, 57.0599], [117.6574, 57.0522], [117.6745, 57.0494], [117.6803, 57.0437], [117.6779, 57.0278], [117.6591, 57.0255], [117.6531, 57.019], [117.6487, 57.0082], [117.6531, 56.9957], [117.6419, 56.9896], [117.6306, 56.9736], [117.619, 56.9733], [117.5799, 56.9573], [117.5664, 56.9608], [117.5476, 56.9547], [117.5531, 56.9489], [117.5489, 56.9447], [117.5507, 56.9392], [117.5603, 56.9321], [117.5609, 56.9246], [117.5768, 56.9155], [117.5691, 56.8874], [117.5709, 56.8716], [117.5607, 56.8653], [117.5433, 56.8724], [117.5306, 56.8719], [117.5274, 56.8827], [117.5077, 56.8872], [117.5001, 56.8948], [117.461, 56.8762], [117.4639, 56.8454], [117.4549, 56.8429], [117.4523, 56.8365], [117.4311, 56.8355], [117.4175, 56.8437], [117.417, 56.8516], [117.3997, 56.8458], [117.3963, 56.8499], [117.3987, 56.8619], [117.3866, 56.8671], [117.3783, 56.8844], [117.3646, 56.8915], [117.3469, 56.8928], [117.3454, 56.8975], [117.3544, 56.9056], [117.3448, 56.9143], [117.3531, 56.9272], [117.3511, 56.9353], [117.3323, 56.9488], [117.3366, 56.9614], [117.3207, 56.9652], [117.3014, 56.9496], [117.305, 56.9452], [117.3018, 56.9416], [117.2757, 56.9392], [117.2776, 56.9269], [117.2627, 56.9274], [117.2475, 56.9144], [117.2294, 56.914], [117.1908, 56.896], [117.1781, 56.8945], [117.1693, 56.8816], [117.1571, 56.8778], [117.1589, 56.8699], [117.1517, 56.861], [117.1617, 56.8405], [117.1216, 56.8345], [117.1227, 56.8243], [117.1179, 56.8191], [117.109, 56.8194], [117.0939, 56.8301], [117.047, 56.828], [117.0302, 56.8228], [117.009, 56.8258], [116.9946, 56.8187], [117.0031, 56.8075], [117.0281, 56.8063], [117.0272, 56.7977], [117.0177, 56.7892], [116.9689, 56.8018], [116.9487, 56.7919], [116.9333, 56.7937], [116.8887, 56.783], [116.8676, 56.7701], [116.8479, 56.7692], [116.8088, 56.7571], [116.7998, 56.7499], [116.7757, 56.7523], [116.7672, 56.742], [116.7451, 56.7383], [116.7385, 56.7428], [116.737, 56.7534], [116.7208, 56.7569], [116.7158, 56.7665], [116.7072, 56.7671], [116.6961, 56.7805], [116.6691, 56.7727], [116.663, 56.7587], [116.6465, 56.7575], [116.6282, 56.7599], [116.6159, 56.7689], [116.5927, 56.7647], [116.5762, 56.7657], [116.5696, 56.7736], [116.521, 56.7738], [116.5121, 56.7818], [116.5164, 56.7938], [116.5052, 56.7979], [116.5064, 56.8032], [116.4829, 56.8053], [116.474, 56.8128], [116.4196, 56.8151], [116.3993, 56.8318], [116.3663, 56.8379], [116.3632, 56.8534], [116.3507, 56.857], [116.3505, 56.8643], [116.3211, 56.8706], [116.2914, 56.8549], [116.273, 56.8593], [116.2652, 56.8454], [116.2446, 56.8407], [116.23, 56.8292], [116.1945, 56.833], [116.1831, 56.8402], [116.1174, 56.819], [116.1002, 56.8298], [116.0799, 56.8263], [116.0718, 56.8296], [116.0732, 56.839], [116.0657, 56.8424], [116.0631, 56.8501], [116.0285, 56.8611], [116.0293, 56.8683], [116.0172, 56.8796], [116.0077, 56.8789], [116.0004, 56.8704], [115.9796, 56.8704], [115.9531, 56.8831], [115.9487, 56.8912], [115.9235, 56.8946], [115.9038, 56.9147], [115.8495, 56.9321], [115.8331, 56.9451], [115.7564, 56.9618], [115.7297, 56.9622]]]}}]}