{"type": "FeatureCollection", "parent": {"osm_id": 151225, "name": "Primorsky Krai", "admin_level": "4", "kind": "subdivision_1", "child_kind": "subdivision_2", "iso": "RU-PRI"}, "features": [{"type": "Feature", "properties": {"osm_type": "relation", "osm_id": 271351059, "name": "Дальнегорский городской ок", "admin_level": "6", "kind": "subdivision_2", "parent_osm_id": 151225, "parent_name": "Primorsky Krai", "parent_iso": "RU-PRI"}, "geometry": {"type": "Polygon", "coordinates": [[[135.099, 45.0558], [135.0906, 45.0584], [135.073, 45.0515], [135.0563, 45.0519], [135.0203, 45.0318], [135.0185, 45.024], [134.996, 45.0034], [134.9945, 44.9901], [134.9723, 44.9549], [134.9747, 44.9391], [134.9655, 44.9245], [134.9731, 44.916], [134.9682, 44.9059], [134.9707, 44.8993], [134.9445, 44.8784], [134.9098, 44.867], [134.9101, 44.8587], [134.929, 44.8462], [134.9966, 44.8327], [135.0196, 44.8493], [135.0229, 44.8655], [135.0655, 44.8712], [135.1017, 44.8833], [135.1306, 44.8845], [135.1709, 44.875], [135.1823, 44.8783], [135.2142, 44.8694], [135.1975, 44.8648], [135.1932, 44.8555], [135.1763, 44.8473], [135.1696, 44.8471], [135.1566, 44.858], [135.1285, 44.8562], [135.1257, 44.8435], [135.1191, 44.8368], [135.0926, 44.8234], [135.1208, 44.785], [135.102, 44.7722], [135.098, 44.7508], [135.0649, 44.7481], [135.0557, 44.7545], [135.0255, 44.7524], [134.9986, 44.735], [134.9796, 44.7057], [135.0016, 44.7023], [135.0162, 44.6865], [135.0115, 44.6812], [135.0289, 44.6769], [135.0298, 44.6712], [135.038, 44.6715], [135.0392, 44.6645], [135.0492, 44.6611], [135.087, 44.6694], [135.1277, 44.6677], [135.1423, 44.6778], [135.1493, 44.6644], [135.1636, 44.6548], [135.206, 44.6639], [135.2477, 44.6444], [135.2507, 44.629], [135.267, 44.6197], [135.257, 44.6042], [135.2611, 44.5952], [135.2941, 44.5792], [135.3095, 44.5846], [135.3208, 44.5797], [135.3208, 44.566], [135.3401, 44.5399], [135.3586, 44.5307], [135.3492, 44.5196], [135.3604, 44.5089], [135.3547, 44.5014], [135.3581, 44.4975], [135.3658, 44.4929], [135.4052, 44.4897], [135.4074, 44.4812], [135.4029, 44.4784], [135.4115, 44.4718], [135.4076, 44.4672], [135.41, 44.4611], [135.4239, 44.4538], [135.4357, 44.4571], [135.4519, 44.4397], [135.4533, 44.4325], [135.4464, 44.4295], [135.4368, 44.4139], [135.4439, 44.4127], [135.4476, 44.4004], [135.4601, 44.3977], [135.4654, 44.3835], [135.4628, 44.3662], [135.4738, 44.3646], [135.475, 44.3542], [135.499, 44.3511], [135.535, 44.3736], [135.5665, 44.3644], [135.5903, 44.3678], [135.6018, 44.3622], [135.6002, 44.3506], [135.6057, 44.3376], [135.5993, 44.3327], [135.599, 44.3257], [135.5808, 44.3116], [135.5992, 44.2885], [135.6227, 44.2845], [135.6245, 44.2738], [135.6508, 44.2601], [135.6468, 44.245], [135.6632, 44.2387], [135.6647, 44.2274], [135.6888, 44.2253], [135.6985, 44.2132], [135.7178, 44.2388], [135.7332, 44.2476], [135.7748, 44.2552], [135.7961, 44.2662], [135.8001, 44.2856], [135.8169, 44.2991], [135.8414, 44.343], [135.8407, 44.3467], [135.8376, 44.3429], [135.8288, 44.3479], [135.8306, 44.364], [135.8527, 44.3733], [135.8699, 44.3897], [135.8779, 44.4107], [135.9072, 44.4177], [135.9186, 44.4162], [135.9692, 44.4354], [135.9893, 44.4351], [135.9942, 44.4373], [135.9945, 44.4462], [136.0088, 44.4542], [136.0221, 44.4544], [136.0265, 44.4478], [136.0357, 44.4469], [136.0654, 44.4654], [136.1115, 44.479], [136.1164, 44.487], [136.1486, 44.4966], [136.1572, 44.5098], [136.1927, 44.535], [136.1468, 44.5278], [136.1436, 44.5422], [136.1553, 44.5518], [136.1375, 44.5642], [136.134, 44.58], [136.0961, 44.5768], [136.058, 44.5624], [136.0232, 44.5853], [136.0072, 44.5847], [135.9935, 44.5725], [135.9644, 44.5668], [135.9486, 44.578], [135.9325, 44.5781], [135.9185, 44.5864], [135.913, 44.5925], [135.9163, 44.6001], [135.9034, 44.6117], [135.902, 44.6191], [135.9194, 44.6232], [135.9316, 44.6352], [135.951, 44.6259], [135.9691, 44.6256], [135.9805, 44.6672], [135.9939, 44.6721], [135.9988, 44.6842], [135.993, 44.7244], [136.0059, 44.7455], [135.9932, 44.757], [135.9956, 44.7721], [135.9913, 44.7851], [136.0059, 44.8005], [135.9996, 44.8078], [135.9572, 44.8228], [135.9287, 44.8096], [135.9215, 44.8142], [135.8987, 44.8089], [135.8729, 44.825], [135.8951, 44.8353], [135.899, 44.8445], [135.9116, 44.8468], [135.916, 44.8546], [135.9142, 44.8661], [135.9323, 44.8686], [135.9426, 44.8871], [135.9535, 44.8931], [135.9676, 44.8936], [135.9895, 44.9166], [135.9867, 44.9366], [136.0009, 44.9454], [135.9971, 44.9601], [136.0094, 44.9774], [136.0061, 44.9893], [135.9987, 44.9957], [136.0148, 45.0061], [136.0151, 45.0152], [136.0309, 45.0181], [136.0304, 45.0275], [136.0223, 45.0334], [136.0267, 45.0583], [136.0041, 45.0708], [135.9976, 45.0944], [135.9907, 45.1007], [135.9761, 45.1106], [135.9571, 45.1135], [135.9557, 45.1205], [135.9154, 45.1241], [135.8909, 45.1337], [135.8791, 45.1443], [135.8577, 45.1396], [135.8417, 45.1426], [135.8241, 45.1509], [135.8286, 45.1601], [135.8138, 45.1658], [135.8097, 45.1609], [135.7937, 45.1594], [135.767, 45.1716], [135.7475, 45.1697], [135.7456, 45.1614], [135.7375, 45.1577], [135.7342, 45.144], [135.7402, 45.1372], [135.7374, 45.1293], [135.7293, 45.125], [135.7245, 45.1273], [135.7217, 45.1183], [135.7119, 45.1144], [135.7139, 45.103], [135.7029, 45.1009], [135.7011, 45.0966], [135.6847, 45.098], [135.6601, 45.089], [135.635, 45.0912], [135.6234, 45.0839], [135.6298, 45.0781], [135.6232, 45.0637], [135.5839, 45.0452], [135.5646, 45.048], [135.5314, 45.0619], [135.512, 45.0584], [135.4898, 45.0345], [135.4778, 45.0378], [135.4615, 45.0348], [135.4417, 45.0248], [135.4442, 45.0139], [135.4015, 45.0098], [135.391, 44.9918], [135.3733, 44.9927], [135.37, 44.9877], [135.358, 44.9944], [135.3259, 44.9886], [135.3154, 44.9976], [135.3175, 45.0033], [135.3115, 45.011], [135.2831, 45.0193], [135.2836, 45.0248], [135.2728, 45.034], [135.2645, 45.0538], [135.2446, 45.0521], [135.2349, 45.057], [135.2237, 45.0431], [135.1957, 45.0272], [135.1919, 45.0384], [135.1782, 45.0524], [135.1699, 45.0483], [135.1427, 45.0582], [135.1286, 45.0507], [135.0997, 45.0513], [135.099, 45.0558]]]}}, {"type": "Feature", "properties": {"osm_type": "relation", "osm_id": 911000367, "name": "Уссурийский городской окру", "admin_level": "6", "kind": "subdivision_2", "parent_osm_id": 151225, "parent_name": "Primorsky Krai", "parent_iso": "RU-PRI"}, "geometry": {"type": "Polygon", "coordinates": [[[131.243, 43.9759], [131.2344, 43.965], [131.2409, 43.9595], [131.2393, 43.9522], [131.2559, 43.9462], [131.2607, 43.939], [131.2536, 43.922], [131.2559, 43.9137], [131.2505, 43.9106], [131.2487, 43.8924], [131.2287, 43.8769], [131.2272, 43.8644], [131.2314, 43.8591], [131.2265, 43.8474], [131.2187, 43.844], [131.204, 43.8232], [131.214, 43.8219], [131.2171, 43.8039], [131.206, 43.7984], [131.2127, 43.7897], [131.2039, 43.7811], [131.2141, 43.7774], [131.2081, 43.7704], [131.2185, 43.7662], [131.2088, 43.7594], [131.2231, 43.76], [131.2152, 43.7547], [131.2208, 43.7533], [131.2242, 43.739], [131.2088, 43.7295], [131.2085, 43.7243], [131.2207, 43.7165], [131.2092, 43.7104], [131.217, 43.7045], [131.2095, 43.6972], [131.2099, 43.6895], [131.2127, 43.6809], [131.2304, 43.6703], [131.2334, 43.6604], [131.2249, 43.6609], [131.2297, 43.6499], [131.2246, 43.6456], [131.2248, 43.6344], [131.2125, 43.6292], [131.2072, 43.6093], [131.2368, 43.6001], [131.2285, 43.5945], [131.2277, 43.5815], [131.2117, 43.5905], [131.2071, 43.5879], [131.211, 43.58], [131.1958, 43.5805], [131.2025, 43.5718], [131.2019, 43.5604], [131.1869, 43.5583], [131.1986, 43.5483], [131.1925, 43.5289], [131.1999, 43.5296], [131.1974, 43.5264], [131.2041, 43.5272], [131.2063, 43.5214], [131.2587, 43.4983], [131.266, 43.4836], [131.2779, 43.482], [131.2852, 43.4719], [131.2966, 43.4694], [131.3021, 43.4535], [131.3091, 43.4571], [131.3306, 43.4517], [131.3542, 43.4538], [131.3551, 43.4649], [131.378, 43.4656], [131.393, 43.471], [131.4015, 43.4799], [131.4171, 43.481], [131.4369, 43.4932], [131.4448, 43.4923], [131.4603, 43.5092], [131.4838, 43.5222], [131.543, 43.5232], [131.5624, 43.5384], [131.6243, 43.5648], [131.6361, 43.581], [131.6557, 43.5823], [131.6772, 43.6078], [131.6838, 43.6233], [131.7016, 43.6262], [131.7268, 43.6645], [131.7516, 43.6675], [131.7841, 43.6603], [131.8327, 43.663], [131.842, 43.6777], [131.8821, 43.6788], [131.8833, 43.6646], [131.8916, 43.6629], [131.9525, 43.656], [131.967, 43.6614], [131.9744, 43.6504], [132.0003, 43.6407], [131.991, 43.6279], [131.9926, 43.6201], [132.017, 43.598], [132.0781, 43.5815], [132.098, 43.5827], [132.1525, 43.5629], [132.1646, 43.552], [132.1698, 43.537], [132.1603, 43.532], [132.147, 43.5041], [132.1757, 43.494], [132.1833, 43.5059], [132.2029, 43.5078], [132.2067, 43.5132], [132.2282, 43.5186], [132.2283, 43.5339], [132.2518, 43.5378], [132.2599, 43.5248], [132.2691, 43.5224], [132.2848, 43.5267], [132.3277, 43.5624], [132.3499, 43.5586], [132.3486, 43.5684], [132.3835, 43.5851], [132.3927, 43.6], [132.4197, 43.5975], [132.4322, 43.604], [132.4322, 43.6105], [132.4664, 43.6214], [132.4671, 43.6499], [132.4716, 43.6564], [132.4455, 43.6728], [132.4305, 43.6756], [132.4308, 43.7081], [132.4399, 43.7316], [132.4492, 43.7364], [132.477, 43.7293], [132.4762, 43.7371], [132.4883, 43.7477], [132.4854, 43.7544], [132.4469, 43.774], [132.4126, 43.7755], [132.3956, 43.7926], [132.3817, 43.7935], [132.3778, 43.803], [132.3867, 43.8184], [132.3794, 43.8222], [132.3889, 43.8375], [132.3855, 43.8503], [132.3931, 43.8556], [132.386, 43.8634], [132.3777, 43.8578], [132.3822, 43.8448], [132.3753, 43.8335], [132.3681, 43.8375], [132.3553, 43.8316], [132.334, 43.8536], [132.3228, 43.8498], [132.2953, 43.8583], [132.2341, 43.8636], [132.2124, 43.8738], [132.1857, 43.8736], [132.1756, 43.8773], [132.1752, 43.887], [132.1662, 43.8985], [132.1153, 43.8844], [132.1175, 43.8682], [131.9843, 43.8579], [131.9619, 43.8681], [131.9965, 43.887], [131.9764, 43.9044], [131.9673, 43.9033], [131.9712, 43.9118], [131.9669, 43.9224], [131.9138, 43.9464], [131.9131, 43.9785], [131.8474, 43.9773], [131.816, 44.0002], [131.8186, 44.0034], [131.7401, 43.9959], [131.7553, 43.9462], [131.7501, 43.9222], [131.7673, 43.9079], [131.7649, 43.8907], [131.7592, 43.8889], [131.7636, 43.8782], [131.721, 43.8642], [131.6237, 43.8785], [131.6205, 43.8595], [131.6056, 43.8542], [131.5847, 43.8729], [131.5709, 43.8722], [131.5629, 43.8857], [131.5634, 43.8943], [131.5463, 43.8936], [131.5393, 43.8863], [131.517, 43.8855], [131.4957, 43.906], [131.4833, 43.9095], [131.4722, 43.9087], [131.4727, 43.9026], [131.4286, 43.8951], [131.4094, 43.9036], [131.3792, 43.9278], [131.3427, 43.9239], [131.3461, 43.9425], [131.289, 43.9388], [131.2875, 43.9585], [131.2939, 43.973], [131.2889, 43.9803], [131.2758, 43.9806], [131.2695, 43.9748], [131.243, 43.9759]]]}}, {"type": "Feature", "properties": {"osm_type": "relation", "osm_id": 960790351, "name": "Khasansky District", "admin_level": "6", "kind": "subdivision_2", "parent_osm_id": 151225, "parent_name": "Primorsky Krai", "parent_iso": "RU-PRI"}, "geometry": {"type": "Polygon", "coordinates": [[[131.3021, 43.4535], [131.2948, 43.4507], [131.2873, 43.4395], [131.2947, 43.4199], [131.3076, 43.4134], [131.3055, 43.4034], [131.3112, 43.3949], [131.2911, 43.3797], [131.2729, 43.3754], [131.2577, 43.3288], [131.2638, 43.3162], [131.2575, 43.3099], [131.2621, 43.2948], [131.2502, 43.2868], [131.2479, 43.2623], [131.2268, 43.2534], [131.2248, 43.2453], [131.2041, 43.2389], [131.1961, 43.2258], [131.1945, 43.1994], [131.2124, 43.1883], [131.2137, 43.1793], [131.2009, 43.165], [131.2104, 43.1438], [131.1949, 43.1208], [131.1654, 43.1081], [131.1555, 43.0953], [131.1622, 43.0884], [131.1636, 43.0671], [131.1493, 43.0724], [131.1135, 43.0663], [131.1176, 43.0493], [131.1056, 43.0415], [131.0956, 43.0211], [131.1107, 43.0046], [131.105, 42.9898], [131.1105, 42.9683], [131.1223, 42.9636], [131.1436, 42.9653], [131.1347, 42.9509], [131.1342, 42.9445], [131.1398, 42.9431], [131.1375, 42.934], [131.1205, 42.9281], [131.1075, 42.9127], [131.0826, 42.9138], [131.0651, 42.9231], [131.0546, 42.9158], [131.0427, 42.9233], [131.0362, 42.9204], [131.0264, 42.9259], [131.01, 42.9116], [131.017, 42.9032], [131.0174, 42.8925], [131.0306, 42.8834], [131.0303, 42.875], [131.0381, 42.8638], [131.0354, 42.8603], [131.0101, 42.8617], [130.9743, 42.8545], [130.9692, 42.8609], [130.952, 42.8645], [130.9417, 42.8747], [130.9236, 42.8731], [130.9128, 42.8664], [130.9051, 42.8684], [130.9006, 42.8568], [130.8837, 42.8503], [130.8677, 42.8623], [130.8524, 42.8596], [130.8367, 42.8788], [130.8281, 42.8807], [130.7937, 42.8768], [130.777, 42.8643], [130.7822, 42.8597], [130.7737, 42.8493], [130.7762, 42.8394], [130.7728, 42.8363], [130.7613, 42.8356], [130.7463, 42.843], [130.7323, 42.841], [130.72, 42.8282], [130.7111, 42.8299], [130.7017, 42.8439], [130.68, 42.8478], [130.659, 42.8451], [130.6385, 42.8313], [130.6173, 42.8295], [130.6024, 42.818], [130.5838, 42.8151], [130.5795, 42.8087], [130.5716, 42.8163], [130.5563, 42.8132], [130.5259, 42.7849], [130.4593, 42.77], [130.4568, 42.7596], [130.434, 42.7528], [130.4199, 42.7426], [130.4216, 42.728], [130.3948, 42.7257], [130.4187, 42.7041], [130.4307, 42.7071], [130.4477, 42.7011], [130.4592, 42.6852], [130.4692, 42.6897], [130.4842, 42.6882], [130.5214, 42.7014], [130.5533, 42.6901], [130.5847, 42.6699], [130.5961, 42.6401], [130.6055, 42.6309], [130.6155, 42.629], [130.6164, 42.6129], [130.6272, 42.5976], [130.6162, 42.5713], [130.6041, 42.563], [130.6033, 42.5549], [130.576, 42.5594], [130.5635, 42.5551], [130.5673, 42.5383], [130.5598, 42.5265], [130.5627, 42.5181], [130.553, 42.519], [130.5611, 42.5124], [130.5594, 42.5034], [130.5931, 42.4838], [130.5926, 42.4459], [130.6358, 42.4263], [130.6533, 42.394], [130.6696, 42.3782], [130.6701, 42.3671], [130.6489, 42.3528], [130.6463, 42.3392], [130.6545, 42.3248], [130.6967, 42.2955], [130.7012, 42.2949], [130.747, 42.3592], [130.7693, 42.4297], [130.7798, 42.4473], [130.7886, 42.452], [130.7824, 42.4539], [130.7687, 42.4332], [130.7622, 42.4369], [130.7684, 42.4359], [130.7732, 42.451], [130.7783, 42.4489], [130.7767, 42.4554], [130.7817, 42.4532], [130.7768, 42.4576], [130.7784, 42.4648], [130.8042, 42.4763], [130.822, 42.4676], [130.8383, 42.4697], [130.8498, 42.486], [130.8441, 42.4948], [130.847, 42.5053], [130.8415, 42.5059], [130.8312, 42.5284], [130.8416, 42.5345], [130.8541, 42.5326], [130.8594, 42.5181], [130.865, 42.5151], [130.8708, 42.5282], [130.865, 42.5377], [130.8416, 42.5439], [130.8434, 42.5597], [130.838, 42.5647], [130.8158, 42.5662], [130.7936, 42.5783], [130.7838, 42.573], [130.7739, 42.5776], [130.772, 42.5973], [130.7975, 42.6327], [130.7946, 42.6338], [130.7697, 42.5966], [130.7718, 42.6054], [130.7614, 42.6066], [130.7582, 42.6028], [130.7455, 42.6091], [130.725, 42.5852], [130.6958, 42.5774], [130.6931, 42.5615], [130.6854, 42.5586], [130.6802, 42.5699], [130.6886, 42.559], [130.6934, 42.5631], [130.6933, 42.5723], [130.685, 42.575], [130.6874, 42.5809], [130.6741, 42.5903], [130.6872, 42.5857], [130.6928, 42.5764], [130.7184, 42.5849], [130.7376, 42.6073], [130.7321, 42.61], [130.7324, 42.6197], [130.7389, 42.6266], [130.7174, 42.6223], [130.7007, 42.6305], [130.7012, 42.6424], [130.6574, 42.6394], [130.6523, 42.6579], [130.6624, 42.6605], [130.6782, 42.6803], [130.6838, 42.6777], [130.7214, 42.7015], [130.7326, 42.6998], [130.7383, 42.6884], [130.7594, 42.6822], [130.765, 42.6857], [130.7747, 42.6832], [130.7752, 42.6878], [130.8016, 42.7005], [130.8274, 42.6992], [130.8413, 42.7061], [130.8381, 42.7023], [130.8457, 42.7038], [130.85, 42.6988], [130.836, 42.6996], [130.8398, 42.6899], [130.8337, 42.6738], [130.7799, 42.657], [130.7902, 42.654], [130.7896, 42.644], [130.7958, 42.6434], [130.793, 42.6469], [130.7974, 42.6499], [130.808, 42.6464], [130.8148, 42.6552], [130.8124, 42.6624], [130.8183, 42.6625], [130.8233, 42.6558], [130.8293, 42.66], [130.8289, 42.6557], [130.8345, 42.6588], [130.8404, 42.6559], [130.8441, 42.6649], [130.8536, 42.6675], [130.8575, 42.6606], [130.8648, 42.6592], [130.8757, 42.6647], [130.8737, 42.6706], [130.8799, 42.6764], [130.8852, 42.6725], [130.8841, 42.6602], [130.8795, 42.6564], [130.8928, 42.6539], [130.8961, 42.6474], [130.909, 42.6591], [130.9134, 42.6556], [130.9461, 42.6554], [130.9497, 42.6457], [130.9472, 42.6324], [130.9366, 42.6188], [130.9238, 42.6115], [130.9141, 42.6111], [130.9054, 42.617], [130.8971, 42.6353], [130.8881, 42.6352], [130.8869, 42.6414], [130.8553, 42.6445], [130.8562, 42.6496], [130.8202, 42.6434], [130.8081, 42.6337], [130.8539, 42.6206], [130.8501, 42.6127], [130.8529, 42.6096], [130.8739, 42.6142], [130.8751, 42.6075], [130.8703, 42.6097], [130.859, 42.6039], [130.867, 42.6037], [130.8702, 42.5959], [130.8957, 42.599], [130.8986, 42.5941], [130.905, 42.5971], [130.9219, 42.5924], [130.9329, 42.6102], [130.9476, 42.6109], [130.9411, 42.6191], [130.9428, 42.6244], [130.968, 42.6305], [130.9669, 42.6409], [130.9852, 42.648], [130.9989, 42.6463], [131.0017, 42.6351], [131.0237, 42.6503], [131.0351, 42.6407], [131.0329, 42.6338], [131.0704, 42.643], [131.1013, 42.6189], [131.095, 42.6324], [131.0861, 42.6318], [131.077, 42.6387], [131.0891, 42.6495], [131.0912, 42.6607], [131.1007, 42.6633], [131.1015, 42.6703], [131.1127, 42.6715], [131.1226, 42.6651], [131.1201, 42.6614], [131.1243, 42.6545], [131.1195, 42.6512], [131.1278, 42.6464], [131.1254, 42.6393], [131.1183, 42.6379], [131.1239, 42.6345], [131.1278, 42.6388], [131.1387, 42.6311], [131.1208, 42.6167], [131.1434, 42.6133], [131.1442, 42.6075], [131.1495, 42.6102], [131.1561, 42.5969], [131.1616, 42.6028], [131.1808, 42.6059], [131.1848, 42.6025], [131.1655, 42.5833], [131.1487, 42.5821], [131.1648, 42.5798], [131.1668, 42.5714], [131.1833, 42.5598], [131.1973, 42.5626], [131.2032, 42.5523], [131.2084, 42.5528], [131.2065, 42.5581], [131.2181, 42.5544], [131.2228, 42.5674], [131.2119, 42.5855], [131.2335, 42.5889], [131.2265, 42.5931], [131.2304, 42.5956], [131.2261, 42.5986], [131.2279, 42.6049], [131.2182, 42.6099], [131.2054, 42.6077], [131.1998, 42.6129], [131.1995, 42.62], [131.2112, 42.623], [131.2091, 42.6315], [131.2015, 42.6332], [131.2013, 42.6371], [131.2185, 42.6421], [131.2094, 42.6436], [131.2067, 42.6519], [131.2251, 42.6523], [131.2149, 42.6712], [131.2288, 42.6779], [131.2387, 42.6718], [131.2446, 42.6753], [131.2401, 42.6784], [131.2409, 42.6861], [131.2486, 42.6852], [131.2518, 42.6915], [131.2366, 42.7019], [131.2422, 42.7094], [131.242, 42.7241], [131.2481, 42.7298], [131.2483, 42.7434], [131.2601, 42.7479], [131.2567, 42.7695], [131.2892, 42.7908], [131.3291, 42.7942], [131.3401, 42.7901], [131.3415, 42.7844], [131.3376, 42.7822], [131.3504, 42.7796], [131.3564, 42.7735], [131.3564, 42.7648], [131.3626, 42.764], [131.3635, 42.7742], [131.3806, 42.779], [131.3487, 42.7892], [131.3476, 42.8002], [131.358, 42.8066], [131.3515, 42.8117], [131.3597, 42.8229], [131.3827, 42.8411], [131.4148, 42.8462], [131.4128, 42.85], [131.4309, 42.8568], [131.4313, 42.8612], [131.4466, 42.8628], [131.4599, 42.8774], [131.4696, 42.8778], [131.4714, 42.8843], [131.4642, 42.8836], [131.452, 42.8817], [131.4311, 42.8687], [131.421, 42.876], [131.3843, 42.8676], [131.3867, 42.8764], [131.4082, 42.897], [131.4097, 42.9044], [131.4051, 42.9106], [131.3977, 42.9108], [131.3876, 42.9063], [131.3958, 42.9084], [131.3896, 42.9007], [131.3876, 42.9118], [131.3786, 42.9138], [131.3843, 42.9299], [131.3765, 42.9309], [131.3762, 42.943], [131.402, 42.9535], [131.4108, 42.9422], [131.4183, 42.9413], [131.4262, 42.9325], [131.4336, 42.9327], [131.4308, 42.9281], [131.4195, 42.9332], [131.4273, 42.928], [131.4523, 42.9259], [131.4568, 42.9361], [131.4705, 42.9452], [131.4899, 42.9397], [131.5033, 42.9452], [131.5073, 42.9498], [131.4997, 42.9702], [131.4899, 42.9732], [131.4958, 42.9834], [131.4928, 42.985], [131.4786, 42.9776], [131.4532, 42.9805], [131.421, 42.9659], [131.4116, 42.971], [131.4146, 42.9786], [131.428, 42.9842], [131.4278, 42.9877], [131.4328, 42.9832], [131.4478, 42.983], [131.4568, 42.9894], [131.456, 42.9826], [131.479, 42.9795], [131.4873, 42.9826], [131.4862, 42.9857], [131.4901, 42.9833], [131.4854, 42.9905], [131.4937, 43.0013], [131.5179, 43.012], [131.4933, 43.0021], [131.4876, 43.0082], [131.5167, 43.0161], [131.5308, 43.0123], [131.5182, 43.0111], [131.5358, 43.0097], [131.5443, 43.0033], [131.5537, 43.0223], [131.574, 43.0158], [131.576, 43.0104], [131.5507, 43.0147], [131.5483, 43.002], [131.5367, 42.9958], [131.5363, 42.9903], [131.5718, 42.9986], [131.5779, 43.0134], [131.5575, 43.0241], [131.5617, 43.0392], [131.5785, 43.0499], [131.5908, 43.0511], [131.5922, 43.0585], [131.6054, 43.0641], [131.6228, 43.0946], [131.6519, 43.1105], [131.659, 43.1249], [131.6825, 43.1462], [131.6949, 43.1652], [131.6954, 43.1853], [131.6863, 43.1741], [131.66, 43.1619], [131.6598, 43.1575], [131.638, 43.156], [131.633, 43.1702], [131.6686, 43.1698], [131.6758, 43.1767], [131.6761, 43.188], [131.6516, 43.1993], [131.6444, 43.1938], [131.6264, 43.1961], [131.6058, 43.2109], [131.5993, 43.2262], [131.6043, 43.2302], [131.5979, 43.2401], [131.5795, 43.2436], [131.5881, 43.257], [131.5866, 43.2663], [131.5997, 43.2704], [131.6239, 43.268], [131.6341, 43.2749], [131.6408, 43.2716], [131.6541, 43.2786], [131.6763, 43.2749], [131.6749, 43.2628], [131.6793, 43.2538], [131.7034, 43.2343], [131.7065, 43.2181], [131.7096, 43.2202], [131.7129, 43.2158], [131.7099, 43.2118], [131.7252, 43.2096], [131.7238, 43.2174], [131.7297, 43.2236], [131.7354, 43.2182], [131.7439, 43.2184], [131.7609, 43.2337], [131.7681, 43.2502], [131.7582, 43.2596], [131.7564, 43.2896], [131.7727, 43.3014], [131.759, 43.3246], [131.7557, 43.348], [131.762, 43.3366], [131.7687, 43.3461], [131.761, 43.3573], [131.7641, 43.3694], [131.6866, 43.3841], [131.6627, 43.3847], [131.6464, 43.3781], [131.5558, 43.3783], [131.4392, 43.4009], [131.4111, 43.3993], [131.4021, 43.412], [131.4018, 43.4204], [131.368, 43.4377], [131.3542, 43.4538], [131.3306, 43.4517], [131.3091, 43.4571], [131.3021, 43.4535]]]}}, {"type": "Feature", "properties": {"osm_type": "relation", "osm_id": 726229211, "name": "Yakovlevsky District", "admin_level": "6", "kind": "subdivision_2", "parent_osm_id": 151225, "parent_name": "Primorsky Krai", "parent_iso": "RU-PRI"}, "geometry": {"type": "Polygon", "coordinates": [[[133.2723, 44.4407], [133.2439, 44.4211], [133.2464, 44.4073], [133.241, 44.3947], [133.2268, 44.398], [133.2042, 44.3806], [133.2073, 44.3733], [133.1927, 44.366], [133.176, 44.3732], [133.1599, 44.3667], [133.1508, 44.3528], [133.1582, 44.3399], [133.1541, 44.3326], [133.1662, 44.3207], [133.2168, 44.319], [133.2153, 44.3021], [133.2271, 44.2971], [133.2479, 44.2761], [133.2693, 44.2915], [133.2832, 44.2886], [133.3025, 44.2952], [133.3218, 44.292], [133.3455, 44.2975], [133.3444, 44.3058], [133.3694, 44.3145], [133.3672, 44.308], [133.3768, 44.3004], [133.3742, 44.2954], [133.365, 44.2941], [133.3612, 44.2865], [133.3619, 44.2788], [133.3697, 44.2717], [133.3633, 44.2722], [133.3639, 44.2612], [133.3567, 44.2585], [133.3565, 44.2491], [133.3366, 44.2463], [133.3414, 44.2382], [133.3342, 44.2383], [133.3387, 44.2338], [133.3258, 44.2261], [133.3277, 44.2174], [133.3217, 44.2082], [133.3101, 44.2075], [133.3119, 44.2031], [133.2975, 44.1968], [133.2877, 44.2003], [133.2818, 44.1936], [133.2642, 44.1938], [133.2551, 44.1784], [133.2882, 44.1849], [133.292, 44.1792], [133.2847, 44.1746], [133.3013, 44.159], [133.3279, 44.1019], [133.3291, 44.0958], [133.3217, 44.0932], [133.3031, 44.1208], [133.2757, 44.1121], [133.2886, 44.1063], [133.2848, 44.1005], [133.2977, 44.0948], [133.3059, 44.087], [133.3084, 44.0757], [133.3173, 44.0733], [133.314, 44.0565], [133.3171, 44.0482], [133.3086, 44.0362], [133.3155, 44.0241], [133.3067, 44.0176], [133.3081, 44.0106], [133.3373, 44.0045], [133.3641, 44.0112], [133.3808, 44.0026], [133.4035, 44.021], [133.4241, 44.0251], [133.4247, 44.0309], [133.4142, 44.0429], [133.4299, 44.0536], [133.4342, 44.0751], [133.4487, 44.0755], [133.472, 44.1009], [133.4927, 44.1093], [133.4989, 44.1176], [133.5082, 44.117], [133.5103, 44.1223], [133.5194, 44.1239], [133.5246, 44.1476], [133.5324, 44.1485], [133.536, 44.1573], [133.5466, 44.159], [133.5503, 44.1645], [133.5462, 44.1852], [133.5631, 44.1835], [133.5801, 44.2062], [133.5767, 44.2136], [133.5821, 44.2258], [133.6132, 44.2641], [133.6389, 44.2691], [133.655, 44.2663], [133.6911, 44.2755], [133.7036, 44.2682], [133.7291, 44.2734], [133.7335, 44.2815], [133.7436, 44.284], [133.7491, 44.2969], [133.7424, 44.3109], [133.7497, 44.327], [133.7458, 44.3365], [133.7367, 44.3418], [133.7372, 44.3517], [133.7528, 44.3608], [133.7633, 44.3787], [133.7764, 44.3791], [133.7857, 44.387], [133.7846, 44.3938], [133.7963, 44.3959], [133.7973, 44.4178], [133.7686, 44.432], [133.7634, 44.44], [133.772, 44.4506], [133.7619, 44.4545], [133.7656, 44.4606], [133.7609, 44.4646], [133.7646, 44.4716], [133.7617, 44.4776], [133.7685, 44.4813], [133.7714, 44.4971], [133.7649, 44.5045], [133.7664, 44.5181], [133.7774, 44.5247], [133.8, 44.5199], [133.8104, 44.5116], [133.8213, 44.5146], [133.8283, 44.522], [133.8328, 44.5404], [133.8759, 44.551], [133.8784, 44.5652], [133.8967, 44.5852], [133.9196, 44.5913], [133.9229, 44.5962], [133.9175, 44.6016], [133.9448, 44.6173], [133.9307, 44.6464], [133.9652, 44.683], [133.956, 44.6913], [133.9553, 44.6982], [133.9437, 44.6972], [133.9348, 44.69], [133.9332, 44.6802], [133.8919, 44.6718], [133.8851, 44.6754], [133.8628, 44.6629], [133.8397, 44.6705], [133.8048, 44.6598], [133.7936, 44.6691], [133.7797, 44.6696], [133.7551, 44.685], [133.739, 44.6854], [133.7295, 44.7036], [133.7319, 44.7103], [133.7169, 44.7139], [133.7198, 44.725], [133.7016, 44.7306], [133.7044, 44.7407], [133.6892, 44.7369], [133.6698, 44.7405], [133.6792, 44.7584], [133.6758, 44.7619], [133.6829, 44.7799], [133.6664, 44.7784], [133.6724, 44.788], [133.668, 44.7948], [133.6731, 44.8011], [133.6609, 44.8065], [133.6632, 44.8126], [133.6575, 44.8253], [133.645, 44.8284], [133.6453, 44.8443], [133.6245, 44.8522], [133.626, 44.8569], [133.6178, 44.8628], [133.6181, 44.8755], [133.6041, 44.8791], [133.6024, 44.8718], [133.5858, 44.872], [133.5801, 44.8787], [133.5564, 44.8847], [133.5588, 44.851], [133.5427, 44.8417], [133.5478, 44.815], [133.58, 44.7953], [133.5734, 44.7831], [133.573, 44.7589], [133.5556, 44.7467], [133.5484, 44.7464], [133.5337, 44.7314], [133.5154, 44.6769], [133.5072, 44.6762], [133.4759, 44.656], [133.466, 44.6309], [133.4234, 44.5969], [133.4295, 44.5329], [133.4244, 44.5096], [133.4162, 44.4972], [133.4188, 44.4902], [133.3952, 44.4879], [133.3729, 44.4907], [133.3722, 44.4951], [133.3487, 44.4835], [133.3224, 44.4881], [133.2943, 44.4703], [133.2988, 44.4624], [133.289, 44.4363], [133.2723, 44.4407]]]}}, {"type": "Feature", "properties": {"osm_type": "relation", "osm_id": 338147723, "name": "Nadezhdinsky District", "admin_level": "6", "kind": "subdivision_2", "parent_osm_id": 151225, "parent_name": "Primorsky Krai", "parent_iso": "RU-PRI"}, "geometry": {"type": "MultiPolygon", "coordinates": [[[[131.7615, 43.3274], [131.7643, 43.3175], [131.7707, 43.314], [131.7724, 43.3298], [131.7746, 43.3185], [131.7796, 43.3218], [131.7727, 43.3368], [131.7615, 43.3274]]], [[[131.8005, 43.3328], [131.7992, 43.3426], [131.79, 43.3528], [131.7781, 43.3546], [131.772, 43.3386], [131.7806, 43.3287], [131.7793, 43.3178], [131.7853, 43.3188], [131.7936, 43.3312], [131.7908, 43.323], [131.7961, 43.3247], [131.7945, 43.317], [131.798, 43.3157], [131.8028, 43.3212], [131.8005, 43.3328]]], [[[131.3542, 43.4538], [131.368, 43.4377], [131.4018, 43.4204], [131.4021, 43.412], [131.4111, 43.3993], [131.4392, 43.4009], [131.5558, 43.3783], [131.6464, 43.3781], [131.6627, 43.3847], [131.714, 43.3806], [131.7641, 43.3694], [131.761, 43.3573], [131.7687, 43.3461], [131.7606, 43.3379], [131.7631, 43.3327], [131.7782, 43.3554], [131.7876, 43.3544], [131.7894, 43.3633], [131.7956, 43.3609], [131.8032, 43.3381], [131.8123, 43.3322], [131.8121, 43.3279], [131.8239, 43.3261], [131.8257, 43.3301], [131.8159, 43.3383], [131.8163, 43.3441], [131.8339, 43.3445], [131.8474, 43.3386], [131.8433, 43.3275], [131.8211, 43.3225], [131.8177, 43.3016], [131.8232, 43.299], [131.8226, 43.2935], [131.8405, 43.3013], [131.8455, 43.2987], [131.8445, 43.3051], [131.8684, 43.3091], [131.8677, 43.3159], [131.8801, 43.32], [131.9423, 43.3169], [131.9415, 43.3139], [131.9562, 43.3127], [131.9672, 43.3057], [131.9698, 43.308], [131.9596, 43.3116], [131.9714, 43.3084], [131.9701, 43.3041], [131.9756, 43.3067], [131.9727, 43.3125], [131.9765, 43.3068], [131.974, 43.296], [131.982, 43.3015], [131.9921, 43.2833], [131.9683, 43.2579], [131.9902, 43.2761], [132.0044, 43.2759], [132.0118, 43.2811], [131.996, 43.2942], [132.0, 43.3065], [132.007, 43.3127], [132.0078, 43.3217], [132.0168, 43.3282], [132.0392, 43.3314], [132.037, 43.3385], [132.0472, 43.342], [132.0446, 43.3503], [132.0506, 43.3557], [132.0425, 43.3626], [132.0476, 43.3656], [132.0584, 43.3598], [132.0672, 43.37], [132.0769, 43.3713], [132.0826, 43.3824], [132.0962, 43.3844], [132.1004, 43.3959], [132.0944, 43.4034], [132.1022, 43.4029], [132.1126, 43.4202], [132.1254, 43.4204], [132.1308, 43.4303], [132.1217, 43.438], [132.1235, 43.4445], [132.1185, 43.4542], [132.1395, 43.471], [132.1484, 43.5108], [132.17, 43.541], [132.1646, 43.552], [132.1433, 43.5685], [132.098, 43.5827], [132.0781, 43.5815], [132.017, 43.598], [131.9926, 43.6201], [131.991, 43.6279], [132.0003, 43.6407], [131.9744, 43.6504], [131.967, 43.6614], [131.9525, 43.656], [131.8916, 43.6629], [131.8833, 43.6646], [131.8821, 43.6788], [131.842, 43.6777], [131.8327, 43.663], [131.7841, 43.6603], [131.7516, 43.6675], [131.7268, 43.6645], [131.7016, 43.6262], [131.6838, 43.6233], [131.6772, 43.6078], [131.6557, 43.5823], [131.6361, 43.581], [131.6243, 43.5648], [131.5624, 43.5384], [131.543, 43.5232], [131.4838, 43.5222], [131.4603, 43.5092], [131.4448, 43.4923], [131.4369, 43.4932], [131.4171, 43.481], [131.4015, 43.4799], [131.393, 43.471], [131.378, 43.4656], [131.3551, 43.4649], [131.3542, 43.4538]]]]}}, {"type": "Feature", "properties": {"osm_type": "relation", "osm_id": 653187433, "name": "Spassky District", "admin_level": "6", "kind": "subdivision_2", "parent_osm_id": 151225, "parent_name": "Primorsky Krai", "parent_iso": "RU-PRI"}, "geometry": {"type": "MultiPolygon", "coordinates": [[[[132.4063, 44.5456], [132.4085, 44.5411], [132.4284, 44.5417], [132.431, 44.5482], [132.4208, 44.5503], [132.4343, 44.5515], [132.4356, 44.5572], [132.4225, 44.5625], [132.4091, 44.5546], [132.4063, 44.5456]]], [[[133.5801, 44.8787], [133.5822, 44.8852], [133.5735, 44.8971], [133.5581, 44.8967], [133.5415, 44.9062], [133.5136, 44.9123], [133.4417, 44.9181], [133.4268, 44.905], [133.4028, 44.9046], [133.4129, 44.8873], [133.3997, 44.8947], [133.3897, 44.8937], [133.3866, 44.8712], [133.3548, 44.8522], [133.3394, 44.8512], [133.3435, 44.8754], [133.2723, 44.8682], [133.2427, 44.8924], [133.2345, 44.8908], [133.2152, 44.9012], [133.2134, 44.9131], [133.1852, 44.9349], [133.2087, 44.9572], [133.243, 45.0159], [133.2293, 45.0049], [133.2045, 45.0073], [133.1899, 45.0201], [133.1869, 45.0172], [133.1794, 45.0215], [133.1788, 45.0281], [133.1585, 45.0345], [133.1631, 45.0388], [133.1605, 45.0429], [133.1662, 45.0426], [133.1631, 45.0501], [133.1468, 45.0497], [133.1478, 45.0554], [133.1381, 45.0546], [133.1291, 45.0618], [133.1419, 45.0658], [133.1391, 45.0725], [133.1328, 45.0742], [133.1411, 45.0842], [133.1401, 45.0883], [133.1335, 45.0864], [133.1371, 45.0913], [133.1338, 45.0922], [133.1435, 45.0919], [133.1391, 45.097], [133.1464, 45.0967], [133.1329, 45.1006], [133.1397, 45.1129], [133.126, 45.1089], [133.127, 45.1144], [133.1355, 45.114], [133.1327, 45.1188], [133.1442, 45.1245], [133.135, 45.1271], [133.1436, 45.129], [133.1408, 45.1341], [133.1272, 45.1375], [133.133, 45.1329], [133.1298, 45.1306], [133.1325, 45.1253], [133.1235, 45.1222], [133.1259, 45.1275], [133.1223, 45.1295], [133.1195, 45.1249], [133.109, 45.1253], [133.1079, 45.1209], [133.1007, 45.1233], [133.0962, 45.116], [133.1002, 45.1121], [133.0924, 45.1129], [133.0962, 45.1115], [133.0922, 45.1093], [133.0953, 45.1024], [133.0867, 45.1042], [133.09, 45.1005], [133.0797, 45.1001], [133.084, 45.0962], [133.0785, 45.0933], [133.0738, 45.0987], [133.0717, 45.0948], [133.0614, 45.0945], [133.0553, 45.0859], [133.0627, 45.0836], [133.0527, 45.0836], [133.0565, 45.0804], [133.0514, 45.0773], [133.0399, 45.0772], [133.0466, 45.0757], [133.0324, 45.0681], [133.0389, 45.0676], [133.0383, 45.0618], [133.0313, 45.059], [133.0375, 45.0564], [133.0035, 45.0454], [133.0046, 45.0404], [133.0003, 45.0401], [133.0007, 45.0448], [132.9961, 45.0399], [132.9815, 45.0407], [132.9846, 45.0353], [132.9729, 45.0332], [132.9837, 45.0331], [132.9805, 45.0291], [132.9684, 45.0282], [132.9741, 45.0235], [132.9716, 45.0202], [132.9709, 45.0244], [132.9636, 45.0215], [132.9619, 45.0293], [132.948, 45.0216], [132.9546, 45.0192], [132.9501, 45.0151], [132.938, 45.0203], [132.9455, 45.0229], [132.9348, 45.0247], [132.9374, 45.0309], [132.909, 45.0296], [132.9108, 45.0359], [132.9052, 45.033], [132.9064, 45.0378], [132.9004, 45.0347], [132.898, 45.0389], [132.8838, 45.0406], [132.8862, 45.0445], [132.874, 45.0463], [132.8814, 45.0485], [132.8679, 45.0523], [132.8632, 45.0612], [132.8471, 45.0579], [132.7197, 44.9042], [132.6481, 44.855], [132.6486, 44.8433], [132.6297, 44.8162], [132.6428, 44.7842], [132.6469, 44.7424], [132.6406, 44.7186], [132.6048, 44.6773], [132.3996, 44.5903], [132.3951, 44.5809], [132.4061, 44.5727], [132.4344, 44.5703], [132.4565, 44.5826], [132.4835, 44.5842], [132.4768, 44.5783], [132.5013, 44.5956], [132.5104, 44.5923], [132.5176, 44.5877], [132.5086, 44.5747], [132.5158, 44.5635], [132.5322, 44.5537], [132.5137, 44.5507], [132.5132, 44.5573], [132.5216, 44.5602], [132.4797, 44.5669], [132.4866, 44.5617], [132.4836, 44.557], [132.4951, 44.5516], [132.5099, 44.5528], [132.5151, 44.542], [132.5412, 44.5555], [132.5623, 44.5441], [132.591, 44.5401], [132.5841, 44.5125], [132.6114, 44.493], [132.6071, 44.491], [132.612, 44.4926], [132.6368, 44.4799], [132.6457, 44.4615], [132.6633, 44.4622], [132.6801, 44.4567], [132.6849, 44.4619], [132.7089, 44.4536], [132.7539, 44.4494], [132.7566, 44.4453], [132.7612, 44.4482], [132.8253, 44.3911], [132.8269, 44.3719], [132.8489, 44.3619], [132.8597, 44.3633], [132.8895, 44.3471], [132.927, 44.3691], [132.9294, 44.377], [132.945, 44.3804], [132.9735, 44.4017], [132.9943, 44.3955], [133.0149, 44.4166], [133.0189, 44.4114], [133.0337, 44.4134], [133.0528, 44.4239], [133.0579, 44.4425], [133.064, 44.4463], [133.0877, 44.4511], [133.1155, 44.4657], [133.123, 44.4634], [133.1651, 44.4745], [133.1946, 44.4592], [133.2513, 44.4646], [133.2723, 44.4407], [133.289, 44.4363], [133.2988, 44.4624], [133.2943, 44.4703], [133.3224, 44.4881], [133.3487, 44.4835], [133.3722, 44.4951], [133.3729, 44.4907], [133.3952, 44.4879], [133.4188, 44.4902], [133.4162, 44.4972], [133.4244, 44.5096], [133.4295, 44.5329], [133.4234, 44.5969], [133.466, 44.6309], [133.4759, 44.656], [133.5072, 44.6762], [133.5154, 44.6769], [133.5337, 44.7314], [133.5484, 44.7464], [133.5556, 44.7467], [133.573, 44.7589], [133.5734, 44.7831], [133.58, 44.7953], [133.5478, 44.815], [133.5427, 44.8417], [133.5588, 44.851], [133.5564, 44.8847], [133.5801, 44.8787]], [[132.7508, 44.5811], [132.7628, 44.5835], [132.7572, 44.5883], [132.7599, 44.5922], [132.767, 44.5891], [132.7735, 44.5962], [132.7899, 44.5907], [132.7984, 44.5938], [132.8146, 44.6169], [132.808, 44.6377], [132.8166, 44.6427], [132.8494, 44.6317], [132.8459, 44.6267], [132.8511, 44.6226], [132.8471, 44.6193], [132.8691, 44.6038], [132.8644, 44.6021], [132.8716, 44.593], [132.8556, 44.5863], [132.8273, 44.5526], [132.8018, 44.5683], [132.7691, 44.5562], [132.7508, 44.5811]]]]}}, {"type": "Feature", "properties": {"osm_type": "relation", "osm_id": 562220862, "name": "Partizansk", "admin_level": "6", "kind": "subdivision_2", "parent_osm_id": 151225, "parent_name": "Primorsky Krai", "parent_iso": "RU-PRI"}, "geometry": {"type": "Polygon", "coordinates": [[[132.7992, 43.1064], [132.8553, 43.1044], [132.8923, 43.1264], [132.9076, 43.12], [132.9198, 43.1243], [132.9607, 43.0913], [132.966, 43.0693], [132.9897, 43.0554], [133.0013, 43.0543], [133.0052, 43.0437], [133.0205, 43.0334], [133.0351, 43.0389], [133.0357, 43.0315], [133.0574, 43.0304], [133.0888, 43.052], [133.1189, 43.0392], [133.1281, 43.044], [133.1419, 43.0399], [133.1429, 43.05], [133.1507, 43.0533], [133.1593, 43.0671], [133.1582, 43.0805], [133.1641, 43.0975], [133.177, 43.0918], [133.1831, 43.1031], [133.201, 43.1119], [133.1988, 43.1161], [133.2137, 43.1179], [133.229, 43.1292], [133.2295, 43.1591], [133.2373, 43.162], [133.2532, 43.1589], [133.253, 43.1659], [133.2342, 43.172], [133.2379, 43.1978], [133.2487, 43.2061], [133.2442, 43.2191], [133.2636, 43.2323], [133.2744, 43.2484], [133.2707, 43.2584], [133.2936, 43.2838], [133.2909, 43.3039], [133.2841, 43.3075], [133.2907, 43.3255], [133.2995, 43.3348], [133.2945, 43.3409], [133.2963, 43.3769], [133.2857, 43.3807], [133.2836, 43.3953], [133.2663, 43.4116], [133.2628, 43.428], [133.256, 43.4365], [133.2606, 43.4471], [133.2576, 43.4565], [133.2482, 43.4621], [133.2451, 43.4715], [133.2174, 43.4807], [133.215, 43.4627], [133.193, 43.4677], [133.1876, 43.4551], [133.1581, 43.4437], [133.1477, 43.448], [133.1383, 43.443], [133.1386, 43.457], [133.1178, 43.4542], [133.1064, 43.4469], [133.0953, 43.4522], [133.0776, 43.4522], [133.065, 43.4401], [133.0481, 43.446], [133.0098, 43.4467], [133.0111, 43.4367], [132.9902, 43.4314], [132.9743, 43.4102], [132.9434, 43.407], [132.9071, 43.3962], [132.9303, 43.3827], [132.9262, 43.3721], [132.9448, 43.3592], [132.9543, 43.3359], [132.9374, 43.3309], [132.9302, 43.3234], [132.8989, 43.3218], [132.8613, 43.3003], [132.881, 43.2803], [132.8222, 43.2434], [132.8288, 43.2358], [132.8252, 43.2172], [132.8376, 43.1907], [132.8066, 43.1851], [132.8092, 43.1754], [132.831, 43.1776], [132.8341, 43.1744], [132.8294, 43.1648], [132.8043, 43.1432], [132.8066, 43.1273], [132.7992, 43.1064]]]}}, {"type": "Feature", "properties": {"osm_type": "relation", "osm_id": 289454313, "name": "Anuchinsky District", "admin_level": "6", "kind": "subdivision_2", "parent_osm_id": 151225, "parent_name": "Primorsky Krai", "parent_iso": "RU-PRI"}, "geometry": {"type": "Polygon", "coordinates": [[[133.2848, 44.1005], [133.2567, 44.1003], [133.2378, 44.1078], [133.2338, 44.1132], [133.2383, 44.1232], [133.2476, 44.1287], [133.2419, 44.1314], [133.251, 44.1389], [133.2285, 44.1513], [133.2354, 44.154], [133.2319, 44.1565], [133.2362, 44.1608], [133.2329, 44.1698], [133.2451, 44.183], [133.2636, 44.1889], [133.2642, 44.1938], [133.2818, 44.1936], [133.2877, 44.2003], [133.2975, 44.1968], [133.3119, 44.2031], [133.3101, 44.2075], [133.3217, 44.2082], [133.3277, 44.2174], [133.3258, 44.2261], [133.3387, 44.2338], [133.3342, 44.2383], [133.3414, 44.2382], [133.3366, 44.2463], [133.3565, 44.2491], [133.3567, 44.2585], [133.3639, 44.2612], [133.3633, 44.2722], [133.3697, 44.2717], [133.3619, 44.2788], [133.3612, 44.2865], [133.365, 44.2941], [133.3742, 44.2954], [133.3768, 44.3004], [133.3672, 44.308], [133.3709, 44.3122], [133.3495, 44.3087], [133.3444, 44.3058], [133.3455, 44.2975], [133.3218, 44.292], [133.3025, 44.2952], [133.2832, 44.2886], [133.2627, 44.2897], [133.2631, 44.2838], [133.2479, 44.2761], [133.2271, 44.2971], [133.2153, 44.3021], [133.2168, 44.319], [133.1662, 44.3207], [133.1594, 44.3245], [133.1541, 44.3326], [133.1582, 44.3399], [133.1508, 44.3528], [133.168, 44.3725], [133.1857, 44.3713], [133.1927, 44.366], [133.2073, 44.3733], [133.2042, 44.3806], [133.2268, 44.398], [133.241, 44.3947], [133.2464, 44.4073], [133.2439, 44.4211], [133.2723, 44.4407], [133.2513, 44.4646], [133.1946, 44.4592], [133.1651, 44.4745], [133.123, 44.4634], [133.1155, 44.4657], [133.0877, 44.4511], [133.064, 44.4463], [133.0579, 44.4425], [133.0528, 44.4239], [133.0337, 44.4134], [133.0189, 44.4114], [133.0149, 44.4166], [132.9943, 44.3955], [132.9735, 44.4017], [132.945, 44.3804], [132.9294, 44.377], [132.927, 44.3691], [132.8895, 44.3471], [132.8668, 44.3165], [132.8565, 44.3127], [132.8466, 44.3015], [132.8158, 44.2884], [132.8166, 44.2743], [132.7984, 44.2545], [132.8028, 44.2432], [132.809, 44.2411], [132.8058, 44.2353], [132.8083, 44.2062], [132.879, 44.2106], [132.8928, 44.2069], [132.9082, 44.1807], [132.9066, 44.1722], [132.8981, 44.1665], [132.9042, 44.1551], [132.8995, 44.1504], [132.8993, 44.1375], [132.8345, 44.1311], [132.8287, 44.1328], [132.8259, 44.1412], [132.7938, 44.1127], [132.7856, 44.1133], [132.7723, 44.0915], [132.783, 44.0872], [132.7839, 44.0806], [132.7956, 44.0744], [132.7988, 44.0649], [132.8159, 44.0568], [132.8136, 44.0455], [132.8242, 44.0394], [132.8185, 44.014], [132.8267, 44.0109], [132.8294, 43.9974], [132.81, 43.9802], [132.7688, 43.9802], [132.7627, 43.9684], [132.7485, 43.9613], [132.7171, 43.9639], [132.716, 43.9572], [132.706, 43.9571], [132.7049, 43.9375], [132.7279, 43.9215], [132.7345, 43.9001], [132.7246, 43.8908], [132.7273, 43.8854], [132.7506, 43.8874], [132.7492, 43.8826], [132.754, 43.8824], [132.7557, 43.8219], [132.8238, 43.822], [132.8323, 43.8152], [132.8489, 43.7908], [132.8316, 43.7807], [132.8354, 43.774], [132.8329, 43.7569], [132.8375, 43.7516], [132.8317, 43.7443], [132.8388, 43.7392], [132.8374, 43.7247], [132.8606, 43.7087], [132.8817, 43.7033], [132.8773, 43.6968], [132.8662, 43.6944], [132.8626, 43.6858], [132.8779, 43.6725], [132.8484, 43.6489], [132.8358, 43.6216], [132.8067, 43.608], [132.7934, 43.591], [132.7775, 43.59], [132.7775, 43.5767], [132.7545, 43.5554], [132.755, 43.5423], [132.7811, 43.5321], [132.7839, 43.5185], [132.7947, 43.5117], [132.796, 43.4939], [132.8023, 43.4833], [132.7843, 43.4617], [132.8009, 43.4611], [132.8144, 43.453], [132.8156, 43.4449], [132.83, 43.4336], [132.8287, 43.4235], [132.8514, 43.4175], [132.8639, 43.4246], [132.8731, 43.4167], [132.8856, 43.4154], [132.8961, 43.4019], [132.9071, 43.3962], [132.9434, 43.407], [132.9743, 43.4102], [132.9902, 43.4314], [133.0111, 43.4367], [133.0098, 43.4467], [133.0481, 43.446], [133.065, 43.4401], [133.0776, 43.4522], [133.0953, 43.4522], [133.1064, 43.4469], [133.1178, 43.4542], [133.1386, 43.457], [133.1383, 43.443], [133.1477, 43.448], [133.1581, 43.4437], [133.1876, 43.4551], [133.193, 43.4677], [133.215, 43.4627], [133.2187, 43.4694], [133.2157, 43.4934], [133.2068, 43.5], [133.2102, 43.5075], [133.2026, 43.5176], [133.2259, 43.5417], [133.2169, 43.5396], [133.1851, 43.5605], [133.1577, 43.5655], [133.1195, 43.5512], [133.1082, 43.5525], [133.0685, 43.5278], [133.0484, 43.5301], [133.0347, 43.5234], [133.0157, 43.5246], [133.019, 43.5316], [133.0148, 43.5373], [133.0305, 43.5414], [133.0397, 43.5492], [133.0252, 43.5577], [133.0298, 43.5904], [133.0182, 43.5944], [133.0203, 43.6036], [133.0044, 43.6173], [133.0111, 43.6234], [133.0229, 43.6555], [133.013, 43.6727], [133.0166, 43.6759], [133.0061, 43.6854], [133.0191, 43.6938], [133.0373, 43.6932], [133.0633, 43.681], [133.0732, 43.6853], [133.0829, 43.6806], [133.0953, 43.6906], [133.1024, 43.7104], [133.1275, 43.7086], [133.1423, 43.7023], [133.1599, 43.7053], [133.1782, 43.7403], [133.1983, 43.7457], [133.2122, 43.736], [133.2219, 43.7432], [133.2363, 43.7427], [133.2442, 43.7516], [133.2678, 43.7395], [133.3095, 43.749], [133.3231, 43.7651], [133.332, 43.7679], [133.3254, 43.7791], [133.3285, 43.787], [133.3537, 43.7923], [133.3622, 43.7997], [133.3822, 43.7988], [133.3905, 43.8032], [133.3941, 43.8115], [133.3914, 43.8199], [133.4128, 43.8298], [133.4172, 43.8463], [133.4329, 43.861], [133.4338, 43.8745], [133.44, 43.8807], [133.4206, 43.9051], [133.4011, 43.909], [133.3993, 43.9181], [133.3852, 43.9193], [133.3766, 43.9294], [133.375, 43.9489], [133.3899, 43.9656], [133.3897, 43.9793], [133.3825, 43.9841], [133.3871, 44.008], [133.3778, 44.0025], [133.3641, 44.0112], [133.3373, 44.0045], [133.3081, 44.0106], [133.3067, 44.0176], [133.3155, 44.0241], [133.3086, 44.0362], [133.3171, 44.0482], [133.314, 44.0565], [133.3173, 44.0733], [133.3084, 44.0757], [133.3059, 44.087], [133.2977, 44.0948], [133.2848, 44.1005]]]}}, {"type": "Feature", "properties": {"osm_type": "relation", "osm_id": 480427381, "name": "Shkotovsky District", "admin_level": "6", "kind": "subdivision_2", "parent_osm_id": 151225, "parent_name": "Primorsky Krai", "parent_iso": "RU-PRI"}, "geometry": {"type": "MultiPolygon", "coordinates": [[[[132.3059, 43.0396], [132.3081, 43.0173], [132.3185, 43.0198], [132.3219, 43.015], [132.2978, 42.9991], [132.2997, 42.989], [132.3057, 42.9955], [132.3125, 42.992], [132.3066, 42.9911], [132.3106, 42.9888], [132.306, 42.984], [132.3099, 42.9796], [132.3002, 42.9676], [132.3124, 42.9713], [132.3213, 42.9643], [132.3243, 42.9836], [132.3322, 42.9837], [132.3469, 43.0187], [132.3059, 43.0396]]], [[[132.2898, 43.5323], [132.3065, 43.5195], [132.3059, 43.5135], [132.3465, 43.512], [132.3582, 43.4915], [132.3779, 43.4816], [132.3563, 43.4585], [132.371, 43.4535], [132.3432, 43.431], [132.3642, 43.4191], [132.3495, 43.3969], [132.3298, 43.3934], [132.3231, 43.3846], [132.3542, 43.3707], [132.3444, 43.3663], [132.3479, 43.3608], [132.3271, 43.3607], [132.2957, 43.3336], [132.2971, 43.3135], [132.333, 43.3099], [132.3494, 43.2966], [132.3473, 43.2927], [132.3529, 43.2831], [132.3487, 43.272], [132.3163, 43.248], [132.3058, 43.2283], [132.3186, 43.2301], [132.3249, 43.2261], [132.3272, 43.2199], [132.3187, 43.2121], [132.3757, 43.217], [132.3887, 43.2017], [132.394, 43.1863], [132.4093, 43.1823], [132.3951, 43.1608], [132.4129, 43.1537], [132.4246, 43.1365], [132.4084, 43.1336], [132.3926, 43.1063], [132.3886, 43.0788], [132.4265, 43.0675], [132.4388, 43.0386], [132.4546, 43.0461], [132.4723, 43.0398], [132.4694, 43.0159], [132.4558, 43.0064], [132.4527, 42.999], [132.5375, 42.9469], [132.523, 42.9694], [132.5115, 42.9765], [132.5119, 42.9845], [132.5032, 42.9983], [132.5704, 43.007], [132.591, 43.0173], [132.5958, 43.0287], [132.6243, 43.0522], [132.6399, 43.0553], [132.647, 43.0617], [132.6663, 43.0577], [132.6922, 43.0706], [132.7295, 43.0721], [132.7583, 43.0821], [132.7736, 43.0785], [132.787, 43.0891], [132.7902, 43.1023], [132.8036, 43.1111], [132.8043, 43.1432], [132.8294, 43.1648], [132.8341, 43.1744], [132.8066, 43.1773], [132.8094, 43.1879], [132.8239, 43.1859], [132.8376, 43.1907], [132.8252, 43.2172], [132.8288, 43.2358], [132.8222, 43.2434], [132.881, 43.2803], [132.8613, 43.3003], [132.8989, 43.3218], [132.9302, 43.3234], [132.9374, 43.3309], [132.9543, 43.3359], [132.9448, 43.3592], [132.9262, 43.3721], [132.9303, 43.3827], [132.8961, 43.4019], [132.8926, 43.4107], [132.8731, 43.4167], [132.8639, 43.4246], [132.8514, 43.4175], [132.8287, 43.4235], [132.83, 43.4336], [132.8156, 43.4449], [132.8144, 43.453], [132.8009, 43.4611], [132.7843, 43.4617], [132.8023, 43.4833], [132.796, 43.4939], [132.7947, 43.5117], [132.7839, 43.5185], [132.7811, 43.5321], [132.7587, 43.5399], [132.7543, 43.5497], [132.7545, 43.5554], [132.7775, 43.5767], [132.7756, 43.5823], [132.7422, 43.5953], [132.7419, 43.6015], [132.7097, 43.6108], [132.7015, 43.6187], [132.6946, 43.6421], [132.6969, 43.6507], [132.6769, 43.666], [132.6783, 43.681], [132.6361, 43.6901], [132.6306, 43.7101], [132.6131, 43.712], [132.6047, 43.7233], [132.5794, 43.7181], [132.5687, 43.7217], [132.5494, 43.7148], [132.5406, 43.7219], [132.4862, 43.7169], [132.477, 43.7293], [132.4492, 43.7364], [132.4399, 43.7316], [132.4308, 43.7081], [132.4333, 43.694], [132.428, 43.6824], [132.4305, 43.6756], [132.4455, 43.6728], [132.4716, 43.6564], [132.4671, 43.6499], [132.4664, 43.6214], [132.4322, 43.6105], [132.4322, 43.604], [132.4197, 43.5975], [132.3927, 43.6], [132.3835, 43.5851], [132.3486, 43.5684], [132.3499, 43.5586], [132.3277, 43.5624], [132.2898, 43.5323]]]]}}, {"type": "Feature", "properties": {"osm_type": "relation", "osm_id": 573503512, "name": "Kavalerovsky District", "admin_level": "6", "kind": "subdivision_2", "parent_osm_id": 151225, "parent_name": "Primorsky Krai", "parent_iso": "RU-PRI"}, "geometry": {"type": "Polygon", "coordinates": [[[135.0115, 44.6812], [134.9801, 44.654], [134.9556, 44.6587], [134.9189, 44.6454], [134.8726, 44.6472], [134.8532, 44.6617], [134.7886, 44.6299], [134.7944, 44.6127], [134.8016, 44.6061], [134.8013, 44.5903], [134.7885, 44.5752], [134.7962, 44.5614], [134.7949, 44.5468], [134.7847, 44.5398], [134.7841, 44.5204], [134.7669, 44.5179], [134.7583, 44.5112], [134.7614, 44.4999], [134.7573, 44.4931], [134.736, 44.4867], [134.735, 44.4793], [134.7489, 44.4527], [134.7399, 44.4455], [134.7409, 44.4353], [134.7351, 44.4274], [134.7204, 44.4219], [134.7297, 44.4148], [134.738, 44.3956], [134.7487, 44.3902], [134.7634, 44.3682], [134.7809, 44.3564], [134.788, 44.3391], [134.7958, 44.3352], [134.7795, 44.3118], [134.7958, 44.295], [134.7806, 44.2831], [134.7882, 44.2622], [134.7732, 44.2706], [134.7435, 44.2571], [134.6831, 44.2488], [134.6724, 44.2585], [134.6706, 44.2649], [134.6755, 44.2705], [134.6677, 44.2818], [134.6303, 44.281], [134.6125, 44.2876], [134.5789, 44.2741], [134.56, 44.2788], [134.5227, 44.2573], [134.5194, 44.2404], [134.4962, 44.2124], [134.4882, 44.182], [134.4762, 44.1724], [134.4559, 44.1671], [134.4481, 44.138], [134.4368, 44.1252], [134.4397, 44.085], [134.4357, 44.0658], [134.428, 44.0568], [134.4411, 44.0415], [134.4334, 44.0263], [134.4276, 44.0244], [134.4424, 44.0144], [134.4294, 43.9909], [134.4429, 43.9501], [134.4524, 43.9525], [134.4564, 43.9477], [134.4794, 43.9451], [134.4856, 43.9568], [134.4951, 43.9589], [134.4866, 43.9725], [134.4974, 43.9875], [134.4901, 43.9956], [134.506, 44.0034], [134.5078, 44.0144], [134.5456, 44.0099], [134.5607, 44.0196], [134.565, 44.0268], [134.5625, 44.0448], [134.577, 44.052], [134.565, 44.0608], [134.5732, 44.0707], [134.5842, 44.0766], [134.5937, 44.0749], [134.6116, 44.0619], [134.6316, 44.0744], [134.6555, 44.0754], [134.6727, 44.0899], [134.7027, 44.0955], [134.7253, 44.1134], [134.7404, 44.1118], [134.7602, 44.0993], [134.7618, 44.0895], [134.782, 44.0837], [134.7865, 44.0717], [134.7975, 44.0629], [134.8235, 44.0583], [134.8339, 44.0501], [134.8591, 44.0515], [134.8728, 44.0409], [134.9207, 44.0304], [134.9328, 44.0357], [134.9464, 44.0266], [134.9631, 44.0334], [135.0018, 44.0345], [135.0109, 44.0288], [135.0261, 44.0306], [135.0389, 44.0232], [135.048, 44.0339], [135.0666, 44.0312], [135.0731, 44.0379], [135.0794, 44.0347], [135.0859, 44.0433], [135.1089, 44.0542], [135.1332, 44.0504], [135.1472, 44.0633], [135.1553, 44.0627], [135.154, 44.0916], [135.1715, 44.1001], [135.1756, 44.1081], [135.1945, 44.1097], [135.2007, 44.134], [135.2237, 44.1287], [135.2257, 44.1178], [135.2365, 44.1144], [135.2409, 44.1008], [135.248, 44.1021], [135.2509, 44.112], [135.2699, 44.1223], [135.2969, 44.1257], [135.3085, 44.1368], [135.3148, 44.1362], [135.318, 44.1543], [135.3072, 44.1574], [135.3059, 44.167], [135.2968, 44.1741], [135.3036, 44.1787], [135.298, 44.1902], [135.3014, 44.1922], [135.3227, 44.1837], [135.3342, 44.1851], [135.3363, 44.1784], [135.3562, 44.1678], [135.3725, 44.1719], [135.3793, 44.1682], [135.3911, 44.1763], [135.4261, 44.1766], [135.4307, 44.168], [135.4507, 44.1648], [135.4507, 44.1578], [135.4695, 44.1407], [135.4911, 44.1441], [135.503, 44.1369], [135.5111, 44.1168], [135.5451, 44.124], [135.5482, 44.1201], [135.545, 44.1164], [135.5548, 44.1039], [135.5747, 44.1053], [135.5969, 44.0945], [135.6064, 44.0948], [135.6147, 44.0871], [135.6284, 44.073], [135.6227, 44.0698], [135.6215, 44.0623], [135.6283, 44.0572], [135.6323, 44.0353], [135.636, 44.0454], [135.6302, 44.0618], [135.6371, 44.0766], [135.6309, 44.0978], [135.6349, 44.1032], [135.6453, 44.1029], [135.6504, 44.1251], [135.6605, 44.131], [135.6487, 44.1503], [135.6466, 44.173], [135.6853, 44.1917], [135.6985, 44.2132], [135.6888, 44.2253], [135.6647, 44.2274], [135.6632, 44.2387], [135.6468, 44.245], [135.6508, 44.2601], [135.6245, 44.2738], [135.6227, 44.2845], [135.5992, 44.2885], [135.5808, 44.3116], [135.599, 44.3257], [135.5993, 44.3327], [135.6057, 44.3376], [135.6002, 44.3506], [135.6018, 44.3622], [135.5903, 44.3678], [135.5665, 44.3644], [135.535, 44.3736], [135.499, 44.3511], [135.475, 44.3542], [135.4738, 44.3646], [135.4628, 44.3662], [135.4654, 44.3835], [135.4601, 44.3977], [135.4476, 44.4004], [135.4439, 44.4127], [135.4368, 44.4139], [135.4464, 44.4295], [135.4533, 44.4325], [135.4519, 44.4397], [135.4357, 44.4571], [135.4239, 44.4538], [135.41, 44.4611], [135.4076, 44.4672], [135.4115, 44.4718], [135.4029, 44.4784], [135.4074, 44.4812], [135.4052, 44.4897], [135.3658, 44.4929], [135.3581, 44.4975], [135.3547, 44.5014], [135.3604, 44.5089], [135.3492, 44.5196], [135.3586, 44.5307], [135.3401, 44.5399], [135.3208, 44.566], [135.3208, 44.5797], [135.3095, 44.5846], [135.2941, 44.5792], [135.2611, 44.5952], [135.257, 44.6042], [135.267, 44.6197], [135.2507, 44.629], [135.2477, 44.6444], [135.2298, 44.6551], [135.1955, 44.6641], [135.1867, 44.6579], [135.1636, 44.6548], [135.1493, 44.6644], [135.1423, 44.6778], [135.1277, 44.6677], [135.087, 44.6694], [135.0492, 44.6611], [135.0392, 44.6645], [135.038, 44.6715], [135.0298, 44.6712], [135.0289, 44.6769], [135.0115, 44.6812]]]}}, {"type": "Feature", "properties": {"osm_type": "relation", "osm_id": 640438274, "name": "Кировский район", "admin_level": "6", "kind": "subdivision_2", "parent_osm_id": 151225, "parent_name": "Primorsky Krai", "parent_iso": "RU-PRI"}, "geometry": {"type": "Polygon", "coordinates": [[[133.9652, 44.683], [133.9731, 44.6709], [133.9697, 44.663], [133.9804, 44.6569], [133.9771, 44.6531], [133.9997, 44.6519], [134.0004, 44.6596], [133.9903, 44.659], [133.9828, 44.6666], [134.0102, 44.6701], [134.0163, 44.6828], [134.0158, 44.6927], [134.0093, 44.6977], [134.0271, 44.7275], [134.0402, 44.7314], [134.0593, 44.7241], [134.0968, 44.7638], [134.0968, 44.7726], [134.0766, 44.7879], [134.0817, 44.7986], [134.0686, 44.8041], [134.0604, 44.815], [134.0644, 44.8314], [134.0399, 44.8471], [134.0141, 44.8751], [134.0309, 44.8858], [134.05, 44.8857], [134.0488, 44.8961], [134.0607, 44.9143], [134.0514, 44.9167], [134.0454, 44.9248], [134.0542, 44.9316], [134.0579, 44.9485], [134.0731, 44.9556], [134.0762, 44.9754], [134.1089, 45.0024], [134.1032, 45.0063], [134.1048, 45.0152], [134.1162, 45.0264], [134.129, 45.0207], [134.1566, 45.0269], [134.1628, 45.0211], [134.1639, 45.0066], [134.1701, 45.0059], [134.1984, 45.0262], [134.23, 45.0263], [134.2472, 45.045], [134.2706, 45.0468], [134.2686, 45.0683], [134.2466, 45.0776], [134.2463, 45.0828], [134.2367, 45.0894], [134.2366, 45.1036], [134.2219, 45.1069], [134.2174, 45.1172], [134.2005, 45.1119], [134.1896, 45.1021], [134.169, 45.0976], [134.113, 45.1011], [134.0927, 45.0841], [134.0733, 45.0855], [134.0645, 45.0676], [134.0527, 45.0724], [134.0343, 45.0707], [134.0195, 45.0791], [134.0243, 45.0962], [134.0148, 45.0986], [134.0167, 45.12], [134.0035, 45.1216], [134.0016, 45.1317], [133.9777, 45.1318], [133.9795, 45.1396], [133.9753, 45.1448], [133.9514, 45.1514], [133.9034, 45.1417], [133.8866, 45.1515], [133.8711, 45.1518], [133.8596, 45.1696], [133.8337, 45.1811], [133.8384, 45.1996], [133.8322, 45.2063], [133.8108, 45.2165], [133.8021, 45.2154], [133.7853, 45.2359], [133.7781, 45.2378], [133.7607, 45.2278], [133.7254, 45.2474], [133.7049, 45.2446], [133.6829, 45.2541], [133.6683, 45.2522], [133.6626, 45.2308], [133.6511, 45.2277], [133.6416, 45.2146], [133.6327, 45.2087], [133.5935, 45.2017], [133.5917, 45.2069], [133.5777, 45.2116], [133.5861, 45.224], [133.5718, 45.2275], [133.5719, 45.2314], [133.5904, 45.2373], [133.5829, 45.246], [133.5706, 45.2403], [133.5617, 45.2422], [133.558, 45.2516], [133.5446, 45.2611], [133.5116, 45.2505], [133.4928, 45.2508], [133.4735, 45.2408], [133.4438, 45.2413], [133.4518, 45.2206], [133.4062, 45.23], [133.3859, 45.2436], [133.3859, 45.2582], [133.3494, 45.2695], [133.345, 45.2555], [133.2662, 45.2575], [133.2081, 45.2793], [133.1659, 45.275], [133.0907, 45.2918], [133.0999, 45.286], [133.0949, 45.2875], [133.0886, 45.2799], [133.1031, 45.2774], [133.0897, 45.2702], [133.0947, 45.2678], [133.0948, 45.273], [133.0967, 45.2693], [133.1021, 45.2727], [133.1051, 45.2648], [133.0901, 45.2646], [133.0933, 45.2605], [133.0861, 45.2526], [133.0898, 45.253], [133.0894, 45.2468], [133.1021, 45.2517], [133.0967, 45.2492], [133.0994, 45.243], [133.0869, 45.2439], [133.0918, 45.2387], [133.1028, 45.2399], [133.0959, 45.236], [133.1056, 45.2355], [133.0995, 45.2334], [133.1005, 45.2292], [133.1072, 45.2325], [133.1073, 45.2229], [133.1104, 45.2267], [133.1189, 45.2198], [133.1129, 45.2171], [133.1198, 45.2162], [133.1124, 45.212], [133.1181, 45.2137], [133.1223, 45.2094], [133.1174, 45.1956], [133.1254, 45.1985], [133.1237, 45.1912], [133.1307, 45.19], [133.1252, 45.1871], [133.131, 45.1746], [133.1252, 45.176], [133.1201, 45.1712], [133.1278, 45.1725], [133.1214, 45.1665], [133.1216, 45.1599], [133.1316, 45.1583], [133.1217, 45.1522], [133.1336, 45.1491], [133.1244, 45.1458], [133.1197, 45.1335], [133.1275, 45.1419], [133.1351, 45.1417], [133.1331, 45.1347], [133.1408, 45.1341], [133.1436, 45.129], [133.135, 45.1271], [133.1442, 45.1245], [133.1327, 45.1188], [133.1355, 45.114], [133.127, 45.1144], [133.1273, 45.107], [133.1397, 45.1129], [133.1329, 45.1006], [133.1464, 45.0967], [133.1391, 45.097], [133.1435, 45.0919], [133.1338, 45.0922], [133.1371, 45.0913], [133.1335, 45.0864], [133.1401, 45.0883], [133.1411, 45.0842], [133.1328, 45.0742], [133.1391, 45.0725], [133.1419, 45.0658], [133.1291, 45.0618], [133.1381, 45.0546], [133.1478, 45.0554], [133.1468, 45.0497], [133.1631, 45.0501], [133.1662, 45.0426], [133.1605, 45.0429], [133.1631, 45.0388], [133.1585, 45.0345], [133.1788, 45.0281], [133.1794, 45.0215], [133.1869, 45.0172], [133.1899, 45.0201], [133.2045, 45.0073], [133.2293, 45.0049], [133.243, 45.0159], [133.2087, 44.9572], [133.1852, 44.9349], [133.2134, 44.9131], [133.2152, 44.9012], [133.2345, 44.8908], [133.2427, 44.8924], [133.2723, 44.8682], [133.3435, 44.8754], [133.3394, 44.8512], [133.3548, 44.8522], [133.3866, 44.8712], [133.3897, 44.8937], [133.3997, 44.8947], [133.4129, 44.8873], [133.4028, 44.9046], [133.4268, 44.905], [133.4417, 44.9181], [133.5136, 44.9123], [133.5415, 44.9062], [133.5581, 44.8967], [133.5735, 44.8971], [133.5858, 44.872], [133.6024, 44.8718], [133.6009, 44.8777], [133.6144, 44.8784], [133.6178, 44.8628], [133.626, 44.8569], [133.6245, 44.8522], [133.6453, 44.8443], [133.645, 44.8284], [133.6575, 44.8253], [133.6632, 44.8126], [133.6609, 44.8065], [133.6731, 44.8011], [133.668, 44.7948], [133.6724, 44.788], [133.6664, 44.7784], [133.6829, 44.7799], [133.6758, 44.7619], [133.6792, 44.7584], [133.6698, 44.7405], [133.6892, 44.7369], [133.7044, 44.7407], [133.7016, 44.7306], [133.7198, 44.725], [133.7169, 44.7139], [133.7319, 44.7103], [133.7295, 44.7036], [133.739, 44.6854], [133.7551, 44.685], [133.7797, 44.6696], [133.7936, 44.6691], [133.8048, 44.6598], [133.8397, 44.6705], [133.8628, 44.6629], [133.8851, 44.6754], [133.8919, 44.6718], [133.9332, 44.6802], [133.9348, 44.69], [133.9437, 44.6972], [133.9553, 44.6982], [133.956, 44.6913], [133.9652, 44.683]]]}}, {"type": "Feature", "properties": {"osm_type": "relation", "osm_id": 249619991, "name": "Khorolsky District", "admin_level": "6", "kind": "subdivision_2", "parent_osm_id": 151225, "parent_name": "Primorsky Krai", "parent_iso": "RU-PRI"}, "geometry": {"type": "Polygon", "coordinates": [[[132.4836, 44.557], [132.4864, 44.546], [132.4819, 44.5406], [132.4462, 44.529], [132.4241, 44.5307], [132.4306, 44.5364], [132.4279, 44.5408], [132.4018, 44.5408], [132.3899, 44.5586], [132.3748, 44.5507], [132.3905, 44.5433], [132.3728, 44.5291], [132.3365, 44.534], [132.2416, 44.5729], [132.239, 44.5808], [132.2483, 44.6067], [132.2684, 44.6132], [132.272, 44.6195], [132.2674, 44.6131], [132.2498, 44.6131], [132.2335, 44.6204], [132.2214, 44.6178], [132.2119, 44.6039], [132.2071, 44.6068], [132.1863, 44.5943], [132.1649, 44.5944], [132.163, 44.589], [132.1496, 44.5867], [132.1135, 44.5912], [132.1079, 44.5851], [132.0756, 44.5802], [132.078, 44.5763], [132.0553, 44.5767], [132.0524, 44.5715], [132.0558, 44.5704], [132.0439, 44.5682], [132.0476, 44.5587], [132.0432, 44.5572], [132.0472, 44.555], [132.0432, 44.5552], [132.0427, 44.5497], [132.028, 44.5503], [132.0286, 44.5469], [132.0227, 44.553], [132.0164, 44.5496], [132.0098, 44.5528], [131.9909, 44.5465], [131.9795, 44.553], [131.9587, 44.5498], [131.9532, 44.5557], [131.924, 44.5348], [131.9058, 44.5349], [131.8982, 44.5276], [131.8876, 44.5293], [131.8836, 44.522], [131.8629, 44.5195], [131.8589, 44.51], [131.853, 44.511], [131.8022, 44.4763], [131.8072, 44.4733], [131.7942, 44.4592], [131.7992, 44.4581], [131.7992, 44.447], [131.8275, 44.448], [131.831, 44.4224], [131.8203, 44.4146], [131.7918, 44.4104], [131.7777, 44.4022], [131.762, 44.3641], [131.7441, 44.354], [131.7629, 44.3388], [131.7567, 44.3165], [131.7663, 44.3061], [131.7883, 44.2987], [131.7932, 44.2891], [131.7936, 44.2079], [131.8341, 44.2056], [131.8413, 44.2119], [131.8771, 44.2132], [131.8759, 44.2953], [131.8979, 44.297], [131.9104, 44.2861], [131.9086, 44.2915], [131.9227, 44.2959], [131.9253, 44.3035], [131.9713, 44.2587], [131.9811, 44.2133], [132.0602, 44.2326], [132.076, 44.1953], [132.067, 44.1629], [132.0677, 44.1013], [132.1274, 44.0955], [132.1349, 44.0985], [132.1558, 44.0926], [132.1676, 44.0817], [132.1865, 44.0825], [132.2002, 44.0723], [132.2061, 44.0722], [132.2089, 44.0787], [132.2176, 44.0761], [132.223, 44.0869], [132.2412, 44.0825], [132.2638, 44.0918], [132.2772, 44.088], [132.2845, 44.1004], [132.3064, 44.1035], [132.3119, 44.114], [132.323, 44.1206], [132.3193, 44.1261], [132.3254, 44.133], [132.3228, 44.1422], [132.3345, 44.1509], [132.333, 44.1585], [132.346, 44.164], [132.3451, 44.1728], [132.3553, 44.1825], [132.3561, 44.2262], [132.332, 44.2232], [132.3219, 44.2292], [132.3524, 44.2494], [132.3207, 44.2752], [132.3371, 44.2871], [132.3199, 44.3039], [132.3273, 44.3073], [132.3306, 44.3183], [132.3649, 44.3263], [132.3958, 44.3276], [132.3995, 44.3329], [132.3968, 44.3448], [132.3309, 44.3552], [132.3158, 44.3145], [132.2905, 44.3192], [132.3046, 44.3594], [132.293, 44.3615], [132.3006, 44.3863], [132.2852, 44.3888], [132.298, 44.43], [132.288, 44.435], [132.3016, 44.4448], [132.3245, 44.4284], [132.3767, 44.4344], [132.3809, 44.4561], [132.4396, 44.4528], [132.4348, 44.4578], [132.4457, 44.4716], [132.4442, 44.4755], [132.4581, 44.478], [132.4574, 44.499], [132.4866, 44.5149], [132.4879, 44.5275], [132.4965, 44.5369], [132.5151, 44.542], [132.5099, 44.5528], [132.4951, 44.5516], [132.4836, 44.557]]]}}, {"type": "Feature", "properties": {"osm_type": "relation", "osm_id": 406867560, "name": "Dalnerechensky District", "admin_level": "6", "kind": "subdivision_2", "parent_osm_id": 151225, "parent_name": "Primorsky Krai", "parent_iso": "RU-PRI"}, "geometry": {"type": "Polygon", "coordinates": [[[135.1427, 45.0582], [135.1473, 45.0667], [135.1457, 45.1128], [135.1583, 45.1187], [135.1519, 45.1238], [135.1531, 45.1316], [135.1395, 45.1434], [135.1179, 45.1457], [135.1184, 45.1566], [135.1078, 45.1664], [135.0888, 45.1643], [135.0748, 45.1882], [135.0645, 45.1921], [135.0574, 45.204], [135.041, 45.2147], [135.0473, 45.2266], [135.0425, 45.2345], [135.0453, 45.2409], [135.0337, 45.2526], [135.0264, 45.2544], [135.002, 45.2418], [134.9758, 45.2364], [134.9441, 45.2427], [134.9322, 45.2525], [134.9298, 45.2604], [134.9375, 45.2751], [134.9262, 45.2805], [134.9144, 45.2977], [134.8943, 45.3002], [134.8769, 45.3178], [134.8746, 45.3297], [134.897, 45.3662], [134.9141, 45.3664], [134.9419, 45.376], [134.9234, 45.399], [134.9303, 45.411], [134.9668, 45.43], [134.974, 45.4403], [134.9846, 45.4415], [134.9949, 45.4635], [135.0096, 45.4735], [135.0095, 45.4837], [135.0192, 45.4865], [135.0113, 45.5061], [135.0037, 45.5117], [135.0048, 45.5316], [134.9887, 45.5366], [134.9742, 45.5543], [134.9471, 45.5462], [134.8897, 45.5801], [134.8598, 45.5712], [134.8377, 45.5802], [134.8031, 45.5824], [134.7737, 45.5723], [134.7691, 45.5622], [134.7168, 45.5496], [134.6926, 45.5256], [134.6614, 45.5243], [134.6153, 45.555], [134.6112, 45.5659], [134.5859, 45.5719], [134.5808, 45.5827], [134.593, 45.6049], [134.5657, 45.618], [134.5479, 45.6181], [134.5346, 45.6286], [134.5186, 45.6217], [134.4152, 45.6102], [134.3971, 45.6323], [134.3813, 45.6246], [134.3483, 45.6325], [134.3488, 45.6441], [134.3374, 45.6509], [134.3391, 45.6575], [134.3071, 45.6573], [134.2986, 45.6619], [134.3079, 45.6772], [134.2827, 45.6941], [134.2889, 45.7234], [134.3074, 45.7471], [134.3284, 45.7393], [134.3395, 45.7454], [134.3551, 45.7318], [134.3722, 45.736], [134.3774, 45.7514], [134.3856, 45.758], [134.3847, 45.7834], [134.4, 45.7898], [134.4097, 45.8068], [134.4114, 45.816], [134.4056, 45.8278], [134.4148, 45.8356], [134.4145, 45.8407], [134.3937, 45.8489], [134.3865, 45.858], [134.3816, 45.8519], [134.3591, 45.8512], [134.3459, 45.8709], [134.3253, 45.8718], [134.3156, 45.8794], [134.3144, 45.8906], [134.2996, 45.8879], [134.2863, 45.8978], [134.2713, 45.8866], [134.2186, 45.8863], [134.2067, 45.8736], [134.2045, 45.8623], [134.1936, 45.8574], [134.1797, 45.8618], [134.1756, 45.8704], [134.1663, 45.863], [134.149, 45.8687], [134.1533, 45.8731], [134.1466, 45.8745], [134.1439, 45.8809], [134.1341, 45.8751], [134.1258, 45.8876], [134.1148, 45.8929], [134.1194, 45.8954], [134.1169, 45.8976], [134.1072, 45.8948], [134.0979, 45.9016], [134.0934, 45.8899], [134.0893, 45.8967], [134.0699, 45.8947], [134.0662, 45.9047], [134.0632, 45.9], [134.054, 45.9011], [134.0502, 45.8972], [134.051, 45.9022], [134.0413, 45.9064], [134.0376, 45.9149], [134.0724, 45.9432], [134.0423, 45.9938], [134.0837, 46.0042], [134.071, 46.008], [134.069, 46.0174], [134.0603, 46.0202], [134.052, 46.0313], [134.0323, 46.0427], [134.003, 46.0513], [133.9997, 46.0637], [133.9852, 46.0739], [133.9732, 46.1005], [133.9678, 46.1038], [133.9434, 46.1093], [133.928, 46.1182], [133.9069, 46.1085], [133.8887, 46.1105], [133.8915, 46.1148], [133.8863, 46.1179], [133.8772, 46.116], [133.8771, 46.1287], [133.868, 46.1252], [133.8296, 46.1332], [133.831, 46.1821], [133.8153, 46.2003], [133.8255, 46.207], [133.8263, 46.2166], [133.8152, 46.2279], [133.8002, 46.2262], [133.7874, 46.1903], [133.7544, 46.1698], [133.6994, 46.1621], [133.688, 46.1556], [133.6818, 46.1377], [133.7052, 46.0995], [133.735, 46.0772], [133.7356, 46.0541], [133.6994, 46.015], [133.6944, 46.0029], [133.6756, 45.9884], [133.6737, 45.9715], [133.6855, 45.968], [133.688, 45.9433], [133.7129, 45.9343], [133.7175, 45.9411], [133.7316, 45.9405], [133.7293, 45.9514], [133.7333, 45.955], [133.7382, 45.9547], [133.7373, 45.942], [133.7456, 45.9406], [133.7614, 45.9507], [133.7932, 45.9582], [133.8096, 45.9537], [133.8287, 45.9555], [133.8389, 45.9671], [133.8389, 45.9734], [133.8457, 45.9739], [133.8364, 45.9483], [133.8221, 45.9353], [133.8325, 45.9247], [133.8259, 45.9171], [133.828, 45.9105], [133.8219, 45.9052], [133.786, 45.8974], [133.7855, 45.883], [133.7937, 45.8726], [133.7567, 45.8808], [133.7417, 45.8698], [133.7106, 45.8703], [133.7059, 45.8856], [133.7105, 45.8963], [133.6992, 45.9009], [133.6768, 45.8898], [133.6379, 45.8878], [133.6283, 45.9166], [133.6685, 45.9273], [133.6738, 45.9368], [133.6502, 45.9446], [133.61, 45.9415], [133.5977, 45.9327], [133.5964, 45.9246], [133.612, 45.9048], [133.609, 45.8992], [133.5884, 45.8891], [133.5911, 45.8728], [133.5847, 45.8672], [133.5733, 45.8677], [133.5595, 45.876], [133.5405, 45.8957], [133.5232, 45.8958], [133.5049, 45.8887], [133.5011, 45.8792], [133.505, 45.8657], [133.4867, 45.8661], [133.4782, 45.8556], [133.4897, 45.8371], [133.4816, 45.8337], [133.4617, 45.8357], [133.4597, 45.8287], [133.4727, 45.82], [133.4732, 45.8123], [133.4868, 45.814], [133.4944, 45.8219], [133.5167, 45.8132], [133.5201, 45.7908], [133.5458, 45.7875], [133.5575, 45.7679], [133.5638, 45.765], [133.5873, 45.761], [133.6003, 45.786], [133.6637, 45.7589], [133.7327, 45.7586], [133.7359, 45.7407], [133.7495, 45.73], [133.7414, 45.7237], [133.75, 45.7182], [133.7459, 45.7107], [133.76, 45.6978], [133.7861, 45.7022], [133.787, 45.6969], [133.7973, 45.6921], [133.8026, 45.6845], [133.7991, 45.68], [133.8146, 45.6623], [133.8248, 45.6664], [133.8423, 45.6562], [133.8709, 45.6556], [133.8831, 45.644], [133.8745, 45.6274], [133.8807, 45.6282], [133.8856, 45.6187], [133.9139, 45.6163], [133.9286, 45.6017], [133.9675, 45.5997], [133.9597, 45.5907], [133.9661, 45.5832], [133.9642, 45.5778], [133.983, 45.5781], [133.987, 45.5713], [133.9812, 45.5626], [134.0074, 45.5591], [134.0061, 45.5481], [134.0293, 45.5359], [134.0361, 45.5228], [134.0484, 45.5221], [134.0885, 45.5375], [134.0941, 45.5348], [134.0954, 45.5178], [134.0842, 45.5085], [134.0838, 45.4875], [134.0783, 45.479], [134.0577, 45.4751], [134.0511, 45.467], [134.0576, 45.4644], [134.0601, 45.4443], [134.0652, 45.4375], [134.0519, 45.4199], [134.0539, 45.4083], [134.0325, 45.4063], [134.0182, 45.4119], [134.0021, 45.4045], [133.9957, 45.3938], [133.98, 45.3839], [133.9762, 45.3756], [133.979, 45.3598], [133.9703, 45.3511], [133.9723, 45.3403], [133.9643, 45.327], [133.9382, 45.3194], [133.9215, 45.2821], [133.9091, 45.2694], [133.8809, 45.2797], [133.8786, 45.2615], [133.8848, 45.2523], [133.8675, 45.2145], [133.8487, 45.2108], [133.8332, 45.1874], [133.8337, 45.1811], [133.8417, 45.175], [133.8505, 45.1757], [133.8596, 45.1696], [133.8711, 45.1518], [133.8866, 45.1515], [133.9034, 45.1417], [133.9514, 45.1514], [133.9753, 45.1448], [133.9795, 45.1396], [133.9777, 45.1318], [134.0016, 45.1317], [134.0035, 45.1216], [134.0167, 45.12], [134.0136, 45.1037], [134.0183, 45.096], [134.0243, 45.0962], [134.0195, 45.0791], [134.0257, 45.0733], [134.0527, 45.0724], [134.0645, 45.0676], [134.0733, 45.0855], [134.0927, 45.0841], [134.113, 45.1011], [134.169, 45.0976], [134.1896, 45.1021], [134.2159, 45.1176], [134.2219, 45.1069], [134.2366, 45.1036], [134.2367, 45.0894], [134.2499, 45.0747], [134.2831, 45.0677], [134.2919, 45.0564], [134.314, 45.0538], [134.3377, 45.0399], [134.3369, 45.0285], [134.3458, 45.0237], [134.3774, 45.03], [134.381, 45.0386], [134.3967, 45.0383], [134.4018, 45.045], [134.3976, 45.0521], [134.403, 45.0562], [134.4404, 45.0498], [134.4417, 45.0423], [134.4511, 45.0398], [134.4542, 45.0334], [134.5069, 45.0386], [134.5103, 45.033], [134.5209, 45.0342], [134.5325, 45.0154], [134.5462, 45.0149], [134.5573, 45.0062], [134.5713, 45.0037], [134.5723, 44.9968], [134.5915, 44.9755], [134.6147, 44.9745], [134.6241, 44.9636], [134.6468, 44.9596], [134.6829, 44.9669], [134.6999, 44.9599], [134.7228, 44.9709], [134.7288, 44.9751], [134.7256, 44.9851], [134.7285, 44.9904], [134.7428, 44.9926], [134.7418, 45.0014], [134.7704, 45.0108], [134.7835, 45.0374], [134.807, 45.0508], [134.8251, 45.046], [134.8408, 45.0505], [134.8678, 45.0436], [134.8728, 45.0475], [134.8927, 45.0405], [134.8966, 45.0249], [134.918, 45.0188], [134.9261, 45.0269], [134.928, 45.0363], [134.9411, 45.036], [134.962, 45.0523], [134.9815, 45.0556], [134.9968, 45.0753], [135.0412, 45.0763], [135.0608, 45.0705], [135.0662, 45.0734], [135.0917, 45.0652], [135.1003, 45.058], [135.0997, 45.0513], [135.1286, 45.0507], [135.1427, 45.0582]], [[133.6277, 45.8727], [133.6296, 45.8774], [133.65, 45.8856], [133.6704, 45.8745], [133.691, 45.8763], [133.6926, 45.8645], [133.69, 45.8614], [133.6691, 45.8653], [133.6582, 45.8713], [133.6482, 45.865], [133.6477, 45.8546], [133.6442, 45.8545], [133.6279, 45.866], [133.6277, 45.8727]], [[133.6054, 45.8185], [133.611, 45.8341], [133.622, 45.8302], [133.6158, 45.8161], [133.6054, 45.8185]], [[133.6234, 45.8135], [133.6366, 45.8256], [133.653, 45.8227], [133.6538, 45.8152], [133.6485, 45.8136], [133.6518, 45.8021], [133.6464, 45.794], [133.6406, 45.7951], [133.635, 45.8118], [133.6234, 45.8135]], [[133.5911, 45.87], [133.6024, 45.8718], [133.6023, 45.8676], [133.5911, 45.87]]]}}, {"type": "Feature", "properties": {"osm_type": "relation", "osm_id": 594309197, "name": "Пограничный район", "admin_level": "6", "kind": "subdivision_2", "parent_osm_id": 151225, "parent_name": "Primorsky Krai", "parent_iso": "RU-PRI"}, "geometry": {"type": "Polygon", "coordinates": [[[131.9383, 44.5455], [131.9166, 44.5468], [131.8866, 44.5585], [131.8685, 44.5729], [131.8573, 44.5722], [131.8574, 44.5926], [131.8647, 44.5943], [131.8449, 44.6085], [131.8042, 44.6026], [131.8058, 44.6142], [131.8016, 44.6209], [131.7787, 44.637], [131.7598, 44.6332], [131.7522, 44.6537], [131.7429, 44.6564], [131.7385, 44.6643], [131.7381, 44.687], [131.7462, 44.703], [131.7778, 44.7121], [131.7752, 44.7226], [131.7619, 44.7311], [131.7462, 44.7762], [131.7326, 44.7804], [131.7318, 44.7973], [131.7076, 44.8001], [131.6852, 44.7934], [131.6397, 44.7917], [131.6047, 44.768], [131.5689, 44.7648], [131.579, 44.8088], [131.5545, 44.8237], [131.5098, 44.8381], [131.5204, 44.8867], [131.5337, 44.9023], [131.5204, 44.9281], [131.5327, 44.9476], [131.5155, 44.9529], [131.4913, 44.9509], [131.4751, 44.9637], [131.4509, 44.9612], [131.4276, 44.965], [131.4212, 44.9775], [131.401, 44.9835], [131.3847, 44.9822], [131.3721, 44.9755], [131.3492, 44.9878], [131.3455, 44.9807], [131.3259, 44.9683], [131.3052, 44.9635], [131.3068, 44.9507], [131.3005, 44.9405], [131.2865, 44.927], [131.2729, 44.9216], [131.2508, 44.9284], [131.2333, 44.9172], [131.1982, 44.9162], [131.1932, 44.9324], [131.1832, 44.9332], [131.1789, 44.9386], [131.1742, 44.9326], [131.1648, 44.9331], [131.1522, 44.9446], [131.1287, 44.9397], [131.1203, 44.9302], [131.0998, 44.9356], [131.0817, 44.9216], [131.0811, 44.9155], [131.0943, 44.8967], [131.0893, 44.8896], [131.0757, 44.8888], [131.0713, 44.8793], [131.043, 44.8694], [131.023, 44.8782], [131.0134, 44.8675], [130.9961, 44.8634], [130.99, 44.8675], [130.9796, 44.8653], [130.957, 44.8479], [130.9626, 44.8306], [130.9584, 44.8236], [130.964, 44.8189], [130.9851, 44.8231], [131.0084, 44.8115], [131.0078, 44.8023], [131.0161, 44.7964], [131.0089, 44.7872], [131.0117, 44.7831], [131.0392, 44.7771], [131.0572, 44.784], [131.0633, 44.7714], [131.0622, 44.7567], [131.0853, 44.7427], [131.0805, 44.7258], [131.083, 44.715], [131.0946, 44.7029], [131.1045, 44.7075], [131.2418, 44.2498], [131.2911, 44.234], [131.3523, 44.2254], [131.4074, 44.23], [131.4152, 44.2339], [131.4154, 44.2386], [131.4262, 44.2344], [131.4409, 44.2406], [131.4644, 44.2415], [131.4773, 44.2547], [131.564, 44.2891], [131.5882, 44.2724], [131.601, 44.2422], [131.6329, 44.2063], [131.6766, 44.2104], [131.6983, 44.2325], [131.6945, 44.2375], [131.6984, 44.2618], [131.7152, 44.2842], [131.7558, 44.2859], [131.7663, 44.3061], [131.7567, 44.3165], [131.7629, 44.3388], [131.7441, 44.354], [131.762, 44.3641], [131.7777, 44.4022], [131.7918, 44.4104], [131.8203, 44.4146], [131.831, 44.4224], [131.8275, 44.448], [131.7992, 44.447], [131.7992, 44.4581], [131.7942, 44.4592], [131.8072, 44.4733], [131.8022, 44.4763], [131.853, 44.511], [131.8589, 44.51], [131.8629, 44.5195], [131.8836, 44.522], [131.8876, 44.5293], [131.8982, 44.5276], [131.9058, 44.5349], [131.924, 44.5348], [131.9286, 44.5409], [131.9381, 44.5413], [131.9383, 44.5455]]]}}, {"type": "Feature", "properties": {"osm_type": "relation", "osm_id": 232229007, "name": "Khankaysky District", "admin_level": "6", "kind": "subdivision_2", "parent_osm_id": 151225, "parent_name": "Primorsky Krai", "parent_iso": "RU-PRI"}, "geometry": {"type": "Polygon", "coordinates": [[[132.272, 44.6195], [132.2578, 44.6175], [132.2566, 44.6244], [132.2401, 44.6311], [132.2229, 44.6284], [132.2184, 44.6378], [132.2224, 44.6527], [132.2451, 44.653], [132.2766, 44.6361], [132.3103, 44.626], [132.2397, 44.6664], [132.1397, 44.69], [132.1193, 44.6898], [132.0799, 44.7041], [132.0787, 44.713], [132.0539, 44.7389], [132.061, 44.7572], [132.0382, 44.7965], [132.0367, 44.8134], [132.0468, 44.8251], [132.0974, 44.8519], [132.098, 44.8629], [132.1038, 44.868], [132.141, 44.8774], [132.1214, 44.8755], [132.1132, 44.8963], [132.1306, 44.9341], [132.1206, 44.9495], [132.1308, 44.9679], [132.1216, 44.9732], [132.1024, 44.9994], [132.1005, 45.0174], [132.1076, 45.0234], [132.0657, 45.0356], [132.0183, 45.0341], [131.9945, 45.0513], [131.9968, 45.0747], [132.0071, 45.0816], [132.0074, 45.0898], [132.0571, 45.1126], [132.028, 45.1313], [131.9952, 45.17], [131.9912, 45.1823], [131.9969, 45.1982], [131.9879, 45.2049], [131.9814, 45.2196], [131.9859, 45.235], [132.004, 45.252], [131.988, 45.255], [131.986, 45.2668], [131.9724, 45.2739], [131.9273, 45.2803], [131.9104, 45.3381], [131.8756, 45.3415], [131.8511, 45.3217], [131.8242, 45.3088], [131.8212, 45.2966], [131.7788, 45.2435], [131.7765, 45.2275], [131.7857, 45.21], [131.7474, 45.2152], [131.7231, 45.228], [131.674, 45.2196], [131.6592, 45.1872], [131.6611, 45.1779], [131.6507, 45.1725], [131.647, 45.1551], [131.6678, 45.1475], [131.6802, 45.149], [131.68, 45.1354], [131.6858, 45.1245], [131.68, 45.116], [131.6502, 45.0929], [131.6283, 45.0852], [131.6247, 45.0725], [131.5681, 45.0427], [131.5582, 45.0433], [131.5567, 45.0333], [131.5499, 45.0323], [131.5507, 45.0283], [131.522, 45.0101], [131.5132, 45.0124], [131.4765, 44.9937], [131.4788, 44.9844], [131.4934, 44.9758], [131.4879, 44.9672], [131.4751, 44.9637], [131.476, 44.9604], [131.4913, 44.9509], [131.5155, 44.9529], [131.5327, 44.9476], [131.5204, 44.9281], [131.531, 44.9102], [131.5325, 44.8966], [131.5204, 44.8867], [131.5098, 44.8381], [131.5545, 44.8237], [131.579, 44.8088], [131.5689, 44.7648], [131.6047, 44.768], [131.6397, 44.7917], [131.6852, 44.7934], [131.7076, 44.8001], [131.7318, 44.7973], [131.7326, 44.7804], [131.7462, 44.7762], [131.7619, 44.7311], [131.7752, 44.7226], [131.7778, 44.7121], [131.7462, 44.703], [131.7381, 44.687], [131.7385, 44.6643], [131.7429, 44.6564], [131.7522, 44.6537], [131.7598, 44.6332], [131.7787, 44.637], [131.8016, 44.6209], [131.8058, 44.6142], [131.8042, 44.6026], [131.8449, 44.6085], [131.8647, 44.5943], [131.8574, 44.5926], [131.8573, 44.5722], [131.8685, 44.5729], [131.8866, 44.5585], [131.9287, 44.5445], [131.9448, 44.5474], [131.9532, 44.5557], [131.9587, 44.5498], [131.9795, 44.553], [131.9909, 44.5465], [132.0227, 44.553], [132.0286, 44.5469], [132.028, 44.5503], [132.0451, 44.5521], [132.0417, 44.5534], [132.0472, 44.555], [132.0432, 44.5572], [132.0476, 44.5587], [132.0439, 44.5682], [132.0558, 44.5704], [132.0524, 44.5715], [132.0553, 44.5767], [132.078, 44.5763], [132.0756, 44.5802], [132.1079, 44.5851], [132.1135, 44.5912], [132.1604, 44.588], [132.1649, 44.5944], [132.1863, 44.5943], [132.2071, 44.6068], [132.2119, 44.6039], [132.225, 44.6189], [132.2646, 44.6128], [132.272, 44.6195]]]}}, {"type": "Feature", "properties": {"osm_type": "relation", "osm_id": 530063619, "name": "Oktyabrsky District", "admin_level": "6", "kind": "subdivision_2", "parent_osm_id": 151225, "parent_name": "Primorsky Krai", "parent_iso": "RU-PRI"}, "geometry": {"type": "Polygon", "coordinates": [[[131.8186, 44.0034], [131.8304, 44.0184], [131.8208, 44.0341], [131.8207, 44.1291], [131.7944, 44.1299], [131.7932, 44.2891], [131.7883, 44.2987], [131.7663, 44.3061], [131.7558, 44.2859], [131.7152, 44.2842], [131.6984, 44.2618], [131.6945, 44.2375], [131.6983, 44.2325], [131.6766, 44.2104], [131.6672, 44.2072], [131.6329, 44.2063], [131.601, 44.2422], [131.5882, 44.2724], [131.564, 44.2891], [131.4773, 44.2547], [131.4644, 44.2415], [131.4409, 44.2406], [131.4262, 44.2344], [131.4154, 44.2386], [131.4152, 44.2339], [131.4074, 44.23], [131.34, 44.2259], [131.2911, 44.234], [131.2418, 44.2498], [131.3032, 44.0439], [131.2832, 44.0403], [131.2716, 44.03], [131.2557, 44.0305], [131.2514, 44.0152], [131.243, 44.0105], [131.2505, 43.991], [131.236, 43.9847], [131.243, 43.9759], [131.2695, 43.9748], [131.2758, 43.9806], [131.2889, 43.9803], [131.2939, 43.973], [131.2875, 43.9585], [131.289, 43.9388], [131.3461, 43.9425], [131.3427, 43.9239], [131.3792, 43.9278], [131.4094, 43.9036], [131.4322, 43.8943], [131.4727, 43.9026], [131.4722, 43.9087], [131.4833, 43.9095], [131.4957, 43.906], [131.517, 43.8855], [131.5393, 43.8863], [131.5463, 43.8936], [131.5582, 43.8959], [131.5634, 43.8943], [131.5629, 43.8857], [131.5709, 43.8722], [131.5847, 43.8729], [131.6056, 43.8542], [131.6205, 43.8595], [131.6237, 43.8785], [131.721, 43.8642], [131.7636, 43.8782], [131.7592, 43.8889], [131.7649, 43.8907], [131.7673, 43.9079], [131.7501, 43.9222], [131.7553, 43.9462], [131.7401, 43.9959], [131.8186, 44.0034]]]}}, {"type": "Feature", "properties": {"osm_type": "relation", "osm_id": 977795634, "name": "Spassk-Dalny", "admin_level": "6", "kind": "subdivision_2", "parent_osm_id": 151225, "parent_name": "Primorsky Krai", "parent_iso": "RU-PRI"}, "geometry": {"type": "Polygon", "coordinates": [[[132.7508, 44.5811], [132.7691, 44.5562], [132.8018, 44.5683], [132.8273, 44.5526], [132.8556, 44.5863], [132.8716, 44.593], [132.8644, 44.6021], [132.8691, 44.6038], [132.8471, 44.6193], [132.8511, 44.6226], [132.8459, 44.6267], [132.8494, 44.6317], [132.8166, 44.6427], [132.808, 44.6377], [132.8146, 44.6169], [132.7984, 44.5938], [132.7899, 44.5907], [132.7735, 44.5962], [132.767, 44.5891], [132.7599, 44.5922], [132.7572, 44.5883], [132.7628, 44.5835], [132.7508, 44.5811]]]}}, {"type": "Feature", "properties": {"osm_type": "relation", "osm_id": 800359380, "name": "Арсеньевский городской окр", "admin_level": "6", "kind": "subdivision_2", "parent_osm_id": 151225, "parent_name": "Primorsky Krai", "parent_iso": "RU-PRI"}, "geometry": {"type": "Polygon", "coordinates": [[[133.2577, 44.1869], [133.2451, 44.183], [133.2329, 44.1698], [133.2362, 44.1608], [133.2319, 44.1565], [133.2354, 44.154], [133.2285, 44.1513], [133.251, 44.1389], [133.2419, 44.1314], [133.2476, 44.1287], [133.2383, 44.1232], [133.2338, 44.1132], [133.2378, 44.1078], [133.2567, 44.1003], [133.2862, 44.1005], [133.2886, 44.1063], [133.2757, 44.1121], [133.3031, 44.1208], [133.3217, 44.0932], [133.3291, 44.0958], [133.3179, 44.1292], [133.3106, 44.1357], [133.3013, 44.159], [133.2847, 44.1746], [133.292, 44.1792], [133.2882, 44.1849], [133.2551, 44.1784], [133.2577, 44.1869]]]}}, {"type": "Feature", "properties": {"osm_type": "relation", "osm_id": 673599819, "name": "Дальнереченский городской", "admin_level": "6", "kind": "subdivision_2", "parent_osm_id": 151225, "parent_name": "Primorsky Krai", "parent_iso": "RU-PRI"}, "geometry": {"type": "MultiPolygon", "coordinates": [[[[133.6737, 45.9715], [133.6767, 45.961], [133.6667, 45.9397], [133.6738, 45.9368], [133.6729, 45.9317], [133.6283, 45.9166], [133.6379, 45.8878], [133.6768, 45.8898], [133.6992, 45.9009], [133.7105, 45.8963], [133.7059, 45.8856], [133.7106, 45.8703], [133.7417, 45.8698], [133.7567, 45.8808], [133.7937, 45.8726], [133.7855, 45.883], [133.786, 45.8974], [133.8219, 45.9052], [133.828, 45.9105], [133.8259, 45.9171], [133.8325, 45.9247], [133.8221, 45.9353], [133.8364, 45.9483], [133.8457, 45.9739], [133.8389, 45.9734], [133.8389, 45.9671], [133.8287, 45.9555], [133.8096, 45.9537], [133.7932, 45.9582], [133.7614, 45.9507], [133.7456, 45.9406], [133.7373, 45.942], [133.7382, 45.9547], [133.7333, 45.955], [133.7293, 45.9514], [133.7316, 45.9405], [133.7175, 45.9411], [133.7129, 45.9343], [133.688, 45.9433], [133.6855, 45.968], [133.6737, 45.9715]]], [[[133.6277, 45.8727], [133.6279, 45.866], [133.6442, 45.8545], [133.6477, 45.8546], [133.6482, 45.865], [133.6582, 45.8713], [133.6691, 45.8653], [133.69, 45.8614], [133.6926, 45.8645], [133.691, 45.8763], [133.6704, 45.8745], [133.65, 45.8856], [133.6296, 45.8774], [133.6277, 45.8727]]], [[[133.6054, 45.8185], [133.6158, 45.8161], [133.622, 45.8302], [133.611, 45.8341], [133.6054, 45.8185]]], [[[133.6234, 45.8135], [133.635, 45.8118], [133.6406, 45.7951], [133.6464, 45.794], [133.6518, 45.8021], [133.6485, 45.8136], [133.6538, 45.8152], [133.653, 45.8227], [133.6366, 45.8256], [133.6234, 45.8135]]], [[[133.5911, 45.87], [133.6023, 45.8676], [133.6024, 45.8718], [133.5911, 45.87]]]]}}, {"type": "Feature", "properties": {"osm_type": "relation", "osm_id": 774196586, "name": "Chernigovsky District", "admin_level": "6", "kind": "subdivision_2", "parent_osm_id": 151225, "parent_name": "Primorsky Krai", "parent_iso": "RU-PRI"}, "geometry": {"type": "Polygon", "coordinates": [[[132.5151, 44.542], [132.4965, 44.5369], [132.4879, 44.5275], [132.4866, 44.5149], [132.4574, 44.499], [132.4581, 44.478], [132.4442, 44.4755], [132.4457, 44.4716], [132.4348, 44.4578], [132.4396, 44.4528], [132.3809, 44.4561], [132.3767, 44.4344], [132.3245, 44.4284], [132.3016, 44.4448], [132.288, 44.435], [132.298, 44.43], [132.2852, 44.3888], [132.3006, 44.3863], [132.293, 44.3615], [132.3046, 44.3594], [132.2905, 44.3192], [132.3158, 44.3145], [132.3309, 44.3552], [132.3968, 44.3448], [132.3995, 44.3329], [132.3958, 44.3276], [132.3649, 44.3263], [132.3306, 44.3183], [132.3273, 44.3073], [132.3199, 44.3039], [132.3371, 44.2871], [132.3207, 44.2752], [132.3524, 44.2494], [132.3219, 44.2292], [132.332, 44.2232], [132.3561, 44.2262], [132.3576, 44.2181], [132.3533, 44.1774], [132.3451, 44.1728], [132.346, 44.164], [132.333, 44.1585], [132.3361, 44.1539], [132.3267, 44.1446], [132.3378, 44.1418], [132.3326, 44.1387], [132.3462, 44.1298], [132.345, 44.1239], [132.3539, 44.1236], [132.3713, 44.1108], [132.4193, 44.0966], [132.4248, 44.0998], [132.4216, 44.1104], [132.4496, 44.1304], [132.468, 44.1243], [132.4476, 44.082], [132.4538, 44.073], [132.4498, 44.0707], [132.4531, 44.0623], [132.4476, 44.058], [132.4505, 44.0408], [132.4622, 44.0418], [132.4508, 44.0366], [132.4923, 44.0112], [132.5306, 44.0275], [132.5507, 44.0213], [132.5892, 44.0195], [132.6013, 44.0533], [132.6293, 44.0442], [132.6412, 44.0357], [132.6784, 44.0299], [132.6981, 44.0115], [132.7153, 44.0116], [132.7268, 44.0063], [132.7307, 44.0202], [132.7279, 44.0391], [132.7459, 44.0478], [132.6973, 44.0497], [132.6867, 44.057], [132.6887, 44.0646], [132.667, 44.0797], [132.6582, 44.0763], [132.6711, 44.0948], [132.6839, 44.0976], [132.6983, 44.0862], [132.7077, 44.0879], [132.7146, 44.0825], [132.7532, 44.0929], [132.7723, 44.0915], [132.7856, 44.1133], [132.7938, 44.1127], [132.8259, 44.1412], [132.8287, 44.1328], [132.8345, 44.1311], [132.8993, 44.1375], [132.8995, 44.1504], [132.9042, 44.1551], [132.8981, 44.1665], [132.9066, 44.1722], [132.9082, 44.1807], [132.9022, 44.1968], [132.8928, 44.2069], [132.879, 44.2106], [132.8083, 44.2062], [132.8058, 44.2353], [132.809, 44.2411], [132.8028, 44.2432], [132.7984, 44.2545], [132.8166, 44.2743], [132.8158, 44.2884], [132.8466, 44.3015], [132.8565, 44.3127], [132.8668, 44.3165], [132.8895, 44.3471], [132.8597, 44.3633], [132.8489, 44.3619], [132.8269, 44.3719], [132.8253, 44.3911], [132.7612, 44.4482], [132.7566, 44.4453], [132.7539, 44.4494], [132.7089, 44.4536], [132.6849, 44.4619], [132.6801, 44.4567], [132.6633, 44.4622], [132.6457, 44.4615], [132.6368, 44.4799], [132.612, 44.4926], [132.6071, 44.491], [132.6114, 44.493], [132.5841, 44.5125], [132.591, 44.5401], [132.5623, 44.5441], [132.5412, 44.5555], [132.5151, 44.542]]]}}, {"type": "Feature", "properties": {"osm_type": "relation", "osm_id": 705840316, "name": "Артёмовский городской окру", "admin_level": "6", "kind": "subdivision_2", "parent_osm_id": 151225, "parent_name": "Primorsky Krai", "parent_iso": "RU-PRI"}, "geometry": {"type": "Polygon", "coordinates": [[[132.147, 43.5041], [132.1395, 43.471], [132.1185, 43.4542], [132.1235, 43.4445], [132.1217, 43.438], [132.1308, 43.4303], [132.1254, 43.4204], [132.1126, 43.4202], [132.1022, 43.4029], [132.0944, 43.4034], [132.1004, 43.3959], [132.0962, 43.3844], [132.0826, 43.3824], [132.0769, 43.3713], [132.0672, 43.37], [132.0584, 43.3598], [132.0476, 43.3656], [132.0425, 43.3626], [132.0506, 43.3557], [132.0446, 43.3503], [132.0472, 43.342], [132.037, 43.3385], [132.0392, 43.3314], [132.0629, 43.3273], [132.0638, 43.3157], [132.0678, 43.3189], [132.1112, 43.3053], [132.1267, 43.31], [132.1318, 43.3036], [132.1337, 43.2848], [132.1434, 43.2839], [132.1322, 43.2694], [132.1466, 43.2692], [132.161, 43.2782], [132.2045, 43.2741], [132.2057, 43.2667], [132.2201, 43.2642], [132.2134, 43.2537], [132.2379, 43.2393], [132.2524, 43.25], [132.2588, 43.2598], [132.2582, 43.2689], [132.2812, 43.2772], [132.2918, 43.2886], [132.2984, 43.2881], [132.2958, 43.2981], [132.2917, 43.2966], [132.281, 43.3088], [132.296, 43.3162], [132.2987, 43.3377], [132.3244, 43.3546], [132.3271, 43.3607], [132.3479, 43.3608], [132.3444, 43.3663], [132.3542, 43.3707], [132.3231, 43.3846], [132.3298, 43.3934], [132.3495, 43.3969], [132.3642, 43.4191], [132.3432, 43.431], [132.371, 43.4535], [132.3563, 43.4585], [132.3779, 43.4816], [132.3582, 43.4915], [132.3465, 43.512], [132.3059, 43.5135], [132.3065, 43.5195], [132.2898, 43.5323], [132.2691, 43.5224], [132.2599, 43.5248], [132.2518, 43.5378], [132.2283, 43.5339], [132.2282, 43.5186], [132.2067, 43.5132], [132.2029, 43.5078], [132.1833, 43.5059], [132.1757, 43.494], [132.147, 43.5041]]]}}, {"type": "Feature", "properties": {"osm_type": "relation", "osm_id": 459765797, "name": "Лесозаводский городской ок", "admin_level": "6", "kind": "subdivision_2", "parent_osm_id": 151225, "parent_name": "Primorsky Krai", "parent_iso": "RU-PRI"}, "geometry": {"type": "Polygon", "coordinates": [[[133.8384, 45.1996], [133.8487, 45.2108], [133.8675, 45.2145], [133.8848, 45.2523], [133.8786, 45.2615], [133.8809, 45.2797], [133.9091, 45.2694], [133.9215, 45.2821], [133.9382, 45.3194], [133.9643, 45.327], [133.9723, 45.3403], [133.9703, 45.3511], [133.979, 45.3598], [133.9762, 45.3756], [133.98, 45.3839], [133.9957, 45.3938], [134.0021, 45.4045], [134.0182, 45.4119], [134.0325, 45.4063], [134.0539, 45.4083], [134.0519, 45.4199], [134.0652, 45.4375], [134.0601, 45.4443], [134.0576, 45.4644], [134.0511, 45.467], [134.0577, 45.4751], [134.0783, 45.479], [134.0838, 45.4875], [134.0842, 45.5085], [134.0954, 45.5178], [134.0941, 45.5348], [134.0885, 45.5375], [134.0484, 45.5221], [134.0361, 45.5228], [134.0293, 45.5359], [134.0061, 45.5481], [134.0074, 45.5591], [133.9812, 45.5626], [133.987, 45.5713], [133.983, 45.5781], [133.9642, 45.5778], [133.9661, 45.5832], [133.9597, 45.5907], [133.9675, 45.5997], [133.9286, 45.6017], [133.9139, 45.6163], [133.8856, 45.6187], [133.8807, 45.6282], [133.8745, 45.6274], [133.8831, 45.644], [133.8709, 45.6556], [133.8423, 45.6562], [133.8248, 45.6664], [133.8146, 45.6623], [133.7991, 45.68], [133.8026, 45.6845], [133.7973, 45.6921], [133.787, 45.6969], [133.7861, 45.7022], [133.76, 45.6978], [133.7459, 45.7107], [133.75, 45.7182], [133.7414, 45.7237], [133.7495, 45.73], [133.7359, 45.7407], [133.7327, 45.7586], [133.6637, 45.7589], [133.6003, 45.786], [133.5873, 45.761], [133.5638, 45.765], [133.5575, 45.7679], [133.5458, 45.7875], [133.5201, 45.7908], [133.5167, 45.8132], [133.4944, 45.8219], [133.4868, 45.814], [133.4758, 45.8119], [133.4727, 45.82], [133.4627, 45.8236], [133.4649, 45.7926], [133.4889, 45.7913], [133.4985, 45.7832], [133.4912, 45.7725], [133.4758, 45.7805], [133.4614, 45.775], [133.4651, 45.7656], [133.4573, 45.7557], [133.4751, 45.7479], [133.4799, 45.7382], [133.4474, 45.7304], [133.4207, 45.6955], [133.4292, 45.6912], [133.435, 45.7028], [133.4419, 45.7039], [133.4538, 45.6906], [133.477, 45.6896], [133.4751, 45.6788], [133.4828, 45.6703], [133.4803, 45.6574], [133.4463, 45.6538], [133.4388, 45.6442], [133.4665, 45.6269], [133.4693, 45.6194], [133.4562, 45.6161], [133.4466, 45.6257], [133.4311, 45.6281], [133.4246, 45.626], [133.4214, 45.6102], [133.4046, 45.6171], [133.4104, 45.6056], [133.4037, 45.5962], [133.416, 45.5809], [133.4129, 45.5714], [133.3899, 45.5698], [133.3922, 45.5736], [133.3862, 45.5779], [133.3727, 45.5701], [133.3644, 45.5755], [133.3669, 45.5675], [133.3562, 45.5675], [133.3516, 45.5617], [133.3491, 45.5663], [133.3422, 45.5662], [133.3481, 45.5617], [133.3423, 45.5616], [133.3439, 45.5572], [133.3325, 45.5508], [133.3238, 45.5595], [133.3259, 45.5559], [133.3204, 45.555], [133.318, 45.5484], [133.3115, 45.5518], [133.3107, 45.5456], [133.3083, 45.5502], [133.303, 45.5464], [133.3036, 45.5408], [133.2846, 45.5419], [133.2854, 45.5339], [133.2801, 45.5393], [133.2729, 45.5374], [133.2739, 45.5264], [133.265, 45.5316], [133.2509, 45.5249], [133.2471, 45.5164], [133.2378, 45.5142], [133.2394, 45.5209], [133.2349, 45.5146], [133.2284, 45.5214], [133.2234, 45.5184], [133.2244, 45.5108], [133.1936, 45.5143], [133.1963, 45.5077], [133.2025, 45.5102], [133.2046, 45.5062], [133.198, 45.5069], [133.1921, 45.4977], [133.184, 45.4989], [133.1823, 45.4938], [133.1894, 45.493], [133.178, 45.4899], [133.1858, 45.4796], [133.1751, 45.4788], [133.1776, 45.4704], [133.1709, 45.4731], [133.1615, 45.4647], [133.1727, 45.4611], [133.1599, 45.4603], [133.1691, 45.4585], [133.1614, 45.4547], [133.1656, 45.4476], [133.1608, 45.4464], [133.1576, 45.4512], [133.1524, 45.4446], [133.1643, 45.4417], [133.1569, 45.4346], [133.1406, 45.4352], [133.1511, 45.4263], [133.1339, 45.4273], [133.1381, 45.4185], [133.1327, 45.4139], [133.1381, 45.4133], [133.1403, 45.4058], [133.1306, 45.401], [133.1385, 45.4028], [133.1425, 45.3956], [133.1367, 45.3923], [133.1392, 45.3822], [133.1311, 45.38], [133.1414, 45.3755], [133.1335, 45.3635], [133.1255, 45.3717], [133.1265, 45.3605], [133.1183, 45.3611], [133.1219, 45.3556], [133.112, 45.3516], [133.1116, 45.3458], [133.1217, 45.3431], [133.1239, 45.3345], [133.1112, 45.3298], [133.1145, 45.325], [133.1071, 45.3258], [133.1083, 45.3209], [133.0989, 45.3194], [133.108, 45.3174], [133.0989, 45.3107], [133.1137, 45.3094], [133.0973, 45.3032], [133.1056, 45.3044], [133.1001, 45.301], [133.1077, 45.2989], [133.0973, 45.2922], [133.1079, 45.288], [133.1659, 45.275], [133.2081, 45.2793], [133.2662, 45.2575], [133.345, 45.2555], [133.3494, 45.2695], [133.3859, 45.2582], [133.3859, 45.2436], [133.4062, 45.23], [133.4327, 45.2219], [133.4518, 45.2206], [133.4438, 45.2413], [133.4735, 45.2408], [133.4928, 45.2508], [133.5116, 45.2505], [133.5446, 45.2611], [133.558, 45.2516], [133.5617, 45.2422], [133.5706, 45.2403], [133.5829, 45.246], [133.5904, 45.2373], [133.5719, 45.2314], [133.5718, 45.2275], [133.5861, 45.224], [133.5777, 45.2116], [133.5917, 45.2069], [133.5935, 45.2017], [133.6327, 45.2087], [133.6511, 45.2277], [133.6626, 45.2308], [133.6683, 45.2522], [133.6829, 45.2541], [133.7049, 45.2446], [133.7254, 45.2474], [133.7607, 45.2278], [133.7697, 45.2355], [133.7853, 45.2359], [133.8021, 45.2154], [133.8108, 45.2165], [133.8384, 45.1996]]]}}, {"type": "Feature", "properties": {"osm_type": "relation", "osm_id": 559896782, "name": "городской округ Большой Ка", "admin_level": "6", "kind": "subdivision_2", "parent_osm_id": 151225, "parent_name": "Primorsky Krai", "parent_iso": "RU-PRI"}, "geometry": {"type": "Polygon", "coordinates": [[[132.3474, 43.0123], [132.3597, 43.0132], [132.3719, 43.0278], [132.3922, 43.0218], [132.3997, 43.0277], [132.3994, 43.0363], [132.4129, 43.0357], [132.4191, 43.0426], [132.4291, 43.0414], [132.4368, 43.0468], [132.4265, 43.0675], [132.3886, 43.0788], [132.3926, 43.1063], [132.4084, 43.1336], [132.4246, 43.1365], [132.4129, 43.1537], [132.3951, 43.1608], [132.4093, 43.1823], [132.394, 43.1863], [132.3894, 43.1946], [132.3843, 43.1838], [132.3675, 43.1761], [132.3601, 43.1676], [132.3498, 43.172], [132.3247, 43.1716], [132.3135, 43.1668], [132.3278, 43.1619], [132.3273, 43.1546], [132.3403, 43.1467], [132.3341, 43.136], [132.3261, 43.1343], [132.3331, 43.1318], [132.3263, 43.1264], [132.3391, 43.1311], [132.3437, 43.1281], [132.3383, 43.1241], [132.3415, 43.1204], [132.3288, 43.1147], [132.3219, 43.1232], [132.3166, 43.1181], [132.3302, 43.0995], [132.3294, 43.0895], [132.3185, 43.081], [132.3211, 43.0761], [132.3046, 43.0702], [132.2909, 43.0709], [132.2925, 43.0849], [132.2837, 43.0708], [132.2846, 43.0656], [132.2995, 43.0661], [132.3059, 43.056], [132.3164, 43.0508], [132.3157, 43.0424], [132.3059, 43.0396], [132.3469, 43.0187], [132.3474, 43.0123]]]}}, {"type": "Feature", "properties": {"osm_type": "relation", "osm_id": 350832856, "name": "Terneysky District", "admin_level": "6", "kind": "subdivision_2", "parent_osm_id": 151225, "parent_name": "Primorsky Krai", "parent_iso": "RU-PRI"}, "geometry": {"type": "Polygon", "coordinates": [[[137.553, 47.2636], [137.5844, 47.2487], [137.5864, 47.2395], [137.6018, 47.2334], [137.6115, 47.2166], [137.6408, 47.2054], [137.6487, 47.197], [137.6497, 47.1823], [137.6433, 47.1758], [137.6478, 47.1567], [137.6608, 47.1495], [137.6491, 47.1445], [137.6505, 47.1381], [137.6814, 47.1253], [137.6738, 47.1114], [137.6624, 47.1047], [137.6636, 47.0914], [137.6881, 47.0868], [137.7102, 47.0621], [137.7372, 47.0458], [137.7517, 47.044], [137.7127, 47.0152], [137.7217, 46.9994], [137.7321, 46.995], [137.7268, 46.9622], [137.7665, 46.9541], [137.7714, 46.9488], [137.772, 46.9378], [137.7874, 46.9084], [137.7806, 46.8996], [137.7782, 46.8858], [137.7916, 46.8724], [137.8003, 46.8521], [137.8187, 46.8461], [137.8222, 46.8401], [137.8195, 46.8192], [137.8261, 46.8046], [137.8192, 46.7839], [137.8271, 46.76], [137.8245, 46.7448], [137.829, 46.7255], [137.8608, 46.6909], [137.8763, 46.686], [137.8685, 46.6791], [137.8415, 46.6714], [137.8036, 46.6196], [137.8335, 46.5938], [137.8645, 46.5811], [137.8627, 46.5733], [137.8702, 46.5591], [137.8328, 46.5601], [137.8224, 46.5531], [137.7986, 46.5482], [137.7885, 46.5553], [137.7606, 46.5618], [137.741, 46.5463], [137.7113, 46.5436], [137.6953, 46.5252], [137.697, 46.5005], [137.6806, 46.4844], [137.6688, 46.4773], [137.6318, 46.4819], [137.6107, 46.4605], [137.6086, 46.4472], [137.6002, 46.4424], [137.5728, 46.441], [137.5648, 46.4248], [137.5371, 46.4127], [137.5341, 46.4006], [137.5412, 46.3916], [137.522, 46.3762], [137.5116, 46.3497], [137.5166, 46.3391], [137.5026, 46.3221], [137.4826, 46.3156], [137.4843, 46.3079], [137.466, 46.3015], [137.4496, 46.3031], [137.4383, 46.2959], [137.409, 46.2949], [137.3994, 46.2877], [137.4043, 46.2792], [137.4024, 46.2665], [137.39, 46.2653], [137.3886, 46.2708], [137.3828, 46.2722], [137.361, 46.2626], [137.3513, 46.2515], [137.345, 46.2577], [137.3311, 46.2602], [137.3097, 46.255], [137.2956, 46.2589], [137.2906, 46.2535], [137.2792, 46.2574], [137.2682, 46.25], [137.2521, 46.2502], [137.2528, 46.2403], [137.2456, 46.2314], [137.2535, 46.2237], [137.2502, 46.2178], [137.2584, 46.1941], [137.264, 46.1896], [137.2614, 46.1734], [137.2379, 46.18], [137.208, 46.1824], [137.1961, 46.1751], [137.1434, 46.1838], [137.1393, 46.1879], [137.1294, 46.1831], [137.0996, 46.1864], [137.0851, 46.1683], [137.0643, 46.1581], [137.0699, 46.1479], [137.0611, 46.1347], [137.0703, 46.1218], [137.0541, 46.1118], [137.0185, 46.1161], [137.006, 46.1277], [137.0061, 46.1368], [136.9871, 46.143], [136.983, 46.1488], [136.9658, 46.1539], [136.9474, 46.1511], [136.9327, 46.1675], [136.9125, 46.1687], [136.9063, 46.1753], [136.8755, 46.176], [136.8621, 46.1913], [136.8091, 46.1831], [136.786, 46.1883], [136.7647, 46.1735], [136.7494, 46.1717], [136.75, 46.1661], [136.7436, 46.162], [136.7501, 46.157], [136.732, 46.1456], [136.725, 46.1311], [136.6951, 46.1244], [136.6932, 46.1022], [136.6864, 46.1014], [136.6755, 46.0881], [136.6779, 46.0839], [136.6682, 46.066], [136.6836, 46.0404], [136.6837, 46.0269], [136.6792, 46.0218], [136.6836, 46.0165], [136.6729, 46.007], [136.6658, 46.0066], [136.6642, 46.0001], [136.645, 45.9992], [136.6376, 45.9908], [136.6459, 45.9815], [136.6288, 45.9758], [136.6148, 45.9617], [136.6223, 45.9492], [136.6135, 45.9345], [136.621, 45.929], [136.6271, 45.9133], [136.6354, 45.9092], [136.6361, 45.8894], [136.6591, 45.8747], [136.6642, 45.8587], [136.645, 45.8506], [136.6388, 45.8423], [136.6122, 45.8386], [136.5937, 45.8194], [136.5729, 45.8246], [136.5358, 45.8066], [136.5307, 45.7987], [136.5234, 45.8063], [136.5079, 45.8032], [136.5085, 45.7856], [136.5543, 45.7618], [136.5601, 45.7511], [136.5549, 45.7423], [136.5576, 45.7295], [136.5406, 45.7193], [136.5277, 45.7175], [136.5153, 45.7075], [136.4546, 45.6882], [136.4427, 45.6899], [136.4383, 45.6847], [136.4107, 45.6768], [136.4052, 45.6636], [136.4095, 45.6416], [136.405, 45.6365], [136.409, 45.6214], [136.4146, 45.6172], [136.4105, 45.6111], [136.4135, 45.607], [136.402, 45.5928], [136.404, 45.5859], [136.4174, 45.5779], [136.4141, 45.5701], [136.421, 45.5618], [136.4111, 45.5544], [136.4099, 45.5448], [136.4007, 45.5439], [136.3984, 45.5394], [136.4276, 45.5147], [136.4393, 45.5144], [136.4443, 45.5092], [136.4496, 45.4831], [136.4393, 45.4801], [136.4383, 45.4722], [136.4126, 45.4769], [136.4076, 45.4646], [136.3924, 45.46], [136.3803, 45.4489], [136.3659, 45.4555], [136.3564, 45.4526], [136.3503, 45.4559], [136.3374, 45.4462], [136.3358, 45.4269], [136.3268, 45.4239], [136.3292, 45.4163], [136.3235, 45.411], [136.3385, 45.3952], [136.3292, 45.3855], [136.3178, 45.3864], [136.2955, 45.3722], [136.2788, 45.3688], [136.2646, 45.3766], [136.258, 45.3697], [136.2417, 45.3671], [136.2369, 45.3567], [136.2243, 45.352], [136.2215, 45.3325], [136.2358, 45.3202], [136.2269, 45.3119], [136.1736, 45.3114], [136.1646, 45.3202], [136.1472, 45.3229], [136.1317, 45.3049], [136.1402, 45.2931], [136.1307, 45.288], [136.1198, 45.2711], [136.0982, 45.2774], [136.0865, 45.2751], [136.0832, 45.278], [136.0909, 45.2851], [136.0856, 45.2919], [136.0612, 45.3026], [136.0355, 45.3013], [136.0244, 45.3082], [136.0084, 45.2967], [136.0053, 45.2832], [136.0104, 45.2735], [135.9818, 45.2622], [135.9745, 45.2502], [135.9493, 45.2536], [135.9362, 45.2463], [135.9414, 45.2305], [135.9279, 45.22], [135.931, 45.2139], [135.9014, 45.2168], [135.8821, 45.2038], [135.8721, 45.1899], [135.8494, 45.188], [135.8306, 45.1763], [135.8151, 45.173], [135.8138, 45.1658], [135.8286, 45.1601], [135.8241, 45.1509], [135.8417, 45.1426], [135.8577, 45.1396], [135.8791, 45.1443], [135.8909, 45.1337], [135.9154, 45.1241], [135.9479, 45.1228], [135.9557, 45.1205], [135.9571, 45.1135], [135.9761, 45.1106], [135.9976, 45.0944], [136.0041, 45.0708], [136.0267, 45.0583], [136.0223, 45.0334], [136.0304, 45.0275], [136.0309, 45.0181], [136.0151, 45.0152], [136.0148, 45.0061], [135.9987, 44.9957], [136.0061, 44.9893], [136.0094, 44.9774], [135.9971, 44.9601], [136.0009, 44.9454], [135.9867, 44.9366], [135.9895, 44.9166], [135.9676, 44.8936], [135.9535, 44.8931], [135.9426, 44.8871], [135.9323, 44.8686], [135.9142, 44.8661], [135.916, 44.8546], [135.9116, 44.8468], [135.899, 44.8445], [135.8951, 44.8353], [135.8729, 44.825], [135.8987, 44.8089], [135.9215, 44.8142], [135.9287, 44.8096], [135.9381, 44.8173], [135.9667, 44.822], [135.9996, 44.8078], [136.0059, 44.8005], [135.9913, 44.7851], [135.9956, 44.7721], [135.9932, 44.757], [136.0059, 44.7455], [135.993, 44.7244], [135.9988, 44.6842], [135.9939, 44.6721], [135.9805, 44.6672], [135.9691, 44.6256], [135.951, 44.6259], [135.9316, 44.6352], [135.9194, 44.6232], [135.902, 44.6191], [135.9034, 44.6117], [135.9163, 44.6001], [135.913, 44.5925], [135.9297, 44.5792], [135.9486, 44.578], [135.9644, 44.5668], [135.9935, 44.5725], [136.0072, 44.5847], [136.0232, 44.5853], [136.058, 44.5624], [136.0961, 44.5768], [136.134, 44.58], [136.1375, 44.5642], [136.1553, 44.5518], [136.1436, 44.5422], [136.1468, 44.5278], [136.1927, 44.535], [136.1868, 44.54], [136.186, 44.5647], [136.1936, 44.576], [136.2289, 44.5861], [136.2295, 44.592], [136.2126, 44.6159], [136.211, 44.6298], [136.2144, 44.6363], [136.2234, 44.6373], [136.2275, 44.6562], [136.2419, 44.6771], [136.2784, 44.7039], [136.2978, 44.7113], [136.3205, 44.7114], [136.3378, 44.7228], [136.3379, 44.7308], [136.3279, 44.7296], [136.3165, 44.7363], [136.3162, 44.743], [136.3153, 44.7394], [136.3058, 44.7392], [136.3036, 44.7487], [136.3406, 44.7519], [136.3497, 44.7648], [136.3496, 44.7754], [136.3546, 44.7782], [136.3501, 44.7949], [136.3713, 44.805], [136.3908, 44.8026], [136.3927, 44.7947], [136.4052, 44.7908], [136.4238, 44.7735], [136.4298, 44.7754], [136.4427, 44.7689], [136.4504, 44.7717], [136.4498, 44.7859], [136.4535, 44.7889], [136.4438, 44.7962], [136.445, 44.8072], [136.4373, 44.8123], [136.4427, 44.8287], [136.4646, 44.8429], [136.4786, 44.8412], [136.4941, 44.8578], [136.4973, 44.8778], [136.5075, 44.8925], [136.5238, 44.8962], [136.5239, 44.9023], [136.53, 44.9051], [136.543, 44.9017], [136.5596, 44.9206], [136.5609, 44.9298], [136.5506, 44.9346], [136.5537, 44.951], [136.5611, 44.9556], [136.5688, 44.9535], [136.5737, 44.9653], [136.6015, 44.9943], [136.6215, 45.0052], [136.6346, 45.0269], [136.6473, 45.0279], [136.6453, 45.0335], [136.6537, 45.037], [136.6848, 45.0404], [136.6888, 45.0438], [136.6859, 45.0471], [136.7005, 45.0607], [136.727, 45.0699], [136.7651, 45.0925], [136.7736, 45.1365], [136.7915, 45.1739], [136.7899, 45.1834], [136.8016, 45.1987], [136.8558, 45.2331], [136.9189, 45.2532], [136.9442, 45.2667], [136.9749, 45.2976], [137.0035, 45.3124], [137.0604, 45.3541], [137.099, 45.3701], [137.1388, 45.3753], [137.1543, 45.3892], [137.1547, 45.4024], [137.1613, 45.4114], [137.1823, 45.422], [137.1864, 45.4361], [137.2013, 45.4577], [137.2439, 45.4756], [137.2607, 45.4894], [137.2799, 45.5156], [137.2975, 45.5219], [137.3047, 45.5409], [137.3214, 45.5605], [137.3271, 45.5783], [137.3402, 45.5873], [137.3591, 45.6133], [137.4459, 45.6636], [137.4887, 45.6734], [137.5268, 45.7003], [137.5498, 45.7258], [137.5638, 45.7351], [137.5808, 45.7391], [137.6249, 45.7702], [137.646, 45.7774], [137.6876, 45.81], [137.6936, 45.8202], [137.6866, 45.832], [137.6919, 45.8541], [137.7188, 45.8682], [137.7209, 45.8749], [137.7275, 45.8752], [137.7702, 45.9454], [137.9276, 46.0722], [137.9413, 46.1041], [137.9785, 46.1249], [138.0155, 46.1669], [138.0285, 46.1668], [138.0443, 46.1792], [138.0689, 46.204], [138.0738, 46.2152], [138.1038, 46.2395], [138.1093, 46.2503], [138.0985, 46.2597], [138.0964, 46.2898], [138.1102, 46.3089], [138.1209, 46.3538], [138.1581, 46.4081], [138.1662, 46.4334], [138.1804, 46.4526], [138.2145, 46.4718], [138.2192, 46.4819], [138.2322, 46.4922], [138.2972, 46.5143], [138.3433, 46.5403], [138.3394, 46.548], [138.35, 46.5868], [138.3593, 46.597], [138.3438, 46.609], [138.3394, 46.6272], [138.3417, 46.6465], [138.3523, 46.6641], [138.3519, 46.6859], [138.3476, 46.6917], [138.3661, 46.7062], [138.3659, 46.7166], [138.381, 46.7536], [138.3892, 46.7664], [138.4051, 46.7765], [138.4104, 46.7949], [138.4213, 46.8037], [138.4207, 46.8097], [138.4394, 46.8204], [138.4434, 46.8319], [138.4629, 46.8379], [138.4844, 46.8575], [138.4848, 46.8688], [138.4953, 46.88], [138.5021, 46.9378], [138.5205, 46.9556], [138.5367, 46.994], [138.5724, 47.0437], [138.6036, 47.0747], [138.7095, 47.1425], [138.8126, 47.2516], [138.8568, 47.2883], [138.9277, 47.3183], [138.9524, 47.3125], [138.9905, 47.3166], [138.9917, 47.3283], [138.9844, 47.3406], [138.9864, 47.3527], [139.0174, 47.3868], [139.033, 47.396], [139.0103, 47.4027], [138.999, 47.3986], [138.9959, 47.3907], [138.9729, 47.4062], [138.9653, 47.4162], [138.9697, 47.4193], [138.9333, 47.4453], [138.8879, 47.4498], [138.861, 47.4701], [138.8063, 47.468], [138.7958, 47.4541], [138.7642, 47.4562], [138.7253, 47.4406], [138.7219, 47.4553], [138.6927, 47.4437], [138.6427, 47.4534], [138.6217, 47.4447], [138.6149, 47.4524], [138.6039, 47.4532], [138.5963, 47.4634], [138.6051, 47.4822], [138.5712, 47.4824], [138.5414, 47.4763], [138.5368, 47.482], [138.5437, 47.4913], [138.557, 47.4978], [138.5592, 47.5052], [138.5976, 47.521], [138.5952, 47.529], [138.5841, 47.5351], [138.592, 47.5446], [138.5908, 47.5624], [138.617, 47.5835], [138.6315, 47.6026], [138.615, 47.6126], [138.6003, 47.6303], [138.5822, 47.6356], [138.5817, 47.6437], [138.5751, 47.6484], [138.5451, 47.6484], [138.5284, 47.6689], [138.5097, 47.6716], [138.5067, 47.6771], [138.5276, 47.6909], [138.5498, 47.6973], [138.5541, 47.7171], [138.5771, 47.7126], [138.5876, 47.7187], [138.5841, 47.7254], [138.5949, 47.7302], [138.6234, 47.7298], [138.6373, 47.7389], [138.6579, 47.7352], [138.6643, 47.7442], [138.7057, 47.7569], [138.7128, 47.7632], [138.7377, 47.7699], [138.7627, 47.7634], [138.775, 47.7696], [138.7623, 47.7763], [138.7582, 47.7962], [138.7788, 47.8097], [138.7975, 47.8096], [138.8058, 47.8164], [138.8038, 47.8253], [138.8206, 47.837], [138.8149, 47.8373], [138.8148, 47.8478], [138.8312, 47.8584], [138.8322, 47.8671], [138.7729, 47.8828], [138.7625, 47.8912], [138.7487, 47.8918], [138.7478, 47.8976], [138.7566, 47.9119], [138.734, 47.9287], [138.7163, 47.9309], [138.6963, 47.9626], [138.6719, 47.9684], [138.6625, 47.982], [138.6303, 48.0035], [138.598, 48.0053], [138.5769, 48.0317], [138.5749, 48.0476], [138.5942, 48.0601], [138.5975, 48.0744], [138.6146, 48.0851], [138.6157, 48.1012], [138.6231, 48.1138], [138.6396, 48.1226], [138.6587, 48.1069], [138.683, 48.1081], [138.7015, 48.1179], [138.7042, 48.1245], [138.6987, 48.1322], [138.7236, 48.1409], [138.727, 48.1545], [138.7131, 48.1669], [138.7095, 48.1793], [138.7171, 48.1841], [138.7168, 48.1936], [138.7035, 48.2101], [138.6889, 48.2138], [138.6792, 48.2031], [138.6478, 48.192], [138.6319, 48.1787], [138.6199, 48.1833], [138.602, 48.1801], [138.5773, 48.1915], [138.5594, 48.192], [138.5439, 48.2024], [138.5414, 48.2106], [138.5223, 48.2139], [138.529, 48.2282], [138.5272, 48.2334], [138.5477, 48.244], [138.5424, 48.2483], [138.5454, 48.2572], [138.5388, 48.2681], [138.5234, 48.2704], [138.4858, 48.2909], [138.4812, 48.3123], [138.4626, 48.3188], [138.4691, 48.3335], [138.4683, 48.3438], [138.4786, 48.355], [138.493, 48.3563], [138.5003, 48.3789], [138.4692, 48.3892], [138.4741, 48.4145], [138.4519, 48.411], [138.4108, 48.4288], [138.4068, 48.4359], [138.3885, 48.4465], [138.3778, 48.4414], [138.3643, 48.4423], [138.358, 48.4333], [138.3375, 48.4414], [138.3281, 48.4551], [138.3192, 48.4547], [138.3106, 48.4643], [138.286, 48.4584], [138.2703, 48.4478], [138.236, 48.4433], [138.2173, 48.4276], [138.1982, 48.4253], [138.1932, 48.419], [138.193, 48.4068], [138.1897, 48.4018], [138.1776, 48.403], [138.1787, 48.3954], [138.172, 48.3859], [138.1826, 48.3749], [138.1804, 48.3589], [138.1893, 48.3473], [138.1763, 48.3353], [138.1445, 48.3339], [138.1232, 48.3267], [138.0991, 48.3279], [138.077, 48.3092], [138.0654, 48.311], [138.0523, 48.2986], [138.03, 48.3023], [138.0244, 48.3109], [138.0123, 48.3097], [137.9996, 48.2734], [137.9781, 48.2684], [137.9642, 48.2704], [137.9466, 48.2599], [137.9503, 48.2499], [137.9362, 48.2442], [137.9313, 48.2299], [137.9063, 48.2238], [137.8954, 48.2265], [137.8828, 48.2108], [137.8662, 48.2203], [137.8321, 48.2095], [137.8113, 48.2153], [137.7972, 48.222], [137.7897, 48.232], [137.7826, 48.2324], [137.7534, 48.2246], [137.7441, 48.2308], [137.7323, 48.2185], [137.7045, 48.2113], [137.6782, 48.2483], [137.6472, 48.2525], [137.6206, 48.2343], [137.5919, 48.2453], [137.5697, 48.2406], [137.5689, 48.2262], [137.5524, 48.2098], [137.5326, 48.2045], [137.4914, 48.2049], [137.4846, 48.198], [137.4513, 48.203], [137.4389, 48.1871], [137.4287, 48.1848], [137.411, 48.1641], [137.3954, 48.1539], [137.3792, 48.1512], [137.3696, 48.1567], [137.3641, 48.1368], [137.3545, 48.1309], [137.3517, 48.1189], [137.3439, 48.1189], [137.3356, 48.1087], [137.3083, 48.1044], [137.3213, 48.0978], [137.3224, 48.083], [137.3274, 48.0795], [137.3215, 48.0655], [137.3303, 48.0638], [137.336, 48.0563], [137.35, 48.0563], [137.3554, 48.0483], [137.3721, 48.0413], [137.3901, 48.0404], [137.4043, 48.0262], [137.4185, 48.0216], [137.4251, 47.9881], [137.4515, 47.9815], [137.494, 47.9834], [137.5158, 47.9762], [137.5161, 47.9696], [137.5276, 47.9672], [137.5413, 47.9481], [137.6057, 47.9226], [137.6005, 47.9113], [137.611, 47.8979], [137.6007, 47.8868], [137.5723, 47.8762], [137.5376, 47.8815], [137.5119, 47.8742], [137.4948, 47.8647], [137.4908, 47.8569], [137.4824, 47.8569], [137.4691, 47.8471], [137.4638, 47.8386], [137.443, 47.8333], [137.4425, 47.8236], [137.4283, 47.8097], [137.4135, 47.8058], [137.439, 47.7898], [137.453, 47.7844], [137.4862, 47.7933], [137.5095, 47.7889], [137.5274, 47.7986], [137.5575, 47.7876], [137.5834, 47.8029], [137.5988, 47.8049], [137.6348, 47.7836], [137.6557, 47.7806], [137.6693, 47.7686], [137.6816, 47.7697], [137.6891, 47.7617], [137.7061, 47.7645], [137.7191, 47.7593], [137.7306, 47.7404], [137.7671, 47.7213], [137.7766, 47.7205], [137.7755, 47.7095], [137.7832, 47.7024], [137.7943, 47.7082], [137.7938, 47.7165], [137.8004, 47.7246], [137.8207, 47.7219], [137.8225, 47.7292], [137.8482, 47.7292], [137.8785, 47.7517], [137.9021, 47.7517], [137.9561, 47.7379], [137.9938, 47.721], [137.9907, 47.711], [137.9935, 47.6884], [138.025, 47.6915], [138.0361, 47.6871], [138.0525, 47.6967], [138.0607, 47.6914], [138.0494, 47.6796], [138.0541, 47.6713], [138.0506, 47.6673], [138.0308, 47.6583], [138.0214, 47.6437], [137.9798, 47.6236], [137.9726, 47.6153], [138.0008, 47.5965], [138.0131, 47.6015], [138.0349, 47.5872], [138.0453, 47.5885], [138.0512, 47.6015], [138.0674, 47.5919], [138.0677, 47.5751], [138.0864, 47.5663], [138.0552, 47.5528], [138.0707, 47.5442], [138.071, 47.535], [138.0796, 47.5329], [138.0779, 47.512], [138.035, 47.5067], [138.0229, 47.4907], [138.0194, 47.4781], [137.9967, 47.4605], [137.9853, 47.4611], [137.9732, 47.4551], [137.9636, 47.4586], [137.9609, 47.4483], [137.9374, 47.4476], [137.9204, 47.456], [137.9161, 47.4489], [137.9002, 47.4406], [137.9073, 47.4382], [137.9124, 47.4262], [137.9052, 47.4183], [137.9078, 47.4108], [137.9178, 47.407], [137.8988, 47.3904], [137.885, 47.3905], [137.8747, 47.3753], [137.8593, 47.381], [137.8455, 47.3694], [137.8082, 47.361], [137.8033, 47.3538], [137.7879, 47.3534], [137.7808, 47.3442], [137.7733, 47.3451], [137.7388, 47.3289], [137.7292, 47.3483], [137.7175, 47.3563], [137.7054, 47.3554], [137.688, 47.3395], [137.6525, 47.3368], [137.6474, 47.3279], [137.6376, 47.3237], [137.628, 47.3243], [137.6029, 47.3107], [137.5899, 47.3127], [137.5865, 47.3011], [137.5609, 47.2784], [137.553, 47.2636]]]}}, {"type": "Feature", "properties": {"osm_type": "relation", "osm_id": 270691961, "name": "Krasnoarmeysky District", "admin_level": "6", "kind": "subdivision_2", "parent_osm_id": 151225, "parent_name": "Primorsky Krai", "parent_iso": "RU-PRI"}, "geometry": {"type": "Polygon", "coordinates": [[[135.8138, 45.1658], [135.8151, 45.173], [135.8306, 45.1763], [135.8394, 45.1844], [135.8721, 45.1899], [135.8821, 45.2038], [135.9014, 45.2168], [135.931, 45.2139], [135.9279, 45.22], [135.9414, 45.2305], [135.9362, 45.2463], [135.9493, 45.2536], [135.9745, 45.2502], [135.9818, 45.2622], [136.0104, 45.2735], [136.0053, 45.2832], [136.0084, 45.2967], [136.0244, 45.3082], [136.0355, 45.3013], [136.0612, 45.3026], [136.0856, 45.2919], [136.0909, 45.2851], [136.0832, 45.278], [136.0865, 45.2751], [136.0982, 45.2774], [136.1198, 45.2711], [136.1307, 45.288], [136.1402, 45.2931], [136.1317, 45.3049], [136.1472, 45.3229], [136.1646, 45.3202], [136.1736, 45.3114], [136.2269, 45.3119], [136.2358, 45.3202], [136.2215, 45.3325], [136.2243, 45.352], [136.2369, 45.3567], [136.2417, 45.3671], [136.258, 45.3697], [136.2646, 45.3766], [136.2788, 45.3688], [136.2955, 45.3722], [136.3178, 45.3864], [136.3292, 45.3855], [136.3385, 45.3952], [136.3235, 45.411], [136.3292, 45.4163], [136.3268, 45.4239], [136.3358, 45.4269], [136.3374, 45.4462], [136.3503, 45.4559], [136.3564, 45.4526], [136.3659, 45.4555], [136.3803, 45.4489], [136.3924, 45.46], [136.4076, 45.4646], [136.4126, 45.4769], [136.4383, 45.4722], [136.4393, 45.4801], [136.4509, 45.4846], [136.4443, 45.5092], [136.4393, 45.5144], [136.4276, 45.5147], [136.3984, 45.5394], [136.4007, 45.5439], [136.4099, 45.5448], [136.4111, 45.5544], [136.421, 45.5618], [136.4141, 45.5701], [136.4174, 45.5779], [136.404, 45.5859], [136.402, 45.5928], [136.4135, 45.607], [136.4105, 45.6111], [136.4146, 45.6172], [136.409, 45.6214], [136.405, 45.6365], [136.4095, 45.6416], [136.4052, 45.6636], [136.4107, 45.6768], [136.4383, 45.6847], [136.4427, 45.6899], [136.4546, 45.6882], [136.5153, 45.7075], [136.5277, 45.7175], [136.5406, 45.7193], [136.5576, 45.7295], [136.5549, 45.7423], [136.5601, 45.7511], [136.5543, 45.7618], [136.5085, 45.7856], [136.5079, 45.8032], [136.5234, 45.8063], [136.5307, 45.7987], [136.5358, 45.8066], [136.5729, 45.8246], [136.5937, 45.8194], [136.6122, 45.8386], [136.6388, 45.8423], [136.645, 45.8506], [136.6642, 45.8587], [136.6591, 45.8747], [136.6361, 45.8894], [136.6354, 45.9092], [136.6271, 45.9133], [136.621, 45.929], [136.6135, 45.9345], [136.6223, 45.9492], [136.6148, 45.9617], [136.6288, 45.9758], [136.6459, 45.9815], [136.6376, 45.9908], [136.645, 45.9992], [136.6642, 46.0001], [136.6658, 46.0066], [136.6729, 46.007], [136.6836, 46.0165], [136.6792, 46.0218], [136.6837, 46.0269], [136.6836, 46.0404], [136.6682, 46.066], [136.6779, 46.0839], [136.6755, 46.0881], [136.6864, 46.1014], [136.6932, 46.1022], [136.6951, 46.1244], [136.725, 46.1311], [136.732, 46.1456], [136.7501, 46.157], [136.7436, 46.162], [136.75, 46.1661], [136.7494, 46.1717], [136.7361, 46.196], [136.7096, 46.2142], [136.7188, 46.223], [136.714, 46.23], [136.7218, 46.2449], [136.7395, 46.2529], [136.7566, 46.2534], [136.7633, 46.2604], [136.7636, 46.2705], [136.7445, 46.2768], [136.7448, 46.2956], [136.7182, 46.3034], [136.6989, 46.2981], [136.6912, 46.3023], [136.6903, 46.3089], [136.6738, 46.3114], [136.6604, 46.3218], [136.6414, 46.3239], [136.6311, 46.3341], [136.6073, 46.3333], [136.6005, 46.3403], [136.6012, 46.3496], [136.5721, 46.3659], [136.5711, 46.3823], [136.5431, 46.3941], [136.5309, 46.3947], [136.5208, 46.4072], [136.5084, 46.4076], [136.5014, 46.4167], [136.4932, 46.4155], [136.4769, 46.4244], [136.4629, 46.4209], [136.4539, 46.4246], [136.4463, 46.4198], [136.4363, 46.4226], [136.4185, 46.4336], [136.4122, 46.4472], [136.3984, 46.453], [136.3906, 46.4456], [136.3673, 46.4429], [136.361, 46.4376], [136.3543, 46.4475], [136.3436, 46.4488], [136.3378, 46.443], [136.3354, 46.4277], [136.3432, 46.4199], [136.3157, 46.4067], [136.2924, 46.4036], [136.2575, 46.4251], [136.208, 46.4318], [136.1922, 46.4265], [136.1837, 46.4308], [136.1726, 46.428], [136.139, 46.4611], [136.1152, 46.4549], [136.1008, 46.4385], [136.0672, 46.4303], [136.0179, 46.4343], [136.0022, 46.4437], [136.0191, 46.4614], [136.0335, 46.5037], [136.0157, 46.5109], [136.0153, 46.5338], [135.9958, 46.5502], [135.9787, 46.5344], [135.9548, 46.5311], [135.9403, 46.5189], [135.9393, 46.5114], [135.9123, 46.5057], [135.9058, 46.5126], [135.8932, 46.5106], [135.8722, 46.5024], [135.8698, 46.495], [135.8532, 46.4865], [135.8267, 46.4864], [135.8227, 46.4713], [135.8027, 46.4753], [135.7934, 46.4825], [135.7763, 46.4828], [135.775, 46.4745], [135.7631, 46.467], [135.7574, 46.4528], [135.7485, 46.4474], [135.7363, 46.4518], [135.7192, 46.4503], [135.7173, 46.4623], [135.6994, 46.4643], [135.6755, 46.4943], [135.6569, 46.5063], [135.6217, 46.4898], [135.6116, 46.4958], [135.5879, 46.4982], [135.5849, 46.489], [135.5901, 46.4859], [135.5892, 46.4763], [135.6035, 46.4631], [135.5767, 46.4446], [135.5805, 46.4303], [135.5579, 46.4199], [135.5381, 46.4237], [135.5279, 46.4141], [135.4652, 46.386], [135.4688, 46.3775], [135.4624, 46.3494], [135.4137, 46.313], [135.4055, 46.2974], [135.4056, 46.2802], [135.3639, 46.29], [135.3371, 46.2904], [135.3324, 46.2849], [135.3233, 46.2847], [135.3193, 46.2757], [135.2868, 46.2714], [135.2684, 46.2792], [135.26, 46.2924], [135.2036, 46.3146], [135.1756, 46.2951], [135.1563, 46.2984], [135.1492, 46.2882], [135.1499, 46.2813], [135.131, 46.2738], [135.0901, 46.2765], [135.0849, 46.2722], [135.0692, 46.2724], [135.0651, 46.2654], [135.0438, 46.2552], [135.0118, 46.2707], [134.9723, 46.2502], [134.9711, 46.2198], [134.959, 46.2132], [134.9409, 46.2167], [134.9287, 46.2296], [134.8877, 46.23], [134.8817, 46.2232], [134.8718, 46.2237], [134.8361, 46.2071], [134.8221, 46.2129], [134.8171, 46.2248], [134.78, 46.2131], [134.7669, 46.2228], [134.7684, 46.2284], [134.7583, 46.2462], [134.7429, 46.2529], [134.726, 46.2682], [134.7138, 46.2609], [134.6768, 46.2522], [134.6703, 46.2444], [134.6559, 46.239], [134.6392, 46.2515], [134.6255, 46.2523], [134.6122, 46.2631], [134.5793, 46.2527], [134.5803, 46.2369], [134.5741, 46.2254], [134.5803, 46.2122], [134.5623, 46.2078], [134.5565, 46.1961], [134.5437, 46.1983], [134.5293, 46.1917], [134.5118, 46.1941], [134.4994, 46.1862], [134.4816, 46.1658], [134.4796, 46.1534], [134.4731, 46.1516], [134.4255, 46.1535], [134.4132, 46.1581], [134.4067, 46.1509], [134.3946, 46.152], [134.3921, 46.1458], [134.3672, 46.1366], [134.3497, 46.1363], [134.3528, 46.1447], [134.3444, 46.1508], [134.3266, 46.1536], [134.3298, 46.162], [134.3218, 46.1737], [134.2869, 46.171], [134.2727, 46.1481], [134.2499, 46.1455], [134.2448, 46.1383], [134.256, 46.1281], [134.2582, 46.1195], [134.2718, 46.1103], [134.2735, 46.0964], [134.2878, 46.0712], [134.2768, 46.0734], [134.2765, 46.081], [134.2547, 46.0848], [134.2507, 46.0835], [134.2557, 46.08], [134.2512, 46.0751], [134.247, 46.0805], [134.2424, 46.0785], [134.2401, 46.087], [134.2296, 46.0899], [134.2256, 46.0839], [134.2359, 46.0846], [134.2334, 46.0755], [134.2031, 46.0743], [134.2001, 46.0821], [134.1384, 46.0768], [134.1407, 46.0729], [134.1304, 46.0651], [134.1326, 46.0596], [134.1272, 46.0564], [134.0905, 46.0703], [134.0492, 46.0687], [134.0314, 46.077], [134.0078, 46.0707], [133.9997, 46.0637], [134.0087, 46.047], [134.0323, 46.0427], [134.069, 46.0174], [134.071, 46.008], [134.0837, 46.0042], [134.0423, 45.9938], [134.0724, 45.9432], [134.0376, 45.9149], [134.0413, 45.9064], [134.051, 45.9022], [134.0502, 45.8972], [134.054, 45.9011], [134.0632, 45.9], [134.0662, 45.9047], [134.0699, 45.8947], [134.0893, 45.8967], [134.0934, 45.8899], [134.0979, 45.9016], [134.1072, 45.8948], [134.1169, 45.8976], [134.1194, 45.8954], [134.1148, 45.8929], [134.1258, 45.8876], [134.1341, 45.8751], [134.1439, 45.8809], [134.1466, 45.8745], [134.1533, 45.8731], [134.149, 45.8687], [134.1663, 45.863], [134.1756, 45.8704], [134.1797, 45.8618], [134.1936, 45.8574], [134.2045, 45.8623], [134.2067, 45.8736], [134.2186, 45.8863], [134.2713, 45.8866], [134.2863, 45.8978], [134.2996, 45.8879], [134.3144, 45.8906], [134.3156, 45.8794], [134.3253, 45.8718], [134.3459, 45.8709], [134.3591, 45.8512], [134.3816, 45.8519], [134.3865, 45.858], [134.3937, 45.8489], [134.4145, 45.8407], [134.4148, 45.8356], [134.4056, 45.8278], [134.4114, 45.816], [134.4097, 45.8068], [134.4, 45.7898], [134.3847, 45.7834], [134.3856, 45.758], [134.3774, 45.7514], [134.3722, 45.736], [134.3551, 45.7318], [134.3395, 45.7454], [134.3284, 45.7393], [134.3074, 45.7471], [134.2889, 45.7234], [134.2827, 45.6941], [134.3079, 45.6772], [134.2986, 45.6619], [134.3071, 45.6573], [134.3391, 45.6575], [134.3374, 45.6509], [134.3488, 45.6441], [134.3483, 45.6325], [134.3813, 45.6246], [134.3971, 45.6323], [134.4152, 45.6102], [134.5186, 45.6217], [134.5346, 45.6286], [134.5479, 45.6181], [134.5657, 45.618], [134.593, 45.6049], [134.5808, 45.5827], [134.5859, 45.5719], [134.6112, 45.5659], [134.6153, 45.555], [134.6614, 45.5243], [134.6926, 45.5256], [134.7168, 45.5496], [134.7691, 45.5622], [134.7737, 45.5723], [134.8031, 45.5824], [134.8377, 45.5802], [134.8598, 45.5712], [134.8897, 45.5801], [134.9471, 45.5462], [134.9742, 45.5543], [134.9887, 45.5366], [135.0048, 45.5316], [135.0037, 45.5117], [135.0113, 45.5061], [135.0192, 45.4865], [135.0095, 45.4837], [135.0096, 45.4735], [134.9949, 45.4635], [134.9846, 45.4415], [134.974, 45.4403], [134.9668, 45.43], [134.9303, 45.411], [134.9234, 45.399], [134.9419, 45.376], [134.9141, 45.3664], [134.897, 45.3662], [134.8746, 45.3297], [134.8769, 45.3178], [134.8943, 45.3002], [134.9144, 45.2977], [134.9262, 45.2805], [134.9375, 45.2751], [134.9298, 45.2604], [134.9322, 45.2525], [134.9441, 45.2427], [134.9758, 45.2364], [135.002, 45.2418], [135.0264, 45.2544], [135.0337, 45.2526], [135.0453, 45.2409], [135.0425, 45.2345], [135.0473, 45.2266], [135.041, 45.2147], [135.0574, 45.204], [135.0645, 45.1921], [135.0748, 45.1882], [135.0888, 45.1643], [135.1078, 45.1664], [135.1184, 45.1566], [135.1179, 45.1457], [135.1395, 45.1434], [135.1531, 45.1316], [135.1519, 45.1238], [135.1583, 45.1187], [135.1457, 45.1128], [135.1473, 45.0667], [135.1427, 45.0582], [135.1699, 45.0483], [135.1782, 45.0524], [135.1919, 45.0384], [135.1925, 45.0281], [135.2045, 45.0295], [135.2349, 45.057], [135.2446, 45.0521], [135.2645, 45.0538], [135.2728, 45.034], [135.2836, 45.0248], [135.2831, 45.0193], [135.3115, 45.011], [135.3175, 45.0033], [135.3154, 44.9976], [135.3259, 44.9886], [135.358, 44.9944], [135.37, 44.9877], [135.3733, 44.9927], [135.391, 44.9918], [135.4015, 45.0098], [135.4442, 45.0139], [135.4417, 45.0248], [135.4615, 45.0348], [135.4778, 45.0378], [135.4898, 45.0345], [135.512, 45.0584], [135.5314, 45.0619], [135.5646, 45.048], [135.5839, 45.0452], [135.6232, 45.0637], [135.6298, 45.0781], [135.6234, 45.0839], [135.635, 45.0912], [135.6601, 45.089], [135.6847, 45.098], [135.7011, 45.0966], [135.7029, 45.1009], [135.7139, 45.103], [135.7119, 45.1144], [135.7217, 45.1183], [135.7245, 45.1273], [135.7293, 45.125], [135.7374, 45.1293], [135.7402, 45.1372], [135.7342, 45.144], [135.7375, 45.1577], [135.7456, 45.1614], [135.7475, 45.1697], [135.767, 45.1716], [135.7937, 45.1594], [135.8097, 45.1609], [135.8138, 45.1658]]]}}, {"type": "Feature", "properties": {"osm_type": "relation", "osm_id": 451943176, "name": "Mikhaylovsky District", "admin_level": "6", "kind": "subdivision_2", "parent_osm_id": 151225, "parent_name": "Primorsky Krai", "parent_iso": "RU-PRI"}, "geometry": {"type": "Polygon", "coordinates": [[[132.477, 43.7293], [132.4862, 43.7169], [132.5406, 43.7219], [132.5494, 43.7148], [132.5687, 43.7217], [132.5873, 43.7189], [132.5988, 43.7243], [132.6189, 43.7093], [132.6186, 43.714], [132.6281, 43.7126], [132.6361, 43.6901], [132.6783, 43.681], [132.6769, 43.666], [132.6969, 43.6507], [132.6946, 43.6421], [132.7015, 43.6187], [132.7097, 43.6108], [132.7419, 43.6015], [132.7422, 43.5953], [132.7756, 43.5823], [132.7775, 43.59], [132.7934, 43.591], [132.8067, 43.608], [132.8358, 43.6216], [132.8484, 43.6489], [132.8779, 43.6725], [132.8626, 43.6858], [132.8662, 43.6944], [132.8773, 43.6968], [132.8817, 43.7033], [132.8606, 43.7087], [132.8374, 43.7247], [132.8388, 43.7392], [132.8317, 43.7443], [132.8375, 43.7516], [132.8329, 43.7569], [132.8354, 43.774], [132.8316, 43.7807], [132.8489, 43.7908], [132.8238, 43.822], [132.7557, 43.8219], [132.754, 43.8824], [132.7492, 43.8826], [132.7506, 43.8874], [132.7273, 43.8854], [132.7246, 43.8908], [132.7345, 43.9001], [132.7279, 43.9215], [132.7049, 43.9375], [132.706, 43.9571], [132.716, 43.9572], [132.7171, 43.9639], [132.7485, 43.9613], [132.7627, 43.9684], [132.7688, 43.9802], [132.81, 43.9802], [132.8272, 43.993], [132.8301, 44.0006], [132.8267, 44.0109], [132.8185, 44.014], [132.8242, 44.0394], [132.8136, 44.0455], [132.8159, 44.0568], [132.7988, 44.0649], [132.7956, 44.0744], [132.7839, 44.0806], [132.783, 44.0872], [132.7673, 44.0937], [132.7532, 44.0929], [132.7146, 44.0825], [132.7077, 44.0879], [132.6983, 44.0862], [132.6839, 44.0976], [132.6711, 44.0948], [132.6582, 44.0763], [132.667, 44.0797], [132.6887, 44.0646], [132.6867, 44.057], [132.6973, 44.0497], [132.7459, 44.0478], [132.7279, 44.0391], [132.7307, 44.0202], [132.7233, 44.0053], [132.7153, 44.0116], [132.6981, 44.0115], [132.6784, 44.0299], [132.6412, 44.0357], [132.6293, 44.0442], [132.6013, 44.0533], [132.5892, 44.0195], [132.5507, 44.0213], [132.5306, 44.0275], [132.4923, 44.0112], [132.4508, 44.0366], [132.4622, 44.0418], [132.4505, 44.0408], [132.4476, 44.058], [132.4531, 44.0623], [132.4498, 44.0707], [132.4538, 44.073], [132.4476, 44.082], [132.468, 44.1243], [132.4496, 44.1304], [132.4216, 44.1104], [132.4248, 44.0998], [132.4193, 44.0966], [132.3713, 44.1108], [132.3539, 44.1236], [132.345, 44.1239], [132.3462, 44.1298], [132.3326, 44.1387], [132.3378, 44.1418], [132.3267, 44.1446], [132.3219, 44.1376], [132.3242, 44.1278], [132.3193, 44.1261], [132.323, 44.1206], [132.3119, 44.114], [132.3064, 44.1035], [132.2845, 44.1004], [132.2772, 44.088], [132.2638, 44.0918], [132.2412, 44.0825], [132.223, 44.0869], [132.2176, 44.0761], [132.2089, 44.0787], [132.2061, 44.0722], [132.1865, 44.0825], [132.1676, 44.0817], [132.1558, 44.0926], [132.1349, 44.0985], [132.1274, 44.0955], [132.0677, 44.1013], [132.067, 44.1629], [132.076, 44.1953], [132.0602, 44.2326], [131.9811, 44.2133], [131.9713, 44.2587], [131.9253, 44.3035], [131.9227, 44.2959], [131.9086, 44.2915], [131.9104, 44.2861], [131.8979, 44.297], [131.8759, 44.2953], [131.8771, 44.2132], [131.8413, 44.2119], [131.8341, 44.2056], [131.7936, 44.2079], [131.7944, 44.1299], [131.8207, 44.1291], [131.8208, 44.0341], [131.8304, 44.0184], [131.816, 44.0002], [131.8474, 43.9773], [131.9131, 43.9785], [131.9138, 43.9464], [131.9669, 43.9224], [131.9712, 43.9118], [131.9673, 43.9033], [131.9764, 43.9044], [131.9965, 43.887], [131.9619, 43.8681], [131.9843, 43.8579], [132.1175, 43.8682], [132.1153, 43.8844], [132.1662, 43.8985], [132.1752, 43.887], [132.1756, 43.8773], [132.1857, 43.8736], [132.2124, 43.8738], [132.2341, 43.8636], [132.2953, 43.8583], [132.3228, 43.8498], [132.334, 43.8536], [132.3553, 43.8316], [132.3681, 43.8375], [132.3753, 43.8335], [132.3822, 43.8448], [132.3777, 43.8578], [132.386, 43.8634], [132.3931, 43.8556], [132.3855, 43.8503], [132.3889, 43.8375], [132.3794, 43.8222], [132.3867, 43.8184], [132.3778, 43.803], [132.3817, 43.7935], [132.3956, 43.7926], [132.4126, 43.7755], [132.4469, 43.774], [132.4854, 43.7544], [132.4883, 43.7477], [132.4762, 43.7371], [132.477, 43.7293]]]}}, {"type": "Feature", "properties": {"osm_type": "relation", "osm_id": 219986592, "name": "Lazovsky District", "admin_level": "6", "kind": "subdivision_2", "parent_osm_id": 151225, "parent_name": "Primorsky Krai", "parent_iso": "RU-PRI"}, "geometry": {"type": "Polygon", "coordinates": [[[133.5839, 43.6473], [133.5804, 43.6238], [133.5664, 43.6189], [133.5565, 43.6044], [133.5469, 43.6037], [133.5456, 43.5919], [133.5317, 43.5686], [133.5355, 43.5623], [133.5488, 43.5584], [133.5741, 43.5604], [133.5673, 43.5566], [133.5681, 43.5455], [133.5776, 43.5346], [133.5751, 43.5137], [133.5841, 43.5071], [133.5785, 43.4947], [133.5904, 43.4708], [133.5899, 43.4668], [133.5783, 43.463], [133.5822, 43.454], [133.5738, 43.4442], [133.573, 43.4343], [133.5954, 43.4223], [133.6432, 43.4224], [133.6757, 43.4087], [133.6909, 43.3957], [133.7135, 43.3888], [133.7012, 43.3623], [133.7197, 43.3528], [133.7211, 43.3416], [133.7317, 43.3385], [133.745, 43.3215], [133.7444, 43.3115], [133.7353, 43.3007], [133.7439, 43.2909], [133.7462, 43.2795], [133.7043, 43.2593], [133.693, 43.2478], [133.6956, 43.2397], [133.6688, 43.2276], [133.6708, 43.2172], [133.6314, 43.1775], [133.6271, 43.1609], [133.6011, 43.1479], [133.5709, 43.1474], [133.5566, 43.1333], [133.5253, 43.1307], [133.5119, 43.121], [133.4904, 43.094], [133.4902, 43.0864], [133.4995, 43.0804], [133.5, 43.0675], [133.4893, 43.0585], [133.4689, 43.0469], [133.4515, 43.0508], [133.4251, 43.0394], [133.4137, 43.0422], [133.4052, 43.0315], [133.3814, 43.0227], [133.3559, 43.0238], [133.3495, 43.0199], [133.3395, 43.0251], [133.3168, 43.0152], [133.3269, 42.9981], [133.3203, 42.9915], [133.3157, 42.9744], [133.3268, 42.9585], [133.3191, 42.9415], [133.3299, 42.9378], [133.3222, 42.9311], [133.3223, 42.9238], [133.3157, 42.9214], [133.3164, 42.9154], [133.2805, 42.9114], [133.2615, 42.9032], [133.2608, 42.8952], [133.2259, 42.869], [133.1993, 42.8705], [133.1923, 42.8635], [133.1935, 42.8519], [133.1827, 42.8399], [133.2072, 42.836], [133.2131, 42.8195], [133.2387, 42.808], [133.2587, 42.8064], [133.2712, 42.8142], [133.2806, 42.8027], [133.3013, 42.7932], [133.3007, 42.7748], [133.3443, 42.7752], [133.3492, 42.7731], [133.351, 42.7644], [133.3594, 42.7616], [133.4228, 42.7746], [133.424, 42.7795], [133.4349, 42.7825], [133.432, 42.7893], [133.4403, 42.7951], [133.4504, 42.795], [133.4512, 42.7901], [133.4633, 42.7958], [133.473, 42.7921], [133.4746, 42.7967], [133.4828, 42.7965], [133.482, 42.8019], [133.492, 42.8051], [133.492, 42.8089], [133.5132, 42.8131], [133.5162, 42.8173], [133.5001, 42.8272], [133.5041, 42.8342], [133.5122, 42.8305], [133.5308, 42.8344], [133.5484, 42.8188], [133.5614, 42.8215], [133.5574, 42.8319], [133.5715, 42.8379], [133.5743, 42.8287], [133.5818, 42.825], [133.5896, 42.8336], [133.603, 42.8334], [133.6026, 42.8428], [133.5937, 42.8515], [133.6126, 42.8587], [133.6251, 42.8458], [133.6476, 42.8589], [133.685, 42.8513], [133.6946, 42.8452], [133.696, 42.8394], [133.6921, 42.8374], [133.6984, 42.8303], [133.7125, 42.8237], [133.714, 42.8093], [133.7249, 42.8071], [133.7448, 42.824], [133.7398, 42.8335], [133.7476, 42.8457], [133.7792, 42.8589], [133.7916, 42.8695], [133.8138, 42.8755], [133.8144, 42.8856], [133.8192, 42.889], [133.8388, 42.8897], [133.858, 42.8966], [133.8645, 42.9074], [133.8758, 42.9101], [133.8849, 42.9067], [133.8907, 42.8984], [133.9231, 42.8912], [133.9132, 42.8887], [133.9058, 42.894], [133.8915, 42.8938], [133.9026, 42.8783], [133.8939, 42.8717], [133.8949, 42.868], [133.9063, 42.8707], [133.9227, 42.8672], [133.9337, 42.8787], [133.9499, 42.8806], [133.9569, 42.9078], [134.0064, 42.939], [134.0101, 42.9501], [134.022, 42.9583], [134.0497, 42.9734], [134.0782, 42.9745], [134.0972, 42.9876], [134.1236, 42.9934], [134.1328, 43.0205], [134.1502, 43.0317], [134.1754, 43.0387], [134.1716, 43.0427], [134.1733, 43.0531], [134.1865, 43.0716], [134.2159, 43.0811], [134.2353, 43.0805], [134.2454, 43.0921], [134.2767, 43.1072], [134.3007, 43.1071], [134.3083, 43.0976], [134.3169, 43.1031], [134.3026, 43.1084], [134.3073, 43.1183], [134.3182, 43.1222], [134.3288, 43.1178], [134.3334, 43.1214], [134.3425, 43.1117], [134.3504, 43.1169], [134.3484, 43.1216], [134.3776, 43.1308], [134.3906, 43.1433], [134.4168, 43.1466], [134.4396, 43.1586], [134.4413, 43.1672], [134.4501, 43.1724], [134.4888, 43.1848], [134.4897, 43.1909], [134.5117, 43.2041], [134.5011, 43.202], [134.4885, 43.2066], [134.4821, 43.2176], [134.4817, 43.2304], [134.4621, 43.2424], [134.4254, 43.2431], [134.4167, 43.2606], [134.4033, 43.2604], [134.3826, 43.2681], [134.3665, 43.2973], [134.3727, 43.2994], [134.3773, 43.3089], [134.3731, 43.3132], [134.3807, 43.3287], [134.3757, 43.3513], [134.3635, 43.3537], [134.3319, 43.3731], [134.3125, 43.3778], [134.302, 43.3896], [134.3041, 43.3996], [134.2782, 43.4136], [134.2715, 43.4236], [134.2476, 43.431], [134.2319, 43.4427], [134.2108, 43.4509], [134.1833, 43.4374], [134.1762, 43.4484], [134.1784, 43.4587], [134.1676, 43.4622], [134.1724, 43.4705], [134.1687, 43.4806], [134.1585, 43.4822], [134.1485, 43.4921], [134.1455, 43.5033], [134.1293, 43.5115], [134.0959, 43.5114], [134.0847, 43.5187], [134.0661, 43.5203], [134.0585, 43.5303], [134.0345, 43.5289], [134.011, 43.514], [133.9945, 43.5166], [133.9692, 43.5305], [133.9634, 43.5454], [133.9672, 43.5551], [133.9592, 43.5718], [133.9196, 43.5777], [133.889, 43.5711], [133.8724, 43.561], [133.8539, 43.5723], [133.8316, 43.5756], [133.822, 43.5835], [133.7694, 43.5805], [133.7539, 43.5893], [133.7501, 43.6004], [133.7162, 43.602], [133.7073, 43.5883], [133.6884, 43.6079], [133.6418, 43.6138], [133.6117, 43.6399], [133.5839, 43.6473]]]}}, {"type": "Feature", "properties": {"osm_type": "relation", "osm_id": 331656762, "name": "Chuguyevsky District", "admin_level": "6", "kind": "subdivision_2", "parent_osm_id": 151225, "parent_name": "Primorsky Krai", "parent_iso": "RU-PRI"}, "geometry": {"type": "Polygon", "coordinates": [[[135.099, 45.0558], [135.0917, 45.0652], [135.0662, 45.0734], [135.0608, 45.0705], [135.0412, 45.0763], [134.9968, 45.0753], [134.9815, 45.0556], [134.962, 45.0523], [134.9411, 45.036], [134.928, 45.0363], [134.9261, 45.0269], [134.918, 45.0188], [134.8966, 45.0249], [134.8927, 45.0405], [134.8728, 45.0475], [134.8678, 45.0436], [134.8408, 45.0505], [134.8251, 45.046], [134.807, 45.0508], [134.7835, 45.0374], [134.7704, 45.0108], [134.7418, 45.0014], [134.7428, 44.9926], [134.7285, 44.9904], [134.7256, 44.9851], [134.7288, 44.9751], [134.6999, 44.9599], [134.6829, 44.9669], [134.6468, 44.9596], [134.6241, 44.9636], [134.6147, 44.9745], [134.5915, 44.9755], [134.5723, 44.9968], [134.5713, 45.0037], [134.5573, 45.0062], [134.5462, 45.0149], [134.5325, 45.0154], [134.5209, 45.0342], [134.5103, 45.033], [134.5069, 45.0386], [134.4542, 45.0334], [134.4511, 45.0398], [134.4417, 45.0423], [134.4404, 45.0498], [134.403, 45.0562], [134.3976, 45.0521], [134.4018, 45.045], [134.3967, 45.0383], [134.381, 45.0386], [134.3774, 45.03], [134.3458, 45.0237], [134.3369, 45.0285], [134.3377, 45.0399], [134.314, 45.0538], [134.2919, 45.0564], [134.2796, 45.0688], [134.2686, 45.0683], [134.2693, 45.0455], [134.2472, 45.045], [134.23, 45.0263], [134.1984, 45.0262], [134.1772, 45.0076], [134.1639, 45.0066], [134.1628, 45.0211], [134.1566, 45.0269], [134.129, 45.0207], [134.1162, 45.0264], [134.1048, 45.0152], [134.1032, 45.0063], [134.1089, 45.0024], [134.0762, 44.9754], [134.0731, 44.9556], [134.0579, 44.9485], [134.0542, 44.9316], [134.0454, 44.9248], [134.0514, 44.9167], [134.0607, 44.9143], [134.0488, 44.8961], [134.05, 44.8857], [134.0309, 44.8858], [134.0141, 44.8751], [134.0399, 44.8471], [134.0644, 44.8314], [134.0604, 44.815], [134.0686, 44.8041], [134.0817, 44.7986], [134.0766, 44.7879], [134.0968, 44.7726], [134.0968, 44.7638], [134.0593, 44.7241], [134.0402, 44.7314], [134.0271, 44.7275], [134.0093, 44.6977], [134.0158, 44.6927], [134.0163, 44.6828], [134.0102, 44.6701], [133.9828, 44.6666], [133.9903, 44.659], [134.0004, 44.6596], [133.9997, 44.6519], [133.9771, 44.6531], [133.9804, 44.6569], [133.9697, 44.663], [133.9731, 44.6709], [133.9652, 44.683], [133.9361, 44.6561], [133.9307, 44.6464], [133.9448, 44.6173], [133.9175, 44.6016], [133.9229, 44.5962], [133.9196, 44.5913], [133.8967, 44.5852], [133.8784, 44.5652], [133.8759, 44.551], [133.8328, 44.5404], [133.8283, 44.522], [133.8213, 44.5146], [133.8104, 44.5116], [133.8, 44.5199], [133.7774, 44.5247], [133.7664, 44.5181], [133.7649, 44.5045], [133.7714, 44.4971], [133.7685, 44.4813], [133.7617, 44.4776], [133.7646, 44.4716], [133.7609, 44.4646], [133.7656, 44.4606], [133.7619, 44.4545], [133.772, 44.4506], [133.7634, 44.44], [133.7686, 44.432], [133.7973, 44.4178], [133.7963, 44.3959], [133.7846, 44.3938], [133.7857, 44.387], [133.7764, 44.3791], [133.7633, 44.3787], [133.7528, 44.3608], [133.7372, 44.3517], [133.7367, 44.3418], [133.7458, 44.3365], [133.7497, 44.327], [133.7424, 44.3109], [133.7491, 44.2969], [133.7436, 44.284], [133.7335, 44.2815], [133.7291, 44.2734], [133.7036, 44.2682], [133.6911, 44.2755], [133.655, 44.2663], [133.6389, 44.2691], [133.6132, 44.2641], [133.5821, 44.2258], [133.5767, 44.2136], [133.5801, 44.2062], [133.5631, 44.1835], [133.5462, 44.1852], [133.5503, 44.1645], [133.5466, 44.159], [133.536, 44.1573], [133.5324, 44.1485], [133.5246, 44.1476], [133.5194, 44.1239], [133.5103, 44.1223], [133.5082, 44.117], [133.4989, 44.1176], [133.4927, 44.1093], [133.472, 44.1009], [133.4487, 44.0755], [133.4342, 44.0751], [133.4299, 44.0536], [133.4142, 44.0429], [133.4247, 44.0309], [133.4241, 44.0251], [133.4134, 44.0258], [133.3879, 44.0107], [133.3825, 43.9841], [133.3897, 43.9793], [133.3899, 43.9656], [133.375, 43.9489], [133.3766, 43.9294], [133.3852, 43.9193], [133.3993, 43.9181], [133.4011, 43.909], [133.4206, 43.9051], [133.44, 43.8807], [133.4338, 43.8745], [133.4329, 43.861], [133.4172, 43.8463], [133.4163, 43.8374], [133.4312, 43.8174], [133.442, 43.8124], [133.5009, 43.8118], [133.5175, 43.8], [133.5179, 43.7959], [133.5037, 43.7906], [133.4999, 43.7771], [133.5031, 43.7687], [133.4997, 43.746], [133.5172, 43.7263], [133.5026, 43.7104], [133.5107, 43.6993], [133.5026, 43.6932], [133.5409, 43.6832], [133.5474, 43.6692], [133.5639, 43.6641], [133.561, 43.6514], [133.6117, 43.6399], [133.6418, 43.6138], [133.6884, 43.6079], [133.7073, 43.5883], [133.7162, 43.602], [133.7501, 43.6004], [133.7539, 43.5893], [133.7694, 43.5805], [133.822, 43.5835], [133.8316, 43.5756], [133.8539, 43.5723], [133.8724, 43.561], [133.889, 43.5711], [133.9196, 43.5777], [133.9592, 43.5718], [133.9672, 43.5551], [133.9634, 43.5454], [133.9692, 43.5305], [133.9945, 43.5166], [134.011, 43.514], [134.0345, 43.5289], [134.0585, 43.5303], [134.0661, 43.5203], [134.0847, 43.5187], [134.0959, 43.5114], [134.1293, 43.5115], [134.1504, 43.5308], [134.1659, 43.5542], [134.1939, 43.5598], [134.2225, 43.5435], [134.2409, 43.5581], [134.2818, 43.5688], [134.2842, 43.5757], [134.2742, 43.5767], [134.2556, 43.5952], [134.2829, 43.6002], [134.3013, 43.6336], [134.3155, 43.636], [134.3562, 43.6722], [134.3731, 43.6792], [134.3735, 43.6961], [134.3875, 43.7271], [134.4101, 43.7393], [134.4337, 43.7382], [134.4471, 43.7489], [134.458, 43.768], [134.4802, 43.7649], [134.4834, 43.7717], [134.4904, 43.7711], [134.5014, 43.7813], [134.5072, 43.7792], [134.5151, 43.7892], [134.5113, 43.7972], [134.5184, 43.8041], [134.5291, 43.8055], [134.5251, 43.8142], [134.5313, 43.8181], [134.5101, 43.8204], [134.5061, 43.8356], [134.4887, 43.8552], [134.466, 43.8607], [134.4578, 43.8706], [134.4616, 43.8738], [134.4557, 43.8855], [134.4427, 43.8878], [134.4229, 43.9028], [134.4302, 43.9143], [134.4237, 43.92], [134.421, 43.9326], [134.4289, 43.9468], [134.4429, 43.9501], [134.4294, 43.9909], [134.4424, 44.0144], [134.4276, 44.0244], [134.4334, 44.0263], [134.4411, 44.0415], [134.428, 44.0568], [134.4357, 44.0658], [134.4397, 44.085], [134.4368, 44.1252], [134.4481, 44.138], [134.4559, 44.1671], [134.4762, 44.1724], [134.4882, 44.182], [134.4962, 44.2124], [134.5194, 44.2404], [134.5227, 44.2573], [134.56, 44.2788], [134.5789, 44.2741], [134.6125, 44.2876], [134.6303, 44.281], [134.6677, 44.2818], [134.6755, 44.2705], [134.6706, 44.2649], [134.6724, 44.2585], [134.6831, 44.2488], [134.7435, 44.2571], [134.7732, 44.2706], [134.7882, 44.2622], [134.7806, 44.2831], [134.7958, 44.295], [134.7795, 44.3118], [134.7958, 44.3352], [134.788, 44.3391], [134.7809, 44.3564], [134.7634, 44.3682], [134.7487, 44.3902], [134.738, 44.3956], [134.7297, 44.4148], [134.7204, 44.4219], [134.7351, 44.4274], [134.7409, 44.4353], [134.7399, 44.4455], [134.7489, 44.4527], [134.735, 44.4793], [134.736, 44.4867], [134.7573, 44.4931], [134.7614, 44.4999], [134.7583, 44.5112], [134.7669, 44.5179], [134.7841, 44.5204], [134.7847, 44.5398], [134.7949, 44.5468], [134.7962, 44.5614], [134.7885, 44.5752], [134.8013, 44.5903], [134.8016, 44.6061], [134.7944, 44.6127], [134.7886, 44.6299], [134.8532, 44.6617], [134.8726, 44.6472], [134.9189, 44.6454], [134.9556, 44.6587], [134.9801, 44.654], [135.0162, 44.6865], [135.0016, 44.7023], [134.9872, 44.7023], [134.9793, 44.7074], [135.0085, 44.7448], [135.0255, 44.7524], [135.0487, 44.7549], [135.0649, 44.7481], [135.098, 44.7508], [135.102, 44.7722], [135.1202, 44.7817], [135.1129, 44.8006], [135.0957, 44.8151], [135.0938, 44.8262], [135.1191, 44.8368], [135.1257, 44.8435], [135.1285, 44.8562], [135.1566, 44.858], [135.1696, 44.8471], [135.1763, 44.8473], [135.1932, 44.8555], [135.1975, 44.8648], [135.2142, 44.8694], [135.1823, 44.8783], [135.1709, 44.875], [135.1306, 44.8845], [135.1017, 44.8833], [135.0655, 44.8712], [135.0229, 44.8655], [135.0196, 44.8493], [134.9966, 44.8327], [134.929, 44.8462], [134.9101, 44.8587], [134.9098, 44.867], [134.9445, 44.8784], [134.9707, 44.8993], [134.9682, 44.9059], [134.9731, 44.916], [134.9655, 44.9245], [134.9747, 44.9391], [134.9723, 44.9549], [134.9945, 44.9901], [134.996, 45.0034], [135.0185, 45.024], [135.0203, 45.0318], [135.0563, 45.0519], [135.073, 45.0515], [135.0906, 45.0584], [135.099, 45.0558]]]}}, {"type": "Feature", "properties": {"osm_type": "relation", "osm_id": 252409864, "name": "Olginsky District", "admin_level": "6", "kind": "subdivision_2", "parent_osm_id": 151225, "parent_name": "Primorsky Krai", "parent_iso": "RU-PRI"}, "geometry": {"type": "Polygon", "coordinates": [[[134.4429, 43.9501], [134.4289, 43.9468], [134.421, 43.9326], [134.4237, 43.92], [134.4302, 43.9143], [134.4229, 43.9028], [134.4427, 43.8878], [134.4557, 43.8855], [134.4616, 43.8738], [134.4578, 43.8706], [134.466, 43.8607], [134.4887, 43.8552], [134.5061, 43.8356], [134.5101, 43.8204], [134.5313, 43.8181], [134.5251, 43.8142], [134.5291, 43.8055], [134.5184, 43.8041], [134.5113, 43.7972], [134.5151, 43.7892], [134.5072, 43.7792], [134.5014, 43.7813], [134.4904, 43.7711], [134.4834, 43.7717], [134.4802, 43.7649], [134.458, 43.768], [134.4471, 43.7489], [134.4337, 43.7382], [134.4101, 43.7393], [134.3875, 43.7271], [134.3735, 43.6961], [134.3731, 43.6792], [134.3562, 43.6722], [134.3155, 43.636], [134.3013, 43.6336], [134.2829, 43.6002], [134.2556, 43.5952], [134.2742, 43.5767], [134.2842, 43.5757], [134.2818, 43.5688], [134.2409, 43.5581], [134.2225, 43.5435], [134.1939, 43.5598], [134.1659, 43.5542], [134.1504, 43.5308], [134.1293, 43.5115], [134.1455, 43.5033], [134.1485, 43.4921], [134.1585, 43.4822], [134.1687, 43.4806], [134.1724, 43.4705], [134.1676, 43.4622], [134.1784, 43.4587], [134.1762, 43.4484], [134.1833, 43.4374], [134.2108, 43.4509], [134.2319, 43.4427], [134.2476, 43.431], [134.2715, 43.4236], [134.2782, 43.4136], [134.3041, 43.3996], [134.302, 43.3896], [134.3125, 43.3778], [134.3319, 43.3731], [134.3635, 43.3537], [134.3757, 43.3513], [134.3807, 43.3287], [134.3731, 43.3132], [134.3773, 43.3089], [134.3727, 43.2994], [134.3665, 43.2973], [134.3751, 43.2766], [134.3913, 43.2633], [134.4167, 43.2606], [134.4254, 43.2431], [134.4592, 43.2432], [134.4787, 43.2338], [134.4885, 43.2066], [134.5011, 43.202], [134.5117, 43.2041], [134.5486, 43.2263], [134.5573, 43.2366], [134.5724, 43.2422], [134.586, 43.2438], [134.5993, 43.2372], [134.6236, 43.2441], [134.6336, 43.2619], [134.6755, 43.2751], [134.6817, 43.2799], [134.6817, 43.2882], [134.7012, 43.2999], [134.718, 43.3008], [134.7297, 43.3097], [134.7531, 43.3053], [134.7783, 43.3086], [134.7854, 43.3192], [134.7792, 43.3229], [134.7914, 43.3275], [134.786, 43.3336], [134.7938, 43.3361], [134.7886, 43.3394], [134.7934, 43.349], [134.8161, 43.3541], [134.8389, 43.3833], [134.8525, 43.3929], [134.9688, 43.4408], [134.9764, 43.449], [134.9666, 43.4562], [134.9791, 43.4679], [135.0064, 43.4626], [135.0149, 43.4708], [135.0327, 43.4742], [135.0358, 43.4813], [135.069, 43.4886], [135.094, 43.5012], [135.1255, 43.5001], [135.1412, 43.5052], [135.152, 43.5217], [135.1464, 43.5339], [135.1476, 43.5441], [135.1689, 43.5569], [135.17, 43.574], [135.1828, 43.5932], [135.1745, 43.6093], [135.1992, 43.6258], [135.2254, 43.6356], [135.215, 43.6551], [135.2271, 43.6636], [135.2273, 43.6772], [135.2214, 43.6851], [135.2359, 43.6929], [135.2201, 43.7016], [135.2237, 43.7127], [135.2206, 43.7201], [135.237, 43.7279], [135.259, 43.7285], [135.2785, 43.7406], [135.2898, 43.7397], [135.285, 43.7328], [135.261, 43.7282], [135.2507, 43.7121], [135.2533, 43.7005], [135.269, 43.6878], [135.2782, 43.6865], [135.3012, 43.6941], [135.3068, 43.701], [135.3389, 43.7155], [135.3551, 43.7152], [135.3719, 43.7252], [135.3773, 43.7405], [135.4009, 43.759], [135.419, 43.7569], [135.4357, 43.7648], [135.4358, 43.7865], [135.4554, 43.8061], [135.4732, 43.8128], [135.4787, 43.8221], [135.4731, 43.8289], [135.481, 43.8339], [135.4827, 43.8412], [135.4921, 43.846], [135.5068, 43.8442], [135.5026, 43.8498], [135.5031, 43.8656], [135.511, 43.872], [135.5111, 43.8829], [135.5231, 43.8886], [135.5275, 43.8966], [135.5169, 43.9001], [135.5015, 43.8962], [135.5069, 43.8854], [135.4871, 43.873], [135.4592, 43.8775], [135.4564, 43.884], [135.4687, 43.89], [135.4714, 43.8976], [135.4895, 43.9036], [135.4844, 43.9098], [135.4736, 43.9024], [135.4643, 43.9066], [135.4619, 43.9139], [135.4736, 43.9186], [135.4664, 43.923], [135.4701, 43.9322], [135.454, 43.9408], [135.4528, 43.9482], [135.4668, 43.9565], [135.5029, 43.9453], [135.5198, 43.9214], [135.5204, 43.9389], [135.5083, 43.9456], [135.5071, 43.9514], [135.5152, 43.9692], [135.5301, 43.9712], [135.5307, 43.9854], [135.5219, 43.994], [135.5262, 44.0053], [135.5534, 44.0122], [135.5646, 44.0236], [135.5782, 44.0261], [135.5959, 44.0223], [135.616, 44.0376], [135.6323, 44.0353], [135.6283, 44.0572], [135.6215, 44.0623], [135.6227, 44.0698], [135.6284, 44.073], [135.6147, 44.0871], [135.6064, 44.0948], [135.5969, 44.0945], [135.5747, 44.1053], [135.5548, 44.1039], [135.545, 44.1164], [135.5482, 44.1201], [135.5451, 44.124], [135.5111, 44.1168], [135.503, 44.1369], [135.4911, 44.1441], [135.4695, 44.1407], [135.4507, 44.1578], [135.4507, 44.1648], [135.4307, 44.168], [135.4261, 44.1766], [135.3911, 44.1763], [135.3793, 44.1682], [135.3725, 44.1719], [135.3562, 44.1678], [135.3363, 44.1784], [135.3342, 44.1851], [135.3227, 44.1837], [135.3014, 44.1922], [135.298, 44.1902], [135.3036, 44.1787], [135.2968, 44.1741], [135.3059, 44.167], [135.3072, 44.1574], [135.318, 44.1543], [135.3148, 44.1362], [135.3085, 44.1368], [135.2969, 44.1257], [135.2699, 44.1223], [135.2509, 44.112], [135.248, 44.1021], [135.2409, 44.1008], [135.2365, 44.1144], [135.2257, 44.1178], [135.2237, 44.1287], [135.2007, 44.134], [135.1945, 44.1097], [135.1756, 44.1081], [135.1715, 44.1001], [135.154, 44.0916], [135.1553, 44.0627], [135.1472, 44.0633], [135.1332, 44.0504], [135.1089, 44.0542], [135.0859, 44.0433], [135.0794, 44.0347], [135.0731, 44.0379], [135.0666, 44.0312], [135.048, 44.0339], [135.0389, 44.0232], [135.0261, 44.0306], [135.0109, 44.0288], [135.0018, 44.0345], [134.9631, 44.0334], [134.9464, 44.0266], [134.9328, 44.0357], [134.9207, 44.0304], [134.8728, 44.0409], [134.8591, 44.0515], [134.8339, 44.0501], [134.8235, 44.0583], [134.7975, 44.0629], [134.7865, 44.0717], [134.782, 44.0837], [134.7618, 44.0895], [134.7602, 44.0993], [134.7404, 44.1118], [134.7253, 44.1134], [134.7027, 44.0955], [134.6727, 44.0899], [134.6555, 44.0754], [134.6316, 44.0744], [134.6116, 44.0619], [134.5937, 44.0749], [134.5842, 44.0766], [134.5732, 44.0707], [134.565, 44.0608], [134.577, 44.052], [134.5625, 44.0448], [134.565, 44.0268], [134.5607, 44.0196], [134.5456, 44.0099], [134.5078, 44.0144], [134.506, 44.0034], [134.4901, 43.9956], [134.4974, 43.9875], [134.4866, 43.9725], [134.4951, 43.9589], [134.4856, 43.9568], [134.4794, 43.9451], [134.4564, 43.9477], [134.4524, 43.9525], [134.4429, 43.9501]]]}}, {"type": "Feature", "properties": {"osm_type": "relation", "osm_id": 999597214, "name": "Partizansky District", "admin_level": "6", "kind": "subdivision_2", "parent_osm_id": 151225, "parent_name": "Primorsky Krai", "parent_iso": "RU-PRI"}, "geometry": {"type": "Polygon", "coordinates": [[[133.2207, 42.7345], [133.2269, 42.7371], [133.2257, 42.7447], [133.2324, 42.7515], [133.2877, 42.7528], [133.2907, 42.758], [133.2855, 42.7671], [133.3007, 42.7748], [133.3013, 42.7932], [133.2806, 42.8027], [133.2712, 42.8142], [133.2587, 42.8064], [133.2387, 42.808], [133.2131, 42.8195], [133.2072, 42.836], [133.1827, 42.8399], [133.1935, 42.8519], [133.1923, 42.8635], [133.1993, 42.8705], [133.2259, 42.869], [133.2608, 42.8952], [133.2615, 42.9032], [133.2805, 42.9114], [133.3164, 42.9154], [133.3157, 42.9214], [133.3223, 42.9238], [133.3222, 42.9311], [133.3299, 42.9378], [133.3191, 42.9415], [133.3268, 42.9585], [133.3157, 42.9744], [133.3203, 42.9915], [133.3269, 42.9981], [133.3168, 43.0152], [133.3395, 43.0251], [133.3495, 43.0199], [133.3559, 43.0238], [133.3814, 43.0227], [133.4052, 43.0315], [133.4137, 43.0422], [133.4251, 43.0394], [133.4515, 43.0508], [133.4689, 43.0469], [133.4893, 43.0585], [133.5, 43.0675], [133.4995, 43.0804], [133.4902, 43.0864], [133.4904, 43.094], [133.5119, 43.121], [133.5253, 43.1307], [133.5566, 43.1333], [133.5709, 43.1474], [133.6011, 43.1479], [133.6271, 43.1609], [133.6314, 43.1775], [133.6708, 43.2172], [133.6688, 43.2276], [133.6956, 43.2397], [133.693, 43.2478], [133.7043, 43.2593], [133.7462, 43.2795], [133.7439, 43.2909], [133.7353, 43.3007], [133.7444, 43.3115], [133.745, 43.3215], [133.7317, 43.3385], [133.7211, 43.3416], [133.7197, 43.3528], [133.7012, 43.3623], [133.7135, 43.3888], [133.6909, 43.3957], [133.6757, 43.4087], [133.6432, 43.4224], [133.5954, 43.4223], [133.573, 43.4343], [133.5738, 43.4442], [133.5822, 43.454], [133.5783, 43.463], [133.5899, 43.4668], [133.5904, 43.4708], [133.5785, 43.4947], [133.5841, 43.5071], [133.5751, 43.5137], [133.5776, 43.5346], [133.5681, 43.5455], [133.5673, 43.5566], [133.5741, 43.5604], [133.5488, 43.5584], [133.5355, 43.5623], [133.5317, 43.5686], [133.5456, 43.5919], [133.5469, 43.6037], [133.5565, 43.6044], [133.5664, 43.6189], [133.5804, 43.6238], [133.5839, 43.6473], [133.561, 43.6514], [133.5639, 43.6641], [133.5474, 43.6692], [133.5409, 43.6832], [133.5026, 43.6932], [133.5107, 43.6993], [133.5026, 43.7104], [133.5172, 43.7263], [133.4997, 43.746], [133.5031, 43.7687], [133.4999, 43.7771], [133.5037, 43.7906], [133.5179, 43.7959], [133.5175, 43.8], [133.5009, 43.8118], [133.442, 43.8124], [133.4312, 43.8174], [133.4163, 43.8374], [133.4092, 43.8266], [133.3914, 43.8199], [133.3941, 43.8115], [133.3905, 43.8032], [133.3822, 43.7988], [133.3622, 43.7997], [133.3537, 43.7923], [133.3285, 43.787], [133.3254, 43.7791], [133.332, 43.7679], [133.3231, 43.7651], [133.3095, 43.749], [133.2678, 43.7395], [133.2442, 43.7516], [133.2363, 43.7427], [133.2219, 43.7432], [133.2122, 43.736], [133.1983, 43.7457], [133.1782, 43.7403], [133.1599, 43.7053], [133.1423, 43.7023], [133.1275, 43.7086], [133.1024, 43.7104], [133.0953, 43.6906], [133.0829, 43.6806], [133.0732, 43.6853], [133.0633, 43.681], [133.0373, 43.6932], [133.0191, 43.6938], [133.0061, 43.6854], [133.0166, 43.6759], [133.013, 43.6727], [133.0229, 43.6555], [133.0111, 43.6234], [133.0044, 43.6173], [133.0203, 43.6036], [133.0182, 43.5944], [133.0298, 43.5904], [133.0252, 43.5577], [133.0397, 43.5492], [133.0305, 43.5414], [133.0148, 43.5373], [133.019, 43.5316], [133.0157, 43.5246], [133.0347, 43.5234], [133.0484, 43.5301], [133.0685, 43.5278], [133.1082, 43.5525], [133.1195, 43.5512], [133.1577, 43.5655], [133.1851, 43.5605], [133.2169, 43.5396], [133.2259, 43.5417], [133.2037, 43.5219], [133.2102, 43.5075], [133.2068, 43.5], [133.2157, 43.4934], [133.2174, 43.4807], [133.2451, 43.4715], [133.2482, 43.4621], [133.2576, 43.4565], [133.2606, 43.4471], [133.256, 43.4365], [133.2628, 43.428], [133.2663, 43.4116], [133.2836, 43.3953], [133.2857, 43.3807], [133.2963, 43.3769], [133.2945, 43.3409], [133.2995, 43.3348], [133.2907, 43.3255], [133.2841, 43.3075], [133.2909, 43.3039], [133.2936, 43.2838], [133.2707, 43.2584], [133.2744, 43.2484], [133.2636, 43.2323], [133.2442, 43.2191], [133.2487, 43.2061], [133.2412, 43.2029], [133.2342, 43.1849], [133.2342, 43.172], [133.255, 43.1623], [133.2463, 43.1579], [133.2373, 43.162], [133.2295, 43.1591], [133.229, 43.1292], [133.2137, 43.1179], [133.1988, 43.1161], [133.201, 43.1119], [133.1831, 43.1031], [133.177, 43.0918], [133.1641, 43.0975], [133.1582, 43.0805], [133.1593, 43.0671], [133.1507, 43.0533], [133.1429, 43.05], [133.1419, 43.0399], [133.1281, 43.044], [133.1189, 43.0392], [133.0888, 43.052], [133.0574, 43.0304], [133.0357, 43.0315], [133.0351, 43.0389], [133.0205, 43.0334], [133.0052, 43.0437], [133.0013, 43.0543], [132.9897, 43.0554], [132.966, 43.0693], [132.9607, 43.0913], [132.9322, 43.1125], [132.9313, 43.1175], [132.9198, 43.1243], [132.9076, 43.12], [132.8923, 43.1264], [132.8553, 43.1044], [132.7992, 43.1064], [132.7902, 43.1023], [132.787, 43.0891], [132.7736, 43.0785], [132.7583, 43.0821], [132.7295, 43.0721], [132.6922, 43.0706], [132.6663, 43.0577], [132.647, 43.0617], [132.6399, 43.0553], [132.6243, 43.0522], [132.5958, 43.0287], [132.591, 43.0173], [132.5704, 43.007], [132.5032, 42.9983], [132.5119, 42.9845], [132.5115, 42.9765], [132.523, 42.9694], [132.5375, 42.9469], [132.5538, 42.9453], [132.5833, 42.9264], [132.6074, 42.9382], [132.6491, 42.9368], [132.6393, 42.9516], [132.6384, 42.9831], [132.6552, 42.9832], [132.6622, 42.9393], [132.6851, 42.9325], [132.6746, 42.9563], [132.7034, 42.9549], [132.7399, 42.9233], [132.7361, 42.9159], [132.7238, 42.9102], [132.726, 42.9047], [132.7366, 42.9101], [132.7563, 42.9062], [132.7597, 42.9103], [132.7767, 42.9032], [132.7853, 42.8911], [132.7751, 42.876], [132.7781, 42.8701], [132.7729, 42.8678], [132.7765, 42.8511], [132.782, 42.852], [132.8001, 42.8403], [132.8055, 42.8321], [132.8134, 42.8294], [132.8467, 42.8381], [132.851, 42.8417], [132.8463, 42.8482], [132.8523, 42.8562], [132.8516, 42.8648], [132.8752, 42.8831], [132.8861, 42.8832], [132.8919, 42.8909], [132.9128, 42.8875], [132.9313, 42.8756], [132.9415, 42.8825], [132.954, 42.8804], [132.9548, 42.8683], [132.975, 42.8706], [132.9722, 42.8608], [132.9832, 42.8589], [132.9941, 42.8495], [132.9854, 42.8392], [132.9872, 42.836], [132.9925, 42.8376], [132.996, 42.8471], [132.995, 42.8384], [133.0046, 42.8409], [132.987, 42.8246], [132.9942, 42.8144], [132.9866, 42.8098], [133.0034, 42.8032], [133.0052, 42.7957], [133.0256, 42.79], [133.0296, 42.7768], [133.0364, 42.7821], [133.0279, 42.7911], [133.0284, 42.7975], [133.0368, 42.8073], [133.0215, 42.8067], [133.0108, 42.8125], [133.0091, 42.8193], [133.0158, 42.8284], [133.0068, 42.84], [133.0342, 42.8314], [133.0436, 42.8175], [133.0919, 42.8004], [133.1091, 42.7833], [133.105, 42.7696], [133.1168, 42.7618], [133.1363, 42.7649], [133.1586, 42.7616], [133.1472, 42.7484], [133.1385, 42.7271], [133.0998, 42.717], [133.0956, 42.7222], [133.0963, 42.7159], [133.0783, 42.7067], [133.0377, 42.7042], [133.0228, 42.6967], [133.0311, 42.6812], [133.0505, 42.6806], [133.0785, 42.6916], [133.0905, 42.6895], [133.0922, 42.683], [133.1099, 42.6883], [133.1297, 42.6873], [133.1177, 42.7073], [133.1336, 42.7111], [133.1886, 42.7483], [133.2023, 42.7384], [133.2207, 42.7345]]]}}, {"type": "Feature", "properties": {"osm_type": "relation", "osm_id": 861623654, "name": "Pozharsky District", "admin_level": "6", "kind": "subdivision_2", "parent_osm_id": 151225, "parent_name": "Primorsky Krai", "parent_iso": "RU-PRI"}, "geometry": {"type": "Polygon", "coordinates": [[[135.2949, 47.1627], [135.2552, 47.1628], [135.2447, 47.1696], [135.2394, 47.182], [135.2334, 47.1821], [135.2306, 47.1646], [135.2165, 47.1613], [135.1958, 47.1698], [135.1919, 47.1814], [135.1664, 47.1853], [135.1651, 47.1908], [135.1407, 47.2034], [135.1046, 47.2056], [135.0888, 47.2143], [135.0729, 47.2043], [135.0632, 47.1897], [135.0167, 47.172], [135.0164, 47.1635], [135.0229, 47.156], [135.0197, 47.1441], [135.0094, 47.1335], [134.9971, 47.1292], [134.9799, 47.1295], [134.9758, 47.138], [134.9636, 47.139], [134.9245, 47.1294], [134.9139, 47.1407], [134.8952, 47.139], [134.8827, 47.143], [134.8756, 47.149], [134.8753, 47.1575], [134.8688, 47.1599], [134.8598, 47.1558], [134.8528, 47.1661], [134.8403, 47.1685], [134.8281, 47.1528], [134.8201, 47.148], [134.8073, 47.1498], [134.8059, 47.144], [134.7736, 47.1239], [134.7605, 47.136], [134.7592, 47.1458], [134.74, 47.1431], [134.7092, 47.1288], [134.6621, 47.1243], [134.6516, 47.1157], [134.6438, 47.1006], [134.634, 47.0963], [134.6455, 47.0693], [134.6285, 47.0616], [134.5913, 47.0628], [134.5878, 47.0543], [134.5733, 47.0495], [134.5667, 47.0408], [134.5695, 47.0294], [134.5655, 47.021], [134.5759, 47.0128], [134.577, 46.9937], [134.5565, 46.9802], [134.5488, 46.9653], [134.533, 46.97], [134.5127, 46.9644], [134.4859, 46.9673], [134.4712, 46.9837], [134.4647, 46.9833], [134.4554, 46.9722], [134.4321, 46.9667], [134.4323, 46.959], [134.4488, 46.9413], [134.4417, 46.9334], [134.4528, 46.9202], [134.4339, 46.8968], [134.4362, 46.8907], [134.4131, 46.8781], [134.4074, 46.861], [134.4224, 46.853], [134.4263, 46.8424], [134.4506, 46.826], [134.45, 46.8079], [134.4631, 46.7981], [134.4623, 46.7851], [134.4731, 46.7719], [134.4504, 46.7496], [134.452, 46.721], [134.4445, 46.7141], [134.4294, 46.717], [134.4228, 46.7119], [134.4327, 46.6975], [134.3877, 46.6754], [134.3575, 46.6755], [134.3388, 46.6855], [134.3099, 46.6735], [134.2536, 46.676], [134.2487, 46.6664], [134.2346, 46.6659], [134.2297, 46.657], [134.2086, 46.6523], [134.1781, 46.6543], [134.1456, 46.6502], [134.1112, 46.6597], [134.0682, 46.6576], [134.0209, 46.635], [134.0056, 46.6549], [133.9825, 46.6329], [133.9131, 46.5962], [133.8865, 46.5263], [133.8655, 46.5123], [133.8647, 46.4996], [133.8415, 46.4723], [133.8475, 46.4444], [133.8908, 46.4468], [133.919, 46.4278], [133.9274, 46.4195], [133.9301, 46.4063], [133.9402, 46.3995], [133.9374, 46.3795], [133.9062, 46.3669], [133.8707, 46.3613], [133.8616, 46.3436], [133.8627, 46.3368], [133.8928, 46.3251], [133.9079, 46.333], [133.9168, 46.331], [133.8996, 46.3012], [133.9125, 46.2726], [133.9107, 46.2635], [133.8985, 46.2554], [133.8536, 46.2486], [133.8558, 46.2426], [133.8702, 46.2385], [133.8723, 46.2305], [133.8564, 46.2244], [133.8465, 46.2031], [133.8314, 46.2006], [133.8255, 46.207], [133.8153, 46.2003], [133.831, 46.1821], [133.8296, 46.1332], [133.868, 46.1252], [133.8771, 46.1287], [133.8772, 46.116], [133.8863, 46.1179], [133.8915, 46.1148], [133.8887, 46.1105], [133.9069, 46.1085], [133.928, 46.1182], [133.9434, 46.1093], [133.9678, 46.1038], [133.9732, 46.1005], [133.9852, 46.0739], [133.9997, 46.0637], [134.0078, 46.0707], [134.0314, 46.077], [134.0492, 46.0687], [134.0905, 46.0703], [134.1272, 46.0564], [134.1326, 46.0596], [134.1304, 46.0651], [134.1407, 46.0729], [134.1384, 46.0768], [134.2001, 46.0821], [134.2031, 46.0743], [134.2334, 46.0755], [134.2359, 46.0846], [134.2256, 46.0839], [134.2296, 46.0899], [134.2401, 46.087], [134.2424, 46.0785], [134.247, 46.0805], [134.2512, 46.0751], [134.2557, 46.08], [134.2507, 46.0835], [134.2547, 46.0848], [134.2765, 46.081], [134.2768, 46.0734], [134.2878, 46.0712], [134.2735, 46.0964], [134.2718, 46.1103], [134.2582, 46.1195], [134.256, 46.1281], [134.2448, 46.1383], [134.2499, 46.1455], [134.2727, 46.1481], [134.2869, 46.171], [134.3218, 46.1737], [134.3298, 46.162], [134.3266, 46.1536], [134.3444, 46.1508], [134.3528, 46.1447], [134.3497, 46.1363], [134.3672, 46.1366], [134.3921, 46.1458], [134.3946, 46.152], [134.4067, 46.1509], [134.4132, 46.1581], [134.4255, 46.1535], [134.4731, 46.1516], [134.4796, 46.1534], [134.4816, 46.1658], [134.4994, 46.1862], [134.5118, 46.1941], [134.5293, 46.1917], [134.5437, 46.1983], [134.5565, 46.1961], [134.5623, 46.2078], [134.5803, 46.2122], [134.5741, 46.2254], [134.5803, 46.2369], [134.5793, 46.2527], [134.6122, 46.2631], [134.6255, 46.2523], [134.6392, 46.2515], [134.6559, 46.239], [134.6703, 46.2444], [134.6768, 46.2522], [134.7138, 46.2609], [134.726, 46.2682], [134.7429, 46.2529], [134.7583, 46.2462], [134.7684, 46.2284], [134.7669, 46.2228], [134.78, 46.2131], [134.8171, 46.2248], [134.8221, 46.2129], [134.8361, 46.2071], [134.8718, 46.2237], [134.8817, 46.2232], [134.8877, 46.23], [134.9287, 46.2296], [134.9409, 46.2167], [134.959, 46.2132], [134.9711, 46.2198], [134.9723, 46.2502], [135.0118, 46.2707], [135.0438, 46.2552], [135.0651, 46.2654], [135.0692, 46.2724], [135.0849, 46.2722], [135.0901, 46.2765], [135.131, 46.2738], [135.1499, 46.2813], [135.1492, 46.2882], [135.1563, 46.2984], [135.1756, 46.2951], [135.2036, 46.3146], [135.26, 46.2924], [135.2684, 46.2792], [135.2868, 46.2714], [135.3193, 46.2757], [135.3233, 46.2847], [135.3324, 46.2849], [135.3371, 46.2904], [135.3639, 46.29], [135.4056, 46.2802], [135.4055, 46.2974], [135.4137, 46.313], [135.4624, 46.3494], [135.4688, 46.3775], [135.4652, 46.386], [135.5279, 46.4141], [135.5381, 46.4237], [135.5579, 46.4199], [135.5805, 46.4303], [135.5767, 46.4446], [135.6035, 46.4631], [135.5892, 46.4763], [135.5901, 46.4859], [135.5849, 46.489], [135.5879, 46.4982], [135.6116, 46.4958], [135.6217, 46.4898], [135.6569, 46.5063], [135.6755, 46.4943], [135.6994, 46.4643], [135.7173, 46.4623], [135.7192, 46.4503], [135.7363, 46.4518], [135.7485, 46.4474], [135.7574, 46.4528], [135.7631, 46.467], [135.775, 46.4745], [135.7763, 46.4828], [135.7934, 46.4825], [135.8027, 46.4753], [135.8227, 46.4713], [135.8267, 46.4864], [135.8532, 46.4865], [135.8698, 46.495], [135.8722, 46.5024], [135.8932, 46.5106], [135.9058, 46.5126], [135.9123, 46.5057], [135.9393, 46.5114], [135.9403, 46.5189], [135.9548, 46.5311], [135.9787, 46.5344], [135.9958, 46.5502], [136.0153, 46.5338], [136.0157, 46.5109], [136.0335, 46.5037], [136.0191, 46.4614], [136.0022, 46.4437], [136.0091, 46.4379], [136.0417, 46.4303], [136.0672, 46.4303], [136.1008, 46.4385], [136.1152, 46.4549], [136.139, 46.4611], [136.1726, 46.428], [136.1837, 46.4308], [136.1922, 46.4265], [136.208, 46.4318], [136.2575, 46.4251], [136.2924, 46.4036], [136.3157, 46.4067], [136.3432, 46.4199], [136.3354, 46.4277], [136.3378, 46.443], [136.3436, 46.4488], [136.3543, 46.4475], [136.361, 46.4376], [136.3673, 46.4429], [136.3906, 46.4456], [136.3984, 46.453], [136.4122, 46.4472], [136.4185, 46.4336], [136.4363, 46.4226], [136.4463, 46.4198], [136.4539, 46.4246], [136.4629, 46.4209], [136.4769, 46.4244], [136.4932, 46.4155], [136.5014, 46.4167], [136.5084, 46.4076], [136.5208, 46.4072], [136.5309, 46.3947], [136.5431, 46.3941], [136.5711, 46.3823], [136.5721, 46.3659], [136.6012, 46.3496], [136.6005, 46.3403], [136.6073, 46.3333], [136.6311, 46.3341], [136.6414, 46.3239], [136.6604, 46.3218], [136.6738, 46.3114], [136.6903, 46.3089], [136.6912, 46.3023], [136.6989, 46.2981], [136.7182, 46.3034], [136.7448, 46.2956], [136.7445, 46.2768], [136.7636, 46.2705], [136.7633, 46.2604], [136.7566, 46.2534], [136.7395, 46.2529], [136.7218, 46.2449], [136.714, 46.23], [136.7188, 46.223], [136.7096, 46.2142], [136.7361, 46.196], [136.7494, 46.1717], [136.7647, 46.1735], [136.786, 46.1883], [136.8091, 46.1831], [136.8621, 46.1913], [136.8755, 46.176], [136.9063, 46.1753], [136.9125, 46.1687], [136.9327, 46.1675], [136.9474, 46.1511], [136.9658, 46.1539], [136.983, 46.1488], [136.9871, 46.143], [137.0061, 46.1368], [137.006, 46.1277], [137.0185, 46.1161], [137.0569, 46.1119], [137.0703, 46.1218], [137.0611, 46.1347], [137.0699, 46.1479], [137.0643, 46.1581], [137.0851, 46.1683], [137.0996, 46.1864], [137.1294, 46.1831], [137.1393, 46.1879], [137.1434, 46.1838], [137.1961, 46.1751], [137.208, 46.1824], [137.2379, 46.18], [137.2614, 46.1734], [137.264, 46.1896], [137.2584, 46.1941], [137.2502, 46.2178], [137.2535, 46.2237], [137.2456, 46.2314], [137.2528, 46.2403], [137.2521, 46.2502], [137.2682, 46.25], [137.2792, 46.2574], [137.2906, 46.2535], [137.2956, 46.2589], [137.3097, 46.255], [137.3311, 46.2602], [137.345, 46.2577], [137.3513, 46.2515], [137.361, 46.2626], [137.3828, 46.2722], [137.3886, 46.2708], [137.39, 46.2653], [137.4024, 46.2665], [137.4043, 46.2792], [137.3994, 46.2877], [137.409, 46.2949], [137.4383, 46.2959], [137.4496, 46.3031], [137.466, 46.3015], [137.4843, 46.3079], [137.4826, 46.3156], [137.5026, 46.3221], [137.5166, 46.3391], [137.5116, 46.3497], [137.522, 46.3762], [137.5412, 46.3916], [137.5341, 46.4006], [137.5371, 46.4127], [137.5648, 46.4248], [137.5728, 46.441], [137.6002, 46.4424], [137.6086, 46.4472], [137.6107, 46.4605], [137.6318, 46.4819], [137.6688, 46.4773], [137.6806, 46.4844], [137.697, 46.5005], [137.6953, 46.5252], [137.7113, 46.5436], [137.741, 46.5463], [137.7606, 46.5618], [137.7885, 46.5553], [137.7986, 46.5482], [137.8224, 46.5531], [137.8328, 46.5601], [137.8702, 46.5591], [137.8627, 46.5733], [137.8645, 46.5811], [137.8335, 46.5938], [137.8036, 46.6196], [137.8415, 46.6714], [137.8685, 46.6791], [137.8763, 46.686], [137.8608, 46.6909], [137.829, 46.7255], [137.8245, 46.7448], [137.8271, 46.76], [137.8192, 46.7839], [137.8261, 46.8046], [137.8195, 46.8192], [137.8222, 46.8401], [137.8187, 46.8461], [137.8003, 46.8521], [137.7916, 46.8724], [137.7782, 46.8858], [137.7806, 46.8996], [137.7874, 46.9084], [137.772, 46.9378], [137.7714, 46.9488], [137.7665, 46.9541], [137.7268, 46.9622], [137.7321, 46.995], [137.7217, 46.9994], [137.7127, 47.0152], [137.7517, 47.044], [137.7372, 47.0458], [137.7102, 47.0621], [137.6881, 47.0868], [137.6636, 47.0914], [137.6624, 47.1047], [137.6738, 47.1114], [137.6814, 47.1253], [137.6505, 47.1381], [137.6491, 47.1445], [137.6608, 47.1495], [137.6478, 47.1567], [137.6433, 47.1758], [137.6497, 47.1823], [137.6487, 47.197], [137.6408, 47.2054], [137.6115, 47.2166], [137.6018, 47.2334], [137.5864, 47.2395], [137.5844, 47.2487], [137.553, 47.2636], [137.5019, 47.2333], [137.4776, 47.2317], [137.469, 47.2252], [137.4652, 47.2094], [137.4162, 47.2157], [137.4131, 47.2099], [137.3928, 47.2017], [137.3356, 47.2123], [137.3324, 47.2293], [137.3055, 47.2423], [137.3017, 47.2536], [137.2862, 47.2578], [137.2804, 47.2812], [137.2571, 47.2798], [137.2475, 47.2874], [137.2232, 47.278], [137.232, 47.2687], [137.2265, 47.2624], [137.1862, 47.2612], [137.1641, 47.2756], [137.1654, 47.2828], [137.1522, 47.2896], [137.11, 47.2949], [137.1063, 47.3023], [137.0976, 47.3049], [137.0777, 47.3029], [137.0373, 47.284], [137.043, 47.2788], [137.0415, 47.2727], [137.0078, 47.2378], [136.9984, 47.1995], [136.9815, 47.1951], [136.9726, 47.1823], [136.9488, 47.1678], [136.9522, 47.1618], [136.9499, 47.1453], [136.9564, 47.1419], [136.9546, 47.1294], [136.9378, 47.117], [136.9466, 47.1094], [136.9474, 47.1001], [136.9351, 47.084], [136.9253, 47.0795], [136.9262, 47.0687], [136.9446, 47.0577], [136.949, 47.0495], [136.9748, 47.0422], [136.9781, 47.0249], [136.9461, 47.0072], [136.9377, 46.9907], [136.9011, 46.9879], [136.8987, 46.9761], [136.8919, 46.9721], [136.8947, 46.9567], [136.8856, 46.9443], [136.872, 46.9497], [136.8442, 46.9482], [136.833, 46.9553], [136.8228, 46.9533], [136.8077, 46.9304], [136.804, 46.9103], [136.7947, 46.9015], [136.7665, 46.8882], [136.7621, 46.8812], [136.7337, 46.885], [136.7308, 46.8761], [136.7397, 46.8628], [136.7382, 46.8571], [136.7246, 46.8581], [136.7039, 46.843], [136.6857, 46.839], [136.6734, 46.846], [136.6533, 46.8348], [136.6417, 46.8345], [136.6338, 46.8249], [136.6382, 46.8144], [136.6189, 46.795], [136.6025, 46.7968], [136.5701, 46.7866], [136.5578, 46.7976], [136.5532, 46.81], [136.5249, 46.8105], [136.5042, 46.8016], [136.4973, 46.8114], [136.4661, 46.8095], [136.4597, 46.8262], [136.4492, 46.829], [136.435, 46.8229], [136.4025, 46.8214], [136.3977, 46.8162], [136.3836, 46.8136], [136.3912, 46.8027], [136.3827, 46.7956], [136.3894, 46.7874], [136.3727, 46.7801], [136.3735, 46.7754], [136.3601, 46.7634], [136.3372, 46.7753], [136.2824, 46.7833], [136.2723, 46.7808], [136.2602, 46.7873], [136.2505, 46.7791], [136.2322, 46.7758], [136.2203, 46.7893], [136.1997, 46.7875], [136.1883, 46.7987], [136.1536, 46.8035], [136.1278, 46.8272], [136.1288, 46.8363], [136.1165, 46.8513], [136.0846, 46.8686], [136.0541, 46.8674], [136.0454, 46.8434], [136.0286, 46.8371], [136.0273, 46.8284], [136.0026, 46.8113], [135.9972, 46.8022], [135.9915, 46.8055], [135.9868, 46.7964], [135.9689, 46.8023], [135.9494, 46.7972], [135.8978, 46.8214], [135.8367, 46.8286], [135.8208, 46.8427], [135.8221, 46.8469], [135.8113, 46.8488], [135.8125, 46.8573], [135.8044, 46.8661], [135.8071, 46.8842], [135.7893, 46.898], [135.7507, 46.9144], [135.7045, 46.9173], [135.709, 46.9312], [135.7374, 46.9435], [135.7524, 46.9422], [135.7555, 46.9456], [135.7545, 46.9629], [135.7359, 46.9676], [135.7099, 46.9632], [135.6909, 46.9668], [135.6688, 46.9629], [135.6534, 46.9532], [135.6335, 46.9585], [135.6088, 46.9496], [135.6044, 46.9587], [135.5909, 46.9608], [135.5838, 46.9771], [135.5745, 46.98], [135.5501, 46.9677], [135.5232, 46.9661], [135.5136, 46.9572], [135.4782, 46.9455], [135.4622, 46.9438], [135.4402, 46.95], [135.4277, 46.9436], [135.4278, 46.9266], [135.3878, 46.9286], [135.3649, 46.9209], [135.3533, 46.923], [135.3444, 46.9298], [135.352, 46.9497], [135.3505, 46.969], [135.361, 46.9799], [135.3741, 46.9747], [135.3996, 46.9742], [135.4036, 46.9849], [135.392, 47.0005], [135.3909, 47.0155], [135.4229, 47.0314], [135.431, 47.0488], [135.3991, 47.0664], [135.3858, 47.0621], [135.3706, 47.0639], [135.3694, 47.0691], [135.3603, 47.0716], [135.3603, 47.0845], [135.3506, 47.0842], [135.3457, 47.0932], [135.3335, 47.0968], [135.3386, 47.1046], [135.3175, 47.1098], [135.2942, 47.1227], [135.2907, 47.1372], [135.3036, 47.1515], [135.2949, 47.1627]]]}}]}