{"type": "FeatureCollection", "parent": {"osm_id": 151231, "name": "Chukotka Autonomous Okrug", "admin_level": "4", "kind": "subdivision_1", "child_kind": "subdivision_2", "iso": "RU-CHU"}, "features": [{"type": "Feature", "properties": {"osm_type": "relation", "osm_id": 301082081, "name": "Pevek urban district", "admin_level": "6", "kind": "subdivision_2", "parent_osm_id": 151231, "parent_name": "Chukotka Autonomous Okrug", "parent_iso": "RU-CHU"}, "geometry": {"type": "MultiPolygon", "coordinates": [[[[168.2373, 69.6357], [168.2587, 69.6415], [168.2501, 69.6427], [168.2532, 69.6485], [168.25, 69.654], [168.2387, 69.6596], [168.2226, 69.6599], [168.2226, 69.6552], [168.2157, 69.6533], [168.2277, 69.6498], [168.2287, 69.6541], [168.2416, 69.6545], [168.2464, 69.652], [168.2402, 69.6503], [168.2459, 69.6438], [168.2248, 69.6452], [168.2254, 69.6493], [168.2094, 69.6458], [168.2092, 69.6417], [168.2373, 69.6357]]], [[[167.2684, 69.5738], [167.2677, 69.5672], [167.256, 69.5586], [167.281, 69.5519], [167.2767, 69.5486], [167.3216, 69.5428], [167.3872, 69.5431], [167.4124, 69.5379], [167.4231, 69.5338], [167.4207, 69.5299], [167.4259, 69.5274], [167.412, 69.5238], [167.4103, 69.5097], [167.4184, 69.506], [167.4753, 69.5005], [167.5075, 69.486], [167.5354, 69.487], [167.4948, 69.3003], [167.4674, 69.3017], [167.418, 69.2916], [167.3932, 69.2932], [167.3704, 69.2812], [167.2855, 69.2651], [167.1766, 69.1593], [167.1517, 69.1472], [167.1357, 69.1469], [167.1374, 69.1406], [167.1449, 69.1382], [167.1333, 69.1352], [167.1251, 69.1424], [167.1147, 69.1421], [167.1055, 69.1396], [167.1093, 69.1354], [167.0963, 69.1331], [167.0862, 69.139], [167.0806, 69.1356], [167.0796, 69.1271], [167.0929, 69.1236], [167.0627, 69.1244], [167.0491, 69.1176], [167.069, 69.1125], [167.0986, 69.1142], [167.1283, 69.103], [167.1977, 69.0962], [167.1914, 69.0893], [167.2274, 69.0785], [167.2347, 69.0656], [167.2902, 69.0536], [167.3066, 69.054], [167.3122, 69.0457], [167.349, 69.0287], [167.3522, 69.0259], [167.3487, 69.0176], [167.3621, 69.0085], [167.4165, 68.9974], [167.4094, 68.9919], [167.4047, 68.9758], [167.441, 68.9612], [167.4281, 68.9494], [167.4699, 68.9368], [167.4648, 68.9315], [167.4852, 68.9209], [167.4819, 68.9165], [167.4872, 68.9044], [167.5055, 68.8952], [167.5042, 68.8863], [167.5433, 68.8677], [167.5416, 68.8611], [167.5578, 68.8578], [167.5585, 68.8533], [167.5686, 68.849], [167.5607, 68.8467], [167.5569, 68.8393], [167.5636, 68.8344], [167.5468, 68.8235], [167.4227, 68.784], [167.242, 68.6756], [167.1499, 68.5011], [167.1455, 68.4568], [167.2125, 68.4303], [167.2729, 68.4312], [167.4469, 68.4116], [167.5084, 68.4226], [167.705, 68.4383], [167.7508, 68.4341], [167.762, 68.4117], [167.5188, 68.3098], [167.4248, 68.2089], [167.4105, 68.1187], [167.5445, 68.0109], [168.0377, 67.7754], [168.3247, 67.7215], [168.511, 67.6545], [168.9452, 67.6349], [169.4901, 67.5388], [169.9589, 67.4996], [170.0523, 67.4694], [170.0995, 67.4083], [170.8026, 67.1781], [171.1099, 67.1747], [171.2097, 67.1986], [171.2561, 67.2508], [171.1661, 67.3514], [171.2447, 67.4015], [171.463, 67.436], [171.5757, 67.4673], [171.9547, 67.6506], [171.9729, 67.7749], [172.0905, 67.8518], [172.198, 67.8474], [172.3659, 67.7982], [173.1218, 67.8662], [173.2485, 67.8968], [173.2877, 67.9433], [173.2566, 67.9995], [173.4564, 68.1185], [173.6911, 68.1584], [173.9909, 68.4389], [173.9786, 68.4729], [173.9883, 68.4777], [173.9822, 68.4857], [173.9929, 68.5019], [173.9792, 68.5169], [173.9808, 68.5265], [173.9683, 68.5357], [173.9671, 68.5453], [173.9282, 68.5568], [173.9072, 68.5741], [173.9137, 68.5818], [173.9009, 68.5871], [173.9069, 68.5934], [173.9016, 68.5986], [173.9171, 68.6052], [173.9161, 68.6131], [173.8812, 68.6238], [173.8678, 68.6384], [173.8461, 68.6441], [173.8412, 68.6517], [173.8527, 68.6551], [173.8581, 68.662], [173.8483, 68.6695], [173.8406, 68.6855], [173.8528, 68.6879], [173.8567, 68.6956], [173.8737, 68.8059], [173.8817, 68.8166], [173.878, 68.8225], [173.9029, 68.8671], [173.9429, 68.8862], [173.9891, 68.8957], [174.0527, 68.9215], [174.1095, 68.9298], [174.1147, 68.9373], [174.1283, 68.9404], [174.1358, 68.9375], [174.1481, 68.9431], [174.1791, 68.9419], [174.227, 68.9489], [174.2302, 68.9458], [174.3099, 68.9623], [174.3497, 68.9579], [174.3834, 68.9624], [174.392, 68.9592], [174.4218, 68.9636], [174.4643, 68.9623], [174.4689, 68.9666], [174.4839, 68.9668], [174.4946, 68.978], [174.5428, 68.9819], [174.5457, 68.9864], [174.5919, 68.9939], [174.5913, 68.9989], [174.6167, 68.9999], [174.6647, 69.0183], [174.6932, 69.018], [174.7556, 69.0385], [174.8122, 69.0442], [174.8408, 69.0651], [174.8561, 69.0701], [174.8555, 69.0766], [174.8702, 69.0975], [174.8967, 69.1034], [174.893, 69.106], [174.8979, 69.1104], [174.9253, 69.1199], [174.92, 69.1286], [174.9277, 69.1352], [174.9559, 69.1417], [174.951, 69.1497], [174.9531, 69.1568], [174.9882, 69.17], [175.0237, 69.1948], [174.9984, 69.2127], [175.0159, 69.2259], [175.018, 69.2341], [175.0021, 69.2489], [175.0049, 69.2678], [174.9375, 69.2922], [174.9359, 69.299], [174.9093, 69.3034], [174.8995, 69.3096], [174.9036, 69.3189], [174.8824, 69.3258], [174.8848, 69.3334], [174.9092, 69.3443], [174.8878, 69.3526], [174.8993, 69.3764], [174.8393, 69.3898], [174.8133, 69.4181], [174.811, 69.4274], [174.7544, 69.4566], [174.8375, 69.4831], [174.8243, 69.4964], [174.8425, 69.5178], [174.837, 69.5292], [174.8046, 69.5364], [174.7792, 69.5506], [174.7608, 69.5507], [174.7437, 69.5651], [174.7867, 69.5766], [174.8782, 69.5901], [174.9007, 69.6017], [174.9123, 69.6004], [174.9054, 69.6051], [174.9162, 69.6083], [174.9122, 69.6095], [174.938, 69.6153], [174.9261, 69.6213], [174.9507, 69.6274], [174.9459, 69.6294], [174.9568, 69.634], [174.9996, 69.6298], [175.0141, 69.634], [175.0147, 69.6299], [175.0382, 69.6338], [175.04, 69.6396], [175.0564, 69.6355], [175.0762, 69.6407], [175.0819, 69.637], [175.1064, 69.6409], [175.1121, 69.6373], [175.1352, 69.6436], [175.1221, 69.6476], [175.1403, 69.6468], [175.1356, 69.6493], [175.1403, 69.65], [175.1538, 69.6471], [175.1491, 69.6439], [175.153, 69.642], [175.1736, 69.6437], [175.1783, 69.6462], [175.1754, 69.648], [175.1585, 69.648], [175.1648, 69.6569], [175.1871, 69.6561], [175.1797, 69.6524], [175.1842, 69.6515], [175.212, 69.6534], [175.1973, 69.6611], [175.223, 69.6639], [175.2281, 69.6732], [175.2338, 69.6727], [175.2307, 69.6681], [175.2516, 69.6688], [175.2494, 69.676], [175.2605, 69.6796], [175.2608, 69.6837], [175.2896, 69.6847], [175.2906, 69.6879], [175.2777, 69.6897], [175.2966, 69.6899], [175.3077, 69.6935], [175.297, 69.6973], [175.3401, 69.7084], [175.331, 69.7138], [175.35, 69.7215], [175.3525, 69.7265], [175.3797, 69.7251], [175.364, 69.731], [175.3773, 69.7343], [175.3704, 69.7389], [175.4209, 69.734], [175.4232, 69.7376], [175.4105, 69.7446], [175.401, 69.7449], [175.4137, 69.7508], [175.4218, 69.7533], [175.4313, 69.7459], [175.4437, 69.7455], [175.4732, 69.756], [175.4665, 69.76], [175.5084, 69.7688], [175.5023, 69.7738], [175.524, 69.7771], [175.5373, 69.771], [175.5427, 69.7765], [175.5332, 69.7882], [175.509, 69.79], [175.4981, 69.7978], [175.5247, 69.8058], [175.5014, 69.8106], [175.4936, 69.8229], [175.4716, 69.8295], [175.6357, 69.8321], [175.737, 69.8248], [175.7545, 69.8131], [175.7354, 69.8061], [175.7443, 69.8016], [175.8348, 69.7843], [175.8597, 69.7836], [175.9344, 69.7648], [176.0177, 69.7711], [176.0667, 69.767], [176.1264, 69.7696], [176.1595, 69.7968], [176.1623, 69.8191], [176.1525, 69.8347], [176.115, 69.8559], [176.1311, 69.8716], [176.0804, 69.8776], [175.9353, 69.866], [175.7493, 69.8782], [175.4851, 69.8648], [175.4402, 69.8583], [175.114, 69.8372], [175.0427, 69.8382], [175.012, 69.8434], [174.8299, 69.8357], [174.7655, 69.8407], [174.6004, 69.842], [174.5173, 69.8491], [174.4998, 69.843], [174.4817, 69.8429], [174.4342, 69.8482], [174.3402, 69.868], [174.3062, 69.8684], [174.2981, 69.8578], [174.1918, 69.8701], [174.1354, 69.8713], [174.1417, 69.8732], [174.1249, 69.876], [174.0924, 69.8749], [174.1039, 69.872], [174.0877, 69.8714], [174.0864, 69.8645], [174.055, 69.8559], [174.0486, 69.8569], [174.0481, 69.8621], [174.0227, 69.8668], [174.0098, 69.8553], [173.9704, 69.8607], [173.9734, 69.8566], [173.9572, 69.8542], [173.9415, 69.857], [173.8879, 69.8456], [173.8879, 69.8408], [173.8726, 69.8431], [173.8723, 69.8376], [173.8068, 69.8508], [173.7903, 69.8633], [173.7641, 69.8643], [173.7452, 69.8545], [173.7466, 69.8476], [173.7427, 69.8456], [173.7457, 69.8415], [173.7534, 69.8423], [173.7501, 69.8379], [173.7568, 69.8335], [173.756, 69.8377], [173.7634, 69.831], [173.7717, 69.8324], [173.7578, 69.8218], [173.7619, 69.8225], [173.7585, 69.8168], [173.766, 69.818], [173.7613, 69.8126], [173.7708, 69.8148], [173.7568, 69.8076], [173.6953, 69.8313], [173.6678, 69.8579], [173.7157, 69.8655], [173.6209, 69.8819], [173.6295, 69.8833], [173.5729, 69.8977], [173.4973, 69.9305], [173.4669, 69.9335], [173.3382, 69.9218], [173.276, 69.9109], [173.2207, 69.8917], [173.1971, 69.8779], [173.1811, 69.8616], [173.1838, 69.8488], [173.1838, 69.8607], [173.1932, 69.8542], [173.2068, 69.853], [173.208, 69.8666], [173.2134, 69.8698], [173.2092, 69.8722], [173.2217, 69.8841], [173.2476, 69.8951], [173.2751, 69.899], [173.2675, 69.9042], [173.2887, 69.9046], [173.2888, 69.8995], [173.3023, 69.8965], [173.3105, 69.8862], [173.3097, 69.8777], [173.3164, 69.8735], [173.3718, 69.8646], [173.411, 69.8526], [173.4241, 69.8415], [173.4542, 69.8301], [173.4903, 69.8271], [173.4932, 69.8254], [173.4865, 69.8168], [173.5183, 69.8192], [173.5096, 69.8137], [173.4785, 69.809], [173.5272, 69.8015], [173.4536, 69.7675], [173.4604, 69.7756], [173.4279, 69.7624], [173.4327, 69.7689], [173.4483, 69.773], [173.3895, 69.7618], [173.4208, 69.7689], [173.3911, 69.7657], [173.38, 69.7701], [173.3896, 69.7744], [173.3746, 69.7713], [173.3633, 69.7618], [173.3579, 69.7499], [173.3609, 69.7436], [173.3771, 69.7383], [173.3505, 69.7439], [173.3644, 69.7355], [173.3511, 69.7358], [173.3378, 69.7273], [173.3449, 69.7353], [173.3628, 69.7381], [173.3298, 69.7483], [173.3214, 69.7666], [173.3254, 69.769], [173.2479, 69.7598], [173.2443, 69.7614], [173.2515, 69.7649], [173.2433, 69.7649], [173.2378, 69.7625], [173.2408, 69.7585], [173.2337, 69.7568], [173.252, 69.7452], [173.2061, 69.7577], [173.2283, 69.7621], [173.2087, 69.7612], [173.2061, 69.7641], [173.2143, 69.7661], [173.1911, 69.7712], [173.1964, 69.777], [173.1954, 69.7864], [173.2063, 69.7856], [173.2056, 69.7895], [173.2143, 69.7906], [173.2428, 69.7887], [173.2461, 69.7972], [173.2528, 69.7991], [173.2973, 69.7988], [173.2582, 69.8045], [173.2316, 69.8223], [173.2046, 69.8238], [173.2246, 69.828], [173.2191, 69.832], [173.2054, 69.8357], [173.1417, 69.831], [173.0328, 69.8461], [172.9196, 69.8822], [172.8463, 69.8966], [172.7932, 69.9153], [172.7914, 69.924], [172.7866, 69.9259], [172.8049, 69.9384], [172.7655, 69.9528], [172.7526, 69.9648], [172.5749, 69.9396], [172.4632, 69.9386], [172.3545, 69.9507], [172.2618, 69.9675], [172.0, 69.9783], [171.8459, 69.9923], [171.69, 70.0163], [171.5881, 70.0241], [171.4256, 70.0525], [171.3481, 70.0571], [171.2379, 70.0558], [170.9856, 70.0877], [170.8545, 70.08], [170.7733, 70.0816], [170.6823, 70.1009], [170.6077, 70.1082], [170.5499, 70.1246], [170.4592, 70.1184], [170.4273, 70.1078], [170.4268, 70.1029], [170.4342, 70.0976], [170.5614, 70.0842], [170.5818, 70.069], [170.5857, 70.0575], [170.5835, 70.0366], [170.5512, 70.0031], [170.5567, 69.9969], [170.5516, 69.9895], [170.5563, 69.9873], [170.5382, 69.9713], [170.5498, 69.9673], [170.547, 69.9534], [170.535, 69.9378], [170.535, 69.9194], [170.5232, 69.908], [170.5531, 69.8981], [170.5715, 69.8822], [170.5692, 69.8674], [170.5754, 69.8593], [170.5664, 69.8076], [170.5849, 69.7951], [170.6037, 69.7649], [170.6098, 69.7634], [170.6119, 69.7715], [170.6223, 69.77], [170.616, 69.7647], [170.6255, 69.7655], [170.6142, 69.7636], [170.6274, 69.762], [170.6277, 69.7551], [170.6234, 69.7529], [170.6224, 69.7583], [170.6174, 69.7518], [170.5981, 69.7477], [170.6047, 69.7438], [170.583, 69.7402], [170.5813, 69.7351], [170.5901, 69.7306], [170.6027, 69.7289], [170.5934, 69.7325], [170.6041, 69.7351], [170.6106, 69.731], [170.6001, 69.7277], [170.5809, 69.7295], [170.5871, 69.7295], [170.5835, 69.733], [170.5692, 69.7355], [170.5781, 69.7359], [170.5812, 69.741], [170.5712, 69.7389], [170.6146, 69.756], [170.6082, 69.7563], [170.6103, 69.7628], [170.5575, 69.74], [170.5017, 69.7265], [170.4649, 69.7225], [170.3966, 69.7256], [170.315, 69.7078], [170.2485, 69.7055], [170.2536, 69.6998], [170.2504, 69.6978], [170.2697, 69.701], [170.2761, 69.6978], [170.2753, 69.6939], [170.2581, 69.6892], [170.2431, 69.6785], [170.2151, 69.6802], [170.1993, 69.6674], [170.1927, 69.6482], [170.1674, 69.6302], [170.1528, 69.6065], [170.1557, 69.5926], [170.2122, 69.5805], [170.2532, 69.5798], [170.3205, 69.5818], [170.4027, 69.5955], [170.5393, 69.5984], [170.5882, 69.5917], [170.6487, 69.5652], [170.6709, 69.5494], [170.6917, 69.5224], [170.6984, 69.4966], [170.6968, 69.4718], [170.6925, 69.4675], [170.7435, 69.456], [170.7655, 69.4441], [170.7704, 69.4233], [170.7604, 69.3751], [170.7678, 69.362], [170.7812, 69.3549], [170.7689, 69.3687], [170.7709, 69.3802], [170.7729, 69.3726], [170.8135, 69.3753], [170.7856, 69.374], [170.7945, 69.3664], [170.8093, 69.3622], [170.8231, 69.3646], [170.8366, 69.3581], [170.89, 69.3194], [170.9006, 69.2996], [170.9271, 69.2799], [170.9313, 69.2725], [170.9287, 69.2409], [170.9312, 69.2344], [170.9363, 69.2342], [170.9101, 69.1846], [170.889, 69.1642], [170.8979, 69.1596], [170.9449, 69.1541], [170.9877, 69.1403], [171.0301, 69.1036], [171.0329, 69.0943], [171.0169, 69.07], [171.0214, 69.0691], [171.0147, 69.0646], [171.0218, 69.0449], [170.9764, 69.0334], [170.9623, 69.0211], [170.965, 69.0181], [170.9498, 69.011], [170.9454, 69.0033], [170.9178, 68.9969], [170.7999, 68.9461], [170.6832, 68.9251], [170.6767, 68.9135], [170.6866, 68.9055], [170.603, 68.8983], [170.5972, 68.8954], [170.6035, 68.8947], [170.5949, 68.8916], [170.5666, 68.8895], [170.555, 68.8776], [170.5227, 68.8763], [170.5216, 68.8692], [170.492, 68.8627], [170.4845, 68.8562], [170.4616, 68.8565], [170.4437, 68.8498], [170.4457, 68.8472], [170.4317, 68.8495], [170.4231, 68.8289], [170.4289, 68.8208], [170.5665, 68.8119], [170.5788, 68.8066], [170.5774, 68.8016], [170.5711, 68.8013], [170.568, 68.809], [170.5201, 68.8118], [170.5121, 68.8075], [170.5215, 68.7964], [170.4241, 68.784], [170.4119, 68.7868], [170.4102, 68.7915], [170.4245, 68.7981], [170.4124, 68.8093], [170.3694, 68.8227], [170.3441, 68.8129], [170.2929, 68.8132], [170.14, 68.7948], [170.0106, 68.7903], [169.9891, 68.7862], [169.9951, 68.7778], [169.9905, 68.7807], [169.9745, 68.7743], [169.9644, 68.7777], [169.9625, 68.7816], [169.971, 68.7844], [169.9641, 68.785], [169.7435, 68.7658], [169.6795, 68.7642], [169.5903, 68.7718], [169.5455, 68.7895], [169.4668, 68.8082], [169.4144, 68.8585], [169.411, 68.865], [169.4212, 68.8706], [169.4102, 68.8817], [169.4106, 68.8893], [169.4415, 68.9214], [169.4451, 68.933], [169.4215, 69.0158], [169.4008, 69.0466], [169.3405, 69.0697], [169.3319, 69.0796], [169.2279, 69.0735], [169.104, 69.087], [169.0864, 69.0928], [169.067, 69.1081], [168.9515, 69.138], [168.8914, 69.1616], [168.738, 69.1891], [168.7128, 69.1987], [168.3525, 69.2053], [168.3047, 69.2192], [168.2589, 69.2425], [168.2659, 69.2453], [168.2301, 69.3017], [168.2225, 69.3326], [168.219, 69.3822], [168.2263, 69.3996], [168.2197, 69.4024], [168.2394, 69.4094], [168.2124, 69.418], [168.2147, 69.423], [168.2414, 69.4238], [168.2421, 69.4338], [168.2679, 69.4668], [168.2626, 69.4712], [168.2691, 69.4723], [168.2763, 69.4859], [168.269, 69.5129], [168.2842, 69.5429], [168.253, 69.5552], [168.1345, 69.5752], [168.0019, 69.622], [167.9682, 69.6362], [167.9627, 69.6431], [167.9514, 69.6369], [167.9535, 69.6393], [167.9469, 69.6396], [167.9538, 69.6418], [167.9358, 69.6442], [167.945, 69.6448], [167.9365, 69.6482], [167.9448, 69.6486], [167.938, 69.6602], [167.9524, 69.648], [167.9775, 69.6459], [167.9824, 69.6544], [167.9876, 69.6571], [167.9893, 69.654], [168.0137, 69.6728], [168.0506, 69.6861], [168.0933, 69.6764], [168.0847, 69.668], [168.0938, 69.6662], [168.0888, 69.6687], [168.1005, 69.6728], [168.0987, 69.6808], [168.0609, 69.7116], [168.0666, 69.7207], [168.0555, 69.7278], [168.0708, 69.724], [168.0751, 69.7285], [168.0538, 69.7394], [168.0626, 69.7392], [168.0541, 69.745], [167.9874, 69.753], [167.9549, 69.7602], [167.9448, 69.7678], [167.9156, 69.7704], [167.9031, 69.7711], [167.9008, 69.7678], [167.9157, 69.7683], [167.9117, 69.7633], [167.8842, 69.7569], [167.7925, 69.7676], [167.733, 69.7641], [167.657, 69.7297], [167.6346, 69.7224], [167.6736, 69.7443], [167.6085, 69.711], [167.2684, 69.5738]]], [[[170.0488, 69.6876], [170.1056, 69.6864], [170.087, 69.6895], [170.092, 69.6971], [170.0852, 69.7011], [170.0643, 69.7039], [170.0354, 69.6939], [170.0488, 69.6876]]], [[[170.0993, 69.7222], [170.1185, 69.7037], [170.1262, 69.7019], [170.2005, 69.74], [170.2279, 69.7653], [170.2249, 69.7713], [170.2356, 69.7738], [170.3087, 69.767], [170.21, 69.7755], [170.0861, 69.7656], [169.9718, 69.733], [170.0189, 69.7476], [170.0035, 69.7372], [170.018, 69.7284], [170.0756, 69.728], [170.0993, 69.7222]]], [[[173.3436, 69.7454], [173.3447, 69.7515], [173.3589, 69.7635], [173.362, 69.7756], [173.3429, 69.7747], [173.3389, 69.7703], [173.3341, 69.7503], [173.3436, 69.7454]]], [[[167.7394, 69.7793], [167.7787, 69.7887], [167.7812, 69.7994], [167.7691, 69.7975], [167.7394, 69.7793]]], [[[169.1727, 69.9412], [169.2011, 69.9266], [169.2238, 69.9209], [169.3243, 69.913], [169.3733, 69.898], [169.3012, 69.9202], [169.1727, 69.9412]]], [[[168.7501, 69.5737], [168.9107, 69.556], [168.9842, 69.5573], [169.0361, 69.5654], [169.1833, 69.5536], [169.241, 69.5858], [169.3031, 69.6494], [169.3016, 69.6648], [169.2882, 69.6979], [169.263, 69.7127], [169.2832, 69.7229], [169.3178, 69.7262], [169.2946, 69.7341], [169.2681, 69.7541], [169.2875, 69.7625], [169.3107, 69.7566], [169.3959, 69.7537], [169.4104, 69.7593], [169.4124, 69.7636], [169.4058, 69.7709], [169.4236, 69.7763], [169.426, 69.7824], [169.452, 69.7951], [169.4573, 69.8078], [169.4509, 69.8146], [169.4582, 69.8139], [169.4477, 69.8359], [169.4537, 69.8388], [169.4396, 69.8427], [169.4445, 69.8439], [169.4302, 69.8571], [169.2659, 69.8824], [169.2303, 69.8938], [169.1283, 69.8975], [169.0929, 69.911], [169.0597, 69.9126], [169.0414, 69.9258], [169.0054, 69.9208], [169.0006, 69.9229], [169.0032, 69.9285], [168.9858, 69.9274], [168.969, 69.9328], [168.9612, 69.9312], [168.9604, 69.9269], [168.9247, 69.9236], [168.8663, 69.9263], [168.8368, 69.9381], [168.8056, 69.9589], [168.7239, 69.9822], [168.6376, 69.9963], [168.5256, 70.0286], [168.4675, 70.0336], [168.1808, 70.0017], [168.1071, 69.9836], [167.9279, 69.9117], [167.846, 69.86], [167.7906, 69.8115], [167.8243, 69.7953], [167.896, 69.7865], [167.888, 69.7846], [167.8945, 69.7836], [167.922, 69.7842], [168.099, 69.748], [168.1128, 69.7358], [168.1097, 69.7282], [168.124, 69.7065], [168.1681, 69.6793], [168.1962, 69.6749], [168.1988, 69.6779], [168.194, 69.6802], [168.1985, 69.6806], [168.3525, 69.6413], [168.4198, 69.6319], [168.5179, 69.6086], [168.5804, 69.6036], [168.6099, 69.5928], [168.7501, 69.5737]]]]}}, {"type": "Feature", "properties": {"osm_type": "relation", "osm_id": 386942209, "name": "Bilibinsky District", "admin_level": "6", "kind": "subdivision_2", "parent_osm_id": 151231, "parent_name": "Chukotka Autonomous Okrug", "parent_iso": "RU-CHU"}, "geometry": {"type": "MultiPolygon", "coordinates": [[[[166.6116, 69.4536], [166.6322, 69.4663], [166.5826, 69.4647], [166.5899, 69.4564], [166.6116, 69.4536]]], [[[163.2648, 64.6933], [163.2607, 64.7045], [163.2663, 64.7099], [163.2647, 64.7138], [163.2458, 64.7148], [163.2269, 64.7239], [163.2125, 64.723], [163.2099, 64.7293], [163.2135, 64.733], [163.1872, 64.7361], [163.1842, 64.7418], [163.1693, 64.7404], [163.166, 64.7459], [163.1702, 64.7629], [163.1356, 64.7671], [163.1294, 64.7761], [163.1327, 64.7866], [163.1259, 64.7931], [163.1415, 64.7933], [163.1602, 64.8026], [163.2076, 64.8138], [163.2666, 64.7972], [163.3172, 64.806], [163.3635, 64.8016], [163.3549, 64.8152], [163.4153, 64.8379], [163.4183, 64.8439], [163.4153, 64.8563], [163.4916, 64.8701], [163.4915, 64.8778], [163.4975, 64.8804], [163.4905, 64.8832], [163.4956, 64.8871], [163.4909, 64.8994], [163.4953, 64.9017], [163.4959, 64.9113], [163.5449, 64.9286], [163.5546, 64.9272], [163.5514, 64.9208], [163.5638, 64.9139], [163.5766, 64.9153], [163.5788, 64.9216], [163.6095, 64.9228], [163.6431, 64.9102], [163.6353, 64.9025], [163.6416, 64.8935], [163.6779, 64.885], [163.6891, 64.8911], [163.7574, 64.8859], [163.7765, 64.8864], [163.7901, 64.8933], [163.8059, 64.8922], [163.8105, 64.8901], [163.801, 64.8818], [163.8258, 64.8739], [163.8292, 64.8663], [163.8249, 64.864], [163.8289, 64.8616], [163.9077, 64.848], [163.9452, 64.8646], [163.973, 64.8548], [163.9909, 64.8577], [163.992, 64.8621], [164.0051, 64.8669], [164.0446, 64.8676], [164.0529, 64.8739], [164.0582, 64.8942], [164.065, 64.8976], [164.1291, 64.8911], [164.151, 64.8931], [164.1625, 64.9008], [164.1671, 64.9219], [164.1932, 64.9198], [164.2019, 64.929], [164.2247, 64.9375], [164.2318, 64.9346], [164.2341, 64.9242], [164.27, 64.927], [164.2754, 64.9111], [164.3341, 64.9033], [164.3602, 64.8926], [164.3628, 64.8862], [164.4051, 64.8817], [164.409, 64.8779], [164.4234, 64.8799], [164.4498, 64.8726], [164.4718, 64.8748], [164.4788, 64.8655], [164.4768, 64.8622], [164.5202, 64.8458], [164.5164, 64.825], [164.586, 64.8176], [164.6076, 64.7955], [164.6238, 64.7948], [164.6263, 64.8095], [164.6437, 64.8136], [164.6491, 64.806], [164.6731, 64.804], [164.6835, 64.7916], [164.6963, 64.7903], [164.7052, 64.7803], [164.7197, 64.7743], [164.8003, 64.7672], [164.8029, 64.7606], [164.8123, 64.7585], [164.8067, 64.7467], [164.8455, 64.7319], [164.8692, 64.7144], [164.8561, 64.7033], [164.8626, 64.6816], [164.8798, 64.6854], [164.8925, 64.6755], [164.9104, 64.6728], [164.9226, 64.6748], [164.932, 64.6829], [164.9569, 64.6844], [164.9718, 64.6826], [164.9867, 64.673], [165.0126, 64.6759], [165.0068, 64.6826], [165.0122, 64.6866], [165.013, 64.6954], [165.008, 64.7046], [165.0114, 64.7138], [165.0075, 64.7252], [165.0289, 64.7289], [165.0227, 64.735], [165.0348, 64.7396], [165.0387, 64.7473], [165.0106, 64.7666], [165.0178, 64.7716], [165.0146, 64.7815], [165.0061, 64.787], [165.0204, 64.8111], [165.0122, 64.8167], [165.0188, 64.8221], [165.0051, 64.8305], [165.0121, 64.8346], [165.0788, 64.8464], [165.0902, 64.8428], [165.1136, 64.8485], [165.1235, 64.8462], [165.1372, 64.8546], [165.1663, 64.8443], [165.1681, 64.8374], [165.1914, 64.8467], [165.235, 64.8332], [165.2306, 64.8309], [165.2936, 64.8262], [165.3031, 64.8306], [165.3017, 64.8538], [165.3209, 64.8508], [165.345, 64.8633], [165.3978, 64.8544], [165.4165, 64.8584], [165.4229, 64.865], [165.4362, 64.8638], [165.4489, 64.8696], [165.4467, 64.8798], [165.4184, 64.8883], [165.4261, 64.8966], [165.3934, 64.8931], [165.3818, 64.91], [165.3521, 64.9201], [165.357, 64.924], [165.3824, 64.9247], [165.3922, 64.9195], [165.4128, 64.9266], [165.4395, 64.9266], [165.4517, 64.9419], [165.4509, 64.9531], [165.4419, 64.9665], [165.3951, 64.9793], [165.3981, 64.9938], [165.4049, 64.9962], [165.4049, 65.0048], [165.413, 65.0107], [165.4108, 65.0148], [165.4278, 65.0201], [165.4609, 65.0511], [165.478, 65.0532], [165.4651, 65.0602], [165.4697, 65.0651], [165.5155, 65.0733], [165.5402, 65.0883], [165.5385, 65.0961], [165.5745, 65.1039], [165.5846, 65.1197], [165.6155, 65.1244], [165.6162, 65.144], [165.5986, 65.1439], [165.5691, 65.1522], [165.54, 65.1501], [165.5126, 65.1633], [165.4891, 65.1581], [165.4675, 65.1673], [165.4532, 65.1661], [165.4402, 65.1875], [165.3927, 65.1784], [165.3791, 65.1697], [165.3346, 65.1588], [165.3056, 65.1677], [165.3023, 65.1724], [165.3188, 65.1779], [165.321, 65.1875], [165.3267, 65.1897], [165.3834, 65.1984], [165.3866, 65.2029], [165.3682, 65.218], [165.3841, 65.2235], [165.3848, 65.2369], [165.3922, 65.2485], [165.3908, 65.2591], [165.4309, 65.2627], [165.4367, 65.2744], [165.4318, 65.2876], [165.44, 65.2893], [165.4563, 65.2762], [165.4864, 65.2736], [165.4878, 65.2835], [165.5166, 65.2827], [165.5221, 65.2948], [165.5634, 65.3079], [165.5679, 65.3187], [165.5488, 65.3231], [165.5541, 65.3357], [165.6037, 65.3588], [165.6073, 65.3738], [165.664, 65.3921], [165.6906, 65.4341], [165.6863, 65.4778], [165.7233, 65.523], [165.6552, 65.5628], [165.5926, 65.5873], [165.5846, 65.601], [165.4905, 65.5912], [165.3905, 65.6541], [165.5901, 65.7237], [165.6269, 65.7577], [165.6735, 65.7656], [165.8425, 65.733], [165.8605, 65.7469], [165.8384, 65.7953], [165.863, 65.8209], [165.8307, 65.8376], [165.8526, 65.8713], [165.8999, 65.8708], [165.9336, 65.8982], [165.9908, 65.9128], [166.016, 65.945], [166.1807, 66.0113], [166.1632, 66.0544], [166.2356, 66.1085], [166.2362, 66.1521], [166.2017, 66.2105], [166.2952, 66.236], [166.3387, 66.2657], [166.6353, 66.272], [166.666, 66.2875], [166.7255, 66.2439], [166.7754, 66.2397], [166.7943, 66.2191], [166.8407, 66.2061], [166.8465, 66.1794], [167.05, 66.1808], [167.1992, 66.2454], [167.1952, 66.2678], [167.2443, 66.2746], [167.4382, 66.263], [167.5121, 66.2818], [167.6156, 66.2677], [167.6416, 66.2496], [167.7387, 66.2804], [167.8272, 66.2704], [167.9876, 66.2988], [168.0877, 66.3401], [168.0785, 66.3492], [168.1368, 66.3933], [168.1878, 66.4079], [168.4238, 66.4006], [168.4772, 66.4333], [168.7635, 66.4619], [168.8917, 66.5374], [168.956, 66.5378], [168.9678, 66.5684], [168.9347, 66.5806], [169.0135, 66.6453], [168.975, 66.6429], [168.9127, 66.6684], [169.1299, 66.7274], [169.15, 66.774], [169.3732, 66.752], [169.6463, 66.8629], [169.7324, 66.8697], [169.7762, 66.8401], [169.8487, 66.8308], [170.1506, 66.852], [170.1805, 66.8636], [170.3379, 66.8557], [170.41, 66.8678], [170.568, 66.8685], [170.7286, 66.8949], [170.6364, 66.944], [170.4646, 66.9649], [170.4611, 66.9843], [170.5075, 67.0098], [170.5207, 67.052], [170.6708, 67.0704], [170.7226, 67.0597], [170.8016, 67.1015], [170.8736, 67.1081], [170.8026, 67.1781], [170.0995, 67.4083], [170.0523, 67.4694], [169.9589, 67.4996], [169.4901, 67.5388], [168.9452, 67.6349], [168.511, 67.6545], [168.3247, 67.7215], [168.0377, 67.7754], [167.5445, 68.0109], [167.4105, 68.1187], [167.4248, 68.2089], [167.5188, 68.3098], [167.762, 68.4117], [167.7508, 68.4341], [167.705, 68.4383], [167.5084, 68.4226], [167.4469, 68.4116], [167.2729, 68.4312], [167.2125, 68.4303], [167.1455, 68.4568], [167.1499, 68.5011], [167.242, 68.6756], [167.4227, 68.784], [167.5468, 68.8235], [167.5636, 68.8344], [167.5569, 68.8393], [167.5684, 68.8512], [167.5585, 68.8533], [167.5578, 68.8578], [167.5462, 68.8579], [167.5416, 68.8611], [167.5433, 68.8677], [167.5042, 68.8863], [167.5055, 68.8952], [167.4872, 68.9044], [167.4819, 68.9165], [167.4852, 68.9209], [167.4648, 68.9315], [167.4699, 68.9368], [167.4281, 68.9494], [167.441, 68.9612], [167.4047, 68.9758], [167.4094, 68.9919], [167.4165, 68.9974], [167.3621, 69.0085], [167.3487, 69.0176], [167.3522, 69.0259], [167.349, 69.0287], [167.3122, 69.0457], [167.3066, 69.054], [167.2902, 69.0536], [167.2347, 69.0656], [167.2274, 69.0785], [167.1914, 69.0893], [167.1977, 69.0962], [167.1283, 69.103], [167.0986, 69.1142], [167.069, 69.1125], [167.0491, 69.1176], [167.0627, 69.1244], [167.0929, 69.1236], [167.0796, 69.1271], [167.0806, 69.1356], [167.0862, 69.139], [167.0963, 69.1331], [167.1093, 69.1354], [167.1055, 69.1396], [167.1147, 69.1421], [167.1251, 69.1424], [167.1333, 69.1352], [167.1449, 69.1382], [167.1374, 69.1406], [167.1357, 69.1469], [167.1517, 69.1472], [167.1766, 69.1593], [167.2855, 69.2651], [167.3704, 69.2812], [167.3932, 69.2932], [167.418, 69.2916], [167.4674, 69.3017], [167.4948, 69.3003], [167.5354, 69.487], [167.5075, 69.486], [167.4753, 69.5005], [167.4184, 69.506], [167.4103, 69.5097], [167.412, 69.5238], [167.4259, 69.5274], [167.4207, 69.5299], [167.4231, 69.5338], [167.4124, 69.5379], [167.3872, 69.5431], [167.3216, 69.5428], [167.2767, 69.5486], [167.281, 69.5519], [167.256, 69.5586], [167.2677, 69.5672], [167.2684, 69.5738], [167.2156, 69.5545], [167.2416, 69.5616], [167.2322, 69.5556], [167.2412, 69.5508], [167.2204, 69.548], [167.2155, 69.5427], [167.1899, 69.5431], [167.1455, 69.5265], [167.1207, 69.5234], [167.091, 69.5108], [167.0028, 69.489], [166.9796, 69.4778], [166.9215, 69.4762], [166.9109, 69.4722], [166.9072, 69.4633], [166.7902, 69.4654], [166.7339, 69.4725], [166.7306, 69.4769], [166.6983, 69.4829], [166.6887, 69.4816], [166.6665, 69.4673], [166.6372, 69.4652], [166.6064, 69.452], [166.5858, 69.4588], [166.5543, 69.4564], [166.5446, 69.463], [166.5228, 69.4646], [166.5276, 69.4701], [166.5937, 69.4777], [166.5996, 69.4837], [166.5746, 69.4904], [166.571, 69.4927], [166.5776, 69.4962], [166.6097, 69.4963], [166.6173, 69.5005], [166.6462, 69.4966], [166.697, 69.5029], [166.7192, 69.5064], [166.7157, 69.5087], [166.7294, 69.5071], [166.7095, 69.5129], [166.5756, 69.4992], [166.4948, 69.4969], [166.2366, 69.5058], [166.0751, 69.5241], [165.9158, 69.5559], [165.8067, 69.5704], [165.4577, 69.5706], [165.2421, 69.5898], [164.9559, 69.5605], [164.8681, 69.5589], [164.6075, 69.5772], [164.5554, 69.5836], [164.467, 69.6035], [164.2953, 69.6566], [164.2694, 69.6605], [164.1886, 69.6996], [164.1817, 69.7054], [164.1929, 69.7021], [164.181, 69.7062], [164.1706, 69.7181], [164.1747, 69.7243], [164.1322, 69.7466], [164.0168, 69.754], [163.9889, 69.7494], [163.9908, 69.7455], [163.9709, 69.7419], [163.9547, 69.7277], [163.9128, 69.708], [163.8702, 69.6937], [163.7843, 69.6772], [163.6604, 69.6706], [163.4889, 69.6738], [163.3797, 69.6968], [163.3011, 69.7049], [163.2006, 69.6993], [163.0809, 69.6716], [162.9114, 69.653], [162.8963, 69.6423], [162.877, 69.6364], [162.787, 69.6408], [162.7838, 69.6363], [162.7642, 69.6339], [162.7354, 69.6357], [162.6316, 69.6648], [162.5875, 69.6711], [162.5498, 69.6662], [162.5367, 69.6581], [162.4704, 69.6556], [162.4653, 69.649], [162.4881, 69.6369], [162.4888, 69.6327], [162.4558, 69.6236], [162.4199, 69.6244], [162.3783, 69.616], [162.348, 69.5961], [162.3241, 69.591], [162.3733, 69.5819], [162.3946, 69.5718], [162.4141, 69.5555], [162.4126, 69.5494], [162.3423, 69.549], [162.3464, 69.5423], [162.3429, 69.532], [162.3223, 69.5285], [162.3575, 69.4979], [162.4171, 69.4708], [162.4321, 69.4542], [162.4062, 69.4249], [162.3591, 69.4178], [162.3479, 69.4082], [162.4555, 69.3809], [162.4957, 69.3833], [162.5095, 69.3769], [162.5428, 69.3737], [162.5457, 69.3552], [162.5272, 69.3468], [162.5243, 69.3421], [162.5283, 69.3348], [162.5135, 69.3285], [162.5342, 69.3163], [162.563, 69.2888], [162.5846, 69.2851], [162.6433, 69.2582], [162.699, 69.244], [162.6966, 69.2369], [162.7248, 69.2233], [162.7257, 69.2082], [162.7347, 69.1999], [162.7499, 69.1964], [162.7725, 69.1814], [162.8265, 69.1836], [162.8198, 69.1749], [162.7936, 69.1711], [162.7648, 69.1546], [162.715, 69.154], [162.6889, 69.1464], [162.6796, 69.1333], [162.6853, 69.1238], [162.6249, 69.124], [162.5319, 69.1056], [162.5314, 69.0987], [162.5365, 69.0955], [162.5114, 69.0841], [162.5235, 69.0784], [162.5108, 69.0676], [162.5189, 69.0637], [162.5275, 69.0473], [162.5609, 69.0453], [162.5771, 69.0353], [162.5514, 69.0217], [162.5572, 68.9982], [162.5397, 68.9826], [162.5795, 68.9612], [162.6232, 68.9562], [162.6635, 68.9459], [162.669, 68.939], [162.7265, 68.9285], [162.7347, 68.9203], [162.7518, 68.9172], [162.7739, 68.9033], [162.7618, 68.884], [162.7636, 68.8802], [162.7988, 68.8547], [162.8492, 68.8427], [162.8552, 68.8312], [162.7994, 68.8229], [162.7727, 68.8069], [162.7672, 68.789], [162.7495, 68.7829], [162.7513, 68.7757], [162.7381, 68.7699], [162.6727, 68.7689], [162.6182, 68.7779], [162.5916, 68.7776], [162.5861, 68.7585], [162.5908, 68.7483], [162.5885, 68.7416], [162.6005, 68.7288], [162.5922, 68.7254], [162.5912, 68.7139], [162.6086, 68.6996], [162.6032, 68.6854], [162.6211, 68.6776], [162.6401, 68.6774], [162.6528, 68.6669], [162.6664, 68.663], [162.7096, 68.6582], [162.7242, 68.6241], [162.7197, 68.6139], [162.7248, 68.6119], [162.7259, 68.6015], [162.7517, 68.584], [162.7239, 68.5738], [162.7223, 68.5611], [162.7135, 68.5557], [162.6645, 68.5358], [162.6655, 68.5276], [162.6561, 68.5236], [162.6514, 68.5123], [162.6183, 68.5011], [162.5903, 68.4999], [162.5638, 68.4833], [162.6001, 68.4636], [162.6096, 68.4541], [162.6166, 68.4373], [162.5949, 68.4164], [162.574, 68.4089], [162.556, 68.3931], [162.5465, 68.3657], [162.5313, 68.3536], [162.5403, 68.3461], [162.5395, 68.3384], [162.548, 68.333], [162.5114, 68.3171], [162.4929, 68.3162], [162.4646, 68.3067], [162.4634, 68.2926], [162.4475, 68.2841], [162.3954, 68.2743], [162.3626, 68.2802], [162.3553, 68.2868], [162.3129, 68.2932], [162.3097, 68.3002], [162.2932, 68.3055], [162.2644, 68.3042], [162.206, 68.3159], [162.2028, 68.3214], [162.2089, 68.3242], [162.1945, 68.3346], [162.0546, 68.3381], [162.0188, 68.3524], [161.9805, 68.3595], [161.9567, 68.3597], [161.8937, 68.3403], [161.8323, 68.3549], [161.8039, 68.3527], [161.8019, 68.3481], [161.7577, 68.352], [161.714, 68.3453], [161.6848, 68.3563], [161.6766, 68.3683], [161.6441, 68.3757], [161.6049, 68.377], [161.5838, 68.3726], [161.5631, 68.3776], [161.5369, 68.3739], [161.4497, 68.3779], [161.333, 68.37], [161.3145, 68.3616], [161.1999, 68.3417], [161.137, 68.3147], [161.0688, 68.3023], [161.0288, 68.2844], [160.9552, 68.2724], [160.8622, 68.27], [160.8022, 68.2592], [160.7553, 68.2584], [160.7524, 68.2535], [160.7317, 68.248], [160.6756, 68.2541], [160.5724, 68.2452], [160.4747, 68.2493], [160.4531, 68.2479], [160.4392, 68.2417], [160.4379, 68.2465], [160.4245, 68.2488], [160.3935, 68.2387], [160.344, 68.2511], [160.316, 68.2488], [160.2769, 68.255], [160.2712, 68.2599], [160.2168, 68.2593], [160.1851, 68.2646], [160.1574, 68.2593], [160.1311, 68.2639], [160.1074, 68.2597], [160.07, 68.2673], [160.0264, 68.2633], [159.9968, 68.2519], [159.9707, 68.2517], [159.9399, 68.2598], [159.8713, 68.2506], [159.85, 68.2536], [159.8275, 68.2482], [159.8124, 68.2344], [159.7929, 68.2262], [159.7928, 68.2199], [159.8109, 68.2105], [159.8121, 68.2058], [159.7876, 68.2028], [159.7871, 68.1973], [159.8055, 68.1893], [159.7625, 68.18], [159.7239, 68.1822], [159.7289, 68.1903], [159.7196, 68.1926], [159.7208, 68.196], [159.6843, 68.2036], [159.6814, 68.2096], [159.6596, 68.2166], [159.6566, 68.2228], [159.6331, 68.2221], [159.6106, 68.2109], [159.5962, 68.214], [159.573, 68.2079], [159.5629, 68.2144], [159.5356, 68.2089], [159.5196, 68.2116], [159.4799, 68.2022], [159.4768, 68.1982], [159.4804, 68.1954], [159.4673, 68.1938], [159.4551, 68.2001], [159.4369, 68.2008], [159.4214, 68.1967], [159.4233, 68.1914], [159.4176, 68.1866], [159.3967, 68.1902], [159.3669, 68.1875], [159.3651, 68.1935], [159.3522, 68.1986], [159.34, 68.1891], [159.2449, 68.1898], [159.2227, 68.1803], [159.2214, 68.1732], [159.2119, 68.1681], [159.1819, 68.1655], [159.1493, 68.1695], [159.1365, 68.1635], [159.1161, 68.1651], [159.069, 68.1564], [159.0716, 68.1529], [159.0501, 68.1484], [159.0321, 68.1491], [158.9805, 68.1239], [158.937, 68.1202], [158.898, 68.1018], [158.8063, 68.122], [158.7683, 68.1081], [158.7267, 68.1165], [158.7055, 68.1137], [158.6642, 68.1279], [158.6511, 68.1279], [158.5025, 68.0922], [158.4152, 68.0774], [158.3981, 68.0812], [158.3735, 68.0776], [158.38, 68.0706], [158.3738, 68.0636], [158.3251, 68.0606], [158.3267, 68.05], [158.3001, 68.0479], [158.2982, 68.0367], [158.2918, 68.0345], [158.3092, 68.0188], [158.2978, 68.0129], [158.3005, 68.0034], [158.2735, 67.9982], [158.2776, 67.9957], [158.2695, 67.9902], [158.276, 67.9847], [158.2533, 67.9665], [158.235, 67.9641], [158.2353, 67.9589], [158.2245, 67.9552], [158.2273, 67.9508], [158.2134, 67.9405], [158.2159, 67.9348], [158.1879, 67.9308], [158.1911, 67.9242], [158.1036, 67.914], [158.0978, 67.9095], [158.0964, 67.8865], [158.0797, 67.875], [158.0568, 67.8735], [158.0811, 67.8655], [158.0783, 67.8528], [158.0847, 67.8424], [158.0819, 67.8362], [158.106, 67.8217], [158.1487, 67.8252], [158.1818, 67.8196], [158.2123, 67.8302], [158.259, 67.8207], [158.2901, 67.8016], [158.2938, 67.7851], [158.3188, 67.7733], [158.3205, 67.7677], [158.3147, 67.758], [158.3587, 67.7363], [158.3639, 67.7242], [158.31, 67.7224], [158.2392, 67.7087], [158.1823, 67.7147], [158.1654, 67.7057], [158.1699, 67.6948], [158.1448, 67.702], [158.1154, 67.697], [158.1156, 67.7103], [158.0833, 67.7181], [158.0328, 67.7116], [157.9842, 67.7119], [157.942, 67.724], [157.9375, 67.718], [157.8882, 67.7032], [157.8836, 67.6941], [157.8605, 67.6929], [157.8101, 67.6746], [157.8481, 67.6595], [157.8096, 67.6448], [157.7776, 67.6223], [157.7735, 67.6023], [157.7578, 67.5922], [157.783, 67.5747], [157.7441, 67.5576], [157.7439, 67.5452], [157.7372, 67.5357], [157.7437, 67.5237], [157.7308, 67.5167], [157.7509, 67.5096], [157.7622, 67.5], [157.7994, 67.4891], [157.788, 67.4764], [157.7954, 67.4707], [157.7894, 67.4626], [157.7931, 67.449], [157.807, 67.4428], [157.8848, 67.4319], [157.9093, 67.4194], [157.8986, 67.4132], [157.8992, 67.3994], [157.871, 67.3849], [157.8589, 67.3718], [157.8449, 67.3691], [157.8475, 67.3626], [157.8077, 67.3515], [157.8218, 67.3392], [157.8426, 67.3333], [157.8114, 67.3083], [157.8391, 67.2861], [157.8805, 67.2839], [157.9243, 67.2595], [157.9234, 67.2546], [157.9387, 67.2585], [157.9734, 67.255], [158.0026, 67.2472], [158.0159, 67.2386], [158.0166, 67.2337], [158.0512, 67.2275], [158.0932, 67.2277], [158.1074, 67.2204], [158.11, 67.2139], [158.1711, 67.1989], [158.1606, 67.1893], [158.1848, 67.1856], [158.199, 67.172], [158.2095, 67.1737], [158.2412, 67.1659], [158.2485, 67.1577], [158.2426, 67.1447], [158.2779, 67.1507], [158.3117, 67.1393], [158.3249, 67.1426], [158.336, 67.1283], [158.3809, 67.1012], [158.4387, 67.1034], [158.5139, 67.0794], [158.5567, 67.0763], [158.5743, 67.0704], [158.5741, 67.0647], [158.6262, 67.0567], [158.6436, 67.0627], [158.6634, 67.0498], [158.714, 67.0374], [158.7473, 67.0211], [158.7371, 67.0172], [158.743, 67.0075], [158.7401, 67.0028], [158.7815, 66.9899], [158.7821, 66.9793], [158.8118, 66.9628], [158.8136, 66.9377], [158.7838, 66.9308], [158.7821, 66.9248], [158.7859, 66.9161], [158.81, 66.9064], [158.7961, 66.9028], [158.7873, 66.8939], [158.8412, 66.8713], [158.8632, 66.8696], [158.8609, 66.8542], [158.8819, 66.8434], [158.8471, 66.8372], [158.8573, 66.8266], [158.8582, 66.8174], [158.8935, 66.8038], [158.9033, 66.7911], [158.9202, 66.786], [158.9349, 66.7687], [158.96, 66.7606], [158.9313, 66.7585], [158.917, 66.751], [158.8704, 66.7497], [158.8431, 66.742], [158.8457, 66.7331], [158.8127, 66.726], [158.8117, 66.7197], [158.7755, 66.7261], [158.7321, 66.7037], [158.7205, 66.7025], [158.7228, 66.6957], [158.7117, 66.6879], [158.7238, 66.6739], [158.7421, 66.6707], [158.7249, 66.6686], [158.7134, 66.6597], [158.7132, 66.6498], [158.7226, 66.6418], [158.7021, 66.6363], [158.6846, 66.622], [158.6669, 66.6156], [158.665, 66.6053], [158.6692, 66.6014], [158.6425, 66.5907], [158.6362, 66.5664], [158.6064, 66.5589], [158.5736, 66.5607], [158.535, 66.5484], [158.5442, 66.5301], [158.5111, 66.5092], [158.4907, 66.503], [158.4945, 66.4909], [158.5005, 66.4871], [158.4974, 66.4831], [158.5071, 66.473], [158.5044, 66.4629], [158.4821, 66.4557], [158.4654, 66.4571], [158.4175, 66.448], [158.4003, 66.4408], [158.3976, 66.4347], [158.3783, 66.4355], [158.3689, 66.4303], [158.3773, 66.4204], [158.3703, 66.4112], [158.3901, 66.4049], [158.4089, 66.4148], [158.4205, 66.4104], [158.4261, 66.4016], [158.4483, 66.3989], [158.4486, 66.3932], [158.4667, 66.3861], [158.4659, 66.3752], [158.4972, 66.3711], [158.4934, 66.3653], [158.5067, 66.3603], [158.5075, 66.3562], [158.551, 66.3427], [158.5434, 66.3352], [158.5617, 66.3328], [158.6016, 66.3391], [158.6213, 66.3325], [158.6441, 66.337], [158.6885, 66.3196], [158.7231, 66.316], [158.7172, 66.2944], [158.7496, 66.2889], [158.7562, 66.2812], [158.7809, 66.2759], [158.783, 66.2659], [158.9016, 66.2651], [158.9208, 66.2536], [158.9453, 66.2523], [158.957, 66.2416], [158.9813, 66.2399], [159.0336, 66.2488], [159.0601, 66.2318], [159.0907, 66.2275], [159.2299, 66.2363], [159.2326, 66.2321], [159.2181, 66.2243], [159.2155, 66.2162], [159.2304, 66.1996], [159.246, 66.192], [159.2393, 66.1736], [159.2603, 66.1641], [159.2575, 66.1496], [159.247, 66.1425], [159.21, 66.1381], [159.2157, 66.1225], [159.1877, 66.1141], [159.1853, 66.1099], [159.191, 66.1012], [159.1879, 66.093], [159.1692, 66.0831], [159.1651, 66.0691], [159.097, 66.0492], [159.1122, 66.0332], [159.1089, 66.0243], [159.0542, 66.0193], [159.054, 66.0124], [159.0354, 66.0046], [159.0282, 65.9878], [159.049, 65.9784], [159.0248, 65.9611], [159.0249, 65.9475], [158.9739, 65.9131], [158.9816, 65.9043], [158.9267, 65.8889], [158.9314, 65.8825], [158.9562, 65.8771], [158.961, 65.8711], [158.9237, 65.8622], [158.9213, 65.8567], [158.9431, 65.8392], [158.9503, 65.8313], [158.949, 65.8269], [158.926, 65.825], [158.8982, 65.8139], [158.9129, 65.8049], [158.9048, 65.7901], [158.9171, 65.7869], [158.9341, 65.7667], [158.918, 65.7576], [158.9109, 65.7405], [158.9518, 65.7272], [158.9984, 65.7237], [159.0268, 65.7268], [159.0503, 65.7184], [159.0536, 65.7085], [159.0681, 65.7039], [159.1002, 65.7047], [159.1192, 65.6966], [159.1303, 65.6978], [159.1535, 65.6843], [159.2082, 65.6809], [159.2213, 65.6716], [159.2104, 65.6675], [159.2275, 65.6591], [159.3012, 65.6649], [159.3978, 65.6459], [159.4484, 65.6486], [159.4464, 65.6411], [159.4506, 65.6387], [159.4862, 65.6377], [159.5058, 65.6223], [159.5775, 65.6181], [159.5874, 65.6139], [159.5886, 65.6066], [159.5817, 65.6034], [159.5811, 65.5977], [159.6457, 65.5949], [159.6622, 65.5878], [159.6804, 65.5913], [159.6834, 65.5852], [159.729, 65.5753], [159.7522, 65.5567], [159.7677, 65.5564], [159.7778, 65.5444], [159.8056, 65.5364], [159.8016, 65.5247], [159.8115, 65.5113], [159.8549, 65.5119], [159.9299, 65.5228], [159.9367, 65.5184], [159.9363, 65.5093], [159.9404, 65.5063], [160.0287, 65.521], [160.0384, 65.5202], [160.0495, 65.5107], [160.0927, 65.5022], [160.1272, 65.4786], [160.1583, 65.4777], [160.1944, 65.4656], [160.1864, 65.4539], [160.1896, 65.4487], [160.2409, 65.433], [160.2437, 65.4173], [160.2405, 65.4135], [160.2043, 65.4048], [160.2029, 65.4004], [160.2158, 65.3848], [160.1952, 65.3775], [160.2088, 65.3695], [160.2088, 65.3622], [160.2338, 65.3515], [160.2978, 65.3395], [160.3011, 65.3354], [160.2945, 65.3282], [160.3282, 65.3215], [160.3238, 65.3131], [160.3283, 65.3064], [160.3268, 65.2939], [160.3309, 65.2919], [160.3785, 65.2926], [160.3848, 65.2908], [160.3803, 65.2833], [160.3918, 65.275], [160.416, 65.276], [160.413, 65.2678], [160.4301, 65.2628], [160.4349, 65.2501], [160.448, 65.2471], [160.4565, 65.238], [160.4393, 65.2244], [160.4619, 65.2224], [160.475, 65.2105], [160.5123, 65.2034], [160.5161, 65.1937], [160.498, 65.1872], [160.4962, 65.1828], [160.502, 65.178], [160.534, 65.1765], [160.5695, 65.1628], [160.6065, 65.1663], [160.62, 65.1567], [160.6349, 65.1569], [160.643, 65.152], [160.6656, 65.1548], [160.6747, 65.1493], [160.7209, 65.1491], [160.7336, 65.1527], [160.7363, 65.1489], [160.761, 65.1558], [160.7862, 65.1542], [160.7914, 65.1517], [160.7864, 65.1485], [160.8128, 65.1531], [160.8528, 65.1427], [160.8855, 65.1473], [160.8948, 65.1515], [160.8954, 65.1564], [160.9065, 65.155], [160.9385, 65.1642], [160.9523, 65.1614], [160.9704, 65.1693], [160.9781, 65.1669], [160.994, 65.1722], [160.9917, 65.1755], [161.0371, 65.1779], [161.0545, 65.1708], [161.0677, 65.1729], [161.0762, 65.1656], [161.0907, 65.1674], [161.1115, 65.1584], [161.1449, 65.1656], [161.2156, 65.1472], [161.2273, 65.1519], [161.2577, 65.1487], [161.283, 65.1536], [161.3613, 65.1351], [161.3811, 65.1219], [161.4062, 65.119], [161.4088, 65.1138], [161.4053, 65.1089], [161.4183, 65.1048], [161.4064, 65.0949], [161.4148, 65.0929], [161.415, 65.0881], [161.4338, 65.0842], [161.4485, 65.0741], [161.4663, 65.0747], [161.4758, 65.063], [161.4883, 65.0628], [161.5184, 65.0501], [161.5478, 65.0501], [161.5752, 65.0441], [161.5898, 65.0368], [161.6196, 65.0386], [161.6292, 65.0296], [161.6531, 65.0281], [161.6646, 65.0198], [161.6925, 65.0149], [161.7029, 65.0038], [161.7181, 65.003], [161.7331, 64.9858], [161.7445, 64.983], [161.7384, 64.9783], [161.7469, 64.9759], [161.7511, 64.9681], [161.7538, 64.9588], [161.7438, 64.9527], [161.7404, 64.9389], [161.747, 64.9282], [161.7582, 64.9224], [161.7561, 64.907], [161.7731, 64.9041], [161.7871, 64.8895], [161.8148, 64.8776], [161.8153, 64.8715], [161.8246, 64.8647], [161.824, 64.855], [161.7999, 64.8467], [161.7989, 64.8405], [161.8357, 64.8273], [161.8892, 64.8274], [161.911, 64.8158], [161.956, 64.8126], [161.9608, 64.8059], [161.9725, 64.8084], [162.0206, 64.7988], [162.0387, 64.8009], [162.0607, 64.7937], [162.0883, 64.7951], [162.1419, 64.7822], [162.2244, 64.7859], [162.2261, 64.7804], [162.2505, 64.7772], [162.2466, 64.7716], [162.2545, 64.7671], [162.2816, 64.7634], [162.2918, 64.7545], [162.3072, 64.7545], [162.319, 64.7437], [162.4223, 64.7621], [162.4879, 64.7531], [162.5342, 64.7584], [162.5569, 64.7543], [162.5562, 64.7499], [162.5781, 64.7422], [162.5986, 64.7449], [162.6501, 64.741], [162.6764, 64.7085], [162.6694, 64.6961], [162.6726, 64.6874], [162.7112, 64.6844], [162.7351, 64.6664], [162.7525, 64.6622], [162.8513, 64.6626], [162.8683, 64.6577], [162.8986, 64.6577], [162.922, 64.6626], [162.9619, 64.6568], [162.9943, 64.6638], [163.071, 64.663], [163.1212, 64.6834], [163.2306, 64.6969], [163.2648, 64.6933]]], [[[166.5638, 69.4571], [166.5804, 69.4604], [166.5805, 69.466], [166.5644, 69.4657], [166.5687, 69.4696], [166.564, 69.4715], [166.5436, 69.4648], [166.5638, 69.4571]]], [[[166.7707, 69.4852], [166.7704, 69.4908], [166.7653, 69.4903], [166.7626, 69.485], [166.7402, 69.4865], [166.7167, 69.4801], [166.7358, 69.4772], [166.7376, 69.4727], [166.8406, 69.4681], [166.8198, 69.4757], [166.8201, 69.4834], [166.7707, 69.4852]]], [[[166.9018, 69.4838], [166.8643, 69.4885], [166.8116, 69.4863], [166.8241, 69.4827], [166.8213, 69.4757], [166.8363, 69.469], [166.837, 69.4734], [166.857, 69.4725], [166.8659, 69.4737], [166.8662, 69.4773], [166.8827, 69.4743], [166.8999, 69.4795], [166.8957, 69.4815], [166.9018, 69.4838]]], [[[166.5674, 69.4667], [166.6591, 69.4755], [166.6293, 69.4755], [166.6122, 69.4916], [166.5862, 69.4944], [166.5829, 69.4898], [166.6027, 69.486], [166.6043, 69.4778], [166.5722, 69.472], [166.5674, 69.4667]]], [[[166.6803, 69.4767], [166.6867, 69.484], [166.7269, 69.4848], [166.7454, 69.4972], [166.7165, 69.5012], [166.6852, 69.4921], [166.6766, 69.4853], [166.6757, 69.4784], [166.6803, 69.4767]]], [[[166.6543, 69.4795], [166.6643, 69.4816], [166.6667, 69.4977], [166.6378, 69.4925], [166.6252, 69.4992], [166.6154, 69.4951], [166.6314, 69.4842], [166.6543, 69.4795]]]]}}, {"type": "Feature", "properties": {"osm_type": "relation", "osm_id": 782385162, "name": "Chukotsky District", "admin_level": "6", "kind": "subdivision_2", "parent_osm_id": 151231, "parent_name": "Chukotka Autonomous Okrug", "parent_iso": "RU-CHU"}, "geometry": {"type": "MultiPolygon", "coordinates": [[[[-169.0364, 65.8139], [-169.081, 65.8194], [-169.0936, 65.8093], [-169.1062, 65.783], [-169.1057, 65.7752], [-169.1208, 65.762], [-169.0831, 65.7445], [-169.0493, 65.7507], [-169.0349, 65.7624], [-169.0279, 65.7774], [-169.0104, 65.7825], [-168.9973, 65.7992], [-169.0065, 65.8124], [-169.0364, 65.8139]]], [[[-174.0617, 66.2346], [-174.07, 66.2278], [-174.0679, 66.2234], [-174.0278, 66.2242], [-174.0281, 66.2355], [-174.037, 66.2507], [-174.0762, 66.2499], [-174.0617, 66.2346]]], [[[-172.2357, 65.4862], [-172.247, 65.4767], [-172.2397, 65.473], [-172.2225, 65.4762], [-172.2223, 65.4813], [-172.212, 65.4857], [-172.2202, 65.4963], [-172.2432, 65.4917], [-172.2357, 65.4862]]], [[[-175.0663, 66.854], [-175.0719, 66.8407], [-175.0055, 66.7473], [-175.0222, 66.7396], [-175.097, 66.7314], [-175.0944, 66.6893], [-175.1609, 66.5972], [-175.2328, 66.5406], [-175.249, 66.5034], [-175.2068, 66.4509], [-175.2027, 66.379], [-175.231, 66.3149], [-175.4324, 66.2692], [-175.6303, 66.1782], [-175.6382, 66.1528], [-175.6135, 66.1395], [-175.4968, 66.1388], [-175.3723, 66.1213], [-175.2579, 66.0882], [-175.2299, 66.0528], [-175.2578, 66.027], [-175.3456, 65.9914], [-175.3979, 65.9799], [-175.4188, 65.9648], [-175.4049, 65.9519], [-175.4503, 65.9368], [-175.4203, 65.9301], [-175.3206, 65.9472], [-175.2405, 65.8843], [-175.133, 65.8334], [-175.0538, 65.733], [-175.0322, 65.6589], [-174.9521, 65.6071], [-174.8026, 65.5877], [-174.6948, 65.6103], [-174.4654, 65.6802], [-174.2668, 65.6921], [-174.2314, 65.7793], [-174.2198, 65.8195], [-174.2951, 65.8334], [-174.4521, 65.8254], [-174.5182, 65.831], [-174.5279, 65.8513], [-174.5037, 65.8794], [-174.3761, 65.9561], [-174.3394, 65.9985], [-174.3295, 66.0409], [-174.2615, 66.0912], [-174.1013, 66.1246], [-174.0706, 66.1476], [-174.0207, 66.16], [-174.0311, 66.1431], [-174.029, 66.1262], [-174.0701, 66.1142], [-174.0864, 66.1044], [-174.0768, 66.0889], [-174.045, 66.0824], [-174.0431, 66.0328], [-174.0624, 65.9821], [-174.0946, 65.9767], [-174.1018, 65.9553], [-174.0792, 65.9274], [-174.0277, 65.8927], [-174.0268, 65.8829], [-174.0072, 65.8789], [-173.9917, 65.8659], [-173.9617, 65.8645], [-173.947, 65.8529], [-173.9258, 65.8611], [-173.894, 65.8619], [-173.8777, 65.8538], [-173.8793, 65.8441], [-173.8051, 65.8367], [-173.8039, 65.8263], [-173.7952, 65.8188], [-173.7994, 65.8089], [-173.7973, 65.8002], [-173.8008, 65.7849], [-173.8178, 65.7794], [-173.8125, 65.7698], [-173.8198, 65.7655], [-173.8098, 65.7519], [-173.769, 65.7358], [-173.7712, 65.7312], [-173.7872, 65.7287], [-173.7883, 65.7179], [-173.8158, 65.705], [-173.816, 65.6996], [-173.8064, 65.6904], [-173.8113, 65.6869], [-173.8106, 65.6784], [-173.6091, 65.6802], [-173.522, 65.5864], [-173.5411, 65.5617], [-173.615, 65.5316], [-173.6626, 65.4901], [-173.6741, 65.4618], [-173.618, 65.4517], [-173.5146, 65.4689], [-173.4609, 65.4453], [-173.4881, 65.4123], [-173.5262, 65.3444], [-173.6384, 65.2775], [-173.6027, 65.1989], [-173.5612, 65.17], [-173.4969, 65.1784], [-173.3936, 65.2252], [-173.1988, 65.2576], [-172.9732, 65.3612], [-172.8086, 65.4179], [-172.6696, 65.4379], [-172.4662, 65.4483], [-172.4372, 65.4607], [-172.4414, 65.4642], [-172.4608, 65.4582], [-172.4562, 65.4646], [-172.4298, 65.4656], [-172.4204, 65.4747], [-172.4107, 65.4768], [-172.3398, 65.4741], [-172.3199, 65.4685], [-172.296, 65.4722], [-172.2857, 65.4633], [-172.2872, 65.4559], [-172.2781, 65.458], [-172.3065, 65.4841], [-172.3615, 65.5126], [-172.3719, 65.5226], [-172.4012, 65.5339], [-172.4016, 65.5418], [-172.3888, 65.5622], [-172.3604, 65.575], [-172.3846, 65.5765], [-172.4242, 65.589], [-172.432, 65.5957], [-172.5197, 65.6154], [-172.616, 65.6111], [-172.6392, 65.6162], [-172.6596, 65.6278], [-172.6565, 65.6413], [-172.6293, 65.6549], [-172.636, 65.6638], [-172.625, 65.6862], [-172.6009, 65.6916], [-172.5868, 65.7006], [-172.5662, 65.6988], [-172.558, 65.6907], [-172.5667, 65.6809], [-172.5846, 65.6746], [-172.5641, 65.6738], [-172.5358, 65.688], [-172.5224, 65.6819], [-172.5221, 65.6724], [-172.5261, 65.671], [-172.4832, 65.6806], [-172.4151, 65.685], [-172.3553, 65.6733], [-172.3546, 65.664], [-172.3288, 65.6566], [-172.3135, 65.6611], [-172.3143, 65.6654], [-172.325, 65.6681], [-172.3201, 65.6697], [-172.3217, 65.6758], [-172.3131, 65.6784], [-172.3086, 65.6739], [-172.3172, 65.6723], [-172.3163, 65.6669], [-172.3059, 65.6711], [-172.2663, 65.6602], [-172.259, 65.6556], [-172.2651, 65.6469], [-172.2928, 65.6431], [-172.3142, 65.6255], [-172.2809, 65.6161], [-172.2751, 65.6105], [-172.2671, 65.6118], [-172.2498, 65.6002], [-172.2242, 65.5945], [-172.2096, 65.5852], [-172.2108, 65.578], [-172.2223, 65.5672], [-172.2622, 65.5508], [-172.258, 65.5463], [-172.1938, 65.5508], [-172.1809, 65.546], [-172.1801, 65.5356], [-172.1552, 65.5325], [-172.1086, 65.5507], [-172.0495, 65.5558], [-171.9992, 65.5458], [-171.968, 65.5214], [-171.9321, 65.5158], [-171.9169, 65.5224], [-171.8919, 65.523], [-171.8694, 65.5182], [-171.8438, 65.5218], [-171.774, 65.5187], [-171.7392, 65.5121], [-171.7415, 65.5016], [-171.7491, 65.4962], [-171.7882, 65.4876], [-171.8412, 65.4829], [-171.8458, 65.4857], [-171.8345, 65.4915], [-171.8883, 65.477], [-171.9076, 65.4784], [-171.9101, 65.4817], [-171.904, 65.4847], [-171.908, 65.4863], [-171.9469, 65.4765], [-172.0712, 65.4758], [-171.9258, 65.4707], [-171.6319, 65.5091], [-171.4556, 65.5143], [-171.2844, 65.5268], [-171.2501, 65.5235], [-171.2326, 65.5152], [-171.235, 65.5103], [-171.1999, 65.5082], [-171.1738, 65.4971], [-171.1794, 65.4912], [-171.1603, 65.4858], [-171.1202, 65.4851], [-171.079, 65.469], [-171.0457, 65.4662], [-171.0174, 65.4762], [-170.9873, 65.5002], [-170.9907, 65.5153], [-170.9771, 65.5256], [-170.9808, 65.5279], [-170.9709, 65.5532], [-170.982, 65.5721], [-170.9811, 65.5888], [-171.0188, 65.5895], [-171.0354, 65.6065], [-171.0429, 65.624], [-171.0739, 65.6291], [-171.0781, 65.6334], [-171.1521, 65.6473], [-171.2381, 65.6538], [-171.2404, 65.6604], [-171.2786, 65.6884], [-171.3195, 65.6968], [-171.3195, 65.7018], [-171.3042, 65.7052], [-171.3303, 65.7162], [-171.3109, 65.7279], [-171.2666, 65.7161], [-171.2596, 65.7207], [-171.3935, 65.7551], [-171.4097, 65.7794], [-171.428, 65.7869], [-171.4253, 65.7929], [-171.4309, 65.7982], [-171.4299, 65.8035], [-171.4173, 65.8135], [-171.4742, 65.8257], [-171.462, 65.8361], [-171.4244, 65.8348], [-171.4219, 65.8275], [-171.402, 65.8254], [-171.358, 65.8057], [-171.3499, 65.7995], [-171.3565, 65.7983], [-171.3334, 65.7985], [-171.3097, 65.7869], [-171.2842, 65.7817], [-171.2789, 65.777], [-171.2811, 65.774], [-171.2566, 65.7726], [-171.219, 65.7582], [-171.2016, 65.741], [-171.201, 65.7346], [-171.1823, 65.7287], [-171.1641, 65.7086], [-171.1804, 65.7052], [-171.1771, 65.7029], [-171.0615, 65.687], [-170.8838, 65.6536], [-170.842, 65.6375], [-170.8402, 65.6319], [-170.8455, 65.6271], [-170.8514, 65.6273], [-170.8492, 65.6324], [-170.8566, 65.6288], [-170.8424, 65.6206], [-170.7892, 65.6203], [-170.7455, 65.609], [-170.7025, 65.605], [-170.6811, 65.6078], [-170.6554, 65.6027], [-170.6558, 65.6065], [-170.654, 65.6019], [-170.5828, 65.6049], [-170.536, 65.6274], [-170.5364, 65.6394], [-170.5258, 65.6478], [-170.5012, 65.6523], [-170.5109, 65.6636], [-170.493, 65.6766], [-170.5115, 65.6782], [-170.5154, 65.6859], [-170.5038, 65.6956], [-170.5088, 65.7112], [-170.5015, 65.7191], [-170.5112, 65.7308], [-170.5288, 65.736], [-170.5251, 65.7527], [-170.5132, 65.757], [-170.5294, 65.769], [-170.5202, 65.7823], [-170.4749, 65.8052], [-170.4856, 65.8313], [-170.4932, 65.841], [-170.5083, 65.849], [-170.5201, 65.8507], [-170.5246, 65.8452], [-170.5503, 65.8388], [-170.5928, 65.8354], [-170.6122, 65.8291], [-170.5971, 65.838], [-170.5989, 65.8426], [-170.5952, 65.8403], [-170.5933, 65.8436], [-170.5983, 65.8439], [-170.5945, 65.8464], [-170.5564, 65.8458], [-170.5419, 65.8573], [-170.5389, 65.8488], [-170.5277, 65.8455], [-170.5249, 65.8485], [-170.5351, 65.8519], [-170.5381, 65.8598], [-170.5017, 65.8697], [-170.4971, 65.8779], [-170.3954, 65.9245], [-170.4053, 65.932], [-170.4181, 65.934], [-170.3721, 65.9317], [-170.3147, 65.9458], [-170.2625, 65.9511], [-170.2586, 65.9562], [-170.2365, 65.9619], [-170.2306, 65.9696], [-170.1933, 65.9799], [-170.182, 65.9913], [-170.1833, 65.9972], [-170.1776, 65.999], [-170.1879, 66.011], [-170.1662, 66.0027], [-170.1281, 66.0148], [-170.0688, 66.0216], [-170.0136, 66.0351], [-170.0128, 66.0382], [-170.031, 66.0416], [-170.0184, 66.0415], [-170.0131, 66.0468], [-170.0, 66.0457], [-170.0096, 66.0407], [-170.0047, 66.0368], [-169.973, 66.0435], [-169.8907, 66.044], [-169.8695, 66.0348], [-169.8465, 66.0156], [-169.8218, 66.0074], [-169.7612, 66.0014], [-169.7195, 66.0053], [-169.6902, 66.0386], [-169.6704, 66.0499], [-169.6643, 66.0703], [-169.6519, 66.0783], [-169.6632, 66.0948], [-169.6607, 66.1044], [-169.6732, 66.117], [-169.6768, 66.128], [-169.6733, 66.1308], [-169.7105, 66.1409], [-169.7253, 66.1529], [-170.0334, 66.1878], [-170.0807, 66.1981], [-170.115, 66.2079], [-170.1256, 66.2247], [-170.147, 66.2312], [-170.1676, 66.2487], [-170.1701, 66.2603], [-170.1842, 66.2647], [-170.2121, 66.2853], [-170.4855, 66.3313], [-170.5768, 66.3514], [-170.5836, 66.3655], [-170.6089, 66.3758], [-170.617, 66.387], [-170.6503, 66.4037], [-170.6654, 66.4186], [-170.7019, 66.4338], [-170.8597, 66.4871], [-170.8811, 66.5063], [-170.9714, 66.5315], [-170.9444, 66.523], [-170.9618, 66.5243], [-170.9746, 66.5304], [-170.9794, 66.5383], [-171.1397, 66.582], [-171.1397, 66.5871], [-171.1648, 66.5938], [-171.168, 66.5968], [-171.1649, 66.5981], [-171.318, 66.6551], [-171.3582, 66.6727], [-171.3786, 66.6972], [-171.377, 66.7041], [-171.3876, 66.7197], [-171.3669, 66.7378], [-171.3379, 66.743], [-171.3337, 66.7479], [-171.344, 66.764], [-171.3615, 66.7693], [-171.4036, 66.7693], [-171.5156, 66.7962], [-171.6076, 66.8233], [-171.6621, 66.8495], [-171.684, 66.8626], [-171.6763, 66.8667], [-171.6828, 66.8672], [-171.6837, 66.8751], [-171.6933, 66.8777], [-171.6961, 66.8835], [-171.6732, 66.889], [-171.6686, 66.8974], [-171.6307, 66.9119], [-171.6427, 66.9234], [-171.6416, 66.931], [-171.6725, 66.9414], [-171.7091, 66.9443], [-171.7191, 66.9514], [-171.7275, 66.9474], [-171.7923, 66.9554], [-171.8071, 66.9491], [-171.8407, 66.9518], [-171.898, 66.9615], [-171.8995, 66.9705], [-171.9263, 66.9774], [-171.9354, 66.9764], [-171.927, 66.9721], [-171.9297, 66.9652], [-171.9733, 66.9605], [-171.9995, 66.9495], [-172.1848, 66.9632], [-172.021, 66.948], [-172.0697, 66.942], [-172.0659, 66.9441], [-172.0739, 66.9479], [-172.1047, 66.9528], [-172.2486, 66.959], [-172.3479, 66.9732], [-172.6541, 66.9998], [-172.7479, 67.014], [-172.7999, 67.0267], [-172.8381, 67.0216], [-172.8671, 67.0242], [-172.8811, 67.0273], [-172.8663, 67.0304], [-172.8039, 67.0269], [-172.7918, 67.0326], [-172.7637, 67.0239], [-172.7443, 67.0267], [-172.7241, 67.0235], [-172.7099, 67.0133], [-172.6751, 67.0115], [-172.6567, 67.0142], [-172.6579, 67.017], [-172.7886, 67.0338], [-172.8527, 67.0316], [-173.0299, 67.0452], [-173.053, 67.0431], [-173.461, 67.0844], [-173.6082, 67.1033], [-173.6448, 67.1137], [-173.6531, 67.112], [-173.6479, 67.1065], [-173.6522, 67.0972], [-173.6489, 67.0944], [-173.6627, 67.0858], [-173.7395, 67.0742], [-174.1212, 67.082], [-174.4599, 67.0768], [-174.5551, 67.0725], [-174.6007, 67.0658], [-174.6209, 67.0541], [-174.6236, 67.0499], [-174.6195, 67.0418], [-174.5575, 67.0354], [-174.4936, 67.051], [-174.4923, 67.0558], [-174.4804, 67.06], [-174.4433, 67.0665], [-174.3952, 67.0698], [-174.4124, 67.0657], [-174.375, 67.0661], [-174.3794, 67.0694], [-174.3674, 67.0729], [-174.3313, 67.0728], [-174.3248, 67.0777], [-174.1544, 67.0804], [-174.2503, 67.0659], [-174.351, 67.0636], [-174.4522, 67.0417], [-174.4928, 67.0275], [-174.56, 67.0301], [-174.5357, 67.0251], [-174.4657, 67.0258], [-174.3095, 67.0383], [-174.3883, 67.0341], [-174.3524, 67.0418], [-174.2095, 67.0552], [-174.2013, 67.0535], [-174.1955, 67.043], [-174.2184, 67.033], [-174.2955, 67.0412], [-174.2057, 67.0311], [-174.194, 67.0243], [-174.1929, 67.0087], [-174.2025, 66.997], [-174.2357, 66.9813], [-174.2602, 66.9767], [-174.2795, 66.9805], [-174.2735, 66.9774], [-174.2051, 66.9683], [-174.1905, 66.9704], [-174.1976, 66.9746], [-174.1873, 66.9831], [-174.1475, 66.9863], [-174.1093, 66.9797], [-174.1697, 66.9762], [-174.0744, 66.9775], [-174.0497, 66.9734], [-174.0599, 66.9768], [-174.0469, 66.9768], [-174.04, 66.9843], [-174.0415, 66.9807], [-174.0374, 66.9795], [-174.0021, 66.9794], [-173.9989, 66.9732], [-174.0141, 66.9811], [-174.0409, 66.9713], [-174.0471, 66.9734], [-174.0358, 66.9668], [-174.0189, 66.9412], [-174.0217, 66.9294], [-174.0146, 66.9249], [-174.0239, 66.8997], [-174.0064, 66.8821], [-173.9711, 66.8583], [-173.9619, 66.8422], [-173.9631, 66.8335], [-173.9485, 66.8044], [-173.9514, 66.7902], [-173.9379, 66.7793], [-173.9334, 66.7484], [-173.9342, 66.7389], [-173.9406, 66.7323], [-173.9347, 66.7261], [-173.9325, 66.7026], [-173.9212, 66.6785], [-173.9423, 66.6599], [-174.0102, 66.6376], [-174.112, 66.611], [-174.1928, 66.5957], [-174.2152, 66.5781], [-174.2644, 66.5689], [-174.2521, 66.5158], [-174.2613, 66.4977], [-174.2433, 66.5024], [-174.2499, 66.5161], [-174.2371, 66.5259], [-174.2509, 66.5287], [-174.2527, 66.5376], [-174.2459, 66.5423], [-174.2526, 66.5465], [-174.26, 66.562], [-174.2564, 66.5631], [-174.2618, 66.5669], [-174.2203, 66.5739], [-174.2092, 66.5661], [-174.2032, 66.5547], [-174.18, 66.5592], [-174.163, 66.5571], [-174.1703, 66.5431], [-174.179, 66.5412], [-174.1677, 66.5337], [-174.1615, 66.5341], [-174.156, 66.5409], [-174.1589, 66.5432], [-174.144, 66.5499], [-174.1146, 66.55], [-174.1025, 66.5471], [-174.0991, 66.5387], [-174.0742, 66.5361], [-174.0698, 66.5316], [-173.9902, 66.5306], [-173.973, 66.526], [-173.9642, 66.5168], [-173.8994, 66.5211], [-173.8332, 66.5102], [-173.8194, 66.4933], [-173.8055, 66.4861], [-173.8115, 66.4709], [-173.7576, 66.4667], [-173.7201, 66.456], [-173.7094, 66.4513], [-173.7136, 66.4435], [-173.693, 66.4396], [-173.6888, 66.4295], [-173.7186, 66.4001], [-173.7069, 66.3683], [-173.7322, 66.3497], [-173.7571, 66.3444], [-173.7537, 66.3478], [-173.7784, 66.3464], [-173.7839, 66.344], [-173.781, 66.3414], [-173.821, 66.3346], [-173.8691, 66.3432], [-173.8947, 66.3325], [-173.8694, 66.318], [-173.8348, 66.3185], [-173.7943, 66.3061], [-173.8306, 66.2899], [-173.9101, 66.2736], [-173.9376, 66.2587], [-173.9497, 66.2426], [-173.976, 66.2344], [-173.9705, 66.2115], [-173.9818, 66.2082], [-174.0091, 66.2195], [-174.0149, 66.2365], [-174.021, 66.2233], [-174.0597, 66.2182], [-174.0728, 66.2271], [-174.0637, 66.2353], [-174.0817, 66.248], [-174.0765, 66.2524], [-174.0353, 66.2579], [-174.0262, 66.2693], [-174.0294, 66.2907], [-174.0208, 66.3011], [-174.023, 66.3062], [-174.0172, 66.3086], [-174.0176, 66.3194], [-173.9855, 66.3279], [-173.9612, 66.3403], [-173.9377, 66.3413], [-173.9322, 66.3346], [-173.9354, 66.3488], [-173.93, 66.3656], [-173.9763, 66.3931], [-173.9846, 66.4196], [-173.9681, 66.4258], [-173.9775, 66.4353], [-173.9738, 66.4392], [-173.9417, 66.4462], [-173.959, 66.4467], [-173.98, 66.4616], [-174.0247, 66.471], [-174.1771, 66.4558], [-174.2079, 66.4695], [-174.211, 66.466], [-174.2047, 66.4564], [-174.195, 66.451], [-174.1723, 66.4537], [-174.1636, 66.4475], [-174.1642, 66.4421], [-174.1503, 66.4386], [-174.1446, 66.4264], [-174.147, 66.42], [-174.1616, 66.414], [-174.1686, 66.4036], [-174.2534, 66.3881], [-174.254, 66.3827], [-174.2652, 66.3779], [-174.265, 66.3694], [-174.2909, 66.3627], [-174.3074, 66.3521], [-174.3862, 66.3364], [-174.334, 66.337], [-174.3312, 66.3445], [-174.3027, 66.3504], [-174.3068, 66.3432], [-174.2966, 66.316], [-174.3049, 66.3027], [-174.3211, 66.2971], [-174.3796, 66.2875], [-174.3863, 66.28], [-174.41, 66.277], [-174.4149, 66.2822], [-174.4087, 66.286], [-174.4136, 66.2942], [-174.4552, 66.3054], [-174.4491, 66.3142], [-174.462, 66.3247], [-174.4586, 66.3273], [-174.4623, 66.3337], [-174.454, 66.3382], [-174.3936, 66.3439], [-174.3947, 66.3521], [-174.4024, 66.357], [-174.4384, 66.3595], [-174.4656, 66.3763], [-174.4666, 66.3832], [-174.4757, 66.3915], [-174.4725, 66.4095], [-174.4778, 66.4158], [-174.4655, 66.4211], [-174.4673, 66.4344], [-174.4611, 66.4453], [-174.4676, 66.4574], [-174.463, 66.4586], [-174.4644, 66.4624], [-174.4196, 66.4742], [-174.402, 66.4719], [-174.3893, 66.4584], [-174.3824, 66.4593], [-174.3855, 66.4677], [-174.4199, 66.4833], [-174.4356, 66.4994], [-174.4417, 66.5317], [-174.4631, 66.5401], [-174.5323, 66.549], [-174.5919, 66.5707], [-174.6703, 66.587], [-174.6725, 66.5943], [-174.7034, 66.5985], [-174.7542, 66.5985], [-174.7285, 66.5966], [-174.7535, 66.5891], [-174.7867, 66.5873], [-174.7938, 66.5921], [-174.8368, 66.583], [-174.8485, 66.5917], [-174.8906, 66.5893], [-174.8964, 66.593], [-174.8941, 66.599], [-174.8783, 66.6054], [-174.8554, 66.6033], [-174.8606, 66.6075], [-174.8624, 66.6172], [-174.8591, 66.6183], [-174.8636, 66.6225], [-174.8812, 66.6277], [-174.8842, 66.6346], [-174.9363, 66.6502], [-174.9375, 66.6576], [-174.9659, 66.6574], [-174.959, 66.6586], [-174.9601, 66.6619], [-174.9765, 66.6551], [-174.979, 66.6604], [-174.9676, 66.6678], [-175.0001, 66.6611], [-174.9747, 66.6723], [-174.9341, 66.6683], [-174.9311, 66.6739], [-174.9436, 66.6822], [-174.9215, 66.6828], [-174.9177, 66.69], [-174.8873, 66.7045], [-174.8566, 66.706], [-174.8153, 66.7366], [-174.7778, 66.7443], [-174.7672, 66.7515], [-174.7347, 66.7507], [-174.7073, 66.7433], [-174.704, 66.7339], [-174.7078, 66.7251], [-174.7178, 66.7205], [-174.7171, 66.7145], [-174.7218, 66.713], [-174.7083, 66.7092], [-174.7138, 66.7178], [-174.7012, 66.7222], [-174.6991, 66.7307], [-174.7075, 66.7489], [-174.7007, 66.7708], [-174.7142, 66.7957], [-174.7142, 66.8124], [-174.7204, 66.8277], [-174.7294, 66.8401], [-174.7356, 66.8736], [-174.8561, 66.8341], [-175.064, 66.8575], [-175.0663, 66.854]]], [[[-174.006, 66.2305], [-173.9754, 66.2511], [-173.9711, 66.2632], [-173.9936, 66.2653], [-173.9901, 66.2628], [-174.0009, 66.2624], [-174.0205, 66.251], [-174.0198, 66.2426], [-174.006, 66.2305]]], [[[-172.2473, 66.9717], [-172.4036, 66.9878], [-172.3632, 66.9776], [-172.3385, 66.9803], [-172.1894, 66.9621], [-172.2473, 66.9717]]], [[[-172.5826, 66.9974], [-172.5289, 66.9954], [-172.5264, 66.9971], [-172.5346, 67.0021], [-172.5182, 67.0018], [-172.5215, 66.9977], [-172.506, 66.9942], [-172.5016, 66.998], [-172.4375, 66.9858], [-172.4203, 66.9873], [-172.4202, 66.9909], [-172.6271, 67.0142], [-172.6051, 67.0101], [-172.5826, 66.9974]]]]}}, {"type": "Feature", "properties": {"osm_type": "relation", "osm_id": 440343333, "name": "Providensky urban district", "admin_level": "6", "kind": "subdivision_2", "parent_osm_id": 151231, "parent_name": "Chukotka Autonomous Okrug", "parent_iso": "RU-CHU"}, "geometry": {"type": "MultiPolygon", "coordinates": [[[[-172.5909, 64.6875], [-172.586, 64.6796], [-172.5948, 64.6772], [-172.5427, 64.686], [-172.5229, 64.6847], [-172.4993, 64.6957], [-172.4766, 64.6996], [-172.3503, 64.7022], [-172.2095, 64.7436], [-172.1318, 64.7459], [-172.1051, 64.7528], [-172.0647, 64.755], [-172.0633, 64.7584], [-172.0934, 64.7751], [-172.2237, 64.8058], [-172.2769, 64.8266], [-172.3611, 64.8297], [-172.3934, 64.8372], [-172.432, 64.8295], [-172.426, 64.8285], [-172.4565, 64.8162], [-172.5044, 64.8101], [-172.5175, 64.7905], [-172.5445, 64.78], [-172.572, 64.7609], [-172.5915, 64.7446], [-172.6012, 64.7257], [-172.6375, 64.7023], [-172.6411, 64.6923], [-172.5909, 64.6875]]], [[[-172.5685, 64.636], [-172.6113, 64.634], [-172.6128, 64.6384], [-172.6243, 64.6411], [-172.6681, 64.6352], [-172.6686, 64.6385], [-172.6593, 64.6376], [-172.6793, 64.6425], [-172.6823, 64.6524], [-172.6907, 64.6531], [-172.7169, 64.6431], [-172.7193, 64.6346], [-172.7332, 64.6227], [-172.7314, 64.6189], [-172.6802, 64.6198], [-172.6802, 64.6005], [-172.6748, 64.5985], [-172.6221, 64.5945], [-172.5371, 64.5967], [-172.5273, 64.5914], [-172.4903, 64.591], [-172.4743, 64.6037], [-172.4467, 64.6099], [-172.4486, 64.6237], [-172.458, 64.6318], [-172.4752, 64.6413], [-172.5131, 64.647], [-172.5685, 64.636]]], [[[-176.6783, 65.5615], [-176.2942, 65.4808], [-175.9985, 65.4377], [-175.9191, 65.4118], [-175.8975, 65.383], [-175.8958, 65.3693], [-175.888, 65.3588], [-175.9153, 65.332], [-175.9109, 65.3249], [-175.9067, 65.3287], [-175.8651, 65.308], [-175.8549, 65.2945], [-175.8607, 65.279], [-175.8872, 65.2799], [-175.897, 65.2916], [-175.891, 65.2922], [-175.9235, 65.3153], [-175.9194, 65.3182], [-175.9722, 65.3511], [-175.9777, 65.3635], [-175.973, 65.3698], [-175.9785, 65.3776], [-176.0358, 65.3966], [-176.04, 65.4017], [-176.0437, 65.3995], [-176.0358, 65.3899], [-176.0024, 65.3719], [-175.9354, 65.3249], [-175.901, 65.2953], [-175.8874, 65.2765], [-175.8914, 65.2584], [-175.8471, 65.2283], [-175.8389, 65.2273], [-175.8454, 65.2274], [-175.8115, 65.201], [-175.7511, 65.1637], [-175.7351, 65.1437], [-175.733, 65.1338], [-175.7657, 65.1159], [-175.7862, 65.0983], [-175.783, 65.0889], [-175.7959, 65.0811], [-175.7956, 65.0754], [-175.7834, 65.0502], [-175.7982, 65.0267], [-175.8315, 65.0163], [-175.8628, 65.0147], [-175.8929, 65.0017], [-175.778, 64.9712], [-175.7709, 64.964], [-175.7928, 64.9492], [-175.7854, 64.945], [-175.648, 64.9266], [-175.643, 64.9186], [-175.587, 64.909], [-175.5352, 64.8919], [-175.5389, 64.8851], [-175.529, 64.8803], [-175.5341, 64.8778], [-175.5067, 64.8834], [-175.4818, 64.8792], [-175.4727, 64.8569], [-175.4782, 64.8501], [-175.4714, 64.8457], [-175.4732, 64.842], [-175.4678, 64.8422], [-175.4723, 64.8367], [-175.4219, 64.8375], [-175.3969, 64.8503], [-175.3682, 64.8441], [-175.3559, 64.8332], [-175.3555, 64.8248], [-175.4015, 64.816], [-175.4034, 64.809], [-175.4159, 64.8043], [-175.4534, 64.8003], [-175.4324, 64.7948], [-175.4291, 64.7749], [-175.4153, 64.7753], [-175.3832, 64.7918], [-175.3455, 64.7892], [-175.3344, 64.7759], [-175.2955, 64.7805], [-175.234, 64.7752], [-175.2253, 64.7699], [-175.1942, 64.7666], [-175.1894, 64.7668], [-175.1879, 64.7725], [-175.172, 64.7746], [-175.047, 64.7615], [-174.9774, 64.7741], [-174.9635, 64.7866], [-174.9335, 64.7884], [-174.7827, 64.7645], [-174.7626, 64.7486], [-174.6666, 64.729], [-174.6357, 64.7051], [-174.4301, 64.6589], [-174.3713, 64.6343], [-174.3407, 64.6294], [-174.3235, 64.6367], [-174.2732, 64.6402], [-174.2389, 64.6478], [-174.2465, 64.6483], [-174.2417, 64.6513], [-174.2319, 64.6505], [-174.2356, 64.6416], [-174.2458, 64.6348], [-174.2128, 64.6335], [-174.2286, 64.6247], [-174.2675, 64.6239], [-174.2737, 64.6209], [-174.2656, 64.6232], [-174.2688, 64.6172], [-174.3386, 64.6294], [-174.2379, 64.6078], [-174.2254, 64.598], [-174.2264, 64.593], [-174.1528, 64.572], [-174.0417, 64.5314], [-174.0328, 64.5231], [-174.0321, 64.5114], [-174.0425, 64.5037], [-174.0359, 64.4923], [-174.0451, 64.4814], [-174.0242, 64.4642], [-174.0284, 64.4597], [-174.0151, 64.4469], [-173.9848, 64.4266], [-173.9922, 64.4159], [-173.9327, 64.4015], [-173.9048, 64.3899], [-173.875, 64.389], [-173.8351, 64.3799], [-173.7878, 64.363], [-173.7175, 64.3529], [-173.704, 64.3486], [-173.6954, 64.3398], [-173.6545, 64.3331], [-173.6538, 64.3262], [-173.6207, 64.3253], [-173.5881, 64.3362], [-173.5333, 64.3312], [-173.5079, 64.3439], [-173.5271, 64.3435], [-173.542, 64.3351], [-173.5494, 64.336], [-173.5275, 64.3443], [-173.5296, 64.3486], [-173.505, 64.3484], [-173.5074, 64.3441], [-173.4918, 64.3547], [-173.4591, 64.359], [-173.4277, 64.3708], [-173.3739, 64.395], [-173.356, 64.4054], [-173.3575, 64.4097], [-173.3468, 64.4173], [-173.3258, 64.4226], [-173.2998, 64.4368], [-173.3052, 64.4526], [-173.2795, 64.4785], [-173.306, 64.4973], [-173.3047, 64.5054], [-173.3177, 64.5096], [-173.3236, 64.5416], [-173.3431, 64.5537], [-173.3402, 64.5582], [-173.3517, 64.5766], [-173.3665, 64.5855], [-173.3528, 64.592], [-173.3576, 64.6012], [-173.3418, 64.6035], [-173.3397, 64.5931], [-173.3445, 64.5918], [-173.3275, 64.5744], [-173.3087, 64.5697], [-173.2832, 64.578], [-173.2747, 64.5741], [-173.2897, 64.5688], [-173.2781, 64.5696], [-173.2796, 64.5376], [-173.2732, 64.5311], [-173.2802, 64.5204], [-173.2658, 64.5121], [-173.2316, 64.5252], [-173.2161, 64.5215], [-173.2312, 64.5042], [-173.2363, 64.5048], [-173.2342, 64.4907], [-173.2215, 64.4795], [-173.2422, 64.4613], [-173.2523, 64.46], [-173.2486, 64.4449], [-173.255, 64.4182], [-173.2227, 64.4221], [-173.2016, 64.4378], [-173.185, 64.444], [-173.155, 64.4389], [-173.1907, 64.4211], [-173.2051, 64.4067], [-173.2332, 64.3956], [-173.2473, 64.396], [-173.2383, 64.3926], [-173.2455, 64.3852], [-173.2506, 64.3864], [-173.2465, 64.3972], [-173.2545, 64.4056], [-173.2497, 64.4027], [-173.2612, 64.4061], [-173.3393, 64.3614], [-173.3557, 64.3643], [-173.3566, 64.3689], [-173.3505, 64.3728], [-173.355, 64.373], [-173.3617, 64.3649], [-173.3535, 64.3464], [-173.3728, 64.3187], [-173.3694, 64.3076], [-173.3722, 64.2964], [-173.3594, 64.2892], [-173.3155, 64.2886], [-173.2123, 64.2656], [-173.1759, 64.2499], [-173.1089, 64.2414], [-173.0271, 64.2597], [-172.99, 64.2577], [-172.9321, 64.2626], [-172.926, 64.2767], [-172.9319, 64.2761], [-172.9443, 64.2857], [-172.967, 64.3143], [-172.948, 64.367], [-172.9545, 64.3802], [-172.9246, 64.4], [-172.9245, 64.4069], [-172.9144, 64.406], [-172.9144, 64.4027], [-172.9194, 64.3927], [-172.9312, 64.3843], [-172.9151, 64.3659], [-172.9273, 64.3534], [-172.9363, 64.33], [-172.8862, 64.3015], [-172.9012, 64.2962], [-172.8988, 64.2916], [-172.904, 64.29], [-172.901, 64.2942], [-172.9044, 64.2959], [-172.9256, 64.2798], [-172.89, 64.2925], [-172.8369, 64.2999], [-172.8334, 64.3219], [-172.8063, 64.3596], [-172.8189, 64.3663], [-172.828, 64.3655], [-172.8206, 64.4011], [-172.7989, 64.4221], [-172.801, 64.4262], [-172.7956, 64.4255], [-172.7983, 64.4213], [-172.7909, 64.4265], [-172.8041, 64.4284], [-172.8144, 64.4503], [-172.8212, 64.4551], [-172.8606, 64.4551], [-172.8531, 64.4624], [-172.8997, 64.4505], [-172.9061, 64.4532], [-172.8985, 64.459], [-172.9115, 64.458], [-172.9366, 64.4443], [-172.9787, 64.4447], [-173.0111, 64.4359], [-173.0259, 64.4377], [-173.0054, 64.4478], [-173.0242, 64.4485], [-173.0306, 64.4552], [-173.0282, 64.4583], [-172.9971, 64.4717], [-172.9755, 64.4751], [-172.9648, 64.4906], [-172.9311, 64.4929], [-172.9225, 64.4881], [-172.9211, 64.4932], [-172.9053, 64.4962], [-172.8245, 64.4999], [-172.7979, 64.497], [-172.7851, 64.508], [-172.7608, 64.5078], [-172.7549, 64.5001], [-172.7636, 64.4926], [-172.7585, 64.4887], [-172.7606, 64.4723], [-172.7561, 64.4659], [-172.7592, 64.4639], [-172.7316, 64.4514], [-172.7131, 64.4352], [-172.7172, 64.4263], [-172.713, 64.4203], [-172.7271, 64.4089], [-172.7222, 64.4015], [-172.7246, 64.3982], [-172.6728, 64.3921], [-172.666, 64.3866], [-172.593, 64.372], [-172.5604, 64.3802], [-172.4875, 64.3864], [-172.4258, 64.4041], [-172.2293, 64.4037], [-172.3178, 64.446], [-172.3575, 64.4701], [-172.4133, 64.5174], [-172.4125, 64.5363], [-172.419, 64.5424], [-172.4324, 64.5437], [-172.4482, 64.5375], [-172.4815, 64.5388], [-172.5165, 64.5484], [-172.5791, 64.5515], [-172.6016, 64.5651], [-172.6044, 64.5766], [-172.6524, 64.5831], [-172.701, 64.579], [-172.6993, 64.5816], [-172.7174, 64.5894], [-172.715, 64.604], [-172.7472, 64.6038], [-172.7727, 64.6112], [-172.8222, 64.612], [-172.8433, 64.6078], [-172.8619, 64.5996], [-172.856, 64.5925], [-172.8793, 64.5846], [-172.8823, 64.5679], [-172.8905, 64.5657], [-172.942, 64.5619], [-172.9796, 64.5677], [-172.9727, 64.5725], [-172.9618, 64.5646], [-172.9725, 64.5729], [-172.9172, 64.5902], [-172.9096, 64.5962], [-172.9058, 64.6142], [-172.8946, 64.6166], [-172.8752, 64.6122], [-172.894, 64.6171], [-172.8785, 64.6166], [-172.8678, 64.6333], [-172.8278, 64.6553], [-172.8694, 64.6571], [-172.9086, 64.6714], [-172.9315, 64.6624], [-172.934, 64.655], [-172.9418, 64.6517], [-172.9525, 64.6511], [-172.961, 64.6615], [-172.9658, 64.6612], [-173.0423, 64.6393], [-173.0756, 64.6431], [-173.0836, 64.6499], [-173.0704, 64.6504], [-173.0682, 64.6454], [-173.0691, 64.6507], [-173.056, 64.6599], [-172.975, 64.6815], [-172.8968, 64.6904], [-172.8605, 64.6843], [-172.843, 64.6899], [-172.8355, 64.6946], [-172.8317, 64.7049], [-172.8338, 64.713], [-172.8399, 64.7148], [-172.8322, 64.7248], [-172.8386, 64.7224], [-172.8384, 64.7286], [-172.8183, 64.7324], [-172.8163, 64.7296], [-172.8317, 64.7253], [-172.8163, 64.7292], [-172.7773, 64.727], [-172.7654, 64.7382], [-172.7957, 64.7342], [-172.7923, 64.7381], [-172.7655, 64.7388], [-172.7516, 64.747], [-172.7517, 64.7527], [-172.7409, 64.7618], [-172.7466, 64.7709], [-172.8081, 64.7876], [-172.8418, 64.8055], [-172.8576, 64.808], [-172.8727, 64.8206], [-172.9044, 64.8205], [-172.9204, 64.8141], [-172.8978, 64.8278], [-172.9101, 64.8369], [-172.9426, 64.8305], [-172.9453, 64.8222], [-172.9641, 64.8112], [-172.9999, 64.803], [-173.055, 64.7713], [-173.0823, 64.7685], [-173.1116, 64.757], [-173.1257, 64.7576], [-173.1193, 64.7645], [-173.1497, 64.7609], [-173.1817, 64.7494], [-173.1855, 64.7743], [-173.1601, 64.7728], [-173.1332, 64.7824], [-173.0944, 64.7833], [-173.0544, 64.8032], [-173.0614, 64.8121], [-173.0836, 64.8166], [-173.0878, 64.822], [-173.0847, 64.8302], [-173.0565, 64.8309], [-173.0377, 64.8423], [-172.997, 64.849], [-172.9855, 64.8585], [-172.9595, 64.8635], [-172.9083, 64.863], [-172.8494, 64.8464], [-172.7984, 64.8468], [-172.7805, 64.8392], [-172.7662, 64.8418], [-172.7694, 64.8361], [-172.7596, 64.8332], [-172.6936, 64.8527], [-172.6693, 64.8711], [-172.5791, 64.8904], [-172.5362, 64.9085], [-172.5073, 64.9078], [-172.5499, 64.9007], [-172.5509, 64.8961], [-172.5686, 64.8922], [-172.5735, 64.8859], [-172.6205, 64.8782], [-172.5989, 64.8777], [-172.6542, 64.8681], [-172.6433, 64.8671], [-172.5928, 64.8756], [-172.5141, 64.9062], [-172.3888, 64.9229], [-172.3233, 64.9512], [-172.2642, 64.9645], [-172.2075, 65.0062], [-172.2036, 65.0139], [-172.1957, 65.0142], [-172.1942, 65.0196], [-172.1791, 65.0218], [-172.1197, 65.0473], [-172.0985, 65.0607], [-172.0836, 65.0908], [-172.1642, 65.1515], [-172.1979, 65.1899], [-172.2077, 65.2249], [-172.1957, 65.2569], [-172.1791, 65.2596], [-172.189, 65.269], [-172.1765, 65.2913], [-172.1835, 65.2981], [-172.2109, 65.3072], [-172.2143, 65.3223], [-172.2214, 65.3247], [-172.214, 65.3235], [-172.2136, 65.3348], [-172.1712, 65.3996], [-172.1298, 65.4413], [-172.1015, 65.4628], [-172.0861, 65.4791], [-172.0862, 65.4869], [-172.1154, 65.4644], [-172.1485, 65.4486], [-172.2098, 65.431], [-172.2738, 65.4202], [-172.3512, 65.4206], [-172.392, 65.4366], [-172.3966, 65.448], [-172.4239, 65.4531], [-172.4189, 65.4581], [-172.4372, 65.4607], [-172.4662, 65.4483], [-172.6696, 65.4379], [-172.8086, 65.4179], [-172.9732, 65.3612], [-173.1988, 65.2576], [-173.3936, 65.2252], [-173.4969, 65.1784], [-173.5612, 65.17], [-173.6027, 65.1989], [-173.6384, 65.2775], [-173.5262, 65.3444], [-173.4881, 65.4123], [-173.4609, 65.4453], [-173.5146, 65.4689], [-173.618, 65.4517], [-173.6741, 65.4618], [-173.6626, 65.4901], [-173.615, 65.5316], [-173.5411, 65.5617], [-173.522, 65.5864], [-173.6091, 65.6802], [-173.8106, 65.6784], [-173.8113, 65.6869], [-173.8064, 65.6904], [-173.816, 65.6996], [-173.8158, 65.705], [-173.7883, 65.7179], [-173.7872, 65.7287], [-173.7712, 65.7312], [-173.769, 65.7358], [-173.8098, 65.7519], [-173.8198, 65.7655], [-173.8125, 65.7698], [-173.8178, 65.7794], [-173.8008, 65.7849], [-173.7973, 65.8002], [-173.7994, 65.8089], [-173.7952, 65.8188], [-173.8039, 65.8263], [-173.8051, 65.8367], [-173.8793, 65.8441], [-173.8777, 65.8538], [-173.894, 65.8619], [-173.9258, 65.8611], [-173.947, 65.8529], [-173.9617, 65.8645], [-173.9917, 65.8659], [-174.0072, 65.8789], [-174.0268, 65.8829], [-174.0277, 65.8927], [-174.0792, 65.9274], [-174.1018, 65.9553], [-174.0946, 65.9767], [-174.0624, 65.9821], [-174.0431, 66.0328], [-174.045, 66.0824], [-174.0768, 66.0889], [-174.0864, 66.1044], [-174.0701, 66.1142], [-174.029, 66.1262], [-174.0311, 66.1431], [-174.0207, 66.16], [-174.0706, 66.1476], [-174.1013, 66.1246], [-174.2615, 66.0912], [-174.3295, 66.0409], [-174.3394, 65.9985], [-174.3761, 65.9561], [-174.5037, 65.8794], [-174.5279, 65.8513], [-174.5182, 65.831], [-174.4521, 65.8254], [-174.2951, 65.8334], [-174.2198, 65.8195], [-174.2314, 65.7793], [-174.2668, 65.6921], [-174.4654, 65.6802], [-174.6948, 65.6103], [-174.8026, 65.5877], [-174.9521, 65.6071], [-175.0322, 65.6589], [-175.0538, 65.733], [-175.133, 65.8334], [-175.2405, 65.8843], [-175.3206, 65.9472], [-175.4203, 65.9301], [-175.4503, 65.9368], [-175.4049, 65.9519], [-175.4188, 65.9648], [-175.3979, 65.9799], [-175.3456, 65.9914], [-175.2578, 66.027], [-175.2299, 66.0528], [-175.2579, 66.0882], [-175.3723, 66.1213], [-175.4968, 66.1388], [-175.6135, 66.1395], [-175.6382, 66.1528], [-175.6303, 66.1782], [-175.4324, 66.2692], [-175.231, 66.3149], [-175.2027, 66.379], [-175.2068, 66.4509], [-175.249, 66.5034], [-175.2328, 66.5406], [-175.1609, 66.5972], [-175.0944, 66.6893], [-175.097, 66.7314], [-175.0222, 66.7396], [-175.0055, 66.7473], [-175.0719, 66.8407], [-175.0663, 66.854], [-175.3005, 66.8595], [-175.3127, 66.9025], [-175.4112, 66.9075], [-175.6058, 66.788], [-175.8178, 66.7702], [-175.8934, 66.7308], [-176.0674, 66.7968], [-176.2962, 66.8325], [-176.32, 66.8144], [-176.3095, 66.8082], [-176.3686, 66.7683], [-176.4155, 66.7522], [-176.5707, 66.5905], [-176.5178, 66.5844], [-176.5163, 66.5777], [-176.5287, 66.5599], [-176.4767, 66.5475], [-176.5995, 66.5422], [-176.6828, 66.5074], [-176.7997, 66.4721], [-176.8874, 66.4901], [-177.0088, 66.4935], [-177.0213, 66.4883], [-177.0234, 66.4804], [-177.0321, 66.4791], [-177.0305, 66.4879], [-177.1589, 66.5048], [-177.257, 66.4783], [-177.2017, 66.4013], [-177.1644, 66.3748], [-177.0477, 66.3453], [-177.0782, 66.3119], [-177.0463, 66.2548], [-176.9798, 66.1857], [-176.8674, 66.1925], [-176.7456, 66.1747], [-176.5559, 66.0931], [-176.5659, 66.0689], [-176.4398, 65.9406], [-176.4887, 65.9023], [-176.4822, 65.8474], [-176.5172, 65.7352], [-176.5148, 65.6905], [-176.5374, 65.6725], [-176.5448, 65.6486], [-176.5655, 65.6112], [-176.6208, 65.5762], [-176.6376, 65.5755], [-176.6475, 65.5677], [-176.6475, 65.5606], [-176.6783, 65.5615]]]]}}, {"type": "Feature", "properties": {"osm_type": "relation", "osm_id": 555334094, "name": "Anadyrsky District", "admin_level": "6", "kind": "subdivision_2", "parent_osm_id": 151231, "parent_name": "Chukotka Autonomous Okrug", "parent_iso": "RU-CHU"}, "geometry": {"type": "Polygon", "coordinates": [[[170.8026, 67.1781], [170.8736, 67.1081], [170.8016, 67.1015], [170.7226, 67.0597], [170.6708, 67.0704], [170.5207, 67.052], [170.5075, 67.0098], [170.4611, 66.9843], [170.4646, 66.9649], [170.6364, 66.944], [170.7286, 66.8949], [170.568, 66.8685], [170.41, 66.8678], [170.3379, 66.8557], [170.1805, 66.8636], [170.1506, 66.852], [169.8487, 66.8308], [169.7762, 66.8401], [169.7324, 66.8697], [169.6463, 66.8629], [169.3732, 66.752], [169.15, 66.774], [169.1299, 66.7274], [168.9127, 66.6684], [168.975, 66.6429], [169.0135, 66.6453], [168.9347, 66.5806], [168.9678, 66.5684], [168.956, 66.5378], [168.8917, 66.5374], [168.7635, 66.4619], [168.4772, 66.4333], [168.4238, 66.4006], [168.1878, 66.4079], [168.1368, 66.3933], [168.0785, 66.3492], [168.0877, 66.3401], [167.9876, 66.2988], [167.8272, 66.2704], [167.7387, 66.2804], [167.6416, 66.2496], [167.6156, 66.2677], [167.5121, 66.2818], [167.4382, 66.263], [167.2443, 66.2746], [167.1952, 66.2678], [167.1992, 66.2454], [167.05, 66.1808], [166.8465, 66.1794], [166.8407, 66.2061], [166.7943, 66.2191], [166.7754, 66.2397], [166.7255, 66.2439], [166.666, 66.2875], [166.6353, 66.272], [166.3387, 66.2657], [166.2952, 66.236], [166.2017, 66.2105], [166.2362, 66.1521], [166.2356, 66.1085], [166.1632, 66.0544], [166.1807, 66.0113], [166.016, 65.945], [165.9908, 65.9128], [165.9336, 65.8982], [165.8999, 65.8708], [165.8526, 65.8713], [165.8307, 65.8376], [165.863, 65.8209], [165.8384, 65.7953], [165.8605, 65.7469], [165.8425, 65.733], [165.6735, 65.7656], [165.6269, 65.7577], [165.5901, 65.7237], [165.3905, 65.6541], [165.4905, 65.5912], [165.5846, 65.601], [165.5926, 65.5873], [165.6552, 65.5628], [165.7233, 65.523], [165.6863, 65.4778], [165.6906, 65.4341], [165.664, 65.3921], [165.6073, 65.3738], [165.6037, 65.3588], [165.5541, 65.3357], [165.5488, 65.3231], [165.5679, 65.3187], [165.5634, 65.3079], [165.5221, 65.2948], [165.5166, 65.2827], [165.4878, 65.2835], [165.4864, 65.2736], [165.4563, 65.2762], [165.44, 65.2893], [165.4318, 65.2876], [165.4367, 65.2744], [165.4309, 65.2627], [165.3908, 65.2591], [165.3922, 65.2485], [165.3848, 65.2369], [165.3841, 65.2235], [165.3682, 65.218], [165.3866, 65.2029], [165.3834, 65.1984], [165.3267, 65.1897], [165.321, 65.1875], [165.3188, 65.1779], [165.3023, 65.1724], [165.3056, 65.1677], [165.3346, 65.1588], [165.3791, 65.1697], [165.3927, 65.1784], [165.4402, 65.1875], [165.4532, 65.1661], [165.4675, 65.1673], [165.4891, 65.1581], [165.5126, 65.1633], [165.54, 65.1501], [165.5691, 65.1522], [165.5986, 65.1439], [165.6162, 65.144], [165.6155, 65.1244], [165.5846, 65.1197], [165.5745, 65.1039], [165.5385, 65.0961], [165.5402, 65.0883], [165.5155, 65.0733], [165.4697, 65.0651], [165.4651, 65.0602], [165.478, 65.0532], [165.4609, 65.0511], [165.4278, 65.0201], [165.4108, 65.0148], [165.413, 65.0107], [165.4049, 65.0048], [165.4049, 64.9962], [165.3981, 64.9938], [165.3951, 64.9793], [165.4419, 64.9665], [165.4509, 64.9531], [165.4517, 64.9419], [165.4456, 64.9319], [165.4284, 64.9239], [165.4128, 64.9266], [165.3922, 64.9195], [165.3824, 64.9247], [165.357, 64.924], [165.3521, 64.9201], [165.3818, 64.91], [165.3934, 64.8931], [165.4261, 64.8966], [165.4184, 64.8883], [165.4467, 64.8798], [165.4489, 64.8696], [165.4362, 64.8638], [165.4229, 64.865], [165.4165, 64.8584], [165.3978, 64.8544], [165.345, 64.8633], [165.3209, 64.8508], [165.3017, 64.8538], [165.3031, 64.8306], [165.2883, 64.826], [165.3023, 64.8116], [165.3291, 64.8071], [165.3319, 64.8049], [165.3209, 64.7966], [165.3483, 64.7832], [165.3464, 64.7774], [165.3243, 64.7694], [165.3235, 64.7629], [165.3365, 64.7543], [165.363, 64.763], [165.3873, 64.7642], [165.3998, 64.754], [165.403, 64.7438], [165.4183, 64.74], [165.4268, 64.7444], [165.4455, 64.7333], [165.4751, 64.7445], [165.4743, 64.7509], [165.5004, 64.7561], [165.5217, 64.7545], [165.5285, 64.7441], [165.5397, 64.7398], [165.5674, 64.7365], [165.5885, 64.7393], [165.6134, 64.7494], [165.6186, 64.7437], [165.6311, 64.7498], [165.6851, 64.7503], [165.6842, 64.7373], [165.7086, 64.7303], [165.7184, 64.7178], [165.7584, 64.7148], [165.74, 64.6977], [165.7307, 64.6798], [165.7209, 64.6772], [165.7212, 64.6713], [165.7306, 64.6696], [165.7297, 64.6615], [165.7458, 64.6589], [165.7508, 64.6514], [165.8139, 64.6403], [165.81, 64.6328], [165.822, 64.6247], [165.8809, 64.6113], [165.9028, 64.6121], [165.8716, 64.597], [165.8507, 64.5974], [165.821, 64.5865], [165.8332, 64.5792], [165.8349, 64.5765], [165.8287, 64.5747], [165.8463, 64.5712], [165.8453, 64.5499], [165.8508, 64.5475], [165.8796, 64.5518], [165.9153, 64.548], [165.9422, 64.5549], [165.9619, 64.5491], [166.0021, 64.5549], [166.0407, 64.5491], [166.0521, 64.5597], [166.0633, 64.5629], [166.0683, 64.5748], [166.1198, 64.5853], [166.1218, 64.5976], [166.1347, 64.6069], [166.1857, 64.62], [166.1915, 64.6007], [166.2178, 64.6014], [166.232, 64.5935], [166.2795, 64.5884], [166.2906, 64.5808], [166.3107, 64.5835], [166.3115, 64.5944], [166.3375, 64.5902], [166.4079, 64.5903], [166.4279, 64.5769], [166.4578, 64.5703], [166.4737, 64.5585], [166.5378, 64.5539], [166.5517, 64.5429], [166.5822, 64.5373], [166.5919, 64.5219], [166.6404, 64.5224], [166.6822, 64.533], [166.6859, 64.5405], [166.73, 64.5498], [166.7596, 64.5424], [166.7592, 64.5363], [166.7772, 64.5318], [166.7745, 64.5249], [166.7878, 64.5189], [166.8084, 64.5322], [166.8296, 64.5329], [166.8592, 64.5444], [166.8674, 64.5367], [166.8914, 64.5384], [166.9012, 64.5342], [166.9274, 64.5425], [166.992, 64.5363], [166.9991, 64.5384], [167.0001, 64.5487], [167.0265, 64.5565], [167.0417, 64.5753], [167.0696, 64.5809], [167.0844, 64.5882], [167.087, 64.5945], [167.1062, 64.6], [167.1354, 64.5925], [167.1269, 64.6197], [167.1404, 64.6219], [167.1994, 64.6077], [167.207, 64.6124], [167.2053, 64.6174], [167.2355, 64.6227], [167.2506, 64.6158], [167.2476, 64.6031], [167.2734, 64.5934], [167.273, 64.5833], [167.2928, 64.5748], [167.2851, 64.5667], [167.2906, 64.5576], [167.3334, 64.5402], [167.3337, 64.529], [167.3403, 64.5259], [167.3285, 64.5205], [167.3402, 64.5135], [167.3353, 64.5087], [167.3393, 64.5017], [167.3869, 64.4783], [167.4136, 64.4762], [167.4766, 64.4823], [167.4912, 64.4736], [167.4828, 64.4674], [167.4836, 64.4525], [167.5566, 64.432], [167.5875, 64.4287], [167.5891, 64.4153], [167.6125, 64.4052], [167.6013, 64.3992], [167.6031, 64.3888], [167.6383, 64.3718], [167.6411, 64.3661], [167.6712, 64.3615], [167.6646, 64.3538], [167.6876, 64.3189], [167.7117, 64.3258], [167.7257, 64.322], [167.7465, 64.3299], [167.7655, 64.3282], [167.7869, 64.333], [167.8096, 64.346], [167.8371, 64.3261], [167.8361, 64.3042], [167.8473, 64.2942], [167.8907, 64.3005], [167.9036, 64.2887], [167.922, 64.2889], [167.9359, 64.2823], [167.9815, 64.2826], [168.0181, 64.2739], [168.0344, 64.2753], [168.0381, 64.2655], [168.0681, 64.2692], [168.0845, 64.2766], [168.1052, 64.2764], [168.1137, 64.2825], [168.1356, 64.2812], [168.1462, 64.2739], [168.1828, 64.2767], [168.1967, 64.2838], [168.1982, 64.2928], [168.1894, 64.2971], [168.1955, 64.3077], [168.2466, 64.3311], [168.2795, 64.3302], [168.3021, 64.3146], [168.367, 64.297], [168.4102, 64.3073], [168.4165, 64.3141], [168.4487, 64.3121], [168.4827, 64.3172], [168.4863, 64.3128], [168.5038, 64.3113], [168.5153, 64.3019], [168.5299, 64.3037], [168.5664, 64.2861], [168.5819, 64.2742], [168.5778, 64.2621], [168.6062, 64.2505], [168.6081, 64.2348], [168.6485, 64.2247], [168.6494, 64.2189], [168.634, 64.2128], [168.6423, 64.1992], [168.652, 64.1937], [168.6842, 64.1962], [168.7126, 64.1851], [168.7327, 64.1889], [168.7593, 64.1837], [168.7829, 64.1873], [168.8002, 64.1836], [168.7965, 64.1735], [168.8072, 64.1683], [168.8096, 64.1543], [168.825, 64.1395], [168.8114, 64.1293], [168.8211, 64.1217], [168.8087, 64.1082], [168.8386, 64.0941], [168.8404, 64.0888], [168.8315, 64.0787], [168.835, 64.0752], [168.883, 64.0605], [168.8901, 64.0478], [168.8873, 64.0345], [168.875, 64.0314], [168.8694, 64.0137], [168.8829, 64.0013], [168.8768, 63.9847], [168.9226, 63.9798], [168.9922, 63.9907], [169.0029, 63.9768], [169.0424, 63.9793], [169.0667, 63.9742], [169.0681, 63.9713], [169.0528, 63.9617], [169.0611, 63.9515], [169.0682, 63.9499], [169.0631, 63.9435], [169.0791, 63.9427], [169.0902, 63.9354], [169.1063, 63.9411], [169.1272, 63.9358], [169.1862, 63.937], [169.2193, 63.9436], [169.3091, 63.9473], [169.3232, 63.9356], [169.3875, 63.9401], [169.3922, 63.9321], [169.3813, 63.9278], [169.3786, 63.9176], [169.3668, 63.909], [169.4006, 63.9039], [169.4006, 63.8995], [169.3766, 63.8807], [169.3765, 63.8732], [169.3848, 63.8639], [169.3989, 63.8594], [169.4165, 63.8653], [169.4155, 63.8525], [169.4444, 63.8471], [169.493, 63.8489], [169.5084, 63.8327], [169.575, 63.8055], [169.5778, 63.7939], [169.572, 63.7898], [169.582, 63.7814], [169.5831, 63.7734], [169.5756, 63.7583], [169.5878, 63.7442], [169.592, 63.7312], [169.5677, 63.7267], [169.569, 63.7215], [169.5817, 63.716], [169.5681, 63.6989], [169.5708, 63.6915], [169.6143, 63.6837], [169.6161, 63.6789], [169.6086, 63.6626], [169.6158, 63.6568], [169.6417, 63.6544], [169.6024, 63.6405], [169.5736, 63.6422], [169.5544, 63.6318], [169.5647, 63.6248], [169.5622, 63.6196], [169.5452, 63.6144], [169.5434, 63.6074], [169.5282, 63.6017], [169.5325, 63.59], [169.5471, 63.5801], [169.5335, 63.5733], [169.5274, 63.5645], [169.4795, 63.5654], [169.4443, 63.557], [169.4292, 63.5467], [169.4043, 63.5428], [169.3958, 63.5332], [169.3693, 63.5307], [169.3248, 63.5375], [169.2997, 63.5254], [169.2852, 63.5259], [169.2541, 63.5132], [169.2272, 63.5138], [169.2323, 63.5113], [169.229, 63.5053], [169.2065, 63.488], [169.1537, 63.4728], [169.1503, 63.468], [169.1538, 63.4631], [169.1434, 63.4572], [169.1417, 63.4489], [169.1343, 63.447], [169.1337, 63.4405], [169.1102, 63.4358], [169.0942, 63.414], [169.0636, 63.407], [168.9921, 63.3701], [168.9462, 63.3553], [168.9509, 63.3415], [168.9095, 63.3211], [168.8971, 63.3248], [168.8643, 63.3098], [168.8511, 63.3113], [168.8274, 63.3049], [168.829, 63.2875], [168.8245, 63.2841], [168.8296, 63.2772], [168.8243, 63.2723], [168.8319, 63.2661], [168.8002, 63.2374], [168.7562, 63.2451], [168.7562, 63.2522], [168.7387, 63.2476], [168.7459, 63.2392], [168.7292, 63.2382], [168.7144, 63.231], [168.7094, 63.2268], [168.7332, 63.2225], [168.7389, 63.2115], [168.7733, 63.2035], [168.7566, 63.1916], [168.7583, 63.1876], [168.7296, 63.1773], [168.7101, 63.1836], [168.6199, 63.1783], [168.6199, 63.1719], [168.6287, 63.167], [168.628, 63.1612], [168.6115, 63.1575], [168.6111, 63.1521], [168.5717, 63.1392], [168.5577, 63.1281], [168.53, 63.1269], [168.531, 63.1229], [168.5225, 63.1168], [168.5274, 63.1136], [168.507, 63.1136], [168.4878, 63.1065], [168.4659, 63.0843], [168.474, 63.0816], [168.4798, 63.0719], [168.5029, 63.0652], [168.5227, 63.0679], [168.5195, 63.0645], [168.5226, 63.0555], [168.5786, 63.0329], [168.5919, 63.036], [168.646, 63.0239], [168.6716, 63.0267], [168.7549, 62.9998], [168.8252, 62.9673], [168.9062, 62.9536], [168.9222, 62.9436], [169.0146, 62.9632], [169.0315, 62.9625], [169.049, 62.9536], [169.0643, 62.9734], [169.0894, 62.979], [169.0975, 62.9761], [169.1144, 62.9802], [169.1226, 62.975], [169.1559, 62.9737], [169.1587, 62.9663], [169.1851, 62.953], [169.1865, 62.9394], [169.2142, 62.9419], [169.2467, 62.92], [169.2998, 62.9092], [169.3192, 62.8957], [169.3892, 62.8913], [169.3996, 62.8831], [169.3981, 62.8761], [169.3765, 62.8754], [169.3677, 62.8663], [169.3701, 62.8628], [169.3828, 62.8568], [169.4013, 62.8576], [169.423, 62.8447], [169.4457, 62.8454], [169.4738, 62.8239], [169.5012, 62.8211], [169.578, 62.793], [169.5851, 62.7882], [169.5767, 62.7831], [169.5943, 62.7744], [169.6014, 62.7637], [169.5788, 62.7579], [169.5795, 62.7506], [169.5985, 62.7449], [169.626, 62.7451], [169.6289, 62.7381], [169.642, 62.733], [169.6498, 62.7222], [169.6794, 62.7046], [169.7279, 62.7155], [169.7427, 62.708], [169.7369, 62.7058], [169.7435, 62.7001], [169.7392, 62.6948], [169.7564, 62.6911], [169.7722, 62.6812], [169.8119, 62.6769], [169.8412, 62.6668], [169.8325, 62.6647], [169.8327, 62.6595], [169.852, 62.6565], [169.8917, 62.6667], [169.9212, 62.6682], [169.9326, 62.6671], [169.948, 62.6559], [169.9608, 62.6556], [169.9743, 62.6596], [169.9715, 62.6661], [170.0023, 62.6696], [170.0069, 62.6765], [170.048, 62.6746], [170.0646, 62.6656], [170.069, 62.6571], [170.0944, 62.6484], [170.086, 62.6426], [170.0932, 62.6365], [170.056, 62.6363], [170.028, 62.6233], [170.0245, 62.6183], [170.0316, 62.6097], [170.0268, 62.6053], [170.0428, 62.5968], [170.0446, 62.5939], [170.0388, 62.5908], [170.0459, 62.5836], [170.0446, 62.5787], [170.0318, 62.5669], [170.0111, 62.5586], [170.0106, 62.5494], [169.9999, 62.5414], [169.9901, 62.5392], [169.989, 62.5263], [170.0185, 62.5211], [170.0636, 62.5225], [170.071, 62.5161], [170.0693, 62.5079], [170.0933, 62.5029], [170.1188, 62.4908], [170.1168, 62.4803], [170.1057, 62.475], [170.1033, 62.4591], [170.0695, 62.4556], [170.0766, 62.4481], [170.0742, 62.4409], [170.0822, 62.4359], [170.1227, 62.4303], [170.1508, 62.4081], [170.1449, 62.4036], [170.1483, 62.3926], [170.131, 62.3865], [170.1396, 62.3783], [170.1409, 62.3662], [170.1519, 62.3644], [170.1538, 62.3575], [170.1606, 62.3554], [170.1835, 62.3579], [170.1925, 62.3487], [170.2051, 62.3446], [170.1991, 62.3373], [170.201, 62.3323], [170.2137, 62.3286], [170.21, 62.3218], [170.1849, 62.306], [170.187, 62.3007], [170.2134, 62.2919], [170.2354, 62.2922], [170.2356, 62.2862], [170.2457, 62.2813], [170.2903, 62.2949], [170.2987, 62.2758], [170.3091, 62.2732], [170.3175, 62.2769], [170.3211, 62.2856], [170.3618, 62.2978], [170.3603, 62.3026], [170.3676, 62.3086], [170.3976, 62.3134], [170.4087, 62.3126], [170.4148, 62.305], [170.4512, 62.3044], [170.4548, 62.2939], [170.4738, 62.2959], [170.4908, 62.2856], [170.5157, 62.3005], [170.5442, 62.3038], [170.5524, 62.2994], [170.5524, 62.2903], [170.5627, 62.2988], [170.5734, 62.2988], [170.5755, 62.2879], [170.5863, 62.279], [170.5982, 62.2796], [170.5961, 62.2846], [170.6018, 62.2906], [170.6328, 62.2841], [170.6391, 62.2763], [170.6344, 62.2705], [170.6412, 62.2675], [170.6669, 62.2705], [170.7123, 62.2644], [170.7314, 62.271], [170.7361, 62.2778], [170.7675, 62.2671], [170.7696, 62.2588], [170.7802, 62.2526], [170.8149, 62.2613], [170.8428, 62.2498], [170.8507, 62.256], [170.8444, 62.2698], [170.8817, 62.2808], [170.921, 62.2706], [170.9402, 62.2733], [170.9464, 62.2827], [170.9615, 62.2858], [170.9803, 62.2757], [170.9979, 62.281], [171.02, 62.281], [171.0453, 62.2751], [171.0868, 62.2896], [171.1028, 62.3105], [171.0856, 62.3225], [171.0912, 62.331], [171.1045, 62.3345], [171.1078, 62.3471], [171.1435, 62.3398], [171.1481, 62.3352], [171.1713, 62.339], [171.2268, 62.3632], [171.2312, 62.3707], [171.2466, 62.3741], [171.2586, 62.3832], [171.2551, 62.3876], [171.2584, 62.3934], [171.2726, 62.3815], [171.3063, 62.3789], [171.315, 62.3726], [171.2669, 62.3546], [171.2602, 62.3439], [171.2442, 62.3403], [171.2435, 62.3302], [171.2519, 62.3251], [171.2482, 62.3199], [171.2639, 62.3198], [171.2698, 62.3139], [171.3155, 62.3195], [171.3393, 62.3306], [171.3322, 62.3395], [171.3407, 62.3461], [171.3639, 62.3474], [171.3718, 62.3538], [171.3827, 62.3543], [171.3826, 62.3385], [171.4059, 62.3325], [171.4071, 62.3097], [171.4027, 62.3018], [171.4199, 62.2993], [171.4355, 62.3063], [171.4589, 62.3008], [171.4724, 62.304], [171.4825, 62.2942], [171.5247, 62.3111], [171.5907, 62.3244], [171.6059, 62.3188], [171.6216, 62.3217], [171.6325, 62.3397], [171.6489, 62.3424], [171.6529, 62.3475], [171.6713, 62.3483], [171.6763, 62.3542], [171.7016, 62.3556], [171.7149, 62.3484], [171.7295, 62.3477], [171.75, 62.3494], [171.7689, 62.3619], [171.805, 62.3561], [171.8487, 62.3606], [171.8783, 62.3555], [171.8934, 62.3592], [171.8994, 62.3678], [171.8909, 62.3713], [171.8916, 62.3774], [171.8418, 62.3928], [171.8473, 62.3991], [171.8422, 62.4058], [171.8524, 62.4122], [171.8729, 62.4094], [171.8756, 62.4027], [171.9235, 62.4025], [171.9602, 62.4156], [171.9786, 62.4162], [171.98, 62.4306], [171.9915, 62.4357], [171.9986, 62.4561], [172.0779, 62.465], [172.112, 62.4599], [172.159, 62.4624], [172.1717, 62.4569], [172.2079, 62.4647], [172.2189, 62.4615], [172.2116, 62.4535], [172.2349, 62.4454], [172.2591, 62.4246], [172.2388, 62.4072], [172.2395, 62.3996], [172.248, 62.3959], [172.2714, 62.3968], [172.2669, 62.381], [172.2899, 62.3717], [172.3277, 62.3789], [172.3358, 62.3997], [172.3585, 62.4018], [172.3741, 62.3952], [172.4066, 62.4032], [172.4197, 62.4188], [172.4424, 62.4291], [172.4522, 62.439], [172.561, 62.4453], [172.5682, 62.4426], [172.5677, 62.4374], [172.5895, 62.429], [172.614, 62.4292], [172.6287, 62.4365], [172.6467, 62.4372], [172.6344, 62.4299], [172.6415, 62.4228], [172.6654, 62.4231], [172.6705, 62.4183], [172.7046, 62.4217], [172.703, 62.4113], [172.7079, 62.4083], [172.7253, 62.4097], [172.7331, 62.4151], [172.7562, 62.4126], [172.7681, 62.4016], [172.748, 62.3932], [172.7419, 62.381], [172.7576, 62.3709], [172.7525, 62.3624], [172.7547, 62.3579], [172.7659, 62.3562], [172.767, 62.3504], [172.7931, 62.345], [172.8688, 62.3498], [172.89, 62.3584], [172.8914, 62.3703], [172.8832, 62.3773], [172.9214, 62.3928], [172.9208, 62.3976], [172.9442, 62.4029], [172.9766, 62.3983], [173.011, 62.3813], [173.07, 62.3831], [173.0636, 62.3916], [173.0755, 62.404], [173.0982, 62.4097], [173.0958, 62.4183], [173.1348, 62.4251], [173.159, 62.4194], [173.164, 62.4138], [173.1693, 62.4209], [173.1802, 62.422], [173.1781, 62.4352], [173.1617, 62.4368], [173.1555, 62.4424], [173.1615, 62.4475], [173.1964, 62.444], [173.2167, 62.4494], [173.2512, 62.4402], [173.2696, 62.4524], [173.3297, 62.4487], [173.3219, 62.4571], [173.3322, 62.4651], [173.3705, 62.4698], [173.3848, 62.4806], [173.4301, 62.4841], [173.4341, 62.4924], [173.4574, 62.4987], [173.4625, 62.5053], [173.4857, 62.5062], [173.4846, 62.5131], [173.501, 62.5237], [173.5269, 62.5231], [173.5407, 62.514], [173.5746, 62.516], [173.5756, 62.5095], [173.5925, 62.5019], [173.6132, 62.4993], [173.6374, 62.5113], [173.6399, 62.5227], [173.6536, 62.5265], [173.6596, 62.5424], [173.6722, 62.5468], [173.732, 62.534], [173.7212, 62.524], [173.7268, 62.518], [173.7808, 62.5224], [173.7938, 62.5209], [173.8104, 62.5109], [173.8396, 62.5099], [173.844, 62.4994], [173.8656, 62.4883], [173.8605, 62.4688], [173.9079, 62.4473], [173.8953, 62.4388], [173.8985, 62.4354], [173.9551, 62.4372], [173.9879, 62.4439], [173.9971, 62.4494], [173.9999, 62.4586], [174.0375, 62.4625], [174.0323, 62.4696], [174.0423, 62.4722], [174.0821, 62.4671], [174.0899, 62.4591], [174.1144, 62.4563], [174.1321, 62.4489], [174.1311, 62.4433], [174.1593, 62.4228], [174.1542, 62.4181], [174.161, 62.4051], [174.1535, 62.3966], [174.1547, 62.3906], [174.1447, 62.3832], [174.1499, 62.3708], [174.1413, 62.3627], [174.1411, 62.3593], [174.1556, 62.3554], [174.1487, 62.3521], [174.1511, 62.3379], [174.0981, 62.3252], [174.0696, 62.3286], [174.0674, 62.3261], [174.0759, 62.3151], [174.0629, 62.3094], [174.0669, 62.3007], [174.0546, 62.2879], [174.0299, 62.287], [174.012, 62.2922], [173.9994, 62.2829], [174.016, 62.2772], [174.0159, 62.2695], [174.027, 62.2615], [174.0588, 62.2664], [174.0675, 62.2633], [174.0739, 62.2565], [174.0619, 62.2513], [174.0637, 62.2439], [174.0827, 62.2418], [174.1, 62.2319], [174.1137, 62.219], [174.1143, 62.2058], [174.1371, 62.2039], [174.1459, 62.1975], [174.1495, 62.1819], [174.1102, 62.1747], [174.1082, 62.157], [174.128, 62.1344], [174.1213, 62.1201], [174.1429, 62.1172], [174.1618, 62.1083], [174.1627, 62.1025], [174.156, 62.0985], [174.1632, 62.0953], [174.1607, 62.0833], [174.19, 62.0787], [174.1964, 62.0727], [174.2238, 62.0793], [174.2391, 62.0761], [174.2534, 62.0855], [174.2511, 62.0894], [174.262, 62.0928], [174.3049, 62.0934], [174.3584, 62.0738], [174.3578, 62.069], [174.3421, 62.06], [174.3417, 62.041], [174.335, 62.0344], [174.3466, 62.0334], [174.355, 62.0244], [174.3864, 62.037], [174.4039, 62.0366], [174.4519, 62.0239], [174.4517, 62.0175], [174.4422, 62.0104], [174.4428, 61.9951], [174.4507, 61.9922], [174.4476, 61.9868], [174.4909, 61.974], [174.482, 61.9713], [174.4827, 61.9664], [174.4638, 61.9627], [174.4692, 61.9578], [174.4582, 61.9376], [174.4626, 61.9332], [174.4485, 61.9283], [174.4507, 61.924], [174.4376, 61.9237], [174.4373, 61.9108], [174.448, 61.9063], [174.4704, 61.9092], [174.4845, 61.9005], [174.5026, 61.8983], [174.5168, 61.883], [174.5096, 61.8806], [174.5189, 61.8702], [174.5017, 61.8643], [174.4936, 61.854], [174.497, 61.838], [174.4825, 61.8366], [174.4853, 61.8442], [174.4731, 61.8496], [174.4409, 61.8484], [174.439, 61.8392], [174.4452, 61.8244], [174.4754, 61.8082], [174.5057, 61.8086], [174.5198, 61.8165], [174.5607, 61.8221], [174.5856, 61.8218], [174.6449, 61.8394], [174.7173, 61.853], [174.7264, 61.8571], [174.739, 61.8794], [174.7617, 61.8909], [174.7608, 61.8949], [174.7695, 61.8944], [174.834, 61.9218], [174.9708, 61.9603], [175.0654, 61.9727], [175.2128, 62.0077], [175.2802, 62.0393], [175.2742, 62.0433], [175.4157, 62.1046], [175.5506, 62.1488], [175.82, 62.2172], [175.9807, 62.2497], [176.2787, 62.2923], [176.3398, 62.3165], [176.3877, 62.3492], [176.4385, 62.375], [176.5448, 62.4161], [176.9505, 62.5166], [177.1322, 62.5412], [177.3919, 62.5568], [177.5841, 62.5597], [177.7641, 62.5538], [178.0895, 62.5312], [178.1351, 62.5124], [178.1658, 62.4937], [178.2818, 62.4717], [178.3244, 62.4592], [178.3873, 62.4524], [178.4367, 62.4394], [178.5688, 62.4155], [178.6215, 62.4103], [178.6739, 62.3968], [178.7801, 62.3845], [178.8172, 62.3718], [178.9144, 62.3545], [179.0065, 62.3442], [179.0392, 62.3342], [179.0653, 62.2976], [179.0845, 62.2917], [179.0859, 62.28], [179.0932, 62.2752], [179.1126, 62.2754], [179.1542, 62.2869], [179.1614, 62.301], [179.1843, 62.3202], [179.1585, 62.3315], [179.1488, 62.3493], [179.1665, 62.3754], [179.1881, 62.3911], [179.1207, 62.4166], [179.1162, 62.4221], [179.1233, 62.441], [179.1469, 62.4631], [179.2164, 62.4926], [179.2781, 62.4835], [179.302, 62.4847], [179.33, 62.4765], [179.3637, 62.4769], [179.3845, 62.4852], [179.389, 62.4917], [179.4133, 62.4997], [179.4211, 62.5155], [179.4453, 62.5303], [179.4553, 62.557], [179.4434, 62.576], [179.4622, 62.5915], [179.5108, 62.6129], [179.5675, 62.6123], [179.5902, 62.6194], [179.5974, 62.6268], [179.6011, 62.6488], [179.6231, 62.6614], [179.6251, 62.679], [179.6325, 62.6893], [179.6181, 62.7052], [179.6264, 62.7334], [179.6171, 62.7528], [179.5858, 62.7691], [179.5788, 62.7776], [179.5758, 62.8005], [179.5814, 62.8203], [179.5726, 62.8314], [179.513, 62.8678], [179.4236, 62.8728], [179.4025, 62.88], [179.3725, 62.8757], [179.3566, 62.881], [179.3278, 62.8967], [179.3203, 62.906], [179.32, 62.9185], [179.2941, 62.9387], [179.2839, 62.9588], [179.2811, 62.9807], [179.288, 63.0076], [179.3061, 63.032], [179.3355, 63.0534], [179.371, 63.0644], [179.4024, 63.062], [179.4369, 63.0486], [179.4625, 63.0546], [179.4669, 63.061], [179.4572, 63.0813], [179.4533, 63.1155], [179.3932, 63.1475], [179.3275, 63.1957], [179.2441, 63.2275], [179.1858, 63.2303], [179.0822, 63.2784], [179.0469, 63.2993], [178.967, 63.3637], [178.8841, 63.4438], [178.8472, 63.4925], [178.827, 63.5338], [178.8144, 63.5941], [178.7996, 63.6055], [178.8043, 63.6137], [178.7834, 63.7398], [178.6866, 63.9736], [178.6566, 64.0168], [178.5981, 64.0621], [178.4749, 64.1855], [178.2929, 64.39], [178.2337, 64.4334], [178.2282, 64.4329], [178.2332, 64.4161], [178.2473, 64.3988], [178.2396, 64.3866], [178.2407, 64.3795], [178.2498, 64.3991], [178.2462, 64.4021], [178.2639, 64.4065], [178.2961, 64.3817], [178.3082, 64.352], [178.3292, 64.3408], [178.3327, 64.3248], [178.3136, 64.306], [178.2544, 64.2729], [178.1686, 64.2496], [178.1236, 64.2323], [178.1221, 64.2228], [178.126, 64.2259], [178.1405, 64.2214], [178.1635, 64.1998], [178.1454, 64.1843], [178.1247, 64.1847], [178.0638, 64.1986], [178.0562, 64.2078], [178.0598, 64.2123], [178.0694, 64.2098], [178.0575, 64.2133], [178.0253, 64.2183], [178.0122, 64.2054], [177.98, 64.2026], [177.8574, 64.2326], [177.7828, 64.2671], [177.7051, 64.3142], [177.6424, 64.3376], [177.6184, 64.3371], [177.6098, 64.3483], [177.4798, 64.4148], [177.4652, 64.4379], [177.4216, 64.4782], [177.4127, 64.5154], [177.4266, 64.5576], [177.4549, 64.607], [177.4839, 64.6169], [177.4902, 64.628], [177.4993, 64.6302], [177.4838, 64.6371], [177.4819, 64.6526], [177.5226, 64.7161], [177.5109, 64.7272], [177.5055, 64.7244], [177.5089, 64.7213], [177.5053, 64.7121], [177.474, 64.7091], [177.471, 64.7032], [177.4508, 64.6958], [177.3881, 64.7335], [177.4016, 64.7443], [177.4095, 64.743], [177.356, 64.7515], [177.2233, 64.7035], [177.1874, 64.6977], [177.0865, 64.7052], [177.0464, 64.6904], [177.0004, 64.6602], [176.9409, 64.6361], [176.9297, 64.6261], [176.9101, 64.62], [176.8628, 64.5928], [176.8645, 64.5842], [176.8596, 64.5822], [176.8658, 64.5795], [176.8651, 64.5734], [176.8426, 64.5656], [176.8302, 64.5543], [176.772, 64.5386], [176.7618, 64.5399], [176.7252, 64.5932], [176.6901, 64.6168], [176.6424, 64.638], [176.5389, 64.6684], [176.4735, 64.6639], [176.4523, 64.6322], [176.4367, 64.6177], [176.3473, 64.5925], [176.2955, 64.595], [176.2134, 64.6175], [176.2405, 64.6235], [176.261, 64.6338], [176.3581, 64.6407], [176.3895, 64.6529], [176.3876, 64.6564], [176.3924, 64.659], [176.4202, 64.6647], [176.4386, 64.686], [176.4109, 64.7072], [176.3762, 64.7185], [176.3071, 64.7688], [176.2862, 64.8107], [176.2481, 64.8215], [176.2416, 64.8301], [176.239, 64.8567], [176.2286, 64.8638], [176.2317, 64.8702], [176.2221, 64.8794], [176.2409, 64.8846], [176.2787, 64.8856], [176.4439, 64.8461], [176.4585, 64.8369], [176.4651, 64.8252], [176.4624, 64.8114], [176.448, 64.7952], [176.4839, 64.8001], [176.5529, 64.7989], [176.6029, 64.8269], [176.6229, 64.8296], [176.6495, 64.8449], [176.6836, 64.8549], [176.7228, 64.8443], [176.7509, 64.8481], [176.7914, 64.8438], [176.8142, 64.836], [176.8316, 64.8221], [176.9158, 64.8374], [176.9682, 64.8188], [176.9698, 64.8046], [176.9655, 64.7942], [176.9711, 64.7795], [177.0386, 64.7798], [177.0744, 64.7631], [177.0779, 64.7548], [177.0691, 64.7516], [177.1369, 64.7714], [177.1512, 64.7722], [177.1724, 64.7648], [177.2233, 64.775], [177.2435, 64.7854], [177.2738, 64.7925], [177.3138, 64.7918], [177.3433, 64.8084], [177.3175, 64.8211], [177.2825, 64.8249], [177.2654, 64.8339], [177.2615, 64.848], [177.2722, 64.862], [177.2626, 64.8704], [177.2621, 64.8769], [177.2793, 64.9106], [177.2352, 64.9107], [177.2194, 64.9178], [177.2127, 64.9334], [177.1333, 64.9567], [177.1042, 64.9594], [177.0861, 64.9671], [177.0735, 64.9826], [177.041, 64.9822], [177.0243, 64.9947], [177.01, 65.0371], [176.9959, 65.0288], [176.9006, 65.0241], [176.8649, 65.0066], [176.8431, 65.002], [176.67, 64.9768], [176.6272, 64.9763], [176.5758, 64.9837], [176.5433, 64.9805], [176.5226, 64.9847], [176.4963, 65.0015], [176.4826, 65.0051], [176.4767, 65.0153], [176.4814, 65.0267], [176.4209, 65.0386], [176.4261, 65.0507], [176.4147, 65.0584], [176.4166, 65.0672], [176.4349, 65.0737], [176.4525, 65.075], [176.4551, 65.0652], [176.4806, 65.0626], [176.493, 65.0491], [176.5167, 65.0417], [176.581, 65.0363], [176.5978, 65.0211], [176.6033, 65.0054], [176.7118, 65.0214], [176.7645, 65.0432], [176.8463, 65.0619], [176.9032, 65.0701], [176.9513, 65.0686], [177.0178, 65.0534], [177.0196, 65.0463], [177.0153, 65.0399], [177.0737, 65.0392], [177.1238, 65.0209], [177.1953, 65.0155], [177.2186, 65.0085], [177.2339, 64.9895], [177.2551, 64.9809], [177.2535, 64.9693], [177.2442, 64.9597], [177.2492, 64.958], [177.2502, 64.9514], [177.232, 64.935], [177.2509, 64.9216], [177.3071, 64.9136], [177.4067, 64.9164], [177.4169, 64.9123], [177.4697, 64.918], [177.5056, 64.9109], [177.5089, 64.9248], [177.5322, 64.9263], [177.5192, 64.9209], [177.5251, 64.9112], [177.5096, 64.8984], [177.5017, 64.8683], [177.4925, 64.8545], [177.5389, 64.843], [177.4987, 64.8204], [177.438, 64.8198], [177.4055, 64.8146], [177.4187, 64.8118], [177.4246, 64.8038], [177.4548, 64.8011], [177.4545, 64.7948], [177.4599, 64.793], [177.5161, 64.8038], [177.5616, 64.794], [177.5689, 64.7848], [177.5638, 64.7753], [177.5422, 64.7684], [177.5332, 64.7597], [177.5909, 64.7612], [177.6177, 64.7566], [177.6371, 64.7444], [177.646, 64.7247], [177.6759, 64.7146], [177.6784, 64.7021], [177.6733, 64.7034], [177.6706, 64.6978], [177.6469, 64.6993], [177.6684, 64.7119], [177.6318, 64.6965], [177.6775, 64.6967], [177.7145, 64.6886], [177.8257, 64.6785], [177.9298, 64.6832], [177.9966, 64.6788], [178.021, 64.6724], [178.0336, 64.6591], [178.0286, 64.6437], [178.0113, 64.637], [178.1047, 64.6619], [178.1374, 64.6664], [178.2502, 64.6595], [178.308, 64.653], [178.3174, 64.6466], [178.3189, 64.638], [178.3239, 64.6407], [178.3197, 64.6454], [178.3376, 64.6368], [178.2909, 64.636], [178.2878, 64.6379], [178.2934, 64.6409], [178.2803, 64.6358], [178.2388, 64.6373], [178.2648, 64.6323], [178.3922, 64.6377], [178.5385, 64.6513], [178.5808, 64.6502], [178.6066, 64.6613], [178.6699, 64.6721], [178.7669, 64.676], [178.8203, 64.6525], [178.816, 64.6414], [178.8005, 64.6418], [178.7879, 64.6321], [178.7585, 64.6294], [178.7491, 64.6217], [178.7153, 64.615], [178.6693, 64.5946], [178.6204, 64.5824], [178.5666, 64.5886], [178.544, 64.5791], [178.5174, 64.583], [178.5277, 64.5758], [178.5228, 64.5674], [178.5253, 64.5646], [178.5515, 64.5602], [178.6091, 64.5734], [178.7151, 64.6103], [178.7919, 64.6294], [178.8967, 64.6682], [179.0267, 64.7254], [179.1398, 64.7605], [179.1996, 64.7664], [179.2899, 64.7865], [179.4552, 64.7992], [179.4727, 64.7976], [179.4764, 64.7931], [179.5122, 64.7963], [179.5811, 64.8438], [179.7488, 64.9297], [179.7731, 64.9546], [179.8491, 64.9978], [179.9145, 65.0191], [179.9319, 65.0199], [179.8456, 65.0191], [179.838, 65.0127], [179.8206, 65.0169], [179.7709, 65.0123], [179.7549, 65.0213], [179.7232, 65.0198], [179.719, 65.0239], [179.7203, 65.032], [179.7137, 65.0374], [179.6871, 65.0448], [179.6452, 65.029], [179.609, 65.0225], [179.5998, 65.0284], [179.5467, 65.035], [179.5203, 65.0511], [179.5032, 65.0559], [179.5153, 65.067], [179.4959, 65.0746], [179.4944, 65.0851], [179.501, 65.087], [179.4959, 65.0907], [179.4884, 65.0903], [179.4821, 65.08], [179.4692, 65.0763], [179.457, 65.0802], [179.4595, 65.0889], [179.4529, 65.092], [179.4288, 65.0813], [179.4195, 65.0822], [179.4167, 65.0906], [179.4041, 65.0922], [179.3957, 65.0897], [179.3932, 65.0811], [179.3828, 65.0856], [179.3564, 65.0825], [179.3576, 65.0755], [179.3477, 65.0829], [179.3354, 65.0844], [179.3236, 65.0804], [179.3247, 65.0754], [179.3069, 65.0704], [179.3068, 65.0605], [179.2963, 65.0644], [179.2756, 65.061], [179.277, 65.0561], [179.2494, 65.059], [179.2508, 65.0477], [179.2067, 65.0513], [179.195, 65.0579], [179.1831, 65.0517], [179.178, 65.0578], [179.1632, 65.0503], [179.147, 65.0556], [179.1389, 65.0635], [179.1257, 65.0614], [179.1154, 65.0669], [179.1058, 65.0602], [179.0745, 65.0685], [179.059, 65.0621], [179.0581, 65.0701], [179.0502, 65.0728], [179.0357, 65.0658], [179.024, 65.0714], [179.009, 65.066], [179.0163, 65.0775], [179.0302, 65.0829], [179.0297, 65.0893], [178.9992, 65.0937], [179.0013, 65.1027], [178.9856, 65.1243], [178.9524, 65.1445], [178.9452, 65.1675], [178.9311, 65.1801], [178.9198, 65.1876], [178.8939, 65.1899], [178.8734, 65.2015], [178.7476, 65.2022], [178.7174, 65.2063], [178.6804, 65.1859], [178.654, 65.1771], [178.6458, 65.168], [178.5987, 65.1669], [178.5736, 65.1548], [178.49, 65.142], [178.4619, 65.1417], [178.4585, 65.1351], [178.4513, 65.1341], [178.4214, 65.1391], [178.4195, 65.1464], [178.3882, 65.1506], [178.3823, 65.1551], [178.3883, 65.1633], [178.3867, 65.1752], [178.3765, 65.1901], [178.343, 65.1969], [178.3294, 65.2074], [178.2726, 65.2129], [178.239, 65.2079], [178.2004, 65.1875], [178.1858, 65.1872], [178.1028, 65.2172], [178.0611, 65.2172], [178.0364, 65.2235], [178.0278, 65.228], [178.0276, 65.2339], [178.011, 65.2394], [177.9736, 65.2358], [177.9665, 65.2412], [177.9353, 65.2342], [177.9042, 65.2346], [177.9047, 65.2484], [177.9191, 65.2544], [177.9283, 65.2522], [177.9304, 65.261], [177.9518, 65.2648], [177.9522, 65.2722], [177.9591, 65.276], [177.9599, 65.291], [177.9718, 65.2936], [177.972, 65.2998], [177.9657, 65.3026], [177.9929, 65.3014], [178.0008, 65.3056], [177.9987, 65.3155], [178.0055, 65.318], [177.9827, 65.3235], [177.9836, 65.3316], [177.9692, 65.3376], [177.9763, 65.3453], [177.9609, 65.3513], [177.9685, 65.3553], [177.9693, 65.3607], [177.9596, 65.3635], [177.9787, 65.3682], [177.9704, 65.3722], [177.9753, 65.3783], [177.9689, 65.382], [177.9742, 65.3834], [177.9755, 65.3956], [177.962, 65.3971], [177.9465, 65.4079], [177.961, 65.4136], [178.0145, 65.4183], [178.0211, 65.4251], [178.0181, 65.4401], [178.0456, 65.4368], [178.0548, 65.4426], [178.0528, 65.4472], [178.0413, 65.4501], [178.047, 65.4568], [178.0788, 65.4707], [178.0816, 65.4838], [178.1266, 65.4866], [178.1334, 65.4954], [178.1209, 65.5032], [178.1279, 65.5041], [178.1306, 65.511], [178.1227, 65.5154], [178.1243, 65.5251], [178.108, 65.5343], [178.1266, 65.5321], [178.1303, 65.5331], [178.1302, 65.5415], [178.1597, 65.5409], [178.1697, 65.549], [178.2159, 65.5437], [178.2239, 65.5508], [178.2134, 65.5617], [178.2182, 65.5671], [178.2615, 65.5758], [178.2701, 65.5817], [178.2808, 65.5753], [178.2974, 65.5776], [178.3079, 65.5821], [178.3143, 65.5912], [178.3316, 65.5964], [178.3416, 65.612], [178.3685, 65.6289], [178.4029, 65.6319], [178.4276, 65.6441], [178.4178, 65.6593], [178.4588, 65.6606], [178.4585, 65.6699], [178.4512, 65.6761], [178.4569, 65.6802], [178.5082, 65.6847], [178.5279, 65.6982], [178.5776, 65.6948], [178.6002, 65.7026], [178.5922, 65.7083], [178.5961, 65.7177], [178.6661, 65.7177], [178.6986, 65.7286], [178.6643, 65.7295], [178.6724, 65.7401], [178.7044, 65.7456], [178.7136, 65.7528], [178.7116, 65.761], [178.6973, 65.764], [178.6874, 65.7707], [178.6902, 65.7726], [178.7769, 65.7857], [178.7993, 65.7839], [178.8082, 65.7725], [178.8326, 65.772], [178.8358, 65.793], [178.8978, 65.8145], [178.8887, 65.8194], [178.8972, 65.8441], [178.924, 65.8564], [178.9468, 65.8607], [178.9605, 65.868], [178.9586, 65.8742], [178.9901, 65.8835], [178.991, 65.8973], [179.0095, 65.9021], [179.0238, 65.9199], [179.0137, 65.9331], [179.0164, 65.9379], [179.0386, 65.9451], [179.0623, 65.9665], [179.0718, 65.9691], [179.0709, 65.9752], [179.0993, 65.9792], [179.0843, 65.9832], [179.0839, 65.9872], [179.1144, 65.9914], [179.1151, 65.9983], [179.1307, 66.006], [179.1141, 66.0128], [179.1448, 66.0339], [179.1404, 66.0457], [179.0968, 66.0642], [179.0267, 66.0633], [178.9954, 66.0778], [178.9548, 66.0794], [178.9488, 66.0861], [178.949, 66.0973], [178.9297, 66.1099], [178.9444, 66.113], [178.9529, 66.1254], [178.9223, 66.1448], [178.863, 66.1574], [178.822, 66.1823], [178.8136, 66.2036], [178.8011, 66.2123], [178.8132, 66.2156], [178.8173, 66.2351], [178.8302, 66.2461], [178.8258, 66.2516], [178.7975, 66.2661], [178.7932, 66.2726], [178.7596, 66.2799], [178.7074, 66.3028], [178.7034, 66.3164], [178.7059, 66.3282], [178.737, 66.3546], [178.7353, 66.3629], [178.767, 66.386], [178.8231, 66.411], [178.8197, 66.4152], [178.8235, 66.4236], [178.8088, 66.4352], [178.8074, 66.4472], [178.7738, 66.465], [178.77, 66.4922], [178.7488, 66.5062], [178.7219, 66.5151], [178.7279, 66.5217], [178.7249, 66.5416], [178.7433, 66.5515], [178.7343, 66.5592], [178.7388, 66.5676], [178.7043, 66.5722], [178.7078, 66.5746], [178.6757, 66.5852], [178.6691, 66.5967], [178.6345, 66.6068], [178.544, 66.5574], [178.381, 66.5418], [178.3063, 66.5634], [178.408, 66.6217], [178.3865, 66.6815], [178.3737, 66.6878], [178.386, 66.7597], [178.2913, 66.7911], [178.2188, 66.7921], [178.2182, 66.8003], [178.2309, 66.8026], [178.1971, 66.8397], [178.1844, 66.868], [178.0915, 66.8439], [177.9158, 66.8401], [177.9285, 66.8237], [177.8475, 66.7624], [177.7117, 66.7806], [177.4278, 66.7752], [177.3026, 66.8292], [177.0459, 66.8355], [176.7497, 66.9239], [176.8014, 66.9407], [176.6769, 66.9735], [176.8668, 67.0327], [176.586, 67.1207], [176.5558, 67.1503], [176.5965, 67.1928], [176.5352, 67.2966], [176.4759, 67.3408], [176.3862, 67.3675], [176.3674, 67.3804], [176.1216, 67.3968], [176.1272, 67.4133], [176.1154, 67.4245], [176.1207, 67.4271], [176.1189, 67.4361], [176.126, 67.442], [176.1233, 67.4525], [176.1062, 67.4602], [176.0992, 67.468], [176.1019, 67.472], [176.0781, 67.481], [176.0544, 67.4786], [176.0215, 67.4871], [175.9775, 67.4884], [175.9099, 67.5029], [175.8796, 67.499], [175.8019, 67.5023], [175.7709, 67.511], [175.6291, 67.5086], [175.6099, 67.4994], [175.5699, 67.4964], [175.5254, 67.4961], [175.4937, 67.5021], [175.4625, 67.4953], [175.4198, 67.4977], [175.3955, 67.5065], [175.3779, 67.5074], [175.3788, 67.5105], [175.3606, 67.5195], [175.3456, 67.5216], [175.3453, 67.5273], [175.3234, 67.5303], [175.2678, 67.5533], [175.1652, 67.5734], [175.1369, 67.5837], [175.1317, 67.593], [175.1205, 67.5982], [175.0945, 67.6013], [175.0874, 67.5962], [175.0736, 67.5974], [175.0631, 67.5886], [175.0327, 67.5931], [175.0388, 67.5962], [175.0217, 67.6008], [175.0036, 67.6013], [174.981, 67.5946], [174.975, 67.6029], [174.964, 67.6035], [174.9706, 67.6097], [174.9521, 67.6083], [174.9526, 67.6115], [174.9304, 67.6154], [174.9162, 67.6245], [174.8096, 67.6377], [174.81, 67.6434], [174.7919, 67.645], [174.7964, 67.6507], [174.7811, 67.6499], [174.7877, 67.6541], [174.7853, 67.6565], [174.771, 67.6601], [174.774, 67.6558], [174.7629, 67.656], [174.7614, 67.6608], [174.7666, 67.666], [174.7552, 67.6724], [174.7432, 67.6731], [174.7332, 67.6654], [174.6928, 67.6593], [174.6806, 67.6628], [174.6784, 67.6767], [174.6327, 67.6765], [174.6236, 67.6821], [174.5699, 67.675], [174.5439, 67.6868], [174.4924, 67.6899], [174.4498, 67.7059], [174.4221, 67.7046], [174.3948, 67.713], [174.3739, 67.7206], [174.3767, 67.7242], [174.3718, 67.7258], [174.3786, 67.7354], [174.6632, 67.8472], [174.4195, 67.9276], [174.4337, 67.94], [174.4255, 67.9454], [174.4311, 67.9532], [174.4214, 67.9587], [174.4231, 67.9622], [174.4511, 67.9806], [174.4539, 67.9949], [174.4794, 68.0041], [174.4933, 68.0226], [174.5217, 68.0374], [174.5187, 68.0462], [174.5296, 68.0636], [174.5265, 68.0761], [174.5374, 68.085], [174.5375, 68.0949], [174.5573, 68.1089], [174.5543, 68.1216], [174.6194, 68.1666], [173.4564, 68.1185], [173.2566, 67.9995], [173.2877, 67.9433], [173.2485, 67.8968], [173.1218, 67.8662], [172.3659, 67.7982], [172.198, 67.8474], [172.0905, 67.8518], [171.9729, 67.7749], [171.9547, 67.6506], [171.5757, 67.4673], [171.463, 67.436], [171.2447, 67.4015], [171.1661, 67.3514], [171.2561, 67.2508], [171.2097, 67.1986], [171.1099, 67.1747], [170.8026, 67.1781]]]}}]}