{"type": "FeatureCollection", "parent": {"osm_id": 155262, "name": "Pskov Oblast", "admin_level": "4", "kind": "subdivision_1", "child_kind": "subdivision_2", "iso": "RU-PSK"}, "features": [{"type": "Feature", "properties": {"osm_type": "relation", "osm_id": 981441746, "name": "Opochetsky District", "admin_level": "6", "kind": "subdivision_2", "parent_osm_id": 155262, "parent_name": "Pskov Oblast", "parent_iso": "RU-PSK"}, "geometry": {"type": "Polygon", "coordinates": [[[28.5802, 56.907], [28.5487, 56.8926], [28.5629, 56.8811], [28.5797, 56.8753], [28.5705, 56.8756], [28.555, 56.8647], [28.5411, 56.8795], [28.5306, 56.8754], [28.5137, 56.8564], [28.4956, 56.8516], [28.4989, 56.8361], [28.512, 56.8346], [28.5123, 56.8293], [28.5324, 56.8224], [28.5331, 56.8143], [28.5224, 56.8074], [28.4998, 56.8037], [28.501, 56.7924], [28.4965, 56.7857], [28.479, 56.7816], [28.478, 56.7709], [28.4966, 56.7667], [28.4857, 56.7535], [28.4928, 56.7464], [28.4771, 56.7433], [28.4679, 56.7489], [28.4605, 56.7459], [28.4477, 56.7496], [28.4442, 56.7142], [28.4262, 56.7159], [28.3595, 56.6907], [28.3592, 56.6841], [28.3312, 56.6741], [28.3125, 56.6607], [28.3268, 56.6553], [28.3307, 56.65], [28.3268, 56.6424], [28.2975, 56.6375], [28.2881, 56.6278], [28.2616, 56.622], [28.2681, 56.6171], [28.2663, 56.6104], [28.2525, 56.6063], [28.2626, 56.6037], [28.2596, 56.5924], [28.2538, 56.5919], [28.256, 56.5872], [28.2504, 56.5872], [28.2516, 56.5818], [28.2568, 56.5806], [28.2589, 56.5695], [28.2709, 56.5656], [28.2692, 56.5577], [28.2764, 56.5471], [28.2848, 56.5451], [28.2863, 56.5374], [28.3152, 56.5255], [28.3061, 56.5196], [28.3255, 56.5168], [28.3257, 56.5101], [28.3304, 56.5086], [28.3289, 56.5143], [28.3477, 56.5153], [28.3515, 56.5064], [28.3607, 56.5052], [28.3561, 56.5001], [28.3607, 56.4949], [28.3832, 56.4931], [28.3799, 56.4853], [28.3848, 56.4803], [28.4119, 56.4912], [28.4119, 56.4966], [28.4028, 56.4982], [28.3973, 56.5061], [28.418, 56.5043], [28.4315, 56.5142], [28.4391, 56.5108], [28.4525, 56.5299], [28.4667, 56.529], [28.4719, 56.5358], [28.4797, 56.5318], [28.497, 56.5368], [28.5355, 56.5289], [28.5348, 56.5243], [28.5412, 56.5199], [28.564, 56.5268], [28.5818, 56.5102], [28.6045, 56.5079], [28.6147, 56.5017], [28.6458, 56.5131], [28.6542, 56.51], [28.6631, 56.5138], [28.6626, 56.506], [28.67, 56.5071], [28.6687, 56.5107], [28.6907, 56.5096], [28.6872, 56.5052], [28.6915, 56.501], [28.6999, 56.5019], [28.6962, 56.4998], [28.6994, 56.4941], [28.7212, 56.4867], [28.7199, 56.4805], [28.7338, 56.475], [28.7306, 56.471], [28.7358, 56.4734], [28.7344, 56.4778], [28.7614, 56.4899], [28.7981, 56.4866], [28.8319, 56.4902], [28.8352, 56.4968], [28.8504, 56.5023], [28.9023, 56.5061], [28.9396, 56.4997], [28.9605, 56.5074], [28.9678, 56.504], [28.9887, 56.5142], [28.9984, 56.5249], [29.0122, 56.5269], [29.0147, 56.5358], [29.0275, 56.5303], [29.0493, 56.5473], [29.0385, 56.5571], [29.0575, 56.5596], [29.0567, 56.5728], [29.0627, 56.5685], [29.0988, 56.5699], [29.109, 56.5755], [29.1394, 56.5784], [29.164, 56.572], [29.1887, 56.572], [29.1831, 56.5777], [29.1953, 56.5807], [29.2027, 56.5926], [29.1975, 56.6062], [29.2012, 56.6095], [29.1947, 56.6138], [29.2012, 56.6159], [29.1992, 56.621], [29.1926, 56.6218], [29.2042, 56.625], [29.2106, 56.6337], [29.2549, 56.6444], [29.265, 56.6789], [29.281, 56.6899], [29.2921, 56.7298], [29.2976, 56.7339], [29.2862, 56.7464], [29.3078, 56.7642], [29.3093, 56.7712], [29.351, 56.7894], [29.3467, 56.7962], [29.3585, 56.802], [29.3493, 56.7993], [29.344, 56.804], [29.3545, 56.8107], [29.3426, 56.8223], [29.3546, 56.8283], [29.3415, 56.8354], [29.3474, 56.8422], [29.3414, 56.8455], [29.3421, 56.8576], [29.3314, 56.8721], [29.3349, 56.8752], [29.3229, 56.8736], [29.3167, 56.8798], [29.2899, 56.8691], [29.2752, 56.8772], [29.2496, 56.8625], [29.2423, 56.869], [29.2104, 56.8668], [29.1952, 56.8569], [29.1959, 56.8508], [29.1828, 56.8483], [29.1802, 56.8405], [29.1848, 56.8325], [29.1289, 56.8408], [29.1103, 56.8351], [29.1083, 56.8441], [29.0959, 56.8475], [29.0787, 56.847], [29.0808, 56.8395], [29.0754, 56.8378], [29.0696, 56.8412], [29.0704, 56.8473], [29.0752, 56.8483], [29.0704, 56.8596], [29.0184, 56.8755], [28.984, 56.8642], [28.9507, 56.8652], [28.9453, 56.8624], [28.9376, 56.8452], [28.9194, 56.837], [28.9179, 56.8289], [28.9057, 56.8219], [28.9062, 56.8167], [28.8923, 56.8142], [28.8862, 56.8062], [28.8681, 56.7997], [28.8705, 56.7972], [28.8643, 56.793], [28.8307, 56.8085], [28.8024, 56.7985], [28.798, 56.8018], [28.809, 56.809], [28.8063, 56.8246], [28.7739, 56.8213], [28.7638, 56.8285], [28.7674, 56.8398], [28.7564, 56.8405], [28.7618, 56.8472], [28.7468, 56.8508], [28.7341, 56.8466], [28.7453, 56.8555], [28.74, 56.8655], [28.7552, 56.8673], [28.7603, 56.8731], [28.7529, 56.8824], [28.7627, 56.8884], [28.7466, 56.8928], [28.7495, 56.8997], [28.7218, 56.893], [28.7214, 56.8808], [28.7097, 56.8749], [28.6697, 56.8733], [28.6684, 56.8779], [28.6736, 56.8815], [28.6364, 56.8769], [28.646, 56.8867], [28.6047, 56.8892], [28.5981, 56.8849], [28.599, 56.8887], [28.5901, 56.8944], [28.5899, 56.9053], [28.5802, 56.907]]]}}, {"type": "Feature", "properties": {"osm_type": "relation", "osm_id": 442271326, "name": "Nevelsky District", "admin_level": "6", "kind": "subdivision_2", "parent_osm_id": 155262, "parent_name": "Pskov Oblast", "parent_iso": "RU-PSK"}, "geometry": {"type": "Polygon", "coordinates": [[[29.1773, 56.0165], [29.2044, 56.001], [29.2161, 55.9879], [29.2579, 55.9966], [29.2862, 55.989], [29.3033, 55.9919], [29.358, 55.9709], [29.396, 55.9735], [29.4499, 55.9585], [29.4224, 55.9454], [29.4637, 55.9341], [29.4795, 55.9181], [29.4506, 55.9134], [29.4457, 55.9073], [29.4303, 55.9099], [29.4299, 55.9042], [29.412, 55.901], [29.3954, 55.9034], [29.3964, 55.8967], [29.416, 55.8858], [29.4253, 55.8726], [29.4036, 55.8724], [29.3959, 55.8611], [29.3969, 55.8486], [29.384, 55.8331], [29.3908, 55.8256], [29.389, 55.8203], [29.3605, 55.7985], [29.3698, 55.7801], [29.3658, 55.7702], [29.3586, 55.768], [29.3623, 55.7583], [29.4002, 55.7537], [29.4375, 55.7345], [29.4533, 55.7321], [29.4574, 55.7188], [29.4791, 55.7084], [29.5153, 55.7016], [29.5463, 55.7171], [29.5454, 55.7206], [29.5785, 55.7341], [29.582, 55.7473], [29.5893, 55.7543], [29.5861, 55.7597], [29.6226, 55.7803], [29.6547, 55.781], [29.6585, 55.7864], [29.6774, 55.7912], [29.7163, 55.7915], [29.7453, 55.8023], [29.7633, 55.7951], [29.7673, 55.7869], [29.763, 55.7818], [29.7692, 55.7789], [29.8063, 55.7834], [29.8159, 55.7942], [29.8385, 55.8039], [29.8382, 55.8178], [29.8475, 55.8162], [29.869, 55.8311], [29.8777, 55.8414], [29.8641, 55.849], [29.895, 55.8627], [29.9409, 55.8517], [29.9714, 55.8569], [29.9642, 55.864], [29.9759, 55.8716], [29.9971, 55.8703], [30.0182, 55.8607], [30.0514, 55.8547], [30.0565, 55.8495], [30.0533, 55.8488], [30.0609, 55.8478], [30.062, 55.8404], [30.0712, 55.839], [30.0756, 55.8476], [30.0836, 55.8395], [30.107, 55.8312], [30.1111, 55.8346], [30.1323, 55.8325], [30.1428, 55.8508], [30.165, 55.8498], [30.1632, 55.8615], [30.1696, 55.8635], [30.1567, 55.8747], [30.1594, 55.8786], [30.1691, 55.8787], [30.1716, 55.8686], [30.1805, 55.8625], [30.2153, 55.8698], [30.2277, 55.8646], [30.2278, 55.869], [30.239, 55.8718], [30.2739, 55.8639], [30.2771, 55.8701], [30.2848, 55.8647], [30.2797, 55.8589], [30.286, 55.8504], [30.282, 55.8405], [30.2867, 55.8316], [30.3395, 55.8353], [30.3451, 55.826], [30.3584, 55.8211], [30.3584, 55.813], [30.3695, 55.8084], [30.3882, 55.8116], [30.4048, 55.8162], [30.4154, 55.8252], [30.417, 55.8346], [30.4078, 55.853], [30.4091, 55.8643], [30.4192, 55.8718], [30.4111, 55.8816], [30.4335, 55.883], [30.4298, 55.8883], [30.4433, 55.8885], [30.4498, 55.9093], [30.4294, 55.9173], [30.4323, 55.9212], [30.4158, 55.9244], [30.411, 55.9163], [30.3987, 55.916], [30.3956, 55.9116], [30.3915, 55.9118], [30.39, 55.9183], [30.3535, 55.9118], [30.3349, 55.9151], [30.3146, 55.936], [30.3175, 55.9462], [30.295, 55.9559], [30.2797, 55.9572], [30.2762, 55.9618], [30.2789, 55.9746], [30.2578, 55.9873], [30.2632, 55.9933], [30.2495, 55.9943], [30.2475, 56.0069], [30.2347, 56.0233], [30.2534, 56.0344], [30.2215, 56.0377], [30.2153, 56.0428], [30.2076, 56.0407], [30.2005, 56.0512], [30.1863, 56.0434], [30.2032, 56.0563], [30.2366, 56.0684], [30.2309, 56.0803], [30.2229, 56.0801], [30.2208, 56.0751], [30.2021, 56.075], [30.1937, 56.0799], [30.169, 56.0792], [30.1609, 56.089], [30.1827, 56.0947], [30.1928, 56.108], [30.2515, 56.1066], [30.2474, 56.1095], [30.2563, 56.1122], [30.2503, 56.1181], [30.2624, 56.1195], [30.2649, 56.1291], [30.2694, 56.1298], [30.2353, 56.1399], [30.2581, 56.1519], [30.2636, 56.1456], [30.2868, 56.1546], [30.2961, 56.1538], [30.2912, 56.1559], [30.2933, 56.165], [30.285, 56.1678], [30.2699, 56.1568], [30.2544, 56.1644], [30.2627, 56.1727], [30.2446, 56.1816], [30.2458, 56.1866], [30.2193, 56.1924], [30.2156, 56.1847], [30.2042, 56.1898], [30.2003, 56.1978], [30.1674, 56.194], [30.136, 56.2041], [30.0991, 56.1955], [30.0936, 56.2], [30.0681, 56.1992], [30.0726, 56.2047], [30.0689, 56.2099], [30.057, 56.1977], [30.0487, 56.198], [30.0515, 56.2001], [30.0407, 56.2078], [30.0034, 56.2076], [29.9969, 56.2121], [30.0005, 56.2163], [29.992, 56.2146], [29.9862, 56.2229], [29.9669, 56.2336], [29.9842, 56.2443], [29.9829, 56.2521], [29.9626, 56.2489], [29.9209, 56.2492], [29.9092, 56.2542], [29.896, 56.2515], [29.8878, 56.26], [29.8516, 56.2618], [29.7994, 56.2781], [29.7757, 56.2681], [29.7726, 56.2744], [29.7627, 56.2772], [29.7563, 56.2766], [29.7563, 56.2725], [29.7221, 56.2723], [29.7272, 56.2605], [29.7191, 56.256], [29.6868, 56.2652], [29.6586, 56.262], [29.6524, 56.2658], [29.6646, 56.2708], [29.6626, 56.2759], [29.6681, 56.2814], [29.6523, 56.2806], [29.644, 56.2735], [29.621, 56.2746], [29.616, 56.2763], [29.6186, 56.2783], [29.6111, 56.2896], [29.6056, 56.2904], [29.5913, 56.2817], [29.5886, 56.2737], [29.5932, 56.2693], [29.5893, 56.2602], [29.6028, 56.2497], [29.619, 56.2552], [29.6326, 56.2508], [29.6295, 56.2466], [29.6092, 56.2431], [29.6145, 56.2366], [29.5945, 56.2188], [29.5869, 56.2239], [29.5553, 56.2251], [29.5492, 56.2192], [29.549, 56.2059], [29.54, 56.1964], [29.533, 56.1965], [29.5382, 56.201], [29.5261, 56.2016], [29.4835, 56.1918], [29.4817, 56.1893], [29.4989, 56.1823], [29.4948, 56.1775], [29.4731, 56.1746], [29.4637, 56.1833], [29.4125, 56.1845], [29.4078, 56.1692], [29.4138, 56.1719], [29.4172, 56.1677], [29.4144, 56.1606], [29.3971, 56.1505], [29.4155, 56.1506], [29.422, 56.1324], [29.4106, 56.12], [29.425, 56.1156], [29.3944, 56.1094], [29.3998, 56.103], [29.378, 56.098], [29.3774, 56.0914], [29.3914, 56.0769], [29.3578, 56.0662], [29.3314, 56.0661], [29.3079, 56.0587], [29.2821, 56.0571], [29.2282, 56.0365], [29.2067, 56.0367], [29.1932, 56.0287], [29.1939, 56.0216], [29.1773, 56.0165]]]}}, {"type": "Feature", "properties": {"osm_type": "relation", "osm_id": 503050193, "name": "Dedovichsky District", "admin_level": "6", "kind": "subdivision_2", "parent_osm_id": 155262, "parent_name": "Pskov Oblast", "parent_iso": "RU-PSK"}, "geometry": {"type": "Polygon", "coordinates": [[[29.8196, 57.6749], [29.8308, 57.6701], [29.8354, 57.6559], [29.8125, 57.6517], [29.8081, 57.6433], [29.7833, 57.643], [29.7798, 57.6442], [29.7864, 57.646], [29.7788, 57.648], [29.7715, 57.6459], [29.7748, 57.6405], [29.7699, 57.6346], [29.7547, 57.6299], [29.7405, 57.6316], [29.7481, 57.6263], [29.7467, 57.6186], [29.7573, 57.6142], [29.7391, 57.5921], [29.7408, 57.5879], [29.715, 57.5804], [29.6956, 57.5856], [29.6794, 57.5801], [29.6781, 57.5757], [29.6615, 57.5795], [29.659, 57.5719], [29.6632, 57.5672], [29.6632, 57.5543], [29.6423, 57.5579], [29.5978, 57.548], [29.5875, 57.5541], [29.5673, 57.55], [29.5665, 57.5421], [29.5319, 57.5431], [29.5163, 57.538], [29.5064, 57.5418], [29.5076, 57.5362], [29.4918, 57.5278], [29.4815, 57.529], [29.4751, 57.5177], [29.4681, 57.5149], [29.4625, 57.5165], [29.4579, 57.5262], [29.4329, 57.526], [29.4256, 57.5183], [29.409, 57.5212], [29.4107, 57.5102], [29.3823, 57.4999], [29.3709, 57.502], [29.371, 57.4875], [29.3858, 57.4814], [29.3738, 57.4797], [29.3788, 57.4711], [29.3667, 57.4631], [29.3751, 57.4587], [29.3916, 57.4606], [29.4107, 57.4448], [29.4438, 57.4346], [29.445, 57.4268], [29.4283, 57.4145], [29.4208, 57.3965], [29.401, 57.3844], [29.4049, 57.3807], [29.3721, 57.3726], [29.3765, 57.3664], [29.3875, 57.3699], [29.3997, 57.3631], [29.3974, 57.3583], [29.4008, 57.3589], [29.4026, 57.351], [29.3963, 57.3511], [29.405, 57.3478], [29.394, 57.3402], [29.412, 57.3354], [29.4254, 57.339], [29.4452, 57.3191], [29.4582, 57.3152], [29.4654, 57.3262], [29.4838, 57.328], [29.4889, 57.3222], [29.4823, 57.3154], [29.5245, 57.302], [29.5315, 57.2947], [29.5541, 57.3027], [29.5646, 57.294], [29.5561, 57.2823], [29.5686, 57.2778], [29.5723, 57.2712], [29.5675, 57.2673], [29.5817, 57.262], [29.5977, 57.2693], [29.6174, 57.2683], [29.6446, 57.2779], [29.6632, 57.2658], [29.6621, 57.2582], [29.729, 57.2558], [29.7645, 57.265], [29.7729, 57.2461], [29.7813, 57.245], [29.8312, 57.2662], [29.847, 57.2658], [29.8414, 57.2795], [29.8443, 57.2822], [29.8329, 57.2882], [29.8308, 57.2947], [29.8365, 57.3002], [29.8179, 57.3327], [29.8003, 57.3438], [29.8134, 57.3606], [29.8361, 57.3636], [29.8354, 57.3722], [29.8089, 57.3877], [29.8008, 57.3844], [29.7921, 57.3924], [29.8375, 57.4156], [29.8369, 57.4256], [29.8724, 57.4233], [29.9201, 57.4094], [29.9272, 57.415], [29.966, 57.3918], [29.9785, 57.3974], [29.9763, 57.4036], [29.9802, 57.4075], [30.0131, 57.4067], [30.0394, 57.4151], [30.0632, 57.416], [30.0699, 57.4009], [30.044, 57.3908], [30.0439, 57.3681], [30.0766, 57.3509], [30.2976, 57.3422], [30.3051, 57.3472], [30.3087, 57.3855], [30.3709, 57.3844], [30.4274, 57.3663], [30.4289, 57.3771], [30.4147, 57.3871], [30.4123, 57.3957], [30.4356, 57.4048], [30.4315, 57.4084], [30.4368, 57.4106], [30.4374, 57.4167], [30.4234, 57.4242], [30.4433, 57.4384], [30.4618, 57.4405], [30.4583, 57.4427], [30.4693, 57.4496], [30.4637, 57.4654], [30.4753, 57.4673], [30.4728, 57.4707], [30.477, 57.4759], [30.4892, 57.4753], [30.4861, 57.4831], [30.5031, 57.4846], [30.5048, 57.4955], [30.5227, 57.4946], [30.5304, 57.5017], [30.531, 57.5076], [30.5156, 57.5014], [30.4964, 57.5067], [30.4798, 57.5054], [30.4689, 57.5096], [30.4634, 57.5219], [30.4831, 57.5287], [30.4955, 57.5273], [30.5041, 57.5446], [30.5428, 57.5466], [30.5448, 57.555], [30.5611, 57.5567], [30.5636, 57.5652], [30.6806, 57.6441], [30.5188, 57.6425], [30.5119, 57.6452], [30.5084, 57.6556], [30.4893, 57.66], [30.4828, 57.6667], [30.4865, 57.6692], [30.4523, 57.688], [30.3551, 57.682], [30.3457, 57.6777], [30.337, 57.6816], [30.3349, 57.6768], [30.3268, 57.6806], [30.2526, 57.6832], [30.251, 57.6787], [30.2279, 57.6781], [30.2131, 57.6836], [30.1984, 57.6825], [30.1824, 57.6925], [30.1637, 57.6862], [30.1073, 57.6911], [30.119, 57.6863], [30.1177, 57.6817], [30.1048, 57.6821], [30.0726, 57.6687], [30.0588, 57.6714], [30.038, 57.6589], [30.0415, 57.6534], [30.0367, 57.6499], [30.0239, 57.6517], [29.9889, 57.6701], [29.9667, 57.6621], [29.9477, 57.6659], [29.8993, 57.6643], [29.8873, 57.6767], [29.8196, 57.6749]]]}}, {"type": "Feature", "properties": {"osm_type": "relation", "osm_id": 504305477, "name": "Novorzhevsky District", "admin_level": "6", "kind": "subdivision_2", "parent_osm_id": 155262, "parent_name": "Pskov Oblast", "parent_iso": "RU-PSK"}, "geometry": {"type": "Polygon", "coordinates": [[[29.3546, 56.8283], [29.4083, 56.8254], [29.4403, 56.8402], [29.4483, 56.8361], [29.4653, 56.8386], [29.4591, 56.8464], [29.4468, 56.8488], [29.4551, 56.8588], [29.4488, 56.8653], [29.4566, 56.8714], [29.4609, 56.8674], [29.4548, 56.8602], [29.4665, 56.8652], [29.4704, 56.864], [29.469, 56.8559], [29.4737, 56.8562], [29.4791, 56.8699], [29.4875, 56.8756], [29.4843, 56.8796], [29.5002, 56.8851], [29.502, 56.8918], [29.4933, 56.8921], [29.4945, 56.8985], [29.4891, 56.9043], [29.5232, 56.9123], [29.5329, 56.9228], [29.5414, 56.9183], [29.5475, 56.923], [29.5582, 56.9411], [29.5667, 56.9414], [29.5713, 56.948], [29.572, 56.9621], [29.5955, 56.9788], [29.5938, 56.9891], [29.578, 56.9913], [29.6034, 56.9981], [29.6007, 57.003], [29.6073, 57.0092], [29.5991, 57.0135], [29.6005, 57.0201], [29.6272, 57.0174], [29.6274, 57.0296], [29.6203, 57.0339], [29.6386, 57.0463], [29.6317, 57.0558], [29.6629, 57.0638], [29.6496, 57.067], [29.6492, 57.0761], [29.66, 57.0784], [29.6581, 57.0818], [29.6377, 57.0876], [29.6327, 57.0956], [29.6477, 57.1116], [29.6347, 57.1203], [29.6251, 57.1143], [29.5691, 57.128], [29.5593, 57.1351], [29.5704, 57.15], [29.5603, 57.1497], [29.5497, 57.1582], [29.5532, 57.165], [29.5286, 57.1677], [29.5782, 57.1908], [29.5713, 57.1919], [29.5694, 57.1989], [29.5808, 57.2076], [29.5811, 57.2116], [29.5746, 57.2128], [29.572, 57.233], [29.5748, 57.2376], [29.6015, 57.2441], [29.5853, 57.2538], [29.5895, 57.2571], [29.5675, 57.2673], [29.5723, 57.2712], [29.5686, 57.2778], [29.5561, 57.2823], [29.5646, 57.294], [29.5541, 57.3027], [29.5315, 57.2947], [29.5245, 57.302], [29.4823, 57.3154], [29.4889, 57.3222], [29.4838, 57.328], [29.4654, 57.3262], [29.4582, 57.3152], [29.4452, 57.3191], [29.4254, 57.339], [29.4158, 57.3277], [29.4031, 57.3247], [29.3936, 57.3307], [29.3661, 57.3347], [29.3719, 57.3436], [29.357, 57.3466], [29.3111, 57.3298], [29.2755, 57.3237], [29.2801, 57.3321], [29.2724, 57.3324], [29.2619, 57.3434], [29.2349, 57.3532], [29.2173, 57.3543], [29.2316, 57.3332], [29.2311, 57.3254], [29.2123, 57.3184], [29.2125, 57.3146], [29.2, 57.3159], [29.1972, 57.3081], [29.1783, 57.3124], [29.1734, 57.3062], [29.147, 57.308], [29.1501, 57.3036], [29.1426, 57.3009], [29.1422, 57.2904], [29.1332, 57.2906], [29.1262, 57.2827], [29.1428, 57.278], [29.1429, 57.2698], [29.1366, 57.2651], [29.1402, 57.263], [29.1344, 57.2605], [29.1309, 57.2498], [29.1085, 57.2484], [29.0892, 57.2355], [29.0672, 57.2365], [29.0565, 57.2295], [29.0303, 57.2374], [29.0276, 57.235], [29.032, 57.2336], [29.0266, 57.2308], [28.9953, 57.2309], [28.9739, 57.2237], [28.961, 57.203], [28.9451, 57.1936], [28.9474, 57.1866], [28.9278, 57.1814], [28.8826, 57.1808], [28.8753, 57.171], [28.8973, 57.1682], [28.8942, 57.1634], [28.9002, 57.1571], [28.8756, 57.1398], [28.8948, 57.1433], [28.9093, 57.1326], [28.9028, 57.1258], [28.8831, 57.1234], [28.8785, 57.1186], [28.9065, 57.1174], [28.9127, 57.1238], [28.9631, 57.1236], [28.9781, 57.1318], [28.9891, 57.1229], [29.0149, 57.1188], [29.0292, 57.1244], [29.0608, 57.1203], [29.0574, 57.1151], [29.0761, 57.1041], [29.0839, 57.0874], [29.0845, 57.0733], [29.0976, 57.0595], [29.0947, 57.0546], [29.0994, 57.0515], [29.0946, 57.0509], [29.1012, 57.0456], [29.0953, 57.0386], [29.0845, 57.0361], [29.103, 57.0239], [29.1044, 57.0185], [29.0974, 57.015], [29.1051, 57.0082], [29.0975, 57.0004], [29.0883, 56.9999], [29.0909, 56.9931], [29.0874, 56.9904], [29.047, 56.9778], [29.0493, 56.9667], [29.0355, 56.9602], [29.0472, 56.9457], [29.0523, 56.9466], [29.0551, 56.9359], [29.04, 56.9399], [29.0361, 56.9378], [29.0376, 56.9289], [29.0428, 56.9241], [29.059, 56.9234], [29.0561, 56.9182], [29.0647, 56.9215], [29.0585, 56.8994], [29.033, 56.8927], [29.0404, 56.8874], [29.0285, 56.8876], [29.0132, 56.8749], [29.0704, 56.8596], [29.0752, 56.8483], [29.0704, 56.8473], [29.0696, 56.8412], [29.0754, 56.8378], [29.0808, 56.8395], [29.0787, 56.847], [29.0959, 56.8475], [29.1083, 56.8441], [29.1103, 56.8351], [29.1289, 56.8408], [29.1848, 56.8325], [29.1802, 56.8405], [29.1828, 56.8483], [29.1959, 56.8508], [29.1952, 56.8569], [29.2104, 56.8668], [29.2423, 56.869], [29.2496, 56.8625], [29.2752, 56.8772], [29.2899, 56.8691], [29.3167, 56.8798], [29.3229, 56.8736], [29.3349, 56.8752], [29.3314, 56.8721], [29.3421, 56.8576], [29.3414, 56.8455], [29.3474, 56.8422], [29.3415, 56.8354], [29.3546, 56.8283]]]}}, {"type": "Feature", "properties": {"osm_type": "relation", "osm_id": 808564093, "name": "Pushkinogorsky District", "admin_level": "6", "kind": "subdivision_2", "parent_osm_id": 155262, "parent_name": "Pskov Oblast", "parent_iso": "RU-PSK"}, "geometry": {"type": "Polygon", "coordinates": [[[29.0155, 56.8743], [29.0164, 56.8801], [29.0285, 56.8876], [29.0404, 56.8874], [29.033, 56.8927], [29.0585, 56.8994], [29.0647, 56.9215], [29.0561, 56.9182], [29.059, 56.9234], [29.0428, 56.9241], [29.0376, 56.9289], [29.0361, 56.9378], [29.04, 56.9399], [29.0551, 56.9359], [29.0523, 56.9466], [29.0472, 56.9457], [29.0355, 56.9602], [29.0493, 56.9667], [29.047, 56.9778], [29.0874, 56.9904], [29.0909, 56.9931], [29.0883, 56.9999], [29.0975, 57.0004], [29.1051, 57.0082], [29.0974, 57.015], [29.1044, 57.0185], [29.103, 57.0239], [29.0845, 57.0361], [29.0953, 57.0386], [29.1012, 57.0456], [29.0946, 57.0509], [29.0994, 57.0515], [29.0947, 57.0546], [29.0976, 57.0595], [29.0845, 57.0733], [29.0839, 57.0874], [29.0761, 57.1041], [29.0574, 57.1151], [29.0608, 57.1203], [29.0292, 57.1244], [29.0149, 57.1188], [28.9891, 57.1229], [28.9781, 57.1318], [28.9631, 57.1236], [28.9127, 57.1238], [28.9065, 57.1174], [28.8785, 57.1186], [28.8831, 57.1234], [28.9028, 57.1258], [28.9093, 57.1326], [28.8948, 57.1433], [28.8845, 57.1391], [28.8743, 57.1419], [28.9002, 57.1571], [28.8942, 57.1634], [28.8973, 57.1682], [28.8749, 57.1699], [28.8777, 57.1647], [28.8645, 57.1607], [28.8646, 57.1549], [28.8503, 57.1664], [28.819, 57.1604], [28.807, 57.1604], [28.7983, 57.1666], [28.7741, 57.1587], [28.7583, 57.163], [28.765, 57.1724], [28.7577, 57.1751], [28.7353, 57.1654], [28.74, 57.1577], [28.7347, 57.15], [28.6883, 57.1572], [28.6547, 57.1532], [28.6565, 57.15], [28.6449, 57.1486], [28.6476, 57.1449], [28.6431, 57.1436], [28.6375, 57.1284], [28.6261, 57.1254], [28.6001, 57.1355], [28.5943, 57.1256], [28.558, 57.1155], [28.5774, 57.0994], [28.5532, 57.0937], [28.5562, 57.0897], [28.553, 57.0866], [28.5339, 57.087], [28.5178, 57.096], [28.4971, 57.0955], [28.4953, 57.0913], [28.5075, 57.0795], [28.4695, 57.07], [28.4722, 57.0609], [28.467, 57.0539], [28.4503, 57.0461], [28.4228, 57.0534], [28.4116, 57.0449], [28.4154, 57.0388], [28.3992, 57.0371], [28.3889, 57.0305], [28.4065, 57.0166], [28.4122, 57.0208], [28.409, 57.0276], [28.4192, 57.0321], [28.4253, 57.0275], [28.4399, 57.0286], [28.4454, 57.023], [28.4424, 57.0183], [28.4499, 57.0173], [28.4579, 57.0266], [28.4773, 57.0177], [28.4807, 57.0124], [28.4773, 57.0073], [28.4834, 57.0062], [28.461, 56.9949], [28.4734, 56.9884], [28.4686, 56.9797], [28.5404, 56.9646], [28.5349, 56.9371], [28.5722, 56.9422], [28.5836, 56.9397], [28.5861, 56.918], [28.5772, 56.9101], [28.5899, 56.9053], [28.5901, 56.8944], [28.599, 56.8887], [28.5981, 56.8849], [28.6047, 56.8892], [28.646, 56.8867], [28.6364, 56.8769], [28.6736, 56.8815], [28.6684, 56.8779], [28.6697, 56.8733], [28.7097, 56.8749], [28.7214, 56.8808], [28.7218, 56.893], [28.7495, 56.8997], [28.7466, 56.8928], [28.7627, 56.8884], [28.7529, 56.8824], [28.7603, 56.8731], [28.7552, 56.8673], [28.74, 56.8655], [28.7453, 56.8555], [28.7341, 56.8466], [28.7468, 56.8508], [28.7618, 56.8472], [28.7564, 56.8405], [28.7674, 56.8398], [28.7638, 56.8285], [28.7739, 56.8213], [28.8063, 56.8246], [28.809, 56.809], [28.798, 56.8018], [28.8024, 56.7985], [28.8307, 56.8085], [28.8643, 56.793], [28.8705, 56.7972], [28.8681, 56.7997], [28.8862, 56.8062], [28.8923, 56.8142], [28.9062, 56.8167], [28.9057, 56.8219], [28.9179, 56.8289], [28.9212, 56.8387], [28.9376, 56.8452], [28.9453, 56.8624], [28.9572, 56.8661], [28.984, 56.8642], [29.0155, 56.8743]]]}}, {"type": "Feature", "properties": {"osm_type": "relation", "osm_id": 773607002, "name": "Velikoluksky District", "admin_level": "6", "kind": "subdivision_2", "parent_osm_id": 155262, "parent_name": "Pskov Oblast", "parent_iso": "RU-PSK"}, "geometry": {"type": "Polygon", "coordinates": [[[30.4463, 55.9131], [30.4733, 55.9282], [30.503, 55.9301], [30.5092, 55.9198], [30.5024, 55.9162], [30.5174, 55.9186], [30.5064, 55.9278], [30.5082, 55.9335], [30.5265, 55.935], [30.5379, 55.9464], [30.5338, 55.9576], [30.5521, 55.9565], [30.5921, 55.9638], [30.5945, 55.9718], [30.6201, 55.983], [30.6251, 55.9756], [30.6967, 55.9754], [30.6978, 55.9701], [30.7123, 55.9672], [30.7406, 55.983], [30.7348, 55.9652], [30.7759, 55.9548], [30.7969, 55.9602], [30.7952, 55.9721], [30.7985, 55.9739], [30.8223, 55.9804], [30.8502, 55.9778], [30.8643, 55.9831], [30.8762, 55.9952], [30.8904, 55.9966], [30.9006, 56.0057], [30.8823, 56.0134], [30.9022, 56.0213], [30.8915, 56.034], [30.8767, 56.0372], [30.8819, 56.0454], [30.8733, 56.053], [30.8825, 56.0714], [30.8739, 56.083], [30.8505, 56.0836], [30.8501, 56.0901], [30.8554, 56.091], [30.8521, 56.0943], [30.86, 56.0957], [30.8593, 56.1013], [30.8481, 56.0912], [30.8467, 56.0945], [30.8589, 56.105], [30.8514, 56.109], [30.8401, 56.1274], [30.8431, 56.133], [30.828, 56.1409], [30.8307, 56.1476], [30.8409, 56.1506], [30.839, 56.1566], [30.8459, 56.1619], [30.8412, 56.1685], [30.8498, 56.1714], [30.8532, 56.1812], [30.8645, 56.19], [30.8542, 56.1918], [30.8396, 56.1829], [30.8307, 56.1907], [30.8076, 56.1899], [30.8038, 56.1996], [30.8159, 56.2061], [30.8016, 56.2108], [30.8103, 56.2198], [30.7906, 56.2328], [30.7894, 56.2376], [30.795, 56.2391], [30.7889, 56.2413], [30.7893, 56.2467], [30.7942, 56.2482], [30.7894, 56.2542], [30.7619, 56.257], [30.7662, 56.262], [30.7451, 56.275], [30.7527, 56.2788], [30.7495, 56.2825], [30.7348, 56.2857], [30.7402, 56.3037], [30.7466, 56.3064], [30.7401, 56.3122], [30.7536, 56.3241], [30.7557, 56.3368], [30.7497, 56.3425], [30.7684, 56.3439], [30.7724, 56.3495], [30.7948, 56.3527], [30.7951, 56.3567], [30.8352, 56.3577], [30.8499, 56.4591], [30.837, 56.4594], [30.8411, 56.4633], [30.8637, 56.4703], [30.8694, 56.4788], [30.9031, 56.4769], [30.9043, 56.4639], [30.9149, 56.4549], [30.9348, 56.4561], [30.9131, 56.463], [30.9136, 56.4685], [30.9082, 56.4695], [30.901, 56.4852], [30.9141, 56.4894], [30.9194, 56.4864], [30.9224, 56.4905], [30.9165, 56.4954], [30.9253, 56.5081], [30.9603, 56.5206], [30.9881, 56.5199], [30.9965, 56.5238], [30.9981, 56.507], [30.9905, 56.5083], [30.994, 56.5037], [30.9828, 56.4986], [30.9891, 56.4891], [31.0063, 56.4865], [31.0188, 56.5025], [31.0113, 56.5079], [31.0038, 56.5065], [31.0018, 56.5171], [31.0063, 56.5222], [31.0022, 56.5251], [31.0113, 56.528], [31.0182, 56.5207], [31.0211, 56.5229], [31.0153, 56.5263], [31.0181, 56.5288], [31.0092, 56.5311], [31.0228, 56.54], [31.0148, 56.5417], [31.0213, 56.5454], [31.0145, 56.5455], [31.023, 56.5493], [31.0214, 56.5532], [31.0283, 56.5526], [31.0284, 56.5582], [31.0378, 56.5659], [31.036, 56.5704], [31.0495, 56.5723], [31.0434, 56.5743], [31.0508, 56.5773], [31.0416, 56.5784], [31.0413, 56.5872], [31.0487, 56.5872], [31.0457, 56.5913], [31.0561, 56.598], [31.0476, 56.6077], [31.0646, 56.6211], [31.0558, 56.625], [31.0625, 56.6272], [31.0625, 56.6426], [31.058, 56.6458], [31.059, 56.6548], [31.0468, 56.6561], [31.0236, 56.6475], [30.9528, 56.6548], [30.9464, 56.652], [30.9426, 56.643], [30.8879, 56.6452], [30.8901, 56.6601], [30.8732, 56.6635], [30.8722, 56.6676], [30.8546, 56.6677], [30.8097, 56.6992], [30.8331, 56.7156], [30.8232, 56.7185], [30.8103, 56.7151], [30.8096, 56.725], [30.8028, 56.726], [30.798, 56.7331], [30.7756, 56.7339], [30.7916, 56.741], [30.8362, 56.7421], [30.8301, 56.7456], [30.8375, 56.7495], [30.8348, 56.755], [30.7975, 56.7532], [30.8061, 56.7613], [30.7891, 56.7555], [30.7933, 56.7671], [30.7855, 56.7658], [30.7776, 56.7518], [30.7629, 56.759], [30.7789, 56.7701], [30.7721, 56.773], [30.7893, 56.7853], [30.7848, 56.7897], [30.7583, 56.784], [30.7514, 56.7745], [30.7284, 56.7808], [30.768, 56.7905], [30.7629, 56.7942], [30.7706, 56.7999], [30.7938, 56.8013], [30.7925, 56.8055], [30.7794, 56.8045], [30.7409, 56.7952], [30.7246, 56.8016], [30.7321, 56.8046], [30.7258, 56.8084], [30.7253, 56.8165], [30.7633, 56.8201], [30.7715, 56.8226], [30.7674, 56.8267], [30.7729, 56.8308], [30.7811, 56.8292], [30.7828, 56.8325], [30.7596, 56.8579], [30.7375, 56.849], [30.7135, 56.8532], [30.7089, 56.8596], [30.6821, 56.8562], [30.6788, 56.8755], [30.6476, 56.8661], [30.6443, 56.8465], [30.6393, 56.8447], [30.6434, 56.8271], [30.6535, 56.8108], [30.6514, 56.8029], [30.66, 56.7936], [30.6428, 56.7749], [30.6348, 56.7746], [30.6357, 56.765], [30.6152, 56.7646], [30.5921, 56.7556], [30.5681, 56.7578], [30.5661, 56.7478], [30.5464, 56.7356], [30.528, 56.7135], [30.5217, 56.6807], [30.5333, 56.6074], [30.5012, 56.5949], [30.4628, 56.597], [30.4368, 56.5927], [30.4184, 56.5964], [30.4119, 56.6058], [30.3955, 56.6119], [30.3662, 56.594], [30.3556, 56.5982], [30.3711, 56.5986], [30.3721, 56.6067], [30.3586, 56.6087], [30.3446, 56.602], [30.3372, 56.6094], [30.3184, 56.6099], [30.3092, 56.6149], [30.295, 56.6023], [30.3001, 56.6013], [30.2748, 56.5893], [30.2524, 56.5666], [30.2406, 56.5667], [30.2207, 56.5504], [30.236, 56.5363], [30.2305, 56.5236], [30.2175, 56.5141], [30.234, 56.5058], [30.2299, 56.5049], [30.2325, 56.4934], [30.226, 56.4866], [30.2403, 56.4905], [30.2445, 56.4889], [30.2392, 56.4794], [30.2515, 56.4785], [30.2464, 56.4779], [30.2495, 56.4724], [30.2459, 56.4695], [30.2513, 56.4672], [30.2485, 56.4628], [30.2272, 56.4547], [30.2211, 56.4484], [30.2234, 56.4444], [30.2181, 56.4431], [30.2189, 56.4377], [30.2308, 56.4401], [30.2285, 56.4289], [30.2325, 56.4263], [30.2269, 56.4214], [30.2455, 56.4146], [30.2335, 56.4037], [30.2357, 56.3994], [30.2467, 56.3987], [30.2615, 56.3881], [30.2817, 56.3828], [30.3126, 56.3939], [30.3339, 56.3787], [30.3305, 56.3732], [30.3615, 56.3676], [30.3606, 56.3636], [30.3702, 56.3579], [30.3619, 56.3495], [30.3682, 56.3427], [30.3592, 56.3336], [30.3579, 56.325], [30.3643, 56.3159], [30.3608, 56.3115], [30.3735, 56.3154], [30.3757, 56.3129], [30.3709, 56.3103], [30.3789, 56.3071], [30.3499, 56.3038], [30.3477, 56.2998], [30.3574, 56.298], [30.3613, 56.2919], [30.3469, 56.2764], [30.3607, 56.2679], [30.344, 56.2621], [30.342, 56.255], [30.3238, 56.2448], [30.323, 56.2356], [30.2887, 56.2161], [30.2956, 56.2035], [30.2932, 56.1971], [30.2831, 56.1899], [30.2684, 56.1877], [30.297, 56.1751], [30.285, 56.1678], [30.2933, 56.165], [30.2912, 56.1559], [30.2961, 56.1538], [30.2868, 56.1546], [30.2636, 56.1456], [30.2581, 56.1519], [30.2353, 56.1399], [30.2694, 56.1298], [30.2649, 56.1291], [30.2624, 56.1195], [30.2503, 56.1181], [30.2563, 56.1122], [30.2474, 56.1095], [30.2515, 56.1066], [30.1928, 56.108], [30.1827, 56.0947], [30.1609, 56.089], [30.169, 56.0792], [30.1937, 56.0799], [30.2021, 56.075], [30.2208, 56.0751], [30.2229, 56.0801], [30.2309, 56.0803], [30.2366, 56.0684], [30.2032, 56.0563], [30.1863, 56.0434], [30.2005, 56.0512], [30.2076, 56.0407], [30.2153, 56.0428], [30.2215, 56.0377], [30.2534, 56.0344], [30.2347, 56.0233], [30.2475, 56.0069], [30.2495, 55.9943], [30.2632, 55.9933], [30.2578, 55.9873], [30.2789, 55.9746], [30.2762, 55.9618], [30.2797, 55.9572], [30.295, 55.9559], [30.3175, 55.9462], [30.3146, 55.936], [30.3349, 55.9151], [30.3535, 55.9118], [30.39, 55.9183], [30.3915, 55.9118], [30.3956, 55.9116], [30.3987, 55.916], [30.411, 55.9163], [30.4158, 55.9244], [30.4463, 55.9131]], [[30.4547, 56.3219], [30.4627, 56.3295], [30.4577, 56.3362], [30.4739, 56.3417], [30.4733, 56.3333], [30.4767, 56.3338], [30.4775, 56.3417], [30.4728, 56.3423], [30.4816, 56.3514], [30.4708, 56.356], [30.4877, 56.3592], [30.4999, 56.372], [30.5192, 56.3574], [30.5538, 56.3631], [30.5602, 56.3653], [30.56, 56.3713], [30.5781, 56.3713], [30.5938, 56.3623], [30.604, 56.3622], [30.6072, 56.3582], [30.6043, 56.3503], [30.6179, 56.3496], [30.6186, 56.3449], [30.6332, 56.3383], [30.6137, 56.3324], [30.6107, 56.337], [30.6066, 56.332], [30.6105, 56.3274], [30.6018, 56.3257], [30.5898, 56.3316], [30.5655, 56.3292], [30.5737, 56.3219], [30.5786, 56.3279], [30.584, 56.3247], [30.5769, 56.3139], [30.568, 56.3231], [30.5604, 56.3201], [30.5648, 56.318], [30.563, 56.3104], [30.5692, 56.3024], [30.5653, 56.3005], [30.5586, 56.3033], [30.5458, 56.2997], [30.5344, 56.3105], [30.5242, 56.3063], [30.5269, 56.3113], [30.523, 56.3135], [30.5239, 56.3083], [30.5188, 56.3001], [30.5139, 56.3003], [30.5126, 56.2923], [30.5063, 56.3013], [30.5143, 56.3046], [30.5144, 56.3097], [30.5081, 56.311], [30.5066, 56.3214], [30.5121, 56.3248], [30.4908, 56.3346], [30.4856, 56.3309], [30.4955, 56.3179], [30.4922, 56.3157], [30.4762, 56.3229], [30.4739, 56.3176], [30.4716, 56.3235], [30.4547, 56.3219]]]}}, {"type": "Feature", "properties": {"osm_type": "relation", "osm_id": 222928476, "name": "Strugo-Krasnensky District", "admin_level": "6", "kind": "subdivision_2", "parent_osm_id": 155262, "parent_name": "Pskov Oblast", "parent_iso": "RU-PSK"}, "geometry": {"type": "Polygon", "coordinates": [[[28.4384, 58.2908], [28.4504, 58.2588], [28.4761, 58.2176], [28.4565, 58.2006], [28.5458, 58.1938], [28.5673, 58.1767], [28.587, 58.1767], [28.591, 58.1709], [28.5848, 58.1643], [28.5909, 58.1619], [28.5916, 58.1536], [28.5806, 58.1411], [28.5659, 58.1407], [28.5703, 58.1293], [28.5804, 58.127], [28.5717, 58.118], [28.5724, 58.1121], [28.5599, 58.107], [28.5635, 58.1026], [28.5527, 58.0958], [28.559, 58.0888], [28.5515, 58.0839], [28.5623, 58.0829], [28.5761, 58.073], [28.5884, 58.0727], [28.5911, 58.0655], [28.586, 58.0615], [28.592, 58.0577], [28.5814, 58.0485], [28.5904, 58.043], [28.5634, 58.0368], [28.5553, 58.0294], [28.5622, 58.0296], [28.5732, 58.0205], [28.62, 58.0131], [28.6079, 57.9991], [28.6213, 57.9963], [28.6278, 57.9893], [28.6108, 57.9762], [28.6152, 57.9703], [28.611, 57.9669], [28.6138, 57.9623], [28.6344, 57.9512], [28.6751, 57.9526], [28.6912, 57.9482], [28.7003, 57.952], [28.7473, 57.9528], [28.7849, 57.963], [28.7803, 57.9555], [28.8117, 57.9518], [28.8209, 57.9377], [28.8428, 57.9417], [28.8444, 57.9298], [28.8622, 57.9313], [28.8659, 57.937], [28.9047, 57.9337], [28.9153, 57.9392], [28.9494, 57.9382], [28.9782, 57.9451], [28.9857, 57.9429], [28.9842, 57.9359], [28.9902, 57.9334], [29.0197, 57.9396], [29.016, 57.9433], [29.0245, 57.951], [29.0482, 57.9649], [29.0729, 57.9643], [29.08, 57.975], [29.1003, 57.9807], [29.1084, 57.9737], [29.1302, 57.9785], [29.1014, 57.9862], [29.1318, 58.0006], [29.1182, 58.0068], [29.1314, 58.0076], [29.1398, 57.995], [29.1409, 57.9842], [29.1668, 57.9828], [29.1756, 57.9933], [29.1897, 57.985], [29.1975, 57.9935], [29.2178, 57.9983], [29.2197, 58.006], [29.2366, 58.0048], [29.2363, 58.0169], [29.2527, 58.0343], [29.2709, 58.038], [29.3216, 58.0335], [29.3436, 58.0492], [29.4312, 58.0523], [29.4345, 58.0585], [29.4697, 58.066], [29.4653, 58.0706], [29.4714, 58.0762], [29.4868, 58.0772], [29.5095, 58.0964], [29.5315, 58.0875], [29.5372, 58.0899], [29.5991, 58.0784], [29.6232, 58.0902], [29.6288, 58.1002], [29.6451, 58.1081], [29.6497, 58.1228], [29.6607, 58.1259], [29.6611, 58.133], [29.6715, 58.1348], [29.6662, 58.1432], [29.6779, 58.1527], [29.6757, 58.1607], [29.6819, 58.1665], [29.705, 58.1675], [29.6767, 58.1863], [29.6896, 58.1898], [29.6798, 58.1983], [29.6898, 58.2035], [29.6856, 58.2107], [29.6369, 58.2149], [29.6373, 58.2247], [29.6512, 58.2247], [29.659, 58.2342], [29.6379, 58.2354], [29.6115, 58.2596], [29.6033, 58.2625], [29.6002, 58.2498], [29.5745, 58.2496], [29.5786, 58.2458], [29.4668, 58.2652], [29.4653, 58.2689], [29.489, 58.2828], [29.5605, 58.318], [29.5524, 58.3234], [29.5536, 58.33], [29.5445, 58.3357], [29.546, 58.3402], [29.5261, 58.34], [29.5188, 58.3435], [29.523, 58.3468], [29.5205, 58.3513], [29.513, 58.351], [29.5141, 58.3473], [29.4924, 58.3594], [29.4551, 58.3655], [29.4583, 58.3669], [29.4486, 58.3722], [29.4213, 58.3572], [29.4129, 58.3573], [29.4189, 58.3684], [29.409, 58.3706], [29.3861, 58.3694], [29.3826, 58.3752], [29.3296, 58.3728], [29.2646, 58.3915], [29.2344, 58.3933], [29.2329, 58.3992], [29.2843, 58.3971], [29.2987, 58.4039], [29.2949, 58.4116], [29.2862, 58.4129], [29.2693, 58.4045], [29.2377, 58.4082], [29.2383, 58.4168], [29.2297, 58.413], [29.1723, 58.4167], [29.1474, 58.4121], [29.1403, 58.4044], [29.1409, 58.3936], [29.1325, 58.3926], [29.1266, 58.3989], [29.0818, 58.3936], [29.0515, 58.4005], [29.0433, 58.4129], [29.0111, 58.4086], [28.9954, 58.432], [28.9868, 58.4314], [28.9719, 58.4394], [28.9625, 58.4373], [28.964, 58.4469], [28.9567, 58.4497], [28.9006, 58.4614], [28.8953, 58.4721], [28.8902, 58.466], [28.8767, 58.4663], [28.8507, 58.4542], [28.8341, 58.4577], [28.8181, 58.4531], [28.7977, 58.4624], [28.8021, 58.4731], [28.8128, 58.4727], [28.8082, 58.4866], [28.7806, 58.4769], [28.7722, 58.479], [28.7798, 58.4859], [28.7749, 58.4871], [28.7819, 58.4972], [28.7789, 58.4987], [28.7626, 58.4913], [28.7477, 58.4921], [28.7481, 58.4992], [28.7439, 58.4993], [28.727, 58.4996], [28.7334, 58.4953], [28.7301, 58.4905], [28.7087, 58.4924], [28.698, 58.4883], [28.6809, 58.4951], [28.6682, 58.4932], [28.6647, 58.4961], [28.6711, 58.5002], [28.6687, 58.5023], [28.6428, 58.507], [28.6363, 58.5109], [28.6376, 58.5153], [28.614, 58.5203], [28.625, 58.5283], [28.6155, 58.5278], [28.6173, 58.5338], [28.6103, 58.5351], [28.6174, 58.5529], [28.5502, 58.5479], [28.5421, 58.537], [28.5347, 58.5379], [28.5371, 58.5402], [28.493, 58.5375], [28.482, 58.5413], [28.4761, 58.5346], [28.463, 58.5342], [28.4693, 58.5269], [28.4628, 58.5207], [28.473, 58.5188], [28.4675, 58.5137], [28.4857, 58.5093], [28.4802, 58.5083], [28.4832, 58.4985], [28.4981, 58.4955], [28.4967, 58.491], [28.4774, 58.4875], [28.4923, 58.4804], [28.4849, 58.4628], [28.4971, 58.4615], [28.4957, 58.4574], [28.5047, 58.4517], [28.4929, 58.4509], [28.4913, 58.4455], [28.5088, 58.4436], [28.5125, 58.4409], [28.5087, 58.4343], [28.5118, 58.4296], [28.5221, 58.4271], [28.5266, 58.4203], [28.5276, 58.4132], [28.508, 58.4079], [28.5068, 58.3895], [28.5021, 58.3872], [28.5239, 58.372], [28.5401, 58.369], [28.5379, 58.3617], [28.5192, 58.348], [28.5264, 58.3454], [28.5139, 58.335], [28.532, 58.3253], [28.5212, 58.3237], [28.5239, 58.3204], [28.4862, 58.3162], [28.4941, 58.2975], [28.4384, 58.2908]]]}}, {"type": "Feature", "properties": {"osm_type": "relation", "osm_id": 445843224, "name": "Plyussky District", "admin_level": "6", "kind": "subdivision_2", "parent_osm_id": 155262, "parent_name": "Pskov Oblast", "parent_iso": "RU-PSK"}, "geometry": {"type": "Polygon", "coordinates": [[[28.4933, 58.8624], [28.4915, 58.8551], [28.496, 58.853], [28.4801, 58.8475], [28.4931, 58.841], [28.5004, 58.845], [28.5011, 58.8374], [28.5095, 58.8319], [28.5073, 58.8269], [28.5217, 58.8214], [28.5326, 58.8108], [28.5303, 58.8017], [28.5358, 58.8013], [28.5337, 58.7741], [28.5048, 58.7738], [28.5176, 58.7529], [28.5319, 58.7447], [28.5512, 58.7412], [28.5201, 58.7356], [28.5182, 58.7314], [28.5267, 58.7318], [28.5278, 58.7222], [28.556, 58.7086], [28.5554, 58.7026], [28.5629, 58.6995], [28.5592, 58.6964], [28.5763, 58.6879], [28.574, 58.6753], [28.5862, 58.6737], [28.579, 58.6735], [28.5787, 58.6613], [28.5685, 58.6646], [28.5689, 58.6558], [28.5478, 58.6551], [28.5349, 58.645], [28.4992, 58.645], [28.4979, 58.6087], [28.5162, 58.5986], [28.4751, 58.586], [28.4383, 58.5597], [28.4625, 58.5447], [28.4692, 58.535], [28.4802, 58.5365], [28.482, 58.5413], [28.493, 58.5375], [28.5371, 58.5402], [28.5347, 58.5379], [28.5421, 58.537], [28.5502, 58.5479], [28.6174, 58.5529], [28.6103, 58.5351], [28.6173, 58.5338], [28.6155, 58.5278], [28.625, 58.5283], [28.614, 58.5203], [28.6376, 58.5153], [28.6363, 58.5109], [28.6428, 58.507], [28.6687, 58.5023], [28.6711, 58.5002], [28.6647, 58.4961], [28.6682, 58.4932], [28.6809, 58.4951], [28.698, 58.4883], [28.7087, 58.4924], [28.7301, 58.4905], [28.7334, 58.4953], [28.727, 58.4996], [28.7439, 58.4993], [28.7481, 58.4992], [28.7477, 58.4921], [28.7626, 58.4913], [28.7789, 58.4987], [28.7819, 58.4972], [28.7749, 58.4871], [28.7798, 58.4859], [28.7722, 58.479], [28.7806, 58.4769], [28.8082, 58.4866], [28.8128, 58.4727], [28.8021, 58.4731], [28.7977, 58.4624], [28.8181, 58.4531], [28.8341, 58.4577], [28.8507, 58.4542], [28.8767, 58.4663], [28.8902, 58.466], [28.8953, 58.4721], [28.9006, 58.4614], [28.9567, 58.4497], [28.964, 58.4469], [28.9625, 58.4373], [28.9719, 58.4394], [28.9868, 58.4314], [28.9954, 58.432], [29.0111, 58.4086], [29.0433, 58.4129], [29.0515, 58.4005], [29.0818, 58.3936], [29.1266, 58.3989], [29.1325, 58.3926], [29.1409, 58.3936], [29.1403, 58.4044], [29.1474, 58.4121], [29.1723, 58.4167], [29.2297, 58.413], [29.2383, 58.4168], [29.2377, 58.4082], [29.2693, 58.4045], [29.2862, 58.4129], [29.2949, 58.4116], [29.2987, 58.4039], [29.2843, 58.3971], [29.2329, 58.3992], [29.2344, 58.3933], [29.2646, 58.3915], [29.3296, 58.3728], [29.3826, 58.3752], [29.3861, 58.3694], [29.409, 58.3706], [29.4189, 58.3684], [29.4129, 58.3573], [29.4213, 58.3572], [29.4486, 58.3722], [29.4583, 58.3669], [29.4551, 58.3655], [29.4924, 58.3594], [29.5141, 58.3473], [29.513, 58.351], [29.5205, 58.3513], [29.523, 58.3468], [29.5188, 58.3435], [29.5261, 58.34], [29.546, 58.3402], [29.5445, 58.3357], [29.5536, 58.33], [29.5524, 58.3234], [29.5605, 58.318], [29.489, 58.2828], [29.4653, 58.2689], [29.4668, 58.2652], [29.5786, 58.2458], [29.5745, 58.2496], [29.6002, 58.2498], [29.6033, 58.2625], [29.6187, 58.2517], [29.6334, 58.2562], [29.6838, 58.2536], [29.6988, 58.2573], [29.7608, 58.2497], [29.7819, 58.2567], [29.7963, 58.2532], [29.8116, 58.2606], [29.8225, 58.2583], [29.8159, 58.2724], [29.8379, 58.2728], [29.8299, 58.2808], [29.8524, 58.2815], [29.8628, 58.2894], [29.8571, 58.3042], [29.8999, 58.3027], [29.8945, 58.3106], [29.9166, 58.3105], [29.9086, 58.3483], [29.9331, 58.3626], [29.9311, 58.3664], [29.9048, 58.3637], [29.8926, 58.3749], [29.9004, 58.3862], [29.9135, 58.3905], [29.8942, 58.3987], [29.8898, 58.4059], [29.8971, 58.4143], [29.8794, 58.4233], [29.9068, 58.4309], [29.9075, 58.4377], [29.9227, 58.4407], [29.9149, 58.4457], [29.8969, 58.4347], [29.8837, 58.4406], [29.8957, 58.45], [29.8835, 58.456], [29.8665, 58.4473], [29.8636, 58.4382], [29.8513, 58.4394], [29.8508, 58.4337], [29.8601, 58.4336], [29.8655, 58.4273], [29.7777, 58.4173], [29.7593, 58.4211], [29.762, 58.4243], [29.7474, 58.4237], [29.7425, 58.43], [29.7528, 58.4348], [29.7428, 58.4404], [29.7133, 58.4444], [29.708, 58.4593], [29.6907, 58.4597], [29.6737, 58.4427], [29.6584, 58.4489], [29.6395, 58.4469], [29.6122, 58.452], [29.6079, 58.4599], [29.5971, 58.4582], [29.5897, 58.4682], [29.5954, 58.4686], [29.5828, 58.4755], [29.551, 58.4798], [29.5397, 58.493], [29.5529, 58.5019], [29.5512, 58.5088], [29.5841, 58.5231], [29.5796, 58.5336], [29.5431, 58.544], [29.5109, 58.5414], [29.4833, 58.5542], [29.4787, 58.5615], [29.4816, 58.5672], [29.453, 58.5738], [29.4232, 58.5903], [29.4005, 58.5745], [29.3938, 58.5545], [29.3697, 58.5544], [29.3597, 58.5603], [29.3621, 58.563], [29.3548, 58.5734], [29.3517, 58.5729], [29.3556, 58.5561], [29.3275, 58.5602], [29.3174, 58.5677], [29.3322, 58.5713], [29.3184, 58.5762], [29.3583, 58.5819], [29.3695, 58.5742], [29.3667, 58.5699], [29.3734, 58.5686], [29.3836, 58.5798], [29.367, 58.587], [29.3865, 58.5855], [29.3907, 58.5907], [29.4031, 58.5919], [29.3524, 58.6069], [29.3546, 58.6161], [29.3405, 58.6131], [29.3419, 58.6091], [29.3131, 58.6137], [29.3188, 58.6098], [29.3128, 58.6066], [29.2886, 58.6115], [29.2823, 58.602], [29.2643, 58.5947], [29.2661, 58.6046], [29.2553, 58.5999], [29.2478, 58.6117], [29.2482, 58.6211], [29.243, 58.6265], [29.2311, 58.6265], [29.2309, 58.6326], [29.2679, 58.6345], [29.2667, 58.6396], [29.2917, 58.6487], [29.2692, 58.6573], [29.2656, 58.6661], [29.2573, 58.6698], [29.2833, 58.6961], [29.2784, 58.701], [29.2568, 58.7001], [29.2495, 58.7055], [29.2348, 58.7018], [29.2243, 58.7106], [29.2173, 58.6996], [29.181, 58.71], [29.1743, 58.7047], [29.1566, 58.7055], [29.1528, 58.7007], [29.1398, 58.7004], [29.1334, 58.7031], [29.1376, 58.7066], [29.1268, 58.7089], [29.1238, 58.7178], [29.0964, 58.7213], [29.0859, 58.7316], [29.036, 58.7253], [29.0737, 58.7364], [29.069, 58.7404], [29.0559, 58.7398], [29.0338, 58.8328], [29.0161, 58.8282], [29.0169, 58.8205], [28.9842, 58.8166], [28.9735, 58.8051], [28.9097, 58.803], [28.8882, 58.8166], [28.8433, 58.8253], [28.7679, 58.8313], [28.7658, 58.8248], [28.7469, 58.8283], [28.6613, 58.8519], [28.6682, 58.856], [28.6713, 58.8639], [28.6675, 58.8664], [28.6592, 58.8659], [28.6564, 58.8556], [28.6448, 58.8523], [28.622, 58.8646], [28.5979, 58.8682], [28.5999, 58.865], [28.5896, 58.8604], [28.5869, 58.8664], [28.5636, 58.8687], [28.5409, 58.8679], [28.542, 58.8641], [28.5345, 58.8608], [28.5229, 58.8676], [28.4933, 58.8624]]]}}, {"type": "Feature", "properties": {"osm_type": "relation", "osm_id": 404598315, "name": "Kunyinsky District", "admin_level": "6", "kind": "subdivision_2", "parent_osm_id": 155262, "parent_name": "Pskov Oblast", "parent_iso": "RU-PSK"}, "geometry": {"type": "Polygon", "coordinates": [[[31.5179, 56.3061], [31.4504, 56.3095], [31.4304, 56.3051], [31.4055, 56.314], [31.3884, 56.3017], [31.3733, 56.3045], [31.3771, 56.311], [31.3726, 56.3178], [31.3559, 56.3195], [31.3628, 56.3229], [31.3611, 56.3255], [31.3186, 56.3288], [31.2969, 56.3224], [31.263, 56.3295], [31.2502, 56.3361], [31.2509, 56.3411], [31.2306, 56.3388], [31.2285, 56.3735], [31.2226, 56.3753], [31.2259, 56.3909], [31.23, 56.3928], [31.2297, 56.4084], [31.2066, 56.4141], [31.2126, 56.4272], [31.194, 56.4269], [31.1845, 56.4348], [31.1603, 56.4399], [31.1188, 56.4396], [31.1199, 56.4468], [30.9928, 56.4823], [30.9871, 56.4858], [30.9873, 56.4959], [30.9828, 56.4986], [30.994, 56.5037], [30.9905, 56.5083], [30.9981, 56.507], [30.9942, 56.5239], [30.9881, 56.5199], [30.9389, 56.5161], [30.9208, 56.5035], [30.9165, 56.4954], [30.9224, 56.4905], [30.9194, 56.4864], [30.9141, 56.4894], [30.901, 56.4852], [30.9082, 56.4695], [30.9136, 56.4685], [30.9131, 56.463], [30.9348, 56.4561], [30.9149, 56.4549], [30.9043, 56.4639], [30.9031, 56.4769], [30.8694, 56.4788], [30.8637, 56.4703], [30.8411, 56.4633], [30.837, 56.4594], [30.8499, 56.4591], [30.8352, 56.3577], [30.7951, 56.3567], [30.7948, 56.3527], [30.7724, 56.3495], [30.7684, 56.3439], [30.7497, 56.3425], [30.7557, 56.3368], [30.7536, 56.3241], [30.7401, 56.3122], [30.7466, 56.3064], [30.7402, 56.3037], [30.7346, 56.2889], [30.7527, 56.2788], [30.7451, 56.275], [30.7662, 56.262], [30.7619, 56.257], [30.7894, 56.2542], [30.7942, 56.2482], [30.7893, 56.2467], [30.7889, 56.2413], [30.795, 56.2391], [30.7894, 56.2376], [30.7906, 56.2328], [30.8103, 56.2198], [30.8016, 56.2108], [30.8159, 56.2061], [30.8038, 56.1996], [30.8076, 56.1899], [30.8307, 56.1907], [30.8396, 56.1829], [30.8542, 56.1918], [30.8645, 56.19], [30.8532, 56.1812], [30.8498, 56.1714], [30.8412, 56.1685], [30.8459, 56.1619], [30.839, 56.1566], [30.8409, 56.1506], [30.8307, 56.1476], [30.828, 56.1409], [30.8431, 56.133], [30.8401, 56.1274], [30.8514, 56.109], [30.8589, 56.105], [30.8467, 56.0945], [30.8481, 56.0912], [30.8593, 56.1013], [30.86, 56.0957], [30.8521, 56.0943], [30.8554, 56.091], [30.8501, 56.0901], [30.8505, 56.0836], [30.8739, 56.083], [30.8825, 56.0714], [30.8733, 56.053], [30.8819, 56.0454], [30.8767, 56.0372], [30.8915, 56.034], [30.9022, 56.0213], [30.8823, 56.0134], [30.9006, 56.0057], [30.8987, 56.0012], [30.9126, 56.0084], [30.9398, 55.9981], [30.9569, 56.0024], [30.9541, 55.9889], [30.9313, 55.9814], [30.9319, 55.9742], [30.9447, 55.9696], [30.9427, 55.9567], [30.9783, 55.9495], [30.9799, 55.9438], [31.0012, 55.9354], [30.9939, 55.9241], [30.9667, 55.9234], [30.9503, 55.917], [30.9816, 55.8902], [30.978, 55.8842], [30.9945, 55.8817], [30.975, 55.8666], [30.9694, 55.8447], [30.9838, 55.8443], [30.9811, 55.8383], [30.985, 55.834], [30.9761, 55.8302], [30.9894, 55.7704], [31.0132, 55.7697], [31.0169, 55.7752], [31.014, 55.7781], [31.0244, 55.778], [31.0343, 55.7724], [31.0315, 55.765], [31.0381, 55.7608], [31.0699, 55.7597], [31.0693, 55.7543], [31.0778, 55.7477], [31.0816, 55.7501], [31.0726, 55.7542], [31.0743, 55.7594], [31.1401, 55.758], [31.1391, 55.7502], [31.1524, 55.7473], [31.1675, 55.7367], [31.177, 55.7372], [31.1702, 55.7461], [31.1812, 55.7458], [31.2031, 55.7277], [31.2127, 55.7266], [31.2156, 55.7203], [31.2208, 55.7292], [31.2169, 55.7309], [31.2398, 55.7415], [31.2595, 55.744], [31.2788, 55.7395], [31.3053, 55.7255], [31.3128, 55.7303], [31.3088, 55.7353], [31.311, 55.7422], [31.3313, 55.7417], [31.3426, 55.7366], [31.3666, 55.7415], [31.372, 55.7315], [31.3883, 55.7353], [31.4015, 55.7313], [31.4064, 55.7248], [31.4188, 55.7245], [31.4291, 55.729], [31.4193, 55.728], [31.4348, 55.7359], [31.4363, 55.7409], [31.4483, 55.7364], [31.4564, 55.7402], [31.4671, 55.7293], [31.4222, 55.716], [31.4372, 55.7053], [31.4558, 55.7024], [31.4891, 55.7071], [31.4831, 55.7186], [31.4706, 55.7245], [31.4729, 55.7342], [31.4478, 55.7436], [31.4481, 55.7536], [31.4412, 55.7569], [31.4477, 55.762], [31.44, 55.7658], [31.44, 55.7747], [31.4038, 55.8111], [31.4037, 55.8202], [31.4147, 55.8364], [31.4002, 55.8577], [31.4059, 55.8619], [31.3949, 55.868], [31.4095, 55.8731], [31.4091, 55.8793], [31.4159, 55.881], [31.4161, 55.8914], [31.3949, 55.9044], [31.4017, 55.9153], [31.3895, 55.9271], [31.367, 55.9322], [31.3712, 55.935], [31.3569, 55.9374], [31.3496, 55.9448], [31.3677, 55.9691], [31.4173, 55.9838], [31.428, 55.9907], [31.4256, 56.0003], [31.4374, 56.0092], [31.4513, 56.0119], [31.4647, 56.0245], [31.4765, 56.0235], [31.4831, 56.0297], [31.4842, 56.0245], [31.4911, 56.0237], [31.4886, 56.0324], [31.5015, 56.0359], [31.4933, 56.0446], [31.5084, 56.0499], [31.5077, 56.0554], [31.5011, 56.0584], [31.5054, 56.0663], [31.4994, 56.0718], [31.4673, 56.0874], [31.4677, 56.0959], [31.4613, 56.1004], [31.4708, 56.1071], [31.4695, 56.1149], [31.4573, 56.1195], [31.4595, 56.1239], [31.4494, 56.1334], [31.4511, 56.1398], [31.4875, 56.144], [31.5076, 56.1581], [31.4991, 56.1772], [31.5012, 56.184], [31.4642, 56.1931], [31.4619, 56.1976], [31.4652, 56.2415], [31.4737, 56.2456], [31.4638, 56.2487], [31.4627, 56.2538], [31.4959, 56.2712], [31.4924, 56.2757], [31.4954, 56.2799], [31.4904, 56.2819], [31.4939, 56.2892], [31.5032, 56.2888], [31.5043, 56.2925], [31.5172, 56.2897], [31.5179, 56.3061]]]}}, {"type": "Feature", "properties": {"osm_type": "relation", "osm_id": 964632437, "name": "Loknyansky District", "admin_level": "6", "kind": "subdivision_2", "parent_osm_id": 155262, "parent_name": "Pskov Oblast", "parent_iso": "RU-PSK"}, "geometry": {"type": "Polygon", "coordinates": [[[30.7925, 56.8055], [30.818, 56.8238], [30.8293, 56.8112], [30.8581, 56.8124], [30.8589, 56.8088], [30.8766, 56.8065], [30.8695, 56.8144], [30.875, 56.8193], [30.8701, 56.8282], [30.8782, 56.8378], [30.885, 56.8389], [30.8857, 56.8471], [30.8899, 56.8485], [30.8865, 56.8595], [30.8748, 56.854], [30.8726, 56.8715], [30.8764, 56.8809], [30.8798, 56.8858], [30.9, 56.8903], [30.9057, 56.8799], [30.8962, 56.8712], [30.9164, 56.8639], [30.9354, 56.8657], [30.9415, 56.8773], [30.9624, 56.8895], [30.9416, 56.896], [30.9516, 56.903], [30.9619, 56.9015], [30.976, 56.9118], [30.9675, 56.9463], [30.9817, 56.9536], [30.985, 56.9645], [30.9788, 56.9699], [30.9357, 56.973], [30.928, 56.9664], [30.9096, 56.9681], [30.9062, 56.9608], [30.8879, 56.9515], [30.8809, 56.9525], [30.8854, 56.9462], [30.8816, 56.9434], [30.8613, 56.9443], [30.8586, 56.9358], [30.8376, 56.9325], [30.8449, 56.9409], [30.8355, 56.9441], [30.8361, 56.9511], [30.8435, 56.957], [30.8158, 56.9602], [30.8114, 56.9561], [30.8202, 56.9544], [30.8181, 56.95], [30.8046, 56.9523], [30.7982, 56.9478], [30.7655, 56.9457], [30.7655, 56.9503], [30.7486, 56.9538], [30.7524, 56.9607], [30.7345, 56.9677], [30.7292, 56.9743], [30.6888, 56.9828], [30.6886, 56.988], [30.7003, 56.9962], [30.6757, 57.0042], [30.6884, 57.0414], [30.6875, 57.149], [30.6302, 57.1739], [30.5655, 57.1697], [30.51, 57.1564], [30.4901, 57.1278], [30.4469, 57.0085], [30.4453, 56.9971], [30.4634, 56.9896], [30.468, 56.9775], [30.4343, 56.9672], [30.4249, 56.9575], [30.4258, 56.9486], [30.3857, 56.9495], [30.3735, 56.9457], [30.3154, 56.9492], [30.3215, 56.9566], [30.3086, 56.9598], [30.3182, 56.9663], [30.3034, 56.9668], [30.3114, 56.9756], [30.2877, 56.9838], [30.2804, 56.9765], [30.2715, 56.9771], [30.2684, 56.9827], [30.2795, 56.9891], [30.2759, 56.9913], [30.2686, 56.9905], [30.2577, 56.9786], [30.248, 56.9879], [30.2453, 56.9798], [30.2328, 56.9787], [30.226, 56.9886], [30.2037, 56.9903], [30.196, 56.9763], [30.1898, 56.9743], [30.1941, 56.9706], [30.1902, 56.9657], [30.2004, 56.9326], [30.2006, 56.9124], [30.176, 56.9133], [30.147, 56.9223], [30.1248, 56.9137], [30.1134, 56.904], [30.1153, 56.901], [30.1087, 56.9022], [30.1092, 56.9086], [30.0912, 56.9037], [30.0824, 56.8911], [30.0715, 56.8887], [30.0612, 56.8943], [30.0197, 56.8761], [30.0272, 56.8604], [30.0009, 56.8482], [29.9963, 56.828], [29.9625, 56.8197], [29.9599, 56.8112], [29.8859, 56.7857], [29.8695, 56.7721], [29.8557, 56.7721], [29.8539, 56.7817], [29.849, 56.7842], [29.8328, 56.7809], [29.8111, 56.7623], [29.7949, 56.7659], [29.7953, 56.7718], [29.7412, 56.7634], [29.718, 56.7649], [29.7069, 56.7593], [29.7041, 56.7495], [29.697, 56.7446], [29.6814, 56.7438], [29.6758, 56.7327], [29.664, 56.7309], [29.6728, 56.6911], [29.6599, 56.6866], [29.664, 56.6764], [29.6537, 56.6708], [29.6646, 56.661], [29.6809, 56.6645], [29.6859, 56.6611], [29.6843, 56.6543], [29.7073, 56.6524], [29.7148, 56.6455], [29.7143, 56.6387], [29.7194, 56.637], [29.714, 56.6284], [29.7231, 56.6241], [29.7196, 56.6209], [29.73, 56.6111], [29.7317, 56.5975], [29.754, 56.6036], [29.767, 56.6145], [29.8069, 56.621], [29.8016, 56.6286], [29.8155, 56.6268], [29.8234, 56.6316], [29.8343, 56.6307], [29.8342, 56.6268], [29.8655, 56.6271], [29.8622, 56.6226], [29.8939, 56.6006], [29.9198, 56.6049], [29.9469, 56.6023], [29.957, 56.6076], [30.0056, 56.5922], [30.0378, 56.5931], [30.0403, 56.5827], [30.0871, 56.5661], [30.0972, 56.5714], [30.1012, 56.5675], [30.1068, 56.5713], [30.1016, 56.5775], [30.1238, 56.5874], [30.1132, 56.6], [30.1421, 56.5971], [30.1436, 56.6021], [30.135, 56.6116], [30.1688, 56.6176], [30.189, 56.6117], [30.1995, 56.6145], [30.1963, 56.6085], [30.2126, 56.6126], [30.2306, 56.6085], [30.2659, 56.5816], [30.3001, 56.6013], [30.295, 56.6023], [30.3092, 56.6149], [30.3184, 56.6099], [30.3372, 56.6094], [30.3446, 56.602], [30.3586, 56.6087], [30.3721, 56.6067], [30.3711, 56.5986], [30.3556, 56.5982], [30.3662, 56.594], [30.3955, 56.6119], [30.4119, 56.6058], [30.4184, 56.5964], [30.4368, 56.5927], [30.4628, 56.597], [30.5012, 56.5949], [30.5333, 56.6074], [30.5217, 56.6807], [30.528, 56.7135], [30.5343, 56.7225], [30.5661, 56.7478], [30.5681, 56.7578], [30.5921, 56.7556], [30.6152, 56.7646], [30.6357, 56.765], [30.6348, 56.7746], [30.6428, 56.7749], [30.66, 56.7936], [30.6514, 56.8029], [30.6535, 56.8108], [30.6434, 56.8271], [30.6393, 56.8447], [30.6443, 56.8465], [30.6476, 56.8661], [30.6788, 56.8755], [30.6821, 56.8562], [30.7089, 56.8596], [30.7135, 56.8532], [30.7375, 56.849], [30.7596, 56.8579], [30.7828, 56.8325], [30.7811, 56.8292], [30.7729, 56.8308], [30.7674, 56.8267], [30.7715, 56.8226], [30.7633, 56.8201], [30.7253, 56.8165], [30.7258, 56.8084], [30.7321, 56.8046], [30.7246, 56.8016], [30.7409, 56.7952], [30.7925, 56.8055]]]}}, {"type": "Feature", "properties": {"osm_type": "relation", "osm_id": 558616959, "name": "Usvyatsky District", "admin_level": "6", "kind": "subdivision_2", "parent_osm_id": 155262, "parent_name": "Pskov Oblast", "parent_iso": "RU-PSK"}, "geometry": {"type": "Polygon", "coordinates": [[[30.4048, 55.8162], [30.4053, 55.8102], [30.4168, 55.8096], [30.4815, 55.8127], [30.4872, 55.8055], [30.5188, 55.7946], [30.5179, 55.7888], [30.4929, 55.7829], [30.5263, 55.7527], [30.5817, 55.7511], [30.629, 55.7306], [30.648, 55.7101], [30.6513, 55.6983], [30.6496, 55.6932], [30.6395, 55.6898], [30.6415, 55.6758], [30.6655, 55.6782], [30.6657, 55.6739], [30.6719, 55.6738], [30.6566, 55.6591], [30.6757, 55.659], [30.6683, 55.6476], [30.6726, 55.6361], [30.697, 55.6442], [30.6994, 55.6475], [30.6938, 55.6554], [30.6982, 55.6576], [30.7323, 55.662], [30.7592, 55.6057], [30.7508, 55.5972], [30.7574, 55.5983], [30.7648, 55.5904], [30.8095, 55.5905], [30.8089, 55.5999], [30.817, 55.603], [30.8326, 55.5989], [30.8289, 55.6046], [30.8344, 55.6142], [30.8562, 55.6212], [30.8381, 55.629], [30.8732, 55.6305], [30.9161, 55.6197], [30.9326, 55.6247], [30.928, 55.6418], [30.9517, 55.6493], [30.9497, 55.6591], [30.9614, 55.6706], [30.955, 55.6715], [30.9627, 55.6719], [30.96, 55.6764], [30.9647, 55.6707], [31.0418, 55.7016], [31.0606, 55.6988], [31.06, 55.7046], [31.0302, 55.725], [31.0357, 55.728], [31.0323, 55.7369], [31.0363, 55.7396], [31.0274, 55.7514], [31.031, 55.7579], [31.0377, 55.7589], [31.0315, 55.765], [31.0343, 55.7724], [31.0209, 55.7784], [31.014, 55.7781], [31.0169, 55.7752], [31.0132, 55.7697], [30.9894, 55.7704], [30.9761, 55.8302], [30.985, 55.834], [30.9811, 55.8383], [30.9838, 55.8443], [30.9694, 55.8447], [30.975, 55.8666], [30.9945, 55.8817], [30.978, 55.8842], [30.9816, 55.8902], [30.9503, 55.917], [30.9667, 55.9234], [30.9939, 55.9241], [31.0012, 55.9354], [30.9799, 55.9438], [30.9783, 55.9495], [30.9427, 55.9567], [30.9447, 55.9696], [30.9319, 55.9742], [30.9313, 55.9814], [30.9541, 55.9889], [30.9569, 56.0024], [30.9398, 55.9981], [30.9126, 56.0084], [30.8904, 55.9966], [30.8762, 55.9952], [30.8643, 55.9831], [30.8502, 55.9778], [30.8223, 55.9804], [30.7985, 55.9739], [30.7952, 55.9721], [30.7969, 55.9602], [30.7759, 55.9548], [30.7348, 55.9652], [30.7406, 55.983], [30.7123, 55.9672], [30.6978, 55.9701], [30.6967, 55.9754], [30.6251, 55.9756], [30.6201, 55.983], [30.5945, 55.9718], [30.5921, 55.9638], [30.5521, 55.9565], [30.5338, 55.9576], [30.5379, 55.9464], [30.5265, 55.935], [30.5082, 55.9335], [30.5064, 55.9278], [30.5174, 55.9186], [30.5024, 55.9162], [30.5092, 55.9198], [30.503, 55.9301], [30.4733, 55.9282], [30.4463, 55.9131], [30.4498, 55.9093], [30.4433, 55.8885], [30.4298, 55.8883], [30.4335, 55.883], [30.4111, 55.8816], [30.4192, 55.8718], [30.4091, 55.8643], [30.4078, 55.853], [30.417, 55.8346], [30.4154, 55.8252], [30.4048, 55.8162]]]}}, {"type": "Feature", "properties": {"osm_type": "relation", "osm_id": 760946126, "name": "Novosokolnichesky District", "admin_level": "6", "kind": "subdivision_2", "parent_osm_id": 155262, "parent_name": "Pskov Oblast", "parent_iso": "RU-PSK"}, "geometry": {"type": "Polygon", "coordinates": [[[30.285, 56.1678], [30.297, 56.1751], [30.2684, 56.1877], [30.2831, 56.1899], [30.2932, 56.1971], [30.2956, 56.2035], [30.2887, 56.2161], [30.323, 56.2356], [30.3238, 56.2448], [30.342, 56.255], [30.344, 56.2621], [30.3607, 56.2679], [30.3469, 56.2764], [30.3613, 56.2919], [30.3574, 56.298], [30.3477, 56.2998], [30.3499, 56.3038], [30.3789, 56.3071], [30.3709, 56.3103], [30.3757, 56.3129], [30.3735, 56.3154], [30.3608, 56.3115], [30.3643, 56.3159], [30.3579, 56.325], [30.3592, 56.3336], [30.3682, 56.3427], [30.3619, 56.3495], [30.3702, 56.3579], [30.3606, 56.3636], [30.3615, 56.3676], [30.3305, 56.3732], [30.3339, 56.3787], [30.3126, 56.3939], [30.2817, 56.3828], [30.2615, 56.3881], [30.2335, 56.4037], [30.2455, 56.4146], [30.2269, 56.4214], [30.2325, 56.4263], [30.2285, 56.4289], [30.2308, 56.4401], [30.2189, 56.4377], [30.2181, 56.4431], [30.2234, 56.4444], [30.2211, 56.4484], [30.2272, 56.4547], [30.2485, 56.4628], [30.2513, 56.4672], [30.2459, 56.4695], [30.2495, 56.4724], [30.2464, 56.4779], [30.2515, 56.4785], [30.2392, 56.4794], [30.2445, 56.4889], [30.2403, 56.4905], [30.226, 56.4866], [30.2325, 56.4934], [30.2299, 56.5049], [30.234, 56.5058], [30.2175, 56.5141], [30.2305, 56.5236], [30.236, 56.5363], [30.2207, 56.5504], [30.2406, 56.5667], [30.2524, 56.5666], [30.2659, 56.5816], [30.2445, 56.601], [30.2126, 56.6126], [30.1963, 56.6085], [30.1995, 56.6145], [30.189, 56.6117], [30.1688, 56.6176], [30.135, 56.6116], [30.1436, 56.6021], [30.1421, 56.5971], [30.1132, 56.6], [30.1238, 56.5874], [30.1016, 56.5775], [30.1068, 56.5713], [30.1012, 56.5675], [30.0972, 56.5714], [30.0871, 56.5661], [30.0403, 56.5827], [30.0378, 56.5931], [30.0056, 56.5922], [29.9721, 56.601], [29.9693, 56.6057], [29.8939, 56.6006], [29.8594, 56.6288], [29.8016, 56.6286], [29.8069, 56.621], [29.767, 56.6145], [29.754, 56.6036], [29.7317, 56.5975], [29.73, 56.6111], [29.7196, 56.6209], [29.7231, 56.6241], [29.714, 56.6284], [29.7194, 56.637], [29.7073, 56.6524], [29.6843, 56.6543], [29.6859, 56.6611], [29.6809, 56.6645], [29.6646, 56.661], [29.6537, 56.6708], [29.6353, 56.6644], [29.6177, 56.6675], [29.5944, 56.6795], [29.548, 56.6808], [29.5415, 56.6773], [29.4967, 56.6886], [29.4778, 56.6812], [29.4766, 56.6709], [29.4822, 56.6677], [29.4558, 56.6715], [29.4535, 56.6661], [29.4639, 56.6583], [29.4393, 56.6496], [29.4405, 56.6308], [29.4477, 56.6296], [29.4436, 56.6253], [29.4467, 56.6199], [29.4529, 56.6196], [29.462, 56.6017], [29.4742, 56.6075], [29.5047, 56.6073], [29.4922, 56.5932], [29.5102, 56.5804], [29.5036, 56.5695], [29.5109, 56.5648], [29.5184, 56.5677], [29.5108, 56.5641], [29.5219, 56.5626], [29.515, 56.5546], [29.5289, 56.5566], [29.5315, 56.5672], [29.5535, 56.5798], [29.5582, 56.5705], [29.5793, 56.5705], [29.588, 56.5653], [29.6244, 56.5688], [29.6272, 56.5623], [29.6411, 56.5546], [29.6638, 56.5493], [29.664, 56.5428], [29.6678, 56.5433], [29.6625, 56.5377], [29.6803, 56.5385], [29.6965, 56.524], [29.7154, 56.5163], [29.7271, 56.4951], [29.6948, 56.4941], [29.6976, 56.4843], [29.7034, 56.4843], [29.7103, 56.4733], [29.6899, 56.4595], [29.7099, 56.4546], [29.713, 56.4479], [29.7434, 56.4494], [29.741, 56.4424], [29.745, 56.439], [29.7625, 56.4363], [29.788, 56.4213], [29.7691, 56.4144], [29.7547, 56.4193], [29.7719, 56.3993], [29.7853, 56.3963], [29.7858, 56.39], [29.7946, 56.3846], [29.7915, 56.3791], [29.7956, 56.376], [29.79, 56.3685], [29.7938, 56.3628], [29.7854, 56.3653], [29.7954, 56.3587], [29.7843, 56.3497], [29.7476, 56.345], [29.7383, 56.3369], [29.7388, 56.3303], [29.7277, 56.3242], [29.7619, 56.3156], [29.7672, 56.3094], [29.7541, 56.3036], [29.7609, 56.2979], [29.7594, 56.2922], [29.7702, 56.2853], [29.7619, 56.2781], [29.7726, 56.2744], [29.7757, 56.2681], [29.7994, 56.2781], [29.8516, 56.2618], [29.8878, 56.26], [29.896, 56.2515], [29.9092, 56.2542], [29.9209, 56.2492], [29.9626, 56.2489], [29.9829, 56.2521], [29.9842, 56.2443], [29.9669, 56.2336], [29.9862, 56.2229], [29.992, 56.2146], [30.0005, 56.2163], [29.9969, 56.2121], [30.0034, 56.2076], [30.0407, 56.2078], [30.0515, 56.2001], [30.0487, 56.198], [30.057, 56.1977], [30.0689, 56.2099], [30.0726, 56.2047], [30.0681, 56.1992], [30.0936, 56.2], [30.0991, 56.1955], [30.136, 56.2041], [30.1674, 56.194], [30.1972, 56.1983], [30.2156, 56.1847], [30.2193, 56.1924], [30.2458, 56.1866], [30.2446, 56.1816], [30.2627, 56.1727], [30.2544, 56.1644], [30.2699, 56.1568], [30.285, 56.1678]]]}}, {"type": "Feature", "properties": {"osm_type": "relation", "osm_id": 635191097, "name": "Porkhovsky District", "admin_level": "6", "kind": "subdivision_2", "parent_osm_id": 155262, "parent_name": "Pskov Oblast", "parent_iso": "RU-PSK"}, "geometry": {"type": "Polygon", "coordinates": [[[29.8196, 57.6749], [29.8114, 57.6933], [29.8225, 57.6951], [29.8144, 57.7049], [29.8036, 57.7084], [29.8086, 57.7137], [29.8024, 57.7193], [29.7724, 57.7158], [29.7916, 57.7281], [29.7792, 57.7336], [29.7743, 57.7423], [29.7679, 57.7417], [29.7629, 57.7653], [29.7828, 57.7799], [29.7923, 57.7932], [29.7766, 57.7976], [29.7942, 57.8084], [29.7866, 57.8135], [29.7854, 57.8241], [29.8014, 57.834], [29.7871, 57.8552], [29.767, 57.8554], [29.7591, 57.8657], [29.8078, 57.8778], [29.8136, 57.884], [29.8143, 57.9043], [29.8014, 57.9127], [29.7744, 57.9034], [29.7667, 57.9104], [29.7723, 57.9119], [29.7733, 57.9211], [29.7595, 57.9254], [29.767, 57.9311], [29.763, 57.9355], [29.7696, 57.9373], [29.7437, 57.9441], [29.718, 57.9424], [29.7168, 57.9359], [29.69, 57.9418], [29.7305, 57.9768], [29.7742, 57.9821], [29.7965, 57.9736], [29.8766, 57.9965], [29.901, 57.9897], [29.9116, 57.9959], [29.9229, 57.9951], [29.9208, 58.0035], [29.9373, 58.0022], [29.9604, 58.0113], [29.9471, 58.0238], [29.9939, 58.0325], [29.9867, 58.0364], [29.9911, 58.0393], [29.9867, 58.0485], [29.9367, 58.0395], [29.9428, 58.0429], [29.9347, 58.0459], [29.9293, 58.0409], [29.9138, 58.0464], [29.9127, 58.0423], [29.8949, 58.0418], [29.8834, 58.0506], [29.8867, 58.0514], [29.882, 58.0596], [29.889, 58.0625], [29.8627, 58.07], [29.8341, 58.0684], [29.7907, 58.0914], [29.7589, 58.0855], [29.7482, 58.0932], [29.7129, 58.0949], [29.7028, 58.0818], [29.6786, 58.0755], [29.6546, 58.0812], [29.653, 58.0852], [29.6627, 58.0893], [29.6484, 58.0889], [29.6288, 58.1002], [29.6232, 58.0902], [29.5991, 58.0784], [29.5372, 58.0899], [29.5315, 58.0875], [29.5095, 58.0964], [29.4868, 58.0772], [29.4714, 58.0762], [29.4653, 58.0706], [29.4697, 58.066], [29.4345, 58.0585], [29.4312, 58.0523], [29.3436, 58.0492], [29.3216, 58.0335], [29.2709, 58.038], [29.2527, 58.0343], [29.2363, 58.0169], [29.2366, 58.0048], [29.2197, 58.006], [29.2178, 57.9983], [29.1975, 57.9935], [29.1814, 57.9822], [29.1714, 57.9571], [29.1677, 57.9569], [29.1762, 57.9525], [29.1716, 57.9417], [29.1589, 57.9301], [29.1843, 57.927], [29.1962, 57.9162], [29.2054, 57.9216], [29.2186, 57.9188], [29.21, 57.9121], [29.2504, 57.9013], [29.2472, 57.8973], [29.2084, 57.8909], [29.1804, 57.8984], [29.1541, 57.8898], [29.155, 57.8853], [29.167, 57.8855], [29.1621, 57.8606], [29.1426, 57.8556], [29.1456, 57.8514], [29.1216, 57.8398], [29.1218, 57.833], [29.1151, 57.8313], [29.1184, 57.8277], [29.1363, 57.83], [29.1371, 57.8248], [29.1625, 57.8128], [29.1692, 57.7969], [29.1432, 57.7928], [29.1129, 57.7766], [29.1056, 57.7682], [29.103, 57.7494], [29.0884, 57.7441], [29.0966, 57.7281], [29.07, 57.729], [29.0623, 57.7311], [29.0668, 57.7347], [29.0607, 57.7381], [29.0374, 57.7413], [28.9967, 57.7341], [28.9979, 57.7301], [28.9901, 57.7249], [28.9919, 57.7287], [28.9802, 57.7299], [28.9687, 57.7239], [28.9765, 57.7152], [28.9918, 57.7153], [28.9878, 57.7032], [28.9993, 57.7056], [29.0191, 57.6942], [29.0138, 57.6802], [29.0063, 57.6833], [28.994, 57.6788], [28.9932, 57.6664], [28.9734, 57.6643], [28.9606, 57.6552], [28.9324, 57.65], [28.9371, 57.647], [28.9268, 57.6359], [28.9358, 57.6296], [28.9228, 57.6222], [28.8855, 57.6084], [28.8737, 57.61], [28.8298, 57.5989], [28.8148, 57.5921], [28.8144, 57.584], [28.8101, 57.5837], [28.8118, 57.5939], [28.8016, 57.597], [28.7576, 57.5858], [28.7463, 57.5607], [28.7383, 57.5578], [28.7346, 57.548], [28.7508, 57.5366], [28.7214, 57.5276], [28.7211, 57.4979], [28.6981, 57.482], [28.6875, 57.4811], [28.688, 57.4757], [28.7034, 57.4771], [28.7148, 57.4709], [28.7427, 57.4759], [28.7542, 57.4713], [28.7607, 57.4795], [28.7733, 57.4827], [28.7767, 57.4749], [28.7876, 57.475], [28.7917, 57.4649], [28.8014, 57.4632], [28.8558, 57.4761], [28.8743, 57.4749], [28.8731, 57.4677], [28.8924, 57.4623], [28.8818, 57.4573], [28.8759, 57.4485], [28.9041, 57.4479], [28.9139, 57.4417], [28.9178, 57.4324], [28.9533, 57.437], [28.9704, 57.4287], [28.9676, 57.4261], [28.9732, 57.4228], [28.9762, 57.4262], [29.0244, 57.4291], [29.0351, 57.4235], [29.0508, 57.4229], [29.0498, 57.4131], [29.0696, 57.3974], [29.0631, 57.3939], [29.0801, 57.3933], [29.0968, 57.3852], [29.1023, 57.3776], [29.1118, 57.3774], [29.1263, 57.388], [29.1368, 57.3826], [29.1681, 57.3828], [29.1819, 57.375], [29.1789, 57.3701], [29.2003, 57.3576], [29.1974, 57.352], [29.2169, 57.3402], [29.2234, 57.3412], [29.2173, 57.3543], [29.2349, 57.3532], [29.2801, 57.3321], [29.2755, 57.3237], [29.3111, 57.3298], [29.357, 57.3466], [29.3719, 57.3436], [29.3661, 57.3347], [29.3936, 57.3307], [29.4031, 57.3247], [29.4158, 57.3277], [29.4218, 57.337], [29.394, 57.3402], [29.405, 57.3478], [29.3963, 57.3511], [29.4026, 57.351], [29.4008, 57.3589], [29.3974, 57.3583], [29.3997, 57.3631], [29.3875, 57.3699], [29.3765, 57.3664], [29.3721, 57.3726], [29.4049, 57.3807], [29.401, 57.3844], [29.4208, 57.3965], [29.4283, 57.4145], [29.445, 57.4268], [29.4438, 57.4346], [29.4107, 57.4448], [29.3916, 57.4606], [29.3751, 57.4587], [29.3667, 57.4631], [29.3788, 57.4711], [29.3738, 57.4797], [29.3858, 57.4814], [29.371, 57.4875], [29.3709, 57.502], [29.3823, 57.4999], [29.4051, 57.5075], [29.4107, 57.5102], [29.409, 57.5212], [29.4286, 57.5187], [29.4387, 57.527], [29.4579, 57.5262], [29.4625, 57.5165], [29.4681, 57.5149], [29.4751, 57.5177], [29.4815, 57.529], [29.4918, 57.5278], [29.5076, 57.5362], [29.5064, 57.5418], [29.5163, 57.538], [29.5319, 57.5431], [29.5665, 57.5421], [29.5673, 57.55], [29.5875, 57.5541], [29.5978, 57.548], [29.6423, 57.5579], [29.6632, 57.5543], [29.6632, 57.5672], [29.659, 57.5719], [29.6615, 57.5795], [29.6781, 57.5757], [29.6794, 57.5801], [29.6956, 57.5856], [29.715, 57.5804], [29.7408, 57.5879], [29.7391, 57.5921], [29.7573, 57.6142], [29.7467, 57.6186], [29.7481, 57.6263], [29.7405, 57.6316], [29.7547, 57.6299], [29.7699, 57.6346], [29.7748, 57.6405], [29.7715, 57.6459], [29.7788, 57.648], [29.7864, 57.646], [29.7798, 57.6442], [29.7833, 57.643], [29.8081, 57.6433], [29.8125, 57.6517], [29.8354, 57.6559], [29.8308, 57.6701], [29.8196, 57.6749]]]}}, {"type": "Feature", "properties": {"osm_type": "relation", "osm_id": 771195034, "name": "Pustoshkinsky District", "admin_level": "6", "kind": "subdivision_2", "parent_osm_id": 155262, "parent_name": "Pskov Oblast", "parent_iso": "RU-PSK"}, "geometry": {"type": "Polygon", "coordinates": [[[28.977, 56.5105], [28.9943, 56.4935], [29.0149, 56.4856], [29.0165, 56.4783], [29.0046, 56.4742], [29.0064, 56.4638], [29.0031, 56.4687], [28.9991, 56.4588], [29.0075, 56.4525], [29.0257, 56.4534], [29.021, 56.4495], [29.0294, 56.4464], [29.0222, 56.4452], [29.026, 56.4371], [29.023, 56.4325], [29.0162, 56.433], [29.0274, 56.4299], [29.0415, 56.4347], [29.035, 56.419], [29.0782, 56.4241], [29.0807, 56.4313], [29.1007, 56.4378], [29.1074, 56.4356], [29.1007, 56.4288], [29.1236, 56.407], [29.1614, 56.3925], [29.1459, 56.3816], [29.1497, 56.3777], [29.1467, 56.3725], [29.1692, 56.3701], [29.1613, 56.3502], [29.1642, 56.3406], [29.1704, 56.337], [29.1603, 56.3287], [29.1609, 56.3226], [29.1406, 56.3187], [29.1376, 56.3127], [29.1488, 56.2966], [29.1706, 56.2863], [29.1598, 56.2809], [29.1587, 56.2741], [29.1878, 56.2624], [29.1779, 56.2531], [29.168, 56.2515], [29.1752, 56.2398], [29.1501, 56.229], [29.1502, 56.2191], [29.1655, 56.2144], [29.1649, 56.2056], [29.1763, 56.2071], [29.191, 56.1971], [29.1678, 56.1833], [29.21, 56.1741], [29.237, 56.1475], [29.2321, 56.1216], [29.2359, 56.1185], [29.2273, 56.104], [29.2403, 56.0934], [29.2301, 56.0903], [29.2389, 56.0867], [29.2046, 56.077], [29.2035, 56.0446], [29.2074, 56.0427], [29.2013, 56.0394], [29.2026, 56.0354], [29.2282, 56.0365], [29.2821, 56.0571], [29.3079, 56.0587], [29.3314, 56.0661], [29.3578, 56.0662], [29.3914, 56.0769], [29.3774, 56.0914], [29.378, 56.098], [29.3998, 56.103], [29.3944, 56.1094], [29.425, 56.1156], [29.4106, 56.12], [29.422, 56.1324], [29.4155, 56.1506], [29.3971, 56.1505], [29.4144, 56.1606], [29.4172, 56.1677], [29.4138, 56.1719], [29.4078, 56.1692], [29.4125, 56.1845], [29.4637, 56.1833], [29.4731, 56.1746], [29.4948, 56.1775], [29.4989, 56.1823], [29.4817, 56.1893], [29.4835, 56.1918], [29.5261, 56.2016], [29.5382, 56.201], [29.533, 56.1965], [29.54, 56.1964], [29.549, 56.2059], [29.5492, 56.2192], [29.5553, 56.2251], [29.5869, 56.2239], [29.5945, 56.2188], [29.6145, 56.2366], [29.6092, 56.2431], [29.6295, 56.2466], [29.6326, 56.2508], [29.619, 56.2552], [29.6028, 56.2497], [29.5893, 56.2602], [29.5932, 56.2693], [29.5886, 56.2737], [29.5913, 56.2817], [29.6056, 56.2904], [29.6111, 56.2896], [29.6186, 56.2783], [29.616, 56.2763], [29.621, 56.2746], [29.644, 56.2735], [29.6523, 56.2806], [29.6681, 56.2814], [29.6626, 56.2759], [29.6646, 56.2708], [29.6524, 56.2658], [29.6586, 56.262], [29.6868, 56.2652], [29.7191, 56.256], [29.7272, 56.2605], [29.7221, 56.2723], [29.759, 56.2733], [29.7563, 56.2766], [29.7702, 56.2853], [29.7594, 56.2922], [29.7609, 56.2979], [29.7541, 56.3036], [29.7672, 56.3094], [29.7619, 56.3156], [29.7277, 56.3242], [29.7388, 56.3303], [29.7383, 56.3369], [29.7476, 56.345], [29.7843, 56.3497], [29.7954, 56.3587], [29.7854, 56.3653], [29.7938, 56.3628], [29.79, 56.3685], [29.7956, 56.376], [29.7915, 56.3791], [29.7946, 56.3846], [29.7858, 56.39], [29.7853, 56.3963], [29.7719, 56.3993], [29.7547, 56.4193], [29.7691, 56.4144], [29.788, 56.4213], [29.7625, 56.4363], [29.745, 56.439], [29.741, 56.4424], [29.7434, 56.4494], [29.713, 56.4479], [29.7099, 56.4546], [29.6899, 56.4595], [29.7103, 56.4733], [29.7034, 56.4843], [29.6976, 56.4843], [29.6948, 56.4941], [29.7271, 56.4951], [29.7154, 56.5163], [29.7075, 56.5173], [29.7034, 56.5243], [29.6965, 56.524], [29.6803, 56.5385], [29.6625, 56.5377], [29.6678, 56.5433], [29.664, 56.5428], [29.6638, 56.5493], [29.6411, 56.5546], [29.6272, 56.5623], [29.6244, 56.5688], [29.588, 56.5653], [29.5793, 56.5705], [29.5582, 56.5705], [29.5535, 56.5798], [29.5315, 56.5672], [29.5289, 56.5566], [29.515, 56.5546], [29.5219, 56.5626], [29.5108, 56.5641], [29.5184, 56.5677], [29.5109, 56.5648], [29.5036, 56.5695], [29.5102, 56.5804], [29.4922, 56.5932], [29.5019, 56.6012], [29.4985, 56.6024], [29.5028, 56.6035], [29.5026, 56.6089], [29.4742, 56.6075], [29.462, 56.6017], [29.4529, 56.6196], [29.4467, 56.6199], [29.4436, 56.6253], [29.4477, 56.6296], [29.4215, 56.6329], [29.4109, 56.6303], [29.408, 56.6185], [29.4007, 56.6194], [29.3981, 56.6154], [29.3847, 56.6241], [29.3421, 56.621], [29.3343, 56.6279], [29.3512, 56.6335], [29.3466, 56.6386], [29.3522, 56.6454], [29.3316, 56.6515], [29.2935, 56.6504], [29.2876, 56.6547], [29.2814, 56.6498], [29.2786, 56.6527], [29.2758, 56.6489], [29.2578, 56.6484], [29.2526, 56.6432], [29.2106, 56.6337], [29.2042, 56.625], [29.1926, 56.6218], [29.1992, 56.621], [29.2012, 56.6159], [29.1947, 56.6138], [29.2012, 56.6095], [29.1975, 56.6062], [29.2027, 56.5926], [29.1953, 56.5807], [29.1831, 56.5777], [29.1887, 56.572], [29.164, 56.572], [29.1394, 56.5784], [29.109, 56.5755], [29.0988, 56.5699], [29.0627, 56.5685], [29.0567, 56.5728], [29.0575, 56.5596], [29.0385, 56.5571], [29.0493, 56.5473], [29.0275, 56.5303], [29.0147, 56.5358], [29.0122, 56.5269], [28.9984, 56.5249], [28.9887, 56.5142], [28.977, 56.5105]]]}}, {"type": "Feature", "properties": {"osm_type": "relation", "osm_id": 989292244, "name": "Sebezhsky District", "admin_level": "6", "kind": "subdivision_2", "parent_osm_id": 155262, "parent_name": "Pskov Oblast", "parent_iso": "RU-PSK"}, "geometry": {"type": "Polygon", "coordinates": [[[28.3061, 56.5196], [28.2983, 56.5278], [28.2897, 56.5225], [28.1915, 56.5242], [28.1337, 56.5095], [28.1255, 56.4976], [28.1668, 56.4601], [28.1907, 56.4513], [28.1951, 56.4414], [28.1826, 56.428], [28.1864, 56.412], [28.1951, 56.405], [28.1871, 56.4039], [28.1679, 56.3801], [28.1631, 56.3796], [28.1938, 56.3579], [28.2062, 56.3228], [28.2415, 56.2786], [28.218, 56.2485], [28.1981, 56.2417], [28.1854, 56.2304], [28.1868, 56.2195], [28.2039, 56.2147], [28.1968, 56.2086], [28.1749, 56.2052], [28.1866, 56.2002], [28.1865, 56.194], [28.1761, 56.1862], [28.1792, 56.1794], [28.1503, 56.17], [28.1467, 56.1633], [28.1562, 56.162], [28.1574, 56.1432], [28.1951, 56.1388], [28.2136, 56.1263], [28.2472, 56.1144], [28.243, 56.112], [28.2431, 56.0858], [28.2627, 56.0834], [28.2779, 56.0951], [28.2803, 56.0814], [28.2948, 56.067], [28.3206, 56.0582], [28.3387, 56.0642], [28.3558, 56.0582], [28.3762, 56.0602], [28.3825, 56.0739], [28.3949, 56.079], [28.3716, 56.0961], [28.3789, 56.1027], [28.3736, 56.1079], [28.3784, 56.1112], [28.397, 56.1111], [28.4039, 56.0997], [28.4215, 56.0983], [28.4245, 56.094], [28.4185, 56.0907], [28.4193, 56.0863], [28.4466, 56.0937], [28.4623, 56.1042], [28.4942, 56.1078], [28.5085, 56.1046], [28.5491, 56.1158], [28.6199, 56.0994], [28.6311, 56.1014], [28.6353, 56.107], [28.6622, 56.1005], [28.6813, 56.1046], [28.6879, 56.1015], [28.6794, 56.0939], [28.6644, 56.0892], [28.6621, 56.083], [28.6454, 56.0856], [28.6364, 56.0744], [28.6573, 56.0592], [28.6538, 56.0551], [28.6579, 56.0457], [28.6806, 56.0345], [28.6891, 56.036], [28.6919, 56.029], [28.6999, 56.0264], [28.706, 56.0141], [28.7036, 56.0008], [28.737, 55.9683], [28.7338, 55.967], [28.7481, 55.9668], [28.7406, 55.9684], [28.7424, 55.9724], [28.7636, 55.9673], [28.7785, 55.9726], [28.81, 55.9719], [28.816, 55.9656], [28.849, 55.9539], [28.8478, 55.9688], [28.8572, 55.9765], [28.8581, 55.9885], [28.9169, 55.9915], [28.9258, 56.0008], [28.9403, 55.9948], [28.9447, 55.9967], [28.9347, 56.0025], [28.9398, 56.011], [29.0036, 56.0124], [29.0019, 56.0198], [29.0121, 56.0259], [29.0882, 56.0341], [29.0991, 56.0194], [29.1116, 56.0163], [29.1364, 56.0277], [29.1558, 56.0267], [29.1773, 56.0165], [29.1939, 56.0216], [29.1932, 56.0287], [29.204, 56.0337], [29.2013, 56.0394], [29.2074, 56.0427], [29.2035, 56.0446], [29.2046, 56.077], [29.2389, 56.0867], [29.2301, 56.0903], [29.2403, 56.0934], [29.2273, 56.104], [29.2359, 56.1185], [29.2321, 56.1216], [29.237, 56.1475], [29.21, 56.1741], [29.1678, 56.1833], [29.191, 56.1971], [29.1763, 56.2071], [29.1649, 56.2056], [29.1655, 56.2144], [29.1502, 56.2191], [29.1501, 56.229], [29.1752, 56.2398], [29.168, 56.2515], [29.1779, 56.2531], [29.1878, 56.2624], [29.1587, 56.2741], [29.1598, 56.2809], [29.1706, 56.2863], [29.1488, 56.2966], [29.1376, 56.3127], [29.1406, 56.3187], [29.1609, 56.3226], [29.1603, 56.3287], [29.1704, 56.337], [29.1642, 56.3406], [29.1613, 56.3502], [29.1692, 56.3701], [29.1467, 56.3725], [29.1497, 56.3777], [29.1459, 56.3816], [29.1614, 56.3925], [29.1236, 56.407], [29.1007, 56.4288], [29.1074, 56.4356], [29.1007, 56.4378], [29.0807, 56.4313], [29.0782, 56.4241], [29.035, 56.419], [29.0415, 56.4347], [29.0274, 56.4299], [29.0162, 56.433], [29.023, 56.4325], [29.026, 56.4371], [29.0222, 56.4452], [29.0294, 56.4464], [29.021, 56.4495], [29.0257, 56.4534], [29.0075, 56.4525], [28.9991, 56.4588], [29.0031, 56.4687], [29.0064, 56.4638], [29.0046, 56.4742], [29.0165, 56.4783], [29.0149, 56.4856], [28.9943, 56.4935], [28.977, 56.5105], [28.9678, 56.504], [28.9605, 56.5074], [28.9396, 56.4997], [28.9196, 56.505], [28.8665, 56.5042], [28.8352, 56.4968], [28.8319, 56.4902], [28.7981, 56.4866], [28.7614, 56.4899], [28.7344, 56.4778], [28.7358, 56.4734], [28.7306, 56.471], [28.7338, 56.475], [28.7199, 56.4805], [28.7212, 56.4867], [28.6994, 56.4941], [28.6962, 56.4998], [28.6999, 56.5019], [28.6915, 56.501], [28.6872, 56.5052], [28.6907, 56.5096], [28.6687, 56.5107], [28.67, 56.5071], [28.6626, 56.506], [28.6631, 56.5138], [28.6542, 56.51], [28.6458, 56.5131], [28.6147, 56.5017], [28.6045, 56.5079], [28.5818, 56.5102], [28.564, 56.5268], [28.5412, 56.5199], [28.5348, 56.5243], [28.5355, 56.5289], [28.5209, 56.5301], [28.5134, 56.5356], [28.4797, 56.5318], [28.4719, 56.5358], [28.4667, 56.529], [28.4525, 56.5299], [28.4391, 56.5108], [28.4315, 56.5142], [28.418, 56.5043], [28.3973, 56.5061], [28.4028, 56.4982], [28.4119, 56.4966], [28.4119, 56.4912], [28.3962, 56.4868], [28.3891, 56.4798], [28.3799, 56.4853], [28.3832, 56.4931], [28.3607, 56.4949], [28.3561, 56.5001], [28.3607, 56.5052], [28.3515, 56.5064], [28.3477, 56.5153], [28.3289, 56.5143], [28.3304, 56.5086], [28.3257, 56.5101], [28.3255, 56.5168], [28.3061, 56.5196]]]}}, {"type": "Feature", "properties": {"osm_type": "relation", "osm_id": 281238078, "name": "Pskovsky District", "admin_level": "6", "kind": "subdivision_2", "parent_osm_id": 155262, "parent_name": "Pskov Oblast", "parent_iso": "RU-PSK"}, "geometry": {"type": "Polygon", "coordinates": [[[28.4384, 58.2908], [28.3842, 58.301], [28.3454, 58.278], [28.2453, 58.2771], [28.1978, 58.2696], [28.1821, 58.2794], [28.1655, 58.2709], [28.1658, 58.2663], [28.1569, 58.2645], [28.0906, 58.2707], [28.0652, 58.2615], [28.0312, 58.2618], [28.0084, 58.2555], [27.9661, 58.2674], [27.9466, 58.2496], [27.9399, 58.2398], [27.9413, 58.2317], [27.9079, 58.2234], [27.8991, 58.226], [27.8893, 58.2218], [27.8916, 58.2175], [27.8827, 58.2176], [27.8736, 58.2096], [27.8074, 58.2177], [27.7947, 58.2289], [27.7416, 58.2036], [27.7292, 58.1904], [27.7113, 58.1858], [27.7088, 58.1794], [27.6799, 58.1907], [27.5118, 58.2028], [27.5903, 58.1186], [27.6345, 58.0972], [27.7023, 58.1058], [27.7896, 58.1065], [27.9193, 58.0165], [27.9792, 57.9541], [28.0202, 57.9019], [28.0423, 57.8623], [28.0378, 57.8536], [28.0437, 57.7778], [27.9549, 57.6872], [27.9346, 57.6722], [27.9627, 57.6701], [27.9603, 57.6628], [27.9655, 57.6629], [27.9811, 57.6723], [28.012, 57.6798], [28.0311, 57.6783], [28.0759, 57.6933], [28.0822, 57.6837], [28.0971, 57.6837], [28.1018, 57.6795], [28.0977, 57.6766], [28.1026, 57.6746], [28.1303, 57.6821], [28.1549, 57.6787], [28.1568, 57.67], [28.1715, 57.6687], [28.1682, 57.6621], [28.179, 57.6252], [28.1835, 57.6357], [28.1814, 57.6436], [28.1874, 57.6433], [28.1847, 57.6496], [28.1935, 57.6625], [28.2075, 57.6636], [28.2076, 57.6706], [28.1996, 57.6727], [28.2105, 57.6828], [28.2256, 57.6796], [28.2386, 57.6681], [28.2581, 57.6597], [28.2728, 57.6606], [28.274, 57.6504], [28.2856, 57.6474], [28.2779, 57.6427], [28.2891, 57.6361], [28.2824, 57.635], [28.2907, 57.6305], [28.2893, 57.6182], [28.3167, 57.6154], [28.3157, 57.6209], [28.3463, 57.6201], [28.3577, 57.6277], [28.3674, 57.6282], [28.3764, 57.6208], [28.4032, 57.6164], [28.4197, 57.6057], [28.4074, 57.6015], [28.4191, 57.5867], [28.4053, 57.5727], [28.4069, 57.566], [28.3872, 57.5665], [28.3827, 57.5653], [28.3847, 57.5596], [28.3518, 57.5574], [28.347, 57.5507], [28.3597, 57.5428], [28.3904, 57.5382], [28.3899, 57.5286], [28.4051, 57.5287], [28.4207, 57.5141], [28.433, 57.5099], [28.4577, 57.5072], [28.4785, 57.5141], [28.4852, 57.5039], [28.5003, 57.4948], [28.4935, 57.4914], [28.4921, 57.4827], [28.471, 57.4754], [28.4722, 57.4723], [28.5093, 57.4663], [28.5323, 57.4523], [28.5588, 57.4646], [28.5668, 57.4788], [28.5826, 57.4841], [28.5852, 57.4874], [28.5807, 57.4967], [28.6167, 57.5022], [28.6342, 57.4969], [28.6433, 57.5012], [28.6477, 57.5122], [28.6535, 57.5136], [28.6534, 57.5303], [28.6653, 57.5358], [28.7168, 57.5254], [28.7508, 57.5366], [28.7346, 57.548], [28.7383, 57.5578], [28.7463, 57.5607], [28.7576, 57.5858], [28.8016, 57.597], [28.8118, 57.5939], [28.8101, 57.5837], [28.8144, 57.584], [28.8148, 57.5921], [28.8298, 57.5989], [28.8737, 57.61], [28.8855, 57.6084], [28.9358, 57.6296], [28.9268, 57.6359], [28.9371, 57.647], [28.9324, 57.65], [28.9606, 57.6552], [28.9734, 57.6643], [28.9932, 57.6664], [28.994, 57.6788], [29.0063, 57.6833], [29.0138, 57.6802], [29.0191, 57.6942], [28.9993, 57.7056], [28.9878, 57.7032], [28.9918, 57.7153], [28.9741, 57.717], [28.9687, 57.7239], [28.976, 57.7284], [28.9919, 57.7287], [28.9901, 57.7249], [28.9979, 57.7301], [28.9967, 57.7341], [29.0374, 57.7413], [29.0607, 57.7381], [29.0668, 57.7347], [29.0623, 57.7311], [29.07, 57.729], [29.0966, 57.7281], [29.0884, 57.7441], [29.103, 57.7494], [29.1056, 57.7682], [29.1129, 57.7766], [29.1432, 57.7928], [29.1692, 57.7969], [29.1625, 57.8128], [29.1371, 57.8248], [29.1363, 57.83], [29.1184, 57.8277], [29.1151, 57.8313], [29.1218, 57.833], [29.1216, 57.8398], [29.1456, 57.8514], [29.1426, 57.8556], [29.1621, 57.8606], [29.167, 57.8855], [29.155, 57.8853], [29.1541, 57.8898], [29.1804, 57.8984], [29.2084, 57.8909], [29.2472, 57.8973], [29.2504, 57.9013], [29.21, 57.9121], [29.2186, 57.9188], [29.2054, 57.9216], [29.1962, 57.9162], [29.1843, 57.927], [29.1589, 57.9301], [29.1762, 57.9525], [29.1677, 57.9569], [29.1714, 57.9571], [29.1766, 57.9761], [29.1897, 57.985], [29.1756, 57.9933], [29.1668, 57.9828], [29.1409, 57.9842], [29.1398, 57.995], [29.1314, 58.0076], [29.1182, 58.0068], [29.1318, 58.0006], [29.1014, 57.9862], [29.1302, 57.9785], [29.1084, 57.9737], [29.1003, 57.9807], [29.08, 57.975], [29.0729, 57.9643], [29.0482, 57.9649], [29.0245, 57.951], [29.016, 57.9433], [29.0197, 57.9396], [28.9959, 57.9339], [28.9842, 57.9359], [28.9857, 57.9429], [28.9782, 57.9451], [28.9494, 57.9382], [28.9153, 57.9392], [28.9047, 57.9337], [28.8659, 57.937], [28.8622, 57.9313], [28.8444, 57.9298], [28.8428, 57.9417], [28.8209, 57.9377], [28.8117, 57.9518], [28.7803, 57.9555], [28.7849, 57.963], [28.7473, 57.9528], [28.7003, 57.952], [28.6912, 57.9482], [28.6751, 57.9526], [28.6344, 57.9512], [28.611, 57.9669], [28.6152, 57.9703], [28.6108, 57.9762], [28.6278, 57.9893], [28.6213, 57.9963], [28.6079, 57.9991], [28.62, 58.0131], [28.5732, 58.0205], [28.5622, 58.0296], [28.5553, 58.0294], [28.5634, 58.0368], [28.5904, 58.043], [28.5814, 58.0485], [28.592, 58.0577], [28.586, 58.0615], [28.5911, 58.0655], [28.5884, 58.0727], [28.5761, 58.073], [28.5623, 58.0829], [28.5515, 58.0839], [28.559, 58.0888], [28.5527, 58.0958], [28.5635, 58.1026], [28.5599, 58.107], [28.5724, 58.1121], [28.5717, 58.118], [28.5804, 58.127], [28.5703, 58.1293], [28.5659, 58.1407], [28.5806, 58.1411], [28.5916, 58.1536], [28.5909, 58.1619], [28.5848, 58.1643], [28.591, 58.1709], [28.587, 58.1767], [28.5673, 58.1767], [28.5458, 58.1938], [28.4565, 58.2006], [28.4761, 58.2176], [28.4504, 58.2588], [28.4384, 58.2908]], [[28.2545, 57.8764], [28.2604, 57.8789], [28.278, 57.8673], [28.2819, 57.8591], [28.3017, 57.8658], [28.3071, 57.848], [28.3142, 57.8494], [28.3237, 57.8428], [28.3478, 57.8491], [28.3431, 57.85], [28.3537, 57.8522], [28.3521, 57.8551], [28.3758, 57.8577], [28.3879, 57.8487], [28.4207, 57.8469], [28.4193, 57.8382], [28.4133, 57.8347], [28.4199, 57.8315], [28.4358, 57.8401], [28.4413, 57.8386], [28.4375, 57.8347], [28.4636, 57.8359], [28.4583, 57.83], [28.4609, 57.8066], [28.4396, 57.7987], [28.4522, 57.7865], [28.4203, 57.7683], [28.4276, 57.761], [28.4171, 57.7442], [28.3778, 57.7511], [28.369, 57.7565], [28.3667, 57.7492], [28.3582, 57.748], [28.3491, 57.7511], [28.3538, 57.7782], [28.3529, 57.7745], [28.3431, 57.7736], [28.3312, 57.7784], [28.3342, 57.7698], [28.3277, 57.7677], [28.3217, 57.772], [28.3236, 57.7919], [28.3108, 57.7897], [28.3111, 57.7861], [28.2824, 57.7868], [28.2865, 57.7944], [28.2576, 57.8042], [28.271, 57.8117], [28.2669, 57.8171], [28.276, 57.8204], [28.2714, 57.8263], [28.2871, 57.8241], [28.2708, 57.8315], [28.2749, 57.836], [28.2592, 57.834], [28.2561, 57.8393], [28.2784, 57.8364], [28.2967, 57.8439], [28.2839, 57.8578], [28.2545, 57.8764]]]}}, {"type": "Feature", "properties": {"osm_type": "relation", "osm_id": 628016975, "name": "Velikiye Luki", "admin_level": "6", "kind": "subdivision_2", "parent_osm_id": 155262, "parent_name": "Pskov Oblast", "parent_iso": "RU-PSK"}, "geometry": {"type": "Polygon", "coordinates": [[[30.4547, 56.3219], [30.4716, 56.3235], [30.4739, 56.3176], [30.4762, 56.3229], [30.4922, 56.3157], [30.4955, 56.3179], [30.4856, 56.3309], [30.4908, 56.3346], [30.5121, 56.3248], [30.5066, 56.3214], [30.5081, 56.311], [30.5144, 56.3097], [30.5143, 56.3046], [30.5063, 56.3013], [30.5126, 56.2923], [30.5139, 56.3003], [30.5188, 56.3001], [30.5239, 56.3083], [30.523, 56.3135], [30.5269, 56.3113], [30.5242, 56.3063], [30.5344, 56.3105], [30.5458, 56.2997], [30.5586, 56.3033], [30.5653, 56.3005], [30.5692, 56.3024], [30.563, 56.3104], [30.5648, 56.318], [30.5604, 56.3201], [30.568, 56.3231], [30.5769, 56.3139], [30.584, 56.3247], [30.5786, 56.3279], [30.5737, 56.3219], [30.5655, 56.3292], [30.5898, 56.3316], [30.6018, 56.3257], [30.6105, 56.3274], [30.6066, 56.332], [30.6107, 56.337], [30.6137, 56.3324], [30.6332, 56.3383], [30.6186, 56.3449], [30.6179, 56.3496], [30.6043, 56.3503], [30.6072, 56.3582], [30.604, 56.3622], [30.5938, 56.3623], [30.5781, 56.3713], [30.56, 56.3713], [30.5602, 56.3653], [30.5538, 56.3631], [30.5192, 56.3574], [30.4999, 56.372], [30.4877, 56.3592], [30.4708, 56.356], [30.4816, 56.3514], [30.4728, 56.3423], [30.4775, 56.3417], [30.4767, 56.3338], [30.4733, 56.3333], [30.4739, 56.3417], [30.4577, 56.3362], [30.4627, 56.3295], [30.4547, 56.3219]]]}}, {"type": "Feature", "properties": {"osm_type": "relation", "osm_id": 988995678, "name": "Bezhanitsky District", "admin_level": "6", "kind": "subdivision_2", "parent_osm_id": 155262, "parent_name": "Pskov Oblast", "parent_iso": "RU-PSK"}, "geometry": {"type": "Polygon", "coordinates": [[[29.2535, 56.647], [29.2758, 56.6489], [29.2786, 56.6527], [29.2814, 56.6498], [29.2876, 56.6547], [29.2935, 56.6504], [29.3316, 56.6515], [29.3522, 56.6454], [29.3466, 56.6386], [29.3512, 56.6335], [29.3343, 56.6279], [29.3421, 56.621], [29.3847, 56.6241], [29.3981, 56.6154], [29.4007, 56.6194], [29.408, 56.6185], [29.4109, 56.6303], [29.4405, 56.6308], [29.4393, 56.6496], [29.4639, 56.6583], [29.4535, 56.6661], [29.4558, 56.6715], [29.4822, 56.6677], [29.4766, 56.6709], [29.4778, 56.6812], [29.4967, 56.6886], [29.5415, 56.6773], [29.548, 56.6808], [29.5944, 56.6795], [29.6314, 56.6649], [29.6494, 56.6677], [29.664, 56.6764], [29.6599, 56.6866], [29.6728, 56.6911], [29.664, 56.7309], [29.6758, 56.7327], [29.6814, 56.7438], [29.697, 56.7446], [29.7041, 56.7495], [29.7069, 56.7593], [29.718, 56.7649], [29.7412, 56.7634], [29.7953, 56.7718], [29.7949, 56.7659], [29.8111, 56.7623], [29.8328, 56.7809], [29.849, 56.7842], [29.8539, 56.7817], [29.8557, 56.7721], [29.8695, 56.7721], [29.8859, 56.7857], [29.9599, 56.8112], [29.9625, 56.8197], [29.9963, 56.828], [30.0009, 56.8482], [30.0272, 56.8604], [30.0197, 56.8761], [30.0612, 56.8943], [30.0715, 56.8887], [30.0824, 56.8911], [30.0912, 56.9037], [30.1092, 56.9086], [30.1087, 56.9022], [30.1153, 56.901], [30.1134, 56.904], [30.1248, 56.9137], [30.147, 56.9223], [30.176, 56.9133], [30.2006, 56.9124], [30.2004, 56.9326], [30.1902, 56.9657], [30.1941, 56.9706], [30.1898, 56.9743], [30.196, 56.9763], [30.2037, 56.9903], [30.226, 56.9886], [30.2328, 56.9787], [30.2453, 56.9798], [30.248, 56.9879], [30.2577, 56.9786], [30.2686, 56.9905], [30.2759, 56.9913], [30.2795, 56.9891], [30.2684, 56.9827], [30.2715, 56.9771], [30.2804, 56.9765], [30.2877, 56.9838], [30.3114, 56.9756], [30.3034, 56.9668], [30.3182, 56.9663], [30.3086, 56.9598], [30.3215, 56.9566], [30.3154, 56.9492], [30.3735, 56.9457], [30.3857, 56.9495], [30.4258, 56.9486], [30.4249, 56.9575], [30.4343, 56.9672], [30.468, 56.9775], [30.4634, 56.9896], [30.4453, 56.9971], [30.4469, 57.0085], [30.4901, 57.1278], [30.51, 57.1564], [30.5655, 57.1697], [30.6302, 57.1739], [30.7457, 57.2632], [30.5567, 57.2998], [30.5366, 57.3064], [30.4908, 57.3311], [30.49, 57.3355], [30.4746, 57.3374], [30.4642, 57.3501], [30.4971, 57.3667], [30.4939, 57.3743], [30.5368, 57.386], [30.5227, 57.3954], [30.4986, 57.3914], [30.4781, 57.4036], [30.4517, 57.3984], [30.4533, 57.3856], [30.4659, 57.384], [30.4769, 57.3726], [30.4578, 57.3642], [30.4274, 57.3663], [30.3709, 57.3844], [30.3087, 57.3855], [30.3051, 57.3472], [30.2976, 57.3422], [30.0766, 57.3509], [30.0439, 57.3681], [30.044, 57.3908], [30.0699, 57.4009], [30.0632, 57.416], [30.0394, 57.4151], [30.0131, 57.4067], [29.9802, 57.4075], [29.9763, 57.4036], [29.9785, 57.3974], [29.966, 57.3918], [29.9272, 57.415], [29.9201, 57.4094], [29.8724, 57.4233], [29.8369, 57.4256], [29.8375, 57.4156], [29.7921, 57.3924], [29.8008, 57.3844], [29.8089, 57.3877], [29.8354, 57.3722], [29.8361, 57.3636], [29.8134, 57.3606], [29.8003, 57.3438], [29.8179, 57.3327], [29.8365, 57.3002], [29.8308, 57.2947], [29.8329, 57.2882], [29.8443, 57.2822], [29.8414, 57.2795], [29.847, 57.2658], [29.8312, 57.2662], [29.7813, 57.245], [29.7729, 57.2461], [29.7645, 57.265], [29.729, 57.2558], [29.6621, 57.2582], [29.6632, 57.2658], [29.6446, 57.2779], [29.6174, 57.2683], [29.5977, 57.2693], [29.5817, 57.262], [29.5895, 57.2571], [29.5853, 57.2538], [29.6015, 57.2441], [29.5748, 57.2376], [29.572, 57.233], [29.5746, 57.2128], [29.5811, 57.2116], [29.5808, 57.2076], [29.5694, 57.1989], [29.5713, 57.1919], [29.5782, 57.1908], [29.5278, 57.1694], [29.5532, 57.165], [29.5497, 57.1582], [29.5603, 57.1497], [29.5704, 57.15], [29.5593, 57.1351], [29.5691, 57.128], [29.6251, 57.1143], [29.6347, 57.1203], [29.6477, 57.1116], [29.6327, 57.0956], [29.6377, 57.0876], [29.6581, 57.0818], [29.66, 57.0784], [29.6492, 57.0761], [29.6496, 57.067], [29.6629, 57.0638], [29.6317, 57.0558], [29.6386, 57.0463], [29.6203, 57.0339], [29.6274, 57.0296], [29.6272, 57.0174], [29.6005, 57.0201], [29.5991, 57.0135], [29.6073, 57.0092], [29.6007, 57.003], [29.6034, 56.9981], [29.578, 56.9913], [29.5938, 56.9891], [29.5955, 56.9788], [29.572, 56.9621], [29.5713, 56.948], [29.5667, 56.9414], [29.5582, 56.9411], [29.5475, 56.923], [29.5414, 56.9183], [29.5329, 56.9228], [29.5232, 56.9123], [29.4891, 56.9043], [29.4945, 56.8985], [29.4933, 56.8921], [29.502, 56.8918], [29.5002, 56.8851], [29.4843, 56.8796], [29.4875, 56.8756], [29.4791, 56.8699], [29.4737, 56.8562], [29.469, 56.8559], [29.4704, 56.864], [29.4665, 56.8652], [29.4548, 56.8602], [29.4609, 56.8674], [29.4566, 56.8714], [29.4488, 56.8653], [29.4551, 56.8588], [29.4468, 56.8488], [29.4591, 56.8464], [29.4653, 56.8386], [29.4483, 56.8361], [29.4403, 56.8402], [29.4083, 56.8254], [29.4007, 56.828], [29.3883, 56.8239], [29.3817, 56.8286], [29.3639, 56.8297], [29.3426, 56.8223], [29.3545, 56.8107], [29.344, 56.804], [29.346, 56.8], [29.3585, 56.802], [29.3467, 56.7962], [29.351, 56.7894], [29.3093, 56.7712], [29.3078, 56.7642], [29.2862, 56.7464], [29.2976, 56.7339], [29.2921, 56.7298], [29.281, 56.6899], [29.265, 56.6789], [29.2535, 56.647]]]}}, {"type": "Feature", "properties": {"osm_type": "relation", "osm_id": 598852499, "name": "Palkinsky District", "admin_level": "6", "kind": "subdivision_2", "parent_osm_id": 155262, "parent_name": "Pskov Oblast", "parent_iso": "RU-PSK"}, "geometry": {"type": "Polygon", "coordinates": [[[27.9346, 57.6722], [27.9117, 57.6556], [27.8073, 57.6031], [27.8047, 57.5938], [27.7958, 57.5928], [27.744, 57.5511], [27.6901, 57.5279], [27.6791, 57.5272], [27.6789, 57.5193], [27.6876, 57.5097], [27.6807, 57.5082], [27.6816, 57.5028], [27.6689, 57.5087], [27.6567, 57.4892], [27.6615, 57.4823], [27.6585, 57.4765], [27.6652, 57.4695], [27.6612, 57.4643], [27.6651, 57.4621], [27.6542, 57.4569], [27.6217, 57.456], [27.6064, 57.4253], [27.6328, 57.4156], [27.6182, 57.4057], [27.6239, 57.4016], [27.6713, 57.395], [27.6831, 57.3777], [27.6819, 57.3732], [27.7586, 57.3542], [27.7794, 57.3433], [27.7799, 57.3356], [27.7734, 57.3316], [27.7822, 57.3204], [27.8156, 57.3242], [27.8304, 57.3203], [27.8475, 57.328], [27.8459, 57.3227], [27.8771, 57.3213], [27.87, 57.3349], [27.8759, 57.3368], [27.982, 57.3467], [27.9934, 57.3402], [27.999, 57.3421], [27.9967, 57.3388], [28.0095, 57.3383], [28.0125, 57.3409], [28.0091, 57.3436], [28.0157, 57.3472], [28.0596, 57.3559], [28.0621, 57.3604], [28.048, 57.3671], [28.0545, 57.3707], [28.0568, 57.3804], [28.0909, 57.3935], [28.0896, 57.3977], [28.0965, 57.4014], [28.0948, 57.4075], [28.1045, 57.4054], [28.1062, 57.4092], [28.1292, 57.3992], [28.1512, 57.3967], [28.1629, 57.4079], [28.1772, 57.41], [28.1918, 57.4227], [28.2109, 57.4173], [28.2194, 57.407], [28.2439, 57.4119], [28.2407, 57.4191], [28.2519, 57.4233], [28.2509, 57.4385], [28.2552, 57.4425], [28.2993, 57.4383], [28.2885, 57.4517], [28.2931, 57.4529], [28.2907, 57.4552], [28.2696, 57.4528], [28.2562, 57.4585], [28.2712, 57.4641], [28.262, 57.4778], [28.2701, 57.4812], [28.2724, 57.4884], [28.2485, 57.4921], [28.2574, 57.5105], [28.2814, 57.5095], [28.2946, 57.5176], [28.3007, 57.515], [28.3258, 57.5204], [28.3245, 57.5256], [28.3322, 57.527], [28.3299, 57.5375], [28.3538, 57.5487], [28.347, 57.5507], [28.349, 57.5561], [28.3847, 57.5596], [28.3827, 57.5653], [28.3872, 57.5665], [28.4069, 57.566], [28.4053, 57.5727], [28.4191, 57.5867], [28.4074, 57.6015], [28.4159, 57.6027], [28.4197, 57.6057], [28.4169, 57.6086], [28.4032, 57.6164], [28.3764, 57.6208], [28.3674, 57.6282], [28.3577, 57.6277], [28.3463, 57.6201], [28.3157, 57.6209], [28.3167, 57.6154], [28.2893, 57.6182], [28.2907, 57.6305], [28.2824, 57.635], [28.2891, 57.6361], [28.2779, 57.6427], [28.2856, 57.6474], [28.274, 57.6504], [28.2728, 57.6606], [28.2581, 57.6597], [28.2386, 57.6681], [28.2256, 57.6796], [28.2105, 57.6828], [28.1996, 57.6727], [28.2076, 57.6706], [28.2075, 57.6636], [28.1935, 57.6625], [28.1847, 57.6496], [28.1874, 57.6433], [28.1814, 57.6436], [28.1835, 57.6357], [28.179, 57.6252], [28.1682, 57.6621], [28.1715, 57.6687], [28.1568, 57.67], [28.1549, 57.6787], [28.1303, 57.6821], [28.1026, 57.6746], [28.0977, 57.6766], [28.1018, 57.6795], [28.0971, 57.6837], [28.0822, 57.6837], [28.0759, 57.6933], [28.0311, 57.6783], [28.012, 57.6798], [27.9811, 57.6723], [27.9655, 57.6629], [27.9603, 57.6628], [27.9627, 57.6701], [27.9346, 57.6722]]]}}, {"type": "Feature", "properties": {"osm_type": "relation", "osm_id": 416551659, "name": "Dnovsky District", "admin_level": "6", "kind": "subdivision_2", "parent_osm_id": 155262, "parent_name": "Pskov Oblast", "parent_iso": "RU-PSK"}, "geometry": {"type": "Polygon", "coordinates": [[[30.4523, 57.688], [30.4773, 57.7072], [30.4746, 57.7097], [30.4944, 57.721], [30.4734, 57.7244], [30.4763, 57.7338], [30.4974, 57.741], [30.5003, 57.7535], [30.495, 57.772], [30.4487, 57.7803], [30.4346, 57.7747], [30.4331, 57.7784], [30.4198, 57.7761], [30.4172, 57.7817], [30.4352, 57.8031], [30.4683, 57.8], [30.5119, 57.806], [30.5091, 57.8149], [30.5223, 57.8169], [30.5402, 57.841], [30.5298, 57.8515], [30.5308, 57.857], [30.5432, 57.8638], [30.5251, 57.8707], [30.5336, 57.8732], [30.5207, 57.8835], [30.4737, 57.8858], [30.4671, 57.8793], [30.4318, 57.8769], [30.4196, 57.8808], [30.414, 57.8927], [30.3987, 57.8911], [30.3885, 57.9034], [30.3458, 57.9029], [30.3375, 57.907], [30.336, 57.916], [30.3308, 57.9168], [30.2892, 57.9106], [30.258, 57.896], [30.2403, 57.8958], [30.2453, 57.8916], [30.2151, 57.8969], [30.2103, 57.9018], [30.2065, 57.8998], [30.2089, 57.8957], [30.2003, 57.8948], [30.1528, 57.9077], [30.1695, 57.9173], [30.1747, 57.9264], [30.1615, 57.9262], [30.1141, 57.941], [30.0849, 57.9393], [30.0904, 57.9497], [30.0715, 57.9588], [30.0616, 57.9511], [30.0403, 57.9522], [29.9915, 57.9424], [29.9788, 57.9553], [29.9647, 57.9559], [29.9403, 57.9446], [29.9006, 57.9409], [29.9095, 57.9547], [29.8832, 57.959], [29.8742, 57.947], [29.8665, 57.9501], [29.8691, 57.9595], [29.8871, 57.9685], [29.879, 57.9812], [29.8832, 57.9865], [29.8766, 57.9965], [29.7965, 57.9736], [29.7742, 57.9821], [29.7305, 57.9768], [29.69, 57.9418], [29.7168, 57.9359], [29.718, 57.9424], [29.7437, 57.9441], [29.7696, 57.9373], [29.763, 57.9355], [29.767, 57.9311], [29.7595, 57.9254], [29.7733, 57.9211], [29.7723, 57.9119], [29.7667, 57.9104], [29.7744, 57.9034], [29.8014, 57.9127], [29.8143, 57.9043], [29.8136, 57.884], [29.8078, 57.8778], [29.7591, 57.8657], [29.767, 57.8554], [29.7871, 57.8552], [29.8014, 57.834], [29.7854, 57.8241], [29.7866, 57.8135], [29.7942, 57.8084], [29.7766, 57.7976], [29.7923, 57.7932], [29.7828, 57.7799], [29.7629, 57.7653], [29.7679, 57.7417], [29.7743, 57.7423], [29.7792, 57.7336], [29.7916, 57.7281], [29.7724, 57.7158], [29.8024, 57.7193], [29.8086, 57.7137], [29.8036, 57.7084], [29.8144, 57.7049], [29.8225, 57.6951], [29.8114, 57.6933], [29.8196, 57.6749], [29.8873, 57.6767], [29.8993, 57.6643], [29.9477, 57.6659], [29.9667, 57.6621], [29.9889, 57.6701], [30.0239, 57.6517], [30.0367, 57.6499], [30.0415, 57.6534], [30.038, 57.6589], [30.0588, 57.6714], [30.0726, 57.6687], [30.1048, 57.6821], [30.1177, 57.6817], [30.119, 57.6863], [30.1073, 57.6911], [30.1637, 57.6862], [30.1824, 57.6925], [30.1984, 57.6825], [30.2131, 57.6836], [30.2279, 57.6781], [30.251, 57.6787], [30.2526, 57.6832], [30.3268, 57.6806], [30.3349, 57.6768], [30.337, 57.6816], [30.3457, 57.6777], [30.3551, 57.682], [30.4523, 57.688]]]}}, {"type": "Feature", "properties": {"osm_type": "relation", "osm_id": 285231395, "name": "Pskov", "admin_level": "6", "kind": "subdivision_2", "parent_osm_id": 155262, "parent_name": "Pskov Oblast", "parent_iso": "RU-PSK"}, "geometry": {"type": "Polygon", "coordinates": [[[28.2545, 57.8764], [28.2839, 57.8578], [28.2967, 57.8439], [28.2784, 57.8364], [28.2561, 57.8393], [28.2592, 57.834], [28.2749, 57.836], [28.2708, 57.8315], [28.2871, 57.8241], [28.2714, 57.8263], [28.276, 57.8204], [28.2669, 57.8171], [28.271, 57.8117], [28.2576, 57.8042], [28.2865, 57.7944], [28.2824, 57.7868], [28.3111, 57.7861], [28.3108, 57.7897], [28.3236, 57.7919], [28.3217, 57.772], [28.3277, 57.7677], [28.3342, 57.7698], [28.3312, 57.7784], [28.3431, 57.7736], [28.3529, 57.7745], [28.3538, 57.7782], [28.3491, 57.7511], [28.3582, 57.748], [28.3667, 57.7492], [28.369, 57.7565], [28.3778, 57.7511], [28.4171, 57.7442], [28.4276, 57.761], [28.4203, 57.7683], [28.4522, 57.7865], [28.4396, 57.7987], [28.4609, 57.8066], [28.4583, 57.83], [28.4636, 57.8359], [28.4375, 57.8347], [28.4413, 57.8386], [28.4358, 57.8401], [28.4199, 57.8315], [28.4133, 57.8347], [28.4193, 57.8382], [28.4207, 57.8469], [28.3879, 57.8487], [28.3758, 57.8577], [28.3521, 57.8551], [28.3537, 57.8522], [28.3431, 57.85], [28.3478, 57.8491], [28.3237, 57.8428], [28.3142, 57.8494], [28.3071, 57.848], [28.3017, 57.8658], [28.2819, 57.8591], [28.278, 57.8673], [28.2604, 57.8789], [28.2545, 57.8764]]]}}, {"type": "Feature", "properties": {"osm_type": "relation", "osm_id": 959879927, "name": "Pytalovsky District", "admin_level": "6", "kind": "subdivision_2", "parent_osm_id": 155262, "parent_name": "Pskov Oblast", "parent_iso": "RU-PSK"}, "geometry": {"type": "Polygon", "coordinates": [[[27.8304, 57.3203], [27.8469, 57.3037], [27.8584, 57.3043], [27.8673, 57.2972], [27.8696, 57.2866], [27.8625, 57.2766], [27.8607, 57.263], [27.8666, 57.2613], [27.864, 57.2577], [27.8706, 57.2483], [27.8589, 57.2448], [27.8543, 57.2353], [27.8438, 57.2303], [27.838, 57.22], [27.8413, 57.2108], [27.8287, 57.2086], [27.831, 57.2038], [27.8256, 57.2004], [27.831, 57.1992], [27.8256, 57.1921], [27.8351, 57.1821], [27.8283, 57.1743], [27.8333, 57.1666], [27.8224, 57.1579], [27.8242, 57.1533], [27.818, 57.143], [27.7879, 57.1327], [27.7814, 57.1356], [27.7571, 57.131], [27.7516, 57.1268], [27.7559, 57.1237], [27.7366, 57.1187], [27.7335, 57.1133], [27.7365, 57.1108], [27.7533, 57.1073], [27.7524, 57.0983], [27.7193, 57.1037], [27.7152, 57.0977], [27.7517, 57.0841], [27.7688, 57.0856], [27.743, 57.0678], [27.7487, 57.0533], [27.7287, 57.0381], [27.7286, 57.0273], [27.7154, 57.0063], [27.7314, 57.0013], [27.7696, 57.0052], [27.7423, 56.9566], [27.7374, 56.9201], [27.7144, 56.9131], [27.6863, 56.9158], [27.6722, 56.8957], [27.6706, 56.8699], [27.6554, 56.8532], [27.6593, 56.8343], [27.6923, 56.8373], [27.7025, 56.8416], [27.7036, 56.8476], [27.7191, 56.8475], [27.7325, 56.8572], [27.743, 56.8544], [27.7658, 56.8628], [27.8242, 56.8673], [27.845, 56.8746], [27.8473, 56.8801], [27.874, 56.8774], [27.8704, 56.8675], [27.8844, 56.8572], [27.8985, 56.8382], [27.9016, 56.8206], [27.9586, 56.8325], [27.9668, 56.8406], [27.995, 56.8443], [28.0013, 56.8475], [27.9974, 56.8643], [28.0227, 56.8651], [28.0192, 56.8725], [28.0306, 56.8689], [28.0343, 56.8719], [28.0303, 56.8749], [28.0374, 56.8749], [28.0325, 56.8815], [28.0617, 56.889], [28.0604, 56.8968], [28.0643, 56.8992], [28.059, 56.9006], [28.0708, 56.9119], [28.0657, 56.9133], [28.0834, 56.9185], [28.0785, 56.9245], [28.0817, 56.9262], [28.0748, 56.9295], [28.0818, 56.9318], [28.0798, 56.936], [28.0883, 56.9368], [28.0833, 56.9408], [28.1323, 56.9336], [28.1707, 56.9358], [28.2371, 56.9569], [28.2468, 56.9709], [28.2426, 56.9821], [28.2217, 56.9967], [28.2208, 57.0099], [28.2427, 57.0276], [28.2953, 57.0341], [28.3134, 57.0476], [28.3119, 57.0557], [28.2931, 57.06], [28.2802, 57.0711], [28.2527, 57.0752], [28.2499, 57.0819], [28.2154, 57.0912], [28.1835, 57.0834], [28.1853, 57.0796], [28.1718, 57.0791], [28.1782, 57.0767], [28.17, 57.0768], [28.1679, 57.0743], [28.173, 57.0733], [28.1633, 57.0694], [28.144, 57.0772], [28.1265, 57.0706], [28.1077, 57.0925], [28.125, 57.0966], [28.1291, 57.105], [28.0965, 57.1035], [28.087, 57.1147], [28.0764, 57.1192], [28.0712, 57.1309], [28.0743, 57.1389], [28.0677, 57.1419], [28.0745, 57.1436], [28.0736, 57.1541], [28.0895, 57.1615], [28.0924, 57.1692], [28.0136, 57.202], [28.026, 57.2136], [28.0245, 57.2255], [28.0413, 57.2441], [28.0363, 57.2519], [28.0402, 57.2566], [28.0351, 57.2562], [28.0413, 57.2602], [28.0388, 57.2628], [28.0509, 57.2679], [28.0493, 57.2709], [28.0637, 57.2736], [28.055, 57.2814], [28.0607, 57.2863], [28.057, 57.2933], [28.0493, 57.2973], [28.0571, 57.3153], [28.0509, 57.3312], [28.0432, 57.3375], [28.0442, 57.3445], [28.0502, 57.3478], [28.0656, 57.3484], [28.0506, 57.3534], [28.0324, 57.3523], [28.0091, 57.3436], [28.0125, 57.3409], [28.0095, 57.3383], [27.9967, 57.3388], [27.999, 57.3421], [27.9934, 57.3402], [27.982, 57.3467], [27.8759, 57.3368], [27.87, 57.3349], [27.8771, 57.3213], [27.8459, 57.3227], [27.8475, 57.328], [27.8304, 57.3203]]]}}, {"type": "Feature", "properties": {"osm_type": "relation", "osm_id": 233246912, "name": "Krasnogorodsky District", "admin_level": "6", "kind": "subdivision_2", "parent_osm_id": 155262, "parent_name": "Pskov Oblast", "parent_iso": "RU-PSK"}, "geometry": {"type": "Polygon", "coordinates": [[[28.5802, 56.907], [28.5777, 56.914], [28.5861, 56.918], [28.5836, 56.9397], [28.5722, 56.9422], [28.5349, 56.9371], [28.5404, 56.9646], [28.4686, 56.9797], [28.4734, 56.9884], [28.461, 56.9949], [28.4834, 57.0062], [28.4773, 57.0073], [28.4807, 57.0124], [28.4773, 57.0177], [28.4579, 57.0266], [28.4499, 57.0173], [28.4424, 57.0183], [28.4454, 57.023], [28.4399, 57.0286], [28.4253, 57.0275], [28.4192, 57.0321], [28.409, 57.0276], [28.4122, 57.0208], [28.4065, 57.0166], [28.3889, 57.0305], [28.3992, 57.0371], [28.4154, 57.0388], [28.4116, 57.0449], [28.3874, 57.05], [28.3787, 57.0541], [28.3825, 57.0565], [28.38, 57.0596], [28.3697, 57.0628], [28.3482, 57.0517], [28.3377, 57.0573], [28.3119, 57.0557], [28.3134, 57.0476], [28.2953, 57.0341], [28.2427, 57.0276], [28.2208, 57.0099], [28.2217, 56.9967], [28.2426, 56.9821], [28.2468, 56.9709], [28.2371, 56.9569], [28.1707, 56.9358], [28.1323, 56.9336], [28.0833, 56.9408], [28.0883, 56.9368], [28.0798, 56.936], [28.0818, 56.9318], [28.0748, 56.9295], [28.0817, 56.9262], [28.0785, 56.9245], [28.0834, 56.9185], [28.0657, 56.9133], [28.0708, 56.9119], [28.059, 56.9006], [28.0643, 56.8992], [28.0604, 56.8968], [28.0617, 56.889], [28.0325, 56.8815], [28.0374, 56.8749], [28.0303, 56.8749], [28.0343, 56.8719], [28.0306, 56.8689], [28.0192, 56.8725], [28.0227, 56.8651], [27.9974, 56.8643], [28.0013, 56.8475], [27.995, 56.8443], [27.9668, 56.8406], [27.9666, 56.8333], [27.9711, 56.8322], [27.9662, 56.8269], [27.9766, 56.8249], [27.9701, 56.8205], [27.9767, 56.8116], [27.9443, 56.8026], [27.9398, 56.7958], [27.9475, 56.783], [27.9449, 56.7767], [27.9151, 56.7732], [27.9008, 56.7599], [27.8987, 56.7521], [27.9143, 56.7502], [27.9118, 56.7425], [27.9177, 56.7338], [27.9364, 56.7282], [27.9457, 56.7225], [27.9472, 56.7155], [27.9626, 56.7119], [27.9625, 56.7069], [27.981, 56.7069], [27.9787, 56.6888], [27.995, 56.6888], [28.0127, 56.6724], [28.0114, 56.6367], [28.0412, 56.6036], [28.0432, 56.5904], [28.0545, 56.5842], [28.1248, 56.5827], [28.1435, 56.5718], [28.1373, 56.5644], [28.1417, 56.552], [28.1056, 56.543], [28.1005, 56.5393], [28.1009, 56.5313], [28.0925, 56.5295], [28.0986, 56.5102], [28.1142, 56.5078], [28.1268, 56.5138], [28.1403, 56.5082], [28.1634, 56.5196], [28.2047, 56.5257], [28.2691, 56.5219], [28.2897, 56.5225], [28.2983, 56.5278], [28.3061, 56.5196], [28.3152, 56.5255], [28.2863, 56.5374], [28.2848, 56.5451], [28.2764, 56.5471], [28.2692, 56.5577], [28.2709, 56.5656], [28.2589, 56.5695], [28.2568, 56.5806], [28.2516, 56.5818], [28.2504, 56.5872], [28.256, 56.5872], [28.2538, 56.5919], [28.2596, 56.5924], [28.2626, 56.6037], [28.2525, 56.6063], [28.2683, 56.6147], [28.2616, 56.622], [28.2881, 56.6278], [28.2975, 56.6375], [28.3268, 56.6424], [28.3307, 56.65], [28.3268, 56.6553], [28.3125, 56.6607], [28.3312, 56.6741], [28.3592, 56.6841], [28.3595, 56.6907], [28.4262, 56.7159], [28.4442, 56.7142], [28.4477, 56.7496], [28.4605, 56.7459], [28.4679, 56.7489], [28.4771, 56.7433], [28.4928, 56.7464], [28.4857, 56.7535], [28.4966, 56.7667], [28.478, 56.7709], [28.479, 56.7816], [28.4965, 56.7857], [28.501, 56.7924], [28.4998, 56.8037], [28.5224, 56.8074], [28.5331, 56.8143], [28.5324, 56.8224], [28.5123, 56.8293], [28.512, 56.8346], [28.4989, 56.8361], [28.4956, 56.8516], [28.5137, 56.8564], [28.5306, 56.8754], [28.5411, 56.8795], [28.555, 56.8647], [28.5705, 56.8756], [28.5797, 56.8753], [28.5629, 56.8811], [28.5487, 56.8926], [28.5802, 56.907]]]}}, {"type": "Feature", "properties": {"osm_type": "relation", "osm_id": 894648582, "name": "Ostrovsky District", "admin_level": "6", "kind": "subdivision_2", "parent_osm_id": 155262, "parent_name": "Pskov Oblast", "parent_iso": "RU-PSK"}, "geometry": {"type": "Polygon", "coordinates": [[[29.2234, 57.3412], [29.2169, 57.3402], [29.1974, 57.352], [29.2003, 57.3576], [29.1789, 57.3701], [29.1819, 57.375], [29.1681, 57.3828], [29.1368, 57.3826], [29.1263, 57.388], [29.1118, 57.3774], [29.1023, 57.3776], [29.0968, 57.3852], [29.0801, 57.3933], [29.0631, 57.3939], [29.0696, 57.3974], [29.0498, 57.4131], [29.0508, 57.4229], [29.0351, 57.4235], [29.0244, 57.4291], [28.9762, 57.4262], [28.9732, 57.4228], [28.9676, 57.4261], [28.9704, 57.4287], [28.9533, 57.437], [28.9178, 57.4324], [28.9139, 57.4417], [28.9041, 57.4479], [28.8759, 57.4485], [28.8818, 57.4573], [28.8924, 57.4623], [28.8731, 57.4677], [28.8743, 57.4749], [28.8558, 57.4761], [28.8014, 57.4632], [28.7917, 57.4649], [28.7876, 57.475], [28.7767, 57.4749], [28.7733, 57.4827], [28.7607, 57.4795], [28.7542, 57.4713], [28.7427, 57.4759], [28.7148, 57.4709], [28.7034, 57.4771], [28.688, 57.4757], [28.6875, 57.4811], [28.6981, 57.482], [28.7211, 57.4979], [28.7214, 57.5276], [28.6923, 57.5285], [28.6653, 57.5358], [28.6534, 57.5303], [28.6535, 57.5136], [28.6477, 57.5122], [28.6433, 57.5012], [28.6342, 57.4969], [28.6167, 57.5022], [28.5807, 57.4967], [28.5852, 57.4874], [28.5826, 57.4841], [28.5668, 57.4788], [28.5588, 57.4646], [28.5323, 57.4523], [28.5093, 57.4663], [28.4722, 57.4723], [28.471, 57.4754], [28.4921, 57.4827], [28.4935, 57.4914], [28.5003, 57.4948], [28.4852, 57.5039], [28.4785, 57.5141], [28.4577, 57.5072], [28.433, 57.5099], [28.4207, 57.5141], [28.4051, 57.5287], [28.3899, 57.5286], [28.3904, 57.5382], [28.3597, 57.5428], [28.3538, 57.5487], [28.3299, 57.5375], [28.3322, 57.527], [28.3245, 57.5256], [28.3258, 57.5204], [28.3007, 57.515], [28.2946, 57.5176], [28.2814, 57.5095], [28.2574, 57.5105], [28.2525, 57.5048], [28.2485, 57.4921], [28.2724, 57.4884], [28.2701, 57.4812], [28.262, 57.4778], [28.2712, 57.4641], [28.2562, 57.4585], [28.2696, 57.4528], [28.2907, 57.4552], [28.2931, 57.4529], [28.2885, 57.4517], [28.2993, 57.4383], [28.2552, 57.4425], [28.2509, 57.4385], [28.2519, 57.4233], [28.2407, 57.4191], [28.2439, 57.4119], [28.2228, 57.4068], [28.2137, 57.4107], [28.2109, 57.4173], [28.1918, 57.4227], [28.1772, 57.41], [28.1629, 57.4079], [28.1536, 57.3969], [28.1292, 57.3992], [28.1062, 57.4092], [28.1045, 57.4054], [28.0948, 57.4075], [28.0965, 57.4014], [28.0896, 57.3977], [28.0909, 57.3935], [28.0568, 57.3804], [28.0545, 57.3707], [28.048, 57.3671], [28.062, 57.3585], [28.0506, 57.3534], [28.0656, 57.3484], [28.0502, 57.3478], [28.0442, 57.3445], [28.0432, 57.3375], [28.0509, 57.3312], [28.0571, 57.3153], [28.0493, 57.2973], [28.057, 57.2933], [28.0607, 57.2863], [28.055, 57.2814], [28.0637, 57.2736], [28.0493, 57.2709], [28.0509, 57.2679], [28.0388, 57.2628], [28.0413, 57.2602], [28.0351, 57.2562], [28.0402, 57.2566], [28.0363, 57.2519], [28.0413, 57.2441], [28.0245, 57.2255], [28.026, 57.2136], [28.0136, 57.202], [28.0924, 57.1692], [28.0895, 57.1615], [28.0736, 57.1541], [28.0745, 57.1436], [28.0677, 57.1419], [28.0743, 57.1389], [28.0712, 57.1309], [28.0764, 57.1192], [28.087, 57.1147], [28.0965, 57.1035], [28.1291, 57.105], [28.125, 57.0966], [28.1077, 57.0925], [28.1265, 57.0706], [28.144, 57.0772], [28.1633, 57.0694], [28.173, 57.0733], [28.1679, 57.0743], [28.17, 57.0768], [28.1782, 57.0767], [28.1718, 57.0791], [28.1853, 57.0796], [28.1835, 57.0834], [28.2154, 57.0912], [28.2499, 57.0819], [28.2527, 57.0752], [28.2802, 57.0711], [28.2931, 57.06], [28.3119, 57.0557], [28.3377, 57.0573], [28.3482, 57.0517], [28.3697, 57.0628], [28.38, 57.0596], [28.3825, 57.0565], [28.3787, 57.0541], [28.4006, 57.0455], [28.4116, 57.0449], [28.4277, 57.0535], [28.4503, 57.0461], [28.467, 57.0539], [28.4722, 57.0609], [28.4695, 57.07], [28.5075, 57.0795], [28.4953, 57.0913], [28.4971, 57.0955], [28.5178, 57.096], [28.5339, 57.087], [28.553, 57.0866], [28.5562, 57.0897], [28.5532, 57.0937], [28.5774, 57.0994], [28.558, 57.1155], [28.5943, 57.1256], [28.6001, 57.1355], [28.6261, 57.1254], [28.6375, 57.1284], [28.6431, 57.1436], [28.6476, 57.1449], [28.6449, 57.1486], [28.6565, 57.15], [28.6547, 57.1532], [28.6883, 57.1572], [28.7347, 57.15], [28.74, 57.1577], [28.7353, 57.1654], [28.7577, 57.1751], [28.765, 57.1724], [28.7583, 57.163], [28.7612, 57.161], [28.7826, 57.1587], [28.7983, 57.1666], [28.807, 57.1604], [28.819, 57.1604], [28.8503, 57.1664], [28.8646, 57.1549], [28.8645, 57.1607], [28.8777, 57.1647], [28.8749, 57.1699], [28.8826, 57.1808], [28.9278, 57.1814], [28.9474, 57.1866], [28.9451, 57.1936], [28.961, 57.203], [28.9739, 57.2237], [28.9953, 57.2309], [29.0266, 57.2308], [29.032, 57.2336], [29.0276, 57.235], [29.0303, 57.2374], [29.0565, 57.2295], [29.0672, 57.2365], [29.0892, 57.2355], [29.1085, 57.2484], [29.1309, 57.2498], [29.1344, 57.2605], [29.1402, 57.263], [29.1366, 57.2651], [29.1429, 57.2698], [29.1428, 57.278], [29.1262, 57.2827], [29.1332, 57.2906], [29.1422, 57.2904], [29.1426, 57.3009], [29.1501, 57.3036], [29.147, 57.308], [29.1734, 57.3062], [29.1783, 57.3124], [29.1972, 57.3081], [29.2, 57.3159], [29.2125, 57.3146], [29.2123, 57.3184], [29.2311, 57.3254], [29.2316, 57.3332], [29.2234, 57.3412]]]}}, {"type": "Feature", "properties": {"osm_type": "relation", "osm_id": 312003864, "name": "Pechorsky District", "admin_level": "6", "kind": "subdivision_2", "parent_osm_id": 155262, "parent_name": "Pskov Oblast", "parent_iso": "RU-PSK"}, "geometry": {"type": "Polygon", "coordinates": [[[27.6345, 58.0972], [27.608, 58.0543], [27.618, 58.0135], [27.6539, 57.9954], [27.6579, 57.9983], [27.65, 57.9987], [27.6487, 58.0028], [27.6555, 58.0058], [27.6491, 58.0189], [27.6576, 58.0186], [27.6676, 58.0095], [27.6932, 58.0048], [27.6892, 57.9999], [27.6986, 57.999], [27.6943, 57.9937], [27.6972, 57.9887], [27.6786, 57.9744], [27.6857, 57.9711], [27.6845, 57.96], [27.6564, 57.9553], [27.6696, 57.9461], [27.6668, 57.9419], [27.6718, 57.9376], [27.681, 57.9354], [27.6845, 57.9281], [27.6789, 57.9237], [27.7182, 57.92], [27.7192, 57.9121], [27.6949, 57.9075], [27.7054, 57.9001], [27.7301, 57.9059], [27.747, 57.9003], [27.7555, 57.9029], [27.7538, 57.8975], [27.7614, 57.8956], [27.8166, 57.8953], [27.8182, 57.8889], [27.8087, 57.8853], [27.8167, 57.8821], [27.8095, 57.8724], [27.8178, 57.8657], [27.8133, 57.8641], [27.8156, 57.8618], [27.7942, 57.8514], [27.7921, 57.8462], [27.7984, 57.844], [27.7956, 57.8412], [27.7879, 57.8435], [27.7763, 57.8335], [27.7563, 57.837], [27.7409, 57.8277], [27.7081, 57.8409], [27.7084, 57.8484], [27.7028, 57.8414], [27.686, 57.8352], [27.622, 57.841], [27.5962, 57.8335], [27.5497, 57.8336], [27.5549, 57.8306], [27.5513, 57.8217], [27.5416, 57.8232], [27.543, 57.8168], [27.5541, 57.8143], [27.5391, 57.8139], [27.5426, 57.8084], [27.5323, 57.8067], [27.5381, 57.8015], [27.5336, 57.7966], [27.5362, 57.7942], [27.5281, 57.7898], [27.5174, 57.793], [27.4943, 57.7889], [27.5125, 57.7757], [27.5058, 57.7723], [27.5078, 57.7635], [27.5278, 57.7542], [27.5113, 57.7507], [27.5273, 57.7517], [27.5279, 57.7414], [27.5455, 57.7333], [27.5266, 57.7311], [27.5215, 57.7159], [27.5256, 57.7094], [27.5069, 57.7137], [27.5069, 57.708], [27.497, 57.7081], [27.4903, 57.7174], [27.4926, 57.7229], [27.4722, 57.7168], [27.4695, 57.7088], [27.4619, 57.7072], [27.447, 57.7174], [27.4289, 57.7086], [27.4268, 57.6998], [27.4111, 57.7005], [27.4143, 57.696], [27.4058, 57.694], [27.4013, 57.686], [27.3892, 57.6858], [27.3919, 57.6782], [27.3814, 57.6759], [27.3763, 57.6687], [27.3812, 57.6609], [27.3775, 57.6585], [27.385, 57.6551], [27.3784, 57.6443], [27.401, 57.6329], [27.4004, 57.6242], [27.3875, 57.6218], [27.3888, 57.616], [27.4011, 57.6169], [27.4048, 57.6126], [27.3841, 57.6036], [27.3777, 57.5961], [27.3566, 57.5978], [27.3406, 57.5906], [27.3403, 57.5858], [27.3175, 57.58], [27.3305, 57.5705], [27.3303, 57.5596], [27.3359, 57.5589], [27.3363, 57.5462], [27.3489, 57.5353], [27.3457, 57.5296], [27.3529, 57.5255], [27.3516, 57.5181], [27.3744, 57.5354], [27.4152, 57.5226], [27.4444, 57.5318], [27.4711, 57.53], [27.4693, 57.5348], [27.5006, 57.5402], [27.5563, 57.5378], [27.5462, 57.5193], [27.5554, 57.5214], [27.5678, 57.5106], [27.5557, 57.4977], [27.5572, 57.487], [27.5469, 57.4592], [27.5367, 57.4609], [27.5173, 57.427], [27.5571, 57.4157], [27.5603, 57.411], [27.6036, 57.4156], [27.6182, 57.4057], [27.6328, 57.4156], [27.6064, 57.4253], [27.6217, 57.456], [27.6542, 57.4569], [27.6651, 57.4621], [27.6612, 57.4643], [27.6652, 57.4695], [27.6585, 57.4765], [27.6615, 57.4823], [27.6567, 57.4892], [27.6689, 57.5087], [27.6816, 57.5028], [27.6807, 57.5082], [27.6876, 57.5097], [27.6789, 57.5193], [27.6791, 57.5272], [27.6901, 57.5279], [27.744, 57.5511], [27.7958, 57.5928], [27.8047, 57.5938], [27.8073, 57.6031], [27.9117, 57.6556], [27.9549, 57.6872], [28.0437, 57.7778], [28.0378, 57.8536], [28.0423, 57.8623], [28.0202, 57.9019], [27.9792, 57.9541], [27.9193, 58.0165], [27.7896, 58.1065], [27.7023, 58.1058], [27.6345, 58.0972]]]}}, {"type": "Feature", "properties": {"osm_type": "relation", "osm_id": 148542706, "name": "Gdovsky District", "admin_level": "6", "kind": "subdivision_2", "parent_osm_id": 155262, "parent_name": "Pskov Oblast", "parent_iso": "RU-PSK"}, "geometry": {"type": "Polygon", "coordinates": [[[27.7378, 58.9779], [27.3573, 58.7872], [27.553, 58.3663], [27.4883, 58.304], [27.491, 58.2246], [27.5118, 58.2028], [27.6799, 58.1907], [27.7088, 58.1794], [27.7113, 58.1858], [27.7292, 58.1904], [27.7416, 58.2036], [27.7947, 58.2289], [27.8074, 58.2177], [27.8736, 58.2096], [27.8827, 58.2176], [27.8916, 58.2175], [27.8893, 58.2218], [27.8991, 58.226], [27.9079, 58.2234], [27.9413, 58.2317], [27.9399, 58.2398], [27.9466, 58.2496], [27.9661, 58.2674], [28.0084, 58.2555], [28.0312, 58.2618], [28.0652, 58.2615], [28.0906, 58.2707], [28.1569, 58.2645], [28.1658, 58.2663], [28.1655, 58.2709], [28.1821, 58.2794], [28.1978, 58.2696], [28.2453, 58.2771], [28.3454, 58.278], [28.3842, 58.301], [28.4384, 58.2908], [28.4941, 58.2975], [28.4862, 58.3162], [28.5239, 58.3204], [28.5212, 58.3237], [28.532, 58.3253], [28.5139, 58.335], [28.5264, 58.3454], [28.5192, 58.348], [28.5379, 58.3617], [28.5401, 58.369], [28.5239, 58.372], [28.5021, 58.3872], [28.5068, 58.3895], [28.508, 58.4079], [28.5276, 58.4132], [28.5266, 58.4203], [28.5221, 58.4271], [28.5118, 58.4296], [28.5087, 58.4343], [28.5125, 58.4409], [28.5088, 58.4436], [28.4913, 58.4455], [28.4929, 58.4509], [28.5047, 58.4517], [28.4957, 58.4574], [28.4971, 58.4615], [28.4849, 58.4628], [28.4923, 58.4804], [28.4774, 58.4875], [28.4967, 58.491], [28.4981, 58.4955], [28.4832, 58.4985], [28.4802, 58.5083], [28.4857, 58.5093], [28.4675, 58.5137], [28.473, 58.5188], [28.4628, 58.5207], [28.4693, 58.5269], [28.463, 58.5342], [28.4692, 58.535], [28.4625, 58.5447], [28.4383, 58.5597], [28.4751, 58.586], [28.5162, 58.5986], [28.4979, 58.6087], [28.4992, 58.645], [28.5349, 58.645], [28.5478, 58.6551], [28.5689, 58.6558], [28.5685, 58.6646], [28.5787, 58.6613], [28.579, 58.6735], [28.5862, 58.6737], [28.574, 58.6753], [28.5763, 58.6879], [28.5592, 58.6964], [28.5629, 58.6995], [28.5554, 58.7026], [28.556, 58.7086], [28.5278, 58.7222], [28.5267, 58.7318], [28.5182, 58.7314], [28.5201, 58.7356], [28.5512, 58.7412], [28.5319, 58.7447], [28.5176, 58.7529], [28.5048, 58.7738], [28.5337, 58.7741], [28.5358, 58.8013], [28.5303, 58.8017], [28.5326, 58.8108], [28.5217, 58.8214], [28.5073, 58.8269], [28.5095, 58.8319], [28.5011, 58.8374], [28.5004, 58.845], [28.4931, 58.841], [28.4801, 58.8475], [28.496, 58.853], [28.4863, 58.8687], [28.4365, 58.881], [28.4345, 58.8745], [28.4124, 58.8608], [28.4151, 58.8558], [28.4114, 58.8551], [28.3885, 58.8679], [28.3907, 58.8717], [28.3735, 58.8784], [28.3585, 58.8696], [28.3634, 58.8672], [28.3589, 58.8614], [28.3488, 58.8624], [28.3441, 58.854], [28.3247, 58.8512], [28.3211, 58.8444], [28.3493, 58.8272], [28.3449, 58.825], [28.3113, 58.8406], [28.3114, 58.8308], [28.3003, 58.8239], [28.2943, 58.8262], [28.2609, 58.8747], [28.2435, 58.8747], [28.2397, 58.8798], [28.2663, 58.8854], [28.258, 58.8986], [28.2256, 58.8956], [28.2118, 58.9064], [28.2224, 58.9133], [28.2149, 58.9204], [28.2068, 58.921], [28.2124, 58.9245], [28.196, 58.9368], [28.2043, 58.9407], [28.1874, 58.9412], [28.1464, 58.9636], [28.174, 58.9713], [28.1716, 58.9765], [28.1483, 58.9726], [28.1442, 58.9784], [28.1212, 58.9748], [28.1209, 58.9927], [28.1013, 58.9935], [28.0966, 59.001], [28.0805, 58.9919], [28.0567, 58.9926], [28.0467, 58.9914], [28.0464, 58.9869], [28.0338, 58.9871], [28.0369, 58.9936], [28.034, 59.0003], [27.9966, 59.0042], [27.9998, 59.0126], [27.9907, 59.0155], [27.9312, 59.0146], [27.918, 59.0212], [27.7378, 58.9779]]]}}]}