{"type": "FeatureCollection", "parent": {"osm_id": 1632167, "name": "Buenos Aires", "admin_level": "4", "kind": "subdivision_1", "child_kind": "subdivision_2", "iso": "AR-B"}, "features": [{"type": "Feature", "properties": {"osm_type": "relation", "osm_id": 473624613, "name": "Tres Arroyos", "admin_level": "6", "kind": "subdivision_2", "parent_osm_id": 1632167, "parent_name": "Buenos Aires", "parent_iso": "AR-B"}, "geometry": {"type": "Polygon", "coordinates": [[[-59.835, -38.2313], [-59.8523, -38.1979], [-59.8624, -38.1947], [-59.8638, -38.1863], [-59.8867, -38.1568], [-60.0371, -38.2806], [-60.3704, -38.0163], [-60.4633, -38.0898], [-60.4424, -38.1065], [-60.5494, -38.1919], [-60.6841, -38.0873], [-60.7006, -38.114], [-60.724, -38.1164], [-60.7312, -38.1405], [-60.7223, -38.1564], [-60.7217, -38.173], [-60.7301, -38.1887], [-60.7196, -38.2242], [-60.7402, -38.2231], [-60.7473, -38.2298], [-60.7406, -38.2477], [-60.7461, -38.2703], [-60.7345, -38.2999], [-60.7343, -38.3165], [-60.7428, -38.3265], [-60.7341, -38.3392], [-60.7409, -38.3476], [-60.738, -38.3561], [-60.7453, -38.3648], [-60.7245, -38.3888], [-60.6869, -38.4181], [-60.678, -38.432], [-60.6193, -38.4712], [-60.6161, -38.4994], [-60.6049, -38.5146], [-60.6002, -38.5391], [-60.5937, -38.5445], [-60.5965, -38.5513], [-60.5913, -38.5566], [-60.5928, -38.5695], [-60.6125, -38.5865], [-60.6081, -38.6116], [-60.6109, -38.6191], [-60.5956, -38.6466], [-60.5905, -38.6777], [-60.5797, -38.6924], [-60.5779, -38.7255], [-60.5619, -38.7514], [-60.5625, -38.7698], [-60.5365, -38.8222], [-60.532, -38.8649], [-60.5216, -38.8841], [-60.5212, -38.8958], [-60.5293, -38.9133], [-60.5143, -38.9237], [-60.5124, -38.9309], [-60.1165, -38.8657], [-59.854, -38.8374], [-59.8437, -38.8318], [-59.7889, -38.8264], [-59.7282, -38.8062], [-59.627, -38.7858], [-59.6305, -38.778], [-59.6275, -38.7686], [-59.6365, -38.7625], [-59.6278, -38.7534], [-59.6262, -38.7426], [-59.647, -38.7372], [-59.6549, -38.7179], [-59.6551, -38.6995], [-59.6876, -38.6803], [-59.6918, -38.6613], [-59.7036, -38.6537], [-59.691, -38.6369], [-59.6954, -38.6209], [-59.7056, -38.612], [-59.7017, -38.6061], [-59.7161, -38.5888], [-59.7133, -38.5729], [-59.7185, -38.5681], [-59.7175, -38.5598], [-59.7339, -38.5335], [-59.7294, -38.502], [-59.7348, -38.4887], [-59.7675, -38.5158], [-59.8218, -38.4751], [-59.8869, -38.5288], [-59.9372, -38.4911], [-59.8747, -38.4396], [-59.9301, -38.3962], [-59.9432, -38.4066], [-59.9906, -38.3708], [-59.8342, -38.242], [-59.835, -38.2313]]]}}, {"type": "Feature", "properties": {"osm_type": "relation", "osm_id": 527378649, "name": "Pinamar", "admin_level": "6", "kind": "subdivision_2", "parent_osm_id": 1632167, "parent_name": "Buenos Aires", "parent_iso": "AR-B"}, "geometry": {"type": "Polygon", "coordinates": [[[-56.909, -37.1888], [-56.7902, -37.034], [-56.8213, -37.0242], [-56.8958, -37.1127], [-56.9125, -37.1405], [-56.931, -37.1581], [-56.9501, -37.1842], [-56.909, -37.1888]]]}}, {"type": "Feature", "properties": {"osm_type": "relation", "osm_id": 689903250, "name": "General Pinto", "admin_level": "6", "kind": "subdivision_2", "parent_osm_id": 1632167, "parent_name": "Buenos Aires", "parent_iso": "AR-B"}, "geometry": {"type": "Polygon", "coordinates": [[[-61.7105, -34.6268], [-61.7696, -34.5761], [-61.8453, -34.6372], [-61.9844, -34.5177], [-61.8157, -34.3836], [-62.2682, -34.3836], [-62.3159, -34.5686], [-62.3251, -34.5685], [-62.3476, -34.6538], [-62.1878, -34.6825], [-62.2631, -34.7427], [-62.2401, -34.762], [-62.3051, -34.8125], [-62.2854, -34.8136], [-62.2832, -34.8559], [-62.2225, -34.8546], [-62.2205, -34.8895], [-62.2061, -34.8891], [-62.1822, -34.9155], [-62.185, -34.9174], [-62.1051, -34.9839], [-61.9843, -34.8852], [-61.9033, -34.9521], [-61.7413, -34.8216], [-61.7452, -34.8181], [-61.6737, -34.7607], [-61.7724, -34.6762], [-61.7105, -34.6268]]]}}, {"type": "Feature", "properties": {"osm_type": "relation", "osm_id": 882166856, "name": "General Juan Madariaga", "admin_level": "6", "kind": "subdivision_2", "parent_osm_id": 1632167, "parent_name": "Buenos Aires", "parent_iso": "AR-B"}, "geometry": {"type": "Polygon", "coordinates": [[[-56.8213, -37.0242], [-56.9012, -36.9988], [-56.9043, -37.0021], [-56.9468, -36.9945], [-56.9563, -36.9883], [-56.946, -36.9779], [-56.9489, -36.9648], [-56.9425, -36.9583], [-56.9854, -36.95], [-56.9876, -36.9341], [-56.9795, -36.9047], [-56.9946, -36.901], [-57.0057, -36.9091], [-56.9916, -36.8911], [-56.9978, -36.8621], [-57.0895, -36.8278], [-57.0935, -36.8351], [-57.1064, -36.8358], [-57.1759, -36.7845], [-57.2331, -36.7886], [-57.2236, -36.9088], [-57.3222, -36.9103], [-57.318, -36.9508], [-57.3051, -37.0033], [-57.4937, -37.017], [-57.4876, -37.1045], [-57.5674, -37.105], [-57.6755, -37.2023], [-57.218, -37.5279], [-57.1681, -37.482], [-57.0607, -37.3304], [-56.9964, -37.2488], [-56.9936, -37.2411], [-57.0433, -37.2357], [-57.0425, -37.2313], [-56.9915, -37.237], [-56.8213, -37.0242]]]}}, {"type": "Feature", "properties": {"osm_type": "relation", "osm_id": 355621388, "name": "Necochea", "admin_level": "6", "kind": "subdivision_2", "parent_osm_id": 1632167, "parent_name": "Buenos Aires", "parent_iso": "AR-B"}, "geometry": {"type": "Polygon", "coordinates": [[[-59.1108, -37.8262], [-59.1136, -37.8179], [-59.1095, -37.8083], [-59.1163, -37.8009], [-59.1151, -37.7901], [-59.1285, -37.7793], [-59.1338, -37.7579], [-59.1481, -37.7452], [-59.158, -37.7465], [-59.1655, -37.7369], [-59.1652, -37.7165], [-59.1706, -37.7005], [-59.1523, -37.6595], [-59.1617, -37.632], [-59.1848, -37.6164], [-59.2537, -37.6745], [-59.2548, -37.6832], [-59.2742, -37.701], [-59.3403, -37.7338], [-59.3539, -37.7486], [-59.6762, -37.9998], [-59.6624, -38.0082], [-59.6613, -38.0149], [-59.6319, -38.0287], [-59.6296, -38.0399], [-59.6224, -38.044], [-59.6051, -38.044], [-59.5481, -38.06], [-59.5384, -38.0567], [-59.5072, -38.0796], [-59.4442, -38.0982], [-59.4161, -38.1134], [-59.3539, -38.1145], [-59.3035, -38.135], [-59.2975, -38.1427], [-59.2501, -38.1473], [-59.2445, -38.1537], [-59.3103, -38.205], [-59.3255, -38.2552], [-59.3539, -38.3035], [-59.3369, -38.3208], [-59.3408, -38.3361], [-59.3168, -38.3834], [-59.4061, -38.4574], [-59.347, -38.5011], [-59.3347, -38.5006], [-59.3394, -38.5457], [-59.3794, -38.5684], [-59.4457, -38.5888], [-59.439, -38.593], [-59.4394, -38.5977], [-59.4311, -38.598], [-59.4314, -38.6043], [-59.4222, -38.5955], [-59.4147, -38.598], [-59.4088, -38.5936], [-59.4047, -38.5974], [-59.4112, -38.622], [-59.404, -38.6296], [-59.3979, -38.6272], [-59.3869, -38.6557], [-59.3819, -38.6601], [-59.3714, -38.6593], [-59.3725, -38.6679], [-59.361, -38.6939], [-59.3442, -38.7121], [-59.3301, -38.7201], [-59.3335, -38.7339], [-59.2367, -38.7163], [-59.1131, -38.7008], [-59.0122, -38.6785], [-59.0056, -38.6718], [-58.9457, -38.658], [-58.9218, -38.6461], [-58.8277, -38.6226], [-58.7997, -38.6087], [-58.735, -38.5873], [-58.7022, -38.581], [-58.6895, -38.5879], [-58.6977, -38.5837], [-58.6909, -38.575], [-58.6198, -38.562], [-58.7075, -38.4952], [-58.736, -38.5179], [-58.7399, -38.516], [-58.7342, -38.5087], [-58.7519, -38.4887], [-58.7401, -38.481], [-58.7576, -38.4721], [-58.7579, -38.4542], [-58.7742, -38.4363], [-58.7684, -38.4306], [-58.7767, -38.423], [-58.7745, -38.4158], [-58.7833, -38.4123], [-58.7812, -38.406], [-58.7875, -38.4016], [-58.7811, -38.3894], [-58.785, -38.3847], [-58.7825, -38.3777], [-58.8017, -38.3459], [-58.8128, -38.3409], [-58.8085, -38.3296], [-58.8144, -38.3266], [-58.8158, -38.3195], [-58.8432, -38.2986], [-58.8672, -38.2916], [-58.8703, -38.2821], [-58.8801, -38.2766], [-58.8775, -38.2691], [-58.9071, -38.2454], [-58.9008, -38.2405], [-58.9054, -38.2371], [-58.902, -38.2324], [-58.907, -38.2302], [-58.9057, -38.2225], [-58.9173, -38.2075], [-58.9139, -38.2015], [-58.9223, -38.1975], [-58.9205, -38.1928], [-58.9419, -38.1802], [-58.9517, -38.1829], [-58.9494, -38.1691], [-58.9542, -38.1554], [-58.9775, -38.1417], [-58.9783, -38.1342], [-58.9859, -38.131], [-58.9897, -38.1203], [-59.0026, -38.116], [-59.0387, -38.087], [-59.0381, -38.0799], [-59.0459, -38.0742], [-59.0541, -38.047], [-59.0761, -38.0299], [-59.0785, -38.0204], [-59.1094, -38.0084], [-59.1131, -37.9989], [-59.1254, -37.9953], [-59.1274, -37.974], [-59.1489, -37.961], [-59.1567, -37.9439], [-59.1683, -37.9363], [-59.1693, -37.903], [-59.1653, -37.8995], [-59.168, -37.8869], [-59.1646, -37.8793], [-59.1498, -37.8658], [-59.1312, -37.8595], [-59.1298, -37.8483], [-59.1098, -37.8391], [-59.1108, -37.8262]]]}}, {"type": "Feature", "properties": {"osm_type": "relation", "osm_id": 714257482, "name": "General Guido", "admin_level": "6", "kind": "subdivision_2", "parent_osm_id": 1632167, "parent_name": "Buenos Aires", "parent_iso": "AR-B"}, "geometry": {"type": "Polygon", "coordinates": [[[-57.9443, -37.0076], [-58.0111, -36.9589], [-57.944, -36.8991], [-57.9722, -36.878], [-57.9196, -36.8335], [-57.8915, -36.8544], [-57.8195, -36.7907], [-57.7933, -36.7692], [-57.7895, -36.7724], [-57.7455, -36.7338], [-57.7071, -36.7631], [-57.661, -36.7232], [-57.7764, -36.6348], [-57.7633, -36.6244], [-57.8486, -36.5552], [-57.7782, -36.4928], [-57.8112, -36.4677], [-57.7757, -36.4376], [-57.9887, -36.2777], [-58.1897, -36.4524], [-58.1014, -36.5214], [-58.1345, -36.544], [-58.2262, -36.6279], [-58.1144, -36.728], [-58.2863, -36.8809], [-58.0203, -37.0768], [-57.9443, -37.0076]]]}}, {"type": "Feature", "properties": {"osm_type": "relation", "osm_id": 290821055, "name": "Pergamino", "admin_level": "6", "kind": "subdivision_2", "parent_osm_id": 1632167, "parent_name": "Buenos Aires", "parent_iso": "AR-B"}, "geometry": {"type": "Polygon", "coordinates": [[[-60.4574, -33.5984], [-60.4604, -33.6105], [-60.4571, -33.6279], [-60.4686, -33.6382], [-60.5031, -33.6464], [-60.5186, -33.6448], [-60.5231, -33.649], [-60.5603, -33.6459], [-60.5862, -33.6316], [-60.6165, -33.6258], [-60.6191, -33.6295], [-60.6543, -33.6048], [-60.6611, -33.5944], [-60.6846, -33.5852], [-60.7557, -33.5876], [-60.7809, -33.5786], [-60.8089, -33.5551], [-60.8074, -33.5511], [-60.8181, -33.5396], [-60.8255, -33.5439], [-60.8626, -33.5467], [-60.9108, -33.5807], [-60.8719, -33.6135], [-60.8415, -33.6519], [-60.8113, -33.6743], [-60.9018, -33.7487], [-60.862, -33.7806], [-60.9441, -33.8568], [-60.9069, -33.8875], [-60.9011, -33.8824], [-60.8032, -33.9571], [-60.7978, -33.9521], [-60.7367, -33.9995], [-60.6975, -34.0333], [-60.7076, -34.0417], [-60.6753, -34.0638], [-60.6712, -34.0765], [-60.6569, -34.0922], [-60.6389, -34.0955], [-60.6275, -34.1109], [-60.5777, -34.1158], [-60.5411, -34.1374], [-60.5216, -34.1402], [-60.5029, -34.1564], [-60.4945, -34.1712], [-60.4967, -34.1767], [-60.4088, -34.0973], [-60.414, -34.0932], [-60.3113, -34.0001], [-60.2869, -34.0004], [-60.2823, -34.0063], [-60.2696, -34.0094], [-60.2435, -34.0071], [-60.2368, -34.0122], [-60.2315, -33.8692], [-60.1962, -33.8242], [-60.1386, -33.7111], [-60.1412, -33.6935], [-60.1597, -33.6902], [-60.1757, -33.6728], [-60.1729, -33.6616], [-60.2434, -33.6485], [-60.2402, -33.6635], [-60.3133, -33.6507], [-60.3268, -33.6716], [-60.3267, -33.6835], [-60.3882, -33.636], [-60.3941, -33.6414], [-60.4574, -33.5984]]]}}, {"type": "Feature", "properties": {"osm_type": "relation", "osm_id": 187311040, "name": "José C. Paz", "admin_level": "6", "kind": "subdivision_2", "parent_osm_id": 1632167, "parent_name": "Buenos Aires", "parent_iso": "AR-B"}, "geometry": {"type": "Polygon", "coordinates": [[[-58.7847, -34.4761], [-58.8218, -34.4519], [-58.8138, -34.4643], [-58.8111, -34.486], [-58.8238, -34.5082], [-58.776, -34.5571], [-58.7615, -34.5471], [-58.7532, -34.5489], [-58.721, -34.5183], [-58.7293, -34.5081], [-58.7608, -34.4951], [-58.7847, -34.4761]]]}}, {"type": "Feature", "properties": {"osm_type": "relation", "osm_id": 722574416, "name": "Punta Indio", "admin_level": "6", "kind": "subdivision_2", "parent_osm_id": 1632167, "parent_name": "Buenos Aires", "parent_iso": "AR-B"}, "geometry": {"type": "Polygon", "coordinates": [[[-57.347, -35.7166], [-57.3196, -35.6878], [-57.2344, -35.5759], [-57.1525, -35.4951], [-57.1278, -35.4448], [-57.1306, -35.4219], [-57.147, -35.3898], [-57.1791, -35.3485], [-57.1976, -35.3105], [-57.217, -35.2876], [-57.2231, -35.2731], [-57.3035, -35.1979], [-57.4041, -35.2502], [-57.4268, -35.2344], [-57.4608, -35.2666], [-57.4939, -35.2431], [-57.5498, -35.2961], [-57.5442, -35.2998], [-57.5033, -35.3014], [-57.5723, -35.3635], [-57.5893, -35.3504], [-57.6026, -35.3618], [-57.5849, -35.2977], [-57.6097, -35.2734], [-57.6047, -35.2686], [-57.6342, -35.2608], [-57.668, -35.2936], [-57.6362, -35.3168], [-57.6417, -35.3219], [-57.638, -35.3246], [-57.6324, -35.3196], [-57.6136, -35.3334], [-57.641, -35.3557], [-57.6649, -35.3428], [-57.682, -35.3583], [-57.6719, -35.3661], [-57.6835, -35.3765], [-57.7277, -35.3489], [-57.7464, -35.3745], [-57.7598, -35.4047], [-57.7973, -35.445], [-57.7733, -35.4389], [-57.7679, -35.4426], [-57.7669, -35.4634], [-57.7561, -35.4596], [-57.744, -35.4682], [-57.7465, -35.4737], [-57.6888, -35.4846], [-57.6817, -35.481], [-57.672, -35.4636], [-57.6578, -35.4617], [-57.633, -35.4702], [-57.6091, -35.4586], [-57.5579, -35.456], [-57.551, -35.462], [-57.5518, -35.4694], [-57.522, -35.4736], [-57.5116, -35.467], [-57.5018, -35.4666], [-57.4949, -35.4723], [-57.4879, -35.4609], [-57.4886, -35.4695], [-57.4822, -35.4721], [-57.4777, -35.4836], [-57.4814, -35.4876], [-57.4625, -35.4933], [-57.4703, -35.5006], [-57.4409, -35.5101], [-57.4356, -35.5188], [-57.4451, -35.5247], [-57.4425, -35.53], [-57.4471, -35.5314], [-57.4467, -35.5385], [-57.4548, -35.5438], [-57.4507, -35.5534], [-57.4594, -35.5576], [-57.4525, -35.5618], [-57.4545, -35.578], [-57.4659, -35.5891], [-57.4639, -35.5947], [-57.4537, -35.5995], [-57.4482, -35.6098], [-57.4274, -35.6156], [-57.4291, -35.6253], [-57.4371, -35.6237], [-57.4393, -35.6374], [-57.4278, -35.6445], [-57.4167, -35.645], [-57.4134, -35.6513], [-57.4187, -35.6548], [-57.411, -35.6582], [-57.4111, -35.6646], [-57.4034, -35.663], [-57.3941, -35.6727], [-57.3878, -35.6702], [-57.3851, -35.6793], [-57.379, -35.676], [-57.3746, -35.6795], [-57.3754, -35.6743], [-57.3669, -35.6773], [-57.3748, -35.6829], [-57.3703, -35.6875], [-57.3751, -35.686], [-57.3749, -35.6909], [-57.3804, -35.6893], [-57.3787, -35.694], [-57.3835, -35.6945], [-57.378, -35.7018], [-57.3817, -35.7125], [-57.3641, -35.7087], [-57.347, -35.7166]]]}}, {"type": "Feature", "properties": {"osm_type": "relation", "osm_id": 853424308, "name": "Coronel Suárez", "admin_level": "6", "kind": "subdivision_2", "parent_osm_id": 1632167, "parent_name": "Buenos Aires", "parent_iso": "AR-B"}, "geometry": {"type": "Polygon", "coordinates": [[[-61.6034, -36.9933], [-61.7072, -36.9075], [-61.7598, -36.9462], [-61.7781, -36.9303], [-61.8909, -37.0215], [-61.8754, -37.0344], [-61.916, -37.0665], [-61.9758, -37.0172], [-62.2029, -37.1869], [-62.2115, -37.1804], [-62.4255, -37.3484], [-62.0441, -37.7526], [-62.0955, -37.916], [-62.091, -37.9242], [-62.0986, -37.9344], [-61.9806, -38.0247], [-61.9568, -38.0204], [-61.9552, -38.0163], [-61.9479, -38.0187], [-61.9445, -38.0138], [-61.9311, -38.0126], [-61.932, -38.0077], [-61.9147, -38.0101], [-61.9034, -38.0157], [-61.8937, -38.0296], [-61.8834, -38.0347], [-61.8719, -38.0334], [-61.8568, -38.0572], [-61.8403, -38.0591], [-61.8432, -38.0627], [-61.8317, -38.0698], [-61.8274, -38.065], [-61.8192, -38.0821], [-61.8224, -38.0967], [-61.8005, -38.109], [-61.7933, -38.1362], [-61.7767, -38.1399], [-61.7839, -38.1576], [-61.7668, -38.1723], [-61.6632, -38.0908], [-61.6834, -38.0741], [-61.509, -37.9389], [-61.6056, -37.8618], [-61.4424, -37.735], [-61.5382, -37.6564], [-61.4887, -37.6189], [-61.597, -37.5305], [-61.5367, -37.4833], [-61.7501, -37.3039], [-61.7492, -37.2873], [-61.7422, -37.2835], [-61.7476, -37.2835], [-61.7412, -37.278], [-61.7444, -37.2715], [-61.7339, -37.2554], [-61.7259, -37.2567], [-61.7234, -37.2499], [-61.7176, -37.2483], [-61.721, -37.2405], [-61.7126, -37.2374], [-61.7106, -37.2262], [-61.7023, -37.2183], [-61.7123, -37.1966], [-61.7143, -37.1683], [-61.7251, -37.156], [-61.7169, -37.1363], [-61.726, -37.1313], [-61.725, -37.1215], [-61.7407, -37.1051], [-61.7346, -37.0929], [-61.6034, -36.9933]]]}}, {"type": "Feature", "properties": {"osm_type": "relation", "osm_id": 265474072, "name": "Chascomús", "admin_level": "6", "kind": "subdivision_2", "parent_osm_id": 1632167, "parent_name": "Buenos Aires", "parent_iso": "AR-B"}, "geometry": {"type": "Polygon", "coordinates": [[[-57.7973, -35.445], [-57.8163, -35.4417], [-57.8311, -35.4247], [-57.8337, -35.4151], [-57.8533, -35.4121], [-57.8628, -35.3997], [-57.8729, -35.3974], [-57.8734, -35.3856], [-57.8881, -35.3918], [-57.8883, -35.3846], [-57.8952, -35.381], [-57.9143, -35.3817], [-57.9189, -35.3712], [-57.936, -35.3763], [-57.9475, -35.3723], [-57.9528, -35.3595], [-57.9676, -35.3552], [-57.9791, -35.3451], [-57.9779, -35.3375], [-57.9851, -35.3279], [-58.0016, -35.3325], [-58.0078, -35.345], [-58.025, -35.3533], [-58.0458, -35.3343], [-58.1399, -35.4194], [-58.1549, -35.4083], [-58.1949, -35.4406], [-58.1526, -35.4727], [-58.204, -35.5182], [-58.1995, -35.5219], [-58.3329, -35.6351], [-58.3424, -35.6521], [-58.4386, -35.7354], [-58.4523, -35.7409], [-58.4494, -35.7567], [-58.4544, -35.7588], [-58.4541, -35.7686], [-58.4452, -35.7677], [-58.4327, -35.774], [-58.4215, -35.7858], [-58.4157, -35.7949], [-58.4192, -35.7988], [-58.4166, -35.8117], [-58.4072, -35.8204], [-58.3831, -35.8201], [-58.3713, -35.8332], [-58.3429, -35.8436], [-58.3432, -35.8565], [-58.337, -35.8626], [-58.3134, -35.8679], [-58.2963, -35.8536], [-58.2807, -35.8616], [-58.2717, -35.8574], [-58.2761, -35.8456], [-58.2677, -35.8287], [-58.2643, -35.823], [-58.2502, -35.8189], [-58.2394, -35.8265], [-58.2284, -35.8276], [-58.2219, -35.8196], [-58.2052, -35.8261], [-58.2018, -35.829], [-58.2038, -35.8386], [-58.1894, -35.8535], [-58.189, -35.8604], [-58.1646, -35.8668], [-58.1638, -35.8493], [-58.1366, -35.8254], [-58.1452, -35.8185], [-58.0971, -35.775], [-58.0779, -35.7861], [-58.0727, -35.7757], [-58.0686, -35.7789], [-58.0441, -35.7565], [-58.0346, -35.7625], [-58.003, -35.7361], [-57.9836, -35.7499], [-57.9918, -35.7545], [-57.9786, -35.7573], [-57.8971, -35.6919], [-57.8869, -35.7003], [-57.8727, -35.6878], [-57.8671, -35.6925], [-57.86, -35.6861], [-57.8373, -35.703], [-57.8342, -35.7002], [-57.8263, -35.706], [-57.8144, -35.7198], [-57.7496, -35.768], [-57.7369, -35.7714], [-57.6782, -35.7803], [-57.6323, -35.7762], [-57.5904, -35.7856], [-57.5451, -35.8063], [-57.4912, -35.8125], [-57.4777, -35.7999], [-57.4827, -35.7948], [-57.4709, -35.7808], [-57.4658, -35.7867], [-57.4582, -35.7841], [-57.4598, -35.789], [-57.4546, -35.7826], [-57.4603, -35.7795], [-57.4553, -35.777], [-57.4498, -35.7806], [-57.4449, -35.7775], [-57.4336, -35.7851], [-57.4287, -35.7806], [-57.4254, -35.7848], [-57.4288, -35.7762], [-57.418, -35.7701], [-57.4169, -35.7642], [-57.4082, -35.769], [-57.409, -35.7589], [-57.4025, -35.7577], [-57.4106, -35.7482], [-57.4096, -35.7428], [-57.3998, -35.7455], [-57.3978, -35.7382], [-57.3874, -35.7368], [-57.3826, -35.7455], [-57.3676, -35.746], [-57.3545, -35.7335], [-57.347, -35.7166], [-57.3641, -35.7087], [-57.3817, -35.7125], [-57.378, -35.7018], [-57.3835, -35.6945], [-57.3787, -35.694], [-57.3804, -35.6893], [-57.3749, -35.6909], [-57.3751, -35.686], [-57.3703, -35.6875], [-57.3748, -35.6829], [-57.3669, -35.6773], [-57.3754, -35.6743], [-57.3746, -35.6795], [-57.379, -35.676], [-57.3851, -35.6793], [-57.3878, -35.6702], [-57.3941, -35.6727], [-57.4034, -35.663], [-57.4111, -35.6646], [-57.411, -35.6582], [-57.4187, -35.6548], [-57.4134, -35.6513], [-57.4167, -35.645], [-57.4278, -35.6445], [-57.4393, -35.6374], [-57.4371, -35.6237], [-57.4291, -35.6253], [-57.4274, -35.6156], [-57.4482, -35.6098], [-57.4537, -35.5995], [-57.4639, -35.5947], [-57.4659, -35.5891], [-57.4545, -35.578], [-57.4525, -35.5618], [-57.4594, -35.5576], [-57.4507, -35.5534], [-57.4548, -35.5438], [-57.4467, -35.5385], [-57.4471, -35.5314], [-57.4425, -35.53], [-57.4451, -35.5247], [-57.4356, -35.5188], [-57.4409, -35.5101], [-57.4703, -35.5006], [-57.4625, -35.4933], [-57.4814, -35.4876], [-57.4777, -35.4836], [-57.4822, -35.4721], [-57.4886, -35.4695], [-57.4879, -35.4609], [-57.4949, -35.4723], [-57.5018, -35.4666], [-57.5116, -35.467], [-57.522, -35.4736], [-57.5518, -35.4694], [-57.551, -35.462], [-57.5579, -35.456], [-57.6091, -35.4586], [-57.633, -35.4702], [-57.6578, -35.4617], [-57.672, -35.4636], [-57.6817, -35.481], [-57.6888, -35.4846], [-57.7465, -35.4737], [-57.744, -35.4682], [-57.7561, -35.4596], [-57.7669, -35.4634], [-57.7679, -35.4426], [-57.7733, -35.4389], [-57.7973, -35.445]]]}}, {"type": "Feature", "properties": {"osm_type": "relation", "osm_id": 548111525, "name": "Salliqueló", "admin_level": "6", "kind": "subdivision_2", "parent_osm_id": 1632167, "parent_name": "Buenos Aires", "parent_iso": "AR-B"}, "geometry": {"type": "Polygon", "coordinates": [[[-62.8161, -36.7319], [-63.1274, -36.4794], [-63.2825, -36.6077], [-62.9702, -36.8629], [-62.8161, -36.7319]]]}}, {"type": "Feature", "properties": {"osm_type": "relation", "osm_id": 770580005, "name": "Bahía Blanca", "admin_level": "6", "kind": "subdivision_2", "parent_osm_id": 1632167, "parent_name": "Buenos Aires", "parent_iso": "AR-B"}, "geometry": {"type": "Polygon", "coordinates": [[[-61.7846, -38.4563], [-61.7964, -38.4474], [-61.8282, -38.4741], [-61.8934, -38.4259], [-61.9263, -38.4523], [-61.9336, -38.4284], [-61.9314, -38.4214], [-61.9371, -38.419], [-61.9395, -38.4107], [-61.9896, -38.4519], [-62.0108, -38.4357], [-61.9997, -38.4266], [-62.0842, -38.3625], [-62.198, -38.4522], [-62.219, -38.4352], [-62.2078, -38.4263], [-62.2283, -38.4101], [-62.2098, -38.3948], [-62.2307, -38.3782], [-62.2243, -38.3729], [-62.2408, -38.3602], [-62.3425, -38.4421], [-62.3873, -38.4083], [-62.6151, -38.5922], [-62.6123, -38.6097], [-62.5967, -38.6217], [-62.5604, -38.6269], [-62.5106, -38.6446], [-62.4682, -38.6729], [-62.4569, -38.6911], [-62.4549, -38.7215], [-62.4453, -38.7368], [-62.4194, -38.7353], [-62.4145, -38.7416], [-62.4086, -38.737], [-62.4048, -38.7416], [-62.4008, -38.7339], [-62.3977, -38.7463], [-62.3972, -38.7414], [-62.3818, -38.7414], [-62.3852, -38.7348], [-62.3788, -38.731], [-62.3803, -38.7388], [-62.3739, -38.7427], [-62.3695, -38.7291], [-62.3786, -38.7267], [-62.3797, -38.7218], [-62.3753, -38.7249], [-62.3529, -38.7176], [-62.3132, -38.736], [-62.3261, -38.75], [-62.3083, -38.7474], [-62.3081, -38.7617], [-62.3038, -38.7587], [-62.3049, -38.7781], [-62.3001, -38.7853], [-62.2618, -38.7935], [-62.2591, -38.7891], [-62.2496, -38.7958], [-62.2363, -38.7892], [-62.2361, -38.7933], [-62.2314, -38.7926], [-62.2345, -38.8052], [-62.2231, -38.8096], [-62.2124, -38.7981], [-62.1883, -38.8053], [-62.1807, -38.8157], [-62.0614, -38.7198], [-62.0625, -38.7121], [-62.0299, -38.7138], [-62.0144, -38.7062], [-61.9728, -38.7139], [-61.9265, -38.7305], [-61.8484, -38.6653], [-61.8195, -38.6877], [-61.7432, -38.6271], [-61.7508, -38.624], [-61.7542, -38.6154], [-61.7488, -38.5963], [-61.7607, -38.5945], [-61.7702, -38.5816], [-61.7783, -38.5796], [-61.7761, -38.5709], [-61.7834, -38.561], [-61.7835, -38.5419], [-61.7954, -38.5286], [-61.7851, -38.5179], [-61.7903, -38.5012], [-61.7845, -38.494], [-61.7873, -38.4658], [-61.7796, -38.4612], [-61.7846, -38.4563]]]}}, {"type": "Feature", "properties": {"osm_type": "relation", "osm_id": 679795867, "name": "Saladillo", "admin_level": "6", "kind": "subdivision_2", "parent_osm_id": 1632167, "parent_name": "Buenos Aires", "parent_iso": "AR-B"}, "geometry": {"type": "Polygon", "coordinates": [[[-59.1814, -35.7561], [-59.3256, -35.643], [-59.33, -35.6467], [-59.4129, -35.586], [-59.3501, -35.5293], [-59.3635, -35.5288], [-59.3606, -35.5342], [-59.3795, -35.5375], [-59.3804, -35.5319], [-59.3957, -35.5311], [-59.4062, -35.5216], [-59.4367, -35.5138], [-59.4713, -35.4927], [-59.4949, -35.4925], [-59.5058, -35.476], [-59.516, -35.4725], [-59.5164, -35.4644], [-59.5241, -35.4566], [-59.5398, -35.4562], [-59.5511, -35.462], [-59.5744, -35.4607], [-59.5799, -35.4558], [-59.5989, -35.4624], [-59.6156, -35.4581], [-59.6205, -35.4514], [-59.6288, -35.4634], [-59.6477, -35.469], [-59.6514, -35.4657], [-59.6877, -35.4691], [-59.6896, -35.4755], [-59.6898, -35.4698], [-59.7006, -35.4764], [-59.7198, -35.4732], [-59.7374, -35.477], [-59.7405, -35.4708], [-59.7476, -35.4789], [-59.7572, -35.4757], [-59.7592, -35.4798], [-59.7813, -35.4763], [-59.8059, -35.4922], [-59.8296, -35.4972], [-59.8869, -35.4818], [-59.908, -35.4814], [-59.9154, -35.4871], [-59.9304, -35.4885], [-59.9961, -35.529], [-60.0051, -35.5276], [-60.0115, -35.5441], [-60.0284, -35.5546], [-60.009, -35.5803], [-60.0109, -35.5964], [-60.017, -35.6052], [-60.0274, -35.6127], [-60.0318, -35.6237], [-60.04, -35.6234], [-60.0304, -35.638], [-60.0329, -35.6571], [-60.0192, -35.6529], [-60.0122, -35.6574], [-60.0375, -35.6781], [-60.0277, -35.6848], [-60.0317, -35.6963], [-60.0428, -35.6956], [-60.0636, -35.7056], [-60.1177, -35.6641], [-60.2196, -35.7516], [-60.1191, -35.8331], [-60.0565, -35.7799], [-59.8863, -35.9119], [-59.8809, -35.9094], [-59.8804, -35.9023], [-59.871, -35.8992], [-59.8687, -35.8844], [-59.8723, -35.8764], [-59.8562, -35.8703], [-59.8483, -35.8583], [-59.8307, -35.8473], [-59.8148, -35.8537], [-59.7924, -35.8408], [-59.775, -35.8472], [-59.7526, -35.835], [-59.7205, -35.8352], [-59.6918, -35.8271], [-59.6856, -35.8335], [-59.6764, -35.8329], [-59.6754, -35.8436], [-59.6474, -35.8608], [-59.6175, -35.8524], [-59.606, -35.8565], [-59.5694, -35.8534], [-59.5601, -35.8507], [-59.5612, -35.8471], [-59.5499, -35.8389], [-59.534, -35.8335], [-59.5317, -35.8273], [-59.5265, -35.831], [-59.5035, -35.8165], [-59.4815, -35.8203], [-59.4834, -35.8134], [-59.4796, -35.8109], [-59.4636, -35.8095], [-59.4591, -35.8139], [-59.4511, -35.8075], [-59.4164, -35.8023], [-59.4076, -35.8067], [-59.3973, -35.8039], [-59.3793, -35.8171], [-59.3675, -35.811], [-59.3624, -35.8133], [-59.3477, -35.8033], [-59.3393, -35.8074], [-59.3292, -35.8024], [-59.3185, -35.8094], [-59.3053, -35.7959], [-59.2871, -35.7967], [-59.282, -35.7907], [-59.2649, -35.7953], [-59.2563, -35.7887], [-59.2445, -35.7936], [-59.2331, -35.7887], [-59.2265, -35.7787], [-59.1906, -35.7672], [-59.1814, -35.7561]]]}}, {"type": "Feature", "properties": {"osm_type": "relation", "osm_id": 655807857, "name": "Tornquist", "admin_level": "6", "kind": "subdivision_2", "parent_osm_id": 1632167, "parent_name": "Buenos Aires", "parent_iso": "AR-B"}, "geometry": {"type": "Polygon", "coordinates": [[[-62.0986, -37.9344], [-62.1223, -37.9467], [-62.1205, -37.9506], [-62.1262, -37.95], [-62.1255, -37.9537], [-62.1294, -37.9517], [-62.1319, -37.9565], [-62.1576, -37.9661], [-62.1547, -37.9705], [-62.1615, -37.9819], [-62.1708, -37.9833], [-62.1667, -37.9873], [-62.1693, -37.9936], [-62.1977, -38.0079], [-62.2104, -38.0249], [-62.2453, -38.0406], [-62.2788, -38.0873], [-62.3092, -38.0928], [-62.332, -38.1077], [-62.3382, -38.1193], [-62.3356, -38.1243], [-62.3474, -38.1352], [-62.4397, -38.0559], [-62.4635, -38.0722], [-62.4749, -38.0678], [-62.4682, -38.0499], [-62.4901, -38.0084], [-62.5748, -38.0754], [-62.7354, -37.9477], [-62.8126, -38.0082], [-62.6555, -38.1389], [-62.7371, -38.2024], [-62.6558, -38.2666], [-62.9002, -38.4558], [-62.7382, -38.5855], [-62.6492, -38.5152], [-62.6151, -38.5922], [-62.3873, -38.4083], [-62.3425, -38.4421], [-62.2408, -38.3602], [-62.2243, -38.3729], [-62.2307, -38.3782], [-62.2098, -38.3948], [-62.2283, -38.4101], [-62.2078, -38.4263], [-62.219, -38.4352], [-62.198, -38.4522], [-62.0842, -38.3625], [-61.9997, -38.4266], [-62.0108, -38.4357], [-61.9896, -38.4519], [-61.9395, -38.4107], [-61.9371, -38.419], [-61.9314, -38.4214], [-61.9336, -38.4284], [-61.9263, -38.4523], [-61.8934, -38.4259], [-61.8282, -38.4741], [-61.7964, -38.4474], [-61.7846, -38.4563], [-61.7822, -38.4373], [-61.7662, -38.4322], [-61.7658, -38.4231], [-61.7556, -38.4205], [-61.7454, -38.4063], [-61.7418, -38.4083], [-61.7569, -38.3829], [-61.7511, -38.3771], [-61.7519, -38.3627], [-61.7389, -38.3561], [-61.7407, -38.3414], [-61.7278, -38.3272], [-61.7239, -38.3175], [-61.7262, -38.3102], [-61.7178, -38.309], [-61.7186, -38.2874], [-61.7035, -38.2891], [-61.6977, -38.2849], [-61.7297, -38.2439], [-61.7291, -38.2382], [-61.7409, -38.2231], [-61.7377, -38.2182], [-61.752, -38.209], [-61.7535, -38.2024], [-61.7707, -38.1957], [-61.7681, -38.1915], [-61.7601, -38.1922], [-61.764, -38.1844], [-61.761, -38.1777], [-61.7839, -38.1576], [-61.7767, -38.1399], [-61.7933, -38.1362], [-61.8005, -38.109], [-61.8224, -38.0967], [-61.8192, -38.0821], [-61.8274, -38.065], [-61.8317, -38.0698], [-61.8432, -38.0627], [-61.8403, -38.0591], [-61.8568, -38.0572], [-61.8719, -38.0334], [-61.8834, -38.0347], [-61.898, -38.0261], [-61.9034, -38.0157], [-61.932, -38.0077], [-61.9311, -38.0126], [-61.9445, -38.0138], [-61.9479, -38.0187], [-61.9552, -38.0163], [-61.9568, -38.0204], [-61.9806, -38.0247], [-62.0986, -37.9344]]]}}, {"type": "Feature", "properties": {"osm_type": "relation", "osm_id": 624900652, "name": "Villa Gesell", "admin_level": "6", "kind": "subdivision_2", "parent_osm_id": 1632167, "parent_name": "Buenos Aires", "parent_iso": "AR-B"}, "geometry": {"type": "Polygon", "coordinates": [[[-56.9501, -37.1842], [-56.9915, -37.237], [-57.0425, -37.2313], [-57.0433, -37.2357], [-56.9936, -37.2411], [-56.9964, -37.2488], [-57.0607, -37.3304], [-57.1681, -37.482], [-57.218, -37.5279], [-57.1876, -37.5496], [-57.131, -37.4985], [-57.0927, -37.4529], [-56.9899, -37.2885], [-56.909, -37.1888], [-56.9501, -37.1842]]]}}, {"type": "Feature", "properties": {"osm_type": "relation", "osm_id": 461632726, "name": "San Cayetano", "admin_level": "6", "kind": "subdivision_2", "parent_osm_id": 1632167, "parent_name": "Buenos Aires", "parent_iso": "AR-B"}, "geometry": {"type": "Polygon", "coordinates": [[[-59.627, -38.7858], [-59.3933, -38.7521], [-59.3824, -38.7453], [-59.3263, -38.7356], [-59.3341, -38.7325], [-59.3301, -38.7201], [-59.3442, -38.7121], [-59.361, -38.6939], [-59.3725, -38.6679], [-59.3714, -38.6593], [-59.3819, -38.6601], [-59.3869, -38.6557], [-59.3979, -38.6272], [-59.404, -38.6296], [-59.4112, -38.622], [-59.4047, -38.5974], [-59.4088, -38.5936], [-59.4147, -38.598], [-59.4222, -38.5955], [-59.4314, -38.6043], [-59.4311, -38.598], [-59.4394, -38.5977], [-59.439, -38.593], [-59.4457, -38.5888], [-59.3794, -38.5684], [-59.3394, -38.5457], [-59.3347, -38.5006], [-59.347, -38.5011], [-59.4061, -38.4574], [-59.3168, -38.3834], [-59.3408, -38.3361], [-59.3369, -38.3208], [-59.3539, -38.3035], [-59.3255, -38.2552], [-59.3103, -38.205], [-59.2445, -38.1537], [-59.2501, -38.1473], [-59.2975, -38.1427], [-59.3035, -38.135], [-59.3539, -38.1145], [-59.4161, -38.1134], [-59.4442, -38.0982], [-59.5072, -38.0796], [-59.5384, -38.0567], [-59.5481, -38.06], [-59.6051, -38.044], [-59.6224, -38.044], [-59.6296, -38.0399], [-59.6319, -38.0287], [-59.6418, -38.0238], [-59.7897, -38.1469], [-59.7785, -38.1552], [-59.7896, -38.1646], [-59.7548, -38.1908], [-59.7774, -38.2104], [-59.795, -38.1972], [-59.835, -38.2313], [-59.8342, -38.242], [-59.9906, -38.3708], [-59.9432, -38.4066], [-59.9301, -38.3962], [-59.8747, -38.4396], [-59.9372, -38.4911], [-59.8869, -38.5288], [-59.8218, -38.4751], [-59.7675, -38.5158], [-59.7348, -38.4887], [-59.7294, -38.502], [-59.7339, -38.5335], [-59.7175, -38.5598], [-59.7185, -38.5681], [-59.7133, -38.5729], [-59.7161, -38.5888], [-59.7017, -38.6061], [-59.7056, -38.612], [-59.6954, -38.6209], [-59.691, -38.6369], [-59.7036, -38.6537], [-59.6918, -38.6613], [-59.6876, -38.6803], [-59.6551, -38.6995], [-59.6549, -38.7179], [-59.647, -38.7372], [-59.6262, -38.7426], [-59.6278, -38.7534], [-59.6365, -38.7625], [-59.6275, -38.7686], [-59.6305, -38.778], [-59.627, -38.7858]]]}}, {"type": "Feature", "properties": {"osm_type": "relation", "osm_id": 192705624, "name": "San Antonio de Areco", "admin_level": "6", "kind": "subdivision_2", "parent_osm_id": 1632167, "parent_name": "Buenos Aires", "parent_iso": "AR-B"}, "geometry": {"type": "Polygon", "coordinates": [[[-59.3121, -34.1611], [-59.2793, -34.1459], [-59.2726, -34.1327], [-59.2761, -34.127], [-59.2737, -34.1075], [-59.266, -34.0915], [-59.2685, -34.0845], [-59.3001, -34.0686], [-59.3007, -34.0444], [-59.3082, -34.0186], [-59.3234, -33.9961], [-59.3174, -34.013], [-59.3197, -34.0236], [-59.3413, -34.042], [-59.3781, -34.0563], [-59.407, -34.0604], [-59.3956, -34.0742], [-59.4635, -34.1351], [-59.5106, -34.0991], [-59.535, -34.1309], [-59.5418, -34.1513], [-59.5625, -34.1681], [-59.5957, -34.1707], [-59.6175, -34.1665], [-59.631, -34.1582], [-59.6445, -34.1591], [-59.6757, -34.1668], [-59.7817, -34.2187], [-59.6926, -34.2867], [-59.6975, -34.2882], [-59.6741, -34.3997], [-59.6706, -34.3976], [-59.6447, -34.4177], [-59.6186, -34.3971], [-59.6064, -34.4065], [-59.5414, -34.3502], [-59.4799, -34.3133], [-59.4663, -34.3134], [-59.4376, -34.2987], [-59.4311, -34.307], [-59.4231, -34.3028], [-59.4273, -34.2973], [-59.4155, -34.291], [-59.4218, -34.2828], [-59.4095, -34.277], [-59.4154, -34.2702], [-59.3961, -34.2636], [-59.3739, -34.2401], [-59.3785, -34.2253], [-59.3747, -34.2249], [-59.3667, -34.1982], [-59.357, -34.1948], [-59.325, -34.1639], [-59.3121, -34.1611]]]}}, {"type": "Feature", "properties": {"osm_type": "relation", "osm_id": 746988134, "name": "La Matanza", "admin_level": "6", "kind": "subdivision_2", "parent_osm_id": 1632167, "parent_name": "Buenos Aires", "parent_iso": "AR-B"}, "geometry": {"type": "Polygon", "coordinates": [[[-58.5292, -34.6548], [-58.5561, -34.6347], [-58.5819, -34.6434], [-58.5807, -34.6493], [-58.6398, -34.7015], [-58.6431, -34.7096], [-58.6362, -34.7149], [-58.6497, -34.7265], [-58.655, -34.7223], [-58.6754, -34.7393], [-58.6578, -34.7534], [-58.6736, -34.7663], [-58.682, -34.7595], [-58.7039, -34.7785], [-58.7285, -34.7592], [-58.7502, -34.7772], [-58.7071, -34.8111], [-58.7203, -34.8181], [-58.7343, -34.8171], [-58.7443, -34.8252], [-58.7736, -34.8273], [-58.7506, -34.8469], [-58.7629, -34.8581], [-58.6933, -34.9118], [-58.6468, -34.889], [-58.643, -34.8688], [-58.6247, -34.8437], [-58.6154, -34.8184], [-58.5947, -34.8057], [-58.5865, -34.78], [-58.5723, -34.775], [-58.575, -34.7685], [-58.5676, -34.7654], [-58.5683, -34.7588], [-58.5567, -34.757], [-58.5518, -34.7508], [-58.5459, -34.759], [-58.5378, -34.7571], [-58.5386, -34.7467], [-58.5127, -34.7399], [-58.5043, -34.7212], [-58.4843, -34.7323], [-58.4845, -34.7276], [-58.4614, -34.7053], [-58.5292, -34.6548]]]}}, {"type": "Feature", "properties": {"osm_type": "relation", "osm_id": 537462763, "name": "Rauch", "admin_level": "6", "kind": "subdivision_2", "parent_osm_id": 1632167, "parent_name": "Buenos Aires", "parent_iso": "AR-B"}, "geometry": {"type": "Polygon", "coordinates": [[[-58.4376, -36.452], [-58.5784, -36.3473], [-58.597, -36.3634], [-58.7833, -36.2255], [-58.7636, -36.208], [-58.8198, -36.1657], [-58.8154, -36.1619], [-58.8411, -36.1417], [-58.8509, -36.1501], [-58.8625, -36.1469], [-58.9014, -36.1588], [-58.917, -36.1717], [-58.941, -36.1777], [-59.0228, -36.2147], [-59.0711, -36.2217], [-59.0805, -36.2391], [-59.094, -36.2394], [-59.1026, -36.2467], [-59.0988, -36.2664], [-59.1063, -36.2755], [-59.1294, -36.2858], [-59.1342, -36.2835], [-59.1557, -36.2897], [-59.192, -36.3136], [-59.2181, -36.3212], [-59.2411, -36.3441], [-59.2739, -36.3605], [-59.2791, -36.37], [-59.2897, -36.374], [-59.2296, -36.4209], [-59.2501, -36.4373], [-59.1905, -36.4833], [-59.2027, -36.4933], [-59.138, -36.5424], [-59.1955, -36.5906], [-59.2225, -36.5735], [-59.2212, -36.5815], [-59.2273, -36.5909], [-59.2198, -36.5973], [-59.2272, -36.6035], [-59.2273, -36.6162], [-59.2326, -36.6239], [-59.2402, -36.6259], [-59.2463, -36.6428], [-59.2561, -36.6463], [-59.2545, -36.665], [-59.2615, -36.6793], [-59.263, -36.7128], [-59.2749, -36.7312], [-59.2758, -36.7422], [-59.2797, -36.7424], [-59.2768, -36.7466], [-59.2803, -36.7648], [-59.2956, -36.781], [-59.3009, -36.7797], [-59.3034, -36.7863], [-59.3473, -36.8173], [-59.3522, -36.8253], [-59.3481, -36.8304], [-59.3597, -36.8445], [-59.2111, -36.9562], [-59.22, -36.9636], [-59.0898, -37.0626], [-59.0779, -37.047], [-59.0618, -37.0437], [-59.0597, -37.0365], [-59.0403, -37.025], [-59.0377, -37.0027], [-59.028, -36.991], [-59.0295, -36.9784], [-59.0219, -36.9612], [-59.0025, -36.9451], [-58.9366, -36.9362], [-58.9303, -36.9115], [-58.9157, -36.9075], [-58.91, -36.8755], [-58.8998, -36.8738], [-58.8807, -36.8587], [-58.8722, -36.8607], [-58.8747, -36.8482], [-58.8655, -36.8381], [-58.8583, -36.8384], [-58.8497, -36.8315], [-58.8358, -36.8364], [-58.7944, -36.8058], [-58.7903, -36.7894], [-58.7337, -36.7682], [-58.7199, -36.7527], [-58.7045, -36.7511], [-58.6851, -36.74], [-58.6665, -36.7426], [-58.7208, -36.7002], [-58.4376, -36.452]]]}}, {"type": "Feature", "properties": {"osm_type": "relation", "osm_id": 326194478, "name": "General Alvarado", "admin_level": "6", "kind": "subdivision_2", "parent_osm_id": 1632167, "parent_name": "Buenos Aires", "parent_iso": "AR-B"}, "geometry": {"type": "Polygon", "coordinates": [[[-58.0471, -37.9557], [-58.2557, -38.1298], [-58.3289, -38.074], [-58.3391, -38.1068], [-58.332, -38.1264], [-58.3433, -38.1595], [-58.3232, -38.2235], [-58.3293, -38.2269], [-58.3383, -38.2511], [-58.3271, -38.2725], [-58.3114, -38.274], [-58.3026, -38.3008], [-58.2873, -38.309], [-58.2838, -38.3156], [-58.2825, -38.3284], [-58.2742, -38.3386], [-58.2702, -38.3544], [-58.2851, -38.3852], [-58.2698, -38.3994], [-58.2703, -38.4076], [-58.2563, -38.4247], [-58.2571, -38.4355], [-58.2498, -38.4362], [-58.2434, -38.4452], [-58.1367, -38.4111], [-58.056, -38.3801], [-57.9541, -38.3305], [-57.8527, -38.2964], [-57.8359, -38.2868], [-57.8334, -38.2772], [-57.8221, -38.2681], [-57.777, -38.2454], [-57.7821, -38.2303], [-57.7814, -38.2066], [-57.7904, -38.1993], [-57.7952, -38.1824], [-57.8043, -38.1707], [-57.8059, -38.1556], [-57.8124, -38.1473], [-57.8098, -38.1397], [-57.8209, -38.1193], [-57.8135, -38.0923], [-57.819, -38.0841], [-57.8372, -38.082], [-57.836, -38.0718], [-57.8407, -38.0632], [-57.8459, -38.0626], [-57.8417, -38.0521], [-57.83, -38.0489], [-57.8469, -38.036], [-57.8757, -38.0601], [-57.9422, -38.0091], [-57.9589, -38.0227], [-58.0471, -37.9557]]]}}, {"type": "Feature", "properties": {"osm_type": "relation", "osm_id": 428171575, "name": "Tandil", "admin_level": "6", "kind": "subdivision_2", "parent_osm_id": 1632167, "parent_name": "Buenos Aires", "parent_iso": "AR-B"}, "geometry": {"type": "Polygon", "coordinates": [[[-59.1108, -37.8262], [-58.6114, -37.4105], [-58.9829, -37.1311], [-58.9894, -37.1364], [-59.0898, -37.0626], [-59.22, -36.9636], [-59.2111, -36.9562], [-59.3597, -36.8445], [-59.3649, -36.8503], [-59.3564, -36.8786], [-59.3598, -36.8966], [-59.369, -36.9052], [-59.3824, -36.9369], [-59.3926, -36.9454], [-59.4006, -36.9709], [-59.4111, -36.9742], [-59.417, -36.9894], [-59.4333, -36.9987], [-59.437, -37.021], [-59.4578, -37.0243], [-59.4801, -37.0361], [-59.5216, -37.0823], [-59.5424, -37.0805], [-59.5524, -37.0941], [-59.5673, -37.0972], [-59.5839, -37.1149], [-59.5865, -37.132], [-59.6265, -37.1539], [-59.6417, -37.1734], [-59.669, -37.1816], [-59.6755, -37.1947], [-59.7001, -37.2159], [-59.7375, -37.2336], [-59.7804, -37.2378], [-59.2262, -37.6504], [-59.1848, -37.6164], [-59.1669, -37.6272], [-59.1575, -37.6384], [-59.1523, -37.6595], [-59.1706, -37.7005], [-59.1652, -37.7165], [-59.1655, -37.7369], [-59.158, -37.7465], [-59.1481, -37.7452], [-59.1338, -37.7579], [-59.1285, -37.7793], [-59.1151, -37.7901], [-59.1163, -37.8009], [-59.1095, -37.8083], [-59.1136, -37.8179], [-59.1108, -37.8262]]]}}, {"type": "Feature", "properties": {"osm_type": "relation", "osm_id": 470803143, "name": "Berazategui", "admin_level": "6", "kind": "subdivision_2", "parent_osm_id": 1632167, "parent_name": "Buenos Aires", "parent_iso": "AR-B"}, "geometry": {"type": "Polygon", "coordinates": [[[-58.0167, -34.7802], [-58.0538, -34.7766], [-58.113, -34.7517], [-58.1659, -34.7478], [-58.1948, -34.7355], [-58.2675, -34.7736], [-58.2388, -34.8005], [-58.1996, -34.8141], [-58.1798, -34.866], [-58.2467, -34.9243], [-58.211, -34.9516], [-58.2038, -34.9452], [-58.2081, -34.9418], [-58.1479, -34.8874], [-58.0167, -34.7802]]]}}, {"type": "Feature", "properties": {"osm_type": "relation", "osm_id": 116606250, "name": "Vicente López", "admin_level": "6", "kind": "subdivision_2", "parent_osm_id": 1632167, "parent_name": "Buenos Aires", "parent_iso": "AR-B"}, "geometry": {"type": "Polygon", "coordinates": [[[-58.4803, -34.4886], [-58.5313, -34.5131], [-58.5538, -34.5302], [-58.5377, -34.5442], [-58.5298, -34.5373], [-58.5099, -34.5692], [-58.5008, -34.5495], [-58.4635, -34.5334], [-58.4596, -34.5278], [-58.4677, -34.5229], [-58.4803, -34.4886]]]}}, {"type": "Feature", "properties": {"osm_type": "relation", "osm_id": 832729112, "name": "Moreno", "admin_level": "6", "kind": "subdivision_2", "parent_osm_id": 1632167, "parent_name": "Buenos Aires", "parent_iso": "AR-B"}, "geometry": {"type": "Polygon", "coordinates": [[[-58.8238, -34.5082], [-58.8466, -34.5478], [-58.8637, -34.5642], [-58.8908, -34.5798], [-58.8642, -34.6168], [-58.8842, -34.6271], [-58.8809, -34.6322], [-58.8845, -34.6688], [-58.8603, -34.6849], [-58.8185, -34.6855], [-58.8095, -34.6771], [-58.7565, -34.6597], [-58.7318, -34.6427], [-58.7134, -34.6055], [-58.7768, -34.5579], [-58.8238, -34.5082]]]}}, {"type": "Feature", "properties": {"osm_type": "relation", "osm_id": 620993763, "name": "Lezama", "admin_level": "6", "kind": "subdivision_2", "parent_osm_id": 1632167, "parent_name": "Buenos Aires", "parent_iso": "AR-B"}, "geometry": {"type": "Polygon", "coordinates": [[[-58.1646, -35.8668], [-58.1468, -35.8672], [-58.1427, -35.879], [-58.1487, -35.885], [-58.1356, -35.8958], [-58.1377, -35.9052], [-58.1209, -35.9182], [-58.1038, -35.9204], [-58.1027, -35.9262], [-58.1102, -35.9305], [-58.11, -35.9353], [-58.0896, -35.9382], [-58.0907, -35.9499], [-58.0682, -35.9519], [-58.044, -35.9443], [-58.0356, -35.9503], [-58.0238, -35.95], [-58.016, -35.9446], [-58.0081, -35.9595], [-58.0346, -36.0031], [-58.029, -36.009], [-58.0329, -36.0144], [-58.0259, -36.0318], [-58.0117, -36.0425], [-58.005, -36.0419], [-57.9866, -36.0196], [-57.9843, -36.0285], [-57.9583, -36.0287], [-57.945, -36.0096], [-57.9397, -35.9927], [-57.9128, -35.9914], [-57.9045, -35.974], [-57.8929, -35.9756], [-57.8443, -35.9609], [-57.8329, -35.9436], [-57.7997, -35.9348], [-57.7741, -35.9345], [-57.7632, -35.9221], [-57.7373, -35.9256], [-57.7306, -35.9225], [-57.7234, -35.9126], [-57.7335, -35.897], [-57.7222, -35.8782], [-57.7134, -35.8727], [-57.7135, -35.8421], [-57.7077, -35.8325], [-57.6939, -35.8356], [-57.6818, -35.8316], [-57.657, -35.8503], [-57.6484, -35.8369], [-57.5877, -35.8309], [-57.5794, -35.8369], [-57.5737, -35.8559], [-57.5671, -35.857], [-57.5552, -35.8442], [-57.5463, -35.8474], [-57.531, -35.8426], [-57.5249, -35.838], [-57.5239, -35.83], [-57.5125, -35.825], [-57.4903, -35.825], [-57.4912, -35.8125], [-57.5451, -35.8063], [-57.5904, -35.7856], [-57.6323, -35.7762], [-57.6782, -35.7803], [-57.7496, -35.768], [-57.8144, -35.7198], [-57.8263, -35.706], [-57.8342, -35.7002], [-57.8373, -35.703], [-57.86, -35.6861], [-57.8671, -35.6925], [-57.8727, -35.6878], [-57.8869, -35.7003], [-57.8971, -35.6919], [-57.9786, -35.7573], [-57.9918, -35.7545], [-57.9836, -35.7499], [-58.003, -35.7361], [-58.0346, -35.7625], [-58.0441, -35.7565], [-58.0686, -35.7789], [-58.0727, -35.7757], [-58.0779, -35.7861], [-58.0971, -35.775], [-58.1452, -35.8185], [-58.1366, -35.8254], [-58.1638, -35.8493], [-58.1646, -35.8668]]]}}, {"type": "Feature", "properties": {"osm_type": "relation", "osm_id": 540562078, "name": "La Costa", "admin_level": "6", "kind": "subdivision_2", "parent_osm_id": 1632167, "parent_name": "Buenos Aires", "parent_iso": "AR-B"}, "geometry": {"type": "Polygon", "coordinates": [[[-56.7902, -37.034], [-56.685, -36.9072], [-56.6671, -36.883], [-56.665, -36.8711], [-56.6754, -36.8207], [-56.6737, -36.7096], [-56.7029, -36.4004], [-56.7165, -36.3544], [-56.7317, -36.326], [-56.7502, -36.3045], [-56.7771, -36.2932], [-56.7741, -36.3214], [-56.7973, -36.3301], [-56.7198, -36.4167], [-56.7127, -36.4358], [-56.7156, -36.5333], [-56.7415, -36.5312], [-56.716, -36.5599], [-56.7001, -36.706], [-56.7035, -36.7778], [-56.7126, -36.8212], [-56.6981, -36.8528], [-56.7155, -36.8852], [-56.7359, -36.9013], [-56.7816, -36.975], [-56.8028, -36.9964], [-56.8213, -37.0242], [-56.7902, -37.034]]]}}, {"type": "Feature", "properties": {"osm_type": "relation", "osm_id": 687666571, "name": "General Paz", "admin_level": "6", "kind": "subdivision_2", "parent_osm_id": 1632167, "parent_name": "Buenos Aires", "parent_iso": "AR-B"}, "geometry": {"type": "Polygon", "coordinates": [[[-58.1549, -35.4083], [-58.1876, -35.3822], [-58.2184, -35.409], [-58.2614, -35.3773], [-58.2478, -35.3648], [-58.4436, -35.2152], [-58.5717, -35.3284], [-58.5242, -35.3659], [-58.5822, -35.4215], [-58.4707, -35.5114], [-58.5689, -35.596], [-58.5001, -35.6451], [-58.5068, -35.6508], [-58.4867, -35.7078], [-58.4744, -35.7055], [-58.4661, -35.685], [-58.4425, -35.7017], [-58.4388, -35.709], [-58.4439, -35.7208], [-58.4364, -35.7325], [-58.3424, -35.6521], [-58.3249, -35.6278], [-58.1995, -35.5219], [-58.204, -35.5182], [-58.1526, -35.4727], [-58.1949, -35.4406], [-58.1549, -35.4083]]]}}, {"type": "Feature", "properties": {"osm_type": "relation", "osm_id": 521051260, "name": "Coronel Dorrego", "admin_level": "6", "kind": "subdivision_2", "parent_osm_id": 1632167, "parent_name": "Buenos Aires", "parent_iso": "AR-B"}, "geometry": {"type": "Polygon", "coordinates": [[[-60.7418, -38.3304], [-60.8401, -38.4065], [-60.8496, -38.3933], [-60.8572, -38.3928], [-60.8848, -38.3703], [-60.9407, -38.3501], [-60.9606, -38.3305], [-60.9783, -38.3242], [-60.9917, -38.3103], [-61.077, -38.2935], [-61.1352, -38.3056], [-61.1582, -38.3], [-61.1675, -38.2925], [-61.1895, -38.2913], [-61.319, -38.3918], [-61.3295, -38.3754], [-61.4659, -38.483], [-61.4739, -38.4757], [-61.5151, -38.5088], [-61.5266, -38.5004], [-61.5877, -38.5478], [-61.5931, -38.5436], [-61.6486, -38.5892], [-61.645, -38.5918], [-61.7296, -38.6591], [-61.7295, -38.6681], [-61.7224, -38.6746], [-61.7269, -38.6908], [-61.716, -38.7142], [-61.7254, -38.7299], [-61.7191, -38.7382], [-61.7226, -38.7508], [-61.7126, -38.7618], [-61.708, -38.7767], [-61.6992, -38.7815], [-61.7014, -38.7854], [-61.6926, -38.8077], [-61.6998, -38.8121], [-61.6998, -38.8176], [-61.6936, -38.8265], [-61.6734, -38.8348], [-61.6741, -38.8429], [-61.6611, -38.8594], [-61.6504, -38.8623], [-61.6504, -38.8666], [-61.641, -38.8632], [-61.6256, -38.8738], [-61.6257, -38.8784], [-61.6012, -38.8807], [-61.5901, -38.8888], [-61.5796, -38.8887], [-61.5548, -38.9011], [-61.546, -38.9111], [-61.5156, -38.9183], [-61.4747, -38.9458], [-61.4561, -38.9419], [-61.4561, -38.9137], [-61.3408, -38.9137], [-61.3147, -38.9466], [-61.0868, -38.9473], [-61.0868, -38.9883], [-61.0037, -38.981], [-60.8521, -38.9797], [-60.6923, -38.9495], [-60.5124, -38.9309], [-60.5143, -38.9237], [-60.5293, -38.9133], [-60.5212, -38.8958], [-60.5216, -38.8841], [-60.532, -38.8649], [-60.5365, -38.8222], [-60.5625, -38.7698], [-60.5619, -38.7514], [-60.5779, -38.7255], [-60.5797, -38.6924], [-60.5905, -38.6777], [-60.5956, -38.6466], [-60.6109, -38.6191], [-60.6081, -38.6116], [-60.6125, -38.5865], [-60.5928, -38.5695], [-60.5913, -38.5566], [-60.5965, -38.5513], [-60.5937, -38.5445], [-60.6002, -38.5391], [-60.6049, -38.5146], [-60.6161, -38.4994], [-60.6193, -38.4712], [-60.678, -38.432], [-60.6972, -38.4082], [-60.739, -38.3753], [-60.7453, -38.3648], [-60.738, -38.3561], [-60.7409, -38.3476], [-60.7341, -38.3392], [-60.7418, -38.3304]]]}}, {"type": "Feature", "properties": {"osm_type": "relation", "osm_id": 598412630, "name": "Coronel Pringles", "admin_level": "6", "kind": "subdivision_2", "parent_osm_id": 1632167, "parent_name": "Buenos Aires", "parent_iso": "AR-B"}, "geometry": {"type": "Polygon", "coordinates": [[[-60.6841, -38.0873], [-60.7598, -38.028], [-60.7449, -38.0158], [-60.8464, -37.9346], [-60.8527, -37.9396], [-61.1785, -37.6797], [-61.6834, -38.0741], [-61.6632, -38.0908], [-61.7668, -38.1723], [-61.761, -38.1777], [-61.764, -38.1844], [-61.7601, -38.1922], [-61.7681, -38.1915], [-61.7707, -38.1957], [-61.7535, -38.2024], [-61.752, -38.209], [-61.7377, -38.2182], [-61.7409, -38.2231], [-61.7291, -38.2382], [-61.7297, -38.2439], [-61.6977, -38.2849], [-61.7035, -38.2891], [-61.7186, -38.2874], [-61.7178, -38.309], [-61.7262, -38.3102], [-61.7239, -38.3175], [-61.7278, -38.3272], [-61.7407, -38.3414], [-61.7389, -38.3561], [-61.7519, -38.3627], [-61.7511, -38.3771], [-61.7569, -38.3829], [-61.7418, -38.4083], [-61.7454, -38.4063], [-61.7556, -38.4205], [-61.7658, -38.4231], [-61.7662, -38.4322], [-61.7758, -38.4334], [-61.7842, -38.4418], [-61.7811, -38.4508], [-61.7846, -38.4563], [-61.7796, -38.4612], [-61.7873, -38.4658], [-61.7845, -38.494], [-61.7903, -38.5012], [-61.7851, -38.5179], [-61.7954, -38.5286], [-61.7835, -38.5419], [-61.7834, -38.561], [-61.7761, -38.5709], [-61.7783, -38.5796], [-61.7702, -38.5816], [-61.7607, -38.5945], [-61.7488, -38.5963], [-61.7542, -38.6154], [-61.7508, -38.624], [-61.7398, -38.6324], [-61.7404, -38.6384], [-61.7277, -38.645], [-61.7296, -38.6591], [-61.645, -38.5918], [-61.6486, -38.5892], [-61.5931, -38.5436], [-61.5877, -38.5478], [-61.5266, -38.5004], [-61.5151, -38.5088], [-61.4739, -38.4757], [-61.4659, -38.483], [-61.3295, -38.3754], [-61.319, -38.3918], [-61.1895, -38.2913], [-61.1675, -38.2925], [-61.1582, -38.3], [-61.1352, -38.3056], [-61.077, -38.2935], [-60.9917, -38.3103], [-60.9783, -38.3242], [-60.9606, -38.3305], [-60.9407, -38.3501], [-60.8848, -38.3703], [-60.8572, -38.3928], [-60.8496, -38.3933], [-60.8401, -38.4065], [-60.737, -38.323], [-60.7345, -38.2999], [-60.7461, -38.2703], [-60.7406, -38.2477], [-60.7473, -38.2298], [-60.7402, -38.2231], [-60.7196, -38.2242], [-60.722, -38.208], [-60.7298, -38.197], [-60.7216, -38.1624], [-60.731, -38.144], [-60.7297, -38.1298], [-60.724, -38.1164], [-60.7006, -38.114], [-60.6841, -38.0873]]]}}, {"type": "Feature", "properties": {"osm_type": "relation", "osm_id": 200784575, "name": "Rojas", "admin_level": "6", "kind": "subdivision_2", "parent_osm_id": 1632167, "parent_name": "Buenos Aires", "parent_iso": "AR-B"}, "geometry": {"type": "Polygon", "coordinates": [[[-60.9069, -33.8875], [-61.0121, -33.9821], [-61.0509, -34.0298], [-61.0826, -34.0476], [-61.0801, -34.051], [-61.1018, -34.0581], [-61.1226, -34.0717], [-60.9171, -34.2415], [-60.9588, -34.2764], [-61.0134, -34.2306], [-61.0592, -34.2689], [-60.9666, -34.3456], [-60.9523, -34.3336], [-60.9295, -34.3369], [-60.9021, -34.3263], [-60.7534, -34.4393], [-60.759, -34.4448], [-60.6767, -34.5092], [-60.5595, -34.4063], [-60.5781, -34.3923], [-60.5461, -34.3619], [-60.539, -34.3496], [-60.5354, -34.3326], [-60.5487, -34.2759], [-60.5396, -34.2683], [-60.5355, -34.2557], [-60.491, -34.2317], [-60.49, -34.2196], [-60.47, -34.2001], [-60.4787, -34.1898], [-60.4883, -34.1872], [-60.4967, -34.1767], [-60.4945, -34.1712], [-60.5029, -34.1564], [-60.5216, -34.1402], [-60.5411, -34.1374], [-60.5777, -34.1158], [-60.6275, -34.1109], [-60.6389, -34.0955], [-60.6569, -34.0922], [-60.6712, -34.0765], [-60.6753, -34.0638], [-60.7076, -34.0417], [-60.6975, -34.0333], [-60.7367, -33.9995], [-60.7978, -33.9521], [-60.8032, -33.9571], [-60.9011, -33.8824], [-60.9069, -33.8875]]]}}, {"type": "Feature", "properties": {"osm_type": "relation", "osm_id": 758117983, "name": "Maipú", "admin_level": "6", "kind": "subdivision_2", "parent_osm_id": 1632167, "parent_name": "Buenos Aires", "parent_iso": "AR-B"}, "geometry": {"type": "Polygon", "coordinates": [[[-57.1759, -36.7845], [-57.2413, -36.7317], [-57.4658, -36.5704], [-57.4947, -36.5811], [-57.655, -36.7277], [-57.661, -36.7232], [-57.7071, -36.7631], [-57.7455, -36.7338], [-57.7895, -36.7724], [-57.7933, -36.7692], [-57.8195, -36.7907], [-57.8915, -36.8544], [-57.9196, -36.8335], [-57.9722, -36.878], [-57.944, -36.8991], [-58.0111, -36.9589], [-57.6755, -37.2023], [-57.5674, -37.105], [-57.4876, -37.1045], [-57.4937, -37.017], [-57.3051, -37.0033], [-57.318, -36.9508], [-57.3222, -36.9103], [-57.2236, -36.9088], [-57.2331, -36.7886], [-57.1759, -36.7845]]]}}, {"type": "Feature", "properties": {"osm_type": "relation", "osm_id": 724306173, "name": "Magdalena", "admin_level": "6", "kind": "subdivision_2", "parent_osm_id": 1632167, "parent_name": "Buenos Aires", "parent_iso": "AR-B"}, "geometry": {"type": "Polygon", "coordinates": [[[-57.3035, -35.1979], [-57.3539, -35.1461], [-57.4442, -35.0732], [-57.5061, -35.0305], [-57.5085, -35.0247], [-57.5933, -34.994], [-57.6748, -34.9362], [-57.7081, -34.9304], [-57.9701, -35.1598], [-57.8902, -35.2221], [-58.0362, -35.3436], [-58.0355, -35.3472], [-58.025, -35.3533], [-58.0078, -35.345], [-58.0016, -35.3325], [-57.9851, -35.3279], [-57.9779, -35.3375], [-57.9791, -35.3451], [-57.9676, -35.3552], [-57.9528, -35.3595], [-57.9475, -35.3723], [-57.936, -35.3763], [-57.9189, -35.3712], [-57.9143, -35.3817], [-57.8952, -35.381], [-57.8883, -35.3846], [-57.8881, -35.3918], [-57.8734, -35.3856], [-57.8729, -35.3974], [-57.8628, -35.3997], [-57.8533, -35.4121], [-57.8337, -35.4151], [-57.8311, -35.4247], [-57.8163, -35.4417], [-57.7973, -35.445], [-57.7598, -35.4047], [-57.7464, -35.3745], [-57.7277, -35.3489], [-57.6835, -35.3765], [-57.6719, -35.3661], [-57.682, -35.3583], [-57.6649, -35.3428], [-57.641, -35.3557], [-57.6136, -35.3334], [-57.6324, -35.3196], [-57.638, -35.3246], [-57.6417, -35.3219], [-57.6362, -35.3168], [-57.668, -35.2936], [-57.6342, -35.2608], [-57.6047, -35.2686], [-57.6097, -35.2734], [-57.5849, -35.2977], [-57.6026, -35.3618], [-57.5893, -35.3504], [-57.5723, -35.3635], [-57.5033, -35.3014], [-57.5442, -35.2998], [-57.5498, -35.2961], [-57.4939, -35.2431], [-57.4608, -35.2666], [-57.4268, -35.2344], [-57.4041, -35.2502], [-57.3035, -35.1979]]]}}, {"type": "Feature", "properties": {"osm_type": "relation", "osm_id": 935869540, "name": "General Lavalle", "admin_level": "6", "kind": "subdivision_2", "parent_osm_id": 1632167, "parent_name": "Buenos Aires", "parent_iso": "AR-B"}, "geometry": {"type": "Polygon", "coordinates": [[[-56.8213, -37.0242], [-56.8028, -36.9964], [-56.7816, -36.975], [-56.7359, -36.9013], [-56.7155, -36.8852], [-56.6981, -36.8528], [-56.7126, -36.8212], [-56.7035, -36.7778], [-56.7001, -36.706], [-56.716, -36.5599], [-56.7415, -36.5312], [-56.7156, -36.5333], [-56.7127, -36.4358], [-56.7198, -36.4167], [-56.7973, -36.3301], [-56.816, -36.335], [-56.8755, -36.329], [-56.914, -36.3381], [-56.9269, -36.3334], [-56.9716, -36.3344], [-57.0153, -36.3267], [-57.0163, -36.3415], [-57.0436, -36.36], [-57.0697, -36.3868], [-57.0417, -36.4139], [-57.0408, -36.4284], [-57.0602, -36.4303], [-57.0681, -36.4388], [-57.0807, -36.4427], [-57.0828, -36.4535], [-57.0996, -36.4414], [-57.1771, -36.512], [-57.1652, -36.5206], [-57.3295, -36.6686], [-57.1064, -36.8358], [-57.0935, -36.8351], [-57.0895, -36.8278], [-56.9978, -36.8621], [-56.9916, -36.8911], [-57.0057, -36.9091], [-56.9946, -36.901], [-56.9795, -36.9047], [-56.9876, -36.9341], [-56.9854, -36.95], [-56.9425, -36.9583], [-56.9489, -36.9648], [-56.946, -36.9779], [-56.9545, -36.9897], [-56.9242, -36.9988], [-56.9043, -37.0021], [-56.9012, -36.9988], [-56.8213, -37.0242]]]}}, {"type": "Feature", "properties": {"osm_type": "relation", "osm_id": 554291210, "name": "General Pueyrredón", "admin_level": "6", "kind": "subdivision_2", "parent_osm_id": 1632167, "parent_name": "Buenos Aires", "parent_iso": "AR-B"}, "geometry": {"type": "Polygon", "coordinates": [[[-57.777, -38.2454], [-57.7287, -38.2289], [-57.6834, -38.2059], [-57.6365, -38.1732], [-57.5932, -38.1189], [-57.5442, -38.0998], [-57.5355, -38.0813], [-57.5413, -38.0768], [-57.5397, -38.0642], [-57.5306, -38.0479], [-57.5178, -38.039], [-57.5345, -38.0503], [-57.5403, -38.0485], [-57.5349, -38.0459], [-57.5407, -38.0462], [-57.5339, -38.0413], [-57.5333, -38.032], [-57.5224, -38.0371], [-57.5315, -38.0315], [-57.524, -38.0166], [-57.539, -38.0052], [-57.5443, -37.99], [-57.5395, -37.9602], [-57.525, -37.9257], [-57.5197, -37.8893], [-57.6979, -37.7542], [-57.683, -37.7525], [-57.6731, -37.7451], [-57.736, -37.6995], [-58.0471, -37.9557], [-57.9589, -38.0227], [-57.9422, -38.0091], [-57.8757, -38.0601], [-57.8469, -38.036], [-57.83, -38.0489], [-57.8417, -38.0521], [-57.8459, -38.0626], [-57.8407, -38.0632], [-57.836, -38.0718], [-57.8372, -38.082], [-57.819, -38.0841], [-57.8135, -38.0923], [-57.8209, -38.1193], [-57.8098, -38.1397], [-57.8124, -38.1473], [-57.8059, -38.1556], [-57.8043, -38.1707], [-57.7952, -38.1824], [-57.7904, -38.1993], [-57.7814, -38.2066], [-57.7821, -38.2303], [-57.777, -38.2454]]]}}, {"type": "Feature", "properties": {"osm_type": "relation", "osm_id": 102705996, "name": "Adolfo Gonzáles Chaves", "admin_level": "6", "kind": "subdivision_2", "parent_osm_id": 1632167, "parent_name": "Buenos Aires", "parent_iso": "AR-B"}, "geometry": {"type": "Polygon", "coordinates": [[[-59.835, -38.2313], [-59.795, -38.1972], [-59.7774, -38.2104], [-59.7548, -38.1908], [-59.7896, -38.1646], [-59.7785, -38.1552], [-59.7897, -38.1469], [-59.6418, -38.0238], [-59.6613, -38.0149], [-59.6624, -38.0082], [-59.6762, -37.9998], [-59.673, -37.9794], [-59.7175, -37.9561], [-59.7414, -37.9302], [-59.748, -37.9285], [-59.7543, -37.9132], [-59.7934, -37.8978], [-59.8138, -37.877], [-59.9364, -37.7947], [-60.0196, -37.8599], [-60.059, -37.8285], [-60.0872, -37.8515], [-60.1391, -37.8127], [-60.1454, -37.8176], [-60.2614, -37.7275], [-60.3232, -37.7771], [-60.4238, -37.6972], [-60.378, -37.6619], [-60.4525, -37.6012], [-60.582, -37.7009], [-60.5555, -37.7209], [-60.644, -37.7899], [-60.6538, -37.7822], [-60.8464, -37.9346], [-60.7449, -38.0158], [-60.7598, -38.028], [-60.5494, -38.1919], [-60.4424, -38.1065], [-60.4633, -38.0898], [-60.3704, -38.0163], [-60.0371, -38.2806], [-59.8867, -38.1568], [-59.8638, -38.1863], [-59.8624, -38.1947], [-59.8523, -38.1979], [-59.835, -38.2313]]]}}, {"type": "Feature", "properties": {"osm_type": "relation", "osm_id": 452736458, "name": "Tigre", "admin_level": "6", "kind": "subdivision_2", "parent_osm_id": 1632167, "parent_name": "Buenos Aires", "parent_iso": "AR-B"}, "geometry": {"type": "MultiPolygon", "coordinates": [[[[-58.5101, -34.3037], [-58.5227, -34.299], [-58.5453, -34.2996], [-58.6058, -34.2746], [-58.6483, -34.2662], [-58.6544, -34.2724], [-58.6797, -34.3453], [-58.7204, -34.3631], [-58.705, -34.373], [-58.7191, -34.3904], [-58.7153, -34.3922], [-58.7342, -34.4022], [-58.6781, -34.4746], [-58.6062, -34.5344], [-58.5984, -34.4987], [-58.5993, -34.4856], [-58.6066, -34.4804], [-58.5986, -34.4717], [-58.5954, -34.4484], [-58.5805, -34.4451], [-58.5588, -34.424], [-58.5144, -34.4459], [-58.5088, -34.4291], [-58.5115, -34.4187], [-58.5025, -34.4198], [-58.5054, -34.4079], [-58.495, -34.4069], [-58.4829, -34.3846], [-58.4659, -34.3856], [-58.465, -34.3749], [-58.4545, -34.3885], [-58.485, -34.3346], [-58.5104, -34.3088], [-58.5101, -34.3037]]], [[[-58.4678, -34.3269], [-58.4864, -34.3294], [-58.4652, -34.3641], [-58.45, -34.377], [-58.443, -34.3653], [-58.4552, -34.3519], [-58.449, -34.3508], [-58.4573, -34.3436], [-58.4575, -34.3324], [-58.4678, -34.3269]]], [[[-58.4461, -34.338], [-58.4535, -34.3316], [-58.4548, -34.3453], [-58.4461, -34.338]]], [[[-58.4438, -34.3274], [-58.4484, -34.3289], [-58.4416, -34.3321], [-58.4438, -34.3274]]], [[[-58.4684, -34.3171], [-58.4741, -34.3211], [-58.4684, -34.3171]]], [[[-58.4385, -34.3273], [-58.4397, -34.3301], [-58.4385, -34.3273]]], [[[-58.4466, -34.3346], [-58.4501, -34.331], [-58.4466, -34.3346]]]]}}, {"type": "Feature", "properties": {"osm_type": "relation", "osm_id": 121976743, "name": "Escobar", "admin_level": "6", "kind": "subdivision_2", "parent_osm_id": 1632167, "parent_name": "Buenos Aires", "parent_iso": "AR-B"}, "geometry": {"type": "Polygon", "coordinates": [[[-58.6483, -34.2662], [-58.7943, -34.229], [-58.8029, -34.2371], [-58.7765, -34.2738], [-58.7759, -34.2853], [-58.7999, -34.2769], [-58.8083, -34.2816], [-58.8224, -34.2725], [-58.8301, -34.2748], [-58.8583, -34.2621], [-58.8645, -34.2668], [-58.8603, -34.2732], [-58.8639, -34.2774], [-58.8706, -34.2727], [-58.878, -34.2748], [-58.8809, -34.2836], [-58.877, -34.2844], [-58.8831, -34.2869], [-58.8783, -34.2915], [-58.8808, -34.2979], [-58.9011, -34.3109], [-58.817, -34.4154], [-58.7981, -34.4103], [-58.7889, -34.3994], [-58.7782, -34.404], [-58.7374, -34.4565], [-58.7056, -34.4393], [-58.7342, -34.4022], [-58.7153, -34.3922], [-58.7191, -34.3904], [-58.705, -34.373], [-58.7204, -34.3631], [-58.6797, -34.3453], [-58.6544, -34.2724], [-58.6483, -34.2662]]]}}, {"type": "Feature", "properties": {"osm_type": "relation", "osm_id": 169529046, "name": "Las Flores", "admin_level": "6", "kind": "subdivision_2", "parent_osm_id": 1632167, "parent_name": "Buenos Aires", "parent_iso": "AR-B"}, "geometry": {"type": "Polygon", "coordinates": [[[-59.7002, -35.8321], [-59.5167, -35.9764], [-59.5526, -36.0071], [-59.3824, -36.1353], [-59.4868, -36.2261], [-59.293, -36.3742], [-59.2791, -36.37], [-59.2739, -36.3605], [-59.2411, -36.3441], [-59.2181, -36.3212], [-59.192, -36.3136], [-59.1557, -36.2897], [-59.1342, -36.2835], [-59.1294, -36.2858], [-59.1063, -36.2755], [-59.0988, -36.2664], [-59.1026, -36.2467], [-59.094, -36.2394], [-59.0805, -36.2391], [-59.0711, -36.2217], [-59.0228, -36.2147], [-58.941, -36.1777], [-58.917, -36.1717], [-58.9014, -36.1588], [-58.8936, -36.1595], [-58.8803, -36.1504], [-58.8669, -36.1512], [-58.8625, -36.1469], [-58.8509, -36.1501], [-58.8368, -36.1376], [-58.8376, -36.1272], [-58.83, -36.1201], [-58.8283, -36.1105], [-58.8094, -36.1058], [-58.8092, -36.1003], [-58.7083, -36.017], [-58.7503, -35.9844], [-58.7303, -35.9675], [-58.8919, -35.8404], [-58.9009, -35.8478], [-58.9576, -35.803], [-58.9745, -35.8168], [-59.0191, -35.7763], [-59.0158, -35.7735], [-59.1037, -35.7031], [-59.0955, -35.6963], [-59.1368, -35.6634], [-59.1419, -35.6656], [-59.1307, -35.6982], [-59.14, -35.6989], [-59.1552, -35.7112], [-59.1666, -35.7064], [-59.1748, -35.7121], [-59.1796, -35.722], [-59.1758, -35.7413], [-59.1833, -35.7627], [-59.2265, -35.7787], [-59.2331, -35.7887], [-59.2445, -35.7936], [-59.2563, -35.7887], [-59.2649, -35.7953], [-59.282, -35.7907], [-59.2871, -35.7967], [-59.3053, -35.7959], [-59.3185, -35.8094], [-59.3292, -35.8024], [-59.3393, -35.8074], [-59.3477, -35.8033], [-59.3624, -35.8133], [-59.3675, -35.811], [-59.3793, -35.8171], [-59.3973, -35.8039], [-59.4076, -35.8067], [-59.4164, -35.8023], [-59.4511, -35.8075], [-59.4591, -35.8139], [-59.4636, -35.8095], [-59.4796, -35.8109], [-59.4834, -35.8134], [-59.4815, -35.8203], [-59.5035, -35.8165], [-59.5265, -35.831], [-59.5317, -35.8273], [-59.534, -35.8335], [-59.5612, -35.8471], [-59.5601, -35.8507], [-59.606, -35.8565], [-59.6175, -35.8524], [-59.6428, -35.8612], [-59.6607, -35.8555], [-59.6754, -35.8436], [-59.6764, -35.8329], [-59.6856, -35.8335], [-59.6918, -35.8271], [-59.7002, -35.8321]]]}}, {"type": "Feature", "properties": {"osm_type": "relation", "osm_id": 330368277, "name": "Mar Chiquita", "admin_level": "6", "kind": "subdivision_2", "parent_osm_id": 1632167, "parent_name": "Buenos Aires", "parent_iso": "AR-B"}, "geometry": {"type": "Polygon", "coordinates": [[[-57.6755, -37.2023], [-57.7696, -37.1361], [-58.0956, -37.437], [-57.6731, -37.7451], [-57.683, -37.7525], [-57.6979, -37.7542], [-57.5197, -37.8893], [-57.513, -37.8657], [-57.4916, -37.8282], [-57.4138, -37.7432], [-57.4164, -37.7405], [-57.4116, -37.7352], [-57.2917, -37.6407], [-57.1876, -37.5496], [-57.6755, -37.2023]]]}}, {"type": "Feature", "properties": {"osm_type": "relation", "osm_id": 207882359, "name": "Carlos Casares", "admin_level": "6", "kind": "subdivision_2", "parent_osm_id": 1632167, "parent_name": "Buenos Aires", "parent_iso": "AR-B"}, "geometry": {"type": "Polygon", "coordinates": [[[-61.0358, -35.8757], [-61.1013, -35.8251], [-61.0318, -35.7658], [-61.1969, -35.6352], [-61.1879, -35.6274], [-61.2714, -35.5601], [-61.2873, -35.5735], [-61.5318, -35.3784], [-61.7233, -35.5373], [-61.6579, -35.592], [-61.648, -35.5835], [-61.5734, -35.6428], [-61.6002, -35.6645], [-61.5014, -35.7454], [-61.6351, -35.8526], [-61.5431, -35.9289], [-61.5594, -35.9403], [-61.393, -36.072], [-61.333, -36.0208], [-61.2695, -36.0706], [-61.0358, -35.8757]]]}}, {"type": "Feature", "properties": {"osm_type": "relation", "osm_id": 413453024, "name": "Puán", "admin_level": "6", "kind": "subdivision_2", "parent_osm_id": 1632167, "parent_name": "Buenos Aires", "parent_iso": "AR-B"}, "geometry": {"type": "Polygon", "coordinates": [[[-62.7354, -37.9477], [-62.8952, -37.8191], [-62.7344, -37.6927], [-62.7486, -37.6815], [-62.5812, -37.549], [-62.6295, -37.51], [-62.645, -37.5218], [-62.8125, -37.3739], [-63.3778, -37.8152], [-63.3838, -37.8098], [-63.3836, -38.8288], [-62.6558, -38.2666], [-62.7371, -38.2024], [-62.6555, -38.1389], [-62.8126, -38.0082], [-62.7354, -37.9477]]]}}, {"type": "Feature", "properties": {"osm_type": "relation", "osm_id": 724061879, "name": "San Miguel", "admin_level": "6", "kind": "subdivision_2", "parent_osm_id": 1632167, "parent_name": "Buenos Aires", "parent_iso": "AR-B"}, "geometry": {"type": "Polygon", "coordinates": [[[-58.776, -34.5571], [-58.7134, -34.6055], [-58.6843, -34.5883], [-58.6706, -34.5725], [-58.6463, -34.563], [-58.6271, -34.5467], [-58.6185, -34.547], [-58.6062, -34.5344], [-58.6459, -34.5019], [-58.688, -34.5296], [-58.6941, -34.5262], [-58.7013, -34.5328], [-58.721, -34.5183], [-58.7532, -34.5489], [-58.7615, -34.5471], [-58.776, -34.5571]]]}}, {"type": "Feature", "properties": {"osm_type": "relation", "osm_id": 526761311, "name": "Trenque Lauquen", "admin_level": "6", "kind": "subdivision_2", "parent_osm_id": 1632167, "parent_name": "Buenos Aires", "parent_iso": "AR-B"}, "geometry": {"type": "Polygon", "coordinates": [[[-62.3367, -35.7833], [-62.6229, -35.5503], [-62.9319, -35.7982], [-62.9231, -35.8054], [-63.2038, -36.033], [-62.626, -36.5015], [-62.6065, -36.5614], [-62.081, -36.1516], [-62.4312, -35.8587], [-62.3367, -35.7833]]]}}, {"type": "Feature", "properties": {"osm_type": "relation", "osm_id": 325772018, "name": "Guaminí", "admin_level": "6", "kind": "subdivision_2", "parent_osm_id": 1632167, "parent_name": "Buenos Aires", "parent_iso": "AR-B"}, "geometry": {"type": "Polygon", "coordinates": [[[-61.8596, -36.9926], [-62.0076, -36.8593], [-61.9966, -36.8533], [-62.007, -36.8468], [-62.0167, -36.8214], [-61.9966, -36.8217], [-61.9971, -36.812], [-61.9827, -36.8046], [-61.9992, -36.8117], [-62.1747, -36.6638], [-62.2014, -36.6846], [-62.2488, -36.6457], [-62.2221, -36.6248], [-62.3845, -36.4885], [-62.4117, -36.5091], [-62.4737, -36.4567], [-62.7393, -36.6664], [-62.9702, -36.8629], [-62.6474, -37.1231], [-62.5947, -37.0959], [-62.5915, -37.1063], [-62.5727, -37.1232], [-62.5576, -37.1492], [-62.511, -37.1959], [-62.5091, -37.2337], [-62.5383, -37.2572], [-62.4255, -37.3484], [-62.2115, -37.1804], [-62.2029, -37.1869], [-61.9758, -37.0172], [-61.916, -37.0665], [-61.8754, -37.0344], [-61.8909, -37.0215], [-61.8567, -36.9953], [-61.8596, -36.9926]]]}}, {"type": "Feature", "properties": {"osm_type": "relation", "osm_id": 361902684, "name": "Ramallo", "admin_level": "6", "kind": "subdivision_2", "parent_osm_id": 1632167, "parent_name": "Buenos Aires", "parent_iso": "AR-B"}, "geometry": {"type": "Polygon", "coordinates": [[[-60.1563, -33.7454], [-60.1067, -33.8176], [-60.0939, -33.8173], [-60.0825, -33.8095], [-60.0464, -33.8275], [-60.0169, -33.8265], [-60.0711, -33.7806], [-60.0495, -33.7633], [-60.0418, -33.7694], [-59.8313, -33.5801], [-59.8095, -33.582], [-59.8094, -33.544], [-59.8393, -33.5214], [-59.8993, -33.5071], [-59.933, -33.4749], [-59.9994, -33.4701], [-60.0353, -33.4525], [-60.0722, -33.4247], [-60.0871, -33.3944], [-60.1111, -33.373], [-60.1656, -33.3508], [-60.1725, -33.3733], [-60.1717, -33.387], [-60.1899, -33.4079], [-60.1852, -33.4267], [-60.1946, -33.4445], [-60.1871, -33.4585], [-60.1777, -33.459], [-60.1727, -33.4699], [-60.1601, -33.4734], [-60.1661, -33.5004], [-60.1724, -33.5112], [-60.1802, -33.5132], [-60.1871, -33.5269], [-60.1992, -33.5347], [-60.2034, -33.5558], [-60.2154, -33.5787], [-60.2308, -33.5867], [-60.2427, -33.6136], [-60.2809, -33.6204], [-60.3133, -33.6507], [-60.2402, -33.6635], [-60.2434, -33.6485], [-60.1729, -33.6616], [-60.1757, -33.6728], [-60.1597, -33.6902], [-60.1412, -33.6935], [-60.1386, -33.7111], [-60.1563, -33.7454]]]}}, {"type": "Feature", "properties": {"osm_type": "relation", "osm_id": 908430412, "name": "Cañuelas", "admin_level": "6", "kind": "subdivision_2", "parent_osm_id": 1632167, "parent_name": "Buenos Aires", "parent_iso": "AR-B"}, "geometry": {"type": "Polygon", "coordinates": [[[-58.6933, -34.9118], [-58.7276, -34.924], [-58.739, -34.9365], [-58.7511, -34.9406], [-58.7648, -34.9587], [-58.7916, -34.9547], [-58.7775, -34.9651], [-58.9339, -35.1037], [-58.8691, -35.1537], [-58.8947, -35.1762], [-58.8079, -35.2389], [-58.8116, -35.2426], [-58.7709, -35.2739], [-58.748, -35.2541], [-58.6793, -35.3062], [-58.7077, -35.3348], [-58.6742, -35.3602], [-58.6644, -35.3541], [-58.5822, -35.4215], [-58.5242, -35.3659], [-58.5717, -35.3284], [-58.469, -35.2377], [-58.5338, -35.1897], [-58.5369, -35.1921], [-58.559, -35.1736], [-58.5513, -35.1679], [-58.5774, -35.1477], [-58.5787, -35.0654], [-58.5996, -35.0499], [-58.5538, -35.0092], [-58.6201, -34.961], [-58.599, -34.9429], [-58.6105, -34.9253], [-58.628, -34.9199], [-58.6506, -34.891], [-58.6933, -34.9118]]]}}, {"type": "Feature", "properties": {"osm_type": "relation", "osm_id": 700111314, "name": "Esteban Echeverría", "admin_level": "6", "kind": "subdivision_2", "parent_osm_id": 1632167, "parent_name": "Buenos Aires", "parent_iso": "AR-B"}, "geometry": {"type": "Polygon", "coordinates": [[[-58.5205, -34.7409], [-58.5245, -34.78], [-58.5142, -34.7986], [-58.5028, -34.8559], [-58.509, -34.9002], [-58.4915, -34.9283], [-58.4643, -34.908], [-58.4223, -34.886], [-58.4131, -34.8735], [-58.4478, -34.8259], [-58.4306, -34.8172], [-58.501, -34.7228], [-58.5043, -34.7212], [-58.5127, -34.7399], [-58.5205, -34.7409]]]}}, {"type": "Feature", "properties": {"osm_type": "relation", "osm_id": 120365749, "name": "Colón", "admin_level": "6", "kind": "subdivision_2", "parent_osm_id": 1632167, "parent_name": "Buenos Aires", "parent_iso": "AR-B"}, "geometry": {"type": "Polygon", "coordinates": [[[-60.9108, -33.5807], [-60.9218, -33.6065], [-60.9207, -33.6362], [-60.9307, -33.652], [-61.3323, -34.0251], [-61.2101, -34.1256], [-61.1789, -34.0972], [-61.1278, -34.0759], [-61.062, -34.039], [-61.0121, -33.9821], [-60.9069, -33.8875], [-60.9441, -33.8568], [-60.862, -33.7806], [-60.9018, -33.7487], [-60.8113, -33.6743], [-60.8415, -33.6519], [-60.8719, -33.6135], [-60.9108, -33.5807]]]}}, {"type": "Feature", "properties": {"osm_type": "relation", "osm_id": 520652138, "name": "Hurlingham", "admin_level": "6", "kind": "subdivision_2", "parent_osm_id": 1632167, "parent_name": "Buenos Aires", "parent_iso": "AR-B"}, "geometry": {"type": "Polygon", "coordinates": [[[-58.6938, -34.5936], [-58.6536, -34.6317], [-58.6195, -34.6317], [-58.6215, -34.6023], [-58.6165, -34.588], [-58.6463, -34.563], [-58.6706, -34.5725], [-58.6938, -34.5936]]]}}, {"type": "Feature", "properties": {"osm_type": "relation", "osm_id": 577859162, "name": "Carmen de Areco", "admin_level": "6", "kind": "subdivision_2", "parent_osm_id": 1632167, "parent_name": "Buenos Aires", "parent_iso": "AR-B"}, "geometry": {"type": "Polygon", "coordinates": [[[-59.7817, -34.2187], [-59.8747, -34.2641], [-59.8945, -34.2365], [-59.956, -34.2738], [-60.0116, -34.3224], [-60.0037, -34.329], [-60.0648, -34.3826], [-60.0838, -34.3675], [-60.1429, -34.4188], [-60.0832, -34.4696], [-60.0973, -34.4829], [-60.0145, -34.5465], [-59.9748, -34.5104], [-59.9092, -34.5617], [-59.9336, -34.5812], [-59.8848, -34.619], [-59.8453, -34.5853], [-59.8396, -34.5894], [-59.7547, -34.5179], [-59.7687, -34.5073], [-59.7354, -34.4777], [-59.7663, -34.4528], [-59.6751, -34.4039], [-59.6975, -34.2882], [-59.6926, -34.2867], [-59.7817, -34.2187]]]}}, {"type": "Feature", "properties": {"osm_type": "relation", "osm_id": 301908860, "name": "Daireaux", "admin_level": "6", "kind": "subdivision_2", "parent_osm_id": 1632167, "parent_name": "Buenos Aires", "parent_iso": "AR-B"}, "geometry": {"type": "Polygon", "coordinates": [[[-61.6034, -36.9933], [-61.5984, -36.9974], [-61.2546, -36.7345], [-61.3679, -36.6413], [-61.4973, -36.7439], [-61.6638, -36.6069], [-61.6168, -36.5699], [-61.6419, -36.5494], [-61.6493, -36.5531], [-61.6774, -36.5297], [-61.6852, -36.536], [-61.6982, -36.5251], [-61.6921, -36.5204], [-61.7242, -36.4942], [-61.7634, -36.5251], [-61.8699, -36.4365], [-61.86, -36.4289], [-61.913, -36.3849], [-61.9291, -36.3988], [-61.9382, -36.3912], [-61.9551, -36.4044], [-62.1447, -36.2455], [-62.1783, -36.2719], [-62.2051, -36.2491], [-62.4737, -36.4567], [-62.4117, -36.5091], [-62.3845, -36.4885], [-62.2221, -36.6248], [-62.2488, -36.6457], [-62.2014, -36.6846], [-62.1747, -36.6638], [-61.9992, -36.8117], [-61.9827, -36.8046], [-61.9971, -36.812], [-61.9966, -36.8217], [-62.0167, -36.8214], [-62.007, -36.8468], [-61.9966, -36.8533], [-62.0076, -36.8593], [-61.8596, -36.9926], [-61.7781, -36.9303], [-61.7598, -36.9462], [-61.7072, -36.9075], [-61.6034, -36.9933]]]}}, {"type": "Feature", "properties": {"osm_type": "relation", "osm_id": 271725817, "name": "Hipólito Yrigoyen", "admin_level": "6", "kind": "subdivision_2", "parent_osm_id": 1632167, "parent_name": "Buenos Aires", "parent_iso": "AR-B"}, "geometry": {"type": "Polygon", "coordinates": [[[-61.4351, -36.039], [-61.4501, -36.0517], [-61.4913, -36.0193], [-61.5966, -36.1072], [-61.6162, -36.0917], [-61.6349, -36.1076], [-61.639, -36.1044], [-61.6569, -36.1195], [-61.6605, -36.1166], [-61.6888, -36.1404], [-61.7026, -36.1295], [-61.742, -36.1623], [-61.772, -36.1385], [-61.8075, -36.1669], [-61.8113, -36.164], [-61.9453, -36.269], [-61.9215, -36.2886], [-61.9446, -36.3068], [-61.9391, -36.3113], [-61.9453, -36.316], [-61.9505, -36.3115], [-61.9744, -36.3336], [-62.0149, -36.3006], [-62.0479, -36.3263], [-61.9551, -36.4044], [-61.9382, -36.3912], [-61.9291, -36.3988], [-61.913, -36.3849], [-61.86, -36.4289], [-61.8699, -36.4365], [-61.7634, -36.5251], [-61.4057, -36.2417], [-61.4397, -36.2143], [-61.3748, -36.1596], [-61.3781, -36.1567], [-61.3493, -36.1324], [-61.3457, -36.1352], [-61.2695, -36.0706], [-61.333, -36.0208], [-61.393, -36.072], [-61.4351, -36.039]]]}}, {"type": "Feature", "properties": {"osm_type": "relation", "osm_id": 126897488, "name": "General Arenales", "admin_level": "6", "kind": "subdivision_2", "parent_osm_id": 1632167, "parent_name": "Buenos Aires", "parent_iso": "AR-B"}, "geometry": {"type": "Polygon", "coordinates": [[[-61.1226, -34.0717], [-61.1789, -34.0972], [-61.2101, -34.1256], [-61.3323, -34.0251], [-61.6488, -34.3195], [-61.6105, -34.3526], [-61.5489, -34.3032], [-61.5094, -34.3359], [-61.4732, -34.3066], [-61.3948, -34.3738], [-61.4163, -34.3927], [-61.3764, -34.4254], [-61.3685, -34.4197], [-61.3295, -34.4527], [-61.2614, -34.3997], [-61.2536, -34.4035], [-61.2431, -34.3986], [-61.2361, -34.4032], [-61.2281, -34.436], [-61.2092, -34.4249], [-61.1983, -34.4248], [-61.1936, -34.4151], [-61.197, -34.4037], [-61.1937, -34.3888], [-61.1989, -34.3768], [-61.1945, -34.3662], [-61.1845, -34.3626], [-61.1769, -34.3659], [-61.1211, -34.3193], [-61.1305, -34.3113], [-61.0981, -34.2841], [-61.0703, -34.3074], [-61.0415, -34.2833], [-61.0592, -34.2689], [-61.0134, -34.2306], [-60.9588, -34.2764], [-60.9171, -34.2415], [-61.1226, -34.0717]]]}}, {"type": "Feature", "properties": {"osm_type": "relation", "osm_id": 691282762, "name": "La Plata", "admin_level": "6", "kind": "subdivision_2", "parent_osm_id": 1632167, "parent_name": "Buenos Aires", "parent_iso": "AR-B"}, "geometry": {"type": "MultiPolygon", "coordinates": [[[[-58.211, -34.9516], [-58.2468, -34.987], [-58.2886, -35.0169], [-58.2465, -35.0483], [-58.1619, -34.972], [-58.1203, -35.0043], [-58.1779, -35.0563], [-58.1096, -35.1085], [-58.1013, -35.1011], [-58.0185, -35.1675], [-58.0771, -35.2189], [-58.0537, -35.2356], [-57.7527, -34.9707], [-57.7709, -34.9571], [-57.804, -34.964], [-57.862, -34.9376], [-57.8961, -34.9304], [-57.9744, -34.8723], [-57.9839, -34.8806], [-57.9908, -34.8798], [-57.9992, -34.8721], [-58.0838, -34.835], [-58.2081, -34.9418], [-58.2038, -34.9452], [-58.211, -34.9516]]], [[[-58.248, -34.1749], [-58.2583, -34.1817], [-58.2523, -34.1913], [-58.2431, -34.1869], [-58.2432, -34.1757], [-58.248, -34.1749]]]]}}, {"type": "Feature", "properties": {"osm_type": "relation", "osm_id": 919395751, "name": "Azul", "admin_level": "6", "kind": "subdivision_2", "parent_osm_id": 1632167, "parent_name": "Buenos Aires", "parent_iso": "AR-B"}, "geometry": {"type": "Polygon", "coordinates": [[[-59.2897, -36.374], [-59.4868, -36.2261], [-59.546, -36.2748], [-59.541, -36.2779], [-59.6341, -36.3589], [-59.7274, -36.2879], [-59.8174, -36.3629], [-59.8232, -36.3589], [-59.843, -36.372], [-59.9181, -36.4448], [-59.9137, -36.4482], [-59.9309, -36.4667], [-59.973, -36.5035], [-59.9848, -36.4949], [-60.0258, -36.5298], [-59.9195, -36.6144], [-60.0018, -36.6807], [-59.9987, -36.6827], [-60.0578, -36.7325], [-60.1355, -36.6741], [-60.1416, -36.6791], [-60.1392, -36.6894], [-60.1612, -36.7184], [-60.0998, -36.768], [-60.0936, -36.7626], [-60.002, -36.8338], [-60.0216, -36.8513], [-60.008, -36.8623], [-60.0283, -36.8785], [-60.0126, -36.8899], [-60.0326, -36.9066], [-60.0229, -36.9137], [-60.0598, -36.9508], [-60.0657, -36.9464], [-60.1049, -36.9783], [-60.0956, -36.9883], [-60.116, -37.0054], [-60.1018, -37.0161], [-60.1223, -37.0331], [-60.1136, -37.0399], [-60.1342, -37.0567], [-60.1263, -37.0624], [-60.1463, -37.0799], [-60.1263, -37.0951], [-60.2073, -37.1716], [-59.9876, -37.3395], [-60.0373, -37.3799], [-59.9533, -37.4471], [-59.8607, -37.3708], [-59.8805, -37.3554], [-59.827, -37.3115], [-59.8176, -37.2696], [-59.8066, -37.2508], [-59.7808, -37.2411], [-59.7764, -37.2352], [-59.7375, -37.2336], [-59.7001, -37.2159], [-59.6755, -37.1947], [-59.669, -37.1816], [-59.6417, -37.1734], [-59.6265, -37.1539], [-59.5865, -37.132], [-59.5839, -37.1149], [-59.5673, -37.0972], [-59.5524, -37.0941], [-59.5424, -37.0805], [-59.5216, -37.0823], [-59.4801, -37.0361], [-59.4578, -37.0243], [-59.437, -37.021], [-59.4333, -36.9987], [-59.417, -36.9894], [-59.4111, -36.9742], [-59.4006, -36.9709], [-59.3926, -36.9454], [-59.3824, -36.9369], [-59.369, -36.9052], [-59.3598, -36.8966], [-59.3564, -36.8786], [-59.3649, -36.8503], [-59.3481, -36.8304], [-59.3522, -36.8253], [-59.2803, -36.7648], [-59.2768, -36.7466], [-59.2797, -36.7424], [-59.2758, -36.7422], [-59.2749, -36.7312], [-59.263, -36.7128], [-59.2615, -36.6793], [-59.2545, -36.665], [-59.2561, -36.6463], [-59.2463, -36.6428], [-59.2402, -36.6259], [-59.2326, -36.6239], [-59.2273, -36.6162], [-59.2272, -36.6035], [-59.2198, -36.5973], [-59.2273, -36.5909], [-59.2212, -36.5815], [-59.2225, -36.5735], [-59.1955, -36.5906], [-59.138, -36.5424], [-59.2027, -36.4933], [-59.1905, -36.4833], [-59.2501, -36.4373], [-59.2296, -36.4209], [-59.2897, -36.374]]]}}, {"type": "Feature", "properties": {"osm_type": "relation", "osm_id": 908443891, "name": "Arrecifes", "admin_level": "6", "kind": "subdivision_2", "parent_osm_id": 1632167, "parent_name": "Buenos Aires", "parent_iso": "AR-B"}, "geometry": {"type": "Polygon", "coordinates": [[[-60.2368, -34.0122], [-60.232, -34.0223], [-60.2044, -34.0356], [-60.1945, -34.0456], [-60.1951, -34.0515], [-60.1666, -34.0607], [-60.1734, -34.0676], [-60.1831, -34.0991], [-60.1876, -34.1193], [-60.1851, -34.1358], [-60.2065, -34.1709], [-60.203, -34.2033], [-60.077, -34.2498], [-60.0786, -34.2537], [-60.0401, -34.2685], [-60.0251, -34.2597], [-60.0017, -34.2323], [-59.9846, -34.1969], [-59.9817, -34.1822], [-59.9859, -34.1536], [-59.9805, -34.1329], [-59.9907, -34.1086], [-59.9859, -34.084], [-59.955, -34.0832], [-59.9451, -34.0765], [-59.9219, -34.0737], [-59.896, -34.0778], [-59.8444, -34.0525], [-59.837, -34.0408], [-59.8179, -34.0288], [-59.8123, -34.0143], [-59.8001, -34.0132], [-59.7923, -34.019], [-59.7795, -34.0132], [-59.8621, -33.9545], [-60.0243, -33.8266], [-60.0534, -33.8256], [-60.0825, -33.8095], [-60.0939, -33.8173], [-60.1067, -33.8176], [-60.1563, -33.7454], [-60.1962, -33.8242], [-60.2315, -33.8692], [-60.2368, -34.0122]]]}}, {"type": "Feature", "properties": {"osm_type": "relation", "osm_id": 306104686, "name": "General Rodríguez", "admin_level": "6", "kind": "subdivision_2", "parent_osm_id": 1632167, "parent_name": "Buenos Aires", "parent_iso": "AR-B"}, "geometry": {"type": "Polygon", "coordinates": [[[-58.8851, -34.577], [-58.9285, -34.5162], [-58.9619, -34.5337], [-58.9543, -34.5436], [-58.9872, -34.5599], [-58.9842, -34.5646], [-58.9925, -34.5685], [-58.9865, -34.5774], [-59.0254, -34.5931], [-59.0359, -34.5873], [-59.0709, -34.6044], [-59.0564, -34.6165], [-59.1151, -34.6445], [-59.1131, -34.647], [-59.1356, -34.6589], [-59.0913, -34.7192], [-59.0316, -34.7637], [-59.0219, -34.7582], [-58.9993, -34.7627], [-58.9667, -34.7382], [-58.9534, -34.7165], [-58.9364, -34.7035], [-58.8896, -34.6963], [-58.8649, -34.6825], [-58.8845, -34.6688], [-58.8809, -34.6322], [-58.8842, -34.6271], [-58.8642, -34.6168], [-58.8908, -34.5798], [-58.8851, -34.577]]]}}, {"type": "Feature", "properties": {"osm_type": "relation", "osm_id": 690077429, "name": "Mercedes", "admin_level": "6", "kind": "subdivision_2", "parent_osm_id": 1632167, "parent_name": "Buenos Aires", "parent_iso": "AR-B"}, "geometry": {"type": "Polygon", "coordinates": [[[-59.1699, -34.7989], [-59.2565, -34.6847], [-59.2423, -34.6774], [-59.2818, -34.6252], [-59.2637, -34.6193], [-59.305, -34.5639], [-59.3382, -34.5079], [-59.473, -34.5764], [-59.4819, -34.5702], [-59.5082, -34.5835], [-59.5233, -34.597], [-59.5686, -34.5605], [-59.6324, -34.6155], [-59.673, -34.5828], [-59.7166, -34.6203], [-59.6297, -34.6907], [-59.5263, -34.765], [-59.5323, -34.77], [-59.4922, -34.8027], [-59.5232, -34.8292], [-59.4661, -34.873], [-59.4086, -34.8427], [-59.3733, -34.8917], [-59.3168, -34.8429], [-59.3208, -34.8371], [-59.2895, -34.8217], [-59.2793, -34.8345], [-59.2058, -34.7958], [-59.1939, -34.8113], [-59.1699, -34.7989]]]}}, {"type": "Feature", "properties": {"osm_type": "relation", "osm_id": 534933428, "name": "9 de Julio", "admin_level": "6", "kind": "subdivision_2", "parent_osm_id": 1632167, "parent_name": "Buenos Aires", "parent_iso": "AR-B"}, "geometry": {"type": "Polygon", "coordinates": [[[-61.0358, -35.8757], [-60.9708, -35.9261], [-60.4444, -35.4746], [-60.8685, -35.1453], [-60.9846, -35.247], [-61.0618, -35.1872], [-61.1549, -35.2647], [-61.278, -35.1661], [-61.5318, -35.3784], [-61.2873, -35.5735], [-61.2714, -35.5601], [-61.1879, -35.6274], [-61.1969, -35.6352], [-61.0318, -35.7658], [-61.1013, -35.8251], [-61.0358, -35.8757]]]}}, {"type": "Feature", "properties": {"osm_type": "relation", "osm_id": 386286020, "name": "Rivadavia", "admin_level": "6", "kind": "subdivision_2", "parent_osm_id": 1632167, "parent_name": "Buenos Aires", "parent_iso": "AR-B"}, "geometry": {"type": "Polygon", "coordinates": [[[-62.6229, -35.5503], [-62.6929, -35.492], [-62.6851, -35.4856], [-62.777, -35.4085], [-62.8031, -35.4295], [-62.8729, -35.3714], [-62.8462, -35.3506], [-62.8933, -35.3114], [-62.8639, -35.2884], [-62.8994, -35.2592], [-62.9648, -35.3119], [-63.1152, -35.1889], [-63.0898, -35.1686], [-63.1385, -35.1283], [-63.2358, -35.2083], [-63.2111, -35.2288], [-63.2852, -35.2884], [-63.3097, -35.2678], [-63.3468, -35.3], [-63.3293, -35.3231], [-63.3843, -35.369], [-63.3842, -35.8842], [-63.2038, -36.033], [-62.9231, -35.8054], [-62.9319, -35.7982], [-62.6229, -35.5503]]]}}, {"type": "Feature", "properties": {"osm_type": "relation", "osm_id": 137051192, "name": "Tres Lomas", "admin_level": "6", "kind": "subdivision_2", "parent_osm_id": 1632167, "parent_name": "Buenos Aires", "parent_iso": "AR-B"}, "geometry": {"type": "Polygon", "coordinates": [[[-62.8161, -36.7319], [-62.6065, -36.5614], [-62.626, -36.5015], [-62.9392, -36.2485], [-62.979, -36.2802], [-62.9593, -36.2962], [-63.0398, -36.3592], [-63.0281, -36.3688], [-63.0679, -36.3995], [-63.0485, -36.4155], [-63.1274, -36.4794], [-62.8161, -36.7319]]]}}, {"type": "Feature", "properties": {"osm_type": "relation", "osm_id": 110342545, "name": "Luján", "admin_level": "6", "kind": "subdivision_2", "parent_osm_id": 1632167, "parent_name": "Buenos Aires", "parent_iso": "AR-B"}, "geometry": {"type": "Polygon", "coordinates": [[[-58.9619, -34.5337], [-59.0007, -34.4835], [-59.0114, -34.4883], [-59.0559, -34.4279], [-59.0756, -34.4357], [-59.0752, -34.442], [-59.0801, -34.4445], [-59.0757, -34.4499], [-59.0974, -34.4644], [-59.1297, -34.4208], [-59.1322, -34.4232], [-59.1977, -34.3737], [-59.2065, -34.3905], [-59.2391, -34.4139], [-59.2177, -34.4467], [-59.3382, -34.5079], [-59.305, -34.5639], [-59.2637, -34.6193], [-59.2818, -34.6252], [-59.2423, -34.6774], [-59.2565, -34.6847], [-59.1657, -34.8043], [-59.0913, -34.7192], [-59.1356, -34.6589], [-59.1131, -34.647], [-59.1151, -34.6445], [-59.0564, -34.6165], [-59.0709, -34.6044], [-59.0359, -34.5873], [-59.0254, -34.5931], [-58.9865, -34.5774], [-58.9925, -34.5685], [-58.9842, -34.5646], [-58.9872, -34.5599], [-58.9543, -34.5436], [-58.9619, -34.5337]]]}}, {"type": "Feature", "properties": {"osm_type": "relation", "osm_id": 603181459, "name": "San Fernando", "admin_level": "6", "kind": "subdivision_2", "parent_osm_id": 1632167, "parent_name": "Buenos Aires", "parent_iso": "AR-B"}, "geometry": {"type": "MultiPolygon", "coordinates": [[[[-58.6751, -34.0256], [-58.8049, -34.0827], [-58.8038, -34.0899], [-58.7643, -34.1262], [-58.7685, -34.1315], [-58.7643, -34.1449], [-58.7582, -34.152], [-58.7466, -34.1547], [-58.7463, -34.1657], [-58.6916, -34.1724], [-58.6951, -34.2023], [-58.7111, -34.2196], [-58.7114, -34.2484], [-58.6058, -34.2746], [-58.5453, -34.2996], [-58.5227, -34.299], [-58.5101, -34.3037], [-58.5096, -34.295], [-58.5, -34.2883], [-58.5144, -34.271], [-58.5114, -34.2682], [-58.4925, -34.266], [-58.4696, -34.2745], [-58.4563, -34.2712], [-58.4527, -34.2633], [-58.4167, -34.2644], [-58.404, -34.2508], [-58.4047, -34.2395], [-58.3986, -34.2347], [-58.4036, -34.2252], [-58.3866, -34.2202], [-58.3772, -34.2094], [-58.3823, -34.2033], [-58.368, -34.1978], [-58.3672, -34.1889], [-58.3611, -34.1941], [-58.3564, -34.1922], [-58.3711, -34.1717], [-58.3733, -34.1581], [-58.3631, -34.1169], [-58.3662, -34.1176], [-58.3621, -34.0735], [-58.366, -34.0647], [-58.361, -34.0601], [-58.3622, -34.0545], [-58.379, -34.0412], [-58.3986, -34.0149], [-58.4129, -34.0109], [-58.4162, -34.0027], [-58.4773, -34.0026], [-58.5532, -34.0267], [-58.5786, -34.0272], [-58.6072, -34.0379], [-58.6379, -34.0393], [-58.6751, -34.0256]]], [[[-58.6, -34.4894], [-58.5174, -34.4472], [-58.5588, -34.424], [-58.5805, -34.4451], [-58.5954, -34.4484], [-58.5986, -34.4717], [-58.6066, -34.4804], [-58.6, -34.4894]]], [[[-58.2838, -34.2099], [-58.2891, -34.2008], [-58.3123, -34.1863], [-58.3215, -34.1915], [-58.3299, -34.2059], [-58.32, -34.2134], [-58.2977, -34.2186], [-58.2995, -34.2304], [-58.2924, -34.2314], [-58.2856, -34.2263], [-58.2838, -34.2099]]], [[[-58.3574, -34.0533], [-58.3528, -34.0437], [-58.3655, -34.0272], [-58.3775, -34.0178], [-58.3951, -34.0133], [-58.3821, -34.0378], [-58.3574, -34.0533]]], [[[-58.4978, -34.298], [-58.503, -34.2956], [-58.5085, -34.3017], [-58.4874, -34.3177], [-58.4768, -34.3192], [-58.4751, -34.3139], [-58.4811, -34.3102], [-58.4742, -34.3094], [-58.4745, -34.3055], [-58.4832, -34.2992], [-58.4978, -34.298]]], [[[-58.32, -34.1765], [-58.3223, -34.1739], [-58.3332, -34.1788], [-58.3345, -34.1953], [-58.3173, -34.1819], [-58.32, -34.1765]]], [[[-58.3371, -34.2373], [-58.3323, -34.2214], [-58.3388, -34.2143], [-58.3489, -34.2217], [-58.3371, -34.2373]]], [[[-58.3099, -34.2294], [-58.3308, -34.2137], [-58.3299, -34.2317], [-58.3216, -34.2347], [-58.3099, -34.2294]]], [[[-58.3278, -34.1631], [-58.3318, -34.1539], [-58.3412, -34.1506], [-58.3333, -34.1642], [-58.335, -34.1739], [-58.3278, -34.1631]]], [[[-58.3194, -34.2153], [-58.3303, -34.2122], [-58.3095, -34.2268], [-58.307, -34.218], [-58.3194, -34.2153]]], [[[-58.493, -34.2853], [-58.5014, -34.2935], [-58.4863, -34.2975], [-58.4905, -34.2903], [-58.4871, -34.2924], [-58.4858, -34.2885], [-58.493, -34.2853]]], [[[-58.3218, -34.1732], [-58.3259, -34.1633], [-58.3344, -34.1772], [-58.3218, -34.1732]]], [[[-58.2529, -34.2068], [-58.2601, -34.2084], [-58.2532, -34.217], [-58.2529, -34.2068]]], [[[-58.2618, -34.2305], [-58.271, -34.2258], [-58.2645, -34.2367], [-58.2618, -34.2305]]], [[[-58.325, -34.2491], [-58.3236, -34.245], [-58.3301, -34.2417], [-58.3307, -34.2467], [-58.325, -34.2491]]], [[[-58.3577, -34.1377], [-58.3526, -34.1322], [-58.3544, -34.1273], [-58.3589, -34.1309], [-58.3577, -34.1377]]], [[[-58.4681, -34.2962], [-58.4811, -34.2984], [-58.4681, -34.2962]]], [[[-58.339, -34.1498], [-58.3343, -34.146], [-58.3366, -34.139], [-58.339, -34.1498]]], [[[-58.4786, -34.2854], [-58.4661, -34.2869], [-58.4786, -34.2854]]], [[[-58.3281, -34.2343], [-58.3291, -34.239], [-58.3243, -34.2354], [-58.3281, -34.2343]]], [[[-58.2955, -34.2343], [-58.2969, -34.2312], [-58.2955, -34.2343]]], [[[-58.3233, -34.2366], [-58.3192, -34.2387], [-58.3233, -34.2366]]], [[[-58.4775, -34.301], [-58.4726, -34.3032], [-58.4775, -34.301]]], [[[-58.3298, -34.1522], [-58.3319, -34.1467], [-58.3298, -34.1522]]], [[[-58.3534, -34.0516], [-58.3511, -34.0461], [-58.3534, -34.0516]]], [[[-58.4716, -34.3007], [-58.4759, -34.3006], [-58.4716, -34.3007]]], [[[-58.3591, -34.057], [-58.3575, -34.0556], [-58.3588, -34.0546], [-58.3591, -34.057]]], [[[-58.4632, -34.2963], [-58.4646, -34.2969], [-58.4628, -34.2975], [-58.4632, -34.2963]]]]}}, {"type": "Feature", "properties": {"osm_type": "relation", "osm_id": 173155627, "name": "Pila", "admin_level": "6", "kind": "subdivision_2", "parent_osm_id": 1632167, "parent_name": "Buenos Aires", "parent_iso": "AR-B"}, "geometry": {"type": "Polygon", "coordinates": [[[-57.9887, -36.2777], [-57.9604, -36.2527], [-58.0935, -36.1546], [-58.0526, -36.1181], [-58.0412, -36.1263], [-57.9669, -36.0648], [-58.0259, -36.0318], [-58.0329, -36.0144], [-58.029, -36.009], [-58.0346, -36.0031], [-58.0081, -35.9595], [-58.0199, -35.9441], [-58.0238, -35.95], [-58.0356, -35.9503], [-58.044, -35.9443], [-58.0682, -35.9519], [-58.0907, -35.9499], [-58.0896, -35.9382], [-58.11, -35.9353], [-58.1102, -35.9305], [-58.1027, -35.9262], [-58.1038, -35.9204], [-58.1209, -35.9182], [-58.1377, -35.9052], [-58.1356, -35.8958], [-58.1487, -35.885], [-58.1427, -35.879], [-58.1468, -35.8672], [-58.1518, -35.8643], [-58.158, -35.8698], [-58.189, -35.8604], [-58.1894, -35.8535], [-58.2038, -35.8386], [-58.2018, -35.829], [-58.2219, -35.8196], [-58.2284, -35.8276], [-58.2394, -35.8265], [-58.2502, -35.8189], [-58.2643, -35.823], [-58.2761, -35.8456], [-58.2717, -35.8574], [-58.2833, -35.86], [-58.3295, -35.8994], [-58.5722, -36.1207], [-58.7083, -36.017], [-58.8092, -36.1003], [-58.8094, -36.1058], [-58.8283, -36.1105], [-58.8411, -36.1417], [-58.8154, -36.1619], [-58.8198, -36.1657], [-58.7636, -36.208], [-58.7833, -36.2255], [-58.597, -36.3634], [-58.5784, -36.3473], [-58.2126, -36.6153], [-58.1345, -36.544], [-58.1014, -36.5214], [-58.1897, -36.4524], [-57.9887, -36.2777]]]}}, {"type": "Feature", "properties": {"osm_type": "relation", "osm_id": 731605017, "name": "Roque Pérez", "admin_level": "6", "kind": "subdivision_2", "parent_osm_id": 1632167, "parent_name": "Buenos Aires", "parent_iso": "AR-B"}, "geometry": {"type": "Polygon", "coordinates": [[[-59.1814, -35.7561], [-59.1758, -35.7413], [-59.1796, -35.722], [-59.1748, -35.7121], [-59.1666, -35.7064], [-59.1552, -35.7112], [-59.14, -35.6989], [-59.1307, -35.6982], [-59.1444, -35.658], [-59.1434, -35.6437], [-59.1495, -35.6353], [-59.1434, -35.6254], [-59.1241, -35.6191], [-59.1061, -35.622], [-59.0896, -35.6186], [-59.0799, -35.6145], [-59.0807, -35.6072], [-59.0606, -35.6043], [-59.0467, -35.6135], [-59.0375, -35.6129], [-59.0305, -35.6043], [-59.0322, -35.5782], [-59.0632, -35.5769], [-59.0745, -35.5611], [-59.0677, -35.5559], [-59.0371, -35.562], [-59.0362, -35.5515], [-59.0491, -35.5521], [-59.0503, -35.5419], [-59.0441, -35.5342], [-59.0475, -35.5286], [-59.0418, -35.5169], [-59.0323, -35.5224], [-59.029, -35.5159], [-59.021, -35.514], [-59.0256, -35.507], [-59.0179, -35.5014], [-59.0135, -35.4835], [-59.0078, -35.4799], [-59.0179, -35.4762], [-59.0179, -35.4684], [-59.0294, -35.4726], [-59.0342, -35.4683], [-59.0335, -35.4602], [-59.0557, -35.4583], [-59.067, -35.453], [-59.066, -35.4498], [-59.0846, -35.4472], [-59.0957, -35.4334], [-59.1063, -35.4317], [-59.1046, -35.4271], [-59.1278, -35.4359], [-59.1544, -35.4191], [-59.1636, -35.421], [-59.1675, -35.4053], [-59.1778, -35.4031], [-59.1827, -35.4087], [-59.1874, -35.4047], [-59.1855, -35.4009], [-59.2272, -35.3936], [-59.236, -35.3876], [-59.2434, -35.3917], [-59.2642, -35.39], [-59.2775, -35.3742], [-59.2944, -35.3649], [-59.3064, -35.3652], [-59.3239, -35.3742], [-59.3176, -35.3652], [-59.3222, -35.3587], [-59.3433, -35.3555], [-59.3513, -35.3483], [-59.3487, -35.344], [-59.3606, -35.3506], [-59.3666, -35.3387], [-59.3803, -35.3335], [-59.3829, -35.3281], [-59.3787, -35.3139], [-59.387, -35.3043], [-59.3851, -35.2974], [-59.3929, -35.2928], [-59.4159, -35.301], [-59.4282, -35.2979], [-59.4427, -35.3078], [-59.4447, -35.303], [-59.4637, -35.298], [-59.4685, -35.3071], [-59.478, -35.2991], [-59.4808, -35.2867], [-59.5051, -35.2887], [-59.5853, -35.3597], [-59.6424, -35.3162], [-59.7134, -35.3778], [-59.7559, -35.3462], [-59.8255, -35.4066], [-59.7688, -35.4503], [-59.7753, -35.4783], [-59.7592, -35.4798], [-59.7572, -35.4757], [-59.7476, -35.4789], [-59.7405, -35.4708], [-59.7374, -35.477], [-59.7198, -35.4732], [-59.7006, -35.4764], [-59.6898, -35.4698], [-59.6896, -35.4755], [-59.6877, -35.4691], [-59.6514, -35.4657], [-59.6477, -35.469], [-59.6288, -35.4634], [-59.6205, -35.4514], [-59.6156, -35.4581], [-59.5989, -35.4624], [-59.5799, -35.4558], [-59.5744, -35.4607], [-59.5511, -35.462], [-59.5398, -35.4562], [-59.5241, -35.4566], [-59.5164, -35.4644], [-59.516, -35.4725], [-59.5058, -35.476], [-59.4949, -35.4925], [-59.4713, -35.4927], [-59.4367, -35.5138], [-59.4062, -35.5216], [-59.3957, -35.5311], [-59.3804, -35.5319], [-59.3795, -35.5375], [-59.3606, -35.5342], [-59.3635, -35.5288], [-59.3501, -35.5293], [-59.4129, -35.586], [-59.33, -35.6467], [-59.3256, -35.643], [-59.1814, -35.7561]]]}}, {"type": "Feature", "properties": {"osm_type": "relation", "osm_id": 868478390, "name": "Chivilcoy", "admin_level": "6", "kind": "subdivision_2", "parent_osm_id": 1632167, "parent_name": "Buenos Aires", "parent_iso": "AR-B"}, "geometry": {"type": "Polygon", "coordinates": [[[-59.9445, -34.6717], [-59.9685, -34.6914], [-59.9779, -34.6792], [-59.9852, -34.679], [-59.9816, -34.6759], [-59.9911, -34.6738], [-59.9903, -34.6638], [-59.9955, -34.6613], [-59.9979, -34.6479], [-60.0072, -34.6402], [-60.0635, -34.6905], [-60.1063, -34.6573], [-60.1901, -34.727], [-60.1635, -34.7482], [-60.1773, -34.76], [-60.1669, -34.7731], [-60.1913, -34.7937], [-60.2001, -34.7927], [-60.3037, -34.8813], [-60.2201, -34.9454], [-60.2289, -34.9532], [-60.1228, -35.0327], [-60.1572, -35.0624], [-60.1332, -35.0816], [-60.1147, -35.0902], [-60.076, -35.0868], [-60.0638, -35.0923], [-60.0544, -35.09], [-60.0451, -35.0932], [-60.0373, -35.1045], [-60.0303, -35.1035], [-60.0061, -35.1156], [-59.9923, -35.1289], [-59.9741, -35.1323], [-59.9484, -35.1189], [-59.9241, -35.1179], [-59.9168, -35.1135], [-59.8998, -35.1167], [-59.8791, -35.1313], [-59.871, -35.1518], [-59.8641, -35.1565], [-59.8354, -35.1584], [-59.8228, -35.1764], [-59.6058, -34.9972], [-59.6325, -34.9605], [-59.6612, -34.9387], [-59.6583, -34.9363], [-59.6732, -34.9309], [-59.6985, -34.8972], [-59.7502, -34.8739], [-59.7708, -34.8442], [-59.7824, -34.8435], [-59.7933, -34.8304], [-59.7908, -34.8257], [-59.7982, -34.8252], [-59.8103, -34.8065], [-59.79, -34.7882], [-59.9445, -34.6717]]]}}, {"type": "Feature", "properties": {"osm_type": "relation", "osm_id": 430872134, "name": "Ezeiza", "admin_level": "6", "kind": "subdivision_2", "parent_osm_id": 1632167, "parent_name": "Buenos Aires", "parent_iso": "AR-B"}, "geometry": {"type": "Polygon", "coordinates": [[[-58.6506, -34.891], [-58.628, -34.9199], [-58.6105, -34.9253], [-58.599, -34.9429], [-58.6201, -34.961], [-58.5562, -35.0069], [-58.5491, -34.9797], [-58.554, -34.9754], [-58.5333, -34.9595], [-58.5301, -34.9621], [-58.4915, -34.9283], [-58.509, -34.9002], [-58.5028, -34.8559], [-58.5142, -34.7986], [-58.5245, -34.78], [-58.5205, -34.7409], [-58.5386, -34.7467], [-58.5378, -34.7571], [-58.5459, -34.759], [-58.5518, -34.7508], [-58.5567, -34.757], [-58.5683, -34.7588], [-58.5676, -34.7654], [-58.575, -34.7685], [-58.5723, -34.775], [-58.5865, -34.78], [-58.5947, -34.8057], [-58.6154, -34.8184], [-58.6506, -34.891]]]}}, {"type": "Feature", "properties": {"osm_type": "relation", "osm_id": 240522303, "name": "Dolores", "admin_level": "6", "kind": "subdivision_2", "parent_osm_id": 1632167, "parent_name": "Buenos Aires", "parent_iso": "AR-B"}, "geometry": {"type": "Polygon", "coordinates": [[[-57.661, -36.7232], [-57.655, -36.7277], [-57.4947, -36.5811], [-57.4658, -36.5704], [-57.4007, -36.5125], [-57.4451, -36.479], [-57.422, -36.4601], [-57.4011, -36.4155], [-57.3442, -36.3654], [-57.4734, -36.3402], [-57.4192, -36.1572], [-57.5311, -36.1351], [-57.5289, -36.1281], [-57.6452, -36.1075], [-57.6717, -36.203], [-57.7847, -36.1775], [-57.8159, -36.2789], [-57.8723, -36.2673], [-57.8838, -36.3022], [-57.9727, -36.2637], [-57.9887, -36.2777], [-57.7757, -36.4376], [-57.8112, -36.4677], [-57.7782, -36.4928], [-57.8486, -36.5552], [-57.7633, -36.6244], [-57.7764, -36.6348], [-57.661, -36.7232]]]}}, {"type": "Feature", "properties": {"osm_type": "relation", "osm_id": 413293217, "name": "General La Madrid", "admin_level": "6", "kind": "subdivision_2", "parent_osm_id": 1632167, "parent_name": "Buenos Aires", "parent_iso": "AR-B"}, "geometry": {"type": "Polygon", "coordinates": [[[-61.509, -37.9389], [-61.0705, -37.5958], [-61.0648, -37.5999], [-60.8782, -37.451], [-60.9772, -37.3691], [-60.8915, -37.3023], [-61.4226, -36.8639], [-61.5984, -36.9974], [-61.6034, -36.9933], [-61.7346, -37.0929], [-61.7407, -37.1051], [-61.725, -37.1215], [-61.726, -37.1313], [-61.7169, -37.1363], [-61.7251, -37.156], [-61.7143, -37.1683], [-61.7123, -37.1966], [-61.7023, -37.2183], [-61.7106, -37.2262], [-61.7126, -37.2374], [-61.721, -37.2405], [-61.7176, -37.2483], [-61.7234, -37.2499], [-61.7259, -37.2567], [-61.7339, -37.2554], [-61.7444, -37.2715], [-61.7412, -37.278], [-61.7476, -37.2835], [-61.7422, -37.2835], [-61.7492, -37.2873], [-61.7501, -37.3039], [-61.5367, -37.4833], [-61.597, -37.5305], [-61.4887, -37.6189], [-61.5382, -37.6564], [-61.4424, -37.735], [-61.6056, -37.8618], [-61.509, -37.9389]]]}}, {"type": "Feature", "properties": {"osm_type": "relation", "osm_id": 524018408, "name": "Baradero", "admin_level": "6", "kind": "subdivision_2", "parent_osm_id": 1632167, "parent_name": "Buenos Aires", "parent_iso": "AR-B"}, "geometry": {"type": "Polygon", "coordinates": [[[-59.3234, -33.9961], [-59.3347, -33.9809], [-59.3312, -33.9805], [-59.3394, -33.9558], [-59.3454, -33.9523], [-59.3408, -33.9484], [-59.346, -33.945], [-59.347, -33.9353], [-59.3408, -33.9256], [-59.332, -33.9248], [-59.3228, -33.9313], [-59.3092, -33.9241], [-59.2968, -33.9318], [-59.2712, -33.9329], [-59.2591, -33.9413], [-59.2543, -33.9315], [-59.2332, -33.9279], [-59.2284, -33.9219], [-59.2399, -33.8961], [-59.2556, -33.8903], [-59.2738, -33.8711], [-59.301, -33.855], [-59.3025, -33.8491], [-59.2881, -33.8258], [-59.2732, -33.8194], [-59.2258, -33.8124], [-59.2489, -33.8034], [-59.2548, -33.7939], [-59.2517, -33.7726], [-59.2398, -33.7547], [-59.2365, -33.7345], [-59.2543, -33.7223], [-59.3777, -33.7365], [-59.437, -33.729], [-59.4565, -33.7192], [-59.4678, -33.7043], [-59.4757, -33.6584], [-59.4916, -33.6409], [-59.5626, -33.7592], [-59.5329, -33.7657], [-59.5103, -33.7787], [-59.5678, -33.7725], [-59.5764, -33.7795], [-59.58, -33.7902], [-59.5882, -33.7896], [-59.5924, -33.7951], [-59.5904, -33.817], [-59.5982, -33.8234], [-59.6028, -33.822], [-59.5986, -33.8482], [-59.6071, -33.8566], [-59.6085, -33.8631], [-59.6046, -33.866], [-59.6098, -33.8645], [-59.614, -33.8731], [-59.6274, -33.8775], [-59.6357, -33.8869], [-59.6339, -33.8916], [-59.6377, -33.8912], [-59.6349, -33.894], [-59.6535, -33.9109], [-59.6532, -33.9171], [-59.679, -33.9215], [-59.6851, -33.9328], [-59.7134, -33.9451], [-59.7119, -33.9537], [-59.7179, -33.9559], [-59.7186, -33.968], [-59.7309, -33.9795], [-59.7302, -33.9854], [-59.7421, -33.9911], [-59.7541, -34.0135], [-59.7404, -34.0396], [-59.741, -34.0484], [-59.7085, -34.0932], [-59.7117, -34.0983], [-59.7077, -34.1101], [-59.7231, -34.1308], [-59.6757, -34.1668], [-59.631, -34.1582], [-59.6175, -34.1665], [-59.5957, -34.1707], [-59.5625, -34.1681], [-59.5471, -34.1565], [-59.535, -34.1309], [-59.5106, -34.0991], [-59.4635, -34.1351], [-59.3956, -34.0742], [-59.407, -34.0604], [-59.3781, -34.0563], [-59.3413, -34.042], [-59.3197, -34.0236], [-59.3174, -34.013], [-59.3234, -33.9961]]]}}, {"type": "Feature", "properties": {"osm_type": "relation", "osm_id": 754855687, "name": "Almirante Brown", "admin_level": "6", "kind": "subdivision_2", "parent_osm_id": 1632167, "parent_name": "Buenos Aires", "parent_iso": "AR-B"}, "geometry": {"type": "Polygon", "coordinates": [[[-58.4131, -34.8735], [-58.4088, -34.8795], [-58.4159, -34.883], [-58.3964, -34.9099], [-58.3463, -34.885], [-58.3422, -34.8907], [-58.3125, -34.8748], [-58.3172, -34.8682], [-58.2924, -34.8549], [-58.3328, -34.8057], [-58.3097, -34.7934], [-58.3368, -34.7543], [-58.362, -34.7674], [-58.3587, -34.7714], [-58.4102, -34.7987], [-58.4052, -34.8046], [-58.4478, -34.8259], [-58.4131, -34.8735]]]}}, {"type": "Feature", "properties": {"osm_type": "relation", "osm_id": 361628792, "name": "Lobos", "admin_level": "6", "kind": "subdivision_2", "parent_osm_id": 1632167, "parent_name": "Buenos Aires", "parent_iso": "AR-B"}, "geometry": {"type": "Polygon", "coordinates": [[[-58.9339, -35.1037], [-59.0151, -35.0406], [-58.9926, -35.0211], [-59.0706, -34.9617], [-59.1364, -35.0172], [-59.1413, -35.0134], [-59.2214, -35.0849], [-59.2471, -35.0652], [-59.2523, -35.0982], [-59.3596, -35.1574], [-59.5531, -35.2545], [-59.552, -35.2609], [-59.545, -35.274], [-59.5372, -35.2746], [-59.5337, -35.2823], [-59.5005, -35.2891], [-59.4808, -35.2867], [-59.478, -35.2991], [-59.4685, -35.3071], [-59.4637, -35.298], [-59.4447, -35.303], [-59.4427, -35.3078], [-59.4282, -35.2979], [-59.4159, -35.301], [-59.3929, -35.2928], [-59.3851, -35.2974], [-59.387, -35.3043], [-59.3787, -35.3139], [-59.3829, -35.3281], [-59.3803, -35.3335], [-59.3666, -35.3387], [-59.3606, -35.3506], [-59.3487, -35.344], [-59.3513, -35.3483], [-59.3433, -35.3555], [-59.3222, -35.3587], [-59.3176, -35.3652], [-59.3239, -35.3742], [-59.3064, -35.3652], [-59.2944, -35.3649], [-59.2775, -35.3742], [-59.2642, -35.39], [-59.2434, -35.3917], [-59.236, -35.3876], [-59.2272, -35.3936], [-59.1855, -35.4009], [-59.1874, -35.4047], [-59.1827, -35.4087], [-59.1778, -35.4031], [-59.1675, -35.4053], [-59.1636, -35.421], [-59.1544, -35.4191], [-59.1278, -35.4359], [-59.0585, -35.3745], [-59.0541, -35.3778], [-59.0254, -35.3521], [-59.0064, -35.3661], [-58.979, -35.3413], [-58.9679, -35.3373], [-58.9507, -35.3404], [-58.9468, -35.3347], [-58.936, -35.3331], [-58.9244, -35.3417], [-58.8079, -35.2389], [-58.8947, -35.1762], [-58.8691, -35.1537], [-58.9339, -35.1037]]]}}, {"type": "Feature", "properties": {"osm_type": "relation", "osm_id": 112105752, "name": "Navarro", "admin_level": "6", "kind": "subdivision_2", "parent_osm_id": 1632167, "parent_name": "Buenos Aires", "parent_iso": "AR-B"}, "geometry": {"type": "Polygon", "coordinates": [[[-59.4661, -34.873], [-59.6347, -34.9574], [-59.6058, -34.9972], [-59.8228, -35.1764], [-59.8037, -35.1772], [-59.7955, -35.1832], [-59.7758, -35.1733], [-59.7595, -35.1884], [-59.762, -35.1964], [-59.7472, -35.196], [-59.7214, -35.2221], [-59.7055, -35.2175], [-59.6992, -35.2105], [-59.6696, -35.2229], [-59.6639, -35.2096], [-59.6451, -35.2077], [-59.6373, -35.198], [-59.6205, -35.1998], [-59.6035, -35.1872], [-59.5872, -35.187], [-59.5822, -35.1772], [-59.5748, -35.1773], [-59.5716, -35.186], [-59.5432, -35.204], [-59.5482, -35.2141], [-59.5404, -35.222], [-59.5544, -35.2426], [-59.5531, -35.2545], [-59.3596, -35.1574], [-59.2523, -35.0982], [-59.2471, -35.0652], [-59.2214, -35.0849], [-59.1413, -35.0134], [-59.1364, -35.0172], [-59.0706, -34.9617], [-59.2194, -34.8522], [-59.1657, -34.8043], [-59.1699, -34.7989], [-59.1939, -34.8113], [-59.2058, -34.7958], [-59.2793, -34.8345], [-59.2895, -34.8217], [-59.3208, -34.8371], [-59.3168, -34.8429], [-59.3733, -34.8917], [-59.4086, -34.8427], [-59.4661, -34.873]]]}}, {"type": "Feature", "properties": {"osm_type": "relation", "osm_id": 229218280, "name": "Florencio Varela", "admin_level": "6", "kind": "subdivision_2", "parent_osm_id": 1632167, "parent_name": "Buenos Aires", "parent_iso": "AR-B"}, "geometry": {"type": "Polygon", "coordinates": [[[-58.2675, -34.7736], [-58.2716, -34.7688], [-58.2984, -34.7836], [-58.3042, -34.801], [-58.3097, -34.7934], [-58.3328, -34.8057], [-58.2924, -34.8549], [-58.3172, -34.8682], [-58.2978, -34.8953], [-58.2758, -34.9162], [-58.2946, -34.915], [-58.3166, -34.9259], [-58.2875, -34.9653], [-58.301, -34.972], [-58.2775, -35.0095], [-58.2468, -34.987], [-58.211, -34.9516], [-58.2467, -34.9243], [-58.1798, -34.866], [-58.1996, -34.8141], [-58.2388, -34.8005], [-58.2675, -34.7736]]]}}, {"type": "Feature", "properties": {"osm_type": "relation", "osm_id": 844612078, "name": "Alberti", "admin_level": "6", "kind": "subdivision_2", "parent_osm_id": 1632167, "parent_name": "Buenos Aires", "parent_iso": "AR-B"}, "geometry": {"type": "Polygon", "coordinates": [[[-60.2398, -34.8265], [-60.3223, -34.7621], [-60.3621, -34.7961], [-60.3725, -34.7879], [-60.46, -34.8622], [-60.4542, -34.8646], [-60.4551, -34.874], [-60.4485, -34.8785], [-60.4513, -34.9187], [-60.4593, -34.9283], [-60.4539, -34.931], [-60.476, -34.9408], [-60.4735, -34.9485], [-60.4887, -34.9743], [-60.4716, -35.0], [-60.4592, -35.009], [-60.4426, -35.0107], [-60.4355, -35.0162], [-60.4393, -35.0357], [-60.3891, -35.0884], [-60.3291, -35.1279], [-60.3652, -35.16], [-60.3386, -35.1806], [-60.3539, -35.1944], [-60.3158, -35.2236], [-60.3225, -35.2296], [-60.2383, -35.2938], [-60.0215, -35.1078], [-60.0373, -35.1045], [-60.0451, -35.0932], [-60.0544, -35.09], [-60.0638, -35.0923], [-60.076, -35.0868], [-60.1147, -35.0902], [-60.1572, -35.0624], [-60.1228, -35.0327], [-60.2289, -34.9532], [-60.2201, -34.9454], [-60.3037, -34.8813], [-60.2398, -34.8265]]]}}, {"type": "Feature", "properties": {"osm_type": "relation", "osm_id": 810567900, "name": "General Viamonte", "admin_level": "6", "kind": "subdivision_2", "parent_osm_id": 1632167, "parent_name": "Buenos Aires", "parent_iso": "AR-B"}, "geometry": {"type": "Polygon", "coordinates": [[[-60.8695, -35.1461], [-60.873, -35.1435], [-60.7547, -35.0408], [-60.8479, -34.9681], [-60.7254, -34.8606], [-60.8496, -34.7625], [-60.9045, -34.8105], [-61.0483, -34.6919], [-61.1831, -34.8017], [-61.1279, -34.8468], [-61.4205, -35.0872], [-61.3003, -35.1853], [-61.278, -35.1661], [-61.1549, -35.2647], [-61.0618, -35.1872], [-60.9846, -35.247], [-60.8695, -35.1461]]]}}, {"type": "Feature", "properties": {"osm_type": "relation", "osm_id": 415231823, "name": "Olavarría", "admin_level": "6", "kind": "subdivision_2", "parent_osm_id": 1632167, "parent_name": "Buenos Aires", "parent_iso": "AR-B"}, "geometry": {"type": "Polygon", "coordinates": [[[-61.4226, -36.8639], [-61.0119, -37.203], [-60.8148, -37.0503], [-60.717, -37.1276], [-60.7314, -37.1389], [-60.6228, -37.227], [-60.627, -37.2304], [-60.5764, -37.2715], [-60.5714, -37.2676], [-60.4376, -37.3751], [-60.2776, -37.2478], [-60.2822, -37.2441], [-60.2008, -37.1766], [-60.2073, -37.1716], [-60.1263, -37.0951], [-60.1463, -37.0799], [-60.1263, -37.0624], [-60.1342, -37.0567], [-60.1136, -37.0399], [-60.1223, -37.0331], [-60.1018, -37.0161], [-60.116, -37.0054], [-60.0956, -36.9883], [-60.1049, -36.9783], [-60.0657, -36.9464], [-60.0598, -36.9508], [-60.0229, -36.9137], [-60.0326, -36.9066], [-60.0126, -36.8899], [-60.0283, -36.8785], [-60.008, -36.8623], [-60.0216, -36.8513], [-60.002, -36.8338], [-60.0936, -36.7626], [-60.0998, -36.768], [-60.2804, -36.6233], [-60.3219, -36.6563], [-60.4783, -36.5294], [-60.4387, -36.498], [-60.54, -36.416], [-60.5341, -36.4116], [-60.5638, -36.3909], [-60.57, -36.3967], [-60.6512, -36.3423], [-60.7305, -36.4036], [-60.7632, -36.378], [-60.8757, -36.468], [-60.8973, -36.4503], [-61.4226, -36.8639]]]}}, {"type": "Feature", "properties": {"osm_type": "relation", "osm_id": 896040817, "name": "Leandro N. Alem", "admin_level": "6", "kind": "subdivision_2", "parent_osm_id": 1632167, "parent_name": "Buenos Aires", "parent_iso": "AR-B"}, "geometry": {"type": "Polygon", "coordinates": [[[-61.7105, -34.6268], [-61.6451, -34.6834], [-61.6122, -34.6564], [-61.5979, -34.6681], [-61.5168, -34.6026], [-61.4373, -34.6706], [-61.2744, -34.5407], [-61.3558, -34.4738], [-61.3295, -34.4527], [-61.3685, -34.4197], [-61.3764, -34.4254], [-61.4163, -34.3927], [-61.3948, -34.3738], [-61.4732, -34.3066], [-61.5094, -34.3359], [-61.5489, -34.3032], [-61.6105, -34.3526], [-61.6488, -34.3195], [-61.7176, -34.3836], [-61.8157, -34.3836], [-61.9844, -34.5177], [-61.8453, -34.6372], [-61.7696, -34.5761], [-61.7105, -34.6268]]]}}, {"type": "Feature", "properties": {"osm_type": "relation", "osm_id": 395308113, "name": "Tres de Febrero", "admin_level": "6", "kind": "subdivision_2", "parent_osm_id": 1632167, "parent_name": "Buenos Aires", "parent_iso": "AR-B"}, "geometry": {"type": "Polygon", "coordinates": [[[-58.5292, -34.6548], [-58.5315, -34.616], [-58.5228, -34.5972], [-58.5624, -34.5913], [-58.6205, -34.5458], [-58.6463, -34.563], [-58.5929, -34.608], [-58.5888, -34.6061], [-58.5722, -34.6288], [-58.5667, -34.6259], [-58.5292, -34.6548]]]}}, {"type": "Feature", "properties": {"osm_type": "relation", "osm_id": 842359288, "name": "San Isidro", "admin_level": "6", "kind": "subdivision_2", "parent_osm_id": 1632167, "parent_name": "Buenos Aires", "parent_iso": "AR-B"}, "geometry": {"type": "Polygon", "coordinates": [[[-58.4803, -34.4886], [-58.4821, -34.4788], [-58.5008, -34.4606], [-58.5047, -34.4499], [-58.5144, -34.4459], [-58.6003, -34.49], [-58.5538, -34.5302], [-58.5313, -34.5131], [-58.4803, -34.4886]]]}}, {"type": "Feature", "properties": {"osm_type": "relation", "osm_id": 277181140, "name": "San Vicente", "admin_level": "6", "kind": "subdivision_2", "parent_osm_id": 1632167, "parent_name": "Buenos Aires", "parent_iso": "AR-B"}, "geometry": {"type": "Polygon", "coordinates": [[[-58.4436, -35.2152], [-58.447, -35.2122], [-58.4141, -35.1832], [-58.4101, -35.1865], [-58.3522, -35.1354], [-58.3383, -35.146], [-58.2359, -35.0561], [-58.2886, -35.0169], [-58.2775, -35.0095], [-58.301, -34.972], [-58.2875, -34.9653], [-58.3166, -34.9259], [-58.378, -34.9556], [-58.3777, -34.9505], [-58.3946, -34.9588], [-58.3897, -34.9658], [-58.4082, -34.9777], [-58.4125, -34.9729], [-58.4223, -34.9817], [-58.4304, -34.978], [-58.4683, -35.0106], [-58.4635, -34.9514], [-58.4915, -34.9283], [-58.5301, -34.9621], [-58.5333, -34.9595], [-58.554, -34.9754], [-58.5491, -34.9797], [-58.5538, -35.0092], [-58.5996, -35.0499], [-58.5787, -35.0654], [-58.5774, -35.1477], [-58.5513, -35.1679], [-58.559, -35.1736], [-58.469, -35.2377], [-58.4436, -35.2152]]]}}, {"type": "Feature", "properties": {"osm_type": "relation", "osm_id": 616293460, "name": "Merlo", "admin_level": "6", "kind": "subdivision_2", "parent_osm_id": 1632167, "parent_name": "Buenos Aires", "parent_iso": "AR-B"}, "geometry": {"type": "Polygon", "coordinates": [[[-58.641, -34.7045], [-58.7291, -34.6348], [-58.7318, -34.6427], [-58.7565, -34.6597], [-58.8095, -34.6771], [-58.8185, -34.6855], [-58.8603, -34.6849], [-58.8646, -34.6929], [-58.8646, -34.6979], [-58.8298, -34.7241], [-58.7502, -34.7772], [-58.7285, -34.7592], [-58.7039, -34.7785], [-58.682, -34.7595], [-58.6736, -34.7663], [-58.6578, -34.7534], [-58.6754, -34.7393], [-58.655, -34.7223], [-58.6497, -34.7265], [-58.6362, -34.7149], [-58.6431, -34.7096], [-58.641, -34.7045]]]}}, {"type": "Feature", "properties": {"osm_type": "relation", "osm_id": 307187317, "name": "San Andrés de Giles", "admin_level": "6", "kind": "subdivision_2", "parent_osm_id": 1632167, "parent_name": "Buenos Aires", "parent_iso": "AR-B"}, "geometry": {"type": "Polygon", "coordinates": [[[-59.6741, -34.3997], [-59.6751, -34.4039], [-59.7663, -34.4528], [-59.7354, -34.4777], [-59.7687, -34.5073], [-59.6324, -34.6155], [-59.5686, -34.5605], [-59.5233, -34.597], [-59.5082, -34.5835], [-59.4819, -34.5702], [-59.473, -34.5764], [-59.2177, -34.4467], [-59.2391, -34.4139], [-59.2065, -34.3905], [-59.1927, -34.3706], [-59.2735, -34.3054], [-59.2768, -34.3084], [-59.3103, -34.289], [-59.2983, -34.2641], [-59.3746, -34.2389], [-59.3961, -34.2636], [-59.4154, -34.2702], [-59.4095, -34.277], [-59.4218, -34.2828], [-59.4155, -34.291], [-59.4273, -34.2973], [-59.4231, -34.3028], [-59.4311, -34.307], [-59.4376, -34.2987], [-59.4663, -34.3134], [-59.4799, -34.3133], [-59.4904, -34.319], [-59.5414, -34.3502], [-59.6064, -34.4065], [-59.6186, -34.3971], [-59.6447, -34.4177], [-59.6706, -34.3976], [-59.6741, -34.3997]]]}}, {"type": "Feature", "properties": {"osm_type": "relation", "osm_id": 112994445, "name": "Malvinas Argentinas", "admin_level": "6", "kind": "subdivision_2", "parent_osm_id": 1632167, "parent_name": "Buenos Aires", "parent_iso": "AR-B"}, "geometry": {"type": "Polygon", "coordinates": [[[-58.721, -34.5183], [-58.7013, -34.5328], [-58.6941, -34.5262], [-58.688, -34.5296], [-58.6459, -34.5019], [-58.6781, -34.4746], [-58.7056, -34.4393], [-58.752, -34.4677], [-58.7562, -34.4624], [-58.7647, -34.4672], [-58.7701, -34.4648], [-58.7847, -34.4761], [-58.7608, -34.4951], [-58.7293, -34.5081], [-58.721, -34.5183]]]}}, {"type": "Feature", "properties": {"osm_type": "relation", "osm_id": 614191336, "name": "General San Martín", "admin_level": "6", "kind": "subdivision_2", "parent_osm_id": 1632167, "parent_name": "Buenos Aires", "parent_iso": "AR-B"}, "geometry": {"type": "Polygon", "coordinates": [[[-58.5538, -34.5302], [-58.6003, -34.49], [-58.6014, -34.5211], [-58.6062, -34.5344], [-58.6185, -34.547], [-58.5624, -34.5913], [-58.5228, -34.5972], [-58.5099, -34.5692], [-58.5298, -34.5373], [-58.5377, -34.5442], [-58.5538, -34.5302]]]}}, {"type": "Feature", "properties": {"osm_type": "relation", "osm_id": 449674635, "name": "Castelli", "admin_level": "6", "kind": "subdivision_2", "parent_osm_id": 1632167, "parent_name": "Buenos Aires", "parent_iso": "AR-B"}, "geometry": {"type": "Polygon", "coordinates": [[[-57.4912, -35.8125], [-57.4911, -35.8266], [-57.5125, -35.825], [-57.5239, -35.83], [-57.5249, -35.838], [-57.531, -35.8426], [-57.5463, -35.8474], [-57.5552, -35.8442], [-57.5671, -35.857], [-57.5737, -35.8559], [-57.5794, -35.8369], [-57.5877, -35.8309], [-57.6484, -35.8369], [-57.657, -35.8503], [-57.6818, -35.8316], [-57.6939, -35.8356], [-57.7077, -35.8325], [-57.7135, -35.8421], [-57.7134, -35.8727], [-57.7222, -35.8782], [-57.7335, -35.897], [-57.7234, -35.9126], [-57.7306, -35.9225], [-57.7373, -35.9256], [-57.7632, -35.9221], [-57.7741, -35.9345], [-57.7997, -35.9348], [-57.8329, -35.9436], [-57.8443, -35.9609], [-57.8929, -35.9756], [-57.9045, -35.974], [-57.9128, -35.9914], [-57.9397, -35.9927], [-57.945, -36.0096], [-57.9583, -36.0287], [-57.9843, -36.0285], [-57.9866, -36.0196], [-58.005, -36.0419], [-57.9669, -36.0648], [-58.0412, -36.1263], [-58.0526, -36.1181], [-58.0935, -36.1546], [-57.9604, -36.2527], [-57.9727, -36.2637], [-57.965, -36.2701], [-57.8838, -36.3022], [-57.8723, -36.2673], [-57.8159, -36.2789], [-57.7847, -36.1775], [-57.6717, -36.203], [-57.6452, -36.1075], [-57.5289, -36.1281], [-57.5311, -36.1351], [-57.2068, -36.1984], [-57.2332, -36.1785], [-57.2666, -36.1379], [-57.2792, -36.1376], [-57.2803, -36.1247], [-57.3037, -36.0945], [-57.3218, -36.053], [-57.3395, -36.027], [-57.3511, -36.0275], [-57.3545, -36.0202], [-57.35, -36.0204], [-57.3515, -36.0145], [-57.3471, -36.0168], [-57.3507, -36.0101], [-57.3523, -36.0134], [-57.3555, -36.0108], [-57.3525, -36.0067], [-57.3703, -35.9789], [-57.3709, -35.9701], [-57.3798, -35.9707], [-57.3825, -35.9667], [-57.3814, -35.9567], [-57.3731, -35.9587], [-57.3688, -35.9511], [-57.3767, -35.9498], [-57.3725, -35.9443], [-57.3814, -35.9251], [-57.3752, -35.9083], [-57.3811, -35.9121], [-57.3808, -35.9032], [-57.3869, -35.9023], [-57.384, -35.877], [-57.3897, -35.8532], [-57.3757, -35.7944], [-57.3702, -35.789], [-57.3722, -35.782], [-57.363, -35.7438], [-57.3826, -35.7455], [-57.3874, -35.7368], [-57.3978, -35.7382], [-57.3998, -35.7455], [-57.4096, -35.7428], [-57.4106, -35.7482], [-57.4025, -35.7577], [-57.409, -35.7589], [-57.4082, -35.769], [-57.4169, -35.7642], [-57.418, -35.7701], [-57.4288, -35.7762], [-57.4254, -35.7848], [-57.4287, -35.7806], [-57.4336, -35.7851], [-57.4449, -35.7775], [-57.4498, -35.7806], [-57.4553, -35.777], [-57.4603, -35.7795], [-57.4546, -35.7826], [-57.4598, -35.789], [-57.4582, -35.7841], [-57.4658, -35.7867], [-57.4709, -35.7808], [-57.4827, -35.7948], [-57.4777, -35.7999], [-57.4912, -35.8125]]]}}, {"type": "Feature", "properties": {"osm_type": "relation", "osm_id": 763524799, "name": "Ituzaingó", "admin_level": "6", "kind": "subdivision_2", "parent_osm_id": 1632167, "parent_name": "Buenos Aires", "parent_iso": "AR-B"}, "geometry": {"type": "Polygon", "coordinates": [[[-58.7291, -34.6348], [-58.6674, -34.6859], [-58.6536, -34.6317], [-58.6844, -34.6051], [-58.6821, -34.6031], [-58.6938, -34.5936], [-58.7101, -34.6015], [-58.719, -34.6105], [-58.7291, -34.6348]]]}}, {"type": "Feature", "properties": {"osm_type": "relation", "osm_id": 688797757, "name": "Exaltación de la Cruz", "admin_level": "6", "kind": "subdivision_2", "parent_osm_id": 1632167, "parent_name": "Buenos Aires", "parent_iso": "AR-B"}, "geometry": {"type": "Polygon", "coordinates": [[[-59.3746, -34.2389], [-59.2983, -34.2641], [-59.3103, -34.289], [-59.2768, -34.3084], [-59.2735, -34.3054], [-59.1927, -34.3706], [-59.1965, -34.3738], [-59.1322, -34.4232], [-59.1297, -34.4208], [-59.0974, -34.4644], [-59.0757, -34.4499], [-59.0801, -34.4445], [-59.0752, -34.442], [-59.0756, -34.4357], [-59.0429, -34.4211], [-59.037, -34.4083], [-59.0251, -34.4021], [-59.0286, -34.3975], [-58.9931, -34.3791], [-58.9841, -34.3691], [-58.9933, -34.3581], [-58.9802, -34.3506], [-58.9239, -34.4172], [-58.9188, -34.4139], [-58.9236, -34.3932], [-58.9199, -34.3807], [-58.9403, -34.3579], [-58.9436, -34.3614], [-58.9776, -34.3202], [-58.9817, -34.3223], [-59.0149, -34.295], [-59.0357, -34.2681], [-59.0622, -34.2477], [-59.0579, -34.241], [-59.0783, -34.2246], [-59.0915, -34.2284], [-59.1056, -34.2139], [-59.1028, -34.2002], [-59.2389, -34.1796], [-59.2371, -34.1718], [-59.3121, -34.1611], [-59.325, -34.1639], [-59.357, -34.1948], [-59.3667, -34.1982], [-59.3747, -34.2249], [-59.3785, -34.2253], [-59.3746, -34.2389]]]}}, {"type": "Feature", "properties": {"osm_type": "relation", "osm_id": 377393970, "name": "Brandsen", "admin_level": "6", "kind": "subdivision_2", "parent_osm_id": 1632167, "parent_name": "Buenos Aires", "parent_iso": "AR-B"}, "geometry": {"type": "Polygon", "coordinates": [[[-58.0362, -35.3436], [-57.8902, -35.2221], [-57.9701, -35.1598], [-58.0537, -35.2356], [-58.0771, -35.2189], [-58.0185, -35.1675], [-58.1013, -35.1011], [-58.1096, -35.1085], [-58.1779, -35.0563], [-58.1203, -35.0043], [-58.1619, -34.972], [-58.2465, -35.0483], [-58.2359, -35.0561], [-58.301, -35.1146], [-58.3383, -35.146], [-58.3522, -35.1354], [-58.4101, -35.1865], [-58.4141, -35.1832], [-58.447, -35.2122], [-58.2478, -35.3648], [-58.2614, -35.3773], [-58.2184, -35.409], [-58.1876, -35.3822], [-58.1399, -35.4194], [-58.0458, -35.3343], [-58.0362, -35.3436]]]}}, {"type": "Feature", "properties": {"osm_type": "relation", "osm_id": 339801593, "name": "25 de Mayo", "admin_level": "6", "kind": "subdivision_2", "parent_osm_id": 1632167, "parent_name": "Buenos Aires", "parent_iso": "AR-B"}, "geometry": {"type": "Polygon", "coordinates": [[[-59.7753, -35.4783], [-59.7688, -35.4503], [-59.8255, -35.4066], [-59.7559, -35.3462], [-59.7134, -35.3778], [-59.6424, -35.3162], [-59.5853, -35.3597], [-59.5051, -35.2887], [-59.5337, -35.2823], [-59.5372, -35.2746], [-59.545, -35.274], [-59.5497, -35.2679], [-59.5544, -35.2426], [-59.5404, -35.222], [-59.5482, -35.2141], [-59.5432, -35.204], [-59.5716, -35.186], [-59.5748, -35.1773], [-59.5822, -35.1772], [-59.5872, -35.187], [-59.6035, -35.1872], [-59.6205, -35.1998], [-59.6373, -35.198], [-59.6451, -35.2077], [-59.6639, -35.2096], [-59.6696, -35.2229], [-59.6992, -35.2105], [-59.7055, -35.2175], [-59.7214, -35.2221], [-59.7472, -35.196], [-59.762, -35.1964], [-59.7595, -35.1884], [-59.7758, -35.1733], [-59.7955, -35.1832], [-59.8037, -35.1772], [-59.8228, -35.1764], [-59.8354, -35.1584], [-59.8641, -35.1565], [-59.871, -35.1518], [-59.8791, -35.1313], [-59.8998, -35.1167], [-59.9168, -35.1135], [-59.9241, -35.1179], [-59.9484, -35.1189], [-59.9741, -35.1323], [-59.9923, -35.1289], [-60.0215, -35.1078], [-60.2383, -35.2938], [-60.3225, -35.2296], [-60.5279, -35.4102], [-60.4444, -35.4746], [-60.8682, -35.8395], [-60.7861, -35.9064], [-60.7805, -35.9022], [-60.6963, -35.9681], [-60.6384, -35.9207], [-60.5319, -36.0005], [-60.5168, -35.9852], [-60.4951, -35.9948], [-60.4621, -35.9722], [-60.4571, -35.9631], [-60.4653, -35.956], [-60.4616, -35.9495], [-60.4195, -35.9272], [-60.416, -35.9195], [-60.4012, -35.9121], [-60.3856, -35.8899], [-60.3577, -35.8828], [-60.35, -35.868], [-60.2146, -35.7554], [-60.2196, -35.7516], [-60.1177, -35.6641], [-60.0636, -35.7056], [-60.0428, -35.6956], [-60.0317, -35.6963], [-60.0277, -35.6848], [-60.0375, -35.6781], [-60.0122, -35.6574], [-60.0192, -35.6529], [-60.0329, -35.6571], [-60.0304, -35.638], [-60.04, -35.6234], [-60.0318, -35.6237], [-60.0274, -35.6127], [-60.0109, -35.5964], [-60.0102, -35.5767], [-60.0243, -35.5646], [-60.0284, -35.5546], [-60.0115, -35.5441], [-60.0051, -35.5276], [-59.9961, -35.529], [-59.9304, -35.4885], [-59.9154, -35.4871], [-59.908, -35.4814], [-59.8869, -35.4818], [-59.8296, -35.4972], [-59.8059, -35.4922], [-59.7813, -35.4763], [-59.7753, -35.4783]]]}}, {"type": "Feature", "properties": {"osm_type": "relation", "osm_id": 419290274, "name": "Laprida", "admin_level": "6", "kind": "subdivision_2", "parent_osm_id": 1632167, "parent_name": "Buenos Aires", "parent_iso": "AR-B"}, "geometry": {"type": "Polygon", "coordinates": [[[-60.8464, -37.9346], [-60.6538, -37.7822], [-60.644, -37.7899], [-60.5555, -37.7209], [-60.582, -37.7009], [-60.4525, -37.6012], [-60.4666, -37.5894], [-60.3495, -37.4961], [-60.5019, -37.373], [-60.4707, -37.3488], [-60.5714, -37.2676], [-60.5764, -37.2715], [-60.627, -37.2304], [-60.6228, -37.227], [-60.7314, -37.1389], [-60.717, -37.1276], [-60.8148, -37.0503], [-61.0119, -37.203], [-60.8915, -37.3023], [-60.9772, -37.3691], [-60.8782, -37.451], [-61.0648, -37.5999], [-61.0705, -37.5958], [-61.1785, -37.6797], [-60.8527, -37.9396], [-60.8464, -37.9346]]]}}, {"type": "Feature", "properties": {"osm_type": "relation", "osm_id": 192996264, "name": "Benito Juárez", "admin_level": "6", "kind": "subdivision_2", "parent_osm_id": 1632167, "parent_name": "Buenos Aires", "parent_iso": "AR-B"}, "geometry": {"type": "Polygon", "coordinates": [[[-59.2262, -37.6504], [-59.7804, -37.2378], [-59.8123, -37.2564], [-59.827, -37.3115], [-59.8805, -37.3554], [-59.8607, -37.3708], [-59.9533, -37.4471], [-60.0373, -37.3799], [-59.9876, -37.3395], [-60.2008, -37.1766], [-60.2822, -37.2441], [-60.2776, -37.2478], [-60.4376, -37.3751], [-60.4707, -37.3488], [-60.5019, -37.373], [-60.3495, -37.4961], [-60.4666, -37.5894], [-60.378, -37.6619], [-60.4238, -37.6972], [-60.3232, -37.7771], [-60.2614, -37.7275], [-60.1454, -37.8176], [-60.1391, -37.8127], [-60.0872, -37.8515], [-60.059, -37.8285], [-60.0196, -37.8599], [-59.9364, -37.7947], [-59.8138, -37.877], [-59.7934, -37.8978], [-59.7543, -37.9132], [-59.748, -37.9285], [-59.7414, -37.9302], [-59.7175, -37.9561], [-59.673, -37.9794], [-59.6762, -37.9998], [-59.3539, -37.7486], [-59.3403, -37.7338], [-59.2742, -37.701], [-59.2548, -37.6832], [-59.2537, -37.6745], [-59.2262, -37.6504]]]}}, {"type": "Feature", "properties": {"osm_type": "relation", "osm_id": 583852612, "name": "Morón", "admin_level": "6", "kind": "subdivision_2", "parent_osm_id": 1632167, "parent_name": "Buenos Aires", "parent_iso": "AR-B"}, "geometry": {"type": "Polygon", "coordinates": [[[-58.5561, -34.6347], [-58.5667, -34.6259], [-58.5722, -34.6288], [-58.5888, -34.6061], [-58.5929, -34.608], [-58.6165, -34.588], [-58.6215, -34.6023], [-58.6195, -34.6317], [-58.6536, -34.6317], [-58.6674, -34.6859], [-58.641, -34.7045], [-58.5807, -34.6493], [-58.5819, -34.6434], [-58.5561, -34.6347]]]}}, {"type": "Feature", "properties": {"osm_type": "relation", "osm_id": 147580841, "name": "Junín", "admin_level": "6", "kind": "subdivision_2", "parent_osm_id": 1632167, "parent_name": "Buenos Aires", "parent_iso": "AR-B"}, "geometry": {"type": "Polygon", "coordinates": [[[-61.0415, -34.2833], [-61.0703, -34.3074], [-61.0981, -34.2841], [-61.1305, -34.3113], [-61.1211, -34.3193], [-61.1769, -34.3659], [-61.1845, -34.3626], [-61.1945, -34.3662], [-61.1989, -34.3768], [-61.1937, -34.3888], [-61.197, -34.4037], [-61.1936, -34.4151], [-61.1983, -34.4248], [-61.2092, -34.4249], [-61.2281, -34.436], [-61.2361, -34.4032], [-61.2431, -34.3986], [-61.2536, -34.4035], [-61.2614, -34.3997], [-61.3558, -34.4738], [-61.2744, -34.5407], [-61.339, -34.5911], [-61.2056, -34.7017], [-61.2233, -34.7168], [-61.1523, -34.7768], [-61.0483, -34.6919], [-60.9045, -34.8105], [-60.8496, -34.7625], [-60.816, -34.7889], [-60.7648, -34.7407], [-60.7959, -34.7167], [-60.7146, -34.6466], [-60.7294, -34.6432], [-60.7419, -34.6485], [-60.7592, -34.6304], [-60.6474, -34.5321], [-60.759, -34.4448], [-60.7534, -34.4393], [-60.9021, -34.3263], [-60.9295, -34.3369], [-60.9523, -34.3336], [-60.9666, -34.3456], [-61.0415, -34.2833]]]}}, {"type": "Feature", "properties": {"osm_type": "relation", "osm_id": 135544145, "name": "San Nicolás", "admin_level": "6", "kind": "subdivision_2", "parent_osm_id": 1632167, "parent_name": "Buenos Aires", "parent_iso": "AR-B"}, "geometry": {"type": "Polygon", "coordinates": [[[-60.3133, -33.6507], [-60.2809, -33.6204], [-60.2427, -33.6136], [-60.2308, -33.5867], [-60.2154, -33.5787], [-60.2034, -33.5558], [-60.1992, -33.5347], [-60.1871, -33.5269], [-60.1802, -33.5132], [-60.1724, -33.5112], [-60.1601, -33.4734], [-60.1727, -33.4699], [-60.1777, -33.459], [-60.1871, -33.4585], [-60.1946, -33.4445], [-60.1852, -33.4267], [-60.1899, -33.4079], [-60.1717, -33.387], [-60.1725, -33.3733], [-60.1656, -33.3508], [-60.1735, -33.344], [-60.1905, -33.3032], [-60.2007, -33.2922], [-60.2658, -33.2585], [-60.2741, -33.2638], [-60.266, -33.2692], [-60.2683, -33.2781], [-60.2644, -33.2796], [-60.2758, -33.2911], [-60.284, -33.3071], [-60.2825, -33.3136], [-60.3237, -33.3491], [-60.327, -33.3663], [-60.3218, -33.3725], [-60.3344, -33.3974], [-60.335, -33.4125], [-60.3469, -33.4251], [-60.3888, -33.4482], [-60.4096, -33.4678], [-60.4236, -33.5291], [-60.4137, -33.5452], [-60.4181, -33.5585], [-60.4247, -33.5651], [-60.4405, -33.568], [-60.4582, -33.5886], [-60.4574, -33.5984], [-60.43, -33.6188], [-60.4274, -33.6164], [-60.3941, -33.6414], [-60.3882, -33.636], [-60.3267, -33.6835], [-60.3268, -33.6716], [-60.3133, -33.6507]]]}}, {"type": "Feature", "properties": {"osm_type": "relation", "osm_id": 319953929, "name": "Coronel de Marina L. Rosales", "admin_level": "6", "kind": "subdivision_2", "parent_osm_id": 1632167, "parent_name": "Buenos Aires", "parent_iso": "AR-B"}, "geometry": {"type": "Polygon", "coordinates": [[[-62.1829, -38.8149], [-62.1791, -38.8192], [-62.1659, -38.812], [-62.1263, -38.8417], [-62.105, -38.8706], [-62.1108, -38.878], [-62.1058, -38.8971], [-62.1005, -38.9043], [-62.0929, -38.8954], [-62.0945, -38.9006], [-62.0755, -38.9055], [-62.0734, -38.9251], [-62.0731, -38.9206], [-62.0674, -38.9199], [-62.0678, -38.9231], [-61.993, -38.9458], [-61.9474, -38.9526], [-61.8981, -38.968], [-61.8665, -38.969], [-61.8588, -38.9795], [-61.813, -38.9924], [-61.7933, -38.993], [-61.75, -38.974], [-61.7067, -38.9655], [-61.6943, -38.9679], [-61.6697, -38.9899], [-61.6129, -39.0036], [-61.548, -39.0045], [-61.4562, -38.9954], [-61.4561, -38.9419], [-61.4747, -38.9458], [-61.5156, -38.9183], [-61.546, -38.9111], [-61.5548, -38.9011], [-61.5796, -38.8887], [-61.5901, -38.8888], [-61.6012, -38.8807], [-61.6257, -38.8784], [-61.6256, -38.8738], [-61.641, -38.8632], [-61.6504, -38.8666], [-61.6504, -38.8623], [-61.6611, -38.8594], [-61.6741, -38.8429], [-61.6734, -38.8348], [-61.6936, -38.8265], [-61.7003, -38.8149], [-61.6926, -38.8077], [-61.7014, -38.7854], [-61.6992, -38.7815], [-61.708, -38.7767], [-61.7126, -38.7618], [-61.7226, -38.7508], [-61.7191, -38.7382], [-61.7254, -38.7299], [-61.716, -38.7142], [-61.7269, -38.6908], [-61.7224, -38.6746], [-61.7295, -38.6681], [-61.7277, -38.645], [-61.7404, -38.6384], [-61.7432, -38.6271], [-61.8195, -38.6877], [-61.8484, -38.6653], [-61.9265, -38.7305], [-61.9728, -38.7139], [-62.0144, -38.7062], [-62.0299, -38.7138], [-62.0625, -38.7121], [-62.0614, -38.7198], [-62.1829, -38.8149]]]}}, {"type": "Feature", "properties": {"osm_type": "relation", "osm_id": 187609953, "name": "Ensenada", "admin_level": "6", "kind": "subdivision_2", "parent_osm_id": 1632167, "parent_name": "Buenos Aires", "parent_iso": "AR-B"}, "geometry": {"type": "Polygon", "coordinates": [[[-58.0838, -34.835], [-57.9992, -34.8721], [-57.9908, -34.8798], [-57.9839, -34.8806], [-57.9744, -34.8723], [-57.932, -34.9035], [-57.9007, -34.8748], [-57.8757, -34.8272], [-57.9473, -34.8335], [-57.9464, -34.8296], [-57.9736, -34.8153], [-58.0015, -34.7868], [-58.0167, -34.7802], [-58.0838, -34.835]]]}}, {"type": "Feature", "properties": {"osm_type": "relation", "osm_id": 620687197, "name": "Lincoln", "admin_level": "6", "kind": "subdivision_2", "parent_osm_id": 1632167, "parent_name": "Buenos Aires", "parent_iso": "AR-B"}, "geometry": {"type": "Polygon", "coordinates": [[[-62.1051, -34.9839], [-62.1861, -35.0499], [-62.1662, -35.0664], [-62.2704, -35.1518], [-62.211, -35.2008], [-62.2259, -35.2129], [-62.1451, -35.2803], [-62.1492, -35.2837], [-61.7835, -35.5857], [-61.3003, -35.1853], [-61.4205, -35.0872], [-61.1279, -34.8468], [-61.1831, -34.8017], [-61.1523, -34.7768], [-61.2233, -34.7168], [-61.2056, -34.7017], [-61.339, -34.5911], [-61.4373, -34.6706], [-61.5168, -34.6026], [-61.5979, -34.6681], [-61.6122, -34.6564], [-61.6451, -34.6834], [-61.7105, -34.6268], [-61.7724, -34.6762], [-61.6737, -34.7607], [-61.7452, -34.8181], [-61.7413, -34.8216], [-61.9033, -34.9521], [-61.9843, -34.8852], [-62.1051, -34.9839]]]}}, {"type": "Feature", "properties": {"osm_type": "relation", "osm_id": 960483613, "name": "Berisso", "admin_level": "6", "kind": "subdivision_2", "parent_osm_id": 1632167, "parent_name": "Buenos Aires", "parent_iso": "AR-B"}, "geometry": {"type": "Polygon", "coordinates": [[[-57.7081, -34.9304], [-57.727, -34.9255], [-57.7718, -34.9026], [-57.8167, -34.8672], [-57.8626, -34.8409], [-57.8737, -34.8262], [-57.9007, -34.8748], [-57.932, -34.9035], [-57.8961, -34.9304], [-57.862, -34.9376], [-57.804, -34.964], [-57.7709, -34.9571], [-57.7527, -34.9707], [-57.7081, -34.9304]]]}}, {"type": "Feature", "properties": {"osm_type": "relation", "osm_id": 337315724, "name": "Pilar", "admin_level": "6", "kind": "subdivision_2", "parent_osm_id": 1632167, "parent_name": "Buenos Aires", "parent_iso": "AR-B"}, "geometry": {"type": "Polygon", "coordinates": [[[-58.7847, -34.4761], [-58.7701, -34.4648], [-58.7647, -34.4672], [-58.7562, -34.4624], [-58.752, -34.4677], [-58.7374, -34.4565], [-58.7782, -34.404], [-58.7889, -34.3994], [-58.7981, -34.4103], [-58.817, -34.4154], [-58.9034, -34.3086], [-58.9094, -34.3202], [-58.9146, -34.3203], [-58.9119, -34.3264], [-58.917, -34.3258], [-58.9181, -34.3345], [-58.9143, -34.336], [-58.9178, -34.3398], [-58.9136, -34.3449], [-58.9179, -34.3521], [-58.9078, -34.3599], [-58.9211, -34.3715], [-58.9175, -34.3806], [-58.9236, -34.3932], [-58.9188, -34.4139], [-58.9239, -34.4172], [-58.9802, -34.3506], [-58.9933, -34.3581], [-58.9841, -34.3691], [-58.9931, -34.3791], [-59.0286, -34.3975], [-59.0251, -34.4021], [-59.037, -34.4083], [-59.0429, -34.4211], [-59.0565, -34.427], [-59.0114, -34.4883], [-59.0007, -34.4835], [-58.9619, -34.5337], [-58.9285, -34.5162], [-58.8851, -34.577], [-58.8466, -34.5478], [-58.8111, -34.486], [-58.8138, -34.4643], [-58.8218, -34.4519], [-58.7847, -34.4761]]]}}, {"type": "Feature", "properties": {"osm_type": "relation", "osm_id": 141633073, "name": "Campana", "admin_level": "6", "kind": "subdivision_2", "parent_osm_id": 1632167, "parent_name": "Buenos Aires", "parent_iso": "AR-B"}, "geometry": {"type": "Polygon", "coordinates": [[[-58.8518, -33.9485], [-58.8634, -33.9575], [-58.9333, -33.9574], [-58.9552, -33.9639], [-58.9662, -33.9606], [-59.0006, -34.0878], [-59.0096, -34.0989], [-58.978, -34.1132], [-58.9732, -34.1286], [-59.1022, -34.1976], [-59.1056, -34.2139], [-59.0915, -34.2284], [-59.0783, -34.2246], [-59.0579, -34.241], [-59.0622, -34.2477], [-59.0357, -34.2681], [-59.0149, -34.295], [-58.9817, -34.3223], [-58.9776, -34.3202], [-58.9436, -34.3614], [-58.9403, -34.3579], [-58.9199, -34.3807], [-58.9211, -34.3715], [-58.9078, -34.3599], [-58.9179, -34.3521], [-58.9136, -34.3449], [-58.9178, -34.3398], [-58.9143, -34.336], [-58.9181, -34.3345], [-58.917, -34.3258], [-58.9119, -34.3264], [-58.9146, -34.3203], [-58.9094, -34.3202], [-58.9034, -34.3086], [-58.9011, -34.3109], [-58.8808, -34.2979], [-58.8783, -34.2915], [-58.8831, -34.2869], [-58.877, -34.2844], [-58.8809, -34.2836], [-58.878, -34.2748], [-58.8706, -34.2727], [-58.8639, -34.2774], [-58.8603, -34.2732], [-58.8645, -34.2668], [-58.8583, -34.2621], [-58.8301, -34.2748], [-58.8224, -34.2725], [-58.8083, -34.2816], [-58.7999, -34.2769], [-58.7759, -34.2853], [-58.7765, -34.2738], [-58.8029, -34.2371], [-58.7986, -34.2313], [-58.7943, -34.229], [-58.7114, -34.2484], [-58.7111, -34.2196], [-58.7006, -34.2125], [-58.6938, -34.1944], [-58.6916, -34.1724], [-58.7463, -34.1657], [-58.7466, -34.1547], [-58.7582, -34.152], [-58.7643, -34.1449], [-58.7685, -34.1315], [-58.7643, -34.1262], [-58.8038, -34.0899], [-58.8049, -34.0827], [-58.6751, -34.0256], [-58.7335, -33.9665], [-58.7637, -33.9453], [-58.7777, -33.9426], [-58.8306, -33.9553], [-58.8518, -33.9485]]]}}, {"type": "Feature", "properties": {"osm_type": "relation", "osm_id": 134500382, "name": "General Villegas", "admin_level": "6", "kind": "subdivision_2", "parent_osm_id": 1632167, "parent_name": "Buenos Aires", "parent_iso": "AR-B"}, "geometry": {"type": "Polygon", "coordinates": [[[-62.2682, -34.3836], [-63.3833, -34.3833], [-63.3843, -35.369], [-63.3293, -35.3231], [-63.3468, -35.3], [-63.3097, -35.2678], [-63.2852, -35.2884], [-63.2111, -35.2288], [-63.2358, -35.2083], [-63.1385, -35.1283], [-63.0898, -35.1686], [-63.1152, -35.1889], [-62.9648, -35.3119], [-62.7077, -35.1014], [-62.6769, -35.1266], [-62.6572, -35.1109], [-62.6883, -35.0853], [-62.6101, -35.0224], [-62.6415, -34.997], [-62.6058, -34.9965], [-62.6212, -34.6322], [-62.6086, -34.636], [-62.5938, -34.6501], [-62.5838, -34.6107], [-62.3476, -34.6538], [-62.3251, -34.5685], [-62.3159, -34.5686], [-62.2682, -34.3836]]]}}, {"type": "Feature", "properties": {"osm_type": "relation", "osm_id": 646988675, "name": "General Belgrano", "admin_level": "6", "kind": "subdivision_2", "parent_osm_id": 1632167, "parent_name": "Buenos Aires", "parent_iso": "AR-B"}, "geometry": {"type": "Polygon", "coordinates": [[[-58.4364, -35.7325], [-58.4439, -35.7208], [-58.4388, -35.709], [-58.4425, -35.7017], [-58.4661, -35.685], [-58.4744, -35.7055], [-58.4867, -35.7078], [-58.495, -35.7453], [-58.5018, -35.7534], [-58.5121, -35.7507], [-58.5165, -35.7298], [-58.5258, -35.7224], [-58.5367, -35.7255], [-58.5409, -35.7462], [-58.5613, -35.7447], [-58.5937, -35.7501], [-58.608, -35.7412], [-58.6281, -35.7513], [-58.6352, -35.7433], [-58.6525, -35.746], [-58.6605, -35.7422], [-58.6612, -35.7251], [-58.6844, -35.7297], [-58.7163, -35.7219], [-58.7388, -35.7315], [-58.7498, -35.7531], [-58.7601, -35.7568], [-58.7657, -35.7545], [-58.7629, -35.7415], [-58.784, -35.7151], [-58.7889, -35.6997], [-58.8056, -35.6897], [-58.8341, -35.6873], [-58.8434, -35.6812], [-58.8449, -35.6763], [-58.8358, -35.6661], [-58.8395, -35.6562], [-58.8763, -35.6407], [-58.8884, -35.6211], [-58.8783, -35.6045], [-58.8818, -35.5931], [-58.8934, -35.5956], [-58.8983, -35.5909], [-58.91, -35.5981], [-58.9036, -35.6054], [-58.911, -35.6054], [-58.9284, -35.6217], [-58.9479, -35.6228], [-58.9578, -35.6169], [-58.9772, -35.5883], [-59.0063, -35.5944], [-59.0194, -35.6017], [-59.0271, -35.5996], [-59.0303, -35.5913], [-59.0305, -35.6043], [-59.0375, -35.6129], [-59.0467, -35.6135], [-59.0606, -35.6043], [-59.0807, -35.6072], [-59.0828, -35.6166], [-59.1022, -35.6218], [-59.1285, -35.6202], [-59.1434, -35.6254], [-59.1495, -35.6353], [-59.1434, -35.6437], [-59.142, -35.6625], [-59.0955, -35.6963], [-59.1037, -35.7031], [-59.0158, -35.7735], [-59.0191, -35.7763], [-58.9857, -35.8032], [-58.9886, -35.8055], [-58.9745, -35.8168], [-58.9576, -35.803], [-58.9009, -35.8478], [-58.8919, -35.8404], [-58.7303, -35.9675], [-58.7503, -35.9844], [-58.5722, -36.1207], [-58.2833, -35.86], [-58.2963, -35.8536], [-58.3134, -35.8679], [-58.337, -35.8626], [-58.3432, -35.8565], [-58.3429, -35.8436], [-58.3713, -35.8332], [-58.3831, -35.8201], [-58.4072, -35.8204], [-58.4134, -35.8158], [-58.4192, -35.7988], [-58.4166, -35.7913], [-58.4327, -35.774], [-58.4452, -35.7677], [-58.4541, -35.7686], [-58.4544, -35.7588], [-58.4494, -35.7567], [-58.4523, -35.7409], [-58.4364, -35.7325]]]}}, {"type": "Feature", "properties": {"osm_type": "relation", "osm_id": 838260507, "name": "Pehuajó", "admin_level": "6", "kind": "subdivision_2", "parent_osm_id": 1632167, "parent_name": "Buenos Aires", "parent_iso": "AR-B"}, "geometry": {"type": "Polygon", "coordinates": [[[-61.7233, -35.5373], [-61.7835, -35.5857], [-61.9063, -35.4857], [-61.9872, -35.5519], [-62.0496, -35.5014], [-62.1297, -35.5649], [-62.0979, -35.5913], [-62.4312, -35.8587], [-62.081, -36.1516], [-62.2051, -36.2491], [-62.1783, -36.2719], [-62.1447, -36.2455], [-62.0479, -36.3263], [-62.0149, -36.3006], [-61.9744, -36.3336], [-61.9505, -36.3115], [-61.9453, -36.316], [-61.9391, -36.3113], [-61.9446, -36.3068], [-61.9215, -36.2886], [-61.9453, -36.269], [-61.8113, -36.164], [-61.8075, -36.1669], [-61.772, -36.1385], [-61.742, -36.1623], [-61.7026, -36.1295], [-61.6888, -36.1404], [-61.6605, -36.1166], [-61.6569, -36.1195], [-61.639, -36.1044], [-61.6349, -36.1076], [-61.6162, -36.0917], [-61.5966, -36.1072], [-61.4913, -36.0193], [-61.4501, -36.0517], [-61.4351, -36.039], [-61.5594, -35.9403], [-61.5431, -35.9289], [-61.6351, -35.8526], [-61.5014, -35.7454], [-61.6002, -35.6645], [-61.5734, -35.6428], [-61.648, -35.5835], [-61.6579, -35.592], [-61.7233, -35.5373]]]}}, {"type": "Feature", "properties": {"osm_type": "relation", "osm_id": 234889900, "name": "Ayacucho", "admin_level": "6", "kind": "subdivision_2", "parent_osm_id": 1632167, "parent_name": "Buenos Aires", "parent_iso": "AR-B"}, "geometry": {"type": "Polygon", "coordinates": [[[-58.2126, -36.6153], [-58.4376, -36.452], [-58.7208, -36.7002], [-58.6665, -36.7426], [-58.6851, -36.74], [-58.7045, -36.7511], [-58.7199, -36.7527], [-58.7337, -36.7682], [-58.7903, -36.7894], [-58.7944, -36.8058], [-58.8358, -36.8364], [-58.8497, -36.8315], [-58.8583, -36.8384], [-58.8655, -36.8381], [-58.8747, -36.8482], [-58.8722, -36.8607], [-58.8807, -36.8587], [-58.8998, -36.8738], [-58.91, -36.8755], [-58.9157, -36.9075], [-58.9303, -36.9115], [-58.9366, -36.9362], [-59.0025, -36.9451], [-59.0219, -36.9612], [-59.0295, -36.9784], [-59.028, -36.991], [-59.0377, -37.0027], [-59.0403, -37.025], [-59.0597, -37.0365], [-59.0618, -37.0437], [-59.0779, -37.047], [-59.0898, -37.0626], [-58.9894, -37.1364], [-58.9829, -37.1311], [-58.6114, -37.4105], [-58.5775, -37.3835], [-58.4268, -37.5007], [-58.3546, -37.4394], [-58.2824, -37.4921], [-58.1636, -37.3882], [-58.0956, -37.437], [-57.7696, -37.1361], [-57.9443, -37.0076], [-58.0203, -37.0768], [-58.2863, -36.8809], [-58.1144, -36.728], [-58.2262, -36.6279], [-58.2126, -36.6153]]]}}, {"type": "Feature", "properties": {"osm_type": "relation", "osm_id": 413637178, "name": "Adolfo Alsina", "admin_level": "6", "kind": "subdivision_2", "parent_osm_id": 1632167, "parent_name": "Buenos Aires", "parent_iso": "AR-B"}, "geometry": {"type": "Polygon", "coordinates": [[[-63.2825, -36.6077], [-63.3841, -36.5262], [-63.3838, -37.8098], [-63.3778, -37.8152], [-62.8125, -37.3739], [-62.645, -37.5218], [-62.4255, -37.3484], [-62.5383, -37.2572], [-62.5091, -37.2337], [-62.511, -37.1959], [-62.5576, -37.1492], [-62.5727, -37.1232], [-62.5915, -37.1063], [-62.5947, -37.0959], [-62.6474, -37.1231], [-63.2825, -36.6077]]]}}, {"type": "Feature", "properties": {"osm_type": "relation", "osm_id": 275334172, "name": "Tapalqué", "admin_level": "6", "kind": "subdivision_2", "parent_osm_id": 1632167, "parent_name": "Buenos Aires", "parent_iso": "AR-B"}, "geometry": {"type": "Polygon", "coordinates": [[[-59.5526, -36.0071], [-59.5929, -36.0402], [-59.614, -36.0238], [-59.6732, -36.0747], [-59.6776, -36.0711], [-59.718, -36.1054], [-59.7965, -36.0438], [-59.8585, -36.0953], [-59.8385, -36.1113], [-59.9479, -36.2017], [-59.9642, -36.2239], [-59.9663, -36.2485], [-60.0907, -36.1611], [-60.2456, -36.3029], [-60.2967, -36.2672], [-60.3593, -36.3265], [-60.5239, -36.2141], [-60.5652, -36.2355], [-60.6996, -36.1357], [-60.7284, -36.1373], [-60.743, -36.152], [-60.7598, -36.1558], [-60.7797, -36.1747], [-60.7775, -36.1845], [-60.811, -36.2104], [-60.8098, -36.2206], [-60.7983, -36.2309], [-60.8057, -36.253], [-60.8193, -36.2589], [-60.8243, -36.277], [-60.8348, -36.2832], [-60.86, -36.3226], [-60.9058, -36.3416], [-60.866, -36.3721], [-60.9293, -36.4247], [-60.8757, -36.468], [-60.7632, -36.378], [-60.7305, -36.4036], [-60.6512, -36.3423], [-60.57, -36.3967], [-60.5638, -36.3909], [-60.5341, -36.4116], [-60.54, -36.416], [-60.4387, -36.498], [-60.4783, -36.5294], [-60.3219, -36.6563], [-60.2804, -36.6233], [-60.1612, -36.7184], [-60.149, -36.707], [-60.1392, -36.6894], [-60.1416, -36.6791], [-60.1355, -36.6741], [-60.0578, -36.7325], [-59.9987, -36.6827], [-60.0018, -36.6807], [-59.9195, -36.6144], [-60.0258, -36.5298], [-59.9848, -36.4949], [-59.973, -36.5035], [-59.9309, -36.4667], [-59.9137, -36.4482], [-59.9181, -36.4448], [-59.843, -36.372], [-59.8232, -36.3589], [-59.8174, -36.3629], [-59.7274, -36.2879], [-59.6341, -36.3589], [-59.541, -36.2779], [-59.546, -36.2748], [-59.3824, -36.1353], [-59.5526, -36.0071]]]}}, {"type": "Feature", "properties": {"osm_type": "relation", "osm_id": 853070085, "name": "Balcarce", "admin_level": "6", "kind": "subdivision_2", "parent_osm_id": 1632167, "parent_name": "Buenos Aires", "parent_iso": "AR-B"}, "geometry": {"type": "Polygon", "coordinates": [[[-58.0471, -37.9557], [-57.7342, -37.698], [-58.1636, -37.3882], [-58.2824, -37.4921], [-58.3546, -37.4394], [-58.4268, -37.5007], [-58.5775, -37.3835], [-58.809, -37.578], [-58.7363, -37.637], [-58.5074, -37.8057], [-58.5907, -37.8778], [-58.2557, -38.1298], [-58.0471, -37.9557]]]}}, {"type": "Feature", "properties": {"osm_type": "relation", "osm_id": 350631264, "name": "Chacabuco", "admin_level": "6", "kind": "subdivision_2", "parent_osm_id": 1632167, "parent_name": "Buenos Aires", "parent_iso": "AR-B"}, "geometry": {"type": "Polygon", "coordinates": [[[-60.6767, -34.5092], [-60.6474, -34.5321], [-60.7592, -34.6304], [-60.753, -34.6408], [-60.7419, -34.6485], [-60.7294, -34.6432], [-60.6851, -34.6568], [-60.6808, -34.6928], [-60.6869, -34.7067], [-60.6681, -34.7038], [-60.6581, -34.7084], [-60.6478, -34.7276], [-60.6253, -34.743], [-60.6274, -34.7592], [-60.61, -34.7712], [-60.5867, -34.817], [-60.5691, -34.8203], [-60.5724, -34.8228], [-60.5582, -34.8294], [-60.5487, -34.8215], [-60.54, -34.8219], [-60.5274, -34.83], [-60.5286, -34.8411], [-60.4944, -34.8386], [-60.46, -34.8622], [-60.3725, -34.7879], [-60.3621, -34.7961], [-60.3223, -34.7621], [-60.2398, -34.8265], [-60.2001, -34.7927], [-60.1913, -34.7937], [-60.1669, -34.7731], [-60.1773, -34.76], [-60.1635, -34.7482], [-60.1901, -34.727], [-60.1063, -34.6573], [-60.0635, -34.6905], [-60.0072, -34.6402], [-59.9979, -34.6479], [-59.9955, -34.6613], [-59.9903, -34.6638], [-59.9911, -34.6738], [-59.9816, -34.6759], [-59.9852, -34.679], [-59.9779, -34.6792], [-59.9685, -34.6914], [-59.8848, -34.619], [-59.9336, -34.5812], [-59.9092, -34.5617], [-59.9748, -34.5104], [-60.0145, -34.5465], [-60.0973, -34.4829], [-60.0832, -34.4696], [-60.1546, -34.4096], [-60.2085, -34.4566], [-60.244, -34.4286], [-60.3218, -34.4991], [-60.3759, -34.4568], [-60.4037, -34.4804], [-60.4891, -34.4156], [-60.5165, -34.4394], [-60.5595, -34.4063], [-60.6767, -34.5092]]]}}, {"type": "Feature", "properties": {"osm_type": "relation", "osm_id": 214487603, "name": "Bolívar", "admin_level": "6", "kind": "subdivision_2", "parent_osm_id": 1632167, "parent_name": "Buenos Aires", "parent_iso": "AR-B"}, "geometry": {"type": "Polygon", "coordinates": [[[-61.2695, -36.0706], [-61.3457, -36.1352], [-61.3493, -36.1324], [-61.3781, -36.1567], [-61.3748, -36.1596], [-61.4397, -36.2143], [-61.4057, -36.2417], [-61.7242, -36.4942], [-61.6921, -36.5204], [-61.6982, -36.5251], [-61.6852, -36.536], [-61.6774, -36.5297], [-61.6493, -36.5531], [-61.6419, -36.5494], [-61.6168, -36.5699], [-61.6638, -36.6069], [-61.4973, -36.7439], [-61.3679, -36.6413], [-61.2546, -36.7345], [-60.8973, -36.4503], [-60.9293, -36.4247], [-60.866, -36.3721], [-60.9058, -36.3416], [-60.86, -36.3226], [-60.8348, -36.2832], [-60.8243, -36.277], [-60.8193, -36.2589], [-60.8057, -36.253], [-60.7983, -36.2309], [-60.8098, -36.2206], [-60.811, -36.2104], [-60.7775, -36.1845], [-60.7797, -36.1747], [-60.7598, -36.1558], [-60.743, -36.152], [-60.7284, -36.1373], [-60.6889, -36.1354], [-60.6655, -36.1176], [-60.6351, -36.11], [-60.6283, -36.0971], [-60.613, -36.0922], [-60.6146, -36.0786], [-60.595, -36.0698], [-60.5725, -36.0375], [-60.5729, -36.0286], [-60.5537, -36.0228], [-60.5436, -36.0074], [-60.5319, -36.0005], [-60.6384, -35.9207], [-60.6963, -35.9681], [-60.7805, -35.9022], [-60.7861, -35.9064], [-60.8682, -35.8395], [-60.9708, -35.9261], [-61.0358, -35.8757], [-61.2695, -36.0706]]]}}, {"type": "Feature", "properties": {"osm_type": "relation", "osm_id": 859553018, "name": "General Las Heras", "admin_level": "6", "kind": "subdivision_2", "parent_osm_id": 1632167, "parent_name": "Buenos Aires", "parent_iso": "AR-B"}, "geometry": {"type": "Polygon", "coordinates": [[[-58.7916, -34.9547], [-58.8595, -34.9036], [-58.846, -34.8916], [-58.9261, -34.8258], [-58.936, -34.818], [-58.9514, -34.8312], [-59.0895, -34.7171], [-59.1316, -34.7618], [-59.1453, -34.7831], [-59.2194, -34.8522], [-58.9926, -35.0211], [-59.0151, -35.0406], [-58.9339, -35.1037], [-58.7775, -34.9651], [-58.7916, -34.9547]]]}}, {"type": "Feature", "properties": {"osm_type": "relation", "osm_id": 213012676, "name": "Monte", "admin_level": "6", "kind": "subdivision_2", "parent_osm_id": 1632167, "parent_name": "Buenos Aires", "parent_iso": "AR-B"}, "geometry": {"type": "Polygon", "coordinates": [[[-58.5822, -35.4215], [-58.6644, -35.3541], [-58.6742, -35.3602], [-58.7077, -35.3348], [-58.6793, -35.3062], [-58.748, -35.2541], [-58.7709, -35.2739], [-58.8116, -35.2426], [-58.9244, -35.3417], [-58.936, -35.3331], [-58.9468, -35.3347], [-58.9507, -35.3404], [-58.9679, -35.3373], [-58.979, -35.3413], [-59.0064, -35.3661], [-59.0254, -35.3521], [-59.0541, -35.3778], [-59.0585, -35.3745], [-59.1211, -35.4306], [-59.1046, -35.4271], [-59.1063, -35.4317], [-59.0957, -35.4334], [-59.0846, -35.4472], [-59.066, -35.4498], [-59.067, -35.453], [-59.0557, -35.4583], [-59.0335, -35.4602], [-59.0342, -35.4683], [-59.0294, -35.4726], [-59.0179, -35.4684], [-59.0179, -35.4762], [-59.0078, -35.4799], [-59.0135, -35.4835], [-59.0179, -35.5014], [-59.0256, -35.507], [-59.021, -35.514], [-59.029, -35.5159], [-59.0323, -35.5224], [-59.0418, -35.5169], [-59.0475, -35.5286], [-59.0441, -35.5342], [-59.0485, -35.5352], [-59.0491, -35.5521], [-59.0362, -35.5515], [-59.0371, -35.562], [-59.0677, -35.5559], [-59.0745, -35.5611], [-59.0698, -35.5715], [-59.0632, -35.5769], [-59.0322, -35.5782], [-59.0249, -35.6015], [-58.9772, -35.5883], [-58.9578, -35.6169], [-58.9479, -35.6228], [-58.9284, -35.6217], [-58.911, -35.6054], [-58.9036, -35.6054], [-58.91, -35.5981], [-58.9072, -35.5939], [-58.8818, -35.5931], [-58.8783, -35.6045], [-58.8884, -35.6211], [-58.8763, -35.6407], [-58.858, -35.6499], [-58.8431, -35.6515], [-58.8358, -35.6661], [-58.8449, -35.6763], [-58.8434, -35.6812], [-58.8341, -35.6873], [-58.8056, -35.6897], [-58.7889, -35.6997], [-58.784, -35.7151], [-58.7629, -35.7415], [-58.7657, -35.7545], [-58.7498, -35.7531], [-58.7388, -35.7315], [-58.7163, -35.7219], [-58.6844, -35.7297], [-58.6612, -35.7251], [-58.6605, -35.7422], [-58.6525, -35.746], [-58.6352, -35.7433], [-58.6281, -35.7513], [-58.608, -35.7412], [-58.5937, -35.7501], [-58.5613, -35.7447], [-58.5409, -35.7462], [-58.5367, -35.7255], [-58.5258, -35.7224], [-58.5165, -35.7298], [-58.5121, -35.7507], [-58.5018, -35.7534], [-58.495, -35.7453], [-58.4867, -35.7078], [-58.5068, -35.6508], [-58.5001, -35.6451], [-58.5689, -35.596], [-58.4707, -35.5114], [-58.5822, -35.4215]]]}}, {"type": "Feature", "properties": {"osm_type": "relation", "osm_id": 127533196, "name": "Marcos Paz", "admin_level": "6", "kind": "subdivision_2", "parent_osm_id": 1632167, "parent_name": "Buenos Aires", "parent_iso": "AR-B"}, "geometry": {"type": "Polygon", "coordinates": [[[-58.7502, -34.7772], [-58.8646, -34.6979], [-58.8603, -34.6849], [-58.8649, -34.6825], [-58.8896, -34.6963], [-58.9364, -34.7035], [-58.9534, -34.7165], [-58.9667, -34.7382], [-58.9993, -34.7627], [-59.0219, -34.7582], [-59.0338, -34.7669], [-58.9514, -34.8312], [-58.936, -34.818], [-58.846, -34.8916], [-58.8595, -34.9036], [-58.7916, -34.9547], [-58.7648, -34.9587], [-58.7511, -34.9406], [-58.739, -34.9365], [-58.7276, -34.924], [-58.6933, -34.9118], [-58.7629, -34.8581], [-58.7506, -34.8469], [-58.7736, -34.8273], [-58.7443, -34.8252], [-58.7343, -34.8171], [-58.7203, -34.8181], [-58.7071, -34.8111], [-58.7502, -34.7772]]]}}, {"type": "Feature", "properties": {"osm_type": "relation", "osm_id": 256321438, "name": "General Alvear", "admin_level": "6", "kind": "subdivision_2", "parent_osm_id": 1632167, "parent_name": "Buenos Aires", "parent_iso": "AR-B"}, "geometry": {"type": "Polygon", "coordinates": [[[-60.2146, -35.7554], [-60.35, -35.868], [-60.3577, -35.8828], [-60.3856, -35.8899], [-60.4012, -35.9121], [-60.416, -35.9195], [-60.4195, -35.9272], [-60.4616, -35.9495], [-60.4653, -35.956], [-60.4571, -35.9631], [-60.4706, -35.9807], [-60.4951, -35.9948], [-60.5168, -35.9852], [-60.536, -36.0061], [-60.5436, -36.0074], [-60.5537, -36.0228], [-60.5729, -36.0286], [-60.5725, -36.0375], [-60.595, -36.0698], [-60.6146, -36.0786], [-60.613, -36.0922], [-60.6283, -36.0971], [-60.6351, -36.11], [-60.6655, -36.1176], [-60.6889, -36.1354], [-60.6996, -36.1357], [-60.5652, -36.2355], [-60.5239, -36.2141], [-60.3593, -36.3265], [-60.2967, -36.2672], [-60.2456, -36.3029], [-60.0907, -36.1611], [-59.9663, -36.2485], [-59.9642, -36.2239], [-59.9479, -36.2017], [-59.8385, -36.1113], [-59.8585, -36.0953], [-59.7965, -36.0438], [-59.718, -36.1054], [-59.6776, -36.0711], [-59.6732, -36.0747], [-59.614, -36.0238], [-59.5929, -36.0402], [-59.5167, -35.9764], [-59.7002, -35.8321], [-59.7526, -35.835], [-59.775, -35.8472], [-59.7924, -35.8408], [-59.8148, -35.8537], [-59.8202, -35.8484], [-59.8345, -35.8489], [-59.8562, -35.8703], [-59.8723, -35.8764], [-59.8687, -35.8844], [-59.871, -35.8992], [-59.8804, -35.9023], [-59.8809, -35.9094], [-59.8863, -35.9119], [-60.0565, -35.7799], [-60.1191, -35.8331], [-60.2146, -35.7554]]]}}, {"type": "Feature", "properties": {"osm_type": "relation", "osm_id": 367747852, "name": "Bragado", "admin_level": "6", "kind": "subdivision_2", "parent_osm_id": 1632167, "parent_name": "Buenos Aires", "parent_iso": "AR-B"}, "geometry": {"type": "Polygon", "coordinates": [[[-60.5279, -35.4102], [-60.3158, -35.2236], [-60.3539, -35.1944], [-60.3386, -35.1806], [-60.3652, -35.16], [-60.3291, -35.1279], [-60.3891, -35.0884], [-60.4393, -35.0357], [-60.4355, -35.0162], [-60.4426, -35.0107], [-60.4592, -35.009], [-60.4716, -35.0], [-60.4887, -34.9743], [-60.4735, -34.9485], [-60.476, -34.9408], [-60.4539, -34.931], [-60.4593, -34.9283], [-60.4513, -34.9187], [-60.4477, -34.8949], [-60.4542, -34.8646], [-60.4725, -34.8564], [-60.4944, -34.8386], [-60.5286, -34.8411], [-60.5274, -34.83], [-60.54, -34.8219], [-60.5487, -34.8215], [-60.5582, -34.8294], [-60.5724, -34.8228], [-60.5691, -34.8203], [-60.5867, -34.817], [-60.61, -34.7712], [-60.6274, -34.7592], [-60.6253, -34.743], [-60.6478, -34.7276], [-60.6581, -34.7084], [-60.6681, -34.7038], [-60.6869, -34.7067], [-60.6808, -34.6928], [-60.6851, -34.6568], [-60.7146, -34.6466], [-60.7959, -34.7167], [-60.7648, -34.7407], [-60.816, -34.7889], [-60.7254, -34.8606], [-60.8479, -34.9681], [-60.7547, -35.0408], [-60.873, -35.1435], [-60.5279, -35.4102]]]}}, {"type": "Feature", "properties": {"osm_type": "relation", "osm_id": 360303231, "name": "Lobería", "admin_level": "6", "kind": "subdivision_2", "parent_osm_id": 1632167, "parent_name": "Buenos Aires", "parent_iso": "AR-B"}, "geometry": {"type": "Polygon", "coordinates": [[[-58.6198, -38.562], [-58.4976, -38.5375], [-58.4325, -38.5124], [-58.2785, -38.465], [-58.238, -38.4458], [-58.2571, -38.4355], [-58.2563, -38.4247], [-58.2703, -38.4076], [-58.2698, -38.3994], [-58.2851, -38.3852], [-58.2702, -38.3544], [-58.2742, -38.3386], [-58.2825, -38.3284], [-58.2838, -38.3156], [-58.2873, -38.309], [-58.3026, -38.3008], [-58.3114, -38.274], [-58.3271, -38.2725], [-58.3383, -38.2511], [-58.3293, -38.2269], [-58.3232, -38.2235], [-58.3433, -38.1595], [-58.332, -38.1264], [-58.3391, -38.1068], [-58.3289, -38.074], [-58.5907, -37.8778], [-58.5074, -37.8057], [-58.7363, -37.637], [-58.809, -37.578], [-59.1108, -37.8262], [-59.1098, -37.8391], [-59.1298, -37.8483], [-59.1312, -37.8595], [-59.1498, -37.8658], [-59.1625, -37.8768], [-59.168, -37.8869], [-59.1683, -37.9363], [-59.1567, -37.9439], [-59.1489, -37.961], [-59.1274, -37.974], [-59.1254, -37.9953], [-59.1131, -37.9989], [-59.1094, -38.0084], [-59.0785, -38.0204], [-59.0761, -38.0299], [-59.0541, -38.047], [-59.0459, -38.0742], [-59.0381, -38.0799], [-59.0387, -38.087], [-59.0026, -38.116], [-58.9897, -38.1203], [-58.9859, -38.131], [-58.9783, -38.1342], [-58.9775, -38.1417], [-58.9542, -38.1554], [-58.9494, -38.1691], [-58.9517, -38.1829], [-58.9419, -38.1802], [-58.9205, -38.1928], [-58.9223, -38.1975], [-58.9139, -38.2015], [-58.9173, -38.2075], [-58.9057, -38.2225], [-58.907, -38.2302], [-58.902, -38.2324], [-58.9054, -38.2371], [-58.9008, -38.2405], [-58.9071, -38.2454], [-58.8775, -38.2691], [-58.8801, -38.2766], [-58.8703, -38.2821], [-58.8672, -38.2916], [-58.8432, -38.2986], [-58.8158, -38.3195], [-58.8144, -38.3266], [-58.8085, -38.3296], [-58.8128, -38.3409], [-58.8017, -38.3459], [-58.7825, -38.3777], [-58.785, -38.3847], [-58.7811, -38.3894], [-58.7875, -38.4016], [-58.7812, -38.406], [-58.7833, -38.4123], [-58.7745, -38.4158], [-58.7767, -38.423], [-58.7684, -38.4306], [-58.7742, -38.4363], [-58.7579, -38.4542], [-58.7576, -38.4721], [-58.7401, -38.481], [-58.7519, -38.4887], [-58.7342, -38.5087], [-58.7399, -38.516], [-58.736, -38.5179], [-58.7075, -38.4952], [-58.6198, -38.562]]]}}, {"type": "Feature", "properties": {"osm_type": "relation", "osm_id": 740787336, "name": "Saavedra", "admin_level": "6", "kind": "subdivision_2", "parent_osm_id": 1632167, "parent_name": "Buenos Aires", "parent_iso": "AR-B"}, "geometry": {"type": "Polygon", "coordinates": [[[-62.4255, -37.3484], [-62.6295, -37.51], [-62.5812, -37.549], [-62.7486, -37.6815], [-62.7344, -37.6927], [-62.8952, -37.8191], [-62.5748, -38.0754], [-62.4901, -38.0084], [-62.4682, -38.0499], [-62.4749, -38.0678], [-62.4635, -38.0722], [-62.4397, -38.0559], [-62.3474, -38.1352], [-62.3356, -38.1243], [-62.3382, -38.1193], [-62.332, -38.1077], [-62.3092, -38.0928], [-62.2788, -38.0873], [-62.2453, -38.0406], [-62.2104, -38.0249], [-62.1977, -38.0079], [-62.1693, -37.9936], [-62.1667, -37.9873], [-62.1708, -37.9833], [-62.1615, -37.9819], [-62.1547, -37.9705], [-62.1576, -37.9661], [-62.1319, -37.9565], [-62.1294, -37.9517], [-62.1255, -37.9537], [-62.1262, -37.95], [-62.1205, -37.9506], [-62.1223, -37.9467], [-62.0986, -37.9344], [-62.091, -37.9242], [-62.0955, -37.916], [-62.0441, -37.7526], [-62.4255, -37.3484]]]}}, {"type": "Feature", "properties": {"osm_type": "relation", "osm_id": 779454944, "name": "Patagones", "admin_level": "6", "kind": "subdivision_2", "parent_osm_id": 1632167, "parent_name": "Buenos Aires", "parent_iso": "AR-B"}, "geometry": {"type": "MultiPolygon", "coordinates": [[[[-63.3803, -40.4086], [-63.3793, -40.7098], [-63.3627, -40.703], [-63.3601, -40.7086], [-63.3649, -40.7164], [-63.3589, -40.7208], [-63.31, -40.7065], [-63.2971, -40.7123], [-63.2969, -40.7218], [-63.284, -40.7287], [-63.2705, -40.7225], [-63.205, -40.7227], [-63.1916, -40.7163], [-63.1727, -40.7267], [-63.152, -40.7302], [-63.1392, -40.7412], [-63.1131, -40.7469], [-63.0962, -40.7624], [-63.0468, -40.7728], [-63.0306, -40.794], [-62.9968, -40.798], [-62.9861, -40.804], [-62.9799, -40.815], [-62.9572, -40.8177], [-62.9473, -40.8267], [-62.9418, -40.8422], [-62.9282, -40.8478], [-62.9152, -40.8692], [-62.8785, -40.8944], [-62.8533, -40.9234], [-62.845, -40.9405], [-62.8015, -40.9821], [-62.7975, -41.0079], [-62.7897, -41.0242], [-62.7446, -41.0376], [-62.7104, -41.0377], [-62.6599, -41.0061], [-62.553, -40.9592], [-62.4951, -40.9392], [-62.4133, -40.9202], [-62.3125, -40.8711], [-62.2573, -40.7413], [-62.2369, -40.712], [-62.2323, -40.6879], [-62.1741, -40.6366], [-62.1694, -40.6099], [-62.1727, -40.5845], [-62.2551, -40.5391], [-62.3088, -40.5273], [-62.3185, -40.5264], [-62.3163, -40.5354], [-62.2731, -40.5442], [-62.2507, -40.557], [-62.2551, -40.5771], [-62.2584, -40.5733], [-62.2578, -40.5783], [-62.2617, -40.5785], [-62.2589, -40.5694], [-62.2622, -40.563], [-62.2825, -40.5715], [-62.2865, -40.5694], [-62.2833, -40.5606], [-62.2868, -40.5538], [-62.2976, -40.5427], [-62.3207, -40.5353], [-62.3238, -40.5204], [-62.3226, -40.515], [-62.316, -40.5129], [-62.3204, -40.5049], [-62.3447, -40.4926], [-62.3595, -40.4952], [-62.3745, -40.4911], [-62.4044, -40.4686], [-62.4189, -40.4637], [-62.4258, -40.4519], [-62.421, -40.4286], [-62.4335, -40.4225], [-62.4469, -40.4079], [-62.4512, -40.3814], [-62.4618, -40.3732], [-62.4621, -40.3608], [-62.468, -40.3507], [-62.4788, -40.3443], [-62.4894, -40.3177], [-62.4879, -40.3003], [-62.453, -40.2698], [-62.4427, -40.2533], [-62.4478, -40.2544], [-62.4458, -40.2502], [-62.4244, -40.2356], [-62.3894, -40.2284], [-62.371, -40.2109], [-62.3449, -40.1972], [-62.3389, -40.1869], [-62.3412, -40.1799], [-62.3276, -40.1514], [-62.341, -40.1264], [-62.34, -40.0972], [-62.3519, -40.07], [-62.3412, -40.0594], [-62.3402, -40.0424], [-62.3439, -40.0365], [-62.3325, -40.0106], [-62.3303, -39.9967], [-62.3348, -39.9864], [-62.3288, -39.9775], [-62.3386, -39.9615], [-62.3419, -39.965], [-62.3414, -39.9601], [-62.3287, -39.9544], [-62.3238, -39.9402], [-62.3278, -39.9375], [-62.3261, -39.9252], [-62.3311, -39.9158], [-62.3242, -39.903], [-62.3137, -39.9008], [-62.3119, -39.8764], [-62.3036, -39.862], [-62.3002, -39.8676], [-62.2862, -39.8613], [-62.2707, -39.8639], [-62.2661, -39.8591], [-62.2664, -39.8528], [-62.2886, -39.8458], [-62.2967, -39.8279], [-62.2766, -39.8241], [-62.2767, -39.819], [-62.2621, -39.8253], [-62.2567, -39.8149], [-62.2978, -39.7973], [-62.3402, -39.8015], [-62.3534, -39.7924], [-62.3512, -39.7878], [-62.3681, -39.7825], [-62.3716, -39.7754], [-62.3897, -39.7803], [-62.395, -39.7717], [-62.3749, -39.7638], [-62.3965, -39.7547], [-62.3979, -39.7473], [-62.3924, -39.7431], [-62.4036, -39.7383], [-62.4103, -39.7243], [-62.4317, -39.7245], [-62.4774, -39.6933], [-62.4766, -39.686], [-62.4839, -39.6796], [-62.4821, -39.67], [-62.4873, -39.6643], [-62.4762, -39.6528], [-62.4812, -39.6397], [-62.4756, -39.6284], [-62.4915, -39.6204], [-62.4926, -39.606], [-62.5217, -39.5922], [-62.5392, -39.5734], [-62.5727, -39.5695], [-62.6011, -39.5496], [-62.6181, -39.547], [-62.6257, -39.5396], [-62.6224, -39.5313], [-62.6288, -39.5294], [-62.6407, -39.5359], [-62.6494, -39.5262], [-62.6788, -39.5251], [-62.6853, -39.5333], [-62.6923, -39.5342], [-62.7242, -39.5262], [-62.7355, -39.5109], [-62.7551, -39.506], [-62.7715, -39.5131], [-62.7836, -39.5077], [-62.811, -39.5104], [-62.8246, -39.5183], [-62.843, -39.52], [-62.8472, -39.5284], [-62.8551, -39.5304], [-62.8664, -39.5277], [-62.8836, -39.5114], [-62.9133, -39.5036], [-62.9281, -39.5043], [-62.9631, -39.5162], [-62.9726, -39.5026], [-63.0145, -39.5017], [-63.0174, -39.4978], [-63.0119, -39.4897], [-63.0158, -39.4853], [-63.0216, -39.4856], [-63.0286, -39.4943], [-63.0326, -39.4804], [-63.0478, -39.4859], [-63.0738, -39.4765], [-63.073, -39.4695], [-63.0636, -39.4635], [-63.066, -39.4599], [-63.0836, -39.4611], [-63.0877, -39.4712], [-63.0971, -39.4708], [-63.1025, -39.4638], [-63.0906, -39.4583], [-63.0919, -39.452], [-63.0983, -39.4502], [-63.1064, -39.4565], [-63.1137, -39.4523], [-63.103, -39.4411], [-63.102, -39.4256], [-63.1185, -39.4159], [-63.1224, -39.404], [-63.1378, -39.3927], [-63.1474, -39.3932], [-63.1724, -39.4127], [-63.2004, -39.3872], [-63.2184, -39.3872], [-63.2396, -39.3666], [-63.2773, -39.355], [-63.2884, -39.3464], [-63.3245, -39.3347], [-63.374, -39.3266], [-63.3835, -39.3287], [-63.3803, -40.4086]]], [[[-62.1518, -40.3793], [-62.1639, -40.361], [-62.1739, -40.3685], [-62.1953, -40.4056], [-62.1987, -40.436], [-62.1711, -40.4388], [-62.1631, -40.4355], [-62.1608, -40.4275], [-62.1434, -40.4205], [-62.1318, -40.3918], [-62.1428, -40.393], [-62.1395, -40.4022], [-62.1478, -40.3944], [-62.1523, -40.3964], [-62.1417, -40.3866], [-62.1455, -40.3775], [-62.1505, -40.3755], [-62.1518, -40.3793]]], [[[-62.1804, -40.4609], [-62.1999, -40.4456], [-62.204, -40.4544], [-62.202, -40.4692], [-62.2349, -40.508], [-62.2171, -40.5235], [-62.1969, -40.5152], [-62.2012, -40.5107], [-62.1882, -40.5054], [-62.192, -40.5029], [-62.1827, -40.4969], [-62.1821, -40.4898], [-62.1566, -40.4577], [-62.1747, -40.4681], [-62.1742, -40.4605], [-62.1804, -40.4609]]], [[[-62.1121, -40.176], [-62.1172, -40.1573], [-62.1112, -40.1526], [-62.1159, -40.1342], [-62.1103, -40.125], [-62.1165, -40.1269], [-62.1245, -40.1446], [-62.1315, -40.178], [-62.127, -40.1962], [-62.1122, -40.2189], [-62.0957, -40.2143], [-62.093, -40.2064], [-62.0978, -40.1996], [-62.1092, -40.2016], [-62.1132, -40.1888], [-62.1037, -40.1837], [-62.1121, -40.176]]], [[[-62.3288, -40.2865], [-62.3292, -40.2828], [-62.3348, -40.2871], [-62.3434, -40.2857], [-62.3485, -40.3177], [-62.3445, -40.3417], [-62.3278, -40.341], [-62.332, -40.3352], [-62.3269, -40.3301], [-62.329, -40.3217], [-62.3166, -40.3148], [-62.321, -40.3047], [-62.3112, -40.2979], [-62.3288, -40.2865]]], [[[-62.2877, -40.2995], [-62.2933, -40.2999], [-62.2903, -40.3124], [-62.2959, -40.3198], [-62.3167, -40.3353], [-62.3121, -40.3429], [-62.2946, -40.3425], [-62.267, -40.3151], [-62.2649, -40.2994], [-62.2877, -40.2995]]], [[[-62.2508, -39.8656], [-62.2542, -39.8621], [-62.2555, -39.8681], [-62.2485, -39.8742], [-62.2225, -39.8811], [-62.1898, -39.873], [-62.194, -39.8644], [-62.1993, -39.8633], [-62.2184, -39.8703], [-62.2508, -39.8656]]], [[[-62.1597, -40.0199], [-62.1687, -40.0223], [-62.1688, -40.0273], [-62.1556, -40.0369], [-62.1285, -40.0362], [-62.1198, -40.0277], [-62.1202, -40.0247], [-62.1362, -40.0275], [-62.1497, -40.0349], [-62.1643, -40.0288], [-62.1597, -40.0199]]], [[[-62.3693, -40.256], [-62.3571, -40.251], [-62.3571, -40.2339], [-62.3694, -40.2326], [-62.3747, -40.2374], [-62.3693, -40.256]]], [[[-62.3536, -40.2231], [-62.333, -40.2127], [-62.3192, -40.1944], [-62.3427, -40.2075], [-62.3559, -40.2202], [-62.3536, -40.2231]]], [[[-62.1534, -40.4515], [-62.1578, -40.4468], [-62.1767, -40.4544], [-62.1585, -40.4565], [-62.1534, -40.4515]]], [[[-62.1181, -40.4011], [-62.1213, -40.3955], [-62.126, -40.3963], [-62.1259, -40.4013], [-62.1297, -40.3964], [-62.1331, -40.399], [-62.1266, -40.4064], [-62.1181, -40.4011]]], [[[-62.0758, -40.2622], [-62.0721, -40.2519], [-62.075, -40.2458], [-62.0818, -40.2595], [-62.0758, -40.2622]]], [[[-62.3677, -40.2224], [-62.3533, -40.2057], [-62.3691, -40.215], [-62.3718, -40.222], [-62.3677, -40.2224]]], [[[-62.3617, -40.3529], [-62.3643, -40.3576], [-62.3571, -40.3643], [-62.356, -40.3566], [-62.3617, -40.3529]]], [[[-62.119, -40.3886], [-62.1123, -40.3794], [-62.1252, -40.3866], [-62.119, -40.3886]]], [[[-62.3569, -40.219], [-62.3434, -40.2071], [-62.3532, -40.2117], [-62.3569, -40.219]]], [[[-62.1339, -40.4113], [-62.1306, -40.4065], [-62.1342, -40.4008], [-62.1339, -40.4113]]], [[[-62.1228, -39.885], [-62.1141, -39.8649], [-62.1228, -39.885]]], [[[-62.1474, -39.8882], [-62.1532, -39.8868], [-62.1499, -39.8912], [-62.1474, -39.8882]]]]}}, {"type": "Feature", "properties": {"osm_type": "relation", "osm_id": 390585247, "name": "Pellegrini", "admin_level": "6", "kind": "subdivision_2", "parent_osm_id": 1632167, "parent_name": "Buenos Aires", "parent_iso": "AR-B"}, "geometry": {"type": "Polygon", "coordinates": [[[-63.1274, -36.4794], [-63.0485, -36.4155], [-63.0679, -36.3995], [-63.0281, -36.3688], [-63.0398, -36.3592], [-62.9593, -36.2962], [-62.979, -36.2802], [-62.9392, -36.2485], [-63.3842, -35.8842], [-63.3841, -36.5262], [-63.2825, -36.6077], [-63.1274, -36.4794]]]}}, {"type": "Feature", "properties": {"osm_type": "relation", "osm_id": 331823681, "name": "Capitán Sarmiento", "admin_level": "6", "kind": "subdivision_2", "parent_osm_id": 1632167, "parent_name": "Buenos Aires", "parent_iso": "AR-B"}, "geometry": {"type": "Polygon", "coordinates": [[[-59.6757, -34.1668], [-59.7231, -34.1308], [-59.7077, -34.1101], [-59.7117, -34.0983], [-59.7085, -34.0932], [-59.741, -34.0484], [-59.7404, -34.0396], [-59.7541, -34.0135], [-59.7466, -33.9974], [-59.7923, -34.019], [-59.8001, -34.0132], [-59.8123, -34.0143], [-59.8179, -34.0288], [-59.837, -34.0408], [-59.8444, -34.0525], [-59.896, -34.0778], [-59.9219, -34.0737], [-59.9451, -34.0765], [-59.955, -34.0832], [-59.9859, -34.084], [-59.9907, -34.1086], [-59.9805, -34.1329], [-59.9859, -34.1536], [-59.9817, -34.1822], [-59.9846, -34.1969], [-60.0017, -34.2323], [-60.0251, -34.2597], [-60.0401, -34.2685], [-59.9708, -34.2867], [-59.8945, -34.2365], [-59.8747, -34.2641], [-59.6757, -34.1668]]]}}, {"type": "Feature", "properties": {"osm_type": "relation", "osm_id": 326141361, "name": "Tordillo", "admin_level": "6", "kind": "subdivision_2", "parent_osm_id": 1632167, "parent_name": "Buenos Aires", "parent_iso": "AR-B"}, "geometry": {"type": "Polygon", "coordinates": [[[-57.3295, -36.6686], [-57.1652, -36.5206], [-57.1771, -36.512], [-57.0996, -36.4414], [-57.0828, -36.4535], [-57.0807, -36.4427], [-57.0681, -36.4388], [-57.0602, -36.4303], [-57.0408, -36.4284], [-57.0417, -36.4139], [-57.0697, -36.3868], [-57.0436, -36.36], [-57.0163, -36.3415], [-57.0153, -36.3267], [-57.1078, -36.2758], [-57.1152, -36.2801], [-57.1153, -36.2707], [-57.1291, -36.268], [-57.1266, -36.263], [-57.2068, -36.1984], [-57.4192, -36.1572], [-57.4734, -36.3402], [-57.3442, -36.3654], [-57.4011, -36.4155], [-57.422, -36.4601], [-57.4451, -36.479], [-57.4007, -36.5125], [-57.4658, -36.5704], [-57.3295, -36.6686]]]}}, {"type": "Feature", "properties": {"osm_type": "relation", "osm_id": 486555703, "name": "Monte Hermoso", "admin_level": "6", "kind": "subdivision_2", "parent_osm_id": 1632167, "parent_name": "Buenos Aires", "parent_iso": "AR-B"}, "geometry": {"type": "Polygon", "coordinates": [[[-61.4561, -38.9419], [-61.4562, -38.9954], [-61.3798, -38.9883], [-61.2998, -38.9894], [-61.1432, -39.0001], [-61.0692, -38.9882], [-61.0868, -38.9883], [-61.0868, -38.9473], [-61.3147, -38.9466], [-61.3408, -38.9137], [-61.4561, -38.9137], [-61.4561, -38.9419]]]}}, {"type": "Feature", "properties": {"osm_type": "relation", "osm_id": 870590987, "name": "Quilmes", "admin_level": "6", "kind": "subdivision_2", "parent_osm_id": 1632167, "parent_name": "Buenos Aires", "parent_iso": "AR-B"}, "geometry": {"type": "Polygon", "coordinates": [[[-58.1948, -34.7355], [-58.2113, -34.7176], [-58.2312, -34.7057], [-58.2302, -34.7014], [-58.2794, -34.6787], [-58.3469, -34.7392], [-58.3042, -34.801], [-58.2984, -34.7836], [-58.2716, -34.7688], [-58.2675, -34.7736], [-58.1948, -34.7355]]]}}, {"type": "Feature", "properties": {"osm_type": "relation", "osm_id": 233679117, "name": "Zárate", "admin_level": "6", "kind": "subdivision_2", "parent_osm_id": 1632167, "parent_name": "Buenos Aires", "parent_iso": "AR-B"}, "geometry": {"type": "Polygon", "coordinates": [[[-59.3121, -34.1611], [-59.2371, -34.1718], [-59.2389, -34.1796], [-59.1028, -34.2002], [-58.9732, -34.1286], [-58.978, -34.1132], [-59.0096, -34.0989], [-59.0006, -34.0878], [-58.9662, -33.9606], [-58.9552, -33.9639], [-58.9333, -33.9574], [-58.8634, -33.9575], [-58.8518, -33.9485], [-58.8713, -33.9334], [-58.8998, -33.891], [-58.9336, -33.8744], [-58.9779, -33.8704], [-58.9866, -33.8608], [-58.9929, -33.8418], [-59.0014, -33.8409], [-59.0205, -33.8489], [-59.0555, -33.8324], [-59.1126, -33.8483], [-59.1307, -33.8477], [-59.1598, -33.824], [-59.1681, -33.8094], [-59.178, -33.8064], [-59.2188, -33.8147], [-59.2526, -33.815], [-59.2881, -33.8258], [-59.3025, -33.8491], [-59.301, -33.855], [-59.2738, -33.8711], [-59.2556, -33.8903], [-59.2399, -33.8961], [-59.2284, -33.9219], [-59.2332, -33.9279], [-59.2543, -33.9315], [-59.2591, -33.9413], [-59.2712, -33.9329], [-59.2968, -33.9318], [-59.3092, -33.9241], [-59.3228, -33.9313], [-59.332, -33.9248], [-59.3408, -33.9256], [-59.347, -33.9353], [-59.346, -33.945], [-59.3408, -33.9484], [-59.3454, -33.9523], [-59.3394, -33.9558], [-59.3312, -33.9805], [-59.3347, -33.9809], [-59.314, -34.0049], [-59.3145, -34.0144], [-59.3082, -34.0186], [-59.3007, -34.0444], [-59.3027, -34.0637], [-59.2685, -34.0845], [-59.266, -34.0915], [-59.2737, -34.1075], [-59.2761, -34.127], [-59.2726, -34.1327], [-59.2793, -34.1459], [-59.3121, -34.1611]]]}}, {"type": "Feature", "properties": {"osm_type": "relation", "osm_id": 304622726, "name": "Florentino Ameghino", "admin_level": "6", "kind": "subdivision_2", "parent_osm_id": 1632167, "parent_name": "Buenos Aires", "parent_iso": "AR-B"}, "geometry": {"type": "Polygon", "coordinates": [[[-62.3476, -34.6538], [-62.5838, -34.6107], [-62.5938, -34.6501], [-62.6086, -34.636], [-62.6212, -34.6322], [-62.6058, -34.9965], [-62.6415, -34.997], [-62.5484, -35.0736], [-62.4713, -35.0102], [-62.2851, -35.1636], [-62.1662, -35.0664], [-62.1861, -35.0499], [-62.1051, -34.9839], [-62.185, -34.9174], [-62.1822, -34.9155], [-62.2061, -34.8891], [-62.2205, -34.8895], [-62.2225, -34.8546], [-62.2832, -34.8559], [-62.2854, -34.8136], [-62.3051, -34.8125], [-62.2401, -34.762], [-62.2631, -34.7427], [-62.1878, -34.6825], [-62.3476, -34.6538]]]}}, {"type": "Feature", "properties": {"osm_type": "relation", "osm_id": 671433113, "name": "Presidente Perón", "admin_level": "6", "kind": "subdivision_2", "parent_osm_id": 1632167, "parent_name": "Buenos Aires", "parent_iso": "AR-B"}, "geometry": {"type": "Polygon", "coordinates": [[[-58.4915, -34.9283], [-58.4635, -34.9514], [-58.4683, -35.0106], [-58.4304, -34.978], [-58.4223, -34.9817], [-58.4125, -34.9729], [-58.4082, -34.9777], [-58.4017, -34.9745], [-58.3897, -34.9658], [-58.3946, -34.9588], [-58.3777, -34.9505], [-58.378, -34.9556], [-58.2946, -34.915], [-58.2758, -34.9162], [-58.3125, -34.8748], [-58.3422, -34.8907], [-58.3463, -34.885], [-58.3964, -34.9099], [-58.4159, -34.883], [-58.4088, -34.8795], [-58.4131, -34.8735], [-58.4223, -34.886], [-58.4643, -34.908], [-58.4915, -34.9283]]]}}, {"type": "Feature", "properties": {"osm_type": "relation", "osm_id": 518142669, "name": "Lomas de Zamora", "admin_level": "6", "kind": "subdivision_2", "parent_osm_id": 1632167, "parent_name": "Buenos Aires", "parent_iso": "AR-B"}, "geometry": {"type": "Polygon", "coordinates": [[[-58.501, -34.7228], [-58.4306, -34.8172], [-58.4052, -34.8046], [-58.4102, -34.7987], [-58.3587, -34.7714], [-58.362, -34.7674], [-58.3368, -34.7543], [-58.3469, -34.7392], [-58.3667, -34.7455], [-58.3862, -34.7371], [-58.4133, -34.7328], [-58.4269, -34.722], [-58.447, -34.6889], [-58.4845, -34.7276], [-58.4843, -34.7323], [-58.501, -34.7228]]]}}, {"type": "Feature", "properties": {"osm_type": "relation", "osm_id": 437751772, "name": "Carlos Tejedor", "admin_level": "6", "kind": "subdivision_2", "parent_osm_id": 1632167, "parent_name": "Buenos Aires", "parent_iso": "AR-B"}, "geometry": {"type": "Polygon", "coordinates": [[[-62.3367, -35.7833], [-62.0979, -35.5913], [-62.1297, -35.5649], [-62.0496, -35.5014], [-61.9872, -35.5519], [-61.9063, -35.4857], [-62.1492, -35.2837], [-62.1451, -35.2803], [-62.2259, -35.2129], [-62.211, -35.2008], [-62.2704, -35.1518], [-62.2851, -35.1636], [-62.4713, -35.0102], [-62.5484, -35.0736], [-62.6101, -35.0224], [-62.6883, -35.0853], [-62.6572, -35.1109], [-62.6769, -35.1266], [-62.7077, -35.1014], [-62.8994, -35.2592], [-62.8639, -35.2884], [-62.8933, -35.3114], [-62.8462, -35.3506], [-62.8729, -35.3714], [-62.8031, -35.4295], [-62.777, -35.4085], [-62.6851, -35.4856], [-62.6929, -35.492], [-62.3367, -35.7833]]]}}, {"type": "Feature", "properties": {"osm_type": "relation", "osm_id": 263214065, "name": "San Pedro", "admin_level": "6", "kind": "subdivision_2", "parent_osm_id": 1632167, "parent_name": "Buenos Aires", "parent_iso": "AR-B"}, "geometry": {"type": "Polygon", "coordinates": [[[-60.0243, -33.8266], [-59.7864, -34.0112], [-59.7727, -34.0119], [-59.7302, -33.9854], [-59.7309, -33.9795], [-59.7163, -33.9626], [-59.7179, -33.9559], [-59.7119, -33.9537], [-59.7134, -33.9451], [-59.6851, -33.9328], [-59.679, -33.9215], [-59.6532, -33.9171], [-59.6535, -33.9109], [-59.6349, -33.894], [-59.6377, -33.8912], [-59.6339, -33.8916], [-59.6357, -33.8869], [-59.6274, -33.8775], [-59.614, -33.8731], [-59.6098, -33.8645], [-59.6046, -33.866], [-59.6085, -33.8631], [-59.6071, -33.8566], [-59.5986, -33.8482], [-59.6028, -33.822], [-59.5982, -33.8234], [-59.5904, -33.817], [-59.5924, -33.7951], [-59.5882, -33.7896], [-59.58, -33.7902], [-59.5764, -33.7795], [-59.5678, -33.7725], [-59.5103, -33.7787], [-59.5329, -33.7657], [-59.5626, -33.7592], [-59.4916, -33.6409], [-59.5042, -33.6336], [-59.5313, -33.6354], [-59.6081, -33.695], [-59.6271, -33.6845], [-59.6344, -33.6654], [-59.6364, -33.6425], [-59.6644, -33.6175], [-59.6934, -33.6105], [-59.7189, -33.6229], [-59.7498, -33.6193], [-59.7886, -33.6046], [-59.8077, -33.5885], [-59.8095, -33.582], [-59.8313, -33.5801], [-60.0418, -33.7694], [-60.0495, -33.7633], [-60.0711, -33.7806], [-60.0169, -33.8265], [-60.0243, -33.8266]]]}}, {"type": "Feature", "properties": {"osm_type": "relation", "osm_id": 379514012, "name": "Suipacha", "admin_level": "6", "kind": "subdivision_2", "parent_osm_id": 1632167, "parent_name": "Buenos Aires", "parent_iso": "AR-B"}, "geometry": {"type": "Polygon", "coordinates": [[[-59.8848, -34.619], [-59.9445, -34.6717], [-59.79, -34.7882], [-59.8103, -34.8065], [-59.7982, -34.8252], [-59.7908, -34.8257], [-59.7933, -34.8304], [-59.7824, -34.8435], [-59.7708, -34.8442], [-59.7502, -34.8739], [-59.6985, -34.8972], [-59.6732, -34.9309], [-59.6583, -34.9363], [-59.6612, -34.9387], [-59.6325, -34.9605], [-59.6347, -34.9574], [-59.4661, -34.873], [-59.5232, -34.8292], [-59.4922, -34.8027], [-59.5323, -34.77], [-59.5263, -34.765], [-59.6297, -34.6907], [-59.7166, -34.6203], [-59.673, -34.5828], [-59.7547, -34.5179], [-59.8396, -34.5894], [-59.8453, -34.5853], [-59.8848, -34.619]]]}}, {"type": "Feature", "properties": {"osm_type": "relation", "osm_id": 623969443, "name": "Salto", "admin_level": "6", "kind": "subdivision_2", "parent_osm_id": 1632167, "parent_name": "Buenos Aires", "parent_iso": "AR-B"}, "geometry": {"type": "Polygon", "coordinates": [[[-60.4967, -34.1767], [-60.47, -34.2001], [-60.49, -34.2196], [-60.491, -34.2317], [-60.5355, -34.2557], [-60.5396, -34.2683], [-60.5487, -34.2759], [-60.5354, -34.3326], [-60.539, -34.3496], [-60.5461, -34.3619], [-60.5781, -34.3923], [-60.5165, -34.4394], [-60.4891, -34.4156], [-60.4037, -34.4804], [-60.3759, -34.4568], [-60.3218, -34.4991], [-60.244, -34.4286], [-60.2085, -34.4566], [-60.1546, -34.4096], [-60.1429, -34.4188], [-60.0838, -34.3675], [-60.0648, -34.3826], [-60.0037, -34.329], [-60.0116, -34.3224], [-59.9708, -34.2867], [-60.0498, -34.2664], [-60.0786, -34.2537], [-60.077, -34.2498], [-60.203, -34.2033], [-60.2065, -34.1709], [-60.1851, -34.1358], [-60.1876, -34.1193], [-60.1831, -34.0991], [-60.1734, -34.0676], [-60.1666, -34.0607], [-60.1951, -34.0515], [-60.1945, -34.0456], [-60.2044, -34.0356], [-60.232, -34.0223], [-60.2339, -34.0143], [-60.2435, -34.0071], [-60.2696, -34.0094], [-60.2823, -34.0063], [-60.2869, -34.0004], [-60.3113, -34.0001], [-60.414, -34.0932], [-60.4088, -34.0973], [-60.4967, -34.1767]]]}}]}