{"type": "FeatureCollection", "parent": {"osm_id": 1673425, "name": "Chihuahua", "admin_level": "4", "kind": "subdivision_1", "child_kind": "subdivision_2", "iso": "MX-CHH"}, "features": [{"type": "Feature", "properties": {"osm_type": "relation", "osm_id": 551166457, "name": "Bachíniva", "admin_level": "6", "kind": "subdivision_2", "parent_osm_id": 1673425, "parent_name": "Chihuahua", "parent_iso": "MX-CHH"}, "geometry": {"type": "Polygon", "coordinates": [[[-107.2274, 28.6329], [-107.2216, 28.6343], [-107.2166, 28.6631], [-107.2194, 28.6709], [-107.2044, 28.6776], [-107.1957, 28.6969], [-107.1953, 28.7046], [-107.2058, 28.7078], [-107.1788, 28.7433], [-107.1667, 28.74], [-107.1619, 28.757], [-107.1783, 28.7831], [-107.1887, 28.7836], [-107.1922, 28.7911], [-107.1871, 28.8056], [-107.1387, 28.8077], [-107.1332, 28.8153], [-107.1143, 28.8154], [-107.1074, 28.8292], [-107.1128, 28.8373], [-107.109, 28.8449], [-107.1128, 28.8464], [-107.1148, 28.873], [-107.1348, 28.8848], [-107.1447, 28.903], [-107.1809, 28.916], [-107.189, 28.934], [-107.1964, 28.9348], [-107.1965, 28.949], [-107.2024, 28.9504], [-107.1994, 28.9713], [-107.2152, 28.9976], [-107.2301, 29.0113], [-107.2583, 29.0183], [-107.2685, 29.0452], [-107.2738, 29.0472], [-107.2622, 29.0711], [-107.3224, 29.0806], [-107.3324, 29.0565], [-107.3564, 29.0602], [-107.357, 29.0504], [-107.3362, 29.024], [-107.3359, 29.0163], [-107.346, 29.0144], [-107.3401, 29.0132], [-107.3443, 28.9946], [-107.3909, 28.9997], [-107.3981, 29.0068], [-107.4128, 28.9992], [-107.431, 28.9988], [-107.4349, 28.9752], [-107.4575, 28.9747], [-107.4573, 28.9467], [-107.4282, 28.9469], [-107.4201, 28.9148], [-107.4486, 28.9124], [-107.44, 28.886], [-107.4416, 28.8815], [-107.4476, 28.8869], [-107.4468, 28.8823], [-107.4339, 28.8609], [-107.4336, 28.8443], [-107.4244, 28.8308], [-107.441, 28.8206], [-107.432, 28.8105], [-107.4318, 28.7993], [-107.443, 28.7985], [-107.448, 28.7916], [-107.4183, 28.7658], [-107.3897, 28.7633], [-107.3748, 28.7457], [-107.3746, 28.7338], [-107.3787, 28.7296], [-107.3612, 28.7154], [-107.3437, 28.7164], [-107.3358, 28.712], [-107.3218, 28.7202], [-107.3113, 28.7126], [-107.3251, 28.6758], [-107.3109, 28.6752], [-107.31, 28.6807], [-107.2836, 28.6692], [-107.2689, 28.6504], [-107.281, 28.6496], [-107.2807, 28.6462], [-107.2683, 28.6449], [-107.2579, 28.6252], [-107.2274, 28.6329]]]}}, {"type": "Feature", "properties": {"osm_type": "relation", "osm_id": 921205039, "name": "Juárez", "admin_level": "6", "kind": "subdivision_2", "parent_osm_id": 1673425, "parent_name": "Chihuahua", "parent_iso": "MX-CHH"}, "geometry": {"type": "Polygon", "coordinates": [[[-106.1833, 31.4582], [-106.2081, 31.4676], [-106.2196, 31.4815], [-106.2238, 31.5001], [-106.2363, 31.5132], [-106.2472, 31.5428], [-106.2804, 31.5623], [-106.3025, 31.6108], [-106.3032, 31.6223], [-106.334, 31.6628], [-106.3502, 31.6975], [-106.3721, 31.7126], [-106.3813, 31.7323], [-106.4168, 31.7516], [-106.4521, 31.7646], [-106.4663, 31.7599], [-106.4732, 31.7505], [-106.4875, 31.7477], [-106.51, 31.7615], [-106.5127, 31.7694], [-106.5285, 31.7838], [-106.8677, 31.7838], [-106.8606, 31.7631], [-106.8631, 31.7556], [-106.8582, 31.7463], [-106.8458, 31.7414], [-106.8315, 31.6747], [-106.8775, 31.6224], [-106.8336, 31.6173], [-106.8002, 31.6052], [-106.7543, 31.6067], [-106.749, 31.6034], [-106.7498, 31.5042], [-106.7415, 31.5041], [-106.7507, 31.4997], [-106.7481, 31.492], [-106.7398, 31.4793], [-106.7087, 31.4666], [-106.7213, 31.4547], [-106.6888, 31.432], [-106.7055, 31.4207], [-106.7417, 31.4081], [-106.7418, 31.4003], [-106.8485, 31.4012], [-106.8469, 31.3718], [-106.9516, 31.3359], [-106.9225, 31.2369], [-106.8822, 31.2341], [-106.864, 31.1873], [-106.8359, 31.1517], [-106.8219, 31.1456], [-106.8267, 31.1233], [-106.8213, 31.12], [-106.777, 31.1251], [-106.7458, 31.1379], [-106.7456, 31.1603], [-106.6873, 31.1648], [-106.659, 31.1743], [-106.642, 31.1699], [-106.6147, 31.152], [-106.6076, 31.1553], [-106.5896, 31.1514], [-106.5015, 31.1525], [-106.5074, 31.1873], [-106.3908, 31.1876], [-106.3968, 31.159], [-106.374, 31.1547], [-106.3669, 31.1871], [-106.3103, 31.1537], [-106.2643, 31.1766], [-106.2646, 31.2546], [-106.2717, 31.2452], [-106.2804, 31.254], [-106.2804, 31.272], [-106.2636, 31.2731], [-106.2661, 31.3182], [-106.255, 31.3176], [-106.2552, 31.3231], [-106.2665, 31.3227], [-106.2701, 31.3706], [-106.281, 31.3712], [-106.2595, 31.4339], [-106.2349, 31.4102], [-106.2223, 31.4165], [-106.1984, 31.4431], [-106.1821, 31.4518], [-106.1833, 31.4582]]]}}, {"type": "Feature", "properties": {"osm_type": "relation", "osm_id": 558563724, "name": "Casas Grandes", "admin_level": "6", "kind": "subdivision_2", "parent_osm_id": 1673425, "parent_name": "Chihuahua", "parent_iso": "MX-CHH"}, "geometry": {"type": "Polygon", "coordinates": [[[-107.9373, 30.6619], [-108.0179, 30.6519], [-108.0212, 30.6595], [-108.0382, 30.6515], [-108.0366, 30.6642], [-108.0579, 30.6806], [-108.1101, 30.6754], [-108.1073, 30.6609], [-108.0721, 30.6268], [-108.0741, 30.603], [-108.0965, 30.5931], [-108.1139, 30.5946], [-108.1718, 30.5606], [-108.1568, 30.5366], [-108.1604, 30.5289], [-108.1708, 30.5321], [-108.1767, 30.5404], [-108.1902, 30.5325], [-108.1939, 30.5104], [-108.2083, 30.4966], [-108.2092, 30.4876], [-108.2296, 30.4808], [-108.2131, 30.4625], [-108.2017, 30.4584], [-108.1825, 30.4598], [-108.1736, 30.4449], [-108.1821, 30.4459], [-108.2198, 30.4152], [-108.2152, 30.3994], [-108.2001, 30.3927], [-108.2014, 30.377], [-108.2533, 30.3791], [-108.279, 30.3914], [-108.3028, 30.3945], [-108.3362, 30.3915], [-108.344, 30.3982], [-108.3491, 30.3962], [-108.3464, 30.386], [-108.3725, 30.3733], [-108.3667, 30.3582], [-108.372, 30.347], [-108.3815, 30.3449], [-108.3835, 30.3398], [-108.3963, 30.3464], [-108.4077, 30.3469], [-108.4061, 30.3363], [-108.436, 30.3438], [-108.4414, 30.3022], [-108.4756, 30.3043], [-108.5017, 30.2641], [-108.5054, 30.1797], [-108.6176, 30.236], [-108.6117, 30.1023], [-108.6182, 30.0895], [-108.6145, 30.0893], [-108.6147, 30.0578], [-108.6069, 30.0286], [-108.6155, 29.9659], [-108.6285, 29.9534], [-108.6229, 29.9505], [-108.6188, 29.9313], [-108.6141, 29.8811], [-108.5951, 29.8946], [-108.5543, 29.8981], [-108.5645, 29.924], [-108.5103, 30.0052], [-108.3625, 30.0048], [-108.3625, 29.9601], [-108.3106, 29.9601], [-108.3106, 30.005], [-108.2234, 30.0052], [-108.2231, 29.7584], [-108.1275, 29.7583], [-108.1122, 29.75], [-108.0978, 29.7766], [-108.0229, 29.7774], [-108.0272, 29.7871], [-108.0192, 29.8007], [-108.0237, 29.8248], [-108.0183, 29.8403], [-108.0001, 29.8646], [-107.9988, 29.8818], [-108.0042, 29.8856], [-107.9965, 29.8875], [-107.9991, 29.8924], [-107.995, 29.8955], [-108.0033, 29.903], [-107.9979, 29.9056], [-108.002, 29.9143], [-107.9914, 29.9114], [-107.9855, 29.915], [-107.9864, 29.9276], [-107.9958, 29.9312], [-107.9888, 29.938], [-107.9948, 29.9483], [-107.9888, 29.9503], [-107.9978, 29.9676], [-107.9947, 29.9698], [-108.0049, 29.9816], [-108.005, 29.9963], [-108.0128, 29.9989], [-108.0096, 30.004], [-108.0151, 30.0042], [-108.0144, 30.0118], [-108.0035, 30.0058], [-108.0019, 30.0121], [-107.9899, 30.0167], [-107.99, 30.024], [-107.972, 30.0264], [-107.9519, 30.0201], [-107.9475, 30.0258], [-107.9258, 30.0182], [-107.9334, 30.025], [-107.9264, 30.0468], [-107.9336, 30.0442], [-107.9368, 30.0534], [-107.9317, 30.0672], [-107.9418, 30.0721], [-107.9436, 30.081], [-107.9613, 30.0918], [-107.9582, 30.0954], [-107.9638, 30.0991], [-107.9502, 30.2252], [-107.9809, 30.2263], [-107.9843, 30.2325], [-107.9985, 30.2325], [-107.9902, 30.2452], [-107.9782, 30.2484], [-107.9679, 30.2456], [-107.9627, 30.2502], [-107.9561, 30.2888], [-107.9439, 30.3014], [-107.9482, 30.3062], [-107.9495, 30.3258], [-107.9366, 30.3343], [-107.9283, 30.3599], [-107.9384, 30.3746], [-107.9361, 30.3963], [-107.9386, 30.4139], [-107.9444, 30.4178], [-107.9401, 30.4234], [-107.9437, 30.4378], [-107.942, 30.4436], [-107.9337, 30.447], [-107.9375, 30.4536], [-107.9262, 30.4615], [-107.9296, 30.4659], [-107.9215, 30.4702], [-107.9204, 30.4752], [-107.9258, 30.48], [-107.9204, 30.4869], [-107.9191, 30.5093], [-107.9147, 30.5116], [-107.9179, 30.5206], [-107.9107, 30.5275], [-107.9142, 30.5445], [-107.9105, 30.5451], [-107.9163, 30.5492], [-107.9123, 30.5857], [-107.918, 30.5874], [-107.9124, 30.5979], [-107.9161, 30.6083], [-107.9199, 30.6083], [-107.9221, 30.6339], [-107.9373, 30.6619]]]}}, {"type": "Feature", "properties": {"osm_type": "relation", "osm_id": 533150401, "name": "Nuevo Casas Grandes", "admin_level": "6", "kind": "subdivision_2", "parent_osm_id": 1673425, "parent_name": "Chihuahua", "parent_iso": "MX-CHH"}, "geometry": {"type": "Polygon", "coordinates": [[[-107.9562, 30.1637], [-107.8721, 30.1561], [-107.8681, 30.1595], [-107.8362, 30.1537], [-107.8294, 30.1613], [-107.8217, 30.1569], [-107.798, 30.1683], [-107.7832, 30.1837], [-107.7666, 30.1841], [-107.7359, 30.1759], [-107.7278, 30.2301], [-107.774, 30.2634], [-107.7754, 30.383], [-107.7442, 30.3814], [-107.7292, 30.3758], [-107.7132, 30.3812], [-107.6975, 30.3801], [-107.6838, 30.387], [-107.6723, 30.3773], [-107.6463, 30.3738], [-107.639, 30.3679], [-107.6195, 30.3684], [-107.6175, 30.3773], [-107.5822, 30.3774], [-107.5843, 30.4491], [-107.508, 30.4256], [-107.508, 30.3777], [-107.4602, 30.3311], [-107.406, 30.3397], [-107.419, 30.4138], [-107.4491, 30.4557], [-107.4853, 30.4883], [-107.4139, 30.4895], [-107.4117, 30.5593], [-107.4296, 30.5619], [-107.4335, 30.5676], [-107.4168, 30.5796], [-107.416, 30.5848], [-107.4275, 30.5957], [-107.4197, 30.6135], [-107.4299, 30.6378], [-107.4361, 30.6362], [-107.4402, 30.644], [-107.4641, 30.6467], [-107.4782, 30.6705], [-107.4765, 30.6839], [-107.508, 30.6835], [-107.5079, 30.7585], [-107.5255, 30.7584], [-107.5262, 30.783], [-107.616, 30.7196], [-107.6348, 30.7212], [-107.6291, 30.7645], [-107.6815, 30.7818], [-107.6972, 30.8061], [-107.7041, 30.8059], [-107.6954, 30.8256], [-107.7062, 30.8226], [-107.7348, 30.8281], [-107.7663, 30.8142], [-107.8017, 30.8593], [-107.9291, 30.8051], [-107.921, 30.8138], [-107.9123, 30.8447], [-107.9837, 30.8115], [-107.9801, 30.7751], [-107.9718, 30.7698], [-107.9753, 30.7671], [-107.9598, 30.7266], [-107.9514, 30.7254], [-107.9549, 30.7206], [-107.9473, 30.7163], [-107.9478, 30.6951], [-107.9522, 30.6907], [-107.948, 30.6879], [-107.9485, 30.6777], [-107.9431, 30.6781], [-107.9267, 30.6453], [-107.9199, 30.6083], [-107.9161, 30.6083], [-107.912, 30.5954], [-107.918, 30.5874], [-107.9123, 30.5857], [-107.9163, 30.5492], [-107.9105, 30.5451], [-107.9142, 30.5445], [-107.9107, 30.5275], [-107.9179, 30.5206], [-107.9147, 30.5116], [-107.9191, 30.5093], [-107.9204, 30.4869], [-107.9258, 30.48], [-107.9204, 30.4752], [-107.9296, 30.4659], [-107.9262, 30.4615], [-107.9314, 30.4545], [-107.9375, 30.4536], [-107.9337, 30.447], [-107.942, 30.4436], [-107.9437, 30.4378], [-107.9401, 30.4234], [-107.9444, 30.4178], [-107.9386, 30.4139], [-107.9361, 30.3963], [-107.9384, 30.3746], [-107.9293, 30.3644], [-107.929, 30.3554], [-107.9366, 30.3343], [-107.9495, 30.3258], [-107.9482, 30.3062], [-107.9439, 30.3014], [-107.9561, 30.2888], [-107.9627, 30.2502], [-107.9679, 30.2456], [-107.9782, 30.2484], [-107.9902, 30.2452], [-107.9985, 30.2325], [-107.9843, 30.2325], [-107.9809, 30.2263], [-107.9502, 30.2252], [-107.9562, 30.1637]]]}}, {"type": "Feature", "properties": {"osm_type": "relation", "osm_id": 183622432, "name": "Praxedis G. Guerrero", "admin_level": "6", "kind": "subdivision_2", "parent_osm_id": 1673425, "parent_name": "Chihuahua", "parent_iso": "MX-CHH"}, "geometry": {"type": "Polygon", "coordinates": [[[-105.8085, 31.2188], [-105.8703, 31.2897], [-105.8933, 31.2904], [-105.9086, 31.3127], [-105.9334, 31.3137], [-105.9476, 31.3396], [-105.9453, 31.3521], [-105.9535, 31.3641], [-105.9715, 31.3666], [-106.0034, 31.3922], [-106.0203, 31.3938], [-106.0274, 31.3768], [-106.0253, 31.3543], [-106.0309, 31.2992], [-105.9906, 31.2781], [-105.9966, 31.2534], [-106.0359, 31.2319], [-106.0074, 31.1805], [-105.9911, 31.1849], [-105.9698, 31.1654], [-105.9605, 31.1668], [-105.9389, 31.1592], [-105.9316, 31.1636], [-105.9193, 31.1466], [-105.8389, 31.1037], [-105.8287, 31.117], [-105.8069, 31.1076], [-105.8257, 31.2028], [-105.8085, 31.2188]]]}}, {"type": "Feature", "properties": {"osm_type": "relation", "osm_id": 437785358, "name": "Ascensión", "admin_level": "6", "kind": "subdivision_2", "parent_osm_id": 1673425, "parent_name": "Chihuahua", "parent_iso": "MX-CHH"}, "geometry": {"type": "Polygon", "coordinates": [[[-106.8677, 31.7838], [-108.2084, 31.7838], [-108.2086, 31.2126], [-108.174, 31.2126], [-108.1725, 31.1934], [-108.1565, 31.1709], [-108.0977, 31.1063], [-108.1201, 31.0904], [-108.1123, 31.0468], [-108.0458, 31.0461], [-108.0459, 31.0373], [-108.0142, 31.0383], [-108.0099, 30.9365], [-107.9946, 30.9281], [-107.9911, 30.9098], [-107.9791, 30.8926], [-107.9826, 30.8788], [-107.9722, 30.8678], [-107.9994, 30.8568], [-107.9896, 30.8382], [-107.9912, 30.8265], [-107.9837, 30.8115], [-107.9123, 30.8447], [-107.921, 30.8138], [-107.9291, 30.8051], [-107.8017, 30.8593], [-107.7663, 30.8142], [-107.7348, 30.8281], [-107.7062, 30.8226], [-107.6954, 30.8256], [-107.7041, 30.8059], [-107.6972, 30.8061], [-107.6815, 30.7818], [-107.6291, 30.7645], [-107.6348, 30.7212], [-107.616, 30.7196], [-107.5262, 30.783], [-107.5255, 30.7584], [-107.3995, 30.7584], [-107.3624, 30.836], [-107.3507, 30.8363], [-107.3511, 30.8172], [-107.3277, 30.8259], [-107.3239, 30.8236], [-107.3101, 30.8121], [-107.31, 30.8011], [-107.2991, 30.7901], [-107.3002, 30.779], [-107.2848, 30.7655], [-107.2629, 30.7562], [-107.2614, 30.7698], [-107.2466, 30.7844], [-107.2385, 30.8052], [-107.2051, 30.8081], [-107.1893, 30.8011], [-107.1571, 30.865], [-107.0993, 30.8638], [-107.0859, 30.872], [-107.1004, 30.8817], [-107.1007, 30.8865], [-107.0916, 30.9076], [-107.0797, 30.9121], [-107.0722, 30.9334], [-107.0737, 30.9553], [-107.0466, 30.9541], [-107.0456, 31.0219], [-107.0414, 31.0219], [-107.0404, 31.0548], [-107.0451, 31.0591], [-107.0449, 31.0861], [-106.8949, 31.0854], [-106.8948, 31.1521], [-106.8607, 31.1459], [-106.8267, 31.1233], [-106.8239, 31.1277], [-106.8219, 31.1456], [-106.8359, 31.1517], [-106.864, 31.1873], [-106.8822, 31.2341], [-106.9225, 31.2369], [-106.9516, 31.3359], [-106.8469, 31.3718], [-106.8485, 31.4012], [-106.7418, 31.4003], [-106.7417, 31.4081], [-106.7055, 31.4207], [-106.6888, 31.432], [-106.7213, 31.4547], [-106.7087, 31.4666], [-106.7398, 31.4793], [-106.7481, 31.492], [-106.7507, 31.4997], [-106.7415, 31.5041], [-106.7498, 31.5042], [-106.749, 31.6034], [-106.7543, 31.6067], [-106.8002, 31.6052], [-106.8336, 31.6173], [-106.8775, 31.6224], [-106.8315, 31.6747], [-106.8458, 31.7414], [-106.8582, 31.7463], [-106.8631, 31.7556], [-106.8606, 31.7631], [-106.8677, 31.7838]]]}}, {"type": "Feature", "properties": {"osm_type": "relation", "osm_id": 877964595, "name": "Gómez Farías", "admin_level": "6", "kind": "subdivision_2", "parent_osm_id": 1673425, "parent_name": "Chihuahua", "parent_iso": "MX-CHH"}, "geometry": {"type": "Polygon", "coordinates": [[[-107.5804, 29.4192], [-107.6016, 29.4135], [-107.7123, 29.446], [-107.7218, 29.4814], [-107.7719, 29.4829], [-107.7677, 29.4778], [-107.773, 29.4706], [-107.7792, 29.4855], [-107.7855, 29.4787], [-107.785, 29.488], [-107.7906, 29.4838], [-107.7862, 29.4952], [-107.7995, 29.5056], [-107.8208, 29.5368], [-107.8276, 29.5278], [-107.8342, 29.5327], [-107.847, 29.5248], [-107.8595, 29.5082], [-107.8711, 29.5085], [-107.8828, 29.5177], [-107.8926, 29.5157], [-107.8928, 29.5083], [-107.904, 29.5022], [-107.8882, 29.4723], [-107.8647, 29.4497], [-107.8514, 29.4498], [-107.8497, 29.457], [-107.8458, 29.4497], [-107.8299, 29.4499], [-107.8269, 29.417], [-107.8232, 29.4172], [-107.826, 29.39], [-107.8817, 29.396], [-107.8855, 29.3948], [-107.8855, 29.3674], [-107.9062, 29.3673], [-107.9062, 29.3307], [-107.9187, 29.3307], [-107.9185, 29.3115], [-107.9134, 29.3098], [-107.9133, 29.3032], [-107.9061, 29.3029], [-107.906, 29.2894], [-107.9229, 29.2891], [-107.911, 29.2709], [-107.9149, 29.2661], [-107.9095, 29.2585], [-107.903, 29.2594], [-107.8973, 29.2439], [-107.8982, 29.2514], [-107.8912, 29.2573], [-107.8849, 29.2526], [-107.8743, 29.2552], [-107.8681, 29.2495], [-107.8664, 29.2551], [-107.8483, 29.2408], [-107.8439, 29.2569], [-107.8328, 29.2387], [-107.8194, 29.2295], [-107.8104, 29.2355], [-107.7962, 29.2306], [-107.7677, 29.2408], [-107.755, 29.2258], [-107.7389, 29.2237], [-107.7317, 29.2294], [-107.7021, 29.2021], [-107.7092, 29.19], [-107.7067, 29.177], [-107.71, 29.1705], [-107.6996, 29.1631], [-107.6844, 29.1698], [-107.6677, 29.1681], [-107.6636, 29.1561], [-107.6476, 29.1552], [-107.6013, 29.1799], [-107.5608, 29.3633], [-107.5893, 29.3669], [-107.5804, 29.4192]]]}}, {"type": "Feature", "properties": {"osm_type": "relation", "osm_id": 989758529, "name": "Chínipas", "admin_level": "6", "kind": "subdivision_2", "parent_osm_id": 1673425, "parent_name": "Chihuahua", "parent_iso": "MX-CHH"}, "geometry": {"type": "Polygon", "coordinates": [[[-108.5139, 27.7791], [-108.5295, 27.8028], [-108.6071, 27.7955], [-108.6154, 27.7841], [-108.6298, 27.7802], [-108.6381, 27.7682], [-108.6374, 27.7597], [-108.6456, 27.7674], [-108.6554, 27.7624], [-108.639, 27.7476], [-108.6319, 27.7471], [-108.6259, 27.7231], [-108.6351, 27.7177], [-108.6337, 27.71], [-108.6724, 27.6762], [-108.6445, 27.6496], [-108.6624, 27.6507], [-108.6684, 27.6398], [-108.7038, 27.629], [-108.7182, 27.6298], [-108.7252, 27.6364], [-108.7399, 27.6], [-108.723, 27.5881], [-108.7128, 27.5662], [-108.6553, 27.5438], [-108.653, 27.469], [-108.6616, 27.4647], [-108.6334, 27.4281], [-108.6277, 27.4106], [-108.6291, 27.3829], [-108.591, 27.3181], [-108.6256, 27.2892], [-108.6644, 27.2394], [-108.6581, 27.2317], [-108.6626, 27.2195], [-108.6533, 27.19], [-108.6493, 27.1912], [-108.6475, 27.1867], [-108.6532, 27.1761], [-108.6443, 27.1788], [-108.6224, 27.1569], [-108.6114, 27.1541], [-108.6007, 27.119], [-108.597, 27.0769], [-108.6062, 27.0636], [-108.6023, 27.0369], [-108.5625, 27.046], [-108.5722, 27.0127], [-108.5518, 26.9971], [-108.5025, 26.9874], [-108.5044, 27.0072], [-108.5009, 27.0044], [-108.4973, 27.0134], [-108.4836, 27.0185], [-108.486, 27.0288], [-108.4917, 27.0314], [-108.4755, 27.0399], [-108.4699, 27.0313], [-108.4644, 27.0511], [-108.4765, 27.0558], [-108.4728, 27.0618], [-108.4769, 27.0734], [-108.4716, 27.0808], [-108.4742, 27.0914], [-108.495, 27.1091], [-108.4902, 27.1291], [-108.4949, 27.1354], [-108.4934, 27.1487], [-108.4884, 27.1624], [-108.4814, 27.1626], [-108.4772, 27.1694], [-108.4846, 27.1829], [-108.4782, 27.1949], [-108.4693, 27.1972], [-108.4662, 27.2095], [-108.4707, 27.2167], [-108.4666, 27.2201], [-108.4509, 27.2157], [-108.4466, 27.2363], [-108.4382, 27.2385], [-108.4283, 27.2302], [-108.4169, 27.2319], [-108.4083, 27.2249], [-108.3956, 27.2287], [-108.39, 27.2338], [-108.3876, 27.2481], [-108.3824, 27.2484], [-108.3841, 27.252], [-108.3769, 27.2596], [-108.3679, 27.2598], [-108.3622, 27.2669], [-108.3666, 27.2695], [-108.3619, 27.2701], [-108.3618, 27.2771], [-108.3523, 27.2861], [-108.3457, 27.284], [-108.3389, 27.295], [-108.3422, 27.3118], [-108.3619, 27.3416], [-108.3529, 27.3615], [-108.357, 27.3722], [-108.3518, 27.3757], [-108.3615, 27.385], [-108.3642, 27.4178], [-108.3741, 27.4153], [-108.3881, 27.4005], [-108.397, 27.4045], [-108.4066, 27.4013], [-108.411, 27.4108], [-108.4493, 27.4347], [-108.4536, 27.4476], [-108.4481, 27.4569], [-108.4528, 27.4638], [-108.4605, 27.4631], [-108.4661, 27.4803], [-108.4713, 27.4831], [-108.4669, 27.491], [-108.468, 27.509], [-108.4737, 27.5162], [-108.4716, 27.5225], [-108.4784, 27.5271], [-108.4675, 27.5346], [-108.4689, 27.5404], [-108.4576, 27.5568], [-108.4626, 27.569], [-108.4534, 27.5692], [-108.4419, 27.5837], [-108.372, 27.5575], [-108.2915, 27.6417], [-108.2684, 27.6938], [-108.2919, 27.74], [-108.3317, 27.7466], [-108.3215, 27.7365], [-108.3293, 27.7111], [-108.3815, 27.6812], [-108.3684, 27.6998], [-108.3778, 27.7175], [-108.385, 27.7167], [-108.3968, 27.755], [-108.4093, 27.7597], [-108.4234, 27.7554], [-108.4177, 27.7605], [-108.4328, 27.7837], [-108.4475, 27.7746], [-108.4759, 27.7755], [-108.4999, 27.7577], [-108.5139, 27.7791]]]}}, {"type": "Feature", "properties": {"osm_type": "relation", "osm_id": 621980908, "name": "Galeana", "admin_level": "6", "kind": "subdivision_2", "parent_osm_id": 1673425, "parent_name": "Chihuahua", "parent_iso": "MX-CHH"}, "geometry": {"type": "Polygon", "coordinates": [[[-107.9258, 30.0182], [-107.9013, 30.0097], [-107.8955, 30.0292], [-107.8969, 30.0452], [-107.8869, 30.0514], [-107.875, 30.0402], [-107.8569, 30.0327], [-107.8462, 30.036], [-107.8372, 30.0285], [-107.8322, 30.0333], [-107.8256, 30.0286], [-107.8158, 30.0327], [-107.7944, 30.0312], [-107.7921, 29.9606], [-107.4417, 29.9624], [-107.4436, 30.2656], [-107.4602, 30.3311], [-107.508, 30.3777], [-107.508, 30.4256], [-107.5843, 30.4491], [-107.5822, 30.3774], [-107.6175, 30.3773], [-107.6195, 30.3684], [-107.639, 30.3679], [-107.6463, 30.3738], [-107.6723, 30.3773], [-107.6838, 30.387], [-107.6975, 30.3801], [-107.7132, 30.3812], [-107.7292, 30.3758], [-107.7442, 30.3814], [-107.7754, 30.383], [-107.774, 30.2634], [-107.7278, 30.2301], [-107.7359, 30.1759], [-107.7666, 30.1841], [-107.7832, 30.1837], [-107.798, 30.1683], [-107.8217, 30.1569], [-107.8294, 30.1613], [-107.8362, 30.1537], [-107.8681, 30.1595], [-107.8721, 30.1561], [-107.9562, 30.1637], [-107.9638, 30.0991], [-107.9582, 30.0954], [-107.9613, 30.0918], [-107.9436, 30.081], [-107.9418, 30.0721], [-107.9317, 30.0672], [-107.9368, 30.0534], [-107.9336, 30.0442], [-107.9264, 30.0468], [-107.9334, 30.025], [-107.9258, 30.0182]]]}}, {"type": "Feature", "properties": {"osm_type": "relation", "osm_id": 928193665, "name": "Guadalupe", "admin_level": "6", "kind": "subdivision_2", "parent_osm_id": 1673425, "parent_name": "Chihuahua", "parent_iso": "MX-CHH"}, "geometry": {"type": "Polygon", "coordinates": [[[-106.3103, 31.1537], [-106.3049, 31.1513], [-106.2985, 31.0909], [-106.2903, 31.0928], [-106.275, 31.0875], [-106.283, 31.0629], [-106.2728, 31.0375], [-106.1934, 31.0188], [-106.1935, 31.0116], [-106.1849, 31.0084], [-106.1937, 31.0051], [-106.1783, 31.0004], [-106.1943, 30.9987], [-106.1937, 30.9529], [-106.1333, 30.9564], [-106.1324, 30.9852], [-106.0912, 30.9851], [-106.0916, 30.9292], [-106.075, 30.899], [-106.0721, 30.8959], [-106.0305, 30.9066], [-106.0289, 30.8967], [-106.0544, 30.8963], [-106.0536, 30.8198], [-105.881, 30.8196], [-105.882, 30.8424], [-105.8768, 30.8467], [-105.8197, 30.8466], [-105.7968, 30.8357], [-105.7666, 30.8116], [-105.7633, 30.7942], [-105.7099, 30.7705], [-105.7283, 30.6567], [-105.6848, 30.642], [-105.6859, 30.5052], [-105.6168, 30.5051], [-105.5965, 30.4973], [-105.5934, 30.4708], [-105.6045, 30.4349], [-105.5981, 30.4173], [-105.6072, 30.3932], [-105.5752, 30.3689], [-105.5697, 30.3449], [-105.5631, 30.3377], [-105.5194, 30.3251], [-105.5216, 30.2928], [-105.484, 30.2933], [-105.493, 30.3305], [-105.3518, 30.3294], [-105.3677, 30.3777], [-105.3143, 30.3776], [-105.3142, 30.4287], [-105.2617, 30.4283], [-105.2608, 30.3557], [-105.2085, 30.3545], [-105.2086, 30.3829], [-105.1667, 30.383], [-105.1714, 30.4848], [-105.0929, 30.4841], [-105.1022, 30.5086], [-104.9797, 30.5072], [-104.9583, 30.4787], [-104.934, 30.4675], [-104.8686, 30.4726], [-104.8718, 30.48], [-104.8665, 30.494], [-104.8739, 30.4954], [-104.8733, 30.5136], [-104.8766, 30.5107], [-104.8791, 30.5174], [-104.8857, 30.5181], [-104.8814, 30.5201], [-104.8858, 30.5243], [-104.8814, 30.5235], [-104.8803, 30.5298], [-104.8892, 30.535], [-104.8876, 30.5466], [-104.8977, 30.5541], [-104.8952, 30.5601], [-104.8992, 30.5705], [-104.9098, 30.5849], [-104.9198, 30.5869], [-104.9224, 30.6035], [-104.927, 30.6046], [-104.9305, 30.5985], [-104.9357, 30.6061], [-104.9442, 30.6029], [-104.9732, 30.6115], [-104.9842, 30.6352], [-104.9854, 30.6618], [-105.0014, 30.6726], [-105.0069, 30.6858], [-105.0272, 30.6789], [-105.0395, 30.6885], [-105.0471, 30.6882], [-105.0469, 30.6799], [-105.0573, 30.6877], [-105.0619, 30.6858], [-105.0627, 30.6982], [-105.0689, 30.7035], [-105.0826, 30.7014], [-105.0806, 30.7079], [-105.1056, 30.7237], [-105.1034, 30.7288], [-105.112, 30.7334], [-105.1111, 30.7433], [-105.1208, 30.7442], [-105.1186, 30.7496], [-105.1267, 30.7476], [-105.1428, 30.7546], [-105.1617, 30.7524], [-105.1562, 30.7694], [-105.1636, 30.7712], [-105.1659, 30.7795], [-105.1755, 30.7676], [-105.1956, 30.7923], [-105.2086, 30.7827], [-105.2168, 30.7835], [-105.2201, 30.7886], [-105.2107, 30.7986], [-105.2156, 30.8059], [-105.2274, 30.7993], [-105.2296, 30.8037], [-105.2376, 30.8035], [-105.2564, 30.7944], [-105.2674, 30.8086], [-105.2758, 30.8071], [-105.2912, 30.8258], [-105.301, 30.824], [-105.3062, 30.8098], [-105.3098, 30.8169], [-105.3165, 30.8109], [-105.3186, 30.8283], [-105.3296, 30.8255], [-105.3282, 30.8311], [-105.3371, 30.8336], [-105.3391, 30.8403], [-105.3519, 30.8356], [-105.3619, 30.8506], [-105.369, 30.8474], [-105.4012, 30.8532], [-105.395, 30.8588], [-105.3917, 30.8742], [-105.4045, 30.8802], [-105.4001, 30.8894], [-105.4124, 30.8889], [-105.4162, 30.9003], [-105.4416, 30.9084], [-105.4471, 30.9194], [-105.4532, 30.9162], [-105.4519, 30.9244], [-105.4672, 30.9248], [-105.4711, 30.9337], [-105.4915, 30.9423], [-105.4899, 30.9457], [-105.4993, 30.9508], [-105.4946, 30.9576], [-105.5028, 30.968], [-105.5163, 30.9655], [-105.533, 30.9846], [-105.5576, 30.99], [-105.5704, 31.0087], [-105.5697, 31.017], [-105.5789, 31.0212], [-105.5856, 31.0573], [-105.5956, 31.0647], [-105.6056, 31.0846], [-105.627, 31.0982], [-105.6423, 31.0985], [-105.6483, 31.1154], [-105.7093, 31.1363], [-105.7419, 31.1647], [-105.7712, 31.1652], [-105.7829, 31.1976], [-105.7938, 31.202], [-105.8085, 31.2188], [-105.8257, 31.2028], [-105.8069, 31.1076], [-105.8287, 31.117], [-105.8389, 31.1037], [-105.9193, 31.1466], [-105.9316, 31.1636], [-105.9389, 31.1592], [-105.9605, 31.1668], [-105.9698, 31.1654], [-105.9911, 31.1849], [-106.0074, 31.1805], [-106.0359, 31.2319], [-105.9966, 31.2534], [-105.9906, 31.2781], [-106.0309, 31.2992], [-106.0253, 31.3543], [-106.0274, 31.3768], [-106.0203, 31.3938], [-106.0802, 31.3986], [-106.1068, 31.4218], [-106.1324, 31.4252], [-106.1563, 31.437], [-106.1723, 31.4535], [-106.1833, 31.4582], [-106.1821, 31.4518], [-106.1984, 31.4431], [-106.2223, 31.4165], [-106.2349, 31.4102], [-106.2595, 31.4339], [-106.281, 31.3712], [-106.2701, 31.3706], [-106.2665, 31.3227], [-106.2552, 31.3231], [-106.255, 31.3176], [-106.2661, 31.3182], [-106.2636, 31.2731], [-106.2804, 31.272], [-106.2804, 31.254], [-106.2717, 31.2452], [-106.2646, 31.2546], [-106.2643, 31.1766], [-106.3103, 31.1537]]]}}, {"type": "Feature", "properties": {"osm_type": "relation", "osm_id": 750927601, "name": "Guazapares", "admin_level": "6", "kind": "subdivision_2", "parent_osm_id": 1673425, "parent_name": "Chihuahua", "parent_iso": "MX-CHH"}, "geometry": {"type": "Polygon", "coordinates": [[[-108.4701, 27.0347], [-108.4643, 27.0401], [-108.4548, 27.027], [-108.4431, 27.0295], [-108.4212, 27.0212], [-108.4072, 27.0432], [-108.3539, 27.0752], [-108.3401, 27.04], [-108.2845, 27.0607], [-108.2644, 27.0828], [-108.2179, 27.0991], [-108.2571, 27.1606], [-108.2529, 27.1623], [-108.2484, 27.1892], [-108.2395, 27.1992], [-108.2488, 27.2334], [-108.2314, 27.2235], [-108.2229, 27.2421], [-108.2266, 27.2584], [-108.2529, 27.2699], [-108.1967, 27.3087], [-108.201, 27.315], [-108.1917, 27.3402], [-108.183, 27.3478], [-108.1303, 27.332], [-108.1316, 27.34], [-108.1161, 27.3487], [-108.072, 27.3573], [-108.0733, 27.3611], [-108.0668, 27.3663], [-108.0667, 27.3833], [-108.0724, 27.3857], [-108.0696, 27.3885], [-108.0731, 27.3927], [-108.068, 27.3959], [-108.0802, 27.403], [-108.0796, 27.4183], [-108.0889, 27.4278], [-108.08, 27.4454], [-108.0857, 27.4491], [-108.0984, 27.4427], [-108.1031, 27.4451], [-108.0955, 27.4544], [-108.0709, 27.4615], [-108.0699, 27.4696], [-108.0839, 27.4802], [-108.0688, 27.4928], [-108.0554, 27.5388], [-108.0576, 27.5455], [-108.0502, 27.5522], [-108.0507, 27.5715], [-108.0448, 27.5837], [-108.0541, 27.5869], [-108.0395, 27.6034], [-108.0278, 27.6064], [-108.0281, 27.6114], [-108.0381, 27.6192], [-108.0358, 27.6267], [-108.0651, 27.6346], [-108.0717, 27.6463], [-108.0794, 27.6481], [-108.0753, 27.6735], [-108.0937, 27.7055], [-108.089, 27.7162], [-108.096, 27.7226], [-108.1779, 27.6825], [-108.1313, 27.6239], [-108.1211, 27.594], [-108.2684, 27.6938], [-108.2915, 27.6417], [-108.372, 27.5575], [-108.4419, 27.5837], [-108.4534, 27.5692], [-108.4626, 27.569], [-108.4576, 27.5568], [-108.4689, 27.5404], [-108.4675, 27.5346], [-108.4784, 27.5271], [-108.4716, 27.5225], [-108.4737, 27.5162], [-108.468, 27.509], [-108.4669, 27.491], [-108.4713, 27.4831], [-108.4661, 27.4803], [-108.4605, 27.4631], [-108.4491, 27.4596], [-108.4536, 27.4476], [-108.4493, 27.4347], [-108.411, 27.4108], [-108.409, 27.402], [-108.397, 27.4045], [-108.3881, 27.4005], [-108.3741, 27.4153], [-108.3642, 27.4178], [-108.3615, 27.385], [-108.3518, 27.3757], [-108.357, 27.3722], [-108.3529, 27.3615], [-108.3619, 27.3416], [-108.3422, 27.3118], [-108.3389, 27.295], [-108.3457, 27.284], [-108.3523, 27.2861], [-108.3618, 27.2771], [-108.3619, 27.2701], [-108.3666, 27.2695], [-108.3622, 27.2669], [-108.3679, 27.2598], [-108.3769, 27.2596], [-108.3841, 27.252], [-108.3824, 27.2484], [-108.3876, 27.2481], [-108.39, 27.2338], [-108.3956, 27.2287], [-108.4083, 27.2249], [-108.4169, 27.2319], [-108.4283, 27.2302], [-108.4382, 27.2385], [-108.4466, 27.2363], [-108.4509, 27.2157], [-108.4666, 27.2201], [-108.4707, 27.2167], [-108.4662, 27.2095], [-108.4693, 27.1972], [-108.4782, 27.1949], [-108.4846, 27.1829], [-108.4772, 27.1694], [-108.4814, 27.1626], [-108.4884, 27.1624], [-108.4934, 27.1487], [-108.4949, 27.1354], [-108.4902, 27.1291], [-108.495, 27.1091], [-108.4742, 27.0914], [-108.4716, 27.0808], [-108.4769, 27.0734], [-108.4728, 27.0618], [-108.4765, 27.0558], [-108.4644, 27.0511], [-108.4701, 27.0347]]]}}, {"type": "Feature", "properties": {"osm_type": "relation", "osm_id": 755466945, "name": "Janos", "admin_level": "6", "kind": "subdivision_2", "parent_osm_id": 1673425, "parent_name": "Chihuahua", "parent_iso": "MX-CHH"}, "geometry": {"type": "Polygon", "coordinates": [[[-107.9373, 30.6619], [-107.9522, 30.6907], [-107.9478, 30.6951], [-107.9473, 30.7163], [-107.9549, 30.7206], [-107.9514, 30.7254], [-107.9598, 30.7266], [-107.9753, 30.7671], [-107.9718, 30.7698], [-107.9801, 30.7751], [-107.9813, 30.805], [-107.9912, 30.8265], [-107.9896, 30.8382], [-107.9994, 30.8568], [-107.9722, 30.8678], [-107.9826, 30.8788], [-107.9791, 30.8926], [-107.9911, 30.9098], [-107.9946, 30.9281], [-108.0099, 30.9365], [-108.0142, 31.0383], [-108.0459, 31.0373], [-108.0458, 31.0461], [-108.1123, 31.0468], [-108.1201, 31.0904], [-108.0977, 31.1063], [-108.1565, 31.1709], [-108.1725, 31.1934], [-108.174, 31.2126], [-108.2086, 31.2126], [-108.2085, 31.3334], [-108.7559, 31.3324], [-108.8172, 31.239], [-108.8798, 31.2388], [-108.8983, 31.2252], [-108.9063, 31.2133], [-108.9062, 31.2064], [-108.9003, 31.2025], [-108.8607, 31.2189], [-108.8483, 31.1951], [-108.805, 31.193], [-108.835, 31.1693], [-108.8456, 31.1356], [-108.8333, 31.1255], [-108.77, 31.1025], [-108.7662, 31.0736], [-108.7505, 31.0698], [-108.7299, 31.0522], [-108.7525, 31.0338], [-108.6844, 31.0337], [-108.6838, 31.006], [-108.8033, 31.0048], [-108.8024, 30.9041], [-108.9392, 30.9076], [-108.9298, 30.861], [-108.9355, 30.7736], [-108.9483, 30.7369], [-108.919, 30.7394], [-108.8869, 30.7193], [-108.8669, 30.6894], [-108.8777, 30.6378], [-108.8765, 30.6246], [-108.8483, 30.6143], [-108.8306, 30.6017], [-108.762, 30.5873], [-108.7565, 30.5961], [-108.7267, 30.5945], [-108.7274, 30.5805], [-108.6874, 30.5548], [-108.6778, 30.5571], [-108.6741, 30.5323], [-108.662, 30.5219], [-108.6571, 30.4703], [-108.6648, 30.4682], [-108.6038, 30.4651], [-108.6136, 30.4357], [-108.6487, 30.4169], [-108.6198, 30.3748], [-108.6221, 30.3403], [-108.58, 30.3375], [-108.5715, 30.3277], [-108.5658, 30.3082], [-108.5422, 30.2835], [-108.5505, 30.2666], [-108.565, 30.2697], [-108.5835, 30.2854], [-108.6202, 30.2982], [-108.6176, 30.236], [-108.5054, 30.1797], [-108.5017, 30.2641], [-108.4756, 30.3043], [-108.4414, 30.3022], [-108.436, 30.3438], [-108.4061, 30.3363], [-108.4077, 30.3469], [-108.3963, 30.3464], [-108.3835, 30.3398], [-108.3815, 30.3449], [-108.372, 30.347], [-108.3667, 30.3582], [-108.3725, 30.3733], [-108.3464, 30.386], [-108.3491, 30.3962], [-108.344, 30.3982], [-108.3362, 30.3915], [-108.3028, 30.3945], [-108.279, 30.3914], [-108.2533, 30.3791], [-108.2014, 30.377], [-108.2001, 30.3927], [-108.2152, 30.3994], [-108.2198, 30.4152], [-108.1821, 30.4459], [-108.1736, 30.4449], [-108.1825, 30.4598], [-108.2017, 30.4584], [-108.2131, 30.4625], [-108.2296, 30.4808], [-108.2092, 30.4876], [-108.2083, 30.4966], [-108.1939, 30.5104], [-108.1902, 30.5325], [-108.1767, 30.5404], [-108.1708, 30.5321], [-108.1604, 30.5289], [-108.1568, 30.5366], [-108.1718, 30.5606], [-108.1139, 30.5946], [-108.0965, 30.5931], [-108.0741, 30.603], [-108.0721, 30.6268], [-108.1073, 30.6609], [-108.1101, 30.6754], [-108.0579, 30.6806], [-108.0366, 30.6642], [-108.0382, 30.6515], [-108.0212, 30.6595], [-108.0179, 30.6519], [-107.9373, 30.6619]]]}}, {"type": "Feature", "properties": {"osm_type": "relation", "osm_id": 809205999, "name": "Madera", "admin_level": "6", "kind": "subdivision_2", "parent_osm_id": 1673425, "parent_name": "Chihuahua", "parent_iso": "MX-CHH"}, "geometry": {"type": "Polygon", "coordinates": [[[-108.6158, 29.8835], [-108.6217, 29.8782], [-108.6072, 29.8471], [-108.6355, 29.831], [-108.6294, 29.8063], [-108.6017, 29.7971], [-108.5413, 29.7961], [-108.535, 29.7514], [-108.5408, 29.7362], [-108.5928, 29.7284], [-108.5925, 29.7176], [-108.6591, 29.7161], [-108.6452, 29.692], [-108.6183, 29.6605], [-108.655, 29.6494], [-108.6447, 29.6275], [-108.6463, 29.6104], [-108.6411, 29.5889], [-108.6595, 29.584], [-108.6383, 29.5583], [-108.6623, 29.5445], [-108.6487, 29.5091], [-108.6252, 29.501], [-108.644, 29.4888], [-108.6896, 29.484], [-108.6943, 29.4671], [-108.7178, 29.466], [-108.7191, 29.4598], [-108.7074, 29.4395], [-108.7036, 29.4085], [-108.6697, 29.3074], [-108.6822, 29.2674], [-108.7303, 29.2691], [-108.7307, 29.2634], [-108.7501, 29.2567], [-108.7543, 29.2595], [-108.7619, 29.2539], [-108.7511, 29.2509], [-108.7412, 29.2404], [-108.7428, 29.2259], [-108.7354, 29.2177], [-108.7398, 29.2008], [-108.7539, 29.2001], [-108.7453, 29.1623], [-108.7289, 29.1718], [-108.7095, 29.1491], [-108.6985, 29.1277], [-108.7296, 29.0965], [-108.7275, 29.0858], [-108.7115, 29.0874], [-108.7094, 29.083], [-108.715, 29.0766], [-108.7131, 29.0704], [-108.7244, 29.0699], [-108.7113, 29.0035], [-108.7142, 29.0015], [-108.6981, 28.9363], [-108.7089, 28.9059], [-108.7049, 28.9002], [-108.7098, 28.8895], [-108.6871, 28.8757], [-108.6782, 28.8633], [-108.6812, 28.8548], [-108.6578, 28.8092], [-108.6296, 28.8117], [-108.6238, 28.8061], [-108.6244, 28.8001], [-108.6363, 28.7919], [-108.6456, 28.7947], [-108.6433, 28.7651], [-108.6252, 28.7593], [-108.6207, 28.7503], [-108.5838, 28.7401], [-108.5838, 28.7163], [-108.5749, 28.7124], [-108.5667, 28.6954], [-108.5597, 28.6994], [-108.5536, 28.6965], [-108.5451, 28.7061], [-108.5361, 28.7063], [-108.5336, 28.7126], [-108.5242, 28.7083], [-108.5243, 28.7041], [-108.5148, 28.7034], [-108.5104, 28.6944], [-108.4984, 28.6975], [-108.4932, 28.6924], [-108.4795, 28.7013], [-108.4721, 28.6983], [-108.4735, 28.7097], [-108.4684, 28.7135], [-108.476, 28.7228], [-108.4657, 28.7362], [-108.4525, 28.7204], [-108.3549, 28.6876], [-108.3297, 28.7199], [-108.3569, 28.7588], [-108.1702, 28.7639], [-108.181, 28.7741], [-108.185, 28.7869], [-108.1656, 28.793], [-108.1855, 28.8145], [-108.2069, 28.8024], [-108.2239, 28.8254], [-108.2169, 28.8418], [-108.1734, 28.8485], [-108.177, 28.8377], [-108.1729, 28.8261], [-108.1603, 28.8407], [-108.1367, 28.8366], [-108.1421, 28.8536], [-108.1603, 28.8747], [-108.0946, 28.8837], [-108.0752, 28.9087], [-108.0928, 28.9606], [-107.9459, 28.9569], [-107.953, 29.0241], [-108.0063, 29.0343], [-107.9924, 29.121], [-107.9814, 29.1188], [-107.9696, 29.167], [-107.9098, 29.1376], [-107.7787, 29.1428], [-107.781, 29.1851], [-107.8341, 29.1854], [-107.8345, 29.2389], [-107.9058, 29.2247], [-107.9061, 29.2585], [-107.9149, 29.2661], [-107.911, 29.2709], [-107.9229, 29.2891], [-107.906, 29.2894], [-107.9061, 29.3029], [-107.9133, 29.3032], [-107.9134, 29.3098], [-107.9185, 29.3115], [-107.9187, 29.3307], [-107.9062, 29.3307], [-107.9062, 29.3673], [-107.8855, 29.3674], [-107.8855, 29.3948], [-107.826, 29.39], [-107.8232, 29.4172], [-107.8269, 29.417], [-107.8299, 29.4499], [-107.8458, 29.4497], [-107.8497, 29.457], [-107.8514, 29.4498], [-107.8647, 29.4497], [-107.8882, 29.4723], [-107.8958, 29.4896], [-107.9197, 29.4941], [-107.9267, 29.5506], [-107.9354, 29.5556], [-107.9582, 29.5555], [-107.9556, 29.619], [-107.9487, 29.6609], [-107.9407, 29.6806], [-107.9517, 29.6755], [-107.9675, 29.6784], [-107.9934, 29.6741], [-108.0053, 29.6912], [-108.023, 29.7023], [-108.0229, 29.7774], [-108.0978, 29.7766], [-108.1122, 29.75], [-108.1275, 29.7583], [-108.2231, 29.7584], [-108.2234, 30.0052], [-108.3106, 30.005], [-108.3106, 29.9601], [-108.3625, 29.9601], [-108.3625, 30.0048], [-108.5103, 30.0052], [-108.5645, 29.924], [-108.5543, 29.8981], [-108.5855, 29.8971], [-108.6158, 29.8835]]]}}, {"type": "Feature", "properties": {"osm_type": "relation", "osm_id": 431114887, "name": "Maguarichi", "admin_level": "6", "kind": "subdivision_2", "parent_osm_id": 1673425, "parent_name": "Chihuahua", "parent_iso": "MX-CHH"}, "geometry": {"type": "Polygon", "coordinates": [[[-108.0278, 27.6064], [-108.0117, 27.6164], [-107.9997, 27.6075], [-107.9927, 27.6091], [-107.9835, 27.5969], [-107.9728, 27.5964], [-107.971, 27.591], [-107.9675, 27.6065], [-107.958, 27.6084], [-107.9587, 27.6235], [-107.9718, 27.635], [-107.9729, 27.6485], [-107.9481, 27.6426], [-107.9401, 27.6324], [-107.9321, 27.6434], [-107.9342, 27.647], [-107.9236, 27.6539], [-107.9118, 27.6484], [-107.9078, 27.637], [-107.8953, 27.634], [-107.8905, 27.6437], [-107.8963, 27.674], [-107.8808, 27.6856], [-107.8695, 27.6828], [-107.8726, 27.6914], [-107.866, 27.7123], [-107.8608, 27.7269], [-107.8545, 27.7258], [-107.8558, 27.7478], [-107.8477, 27.7552], [-107.8463, 27.7515], [-107.8324, 27.7696], [-107.8341, 27.793], [-107.8445, 27.8156], [-107.8429, 27.831], [-107.8518, 27.8524], [-107.8408, 27.8742], [-107.8431, 27.8849], [-107.836, 27.9033], [-107.8383, 27.9271], [-107.8433, 27.9395], [-107.8592, 27.9496], [-107.8621, 27.9705], [-107.8575, 27.9737], [-107.8672, 27.9766], [-107.8659, 27.982], [-107.8716, 27.9844], [-107.8751, 27.9984], [-107.894, 28.007], [-107.9052, 28.0042], [-107.9055, 28.0155], [-107.9278, 28.0353], [-107.9512, 28.0459], [-107.9596, 28.0408], [-107.9783, 28.0474], [-107.9769, 28.0424], [-108.0182, 28.0382], [-108.0271, 28.0433], [-108.0331, 28.0373], [-108.0431, 28.0369], [-108.059, 28.026], [-108.0764, 28.0047], [-108.0868, 28.0006], [-108.0919, 27.9638], [-108.1152, 27.9582], [-108.1019, 27.9386], [-108.1131, 27.9214], [-108.1114, 27.9135], [-108.1194, 27.9052], [-108.1211, 27.8901], [-108.0957, 27.8565], [-108.0942, 27.8394], [-108.0748, 27.8199], [-108.0703, 27.7961], [-108.0749, 27.7828], [-108.0621, 27.7692], [-108.0474, 27.7672], [-108.0376, 27.7474], [-108.0313, 27.7465], [-108.0265, 27.7388], [-108.0519, 27.7419], [-108.096, 27.7226], [-108.089, 27.7162], [-108.0937, 27.7055], [-108.0753, 27.6735], [-108.0794, 27.6481], [-108.0717, 27.6463], [-108.0651, 27.6346], [-108.0358, 27.6267], [-108.0381, 27.6192], [-108.0313, 27.6163], [-108.0278, 27.6064]]]}}, {"type": "Feature", "properties": {"osm_type": "relation", "osm_id": 496347086, "name": "Matachí", "admin_level": "6", "kind": "subdivision_2", "parent_osm_id": 1673425, "parent_name": "Chihuahua", "parent_iso": "MX-CHH"}, "geometry": {"type": "Polygon", "coordinates": [[[-107.6624, 28.9681], [-107.6739, 28.9752], [-107.7002, 28.9751], [-107.7331, 28.9848], [-107.7463, 28.9541], [-107.7548, 28.9556], [-107.7556, 28.9512], [-107.7739, 28.9472], [-107.7844, 28.9392], [-107.788, 28.927], [-107.8016, 28.9307], [-107.7773, 28.887], [-107.7991, 28.8947], [-107.8119, 28.8838], [-107.829, 28.8833], [-107.8197, 28.9122], [-107.8293, 28.9148], [-107.8753, 28.8529], [-107.853, 28.8487], [-107.8587, 28.8414], [-107.8529, 28.8287], [-107.8585, 28.8249], [-107.8588, 28.7901], [-107.8639, 28.786], [-107.8321, 28.6973], [-107.8384, 28.6551], [-107.8095, 28.6665], [-107.7767, 28.6952], [-107.7789, 28.6472], [-107.7652, 28.6456], [-107.7626, 28.6509], [-107.7609, 28.6456], [-107.7549, 28.6456], [-107.7435, 28.6707], [-107.6796, 28.6988], [-107.669, 28.7211], [-107.6543, 28.7111], [-107.6555, 28.7317], [-107.6397, 28.7267], [-107.6311, 28.7374], [-107.6337, 28.7447], [-107.6111, 28.7587], [-107.6035, 28.795], [-107.5866, 28.8025], [-107.5796, 28.8642], [-107.5442, 28.8902], [-107.5535, 28.8918], [-107.5536, 28.8999], [-107.5704, 28.8997], [-107.5721, 28.916], [-107.5808, 28.9109], [-107.5943, 28.9273], [-107.5751, 28.9366], [-107.5739, 28.9425], [-107.6298, 28.9605], [-107.6541, 28.9546], [-107.6624, 28.9681]]]}}, {"type": "Feature", "properties": {"osm_type": "relation", "osm_id": 865096819, "name": "Ocampo", "admin_level": "6", "kind": "subdivision_2", "parent_osm_id": 1673425, "parent_name": "Chihuahua", "parent_iso": "MX-CHH"}, "geometry": {"type": "Polygon", "coordinates": [[[-107.8433, 27.9395], [-107.8373, 27.9375], [-107.7994, 27.9638], [-107.8309, 28.0299], [-107.8182, 28.0434], [-107.8116, 28.0729], [-107.8538, 28.0983], [-107.8696, 28.1002], [-107.8785, 28.0897], [-107.8949, 28.1012], [-107.8947, 28.1066], [-107.8979, 28.0985], [-107.9204, 28.1134], [-107.9115, 28.1182], [-107.9132, 28.1308], [-107.9232, 28.1344], [-107.9264, 28.1444], [-107.9325, 28.1397], [-107.9619, 28.1794], [-107.9679, 28.1772], [-108.0095, 28.2066], [-108.1061, 28.282], [-108.0907, 28.3061], [-108.0968, 28.3144], [-108.1218, 28.314], [-108.1299, 28.3088], [-108.1343, 28.2946], [-108.1475, 28.3045], [-108.157, 28.3019], [-108.1709, 28.3284], [-108.1875, 28.3333], [-108.2182, 28.3215], [-108.2248, 28.3264], [-108.2321, 28.3505], [-108.2403, 28.3529], [-108.2669, 28.3457], [-108.2783, 28.3511], [-108.2927, 28.3441], [-108.3105, 28.3533], [-108.3302, 28.3484], [-108.3469, 28.3512], [-108.357, 28.3389], [-108.3611, 28.3496], [-108.3723, 28.3504], [-108.3637, 28.3306], [-108.4042, 28.3518], [-108.4876, 28.344], [-108.4752, 28.3021], [-108.4922, 28.2369], [-108.4755, 28.2171], [-108.4876, 28.2088], [-108.4896, 28.1992], [-108.4706, 28.1971], [-108.4641, 28.2009], [-108.4584, 28.1873], [-108.4426, 28.1755], [-108.4403, 28.1625], [-108.4325, 28.1587], [-108.412, 28.1246], [-108.4247, 28.1277], [-108.4262, 28.1209], [-108.4425, 28.1155], [-108.4462, 28.1189], [-108.4512, 28.1127], [-108.4548, 28.0868], [-108.4489, 28.0872], [-108.4385, 28.0779], [-108.4352, 28.061], [-108.4433, 28.0482], [-108.4483, 28.045], [-108.4478, 28.0508], [-108.4562, 28.0499], [-108.4577, 28.0581], [-108.4633, 28.0492], [-108.4698, 28.0503], [-108.4743, 28.0451], [-108.476, 28.0365], [-108.4934, 28.043], [-108.5136, 28.0349], [-108.5314, 28.0204], [-108.4957, 28.0148], [-108.4406, 28.0193], [-108.4333, 28.0453], [-108.4182, 28.0104], [-108.3904, 28.0208], [-108.3876, 27.9955], [-108.3816, 27.9835], [-108.3537, 27.9864], [-108.3338, 27.979], [-108.3019, 27.9934], [-108.278, 28.0179], [-108.2415, 28.0245], [-108.1757, 28.0258], [-108.1633, 28.0224], [-108.1524, 28.0044], [-108.1456, 28.0094], [-108.1247, 28.0052], [-108.1225, 27.993], [-108.1124, 27.9881], [-108.1152, 27.9582], [-108.0919, 27.9638], [-108.0868, 28.0006], [-108.0764, 28.0047], [-108.059, 28.026], [-108.0431, 28.0369], [-108.0331, 28.0373], [-108.0271, 28.0433], [-108.0182, 28.0382], [-107.9769, 28.0424], [-107.9783, 28.0474], [-107.9596, 28.0408], [-107.9512, 28.0459], [-107.9278, 28.0353], [-107.9055, 28.0155], [-107.9052, 28.0042], [-107.894, 28.007], [-107.8751, 27.9984], [-107.8716, 27.9844], [-107.8659, 27.982], [-107.8672, 27.9766], [-107.8575, 27.9737], [-107.8621, 27.9705], [-107.8592, 27.9496], [-107.8433, 27.9395]]]}}, {"type": "Feature", "properties": {"osm_type": "relation", "osm_id": 520721212, "name": "Temósachic", "admin_level": "6", "kind": "subdivision_2", "parent_osm_id": 1673425, "parent_name": "Chihuahua", "parent_iso": "MX-CHH"}, "geometry": {"type": "Polygon", "coordinates": [[[-107.9095, 29.2585], [-107.9061, 29.2585], [-107.9058, 29.2247], [-107.8345, 29.2389], [-107.8341, 29.1854], [-107.781, 29.1851], [-107.7787, 29.1428], [-107.9098, 29.1376], [-107.9696, 29.167], [-107.9814, 29.1188], [-107.9924, 29.121], [-108.0063, 29.0343], [-107.953, 29.0241], [-107.9459, 28.9569], [-108.0928, 28.9606], [-108.0752, 28.9087], [-108.0946, 28.8837], [-108.1603, 28.8747], [-108.1421, 28.8536], [-108.1367, 28.8366], [-108.1603, 28.8407], [-108.1729, 28.8261], [-108.177, 28.8377], [-108.1734, 28.8485], [-108.2169, 28.8418], [-108.2239, 28.8254], [-108.2069, 28.8024], [-108.1855, 28.8145], [-108.1656, 28.793], [-108.185, 28.7869], [-108.181, 28.7741], [-108.1702, 28.7639], [-108.3569, 28.7588], [-108.3297, 28.7199], [-108.3549, 28.6876], [-108.4525, 28.7204], [-108.4657, 28.7362], [-108.476, 28.7228], [-108.4684, 28.7135], [-108.4735, 28.7097], [-108.4721, 28.6983], [-108.4795, 28.7013], [-108.4932, 28.6924], [-108.4984, 28.6975], [-108.5104, 28.6944], [-108.5148, 28.7034], [-108.5243, 28.7041], [-108.5242, 28.7083], [-108.5336, 28.7126], [-108.5361, 28.7063], [-108.5451, 28.7061], [-108.5536, 28.6965], [-108.5597, 28.6994], [-108.5667, 28.6954], [-108.5749, 28.7124], [-108.5838, 28.7163], [-108.5802, 28.6324], [-108.5644, 28.6127], [-108.5619, 28.5923], [-108.5313, 28.5567], [-108.5319, 28.539], [-108.5233, 28.5059], [-108.5077, 28.5082], [-108.5048, 28.4934], [-108.5137, 28.4845], [-108.5135, 28.4729], [-108.5204, 28.4598], [-108.5174, 28.4556], [-108.5041, 28.4544], [-108.5136, 28.4396], [-108.5155, 28.4263], [-108.489, 28.3751], [-108.4484, 28.3477], [-108.4042, 28.3518], [-108.3637, 28.3306], [-108.3723, 28.3504], [-108.3611, 28.3496], [-108.357, 28.3389], [-108.3469, 28.3512], [-108.3302, 28.3484], [-108.3105, 28.3533], [-108.2927, 28.3441], [-108.2783, 28.3511], [-108.2669, 28.3457], [-108.2403, 28.3529], [-108.2321, 28.3505], [-108.2248, 28.3264], [-108.2182, 28.3215], [-108.1875, 28.3333], [-108.1709, 28.3284], [-108.157, 28.3019], [-108.1475, 28.3045], [-108.1343, 28.2946], [-108.1299, 28.3088], [-108.1218, 28.314], [-108.0968, 28.3144], [-108.0586, 28.3755], [-108.0123, 28.396], [-108.0279, 28.4077], [-108.0112, 28.4221], [-107.9652, 28.4328], [-107.9633, 28.4528], [-107.9213, 28.5087], [-107.9384, 28.5438], [-107.9125, 28.5383], [-107.9107, 28.5569], [-107.8732, 28.5512], [-107.8696, 28.5545], [-107.8509, 28.541], [-107.8416, 28.5558], [-107.8453, 28.5796], [-107.8381, 28.5847], [-107.8493, 28.5897], [-107.8417, 28.5984], [-107.8554, 28.6089], [-107.8488, 28.614], [-107.8419, 28.6314], [-107.8529, 28.6412], [-107.8366, 28.6441], [-107.8428, 28.6549], [-107.8384, 28.6551], [-107.8321, 28.6973], [-107.8639, 28.786], [-107.8588, 28.7901], [-107.8585, 28.8249], [-107.8529, 28.8287], [-107.8587, 28.8414], [-107.853, 28.8487], [-107.8753, 28.8529], [-107.8293, 28.9148], [-107.8197, 28.9122], [-107.829, 28.8833], [-107.8119, 28.8838], [-107.7991, 28.8947], [-107.7773, 28.887], [-107.8016, 28.9307], [-107.788, 28.927], [-107.7844, 28.9392], [-107.7739, 28.9472], [-107.7556, 28.9512], [-107.7548, 28.9556], [-107.7463, 28.9541], [-107.7331, 28.9848], [-107.7002, 28.9751], [-107.6739, 28.9752], [-107.665, 28.9714], [-107.6541, 28.9546], [-107.6298, 28.9605], [-107.594, 28.9514], [-107.5629, 28.9764], [-107.5813, 28.9915], [-107.5813, 28.9991], [-107.5724, 29.0104], [-107.5774, 29.0168], [-107.5734, 29.028], [-107.5768, 29.0384], [-107.5706, 29.0534], [-107.5818, 29.0552], [-107.5882, 29.0707], [-107.6172, 29.0821], [-107.6367, 29.0972], [-107.6183, 29.1081], [-107.6148, 29.1245], [-107.5922, 29.1277], [-107.6116, 29.1312], [-107.6013, 29.1799], [-107.6476, 29.1552], [-107.6636, 29.1561], [-107.6677, 29.1681], [-107.6783, 29.1702], [-107.6996, 29.1631], [-107.71, 29.1705], [-107.7067, 29.177], [-107.7092, 29.19], [-107.7021, 29.2021], [-107.7317, 29.2294], [-107.7389, 29.2237], [-107.755, 29.2258], [-107.7677, 29.2408], [-107.7962, 29.2306], [-107.8104, 29.2355], [-107.8194, 29.2295], [-107.8328, 29.2387], [-107.8439, 29.2569], [-107.8483, 29.2408], [-107.8664, 29.2551], [-107.8681, 29.2495], [-107.8743, 29.2552], [-107.8849, 29.2526], [-107.8912, 29.2573], [-107.8982, 29.2514], [-107.8973, 29.2439], [-107.903, 29.2594], [-107.9095, 29.2585]]]}}, {"type": "Feature", "properties": {"osm_type": "relation", "osm_id": 663166840, "name": "Urique", "admin_level": "6", "kind": "subdivision_2", "parent_osm_id": 1673425, "parent_name": "Chihuahua", "parent_iso": "MX-CHH"}, "geometry": {"type": "Polygon", "coordinates": [[[-108.4212, 27.0212], [-108.4137, 27.0202], [-108.4096, 27.0134], [-108.3716, 27.023], [-108.3501, 27.0226], [-108.3333, 27.0046], [-108.322, 27.0089], [-108.326, 27.0205], [-108.3166, 27.0345], [-108.3034, 27.0366], [-108.2946, 27.0259], [-108.2889, 27.0266], [-108.2909, 27.0148], [-108.286, 27.0125], [-108.2632, 27.0266], [-108.2509, 27.0409], [-108.2412, 27.0418], [-108.2259, 27.0272], [-108.2116, 27.0344], [-108.2028, 27.0307], [-108.1988, 27.0352], [-108.1836, 27.0091], [-108.1817, 26.9937], [-108.1969, 26.9811], [-108.2074, 26.9831], [-108.2161, 26.9774], [-108.2184, 26.9648], [-108.235, 26.9586], [-108.225, 26.9225], [-108.2302, 26.9057], [-108.2144, 26.888], [-108.2035, 26.8877], [-108.2059, 26.9063], [-108.1901, 26.8959], [-108.1817, 26.8982], [-108.1787, 26.8845], [-108.1725, 26.8825], [-108.1717, 26.8923], [-108.1559, 26.8952], [-108.1475, 26.9085], [-108.1431, 26.9079], [-108.1396, 26.8955], [-108.1442, 26.8676], [-108.0941, 26.8705], [-108.0368, 26.8101], [-107.9738, 26.8261], [-107.9416, 26.8419], [-107.9393, 26.9438], [-107.9259, 26.9453], [-107.9312, 26.9692], [-107.9371, 26.9755], [-107.931, 26.9896], [-107.9123, 26.9913], [-107.9079, 26.9997], [-107.9005, 26.9955], [-107.8955, 26.9994], [-107.893, 26.9922], [-107.8869, 26.9906], [-107.8757, 26.9994], [-107.8662, 26.9985], [-107.866, 27.0077], [-107.8579, 27.0141], [-107.8663, 27.0173], [-107.8607, 27.0289], [-107.8716, 27.0376], [-107.8685, 27.0466], [-107.7965, 27.0533], [-107.7881, 27.0992], [-107.8024, 27.1368], [-107.7911, 27.132], [-107.7696, 27.1355], [-107.7449, 27.1235], [-107.7226, 27.1452], [-107.7227, 27.1698], [-107.7268, 27.1781], [-107.7186, 27.1931], [-107.7245, 27.2097], [-107.7201, 27.2201], [-107.7243, 27.2391], [-107.7146, 27.252], [-107.6761, 27.2125], [-107.6228, 27.2677], [-107.6365, 27.3413], [-107.7157, 27.2884], [-107.7322, 27.2902], [-107.7569, 27.3083], [-107.7662, 27.3026], [-107.8084, 27.311], [-107.8346, 27.3042], [-107.7766, 27.3326], [-107.7357, 27.3467], [-107.7193, 27.3897], [-107.7107, 27.4461], [-107.6555, 27.4778], [-107.6656, 27.4843], [-107.6739, 27.4823], [-107.6819, 27.4892], [-107.6869, 27.4873], [-107.7117, 27.5092], [-107.7202, 27.5085], [-107.7219, 27.5138], [-107.7459, 27.5202], [-107.7486, 27.531], [-107.7665, 27.5247], [-107.7865, 27.5477], [-107.7828, 27.5563], [-107.8154, 27.5886], [-107.8218, 27.5976], [-107.8219, 27.6094], [-107.8296, 27.6103], [-107.8377, 27.6281], [-107.8574, 27.62], [-107.8561, 27.6134], [-107.865, 27.6038], [-107.8797, 27.6041], [-107.8848, 27.5863], [-107.8928, 27.5864], [-107.904, 27.5989], [-107.9126, 27.5895], [-107.9161, 27.5943], [-107.9239, 27.593], [-107.9379, 27.6076], [-107.9453, 27.6085], [-107.9554, 27.6257], [-107.958, 27.6084], [-107.9675, 27.6065], [-107.971, 27.591], [-107.9728, 27.5964], [-107.9835, 27.5969], [-107.9927, 27.6091], [-107.9997, 27.6075], [-108.0117, 27.6164], [-108.0395, 27.6034], [-108.0541, 27.5869], [-108.0448, 27.5837], [-108.0688, 27.4928], [-108.0839, 27.4802], [-108.0699, 27.4696], [-108.0709, 27.4615], [-108.0955, 27.4544], [-108.1031, 27.4451], [-108.0984, 27.4427], [-108.0857, 27.4491], [-108.08, 27.4454], [-108.0889, 27.4278], [-108.0796, 27.4183], [-108.0802, 27.403], [-108.068, 27.3959], [-108.0731, 27.3927], [-108.0696, 27.3885], [-108.0724, 27.3857], [-108.0667, 27.3833], [-108.0668, 27.3663], [-108.0733, 27.3611], [-108.072, 27.3573], [-108.1161, 27.3487], [-108.1316, 27.34], [-108.1303, 27.332], [-108.183, 27.3478], [-108.1917, 27.3402], [-108.201, 27.315], [-108.1967, 27.3087], [-108.2529, 27.2699], [-108.2266, 27.2584], [-108.2229, 27.2421], [-108.2314, 27.2235], [-108.2488, 27.2334], [-108.2395, 27.1992], [-108.2484, 27.1892], [-108.2529, 27.1623], [-108.2571, 27.1606], [-108.2179, 27.0991], [-108.2644, 27.0828], [-108.2845, 27.0607], [-108.3401, 27.04], [-108.3539, 27.0752], [-108.4072, 27.0432], [-108.4212, 27.0212]]]}}, {"type": "Feature", "properties": {"osm_type": "relation", "osm_id": 796702690, "name": "Uruachi", "admin_level": "6", "kind": "subdivision_2", "parent_osm_id": 1673425, "parent_name": "Chihuahua", "parent_iso": "MX-CHH"}, "geometry": {"type": "Polygon", "coordinates": [[[-108.2684, 27.6938], [-108.1211, 27.594], [-108.1313, 27.6239], [-108.1779, 27.6825], [-108.0519, 27.7419], [-108.0265, 27.7388], [-108.0313, 27.7465], [-108.0376, 27.7474], [-108.0474, 27.7672], [-108.0621, 27.7692], [-108.0749, 27.7828], [-108.0703, 27.7961], [-108.0748, 27.8199], [-108.0942, 27.8394], [-108.0957, 27.8565], [-108.1211, 27.8901], [-108.1194, 27.9052], [-108.1114, 27.9135], [-108.1131, 27.9214], [-108.1019, 27.9386], [-108.1152, 27.9582], [-108.1124, 27.9881], [-108.1225, 27.993], [-108.1247, 28.0052], [-108.1456, 28.0094], [-108.1524, 28.0044], [-108.1633, 28.0224], [-108.1757, 28.0258], [-108.2415, 28.0245], [-108.278, 28.0179], [-108.3019, 27.9934], [-108.3243, 27.9847], [-108.3251, 27.9808], [-108.3411, 27.9797], [-108.3537, 27.9864], [-108.3787, 27.9825], [-108.3876, 27.9955], [-108.3904, 28.0208], [-108.4182, 28.0104], [-108.4333, 28.0453], [-108.4406, 28.0193], [-108.4957, 28.0148], [-108.5444, 28.0249], [-108.5457, 28.0186], [-108.5528, 28.0195], [-108.5508, 28.0124], [-108.5673, 28.0055], [-108.5778, 27.9907], [-108.5837, 27.9884], [-108.5887, 27.997], [-108.5962, 27.9895], [-108.6036, 27.9952], [-108.6088, 27.9924], [-108.6196, 27.9723], [-108.6375, 27.9608], [-108.655, 27.9663], [-108.6669, 27.9648], [-108.7937, 28.0209], [-108.7764, 28.0302], [-108.7983, 28.0331], [-108.8463, 28.0568], [-108.8599, 28.0517], [-108.8911, 28.0566], [-108.8962, 28.0659], [-108.9273, 28.078], [-108.9624, 28.0304], [-108.9349, 28.0025], [-108.9784, 27.9788], [-108.9637, 27.9725], [-108.9503, 27.954], [-108.9265, 27.9406], [-108.9245, 27.9009], [-108.9149, 27.854], [-108.8691, 27.8393], [-108.8861, 27.8137], [-108.9105, 27.8091], [-108.9203, 27.784], [-108.8955, 27.7448], [-108.833, 27.7443], [-108.817, 27.7322], [-108.806, 27.7371], [-108.8001, 27.7233], [-108.7845, 27.7305], [-108.7844, 27.7149], [-108.766, 27.7058], [-108.7728, 27.6965], [-108.7648, 27.6935], [-108.7623, 27.675], [-108.7493, 27.6647], [-108.7542, 27.6367], [-108.7399, 27.6], [-108.7252, 27.6364], [-108.7182, 27.6298], [-108.7038, 27.629], [-108.6684, 27.6398], [-108.6624, 27.6507], [-108.6445, 27.6496], [-108.6724, 27.6762], [-108.6337, 27.71], [-108.6351, 27.7177], [-108.6259, 27.7231], [-108.6319, 27.7471], [-108.639, 27.7476], [-108.6554, 27.7624], [-108.6456, 27.7674], [-108.6374, 27.7597], [-108.6381, 27.7682], [-108.6298, 27.7802], [-108.6154, 27.7841], [-108.6071, 27.7955], [-108.5295, 27.8028], [-108.4999, 27.7577], [-108.4759, 27.7755], [-108.4475, 27.7746], [-108.4328, 27.7837], [-108.4177, 27.7605], [-108.4234, 27.7554], [-108.4093, 27.7597], [-108.3968, 27.755], [-108.385, 27.7167], [-108.3778, 27.7175], [-108.3684, 27.6998], [-108.3815, 27.6812], [-108.3293, 27.7111], [-108.3215, 27.7365], [-108.3317, 27.7466], [-108.2919, 27.74], [-108.2684, 27.6938]]]}}, {"type": "Feature", "properties": {"osm_type": "relation", "osm_id": 277429787, "name": "Guadalupe y Calvo", "admin_level": "6", "kind": "subdivision_2", "parent_osm_id": 1673425, "parent_name": "Chihuahua", "parent_iso": "MX-CHH"}, "geometry": {"type": "Polygon", "coordinates": [[[-106.9063, 26.6072], [-106.9086, 26.6124], [-106.9181, 26.6117], [-106.9253, 26.6262], [-106.9448, 26.6268], [-106.9544, 26.636], [-106.9544, 26.6422], [-106.9802, 26.6622], [-107.0123, 26.6688], [-107.036, 26.6641], [-107.0424, 26.6716], [-107.065, 26.6661], [-107.0735, 26.6707], [-107.0825, 26.666], [-107.0958, 26.6708], [-107.1129, 26.6556], [-107.1278, 26.6544], [-107.1331, 26.6452], [-107.1562, 26.6458], [-107.1607, 26.6372], [-107.1706, 26.6399], [-107.1752, 26.6356], [-107.1828, 26.6416], [-107.2097, 26.6373], [-107.2136, 26.6456], [-107.2182, 26.646], [-107.2174, 26.6341], [-107.2262, 26.6224], [-107.2334, 26.6266], [-107.2436, 26.6226], [-107.2856, 26.6441], [-107.2867, 26.6515], [-107.2941, 26.6517], [-107.3046, 26.6638], [-107.3138, 26.6658], [-107.3167, 26.6741], [-107.3249, 26.678], [-107.3357, 26.6743], [-107.3529, 26.6772], [-107.3667, 26.6888], [-107.3743, 26.6792], [-107.3847, 26.6793], [-107.3883, 26.6656], [-107.3597, 26.6607], [-107.3812, 26.5966], [-107.3771, 26.5888], [-107.3623, 26.5823], [-107.3646, 26.5615], [-107.3567, 26.5557], [-107.3585, 26.548], [-107.3609, 26.5431], [-107.3784, 26.5418], [-107.3792, 26.5368], [-107.3637, 26.5174], [-107.3866, 26.5137], [-107.4081, 26.5185], [-107.4189, 26.5406], [-107.4199, 26.562], [-107.4293, 26.5712], [-107.4275, 26.5799], [-107.4328, 26.5921], [-107.4825, 26.5933], [-107.48, 26.5809], [-107.4985, 26.5736], [-107.5311, 26.5347], [-107.5266, 26.5272], [-107.4953, 26.5069], [-107.5077, 26.5081], [-107.5056, 26.4992], [-107.5129, 26.4903], [-107.5396, 26.4857], [-107.5429, 26.479], [-107.5354, 26.4768], [-107.5395, 26.4647], [-107.5348, 26.461], [-107.5453, 26.4583], [-107.5626, 26.4438], [-107.5678, 26.4296], [-107.5635, 26.4109], [-107.6139, 26.4017], [-107.59, 26.3236], [-107.6783, 26.3649], [-107.6877, 26.3895], [-107.6816, 26.4261], [-107.7237, 26.4035], [-107.75, 26.3683], [-107.8078, 26.3656], [-107.8694, 26.3709], [-107.8718, 26.3474], [-107.9015, 26.3152], [-107.8998, 26.2867], [-107.8563, 26.226], [-107.854, 26.1965], [-107.8399, 26.1829], [-107.824, 26.1841], [-107.8228, 26.1876], [-107.7889, 26.1686], [-107.7807, 26.1369], [-107.7552, 26.1345], [-107.7479, 26.1435], [-107.7476, 26.1538], [-107.7379, 26.1569], [-107.7392, 26.1667], [-107.7163, 26.1653], [-107.7092, 26.1742], [-107.6963, 26.1655], [-107.6528, 26.1636], [-107.6357, 26.1546], [-107.6208, 26.1626], [-107.5817, 26.1706], [-107.5769, 26.1647], [-107.5557, 26.1596], [-107.5519, 26.1499], [-107.5433, 26.1463], [-107.5402, 26.1424], [-107.5438, 26.1376], [-107.5263, 26.1277], [-107.5281, 26.1214], [-107.52, 26.1042], [-107.5061, 26.1158], [-107.4922, 26.1115], [-107.46, 26.1383], [-107.431, 26.1429], [-107.4323, 26.1382], [-107.4161, 26.1412], [-107.3465, 26.1095], [-107.3049, 26.0764], [-107.3067, 26.0488], [-107.2763, 26.002], [-107.2824, 25.9899], [-107.28, 25.9581], [-107.287, 25.954], [-107.2961, 25.9248], [-107.2425, 25.8924], [-107.2465, 25.8778], [-107.2394, 25.8804], [-107.229, 25.8697], [-107.2131, 25.8619], [-107.2069, 25.8639], [-107.2089, 25.8563], [-107.1946, 25.8523], [-107.0579, 25.7574], [-107.0647, 25.7482], [-107.0605, 25.74], [-107.0642, 25.7191], [-107.0481, 25.7108], [-107.0469, 25.7006], [-107.0107, 25.6915], [-107.0106, 25.6984], [-106.9903, 25.7149], [-106.9653, 25.6979], [-106.9692, 25.683], [-106.9669, 25.6683], [-106.9943, 25.6622], [-106.9224, 25.6461], [-106.8938, 25.6443], [-106.8992, 25.6437], [-106.8738, 25.5719], [-106.8178, 25.5734], [-106.7448, 25.5852], [-106.7025, 25.5812], [-106.7058, 25.5973], [-106.6988, 25.5808], [-106.682, 25.5792], [-106.708, 25.6025], [-106.6802, 25.5893], [-106.6714, 25.5674], [-106.6528, 25.5588], [-106.6556, 25.5752], [-106.6429, 25.5852], [-106.6308, 25.5858], [-106.6293, 25.6038], [-106.5918, 25.6474], [-106.5697, 25.6577], [-106.5655, 25.6666], [-106.5364, 25.676], [-106.5273, 25.6865], [-106.528, 25.6918], [-106.5088, 25.7075], [-106.4636, 25.729], [-106.464, 25.7417], [-106.5266, 25.7134], [-106.556, 25.6917], [-106.5601, 25.9127], [-106.5473, 25.9524], [-106.5337, 25.9458], [-106.5015, 25.955], [-106.4917, 25.9681], [-106.4558, 25.9726], [-106.4447, 26.0051], [-106.4704, 26.0054], [-106.4675, 26.0183], [-106.4534, 26.0278], [-106.4541, 26.0464], [-106.4712, 26.0605], [-106.4544, 26.0953], [-106.4612, 26.1052], [-106.4586, 26.1122], [-106.4156, 26.1394], [-106.4328, 26.204], [-106.4238, 26.2148], [-106.474, 26.2609], [-106.4975, 26.3143], [-106.5344, 26.3349], [-106.5419, 26.3617], [-106.5807, 26.3848], [-106.5939, 26.3854], [-106.6002, 26.3811], [-106.6032, 26.3901], [-106.6119, 26.3862], [-106.6147, 26.3921], [-106.6304, 26.3968], [-106.6416, 26.3912], [-106.6592, 26.4052], [-106.6706, 26.4001], [-106.6773, 26.4105], [-106.7029, 26.4212], [-106.7291, 26.4425], [-106.7333, 26.4535], [-106.7379, 26.4497], [-106.7446, 26.4516], [-106.746, 26.465], [-106.7598, 26.4732], [-106.7654, 26.4829], [-106.7848, 26.4869], [-106.7893, 26.4832], [-106.8322, 26.5489], [-106.8389, 26.548], [-106.8383, 26.5543], [-106.8514, 26.5511], [-106.8488, 26.5587], [-106.8635, 26.5698], [-106.869, 26.5685], [-106.8744, 26.5773], [-106.8866, 26.5745], [-106.8954, 26.5857], [-106.9124, 26.59], [-106.9063, 26.6072]]]}}, {"type": "Feature", "properties": {"osm_type": "relation", "osm_id": 406543472, "name": "Morelos", "admin_level": "6", "kind": "subdivision_2", "parent_osm_id": 1673425, "parent_name": "Chihuahua", "parent_iso": "MX-CHH"}, "geometry": {"type": "Polygon", "coordinates": [[[-107.3847, 26.6793], [-107.3921, 26.6978], [-107.3993, 26.6988], [-107.4065, 26.7068], [-107.4668, 26.7209], [-107.4683, 26.7119], [-107.4862, 26.7133], [-107.4926, 26.7216], [-107.4973, 26.7082], [-107.511, 26.7144], [-107.5227, 26.7267], [-107.5342, 26.7288], [-107.5358, 26.736], [-107.5489, 26.7398], [-107.557, 26.7352], [-107.563, 26.7441], [-107.5777, 26.7425], [-107.5809, 26.7511], [-107.588, 26.7431], [-107.6107, 26.7502], [-107.6173, 26.759], [-107.6151, 26.7664], [-107.6213, 26.7687], [-107.6311, 26.7632], [-107.6511, 26.7627], [-107.6711, 26.7765], [-107.6803, 26.763], [-107.6779, 26.7711], [-107.69, 26.7766], [-107.6914, 26.7872], [-107.6976, 26.7892], [-107.7042, 26.7786], [-107.7133, 26.7941], [-107.7275, 26.7855], [-107.7384, 26.8003], [-107.7553, 26.7961], [-107.7504, 26.8125], [-107.7858, 26.8025], [-107.7903, 26.8065], [-107.7878, 26.8122], [-107.8015, 26.8146], [-107.8072, 26.8117], [-107.8047, 26.8056], [-107.8126, 26.7903], [-107.8054, 26.7839], [-107.8074, 26.7684], [-107.7824, 26.7362], [-107.7877, 26.7171], [-107.8037, 26.7197], [-107.7986, 26.6934], [-107.8033, 26.6891], [-107.8045, 26.6682], [-107.818, 26.6515], [-107.8657, 26.6506], [-107.8753, 26.6222], [-107.8801, 26.6231], [-107.8834, 26.6141], [-107.8781, 26.5906], [-107.8947, 26.5875], [-107.9454, 26.637], [-107.93, 26.6618], [-107.9232, 26.6842], [-107.8667, 26.7131], [-107.8705, 26.7349], [-107.8794, 26.7489], [-107.8767, 26.7658], [-107.8657, 26.7762], [-107.8675, 26.7859], [-107.8863, 26.7654], [-107.9054, 26.766], [-107.9182, 26.754], [-107.948, 26.7753], [-107.9534, 26.7666], [-107.966, 26.7663], [-107.9665, 26.7726], [-107.9741, 26.773], [-107.9792, 26.7627], [-107.9961, 26.7599], [-107.9741, 26.7442], [-107.992, 26.7416], [-107.9784, 26.7187], [-107.9807, 26.6994], [-107.994, 26.7076], [-108.0068, 26.7055], [-108.0117, 26.6895], [-108.0332, 26.6677], [-108.0427, 26.6668], [-108.0563, 26.6519], [-108.0815, 26.6418], [-108.0741, 26.6358], [-108.0754, 26.6287], [-108.0522, 26.6298], [-108.0445, 26.625], [-108.0452, 26.6197], [-108.0316, 26.6157], [-108.0354, 26.6097], [-108.0325, 26.6032], [-108.0122, 26.5914], [-108.0128, 26.5809], [-107.992, 26.5623], [-107.99, 26.5483], [-107.961, 26.527], [-107.962, 26.5178], [-107.9555, 26.5054], [-107.9573, 26.4937], [-107.9705, 26.4891], [-107.9856, 26.4721], [-107.9696, 26.4702], [-108.0128, 26.439], [-107.973, 26.3925], [-107.9741, 26.3886], [-107.8998, 26.2867], [-107.9015, 26.3152], [-107.8718, 26.3474], [-107.8694, 26.3709], [-107.8078, 26.3656], [-107.75, 26.3683], [-107.7237, 26.4035], [-107.6816, 26.4261], [-107.6877, 26.3895], [-107.6783, 26.3649], [-107.59, 26.3236], [-107.6139, 26.4017], [-107.5635, 26.4109], [-107.5678, 26.4296], [-107.5626, 26.4438], [-107.5453, 26.4583], [-107.5348, 26.461], [-107.5395, 26.4647], [-107.5354, 26.4768], [-107.5429, 26.479], [-107.5396, 26.4857], [-107.5129, 26.4903], [-107.5056, 26.4992], [-107.5077, 26.5081], [-107.4953, 26.5069], [-107.5266, 26.5272], [-107.5311, 26.5347], [-107.4985, 26.5736], [-107.48, 26.5809], [-107.4825, 26.5933], [-107.4328, 26.5921], [-107.4275, 26.5799], [-107.4293, 26.5712], [-107.4199, 26.562], [-107.4189, 26.5406], [-107.4081, 26.5185], [-107.3866, 26.5137], [-107.3637, 26.5174], [-107.3792, 26.5368], [-107.3784, 26.5418], [-107.3609, 26.5431], [-107.3585, 26.548], [-107.3567, 26.5557], [-107.3646, 26.5615], [-107.3623, 26.5823], [-107.3771, 26.5888], [-107.3812, 26.5966], [-107.3597, 26.6607], [-107.3883, 26.6656], [-107.3847, 26.6793]]]}}, {"type": "Feature", "properties": {"osm_type": "relation", "osm_id": 774786978, "name": "Moris", "admin_level": "6", "kind": "subdivision_2", "parent_osm_id": 1673425, "parent_name": "Chihuahua", "parent_iso": "MX-CHH"}, "geometry": {"type": "Polygon", "coordinates": [[[-108.4484, 28.3477], [-108.4797, 28.3696], [-108.5014, 28.3557], [-108.5217, 28.3651], [-108.5196, 28.3348], [-108.5509, 28.3181], [-108.6035, 28.3476], [-108.6112, 28.3353], [-108.6362, 28.3352], [-108.6355, 28.3063], [-108.6413, 28.2916], [-108.6444, 28.2983], [-108.6558, 28.3018], [-108.6619, 28.2955], [-108.6872, 28.3035], [-108.751, 28.2716], [-108.7967, 28.2672], [-108.7917, 28.2536], [-108.8304, 28.265], [-108.842, 28.2533], [-108.8514, 28.2595], [-108.8561, 28.2515], [-108.8807, 28.2647], [-108.9127, 28.26], [-108.922, 28.2515], [-108.9288, 28.2596], [-108.9673, 28.265], [-108.9836, 28.277], [-108.9829, 28.2871], [-108.994, 28.298], [-108.9955, 28.2864], [-108.9871, 28.2778], [-108.9883, 28.2625], [-108.9974, 28.2551], [-109.0228, 28.2775], [-109.0407, 28.267], [-109.0464, 28.2732], [-109.0458, 28.2812], [-109.0519, 28.2764], [-109.0595, 28.2847], [-109.0687, 28.2861], [-109.0584, 28.2673], [-109.0749, 28.2726], [-109.062, 28.1992], [-109.0729, 28.1486], [-109.0668, 28.1417], [-109.0686, 28.1301], [-109.0628, 28.1258], [-109.0489, 28.0927], [-109.0518, 28.0901], [-109.0319, 28.0183], [-109.0164, 28.008], [-108.9917, 27.98], [-108.9784, 27.9788], [-108.9349, 28.0025], [-108.9624, 28.0304], [-108.9273, 28.078], [-108.8962, 28.0659], [-108.8911, 28.0566], [-108.8599, 28.0517], [-108.8463, 28.0568], [-108.7983, 28.0331], [-108.7764, 28.0302], [-108.7937, 28.0209], [-108.6669, 27.9648], [-108.655, 27.9663], [-108.6375, 27.9608], [-108.6196, 27.9723], [-108.6088, 27.9924], [-108.6036, 27.9952], [-108.5962, 27.9895], [-108.5887, 27.997], [-108.5837, 27.9884], [-108.5778, 27.9907], [-108.5673, 28.0055], [-108.5508, 28.0124], [-108.5528, 28.0195], [-108.5457, 28.0186], [-108.5444, 28.0249], [-108.5314, 28.0204], [-108.5136, 28.0349], [-108.4934, 28.043], [-108.476, 28.0365], [-108.4743, 28.0451], [-108.4698, 28.0503], [-108.4633, 28.0492], [-108.4577, 28.0581], [-108.4562, 28.0499], [-108.4478, 28.0508], [-108.4483, 28.045], [-108.4352, 28.061], [-108.4385, 28.0779], [-108.4489, 28.0872], [-108.4548, 28.0868], [-108.4512, 28.1127], [-108.4462, 28.1189], [-108.4425, 28.1155], [-108.4262, 28.1209], [-108.4247, 28.1277], [-108.412, 28.1246], [-108.4121, 28.1299], [-108.4325, 28.1587], [-108.4403, 28.1625], [-108.4426, 28.1755], [-108.4584, 28.1873], [-108.4641, 28.2009], [-108.4706, 28.1971], [-108.4896, 28.1992], [-108.4876, 28.2088], [-108.4755, 28.2171], [-108.4922, 28.2369], [-108.4752, 28.3021], [-108.4876, 28.344], [-108.4484, 28.3477]]]}}, {"type": "Feature", "properties": {"osm_type": "relation", "osm_id": 793103663, "name": "Aldama", "admin_level": "6", "kind": "subdivision_2", "parent_osm_id": 1673425, "parent_name": "Chihuahua", "parent_iso": "MX-CHH"}, "geometry": {"type": "Polygon", "coordinates": [[[-104.8186, 28.9622], [-104.8401, 28.9948], [-104.8969, 28.9739], [-104.9163, 29.0071], [-104.955, 28.9838], [-104.9845, 28.983], [-105.0378, 28.996], [-105.0614, 28.9912], [-105.0618, 28.978], [-105.1324, 29.0494], [-105.1043, 29.0868], [-105.1077, 29.1018], [-105.09, 29.1042], [-105.0768, 29.1145], [-105.0773, 29.1222], [-105.0636, 29.1266], [-105.0671, 29.145], [-105.0611, 29.1503], [-105.0591, 29.1667], [-105.0454, 29.1782], [-105.045, 29.1834], [-105.0573, 29.188], [-105.0686, 29.2128], [-105.0856, 29.2053], [-105.141, 29.2047], [-105.158, 29.21], [-105.2024, 29.2396], [-105.2973, 29.3409], [-105.3089, 29.3373], [-105.3124, 29.3476], [-105.3234, 29.3554], [-105.3203, 29.3636], [-105.3268, 29.3611], [-105.3647, 29.3763], [-105.3498, 29.4005], [-105.3659, 29.4198], [-105.395, 29.4151], [-105.4181, 29.4218], [-105.4456, 29.4159], [-105.4543, 29.4097], [-105.4781, 29.4333], [-105.4803, 29.4637], [-105.4668, 29.4887], [-105.4499, 29.4907], [-105.4428, 29.5026], [-105.6338, 29.5047], [-105.6332, 29.5915], [-105.6816, 29.5917], [-105.6795, 29.6468], [-105.849, 29.6497], [-105.857, 29.6375], [-105.8585, 29.6133], [-105.8722, 29.6324], [-105.8663, 29.6545], [-105.9292, 29.6714], [-105.9894, 29.5589], [-105.9894, 29.4111], [-106.0618, 29.4114], [-106.0619, 29.3792], [-106.0672, 29.3681], [-106.0615, 29.3527], [-106.0533, 29.3533], [-106.0506, 29.3488], [-106.0574, 29.3278], [-106.0464, 29.3172], [-106.0378, 29.2771], [-106.0434, 29.2168], [-106.0268, 29.2046], [-106.0363, 29.1985], [-106.0384, 29.1867], [-106.0444, 29.182], [-106.0372, 29.1519], [-106.0509, 29.1527], [-106.0603, 29.1439], [-106.0687, 29.1431], [-106.0994, 29.1563], [-106.1174, 29.1578], [-106.1236, 29.1526], [-106.1239, 29.1314], [-106.2233, 29.1316], [-106.2231, 29.1129], [-106.2157, 29.1128], [-106.2153, 29.0683], [-106.2042, 29.0683], [-106.2046, 29.0548], [-106.1863, 29.0549], [-106.1863, 29.04], [-106.1726, 29.0183], [-106.2077, 29.0274], [-106.1967, 29.0151], [-106.2081, 29.0149], [-106.1669, 28.9306], [-106.1235, 28.9217], [-106.1248, 28.9029], [-106.1113, 28.8878], [-106.0975, 28.857], [-106.1044, 28.853], [-106.085, 28.8174], [-106.0889, 28.7979], [-105.9636, 28.7315], [-105.9004, 28.7278], [-105.9052, 28.7006], [-105.8945, 28.6901], [-105.8697, 28.6857], [-105.8724, 28.674], [-105.8207, 28.6825], [-105.8186, 28.6874], [-105.7712, 28.6774], [-105.7185, 28.6775], [-105.7089, 28.5931], [-105.7004, 28.5844], [-105.7038, 28.5682], [-105.6893, 28.5561], [-105.6895, 28.5784], [-105.6792, 28.5784], [-105.6792, 28.5877], [-105.6588, 28.5875], [-105.6588, 28.5821], [-105.6337, 28.5787], [-105.6335, 28.5678], [-105.6283, 28.5678], [-105.6283, 28.5752], [-105.6238, 28.5755], [-105.6185, 28.5678], [-105.6335, 28.5643], [-105.6335, 28.5605], [-105.6137, 28.5606], [-105.6139, 28.6083], [-105.6045, 28.5931], [-105.5735, 28.5757], [-105.5707, 28.5689], [-105.5599, 28.5635], [-105.5566, 28.5682], [-105.538, 28.5578], [-105.5215, 28.561], [-105.5241, 28.5654], [-105.5124, 28.5697], [-105.5154, 28.5847], [-105.4992, 28.6071], [-105.501, 28.6304], [-105.4972, 28.6303], [-105.4953, 28.6178], [-105.4156, 28.6582], [-105.4212, 28.6967], [-105.4088, 28.6971], [-105.3915, 28.7099], [-105.3642, 28.7113], [-105.3661, 28.719], [-105.3499, 28.7284], [-105.3474, 28.739], [-105.3433, 28.7379], [-105.3325, 28.7502], [-105.3111, 28.7614], [-105.3079, 28.7714], [-105.294, 28.7816], [-105.2919, 28.7945], [-105.2752, 28.8077], [-105.2717, 28.8014], [-105.2615, 28.8024], [-105.2422, 28.7855], [-105.2345, 28.7879], [-105.2218, 28.7662], [-105.1641, 28.7974], [-105.1426, 28.7496], [-105.0937, 28.8264], [-105.0506, 28.7944], [-105.0376, 28.7785], [-104.8709, 28.8185], [-104.878, 28.7991], [-104.878, 28.7786], [-104.8428, 28.7934], [-104.8272, 28.787], [-104.7841, 28.7951], [-104.7759, 28.7715], [-104.7613, 28.7708], [-104.7388, 28.757], [-104.6622, 28.7765], [-104.7282, 28.85], [-104.8186, 28.9622]]]}}, {"type": "Feature", "properties": {"osm_type": "relation", "osm_id": 976214534, "name": "Rosales", "admin_level": "6", "kind": "subdivision_2", "parent_osm_id": 1673425, "parent_name": "Chihuahua", "parent_iso": "MX-CHH"}, "geometry": {"type": "Polygon", "coordinates": [[[-105.6944, 28.557], [-105.7504, 28.5571], [-105.6877, 28.4952], [-105.7125, 28.4746], [-105.7383, 28.4693], [-105.7282, 28.4529], [-105.7278, 28.4387], [-105.7203, 28.4373], [-105.7104, 28.4121], [-105.7028, 28.342], [-105.7268, 28.3456], [-105.7342, 28.3795], [-105.739, 28.3762], [-105.7413, 28.3484], [-105.7568, 28.3504], [-105.7556, 28.3449], [-105.7603, 28.3414], [-105.7617, 28.3272], [-105.754, 28.3028], [-105.7617, 28.2913], [-105.7674, 28.2896], [-105.78, 28.2977], [-105.8213, 28.2917], [-105.835, 28.2874], [-105.8273, 28.2729], [-105.8361, 28.2699], [-105.8945, 28.279], [-105.91, 28.2544], [-105.9205, 28.259], [-105.9311, 28.2336], [-105.9289, 28.2252], [-105.9401, 28.2067], [-105.9765, 28.2019], [-105.9745, 28.1365], [-106.0422, 28.1491], [-106.068, 28.1454], [-106.0954, 28.1222], [-106.0901, 28.1137], [-106.0702, 28.1147], [-106.0701, 28.1013], [-106.0659, 28.1048], [-106.0567, 28.1], [-106.05, 28.1018], [-106.0239, 28.0875], [-106.0078, 28.1009], [-105.996, 28.0866], [-105.9724, 28.0265], [-105.9625, 28.0245], [-105.9892, 28.013], [-105.9776, 28.0034], [-105.9737, 27.9849], [-105.9418, 27.9632], [-105.9307, 27.9428], [-105.9127, 27.9388], [-105.8954, 27.9455], [-105.8934, 27.9369], [-105.8839, 27.9377], [-105.875, 27.9315], [-105.8719, 27.9078], [-105.8637, 27.8995], [-105.8455, 27.9009], [-105.8338, 27.8836], [-105.8258, 27.8799], [-105.818, 27.8791], [-105.7737, 27.9258], [-105.7592, 27.9354], [-105.73, 27.9827], [-105.7245, 27.981], [-105.7193, 27.9869], [-105.6929, 27.9947], [-105.6706, 27.9952], [-105.6408, 28.0126], [-105.6828, 28.0557], [-105.6618, 28.0605], [-105.6535, 28.0773], [-105.6572, 28.0852], [-105.6412, 28.104], [-105.604, 28.1277], [-105.6123, 28.1131], [-105.6058, 28.1159], [-105.6076, 28.1096], [-105.5772, 28.1212], [-105.5735, 28.1243], [-105.5786, 28.1281], [-105.5409, 28.1494], [-105.5321, 28.1641], [-105.534, 28.1734], [-105.5274, 28.1798], [-105.4941, 28.1838], [-105.5007, 28.2335], [-105.5153, 28.2484], [-105.509, 28.2556], [-105.5238, 28.2706], [-105.5658, 28.2817], [-105.5658, 28.2857], [-105.5702, 28.2821], [-105.585, 28.3017], [-105.5892, 28.3217], [-105.6293, 28.3599], [-105.6419, 28.3873], [-105.6369, 28.3921], [-105.6567, 28.4088], [-105.6486, 28.4094], [-105.6484, 28.4141], [-105.6343, 28.4209], [-105.628, 28.4199], [-105.623, 28.4264], [-105.6187, 28.4244], [-105.6138, 28.4323], [-105.5889, 28.4286], [-105.5782, 28.44], [-105.5794, 28.4441], [-105.5612, 28.4515], [-105.5561, 28.4609], [-105.5476, 28.4639], [-105.5445, 28.4731], [-105.5084, 28.4804], [-105.4948, 28.4923], [-105.4864, 28.4896], [-105.4951, 28.4949], [-105.4951, 28.5051], [-105.5005, 28.5068], [-105.4902, 28.5438], [-105.5116, 28.5468], [-105.5169, 28.5565], [-105.538, 28.5578], [-105.5566, 28.5682], [-105.5599, 28.5635], [-105.5707, 28.5689], [-105.5735, 28.5757], [-105.6045, 28.5931], [-105.6139, 28.6083], [-105.6137, 28.5606], [-105.6335, 28.5605], [-105.6335, 28.5643], [-105.6185, 28.5678], [-105.6238, 28.5755], [-105.6283, 28.5752], [-105.6283, 28.5678], [-105.6335, 28.5678], [-105.6337, 28.5787], [-105.6588, 28.5821], [-105.6588, 28.5875], [-105.6792, 28.5877], [-105.6792, 28.5784], [-105.6895, 28.5784], [-105.6893, 28.5561], [-105.6944, 28.557]]]}}, {"type": "Feature", "properties": {"osm_type": "relation", "osm_id": 600808757, "name": "Delicias", "admin_level": "6", "kind": "subdivision_2", "parent_osm_id": 1673425, "parent_name": "Chihuahua", "parent_iso": "MX-CHH"}, "geometry": {"type": "Polygon", "coordinates": [[[-105.6408, 28.0126], [-105.5978, 27.9682], [-105.5528, 28.0126], [-105.5374, 28.0112], [-105.5167, 28.0194], [-105.5157, 28.0114], [-105.4935, 28.0275], [-105.4921, 28.0379], [-105.4738, 28.0349], [-105.4735, 28.0558], [-105.4291, 28.0561], [-105.4203, 28.0477], [-105.4027, 28.0665], [-105.3961, 28.0814], [-105.3836, 28.08], [-105.3809, 28.0693], [-105.3615, 28.0692], [-105.3618, 28.2364], [-105.3521, 28.2364], [-105.3578, 28.2453], [-105.3517, 28.2503], [-105.3567, 28.2561], [-105.3699, 28.257], [-105.3716, 28.2685], [-105.382, 28.2771], [-105.3937, 28.2773], [-105.3995, 28.2691], [-105.4076, 28.2703], [-105.4077, 28.2634], [-105.4333, 28.2633], [-105.4333, 28.2598], [-105.451, 28.2625], [-105.4635, 28.2474], [-105.4632, 28.2406], [-105.4698, 28.237], [-105.4774, 28.2412], [-105.4789, 28.2361], [-105.5037, 28.2364], [-105.4941, 28.1838], [-105.5274, 28.1798], [-105.534, 28.1734], [-105.5321, 28.1641], [-105.5409, 28.1494], [-105.5786, 28.1281], [-105.5735, 28.1243], [-105.5772, 28.1212], [-105.6076, 28.1096], [-105.6058, 28.1159], [-105.6123, 28.1131], [-105.604, 28.1277], [-105.6412, 28.104], [-105.6572, 28.0852], [-105.6535, 28.0773], [-105.6618, 28.0605], [-105.6824, 28.0567], [-105.6408, 28.0126]]]}}, {"type": "Feature", "properties": {"osm_type": "relation", "osm_id": 905729181, "name": "Meoqui", "admin_level": "6", "kind": "subdivision_2", "parent_osm_id": 1673425, "parent_name": "Chihuahua", "parent_iso": "MX-CHH"}, "geometry": {"type": "Polygon", "coordinates": [[[-105.5037, 28.2364], [-105.4789, 28.2361], [-105.4774, 28.2412], [-105.4698, 28.237], [-105.4632, 28.2406], [-105.4635, 28.2474], [-105.451, 28.2625], [-105.4333, 28.2598], [-105.4333, 28.2633], [-105.4077, 28.2634], [-105.4076, 28.2703], [-105.3995, 28.2691], [-105.3937, 28.2773], [-105.382, 28.2771], [-105.3716, 28.2685], [-105.3699, 28.257], [-105.3567, 28.2561], [-105.3517, 28.2503], [-105.3485, 28.2593], [-105.3264, 28.2603], [-105.3227, 28.2668], [-105.3201, 28.2634], [-105.3124, 28.2698], [-105.3107, 28.2842], [-105.3325, 28.2892], [-105.3564, 28.3072], [-105.381, 28.3081], [-105.3887, 28.3172], [-105.3844, 28.3354], [-105.3945, 28.345], [-105.4103, 28.3464], [-105.4162, 28.3602], [-105.4271, 28.3638], [-105.4363, 28.3757], [-105.4423, 28.3715], [-105.4616, 28.3773], [-105.464, 28.374], [-105.4641, 28.3838], [-105.4691, 28.3847], [-105.4719, 28.3922], [-105.4581, 28.3995], [-105.459, 28.4184], [-105.465, 28.4294], [-105.4613, 28.4553], [-105.5084, 28.4804], [-105.5445, 28.4731], [-105.5476, 28.4639], [-105.5561, 28.4609], [-105.5612, 28.4515], [-105.5794, 28.4441], [-105.5782, 28.44], [-105.5889, 28.4286], [-105.6138, 28.4323], [-105.6187, 28.4244], [-105.623, 28.4264], [-105.628, 28.4199], [-105.6343, 28.4209], [-105.6484, 28.4141], [-105.6486, 28.4094], [-105.6567, 28.4088], [-105.6369, 28.3921], [-105.6419, 28.3873], [-105.6293, 28.3599], [-105.5892, 28.3217], [-105.585, 28.3017], [-105.5702, 28.2821], [-105.5658, 28.2857], [-105.5658, 28.2817], [-105.5238, 28.2706], [-105.509, 28.2556], [-105.5153, 28.2484], [-105.5037, 28.2364]]]}}, {"type": "Feature", "properties": {"osm_type": "relation", "osm_id": 624554915, "name": "Ahumada", "admin_level": "6", "kind": "subdivision_2", "parent_osm_id": 1673425, "parent_name": "Chihuahua", "parent_iso": "MX-CHH"}, "geometry": {"type": "Polygon", "coordinates": [[[-106.8267, 31.1233], [-106.8607, 31.1459], [-106.8948, 31.1521], [-106.8949, 31.0854], [-107.0449, 31.0861], [-107.0451, 31.0591], [-107.0404, 31.0548], [-107.0414, 31.0219], [-107.0456, 31.0219], [-107.0466, 30.9541], [-107.0737, 30.9553], [-107.0722, 30.9334], [-107.0797, 30.9121], [-107.0916, 30.9076], [-107.1007, 30.8865], [-107.1004, 30.8817], [-107.0859, 30.872], [-107.0993, 30.8638], [-107.0367, 30.8623], [-107.0294, 30.8056], [-107.0607, 30.8057], [-107.0524, 30.7987], [-107.0482, 30.7673], [-107.0604, 30.7564], [-107.0576, 30.7347], [-107.0652, 30.724], [-107.0861, 30.7133], [-107.1462, 30.7123], [-107.0696, 30.6331], [-107.0953, 30.6172], [-107.0929, 30.5898], [-107.1079, 30.5985], [-107.1172, 30.587], [-107.1206, 30.5702], [-107.1327, 30.5618], [-107.1322, 30.5559], [-107.0596, 30.5582], [-107.1985, 30.401], [-107.113, 30.3398], [-107.1651, 30.2793], [-107.1216, 30.2761], [-107.0942, 30.3097], [-107.0757, 30.2972], [-107.0438, 30.3348], [-107.0169, 30.3235], [-106.9919, 30.3029], [-106.9768, 30.3152], [-106.9655, 30.3153], [-106.9478, 30.2943], [-106.9332, 30.2911], [-106.9208, 30.2807], [-106.9226, 30.2618], [-106.874, 30.2582], [-106.8799, 30.2462], [-106.744, 30.2108], [-106.7579, 30.1541], [-106.7735, 30.1509], [-106.7715, 30.1103], [-106.796, 30.1081], [-106.793, 30.0864], [-106.7631, 30.0918], [-106.7896, 30.0273], [-106.7863, 30.0083], [-106.7707, 29.9954], [-106.7524, 29.965], [-106.7549, 29.9367], [-106.7511, 29.9355], [-106.7585, 29.9283], [-106.7446, 29.9194], [-106.7412, 29.9072], [-106.7358, 29.9058], [-106.7363, 29.8976], [-106.6843, 29.8799], [-106.6456, 29.8766], [-106.6554, 29.8467], [-106.6435, 29.8108], [-106.6202, 29.7871], [-106.6175, 29.7784], [-106.6316, 29.766], [-106.6503, 29.7703], [-106.6499, 29.702], [-106.5939, 29.6941], [-106.5943, 29.7428], [-106.5125, 29.7396], [-106.5168, 29.7174], [-106.5074, 29.7122], [-106.5207, 29.7033], [-106.5207, 29.6983], [-106.5115, 29.6989], [-106.5054, 29.6842], [-106.4869, 29.6747], [-106.487, 29.6846], [-106.5055, 29.704], [-106.4651, 29.7267], [-106.474, 29.7354], [-106.4677, 29.7396], [-106.3759, 29.7396], [-106.3663, 29.7127], [-106.2672, 29.7126], [-106.2875, 29.742], [-106.3059, 29.7503], [-106.2923, 29.7693], [-106.2766, 29.7643], [-106.2748, 29.7742], [-106.2552, 29.7773], [-106.2448, 29.7849], [-106.2004, 29.7687], [-106.1034, 29.7438], [-106.1035, 29.7472], [-105.929, 29.7577], [-105.9444, 29.7174], [-105.9461, 29.6842], [-105.9292, 29.6714], [-105.9099, 29.6662], [-105.9091, 29.701], [-105.8974, 29.7072], [-105.8883, 29.7093], [-105.8818, 29.696], [-105.8729, 29.6938], [-105.8557, 29.6932], [-105.8271, 29.7011], [-105.818, 29.7473], [-105.8796, 29.7775], [-105.8057, 29.7832], [-105.8098, 29.8818], [-105.768, 29.882], [-105.7726, 30.0283], [-105.901, 30.0295], [-105.9053, 30.0499], [-105.8971, 30.064], [-105.8281, 30.1258], [-105.7835, 30.1461], [-105.7657, 30.1638], [-105.7451, 30.1659], [-105.7257, 30.1759], [-105.7056, 30.1904], [-105.7088, 30.1951], [-105.6926, 30.2073], [-105.6871, 30.219], [-105.6255, 30.1881], [-105.6253, 30.2388], [-105.6809, 30.2391], [-105.6739, 30.2612], [-105.6922, 30.2817], [-105.6537, 30.3032], [-105.6536, 30.3117], [-105.6251, 30.3117], [-105.6248, 30.3311], [-105.5637, 30.3247], [-105.5752, 30.3689], [-105.6072, 30.3932], [-105.5981, 30.4173], [-105.6045, 30.4349], [-105.5934, 30.4708], [-105.5965, 30.4973], [-105.6168, 30.5051], [-105.6859, 30.5052], [-105.6848, 30.642], [-105.7283, 30.6567], [-105.7099, 30.7705], [-105.7633, 30.7942], [-105.7666, 30.8116], [-105.7968, 30.8357], [-105.8197, 30.8466], [-105.8768, 30.8467], [-105.882, 30.8424], [-105.881, 30.8196], [-106.0536, 30.8198], [-106.0544, 30.8963], [-106.0289, 30.8967], [-106.0305, 30.9066], [-106.0721, 30.8959], [-106.075, 30.899], [-106.0916, 30.9292], [-106.0912, 30.9851], [-106.1324, 30.9852], [-106.1333, 30.9564], [-106.1937, 30.9529], [-106.1943, 30.9987], [-106.1783, 31.0004], [-106.1937, 31.0051], [-106.1849, 31.0084], [-106.1935, 31.0116], [-106.1934, 31.0188], [-106.2728, 31.0375], [-106.283, 31.0629], [-106.275, 31.0875], [-106.2903, 31.0928], [-106.2985, 31.0909], [-106.3049, 31.1513], [-106.3669, 31.1871], [-106.374, 31.1547], [-106.3968, 31.159], [-106.3908, 31.1876], [-106.5074, 31.1873], [-106.5015, 31.1525], [-106.5896, 31.1514], [-106.6076, 31.1553], [-106.6147, 31.152], [-106.642, 31.1699], [-106.659, 31.1743], [-106.6873, 31.1648], [-106.7456, 31.1603], [-106.7458, 31.1379], [-106.777, 31.1251], [-106.8213, 31.12], [-106.8267, 31.1233]]]}}, {"type": "Feature", "properties": {"osm_type": "relation", "osm_id": 589917954, "name": "Cuauhtémoc", "admin_level": "6", "kind": "subdivision_2", "parent_osm_id": 1673425, "parent_name": "Chihuahua", "parent_iso": "MX-CHH"}, "geometry": {"type": "Polygon", "coordinates": [[[-107.2274, 28.6329], [-107.2213, 28.6009], [-107.2232, 28.5825], [-107.2093, 28.5767], [-107.1945, 28.5855], [-107.1911, 28.5785], [-107.1868, 28.5847], [-107.1792, 28.5819], [-107.1748, 28.5698], [-107.1884, 28.5509], [-107.1756, 28.5508], [-107.1642, 28.5408], [-107.1434, 28.5406], [-107.1352, 28.5298], [-107.1204, 28.5262], [-107.1006, 28.4954], [-107.0879, 28.4961], [-107.0905, 28.4703], [-107.0832, 28.4466], [-107.0909, 28.4487], [-107.0856, 28.4182], [-107.0413, 28.402], [-107.038, 28.397], [-107.0469, 28.388], [-107.0507, 28.3751], [-107.0648, 28.3618], [-107.0616, 28.3584], [-107.0646, 28.3509], [-107.0509, 28.348], [-107.0488, 28.3413], [-106.8802, 28.3392], [-106.877, 28.3626], [-106.8518, 28.3654], [-106.8192, 28.3623], [-106.7808, 28.3496], [-106.776, 28.3538], [-106.7675, 28.3406], [-106.738, 28.3574], [-106.7291, 28.3542], [-106.7249, 28.3631], [-106.7128, 28.3672], [-106.7123, 28.3714], [-106.6794, 28.3783], [-106.6601, 28.3767], [-106.6524, 28.3949], [-106.6598, 28.4037], [-106.6621, 28.4175], [-106.6532, 28.4244], [-106.6334, 28.4203], [-106.6339, 28.4269], [-106.6295, 28.4249], [-106.6257, 28.4296], [-106.5545, 28.4153], [-106.5451, 28.4185], [-106.5661, 28.4427], [-106.5915, 28.456], [-106.5981, 28.4771], [-106.5879, 28.4751], [-106.5908, 28.4917], [-106.6277, 28.4923], [-106.6223, 28.4991], [-106.596, 28.5029], [-106.5905, 28.5161], [-106.5836, 28.5103], [-106.5497, 28.5154], [-106.589, 28.533], [-106.6272, 28.5793], [-106.692, 28.6239], [-106.7068, 28.6218], [-106.723, 28.6119], [-106.7202, 28.618], [-106.7347, 28.624], [-106.7454, 28.6463], [-106.7619, 28.6597], [-106.7838, 28.7373], [-106.8105, 28.7594], [-106.8276, 28.7633], [-106.8415, 28.7524], [-106.8883, 28.7637], [-106.8637, 28.787], [-106.8701, 28.7925], [-106.8473, 28.8097], [-106.8511, 28.8129], [-106.8556, 28.8085], [-106.8615, 28.8137], [-106.8416, 28.8316], [-106.8047, 28.8232], [-106.7925, 28.8288], [-106.7866, 28.8406], [-106.8112, 28.8501], [-106.8021, 28.8588], [-106.8237, 28.8622], [-106.8229, 28.8667], [-106.8491, 28.888], [-106.8438, 28.9191], [-106.8329, 28.9173], [-106.8316, 28.9241], [-106.7657, 28.9138], [-106.7595, 28.945], [-106.7744, 28.9536], [-106.7769, 29.0329], [-106.8102, 29.0413], [-106.806, 29.0557], [-106.8092, 29.0565], [-106.814, 29.042], [-106.8283, 29.0445], [-106.789, 29.1292], [-106.8085, 29.1423], [-106.8777, 29.0852], [-106.9221, 29.1232], [-106.9605, 29.1115], [-106.971, 29.1239], [-106.9896, 29.1281], [-106.9992, 29.1202], [-107.0585, 29.1511], [-107.0578, 29.197], [-107.0709, 29.198], [-107.0744, 29.1682], [-107.1143, 29.152], [-107.1159, 29.1473], [-107.1056, 29.1366], [-107.1153, 29.1104], [-107.1608, 29.1084], [-107.1619, 29.1156], [-107.2238, 29.1194], [-107.2581, 29.0701], [-107.2622, 29.0711], [-107.2738, 29.0472], [-107.2685, 29.0452], [-107.2583, 29.0183], [-107.2301, 29.0113], [-107.2152, 28.9976], [-107.1994, 28.9713], [-107.2024, 28.9504], [-107.1965, 28.949], [-107.1964, 28.9348], [-107.189, 28.934], [-107.1809, 28.916], [-107.1447, 28.903], [-107.1348, 28.8848], [-107.1148, 28.873], [-107.1128, 28.8464], [-107.109, 28.8449], [-107.1128, 28.8373], [-107.1074, 28.8292], [-107.1143, 28.8154], [-107.1332, 28.8153], [-107.1387, 28.8077], [-107.1871, 28.8056], [-107.1922, 28.7911], [-107.1887, 28.7836], [-107.1783, 28.7831], [-107.1619, 28.757], [-107.1667, 28.74], [-107.1788, 28.7433], [-107.2058, 28.7078], [-107.1953, 28.7046], [-107.1957, 28.6969], [-107.2044, 28.6776], [-107.2194, 28.6709], [-107.2166, 28.6631], [-107.2216, 28.6343], [-107.2274, 28.6329]]]}}, {"type": "Feature", "properties": {"osm_type": "relation", "osm_id": 166120851, "name": "Riva Palacio", "admin_level": "6", "kind": "subdivision_2", "parent_osm_id": 1673425, "parent_name": "Chihuahua", "parent_iso": "MX-CHH"}, "geometry": {"type": "Polygon", "coordinates": [[[-106.5451, 28.4185], [-106.5173, 28.4438], [-106.5033, 28.4185], [-106.4709, 28.424], [-106.4743, 28.4373], [-106.436, 28.4491], [-106.4172, 28.4492], [-106.4171, 28.4571], [-106.4061, 28.4587], [-106.4071, 28.4492], [-106.402, 28.4492], [-106.3781, 28.475], [-106.37, 28.451], [-106.3495, 28.4409], [-106.3389, 28.4259], [-106.3275, 28.4298], [-106.306, 28.4255], [-106.2997, 28.4311], [-106.3068, 28.4591], [-106.2956, 28.4761], [-106.3141, 28.4912], [-106.3158, 28.4992], [-106.3102, 28.5023], [-106.3077, 28.5128], [-106.3153, 28.5186], [-106.3287, 28.5157], [-106.3332, 28.5296], [-106.3249, 28.5502], [-106.2945, 28.5604], [-106.3187, 28.5929], [-106.3425, 28.6078], [-106.3515, 28.6064], [-106.3507, 28.6106], [-106.3625, 28.6176], [-106.3855, 28.6476], [-106.4017, 28.6565], [-106.4128, 28.6839], [-106.429, 28.696], [-106.4297, 28.7042], [-106.4369, 28.71], [-106.4371, 28.7133], [-106.428, 28.7129], [-106.4233, 28.7178], [-106.4121, 28.714], [-106.4113, 28.7236], [-106.427, 28.7325], [-106.4245, 28.7384], [-106.4529, 28.7433], [-106.4621, 28.7694], [-106.471, 28.7766], [-106.5792, 28.7578], [-106.5983, 28.7834], [-106.5951, 28.8628], [-106.6049, 29.0421], [-106.5946, 29.0387], [-106.5975, 29.0504], [-106.6131, 29.0545], [-106.6142, 29.0712], [-106.6219, 29.084], [-106.5988, 29.1235], [-106.5928, 29.1304], [-106.5843, 29.1304], [-106.5568, 29.1617], [-106.5491, 29.2121], [-106.5655, 29.1917], [-106.5747, 29.1966], [-106.5851, 29.1934], [-106.5898, 29.2076], [-106.6282, 29.2096], [-106.6284, 29.2268], [-106.6375, 29.2267], [-106.6415, 29.2334], [-106.6539, 29.2296], [-106.6632, 29.2338], [-106.6798, 29.2323], [-106.6686, 29.2567], [-106.685, 29.2566], [-106.6851, 29.2684], [-106.7087, 29.2681], [-106.7087, 29.2761], [-106.8266, 29.2708], [-106.8266, 29.2605], [-106.7798, 29.2641], [-106.765, 29.2152], [-106.8225, 29.2134], [-106.8192, 29.1494], [-106.789, 29.1292], [-106.8283, 29.0445], [-106.814, 29.042], [-106.8092, 29.0565], [-106.806, 29.0557], [-106.8102, 29.0413], [-106.7769, 29.0329], [-106.7744, 28.9536], [-106.7595, 28.945], [-106.7657, 28.9138], [-106.8316, 28.9241], [-106.8329, 28.9173], [-106.8438, 28.9191], [-106.8491, 28.888], [-106.8229, 28.8667], [-106.8237, 28.8622], [-106.8021, 28.8588], [-106.8112, 28.8501], [-106.7866, 28.8406], [-106.7925, 28.8288], [-106.8047, 28.8232], [-106.8416, 28.8316], [-106.8615, 28.8137], [-106.8556, 28.8085], [-106.8511, 28.8129], [-106.8473, 28.8097], [-106.8701, 28.7925], [-106.8637, 28.787], [-106.8883, 28.7637], [-106.8415, 28.7524], [-106.8276, 28.7633], [-106.8105, 28.7594], [-106.7838, 28.7373], [-106.7619, 28.6597], [-106.7454, 28.6463], [-106.7347, 28.624], [-106.7202, 28.618], [-106.723, 28.6119], [-106.7068, 28.6218], [-106.692, 28.6239], [-106.6272, 28.5793], [-106.589, 28.533], [-106.5497, 28.5154], [-106.5836, 28.5103], [-106.5905, 28.5161], [-106.596, 28.5029], [-106.6223, 28.4991], [-106.6277, 28.4923], [-106.5908, 28.4917], [-106.5879, 28.4751], [-106.5981, 28.4771], [-106.5915, 28.456], [-106.5661, 28.4427], [-106.5451, 28.4185]]]}}, {"type": "Feature", "properties": {"osm_type": "relation", "osm_id": 876858217, "name": "Hidalgo del Parral", "admin_level": "6", "kind": "subdivision_2", "parent_osm_id": 1673425, "parent_name": "Chihuahua", "parent_iso": "MX-CHH"}, "geometry": {"type": "Polygon", "coordinates": [[[-105.4271, 27.347], [-105.4306, 27.3435], [-105.5188, 27.357], [-105.4923, 27.3091], [-105.517, 27.3133], [-105.5299, 27.3106], [-105.5467, 27.3021], [-105.5541, 27.2892], [-105.6221, 27.311], [-105.6101, 27.3419], [-105.63, 27.3682], [-105.72, 27.3222], [-105.7068, 27.2789], [-105.7201, 27.2738], [-105.7191, 27.2603], [-105.7275, 27.2561], [-105.7305, 27.2407], [-105.7521, 27.2255], [-105.7702, 27.2363], [-105.7772, 27.251], [-105.7863, 27.2584], [-105.7778, 27.2739], [-105.8043, 27.292], [-105.8372, 27.2807], [-105.8402, 27.2755], [-105.8531, 27.2828], [-105.8613, 27.3061], [-105.8817, 27.2933], [-105.8993, 27.312], [-105.9145, 27.3182], [-105.9152, 27.3265], [-105.9239, 27.3331], [-105.9431, 27.3387], [-105.9539, 27.3369], [-105.952, 27.2979], [-105.9562, 27.2797], [-105.9515, 27.2568], [-105.9455, 27.2482], [-105.9287, 27.2475], [-105.9569, 27.2333], [-105.9446, 27.2359], [-105.9263, 27.2245], [-105.918, 27.2153], [-105.9155, 27.2014], [-105.9343, 27.1913], [-105.9407, 27.1793], [-105.9565, 27.1808], [-105.9635, 27.1297], [-105.9762, 27.124], [-105.9782, 27.1181], [-105.9595, 27.0977], [-105.9519, 27.0985], [-105.9474, 27.0777], [-105.9519, 27.0617], [-105.9347, 27.06], [-105.9335, 27.0559], [-105.9423, 27.0538], [-105.948, 27.0453], [-105.9478, 27.0352], [-105.9398, 27.0251], [-105.947, 27.0185], [-105.9473, 27.007], [-105.9291, 26.9871], [-105.9174, 26.9906], [-105.9069, 27.0041], [-105.9094, 27.0108], [-105.9046, 27.0163], [-105.8812, 27.0063], [-105.8772, 26.9991], [-105.8615, 27.0061], [-105.8585, 27.0034], [-105.8684, 26.9873], [-105.8422, 26.9824], [-105.8331, 26.9726], [-105.8305, 26.9618], [-105.825, 26.9664], [-105.8187, 26.9496], [-105.8115, 26.9533], [-105.7962, 26.9364], [-105.7709, 26.9348], [-105.7789, 26.9297], [-105.7325, 26.9118], [-105.6908, 26.8624], [-105.6869, 26.8783], [-105.6748, 26.8782], [-105.6294, 26.8936], [-105.6248, 26.8817], [-105.6191, 26.8811], [-105.6108, 26.8703], [-105.6027, 26.8715], [-105.6006, 26.8794], [-105.5724, 26.8696], [-105.5747, 26.8762], [-105.5689, 26.885], [-105.5688, 26.8972], [-105.5513, 26.9077], [-105.5378, 26.9371], [-105.5265, 26.9453], [-105.5257, 26.9575], [-105.5193, 26.9582], [-105.5082, 26.9696], [-105.5139, 26.9774], [-105.5104, 26.9874], [-105.5133, 26.9965], [-105.51, 27.0096], [-105.5022, 27.0175], [-105.5113, 27.0407], [-105.5189, 27.0417], [-105.5212, 27.0547], [-105.5411, 27.0464], [-105.5402, 27.0411], [-105.5615, 27.0373], [-105.5659, 27.0578], [-105.5636, 27.071], [-105.5722, 27.0806], [-105.5495, 27.1086], [-105.5525, 27.1279], [-105.548, 27.1375], [-105.5391, 27.1419], [-105.4945, 27.1439], [-105.4909, 27.1521], [-105.4948, 27.1565], [-105.4916, 27.1597], [-105.4942, 27.1695], [-105.4551, 27.1556], [-105.4617, 27.1683], [-105.4555, 27.1893], [-105.4178, 27.1788], [-105.4214, 27.183], [-105.4074, 27.1933], [-105.4065, 27.2122], [-105.3974, 27.2282], [-105.4056, 27.2403], [-105.4065, 27.2516], [-105.4135, 27.2568], [-105.4117, 27.2711], [-105.4353, 27.2982], [-105.4301, 27.31], [-105.4374, 27.328], [-105.4266, 27.3357], [-105.4315, 27.3393], [-105.4271, 27.347]]]}}, {"type": "Feature", "properties": {"osm_type": "relation", "osm_id": 381243535, "name": "Allende", "admin_level": "6", "kind": "subdivision_2", "parent_osm_id": 1673425, "parent_name": "Chihuahua", "parent_iso": "MX-CHH"}, "geometry": {"type": "Polygon", "coordinates": [[[-105.5513, 26.9077], [-105.5363, 26.9153], [-105.4883, 26.8872], [-105.4427, 26.8692], [-105.4567, 26.8612], [-105.4531, 26.8564], [-105.4157, 26.8571], [-105.3849, 26.8487], [-105.3843, 26.842], [-105.3673, 26.8404], [-105.3617, 26.8355], [-105.3538, 26.8365], [-105.3501, 26.8426], [-105.3442, 26.8358], [-105.3399, 26.837], [-105.3215, 26.8036], [-105.3414, 26.7937], [-105.3298, 26.7836], [-105.3293, 26.7752], [-105.3072, 26.782], [-105.2992, 26.7742], [-105.2927, 26.7774], [-105.2954, 26.7846], [-105.2916, 26.7876], [-105.2816, 26.7837], [-105.2745, 26.7864], [-105.2536, 26.7553], [-105.2621, 26.7266], [-105.2774, 26.7064], [-105.3198, 26.6942], [-105.3192, 26.6611], [-105.3094, 26.6689], [-105.3088, 26.6512], [-105.213, 26.6382], [-105.2241, 26.6859], [-105.2142, 26.7437], [-105.2327, 26.7495], [-105.2272, 26.7562], [-105.2286, 26.7667], [-105.2132, 26.8124], [-105.2165, 26.8224], [-105.2221, 26.8195], [-105.2246, 26.856], [-105.1753, 26.8109], [-105.1635, 26.8242], [-105.1779, 26.8369], [-105.159, 26.8556], [-105.1542, 26.8668], [-105.1626, 26.8806], [-105.1746, 26.8793], [-105.1803, 26.885], [-105.1875, 26.9202], [-105.2033, 26.9411], [-105.2135, 26.9453], [-105.2192, 26.97], [-105.2447, 27.0202], [-105.2547, 27.0219], [-105.2644, 27.0517], [-105.2534, 27.0866], [-105.2285, 27.1164], [-105.0452, 27.205], [-105.0311, 27.2054], [-105.0384, 27.2138], [-105.0275, 27.2401], [-105.0484, 27.2577], [-105.0448, 27.2703], [-105.0281, 27.2788], [-105.0891, 27.3629], [-105.0853, 27.3713], [-105.1582, 27.3986], [-105.1593, 27.3719], [-105.1545, 27.3641], [-105.162, 27.35], [-105.2237, 27.4044], [-105.2416, 27.3932], [-105.2508, 27.4038], [-105.2343, 27.427], [-105.2542, 27.4158], [-105.2653, 27.4314], [-105.2718, 27.4261], [-105.2777, 27.4278], [-105.2716, 27.4001], [-105.2798, 27.3824], [-105.3047, 27.3614], [-105.3208, 27.3598], [-105.3459, 27.3718], [-105.3791, 27.3752], [-105.4087, 27.3891], [-105.4272, 27.3809], [-105.4261, 27.373], [-105.44, 27.3615], [-105.4281, 27.3585], [-105.4313, 27.3488], [-105.4255, 27.3459], [-105.4315, 27.3393], [-105.4266, 27.3357], [-105.4374, 27.328], [-105.4301, 27.31], [-105.4353, 27.2982], [-105.4117, 27.2711], [-105.4135, 27.2568], [-105.4065, 27.2516], [-105.4056, 27.2403], [-105.3974, 27.2282], [-105.4065, 27.2122], [-105.4074, 27.1933], [-105.4214, 27.183], [-105.4178, 27.1788], [-105.4555, 27.1893], [-105.4617, 27.1683], [-105.4551, 27.1556], [-105.4942, 27.1695], [-105.4916, 27.1597], [-105.4948, 27.1565], [-105.4909, 27.1521], [-105.4945, 27.1439], [-105.5391, 27.1419], [-105.548, 27.1375], [-105.5525, 27.1279], [-105.5495, 27.1086], [-105.5722, 27.0806], [-105.5636, 27.071], [-105.5659, 27.0578], [-105.5615, 27.0373], [-105.5402, 27.0411], [-105.5411, 27.0464], [-105.5212, 27.0547], [-105.5189, 27.0417], [-105.5113, 27.0407], [-105.5022, 27.0175], [-105.51, 27.0096], [-105.5133, 26.9965], [-105.5104, 26.9874], [-105.5139, 26.9774], [-105.5082, 26.9696], [-105.5193, 26.9582], [-105.5257, 26.9575], [-105.5265, 26.9453], [-105.5378, 26.9371], [-105.5513, 26.9077]]]}}, {"type": "Feature", "properties": {"osm_type": "relation", "osm_id": 860804746, "name": "Camargo", "admin_level": "6", "kind": "subdivision_2", "parent_osm_id": 1673425, "parent_name": "Chihuahua", "parent_iso": "MX-CHH"}, "geometry": {"type": "Polygon", "coordinates": [[[-103.6422, 28.5449], [-103.6286, 28.5926], [-103.6483, 28.5827], [-103.6582, 28.6084], [-103.6801, 28.589], [-103.7057, 28.6028], [-103.7225, 28.5581], [-103.8414, 28.6038], [-103.9255, 28.5774], [-103.9265, 28.6051], [-103.9768, 28.6073], [-104.0218, 28.559], [-104.0581, 28.6006], [-104.0506, 28.6353], [-104.0772, 28.6773], [-104.119, 28.708], [-104.1447, 28.6784], [-104.172, 28.7043], [-104.1743, 28.6876], [-104.1841, 28.6869], [-104.2224, 28.7076], [-104.2423, 28.6544], [-104.2608, 28.6485], [-104.2433, 28.635], [-104.2931, 28.5835], [-104.3273, 28.6173], [-104.3484, 28.5956], [-104.3875, 28.6249], [-104.4196, 28.6314], [-104.3709, 28.6849], [-104.3944, 28.6916], [-104.4177, 28.6892], [-104.4173, 28.6967], [-104.4372, 28.7039], [-104.4373, 28.7327], [-104.4647, 28.7323], [-104.4654, 28.7532], [-104.5054, 28.7535], [-104.5165, 28.7667], [-104.5578, 28.7502], [-104.5601, 28.7532], [-104.6172, 28.7265], [-104.6173, 28.6912], [-104.6076, 28.6907], [-104.5806, 28.6377], [-104.6141, 28.6382], [-104.6155, 28.629], [-104.647, 28.6112], [-104.6442, 28.5935], [-104.7203, 28.5753], [-104.7212, 28.5347], [-104.6766, 28.5443], [-104.6728, 28.5328], [-104.6874, 28.5298], [-104.6762, 28.5222], [-104.6978, 28.5071], [-104.6965, 28.4811], [-104.7051, 28.4527], [-104.6947, 28.4531], [-104.704, 28.4322], [-104.6988, 28.421], [-104.6999, 28.4043], [-104.6901, 28.3902], [-104.6994, 28.3755], [-104.7241, 28.3737], [-104.7248, 28.3308], [-104.7321, 28.3279], [-104.7392, 28.331], [-104.7815, 28.2747], [-104.7872, 28.2547], [-104.802, 28.2512], [-104.8096, 28.2374], [-104.842, 28.2308], [-104.8459, 28.2369], [-104.8818, 28.2395], [-104.8799, 28.219], [-104.8868, 28.2233], [-104.9442, 28.188], [-104.9557, 28.2026], [-104.9724, 28.187], [-104.9595, 28.1786], [-104.9307, 28.1154], [-104.9088, 28.0965], [-104.9081, 28.0883], [-104.8943, 28.0669], [-104.861, 28.0567], [-104.8363, 28.0375], [-104.8257, 28.0412], [-104.8191, 28.0333], [-104.8181, 28.0239], [-104.8285, 28.0092], [-104.8599, 27.9981], [-104.8501, 27.9585], [-104.8289, 27.9486], [-104.8353, 27.9427], [-104.8245, 27.941], [-104.8184, 27.8869], [-104.8069, 27.8794], [-104.7815, 27.8806], [-104.763, 27.8737], [-104.7579, 27.866], [-104.798, 27.8565], [-104.8195, 27.8411], [-104.8431, 27.8422], [-104.8546, 27.8366], [-104.8639, 27.8304], [-104.8578, 27.814], [-104.9711, 27.7838], [-104.9932, 27.7576], [-105.007, 27.7617], [-105.0135, 27.7736], [-105.0044, 27.7805], [-104.9976, 27.7998], [-105.0179, 27.8106], [-105.0214, 27.8059], [-105.036, 27.8075], [-105.0656, 27.7962], [-105.0918, 27.7816], [-105.1389, 27.7776], [-105.1419, 27.7833], [-105.1558, 27.7831], [-105.1643, 27.7932], [-105.175, 27.7957], [-105.1787, 27.7816], [-105.1742, 27.7775], [-105.22, 27.7745], [-105.2263, 27.7814], [-105.2593, 27.7636], [-105.2906, 27.7198], [-105.2492, 27.702], [-105.2864, 27.6904], [-105.2865, 27.6799], [-105.2743, 27.6669], [-105.2756, 27.6496], [-105.2661, 27.6405], [-105.2835, 27.6348], [-105.2777, 27.6263], [-105.2822, 27.6158], [-105.2372, 27.5633], [-105.2452, 27.5596], [-105.2423, 27.5515], [-105.1951, 27.5518], [-105.1951, 27.498], [-105.1999, 27.4909], [-105.2361, 27.4909], [-105.2359, 27.4788], [-105.2569, 27.4489], [-105.2529, 27.4402], [-105.2678, 27.4376], [-105.2542, 27.4158], [-105.2343, 27.427], [-105.2508, 27.4038], [-105.2416, 27.3932], [-105.2237, 27.4044], [-105.162, 27.35], [-105.1545, 27.3641], [-105.1593, 27.3719], [-105.1582, 27.3986], [-105.0987, 27.3763], [-105.1039, 27.3833], [-105.0578, 27.3898], [-105.031, 27.3766], [-105.0152, 27.3767], [-105.01, 27.3601], [-104.9709, 27.3695], [-104.9702, 27.4063], [-104.9432, 27.433], [-104.9332, 27.4345], [-104.9293, 27.4439], [-104.878, 27.4412], [-104.8771, 27.4601], [-104.8555, 27.4626], [-104.8412, 27.4545], [-104.8087, 27.423], [-104.7961, 27.4369], [-104.7878, 27.4394], [-104.8108, 27.474], [-104.7664, 27.4912], [-104.7595, 27.4828], [-104.7481, 27.4907], [-104.7114, 27.4733], [-104.7049, 27.4818], [-104.6504, 27.4593], [-104.6405, 27.4465], [-104.6318, 27.4446], [-104.5893, 27.4468], [-104.5697, 27.454], [-104.5533, 27.4894], [-104.5021, 27.4592], [-104.4331, 27.5189], [-104.3844, 27.5387], [-104.3476, 27.5609], [-104.3532, 27.5756], [-104.3463, 27.5757], [-104.3331, 27.5898], [-104.3324, 27.5991], [-104.3247, 27.5773], [-104.3043, 27.5776], [-104.2967, 27.5532], [-104.29, 27.5492], [-104.2826, 27.5536], [-104.2651, 27.5532], [-104.258, 27.5466], [-104.2191, 27.575], [-104.1458, 27.5562], [-104.1371, 27.5757], [-103.86, 27.5713], [-103.8688, 27.6071], [-103.8836, 27.6008], [-103.8973, 27.6565], [-103.8832, 27.6576], [-103.8955, 27.674], [-103.8895, 27.7132], [-103.8967, 27.7406], [-103.8811, 27.7392], [-103.9356, 27.7976], [-103.9008, 27.8269], [-103.9439, 27.8269], [-103.96, 27.8353], [-103.9458, 27.8564], [-103.9433, 27.8888], [-103.955, 27.9508], [-103.9356, 27.9453], [-103.9419, 27.9278], [-103.8929, 27.914], [-103.8777, 27.9575], [-103.9267, 27.9714], [-103.8895, 28.0604], [-103.8609, 28.109], [-103.8675, 28.1121], [-103.7682, 28.3004], [-103.7629, 28.2982], [-103.7283, 28.3565], [-103.643, 28.5125], [-103.6434, 28.5306], [-103.6479, 28.533], [-103.6422, 28.5449]]]}}, {"type": "Feature", "properties": {"osm_type": "relation", "osm_id": 714493132, "name": "Jiménez", "admin_level": "6", "kind": "subdivision_2", "parent_osm_id": 1673425, "parent_name": "Chihuahua", "parent_iso": "MX-CHH"}, "geometry": {"type": "Polygon", "coordinates": [[[-103.86, 27.5713], [-104.1371, 27.5757], [-104.1458, 27.5562], [-104.2191, 27.575], [-104.258, 27.5466], [-104.2651, 27.5532], [-104.2826, 27.5536], [-104.29, 27.5492], [-104.2967, 27.5532], [-104.3043, 27.5776], [-104.3247, 27.5773], [-104.3324, 27.5991], [-104.3331, 27.5898], [-104.3463, 27.5757], [-104.3532, 27.5756], [-104.3476, 27.5609], [-104.3844, 27.5387], [-104.4331, 27.5189], [-104.5021, 27.4592], [-104.5533, 27.4894], [-104.5697, 27.454], [-104.5893, 27.4468], [-104.6318, 27.4446], [-104.6405, 27.4465], [-104.6504, 27.4593], [-104.7049, 27.4818], [-104.7114, 27.4733], [-104.7481, 27.4907], [-104.7595, 27.4828], [-104.7664, 27.4912], [-104.8108, 27.474], [-104.7878, 27.4394], [-104.7961, 27.4369], [-104.8087, 27.423], [-104.8412, 27.4545], [-104.8555, 27.4626], [-104.8771, 27.4601], [-104.878, 27.4412], [-104.9293, 27.4439], [-104.9332, 27.4345], [-104.9432, 27.433], [-104.9702, 27.4063], [-104.9709, 27.3695], [-105.01, 27.3601], [-105.0152, 27.3767], [-105.031, 27.3766], [-105.0578, 27.3898], [-105.1039, 27.3833], [-105.0987, 27.3763], [-105.0853, 27.3713], [-105.0891, 27.3629], [-105.0281, 27.2788], [-105.0448, 27.2703], [-105.0484, 27.2577], [-105.0275, 27.2401], [-105.0384, 27.2138], [-105.0311, 27.2054], [-105.0413, 27.2023], [-105.0413, 27.1973], [-105.0315, 27.1873], [-105.0276, 27.1567], [-105.0166, 27.157], [-105.0072, 27.1191], [-105.0527, 27.1041], [-105.0528, 27.0906], [-105.0414, 27.0767], [-105.0463, 27.0627], [-105.0288, 27.0613], [-105.0096, 27.0444], [-105.001, 27.0498], [-104.9964, 27.0382], [-105.0016, 27.0243], [-104.9967, 27.0193], [-105.003, 27.0176], [-105.0045, 27.0087], [-104.9841, 26.9988], [-104.9645, 27.0179], [-104.8977, 26.9224], [-104.8896, 26.9244], [-104.8755, 26.919], [-104.8333, 26.8874], [-104.8386, 26.8839], [-104.7519, 26.8883], [-104.716, 26.7553], [-104.7045, 26.7418], [-104.7068, 26.7213], [-104.718, 26.7131], [-104.7112, 26.6992], [-104.7198, 26.6931], [-104.729, 26.6667], [-104.7074, 26.6386], [-104.7228, 26.6307], [-104.7572, 26.5968], [-104.769, 26.5811], [-104.7717, 26.5625], [-104.8009, 26.5563], [-104.796, 26.5481], [-104.8051, 26.5478], [-104.859, 26.5033], [-104.8093, 26.5085], [-104.7912, 26.5046], [-104.761, 26.4858], [-104.7478, 26.4924], [-104.7372, 26.4794], [-104.729, 26.4793], [-104.7213, 26.4689], [-104.7133, 26.4665], [-104.7097, 26.4559], [-104.6867, 26.4331], [-104.6773, 26.4293], [-104.6541, 26.3911], [-104.6453, 26.3916], [-104.6201, 26.3688], [-104.5939, 26.3804], [-104.5745, 26.3405], [-104.5011, 26.4145], [-104.4956, 26.4368], [-104.5031, 26.465], [-104.4959, 26.4669], [-104.4686, 26.5203], [-104.4382, 26.5995], [-104.3754, 26.6407], [-104.3304, 26.6565], [-104.3058, 26.7007], [-104.3068, 26.7072], [-104.2865, 26.7254], [-104.2998, 26.7519], [-104.3173, 26.7607], [-104.3018, 26.7719], [-104.3053, 26.7929], [-104.3153, 26.7991], [-104.2915, 26.8158], [-104.2862, 26.8152], [-104.2949, 26.8178], [-104.2836, 26.8253], [-104.2819, 26.8356], [-104.273, 26.8423], [-104.2278, 26.7772], [-104.1839, 26.7736], [-104.0457, 26.743], [-104.0332, 26.7744], [-103.995, 26.7775], [-103.9938, 26.7536], [-103.8812, 26.7549], [-103.8613, 26.7504], [-103.8613, 26.7541], [-103.6991, 26.7253], [-103.7016, 26.7308], [-103.7152, 26.7351], [-103.7249, 26.7721], [-103.7506, 26.8099], [-103.754, 26.8296], [-103.7796, 26.8361], [-103.8517, 26.8961], [-103.8519, 26.9052], [-103.8359, 26.9358], [-103.8521, 26.9346], [-103.7846, 26.9807], [-103.7799, 27.0089], [-103.7408, 27.0225], [-103.7525, 27.0779], [-103.7835, 27.0912], [-103.7994, 27.1247], [-103.7984, 27.2135], [-103.8094, 27.2492], [-103.8198, 27.243], [-103.8306, 27.2768], [-103.8321, 27.2983], [-103.8769, 27.3116], [-103.8637, 27.4409], [-103.8585, 27.4399], [-103.8546, 27.5494], [-103.86, 27.5713]]]}}, {"type": "Feature", "properties": {"osm_type": "relation", "osm_id": 710902661, "name": "Julimes", "admin_level": "6", "kind": "subdivision_2", "parent_osm_id": 1673425, "parent_name": "Chihuahua", "parent_iso": "MX-CHH"}, "geometry": {"type": "Polygon", "coordinates": [[[-105.5281, 28.5593], [-105.5169, 28.5565], [-105.5116, 28.5468], [-105.4902, 28.5438], [-105.5005, 28.5068], [-105.4951, 28.5051], [-105.4951, 28.4949], [-105.4864, 28.4896], [-105.4948, 28.4923], [-105.5084, 28.4804], [-105.4613, 28.4553], [-105.465, 28.4294], [-105.459, 28.4184], [-105.4581, 28.3995], [-105.4719, 28.3922], [-105.4691, 28.3847], [-105.4641, 28.3838], [-105.464, 28.374], [-105.4616, 28.3773], [-105.4423, 28.3715], [-105.4363, 28.3757], [-105.4271, 28.3638], [-105.4162, 28.3602], [-105.4103, 28.3464], [-105.3945, 28.345], [-105.3844, 28.3354], [-105.3887, 28.3172], [-105.381, 28.3081], [-105.3564, 28.3072], [-105.3218, 28.2848], [-105.2945, 28.3011], [-105.247, 28.3128], [-105.2463, 28.3262], [-105.2394, 28.3193], [-105.1804, 28.3212], [-105.1855, 28.332], [-105.1764, 28.3419], [-105.1713, 28.3355], [-105.1442, 28.3237], [-105.1192, 28.3205], [-105.1013, 28.3118], [-105.1143, 28.3086], [-105.0906, 28.2621], [-104.9688, 28.2786], [-104.9669, 28.3106], [-104.9438, 28.2977], [-104.9048, 28.2904], [-104.8858, 28.2624], [-104.8818, 28.2395], [-104.8459, 28.2369], [-104.842, 28.2308], [-104.8153, 28.2348], [-104.802, 28.2512], [-104.7872, 28.2547], [-104.7815, 28.2747], [-104.7392, 28.331], [-104.7321, 28.3279], [-104.7248, 28.3308], [-104.7241, 28.3737], [-104.6994, 28.3755], [-104.6913, 28.386], [-104.6924, 28.3968], [-104.6999, 28.4043], [-104.6988, 28.421], [-104.704, 28.4322], [-104.6947, 28.4531], [-104.7051, 28.4527], [-104.6965, 28.4811], [-104.6978, 28.5071], [-104.6762, 28.5222], [-104.6874, 28.5298], [-104.6728, 28.5328], [-104.6766, 28.5443], [-104.7212, 28.5347], [-104.7203, 28.5753], [-104.6442, 28.5935], [-104.647, 28.6112], [-104.6155, 28.629], [-104.6141, 28.6382], [-104.5806, 28.6377], [-104.6076, 28.6907], [-104.6173, 28.6912], [-104.6174, 28.7557], [-104.6392, 28.7456], [-104.6702, 28.7394], [-104.6722, 28.7353], [-104.6854, 28.7688], [-104.7388, 28.757], [-104.7613, 28.7708], [-104.7759, 28.7715], [-104.7841, 28.7951], [-104.8272, 28.787], [-104.8428, 28.7934], [-104.878, 28.7786], [-104.878, 28.7991], [-104.8709, 28.8185], [-105.0376, 28.7785], [-105.0506, 28.7944], [-105.0937, 28.8264], [-105.1426, 28.7496], [-105.1641, 28.7974], [-105.2218, 28.7662], [-105.2345, 28.7879], [-105.2422, 28.7855], [-105.2615, 28.8024], [-105.2717, 28.8014], [-105.2752, 28.8077], [-105.2919, 28.7945], [-105.294, 28.7816], [-105.3079, 28.7714], [-105.3111, 28.7614], [-105.3325, 28.7502], [-105.3433, 28.7379], [-105.3474, 28.739], [-105.3499, 28.7284], [-105.3661, 28.719], [-105.3642, 28.7113], [-105.3915, 28.7099], [-105.4088, 28.6971], [-105.4212, 28.6967], [-105.4156, 28.6582], [-105.4953, 28.6178], [-105.4972, 28.6303], [-105.501, 28.6304], [-105.4982, 28.6121], [-105.5066, 28.5923], [-105.5154, 28.5847], [-105.5124, 28.5697], [-105.5196, 28.5692], [-105.5251, 28.5626], [-105.5215, 28.561], [-105.5281, 28.5593]]]}}, {"type": "Feature", "properties": {"osm_type": "relation", "osm_id": 342272284, "name": "Ojinaga", "admin_level": "6", "kind": "subdivision_2", "parent_osm_id": 1673425, "parent_name": "Chihuahua", "parent_iso": "MX-CHH"}, "geometry": {"type": "Polygon", "coordinates": [[[-105.026, 30.5078], [-104.953, 30.3829], [-104.8763, 30.381], [-104.9387, 30.2844], [-104.928, 30.2623], [-104.9304, 30.258], [-104.9261, 30.2587], [-104.9119, 30.2289], [-104.9038, 30.1732], [-104.8767, 30.1748], [-104.8902, 30.143], [-104.8991, 30.1373], [-104.8885, 30.1371], [-104.8766, 30.1275], [-104.8861, 30.106], [-104.8777, 30.0946], [-104.8794, 30.084], [-104.866, 30.0644], [-104.8774, 30.0534], [-104.8632, 30.0075], [-104.8282, 29.9951], [-104.836, 29.9693], [-104.8579, 29.9726], [-104.8669, 29.9646], [-104.8652, 29.9463], [-104.8738, 29.9312], [-104.8809, 29.936], [-104.8853, 29.9282], [-104.8601, 29.9133], [-104.8501, 29.8898], [-104.8537, 29.8843], [-104.8271, 29.8835], [-104.8348, 29.8165], [-104.8432, 29.7937], [-104.8981, 29.7659], [-104.8753, 29.747], [-104.8687, 29.7343], [-104.8619, 29.7329], [-104.8621, 29.7256], [-104.797, 29.7135], [-104.7894, 29.523], [-104.8016, 29.4928], [-104.7372, 29.4353], [-104.6914, 29.3601], [-104.6742, 29.3869], [-104.6484, 29.3722], [-104.6064, 29.3569], [-104.5595, 29.3055], [-104.5435, 29.295], [-104.5514, 29.2876], [-104.6004, 29.2658], [-104.583, 29.2538], [-104.5366, 29.1941], [-104.6134, 29.1935], [-104.6183, 29.1403], [-104.7667, 29.0234], [-104.7826, 28.9641], [-104.8186, 28.9622], [-104.7282, 28.85], [-104.6622, 28.7765], [-104.6854, 28.7688], [-104.6722, 28.7353], [-104.6702, 28.7394], [-104.6392, 28.7456], [-104.6174, 28.7557], [-104.6172, 28.7265], [-104.5601, 28.7532], [-104.5578, 28.7502], [-104.5165, 28.7667], [-104.5054, 28.7535], [-104.4654, 28.7532], [-104.4647, 28.7323], [-104.4373, 28.7327], [-104.4372, 28.7039], [-104.4173, 28.6967], [-104.4177, 28.6892], [-104.3944, 28.6916], [-104.3709, 28.6849], [-104.4196, 28.6314], [-104.3875, 28.6249], [-104.3484, 28.5956], [-104.3273, 28.6173], [-104.2931, 28.5835], [-104.2433, 28.635], [-104.2608, 28.6485], [-104.2423, 28.6544], [-104.2187, 28.7185], [-104.2565, 28.7166], [-104.2425, 28.7453], [-104.2273, 28.7403], [-104.2197, 28.756], [-104.2182, 28.7786], [-104.1891, 28.775], [-104.187, 28.7937], [-104.1644, 28.8269], [-104.1808, 28.8401], [-104.1555, 28.8551], [-104.1829, 28.8854], [-104.175, 28.9138], [-104.149, 28.8875], [-104.1191, 28.9177], [-104.1483, 28.947], [-104.1289, 28.9653], [-104.1779, 29.005], [-104.1727, 29.0115], [-104.1389, 29.0099], [-104.1577, 29.0473], [-104.1434, 29.0583], [-104.1404, 29.067], [-104.1594, 29.087], [-104.1758, 29.0817], [-104.1533, 29.0941], [-104.1732, 29.1225], [-104.2155, 29.1243], [-104.2159, 29.1308], [-104.2073, 29.1302], [-104.2066, 29.1531], [-104.2473, 29.1549], [-104.2461, 29.1772], [-104.266, 29.1783], [-104.2633, 29.2026], [-104.2906, 29.2447], [-104.2987, 29.267], [-104.2349, 29.2755], [-104.2063, 29.2735], [-104.1573, 29.2606], [-104.1477, 29.279], [-104.1333, 29.2692], [-104.1192, 29.295], [-103.9787, 29.2373], [-103.9734, 29.2401], [-103.9705, 29.2968], [-104.0379, 29.3199], [-104.0544, 29.33], [-104.0559, 29.3369], [-104.0729, 29.3462], [-104.0831, 29.3466], [-104.1078, 29.3736], [-104.1195, 29.3707], [-104.1242, 29.3812], [-104.1361, 29.3848], [-104.143, 29.3806], [-104.1445, 29.3878], [-104.1506, 29.387], [-104.1534, 29.3933], [-104.1657, 29.3936], [-104.1678, 29.4029], [-104.1804, 29.4128], [-104.1822, 29.4272], [-104.2175, 29.4561], [-104.2088, 29.4807], [-104.2129, 29.4851], [-104.2308, 29.4791], [-104.2368, 29.4971], [-104.2603, 29.5067], [-104.2636, 29.5142], [-104.2921, 29.5198], [-104.2951, 29.5239], [-104.3111, 29.5236], [-104.3134, 29.5318], [-104.3185, 29.5317], [-104.3218, 29.5223], [-104.3354, 29.5198], [-104.3398, 29.5272], [-104.3531, 29.5287], [-104.3562, 29.5412], [-104.3602, 29.5359], [-104.3733, 29.5441], [-104.3849, 29.543], [-104.3842, 29.5539], [-104.3932, 29.5535], [-104.399, 29.573], [-104.4563, 29.6085], [-104.4667, 29.6097], [-104.4656, 29.6183], [-104.474, 29.6186], [-104.4764, 29.6283], [-104.4859, 29.6287], [-104.4981, 29.6396], [-104.5083, 29.6327], [-104.5159, 29.641], [-104.51, 29.6445], [-104.5172, 29.6474], [-104.5262, 29.668], [-104.5309, 29.6708], [-104.5362, 29.6673], [-104.5356, 29.6735], [-104.5444, 29.6816], [-104.5308, 29.6905], [-104.5457, 29.6991], [-104.545, 29.7165], [-104.5524, 29.7173], [-104.5495, 29.731], [-104.5604, 29.7361], [-104.5497, 29.7414], [-104.5697, 29.7525], [-104.5639, 29.7615], [-104.5683, 29.7663], [-104.5653, 29.7701], [-104.5787, 29.7826], [-104.5813, 29.7946], [-104.5898, 29.7961], [-104.586, 29.802], [-104.5912, 29.8095], [-104.5938, 29.8051], [-104.601, 29.8159], [-104.61, 29.819], [-104.6086, 29.8278], [-104.6204, 29.831], [-104.6094, 29.8394], [-104.6157, 29.8464], [-104.6237, 29.8424], [-104.6216, 29.8496], [-104.6299, 29.8536], [-104.6329, 29.87], [-104.6458, 29.8783], [-104.6507, 29.8913], [-104.658, 29.8905], [-104.6557, 29.906], [-104.6655, 29.9016], [-104.6656, 29.9094], [-104.6769, 29.9131], [-104.6787, 29.9266], [-104.6829, 29.9292], [-104.6792, 29.9324], [-104.6819, 29.9402], [-104.6781, 29.9392], [-104.6804, 29.9468], [-104.6735, 29.956], [-104.685, 29.9566], [-104.6821, 29.9693], [-104.6856, 29.971], [-104.681, 29.9776], [-104.6935, 29.9758], [-104.6856, 29.9903], [-104.6949, 29.9926], [-104.6872, 29.9961], [-104.694, 30.0028], [-104.6898, 30.015], [-104.7033, 30.0227], [-104.7008, 30.0357], [-104.6951, 30.0378], [-104.7066, 30.0506], [-104.7037, 30.0643], [-104.6909, 30.0705], [-104.6934, 30.0736], [-104.6883, 30.0736], [-104.6907, 30.0776], [-104.6851, 30.0854], [-104.69, 30.0886], [-104.685, 30.0993], [-104.689, 30.0952], [-104.6943, 30.1017], [-104.6911, 30.1086], [-104.6855, 30.1077], [-104.6914, 30.1113], [-104.6905, 30.1176], [-104.6954, 30.1183], [-104.6965, 30.1347], [-104.6854, 30.1443], [-104.6899, 30.1492], [-104.6863, 30.1729], [-104.711, 30.2232], [-104.7062, 30.2341], [-104.7333, 30.2611], [-104.7371, 30.2615], [-104.737, 30.2559], [-104.7502, 30.2617], [-104.7481, 30.2742], [-104.7578, 30.2714], [-104.7632, 30.2746], [-104.7581, 30.2827], [-104.7653, 30.3061], [-104.779, 30.3033], [-104.7771, 30.3103], [-104.7918, 30.3258], [-104.8113, 30.3327], [-104.81, 30.3411], [-104.8221, 30.3499], [-104.8147, 30.3532], [-104.8111, 30.3617], [-104.8115, 30.3667], [-104.8194, 30.368], [-104.8166, 30.3751], [-104.8373, 30.3739], [-104.8592, 30.3904], [-104.8543, 30.4004], [-104.8574, 30.4083], [-104.848, 30.4139], [-104.8478, 30.4207], [-104.8522, 30.4189], [-104.8615, 30.4264], [-104.8583, 30.4374], [-104.868, 30.4411], [-104.8645, 30.4499], [-104.8698, 30.4577], [-104.8659, 30.4665], [-104.8686, 30.4726], [-104.934, 30.4675], [-104.9583, 30.4787], [-104.9797, 30.5072], [-105.026, 30.5078]]]}}, {"type": "Feature", "properties": {"osm_type": "relation", "osm_id": 185752915, "name": "Saucillo", "admin_level": "6", "kind": "subdivision_2", "parent_osm_id": 1673425, "parent_name": "Chihuahua", "parent_iso": "MX-CHH"}, "geometry": {"type": "Polygon", "coordinates": [[[-105.7793, 27.9161], [-105.7716, 27.8983], [-105.7584, 27.8996], [-105.7581, 27.8925], [-105.7646, 27.8869], [-105.7746, 27.8871], [-105.7793, 27.8809], [-105.7772, 27.8712], [-105.7852, 27.8384], [-105.8014, 27.8291], [-105.82, 27.8073], [-105.823, 27.7824], [-105.8151, 27.7665], [-105.7876, 27.7501], [-105.7717, 27.7527], [-105.7506, 27.747], [-105.7391, 27.702], [-105.7203, 27.7002], [-105.7087, 27.7143], [-105.7066, 27.7351], [-105.7015, 27.7203], [-105.6875, 27.713], [-105.64, 27.6905], [-105.5941, 27.6811], [-105.5529, 27.7184], [-105.3691, 27.7307], [-105.3427, 27.749], [-105.3443, 27.773], [-105.337, 27.7739], [-105.3333, 27.7907], [-105.3246, 27.7919], [-105.3251, 27.7965], [-105.3171, 27.7974], [-105.3177, 27.8019], [-105.2924, 27.7752], [-105.2892, 27.783], [-105.2929, 27.7935], [-105.2547, 27.8124], [-105.3165, 27.8795], [-105.2227, 27.9413], [-105.227, 27.9337], [-105.2197, 27.9224], [-105.2116, 27.928], [-105.2061, 27.9404], [-105.1969, 27.9356], [-105.2152, 27.9607], [-105.1782, 27.9822], [-105.1699, 27.9986], [-105.0662, 28.0074], [-105.0854, 28.0432], [-104.9492, 28.0376], [-104.907, 28.0251], [-104.9138, 28.0094], [-104.8624, 28.0057], [-104.8599, 27.9981], [-104.8285, 28.0092], [-104.8181, 28.0239], [-104.8191, 28.0333], [-104.8257, 28.0412], [-104.8363, 28.0375], [-104.861, 28.0567], [-104.8943, 28.0669], [-104.9081, 28.0883], [-104.9088, 28.0965], [-104.9307, 28.1154], [-104.9595, 28.1786], [-104.9724, 28.187], [-104.9557, 28.2026], [-104.9442, 28.188], [-104.8868, 28.2233], [-104.8799, 28.219], [-104.8833, 28.2566], [-104.9048, 28.2904], [-104.9438, 28.2977], [-104.9669, 28.3106], [-104.9688, 28.2786], [-105.0906, 28.2621], [-105.1143, 28.3086], [-105.1013, 28.3118], [-105.1192, 28.3205], [-105.1442, 28.3237], [-105.1713, 28.3355], [-105.1764, 28.3419], [-105.1855, 28.332], [-105.1804, 28.3212], [-105.2394, 28.3193], [-105.2463, 28.3262], [-105.247, 28.3128], [-105.2845, 28.3048], [-105.3096, 28.2928], [-105.3136, 28.2871], [-105.3124, 28.2698], [-105.3201, 28.2634], [-105.3227, 28.2668], [-105.3264, 28.2603], [-105.3509, 28.2581], [-105.3517, 28.2503], [-105.3578, 28.2453], [-105.3521, 28.2364], [-105.3618, 28.2364], [-105.3615, 28.0692], [-105.3809, 28.0693], [-105.3836, 28.08], [-105.3961, 28.0814], [-105.4027, 28.0665], [-105.4203, 28.0477], [-105.4291, 28.0561], [-105.4735, 28.0558], [-105.4738, 28.0349], [-105.4921, 28.0379], [-105.4935, 28.0275], [-105.5157, 28.0114], [-105.5167, 28.0194], [-105.5374, 28.0112], [-105.5528, 28.0126], [-105.5978, 27.9682], [-105.6408, 28.0126], [-105.6706, 27.9952], [-105.6929, 27.9947], [-105.7193, 27.9869], [-105.7355, 27.9768], [-105.7324, 27.9756], [-105.7592, 27.9354], [-105.7737, 27.9258], [-105.7793, 27.9161]]]}}, {"type": "Feature", "properties": {"osm_type": "relation", "osm_id": 323306621, "name": "Manuel Benavides", "admin_level": "6", "kind": "subdivision_2", "parent_osm_id": 1673425, "parent_name": "Chihuahua", "parent_iso": "MX-CHH"}, "geometry": {"type": "Polygon", "coordinates": [[[-103.6375, 28.5545], [-103.6246, 28.5811], [-103.601, 28.5749], [-103.5919, 28.5908], [-103.616, 28.5982], [-103.5964, 28.6395], [-103.582, 28.6288], [-103.5727, 28.6406], [-103.5573, 28.6113], [-103.5198, 28.6687], [-103.5145, 28.665], [-103.4633, 28.7566], [-103.4663, 28.7595], [-103.4317, 28.8132], [-103.41, 28.8409], [-103.4046, 28.8296], [-103.3963, 28.8335], [-103.3949, 28.8438], [-103.4037, 28.8693], [-103.3577, 28.9203], [-103.307, 29.0039], [-103.316, 29.0108], [-103.3069, 29.0238], [-103.3146, 29.026], [-103.3274, 29.0161], [-103.3348, 29.0174], [-103.342, 29.0284], [-103.3278, 29.0326], [-103.3275, 29.0399], [-103.3459, 29.0467], [-103.358, 29.019], [-103.3863, 29.0221], [-103.3909, 29.0346], [-103.4016, 29.0313], [-103.405, 29.0395], [-103.4328, 29.0436], [-103.43, 29.0487], [-103.4344, 29.0573], [-103.4459, 29.0612], [-103.45, 29.0727], [-103.4717, 29.0668], [-103.4707, 29.0851], [-103.4859, 29.0957], [-103.4943, 29.1085], [-103.5047, 29.1079], [-103.5018, 29.1179], [-103.5249, 29.1213], [-103.5248, 29.1373], [-103.5392, 29.1448], [-103.5502, 29.1439], [-103.5541, 29.1585], [-103.585, 29.1497], [-103.5935, 29.1503], [-103.6122, 29.1653], [-103.6501, 29.1567], [-103.6592, 29.1706], [-103.6983, 29.1776], [-103.7037, 29.1849], [-103.7183, 29.1811], [-103.7398, 29.2054], [-103.7426, 29.2223], [-103.7559, 29.22], [-103.7543, 29.2277], [-103.7604, 29.2335], [-103.7696, 29.2213], [-103.7773, 29.2219], [-103.7818, 29.2281], [-103.7815, 29.2405], [-103.7756, 29.2496], [-103.7833, 29.2655], [-103.8008, 29.2593], [-103.814, 29.2745], [-103.8267, 29.2698], [-103.8379, 29.2784], [-103.8695, 29.2807], [-103.8794, 29.2855], [-103.8895, 29.2794], [-103.8995, 29.2877], [-103.918, 29.2849], [-103.9257, 29.2943], [-103.968, 29.2999], [-103.9734, 29.2401], [-103.9787, 29.2373], [-104.1192, 29.295], [-104.1333, 29.2692], [-104.1477, 29.279], [-104.1573, 29.2606], [-104.2063, 29.2735], [-104.2349, 29.2755], [-104.2987, 29.267], [-104.2906, 29.2447], [-104.2633, 29.2026], [-104.266, 29.1783], [-104.2461, 29.1772], [-104.2473, 29.1549], [-104.2066, 29.1531], [-104.2073, 29.1302], [-104.2159, 29.1308], [-104.2155, 29.1243], [-104.1732, 29.1225], [-104.1533, 29.0941], [-104.1758, 29.0817], [-104.1594, 29.087], [-104.1404, 29.067], [-104.1434, 29.0583], [-104.1577, 29.0473], [-104.1389, 29.0099], [-104.1727, 29.0115], [-104.1779, 29.005], [-104.1289, 28.9653], [-104.1483, 28.947], [-104.1191, 28.9177], [-104.149, 28.8875], [-104.175, 28.9138], [-104.1829, 28.8854], [-104.1555, 28.8551], [-104.1808, 28.8401], [-104.1644, 28.8269], [-104.187, 28.7937], [-104.1891, 28.775], [-104.2182, 28.7786], [-104.2197, 28.756], [-104.2273, 28.7403], [-104.2425, 28.7453], [-104.2565, 28.7166], [-104.2187, 28.7185], [-104.2224, 28.7076], [-104.1841, 28.6869], [-104.1743, 28.6876], [-104.172, 28.7043], [-104.1447, 28.6784], [-104.119, 28.708], [-104.0772, 28.6773], [-104.0506, 28.6353], [-104.0581, 28.6006], [-104.0218, 28.559], [-103.9768, 28.6073], [-103.9265, 28.6051], [-103.9255, 28.5774], [-103.8414, 28.6038], [-103.7225, 28.5581], [-103.7057, 28.6028], [-103.6801, 28.589], [-103.6582, 28.6084], [-103.6483, 28.5827], [-103.6286, 28.5926], [-103.6375, 28.5545]]]}}, {"type": "Feature", "properties": {"osm_type": "relation", "osm_id": 864648982, "name": "Balleza", "admin_level": "6", "kind": "subdivision_2", "parent_osm_id": 1673425, "parent_name": "Chihuahua", "parent_iso": "MX-CHH"}, "geometry": {"type": "Polygon", "coordinates": [[[-106.4238, 26.2148], [-106.3123, 26.3488], [-106.2995, 26.3371], [-106.287, 26.3351], [-106.2755, 26.3674], [-106.3022, 26.3639], [-106.2976, 26.3965], [-106.2644, 26.4061], [-106.2652, 26.4241], [-106.242, 26.4668], [-106.2509, 26.4786], [-106.2475, 26.4822], [-106.2552, 26.4989], [-106.2539, 26.5074], [-106.2807, 26.5118], [-106.2696, 26.5272], [-106.2801, 26.5321], [-106.2412, 26.545], [-106.2395, 26.5624], [-106.232, 26.5616], [-106.2365, 26.6122], [-106.2309, 26.6096], [-106.2306, 26.6162], [-106.2267, 26.615], [-106.2256, 26.6354], [-106.2195, 26.6391], [-106.2198, 26.6564], [-106.206, 26.6689], [-106.2079, 26.6781], [-106.203, 26.6812], [-106.1983, 26.676], [-106.1971, 26.6838], [-106.188, 26.6745], [-106.1904, 26.6802], [-106.185, 26.6867], [-106.1897, 26.6951], [-106.1727, 26.7052], [-106.1601, 26.7023], [-106.1475, 26.7092], [-106.1319, 26.6977], [-106.1318, 26.7138], [-106.1374, 26.7185], [-106.1515, 26.725], [-106.1766, 26.7277], [-106.1787, 26.7444], [-106.174, 26.7435], [-106.1704, 26.7501], [-106.1797, 26.7631], [-106.1776, 26.7723], [-106.1644, 26.775], [-106.1578, 26.771], [-106.1253, 26.7794], [-106.1143, 26.7651], [-106.1006, 26.7593], [-106.0781, 26.7983], [-106.0943, 26.8174], [-106.1083, 26.8481], [-106.1269, 26.8329], [-106.1394, 26.8297], [-106.1449, 26.8343], [-106.1463, 26.8292], [-106.1468, 26.8404], [-106.1567, 26.8453], [-106.1614, 26.8562], [-106.1506, 26.8669], [-106.1879, 26.8732], [-106.1897, 26.8945], [-106.2155, 26.8875], [-106.2166, 26.8915], [-106.2319, 26.8945], [-106.2362, 26.8914], [-106.2496, 26.8977], [-106.2451, 26.9082], [-106.2587, 26.9152], [-106.2498, 26.9232], [-106.2582, 26.9339], [-106.2616, 26.9309], [-106.2829, 26.9569], [-106.2796, 26.9617], [-106.284, 26.975], [-106.2891, 26.974], [-106.2993, 26.9887], [-106.3086, 26.9874], [-106.3093, 26.9924], [-106.3138, 26.9871], [-106.3202, 26.9921], [-106.3222, 26.9871], [-106.3294, 26.9917], [-106.3287, 27.0002], [-106.3323, 26.9938], [-106.3355, 26.9956], [-106.3337, 27.0076], [-106.3472, 27.0231], [-106.3424, 27.0256], [-106.3419, 27.0373], [-106.3356, 27.0416], [-106.3298, 27.0386], [-106.3271, 27.0568], [-106.3336, 27.0643], [-106.3435, 27.0573], [-106.3804, 27.0558], [-106.3888, 27.0759], [-106.4007, 27.0721], [-106.409, 27.0862], [-106.4274, 27.0915], [-106.4428, 27.0919], [-106.4502, 27.0972], [-106.4584, 27.0839], [-106.4633, 27.0882], [-106.4734, 27.0853], [-106.475, 27.0806], [-106.4815, 27.088], [-106.4905, 27.0809], [-106.4992, 27.0822], [-106.4989, 27.089], [-106.528, 27.0935], [-106.5355, 27.107], [-106.5206, 27.1407], [-106.5396, 27.135], [-106.526, 27.1719], [-106.5464, 27.1701], [-106.5461, 27.1763], [-106.5701, 27.1808], [-106.583, 27.179], [-106.6035, 27.1662], [-106.6124, 27.1686], [-106.6191, 27.1747], [-106.6178, 27.1829], [-106.5935, 27.19], [-106.6279, 27.2008], [-106.667, 27.1802], [-106.8616, 27.2094], [-106.8805, 27.2046], [-106.8787, 27.1998], [-106.8528, 27.195], [-106.8565, 27.1835], [-106.8507, 27.1721], [-106.8578, 27.173], [-106.877, 27.1573], [-106.8812, 27.1364], [-106.8766, 27.1275], [-106.8785, 27.119], [-106.8889, 27.1107], [-106.9163, 27.1085], [-106.9149, 27.096], [-106.9211, 27.0923], [-106.8921, 27.0878], [-106.8691, 27.0626], [-106.8668, 27.0528], [-106.871, 27.0373], [-106.863, 27.0309], [-106.8776, 27.0302], [-106.8865, 27.0211], [-106.8965, 27.0208], [-106.8806, 26.9935], [-106.8853, 26.9865], [-106.8994, 26.9846], [-106.9069, 26.9691], [-106.8969, 26.9616], [-106.8871, 26.9398], [-106.8916, 26.9242], [-106.8985, 26.9213], [-106.8302, 26.8458], [-106.8399, 26.8335], [-106.8377, 26.8127], [-106.8463, 26.7977], [-106.8538, 26.7553], [-106.846, 26.7352], [-106.8374, 26.7347], [-106.8321, 26.7277], [-106.8208, 26.6943], [-106.8258, 26.683], [-106.8337, 26.6855], [-106.8386, 26.6683], [-106.8533, 26.6623], [-106.8645, 26.6689], [-106.8733, 26.662], [-106.8726, 26.6559], [-106.891, 26.6497], [-106.8971, 26.6406], [-106.9046, 26.6433], [-106.8977, 26.6124], [-106.9063, 26.6072], [-106.9124, 26.59], [-106.8954, 26.5857], [-106.8866, 26.5745], [-106.8744, 26.5773], [-106.869, 26.5685], [-106.8635, 26.5698], [-106.8488, 26.5587], [-106.8514, 26.5511], [-106.8383, 26.5543], [-106.8389, 26.548], [-106.8322, 26.5489], [-106.7893, 26.4832], [-106.7848, 26.4869], [-106.7654, 26.4829], [-106.7598, 26.4732], [-106.746, 26.465], [-106.7446, 26.4516], [-106.7379, 26.4497], [-106.7333, 26.4535], [-106.7181, 26.4322], [-106.6773, 26.4105], [-106.6706, 26.4001], [-106.6592, 26.4052], [-106.6416, 26.3912], [-106.6304, 26.3968], [-106.6147, 26.3921], [-106.6119, 26.3862], [-106.6032, 26.3901], [-106.6002, 26.3811], [-106.5939, 26.3854], [-106.5807, 26.3848], [-106.5419, 26.3617], [-106.5344, 26.3349], [-106.4975, 26.3143], [-106.474, 26.2609], [-106.4238, 26.2148]]]}}, {"type": "Feature", "properties": {"osm_type": "relation", "osm_id": 548994394, "name": "Batopilas", "admin_level": "6", "kind": "subdivision_2", "parent_osm_id": 1673425, "parent_name": "Chihuahua", "parent_iso": "MX-CHH"}, "geometry": {"type": "Polygon", "coordinates": [[[-108.0368, 26.8101], [-108.0268, 26.7985], [-108.0376, 26.7698], [-108.0143, 26.7732], [-108.0057, 26.761], [-108.0192, 26.7307], [-108.0088, 26.7233], [-108.0068, 26.7055], [-107.994, 26.7076], [-107.9807, 26.6994], [-107.9784, 26.7187], [-107.992, 26.7416], [-107.9741, 26.7442], [-107.9961, 26.7599], [-107.9792, 26.7627], [-107.9741, 26.773], [-107.9665, 26.7726], [-107.966, 26.7663], [-107.9534, 26.7666], [-107.948, 26.7753], [-107.9182, 26.754], [-107.9054, 26.766], [-107.8863, 26.7654], [-107.8675, 26.7859], [-107.8657, 26.7762], [-107.8767, 26.7658], [-107.8794, 26.7489], [-107.8705, 26.7349], [-107.8667, 26.7131], [-107.9232, 26.6842], [-107.93, 26.6618], [-107.9454, 26.637], [-107.8947, 26.5875], [-107.8781, 26.5906], [-107.8834, 26.6141], [-107.8801, 26.6231], [-107.8753, 26.6222], [-107.8657, 26.6506], [-107.818, 26.6515], [-107.8045, 26.6682], [-107.8033, 26.6891], [-107.7986, 26.6934], [-107.8037, 26.7197], [-107.7877, 26.7171], [-107.7822, 26.7334], [-107.8074, 26.7684], [-107.8054, 26.7839], [-107.8126, 26.7903], [-107.8043, 26.814], [-107.7878, 26.8122], [-107.7903, 26.8065], [-107.7858, 26.8025], [-107.7504, 26.8125], [-107.7553, 26.7961], [-107.7384, 26.8003], [-107.7275, 26.7855], [-107.7133, 26.7941], [-107.7042, 26.7786], [-107.6976, 26.7892], [-107.6914, 26.7872], [-107.69, 26.7766], [-107.6779, 26.7711], [-107.6803, 26.763], [-107.6711, 26.7765], [-107.6511, 26.7627], [-107.6311, 26.7632], [-107.6213, 26.7687], [-107.6151, 26.7664], [-107.6173, 26.759], [-107.6107, 26.7502], [-107.586, 26.7432], [-107.5683, 26.778], [-107.5698, 26.7937], [-107.5568, 26.8079], [-107.5607, 26.8158], [-107.5542, 26.83], [-107.5602, 26.8357], [-107.5595, 26.8431], [-107.5413, 26.8517], [-107.537, 26.865], [-107.5069, 26.8771], [-107.4727, 26.883], [-107.3461, 26.9523], [-107.4339, 27.0645], [-107.4099, 27.0635], [-107.4193, 27.069], [-107.4204, 27.0763], [-107.4361, 27.0921], [-107.4415, 27.1114], [-107.4619, 27.1203], [-107.4714, 27.1157], [-107.477, 27.126], [-107.4826, 27.1172], [-107.4856, 27.1238], [-107.5028, 27.1185], [-107.5075, 27.1314], [-107.5261, 27.1365], [-107.5278, 27.1443], [-107.5522, 27.1466], [-107.6228, 27.2677], [-107.6761, 27.2125], [-107.7146, 27.252], [-107.7243, 27.2391], [-107.7201, 27.2201], [-107.7245, 27.2097], [-107.7186, 27.1931], [-107.7268, 27.1781], [-107.7227, 27.1698], [-107.7226, 27.1452], [-107.7449, 27.1235], [-107.7696, 27.1355], [-107.7911, 27.132], [-107.8024, 27.1368], [-107.7881, 27.0992], [-107.7965, 27.0533], [-107.8685, 27.0466], [-107.8716, 27.0376], [-107.8607, 27.0289], [-107.8663, 27.0173], [-107.8579, 27.0141], [-107.866, 27.0077], [-107.8662, 26.9985], [-107.8757, 26.9994], [-107.8869, 26.9906], [-107.893, 26.9922], [-107.8955, 26.9994], [-107.9005, 26.9955], [-107.9079, 26.9997], [-107.9123, 26.9913], [-107.931, 26.9896], [-107.9371, 26.9755], [-107.9312, 26.9692], [-107.9259, 26.9453], [-107.9393, 26.9438], [-107.9416, 26.8419], [-107.9738, 26.8261], [-108.0368, 26.8101]]]}}, {"type": "Feature", "properties": {"osm_type": "relation", "osm_id": 236670769, "name": "Bocoyna", "admin_level": "6", "kind": "subdivision_2", "parent_osm_id": 1673425, "parent_name": "Chihuahua", "parent_iso": "MX-CHH"}, "geometry": {"type": "Polygon", "coordinates": [[[-107.9587, 27.6235], [-107.9515, 27.6241], [-107.9453, 27.6085], [-107.9379, 27.6076], [-107.9239, 27.593], [-107.9161, 27.5943], [-107.9126, 27.5895], [-107.904, 27.5989], [-107.8928, 27.5864], [-107.8848, 27.5863], [-107.8797, 27.6041], [-107.865, 27.6038], [-107.8561, 27.6134], [-107.8574, 27.62], [-107.8377, 27.6281], [-107.8296, 27.6103], [-107.8219, 27.6094], [-107.8218, 27.5976], [-107.8154, 27.5886], [-107.7828, 27.5563], [-107.7865, 27.5477], [-107.7665, 27.5247], [-107.7616, 27.5252], [-107.7509, 27.5294], [-107.7538, 27.5324], [-107.7441, 27.5451], [-107.7464, 27.5539], [-107.7376, 27.5591], [-107.7318, 27.5727], [-107.716, 27.5811], [-107.7077, 27.593], [-107.6902, 27.5989], [-107.6807, 27.6161], [-107.6688, 27.6206], [-107.6608, 27.6336], [-107.6403, 27.6459], [-107.6259, 27.67], [-107.6185, 27.6735], [-107.6077, 27.6685], [-107.5976, 27.6823], [-107.506, 27.6414], [-107.3781, 27.5253], [-107.3391, 27.6054], [-107.3243, 27.6041], [-107.3223, 27.5946], [-107.3201, 27.6065], [-107.3115, 27.6002], [-107.3112, 27.6072], [-107.3074, 27.6026], [-107.3016, 27.6068], [-107.2968, 27.6035], [-107.2954, 27.6092], [-107.2865, 27.607], [-107.2881, 27.6154], [-107.2831, 27.6176], [-107.2807, 27.6115], [-107.2613, 27.6051], [-107.2622, 27.6234], [-107.2572, 27.6265], [-107.2605, 27.6348], [-107.2509, 27.642], [-107.2504, 27.6589], [-107.2634, 27.6626], [-107.2683, 27.6743], [-107.2648, 27.6808], [-107.2733, 27.6849], [-107.2635, 27.6999], [-107.2367, 27.7034], [-107.2728, 27.722], [-107.2633, 27.7276], [-107.2428, 27.7535], [-107.2346, 27.7559], [-107.2287, 27.7504], [-107.2246, 27.7543], [-107.2419, 27.7751], [-107.2491, 27.7755], [-107.2437, 27.7875], [-107.2456, 27.7942], [-107.2667, 27.8249], [-107.2605, 27.8408], [-107.2544, 27.8438], [-107.2543, 27.852], [-107.2623, 27.8587], [-107.276, 27.8582], [-107.2983, 27.8972], [-107.259, 27.902], [-107.2929, 27.9178], [-107.3009, 27.9305], [-107.3124, 27.9294], [-107.3075, 27.9093], [-107.3204, 27.9191], [-107.3288, 27.9166], [-107.3333, 27.92], [-107.3324, 27.9153], [-107.3383, 27.9135], [-107.3614, 27.9438], [-107.3957, 27.9408], [-107.3944, 27.951], [-107.4057, 27.9507], [-107.4223, 27.9636], [-107.4448, 27.9591], [-107.4307, 27.9653], [-107.4262, 27.9727], [-107.4312, 27.9818], [-107.4379, 27.984], [-107.4356, 27.9873], [-107.4567, 27.9995], [-107.4594, 28.0105], [-107.4504, 28.0194], [-107.4593, 28.0337], [-107.4773, 28.0179], [-107.5137, 28.0307], [-107.534, 28.0286], [-107.5289, 28.0449], [-107.5353, 28.0571], [-107.553, 28.056], [-107.554, 28.0654], [-107.5787, 28.0777], [-107.5836, 28.0744], [-107.6226, 28.0824], [-107.6344, 28.1002], [-107.6552, 28.1007], [-107.6581, 28.1043], [-107.664, 28.0967], [-107.6726, 28.0947], [-107.6721, 28.0817], [-107.6862, 28.0719], [-107.7053, 28.0775], [-107.7093, 28.073], [-107.7403, 28.0817], [-107.7463, 28.0873], [-107.7652, 28.0809], [-107.7798, 28.0689], [-107.7834, 28.0407], [-107.8182, 28.0434], [-107.8309, 28.0299], [-107.7994, 27.9638], [-107.8373, 27.9375], [-107.8433, 27.9395], [-107.836, 27.9033], [-107.8431, 27.8849], [-107.8408, 27.8742], [-107.8518, 27.8524], [-107.8429, 27.831], [-107.8445, 27.8156], [-107.8341, 27.793], [-107.8324, 27.7696], [-107.8463, 27.7515], [-107.8477, 27.7552], [-107.8558, 27.7478], [-107.8545, 27.7258], [-107.8608, 27.7269], [-107.866, 27.7123], [-107.8726, 27.6914], [-107.8695, 27.6828], [-107.8808, 27.6856], [-107.8963, 27.674], [-107.8905, 27.6437], [-107.8953, 27.634], [-107.9078, 27.637], [-107.9118, 27.6484], [-107.9236, 27.6539], [-107.9342, 27.647], [-107.9321, 27.6434], [-107.9401, 27.6324], [-107.9481, 27.6426], [-107.9729, 27.6485], [-107.9718, 27.635], [-107.9587, 27.6235]]]}}, {"type": "Feature", "properties": {"osm_type": "relation", "osm_id": 849821832, "name": "Buenaventura", "admin_level": "6", "kind": "subdivision_2", "parent_osm_id": 1673425, "parent_name": "Chihuahua", "parent_iso": "MX-CHH"}, "geometry": {"type": "Polygon", "coordinates": [[[-107.4602, 30.3311], [-107.4436, 30.2656], [-107.4417, 29.9624], [-107.6476, 29.9602], [-107.6067, 29.9298], [-107.6155, 29.9275], [-107.6115, 29.919], [-107.597, 29.9228], [-107.5765, 29.9095], [-107.5742, 29.8906], [-107.5643, 29.8817], [-107.547, 29.8722], [-107.5322, 29.8783], [-107.5267, 29.8763], [-107.5218, 29.8667], [-107.4987, 29.8523], [-107.4878, 29.8393], [-107.5098, 29.7821], [-107.5261, 29.7717], [-107.4518, 29.7966], [-107.4443, 29.7663], [-107.4392, 29.7618], [-107.4389, 29.7555], [-107.4461, 29.7493], [-107.4398, 29.736], [-107.4263, 29.7237], [-107.4217, 29.7087], [-107.4082, 29.7081], [-107.4199, 29.696], [-107.419, 29.6863], [-107.4092, 29.6765], [-107.4231, 29.6475], [-107.3926, 29.6619], [-107.3681, 29.6636], [-107.3901, 29.6528], [-107.3815, 29.6195], [-107.3857, 29.6084], [-107.3811, 29.604], [-107.3845, 29.5901], [-107.3808, 29.5879], [-107.3859, 29.5867], [-107.3884, 29.5706], [-107.3986, 29.5668], [-107.3974, 29.5576], [-107.4041, 29.5487], [-107.3925, 29.5397], [-107.3935, 29.5249], [-107.3992, 29.5234], [-107.4009, 29.5123], [-107.36, 29.5121], [-107.3625, 29.5193], [-107.3544, 29.5368], [-107.3432, 29.5428], [-107.3403, 29.5503], [-107.3334, 29.5446], [-107.3274, 29.5518], [-107.3051, 29.5554], [-107.2759, 29.5482], [-107.2394, 29.5635], [-107.2275, 29.5572], [-107.1935, 29.5531], [-107.1923, 29.5577], [-107.1866, 29.5531], [-107.0869, 29.5734], [-107.0714, 29.5581], [-107.0804, 29.5541], [-107.0764, 29.5465], [-107.0864, 29.5439], [-107.086, 29.5364], [-107.0631, 29.5416], [-107.0511, 29.5533], [-107.0372, 29.5493], [-107.0, 29.5538], [-106.9786, 29.5216], [-106.9261, 29.5266], [-106.9241, 29.5182], [-106.9067, 29.5225], [-106.8891, 29.5165], [-106.8756, 29.5169], [-106.8621, 29.5244], [-106.8571, 29.5369], [-106.838, 29.5486], [-106.771, 29.5391], [-106.7607, 29.5163], [-106.7469, 29.523], [-106.7475, 29.5377], [-106.7404, 29.5509], [-106.7072, 29.5443], [-106.6844, 29.5508], [-106.6538, 29.571], [-106.5356, 29.5641], [-106.4821, 29.5672], [-106.5938, 29.6643], [-106.5939, 29.6941], [-106.6499, 29.702], [-106.6503, 29.7703], [-106.6316, 29.766], [-106.6175, 29.7784], [-106.6202, 29.7871], [-106.6435, 29.8108], [-106.6554, 29.8467], [-106.6456, 29.8766], [-106.6843, 29.8799], [-106.7363, 29.8976], [-106.7358, 29.9058], [-106.7412, 29.9072], [-106.7446, 29.9194], [-106.7585, 29.9283], [-106.7511, 29.9355], [-106.7549, 29.9367], [-106.7524, 29.965], [-106.7707, 29.9954], [-106.7863, 30.0083], [-106.7896, 30.0273], [-106.7631, 30.0918], [-106.793, 30.0864], [-106.796, 30.1081], [-106.7715, 30.1103], [-106.7735, 30.1509], [-106.7579, 30.1541], [-106.744, 30.2108], [-106.8799, 30.2462], [-106.874, 30.2582], [-106.9226, 30.2618], [-106.9208, 30.2807], [-106.9332, 30.2911], [-106.9478, 30.2943], [-106.9655, 30.3153], [-106.9768, 30.3152], [-106.9919, 30.3029], [-107.0169, 30.3235], [-107.0438, 30.3348], [-107.0757, 30.2972], [-107.0942, 30.3097], [-107.1216, 30.2761], [-107.1651, 30.2793], [-107.113, 30.3398], [-107.1985, 30.401], [-107.0596, 30.5582], [-107.1322, 30.5559], [-107.1327, 30.5618], [-107.1206, 30.5702], [-107.1172, 30.587], [-107.1079, 30.5985], [-107.0929, 30.5898], [-107.0953, 30.6172], [-107.0696, 30.6331], [-107.1462, 30.7123], [-107.0861, 30.7133], [-107.0652, 30.724], [-107.0576, 30.7347], [-107.0604, 30.7564], [-107.0482, 30.7673], [-107.0524, 30.7987], [-107.0607, 30.8057], [-107.0294, 30.8056], [-107.0367, 30.8623], [-107.1571, 30.865], [-107.1893, 30.8011], [-107.2051, 30.8081], [-107.2385, 30.8052], [-107.2466, 30.7844], [-107.2614, 30.7698], [-107.2629, 30.7562], [-107.2848, 30.7655], [-107.3002, 30.779], [-107.2991, 30.7901], [-107.31, 30.8011], [-107.3101, 30.8121], [-107.3239, 30.8236], [-107.3277, 30.8259], [-107.3511, 30.8172], [-107.3507, 30.8363], [-107.3624, 30.836], [-107.3995, 30.7584], [-107.5079, 30.7585], [-107.508, 30.6835], [-107.4765, 30.6839], [-107.4782, 30.6705], [-107.4641, 30.6467], [-107.4402, 30.644], [-107.4361, 30.6362], [-107.4299, 30.6378], [-107.4197, 30.6135], [-107.4275, 30.5957], [-107.416, 30.5848], [-107.4208, 30.5749], [-107.4318, 30.5723], [-107.4335, 30.5676], [-107.4296, 30.5619], [-107.4117, 30.5593], [-107.4139, 30.4895], [-107.4853, 30.4883], [-107.4491, 30.4557], [-107.419, 30.4138], [-107.406, 30.3397], [-107.4602, 30.3311]]]}}, {"type": "Feature", "properties": {"osm_type": "relation", "osm_id": 573260985, "name": "Carichí", "admin_level": "6", "kind": "subdivision_2", "parent_osm_id": 1673425, "parent_name": "Chihuahua", "parent_iso": "MX-CHH"}, "geometry": {"type": "Polygon", "coordinates": [[[-107.2591, 27.6143], [-107.254, 27.6002], [-107.246, 27.6041], [-107.2463, 27.5959], [-107.2405, 27.6045], [-107.229, 27.602], [-107.2281, 27.6104], [-107.2222, 27.5997], [-107.2005, 27.612], [-107.2004, 27.6164], [-107.1975, 27.6119], [-107.2048, 27.6038], [-107.1868, 27.6087], [-107.1862, 27.6], [-107.1812, 27.6141], [-107.1854, 27.6187], [-107.1802, 27.6222], [-107.1651, 27.5996], [-107.1662, 27.6137], [-107.1605, 27.6173], [-107.164, 27.6248], [-107.1555, 27.6258], [-107.1593, 27.6312], [-107.1457, 27.626], [-107.1414, 27.6316], [-107.1435, 27.6381], [-107.1393, 27.6349], [-107.135, 27.6406], [-107.1338, 27.6328], [-107.1305, 27.637], [-107.1235, 27.6359], [-107.12, 27.6319], [-107.1233, 27.6276], [-107.1184, 27.6276], [-107.1266, 27.6162], [-107.122, 27.6175], [-107.1197, 27.6104], [-107.1306, 27.612], [-107.1261, 27.6057], [-107.1289, 27.5705], [-107.1167, 27.5718], [-107.0946, 27.5477], [-107.0829, 27.5446], [-107.0672, 27.5288], [-107.0483, 27.5289], [-107.0481, 27.519], [-107.0431, 27.5187], [-107.0341, 27.5026], [-107.0027, 27.5137], [-106.9926, 27.5417], [-106.9884, 27.5407], [-106.9895, 27.5258], [-106.9803, 27.506], [-106.9792, 27.4912], [-106.9627, 27.4646], [-106.9706, 27.4558], [-106.9725, 27.4271], [-106.9459, 27.4292], [-106.9421, 27.4111], [-106.9274, 27.445], [-106.9529, 27.4636], [-106.9219, 27.481], [-106.9125, 27.4939], [-106.8792, 27.5482], [-106.8763, 27.5707], [-106.8599, 27.5976], [-106.8431, 27.5907], [-106.8033, 27.5616], [-106.7997, 27.5739], [-106.7884, 27.5748], [-106.7973, 27.5839], [-106.7887, 27.6298], [-106.776, 27.6288], [-106.7691, 27.6395], [-106.7644, 27.6352], [-106.741, 27.6561], [-106.708, 27.6262], [-106.6882, 27.6229], [-106.6968, 27.63], [-106.6877, 27.649], [-106.6932, 27.6613], [-106.7176, 27.6853], [-106.7104, 27.687], [-106.7296, 27.7065], [-106.7499, 27.7146], [-106.7464, 27.7334], [-106.7727, 27.7528], [-106.806, 27.7499], [-106.8078, 27.7574], [-106.825, 27.7545], [-106.8234, 27.749], [-106.8709, 27.7463], [-106.8729, 27.7653], [-106.8885, 27.7826], [-106.9107, 27.7788], [-106.9301, 27.8377], [-106.9006, 27.8372], [-106.899, 27.8456], [-106.8756, 27.8507], [-106.8722, 27.8597], [-106.9138, 27.8987], [-106.9293, 27.9235], [-106.9218, 27.9385], [-106.9231, 27.9513], [-106.9748, 27.9617], [-106.9166, 27.9958], [-106.9331, 28.0165], [-106.9001, 28.033], [-106.9167, 28.0581], [-106.9121, 28.0606], [-106.9406, 28.0896], [-107.0133, 28.1001], [-107.0156, 28.0772], [-107.0502, 28.0888], [-107.0865, 28.068], [-107.0891, 28.0797], [-107.1009, 28.0867], [-107.0788, 28.1162], [-107.1229, 28.1052], [-107.1233, 28.1147], [-107.1325, 28.1145], [-107.1285, 28.147], [-107.1099, 28.152], [-107.1077, 28.1676], [-107.1314, 28.1716], [-107.1285, 28.1869], [-107.1609, 28.1881], [-107.1413, 28.1567], [-107.1456, 28.1382], [-107.1706, 28.1428], [-107.1731, 28.1247], [-107.1804, 28.1263], [-107.1841, 28.1003], [-107.1906, 28.1017], [-107.1929, 28.0945], [-107.2307, 28.0995], [-107.2437, 28.0368], [-107.264, 28.0408], [-107.2589, 28.0227], [-107.2675, 28.0143], [-107.2916, 28.022], [-107.2998, 28.0158], [-107.3089, 28.0236], [-107.3145, 28.0179], [-107.3203, 28.0206], [-107.3287, 28.0163], [-107.3432, 28.0232], [-107.3492, 28.0191], [-107.3386, 28.0016], [-107.3469, 28.0065], [-107.3794, 28.0082], [-107.3903, 28.0191], [-107.419, 28.0341], [-107.4567, 28.0385], [-107.4504, 28.0194], [-107.4594, 28.0105], [-107.4567, 27.9995], [-107.4356, 27.9873], [-107.4379, 27.984], [-107.4312, 27.9818], [-107.4262, 27.9727], [-107.4307, 27.9653], [-107.4448, 27.9591], [-107.4223, 27.9636], [-107.4057, 27.9507], [-107.3944, 27.951], [-107.3957, 27.9408], [-107.3614, 27.9438], [-107.3383, 27.9135], [-107.3324, 27.9153], [-107.3333, 27.92], [-107.3288, 27.9166], [-107.3204, 27.9191], [-107.3075, 27.9093], [-107.3124, 27.9294], [-107.3009, 27.9305], [-107.2929, 27.9178], [-107.259, 27.902], [-107.2983, 27.8972], [-107.276, 27.8582], [-107.2623, 27.8587], [-107.2543, 27.852], [-107.2544, 27.8438], [-107.2605, 27.8408], [-107.2667, 27.8249], [-107.2456, 27.7942], [-107.2437, 27.7875], [-107.2491, 27.7755], [-107.2419, 27.7751], [-107.2246, 27.7543], [-107.2287, 27.7504], [-107.2346, 27.7559], [-107.2428, 27.7535], [-107.2633, 27.7276], [-107.2728, 27.722], [-107.2367, 27.7034], [-107.2635, 27.6999], [-107.2733, 27.6849], [-107.2648, 27.6808], [-107.2683, 27.6743], [-107.2634, 27.6626], [-107.2504, 27.6589], [-107.2509, 27.642], [-107.2605, 27.6348], [-107.2591, 27.6143]]]}}, {"type": "Feature", "properties": {"osm_type": "relation", "osm_id": 763279937, "name": "Coronado", "admin_level": "6", "kind": "subdivision_2", "parent_osm_id": 1673425, "parent_name": "Chihuahua", "parent_iso": "MX-CHH"}, "geometry": {"type": "Polygon", "coordinates": [[[-105.3213, 26.7785], [-105.3224, 26.7671], [-105.3333, 26.7679], [-105.3413, 26.7551], [-105.3394, 26.7465], [-105.3494, 26.738], [-105.3479, 26.7003], [-105.3386, 26.6835], [-105.3302, 26.6802], [-105.3288, 26.6645], [-105.3416, 26.6561], [-105.3505, 26.6584], [-105.3393, 26.6451], [-105.4021, 26.5947], [-105.4422, 26.5522], [-105.3844, 26.5386], [-105.3892, 26.524], [-105.3849, 26.5228], [-105.382, 26.5292], [-105.3686, 26.5343], [-105.3625, 26.532], [-105.348, 26.5125], [-105.3485, 26.5055], [-105.3427, 26.5045], [-105.3541, 26.4936], [-105.3556, 26.4816], [-105.3388, 26.4781], [-105.334, 26.4694], [-105.3168, 26.4623], [-105.3155, 26.4703], [-105.3019, 26.4724], [-105.2985, 26.482], [-105.2916, 26.4809], [-105.2879, 26.4889], [-105.271, 26.4819], [-105.2706, 26.4665], [-105.2647, 26.4621], [-105.1015, 26.5214], [-105.0566, 26.4193], [-105.0526, 26.4298], [-105.0271, 26.4369], [-105.0004, 26.455], [-104.9631, 26.4492], [-104.9562, 26.4628], [-104.9696, 26.466], [-104.9632, 26.4734], [-104.9444, 26.4683], [-104.9367, 26.4837], [-104.8989, 26.51], [-104.8589, 26.5046], [-104.8051, 26.5478], [-104.796, 26.5481], [-104.8009, 26.5563], [-104.7717, 26.5625], [-104.769, 26.5811], [-104.7572, 26.5968], [-104.7228, 26.6307], [-104.7074, 26.6386], [-104.729, 26.6667], [-104.7198, 26.6931], [-104.7112, 26.6992], [-104.718, 26.7131], [-104.7068, 26.7213], [-104.7071, 26.7281], [-104.7356, 26.7302], [-104.7323, 26.7492], [-104.7616, 26.7519], [-104.8866, 26.7241], [-104.8968, 26.759], [-104.9711, 26.7421], [-104.9591, 26.7076], [-104.9917, 26.6993], [-105.0201, 26.665], [-105.0537, 26.7711], [-105.0461, 26.7808], [-105.053, 26.8256], [-105.1402, 26.8453], [-105.1335, 26.8573], [-105.0898, 26.8502], [-105.0765, 26.8804], [-105.1259, 26.8972], [-105.1402, 26.8804], [-105.1412, 26.8661], [-105.1362, 26.861], [-105.1413, 26.8492], [-105.1454, 26.8747], [-105.1394, 26.8839], [-105.171, 26.9244], [-105.1907, 26.9223], [-105.1803, 26.885], [-105.1746, 26.8793], [-105.1626, 26.8806], [-105.1542, 26.8668], [-105.159, 26.8556], [-105.1779, 26.8369], [-105.1635, 26.8242], [-105.1753, 26.8109], [-105.2246, 26.856], [-105.2221, 26.8195], [-105.2165, 26.8224], [-105.2132, 26.8124], [-105.2286, 26.7667], [-105.2272, 26.7562], [-105.2327, 26.7495], [-105.2142, 26.7437], [-105.2241, 26.6859], [-105.213, 26.6382], [-105.3088, 26.6512], [-105.3094, 26.6689], [-105.3192, 26.6611], [-105.3198, 26.6942], [-105.2774, 26.7064], [-105.2621, 26.7266], [-105.2536, 26.7553], [-105.2745, 26.7864], [-105.2816, 26.7837], [-105.2916, 26.7876], [-105.2954, 26.7846], [-105.2927, 26.7774], [-105.2992, 26.7742], [-105.3072, 26.782], [-105.3213, 26.7785]]]}}, {"type": "Feature", "properties": {"osm_type": "relation", "osm_id": 739395156, "name": "Coyame del Sotol", "admin_level": "6", "kind": "subdivision_2", "parent_osm_id": 1673425, "parent_name": "Chihuahua", "parent_iso": "MX-CHH"}, "geometry": {"type": "Polygon", "coordinates": [[[-105.5697, 30.3449], [-105.5637, 30.3247], [-105.6248, 30.3311], [-105.6251, 30.3117], [-105.6536, 30.3117], [-105.6537, 30.3032], [-105.6922, 30.2817], [-105.6739, 30.2612], [-105.6809, 30.2391], [-105.6253, 30.2388], [-105.6255, 30.1881], [-105.6871, 30.219], [-105.6926, 30.2073], [-105.7088, 30.1951], [-105.7056, 30.1904], [-105.7257, 30.1759], [-105.7451, 30.1659], [-105.7657, 30.1638], [-105.7835, 30.1461], [-105.8281, 30.1258], [-105.8971, 30.064], [-105.9053, 30.0499], [-105.901, 30.0295], [-105.7726, 30.0283], [-105.768, 29.882], [-105.8098, 29.8818], [-105.8057, 29.7832], [-105.8796, 29.7775], [-105.818, 29.7473], [-105.8271, 29.7011], [-105.8557, 29.6932], [-105.8729, 29.6938], [-105.8818, 29.696], [-105.8883, 29.7093], [-105.8974, 29.7072], [-105.9091, 29.701], [-105.9099, 29.6662], [-105.8663, 29.6545], [-105.8722, 29.6324], [-105.8585, 29.6133], [-105.857, 29.6375], [-105.849, 29.6497], [-105.6795, 29.6468], [-105.6816, 29.5917], [-105.6332, 29.5915], [-105.6338, 29.5047], [-105.4428, 29.5026], [-105.4499, 29.4907], [-105.4668, 29.4887], [-105.4803, 29.4637], [-105.4781, 29.4333], [-105.4543, 29.4097], [-105.4456, 29.4159], [-105.4181, 29.4218], [-105.395, 29.4151], [-105.3659, 29.4198], [-105.3498, 29.4005], [-105.3647, 29.3763], [-105.3268, 29.3611], [-105.3203, 29.3636], [-105.3234, 29.3554], [-105.3124, 29.3476], [-105.3089, 29.3373], [-105.2973, 29.3409], [-105.2024, 29.2396], [-105.158, 29.21], [-105.141, 29.2047], [-105.0856, 29.2053], [-105.0686, 29.2128], [-105.0573, 29.188], [-105.045, 29.1834], [-105.0454, 29.1782], [-105.0591, 29.1667], [-105.0611, 29.1503], [-105.0671, 29.145], [-105.0636, 29.1266], [-105.0773, 29.1222], [-105.0768, 29.1145], [-105.09, 29.1042], [-105.1077, 29.1018], [-105.1043, 29.0868], [-105.1324, 29.0494], [-105.0618, 28.978], [-105.0614, 28.9912], [-105.0378, 28.996], [-104.9845, 28.983], [-104.955, 28.9838], [-104.9163, 29.0071], [-104.8969, 28.9739], [-104.8401, 28.9948], [-104.8186, 28.9622], [-104.7826, 28.9641], [-104.7667, 29.0234], [-104.6183, 29.1403], [-104.6134, 29.1935], [-104.5366, 29.1941], [-104.583, 29.2538], [-104.6004, 29.2658], [-104.5514, 29.2876], [-104.5435, 29.295], [-104.5595, 29.3055], [-104.6064, 29.3569], [-104.6484, 29.3722], [-104.6742, 29.3869], [-104.6914, 29.3601], [-104.7372, 29.4353], [-104.8016, 29.4928], [-104.7894, 29.523], [-104.797, 29.7135], [-104.8621, 29.7256], [-104.8619, 29.7329], [-104.8687, 29.7343], [-104.8753, 29.747], [-104.8981, 29.7659], [-104.8432, 29.7937], [-104.8348, 29.8165], [-104.8271, 29.8835], [-104.8537, 29.8843], [-104.8501, 29.8898], [-104.8601, 29.9133], [-104.8853, 29.9282], [-104.8809, 29.936], [-104.8738, 29.9312], [-104.8652, 29.9463], [-104.8669, 29.9646], [-104.8579, 29.9726], [-104.836, 29.9693], [-104.8282, 29.9951], [-104.8632, 30.0075], [-104.8774, 30.0534], [-104.866, 30.0644], [-104.8794, 30.084], [-104.8777, 30.0946], [-104.8861, 30.106], [-104.8766, 30.1275], [-104.8885, 30.1371], [-104.8991, 30.1373], [-104.8902, 30.143], [-104.8767, 30.1748], [-104.9038, 30.1732], [-104.9119, 30.2289], [-104.9261, 30.2587], [-104.9304, 30.258], [-104.928, 30.2623], [-104.9387, 30.2844], [-104.8763, 30.381], [-104.953, 30.3829], [-105.026, 30.5078], [-105.1022, 30.5086], [-105.0929, 30.4841], [-105.1714, 30.4848], [-105.1667, 30.383], [-105.2086, 30.3829], [-105.2085, 30.3545], [-105.2608, 30.3557], [-105.2617, 30.4283], [-105.3142, 30.4287], [-105.3143, 30.3776], [-105.3677, 30.3777], [-105.3518, 30.3294], [-105.493, 30.3305], [-105.484, 30.2933], [-105.5216, 30.2928], [-105.5194, 30.3251], [-105.5631, 30.3377], [-105.5697, 30.3449]]]}}, {"type": "Feature", "properties": {"osm_type": "relation", "osm_id": 881718778, "name": "La Cruz", "admin_level": "6", "kind": "subdivision_2", "parent_osm_id": 1673425, "parent_name": "Chihuahua", "parent_iso": "MX-CHH"}, "geometry": {"type": "Polygon", "coordinates": [[[-104.8599, 27.9981], [-104.8624, 28.0057], [-104.9138, 28.0094], [-104.907, 28.0251], [-104.9492, 28.0376], [-105.0854, 28.0432], [-105.0662, 28.0074], [-105.1699, 27.9986], [-105.1782, 27.9822], [-105.2152, 27.9607], [-105.1969, 27.9356], [-105.2061, 27.9404], [-105.2116, 27.928], [-105.2197, 27.9224], [-105.227, 27.9337], [-105.2227, 27.9413], [-105.3165, 27.8795], [-105.2547, 27.8124], [-105.2866, 27.7933], [-105.2581, 27.7623], [-105.2263, 27.7814], [-105.22, 27.7745], [-105.1742, 27.7775], [-105.1787, 27.7816], [-105.175, 27.7957], [-105.1643, 27.7932], [-105.1558, 27.7831], [-105.1419, 27.7833], [-105.1389, 27.7776], [-105.0918, 27.7816], [-105.036, 27.8075], [-105.0214, 27.8059], [-105.0125, 27.8103], [-104.9975, 27.7962], [-105.0044, 27.7805], [-105.0135, 27.7736], [-105.007, 27.7617], [-104.9932, 27.7576], [-104.9711, 27.7838], [-104.8578, 27.814], [-104.8639, 27.8304], [-104.8546, 27.8366], [-104.8431, 27.8422], [-104.8195, 27.8411], [-104.798, 27.8565], [-104.7579, 27.866], [-104.763, 27.8737], [-104.7815, 27.8806], [-104.8069, 27.8794], [-104.8184, 27.8869], [-104.8245, 27.941], [-104.8353, 27.9427], [-104.8289, 27.9486], [-104.8501, 27.9585], [-104.8599, 27.9981]]]}}, {"type": "Feature", "properties": {"osm_type": "relation", "osm_id": 257053983, "name": "Cusihuiriachi", "admin_level": "6", "kind": "subdivision_2", "parent_osm_id": 1673425, "parent_name": "Chihuahua", "parent_iso": "MX-CHH"}, "geometry": {"type": "Polygon", "coordinates": [[[-107.0646, 28.3509], [-107.0723, 28.3406], [-107.0866, 28.3338], [-107.0846, 28.3277], [-107.1003, 28.3256], [-107.1015, 28.334], [-107.1151, 28.3327], [-107.116, 28.3375], [-107.148, 28.3152], [-107.1556, 28.3147], [-107.1526, 28.3066], [-107.1634, 28.3197], [-107.2411, 28.2906], [-107.2433, 28.2687], [-107.2243, 28.2569], [-107.1943, 28.2507], [-107.2251, 28.23], [-107.2127, 28.2146], [-107.2119, 28.2049], [-107.1817, 28.1821], [-107.186, 28.1637], [-107.2284, 28.1597], [-107.2253, 28.1079], [-107.2214, 28.1063], [-107.205, 28.1351], [-107.1915, 28.1367], [-107.1917, 28.1184], [-107.1819, 28.1167], [-107.1804, 28.1263], [-107.1731, 28.1247], [-107.1706, 28.1428], [-107.1456, 28.1382], [-107.1413, 28.1567], [-107.1609, 28.1881], [-107.1285, 28.1869], [-107.1314, 28.1716], [-107.1077, 28.1676], [-107.1099, 28.152], [-107.1285, 28.147], [-107.1325, 28.1145], [-107.1233, 28.1147], [-107.1229, 28.1052], [-107.0788, 28.1162], [-107.1009, 28.0867], [-107.0891, 28.0797], [-107.0865, 28.068], [-107.0502, 28.0888], [-107.0156, 28.0772], [-107.0133, 28.1001], [-106.9406, 28.0896], [-106.9121, 28.0606], [-106.894, 28.0773], [-106.8716, 28.0583], [-106.862, 28.066], [-106.8526, 28.0604], [-106.8428, 28.066], [-106.8548, 28.0852], [-106.8404, 28.0924], [-106.7531, 28.0822], [-106.7501, 28.0743], [-106.6999, 28.1055], [-106.6512, 28.0559], [-106.64, 28.0374], [-106.6399, 28.1202], [-106.5882, 28.0766], [-106.5417, 28.1263], [-106.5344, 28.127], [-106.5641, 28.1529], [-106.5618, 28.176], [-106.6041, 28.1893], [-106.6036, 28.1999], [-106.6514, 28.1998], [-106.654, 28.2201], [-106.6342, 28.2234], [-106.6326, 28.2328], [-106.6508, 28.2337], [-106.6193, 28.2691], [-106.6096, 28.2662], [-106.6077, 28.274], [-106.6969, 28.2896], [-106.7002, 28.276], [-106.7107, 28.2766], [-106.7114, 28.2664], [-106.7204, 28.2832], [-106.7186, 28.2925], [-106.7326, 28.29], [-106.7476, 28.2972], [-106.7421, 28.3168], [-106.6977, 28.3179], [-106.7166, 28.3436], [-106.6877, 28.3571], [-106.6817, 28.3409], [-106.6889, 28.3278], [-106.663, 28.3196], [-106.6554, 28.3522], [-106.6516, 28.3526], [-106.6601, 28.3767], [-106.6794, 28.3783], [-106.7123, 28.3714], [-106.7128, 28.3672], [-106.7249, 28.3631], [-106.7291, 28.3542], [-106.738, 28.3574], [-106.7675, 28.3406], [-106.776, 28.3538], [-106.7808, 28.3496], [-106.8192, 28.3623], [-106.8518, 28.3654], [-106.877, 28.3626], [-106.8802, 28.3392], [-106.8964, 28.3373], [-106.9434, 28.3422], [-107.0001, 28.3385], [-107.0488, 28.3413], [-107.0509, 28.348], [-107.0646, 28.3509]]]}}, {"type": "Feature", "properties": {"osm_type": "relation", "osm_id": 295499699, "name": "Dr. Belisario Domínguez", "admin_level": "6", "kind": "subdivision_2", "parent_osm_id": 1673425, "parent_name": "Chihuahua", "parent_iso": "MX-CHH"}, "geometry": {"type": "Polygon", "coordinates": [[[-106.64, 28.0374], [-106.625, 28.0323], [-106.6113, 28.0181], [-106.6171, 28.0071], [-106.638, 28.0069], [-106.6545, 27.9721], [-106.5976, 27.9745], [-106.6024, 27.9531], [-106.6503, 27.9474], [-106.6045, 27.9406], [-106.5771, 27.9435], [-106.5784, 27.9225], [-106.5685, 27.9381], [-106.5176, 27.9022], [-106.5219, 27.899], [-106.5182, 27.834], [-106.5541, 27.8361], [-106.5049, 27.7561], [-106.4883, 27.7934], [-106.4912, 27.7824], [-106.4856, 27.7799], [-106.4853, 27.7913], [-106.4588, 27.8118], [-106.4476, 27.8097], [-106.4429, 27.8137], [-106.4324, 27.8066], [-106.4297, 27.8091], [-106.4203, 27.7961], [-106.4098, 27.7952], [-106.3909, 27.7817], [-106.383, 27.7927], [-106.3515, 27.8046], [-106.3462, 27.7976], [-106.3358, 27.8034], [-106.3305, 27.8013], [-106.2976, 27.839], [-106.2991, 27.8442], [-106.3069, 27.8438], [-106.3178, 27.8521], [-106.3021, 27.8721], [-106.302, 27.8882], [-106.2934, 27.9069], [-106.2968, 27.9147], [-106.2927, 27.9276], [-106.3034, 27.9344], [-106.3036, 27.9415], [-106.3776, 27.943], [-106.3624, 27.9511], [-106.3624, 27.9586], [-106.3571, 27.957], [-106.3564, 27.9609], [-106.3743, 27.9742], [-106.402, 27.9796], [-106.4148, 27.9725], [-106.4366, 28.0059], [-106.4338, 28.009], [-106.4245, 28.0026], [-106.404, 28.0062], [-106.3933, 28.0282], [-106.3727, 28.0254], [-106.3745, 28.0332], [-106.3653, 28.043], [-106.3727, 28.0504], [-106.3804, 28.1013], [-106.3631, 28.1039], [-106.3479, 28.1157], [-106.343, 28.1359], [-106.3466, 28.1521], [-106.3134, 28.1626], [-106.3225, 28.2003], [-106.3679, 28.2077], [-106.4192, 28.2223], [-106.435, 28.2314], [-106.4385, 28.2156], [-106.4495, 28.2058], [-106.4544, 28.1822], [-106.4964, 28.1894], [-106.5153, 28.2016], [-106.519, 28.2133], [-106.5248, 28.1966], [-106.5333, 28.1984], [-106.5357, 28.1855], [-106.5528, 28.1894], [-106.5715, 28.1784], [-106.5618, 28.176], [-106.5641, 28.1529], [-106.5344, 28.127], [-106.5417, 28.1263], [-106.5882, 28.0766], [-106.6399, 28.1202], [-106.64, 28.0374]]]}}, {"type": "Feature", "properties": {"osm_type": "relation", "osm_id": 815324200, "name": "Santa Isabel", "admin_level": "6", "kind": "subdivision_2", "parent_osm_id": 1673425, "parent_name": "Chihuahua", "parent_iso": "MX-CHH"}, "geometry": {"type": "Polygon", "coordinates": [[[-106.5451, 28.4185], [-106.5048, 28.3905], [-106.4789, 28.3598], [-106.4817, 28.3432], [-106.5112, 28.3514], [-106.5145, 28.3387], [-106.4907, 28.3361], [-106.4837, 28.3311], [-106.4861, 28.317], [-106.4729, 28.3148], [-106.4641, 28.2843], [-106.4455, 28.2922], [-106.4309, 28.2371], [-106.4352, 28.2374], [-106.435, 28.2314], [-106.4192, 28.2223], [-106.3679, 28.2077], [-106.3225, 28.2003], [-106.3134, 28.1626], [-106.3466, 28.1521], [-106.343, 28.1359], [-106.3116, 28.1444], [-106.2981, 28.1365], [-106.2997, 28.143], [-106.2563, 28.1613], [-106.2591, 28.1759], [-106.2501, 28.2231], [-106.2583, 28.2314], [-106.2417, 28.235], [-106.2455, 28.2313], [-106.2372, 28.2175], [-106.2395, 28.2096], [-106.2263, 28.2218], [-106.2147, 28.2214], [-106.2183, 28.2559], [-106.2233, 28.2653], [-106.2158, 28.2787], [-106.2095, 28.3358], [-106.2028, 28.3402], [-106.2305, 28.3668], [-106.2472, 28.3694], [-106.2176, 28.3939], [-106.2335, 28.4179], [-106.2466, 28.4246], [-106.2678, 28.414], [-106.2849, 28.4162], [-106.2997, 28.4311], [-106.3108, 28.4244], [-106.3275, 28.4298], [-106.3389, 28.4259], [-106.3495, 28.4409], [-106.37, 28.451], [-106.3781, 28.475], [-106.402, 28.4492], [-106.4071, 28.4492], [-106.4061, 28.4587], [-106.4171, 28.4571], [-106.4172, 28.4492], [-106.436, 28.4491], [-106.4743, 28.4373], [-106.4709, 28.424], [-106.5033, 28.4185], [-106.5173, 28.4438], [-106.5451, 28.4185]]]}}, {"type": "Feature", "properties": {"osm_type": "relation", "osm_id": 424978694, "name": "Gran Morelos", "admin_level": "6", "kind": "subdivision_2", "parent_osm_id": 1673425, "parent_name": "Chihuahua", "parent_iso": "MX-CHH"}, "geometry": {"type": "Polygon", "coordinates": [[[-106.6601, 28.3767], [-106.6516, 28.3526], [-106.6554, 28.3522], [-106.663, 28.3196], [-106.6889, 28.3278], [-106.6817, 28.3409], [-106.6877, 28.3571], [-106.7166, 28.3436], [-106.6977, 28.3179], [-106.7421, 28.3168], [-106.7476, 28.2972], [-106.7326, 28.29], [-106.7186, 28.2925], [-106.7204, 28.2832], [-106.7114, 28.2664], [-106.7107, 28.2766], [-106.7002, 28.276], [-106.6969, 28.2896], [-106.6077, 28.274], [-106.6096, 28.2662], [-106.6193, 28.2691], [-106.6508, 28.2337], [-106.6326, 28.2328], [-106.6342, 28.2234], [-106.654, 28.2201], [-106.6514, 28.1998], [-106.6036, 28.1999], [-106.6041, 28.1893], [-106.5715, 28.1784], [-106.5528, 28.1894], [-106.5357, 28.1855], [-106.5333, 28.1984], [-106.5248, 28.1966], [-106.519, 28.2133], [-106.5153, 28.2016], [-106.4964, 28.1894], [-106.4544, 28.1822], [-106.4495, 28.2058], [-106.4385, 28.2156], [-106.4352, 28.2374], [-106.4309, 28.2371], [-106.4399, 28.2634], [-106.4367, 28.2661], [-106.4455, 28.2922], [-106.4641, 28.2843], [-106.4729, 28.3148], [-106.4861, 28.317], [-106.4837, 28.3311], [-106.4907, 28.3361], [-106.5145, 28.3387], [-106.5112, 28.3514], [-106.4817, 28.3432], [-106.4789, 28.3598], [-106.5048, 28.3905], [-106.5451, 28.4185], [-106.5545, 28.4153], [-106.6257, 28.4296], [-106.6295, 28.4249], [-106.6339, 28.4269], [-106.6334, 28.4203], [-106.6532, 28.4244], [-106.6621, 28.4175], [-106.6598, 28.4037], [-106.6524, 28.3949], [-106.6601, 28.3767]]]}}, {"type": "Feature", "properties": {"osm_type": "relation", "osm_id": 244587159, "name": "Guachochi", "admin_level": "6", "kind": "subdivision_2", "parent_osm_id": 1673425, "parent_name": "Chihuahua", "parent_iso": "MX-CHH"}, "geometry": {"type": "Polygon", "coordinates": [[[-107.6228, 27.2677], [-107.5522, 27.1466], [-107.5278, 27.1443], [-107.5261, 27.1365], [-107.5075, 27.1314], [-107.5028, 27.1185], [-107.4856, 27.1238], [-107.4826, 27.1172], [-107.477, 27.126], [-107.4714, 27.1157], [-107.4619, 27.1203], [-107.4415, 27.1114], [-107.4361, 27.0921], [-107.4204, 27.0763], [-107.4193, 27.069], [-107.4099, 27.0635], [-107.4339, 27.0645], [-107.3461, 26.9523], [-107.4727, 26.883], [-107.5069, 26.8771], [-107.537, 26.865], [-107.5413, 26.8517], [-107.5571, 26.8471], [-107.5602, 26.8357], [-107.5542, 26.83], [-107.5607, 26.8158], [-107.5568, 26.8079], [-107.5715, 26.7894], [-107.5683, 26.778], [-107.5746, 26.7598], [-107.5809, 26.758], [-107.5777, 26.7425], [-107.563, 26.7441], [-107.557, 26.7352], [-107.5489, 26.7398], [-107.5358, 26.736], [-107.5342, 26.7288], [-107.5227, 26.7267], [-107.511, 26.7144], [-107.4973, 26.7082], [-107.4926, 26.7216], [-107.4862, 26.7133], [-107.4683, 26.7119], [-107.4668, 26.7209], [-107.4065, 26.7068], [-107.3993, 26.6988], [-107.3921, 26.6978], [-107.3847, 26.6793], [-107.3743, 26.6792], [-107.3667, 26.6888], [-107.3529, 26.6772], [-107.3357, 26.6743], [-107.3249, 26.678], [-107.2941, 26.6517], [-107.2867, 26.6515], [-107.2856, 26.6441], [-107.2436, 26.6226], [-107.2334, 26.6266], [-107.2262, 26.6224], [-107.2174, 26.6341], [-107.2182, 26.646], [-107.2136, 26.6456], [-107.2097, 26.6373], [-107.1828, 26.6416], [-107.1752, 26.6356], [-107.1706, 26.6399], [-107.1607, 26.6372], [-107.1562, 26.6458], [-107.1331, 26.6452], [-107.1278, 26.6544], [-107.1129, 26.6556], [-107.0958, 26.6708], [-107.0825, 26.666], [-107.0735, 26.6707], [-107.065, 26.6661], [-107.0424, 26.6716], [-107.036, 26.6641], [-107.0123, 26.6688], [-106.9802, 26.6622], [-106.9544, 26.6422], [-106.9544, 26.636], [-106.9448, 26.6268], [-106.9253, 26.6262], [-106.9181, 26.6117], [-106.9086, 26.6124], [-106.9063, 26.6072], [-106.8977, 26.6124], [-106.9046, 26.6433], [-106.8971, 26.6406], [-106.891, 26.6497], [-106.8726, 26.6559], [-106.8733, 26.662], [-106.8645, 26.6689], [-106.8533, 26.6623], [-106.8386, 26.6683], [-106.8337, 26.6855], [-106.8258, 26.683], [-106.8208, 26.6943], [-106.8242, 26.7092], [-106.8374, 26.7347], [-106.846, 26.7352], [-106.8538, 26.7553], [-106.8463, 26.7977], [-106.8377, 26.8127], [-106.8399, 26.8335], [-106.8302, 26.8458], [-106.8985, 26.9213], [-106.8916, 26.9242], [-106.8871, 26.9398], [-106.8969, 26.9616], [-106.9069, 26.9691], [-106.8994, 26.9846], [-106.8853, 26.9865], [-106.8817, 26.9911], [-106.8965, 27.0208], [-106.8865, 27.0211], [-106.8776, 27.0302], [-106.863, 27.0309], [-106.871, 27.0373], [-106.8668, 27.0528], [-106.8691, 27.0626], [-106.8921, 27.0878], [-106.9211, 27.0923], [-106.9149, 27.096], [-106.9163, 27.1085], [-106.8889, 27.1107], [-106.8785, 27.119], [-106.8766, 27.1275], [-106.8812, 27.1364], [-106.877, 27.1573], [-106.8578, 27.173], [-106.8507, 27.1721], [-106.8565, 27.1835], [-106.8528, 27.195], [-106.8804, 27.2008], [-106.8805, 27.2046], [-106.8616, 27.2094], [-106.8728, 27.2887], [-106.8907, 27.3312], [-106.9076, 27.3514], [-106.9325, 27.3653], [-106.976, 27.3773], [-106.9776, 27.3811], [-106.9791, 27.3869], [-106.9435, 27.3936], [-106.9335, 27.4051], [-106.941, 27.4056], [-106.9459, 27.4292], [-106.9725, 27.4271], [-106.9706, 27.4558], [-106.9627, 27.4646], [-106.9792, 27.4912], [-106.9803, 27.506], [-106.9895, 27.5258], [-106.9884, 27.5407], [-106.9926, 27.5417], [-107.0027, 27.5137], [-107.0341, 27.5026], [-107.0431, 27.5187], [-107.0481, 27.519], [-107.0483, 27.5289], [-107.0672, 27.5288], [-107.0829, 27.5446], [-107.0946, 27.5477], [-107.1167, 27.5718], [-107.1289, 27.5705], [-107.1261, 27.6057], [-107.1306, 27.612], [-107.1197, 27.6104], [-107.122, 27.6175], [-107.1266, 27.6162], [-107.1184, 27.6276], [-107.1233, 27.6276], [-107.12, 27.6319], [-107.1235, 27.6359], [-107.1305, 27.637], [-107.1338, 27.6328], [-107.135, 27.6406], [-107.1393, 27.6349], [-107.1435, 27.6381], [-107.1414, 27.6316], [-107.1457, 27.626], [-107.1593, 27.6312], [-107.1555, 27.6258], [-107.164, 27.6248], [-107.1605, 27.6173], [-107.1662, 27.6137], [-107.1651, 27.5996], [-107.1802, 27.6222], [-107.1854, 27.6187], [-107.1812, 27.6141], [-107.1862, 27.6], [-107.1868, 27.6087], [-107.2048, 27.6038], [-107.1975, 27.6119], [-107.2004, 27.6164], [-107.2005, 27.612], [-107.2222, 27.5997], [-107.2281, 27.6104], [-107.229, 27.602], [-107.2405, 27.6045], [-107.2463, 27.5959], [-107.246, 27.6041], [-107.254, 27.6002], [-107.2591, 27.6143], [-107.2642, 27.6044], [-107.2807, 27.6115], [-107.2831, 27.6176], [-107.2881, 27.6154], [-107.2865, 27.607], [-107.2954, 27.6092], [-107.2968, 27.6035], [-107.3016, 27.6068], [-107.3074, 27.6026], [-107.3112, 27.6072], [-107.3115, 27.6002], [-107.3201, 27.6065], [-107.3223, 27.5946], [-107.3243, 27.6041], [-107.3391, 27.6054], [-107.3781, 27.5253], [-107.506, 27.6414], [-107.5976, 27.6823], [-107.6077, 27.6685], [-107.6185, 27.6735], [-107.6259, 27.67], [-107.6403, 27.6459], [-107.6608, 27.6336], [-107.6688, 27.6206], [-107.6807, 27.6161], [-107.6902, 27.5989], [-107.7077, 27.593], [-107.716, 27.5811], [-107.7318, 27.5727], [-107.7376, 27.5591], [-107.7464, 27.5539], [-107.7441, 27.5451], [-107.7538, 27.5324], [-107.7455, 27.529], [-107.7459, 27.5202], [-107.7219, 27.5138], [-107.7202, 27.5085], [-107.7117, 27.5092], [-107.6869, 27.4873], [-107.6819, 27.4892], [-107.6739, 27.4823], [-107.6656, 27.4843], [-107.6555, 27.4778], [-107.7107, 27.4461], [-107.7193, 27.3897], [-107.7357, 27.3467], [-107.7766, 27.3326], [-107.8346, 27.3042], [-107.8084, 27.311], [-107.7662, 27.3026], [-107.7569, 27.3083], [-107.7322, 27.2902], [-107.7157, 27.2884], [-107.6365, 27.3413], [-107.6228, 27.2677]]]}}, {"type": "Feature", "properties": {"osm_type": "relation", "osm_id": 452027523, "name": "Guerrero", "admin_level": "6", "kind": "subdivision_2", "parent_osm_id": 1673425, "parent_name": "Chihuahua", "parent_iso": "MX-CHH"}, "geometry": {"type": "Polygon", "coordinates": [[[-107.448, 28.7916], [-107.456, 28.7942], [-107.4529, 28.7838], [-107.4583, 28.7639], [-107.454, 28.7529], [-107.5192, 28.765], [-107.5238, 28.8003], [-107.5397, 28.8068], [-107.5184, 28.8502], [-107.4741, 28.8779], [-107.4932, 28.9076], [-107.516, 28.9035], [-107.5442, 28.8902], [-107.5796, 28.8642], [-107.5866, 28.8025], [-107.6035, 28.795], [-107.6111, 28.7587], [-107.6337, 28.7447], [-107.6311, 28.7374], [-107.6383, 28.7329], [-107.6344, 28.73], [-107.6397, 28.7267], [-107.6555, 28.7317], [-107.6543, 28.7111], [-107.669, 28.7211], [-107.6796, 28.6988], [-107.7435, 28.6707], [-107.7549, 28.6456], [-107.7609, 28.6456], [-107.7626, 28.6509], [-107.7652, 28.6456], [-107.7789, 28.6472], [-107.7767, 28.6952], [-107.8095, 28.6665], [-107.8428, 28.6549], [-107.8366, 28.6441], [-107.8529, 28.6412], [-107.8419, 28.6314], [-107.8488, 28.614], [-107.8554, 28.6089], [-107.8417, 28.5984], [-107.8493, 28.5897], [-107.8381, 28.5847], [-107.8453, 28.5796], [-107.8416, 28.5558], [-107.8509, 28.541], [-107.8696, 28.5545], [-107.8732, 28.5512], [-107.9107, 28.5569], [-107.9125, 28.5383], [-107.9384, 28.5438], [-107.9213, 28.5087], [-107.9633, 28.4528], [-107.9652, 28.4328], [-108.0112, 28.4221], [-108.0279, 28.4077], [-108.0123, 28.396], [-108.0586, 28.3755], [-108.095, 28.3206], [-108.0961, 28.3085], [-108.0907, 28.3061], [-108.1061, 28.282], [-108.0095, 28.2066], [-107.9679, 28.1772], [-107.9619, 28.1794], [-107.9325, 28.1397], [-107.9264, 28.1444], [-107.9232, 28.1344], [-107.9132, 28.1308], [-107.9115, 28.1182], [-107.9204, 28.1134], [-107.8979, 28.0985], [-107.8947, 28.1066], [-107.8949, 28.1012], [-107.8785, 28.0897], [-107.8696, 28.1002], [-107.8538, 28.0983], [-107.8116, 28.0729], [-107.8182, 28.0434], [-107.7834, 28.0407], [-107.7798, 28.0689], [-107.7652, 28.0809], [-107.7463, 28.0873], [-107.7403, 28.0817], [-107.7093, 28.073], [-107.7053, 28.0775], [-107.6827, 28.0729], [-107.6721, 28.0817], [-107.6726, 28.0947], [-107.664, 28.0967], [-107.6581, 28.1043], [-107.6552, 28.1007], [-107.6344, 28.1002], [-107.6259, 28.0857], [-107.6154, 28.0795], [-107.5836, 28.0744], [-107.5787, 28.0777], [-107.554, 28.0654], [-107.553, 28.056], [-107.5353, 28.0571], [-107.5289, 28.0449], [-107.534, 28.0286], [-107.5137, 28.0307], [-107.4773, 28.0179], [-107.4619, 28.0339], [-107.456, 28.03], [-107.4567, 28.0385], [-107.4477, 28.0384], [-107.4428, 28.0344], [-107.419, 28.0341], [-107.3903, 28.0191], [-107.3794, 28.0082], [-107.3469, 28.0065], [-107.3386, 28.0016], [-107.3492, 28.0191], [-107.3432, 28.0232], [-107.3287, 28.0163], [-107.3203, 28.0206], [-107.3145, 28.0179], [-107.3089, 28.0236], [-107.2998, 28.0158], [-107.2916, 28.022], [-107.2675, 28.0143], [-107.2589, 28.0227], [-107.264, 28.0408], [-107.2437, 28.0368], [-107.2307, 28.0995], [-107.1929, 28.0945], [-107.1906, 28.1017], [-107.1841, 28.1003], [-107.1819, 28.1167], [-107.1917, 28.1184], [-107.1915, 28.1367], [-107.205, 28.1351], [-107.2214, 28.1063], [-107.2253, 28.1079], [-107.2284, 28.1597], [-107.186, 28.1637], [-107.1817, 28.1821], [-107.2119, 28.2049], [-107.2127, 28.2146], [-107.2251, 28.23], [-107.1943, 28.2507], [-107.2243, 28.2569], [-107.2433, 28.2687], [-107.2411, 28.2906], [-107.1634, 28.3197], [-107.1526, 28.3066], [-107.1556, 28.3147], [-107.148, 28.3152], [-107.116, 28.3375], [-107.1151, 28.3327], [-107.1015, 28.334], [-107.1003, 28.3256], [-107.0846, 28.3277], [-107.0866, 28.3338], [-107.0723, 28.3406], [-107.0619, 28.354], [-107.0648, 28.3618], [-107.0507, 28.3751], [-107.0469, 28.388], [-107.038, 28.397], [-107.0413, 28.402], [-107.0856, 28.4182], [-107.0909, 28.4487], [-107.0832, 28.4466], [-107.0905, 28.4703], [-107.0879, 28.4961], [-107.1006, 28.4954], [-107.1204, 28.5262], [-107.1352, 28.5298], [-107.1434, 28.5406], [-107.1642, 28.5408], [-107.1756, 28.5508], [-107.1884, 28.5509], [-107.1748, 28.5698], [-107.1792, 28.5819], [-107.1868, 28.5847], [-107.1911, 28.5785], [-107.1945, 28.5855], [-107.2093, 28.5767], [-107.2232, 28.5825], [-107.2213, 28.6009], [-107.2274, 28.6329], [-107.2579, 28.6252], [-107.2683, 28.6449], [-107.2807, 28.6462], [-107.281, 28.6496], [-107.2689, 28.6504], [-107.2836, 28.6692], [-107.31, 28.6807], [-107.3109, 28.6752], [-107.3251, 28.6758], [-107.3113, 28.7126], [-107.3218, 28.7202], [-107.3358, 28.712], [-107.3437, 28.7164], [-107.3612, 28.7154], [-107.3787, 28.7296], [-107.3746, 28.7338], [-107.3748, 28.7457], [-107.3897, 28.7633], [-107.4183, 28.7658], [-107.448, 28.7916]]]}}, {"type": "Feature", "properties": {"osm_type": "relation", "osm_id": 721731445, "name": "Huejotitán", "admin_level": "6", "kind": "subdivision_2", "parent_osm_id": 1673425, "parent_name": "Chihuahua", "parent_iso": "MX-CHH"}, "geometry": {"type": "Polygon", "coordinates": [[[-105.9569, 27.2333], [-105.9795, 27.2409], [-106.0074, 27.2407], [-106.0188, 27.2316], [-106.0385, 27.2484], [-106.0482, 27.2493], [-106.0697, 27.2696], [-106.09, 27.2725], [-106.0895, 27.2615], [-106.1012, 27.2625], [-106.1087, 27.2689], [-106.1087, 27.2799], [-106.1187, 27.2828], [-106.1227, 27.2735], [-106.1127, 27.2668], [-106.1097, 27.2557], [-106.1167, 27.2501], [-106.1093, 27.2398], [-106.1177, 27.2332], [-106.1099, 27.2282], [-106.1087, 27.2145], [-106.0969, 27.1941], [-106.097, 27.1826], [-106.1114, 27.1774], [-106.1082, 27.1732], [-106.1266, 27.1709], [-106.1297, 27.1616], [-106.1379, 27.1607], [-106.1466, 27.1506], [-106.1597, 27.1499], [-106.163, 27.1406], [-106.1701, 27.1401], [-106.1711, 27.1457], [-106.181, 27.1496], [-106.1965, 27.146], [-106.19, 27.1178], [-106.2269, 27.1171], [-106.2322, 27.0507], [-106.2422, 27.0344], [-106.2234, 26.9948], [-106.2104, 26.9784], [-106.1867, 26.9837], [-106.1819, 26.9693], [-106.1633, 26.9879], [-106.1509, 26.9627], [-106.1388, 26.9595], [-106.144, 26.9408], [-106.151, 26.9338], [-106.1205, 26.9233], [-106.0937, 26.9309], [-106.0613, 26.8826], [-106.0573, 26.8692], [-106.0161, 26.8608], [-106.0001, 26.8707], [-105.9914, 26.9122], [-105.9827, 26.9286], [-105.9663, 26.9483], [-105.9662, 26.9556], [-105.9572, 26.9612], [-105.9604, 26.9673], [-105.9545, 26.9769], [-105.9485, 26.9841], [-105.9426, 26.9826], [-105.935, 26.9927], [-105.9488, 27.0119], [-105.9398, 27.0251], [-105.9478, 27.0352], [-105.948, 27.0453], [-105.9423, 27.0538], [-105.9335, 27.0559], [-105.9347, 27.06], [-105.9519, 27.0617], [-105.9474, 27.0777], [-105.9519, 27.0985], [-105.9595, 27.0977], [-105.9782, 27.1181], [-105.9762, 27.124], [-105.9635, 27.1297], [-105.9565, 27.1808], [-105.9407, 27.1793], [-105.9343, 27.1913], [-105.9155, 27.2014], [-105.918, 27.2153], [-105.9263, 27.2245], [-105.9446, 27.2359], [-105.9569, 27.2333]]]}}, {"type": "Feature", "properties": {"osm_type": "relation", "osm_id": 450749873, "name": "Ignacio Zaragoza", "admin_level": "6", "kind": "subdivision_2", "parent_osm_id": 1673425, "parent_name": "Chihuahua", "parent_iso": "MX-CHH"}, "geometry": {"type": "Polygon", "coordinates": [[[-108.0229, 29.7774], [-108.023, 29.7023], [-108.0053, 29.6912], [-107.9934, 29.6741], [-107.9675, 29.6784], [-107.9517, 29.6755], [-107.9407, 29.6806], [-107.9487, 29.6609], [-107.9556, 29.619], [-107.9582, 29.5555], [-107.9354, 29.5556], [-107.9267, 29.5506], [-107.9197, 29.4941], [-107.8958, 29.4896], [-107.904, 29.5022], [-107.8928, 29.5083], [-107.8926, 29.5157], [-107.8828, 29.5177], [-107.8711, 29.5085], [-107.8595, 29.5082], [-107.847, 29.5248], [-107.8342, 29.5327], [-107.8276, 29.5278], [-107.8208, 29.5368], [-107.7995, 29.5056], [-107.7862, 29.4952], [-107.7906, 29.4838], [-107.785, 29.488], [-107.7855, 29.4787], [-107.7792, 29.4855], [-107.773, 29.4706], [-107.7677, 29.4778], [-107.7719, 29.4829], [-107.7218, 29.4814], [-107.7123, 29.446], [-107.6016, 29.4135], [-107.5804, 29.4192], [-107.5645, 29.4834], [-107.5382, 29.465], [-107.5258, 29.4703], [-107.5166, 29.4839], [-107.4844, 29.4885], [-107.4415, 29.5094], [-107.4009, 29.5123], [-107.3992, 29.5234], [-107.3935, 29.5249], [-107.3925, 29.5397], [-107.4041, 29.5487], [-107.3974, 29.5576], [-107.3986, 29.5668], [-107.3884, 29.5706], [-107.3859, 29.5867], [-107.3808, 29.5879], [-107.3845, 29.5901], [-107.3811, 29.604], [-107.3857, 29.6084], [-107.3815, 29.6195], [-107.3901, 29.6528], [-107.3681, 29.6636], [-107.3926, 29.6619], [-107.4231, 29.6475], [-107.4092, 29.6765], [-107.419, 29.6863], [-107.4199, 29.696], [-107.4082, 29.7081], [-107.4217, 29.7087], [-107.4263, 29.7237], [-107.4398, 29.736], [-107.4461, 29.7493], [-107.4389, 29.7555], [-107.4392, 29.7618], [-107.4443, 29.7663], [-107.4518, 29.7966], [-107.5261, 29.7717], [-107.5098, 29.7821], [-107.4878, 29.8393], [-107.4987, 29.8523], [-107.5218, 29.8667], [-107.5267, 29.8763], [-107.5535, 29.8736], [-107.5742, 29.8906], [-107.5765, 29.9095], [-107.597, 29.9228], [-107.6115, 29.919], [-107.6155, 29.9275], [-107.6067, 29.9298], [-107.6476, 29.9602], [-107.7921, 29.9606], [-107.7944, 30.0312], [-107.8158, 30.0327], [-107.8256, 30.0286], [-107.8322, 30.0333], [-107.8372, 30.0285], [-107.8462, 30.036], [-107.8569, 30.0327], [-107.875, 30.0402], [-107.8869, 30.0514], [-107.8969, 30.0452], [-107.8955, 30.0292], [-107.9013, 30.0097], [-107.9475, 30.0258], [-107.9519, 30.0201], [-107.972, 30.0264], [-107.99, 30.024], [-107.9899, 30.0167], [-108.0019, 30.0121], [-108.0035, 30.0058], [-108.0144, 30.0118], [-108.0151, 30.0042], [-108.0096, 30.004], [-108.0128, 29.9989], [-108.005, 29.9963], [-108.0049, 29.9816], [-107.9947, 29.9698], [-107.9978, 29.9676], [-107.9888, 29.9503], [-107.9948, 29.9483], [-107.9888, 29.938], [-107.9958, 29.9312], [-107.9864, 29.9276], [-107.9855, 29.915], [-107.9914, 29.9114], [-108.002, 29.9143], [-107.9979, 29.9056], [-108.0033, 29.903], [-107.995, 29.8955], [-107.9991, 29.8924], [-107.9965, 29.8875], [-108.0042, 29.8856], [-107.9988, 29.8818], [-108.0001, 29.8646], [-108.0183, 29.8403], [-108.0237, 29.8248], [-108.0192, 29.8007], [-108.0272, 29.7871], [-108.0229, 29.7774]]]}}, {"type": "Feature", "properties": {"osm_type": "relation", "osm_id": 650235587, "name": "López", "admin_level": "6", "kind": "subdivision_2", "parent_osm_id": 1673425, "parent_name": "Chihuahua", "parent_iso": "MX-CHH"}, "geometry": {"type": "Polygon", "coordinates": [[[-105.1907, 26.9223], [-105.171, 26.9244], [-105.1399, 26.8851], [-105.1454, 26.8747], [-105.1413, 26.8492], [-105.1362, 26.861], [-105.1412, 26.8661], [-105.1402, 26.8804], [-105.1259, 26.8972], [-105.0765, 26.8804], [-105.0898, 26.8502], [-105.1335, 26.8573], [-105.1402, 26.8453], [-105.053, 26.8256], [-105.0461, 26.7808], [-105.0537, 26.7711], [-105.0201, 26.665], [-104.9917, 26.6993], [-104.9591, 26.7076], [-104.9711, 26.7421], [-104.8968, 26.759], [-104.8866, 26.7241], [-104.7616, 26.7519], [-104.7323, 26.7492], [-104.7356, 26.7302], [-104.7071, 26.7281], [-104.7045, 26.7418], [-104.716, 26.7553], [-104.7519, 26.8883], [-104.8386, 26.8839], [-104.8333, 26.8874], [-104.8755, 26.919], [-104.8896, 26.9244], [-104.8977, 26.9224], [-104.9645, 27.0179], [-104.9841, 26.9988], [-105.0045, 27.0087], [-105.003, 27.0176], [-104.9967, 27.0193], [-105.0016, 27.0243], [-104.9964, 27.0382], [-105.001, 27.0498], [-105.0096, 27.0444], [-105.0288, 27.0613], [-105.0463, 27.0627], [-105.0414, 27.0767], [-105.0528, 27.0906], [-105.0527, 27.1041], [-105.0072, 27.1191], [-105.0166, 27.157], [-105.0276, 27.1567], [-105.0315, 27.1873], [-105.0452, 27.205], [-105.2285, 27.1164], [-105.2534, 27.0866], [-105.2644, 27.0517], [-105.2547, 27.0219], [-105.2447, 27.0202], [-105.2192, 26.97], [-105.2135, 26.9453], [-105.2033, 26.9411], [-105.1907, 26.9223]]]}}, {"type": "Feature", "properties": {"osm_type": "relation", "osm_id": 470911237, "name": "Matamoros", "admin_level": "6", "kind": "subdivision_2", "parent_osm_id": 1673425, "parent_name": "Chihuahua", "parent_iso": "MX-CHH"}, "geometry": {"type": "Polygon", "coordinates": [[[-105.6908, 26.8624], [-105.6891, 26.839], [-105.6958, 26.8388], [-105.701, 26.8309], [-105.667, 26.8316], [-105.6648, 26.827], [-105.6595, 26.8285], [-105.6487, 26.8127], [-105.6627, 26.8066], [-105.661, 26.802], [-105.6708, 26.8088], [-105.6877, 26.8016], [-105.6895, 26.7977], [-105.6728, 26.7826], [-105.6799, 26.7786], [-105.678, 26.7629], [-105.7154, 26.7467], [-105.7379, 26.7537], [-105.7649, 26.7501], [-105.7943, 26.6988], [-105.7813, 26.7075], [-105.7463, 26.7139], [-105.735, 26.6848], [-105.7289, 26.6979], [-105.7048, 26.6529], [-105.6899, 26.6572], [-105.6766, 26.6358], [-105.6709, 26.6352], [-105.6749, 26.6177], [-105.6455, 26.6166], [-105.6372, 26.6091], [-105.6409, 26.62], [-105.601, 26.6148], [-105.6195, 26.6835], [-105.549, 26.5466], [-105.4961, 26.5429], [-105.4956, 26.5256], [-105.4715, 26.5087], [-105.4686, 26.5173], [-105.4744, 26.5264], [-105.4701, 26.5279], [-105.4386, 26.5283], [-105.4034, 26.5175], [-105.3892, 26.524], [-105.3844, 26.5386], [-105.4422, 26.5522], [-105.4021, 26.5947], [-105.3393, 26.6451], [-105.3505, 26.6584], [-105.3416, 26.6561], [-105.3288, 26.6645], [-105.3302, 26.6802], [-105.3386, 26.6835], [-105.3479, 26.7003], [-105.3504, 26.7189], [-105.3494, 26.738], [-105.3394, 26.7465], [-105.3376, 26.763], [-105.3333, 26.7679], [-105.3224, 26.7671], [-105.3212, 26.7714], [-105.3213, 26.7785], [-105.3293, 26.7752], [-105.3298, 26.7836], [-105.3414, 26.7937], [-105.3215, 26.8036], [-105.3399, 26.837], [-105.3442, 26.8358], [-105.3501, 26.8426], [-105.3538, 26.8365], [-105.3617, 26.8355], [-105.3673, 26.8404], [-105.3843, 26.842], [-105.3849, 26.8487], [-105.4157, 26.8571], [-105.4531, 26.8564], [-105.4567, 26.8612], [-105.4427, 26.8692], [-105.4883, 26.8872], [-105.5363, 26.9153], [-105.5688, 26.8972], [-105.5689, 26.885], [-105.5747, 26.8762], [-105.5724, 26.8696], [-105.6006, 26.8794], [-105.6027, 26.8715], [-105.6108, 26.8703], [-105.6191, 26.8811], [-105.6248, 26.8817], [-105.6294, 26.8936], [-105.6748, 26.8782], [-105.6869, 26.8783], [-105.6908, 26.8624]]]}}, {"type": "Feature", "properties": {"osm_type": "relation", "osm_id": 957471252, "name": "Namiquipa", "admin_level": "6", "kind": "subdivision_2", "parent_osm_id": 1673425, "parent_name": "Chihuahua", "parent_iso": "MX-CHH"}, "geometry": {"type": "Polygon", "coordinates": [[[-107.2622, 29.0711], [-107.2581, 29.0701], [-107.2238, 29.1194], [-107.1619, 29.1156], [-107.1608, 29.1084], [-107.1153, 29.1104], [-107.1056, 29.1366], [-107.1159, 29.1473], [-107.1143, 29.152], [-107.0744, 29.1682], [-107.0709, 29.198], [-107.0578, 29.197], [-107.0585, 29.1511], [-106.9992, 29.1202], [-106.9896, 29.1281], [-106.971, 29.1239], [-106.9605, 29.1115], [-106.9221, 29.1232], [-106.8777, 29.0852], [-106.8085, 29.1423], [-106.8192, 29.1494], [-106.8225, 29.2134], [-106.765, 29.2152], [-106.7798, 29.2641], [-106.8266, 29.2605], [-106.8266, 29.2708], [-106.7087, 29.2761], [-106.7087, 29.2681], [-106.6851, 29.2684], [-106.685, 29.2566], [-106.6686, 29.2567], [-106.6798, 29.2323], [-106.6632, 29.2338], [-106.6539, 29.2296], [-106.6415, 29.2334], [-106.6375, 29.2267], [-106.6284, 29.2268], [-106.6282, 29.2096], [-106.5898, 29.2076], [-106.5851, 29.1934], [-106.5747, 29.1966], [-106.5655, 29.1917], [-106.5491, 29.2121], [-106.5399, 29.2723], [-106.5869, 29.2772], [-106.5831, 29.3258], [-106.5714, 29.3574], [-106.5959, 29.3583], [-106.6016, 29.3777], [-106.5933, 29.383], [-106.5972, 29.4002], [-106.5869, 29.4104], [-106.5893, 29.4598], [-106.5856, 29.4682], [-106.5573, 29.4702], [-106.5585, 29.5386], [-106.5111, 29.5473], [-106.4821, 29.5672], [-106.5356, 29.5641], [-106.6538, 29.571], [-106.6844, 29.5508], [-106.7072, 29.5443], [-106.7404, 29.5509], [-106.7475, 29.5377], [-106.7469, 29.523], [-106.7607, 29.5163], [-106.771, 29.5391], [-106.826, 29.5482], [-106.838, 29.5486], [-106.8571, 29.5369], [-106.8621, 29.5244], [-106.8756, 29.5169], [-106.8891, 29.5165], [-106.9067, 29.5225], [-106.9241, 29.5182], [-106.9261, 29.5266], [-106.9786, 29.5216], [-107.0, 29.5538], [-107.0372, 29.5493], [-107.0511, 29.5533], [-107.0631, 29.5416], [-107.086, 29.5364], [-107.0864, 29.5439], [-107.0764, 29.5465], [-107.0804, 29.5541], [-107.0714, 29.5581], [-107.0869, 29.5734], [-107.1866, 29.5531], [-107.1923, 29.5577], [-107.1935, 29.5531], [-107.2275, 29.5572], [-107.2394, 29.5635], [-107.2759, 29.5482], [-107.3051, 29.5554], [-107.3274, 29.5518], [-107.3334, 29.5446], [-107.3403, 29.5503], [-107.3432, 29.5428], [-107.3544, 29.5368], [-107.3625, 29.5193], [-107.36, 29.5121], [-107.413, 29.5135], [-107.4415, 29.5094], [-107.4844, 29.4885], [-107.5166, 29.4839], [-107.5258, 29.4703], [-107.5382, 29.465], [-107.5645, 29.4834], [-107.5893, 29.3669], [-107.5608, 29.3633], [-107.6116, 29.1312], [-107.5922, 29.1277], [-107.6148, 29.1245], [-107.6183, 29.1081], [-107.6367, 29.0972], [-107.6172, 29.0821], [-107.5882, 29.0707], [-107.5818, 29.0552], [-107.5706, 29.0534], [-107.5768, 29.0384], [-107.5734, 29.028], [-107.5774, 29.0168], [-107.5724, 29.0104], [-107.5813, 28.9991], [-107.5813, 28.9915], [-107.5629, 28.9764], [-107.594, 28.9514], [-107.5739, 28.9425], [-107.5751, 28.9366], [-107.5943, 28.9273], [-107.5808, 28.9109], [-107.5721, 28.916], [-107.5704, 28.8997], [-107.5536, 28.8999], [-107.5535, 28.8918], [-107.5442, 28.8902], [-107.516, 28.9035], [-107.4932, 28.9076], [-107.4741, 28.8779], [-107.5184, 28.8502], [-107.5397, 28.8068], [-107.5238, 28.8003], [-107.5192, 28.765], [-107.454, 28.7529], [-107.4583, 28.7639], [-107.4529, 28.7838], [-107.456, 28.7942], [-107.448, 28.7916], [-107.443, 28.7985], [-107.4318, 28.7993], [-107.432, 28.8105], [-107.441, 28.8206], [-107.4244, 28.8308], [-107.4336, 28.8443], [-107.4339, 28.8609], [-107.4468, 28.8823], [-107.4476, 28.8869], [-107.4416, 28.8815], [-107.44, 28.886], [-107.4486, 28.9124], [-107.4201, 28.9148], [-107.4282, 28.9469], [-107.4573, 28.9467], [-107.4575, 28.9747], [-107.4349, 28.9752], [-107.431, 28.9988], [-107.4128, 28.9992], [-107.3981, 29.0068], [-107.3909, 28.9997], [-107.3443, 28.9946], [-107.3401, 29.0132], [-107.346, 29.0144], [-107.3359, 29.0163], [-107.3362, 29.024], [-107.357, 29.0504], [-107.3564, 29.0602], [-107.3324, 29.0565], [-107.3224, 29.0806], [-107.2622, 29.0711]]]}}, {"type": "Feature", "properties": {"osm_type": "relation", "osm_id": 360324551, "name": "Nonoava", "admin_level": "6", "kind": "subdivision_2", "parent_osm_id": 1673425, "parent_name": "Chihuahua", "parent_iso": "MX-CHH"}, "geometry": {"type": "Polygon", "coordinates": [[[-106.5935, 27.19], [-106.5862, 27.1877], [-106.5804, 27.2418], [-106.5681, 27.2258], [-106.5533, 27.2249], [-106.5526, 27.2102], [-106.5477, 27.2081], [-106.5397, 27.2209], [-106.5351, 27.2209], [-106.5434, 27.2415], [-106.5516, 27.2465], [-106.5442, 27.2577], [-106.5548, 27.2819], [-106.545, 27.2893], [-106.5394, 27.2877], [-106.5248, 27.3079], [-106.5126, 27.3096], [-106.5165, 27.3254], [-106.5067, 27.3277], [-106.4967, 27.3615], [-106.4775, 27.3544], [-106.464, 27.327], [-106.4538, 27.3239], [-106.451, 27.3141], [-106.4276, 27.311], [-106.4614, 27.3556], [-106.4462, 27.3536], [-106.4451, 27.3583], [-106.437, 27.3497], [-106.4276, 27.3494], [-106.4303, 27.3632], [-106.4236, 27.3654], [-106.4229, 27.3709], [-106.4158, 27.3757], [-106.4061, 27.371], [-106.4038, 27.3759], [-106.3932, 27.3744], [-106.3909, 27.381], [-106.3692, 27.3903], [-106.387, 27.4182], [-106.387, 27.4353], [-106.3932, 27.4404], [-106.4091, 27.4445], [-106.4121, 27.451], [-106.4306, 27.4591], [-106.4322, 27.4657], [-106.444, 27.4609], [-106.4569, 27.4764], [-106.4768, 27.4763], [-106.4907, 27.4915], [-106.4991, 27.493], [-106.4954, 27.5001], [-106.5079, 27.5055], [-106.5148, 27.5], [-106.5213, 27.507], [-106.5051, 27.5139], [-106.5039, 27.5202], [-106.5101, 27.5234], [-106.5174, 27.5133], [-106.5211, 27.5173], [-106.4902, 27.553], [-106.5149, 27.5655], [-106.5138, 27.5787], [-106.5212, 27.594], [-106.5163, 27.6101], [-106.5264, 27.6297], [-106.4967, 27.6368], [-106.5516, 27.6551], [-106.5563, 27.6647], [-106.574, 27.6748], [-106.5843, 27.6713], [-106.5921, 27.6511], [-106.6201, 27.6627], [-106.6339, 27.7194], [-106.641, 27.7043], [-106.6702, 27.6793], [-106.6921, 27.6772], [-106.7104, 27.687], [-106.7176, 27.6853], [-106.6932, 27.6613], [-106.6877, 27.649], [-106.6968, 27.63], [-106.6882, 27.6229], [-106.708, 27.6262], [-106.741, 27.6561], [-106.7644, 27.6352], [-106.7691, 27.6395], [-106.776, 27.6288], [-106.7887, 27.6298], [-106.7973, 27.5839], [-106.7884, 27.5748], [-106.7997, 27.5739], [-106.8033, 27.5616], [-106.8431, 27.5907], [-106.8599, 27.5976], [-106.8763, 27.5707], [-106.8792, 27.5482], [-106.9125, 27.4939], [-106.9219, 27.481], [-106.9529, 27.4636], [-106.9274, 27.445], [-106.9421, 27.4111], [-106.941, 27.4056], [-106.9335, 27.4051], [-106.9435, 27.3936], [-106.9791, 27.3869], [-106.976, 27.3773], [-106.9325, 27.3653], [-106.9076, 27.3514], [-106.8907, 27.3312], [-106.8728, 27.2887], [-106.8616, 27.2094], [-106.667, 27.1802], [-106.6279, 27.2008], [-106.5935, 27.19]]]}}, {"type": "Feature", "properties": {"osm_type": "relation", "osm_id": 430738444, "name": "Rosario", "admin_level": "6", "kind": "subdivision_2", "parent_osm_id": 1673425, "parent_name": "Chihuahua", "parent_iso": "MX-CHH"}, "geometry": {"type": "Polygon", "coordinates": [[[-106.5206, 27.1407], [-106.5096, 27.1426], [-106.4927, 27.133], [-106.4807, 27.138], [-106.4619, 27.1353], [-106.3878, 27.1582], [-106.3718, 27.1509], [-106.3482, 27.1514], [-106.318, 27.1348], [-106.3064, 27.1349], [-106.2986, 27.1242], [-106.2874, 27.1227], [-106.2664, 27.1356], [-106.2808, 27.1588], [-106.2614, 27.1609], [-106.2594, 27.1649], [-106.2201, 27.1606], [-106.2151, 27.1511], [-106.1771, 27.1489], [-106.1701, 27.1401], [-106.163, 27.1406], [-106.1597, 27.1499], [-106.1408, 27.1537], [-106.1379, 27.1607], [-106.1297, 27.1616], [-106.1266, 27.1709], [-106.1082, 27.1732], [-106.1114, 27.1774], [-106.0988, 27.1813], [-106.0959, 27.1867], [-106.1087, 27.2145], [-106.1099, 27.2282], [-106.1177, 27.2332], [-106.1097, 27.2372], [-106.1167, 27.2501], [-106.1097, 27.2557], [-106.1127, 27.2668], [-106.1227, 27.2735], [-106.1175, 27.2889], [-106.1255, 27.3049], [-106.1219, 27.3109], [-106.1287, 27.3155], [-106.1268, 27.3269], [-106.1191, 27.3337], [-106.1039, 27.3357], [-106.094, 27.3448], [-106.08, 27.3397], [-106.0605, 27.3428], [-106.0436, 27.3546], [-106.0495, 27.3622], [-106.0506, 27.3743], [-106.0622, 27.3818], [-106.0638, 27.3967], [-106.078, 27.4035], [-106.0969, 27.39], [-106.102, 27.3933], [-106.1033, 27.4044], [-106.0987, 27.4147], [-106.1066, 27.4181], [-106.1158, 27.4179], [-106.1451, 27.402], [-106.1644, 27.4124], [-106.1702, 27.4218], [-106.1999, 27.4315], [-106.2103, 27.4149], [-106.2077, 27.3839], [-106.266, 27.3853], [-106.2734, 27.3725], [-106.2767, 27.3758], [-106.2739, 27.3829], [-106.2796, 27.3869], [-106.2913, 27.3857], [-106.2974, 27.3941], [-106.309, 27.3884], [-106.3127, 27.4045], [-106.3187, 27.3957], [-106.3271, 27.3973], [-106.3326, 27.4163], [-106.3571, 27.4272], [-106.3636, 27.4247], [-106.3647, 27.4344], [-106.3862, 27.4324], [-106.387, 27.4182], [-106.3692, 27.3903], [-106.3711, 27.3873], [-106.3909, 27.381], [-106.3932, 27.3744], [-106.4038, 27.3759], [-106.4061, 27.371], [-106.4158, 27.3757], [-106.4303, 27.3632], [-106.4276, 27.3494], [-106.437, 27.3497], [-106.4451, 27.3583], [-106.4462, 27.3536], [-106.4614, 27.3556], [-106.4276, 27.311], [-106.451, 27.3141], [-106.4538, 27.3239], [-106.464, 27.327], [-106.4775, 27.3544], [-106.4967, 27.3615], [-106.5067, 27.3277], [-106.5165, 27.3254], [-106.5126, 27.3096], [-106.5248, 27.3079], [-106.5394, 27.2877], [-106.545, 27.2893], [-106.5548, 27.2819], [-106.5442, 27.2577], [-106.5516, 27.2465], [-106.5434, 27.2415], [-106.5351, 27.2209], [-106.5397, 27.2209], [-106.5477, 27.2081], [-106.5526, 27.2102], [-106.5533, 27.2249], [-106.5681, 27.2258], [-106.5804, 27.2418], [-106.5862, 27.1877], [-106.5935, 27.19], [-106.6178, 27.1829], [-106.6191, 27.1747], [-106.6035, 27.1662], [-106.583, 27.179], [-106.5701, 27.1808], [-106.5461, 27.1763], [-106.5464, 27.1701], [-106.526, 27.1719], [-106.5396, 27.135], [-106.5206, 27.1407]]]}}, {"type": "Feature", "properties": {"osm_type": "relation", "osm_id": 286366711, "name": "San Francisco de Borja", "admin_level": "6", "kind": "subdivision_2", "parent_osm_id": 1673425, "parent_name": "Chihuahua", "parent_iso": "MX-CHH"}, "geometry": {"type": "Polygon", "coordinates": [[[-106.7104, 27.687], [-106.6921, 27.6772], [-106.6702, 27.6793], [-106.641, 27.7043], [-106.6339, 27.7194], [-106.6303, 27.7037], [-106.6126, 27.7001], [-106.6158, 27.7031], [-106.6081, 27.7075], [-106.6089, 27.7235], [-106.5961, 27.7252], [-106.5952, 27.7112], [-106.5686, 27.707], [-106.553, 27.7853], [-106.5409, 27.7793], [-106.5384, 27.7914], [-106.5111, 27.7673], [-106.5541, 27.8361], [-106.5182, 27.834], [-106.5219, 27.899], [-106.5176, 27.9022], [-106.5685, 27.9381], [-106.5784, 27.9225], [-106.5771, 27.9435], [-106.6045, 27.9406], [-106.6503, 27.9474], [-106.6024, 27.9531], [-106.5976, 27.9745], [-106.6545, 27.9721], [-106.638, 28.0069], [-106.6171, 28.0071], [-106.6121, 28.0214], [-106.625, 28.0323], [-106.64, 28.0374], [-106.6512, 28.0559], [-106.6999, 28.1055], [-106.7501, 28.0743], [-106.7531, 28.0822], [-106.8404, 28.0924], [-106.8548, 28.0852], [-106.8428, 28.066], [-106.8526, 28.0604], [-106.862, 28.066], [-106.8716, 28.0583], [-106.894, 28.0773], [-106.9167, 28.0581], [-106.9001, 28.033], [-106.9331, 28.0165], [-106.9166, 27.9958], [-106.9748, 27.9617], [-106.9231, 27.9513], [-106.9218, 27.9385], [-106.9293, 27.9235], [-106.9138, 27.8987], [-106.8722, 27.8597], [-106.8756, 27.8507], [-106.899, 27.8456], [-106.9006, 27.8372], [-106.9301, 27.8377], [-106.9107, 27.7788], [-106.8885, 27.7826], [-106.8729, 27.7653], [-106.8709, 27.7463], [-106.8234, 27.749], [-106.825, 27.7545], [-106.8078, 27.7574], [-106.806, 27.7499], [-106.7727, 27.7528], [-106.7464, 27.7334], [-106.7499, 27.7146], [-106.7296, 27.7065], [-106.7104, 27.687]]]}}, {"type": "Feature", "properties": {"osm_type": "relation", "osm_id": 905666866, "name": "San Francisco de Conchos", "admin_level": "6", "kind": "subdivision_2", "parent_osm_id": 1673425, "parent_name": "Chihuahua", "parent_iso": "MX-CHH"}, "geometry": {"type": "Polygon", "coordinates": [[[-105.2653, 27.4314], [-105.2678, 27.4376], [-105.2529, 27.4402], [-105.2569, 27.4489], [-105.2359, 27.4788], [-105.2361, 27.4909], [-105.1999, 27.4909], [-105.1951, 27.498], [-105.1951, 27.5518], [-105.2423, 27.5515], [-105.2452, 27.5596], [-105.2372, 27.5633], [-105.2822, 27.6158], [-105.2777, 27.6263], [-105.2835, 27.6348], [-105.2661, 27.6405], [-105.2756, 27.6496], [-105.2743, 27.6669], [-105.2865, 27.6799], [-105.2864, 27.6904], [-105.2492, 27.702], [-105.2906, 27.7198], [-105.2593, 27.7636], [-105.2866, 27.7933], [-105.2929, 27.7935], [-105.2892, 27.783], [-105.2924, 27.7752], [-105.313, 27.7954], [-105.3139, 27.8022], [-105.3251, 27.7965], [-105.3246, 27.7919], [-105.3333, 27.7907], [-105.337, 27.7739], [-105.3443, 27.773], [-105.3427, 27.749], [-105.3691, 27.7307], [-105.5529, 27.7184], [-105.5941, 27.6811], [-105.5618, 27.6698], [-105.4835, 27.6296], [-105.4618, 27.5916], [-105.4759, 27.5826], [-105.4539, 27.5591], [-105.4812, 27.5614], [-105.4774, 27.5608], [-105.4789, 27.5551], [-105.4722, 27.5583], [-105.4754, 27.5516], [-105.4688, 27.545], [-105.4683, 27.5568], [-105.4661, 27.5519], [-105.4629, 27.5551], [-105.4637, 27.5402], [-105.4563, 27.5338], [-105.4357, 27.5316], [-105.44, 27.5216], [-105.4353, 27.5226], [-105.4319, 27.5083], [-105.4249, 27.5055], [-105.4355, 27.5002], [-105.4295, 27.4896], [-105.4313, 27.4844], [-105.4234, 27.486], [-105.4195, 27.4984], [-105.4162, 27.4942], [-105.419, 27.4814], [-105.4245, 27.4787], [-105.4184, 27.4742], [-105.4093, 27.4756], [-105.4021, 27.4669], [-105.4053, 27.4636], [-105.3992, 27.4501], [-105.408, 27.4482], [-105.4038, 27.4345], [-105.4108, 27.4336], [-105.4139, 27.4229], [-105.4097, 27.4121], [-105.4213, 27.4122], [-105.4162, 27.3986], [-105.4217, 27.3855], [-105.4087, 27.3891], [-105.3791, 27.3752], [-105.3459, 27.3718], [-105.3208, 27.3598], [-105.3047, 27.3614], [-105.2798, 27.3824], [-105.2716, 27.4001], [-105.2777, 27.4278], [-105.2718, 27.4261], [-105.2653, 27.4314]]]}}, {"type": "Feature", "properties": {"osm_type": "relation", "osm_id": 976375777, "name": "San Francisco del Oro", "admin_level": "6", "kind": "subdivision_2", "parent_osm_id": 1673425, "parent_name": "Chihuahua", "parent_iso": "MX-CHH"}, "geometry": {"type": "Polygon", "coordinates": [[[-105.935, 26.9927], [-105.9426, 26.9826], [-105.9485, 26.9841], [-105.9545, 26.9769], [-105.9604, 26.9673], [-105.9572, 26.9612], [-105.9662, 26.9556], [-105.9663, 26.9483], [-105.9827, 26.9286], [-105.9914, 26.9122], [-106.0001, 26.8707], [-106.0161, 26.8608], [-106.0573, 26.8692], [-106.0613, 26.8826], [-106.0937, 26.9309], [-106.1205, 26.9233], [-106.1503, 26.8869], [-106.1556, 26.8904], [-106.1563, 26.8678], [-106.1506, 26.8669], [-106.1614, 26.8562], [-106.1567, 26.8453], [-106.1468, 26.8404], [-106.1463, 26.8292], [-106.1449, 26.8343], [-106.1394, 26.8297], [-106.1269, 26.8329], [-106.1083, 26.8481], [-106.0943, 26.8174], [-106.0781, 26.7983], [-106.065, 26.8276], [-106.0473, 26.8449], [-105.9392, 26.7632], [-105.9318, 26.7656], [-105.9196, 26.7863], [-105.8971, 26.7953], [-105.8566, 26.8299], [-105.8111, 26.8565], [-105.7813, 26.9322], [-105.7753, 26.9337], [-105.7962, 26.9364], [-105.8115, 26.9533], [-105.8187, 26.9496], [-105.825, 26.9664], [-105.8305, 26.9618], [-105.8331, 26.9726], [-105.8422, 26.9824], [-105.8684, 26.9873], [-105.8585, 27.0034], [-105.8615, 27.0061], [-105.8772, 26.9991], [-105.8812, 27.0063], [-105.9046, 27.0163], [-105.9094, 27.0108], [-105.9069, 27.0041], [-105.9174, 26.9906], [-105.9291, 26.9871], [-105.935, 26.9927]]]}}, {"type": "Feature", "properties": {"osm_type": "relation", "osm_id": 176309834, "name": "Santa Bárbara", "admin_level": "6", "kind": "subdivision_2", "parent_osm_id": 1673425, "parent_name": "Chihuahua", "parent_iso": "MX-CHH"}, "geometry": {"type": "Polygon", "coordinates": [[[-105.7753, 26.9337], [-105.7813, 26.9322], [-105.8111, 26.8565], [-105.8566, 26.8299], [-105.8971, 26.7953], [-105.9196, 26.7863], [-105.9318, 26.7656], [-105.9086, 26.7528], [-105.8983, 26.7639], [-105.8941, 26.741], [-105.8745, 26.7386], [-105.8654, 26.7474], [-105.8146, 26.691], [-105.7758, 26.6609], [-105.7943, 26.6988], [-105.7649, 26.7501], [-105.7379, 26.7537], [-105.7154, 26.7467], [-105.678, 26.7629], [-105.6799, 26.7786], [-105.6728, 26.7826], [-105.6895, 26.7977], [-105.6877, 26.8016], [-105.6708, 26.8088], [-105.661, 26.802], [-105.6627, 26.8066], [-105.6487, 26.8127], [-105.6595, 26.8285], [-105.6648, 26.827], [-105.667, 26.8316], [-105.701, 26.8309], [-105.6958, 26.8388], [-105.6891, 26.839], [-105.6908, 26.8624], [-105.7325, 26.9118], [-105.7789, 26.9297], [-105.7699, 26.9332], [-105.7753, 26.9337]]]}}, {"type": "Feature", "properties": {"osm_type": "relation", "osm_id": 573393986, "name": "Satevó", "admin_level": "6", "kind": "subdivision_2", "parent_osm_id": 1673425, "parent_name": "Chihuahua", "parent_iso": "MX-CHH"}, "geometry": {"type": "Polygon", "coordinates": [[[-106.068, 28.1454], [-106.1833, 28.1237], [-106.1942, 28.1124], [-106.215, 28.1129], [-106.2403, 28.0959], [-106.2487, 28.0985], [-106.2939, 28.1365], [-106.3116, 28.1444], [-106.343, 28.1359], [-106.3479, 28.1157], [-106.3631, 28.1039], [-106.3804, 28.1013], [-106.3727, 28.0504], [-106.3653, 28.043], [-106.3745, 28.0332], [-106.3727, 28.0254], [-106.3933, 28.0282], [-106.404, 28.0062], [-106.4245, 28.0026], [-106.4338, 28.009], [-106.4366, 28.0059], [-106.4148, 27.9725], [-106.402, 27.9796], [-106.3743, 27.9742], [-106.3564, 27.9609], [-106.3571, 27.957], [-106.3624, 27.9586], [-106.3624, 27.9511], [-106.3776, 27.943], [-106.3036, 27.9415], [-106.3034, 27.9344], [-106.2927, 27.9276], [-106.2968, 27.9147], [-106.2934, 27.9069], [-106.302, 27.8882], [-106.3021, 27.8721], [-106.3178, 27.8521], [-106.3069, 27.8438], [-106.2991, 27.8442], [-106.2976, 27.839], [-106.3305, 27.8013], [-106.3358, 27.8034], [-106.3462, 27.7976], [-106.3515, 27.8046], [-106.383, 27.7927], [-106.3909, 27.7817], [-106.4098, 27.7952], [-106.4203, 27.7961], [-106.4297, 27.8091], [-106.4324, 27.8066], [-106.4429, 27.8137], [-106.4476, 27.8097], [-106.4588, 27.8118], [-106.4853, 27.7913], [-106.4856, 27.7799], [-106.4912, 27.7824], [-106.4883, 27.7934], [-106.5049, 27.7561], [-106.5111, 27.7673], [-106.5384, 27.7914], [-106.5409, 27.7793], [-106.553, 27.7853], [-106.5686, 27.707], [-106.5952, 27.7112], [-106.5961, 27.7252], [-106.6089, 27.7235], [-106.6081, 27.7075], [-106.6158, 27.7031], [-106.6126, 27.7001], [-106.6303, 27.7037], [-106.6201, 27.6627], [-106.5921, 27.6511], [-106.5843, 27.6713], [-106.574, 27.6748], [-106.5563, 27.6647], [-106.5516, 27.6551], [-106.4967, 27.6368], [-106.5264, 27.6297], [-106.5163, 27.6101], [-106.5212, 27.594], [-106.5138, 27.5787], [-106.5149, 27.5655], [-106.4902, 27.553], [-106.5211, 27.5173], [-106.5174, 27.5133], [-106.5101, 27.5234], [-106.5039, 27.5202], [-106.5097, 27.51], [-106.5198, 27.5105], [-106.5164, 27.5006], [-106.5079, 27.5055], [-106.4954, 27.5001], [-106.4991, 27.493], [-106.4907, 27.4915], [-106.4768, 27.4763], [-106.4514, 27.474], [-106.452, 27.4674], [-106.444, 27.4609], [-106.4322, 27.4657], [-106.4306, 27.4591], [-106.4121, 27.451], [-106.4091, 27.4445], [-106.3932, 27.4404], [-106.3862, 27.4324], [-106.3647, 27.4344], [-106.3636, 27.4247], [-106.3571, 27.4272], [-106.3326, 27.4163], [-106.3271, 27.3973], [-106.3187, 27.3957], [-106.3127, 27.4045], [-106.309, 27.3884], [-106.2974, 27.3941], [-106.2913, 27.3857], [-106.2796, 27.3869], [-106.2739, 27.3829], [-106.2767, 27.3758], [-106.2734, 27.3725], [-106.266, 27.3853], [-106.2077, 27.3839], [-106.2103, 27.4149], [-106.1999, 27.4315], [-106.1702, 27.4218], [-106.1644, 27.4124], [-106.1451, 27.402], [-106.1316, 27.4332], [-106.2225, 27.4852], [-106.2157, 27.4947], [-106.2185, 27.506], [-106.2141, 27.5147], [-106.2066, 27.5164], [-106.1964, 27.5303], [-106.1811, 27.5346], [-106.1659, 27.5298], [-106.1372, 27.5343], [-106.1152, 27.5451], [-106.1139, 27.5643], [-106.1348, 27.5887], [-106.1512, 27.5792], [-106.1748, 27.5766], [-106.1964, 27.5954], [-106.1921, 27.5979], [-106.2028, 27.608], [-106.1919, 27.626], [-106.1175, 27.6416], [-106.133, 27.6856], [-106.0402, 27.7215], [-106.0166, 27.6689], [-105.9456, 27.6618], [-105.9243, 27.6417], [-105.92, 27.6511], [-105.9123, 27.6501], [-105.9165, 27.6548], [-105.9136, 27.6598], [-105.9362, 27.6764], [-105.935, 27.6934], [-105.9169, 27.7035], [-105.9079, 27.6881], [-105.909, 27.68], [-105.8998, 27.6737], [-105.8915, 27.6783], [-105.8792, 27.6694], [-105.8315, 27.6685], [-105.8177, 27.6558], [-105.794, 27.6744], [-105.7875, 27.6674], [-105.7693, 27.7062], [-105.7391, 27.702], [-105.7506, 27.747], [-105.7717, 27.7527], [-105.7876, 27.7501], [-105.8151, 27.7665], [-105.823, 27.7824], [-105.82, 27.8073], [-105.8014, 27.8291], [-105.7852, 27.8384], [-105.7772, 27.8712], [-105.7793, 27.8809], [-105.7746, 27.8871], [-105.7646, 27.8869], [-105.7581, 27.8925], [-105.7584, 27.8996], [-105.7716, 27.8983], [-105.7793, 27.9161], [-105.818, 27.8791], [-105.8258, 27.8799], [-105.8338, 27.8836], [-105.8455, 27.9009], [-105.8637, 27.8995], [-105.8726, 27.9093], [-105.875, 27.9315], [-105.8839, 27.9377], [-105.8934, 27.9369], [-105.8954, 27.9455], [-105.9127, 27.9388], [-105.9307, 27.9428], [-105.9418, 27.9632], [-105.9737, 27.9849], [-105.9776, 28.0034], [-105.9892, 28.013], [-105.9625, 28.0245], [-105.9724, 28.0265], [-105.996, 28.0866], [-106.0078, 28.1009], [-106.0239, 28.0875], [-106.05, 28.1018], [-106.0567, 28.1], [-106.0659, 28.1048], [-106.0701, 28.1013], [-106.0702, 28.1147], [-106.0901, 28.1137], [-106.0954, 28.1222], [-106.068, 28.1454]]]}}, {"type": "Feature", "properties": {"osm_type": "relation", "osm_id": 394784698, "name": "El Tule", "admin_level": "6", "kind": "subdivision_2", "parent_osm_id": 1673425, "parent_name": "Chihuahua", "parent_iso": "MX-CHH"}, "geometry": {"type": "Polygon", "coordinates": [[[-106.1563, 26.8678], [-106.1556, 26.8904], [-106.1503, 26.8869], [-106.1205, 26.9233], [-106.151, 26.9338], [-106.144, 26.9408], [-106.1388, 26.9595], [-106.1509, 26.9627], [-106.1633, 26.9879], [-106.1819, 26.9693], [-106.1867, 26.9837], [-106.2104, 26.9784], [-106.2234, 26.9948], [-106.2422, 27.0344], [-106.2322, 27.0507], [-106.2269, 27.1171], [-106.19, 27.1178], [-106.1975, 27.1432], [-106.1874, 27.1473], [-106.2151, 27.1511], [-106.2201, 27.1606], [-106.2594, 27.1649], [-106.2614, 27.1609], [-106.2808, 27.1588], [-106.2664, 27.1356], [-106.2874, 27.1227], [-106.2986, 27.1242], [-106.3064, 27.1349], [-106.318, 27.1348], [-106.3482, 27.1514], [-106.3718, 27.1509], [-106.3878, 27.1582], [-106.4619, 27.1353], [-106.4807, 27.138], [-106.4927, 27.133], [-106.5096, 27.1426], [-106.5206, 27.1407], [-106.5355, 27.107], [-106.528, 27.0935], [-106.4989, 27.089], [-106.4992, 27.0822], [-106.4905, 27.0809], [-106.4815, 27.088], [-106.475, 27.0806], [-106.4734, 27.0853], [-106.4633, 27.0882], [-106.4584, 27.0839], [-106.4502, 27.0972], [-106.4428, 27.0919], [-106.4274, 27.0915], [-106.409, 27.0862], [-106.4007, 27.0721], [-106.3888, 27.0759], [-106.3804, 27.0558], [-106.3435, 27.0573], [-106.3336, 27.0643], [-106.3271, 27.0568], [-106.3298, 27.0386], [-106.3356, 27.0416], [-106.3419, 27.0373], [-106.3424, 27.0256], [-106.3472, 27.0231], [-106.3337, 27.0076], [-106.3355, 26.9956], [-106.3323, 26.9938], [-106.3287, 27.0002], [-106.3294, 26.9917], [-106.3222, 26.9871], [-106.3202, 26.9921], [-106.3138, 26.9871], [-106.3093, 26.9924], [-106.3086, 26.9874], [-106.2993, 26.9887], [-106.2891, 26.974], [-106.284, 26.975], [-106.2796, 26.9617], [-106.2829, 26.9569], [-106.2616, 26.9309], [-106.2582, 26.9339], [-106.2498, 26.9232], [-106.2587, 26.9152], [-106.2451, 26.9082], [-106.2496, 26.8977], [-106.2362, 26.8914], [-106.2319, 26.8945], [-106.2166, 26.8915], [-106.2155, 26.8875], [-106.1897, 26.8945], [-106.1879, 26.8732], [-106.1563, 26.8678]]]}}, {"type": "Feature", "properties": {"osm_type": "relation", "osm_id": 828716593, "name": "Valle de Zaragoza", "admin_level": "6", "kind": "subdivision_2", "parent_osm_id": 1673425, "parent_name": "Chihuahua", "parent_iso": "MX-CHH"}, "geometry": {"type": "Polygon", "coordinates": [[[-105.4271, 27.347], [-105.4313, 27.3488], [-105.4281, 27.3585], [-105.44, 27.3615], [-105.4261, 27.373], [-105.4272, 27.3809], [-105.4174, 27.3951], [-105.4213, 27.4122], [-105.4097, 27.4121], [-105.4139, 27.4229], [-105.4108, 27.4336], [-105.4038, 27.4345], [-105.408, 27.4482], [-105.3992, 27.4501], [-105.4053, 27.4636], [-105.4021, 27.4669], [-105.4093, 27.4756], [-105.4184, 27.4742], [-105.4245, 27.4787], [-105.419, 27.4814], [-105.4162, 27.4942], [-105.4195, 27.4984], [-105.4234, 27.486], [-105.4313, 27.4844], [-105.4295, 27.4896], [-105.4355, 27.5002], [-105.4249, 27.5055], [-105.4319, 27.5083], [-105.4353, 27.5226], [-105.44, 27.5216], [-105.4357, 27.5316], [-105.4563, 27.5338], [-105.4637, 27.5402], [-105.4629, 27.5551], [-105.4661, 27.5519], [-105.4683, 27.5568], [-105.4688, 27.545], [-105.4754, 27.5516], [-105.4722, 27.5583], [-105.4789, 27.5551], [-105.4774, 27.5608], [-105.4812, 27.5614], [-105.4539, 27.5591], [-105.4759, 27.5826], [-105.4618, 27.5916], [-105.4835, 27.6296], [-105.5618, 27.6698], [-105.616, 27.6879], [-105.64, 27.6905], [-105.7015, 27.7203], [-105.7066, 27.7351], [-105.7087, 27.7143], [-105.7203, 27.7002], [-105.7693, 27.7062], [-105.7875, 27.6674], [-105.794, 27.6744], [-105.8177, 27.6558], [-105.8315, 27.6685], [-105.8792, 27.6694], [-105.8915, 27.6783], [-105.8998, 27.6737], [-105.909, 27.68], [-105.9079, 27.6881], [-105.9169, 27.7035], [-105.935, 27.6934], [-105.9362, 27.6764], [-105.9136, 27.6598], [-105.9165, 27.6548], [-105.9123, 27.6501], [-105.92, 27.6511], [-105.9243, 27.6417], [-105.9456, 27.6618], [-106.0166, 27.6689], [-106.0402, 27.7215], [-106.133, 27.6856], [-106.1175, 27.6416], [-106.1919, 27.626], [-106.2028, 27.608], [-106.1921, 27.5979], [-106.1964, 27.5954], [-106.1748, 27.5766], [-106.1512, 27.5792], [-106.1348, 27.5887], [-106.1124, 27.5581], [-106.1152, 27.5451], [-106.1261, 27.5368], [-106.1659, 27.5298], [-106.1811, 27.5346], [-106.1964, 27.5303], [-106.2066, 27.5164], [-106.2141, 27.5147], [-106.2185, 27.506], [-106.2157, 27.4947], [-106.2225, 27.4852], [-106.1316, 27.4332], [-106.1434, 27.4059], [-106.131, 27.4067], [-106.1158, 27.4179], [-106.1066, 27.4181], [-106.0987, 27.4147], [-106.1041, 27.397], [-106.0969, 27.39], [-106.078, 27.4035], [-106.0638, 27.3967], [-106.0622, 27.3818], [-106.0506, 27.3743], [-106.0495, 27.3622], [-106.0436, 27.3546], [-106.0605, 27.3428], [-106.08, 27.3397], [-106.094, 27.3448], [-106.1039, 27.3357], [-106.1191, 27.3337], [-106.1268, 27.3269], [-106.1287, 27.3155], [-106.1219, 27.3109], [-106.1255, 27.3049], [-106.1175, 27.2889], [-106.1213, 27.2848], [-106.1087, 27.2799], [-106.1087, 27.2689], [-106.1012, 27.2625], [-106.0895, 27.2615], [-106.09, 27.2725], [-106.0697, 27.2696], [-106.0482, 27.2493], [-106.0385, 27.2484], [-106.0188, 27.2316], [-106.0074, 27.2407], [-105.9795, 27.2409], [-105.9569, 27.2333], [-105.9287, 27.2475], [-105.9455, 27.2482], [-105.9515, 27.2568], [-105.9562, 27.2797], [-105.952, 27.2979], [-105.9539, 27.3369], [-105.9431, 27.3387], [-105.9239, 27.3331], [-105.9152, 27.3265], [-105.9145, 27.3182], [-105.8993, 27.312], [-105.8817, 27.2933], [-105.8613, 27.3061], [-105.8531, 27.2828], [-105.8402, 27.2755], [-105.8372, 27.2807], [-105.8043, 27.292], [-105.7778, 27.2739], [-105.7863, 27.2584], [-105.7772, 27.251], [-105.7702, 27.2363], [-105.7521, 27.2255], [-105.7305, 27.2407], [-105.7275, 27.2561], [-105.7191, 27.2603], [-105.7201, 27.2738], [-105.7068, 27.2789], [-105.72, 27.3222], [-105.63, 27.3682], [-105.6101, 27.3419], [-105.6221, 27.311], [-105.5541, 27.2892], [-105.5467, 27.3021], [-105.5299, 27.3106], [-105.517, 27.3133], [-105.4923, 27.3091], [-105.5188, 27.357], [-105.4306, 27.3435], [-105.4271, 27.347]]]}}, {"type": "Feature", "properties": {"osm_type": "relation", "osm_id": 877096389, "name": "Chihuahua", "admin_level": "6", "kind": "subdivision_2", "parent_osm_id": 1673425, "parent_name": "Chihuahua", "parent_iso": "MX-CHH"}, "geometry": {"type": "Polygon", "coordinates": [[[-105.9292, 29.6714], [-105.9461, 29.6842], [-105.9471, 29.6981], [-105.9364, 29.7445], [-105.929, 29.7577], [-106.1035, 29.7472], [-106.1034, 29.7438], [-106.2004, 29.7687], [-106.2448, 29.7849], [-106.2552, 29.7773], [-106.2748, 29.7742], [-106.2766, 29.7643], [-106.2923, 29.7693], [-106.3059, 29.7503], [-106.2875, 29.742], [-106.2672, 29.7126], [-106.3663, 29.7127], [-106.3759, 29.7396], [-106.4677, 29.7396], [-106.474, 29.7354], [-106.4651, 29.7267], [-106.5055, 29.704], [-106.487, 29.6846], [-106.4869, 29.6747], [-106.5054, 29.6842], [-106.5115, 29.6989], [-106.5207, 29.6983], [-106.5207, 29.7033], [-106.5074, 29.7122], [-106.5168, 29.7174], [-106.5125, 29.7396], [-106.5943, 29.7428], [-106.5938, 29.6643], [-106.4821, 29.5672], [-106.5111, 29.5473], [-106.5585, 29.5386], [-106.5573, 29.4702], [-106.5856, 29.4682], [-106.5893, 29.4598], [-106.5869, 29.4104], [-106.5972, 29.4002], [-106.5933, 29.383], [-106.6016, 29.3777], [-106.5959, 29.3583], [-106.5714, 29.3574], [-106.5831, 29.3258], [-106.5869, 29.2772], [-106.5399, 29.2723], [-106.5568, 29.1617], [-106.5843, 29.1304], [-106.5928, 29.1304], [-106.5988, 29.1235], [-106.6219, 29.084], [-106.6142, 29.0712], [-106.6131, 29.0545], [-106.5975, 29.0504], [-106.5946, 29.0387], [-106.6049, 29.0421], [-106.5951, 28.8628], [-106.5983, 28.7834], [-106.5792, 28.7578], [-106.471, 28.7766], [-106.4621, 28.7694], [-106.4529, 28.7433], [-106.4245, 28.7384], [-106.427, 28.7325], [-106.4113, 28.7236], [-106.4121, 28.714], [-106.4233, 28.7178], [-106.428, 28.7129], [-106.4371, 28.7133], [-106.4369, 28.71], [-106.4297, 28.7042], [-106.429, 28.696], [-106.4128, 28.6839], [-106.4017, 28.6565], [-106.3855, 28.6476], [-106.3625, 28.6176], [-106.3507, 28.6106], [-106.3515, 28.6064], [-106.3425, 28.6078], [-106.3187, 28.5929], [-106.2945, 28.5604], [-106.3249, 28.5502], [-106.3332, 28.5296], [-106.3287, 28.5157], [-106.3153, 28.5186], [-106.3077, 28.5128], [-106.3102, 28.5023], [-106.3158, 28.4992], [-106.3141, 28.4912], [-106.2956, 28.4761], [-106.3068, 28.4591], [-106.2997, 28.4311], [-106.2849, 28.4162], [-106.2678, 28.414], [-106.2466, 28.4246], [-106.2335, 28.4179], [-106.2176, 28.3939], [-106.2472, 28.3694], [-106.2305, 28.3668], [-106.2028, 28.3402], [-106.2095, 28.3358], [-106.2158, 28.2787], [-106.2233, 28.2653], [-106.2183, 28.2559], [-106.2147, 28.2214], [-106.2263, 28.2218], [-106.2395, 28.2096], [-106.2372, 28.2175], [-106.2455, 28.2313], [-106.2417, 28.235], [-106.2583, 28.2314], [-106.2501, 28.2231], [-106.2591, 28.1759], [-106.2563, 28.1613], [-106.2997, 28.143], [-106.2981, 28.1365], [-106.2403, 28.0959], [-106.215, 28.1129], [-106.1942, 28.1124], [-106.1833, 28.1237], [-106.068, 28.1454], [-106.0422, 28.1491], [-105.9745, 28.1365], [-105.9765, 28.2019], [-105.9401, 28.2067], [-105.9289, 28.2252], [-105.9311, 28.2336], [-105.9205, 28.259], [-105.91, 28.2544], [-105.8945, 28.279], [-105.8361, 28.2699], [-105.8273, 28.2729], [-105.835, 28.2874], [-105.8213, 28.2917], [-105.78, 28.2977], [-105.7674, 28.2896], [-105.7617, 28.2913], [-105.754, 28.3028], [-105.7617, 28.3272], [-105.7603, 28.3414], [-105.7556, 28.3449], [-105.7568, 28.3504], [-105.7413, 28.3484], [-105.739, 28.3762], [-105.7342, 28.3795], [-105.7268, 28.3456], [-105.7028, 28.342], [-105.7104, 28.4121], [-105.7203, 28.4373], [-105.7278, 28.4387], [-105.7282, 28.4529], [-105.7348, 28.4606], [-105.7746, 28.4591], [-105.809, 28.4631], [-105.834, 28.4721], [-105.8189, 28.4989], [-105.7977, 28.5229], [-105.824, 28.5065], [-105.8323, 28.5097], [-105.8537, 28.5034], [-105.8631, 28.5166], [-105.8784, 28.505], [-105.8896, 28.5063], [-105.8931, 28.5114], [-105.8975, 28.5049], [-105.9341, 28.5233], [-105.9528, 28.5563], [-105.9811, 28.5505], [-105.9625, 28.5853], [-105.9408, 28.5803], [-105.942, 28.588], [-105.9369, 28.5855], [-105.9467, 28.6154], [-105.9589, 28.6176], [-105.9565, 28.6304], [-105.963, 28.6454], [-105.9508, 28.6484], [-105.9284, 28.6825], [-105.9345, 28.6628], [-105.9173, 28.6594], [-105.9004, 28.7278], [-105.9636, 28.7315], [-106.0889, 28.7979], [-106.085, 28.8174], [-106.1044, 28.853], [-106.0975, 28.857], [-106.1113, 28.8878], [-106.1248, 28.9029], [-106.1235, 28.9217], [-106.1669, 28.9306], [-106.2081, 29.0149], [-106.1967, 29.0151], [-106.2077, 29.0274], [-106.1726, 29.0183], [-106.1863, 29.04], [-106.1863, 29.0549], [-106.2046, 29.0548], [-106.2042, 29.0683], [-106.2153, 29.0683], [-106.2157, 29.1128], [-106.2231, 29.1129], [-106.2233, 29.1316], [-106.1239, 29.1314], [-106.1236, 29.1526], [-106.1174, 29.1578], [-106.0994, 29.1563], [-106.0687, 29.1431], [-106.0603, 29.1439], [-106.0509, 29.1527], [-106.0372, 29.1519], [-106.0444, 29.182], [-106.0384, 29.1867], [-106.0363, 29.1985], [-106.0268, 29.2046], [-106.0434, 29.2168], [-106.0378, 29.2771], [-106.0464, 29.3172], [-106.0574, 29.3278], [-106.0506, 29.3488], [-106.0533, 29.3533], [-106.0615, 29.3527], [-106.0672, 29.3681], [-106.0619, 29.3792], [-106.0618, 29.4114], [-105.9894, 29.4111], [-105.9894, 29.5589], [-105.9292, 29.6714]]]}}, {"type": "Feature", "properties": {"osm_type": "relation", "osm_id": 387915703, "name": "Aquiles Serdán", "admin_level": "6", "kind": "subdivision_2", "parent_osm_id": 1673425, "parent_name": "Chihuahua", "parent_iso": "MX-CHH"}, "geometry": {"type": "Polygon", "coordinates": [[[-105.9052, 28.7006], [-105.9173, 28.6594], [-105.9345, 28.6628], [-105.9284, 28.6825], [-105.9508, 28.6484], [-105.963, 28.6454], [-105.9565, 28.6304], [-105.9589, 28.6176], [-105.9467, 28.6154], [-105.9369, 28.5855], [-105.942, 28.588], [-105.9408, 28.5803], [-105.9625, 28.5853], [-105.9811, 28.5505], [-105.9528, 28.5563], [-105.9341, 28.5233], [-105.8975, 28.5049], [-105.8931, 28.5114], [-105.8896, 28.5063], [-105.8784, 28.505], [-105.8631, 28.5166], [-105.8537, 28.5034], [-105.8323, 28.5097], [-105.824, 28.5065], [-105.7977, 28.5229], [-105.8189, 28.4989], [-105.834, 28.4721], [-105.809, 28.4631], [-105.7348, 28.4606], [-105.7383, 28.4693], [-105.7125, 28.4746], [-105.6877, 28.4952], [-105.7504, 28.5571], [-105.6944, 28.557], [-105.6945, 28.5633], [-105.7038, 28.5682], [-105.7004, 28.5844], [-105.7089, 28.5931], [-105.7185, 28.6775], [-105.7712, 28.6774], [-105.8186, 28.6874], [-105.8207, 28.6825], [-105.8724, 28.674], [-105.8697, 28.6857], [-105.8945, 28.6901], [-105.9052, 28.7006]]]}}]}