{"type": "FeatureCollection", "parent": {"osm_id": 224045, "name": "North Carolina", "admin_level": "4", "kind": "subdivision_1", "child_kind": "subdivision_2", "iso": "US-NC"}, "features": [{"type": "Feature", "properties": {"osm_type": "relation", "osm_id": 503573471, "name": "Randolph", "admin_level": "6", "kind": "subdivision_2", "parent_osm_id": 224045, "parent_name": "North Carolina", "parent_iso": "US-NC"}, "geometry": {"type": "Polygon", "coordinates": [[[-80.0469, 35.9207], [-80.0668, 35.5057], [-79.5558, 35.515], [-79.5417, 35.8999], [-80.0469, 35.9207]]]}}, {"type": "Feature", "properties": {"osm_type": "relation", "osm_id": 155089979, "name": "Orange", "admin_level": "6", "kind": "subdivision_2", "parent_osm_id": 224045, "parent_name": "North Carolina", "parent_iso": "US-NC"}, "geometry": {"type": "Polygon", "coordinates": [[[-79.257, 36.2434], [-79.2645, 35.9141], [-79.2682, 35.9092], [-79.2574, 35.9027], [-79.2495, 35.8768], [-79.082, 35.8608], [-79.0163, 35.8632], [-78.9506, 36.2393], [-79.257, 36.2434]]]}}, {"type": "Feature", "properties": {"osm_type": "relation", "osm_id": 407224269, "name": "Jones", "admin_level": "6", "kind": "subdivision_2", "parent_osm_id": 224045, "parent_name": "North Carolina", "parent_iso": "US-NC"}, "geometry": {"type": "Polygon", "coordinates": [[[-77.731, 35.0081], [-77.6748, 34.9739], [-77.639, 34.9845], [-77.5028, 34.9696], [-77.3668, 34.9087], [-77.3633, 34.9255], [-77.3316, 34.9392], [-77.3094, 34.9375], [-77.2674, 34.9255], [-77.2483, 34.9001], [-77.2374, 34.9], [-77.2342, 34.8863], [-77.2195, 34.8784], [-77.2003, 34.8333], [-77.1794, 34.8299], [-77.1963, 34.811], [-77.1711, 34.7907], [-77.1721, 34.7804], [-77.166, 34.785], [-77.1678, 34.791], [-77.0903, 34.8028], [-77.0496, 34.8341], [-77.1089, 34.8308], [-77.1031, 35.0171], [-77.0989, 35.0267], [-77.1094, 35.0674], [-77.1159, 35.074], [-77.1304, 35.0724], [-77.1483, 35.0547], [-77.1641, 35.0654], [-77.1806, 35.0552], [-77.1777, 35.0567], [-77.1877, 35.0811], [-77.3364, 35.1538], [-77.4517, 35.2187], [-77.4737, 35.229], [-77.5272, 35.243], [-77.5075, 35.1728], [-77.6013, 35.0714], [-77.731, 35.0081]]]}}, {"type": "Feature", "properties": {"osm_type": "relation", "osm_id": 331965969, "name": "Craven", "admin_level": "6", "kind": "subdivision_2", "parent_osm_id": 224045, "parent_name": "North Carolina", "parent_iso": "US-NC"}, "geometry": {"type": "Polygon", "coordinates": [[[-77.0783, 34.8113], [-76.9544, 34.8091], [-76.9548, 34.8245], [-76.8822, 34.8367], [-76.8832, 34.8449], [-76.758, 34.8463], [-76.6929, 34.8693], [-76.683, 34.8993], [-76.6627, 34.9119], [-76.6526, 34.9376], [-76.6837, 34.963], [-76.7629, 34.9204], [-76.8935, 34.9575], [-76.9774, 35.0049], [-76.9898, 35.0455], [-76.9829, 35.0606], [-76.9585, 35.0477], [-76.9429, 35.0514], [-76.9362, 35.0619], [-76.9341, 35.0772], [-76.9386, 35.0897], [-76.9311, 35.1172], [-76.9694, 35.1296], [-76.9876, 35.1537], [-76.9703, 35.1637], [-76.9629, 35.1979], [-76.9326, 35.2303], [-76.9061, 35.236], [-76.8959, 35.2539], [-76.9589, 35.301], [-77.1891, 35.4184], [-77.2024, 35.3984], [-77.2283, 35.3993], [-77.2397, 35.3814], [-77.2379, 35.3615], [-77.26, 35.3516], [-77.2693, 35.3692], [-77.2959, 35.3792], [-77.3526, 35.3277], [-77.3939, 35.3426], [-77.4314, 35.3297], [-77.4311, 35.313], [-77.4496, 35.2995], [-77.4269, 35.256], [-77.4737, 35.229], [-77.3364, 35.1538], [-77.1877, 35.0811], [-77.1777, 35.0567], [-77.1806, 35.0552], [-77.1641, 35.0654], [-77.1483, 35.0547], [-77.1304, 35.0724], [-77.1159, 35.074], [-77.1094, 35.0674], [-77.0989, 35.0267], [-77.1031, 35.0171], [-77.1089, 34.8308], [-77.0496, 34.8341], [-77.0783, 34.8113]]]}}, {"type": "Feature", "properties": {"osm_type": "relation", "osm_id": 435700220, "name": "Warren", "admin_level": "6", "kind": "subdivision_2", "parent_osm_id": 224045, "parent_name": "North Carolina", "parent_iso": "US-NC"}, "geometry": {"type": "Polygon", "coordinates": [[[-78.0462, 36.5442], [-78.324, 36.5438], [-78.2772, 36.3061], [-78.307, 36.2662], [-78.2249, 36.2566], [-78.1943, 36.2468], [-78.1726, 36.2553], [-78.157, 36.2444], [-78.1328, 36.2463], [-78.1246, 36.2257], [-78.1032, 36.2091], [-78.0713, 36.2164], [-78.0452, 36.2154], [-78.0066, 36.2026], [-77.9424, 36.2985], [-77.912, 36.3825], [-77.9092, 36.4739], [-77.8995, 36.5043], [-77.8998, 36.5447], [-78.0462, 36.5442]]]}}, {"type": "Feature", "properties": {"osm_type": "relation", "osm_id": 591952499, "name": "Vance", "admin_level": "6", "kind": "subdivision_2", "parent_osm_id": 224045, "parent_name": "North Carolina", "parent_iso": "US-NC"}, "geometry": {"type": "Polygon", "coordinates": [[[-78.324, 36.5438], [-78.457, 36.5425], [-78.4729, 36.5212], [-78.4978, 36.5145], [-78.5112, 36.4548], [-78.5083, 36.1829], [-78.4966, 36.1752], [-78.4219, 36.1643], [-78.4121, 36.1696], [-78.3781, 36.2351], [-78.3381, 36.2345], [-78.307, 36.2662], [-78.2772, 36.3061], [-78.324, 36.5438]]]}}, {"type": "Feature", "properties": {"osm_type": "relation", "osm_id": 150657272, "name": "Guilford", "admin_level": "6", "kind": "subdivision_2", "parent_osm_id": 224045, "parent_name": "North Carolina", "parent_iso": "US-NC"}, "geometry": {"type": "Polygon", "coordinates": [[[-79.5417, 35.8999], [-79.5324, 36.2415], [-80.0351, 36.2572], [-80.0469, 35.9207], [-79.5417, 35.8999]]]}}, {"type": "Feature", "properties": {"osm_type": "relation", "osm_id": 583813317, "name": "Stanly", "admin_level": "6", "kind": "subdivision_2", "parent_osm_id": 224045, "parent_name": "North Carolina", "parent_iso": "US-NC"}, "geometry": {"type": "Polygon", "coordinates": [[[-80.2954, 35.5029], [-80.4844, 35.2164], [-80.5062, 35.1925], [-80.5054, 35.1841], [-80.4811, 35.1801], [-80.4682, 35.1667], [-80.4399, 35.161], [-80.4282, 35.1676], [-80.3883, 35.1659], [-80.3686, 35.1791], [-80.357, 35.1649], [-80.3221, 35.173], [-80.2967, 35.1934], [-80.2768, 35.1957], [-80.254, 35.2113], [-80.2421, 35.1816], [-80.225, 35.1562], [-80.2071, 35.1566], [-80.1949, 35.1654], [-80.1906, 35.1555], [-80.1728, 35.1479], [-80.1599, 35.1512], [-80.1654, 35.1648], [-80.1539, 35.175], [-80.1362, 35.1675], [-80.1245, 35.177], [-80.1291, 35.1876], [-80.1126, 35.1939], [-80.1074, 35.1737], [-80.0754, 35.1431], [-80.0531, 35.1726], [-80.0698, 35.2183], [-80.0908, 35.236], [-80.0982, 35.2552], [-80.094, 35.2871], [-80.0805, 35.3076], [-80.0819, 35.3215], [-80.0659, 35.3436], [-80.0664, 35.3572], [-80.0512, 35.3715], [-80.0623, 35.3861], [-80.0937, 35.402], [-80.0901, 35.4156], [-80.1005, 35.4299], [-80.1085, 35.4595], [-80.1404, 35.475], [-80.146, 35.4732], [-80.1758, 35.4853], [-80.1826, 35.5042], [-80.2954, 35.5029]]]}}, {"type": "Feature", "properties": {"osm_type": "relation", "osm_id": 224173445, "name": "Cumberland", "admin_level": "6", "kind": "subdivision_2", "parent_osm_id": 224045, "parent_name": "North Carolina", "parent_iso": "US-NC"}, "geometry": {"type": "Polygon", "coordinates": [[[-79.0976, 35.1742], [-79.1129, 35.1259], [-79.1012, 35.1143], [-79.0894, 35.0704], [-79.0902, 35.0419], [-79.0568, 34.9998], [-79.0348, 34.9631], [-79.0387, 34.9527], [-78.9408, 34.9034], [-78.9234, 34.8784], [-78.9272, 34.8648], [-78.902, 34.8353], [-78.8429, 34.8474], [-78.7996, 34.8509], [-78.5336, 34.8511], [-78.5161, 34.8459], [-78.4947, 34.8562], [-78.5131, 34.8691], [-78.5127, 34.8806], [-78.5475, 34.9024], [-78.5461, 34.9159], [-78.5578, 34.9154], [-78.5728, 34.9375], [-78.6149, 34.9628], [-78.647, 34.9923], [-78.645, 35.0084], [-78.6584, 35.042], [-78.663, 35.078], [-78.6723, 35.0853], [-78.6707, 35.0925], [-78.6395, 35.1158], [-78.6525, 35.121], [-78.6347, 35.1401], [-78.6387, 35.1659], [-78.6295, 35.1712], [-78.6388, 35.1821], [-78.6357, 35.1917], [-78.6464, 35.1967], [-78.6244, 35.204], [-78.6314, 35.2134], [-78.6171, 35.2283], [-78.6171, 35.2456], [-78.7185, 35.2597], [-78.7256, 35.2669], [-78.7819, 35.2609], [-78.7943, 35.2661], [-78.8048, 35.2572], [-78.8249, 35.2597], [-78.8472, 35.253], [-78.8593, 35.2427], [-78.8761, 35.2415], [-78.8784, 35.2316], [-78.978, 35.2119], [-78.998, 35.2141], [-79.0958, 35.1921], [-79.0976, 35.1742]]]}}, {"type": "Feature", "properties": {"osm_type": "relation", "osm_id": 192072436, "name": "Catawba", "admin_level": "6", "kind": "subdivision_2", "parent_osm_id": 224045, "parent_name": "North Carolina", "parent_iso": "US-NC"}, "geometry": {"type": "Polygon", "coordinates": [[[-81.5354, 35.5681], [-80.96, 35.547], [-80.9513, 35.5813], [-80.9334, 35.5924], [-80.9436, 35.6054], [-80.9253, 35.6195], [-80.9512, 35.6414], [-80.9663, 35.6703], [-81.0053, 35.7102], [-81.0613, 35.7106], [-81.0679, 35.7381], [-81.1284, 35.7894], [-81.1431, 35.8279], [-81.1904, 35.8224], [-81.2262, 35.8097], [-81.249, 35.8157], [-81.255, 35.8083], [-81.2995, 35.7983], [-81.3343, 35.7963], [-81.3557, 35.7797], [-81.3535, 35.7763], [-81.4329, 35.6779], [-81.5068, 35.608], [-81.5354, 35.5681]]]}}, {"type": "Feature", "properties": {"osm_type": "relation", "osm_id": 783741733, "name": "Wilkes", "admin_level": "6", "kind": "subdivision_2", "parent_osm_id": 224045, "parent_name": "North Carolina", "parent_iso": "US-NC"}, "geometry": {"type": "Polygon", "coordinates": [[[-81.5455, 36.1175], [-81.5162, 36.0974], [-81.4588, 36.0914], [-81.4448, 36.0721], [-81.4241, 36.0778], [-81.4026, 36.0657], [-81.3895, 36.0501], [-81.3961, 36.0407], [-81.3806, 36.0421], [-81.3447, 36.0249], [-81.3283, 35.9966], [-81.3014, 36.0043], [-81.2636, 36.0258], [-81.2444, 36.0248], [-81.238, 36.0309], [-81.2193, 36.0298], [-81.1903, 36.0372], [-81.1667, 36.0257], [-81.1375, 36.0364], [-81.1049, 36.0355], [-81.0981, 36.0282], [-81.0576, 36.0316], [-81.0485, 36.0411], [-80.9757, 36.0588], [-80.8816, 36.0557], [-80.8687, 36.3265], [-80.8927, 36.3407], [-80.9058, 36.3611], [-80.9421, 36.3736], [-80.9563, 36.3858], [-80.9552, 36.3946], [-80.9672, 36.402], [-80.9813, 36.3765], [-81.0267, 36.3732], [-81.0438, 36.3933], [-81.0443, 36.4111], [-81.0778, 36.4178], [-81.0951, 36.4408], [-81.1284, 36.4259], [-81.1382, 36.4125], [-81.163, 36.4325], [-81.1893, 36.3994], [-81.2202, 36.3776], [-81.2435, 36.3661], [-81.2533, 36.3667], [-81.25, 36.3627], [-81.2593, 36.3563], [-81.282, 36.3546], [-81.2912, 36.3644], [-81.3065, 36.3644], [-81.3219, 36.3732], [-81.362, 36.3647], [-81.3666, 36.3591], [-81.3615, 36.3086], [-81.3664, 36.3043], [-81.3664, 36.2937], [-81.3883, 36.2847], [-81.4141, 36.2947], [-81.4138, 36.2812], [-81.4427, 36.2599], [-81.4646, 36.2569], [-81.4775, 36.2403], [-81.4657, 36.2271], [-81.4621, 36.2082], [-81.4558, 36.2004], [-81.5004, 36.1425], [-81.5455, 36.1175]]]}}, {"type": "Feature", "properties": {"osm_type": "relation", "osm_id": 717967892, "name": "Chatham", "admin_level": "6", "kind": "subdivision_2", "parent_osm_id": 224045, "parent_name": "North Carolina", "parent_iso": "US-NC"}, "geometry": {"type": "Polygon", "coordinates": [[[-79.5558, 35.515], [-79.3501, 35.518], [-79.3219, 35.5246], [-79.3112, 35.5327], [-79.3231, 35.5444], [-79.2852, 35.5552], [-79.2918, 35.5434], [-79.2755, 35.5318], [-79.2627, 35.5357], [-79.2452, 35.553], [-79.2447, 35.5691], [-79.2187, 35.5657], [-79.2256, 35.5518], [-79.1999, 35.5586], [-79.2002, 35.5771], [-79.188, 35.5794], [-79.1575, 35.604], [-79.1485, 35.6188], [-79.1171, 35.6282], [-79.0959, 35.6212], [-79.0531, 35.5966], [-79.047, 35.5705], [-79.024, 35.5484], [-78.9956, 35.5421], [-78.9696, 35.5217], [-78.9147, 35.5837], [-78.9951, 35.6101], [-78.9309, 35.7944], [-78.9094, 35.8429], [-78.9061, 35.8681], [-79.082, 35.8608], [-79.2495, 35.8768], [-79.249, 35.8653], [-79.2373, 35.8443], [-79.5424, 35.8433], [-79.5558, 35.515]]]}}, {"type": "Feature", "properties": {"osm_type": "relation", "osm_id": 457734018, "name": "Henderson", "admin_level": "6", "kind": "subdivision_2", "parent_osm_id": 224045, "parent_name": "North Carolina", "parent_iso": "US-NC"}, "geometry": {"type": "Polygon", "coordinates": [[[-82.3537, 35.1922], [-82.3512, 35.2254], [-82.3592, 35.2445], [-82.3495, 35.2463], [-82.3469, 35.2797], [-82.3277, 35.3089], [-82.3104, 35.3147], [-82.3053, 35.3326], [-82.2615, 35.3885], [-82.2702, 35.4006], [-82.2806, 35.4431], [-82.2658, 35.4678], [-82.3328, 35.5002], [-82.3693, 35.4855], [-82.3681, 35.467], [-82.3631, 35.461], [-82.4175, 35.4745], [-82.4561, 35.4497], [-82.5351, 35.4446], [-82.5327, 35.4166], [-82.547, 35.4252], [-82.5488, 35.4443], [-82.5825, 35.4336], [-82.6081, 35.4432], [-82.6218, 35.4357], [-82.653, 35.455], [-82.6733, 35.4595], [-82.7007, 35.4543], [-82.7451, 35.423], [-82.6193, 35.3037], [-82.6102, 35.2882], [-82.6162, 35.2603], [-82.6043, 35.2589], [-82.604, 35.2218], [-82.5915, 35.1649], [-82.5742, 35.1436], [-82.5562, 35.1517], [-82.5505, 35.1595], [-82.53, 35.1556], [-82.516, 35.1634], [-82.4955, 35.1643], [-82.4839, 35.1738], [-82.4601, 35.1781], [-82.453, 35.1747], [-82.4512, 35.1653], [-82.4396, 35.1659], [-82.4197, 35.1986], [-82.4034, 35.2045], [-82.3929, 35.2154], [-82.384, 35.2105], [-82.3787, 35.1981], [-82.3809, 35.1896], [-82.3732, 35.1822], [-82.3537, 35.1922]]]}}, {"type": "Feature", "properties": {"osm_type": "relation", "osm_id": 555897651, "name": "Franklin", "admin_level": "6", "kind": "subdivision_2", "parent_osm_id": 224045, "parent_name": "North Carolina", "parent_iso": "US-NC"}, "geometry": {"type": "Polygon", "coordinates": [[[-78.307, 36.2662], [-78.3381, 36.2345], [-78.3781, 36.2351], [-78.4121, 36.1696], [-78.4219, 36.1643], [-78.4966, 36.1752], [-78.5448, 36.0809], [-78.5464, 36.0218], [-78.4269, 35.975], [-78.3943, 35.9369], [-78.3533, 35.9311], [-78.3512, 35.9109], [-78.3196, 35.8945], [-78.3074, 35.8967], [-78.2843, 35.8746], [-78.2698, 35.845], [-78.2538, 35.8276], [-78.256, 35.8181], [-78.1717, 35.9548], [-78.0066, 36.2026], [-78.0452, 36.2154], [-78.0713, 36.2164], [-78.1032, 36.2091], [-78.1246, 36.2257], [-78.1328, 36.2463], [-78.157, 36.2444], [-78.1726, 36.2553], [-78.1943, 36.2468], [-78.2249, 36.2566], [-78.307, 36.2662]]]}}, {"type": "Feature", "properties": {"osm_type": "relation", "osm_id": 447198070, "name": "Forsyth", "admin_level": "6", "kind": "subdivision_2", "parent_osm_id": 224045, "parent_name": "North Carolina", "parent_iso": "US-NC"}, "geometry": {"type": "Polygon", "coordinates": [[[-80.0351, 36.2572], [-80.4517, 36.2615], [-80.4523, 36.2414], [-80.4374, 36.2298], [-80.4327, 36.219], [-80.4455, 36.2104], [-80.443, 36.179], [-80.4376, 36.1728], [-80.4391, 36.14], [-80.4544, 36.1221], [-80.5055, 36.1092], [-80.5158, 36.0926], [-80.5085, 36.058], [-80.4963, 36.0466], [-80.4636, 36.0625], [-80.4532, 36.0439], [-80.4179, 36.0156], [-80.4207, 35.9868], [-80.3943, 35.9728], [-80.3227, 35.9966], [-80.2138, 35.9967], [-80.2137, 36.0268], [-80.1375, 36.025], [-80.0432, 36.0108], [-80.0351, 36.2572]]]}}, {"type": "Feature", "properties": {"osm_type": "relation", "osm_id": 605479468, "name": "Madison", "admin_level": "6", "kind": "subdivision_2", "parent_osm_id": 224045, "parent_name": "North Carolina", "parent_iso": "US-NC"}, "geometry": {"type": "Polygon", "coordinates": [[[-82.8985, 35.9451], [-82.9024, 35.9299], [-82.9106, 35.9269], [-82.9119, 35.9216], [-82.8997, 35.8746], [-82.9183, 35.864], [-82.9202, 35.8417], [-82.9455, 35.8247], [-82.9617, 35.8005], [-82.9629, 35.7917], [-82.9501, 35.7664], [-82.9571, 35.7467], [-82.9479, 35.739], [-82.9177, 35.7448], [-82.9104, 35.7162], [-82.8986, 35.7037], [-82.9011, 35.6849], [-82.8839, 35.6782], [-82.8484, 35.7017], [-82.8071, 35.6859], [-82.7948, 35.6958], [-82.75, 35.7065], [-82.7518, 35.7105], [-82.731, 35.7224], [-82.7138, 35.7178], [-82.7124, 35.7329], [-82.677, 35.7349], [-82.5147, 35.8032], [-82.4761, 35.7983], [-82.4638, 35.8096], [-82.4353, 35.8086], [-82.4086, 35.8182], [-82.4196, 35.8433], [-82.4176, 35.8594], [-82.454, 35.8999], [-82.4748, 35.9093], [-82.4948, 35.9095], [-82.4904, 35.9212], [-82.4986, 35.9302], [-82.4801, 35.9482], [-82.4962, 35.9567], [-82.5055, 35.9777], [-82.5425, 35.968], [-82.5579, 35.9539], [-82.5752, 35.9584], [-82.581, 35.9656], [-82.6109, 35.9674], [-82.6042, 35.9873], [-82.613, 35.994], [-82.6144, 36.0035], [-82.5949, 36.0296], [-82.6097, 36.0449], [-82.6182, 36.047], [-82.6187, 36.0561], [-82.6323, 36.0657], [-82.6836, 36.0461], [-82.6889, 36.0386], [-82.7152, 36.0286], [-82.716, 36.0228], [-82.7501, 36.006], [-82.776, 36.0001], [-82.7853, 35.9879], [-82.7856, 35.9778], [-82.7749, 35.972], [-82.7845, 35.9639], [-82.7875, 35.9522], [-82.8059, 35.9379], [-82.805, 35.9272], [-82.8219, 35.9218], [-82.8289, 35.9329], [-82.8526, 35.9491], [-82.8742, 35.9527], [-82.8985, 35.9451]]]}}, {"type": "Feature", "properties": {"osm_type": "relation", "osm_id": 485740374, "name": "Robeson", "admin_level": "6", "kind": "subdivision_2", "parent_osm_id": 224045, "parent_name": "North Carolina", "parent_iso": "US-NC"}, "geometry": {"type": "Polygon", "coordinates": [[[-79.0387, 34.9527], [-79.1914, 34.8337], [-79.3492, 34.8385], [-79.3574, 34.819], [-79.331, 34.7744], [-79.4616, 34.6303], [-79.0712, 34.2993], [-79.0529, 34.3146], [-79.0454, 34.3107], [-79.0252, 34.352], [-79.0109, 34.3522], [-79.0016, 34.3635], [-79.0114, 34.3811], [-78.9984, 34.3911], [-78.9684, 34.3971], [-78.9712, 34.4275], [-78.96, 34.4427], [-78.9354, 34.4552], [-78.9171, 34.4533], [-78.8958, 34.4621], [-78.869, 34.4848], [-78.8634, 34.498], [-78.8464, 34.5002], [-78.8444, 34.5081], [-78.8566, 34.5241], [-78.8617, 34.5636], [-78.8436, 34.5785], [-78.8314, 34.6111], [-78.8344, 34.6216], [-78.8187, 34.6498], [-78.8181, 34.6643], [-78.8094, 34.6683], [-78.8057, 34.6892], [-78.8214, 34.7093], [-78.8376, 34.7177], [-78.8544, 34.7357], [-78.8859, 34.8111], [-78.9272, 34.8648], [-78.9234, 34.8784], [-78.9408, 34.9034], [-79.0387, 34.9527]]]}}, {"type": "Feature", "properties": {"osm_type": "relation", "osm_id": 582934878, "name": "Wake", "admin_level": "6", "kind": "subdivision_2", "parent_osm_id": 224045, "parent_name": "North Carolina", "parent_iso": "US-NC"}, "geometry": {"type": "Polygon", "coordinates": [[[-78.9147, 35.5837], [-78.7089, 35.5195], [-78.4716, 35.7049], [-78.4601, 35.7057], [-78.3249, 35.7786], [-78.2562, 35.8174], [-78.2538, 35.8276], [-78.2698, 35.845], [-78.2843, 35.8746], [-78.3074, 35.8967], [-78.3196, 35.8945], [-78.3512, 35.9109], [-78.3533, 35.9311], [-78.3943, 35.9369], [-78.4269, 35.975], [-78.6832, 36.0745], [-78.7188, 36.0759], [-78.7513, 36.0708], [-78.7536, 36.0314], [-78.72, 36.0296], [-78.7001, 36.009], [-78.718, 35.9601], [-78.7417, 35.9339], [-78.7507, 35.9319], [-78.759, 35.9189], [-78.802, 35.927], [-78.83, 35.867], [-78.9061, 35.8681], [-78.9094, 35.8429], [-78.9309, 35.7944], [-78.9951, 35.6101], [-78.9147, 35.5837]]]}}, {"type": "Feature", "properties": {"osm_type": "relation", "osm_id": 767805805, "name": "Surry", "admin_level": "6", "kind": "subdivision_2", "parent_osm_id": 224045, "parent_name": "North Carolina", "parent_iso": "US-NC"}, "geometry": {"type": "Polygon", "coordinates": [[[-80.8732, 36.2363], [-80.8084, 36.2543], [-80.783, 36.2534], [-80.7696, 36.2751], [-80.7518, 36.2634], [-80.7418, 36.2778], [-80.734, 36.2675], [-80.686, 36.2688], [-80.6682, 36.2509], [-80.6477, 36.2573], [-80.643, 36.2727], [-80.6285, 36.273], [-80.6242, 36.2868], [-80.5933, 36.2699], [-80.5797, 36.2777], [-80.548, 36.2854], [-80.537, 36.28], [-80.5342, 36.2585], [-80.4825, 36.2561], [-80.4667, 36.2598], [-80.4523, 36.2414], [-80.4401, 36.5506], [-80.7048, 36.5623], [-80.9017, 36.5618], [-80.9186, 36.5404], [-80.9269, 36.5013], [-80.9736, 36.4535], [-80.9472, 36.4191], [-80.9672, 36.402], [-80.9552, 36.3946], [-80.9563, 36.3858], [-80.9308, 36.3666], [-80.9058, 36.3611], [-80.8927, 36.3407], [-80.8687, 36.3265], [-80.8732, 36.2363]]]}}, {"type": "Feature", "properties": {"osm_type": "relation", "osm_id": 135121947, "name": "Montgomery", "admin_level": "6", "kind": "subdivision_2", "parent_osm_id": 224045, "parent_name": "North Carolina", "parent_iso": "US-NC"}, "geometry": {"type": "Polygon", "coordinates": [[[-80.0668, 35.5057], [-80.1826, 35.5042], [-80.1758, 35.4853], [-80.146, 35.4732], [-80.1404, 35.475], [-80.1085, 35.4595], [-80.1005, 35.4299], [-80.0901, 35.4156], [-80.0937, 35.402], [-80.0623, 35.3861], [-80.0512, 35.3715], [-80.0664, 35.3572], [-80.0659, 35.3436], [-80.0819, 35.3215], [-80.0805, 35.3076], [-80.094, 35.2871], [-80.0982, 35.2552], [-80.0908, 35.236], [-80.0698, 35.2183], [-80.0531, 35.1726], [-80.0754, 35.1431], [-80.0233, 35.1371], [-79.9833, 35.1585], [-79.9496, 35.1575], [-79.9443, 35.1642], [-79.8986, 35.1617], [-79.8513, 35.1839], [-79.8361, 35.1772], [-79.8129, 35.1799], [-79.7127, 35.1732], [-79.6944, 35.1796], [-79.6735, 35.1754], [-79.6421, 35.1577], [-79.6143, 35.1637], [-79.6551, 35.1898], [-79.673, 35.2454], [-79.6978, 35.2514], [-79.712, 35.2759], [-79.7099, 35.3013], [-79.7642, 35.4757], [-79.768, 35.5115], [-80.0668, 35.5057]]]}}, {"type": "Feature", "properties": {"osm_type": "relation", "osm_id": 165447651, "name": "Washington", "admin_level": "6", "kind": "subdivision_2", "parent_osm_id": 224045, "parent_name": "North Carolina", "parent_iso": "US-NC"}, "geometry": {"type": "Polygon", "coordinates": [[[-76.8473, 35.72], [-76.8446, 35.7057], [-76.5456, 35.7051], [-76.406, 35.6976], [-76.4056, 35.7863], [-76.3536, 35.8613], [-76.3696, 35.8832], [-76.38, 35.9147], [-76.3677, 35.93], [-76.3652, 35.9447], [-76.3814, 35.9627], [-76.3819, 35.9717], [-76.3982, 35.9843], [-76.4606, 35.9704], [-76.4738, 35.9609], [-76.5286, 35.944], [-76.6675, 35.9335], [-76.6919, 35.9448], [-76.7018, 35.9228], [-76.72, 35.9173], [-76.7315, 35.8876], [-76.7454, 35.8708], [-76.7774, 35.8578], [-76.7892, 35.8381], [-76.782, 35.827], [-76.8024, 35.8048], [-76.793, 35.7899], [-76.8043, 35.782], [-76.817, 35.7488], [-76.8313, 35.7307], [-76.8473, 35.72]]]}}, {"type": "Feature", "properties": {"osm_type": "relation", "osm_id": 182290522, "name": "Pender", "admin_level": "6", "kind": "subdivision_2", "parent_osm_id": 224045, "parent_name": "North Carolina", "parent_iso": "US-NC"}, "geometry": {"type": "Polygon", "coordinates": [[[-78.2544, 34.5536], [-78.2722, 34.5384], [-78.2546, 34.5204], [-78.2555, 34.5086], [-78.2356, 34.4925], [-78.2121, 34.4884], [-78.2029, 34.4756], [-78.1765, 34.4654], [-78.2561, 34.3995], [-78.2357, 34.3747], [-78.21, 34.368], [-78.2025, 34.3533], [-78.1624, 34.357], [-78.1373, 34.3717], [-78.0928, 34.3524], [-78.0785, 34.3402], [-78.0299, 34.3318], [-77.9932, 34.3368], [-77.9784, 34.3589], [-77.987, 34.3721], [-77.9756, 34.3724], [-77.9622, 34.3829], [-77.9578, 34.3686], [-77.9404, 34.37], [-77.9288, 34.3616], [-77.9185, 34.3748], [-77.8994, 34.3752], [-77.8958, 34.3638], [-77.823, 34.3894], [-77.8107, 34.3819], [-77.8151, 34.367], [-77.752, 34.3033], [-77.7392, 34.2928], [-77.7159, 34.2927], [-77.6617, 34.3419], [-77.5823, 34.4005], [-77.518, 34.4405], [-77.5394, 34.4623], [-77.5685, 34.4702], [-77.5749, 34.4787], [-77.6801, 34.7206], [-77.9215, 34.7198], [-77.938, 34.7232], [-77.9561, 34.7153], [-77.9747, 34.7145], [-77.9923, 34.7162], [-78.0127, 34.7326], [-78.031, 34.725], [-78.0662, 34.7279], [-78.114, 34.7218], [-78.1135, 34.7072], [-78.1565, 34.6791], [-78.2544, 34.5536]]]}}, {"type": "Feature", "properties": {"osm_type": "relation", "osm_id": 942691377, "name": "Gaston", "admin_level": "6", "kind": "subdivision_2", "parent_osm_id": 224045, "parent_name": "North Carolina", "parent_iso": "US-NC"}, "geometry": {"type": "Polygon", "coordinates": [[[-80.9549, 35.4001], [-81.4556, 35.4198], [-81.3989, 35.3531], [-81.3567, 35.3306], [-81.3661, 35.3134], [-81.3548, 35.2789], [-81.3224, 35.256], [-81.328, 35.1634], [-81.0429, 35.1493], [-81.0095, 35.1531], [-81.0024, 35.1808], [-81.0139, 35.2258], [-81.0091, 35.2458], [-81.0151, 35.2687], [-81.0, 35.3062], [-80.9727, 35.3503], [-80.9621, 35.3471], [-80.9436, 35.3506], [-80.923, 35.3599], [-80.9629, 35.3751], [-80.9733, 35.3642], [-80.9869, 35.3782], [-80.9549, 35.4001]]]}}, {"type": "Feature", "properties": {"osm_type": "relation", "osm_id": 776267586, "name": "Durham", "admin_level": "6", "kind": "subdivision_2", "parent_osm_id": 224045, "parent_name": "North Carolina", "parent_iso": "US-NC"}, "geometry": {"type": "Polygon", "coordinates": [[[-79.0163, 35.8632], [-78.83, 35.867], [-78.802, 35.927], [-78.759, 35.9189], [-78.7507, 35.9319], [-78.7417, 35.9339], [-78.718, 35.9601], [-78.7001, 36.009], [-78.72, 36.0296], [-78.7536, 36.0314], [-78.7513, 36.0708], [-78.7775, 36.0715], [-78.8076, 36.0877], [-78.8023, 36.2358], [-78.9506, 36.2393], [-79.0163, 35.8632]]]}}, {"type": "Feature", "properties": {"osm_type": "relation", "osm_id": 639477048, "name": "Lincoln", "admin_level": "6", "kind": "subdivision_2", "parent_osm_id": 224045, "parent_name": "North Carolina", "parent_iso": "US-NC"}, "geometry": {"type": "Polygon", "coordinates": [[[-81.5354, 35.5681], [-81.5376, 35.5642], [-81.5154, 35.5583], [-81.513, 35.5233], [-81.4556, 35.4198], [-80.9549, 35.4001], [-80.9586, 35.4317], [-80.9424, 35.4552], [-80.9516, 35.4702], [-80.9473, 35.4885], [-80.9621, 35.4987], [-80.9566, 35.5316], [-80.9397, 35.5295], [-80.96, 35.547], [-81.5354, 35.5681]]]}}, {"type": "Feature", "properties": {"osm_type": "relation", "osm_id": 930779639, "name": "Onslow", "admin_level": "6", "kind": "subdivision_2", "parent_osm_id": 224045, "parent_name": "North Carolina", "parent_iso": "US-NC"}, "geometry": {"type": "Polygon", "coordinates": [[[-77.6748, 34.9739], [-77.6534, 34.9405], [-77.651, 34.9233], [-77.6771, 34.7996], [-77.6801, 34.7206], [-77.5749, 34.4787], [-77.5685, 34.4702], [-77.5394, 34.4623], [-77.518, 34.4405], [-77.4629, 34.4714], [-77.3225, 34.5356], [-77.2092, 34.605], [-77.1082, 34.6406], [-77.1128, 34.652], [-77.0961, 34.6712], [-77.1109, 34.6781], [-77.1092, 34.7179], [-77.1222, 34.733], [-77.1256, 34.7567], [-77.1399, 34.7597], [-77.166, 34.785], [-77.1721, 34.7804], [-77.1711, 34.7907], [-77.1963, 34.811], [-77.1794, 34.8299], [-77.2003, 34.8333], [-77.2195, 34.8784], [-77.2342, 34.8863], [-77.2374, 34.9], [-77.2483, 34.9001], [-77.2674, 34.9255], [-77.3094, 34.9375], [-77.3316, 34.9392], [-77.3633, 34.9255], [-77.3668, 34.9087], [-77.5028, 34.9696], [-77.639, 34.9845], [-77.6748, 34.9739]]]}}, {"type": "Feature", "properties": {"osm_type": "relation", "osm_id": 646183062, "name": "Hoke", "admin_level": "6", "kind": "subdivision_2", "parent_osm_id": 224045, "parent_name": "North Carolina", "parent_iso": "US-NC"}, "geometry": {"type": "Polygon", "coordinates": [[[-79.0976, 35.1742], [-79.1072, 35.1759], [-79.1248, 35.1666], [-79.1329, 35.1778], [-79.141, 35.1692], [-79.1542, 35.1806], [-79.1676, 35.1809], [-79.1752, 35.1931], [-79.2113, 35.194], [-79.2297, 35.2106], [-79.2435, 35.2138], [-79.2557, 35.2029], [-79.2813, 35.1953], [-79.3105, 35.173], [-79.3355, 35.1616], [-79.4588, 35.0436], [-79.4495, 35.0271], [-79.4313, 35.0201], [-79.4178, 35.0047], [-79.3985, 34.9952], [-79.3531, 34.9442], [-79.3489, 34.8875], [-79.3376, 34.8527], [-79.3479, 34.8386], [-79.1914, 34.8337], [-79.0356, 34.9552], [-79.0348, 34.9631], [-79.0568, 34.9998], [-79.0902, 35.0419], [-79.0894, 35.0704], [-79.1012, 35.1143], [-79.1129, 35.1259], [-79.0976, 35.1742]]]}}, {"type": "Feature", "properties": {"osm_type": "relation", "osm_id": 751962135, "name": "Bertie", "admin_level": "6", "kind": "subdivision_2", "parent_osm_id": 224045, "parent_name": "North Carolina", "parent_iso": "US-NC"}, "geometry": {"type": "Polygon", "coordinates": [[[-76.6919, 35.9448], [-76.7002, 35.9646], [-76.6797, 35.992], [-76.723, 36.0666], [-76.7521, 36.1473], [-76.7444, 36.2127], [-76.7202, 36.2438], [-76.9034, 36.243], [-76.9714, 36.2381], [-76.9862, 36.2421], [-77.0084, 36.2391], [-77.2085, 36.2466], [-77.2288, 36.2174], [-77.2641, 36.2172], [-77.2983, 36.2077], [-77.2997, 36.1814], [-77.2915, 36.1683], [-77.2847, 36.1684], [-77.2751, 36.157], [-77.2634, 36.1589], [-77.2656, 36.1398], [-77.2508, 36.1346], [-77.2546, 36.1228], [-77.2397, 36.1198], [-77.2518, 36.1157], [-77.2303, 36.105], [-77.2421, 36.0974], [-77.2667, 36.1001], [-77.3132, 36.0892], [-77.32, 36.0787], [-77.3264, 36.0769], [-77.3219, 36.0573], [-77.2086, 36.0085], [-77.2132, 35.9923], [-77.1957, 35.9906], [-77.1921, 35.9712], [-77.1962, 35.9682], [-77.1916, 35.957], [-77.2021, 35.9483], [-77.1981, 35.9389], [-77.184, 35.9304], [-77.1749, 35.9289], [-77.1603, 35.9375], [-77.143, 35.9344], [-77.1339, 35.9395], [-77.1288, 35.9386], [-77.1217, 35.9258], [-77.1055, 35.933], [-77.0917, 35.9271], [-77.081, 35.9349], [-77.0703, 35.9351], [-77.0671, 35.9419], [-77.0478, 35.9442], [-77.0289, 35.9242], [-77.0241, 35.8929], [-77.0345, 35.8912], [-77.038, 35.8767], [-77.0445, 35.873], [-77.0409, 35.8603], [-77.0331, 35.8573], [-76.9917, 35.8651], [-76.984, 35.8764], [-76.9578, 35.8854], [-76.9474, 35.8969], [-76.9352, 35.9008], [-76.9213, 35.8975], [-76.8977, 35.8665], [-76.9017, 35.8449], [-76.8966, 35.8341], [-76.9026, 35.8226], [-76.8933, 35.813], [-76.8765, 35.8133], [-76.8351, 35.8496], [-76.8325, 35.8625], [-76.8366, 35.8744], [-76.8284, 35.8863], [-76.802, 35.8808], [-76.781, 35.8639], [-76.7454, 35.8708], [-76.7315, 35.8876], [-76.72, 35.9173], [-76.7018, 35.9228], [-76.6919, 35.9448]]]}}, {"type": "Feature", "properties": {"osm_type": "relation", "osm_id": 137276947, "name": "Alleghany", "admin_level": "6", "kind": "subdivision_2", "parent_osm_id": 224045, "parent_name": "North Carolina", "parent_iso": "US-NC"}, "geometry": {"type": "Polygon", "coordinates": [[[-80.9672, 36.402], [-80.9472, 36.4191], [-80.9736, 36.4535], [-80.9269, 36.5013], [-80.9186, 36.5404], [-80.9017, 36.5618], [-81.3533, 36.5747], [-81.3532, 36.5461], [-81.3267, 36.5126], [-81.3148, 36.4878], [-81.2721, 36.4469], [-81.2626, 36.4187], [-81.2666, 36.4153], [-81.2628, 36.408], [-81.266, 36.403], [-81.2455, 36.391], [-81.2466, 36.3742], [-81.2533, 36.3667], [-81.2435, 36.3661], [-81.2202, 36.3776], [-81.1893, 36.3994], [-81.163, 36.4325], [-81.1382, 36.4125], [-81.1284, 36.4259], [-81.0951, 36.4408], [-81.0778, 36.4178], [-81.0443, 36.4111], [-81.0438, 36.3933], [-81.0267, 36.3732], [-80.9813, 36.3765], [-80.9672, 36.402]]]}}, {"type": "Feature", "properties": {"osm_type": "relation", "osm_id": 272083284, "name": "Lenoir", "admin_level": "6", "kind": "subdivision_2", "parent_osm_id": 224045, "parent_name": "North Carolina", "parent_iso": "US-NC"}, "geometry": {"type": "Polygon", "coordinates": [[[-77.4737, 35.229], [-77.4269, 35.256], [-77.4496, 35.2995], [-77.4311, 35.313], [-77.4314, 35.3297], [-77.4086, 35.3394], [-77.391, 35.3401], [-77.3917, 35.3454], [-77.4081, 35.3534], [-77.4262, 35.3495], [-77.4336, 35.3682], [-77.4482, 35.3715], [-77.4512, 35.394], [-77.4634, 35.3996], [-77.4755, 35.4267], [-77.4936, 35.4116], [-77.5207, 35.4172], [-77.5342, 35.3981], [-77.5893, 35.3738], [-77.607, 35.3795], [-77.6391, 35.3541], [-77.6785, 35.3474], [-77.6975, 35.3771], [-77.7777, 35.3677], [-77.8056, 35.3698], [-77.8242, 35.3438], [-77.8343, 35.1779], [-77.7692, 35.1456], [-77.7492, 35.099], [-77.746, 35.0223], [-77.731, 35.0081], [-77.6013, 35.0714], [-77.5075, 35.1728], [-77.5272, 35.243], [-77.4737, 35.229]]]}}, {"type": "Feature", "properties": {"osm_type": "relation", "osm_id": 157741817, "name": "Haywood", "admin_level": "6", "kind": "subdivision_2", "parent_osm_id": 224045, "parent_name": "North Carolina", "parent_iso": "US-NC"}, "geometry": {"type": "Polygon", "coordinates": [[[-82.9629, 35.7917], [-82.9958, 35.7731], [-83.0362, 35.7874], [-83.074, 35.79], [-83.1202, 35.7662], [-83.1592, 35.7649], [-83.1857, 35.7299], [-83.2145, 35.7244], [-83.2407, 35.7268], [-83.2513, 35.7199], [-83.2555, 35.7151], [-83.2556, 35.6961], [-83.2149, 35.6921], [-83.2077, 35.6816], [-83.182, 35.6713], [-83.2023, 35.6503], [-83.1759, 35.6275], [-83.176, 35.6125], [-83.1855, 35.5983], [-83.1821, 35.5845], [-83.167, 35.5787], [-83.1558, 35.5526], [-83.1716, 35.5377], [-83.1744, 35.5214], [-83.1863, 35.5144], [-83.1635, 35.509], [-83.1614, 35.4965], [-83.1374, 35.4888], [-83.1377, 35.4641], [-83.1092, 35.4641], [-83.0914, 35.4575], [-83.0903, 35.449], [-83.0795, 35.4476], [-83.0801, 35.4348], [-83.0563, 35.426], [-83.0442, 35.4147], [-83.0437, 35.3944], [-83.0248, 35.3802], [-83.0066, 35.3773], [-82.9904, 35.3676], [-82.9647, 35.3329], [-82.9647, 35.3153], [-82.9273, 35.3028], [-82.9209, 35.292], [-82.8761, 35.3146], [-82.8316, 35.3186], [-82.8051, 35.348], [-82.7745, 35.3933], [-82.7456, 35.4074], [-82.7451, 35.423], [-82.7817, 35.4395], [-82.7995, 35.4712], [-82.7659, 35.5408], [-82.7775, 35.5556], [-82.7659, 35.5676], [-82.7971, 35.5962], [-82.8131, 35.6279], [-82.8453, 35.6154], [-82.8536, 35.6368], [-82.8644, 35.6347], [-82.8771, 35.6665], [-82.888, 35.6727], [-82.8839, 35.6782], [-82.9011, 35.6849], [-82.8986, 35.7037], [-82.9104, 35.7162], [-82.9177, 35.7448], [-82.9479, 35.739], [-82.9571, 35.7467], [-82.9501, 35.7664], [-82.9629, 35.7917]]]}}, {"type": "Feature", "properties": {"osm_type": "relation", "osm_id": 341371056, "name": "Yadkin", "admin_level": "6", "kind": "subdivision_2", "parent_osm_id": 224045, "parent_name": "North Carolina", "parent_iso": "US-NC"}, "geometry": {"type": "Polygon", "coordinates": [[[-80.8816, 36.0557], [-80.4963, 36.0466], [-80.5085, 36.058], [-80.5158, 36.0926], [-80.5055, 36.1092], [-80.4544, 36.1221], [-80.4391, 36.14], [-80.4376, 36.1728], [-80.443, 36.179], [-80.4455, 36.2104], [-80.4327, 36.219], [-80.4374, 36.2298], [-80.4667, 36.2598], [-80.4825, 36.2561], [-80.5342, 36.2585], [-80.537, 36.28], [-80.548, 36.2854], [-80.5797, 36.2777], [-80.5933, 36.2699], [-80.6242, 36.2868], [-80.6285, 36.273], [-80.643, 36.2727], [-80.6477, 36.2573], [-80.6682, 36.2509], [-80.686, 36.2688], [-80.734, 36.2675], [-80.7418, 36.2778], [-80.7518, 36.2634], [-80.7696, 36.2751], [-80.783, 36.2534], [-80.8084, 36.2543], [-80.8732, 36.2363], [-80.8816, 36.0557]]]}}, {"type": "Feature", "properties": {"osm_type": "relation", "osm_id": 523795667, "name": "Gates", "admin_level": "6", "kind": "subdivision_2", "parent_osm_id": 224045, "parent_name": "North Carolina", "parent_iso": "US-NC"}, "geometry": {"type": "Polygon", "coordinates": [[[-76.9159, 36.5521], [-76.914, 36.5427], [-76.9215, 36.5385], [-76.904, 36.5214], [-76.9065, 36.5107], [-76.9194, 36.5054], [-76.9334, 36.4726], [-76.9506, 36.4708], [-76.9453, 36.4402], [-76.9463, 36.4138], [-76.9335, 36.4019], [-76.9079, 36.3907], [-76.8961, 36.3905], [-76.8214, 36.3641], [-76.7954, 36.3597], [-76.7795, 36.3625], [-76.7613, 36.3524], [-76.7353, 36.3241], [-76.6966, 36.2961], [-76.6756, 36.3013], [-76.67, 36.3152], [-76.6546, 36.3142], [-76.6543, 36.3106], [-76.6404, 36.3288], [-76.5941, 36.3248], [-76.5708, 36.3343], [-76.5571, 36.3549], [-76.4537, 36.3781], [-76.4914, 36.4687], [-76.4913, 36.5107], [-76.5415, 36.5503], [-76.9159, 36.5521]]]}}, {"type": "Feature", "properties": {"osm_type": "relation", "osm_id": 928455765, "name": "New Hanover", "admin_level": "6", "kind": "subdivision_2", "parent_osm_id": 224045, "parent_name": "North Carolina", "parent_iso": "US-NC"}, "geometry": {"type": "Polygon", "coordinates": [[[-78.0299, 34.3318], [-78.0275, 34.3197], [-78.0072, 34.3214], [-78.0171, 34.2928], [-77.9566, 34.2344], [-77.9613, 34.2049], [-77.9566, 34.1925], [-77.9584, 34.1831], [-77.9535, 34.1536], [-77.9369, 34.1228], [-77.9311, 34.0589], [-77.9418, 33.981], [-77.9485, 33.9713], [-77.9372, 33.9289], [-77.9155, 33.9717], [-77.8782, 34.068], [-77.8292, 34.1626], [-77.764, 34.2456], [-77.7159, 34.2927], [-77.7392, 34.2928], [-77.752, 34.3033], [-77.8151, 34.367], [-77.8107, 34.3819], [-77.823, 34.3894], [-77.8958, 34.3638], [-77.8994, 34.3752], [-77.9185, 34.3748], [-77.9288, 34.3616], [-77.9404, 34.37], [-77.9578, 34.3686], [-77.9622, 34.3829], [-77.9756, 34.3724], [-77.987, 34.3721], [-77.9784, 34.3589], [-77.9932, 34.3368], [-78.0299, 34.3318]]]}}, {"type": "Feature", "properties": {"osm_type": "relation", "osm_id": 501088389, "name": "Alamance", "admin_level": "6", "kind": "subdivision_2", "parent_osm_id": 224045, "parent_name": "North Carolina", "parent_iso": "US-NC"}, "geometry": {"type": "Polygon", "coordinates": [[[-79.5424, 35.8433], [-79.2373, 35.8443], [-79.249, 35.8653], [-79.2574, 35.9027], [-79.2682, 35.9092], [-79.2645, 35.9141], [-79.257, 36.2434], [-79.5319, 36.2497], [-79.5424, 35.8433]]]}}, {"type": "Feature", "properties": {"osm_type": "relation", "osm_id": 820411635, "name": "Ashe", "admin_level": "6", "kind": "subdivision_2", "parent_osm_id": 224045, "parent_name": "North Carolina", "parent_iso": "US-NC"}, "geometry": {"type": "Polygon", "coordinates": [[[-81.2533, 36.3667], [-81.2466, 36.3742], [-81.2455, 36.391], [-81.266, 36.403], [-81.2628, 36.408], [-81.2666, 36.4153], [-81.2626, 36.4187], [-81.2721, 36.4469], [-81.3148, 36.4878], [-81.3267, 36.5126], [-81.3532, 36.5461], [-81.3533, 36.5747], [-81.6775, 36.5881], [-81.677, 36.5707], [-81.6902, 36.5687], [-81.69, 36.5522], [-81.7, 36.5368], [-81.708, 36.5362], [-81.7076, 36.5261], [-81.6977, 36.5085], [-81.6953, 36.4679], [-81.7149, 36.4572], [-81.7152, 36.4365], [-81.7207, 36.4225], [-81.7383, 36.4108], [-81.7397, 36.4016], [-81.7305, 36.3904], [-81.6382, 36.3496], [-81.586, 36.2989], [-81.5664, 36.2722], [-81.5522, 36.2764], [-81.4775, 36.2403], [-81.4646, 36.2569], [-81.4427, 36.2599], [-81.4138, 36.2812], [-81.4141, 36.2947], [-81.3883, 36.2847], [-81.3664, 36.2937], [-81.3664, 36.3043], [-81.3615, 36.3086], [-81.3666, 36.3591], [-81.362, 36.3647], [-81.3219, 36.3732], [-81.3065, 36.3644], [-81.2912, 36.3644], [-81.282, 36.3546], [-81.2593, 36.3563], [-81.25, 36.3627], [-81.2533, 36.3667]]]}}, {"type": "Feature", "properties": {"osm_type": "relation", "osm_id": 429249993, "name": "Rockingham", "admin_level": "6", "kind": "subdivision_2", "parent_osm_id": 224045, "parent_name": "North Carolina", "parent_iso": "US-NC"}, "geometry": {"type": "Polygon", "coordinates": [[[-79.5324, 36.2415], [-79.5136, 36.5408], [-80.0273, 36.5425], [-80.0351, 36.2572], [-79.5324, 36.2415]]]}}, {"type": "Feature", "properties": {"osm_type": "relation", "osm_id": 553873456, "name": "Rowan", "admin_level": "6", "kind": "subdivision_2", "parent_osm_id": 224045, "parent_name": "North Carolina", "parent_iso": "US-NC"}, "geometry": {"type": "Polygon", "coordinates": [[[-80.1826, 35.5042], [-80.2098, 35.5523], [-80.2086, 35.5806], [-80.2311, 35.596], [-80.2504, 35.6194], [-80.2887, 35.6357], [-80.3083, 35.6669], [-80.3318, 35.6805], [-80.3291, 35.7147], [-80.3352, 35.7208], [-80.3731, 35.7166], [-80.4533, 35.7346], [-80.4778, 35.7744], [-80.5017, 35.7831], [-80.5077, 35.7748], [-80.5207, 35.7844], [-80.5341, 35.7863], [-80.5338, 35.7913], [-80.5435, 35.7927], [-80.5704, 35.8163], [-80.5841, 35.8223], [-80.5907, 35.8173], [-80.6311, 35.8453], [-80.6716, 35.8468], [-80.6685, 35.8555], [-80.6918, 35.8635], [-80.7078, 35.8529], [-80.7711, 35.6734], [-80.7436, 35.5596], [-80.7374, 35.5058], [-80.1826, 35.5042]]]}}, {"type": "Feature", "properties": {"osm_type": "relation", "osm_id": 976934106, "name": "Cabarrus", "admin_level": "6", "kind": "subdivision_2", "parent_osm_id": 224045, "parent_name": "North Carolina", "parent_iso": "US-NC"}, "geometry": {"type": "Polygon", "coordinates": [[[-80.2954, 35.5029], [-80.7843, 35.5058], [-80.7869, 35.4932], [-80.7522, 35.4141], [-80.7643, 35.4002], [-80.7444, 35.3807], [-80.6937, 35.3467], [-80.6672, 35.269], [-80.505, 35.185], [-80.5062, 35.1925], [-80.4844, 35.2164], [-80.2954, 35.5029]]]}}, {"type": "Feature", "properties": {"osm_type": "relation", "osm_id": 296600528, "name": "Wilson", "admin_level": "6", "kind": "subdivision_2", "parent_osm_id": 224045, "parent_name": "North Carolina", "parent_iso": "US-NC"}, "geometry": {"type": "Polygon", "coordinates": [[[-77.8284, 35.8672], [-77.8447, 35.8376], [-77.8739, 35.8497], [-78.1471, 35.7458], [-78.182, 35.738], [-78.1921, 35.7306], [-78.1613, 35.7129], [-78.1613, 35.6982], [-78.1245, 35.6028], [-78.0648, 35.5853], [-78.058, 35.5978], [-77.9984, 35.5856], [-77.8063, 35.5834], [-77.6651, 35.6749], [-77.6748, 35.6891], [-77.7184, 35.7288], [-77.7513, 35.8278], [-77.8284, 35.8672]]]}}, {"type": "Feature", "properties": {"osm_type": "relation", "osm_id": 418045567, "name": "Sampson", "admin_level": "6", "kind": "subdivision_2", "parent_osm_id": 224045, "parent_name": "North Carolina", "parent_iso": "US-NC"}, "geometry": {"type": "Polygon", "coordinates": [[[-78.4947, 34.8562], [-78.4935, 34.843], [-78.4498, 34.8135], [-78.4369, 34.7842], [-78.4204, 34.7659], [-78.4097, 34.765], [-78.3988, 34.7501], [-78.3908, 34.7495], [-78.3919, 34.7296], [-78.3696, 34.7002], [-78.3744, 34.7007], [-78.3667, 34.6931], [-78.3467, 34.6902], [-78.3387, 34.6749], [-78.3235, 34.6657], [-78.3246, 34.6497], [-78.3127, 34.6436], [-78.314, 34.6331], [-78.3032, 34.6005], [-78.2659, 34.5836], [-78.2517, 34.562], [-78.2544, 34.5536], [-78.1565, 34.6791], [-78.1135, 34.7072], [-78.114, 34.7218], [-78.1352, 34.7102], [-78.1986, 34.7416], [-78.1471, 34.9025], [-78.1598, 35.0798], [-78.1718, 35.0935], [-78.163, 35.1373], [-78.1618, 35.2043], [-78.2464, 35.2262], [-78.3066, 35.2876], [-78.3977, 35.263], [-78.4117, 35.2547], [-78.4919, 35.2633], [-78.5384, 35.3164], [-78.5835, 35.2968], [-78.5846, 35.2733], [-78.6171, 35.2456], [-78.6171, 35.2283], [-78.6314, 35.2134], [-78.6244, 35.204], [-78.6464, 35.1967], [-78.6357, 35.1917], [-78.6388, 35.1821], [-78.6295, 35.1712], [-78.6387, 35.1659], [-78.6347, 35.1401], [-78.6525, 35.121], [-78.6395, 35.1158], [-78.6707, 35.0925], [-78.6723, 35.0853], [-78.663, 35.078], [-78.6584, 35.042], [-78.645, 35.0084], [-78.647, 34.9923], [-78.6149, 34.9628], [-78.5728, 34.9375], [-78.5578, 34.9154], [-78.5461, 34.9159], [-78.5475, 34.9024], [-78.5127, 34.8806], [-78.5131, 34.8691], [-78.4947, 34.8562]]]}}, {"type": "Feature", "properties": {"osm_type": "relation", "osm_id": 148047436, "name": "Caldwell", "admin_level": "6", "kind": "subdivision_2", "parent_osm_id": 224045, "parent_name": "North Carolina", "parent_iso": "US-NC"}, "geometry": {"type": "Polygon", "coordinates": [[[-81.3343, 35.7963], [-81.344, 35.8242], [-81.3334, 35.8792], [-81.3429, 35.9234], [-81.3283, 35.9966], [-81.3447, 36.0249], [-81.3806, 36.0421], [-81.3961, 36.0407], [-81.3895, 36.0501], [-81.4026, 36.0657], [-81.4241, 36.0778], [-81.4448, 36.0721], [-81.4588, 36.0914], [-81.5162, 36.0974], [-81.5455, 36.1175], [-81.6595, 36.1184], [-81.6749, 36.1226], [-81.8105, 36.1115], [-81.7611, 36.0901], [-81.7543, 36.0731], [-81.7357, 36.0676], [-81.8072, 35.962], [-81.8048, 35.955], [-81.7777, 35.9474], [-81.7761, 35.927], [-81.7587, 35.9285], [-81.7098, 35.875], [-81.6392, 35.8484], [-81.6301, 35.8304], [-81.6104, 35.8196], [-81.6008, 35.8251], [-81.556, 35.7775], [-81.4442, 35.7843], [-81.4406, 35.7734], [-81.4265, 35.772], [-81.3992, 35.7586], [-81.3775, 35.7575], [-81.3343, 35.7963]]]}}, {"type": "Feature", "properties": {"osm_type": "relation", "osm_id": 507922366, "name": "Wayne", "admin_level": "6", "kind": "subdivision_2", "parent_osm_id": 224045, "parent_name": "North Carolina", "parent_iso": "US-NC"}, "geometry": {"type": "Polygon", "coordinates": [[[-77.8056, 35.3698], [-77.8, 35.3828], [-77.8055, 35.4075], [-77.8267, 35.4241], [-77.8225, 35.5854], [-77.9984, 35.5856], [-78.058, 35.5978], [-78.1549, 35.4178], [-78.1537, 35.392], [-78.1442, 35.3869], [-78.1624, 35.3672], [-78.1532, 35.3507], [-78.2165, 35.3393], [-78.2159, 35.3345], [-78.2421, 35.32], [-78.2568, 35.3256], [-78.2771, 35.3151], [-78.2897, 35.3151], [-78.3066, 35.2876], [-78.2464, 35.2262], [-78.1618, 35.2043], [-78.1634, 35.1897], [-78.0774, 35.1751], [-78.0578, 35.1855], [-78.0204, 35.1939], [-77.9843, 35.1839], [-77.9606, 35.1654], [-77.9322, 35.1726], [-77.9109, 35.164], [-77.8922, 35.1463], [-77.8837, 35.1624], [-77.8343, 35.1779], [-77.8242, 35.3438], [-77.8056, 35.3698]]]}}, {"type": "Feature", "properties": {"osm_type": "relation", "osm_id": 837321596, "name": "Brunswick", "admin_level": "6", "kind": "subdivision_2", "parent_osm_id": 224045, "parent_name": "North Carolina", "parent_iso": "US-NC"}, "geometry": {"type": "Polygon", "coordinates": [[[-78.1624, 34.357], [-78.2545, 34.2163], [-78.3743, 34.2049], [-78.3668, 34.1888], [-78.394, 34.1716], [-78.4275, 34.1398], [-78.5092, 34.1689], [-78.5246, 34.1541], [-78.5452, 34.1458], [-78.5393, 34.1275], [-78.5494, 34.125], [-78.5602, 34.0921], [-78.558, 34.0602], [-78.5824, 34.0485], [-78.5789, 34.0385], [-78.6407, 34.0099], [-78.6268, 33.9809], [-78.6484, 33.9655], [-78.6423, 33.9585], [-78.6504, 33.9443], [-78.5411, 33.8511], [-78.509, 33.8655], [-78.384, 33.902], [-78.2761, 33.9124], [-78.1777, 33.9143], [-78.0954, 33.906], [-78.0187, 33.8883], [-78.0068, 33.8587], [-77.9706, 33.8445], [-77.9602, 33.8533], [-77.9466, 33.9123], [-77.9372, 33.9289], [-77.9485, 33.9713], [-77.9418, 33.981], [-77.9311, 34.0589], [-77.9369, 34.1228], [-77.9535, 34.1536], [-77.9584, 34.1831], [-77.9566, 34.1925], [-77.9613, 34.2049], [-77.9566, 34.2344], [-78.0171, 34.2928], [-78.0072, 34.3214], [-78.0275, 34.3197], [-78.0299, 34.3318], [-78.0785, 34.3402], [-78.0928, 34.3524], [-78.1373, 34.3717], [-78.1624, 34.357]]]}}, {"type": "Feature", "properties": {"osm_type": "relation", "osm_id": 808590590, "name": "Tyrrell", "admin_level": "6", "kind": "subdivision_2", "parent_osm_id": 224045, "parent_name": "North Carolina", "parent_iso": "US-NC"}, "geometry": {"type": "Polygon", "coordinates": [[[-76.406, 35.6976], [-76.2692, 35.6908], [-76.2979, 35.6089], [-76.2153, 35.5982], [-76.1958, 35.6201], [-76.1988, 35.634], [-76.1926, 35.6464], [-76.1778, 35.6556], [-76.1818, 35.6655], [-76.1699, 35.6738], [-76.1759, 35.6907], [-76.1701, 35.6984], [-76.1447, 35.7025], [-76.1319, 35.6922], [-76.1183, 35.6919], [-76.1207, 35.6833], [-76.0926, 35.6698], [-76.0611, 35.6752], [-76.0444, 35.6651], [-76.0364, 35.6904], [-76.0468, 35.7179], [-76.0505, 35.8067], [-76.0632, 35.8534], [-76.0144, 35.9208], [-76.02, 35.934], [-76.0147, 35.9604], [-76.0242, 35.9709], [-76.0621, 35.993], [-76.0831, 35.9899], [-76.1766, 35.9933], [-76.2724, 35.9727], [-76.3177, 35.9469], [-76.3652, 35.9447], [-76.3677, 35.93], [-76.38, 35.9147], [-76.3696, 35.8832], [-76.3536, 35.8613], [-76.4056, 35.7863], [-76.406, 35.6976]]]}}, {"type": "Feature", "properties": {"osm_type": "relation", "osm_id": 401260975, "name": "Duplin", "admin_level": "6", "kind": "subdivision_2", "parent_osm_id": 224045, "parent_name": "North Carolina", "parent_iso": "US-NC"}, "geometry": {"type": "Polygon", "coordinates": [[[-77.731, 35.0081], [-77.746, 35.0223], [-77.7492, 35.099], [-77.7692, 35.1456], [-77.8343, 35.1779], [-77.8837, 35.1624], [-77.8922, 35.1463], [-77.9109, 35.164], [-77.9322, 35.1726], [-77.9606, 35.1654], [-77.9843, 35.1839], [-78.0204, 35.1939], [-78.0578, 35.1855], [-78.0774, 35.1751], [-78.1634, 35.1897], [-78.163, 35.1373], [-78.1718, 35.0935], [-78.1598, 35.0798], [-78.1471, 34.9025], [-78.1986, 34.7416], [-78.1352, 34.7102], [-78.114, 34.7218], [-78.0662, 34.7279], [-78.031, 34.725], [-78.0127, 34.7326], [-77.9923, 34.7162], [-77.9747, 34.7145], [-77.9561, 34.7153], [-77.938, 34.7232], [-77.9215, 34.7198], [-77.6801, 34.7206], [-77.6771, 34.7996], [-77.651, 34.9233], [-77.6534, 34.9405], [-77.6748, 34.9739], [-77.731, 35.0081]]]}}, {"type": "Feature", "properties": {"osm_type": "relation", "osm_id": 200559316, "name": "Swain", "admin_level": "6", "kind": "subdivision_2", "parent_osm_id": 224045, "parent_name": "North Carolina", "parent_iso": "US-NC"}, "geometry": {"type": "Polygon", "coordinates": [[[-83.2556, 35.6961], [-83.2714, 35.6815], [-83.2892, 35.6745], [-83.2972, 35.6578], [-83.3128, 35.6548], [-83.3211, 35.6628], [-83.335, 35.6655], [-83.3516, 35.6599], [-83.3669, 35.6387], [-83.3887, 35.6336], [-83.3966, 35.6227], [-83.4216, 35.6112], [-83.4458, 35.6118], [-83.4557, 35.5981], [-83.4791, 35.5833], [-83.4855, 35.5682], [-83.4983, 35.563], [-83.5661, 35.566], [-83.5856, 35.5629], [-83.5943, 35.5729], [-83.6089, 35.5795], [-83.6405, 35.5661], [-83.6763, 35.5703], [-83.7072, 35.5685], [-83.7235, 35.5619], [-83.7357, 35.5655], [-83.7717, 35.5621], [-83.7801, 35.5504], [-83.8024, 35.5416], [-83.8256, 35.5238], [-83.8801, 35.5188], [-83.9014, 35.4966], [-83.9118, 35.476], [-83.937, 35.4715], [-83.9529, 35.4606], [-83.9394, 35.4486], [-83.9277, 35.4507], [-83.9141, 35.4651], [-83.8738, 35.4604], [-83.8646, 35.4483], [-83.8449, 35.4531], [-83.8067, 35.4448], [-83.8036, 35.4551], [-83.7745, 35.4435], [-83.7572, 35.4417], [-83.7319, 35.4472], [-83.6579, 35.4323], [-83.645, 35.432], [-83.6435, 35.4432], [-83.6187, 35.4361], [-83.6108, 35.4271], [-83.5858, 35.4348], [-83.5826, 35.4105], [-83.5976, 35.3714], [-83.6213, 35.3451], [-83.6605, 35.3356], [-83.6907, 35.317], [-83.6953, 35.2975], [-83.6801, 35.2795], [-83.5118, 35.298], [-83.4867, 35.3054], [-83.4714, 35.2974], [-83.4325, 35.3252], [-83.4108, 35.3166], [-83.3996, 35.3278], [-83.3642, 35.326], [-83.3396, 35.331], [-83.3315, 35.3543], [-83.3411, 35.3974], [-83.3607, 35.4118], [-83.3637, 35.4267], [-83.3517, 35.4681], [-83.3356, 35.4747], [-83.3183, 35.4653], [-83.3089, 35.4793], [-83.2853, 35.4889], [-83.2815, 35.499], [-83.2361, 35.5246], [-83.2163, 35.526], [-83.2106, 35.5193], [-83.1863, 35.5144], [-83.1744, 35.5214], [-83.1716, 35.5377], [-83.1558, 35.5526], [-83.167, 35.5787], [-83.1821, 35.5845], [-83.1855, 35.5983], [-83.176, 35.6125], [-83.1759, 35.6275], [-83.2023, 35.6503], [-83.182, 35.6713], [-83.2077, 35.6816], [-83.2149, 35.6921], [-83.2556, 35.6961]]]}}, {"type": "Feature", "properties": {"osm_type": "relation", "osm_id": 835061213, "name": "Avery", "admin_level": "6", "kind": "subdivision_2", "parent_osm_id": 224045, "parent_name": "North Carolina", "parent_iso": "US-NC"}, "geometry": {"type": "Polygon", "coordinates": [[[-82.0809, 36.1058], [-82.0687, 36.0653], [-82.0392, 36.0078], [-82.0493, 36.0079], [-82.0588, 35.9872], [-82.0341, 35.9421], [-81.982, 35.9114], [-81.9546, 35.9267], [-81.963, 35.9418], [-81.8999, 35.9999], [-81.8781, 35.9868], [-81.873, 35.9776], [-81.8445, 35.975], [-81.8072, 35.962], [-81.7357, 36.0676], [-81.7543, 36.0731], [-81.7611, 36.0901], [-81.8105, 36.1115], [-81.8298, 36.1693], [-81.8357, 36.1685], [-81.8572, 36.1937], [-81.8854, 36.1895], [-81.9038, 36.2082], [-81.911, 36.2285], [-81.897, 36.243], [-81.8978, 36.2775], [-81.9181, 36.2871], [-82.0287, 36.1243], [-82.0331, 36.1204], [-82.0541, 36.1268], [-82.0613, 36.1131], [-82.0809, 36.1058]]]}}, {"type": "Feature", "properties": {"osm_type": "relation", "osm_id": 462949735, "name": "Camden", "admin_level": "6", "kind": "subdivision_2", "parent_osm_id": 224045, "parent_name": "North Carolina", "parent_iso": "US-NC"}, "geometry": {"type": "Polygon", "coordinates": [[[-76.5415, 36.5503], [-76.4373, 36.4679], [-76.4107, 36.4563], [-76.3948, 36.4546], [-76.3674, 36.4394], [-76.3674, 36.4312], [-76.3474, 36.4282], [-76.3456, 36.4214], [-76.3206, 36.4263], [-76.3231, 36.4174], [-76.2915, 36.3866], [-76.2589, 36.3843], [-76.2547, 36.3628], [-76.2382, 36.3716], [-76.2251, 36.3464], [-76.2142, 36.3416], [-76.2136, 36.3269], [-76.1922, 36.3281], [-76.1815, 36.3224], [-76.1984, 36.3178], [-76.2021, 36.3047], [-76.2175, 36.2994], [-76.186, 36.2929], [-76.1847, 36.2982], [-76.132, 36.2878], [-76.0815, 36.2379], [-76.0543, 36.2292], [-76.0438, 36.2101], [-76.0291, 36.202], [-76.017, 36.1864], [-75.939, 36.1655], [-75.905, 36.1642], [-75.9364, 36.1809], [-75.956, 36.1981], [-75.9454, 36.2225], [-75.9571, 36.2479], [-75.9646, 36.2544], [-75.9594, 36.2557], [-75.9611, 36.2682], [-75.9491, 36.2739], [-75.9484, 36.2853], [-75.9649, 36.2885], [-75.9696, 36.3063], [-75.9945, 36.3088], [-76.0079, 36.3287], [-76.0206, 36.3334], [-76.0167, 36.3443], [-76.0308, 36.3385], [-76.0286, 36.3488], [-76.0508, 36.3598], [-76.0637, 36.3475], [-76.0759, 36.3467], [-76.1146, 36.3578], [-76.1218, 36.3711], [-76.1575, 36.3982], [-76.1585, 36.4253], [-76.3133, 36.5506], [-76.5415, 36.5503]]]}}, {"type": "Feature", "properties": {"osm_type": "relation", "osm_id": 841068093, "name": "Hertford", "admin_level": "6", "kind": "subdivision_2", "parent_osm_id": 224045, "parent_name": "North Carolina", "parent_iso": "US-NC"}, "geometry": {"type": "Polygon", "coordinates": [[[-76.7202, 36.2438], [-76.6916, 36.2773], [-76.6966, 36.2961], [-76.7353, 36.3241], [-76.7613, 36.3524], [-76.7795, 36.3625], [-76.7954, 36.3597], [-76.8214, 36.3641], [-76.8961, 36.3905], [-76.9079, 36.3907], [-76.9335, 36.4019], [-76.9463, 36.4138], [-76.9453, 36.4402], [-76.9506, 36.4708], [-76.9334, 36.4726], [-76.9194, 36.5054], [-76.9065, 36.5107], [-76.904, 36.5214], [-76.9215, 36.5385], [-76.914, 36.5427], [-77.1644, 36.5463], [-77.1487, 36.5341], [-77.1479, 36.525], [-77.0932, 36.5182], [-77.0825, 36.5115], [-77.0854, 36.5], [-77.0742, 36.4994], [-77.0664, 36.4829], [-77.0915, 36.4718], [-77.0999, 36.4791], [-77.123, 36.4712], [-77.1372, 36.4554], [-77.1314, 36.4378], [-77.2085, 36.2466], [-77.0084, 36.2391], [-76.9862, 36.2421], [-76.9714, 36.2381], [-76.9034, 36.243], [-76.7202, 36.2438]]]}}, {"type": "Feature", "properties": {"osm_type": "relation", "osm_id": 551261080, "name": "Jackson", "admin_level": "6", "kind": "subdivision_2", "parent_osm_id": 224045, "parent_name": "North Carolina", "parent_iso": "US-NC"}, "geometry": {"type": "Polygon", "coordinates": [[[-83.0087, 35.0276], [-83.0325, 35.0377], [-83.0392, 35.0481], [-83.0569, 35.0538], [-83.0449, 35.0771], [-82.9832, 35.1319], [-82.9809, 35.1484], [-82.9948, 35.1535], [-82.9966, 35.1636], [-82.9812, 35.1676], [-82.9869, 35.1876], [-82.9688, 35.1946], [-82.9599, 35.2152], [-82.9359, 35.2249], [-82.9272, 35.2373], [-82.9192, 35.2711], [-82.9209, 35.292], [-82.9273, 35.3028], [-82.9647, 35.3153], [-82.9647, 35.3329], [-82.9904, 35.3676], [-83.0066, 35.3773], [-83.0248, 35.3802], [-83.0437, 35.3944], [-83.0442, 35.4147], [-83.0563, 35.426], [-83.0801, 35.4348], [-83.0795, 35.4476], [-83.0903, 35.449], [-83.0914, 35.4575], [-83.1092, 35.4641], [-83.1377, 35.4641], [-83.1374, 35.4888], [-83.1614, 35.4965], [-83.1635, 35.509], [-83.2106, 35.5193], [-83.2163, 35.526], [-83.2361, 35.5246], [-83.2815, 35.499], [-83.2853, 35.4889], [-83.3089, 35.4793], [-83.3183, 35.4653], [-83.3356, 35.4747], [-83.3517, 35.4681], [-83.3637, 35.4267], [-83.3607, 35.4118], [-83.3411, 35.3974], [-83.3315, 35.3543], [-83.3396, 35.331], [-83.3319, 35.316], [-83.3211, 35.3119], [-83.3226, 35.3015], [-83.312, 35.2816], [-83.3159, 35.2648], [-83.2985, 35.2558], [-83.2912, 35.2338], [-83.277, 35.2281], [-83.2452, 35.2315], [-83.2413, 35.2389], [-83.2243, 35.2387], [-83.2166, 35.2227], [-83.2186, 35.1933], [-83.2245, 35.1876], [-83.2238, 35.1574], [-83.1871, 35.134], [-83.1776, 35.1089], [-83.1477, 35.0938], [-83.1435, 35.0779], [-83.1579, 35.0781], [-83.1723, 35.0687], [-83.1673, 35.0582], [-83.1485, 35.0539], [-83.1086, 35.0007], [-83.0087, 35.0276]]]}}, {"type": "Feature", "properties": {"osm_type": "relation", "osm_id": 544162417, "name": "Rutherford", "admin_level": "6", "kind": "subdivision_2", "parent_osm_id": 224045, "parent_name": "North Carolina", "parent_iso": "US-NC"}, "geometry": {"type": "Polygon", "coordinates": [[[-82.2613, 35.3932], [-82.2391, 35.4026], [-82.2268, 35.3955], [-82.2046, 35.4036], [-82.1852, 35.3966], [-82.1717, 35.4088], [-82.1531, 35.4081], [-82.1292, 35.3969], [-82.0797, 35.353], [-82.0771, 35.342], [-82.0569, 35.337], [-82.0295, 35.3015], [-82.0012, 35.283], [-81.9957, 35.2706], [-81.9688, 35.2578], [-81.9639, 35.2495], [-81.9628, 35.2269], [-81.9709, 35.2116], [-81.9693, 35.1872], [-81.7681, 35.1804], [-81.7595, 35.2227], [-81.7029, 35.3573], [-81.692, 35.58], [-81.7053, 35.5811], [-81.72, 35.606], [-81.7372, 35.602], [-81.7534, 35.6136], [-81.7722, 35.5926], [-81.8223, 35.5804], [-81.8425, 35.5423], [-81.905, 35.5419], [-81.9676, 35.526], [-82.0028, 35.5519], [-82.0398, 35.5327], [-82.0958, 35.5317], [-82.1505, 35.518], [-82.1691, 35.5278], [-82.2329, 35.5195], [-82.2243, 35.4983], [-82.2524, 35.4612], [-82.2658, 35.4678], [-82.2806, 35.4431], [-82.2702, 35.4006], [-82.2613, 35.3932]]]}}, {"type": "Feature", "properties": {"osm_type": "relation", "osm_id": 871277211, "name": "Stokes", "admin_level": "6", "kind": "subdivision_2", "parent_osm_id": 224045, "parent_name": "North Carolina", "parent_iso": "US-NC"}, "geometry": {"type": "Polygon", "coordinates": [[[-80.0351, 36.2572], [-80.0273, 36.5425], [-80.2952, 36.544], [-80.4401, 36.5506], [-80.4517, 36.2615], [-80.0351, 36.2572]]]}}, {"type": "Feature", "properties": {"osm_type": "relation", "osm_id": 446272978, "name": "Burke", "admin_level": "6", "kind": "subdivision_2", "parent_osm_id": 224045, "parent_name": "North Carolina", "parent_iso": "US-NC"}, "geometry": {"type": "Polygon", "coordinates": [[[-81.3638, 35.7678], [-81.3775, 35.7575], [-81.3992, 35.7586], [-81.4265, 35.772], [-81.4406, 35.7734], [-81.4442, 35.7843], [-81.556, 35.7775], [-81.6008, 35.8251], [-81.6104, 35.8196], [-81.6301, 35.8304], [-81.6392, 35.8484], [-81.7098, 35.875], [-81.7587, 35.9285], [-81.7761, 35.927], [-81.7777, 35.9474], [-81.7953, 35.9498], [-81.8048, 35.955], [-81.8072, 35.962], [-81.8445, 35.975], [-81.873, 35.9776], [-81.8781, 35.9868], [-81.8999, 35.9999], [-81.944, 35.9593], [-81.9342, 35.9503], [-81.9285, 35.9315], [-81.9103, 35.9056], [-81.9067, 35.8834], [-81.925, 35.8431], [-81.9397, 35.8377], [-81.9514, 35.8231], [-81.9728, 35.8213], [-81.9869, 35.8069], [-81.8694, 35.7196], [-81.8241, 35.575], [-81.8223, 35.5804], [-81.7722, 35.5926], [-81.7534, 35.6136], [-81.7372, 35.602], [-81.72, 35.606], [-81.7053, 35.5811], [-81.692, 35.58], [-81.6911, 35.5846], [-81.6742, 35.5688], [-81.649, 35.5616], [-81.5977, 35.5713], [-81.5668, 35.5585], [-81.5376, 35.5642], [-81.5068, 35.608], [-81.4329, 35.6779], [-81.3638, 35.7678]]]}}, {"type": "Feature", "properties": {"osm_type": "relation", "osm_id": 844401571, "name": "Polk", "admin_level": "6", "kind": "subdivision_2", "parent_osm_id": 224045, "parent_name": "North Carolina", "parent_iso": "US-NC"}, "geometry": {"type": "Polygon", "coordinates": [[[-82.2159, 35.196], [-81.9693, 35.1872], [-81.9709, 35.2116], [-81.9628, 35.2269], [-81.9639, 35.2495], [-81.9688, 35.2578], [-81.9957, 35.2706], [-82.0012, 35.283], [-82.0295, 35.3015], [-82.0569, 35.337], [-82.0771, 35.342], [-82.0797, 35.353], [-82.1292, 35.3969], [-82.1531, 35.4081], [-82.1717, 35.4088], [-82.1852, 35.3966], [-82.2046, 35.4036], [-82.2268, 35.3955], [-82.2391, 35.4026], [-82.2613, 35.3932], [-82.3053, 35.3326], [-82.3104, 35.3147], [-82.3277, 35.3089], [-82.3469, 35.2797], [-82.3495, 35.2463], [-82.3592, 35.2445], [-82.3512, 35.2254], [-82.3537, 35.1922], [-82.333, 35.1907], [-82.3234, 35.1848], [-82.2825, 35.1999], [-82.2159, 35.196]]]}}, {"type": "Feature", "properties": {"osm_type": "relation", "osm_id": 556742969, "name": "Pasquotank", "admin_level": "6", "kind": "subdivision_2", "parent_osm_id": 224045, "parent_name": "North Carolina", "parent_iso": "US-NC"}, "geometry": {"type": "Polygon", "coordinates": [[[-76.4537, 36.3781], [-76.4476, 36.3637], [-76.3919, 36.2875], [-76.3766, 36.2753], [-76.3749, 36.2587], [-76.3475, 36.2498], [-76.3373, 36.2408], [-76.3172, 36.2402], [-76.3033, 36.2217], [-76.2907, 36.2235], [-76.2733, 36.1891], [-76.2541, 36.1842], [-76.2069, 36.1375], [-76.1789, 36.1234], [-76.0717, 36.1402], [-76.0593, 36.1493], [-76.0801, 36.1994], [-76.1159, 36.2142], [-76.1495, 36.2639], [-76.1714, 36.2658], [-76.1887, 36.2812], [-76.186, 36.2929], [-76.2175, 36.2994], [-76.2021, 36.3047], [-76.1984, 36.3178], [-76.1815, 36.3224], [-76.1922, 36.3281], [-76.2136, 36.3269], [-76.2142, 36.3416], [-76.2251, 36.3464], [-76.2382, 36.3716], [-76.2547, 36.3628], [-76.2589, 36.3843], [-76.2915, 36.3866], [-76.3231, 36.4174], [-76.3206, 36.4263], [-76.3456, 36.4214], [-76.3474, 36.4282], [-76.3674, 36.4312], [-76.3674, 36.4394], [-76.3948, 36.4546], [-76.4107, 36.4563], [-76.4373, 36.4679], [-76.4913, 36.5107], [-76.4914, 36.4687], [-76.4537, 36.3781]]]}}, {"type": "Feature", "properties": {"osm_type": "relation", "osm_id": 549770195, "name": "McDowell", "admin_level": "6", "kind": "subdivision_2", "parent_osm_id": 224045, "parent_name": "North Carolina", "parent_iso": "US-NC"}, "geometry": {"type": "Polygon", "coordinates": [[[-81.982, 35.9114], [-81.9802, 35.8851], [-81.9994, 35.874], [-82.0136, 35.8852], [-82.048, 35.8532], [-82.0737, 35.8483], [-82.0994, 35.8517], [-82.1206, 35.825], [-82.1335, 35.8233], [-82.1679, 35.7891], [-82.1643, 35.7711], [-82.1934, 35.7353], [-82.2428, 35.7125], [-82.2578, 35.6989], [-82.2754, 35.7044], [-82.2887, 35.6963], [-82.2937, 35.6868], [-82.2806, 35.6672], [-82.2867, 35.6531], [-82.2649, 35.614], [-82.2804, 35.6088], [-82.2918, 35.5951], [-82.2513, 35.5599], [-82.22, 35.5531], [-82.1505, 35.518], [-82.0958, 35.5317], [-82.0398, 35.5327], [-82.0028, 35.5519], [-81.9676, 35.526], [-81.905, 35.5419], [-81.8425, 35.5423], [-81.8241, 35.575], [-81.8694, 35.7196], [-81.9869, 35.8069], [-81.9728, 35.8213], [-81.9514, 35.8231], [-81.9397, 35.8377], [-81.925, 35.8431], [-81.9067, 35.8834], [-81.9103, 35.9056], [-81.9285, 35.9315], [-81.9342, 35.9503], [-81.944, 35.9593], [-81.963, 35.9418], [-81.9546, 35.9267], [-81.982, 35.9114]]]}}, {"type": "Feature", "properties": {"osm_type": "relation", "osm_id": 134035298, "name": "Harnett", "admin_level": "6", "kind": "subdivision_2", "parent_osm_id": 224045, "parent_name": "North Carolina", "parent_iso": "US-NC"}, "geometry": {"type": "Polygon", "coordinates": [[[-78.6171, 35.2456], [-78.5846, 35.2733], [-78.5835, 35.2968], [-78.5384, 35.3164], [-78.5299, 35.3349], [-78.5677, 35.3677], [-78.5739, 35.3882], [-78.5951, 35.402], [-78.6275, 35.4585], [-78.6496, 35.4714], [-78.6621, 35.4963], [-78.6755, 35.4964], [-78.6895, 35.5159], [-78.9147, 35.5837], [-78.9696, 35.5217], [-79.223, 35.2681], [-79.1938, 35.2502], [-79.1651, 35.2409], [-79.1521, 35.2145], [-79.0958, 35.1921], [-78.998, 35.2141], [-78.978, 35.2119], [-78.8784, 35.2316], [-78.8761, 35.2415], [-78.8593, 35.2427], [-78.8472, 35.253], [-78.8249, 35.2597], [-78.8048, 35.2572], [-78.7943, 35.2661], [-78.7819, 35.2609], [-78.7256, 35.2669], [-78.7185, 35.2597], [-78.6171, 35.2456]]]}}, {"type": "Feature", "properties": {"osm_type": "relation", "osm_id": 281587868, "name": "Macon", "admin_level": "6", "kind": "subdivision_2", "parent_osm_id": 224045, "parent_name": "North Carolina", "parent_iso": "US-NC"}, "geometry": {"type": "Polygon", "coordinates": [[[-83.6801, 35.2795], [-83.7028, 35.2485], [-83.6917, 35.2428], [-83.6968, 35.2254], [-83.7284, 35.1999], [-83.7113, 35.1957], [-83.7315, 35.1786], [-83.7381, 35.156], [-83.7268, 35.1453], [-83.7144, 35.1553], [-83.6992, 35.1526], [-83.6844, 35.1578], [-83.6662, 35.15], [-83.6598, 35.1603], [-83.6418, 35.1392], [-83.6357, 35.1216], [-83.6191, 35.1284], [-83.6179, 35.106], [-83.5866, 35.0916], [-83.5851, 35.0819], [-83.5622, 35.0594], [-83.5667, 35.0516], [-83.5574, 35.0386], [-83.543, 35.0384], [-83.5213, 35.0183], [-83.527, 35.0093], [-83.5191, 34.9966], [-83.5106, 35.0052], [-83.483, 34.9935], [-83.1086, 35.0007], [-83.1485, 35.0539], [-83.1673, 35.0582], [-83.1723, 35.0687], [-83.1579, 35.0781], [-83.1435, 35.0779], [-83.1477, 35.0938], [-83.1776, 35.1089], [-83.1871, 35.134], [-83.2238, 35.1574], [-83.2245, 35.1876], [-83.2186, 35.1933], [-83.2166, 35.2227], [-83.2243, 35.2387], [-83.2413, 35.2389], [-83.2452, 35.2315], [-83.277, 35.2281], [-83.2912, 35.2338], [-83.2985, 35.2558], [-83.3159, 35.2648], [-83.312, 35.2816], [-83.3226, 35.3015], [-83.3211, 35.3119], [-83.3319, 35.316], [-83.3396, 35.331], [-83.3642, 35.326], [-83.3996, 35.3278], [-83.4108, 35.3166], [-83.4325, 35.3252], [-83.4714, 35.2974], [-83.4867, 35.3054], [-83.5118, 35.298], [-83.6801, 35.2795]]]}}, {"type": "Feature", "properties": {"osm_type": "relation", "osm_id": 649823309, "name": "Graham", "admin_level": "6", "kind": "subdivision_2", "parent_osm_id": 224045, "parent_name": "North Carolina", "parent_iso": "US-NC"}, "geometry": {"type": "Polygon", "coordinates": [[[-83.9529, 35.4606], [-83.9611, 35.4638], [-83.9652, 35.4554], [-83.9714, 35.4552], [-83.9731, 35.4489], [-83.9926, 35.4381], [-84.0023, 35.4226], [-84.0206, 35.4098], [-84.0188, 35.3998], [-84.0082, 35.3904], [-84.0112, 35.3844], [-84.0076, 35.3717], [-84.0235, 35.3542], [-84.0381, 35.3484], [-84.0294, 35.3332], [-84.0357, 35.3129], [-84.0214, 35.3014], [-84.0291, 35.2922], [-84.0098, 35.2732], [-84.0102, 35.2559], [-84.0009, 35.2496], [-84.0011, 35.2333], [-83.9685, 35.2181], [-83.9462, 35.2198], [-83.9036, 35.2353], [-83.8933, 35.2332], [-83.8737, 35.2441], [-83.8314, 35.2561], [-83.8228, 35.2503], [-83.7952, 35.2575], [-83.7736, 35.2457], [-83.7343, 35.245], [-83.7131, 35.2577], [-83.7028, 35.2485], [-83.6801, 35.2795], [-83.6953, 35.2975], [-83.6907, 35.317], [-83.6605, 35.3356], [-83.6213, 35.3451], [-83.5976, 35.3714], [-83.5826, 35.4105], [-83.5858, 35.4348], [-83.6108, 35.4271], [-83.6187, 35.4361], [-83.6435, 35.4432], [-83.645, 35.432], [-83.6579, 35.4323], [-83.7319, 35.4472], [-83.7572, 35.4417], [-83.7745, 35.4435], [-83.8036, 35.4551], [-83.8067, 35.4448], [-83.8449, 35.4531], [-83.8646, 35.4483], [-83.8738, 35.4604], [-83.9141, 35.4651], [-83.9277, 35.4507], [-83.9394, 35.4486], [-83.9529, 35.4606]]]}}, {"type": "Feature", "properties": {"osm_type": "relation", "osm_id": 688227676, "name": "Perquimans", "admin_level": "6", "kind": "subdivision_2", "parent_osm_id": 224045, "parent_name": "North Carolina", "parent_iso": "US-NC"}, "geometry": {"type": "Polygon", "coordinates": [[[-76.5596, 36.3511], [-76.562, 36.3216], [-76.5688, 36.3093], [-76.5656, 36.293], [-76.5733, 36.2572], [-76.5901, 36.2389], [-76.5709, 36.1079], [-76.5391, 36.0946], [-76.5175, 36.0974], [-76.4912, 36.0849], [-76.4806, 36.0932], [-76.461, 36.0877], [-76.4456, 36.0759], [-76.4119, 36.0753], [-76.3551, 36.0865], [-76.3319, 36.0838], [-76.304, 36.0928], [-76.2987, 36.1012], [-76.335, 36.1109], [-76.3464, 36.121], [-76.3759, 36.1204], [-76.4561, 36.1836], [-76.4544, 36.1899], [-76.4478, 36.1925], [-76.3935, 36.1633], [-76.3736, 36.1382], [-76.3299, 36.1334], [-76.265, 36.1049], [-76.2387, 36.0986], [-76.2166, 36.0954], [-76.1917, 36.1072], [-76.2285, 36.1307], [-76.2474, 36.1618], [-76.277, 36.185], [-76.2733, 36.1891], [-76.2907, 36.2235], [-76.3033, 36.2217], [-76.3172, 36.2402], [-76.3373, 36.2408], [-76.3475, 36.2498], [-76.3749, 36.2587], [-76.3766, 36.2753], [-76.3919, 36.2875], [-76.4476, 36.3637], [-76.4537, 36.3781], [-76.5571, 36.3549], [-76.5596, 36.3511]]]}}, {"type": "Feature", "properties": {"osm_type": "relation", "osm_id": 681566660, "name": "Cherokee", "admin_level": "6", "kind": "subdivision_2", "parent_osm_id": 224045, "parent_name": "North Carolina", "parent_iso": "US-NC"}, "geometry": {"type": "Polygon", "coordinates": [[[-84.1295, 34.9875], [-84.0053, 34.9874], [-84.0046, 34.9945], [-83.9799, 35.0059], [-83.9565, 35.0265], [-83.9661, 35.044], [-83.9564, 35.0543], [-83.9435, 35.0561], [-83.9307, 35.0693], [-83.9075, 35.0785], [-83.8633, 35.1214], [-83.8555, 35.138], [-83.8413, 35.1438], [-83.8166, 35.1392], [-83.7729, 35.1559], [-83.746, 35.1608], [-83.7381, 35.156], [-83.7315, 35.1786], [-83.7113, 35.1957], [-83.7284, 35.1999], [-83.6968, 35.2254], [-83.6917, 35.2428], [-83.7131, 35.2577], [-83.7343, 35.245], [-83.7736, 35.2457], [-83.7952, 35.2575], [-83.8228, 35.2503], [-83.8314, 35.2561], [-83.8737, 35.2441], [-83.8933, 35.2332], [-83.9036, 35.2353], [-83.9462, 35.2198], [-83.9685, 35.2181], [-84.0011, 35.2333], [-84.0009, 35.2496], [-84.0102, 35.2559], [-84.0098, 35.2732], [-84.0291, 35.2922], [-84.0526, 35.27], [-84.0811, 35.2612], [-84.0975, 35.2474], [-84.1212, 35.2507], [-84.1306, 35.2434], [-84.1704, 35.2458], [-84.1884, 35.24], [-84.2001, 35.2447], [-84.2118, 35.2661], [-84.2278, 35.2679], [-84.243, 35.2532], [-84.2902, 35.2256], [-84.3219, 34.9884], [-84.1295, 34.9875]]]}}, {"type": "Feature", "properties": {"osm_type": "relation", "osm_id": 221254632, "name": "Granville", "admin_level": "6", "kind": "subdivision_2", "parent_osm_id": 224045, "parent_name": "North Carolina", "parent_iso": "US-NC"}, "geometry": {"type": "Polygon", "coordinates": [[[-78.457, 36.5425], [-78.7963, 36.5417], [-78.8076, 36.0877], [-78.7775, 36.0715], [-78.6832, 36.0745], [-78.5464, 36.0218], [-78.5448, 36.0809], [-78.4966, 36.1752], [-78.5083, 36.1829], [-78.5112, 36.4548], [-78.4978, 36.5145], [-78.4729, 36.5212], [-78.457, 36.5425]]]}}, {"type": "Feature", "properties": {"osm_type": "relation", "osm_id": 872158165, "name": "Iredell", "admin_level": "6", "kind": "subdivision_2", "parent_osm_id": 224045, "parent_name": "North Carolina", "parent_iso": "US-NC"}, "geometry": {"type": "Polygon", "coordinates": [[[-80.96, 35.547], [-80.9397, 35.5295], [-80.9566, 35.5316], [-80.9621, 35.4987], [-80.9473, 35.4885], [-80.9067, 35.5148], [-80.7374, 35.5058], [-80.7436, 35.5596], [-80.7711, 35.6734], [-80.7078, 35.8529], [-80.6932, 36.0513], [-80.9757, 36.0588], [-81.0288, 36.0457], [-81.0034, 35.9967], [-81.0055, 35.9583], [-81.0413, 35.8579], [-81.1095, 35.7766], [-81.0679, 35.7381], [-81.0613, 35.7106], [-81.0053, 35.7102], [-80.9663, 35.6703], [-80.9512, 35.6414], [-80.9275, 35.623], [-80.9253, 35.6195], [-80.9436, 35.6054], [-80.9334, 35.5924], [-80.9513, 35.5813], [-80.96, 35.547]]]}}, {"type": "Feature", "properties": {"osm_type": "relation", "osm_id": 985686991, "name": "Bladen", "admin_level": "6", "kind": "subdivision_2", "parent_osm_id": 224045, "parent_name": "North Carolina", "parent_iso": "US-NC"}, "geometry": {"type": "Polygon", "coordinates": [[[-78.902, 34.8353], [-78.87, 34.7787], [-78.8544, 34.7357], [-78.8376, 34.7177], [-78.8214, 34.7093], [-78.8057, 34.6892], [-78.8094, 34.6683], [-78.8181, 34.6643], [-78.8187, 34.6498], [-78.8344, 34.6216], [-78.8314, 34.6111], [-78.8436, 34.5785], [-78.8617, 34.5636], [-78.8566, 34.5241], [-78.8444, 34.5081], [-78.8464, 34.5002], [-78.8634, 34.498], [-78.869, 34.4848], [-78.8634, 34.4848], [-78.8581, 34.4744], [-78.8252, 34.4618], [-78.6676, 34.4697], [-78.6593, 34.4536], [-78.6484, 34.4609], [-78.6221, 34.4501], [-78.594, 34.4314], [-78.5527, 34.4208], [-78.4453, 34.3774], [-78.3346, 34.3675], [-78.2561, 34.3995], [-78.1765, 34.4654], [-78.2029, 34.4756], [-78.2121, 34.4884], [-78.2356, 34.4925], [-78.2555, 34.5086], [-78.2546, 34.5204], [-78.2722, 34.5384], [-78.2544, 34.5536], [-78.2517, 34.562], [-78.2659, 34.5836], [-78.3032, 34.6005], [-78.314, 34.6331], [-78.3127, 34.6436], [-78.3246, 34.6497], [-78.3235, 34.6657], [-78.3387, 34.6749], [-78.3467, 34.6902], [-78.3667, 34.6931], [-78.3744, 34.7007], [-78.3696, 34.7002], [-78.3919, 34.7296], [-78.3908, 34.7495], [-78.3988, 34.7501], [-78.4097, 34.765], [-78.4204, 34.7659], [-78.4369, 34.7842], [-78.4498, 34.8135], [-78.4935, 34.843], [-78.4947, 34.8562], [-78.5161, 34.8459], [-78.5336, 34.8511], [-78.7996, 34.8509], [-78.8429, 34.8474], [-78.902, 34.8353]]]}}, {"type": "Feature", "properties": {"osm_type": "relation", "osm_id": 407289169, "name": "Nash", "admin_level": "6", "kind": "subdivision_2", "parent_osm_id": 224045, "parent_name": "North Carolina", "parent_iso": "US-NC"}, "geometry": {"type": "Polygon", "coordinates": [[[-78.256, 35.8181], [-78.2439, 35.792], [-78.2506, 35.7733], [-78.2198, 35.7551], [-78.204, 35.7279], [-77.8739, 35.8497], [-77.8447, 35.8376], [-77.8196, 35.8841], [-77.7704, 36.0096], [-77.707, 36.1155], [-77.704, 36.1425], [-77.698, 36.1531], [-77.7207, 36.1339], [-77.749, 36.157], [-77.7729, 36.1469], [-77.774, 36.1426], [-77.7831, 36.1414], [-77.8043, 36.1497], [-77.8075, 36.1384], [-77.8219, 36.1448], [-77.8605, 36.1488], [-77.8864, 36.144], [-77.9011, 36.1629], [-77.923, 36.1669], [-77.918, 36.1815], [-77.944, 36.1926], [-77.9507, 36.1807], [-77.9674, 36.1942], [-77.9786, 36.1754], [-77.9877, 36.1895], [-78.0066, 36.2026], [-78.1717, 35.9548], [-78.256, 35.8181]]]}}, {"type": "Feature", "properties": {"osm_type": "relation", "osm_id": 565749009, "name": "Edgecombe", "admin_level": "6", "kind": "subdivision_2", "parent_osm_id": 224045, "parent_name": "North Carolina", "parent_iso": "US-NC"}, "geometry": {"type": "Polygon", "coordinates": [[[-77.6651, 35.6749], [-77.5155, 35.762], [-77.4723, 35.8011], [-77.4461, 35.8087], [-77.4255, 35.8054], [-77.4096, 35.8264], [-77.3902, 35.8331], [-77.3504, 35.8192], [-77.3494, 35.8674], [-77.3424, 35.9053], [-77.4092, 35.9987], [-77.4026, 36.005], [-77.4211, 36.0036], [-77.4416, 36.0147], [-77.4393, 36.0212], [-77.4751, 36.0378], [-77.5292, 36.0393], [-77.54, 36.0604], [-77.5284, 36.0694], [-77.5407, 36.0961], [-77.6265, 36.1114], [-77.6295, 36.1218], [-77.6447, 36.1382], [-77.6703, 36.1373], [-77.6785, 36.1544], [-77.698, 36.1531], [-77.704, 36.1425], [-77.707, 36.1155], [-77.7704, 36.0096], [-77.8284, 35.8672], [-77.7513, 35.8278], [-77.7184, 35.7288], [-77.6748, 35.6891], [-77.6651, 35.6749]]]}}, {"type": "Feature", "properties": {"osm_type": "relation", "osm_id": 380403248, "name": "Greene", "admin_level": "6", "kind": "subdivision_2", "parent_osm_id": 224045, "parent_name": "North Carolina", "parent_iso": "US-NC"}, "geometry": {"type": "Polygon", "coordinates": [[[-77.4755, 35.4267], [-77.4767, 35.4454], [-77.4927, 35.4615], [-77.4941, 35.4774], [-77.5118, 35.4978], [-77.5053, 35.5183], [-77.5239, 35.5185], [-77.525, 35.5281], [-77.5603, 35.5335], [-77.5708, 35.5488], [-77.593, 35.5642], [-77.6104, 35.5676], [-77.6624, 35.6193], [-77.6816, 35.6308], [-77.689, 35.6496], [-77.7007, 35.6523], [-77.8063, 35.5834], [-77.8225, 35.5854], [-77.8267, 35.4241], [-77.8055, 35.4075], [-77.8, 35.3828], [-77.8056, 35.3698], [-77.7777, 35.3677], [-77.6975, 35.3771], [-77.6785, 35.3474], [-77.6391, 35.3541], [-77.607, 35.3795], [-77.5893, 35.3738], [-77.5342, 35.3981], [-77.5207, 35.4172], [-77.4936, 35.4116], [-77.4755, 35.4267]]]}}, {"type": "Feature", "properties": {"osm_type": "relation", "osm_id": 548833214, "name": "Union", "admin_level": "6", "kind": "subdivision_2", "parent_osm_id": 224045, "parent_name": "North Carolina", "parent_iso": "US-NC"}, "geometry": {"type": "Polygon", "coordinates": [[[-80.505, 35.185], [-80.5504, 35.2084], [-80.7676, 35.0363], [-80.8045, 35.0278], [-80.8404, 35.0016], [-80.782, 34.9358], [-80.7975, 34.8198], [-80.3208, 34.8141], [-80.2768, 35.1957], [-80.2967, 35.1934], [-80.3221, 35.173], [-80.357, 35.1649], [-80.3686, 35.1791], [-80.3883, 35.1659], [-80.4282, 35.1676], [-80.4399, 35.161], [-80.4682, 35.1667], [-80.4811, 35.1801], [-80.505, 35.185]]]}}, {"type": "Feature", "properties": {"osm_type": "relation", "osm_id": 240955647, "name": "Watauga", "admin_level": "6", "kind": "subdivision_2", "parent_osm_id": 224045, "parent_name": "North Carolina", "parent_iso": "US-NC"}, "geometry": {"type": "Polygon", "coordinates": [[[-81.4775, 36.2403], [-81.5522, 36.2764], [-81.5664, 36.2722], [-81.586, 36.2989], [-81.6382, 36.3496], [-81.7305, 36.3904], [-81.7329, 36.3765], [-81.7213, 36.3531], [-81.7078, 36.346], [-81.7074, 36.3352], [-81.731, 36.3412], [-81.7661, 36.3385], [-81.8008, 36.3581], [-81.8573, 36.3348], [-81.8794, 36.3138], [-81.9081, 36.302], [-81.9181, 36.2871], [-81.8978, 36.2775], [-81.897, 36.243], [-81.911, 36.2285], [-81.9038, 36.2082], [-81.8854, 36.1895], [-81.8572, 36.1937], [-81.8357, 36.1685], [-81.8298, 36.1693], [-81.8105, 36.1115], [-81.6749, 36.1226], [-81.6595, 36.1184], [-81.5455, 36.1175], [-81.5004, 36.1425], [-81.4558, 36.2004], [-81.4621, 36.2082], [-81.4657, 36.2271], [-81.4775, 36.2403]]]}}, {"type": "Feature", "properties": {"osm_type": "relation", "osm_id": 798269474, "name": "Yancey", "admin_level": "6", "kind": "subdivision_2", "parent_osm_id": 224045, "parent_name": "North Carolina", "parent_iso": "US-NC"}, "geometry": {"type": "Polygon", "coordinates": [[[-82.4086, 35.8182], [-82.3618, 35.8211], [-82.3383, 35.7962], [-82.3462, 35.7862], [-82.3351, 35.7494], [-82.3131, 35.7336], [-82.2847, 35.7255], [-82.2754, 35.7044], [-82.2578, 35.6989], [-82.2428, 35.7125], [-82.1934, 35.7353], [-82.1643, 35.7711], [-82.1679, 35.7891], [-82.1335, 35.8233], [-82.1435, 35.8255], [-82.1501, 35.8417], [-82.1403, 35.8426], [-82.1499, 35.8924], [-82.1427, 35.9084], [-82.1548, 35.9148], [-82.1527, 35.9283], [-82.1697, 35.9286], [-82.1977, 35.9527], [-82.1863, 35.961], [-82.1918, 35.9695], [-82.1917, 35.9906], [-82.2041, 36.0036], [-82.1932, 36.0025], [-82.1978, 36.0153], [-82.2343, 36.013], [-82.238, 36.0047], [-82.254, 36.0053], [-82.2506, 35.9889], [-82.2733, 36.0029], [-82.2681, 36.0166], [-82.2886, 36.0281], [-82.3019, 36.0453], [-82.3124, 36.0261], [-82.3382, 36.0301], [-82.3365, 36.0527], [-82.3524, 36.0846], [-82.3801, 36.0707], [-82.3991, 36.0819], [-82.3994, 36.0716], [-82.4167, 36.0728], [-82.4607, 36.0078], [-82.4823, 35.9978], [-82.5055, 35.9777], [-82.4962, 35.9567], [-82.4801, 35.9482], [-82.4986, 35.9302], [-82.4904, 35.9212], [-82.4948, 35.9095], [-82.4748, 35.9093], [-82.454, 35.8999], [-82.4176, 35.8594], [-82.4196, 35.8433], [-82.4086, 35.8182]]]}}, {"type": "Feature", "properties": {"osm_type": "relation", "osm_id": 183995897, "name": "Johnston", "admin_level": "6", "kind": "subdivision_2", "parent_osm_id": 224045, "parent_name": "North Carolina", "parent_iso": "US-NC"}, "geometry": {"type": "Polygon", "coordinates": [[[-78.7089, 35.5195], [-78.6895, 35.5159], [-78.6755, 35.4964], [-78.6621, 35.4963], [-78.6496, 35.4714], [-78.6275, 35.4585], [-78.5951, 35.402], [-78.5739, 35.3882], [-78.5677, 35.3677], [-78.5299, 35.3349], [-78.5384, 35.3164], [-78.4919, 35.2633], [-78.4117, 35.2547], [-78.3977, 35.263], [-78.3066, 35.2876], [-78.2897, 35.3151], [-78.2771, 35.3151], [-78.2568, 35.3256], [-78.2421, 35.32], [-78.2159, 35.3345], [-78.2165, 35.3393], [-78.1532, 35.3507], [-78.1624, 35.3672], [-78.1442, 35.3869], [-78.1537, 35.392], [-78.1549, 35.4178], [-78.0648, 35.5853], [-78.1245, 35.6028], [-78.1613, 35.6982], [-78.1613, 35.7129], [-78.1921, 35.7306], [-78.204, 35.7279], [-78.2198, 35.7551], [-78.2506, 35.7733], [-78.2439, 35.792], [-78.2562, 35.8174], [-78.4601, 35.7057], [-78.4716, 35.7049], [-78.7089, 35.5195]]]}}, {"type": "Feature", "properties": {"osm_type": "relation", "osm_id": 415663046, "name": "Pitt", "admin_level": "6", "kind": "subdivision_2", "parent_osm_id": 224045, "parent_name": "North Carolina", "parent_iso": "US-NC"}, "geometry": {"type": "Polygon", "coordinates": [[[-77.1891, 35.4184], [-77.1912, 35.435], [-77.1738, 35.4566], [-77.1762, 35.5188], [-77.1274, 35.5538], [-77.0847, 35.5528], [-77.0913, 35.5693], [-77.1105, 35.5696], [-77.1099, 35.5831], [-77.1255, 35.5847], [-77.1219, 35.5922], [-77.1508, 35.6028], [-77.1424, 35.6179], [-77.1728, 35.6391], [-77.1775, 35.6694], [-77.1671, 35.6726], [-77.1699, 35.6843], [-77.1958, 35.6998], [-77.1857, 35.7197], [-77.1703, 35.7191], [-77.174, 35.7328], [-77.2169, 35.7603], [-77.2598, 35.7652], [-77.2552, 35.7864], [-77.3902, 35.8331], [-77.4096, 35.8264], [-77.4255, 35.8054], [-77.4461, 35.8087], [-77.4723, 35.8011], [-77.5155, 35.762], [-77.7007, 35.6523], [-77.689, 35.6496], [-77.6816, 35.6308], [-77.6624, 35.6193], [-77.6104, 35.5676], [-77.593, 35.5642], [-77.5708, 35.5488], [-77.5603, 35.5335], [-77.525, 35.5281], [-77.5239, 35.5185], [-77.5053, 35.5183], [-77.5118, 35.4978], [-77.4941, 35.4774], [-77.4927, 35.4615], [-77.4767, 35.4454], [-77.4755, 35.4267], [-77.4634, 35.3996], [-77.4512, 35.394], [-77.4482, 35.3715], [-77.4336, 35.3682], [-77.4262, 35.3495], [-77.4081, 35.3534], [-77.3917, 35.3454], [-77.391, 35.3401], [-77.3526, 35.3277], [-77.2959, 35.3792], [-77.2693, 35.3692], [-77.26, 35.3516], [-77.2379, 35.3615], [-77.2397, 35.3814], [-77.2283, 35.3993], [-77.2024, 35.3984], [-77.1891, 35.4184]]]}}, {"type": "Feature", "properties": {"osm_type": "relation", "osm_id": 286508589, "name": "Currituck", "admin_level": "6", "kind": "subdivision_2", "parent_osm_id": 224045, "parent_name": "North Carolina", "parent_iso": "US-NC"}, "geometry": {"type": "Polygon", "coordinates": [[[-76.3133, 36.5506], [-76.1585, 36.4253], [-76.1575, 36.3982], [-76.1218, 36.3711], [-76.1146, 36.3578], [-76.0759, 36.3467], [-76.0637, 36.3475], [-76.0508, 36.3598], [-76.0286, 36.3488], [-76.0308, 36.3385], [-76.0167, 36.3443], [-76.0206, 36.3334], [-76.0079, 36.3287], [-75.9945, 36.3088], [-75.9696, 36.3063], [-75.9649, 36.2885], [-75.9484, 36.2853], [-75.9491, 36.2739], [-75.9611, 36.2682], [-75.9594, 36.2557], [-75.9498, 36.2579], [-75.9223, 36.2441], [-75.9107, 36.2122], [-75.883, 36.1868], [-75.8639, 36.1592], [-75.8678, 36.1273], [-75.8361, 36.0926], [-75.794, 36.0717], [-75.7916, 36.0823], [-75.8004, 36.1127], [-75.8225, 36.146], [-75.8239, 36.1583], [-75.8399, 36.1771], [-75.8384, 36.2001], [-75.8488, 36.2166], [-75.8587, 36.2226], [-75.8642, 36.2355], [-75.8674, 36.2525], [-75.8605, 36.2806], [-75.8649, 36.2847], [-75.8822, 36.2847], [-75.8953, 36.3196], [-75.9233, 36.3619], [-75.9164, 36.389], [-75.9236, 36.4258], [-75.9284, 36.4286], [-75.9407, 36.4189], [-75.9623, 36.4172], [-75.9801, 36.4355], [-76.0123, 36.4475], [-76.0426, 36.5106], [-76.0264, 36.5165], [-76.0225, 36.5271], [-75.9962, 36.5281], [-75.9862, 36.5257], [-75.9805, 36.5128], [-75.9898, 36.494], [-75.9753, 36.4855], [-75.9725, 36.4947], [-75.9601, 36.495], [-75.9355, 36.4906], [-75.9241, 36.4821], [-75.9131, 36.4863], [-75.8999, 36.4821], [-75.8883, 36.4416], [-75.8641, 36.4305], [-75.8515, 36.4158], [-75.8515, 36.3795], [-75.8362, 36.3631], [-75.8316, 36.3464], [-75.8319, 36.3391], [-75.8413, 36.3285], [-75.8453, 36.3056], [-75.8379, 36.2946], [-75.8145, 36.2854], [-75.8082, 36.2596], [-75.8116, 36.244], [-75.7944, 36.2273], [-75.7733, 36.2315], [-75.8187, 36.3576], [-75.867, 36.5508], [-76.3133, 36.5506]]]}}, {"type": "Feature", "properties": {"osm_type": "relation", "osm_id": 116274030, "name": "Mitchell", "admin_level": "6", "kind": "subdivision_2", "parent_osm_id": 224045, "parent_name": "North Carolina", "parent_iso": "US-NC"}, "geometry": {"type": "Polygon", "coordinates": [[[-82.2221, 36.1569], [-82.2475, 36.1309], [-82.2604, 36.1337], [-82.2688, 36.127], [-82.2895, 36.1357], [-82.3215, 36.1196], [-82.3552, 36.1156], [-82.4045, 36.0876], [-82.4167, 36.0728], [-82.3994, 36.0716], [-82.3991, 36.0819], [-82.3801, 36.0707], [-82.3524, 36.0846], [-82.3365, 36.0527], [-82.3382, 36.0301], [-82.3124, 36.0261], [-82.3019, 36.0453], [-82.2886, 36.0281], [-82.2681, 36.0166], [-82.2733, 36.0029], [-82.2506, 35.9889], [-82.254, 36.0053], [-82.238, 36.0047], [-82.2343, 36.013], [-82.1978, 36.0153], [-82.1932, 36.0025], [-82.2041, 36.0036], [-82.1917, 35.9906], [-82.1918, 35.9695], [-82.1863, 35.961], [-82.1977, 35.9527], [-82.1697, 35.9286], [-82.1527, 35.9283], [-82.1548, 35.9148], [-82.1427, 35.9084], [-82.1499, 35.8924], [-82.1403, 35.8426], [-82.1501, 35.8417], [-82.1435, 35.8255], [-82.1206, 35.825], [-82.0994, 35.8517], [-82.0737, 35.8483], [-82.048, 35.8532], [-82.0136, 35.8852], [-81.9994, 35.874], [-81.9802, 35.8851], [-81.982, 35.9114], [-82.0341, 35.9421], [-82.0588, 35.9872], [-82.0493, 36.0079], [-82.0392, 36.0078], [-82.0687, 36.0653], [-82.0809, 36.1058], [-82.1306, 36.1064], [-82.148, 36.1495], [-82.1789, 36.1433], [-82.2049, 36.1571], [-82.2221, 36.1569]]]}}, {"type": "Feature", "properties": {"osm_type": "relation", "osm_id": 821699586, "name": "Davie", "admin_level": "6", "kind": "subdivision_2", "parent_osm_id": 224045, "parent_name": "North Carolina", "parent_iso": "US-NC"}, "geometry": {"type": "Polygon", "coordinates": [[[-80.4963, 36.0466], [-80.6932, 36.0513], [-80.7078, 35.8529], [-80.6918, 35.8635], [-80.6685, 35.8555], [-80.6716, 35.8468], [-80.6311, 35.8453], [-80.5907, 35.8173], [-80.5841, 35.8223], [-80.5704, 35.8163], [-80.5435, 35.7927], [-80.5338, 35.7913], [-80.5341, 35.7863], [-80.5207, 35.7844], [-80.5077, 35.7748], [-80.5017, 35.7831], [-80.4778, 35.7744], [-80.4589, 35.743], [-80.4507, 35.7658], [-80.4767, 35.7891], [-80.4645, 35.805], [-80.4723, 35.8256], [-80.4876, 35.8332], [-80.4784, 35.8433], [-80.4615, 35.8267], [-80.447, 35.8365], [-80.4293, 35.83], [-80.4233, 35.852], [-80.3988, 35.8414], [-80.3858, 35.8546], [-80.3916, 35.8699], [-80.4165, 35.8805], [-80.4079, 35.8915], [-80.37, 35.8858], [-80.3651, 35.8939], [-80.3751, 35.9124], [-80.3684, 35.9284], [-80.3756, 35.9414], [-80.3778, 35.9619], [-80.4207, 35.9868], [-80.4179, 36.0156], [-80.4532, 36.0439], [-80.4636, 36.0625], [-80.4963, 36.0466]]]}}, {"type": "Feature", "properties": {"osm_type": "relation", "osm_id": 370102352, "name": "Hyde", "admin_level": "6", "kind": "subdivision_2", "parent_osm_id": 224045, "parent_name": "North Carolina", "parent_iso": "US-NC"}, "geometry": {"type": "MultiPolygon", "coordinates": [[[[-75.7538, 35.1996], [-75.7857, 35.1943], [-75.8014, 35.1831], [-75.8939, 35.1504], [-75.9547, 35.1196], [-75.984, 35.12], [-75.9892, 35.1152], [-75.9919, 35.0924], [-76.0136, 35.0688], [-76.0131, 35.0619], [-75.9447, 35.1051], [-75.7897, 35.1722], [-75.7494, 35.1852], [-75.7538, 35.1996]]], [[[-76.6375, 35.7052], [-76.602, 35.6701], [-76.6061, 35.6467], [-76.5776, 35.6113], [-76.5511, 35.5966], [-76.5343, 35.5956], [-76.539, 35.5829], [-76.5132, 35.5761], [-76.5056, 35.581], [-76.4564, 35.5506], [-76.4767, 35.5117], [-76.5864, 35.509], [-76.5403, 35.4107], [-76.4858, 35.3714], [-76.4723, 35.3714], [-76.4554, 35.3837], [-76.4363, 35.3781], [-76.4318, 35.3624], [-76.4082, 35.35], [-76.3992, 35.3489], [-76.3823, 35.3568], [-76.3497, 35.3455], [-76.3408, 35.3467], [-76.3351, 35.3556], [-76.3048, 35.3556], [-76.2823, 35.3455], [-76.2654, 35.3433], [-76.2531, 35.35], [-76.2351, 35.35], [-76.2059, 35.3365], [-76.1823, 35.3365], [-76.1497, 35.3264], [-76.1429, 35.3287], [-76.1429, 35.3388], [-76.1328, 35.3495], [-76.0693, 35.3708], [-76.0597, 35.3837], [-76.0637, 35.4051], [-76.0597, 35.4102], [-76.0502, 35.4158], [-76.0209, 35.4107], [-76.0114, 35.4231], [-76.0097, 35.4422], [-75.9979, 35.4534], [-75.9957, 35.4754], [-75.9872, 35.4844], [-75.9631, 35.4939], [-75.9642, 35.5113], [-75.9546, 35.5265], [-75.9456, 35.5344], [-75.9164, 35.5383], [-75.895, 35.5732], [-75.8699, 35.5827], [-75.8798, 35.6069], [-75.8767, 35.6252], [-75.892, 35.6433], [-75.9013, 35.669], [-76.014, 35.6689], [-76.0299, 35.6495], [-76.0402, 35.6513], [-76.0464, 35.6591], [-76.0444, 35.6651], [-76.0611, 35.6752], [-76.0926, 35.6698], [-76.1207, 35.6833], [-76.1183, 35.6919], [-76.1319, 35.6922], [-76.1447, 35.7025], [-76.1701, 35.6984], [-76.1759, 35.6907], [-76.1699, 35.6738], [-76.1818, 35.6655], [-76.1778, 35.6556], [-76.1926, 35.6464], [-76.1988, 35.634], [-76.1958, 35.6201], [-76.2153, 35.5982], [-76.2979, 35.6089], [-76.2692, 35.6908], [-76.5456, 35.7051], [-76.6375, 35.7052]]]]}}, {"type": "Feature", "properties": {"osm_type": "relation", "osm_id": 410245542, "name": "Beaufort", "admin_level": "6", "kind": "subdivision_2", "parent_osm_id": 224045, "parent_name": "North Carolina", "parent_iso": "US-NC"}, "geometry": {"type": "Polygon", "coordinates": [[[-76.8959, 35.2539], [-76.8455, 35.2161], [-76.6326, 35.2353], [-76.6122, 35.2793], [-76.6189, 35.3002], [-76.6175, 35.3289], [-76.6068, 35.3371], [-76.664, 35.3457], [-76.8919, 35.4337], [-76.9667, 35.4378], [-77.0266, 35.4906], [-77.0246, 35.5152], [-76.942, 35.4735], [-76.8309, 35.448], [-76.7592, 35.4189], [-76.7101, 35.4272], [-76.606, 35.3871], [-76.5802, 35.3871], [-76.6015, 35.4608], [-76.6345, 35.5103], [-76.6004, 35.5385], [-76.5568, 35.5289], [-76.4836, 35.5382], [-76.4712, 35.5574], [-76.4678, 35.5558], [-76.5056, 35.581], [-76.5132, 35.5761], [-76.539, 35.5829], [-76.5343, 35.5956], [-76.5511, 35.5966], [-76.5776, 35.6113], [-76.6061, 35.6467], [-76.602, 35.6701], [-76.6375, 35.7052], [-76.8446, 35.7057], [-76.8473, 35.72], [-76.9858, 35.6589], [-77.1638, 35.7395], [-77.174, 35.7328], [-77.1703, 35.7191], [-77.1857, 35.7197], [-77.1958, 35.6998], [-77.1699, 35.6843], [-77.1671, 35.6726], [-77.1775, 35.6694], [-77.1728, 35.6391], [-77.1424, 35.6179], [-77.1508, 35.6028], [-77.1219, 35.5922], [-77.1255, 35.5847], [-77.1099, 35.5831], [-77.1105, 35.5696], [-77.0913, 35.5693], [-77.0847, 35.5528], [-77.1274, 35.5538], [-77.1762, 35.5188], [-77.1738, 35.4566], [-77.1912, 35.435], [-77.1891, 35.4184], [-76.9589, 35.301], [-76.8959, 35.2539]]]}}, {"type": "Feature", "properties": {"osm_type": "relation", "osm_id": 617084272, "name": "Caswell", "admin_level": "6", "kind": "subdivision_2", "parent_osm_id": 224045, "parent_name": "North Carolina", "parent_iso": "US-NC"}, "geometry": {"type": "Polygon", "coordinates": [[[-79.154, 36.2419], [-79.1383, 36.5417], [-79.5136, 36.5408], [-79.5319, 36.2497], [-79.154, 36.2419]]]}}, {"type": "Feature", "properties": {"osm_type": "relation", "osm_id": 640284933, "name": "Davidson", "admin_level": "6", "kind": "subdivision_2", "parent_osm_id": 224045, "parent_name": "North Carolina", "parent_iso": "US-NC"}, "geometry": {"type": "Polygon", "coordinates": [[[-80.0469, 35.9207], [-80.0432, 36.0108], [-80.1375, 36.025], [-80.2137, 36.0268], [-80.2138, 35.9967], [-80.3362, 35.9944], [-80.3943, 35.9728], [-80.3778, 35.9619], [-80.3756, 35.9414], [-80.3684, 35.9284], [-80.3751, 35.9124], [-80.3651, 35.8939], [-80.37, 35.8858], [-80.4079, 35.8915], [-80.4165, 35.8805], [-80.3916, 35.8699], [-80.3858, 35.8546], [-80.3988, 35.8414], [-80.4233, 35.852], [-80.4293, 35.83], [-80.447, 35.8365], [-80.4615, 35.8267], [-80.4784, 35.8433], [-80.4876, 35.8332], [-80.4723, 35.8256], [-80.4645, 35.805], [-80.4767, 35.7891], [-80.4507, 35.7658], [-80.4589, 35.743], [-80.4533, 35.7346], [-80.3731, 35.7166], [-80.3352, 35.7208], [-80.3291, 35.7147], [-80.3318, 35.6805], [-80.3083, 35.6669], [-80.2887, 35.6357], [-80.2504, 35.6194], [-80.2311, 35.596], [-80.2086, 35.5806], [-80.2098, 35.5523], [-80.1826, 35.5042], [-80.0668, 35.5057], [-80.0469, 35.9207]]]}}, {"type": "Feature", "properties": {"osm_type": "relation", "osm_id": 945374996, "name": "Person", "admin_level": "6", "kind": "subdivision_2", "parent_osm_id": 224045, "parent_name": "North Carolina", "parent_iso": "US-NC"}, "geometry": {"type": "Polygon", "coordinates": [[[-78.9506, 36.2393], [-78.8023, 36.2358], [-78.7963, 36.5417], [-79.1383, 36.5417], [-79.154, 36.2419], [-78.9506, 36.2393]]]}}, {"type": "Feature", "properties": {"osm_type": "relation", "osm_id": 896471679, "name": "Mecklenburg", "admin_level": "6", "kind": "subdivision_2", "parent_osm_id": 224045, "parent_name": "North Carolina", "parent_iso": "US-NC"}, "geometry": {"type": "Polygon", "coordinates": [[[-81.0429, 35.1493], [-81.051, 35.1317], [-81.039, 35.1263], [-81.0328, 35.1081], [-81.0521, 35.0963], [-81.058, 35.0732], [-81.0577, 35.0624], [-81.0415, 35.0447], [-80.935, 35.1074], [-80.8404, 35.0016], [-80.8045, 35.0278], [-80.7676, 35.0363], [-80.5504, 35.2084], [-80.6672, 35.269], [-80.6937, 35.3467], [-80.7444, 35.3807], [-80.7643, 35.4002], [-80.7522, 35.4141], [-80.7869, 35.4932], [-80.7843, 35.5058], [-80.9067, 35.5148], [-80.9473, 35.4885], [-80.9516, 35.4702], [-80.9424, 35.4552], [-80.9586, 35.4317], [-80.9549, 35.4001], [-80.9869, 35.3782], [-80.9733, 35.3642], [-80.9629, 35.3751], [-80.923, 35.3599], [-80.9436, 35.3506], [-80.9621, 35.3471], [-80.9727, 35.3503], [-81.0, 35.3062], [-81.0151, 35.2687], [-81.0091, 35.2458], [-81.0139, 35.2258], [-81.0024, 35.1808], [-81.0095, 35.1531], [-81.0429, 35.1493]]]}}, {"type": "Feature", "properties": {"osm_type": "relation", "osm_id": 284772839, "name": "Transylvania", "admin_level": "6", "kind": "subdivision_2", "parent_osm_id": 224045, "parent_name": "North Carolina", "parent_iso": "US-NC"}, "geometry": {"type": "Polygon", "coordinates": [[[-82.5742, 35.1436], [-82.5915, 35.1649], [-82.604, 35.2218], [-82.6043, 35.2589], [-82.6162, 35.2603], [-82.6102, 35.2882], [-82.6193, 35.3037], [-82.7451, 35.423], [-82.7456, 35.4074], [-82.7745, 35.3933], [-82.8051, 35.348], [-82.8316, 35.3186], [-82.8761, 35.3146], [-82.9209, 35.292], [-82.9192, 35.2711], [-82.9272, 35.2373], [-82.9359, 35.2249], [-82.9599, 35.2152], [-82.9688, 35.1946], [-82.9869, 35.1876], [-82.9812, 35.1676], [-82.9966, 35.1636], [-82.9948, 35.1535], [-82.9809, 35.1484], [-82.9832, 35.1319], [-83.0449, 35.0771], [-83.0569, 35.0538], [-83.0392, 35.0481], [-83.0325, 35.0377], [-83.0087, 35.0276], [-82.7833, 35.0856], [-82.7764, 35.0814], [-82.782, 35.0668], [-82.7774, 35.0641], [-82.7542, 35.0696], [-82.7495, 35.0785], [-82.7384, 35.0795], [-82.727, 35.0941], [-82.6949, 35.0985], [-82.6836, 35.1258], [-82.6624, 35.1181], [-82.6422, 35.1292], [-82.629, 35.1262], [-82.6097, 35.139], [-82.5742, 35.1436]]]}}, {"type": "Feature", "properties": {"osm_type": "relation", "osm_id": 311313707, "name": "Pamlico", "admin_level": "6", "kind": "subdivision_2", "parent_osm_id": 224045, "parent_name": "North Carolina", "parent_iso": "US-NC"}, "geometry": {"type": "Polygon", "coordinates": [[[-76.9585, 35.0477], [-76.8014, 34.9644], [-76.6319, 35.0566], [-76.6004, 35.0679], [-76.5689, 35.0971], [-76.5577, 35.1162], [-76.5465, 35.123], [-76.5363, 35.1421], [-76.5397, 35.1668], [-76.5363, 35.1747], [-76.5217, 35.1927], [-76.4948, 35.2129], [-76.4903, 35.2331], [-76.4779, 35.2432], [-76.4678, 35.2612], [-76.4723, 35.2949], [-76.4824, 35.3141], [-76.5004, 35.3219], [-76.5543, 35.332], [-76.6068, 35.3371], [-76.6175, 35.3289], [-76.6189, 35.3002], [-76.6122, 35.2793], [-76.6326, 35.2353], [-76.8455, 35.2161], [-76.8959, 35.2539], [-76.9061, 35.236], [-76.9326, 35.2303], [-76.9629, 35.1979], [-76.9703, 35.1637], [-76.9876, 35.1537], [-76.9694, 35.1296], [-76.9311, 35.1172], [-76.9386, 35.0897], [-76.9341, 35.0772], [-76.9362, 35.0619], [-76.9429, 35.0514], [-76.9585, 35.0477]]]}}, {"type": "Feature", "properties": {"osm_type": "relation", "osm_id": 278592988, "name": "Clay", "admin_level": "6", "kind": "subdivision_2", "parent_osm_id": 224045, "parent_name": "North Carolina", "parent_iso": "US-NC"}, "geometry": {"type": "Polygon", "coordinates": [[[-83.5494, 34.9925], [-83.483, 34.9935], [-83.5106, 35.0052], [-83.5191, 34.9966], [-83.527, 35.0093], [-83.5213, 35.0183], [-83.543, 35.0384], [-83.5574, 35.0386], [-83.5667, 35.0516], [-83.5622, 35.0594], [-83.5851, 35.0819], [-83.5866, 35.0916], [-83.6179, 35.106], [-83.6191, 35.1284], [-83.6357, 35.1216], [-83.6418, 35.1392], [-83.6598, 35.1603], [-83.6662, 35.15], [-83.6844, 35.1578], [-83.6992, 35.1526], [-83.7144, 35.1553], [-83.7268, 35.1453], [-83.746, 35.1608], [-83.7729, 35.1559], [-83.8166, 35.1392], [-83.8413, 35.1438], [-83.8555, 35.138], [-83.8633, 35.1214], [-83.9075, 35.0785], [-83.9307, 35.0693], [-83.9435, 35.0561], [-83.9564, 35.0543], [-83.9661, 35.044], [-83.9565, 35.0265], [-83.9799, 35.0059], [-84.0046, 34.9945], [-84.0053, 34.9874], [-83.62, 34.9866], [-83.6202, 34.9921], [-83.5494, 34.9925]]]}}, {"type": "Feature", "properties": {"osm_type": "relation", "osm_id": 944919798, "name": "Lee", "admin_level": "6", "kind": "subdivision_2", "parent_osm_id": 224045, "parent_name": "North Carolina", "parent_iso": "US-NC"}, "geometry": {"type": "Polygon", "coordinates": [[[-79.3501, 35.518], [-79.3359, 35.498], [-79.3598, 35.4697], [-79.3278, 35.4324], [-79.3289, 35.4231], [-79.2896, 35.4004], [-79.2655, 35.3453], [-79.1836, 35.3072], [-78.9696, 35.5217], [-78.9956, 35.5421], [-79.024, 35.5484], [-79.047, 35.5705], [-79.0531, 35.5966], [-79.0959, 35.6212], [-79.1171, 35.6282], [-79.1485, 35.6188], [-79.1575, 35.604], [-79.188, 35.5794], [-79.2002, 35.5771], [-79.1999, 35.5586], [-79.2256, 35.5518], [-79.2187, 35.5657], [-79.2447, 35.5691], [-79.2452, 35.553], [-79.2627, 35.5357], [-79.2755, 35.5318], [-79.2918, 35.5434], [-79.2852, 35.5552], [-79.3231, 35.5444], [-79.3112, 35.5327], [-79.3219, 35.5246], [-79.3501, 35.518]]]}}, {"type": "Feature", "properties": {"osm_type": "relation", "osm_id": 567157357, "name": "Richmond", "admin_level": "6", "kind": "subdivision_2", "parent_osm_id": 224045, "parent_name": "North Carolina", "parent_iso": "US-NC"}, "geometry": {"type": "Polygon", "coordinates": [[[-80.0754, 35.1431], [-80.0668, 35.1111], [-80.0397, 35.1016], [-80.0229, 35.0901], [-79.9929, 35.0856], [-79.9758, 35.103], [-79.9461, 35.1186], [-79.924, 35.1154], [-79.9129, 35.0971], [-79.909, 35.067], [-79.8836, 35.0517], [-79.8772, 35.0353], [-79.8928, 35.0244], [-79.8993, 35.0037], [-79.8671, 34.9823], [-79.8638, 34.9742], [-79.8727, 34.9528], [-79.8487, 34.9026], [-79.8801, 34.8668], [-79.903, 34.8546], [-79.9138, 34.8189], [-79.9274, 34.8066], [-79.6929, 34.805], [-79.6884, 34.8113], [-79.654, 34.8151], [-79.6346, 34.8255], [-79.614, 34.8153], [-79.6229, 34.8268], [-79.6174, 34.8393], [-79.6266, 34.8523], [-79.616, 34.8659], [-79.5619, 34.9104], [-79.5684, 34.9275], [-79.5817, 34.9354], [-79.5855, 34.955], [-79.5699, 34.9767], [-79.5734, 34.9922], [-79.5135, 35.0246], [-79.4588, 35.0436], [-79.4819, 35.0589], [-79.5013, 35.0642], [-79.5759, 35.0699], [-79.5828, 35.084], [-79.5733, 35.1225], [-79.5891, 35.139], [-79.6094, 35.149], [-79.6143, 35.1637], [-79.6421, 35.1577], [-79.6735, 35.1754], [-79.6944, 35.1796], [-79.7127, 35.1732], [-79.8129, 35.1799], [-79.8361, 35.1772], [-79.8513, 35.1839], [-79.8986, 35.1617], [-79.9443, 35.1642], [-79.9496, 35.1575], [-79.9833, 35.1585], [-80.0233, 35.1371], [-80.0754, 35.1431]]]}}, {"type": "Feature", "properties": {"osm_type": "relation", "osm_id": 242184498, "name": "Chowan", "admin_level": "6", "kind": "subdivision_2", "parent_osm_id": 224045, "parent_name": "North Carolina", "parent_iso": "US-NC"}, "geometry": {"type": "Polygon", "coordinates": [[[-76.6966, 36.2961], [-76.6916, 36.2773], [-76.6755, 36.2669], [-76.7194, 36.1994], [-76.7214, 36.1478], [-76.6765, 36.0436], [-76.6533, 36.0351], [-76.6154, 36.0378], [-76.6038, 36.033], [-76.5807, 36.0072], [-76.5475, 36.0099], [-76.5143, 36.0056], [-76.492, 36.018], [-76.4593, 36.0243], [-76.4514, 36.0391], [-76.4209, 36.0607], [-76.4119, 36.0753], [-76.4456, 36.0759], [-76.461, 36.0877], [-76.4806, 36.0932], [-76.4912, 36.0849], [-76.5175, 36.0974], [-76.5391, 36.0946], [-76.5709, 36.1079], [-76.5901, 36.2389], [-76.5733, 36.2572], [-76.5656, 36.293], [-76.5688, 36.3093], [-76.562, 36.3216], [-76.5596, 36.3511], [-76.5708, 36.3343], [-76.5941, 36.3248], [-76.6404, 36.3288], [-76.6543, 36.3106], [-76.6546, 36.3142], [-76.67, 36.3152], [-76.6756, 36.3013], [-76.6966, 36.2961]]]}}, {"type": "Feature", "properties": {"osm_type": "relation", "osm_id": 417396526, "name": "Buncombe", "admin_level": "6", "kind": "subdivision_2", "parent_osm_id": 224045, "parent_name": "North Carolina", "parent_iso": "US-NC"}, "geometry": {"type": "Polygon", "coordinates": [[[-82.2658, 35.4678], [-82.2524, 35.4612], [-82.2243, 35.4983], [-82.2329, 35.5195], [-82.1691, 35.5278], [-82.22, 35.5531], [-82.2513, 35.5599], [-82.2918, 35.5951], [-82.2804, 35.6088], [-82.2649, 35.614], [-82.2867, 35.6531], [-82.2806, 35.6672], [-82.2937, 35.6868], [-82.2887, 35.6963], [-82.2754, 35.7044], [-82.2792, 35.7173], [-82.2847, 35.7255], [-82.3131, 35.7336], [-82.3351, 35.7494], [-82.3462, 35.7862], [-82.3383, 35.7962], [-82.3618, 35.8211], [-82.4086, 35.8182], [-82.4353, 35.8086], [-82.4638, 35.8096], [-82.4761, 35.7983], [-82.5147, 35.8032], [-82.677, 35.7349], [-82.7124, 35.7329], [-82.7138, 35.7178], [-82.731, 35.7224], [-82.7518, 35.7105], [-82.75, 35.7065], [-82.7948, 35.6958], [-82.8071, 35.6859], [-82.8484, 35.7017], [-82.888, 35.6727], [-82.8771, 35.6665], [-82.8644, 35.6347], [-82.8536, 35.6368], [-82.8453, 35.6154], [-82.8131, 35.6279], [-82.7971, 35.5962], [-82.7659, 35.5676], [-82.7775, 35.5556], [-82.7659, 35.5408], [-82.7995, 35.4712], [-82.7817, 35.4395], [-82.7451, 35.423], [-82.7007, 35.4543], [-82.6733, 35.4595], [-82.653, 35.455], [-82.6218, 35.4357], [-82.6081, 35.4432], [-82.5825, 35.4336], [-82.5488, 35.4443], [-82.547, 35.4252], [-82.5327, 35.4166], [-82.5351, 35.4446], [-82.4561, 35.4497], [-82.4175, 35.4745], [-82.3631, 35.461], [-82.3681, 35.467], [-82.3693, 35.4855], [-82.3328, 35.5002], [-82.2658, 35.4678]]]}}, {"type": "Feature", "properties": {"osm_type": "relation", "osm_id": 220789275, "name": "Anson", "admin_level": "6", "kind": "subdivision_2", "parent_osm_id": 224045, "parent_name": "North Carolina", "parent_iso": "US-NC"}, "geometry": {"type": "Polygon", "coordinates": [[[-80.2768, 35.1957], [-80.3208, 34.8141], [-79.9274, 34.8066], [-79.9138, 34.8189], [-79.903, 34.8546], [-79.8801, 34.8668], [-79.8487, 34.9026], [-79.8727, 34.9528], [-79.8638, 34.9742], [-79.8671, 34.9823], [-79.8993, 35.0037], [-79.8928, 35.0244], [-79.8772, 35.0353], [-79.8836, 35.0517], [-79.909, 35.067], [-79.9129, 35.0971], [-79.924, 35.1154], [-79.9461, 35.1186], [-79.9758, 35.103], [-79.9929, 35.0856], [-80.0229, 35.0901], [-80.0397, 35.1016], [-80.0668, 35.1111], [-80.0754, 35.1431], [-80.1074, 35.1737], [-80.1126, 35.1939], [-80.1291, 35.1876], [-80.1245, 35.177], [-80.1362, 35.1675], [-80.1539, 35.175], [-80.1654, 35.1648], [-80.1599, 35.1512], [-80.1728, 35.1479], [-80.1906, 35.1555], [-80.1949, 35.1654], [-80.2071, 35.1566], [-80.225, 35.1562], [-80.2421, 35.1816], [-80.254, 35.2113], [-80.2768, 35.1957]]]}}, {"type": "Feature", "properties": {"osm_type": "relation", "osm_id": 319737699, "name": "Cleveland", "admin_level": "6", "kind": "subdivision_2", "parent_osm_id": 224045, "parent_name": "North Carolina", "parent_iso": "US-NC"}, "geometry": {"type": "Polygon", "coordinates": [[[-81.4556, 35.4198], [-81.513, 35.5233], [-81.5154, 35.5583], [-81.5453, 35.5647], [-81.5668, 35.5585], [-81.5977, 35.5713], [-81.649, 35.5616], [-81.6742, 35.5688], [-81.6911, 35.5846], [-81.7029, 35.3573], [-81.7595, 35.2227], [-81.7681, 35.1804], [-81.328, 35.1634], [-81.3224, 35.256], [-81.3548, 35.2789], [-81.3661, 35.3134], [-81.3567, 35.3306], [-81.3989, 35.3531], [-81.4556, 35.4198]]]}}, {"type": "Feature", "properties": {"osm_type": "relation", "osm_id": 252468988, "name": "Moore", "admin_level": "6", "kind": "subdivision_2", "parent_osm_id": 224045, "parent_name": "North Carolina", "parent_iso": "US-NC"}, "geometry": {"type": "Polygon", "coordinates": [[[-79.768, 35.5115], [-79.7642, 35.4757], [-79.7099, 35.3013], [-79.712, 35.2759], [-79.6978, 35.2514], [-79.673, 35.2454], [-79.6551, 35.1898], [-79.6276, 35.1701], [-79.6155, 35.1676], [-79.6094, 35.149], [-79.5891, 35.139], [-79.5733, 35.1225], [-79.5828, 35.084], [-79.5759, 35.0699], [-79.5013, 35.0642], [-79.4819, 35.0589], [-79.4588, 35.0436], [-79.3355, 35.1616], [-79.3105, 35.173], [-79.2813, 35.1953], [-79.2557, 35.2029], [-79.2435, 35.2138], [-79.2297, 35.2106], [-79.2113, 35.194], [-79.1752, 35.1931], [-79.1676, 35.1809], [-79.1542, 35.1806], [-79.141, 35.1692], [-79.1329, 35.1778], [-79.1248, 35.1666], [-79.1072, 35.1759], [-79.0976, 35.1742], [-79.0958, 35.1921], [-79.1521, 35.2145], [-79.1651, 35.2409], [-79.1938, 35.2502], [-79.223, 35.2681], [-79.1836, 35.3072], [-79.2655, 35.3453], [-79.2896, 35.4004], [-79.3289, 35.4231], [-79.3278, 35.4324], [-79.3598, 35.4697], [-79.3359, 35.498], [-79.3501, 35.518], [-79.768, 35.5115]]]}}, {"type": "Feature", "properties": {"osm_type": "relation", "osm_id": 818649718, "name": "Martin", "admin_level": "6", "kind": "subdivision_2", "parent_osm_id": 224045, "parent_name": "North Carolina", "parent_iso": "US-NC"}, "geometry": {"type": "Polygon", "coordinates": [[[-76.7606, 35.8649], [-76.781, 35.8639], [-76.802, 35.8808], [-76.8284, 35.8863], [-76.8366, 35.8744], [-76.8325, 35.8625], [-76.8351, 35.8496], [-76.8765, 35.8133], [-76.8887, 35.8125], [-76.9026, 35.8226], [-76.8966, 35.8341], [-76.9017, 35.8449], [-76.8977, 35.8665], [-76.9213, 35.8975], [-76.9352, 35.9008], [-76.9474, 35.8969], [-76.9578, 35.8854], [-76.984, 35.8764], [-76.9917, 35.8651], [-77.0331, 35.8573], [-77.0409, 35.8603], [-77.0445, 35.873], [-77.038, 35.8767], [-77.0345, 35.8912], [-77.0241, 35.8929], [-77.0268, 35.9115], [-77.0289, 35.9242], [-77.0478, 35.9442], [-77.0671, 35.9419], [-77.0703, 35.9351], [-77.081, 35.9349], [-77.0917, 35.9271], [-77.1055, 35.933], [-77.1217, 35.9258], [-77.1288, 35.9386], [-77.1339, 35.9395], [-77.143, 35.9344], [-77.1603, 35.9375], [-77.1749, 35.9289], [-77.184, 35.9304], [-77.1981, 35.9389], [-77.2021, 35.9483], [-77.1916, 35.957], [-77.1962, 35.9682], [-77.1921, 35.9712], [-77.1957, 35.9906], [-77.2132, 35.9923], [-77.2086, 36.0085], [-77.3219, 36.0573], [-77.3276, 36.0714], [-77.3398, 36.0662], [-77.4092, 35.9987], [-77.3424, 35.9053], [-77.3494, 35.8674], [-77.3504, 35.8192], [-77.2552, 35.7864], [-77.2598, 35.7652], [-77.2169, 35.7603], [-77.174, 35.7328], [-77.1638, 35.7395], [-76.9858, 35.6589], [-76.8473, 35.72], [-76.8313, 35.7307], [-76.817, 35.7488], [-76.8043, 35.782], [-76.793, 35.7899], [-76.8024, 35.8048], [-76.782, 35.827], [-76.7892, 35.8381], [-76.7774, 35.8578], [-76.7606, 35.8649]]]}}, {"type": "Feature", "properties": {"osm_type": "relation", "osm_id": 604025106, "name": "Northampton", "admin_level": "6", "kind": "subdivision_2", "parent_osm_id": 224045, "parent_name": "North Carolina", "parent_iso": "US-NC"}, "geometry": {"type": "Polygon", "coordinates": [[[-77.8995, 36.5043], [-77.8928, 36.512], [-77.8175, 36.5005], [-77.774, 36.4817], [-77.7426, 36.4799], [-77.7307, 36.4865], [-77.7097, 36.4871], [-77.6811, 36.4792], [-77.6444, 36.4802], [-77.6307, 36.4506], [-77.5912, 36.4308], [-77.5893, 36.4235], [-77.5553, 36.418], [-77.5445, 36.392], [-77.547, 36.3739], [-77.5799, 36.3501], [-77.5857, 36.3355], [-77.5714, 36.3141], [-77.5411, 36.3033], [-77.4951, 36.3084], [-77.4688, 36.3212], [-77.4417, 36.3244], [-77.4144, 36.2935], [-77.4097, 36.2638], [-77.3806, 36.2493], [-77.3776, 36.2346], [-77.3866, 36.2136], [-77.351, 36.1915], [-77.3284, 36.1919], [-77.3015, 36.1652], [-77.2915, 36.1683], [-77.2997, 36.1814], [-77.2983, 36.2077], [-77.2641, 36.2172], [-77.2288, 36.2174], [-77.2085, 36.2466], [-77.1314, 36.4378], [-77.1372, 36.4554], [-77.123, 36.4712], [-77.0999, 36.4791], [-77.0915, 36.4718], [-77.0664, 36.4829], [-77.0742, 36.4994], [-77.0854, 36.5], [-77.0825, 36.5115], [-77.0932, 36.5182], [-77.1479, 36.525], [-77.1487, 36.5341], [-77.1697, 36.5473], [-77.8998, 36.5447], [-77.8995, 36.5043]]]}}, {"type": "Feature", "properties": {"osm_type": "relation", "osm_id": 827134796, "name": "Alexander", "admin_level": "6", "kind": "subdivision_2", "parent_osm_id": 224045, "parent_name": "North Carolina", "parent_iso": "US-NC"}, "geometry": {"type": "Polygon", "coordinates": [[[-81.1095, 35.7766], [-81.0413, 35.8579], [-81.0055, 35.9583], [-81.0034, 35.9967], [-81.0288, 36.0457], [-81.0485, 36.0411], [-81.0576, 36.0316], [-81.0981, 36.0282], [-81.1049, 36.0355], [-81.1375, 36.0364], [-81.1667, 36.0257], [-81.1903, 36.0372], [-81.2193, 36.0298], [-81.238, 36.0309], [-81.2444, 36.0248], [-81.2636, 36.0258], [-81.3014, 36.0043], [-81.3283, 35.9966], [-81.3429, 35.9234], [-81.3334, 35.8792], [-81.344, 35.8242], [-81.3343, 35.7963], [-81.2995, 35.7983], [-81.255, 35.8083], [-81.249, 35.8157], [-81.2262, 35.8097], [-81.1904, 35.8224], [-81.1431, 35.8279], [-81.1284, 35.7894], [-81.1095, 35.7766]]]}}, {"type": "Feature", "properties": {"osm_type": "relation", "osm_id": 595410628, "name": "Columbus", "admin_level": "6", "kind": "subdivision_2", "parent_osm_id": 224045, "parent_name": "North Carolina", "parent_iso": "US-NC"}, "geometry": {"type": "Polygon", "coordinates": [[[-79.0712, 34.2993], [-78.6504, 33.9443], [-78.6423, 33.9585], [-78.6484, 33.9655], [-78.6268, 33.9809], [-78.6407, 34.0099], [-78.5789, 34.0385], [-78.5824, 34.0485], [-78.558, 34.0602], [-78.5602, 34.0921], [-78.5494, 34.125], [-78.5393, 34.1275], [-78.5452, 34.1458], [-78.5246, 34.1541], [-78.5092, 34.1689], [-78.4275, 34.1398], [-78.394, 34.1716], [-78.3668, 34.1888], [-78.3743, 34.2049], [-78.2545, 34.2163], [-78.1624, 34.357], [-78.2025, 34.3533], [-78.21, 34.368], [-78.2357, 34.3747], [-78.2561, 34.3995], [-78.3346, 34.3675], [-78.4453, 34.3774], [-78.5527, 34.4208], [-78.594, 34.4314], [-78.6221, 34.4501], [-78.6484, 34.4609], [-78.6593, 34.4536], [-78.6676, 34.4697], [-78.8252, 34.4618], [-78.8581, 34.4744], [-78.8634, 34.4848], [-78.869, 34.4848], [-78.8958, 34.4621], [-78.9171, 34.4533], [-78.9354, 34.4552], [-78.96, 34.4427], [-78.9712, 34.4275], [-78.9684, 34.3971], [-78.9984, 34.3911], [-79.0114, 34.3811], [-79.0016, 34.3635], [-79.0109, 34.3522], [-79.0252, 34.352], [-79.0454, 34.3107], [-79.0529, 34.3146], [-79.0712, 34.2993]]]}}, {"type": "Feature", "properties": {"osm_type": "relation", "osm_id": 891819773, "name": "Scotland", "admin_level": "6", "kind": "subdivision_2", "parent_osm_id": 224045, "parent_name": "North Carolina", "parent_iso": "US-NC"}, "geometry": {"type": "Polygon", "coordinates": [[[-79.3479, 34.8386], [-79.3376, 34.8527], [-79.3489, 34.8875], [-79.3531, 34.9442], [-79.3985, 34.9952], [-79.4178, 35.0047], [-79.4313, 35.0201], [-79.4495, 35.0271], [-79.4588, 35.0436], [-79.5135, 35.0246], [-79.5734, 34.9922], [-79.5699, 34.9767], [-79.5855, 34.955], [-79.5817, 34.9354], [-79.5684, 34.9275], [-79.5619, 34.9104], [-79.616, 34.8659], [-79.6266, 34.8523], [-79.6174, 34.8393], [-79.6229, 34.8268], [-79.614, 34.8153], [-79.6346, 34.8255], [-79.654, 34.8151], [-79.6884, 34.8113], [-79.6929, 34.805], [-79.6753, 34.8048], [-79.4616, 34.6303], [-79.331, 34.7744], [-79.3574, 34.819], [-79.3479, 34.8386]]]}}, {"type": "Feature", "properties": {"osm_type": "relation", "osm_id": 189436074, "name": "Carteret", "admin_level": "6", "kind": "subdivision_2", "parent_osm_id": 224045, "parent_name": "North Carolina", "parent_iso": "US-NC"}, "geometry": {"type": "Polygon", "coordinates": [[[-77.166, 34.785], [-77.1399, 34.7597], [-77.1256, 34.7567], [-77.1222, 34.733], [-77.1092, 34.7179], [-77.1109, 34.6781], [-77.0961, 34.6712], [-77.1128, 34.652], [-77.1082, 34.6406], [-76.9903, 34.6696], [-76.8175, 34.6937], [-76.77, 34.6969], [-76.6763, 34.6932], [-76.6429, 34.6776], [-76.5795, 34.6602], [-76.5493, 34.6456], [-76.5552, 34.616], [-76.5359, 34.5886], [-76.5242, 34.6154], [-76.4941, 34.662], [-76.3868, 34.7846], [-76.3102, 34.8523], [-76.2331, 34.9055], [-76.1373, 34.9879], [-76.0359, 35.059], [-76.0436, 35.07], [-76.0699, 35.0757], [-76.0934, 35.0487], [-76.2337, 34.9259], [-76.3228, 34.8612], [-76.4397, 34.7585], [-76.4438, 34.7464], [-76.5233, 34.6523], [-76.6735, 34.7076], [-76.6736, 34.7149], [-76.6166, 34.7141], [-76.6206, 34.7844], [-76.6048, 34.7875], [-76.5824, 34.7678], [-76.5862, 34.6988], [-76.5247, 34.682], [-76.5127, 34.7203], [-76.4984, 34.7321], [-76.5019, 34.7427], [-76.4725, 34.7707], [-76.4495, 34.8148], [-76.4369, 34.8187], [-76.4294, 34.8302], [-76.424, 34.8326], [-76.4186, 34.8267], [-76.4121, 34.8322], [-76.41, 34.8615], [-76.3986, 34.8665], [-76.3865, 34.8554], [-76.3683, 34.8729], [-76.3477, 34.8722], [-76.2777, 34.94], [-76.2749, 34.9539], [-76.2756, 34.961], [-76.2965, 34.9763], [-76.2884, 35.0057], [-76.3523, 35.0331], [-76.3644, 35.0349], [-76.3644, 35.0313], [-76.3296, 34.9869], [-76.3264, 34.9763], [-76.332, 34.9709], [-76.3985, 34.9766], [-76.4255, 35.0015], [-76.4358, 35.0579], [-76.4635, 35.0764], [-76.4745, 35.0701], [-76.4903, 35.0342], [-76.4914, 35.0173], [-76.5026, 35.0072], [-76.5881, 34.9914], [-76.6351, 34.9891], [-76.6837, 34.963], [-76.6526, 34.9376], [-76.6627, 34.9119], [-76.683, 34.8993], [-76.6929, 34.8693], [-76.758, 34.8463], [-76.8832, 34.8449], [-76.8822, 34.8367], [-76.9548, 34.8245], [-76.9544, 34.8091], [-77.0783, 34.8113], [-77.0903, 34.8028], [-77.1678, 34.791], [-77.166, 34.785]]]}}, {"type": "Feature", "properties": {"osm_type": "relation", "osm_id": 212737621, "name": "Halifax", "admin_level": "6", "kind": "subdivision_2", "parent_osm_id": 224045, "parent_name": "North Carolina", "parent_iso": "US-NC"}, "geometry": {"type": "Polygon", "coordinates": [[[-78.0066, 36.2026], [-77.9877, 36.1895], [-77.9786, 36.1754], [-77.9674, 36.1942], [-77.9507, 36.1807], [-77.944, 36.1926], [-77.918, 36.1815], [-77.923, 36.1669], [-77.9011, 36.1629], [-77.8864, 36.144], [-77.8605, 36.1488], [-77.8219, 36.1448], [-77.8075, 36.1384], [-77.8043, 36.1497], [-77.7831, 36.1414], [-77.774, 36.1426], [-77.7729, 36.1469], [-77.749, 36.157], [-77.7207, 36.1339], [-77.698, 36.1531], [-77.6785, 36.1544], [-77.6703, 36.1373], [-77.6447, 36.1382], [-77.6295, 36.1218], [-77.6265, 36.1114], [-77.5407, 36.0961], [-77.5284, 36.0694], [-77.54, 36.0604], [-77.5292, 36.0393], [-77.4751, 36.0378], [-77.4393, 36.0212], [-77.4416, 36.0147], [-77.4211, 36.0036], [-77.4026, 36.005], [-77.3398, 36.0662], [-77.3276, 36.0714], [-77.3132, 36.0892], [-77.2667, 36.1001], [-77.2421, 36.0974], [-77.2303, 36.105], [-77.2518, 36.1157], [-77.2397, 36.1198], [-77.2546, 36.1228], [-77.2508, 36.1346], [-77.2656, 36.1398], [-77.2634, 36.1589], [-77.2751, 36.157], [-77.2883, 36.1693], [-77.3015, 36.1652], [-77.3284, 36.1919], [-77.351, 36.1915], [-77.3866, 36.2136], [-77.3776, 36.2346], [-77.3806, 36.2493], [-77.4097, 36.2638], [-77.4144, 36.2935], [-77.4417, 36.3244], [-77.4688, 36.3212], [-77.4951, 36.3084], [-77.5411, 36.3033], [-77.5714, 36.3141], [-77.5857, 36.3355], [-77.5799, 36.3501], [-77.547, 36.3739], [-77.5445, 36.392], [-77.5553, 36.418], [-77.5893, 36.4235], [-77.5912, 36.4308], [-77.6307, 36.4506], [-77.6444, 36.4802], [-77.6811, 36.4792], [-77.7097, 36.4871], [-77.7307, 36.4865], [-77.7426, 36.4799], [-77.774, 36.4817], [-77.8175, 36.5005], [-77.8928, 36.512], [-77.8995, 36.5043], [-77.9092, 36.4739], [-77.912, 36.3825], [-77.9424, 36.2985], [-78.0066, 36.2026]]]}}]}