{"type": "FeatureCollection", "parent": {"osm_id": 224922, "name": "Louisiana", "admin_level": "4", "kind": "subdivision_1", "child_kind": "subdivision_2", "iso": "US-LA"}, "features": [{"type": "Feature", "properties": {"osm_type": "relation", "osm_id": 221332916, "name": "East Feliciana", "admin_level": "6", "kind": "subdivision_2", "parent_osm_id": 224922, "parent_name": "Louisiana", "parent_iso": "US-LA"}, "geometry": {"type": "Polygon", "coordinates": [[[-91.1761, 30.9991], [-91.1821, 30.9745], [-91.1951, 30.9629], [-91.1947, 30.9455], [-91.1869, 30.9365], [-91.2089, 30.9148], [-91.2073, 30.892], [-91.2171, 30.893], [-91.2224, 30.8808], [-91.2197, 30.8645], [-91.2293, 30.8534], [-91.2248, 30.847], [-91.2348, 30.8247], [-91.2306, 30.8105], [-91.2426, 30.8046], [-91.2362, 30.7951], [-91.2489, 30.7864], [-91.2676, 30.7573], [-91.2769, 30.7584], [-91.2862, 30.7467], [-91.2861, 30.7345], [-91.2967, 30.7254], [-91.2931, 30.7156], [-91.3207, 30.6994], [-91.3052, 30.6734], [-91.3101, 30.654], [-91.2977, 30.6496], [-91.2887, 30.6779], [-91.2702, 30.6809], [-91.2648, 30.6987], [-91.2544, 30.7053], [-90.849, 30.7193], [-90.8392, 30.7246], [-90.8504, 30.7543], [-90.842, 30.7655], [-90.8447, 30.7929], [-90.8347, 30.8132], [-90.8482, 30.8397], [-90.841, 30.8472], [-90.8583, 30.8589], [-90.858, 30.8731], [-90.8454, 30.8886], [-90.8627, 30.9443], [-90.8452, 30.9625], [-90.8442, 30.9827], [-90.8258, 30.9994], [-91.1761, 30.9991]]]}}, {"type": "Feature", "properties": {"osm_type": "relation", "osm_id": 431304958, "name": "Jackson", "admin_level": "6", "kind": "subdivision_2", "parent_osm_id": 224922, "parent_name": "Louisiana", "parent_iso": "US-LA"}, "geometry": {"type": "Polygon", "coordinates": [[[-92.7772, 32.4535], [-92.7732, 32.236], [-92.7875, 32.215], [-92.801, 32.2107], [-92.7988, 32.1813], [-92.8172, 32.1617], [-92.8222, 32.1626], [-92.8147, 32.1469], [-92.3122, 32.1461], [-92.3118, 32.3208], [-92.4154, 32.4078], [-92.4154, 32.4955], [-92.6223, 32.4964], [-92.6217, 32.453], [-92.7772, 32.4535]]]}}, {"type": "Feature", "properties": {"osm_type": "relation", "osm_id": 393862478, "name": "St. James", "admin_level": "6", "kind": "subdivision_2", "parent_osm_id": 224922, "parent_name": "Louisiana", "parent_iso": "US-LA"}, "geometry": {"type": "Polygon", "coordinates": [[[-90.9637, 30.0665], [-90.9599, 29.9779], [-90.9261, 29.9782], [-90.9259, 29.935], [-90.8862, 29.9356], [-90.8856, 29.9054], [-90.7852, 29.9075], [-90.7857, 29.9216], [-90.7773, 29.922], [-90.7288, 29.9106], [-90.7171, 29.8966], [-90.6902, 29.9049], [-90.6807, 29.8926], [-90.6563, 29.8893], [-90.665, 29.9074], [-90.666, 29.9515], [-90.6747, 29.966], [-90.6668, 29.9809], [-90.6754, 29.9873], [-90.6713, 29.9926], [-90.6889, 30.036], [-90.6612, 30.0508], [-90.6708, 30.094], [-90.6537, 30.0963], [-90.642, 30.1664], [-90.9156, 30.1133], [-90.9147, 30.1088], [-90.9356, 30.0857], [-90.9637, 30.0665]]]}}, {"type": "Feature", "properties": {"osm_type": "relation", "osm_id": 124195279, "name": "St. Charles", "admin_level": "6", "kind": "subdivision_2", "parent_osm_id": 224922, "parent_name": "Louisiana", "parent_iso": "US-LA"}, "geometry": {"type": "Polygon", "coordinates": [[[-90.2599, 30.1634], [-90.3266, 30.1502], [-90.3497, 30.1203], [-90.407, 30.0831], [-90.4502, 30.0331], [-90.4678, 30.0317], [-90.4758, 30.0359], [-90.5384, 30.0134], [-90.5498, 30.0024], [-90.5493, 29.9681], [-90.5322, 29.9679], [-90.5296, 29.885], [-90.5157, 29.8647], [-90.4989, 29.8651], [-90.4799, 29.8474], [-90.4758, 29.8129], [-90.468, 29.8035], [-90.4299, 29.7764], [-90.4052, 29.7743], [-90.372, 29.7592], [-90.3709, 29.7462], [-90.3608, 29.7371], [-90.3615, 29.7075], [-90.3462, 29.6933], [-90.2282, 29.692], [-90.1673, 29.8185], [-90.1732, 29.8275], [-90.2402, 29.8621], [-90.2432, 29.8807], [-90.268, 29.9049], [-90.2803, 29.9726], [-90.2792, 30.0485], [-90.2726, 30.1078], [-90.2599, 30.1634]]]}}, {"type": "Feature", "properties": {"osm_type": "relation", "osm_id": 144349520, "name": "St. Landry", "admin_level": "6", "kind": "subdivision_2", "parent_osm_id": 224922, "parent_name": "Louisiana", "parent_iso": "US-LA"}, "geometry": {"type": "Polygon", "coordinates": [[[-92.2127, 30.8486], [-92.2113, 30.7931], [-92.2069, 30.7848], [-92.1724, 30.7679], [-92.1725, 30.6739], [-92.194, 30.6593], [-92.2117, 30.6132], [-92.2115, 30.5681], [-92.2623, 30.5682], [-92.2627, 30.5387], [-92.4153, 30.5386], [-92.4494, 30.5342], [-92.4589, 30.5279], [-92.4644, 30.4953], [-92.4933, 30.4805], [-92.2448, 30.4802], [-92.2443, 30.4367], [-92.1765, 30.4369], [-92.1758, 30.3496], [-92.1586, 30.3425], [-92.1585, 30.3208], [-92.1415, 30.3208], [-92.1422, 30.2988], [-92.0895, 30.3302], [-92.0833, 30.3606], [-92.0494, 30.3813], [-92.0318, 30.3612], [-92.0158, 30.3714], [-91.9887, 30.3686], [-91.9815, 30.3817], [-91.9782, 30.4074], [-91.9657, 30.4104], [-91.9373, 30.3947], [-91.8693, 30.4172], [-91.8127, 30.3943], [-91.6789, 30.3947], [-91.6943, 30.4018], [-91.7226, 30.4523], [-91.7366, 30.4515], [-91.7562, 30.4977], [-91.7325, 30.5101], [-91.757, 30.5626], [-91.7514, 30.6037], [-91.741, 30.6325], [-91.7464, 30.6588], [-91.7348, 30.6667], [-91.734, 30.7034], [-91.7579, 30.741], [-91.7563, 30.7601], [-91.7688, 30.7854], [-91.8073, 30.8111], [-91.7985, 30.829], [-91.8153, 30.8481], [-92.2127, 30.8486]]]}}, {"type": "Feature", "properties": {"osm_type": "relation", "osm_id": 787867064, "name": "Winn", "admin_level": "6", "kind": "subdivision_2", "parent_osm_id": 224922, "parent_name": "Louisiana", "parent_iso": "US-LA"}, "geometry": {"type": "Polygon", "coordinates": [[[-92.8147, 32.1469], [-92.9391, 32.1479], [-92.9312, 32.1225], [-92.9128, 32.1034], [-92.9047, 32.0814], [-92.9118, 32.0771], [-92.8958, 32.055], [-92.8985, 32.0449], [-92.8882, 32.0312], [-92.8878, 32.0086], [-92.9006, 31.988], [-92.8835, 31.9811], [-92.885, 31.9566], [-92.8722, 31.9459], [-92.8849, 31.9392], [-92.8946, 31.9172], [-92.8926, 31.9015], [-92.9011, 31.8939], [-92.9062, 31.8694], [-92.8982, 31.8594], [-92.9084, 31.8508], [-92.95, 31.8561], [-92.9384, 31.8294], [-92.9486, 31.8189], [-92.942, 31.815], [-92.9526, 31.7837], [-92.9668, 31.7813], [-92.9735, 31.7089], [-92.62, 31.7096], [-92.6192, 31.7972], [-92.3626, 31.7966], [-92.3587, 31.7977], [-92.362, 31.8083], [-92.3488, 31.8094], [-92.3361, 31.8231], [-92.341, 31.8273], [-92.3292, 31.8494], [-92.3371, 31.8516], [-92.3213, 31.8651], [-92.3247, 31.8863], [-92.3126, 31.8962], [-92.3122, 32.1461], [-92.8147, 32.1469]]]}}, {"type": "Feature", "properties": {"osm_type": "relation", "osm_id": 944131140, "name": "Caldwell", "admin_level": "6", "kind": "subdivision_2", "parent_osm_id": 224922, "parent_name": "Louisiana", "parent_iso": "US-LA"}, "geometry": {"type": "Polygon", "coordinates": [[[-92.3122, 32.1461], [-92.3126, 31.9274], [-91.9044, 31.9276], [-91.9047, 31.9715], [-91.8897, 31.9715], [-91.9021, 31.9958], [-91.8944, 32.0106], [-91.9028, 32.0254], [-91.8985, 32.0402], [-91.909, 32.0462], [-91.9221, 32.0663], [-91.9332, 32.0669], [-91.9111, 32.085], [-91.9001, 32.0761], [-91.898, 32.0856], [-91.8682, 32.0916], [-91.8745, 32.1041], [-91.8695, 32.1154], [-91.876, 32.1273], [-91.8944, 32.138], [-91.8947, 32.1516], [-91.9004, 32.1527], [-91.8949, 32.1636], [-91.9106, 32.1691], [-91.9328, 32.1652], [-91.9549, 32.1736], [-91.9799, 32.1662], [-91.9759, 32.1772], [-91.9823, 32.1933], [-91.9753, 32.2043], [-92.0001, 32.1904], [-92.0064, 32.2016], [-91.978, 32.2162], [-91.9848, 32.2231], [-91.9982, 32.2115], [-91.9926, 32.2271], [-92.0054, 32.2289], [-91.9921, 32.2638], [-91.9934, 32.2768], [-92.1064, 32.2766], [-92.1061, 32.2586], [-92.1526, 32.2587], [-92.1648, 32.2767], [-92.3119, 32.2774], [-92.3122, 32.1461]]]}}, {"type": "Feature", "properties": {"osm_type": "relation", "osm_id": 830279176, "name": "Grant", "admin_level": "6", "kind": "subdivision_2", "parent_osm_id": 224922, "parent_name": "Louisiana", "parent_iso": "US-LA"}, "geometry": {"type": "Polygon", "coordinates": [[[-92.9735, 31.7089], [-92.9599, 31.7013], [-92.9638, 31.6799], [-92.9294, 31.6779], [-92.9247, 31.6659], [-92.9028, 31.6595], [-92.9063, 31.6236], [-92.8714, 31.6177], [-92.841, 31.6012], [-92.8014, 31.597], [-92.7874, 31.5787], [-92.7571, 31.5588], [-92.7613, 31.5474], [-92.7167, 31.522], [-92.719, 31.5176], [-92.702, 31.4944], [-92.688, 31.501], [-92.6842, 31.4928], [-92.6987, 31.4919], [-92.6932, 31.4713], [-92.707, 31.4705], [-92.7062, 31.4507], [-92.6802, 31.4441], [-92.6944, 31.4282], [-92.6776, 31.4147], [-92.6945, 31.401], [-92.6792, 31.3961], [-92.6697, 31.4041], [-92.6587, 31.3881], [-92.1961, 31.4779], [-92.2127, 31.4817], [-92.214, 31.4916], [-92.2483, 31.4845], [-92.2395, 31.5012], [-92.2491, 31.5059], [-92.2662, 31.4928], [-92.2776, 31.4962], [-92.2751, 31.5361], [-92.2869, 31.5366], [-92.3046, 31.5532], [-92.2987, 31.5633], [-92.3102, 31.5732], [-92.3201, 31.5717], [-92.3069, 31.5895], [-92.343, 31.5958], [-92.3844, 31.6204], [-92.3468, 31.6286], [-92.3606, 31.6429], [-92.3657, 31.6723], [-92.3502, 31.6807], [-92.3477, 31.6966], [-92.3725, 31.7015], [-92.3684, 31.723], [-92.3605, 31.7215], [-92.3507, 31.7385], [-92.3583, 31.7427], [-92.3449, 31.7549], [-92.353, 31.7804], [-92.3613, 31.7814], [-92.3626, 31.7966], [-92.6192, 31.7972], [-92.62, 31.7096], [-92.9735, 31.7089]]]}}, {"type": "Feature", "properties": {"osm_type": "relation", "osm_id": 999748784, "name": "Caddo", "admin_level": "6", "kind": "subdivision_2", "parent_osm_id": 224922, "parent_name": "Louisiana", "parent_iso": "US-LA"}, "geometry": {"type": "Polygon", "coordinates": [[[-94.0429, 32.8811], [-94.0426, 32.196], [-93.9511, 32.1956], [-93.8603, 32.2537], [-93.8566, 32.2811], [-93.8477, 32.2924], [-93.8077, 32.3135], [-93.8071, 32.3278], [-93.7913, 32.3402], [-93.7556, 32.3438], [-93.7143, 32.3162], [-93.6665, 32.3174], [-93.651, 32.3065], [-93.6143, 32.2698], [-93.6147, 32.2375], [-93.4713, 32.2372], [-93.4619, 32.2495], [-93.4861, 32.2572], [-93.4803, 32.2421], [-93.4902, 32.2436], [-93.4922, 32.2656], [-93.5248, 32.274], [-93.5144, 32.2971], [-93.5385, 32.295], [-93.5282, 32.3132], [-93.5389, 32.3184], [-93.545, 32.3065], [-93.5527, 32.3206], [-93.5447, 32.3275], [-93.5631, 32.333], [-93.5824, 32.3285], [-93.5885, 32.3489], [-93.6151, 32.3483], [-93.6223, 32.354], [-93.6083, 32.3703], [-93.6256, 32.3619], [-93.6289, 32.3997], [-93.6507, 32.3782], [-93.6357, 32.3959], [-93.6481, 32.4027], [-93.668, 32.4041], [-93.6633, 32.3878], [-93.6856, 32.3955], [-93.6867, 32.4071], [-93.6603, 32.4164], [-93.6834, 32.4175], [-93.6918, 32.4228], [-93.68, 32.4336], [-93.6734, 32.4209], [-93.6614, 32.4276], [-93.6741, 32.4407], [-93.6916, 32.4489], [-93.6837, 32.4588], [-93.7015, 32.4816], [-93.6974, 32.4939], [-93.7184, 32.4884], [-93.705, 32.4974], [-93.7383, 32.5126], [-93.7676, 32.5415], [-93.7562, 32.537], [-93.7417, 32.5566], [-93.7533, 32.5562], [-93.7544, 32.5651], [-93.7366, 32.5799], [-93.7395, 32.5908], [-93.757, 32.5875], [-93.7691, 32.5957], [-93.7436, 32.6028], [-93.76, 32.6061], [-93.7515, 32.6209], [-93.7613, 32.6419], [-93.7818, 32.6391], [-93.7813, 32.6489], [-93.7659, 32.6527], [-93.7749, 32.6741], [-93.7868, 32.6689], [-93.7821, 32.7122], [-93.7871, 32.7246], [-93.8026, 32.7262], [-93.8191, 32.7109], [-93.8263, 32.7166], [-93.8192, 32.736], [-93.7911, 32.7593], [-93.7832, 32.7844], [-93.7873, 32.7943], [-93.8032, 32.7971], [-93.8168, 32.7823], [-93.8243, 32.7925], [-93.817, 32.8012], [-93.7985, 32.8076], [-93.7896, 32.822], [-93.7852, 32.8574], [-93.7996, 32.8469], [-93.8148, 32.8516], [-93.8028, 32.8603], [-93.8012, 32.8714], [-93.8203, 32.8843], [-93.8209, 32.902], [-93.802, 32.9318], [-93.8236, 32.9464], [-93.8452, 32.9504], [-93.8266, 32.9667], [-93.8009, 32.9656], [-93.8053, 32.9738], [-93.8225, 32.9672], [-93.8177, 32.9758], [-93.8257, 33.012], [-93.8146, 33.0194], [-94.043, 33.0192], [-94.0429, 32.8811]]]}}, {"type": "Feature", "properties": {"osm_type": "relation", "osm_id": 638527035, "name": "Madison", "admin_level": "6", "kind": "subdivision_2", "parent_osm_id": 224922, "parent_name": "Louisiana", "parent_iso": "US-LA"}, "geometry": {"type": "MultiPolygon", "coordinates": [[[[-91.0308, 32.1206], [-91.0118, 32.1312], [-91.0041, 32.1462], [-91.0062, 32.157], [-91.025, 32.1626], [-91.0502, 32.1785], [-91.0577, 32.1774], [-91.0589, 32.1713], [-91.0485, 32.1502], [-91.0532, 32.1242], [-91.0308, 32.1206]]], [[[-91.4767, 32.4058], [-91.4758, 32.3852], [-91.4517, 32.3686], [-91.4507, 32.3617], [-91.466, 32.3511], [-91.4805, 32.3552], [-91.485, 32.3665], [-91.5005, 32.3477], [-91.4943, 32.3387], [-91.4781, 32.3429], [-91.4724, 32.3165], [-91.5041, 32.3135], [-91.5033, 32.2952], [-91.5267, 32.3007], [-91.5236, 32.2531], [-91.543, 32.259], [-91.5572, 32.2497], [-91.5251, 32.2343], [-91.5095, 32.2442], [-91.5258, 32.2208], [-91.5466, 32.2101], [-91.5355, 32.2037], [-91.3207, 32.2025], [-91.2722, 32.2309], [-91.2348, 32.21], [-91.2155, 32.2331], [-91.1836, 32.2454], [-91.1338, 32.2493], [-91.1216, 32.24], [-91.124, 32.2111], [-91.1173, 32.2067], [-91.1085, 32.2082], [-91.0837, 32.2265], [-91.0711, 32.2261], [-91.0614, 32.2187], [-91.0503, 32.238], [-91.039, 32.2424], [-91.0029, 32.2231], [-91.0035, 32.2008], [-90.9914, 32.1994], [-90.9834, 32.2118], [-90.9803, 32.2436], [-90.9694, 32.2525], [-90.983, 32.2703], [-90.9795, 32.2937], [-90.9642, 32.2969], [-90.9514, 32.2832], [-90.934, 32.2903], [-90.8937, 32.3281], [-90.8761, 32.3578], [-90.8756, 32.3724], [-90.889, 32.3733], [-90.8978, 32.3544], [-90.9124, 32.3395], [-90.9936, 32.3541], [-91.0045, 32.3681], [-90.9941, 32.4039], [-90.9745, 32.412], [-90.9663, 32.421], [-90.9696, 32.4395], [-90.9786, 32.447], [-90.9939, 32.4509], [-91.0296, 32.4335], [-91.0529, 32.4384], [-91.0818, 32.4504], [-91.1088, 32.472], [-91.116, 32.4831], [-91.1167, 32.5001], [-91.1013, 32.5256], [-91.0979, 32.5448], [-91.0674, 32.5232], [-91.0509, 32.5001], [-91.0381, 32.4904], [-91.0042, 32.4821], [-90.9907, 32.4878], [-90.9872, 32.4957], [-90.9949, 32.5086], [-91.0071, 32.5164], [-91.0317, 32.525], [-91.0709, 32.5485], [-91.0765, 32.5588], [-91.0698, 32.5628], [-91.1084, 32.5626], [-91.1337, 32.5379], [-91.4576, 32.5378], [-91.4852, 32.503], [-91.4845, 32.4718], [-91.4717, 32.4338], [-91.4865, 32.4348], [-91.4767, 32.4058]]]]}}, {"type": "Feature", "properties": {"osm_type": "relation", "osm_id": 204460970, "name": "LaSalle", "admin_level": "6", "kind": "subdivision_2", "parent_osm_id": 224922, "parent_name": "Louisiana", "parent_iso": "US-LA"}, "geometry": {"type": "Polygon", "coordinates": [[[-92.3626, 31.7966], [-92.3613, 31.7814], [-92.353, 31.7804], [-92.3449, 31.7549], [-92.3583, 31.7427], [-92.3507, 31.7385], [-92.3605, 31.7215], [-92.3684, 31.723], [-92.3725, 31.7015], [-92.3477, 31.6966], [-92.3502, 31.6807], [-92.3657, 31.6723], [-92.3606, 31.6429], [-92.3468, 31.6286], [-92.3844, 31.6204], [-92.343, 31.5958], [-92.3069, 31.5895], [-92.3201, 31.5717], [-92.3102, 31.5732], [-92.2987, 31.5633], [-92.3046, 31.5532], [-92.2869, 31.5366], [-92.2751, 31.5361], [-92.2776, 31.4962], [-92.2662, 31.4928], [-92.2491, 31.5059], [-92.2395, 31.5012], [-92.2483, 31.4845], [-92.214, 31.4916], [-92.2127, 31.4817], [-92.1607, 31.4672], [-92.1675, 31.4556], [-92.1545, 31.4474], [-92.1619, 31.4346], [-92.1488, 31.4049], [-92.1093, 31.3728], [-92.1027, 31.3773], [-92.0833, 31.3649], [-92.0724, 31.3432], [-92.0867, 31.3354], [-92.0814, 31.3241], [-92.026, 31.343], [-92.0081, 31.3258], [-92.0054, 31.9273], [-92.3126, 31.9274], [-92.3126, 31.8962], [-92.3247, 31.8863], [-92.3213, 31.8651], [-92.3371, 31.8516], [-92.3292, 31.8494], [-92.341, 31.8273], [-92.3361, 31.8231], [-92.3488, 31.8094], [-92.362, 31.8083], [-92.3587, 31.7977], [-92.3626, 31.7966]]]}}, {"type": "Feature", "properties": {"osm_type": "relation", "osm_id": 539023370, "name": "Webster", "admin_level": "6", "kind": "subdivision_2", "parent_osm_id": 224922, "parent_name": "Louisiana", "parent_iso": "US-LA"}, "geometry": {"type": "Polygon", "coordinates": [[[-93.521, 33.0186], [-93.5163, 33.0025], [-93.5305, 32.9756], [-93.5196, 32.9651], [-93.5089, 32.9358], [-93.4933, 32.9215], [-93.4808, 32.9272], [-93.4696, 32.9177], [-93.4698, 32.9044], [-93.4822, 32.902], [-93.4807, 32.8909], [-93.4655, 32.8792], [-93.4638, 32.8684], [-93.4479, 32.8667], [-93.4548, 32.851], [-93.4675, 32.8481], [-93.4566, 32.835], [-93.454, 32.8216], [-93.467, 32.8092], [-93.4597, 32.8062], [-93.4738, 32.7832], [-93.465, 32.7717], [-93.4697, 32.7614], [-93.4447, 32.7612], [-93.4465, 32.498], [-93.4412, 32.4978], [-93.4412, 32.4104], [-93.2367, 32.4101], [-93.2367, 32.4542], [-93.1472, 32.4552], [-93.1465, 32.47], [-93.1713, 32.5264], [-93.1682, 32.5497], [-93.1788, 32.5849], [-93.1779, 32.6227], [-93.1736, 32.6331], [-93.1863, 32.6727], [-93.1866, 32.7168], [-93.2374, 32.7163], [-93.2386, 33.018], [-93.521, 33.0186]]]}}, {"type": "Feature", "properties": {"osm_type": "relation", "osm_id": 277321049, "name": "Acadia", "admin_level": "6", "kind": "subdivision_2", "parent_osm_id": 224922, "parent_name": "Louisiana", "parent_iso": "US-LA"}, "geometry": {"type": "Polygon", "coordinates": [[[-92.4933, 30.4805], [-92.632, 30.4812], [-92.6006, 30.4375], [-92.5946, 30.4203], [-92.6084, 30.3859], [-92.6297, 30.3789], [-92.6195, 30.3401], [-92.6322, 30.3143], [-92.6251, 30.3013], [-92.6281, 30.285], [-92.6225, 30.2418], [-92.6266, 30.2303], [-92.6147, 30.215], [-92.5831, 30.201], [-92.5911, 30.2016], [-92.5911, 30.1824], [-92.6187, 30.1748], [-92.608, 30.1586], [-92.6218, 30.148], [-92.6286, 30.1337], [-92.6183, 30.1042], [-92.6255, 30.0923], [-92.6153, 30.0888], [-92.6048, 30.0983], [-92.5873, 30.0961], [-92.5571, 30.116], [-92.5346, 30.1079], [-92.506, 30.0793], [-92.4698, 30.062], [-92.4232, 30.0493], [-92.3762, 30.0666], [-92.3324, 30.1015], [-92.3229, 30.1173], [-92.2979, 30.1366], [-92.2889, 30.1494], [-92.2753, 30.1461], [-92.2463, 30.1855], [-92.2505, 30.2032], [-92.234, 30.2197], [-92.2099, 30.2264], [-92.2102, 30.2413], [-92.1761, 30.2411], [-92.1763, 30.2699], [-92.1591, 30.2698], [-92.1595, 30.2845], [-92.142, 30.2845], [-92.1415, 30.3208], [-92.1585, 30.3208], [-92.1586, 30.3425], [-92.1758, 30.3496], [-92.1765, 30.4369], [-92.2443, 30.4367], [-92.2448, 30.4802], [-92.4933, 30.4805]]]}}, {"type": "Feature", "properties": {"osm_type": "relation", "osm_id": 281582518, "name": "West Carroll", "admin_level": "6", "kind": "subdivision_2", "parent_osm_id": 224922, "parent_name": "Louisiana", "parent_iso": "US-LA"}, "geometry": {"type": "Polygon", "coordinates": [[[-91.4358, 33.0061], [-91.4496, 32.9838], [-91.4376, 32.9809], [-91.4563, 32.9658], [-91.4797, 32.9354], [-91.4758, 32.9297], [-91.4983, 32.9017], [-91.4947, 32.8908], [-91.5115, 32.879], [-91.5347, 32.8775], [-91.5664, 32.8556], [-91.591, 32.808], [-91.5894, 32.7975], [-91.6028, 32.7874], [-91.5954, 32.7662], [-91.5972, 32.7489], [-91.6177, 32.7208], [-91.6286, 32.7191], [-91.6389, 32.7025], [-91.624, 32.6957], [-91.622, 32.6799], [-91.6376, 32.6673], [-91.5969, 32.6672], [-91.596, 32.5822], [-91.4453, 32.582], [-91.4266, 32.5999], [-91.397, 32.6095], [-91.405, 32.6271], [-91.3958, 32.641], [-91.4017, 32.6691], [-91.3983, 32.693], [-91.3749, 32.6899], [-91.3772, 32.7063], [-91.3559, 32.7408], [-91.3431, 32.7505], [-91.3397, 32.862], [-91.3269, 32.8723], [-91.3214, 32.864], [-91.3104, 32.8903], [-91.3092, 32.9359], [-91.2802, 32.9509], [-91.2677, 32.9751], [-91.265, 33.0051], [-91.4358, 33.0061]]]}}, {"type": "Feature", "properties": {"osm_type": "relation", "osm_id": 336914044, "name": "Evangeline", "admin_level": "6", "kind": "subdivision_2", "parent_osm_id": 224922, "parent_name": "Louisiana", "parent_iso": "US-LA"}, "geometry": {"type": "Polygon", "coordinates": [[[-92.2127, 30.8486], [-92.2377, 30.8482], [-92.2382, 30.8922], [-92.2807, 30.936], [-92.2807, 30.9651], [-92.3308, 30.9633], [-92.3418, 30.9815], [-92.3802, 31.0004], [-92.4094, 30.9923], [-92.4187, 30.975], [-92.4389, 30.9698], [-92.4597, 30.9558], [-92.4803, 30.9523], [-92.4802, 30.9182], [-92.509, 30.8958], [-92.5264, 30.8935], [-92.5517, 30.9028], [-92.5611, 30.898], [-92.5977, 30.8961], [-92.5974, 30.5839], [-92.5829, 30.5673], [-92.6052, 30.5295], [-92.6233, 30.518], [-92.6145, 30.5074], [-92.632, 30.4812], [-92.4933, 30.4805], [-92.4644, 30.4953], [-92.4589, 30.5279], [-92.4494, 30.5342], [-92.4153, 30.5386], [-92.2627, 30.5387], [-92.2623, 30.5682], [-92.2115, 30.5681], [-92.2117, 30.6132], [-92.194, 30.6593], [-92.1725, 30.6739], [-92.1724, 30.7679], [-92.2069, 30.7848], [-92.2113, 30.7931], [-92.2127, 30.8486]]]}}, {"type": "Feature", "properties": {"osm_type": "relation", "osm_id": 306272067, "name": "Catahoula", "admin_level": "6", "kind": "subdivision_2", "parent_osm_id": 224922, "parent_name": "Louisiana", "parent_iso": "US-LA"}, "geometry": {"type": "Polygon", "coordinates": [[[-92.0054, 31.9273], [-92.0081, 31.3258], [-92.0017, 31.3177], [-92.0072, 31.3066], [-91.9965, 31.2997], [-92.0109, 31.2924], [-92.0165, 31.3025], [-92.0198, 31.2805], [-92.0099, 31.2825], [-92.0032, 31.2589], [-91.988, 31.2489], [-92.0042, 31.2435], [-91.9922, 31.239], [-91.992, 31.2262], [-91.9739, 31.2253], [-91.9627, 31.2423], [-91.9466, 31.2397], [-91.941, 31.2215], [-91.9205, 31.2317], [-91.9354, 31.2384], [-91.9465, 31.272], [-91.9343, 31.2899], [-91.9089, 31.2968], [-91.8697, 31.2807], [-91.8549, 31.2643], [-91.8343, 31.2663], [-91.8237, 31.2776], [-91.8237, 31.2932], [-91.841, 31.2924], [-91.8622, 31.3023], [-91.8674, 31.3162], [-91.8633, 31.3545], [-91.845, 31.3759], [-91.8316, 31.379], [-91.8081, 31.3707], [-91.7893, 31.3747], [-91.7768, 31.3852], [-91.7857, 31.395], [-91.817, 31.3956], [-91.8455, 31.4095], [-91.8559, 31.4238], [-91.8641, 31.4662], [-91.8557, 31.4802], [-91.8559, 31.496], [-91.8479, 31.5017], [-91.8338, 31.5009], [-91.8242, 31.4904], [-91.8071, 31.4388], [-91.7846, 31.4414], [-91.7665, 31.4331], [-91.7383, 31.4316], [-91.7241, 31.4388], [-91.7209, 31.4495], [-91.7278, 31.4636], [-91.7988, 31.4734], [-91.8021, 31.4911], [-91.7841, 31.5023], [-91.777, 31.5153], [-91.7797, 31.531], [-91.813, 31.5549], [-91.8264, 31.5725], [-91.825, 31.598], [-91.8064, 31.6308], [-91.7748, 31.6488], [-91.7561, 31.6227], [-91.7372, 31.6141], [-91.7278, 31.6214], [-91.706, 31.6429], [-91.7143, 31.676], [-91.7017, 31.703], [-91.6966, 31.7318], [-91.6861, 31.7421], [-91.6788, 31.7431], [-91.6625, 31.7294], [-91.6358, 31.7291], [-91.6141, 31.7456], [-91.6016, 31.7619], [-91.584, 31.7558], [-91.5712, 31.7351], [-91.5482, 31.7227], [-91.5377, 31.7318], [-91.5362, 31.7427], [-91.5777, 31.7959], [-91.5687, 31.827], [-91.5757, 31.8826], [-91.5971, 31.8827], [-91.5969, 31.9698], [-91.6475, 31.9704], [-91.6703, 31.9253], [-91.6822, 31.9235], [-91.6966, 31.9035], [-91.7222, 31.8931], [-91.7292, 31.8825], [-91.7567, 31.8847], [-91.7798, 31.8719], [-91.7787, 31.8877], [-91.8049, 31.8932], [-91.795, 31.9029], [-91.8048, 31.9185], [-91.8236, 31.9178], [-91.8503, 31.9449], [-91.8445, 31.9533], [-91.8897, 31.9715], [-91.9047, 31.9715], [-91.9044, 31.9276], [-92.0054, 31.9273]]]}}, {"type": "Feature", "properties": {"osm_type": "relation", "osm_id": 556323158, "name": "Allen", "admin_level": "6", "kind": "subdivision_2", "parent_osm_id": 224922, "parent_name": "Louisiana", "parent_iso": "US-LA"}, "geometry": {"type": "Polygon", "coordinates": [[[-92.5977, 30.8961], [-92.7192, 30.8987], [-92.8239, 30.89], [-92.8236, 30.8756], [-92.9785, 30.8782], [-92.9792, 30.5983], [-93.1303, 30.5979], [-93.1312, 30.4236], [-93.0656, 30.4243], [-93.0655, 30.4386], [-92.7757, 30.4376], [-92.774, 30.4883], [-92.6304, 30.4879], [-92.6145, 30.5074], [-92.6233, 30.518], [-92.6052, 30.5295], [-92.5829, 30.5673], [-92.5974, 30.5839], [-92.5977, 30.8961]]]}}, {"type": "Feature", "properties": {"osm_type": "relation", "osm_id": 898375872, "name": "Pointe Coupee", "admin_level": "6", "kind": "subdivision_2", "parent_osm_id": 224922, "parent_name": "Louisiana", "parent_iso": "US-LA"}, "geometry": {"type": "Polygon", "coordinates": [[[-91.7562, 30.4977], [-91.5834, 30.497], [-91.5837, 30.4826], [-91.5564, 30.4828], [-91.5262, 30.4971], [-91.4851, 30.4971], [-91.4818, 30.5108], [-91.4148, 30.5115], [-91.3976, 30.5689], [-91.365, 30.569], [-91.3651, 30.5881], [-91.3199, 30.6329], [-91.3095, 30.6501], [-91.3309, 30.6587], [-91.3407, 30.6702], [-91.3532, 30.7221], [-91.3751, 30.7567], [-91.395, 30.7579], [-91.4504, 30.7362], [-91.5099, 30.7403], [-91.553, 30.7308], [-91.5713, 30.7353], [-91.5946, 30.7502], [-91.5929, 30.766], [-91.5845, 30.7728], [-91.5573, 30.7782], [-91.5395, 30.7912], [-91.5179, 30.8514], [-91.5155, 30.8724], [-91.5214, 30.8901], [-91.5493, 30.9162], [-91.6146, 30.9176], [-91.6096, 30.8984], [-91.5761, 30.8934], [-91.5636, 30.8833], [-91.5564, 30.8486], [-91.5675, 30.8368], [-91.5786, 30.8463], [-91.6234, 30.8405], [-91.647, 30.8449], [-91.6614, 30.8571], [-91.6609, 30.8951], [-91.6449, 30.929], [-91.6625, 30.9704], [-91.6631, 30.9844], [-91.6583, 30.9944], [-91.6873, 31.0181], [-91.714, 31.0068], [-91.7501, 31.0188], [-91.7742, 31.0026], [-91.7805, 30.9867], [-91.7965, 30.9828], [-91.806, 30.9726], [-91.8002, 30.9246], [-91.8043, 30.8637], [-91.8231, 30.8564], [-91.7985, 30.829], [-91.8073, 30.8111], [-91.7688, 30.7854], [-91.7563, 30.7601], [-91.7579, 30.741], [-91.734, 30.7034], [-91.7348, 30.6667], [-91.7464, 30.6588], [-91.741, 30.6325], [-91.7514, 30.6037], [-91.757, 30.5626], [-91.7325, 30.5101], [-91.7562, 30.4977]]]}}, {"type": "Feature", "properties": {"osm_type": "relation", "osm_id": 772962934, "name": "St. Bernard", "admin_level": "6", "kind": "subdivision_2", "parent_osm_id": 224922, "parent_name": "Louisiana", "parent_iso": "US-LA"}, "geometry": {"type": "MultiPolygon", "coordinates": [[[[-88.8815, 30.0532], [-88.8779, 30.0411], [-88.8544, 30.012], [-88.8387, 29.9623], [-88.8351, 29.9226], [-88.8368, 29.8862], [-88.8469, 29.8366], [-88.8737, 29.7754], [-88.8751, 29.7598], [-88.863, 29.7571], [-88.8441, 29.7957], [-88.8265, 29.8471], [-88.8182, 29.8891], [-88.817, 29.9343], [-88.8242, 29.9705], [-88.8412, 30.0128], [-88.8556, 30.0344], [-88.8705, 30.0492], [-88.8815, 30.0532]]], [[[-89.3422, 30.0592], [-89.337, 30.04], [-89.3085, 30.0398], [-89.2762, 30.0317], [-89.2598, 30.0494], [-89.2393, 30.0408], [-89.2272, 30.0212], [-89.2295, 30.0004], [-89.2157, 29.9935], [-89.2016, 30.0014], [-89.2123, 30.0196], [-89.203, 30.0346], [-89.184, 30.0328], [-89.1734, 30.0434], [-89.1858, 30.0639], [-89.2208, 30.0715], [-89.2271, 30.0951], [-89.1833, 30.1493], [-89.1905, 30.1618], [-89.303, 30.0916], [-89.3164, 30.0692], [-89.3422, 30.0592]]], [[[-89.4421, 30.1444], [-89.453, 30.1391], [-89.439, 30.1275], [-89.429, 30.1286], [-89.4177, 30.1437], [-89.4245, 30.1535], [-89.4421, 30.1444]]], [[[-89.8561, 29.9971], [-89.8593, 30.0029], [-89.8797, 29.9854], [-89.8945, 30.0023], [-89.9142, 29.9991], [-89.953, 29.9812], [-89.9743, 29.9947], [-89.9899, 29.9895], [-90.0121, 29.946], [-89.9698, 29.9247], [-89.9269, 29.9206], [-89.9078, 29.8972], [-89.9027, 29.8781], [-89.9107, 29.8679], [-89.8959, 29.8332], [-89.8785, 29.8152], [-89.8697, 29.7955], [-89.8598, 29.793], [-89.8164, 29.8013], [-89.7862, 29.7733], [-89.7908, 29.7608], [-89.7677, 29.7553], [-89.7211, 29.7577], [-89.705, 29.7528], [-89.6922, 29.7385], [-89.6839, 29.716], [-89.6603, 29.7088], [-89.6282, 29.6807], [-89.5186, 29.6491], [-89.5248, 29.6408], [-89.4869, 29.6205], [-89.4879, 29.6304], [-89.5107, 29.6575], [-89.5338, 29.6702], [-89.5196, 29.6922], [-89.5249, 29.7266], [-89.487, 29.7259], [-89.4676, 29.699], [-89.4712, 29.6732], [-89.4656, 29.6517], [-89.4338, 29.6564], [-89.4242, 29.6976], [-89.404, 29.6818], [-89.3878, 29.68], [-89.3961, 29.6957], [-89.4303, 29.7126], [-89.4282, 29.7416], [-89.3992, 29.7706], [-89.3946, 29.7848], [-89.3861, 29.7888], [-89.3673, 29.7752], [-89.3542, 29.7814], [-89.3377, 29.7791], [-89.3052, 29.7569], [-89.271, 29.7564], [-89.2693, 29.7609], [-89.2847, 29.77], [-89.2841, 29.7957], [-89.2773, 29.7996], [-89.2773, 29.8076], [-89.3183, 29.7888], [-89.332, 29.7905], [-89.3428, 29.7985], [-89.3456, 29.8201], [-89.373, 29.8253], [-89.3832, 29.8304], [-89.3838, 29.8389], [-89.2699, 29.86], [-89.2363, 29.8771], [-89.2363, 29.8868], [-89.2414, 29.8896], [-89.2893, 29.8805], [-89.3115, 29.8816], [-89.3223, 29.8873], [-89.3183, 29.8982], [-89.2801, 29.9249], [-89.2448, 29.93], [-89.2312, 29.9255], [-89.2181, 29.9728], [-89.25, 29.9756], [-89.2437, 29.9972], [-89.2505, 30.0024], [-89.2733, 29.9938], [-89.3155, 29.9232], [-89.3319, 29.9159], [-89.368, 29.9115], [-89.3786, 29.9196], [-89.3792, 29.9638], [-89.4054, 29.9657], [-89.4328, 29.9788], [-89.4334, 29.9912], [-89.4328, 30.008], [-89.4228, 30.0155], [-89.3724, 30.0367], [-89.3686, 30.0473], [-89.3724, 30.0547], [-89.4185, 30.0498], [-89.459, 30.0635], [-89.4819, 30.0791], [-89.4935, 30.0722], [-89.4993, 30.0589], [-89.4941, 30.041], [-89.5016, 30.034], [-89.5513, 30.0057], [-89.5814, 29.9947], [-89.5744, 29.9837], [-89.575, 29.9595], [-89.5831, 29.9456], [-89.5831, 29.9317], [-89.5924, 29.9173], [-89.5912, 29.897], [-89.5981, 29.8814], [-89.638, 29.8641], [-89.6606, 29.8629], [-89.692, 29.8687], [-89.7112, 29.8793], [-89.7425, 29.9082], [-89.7463, 29.9282], [-89.7427, 29.9359], [-89.7129, 29.9464], [-89.7191, 29.9537], [-89.7279, 29.9588], [-89.7485, 29.9458], [-89.7755, 29.9374], [-89.818, 29.9342], [-89.8385, 29.9458], [-89.8561, 29.9971]]]]}}, {"type": "Feature", "properties": {"osm_type": "relation", "osm_id": 753520625, "name": "Tensas", "admin_level": "6", "kind": "subdivision_2", "parent_osm_id": 224922, "parent_name": "Louisiana", "parent_iso": "US-LA"}, "geometry": {"type": "Polygon", "coordinates": [[[-91.0532, 32.1242], [-91.0816, 32.134], [-91.1113, 32.125], [-91.1655, 32.1343], [-91.1746, 32.155], [-91.1642, 32.1969], [-91.1336, 32.2134], [-91.124, 32.2111], [-91.1212, 32.2144], [-91.1216, 32.24], [-91.1338, 32.2493], [-91.1836, 32.2454], [-91.2155, 32.2331], [-91.2348, 32.21], [-91.2722, 32.2309], [-91.3207, 32.2025], [-91.4927, 32.2034], [-91.4924, 32.1565], [-91.5057, 32.1458], [-91.5012, 32.1058], [-91.5094, 32.0977], [-91.4899, 32.0894], [-91.4923, 32.0698], [-91.5017, 32.0664], [-91.5017, 32.0459], [-91.51, 32.0205], [-91.4973, 32.0106], [-91.4984, 31.9907], [-91.5148, 31.9854], [-91.5122, 31.9754], [-91.5282, 31.9593], [-91.5128, 31.9541], [-91.5114, 31.93], [-91.525, 31.9155], [-91.5432, 31.9138], [-91.5692, 31.8936], [-91.5757, 31.8826], [-91.5687, 31.827], [-91.5777, 31.7959], [-91.5448, 31.7517], [-91.3983, 31.7532], [-91.378, 31.7476], [-91.3801, 31.7328], [-91.3552, 31.7416], [-91.2756, 31.7455], [-91.2596, 31.7613], [-91.2739, 31.7712], [-91.3486, 31.7658], [-91.3647, 31.7704], [-91.3457, 31.8429], [-91.3338, 31.8533], [-91.2934, 31.8602], [-91.2894, 31.8287], [-91.2822, 31.8148], [-91.262, 31.8094], [-91.2501, 31.8178], [-91.2451, 31.8315], [-91.2666, 31.8512], [-91.2677, 31.8627], [-91.2349, 31.8769], [-91.2028, 31.908], [-91.1806, 31.918], [-91.1847, 31.9351], [-91.1932, 31.9357], [-91.1883, 31.961], [-91.1644, 31.9826], [-91.1041, 31.9904], [-91.0759, 32.0168], [-91.0881, 32.0345], [-91.1451, 32.0466], [-91.1563, 32.0527], [-91.1613, 32.0598], [-91.1603, 32.0704], [-91.1393, 32.0818], [-91.1286, 32.0766], [-91.1037, 32.0503], [-91.0823, 32.0476], [-91.0791, 32.0503], [-91.0815, 32.0778], [-91.0347, 32.1011], [-91.0305, 32.1082], [-91.0308, 32.1206], [-91.0532, 32.1242]]]}}, {"type": "Feature", "properties": {"osm_type": "relation", "osm_id": 590955336, "name": "Natchitoches", "admin_level": "6", "kind": "subdivision_2", "parent_osm_id": 224922, "parent_name": "Louisiana", "parent_iso": "US-LA"}, "geometry": {"type": "Polygon", "coordinates": [[[-92.9391, 32.1479], [-93.1872, 32.1484], [-93.1524, 32.1045], [-93.1643, 32.0933], [-93.1373, 32.0563], [-93.1565, 32.0248], [-93.1581, 32.0094], [-93.1212, 31.9726], [-93.2385, 31.9728], [-93.2395, 31.9036], [-93.2455, 31.9109], [-93.2824, 31.8874], [-93.3038, 31.8976], [-93.3151, 31.89], [-93.3505, 31.8987], [-93.3555, 31.9322], [-93.3779, 31.9327], [-93.4076, 31.9189], [-93.4198, 31.9341], [-93.4406, 31.9137], [-93.4417, 31.7145], [-93.339, 31.7143], [-93.3375, 31.5381], [-93.2367, 31.5383], [-93.2361, 31.3645], [-92.992, 31.3604], [-92.9815, 31.3466], [-92.9471, 31.3468], [-92.9473, 31.3678], [-92.913, 31.3682], [-92.9135, 31.3892], [-92.8884, 31.3895], [-92.8886, 31.4038], [-92.8716, 31.404], [-92.8716, 31.4189], [-92.847, 31.4189], [-92.8468, 31.4338], [-92.8132, 31.4413], [-92.8136, 31.4553], [-92.796, 31.4558], [-92.779, 31.477], [-92.7617, 31.4765], [-92.7616, 31.4865], [-92.7167, 31.522], [-92.7613, 31.5474], [-92.7571, 31.5588], [-92.7874, 31.5787], [-92.8014, 31.597], [-92.841, 31.6012], [-92.8714, 31.6177], [-92.9063, 31.6236], [-92.9028, 31.6595], [-92.9247, 31.6659], [-92.9294, 31.6779], [-92.9638, 31.6799], [-92.9599, 31.7013], [-92.976, 31.713], [-92.9686, 31.731], [-92.9668, 31.7813], [-92.9526, 31.7837], [-92.942, 31.815], [-92.9486, 31.8189], [-92.9384, 31.8294], [-92.95, 31.8561], [-92.9084, 31.8508], [-92.8982, 31.8594], [-92.9062, 31.8694], [-92.9011, 31.8939], [-92.8926, 31.9015], [-92.8946, 31.9172], [-92.8849, 31.9392], [-92.8722, 31.9459], [-92.885, 31.9566], [-92.8835, 31.9811], [-92.9006, 31.988], [-92.8878, 32.0086], [-92.8882, 32.0312], [-92.8985, 32.0449], [-92.8958, 32.055], [-92.9118, 32.0771], [-92.9047, 32.0814], [-92.9128, 32.1034], [-92.9312, 32.1225], [-92.9391, 32.1479]]]}}, {"type": "Feature", "properties": {"osm_type": "relation", "osm_id": 933385125, "name": "Beauregard", "admin_level": "6", "kind": "subdivision_2", "parent_osm_id": 224922, "parent_name": "Louisiana", "parent_iso": "US-LA"}, "geometry": {"type": "Polygon", "coordinates": [[[-92.9785, 30.8782], [-93.1337, 30.8781], [-93.1554, 30.8827], [-93.4357, 30.8818], [-93.4784, 30.8594], [-93.5004, 30.865], [-93.5228, 30.8796], [-93.5546, 30.8775], [-93.5586, 30.8688], [-93.5541, 30.8249], [-93.5632, 30.8062], [-93.5843, 30.7967], [-93.5928, 30.764], [-93.6078, 30.7577], [-93.6191, 30.742], [-93.6096, 30.7231], [-93.6208, 30.7041], [-93.6211, 30.6952], [-93.6299, 30.6799], [-93.6382, 30.6731], [-93.655, 30.6702], [-93.6831, 30.6408], [-93.6851, 30.6252], [-93.6798, 30.5998], [-93.6843, 30.5926], [-93.6929, 30.5944], [-93.7125, 30.5885], [-93.7279, 30.5741], [-93.7292, 30.5448], [-93.7403, 30.5396], [-93.7143, 30.5186], [-93.7101, 30.5064], [-93.7167, 30.494], [-93.6978, 30.4406], [-93.7027, 30.43], [-93.7223, 30.4207], [-93.7403, 30.4023], [-93.4861, 30.4025], [-93.4864, 30.4905], [-93.3847, 30.4901], [-93.3852, 30.4026], [-93.1311, 30.4031], [-93.1303, 30.5979], [-92.9792, 30.5983], [-92.9785, 30.8782]]]}}, {"type": "Feature", "properties": {"osm_type": "relation", "osm_id": 972864420, "name": "St. Martin", "admin_level": "6", "kind": "subdivision_2", "parent_osm_id": 224922, "parent_name": "Louisiana", "parent_iso": "US-LA"}, "geometry": {"type": "MultiPolygon", "coordinates": [[[[-91.472, 29.956], [-91.472, 29.948], [-91.4136, 29.905], [-91.4011, 29.8735], [-91.3736, 29.8344], [-91.3865, 29.7837], [-91.3518, 29.7663], [-91.2986, 29.765], [-91.2294, 29.7489], [-91.2152, 29.7512], [-91.1809, 29.7286], [-91.1341, 29.7241], [-91.1, 29.6994], [-91.1066, 29.7335], [-91.0954, 29.737], [-91.0944, 29.7646], [-91.1001, 29.7851], [-91.0928, 29.8016], [-91.1095, 29.824], [-91.1331, 29.8373], [-91.1502, 29.8368], [-91.1873, 29.8487], [-91.2003, 29.8618], [-91.2141, 29.9076], [-91.232, 29.9182], [-91.2316, 29.9357], [-91.2514, 29.9576], [-91.2552, 29.9715], [-91.472, 29.956]]], [[[-91.9887, 30.3686], [-91.9539, 30.3598], [-91.9559, 30.3339], [-91.9659, 30.3259], [-91.955, 30.3084], [-91.9491, 30.2768], [-91.9769, 30.2607], [-91.9589, 30.2372], [-91.9428, 30.2366], [-91.9436, 30.226], [-91.9555, 30.219], [-91.9579, 30.2119], [-91.9769, 30.2109], [-91.9796, 30.1819], [-91.9656, 30.1767], [-91.9547, 30.1871], [-91.9207, 30.1879], [-91.9056, 30.1546], [-91.9341, 30.1199], [-91.951, 30.0732], [-91.9072, 30.0725], [-91.8963, 30.0571], [-91.8762, 30.0676], [-91.8192, 30.044], [-91.8015, 30.0699], [-91.7606, 30.0908], [-91.7652, 30.1085], [-91.7266, 30.1224], [-91.7033, 30.1211], [-91.6791, 30.1051], [-91.6615, 30.11], [-91.6424, 30.0834], [-91.6123, 30.068], [-91.6004, 30.0332], [-91.5078, 30.0333], [-91.4954, 30.0414], [-91.4872, 30.0581], [-91.3688, 30.0588], [-91.378, 30.0949], [-91.389, 30.1023], [-91.4638, 30.1025], [-91.47, 30.1091], [-91.4613, 30.1313], [-91.4682, 30.149], [-91.4718, 30.1863], [-91.4891, 30.1993], [-91.4753, 30.2292], [-91.5083, 30.2403], [-91.5628, 30.242], [-91.588, 30.2571], [-91.5877, 30.2733], [-91.6211, 30.3099], [-91.6276, 30.3301], [-91.6255, 30.3542], [-91.6479, 30.3653], [-91.629, 30.3779], [-91.6247, 30.3944], [-91.6281, 30.4139], [-91.6396, 30.429], [-91.6401, 30.4427], [-91.6746, 30.4744], [-91.6853, 30.4761], [-91.7009, 30.4974], [-91.7562, 30.4977], [-91.7366, 30.4515], [-91.7226, 30.4523], [-91.6943, 30.4018], [-91.6789, 30.3947], [-91.8127, 30.3943], [-91.8693, 30.4172], [-91.9373, 30.3947], [-91.9657, 30.4104], [-91.9782, 30.4074], [-91.9815, 30.3817], [-91.9887, 30.3686]]]]}}, {"type": "Feature", "properties": {"osm_type": "relation", "osm_id": 606123727, "name": "Vermilion", "admin_level": "6", "kind": "subdivision_2", "parent_osm_id": 224922, "parent_name": "Louisiana", "parent_iso": "US-LA"}, "geometry": {"type": "Polygon", "coordinates": [[[-92.6255, 30.0923], [-92.6378, 30.0722], [-92.6542, 30.079], [-92.6847, 30.0595], [-92.7239, 30.0487], [-92.7386, 30.0373], [-92.6156, 30.0382], [-92.6173, 29.5862], [-92.3235, 29.5315], [-92.2804, 29.5334], [-92.2519, 29.5394], [-92.2126, 29.5625], [-92.1586, 29.5816], [-92.0419, 29.5868], [-92.0654, 29.6039], [-92.0488, 29.6145], [-92.0169, 29.6158], [-92.0346, 29.6315], [-92.0589, 29.6224], [-92.0915, 29.6198], [-92.1083, 29.6137], [-92.1367, 29.6675], [-92.1032, 29.6931], [-92.1179, 29.6985], [-92.1487, 29.6952], [-92.1691, 29.7002], [-92.2001, 29.7257], [-92.2082, 29.7442], [-92.1999, 29.7532], [-92.1711, 29.7398], [-92.1749, 29.7595], [-92.1365, 29.7673], [-92.1159, 29.7395], [-92.0629, 29.7692], [-91.9782, 29.7999], [-91.9828, 29.8254], [-91.9721, 29.8335], [-91.9937, 29.9843], [-91.982, 29.9905], [-91.9645, 30.0369], [-92.0662, 30.0739], [-92.0727, 30.0809], [-92.0884, 30.1283], [-92.1199, 30.1218], [-92.1278, 30.116], [-92.2027, 30.1429], [-92.2271, 30.1369], [-92.2797, 30.1415], [-92.2889, 30.1494], [-92.2979, 30.1366], [-92.3229, 30.1173], [-92.3324, 30.1015], [-92.3762, 30.0666], [-92.4232, 30.0493], [-92.4698, 30.062], [-92.506, 30.0793], [-92.5346, 30.1079], [-92.5571, 30.116], [-92.5873, 30.0961], [-92.6048, 30.0983], [-92.6153, 30.0888], [-92.6255, 30.0923]]]}}, {"type": "Feature", "properties": {"osm_type": "relation", "osm_id": 775786062, "name": "Bienville", "admin_level": "6", "kind": "subdivision_2", "parent_osm_id": 224922, "parent_name": "Louisiana", "parent_iso": "US-LA"}, "geometry": {"type": "Polygon", "coordinates": [[[-92.7772, 32.4535], [-92.8793, 32.4541], [-92.8808, 32.5853], [-93.1788, 32.5849], [-93.1682, 32.5497], [-93.1713, 32.5264], [-93.1465, 32.47], [-93.1472, 32.4552], [-93.2367, 32.4542], [-93.2367, 32.4101], [-93.3728, 32.4102], [-93.3886, 32.3964], [-93.4125, 32.4009], [-93.4234, 32.3977], [-93.4246, 32.3773], [-93.4029, 32.3687], [-93.4267, 32.3092], [-93.4175, 32.2836], [-93.4072, 32.2844], [-93.4081, 32.2505], [-93.4282, 32.2359], [-93.2131, 32.2358], [-93.2112, 32.1922], [-93.1919, 32.1784], [-93.1872, 32.1484], [-92.8147, 32.1469], [-92.8222, 32.1626], [-92.8172, 32.1617], [-92.7988, 32.1813], [-92.801, 32.2107], [-92.7875, 32.215], [-92.7732, 32.236], [-92.7772, 32.4535]]]}}, {"type": "Feature", "properties": {"osm_type": "relation", "osm_id": 469757638, "name": "Jefferson Davis", "admin_level": "6", "kind": "subdivision_2", "parent_osm_id": 224922, "parent_name": "Louisiana", "parent_iso": "US-LA"}, "geometry": {"type": "Polygon", "coordinates": [[[-92.632, 30.4812], [-92.6304, 30.4879], [-92.774, 30.4883], [-92.7757, 30.4376], [-93.0655, 30.4386], [-93.0656, 30.4243], [-93.1312, 30.4236], [-93.1311, 30.38], [-93.031, 30.3794], [-93.0307, 30.2606], [-92.9968, 30.2607], [-92.9963, 30.157], [-92.8933, 30.1563], [-92.8891, 30.1434], [-92.9069, 30.1308], [-92.9079, 30.1127], [-92.8915, 30.0966], [-92.8872, 30.0835], [-92.9962, 30.0823], [-92.9964, 30.0385], [-92.7386, 30.0373], [-92.7239, 30.0487], [-92.6847, 30.0595], [-92.6542, 30.079], [-92.6378, 30.0722], [-92.6183, 30.1042], [-92.6286, 30.1337], [-92.6218, 30.148], [-92.608, 30.1586], [-92.6187, 30.1748], [-92.5911, 30.1824], [-92.5911, 30.2016], [-92.5831, 30.201], [-92.6147, 30.215], [-92.6266, 30.2303], [-92.6225, 30.2418], [-92.6281, 30.285], [-92.6251, 30.3013], [-92.6322, 30.3143], [-92.6195, 30.3401], [-92.6297, 30.3789], [-92.6084, 30.3859], [-92.5946, 30.4203], [-92.6006, 30.4375], [-92.632, 30.4812]]]}}, {"type": "Feature", "properties": {"osm_type": "relation", "osm_id": 602907912, "name": "Calcasieu", "admin_level": "6", "kind": "subdivision_2", "parent_osm_id": 224922, "parent_name": "Louisiana", "parent_iso": "US-LA"}, "geometry": {"type": "Polygon", "coordinates": [[[-93.7403, 30.4023], [-93.7577, 30.3904], [-93.7564, 30.3562], [-93.7658, 30.3333], [-93.7387, 30.3038], [-93.7087, 30.2883], [-93.7055, 30.2442], [-93.721, 30.2099], [-93.7174, 30.1934], [-93.6882, 30.1414], [-93.6929, 30.1352], [-93.7013, 30.1374], [-93.7024, 30.1127], [-93.7341, 30.0861], [-93.7164, 30.0691], [-93.7006, 30.0637], [-93.7039, 30.0543], [-93.7228, 30.0512], [-93.1285, 30.0526], [-93.1284, 30.0384], [-92.9964, 30.0385], [-92.9962, 30.0823], [-92.8872, 30.0835], [-92.8915, 30.0966], [-92.9079, 30.1127], [-92.9069, 30.1308], [-92.8891, 30.1434], [-92.8933, 30.1563], [-92.9963, 30.157], [-92.9968, 30.2607], [-93.0307, 30.2606], [-93.031, 30.3794], [-93.1311, 30.38], [-93.1311, 30.4031], [-93.3852, 30.4026], [-93.3847, 30.4901], [-93.4864, 30.4905], [-93.4861, 30.4025], [-93.7403, 30.4023]]]}}, {"type": "Feature", "properties": {"osm_type": "relation", "osm_id": 138603898, "name": "De Soto", "admin_level": "6", "kind": "subdivision_2", "parent_osm_id": 224922, "parent_name": "Louisiana", "parent_iso": "US-LA"}, "geometry": {"type": "Polygon", "coordinates": [[[-94.0426, 32.196], [-94.0418, 31.9924], [-94.0293, 31.9959], [-94.0187, 31.9908], [-93.9717, 31.9204], [-93.938, 31.9069], [-93.9277, 31.8915], [-93.9048, 31.8906], [-93.8793, 31.844], [-93.4412, 31.8452], [-93.4406, 31.9137], [-93.4198, 31.9341], [-93.4076, 31.9189], [-93.3779, 31.9327], [-93.3555, 31.9322], [-93.3661, 31.9358], [-93.3726, 31.9617], [-93.4066, 31.988], [-93.4418, 31.9894], [-93.4604, 32.0203], [-93.4812, 32.032], [-93.4803, 32.057], [-93.5016, 32.063], [-93.5108, 32.0783], [-93.5414, 32.1059], [-93.5226, 32.1257], [-93.5095, 32.1322], [-93.5207, 32.1446], [-93.5265, 32.1822], [-93.536, 32.1931], [-93.5569, 32.1921], [-93.593, 32.2055], [-93.5969, 32.2182], [-93.6147, 32.2375], [-93.6143, 32.2698], [-93.6665, 32.3174], [-93.7143, 32.3162], [-93.7556, 32.3438], [-93.7913, 32.3402], [-93.8071, 32.3278], [-93.8077, 32.3135], [-93.8477, 32.2924], [-93.8566, 32.2811], [-93.8603, 32.2537], [-93.9511, 32.1956], [-94.0426, 32.196]]]}}, {"type": "Feature", "properties": {"osm_type": "relation", "osm_id": 739082422, "name": "Washington", "admin_level": "6", "kind": "subdivision_2", "parent_osm_id": 224922, "parent_name": "Louisiana", "parent_iso": "US-LA"}, "geometry": {"type": "Polygon", "coordinates": [[[-89.8359, 31.0021], [-90.3472, 31.0004], [-90.3467, 30.9054], [-90.3339, 30.9055], [-90.3299, 30.8909], [-90.3169, 30.8909], [-90.3177, 30.8736], [-90.3012, 30.8508], [-90.2902, 30.8198], [-90.2934, 30.8065], [-90.2795, 30.795], [-90.2776, 30.7799], [-90.2627, 30.7653], [-90.2645, 30.757], [-90.2535, 30.7356], [-90.2557, 30.7119], [-89.9908, 30.6654], [-89.8486, 30.666], [-89.8355, 30.6912], [-89.8381, 30.704], [-89.8466, 30.7062], [-89.8363, 30.7162], [-89.8301, 30.7163], [-89.8281, 30.725], [-89.8363, 30.7272], [-89.8369, 30.7347], [-89.8161, 30.7394], [-89.8261, 30.7423], [-89.8315, 30.7676], [-89.8192, 30.7952], [-89.8121, 30.7884], [-89.8051, 30.7906], [-89.8115, 30.798], [-89.8041, 30.8033], [-89.7987, 30.8209], [-89.7859, 30.816], [-89.7812, 30.8201], [-89.7908, 30.8321], [-89.7875, 30.8441], [-89.7802, 30.8462], [-89.7841, 30.8553], [-89.7726, 30.8537], [-89.768, 30.8639], [-89.7792, 30.8752], [-89.7771, 30.8811], [-89.77, 30.8823], [-89.7736, 30.8969], [-89.7587, 30.8973], [-89.7567, 30.9011], [-89.7642, 30.9119], [-89.7501, 30.9129], [-89.7448, 30.9189], [-89.7563, 30.9435], [-89.7357, 30.9666], [-89.7271, 30.9674], [-89.7372, 30.9761], [-89.7305, 30.9797], [-89.7277, 30.9933], [-89.7342, 30.9956], [-89.7355, 30.9997], [-89.7282, 31.0023], [-89.7325, 31.0048], [-89.7492, 30.9996], [-89.8359, 31.0021]]]}}, {"type": "Feature", "properties": {"osm_type": "relation", "osm_id": 446121838, "name": "Lafayette", "admin_level": "6", "kind": "subdivision_2", "parent_osm_id": 224922, "parent_name": "Louisiana", "parent_iso": "US-LA"}, "geometry": {"type": "Polygon", "coordinates": [[[-92.1422, 30.2988], [-92.142, 30.2845], [-92.1595, 30.2845], [-92.1591, 30.2698], [-92.1763, 30.2699], [-92.1761, 30.2411], [-92.2102, 30.2413], [-92.2099, 30.2264], [-92.234, 30.2197], [-92.2505, 30.2032], [-92.2463, 30.1855], [-92.2753, 30.1461], [-92.2847, 30.1474], [-92.2797, 30.1415], [-92.2271, 30.1369], [-92.2027, 30.1429], [-92.1278, 30.116], [-92.1199, 30.1218], [-92.0884, 30.1283], [-92.0727, 30.0809], [-92.0662, 30.0739], [-91.9645, 30.0369], [-91.9341, 30.1199], [-91.9056, 30.1546], [-91.9207, 30.1879], [-91.9547, 30.1871], [-91.9656, 30.1767], [-91.9796, 30.1819], [-91.9769, 30.2109], [-91.9579, 30.2119], [-91.9555, 30.219], [-91.9436, 30.226], [-91.9428, 30.2366], [-91.9589, 30.2372], [-91.9769, 30.2607], [-91.9491, 30.2768], [-91.955, 30.3084], [-91.9659, 30.3259], [-91.9559, 30.3339], [-91.9539, 30.3598], [-92.0158, 30.3714], [-92.0318, 30.3612], [-92.0494, 30.3813], [-92.0833, 30.3606], [-92.0895, 30.3302], [-92.1422, 30.2988]]]}}, {"type": "Feature", "properties": {"osm_type": "relation", "osm_id": 453374299, "name": "Lincoln", "admin_level": "6", "kind": "subdivision_2", "parent_osm_id": 224922, "parent_name": "Louisiana", "parent_iso": "US-LA"}, "geometry": {"type": "Polygon", "coordinates": [[[-92.4154, 32.4955], [-92.4151, 32.6701], [-92.5184, 32.6707], [-92.519, 32.7208], [-92.5455, 32.7181], [-92.5713, 32.7486], [-92.5912, 32.7546], [-92.6134, 32.7525], [-92.6365, 32.7594], [-92.8285, 32.7588], [-92.8281, 32.7144], [-92.8397, 32.7097], [-92.8688, 32.678], [-92.8603, 32.6414], [-92.8666, 32.6075], [-92.8808, 32.5853], [-92.8793, 32.4541], [-92.6217, 32.453], [-92.6223, 32.4964], [-92.4154, 32.4955]]]}}, {"type": "Feature", "properties": {"osm_type": "relation", "osm_id": 238545613, "name": "Union", "admin_level": "6", "kind": "subdivision_2", "parent_osm_id": 224922, "parent_name": "Louisiana", "parent_iso": "US-LA"}, "geometry": {"type": "Polygon", "coordinates": [[[-92.7247, 33.0144], [-92.7254, 32.818], [-92.7341, 32.818], [-92.7341, 32.8034], [-92.7254, 32.8035], [-92.7254, 32.7595], [-92.6365, 32.7594], [-92.6134, 32.7525], [-92.5912, 32.7546], [-92.5713, 32.7486], [-92.5455, 32.7181], [-92.519, 32.7208], [-92.5184, 32.6707], [-92.4151, 32.6701], [-92.4151, 32.5829], [-92.2723, 32.581], [-92.2243, 32.5901], [-92.2217, 32.6103], [-92.1381, 32.6608], [-92.139, 32.6754], [-92.1209, 32.6736], [-92.0902, 32.6877], [-92.0652, 32.723], [-92.0696, 32.7335], [-92.0527, 32.737], [-92.0631, 32.7622], [-92.0527, 32.7947], [-92.066, 32.8214], [-92.067, 32.834], [-92.056, 32.8375], [-92.0784, 32.8649], [-92.0843, 32.8822], [-92.0773, 32.8932], [-92.0767, 32.9339], [-92.0856, 32.9652], [-92.0761, 32.9696], [-92.0817, 32.9821], [-92.071, 32.9886], [-92.0691, 33.0082], [-92.7247, 33.0144]]]}}, {"type": "Feature", "properties": {"osm_type": "relation", "osm_id": 584436390, "name": "West Baton Rouge", "admin_level": "6", "kind": "subdivision_2", "parent_osm_id": 224922, "parent_name": "Louisiana", "parent_iso": "US-LA"}, "geometry": {"type": "Polygon", "coordinates": [[[-91.3101, 30.654], [-91.3309, 30.6587], [-91.3095, 30.6501], [-91.3199, 30.6329], [-91.3651, 30.5881], [-91.365, 30.569], [-91.3976, 30.5689], [-91.4148, 30.5115], [-91.4818, 30.5108], [-91.4851, 30.4971], [-91.4602, 30.4704], [-91.4336, 30.4533], [-91.3948, 30.4088], [-91.3949, 30.3955], [-91.3627, 30.3828], [-91.337, 30.3525], [-91.3195, 30.3439], [-91.3113, 30.3225], [-91.1421, 30.3233], [-91.1508, 30.3374], [-91.1744, 30.3442], [-91.2358, 30.3445], [-91.2415, 30.3576], [-91.2339, 30.3753], [-91.2081, 30.4037], [-91.1991, 30.4223], [-91.1972, 30.5069], [-91.2008, 30.5177], [-91.2093, 30.523], [-91.2627, 30.5052], [-91.2815, 30.5061], [-91.2844, 30.5153], [-91.2461, 30.5359], [-91.2431, 30.5531], [-91.2671, 30.5725], [-91.3059, 30.573], [-91.3144, 30.5788], [-91.3153, 30.5943], [-91.3019, 30.6095], [-91.2928, 30.6315], [-91.2977, 30.6496], [-91.3101, 30.654]]]}}, {"type": "Feature", "properties": {"osm_type": "relation", "osm_id": 160309444, "name": "Iberville", "admin_level": "6", "kind": "subdivision_2", "parent_osm_id": 224922, "parent_name": "Louisiana", "parent_iso": "US-LA"}, "geometry": {"type": "Polygon", "coordinates": [[[-91.7009, 30.4974], [-91.6853, 30.4761], [-91.6746, 30.4744], [-91.6401, 30.4427], [-91.6396, 30.429], [-91.6281, 30.4139], [-91.6247, 30.3944], [-91.629, 30.3779], [-91.6479, 30.3653], [-91.6255, 30.3542], [-91.6276, 30.3301], [-91.6211, 30.3099], [-91.5877, 30.2733], [-91.588, 30.2571], [-91.5628, 30.242], [-91.5083, 30.2403], [-91.4753, 30.2292], [-91.4891, 30.1993], [-91.4718, 30.1863], [-91.4682, 30.149], [-91.4613, 30.1313], [-91.47, 30.1091], [-91.4638, 30.1025], [-91.389, 30.1023], [-91.378, 30.0949], [-91.3688, 30.0588], [-91.2691, 30.0593], [-91.2559, 30.0398], [-91.2387, 30.0305], [-91.2236, 30.0408], [-91.2244, 30.0253], [-91.106, 30.0625], [-91.1065, 30.1081], [-91.0897, 30.1084], [-91.0901, 30.1411], [-91.0734, 30.1607], [-91.021, 30.3215], [-91.0287, 30.3158], [-91.1379, 30.3172], [-91.1421, 30.3233], [-91.3113, 30.3225], [-91.3195, 30.3439], [-91.337, 30.3525], [-91.3627, 30.3828], [-91.3949, 30.3955], [-91.3948, 30.4088], [-91.4336, 30.4533], [-91.4602, 30.4704], [-91.4851, 30.4971], [-91.5262, 30.4971], [-91.5564, 30.4828], [-91.5837, 30.4826], [-91.5834, 30.497], [-91.7009, 30.4974]]]}}, {"type": "Feature", "properties": {"osm_type": "relation", "osm_id": 589138693, "name": "Iberia", "admin_level": "6", "kind": "subdivision_2", "parent_osm_id": 224922, "parent_name": "Louisiana", "parent_iso": "US-LA"}, "geometry": {"type": "MultiPolygon", "coordinates": [[[[-91.2552, 29.9715], [-91.2594, 30.0002], [-91.2359, 30.0011], [-91.2244, 30.0253], [-91.2236, 30.0408], [-91.2387, 30.0305], [-91.2559, 30.0398], [-91.2691, 30.0593], [-91.4872, 30.0581], [-91.4954, 30.0414], [-91.5078, 30.0333], [-91.6004, 30.0332], [-91.6123, 30.068], [-91.6424, 30.0834], [-91.6615, 30.11], [-91.6791, 30.1051], [-91.7033, 30.1211], [-91.7266, 30.1224], [-91.7652, 30.1085], [-91.7606, 30.0908], [-91.8015, 30.0699], [-91.8192, 30.044], [-91.8762, 30.0676], [-91.8963, 30.0571], [-91.9072, 30.0725], [-91.951, 30.0732], [-91.982, 29.9905], [-91.9937, 29.9843], [-91.9721, 29.8335], [-91.9375, 29.8168], [-91.9153, 29.8194], [-91.901, 29.8335], [-91.8891, 29.836], [-91.8595, 29.8261], [-91.8308, 29.8293], [-91.8249, 29.8085], [-91.8288, 29.7779], [-91.8431, 29.7793], [-91.8517, 29.7918], [-91.8612, 29.7732], [-91.8792, 29.7566], [-91.8729, 29.7479], [-91.858, 29.7441], [-91.8586, 29.7361], [-91.7112, 29.8461], [-91.6247, 29.9453], [-91.2552, 29.9715]]], [[[-92.0178, 29.591], [-92.0302, 29.5727], [-92.0151, 29.5613], [-91.972, 29.5434], [-91.9636, 29.5359], [-91.9493, 29.5363], [-91.884, 29.5017], [-91.8573, 29.5001], [-91.8465, 29.4793], [-91.8216, 29.4739], [-91.8036, 29.4879], [-91.7862, 29.4831], [-91.7683, 29.4904], [-91.7742, 29.505], [-91.7654, 29.5248], [-91.7132, 29.5555], [-91.7111, 29.5693], [-91.7315, 29.5625], [-91.7333, 29.5808], [-91.7463, 29.5743], [-91.7652, 29.5751], [-91.7847, 29.5941], [-91.8027, 29.5887], [-91.8066, 29.6002], [-91.831, 29.6116], [-91.8482, 29.6271], [-91.8863, 29.6285], [-91.9005, 29.6345], [-91.9279, 29.6325], [-91.9399, 29.6103], [-91.9609, 29.6089], [-91.9827, 29.6142], [-92.0054, 29.6031], [-92.0178, 29.591]]]]}}, {"type": "Feature", "properties": {"osm_type": "relation", "osm_id": 708612951, "name": "Warren", "admin_level": "6", "kind": "subdivision_2", "parent_osm_id": 224922, "parent_name": "Louisiana", "parent_iso": "US-LA"}, "geometry": {"type": "Polygon", "coordinates": [[[-91.0308, 32.1206], [-91.0307, 32.1143], [-90.9903, 32.097], [-90.9703, 32.0946], [-90.963, 32.1053], [-90.9577, 32.0903], [-90.9428, 32.0784], [-90.918, 32.0807], [-90.9138, 32.0961], [-90.9243, 32.0975], [-90.9217, 32.1178], [-90.9077, 32.1319], [-90.8826, 32.1145], [-90.8461, 32.1282], [-90.8438, 32.1386], [-90.858, 32.1436], [-90.8438, 32.159], [-90.8261, 32.1563], [-90.8297, 32.1449], [-90.8192, 32.1373], [-90.8033, 32.1526], [-90.7923, 32.1445], [-90.7748, 32.154], [-90.7807, 32.1719], [-90.7901, 32.1747], [-90.7772, 32.1936], [-90.7504, 32.197], [-90.7544, 32.2062], [-90.7385, 32.2056], [-90.7154, 32.256], [-90.7146, 32.276], [-90.6959, 32.3054], [-90.7058, 32.3156], [-90.6993, 32.3311], [-90.7047, 32.3473], [-90.6836, 32.3528], [-90.628, 32.3395], [-90.6362, 32.3745], [-90.6177, 32.393], [-90.6155, 32.4094], [-90.6, 32.4246], [-90.5999, 32.4352], [-90.5859, 32.4454], [-90.5978, 32.4503], [-90.6041, 32.4791], [-90.5869, 32.497], [-90.5538, 32.5076], [-90.5539, 32.5319], [-90.5879, 32.5318], [-90.588, 32.5461], [-90.6546, 32.546], [-90.6555, 32.5898], [-90.6903, 32.5894], [-90.69, 32.6187], [-90.7201, 32.6189], [-90.7164, 32.6116], [-90.7227, 32.5921], [-90.7317, 32.5873], [-90.7283, 32.5663], [-90.7395, 32.5718], [-90.7681, 32.5748], [-90.8606, 32.5752], [-90.8614, 32.4428], [-90.8698, 32.4513], [-90.8815, 32.4408], [-90.8948, 32.4486], [-90.9157, 32.4441], [-90.9265, 32.4506], [-90.9512, 32.4444], [-90.9634, 32.4112], [-90.964, 32.5756], [-91.0435, 32.5763], [-91.0765, 32.5588], [-91.057, 32.5383], [-90.9949, 32.5086], [-90.9872, 32.4957], [-90.9964, 32.4839], [-91.0381, 32.4904], [-91.0509, 32.5001], [-91.0674, 32.5232], [-91.0979, 32.5448], [-91.1013, 32.5256], [-91.1167, 32.5001], [-91.116, 32.4831], [-91.0953, 32.4587], [-91.0529, 32.4384], [-91.0296, 32.4335], [-90.9939, 32.4509], [-90.9786, 32.447], [-90.9665, 32.4339], [-90.9663, 32.421], [-90.9745, 32.412], [-90.9941, 32.4039], [-91.0045, 32.3681], [-91.0001, 32.3577], [-90.9124, 32.3395], [-90.8978, 32.3544], [-90.8921, 32.3706], [-90.8756, 32.3724], [-90.8761, 32.3578], [-90.8937, 32.3281], [-90.9162, 32.3036], [-90.9478, 32.2835], [-90.9642, 32.2969], [-90.9795, 32.2937], [-90.983, 32.2703], [-90.9694, 32.2525], [-90.9803, 32.2436], [-90.9834, 32.2118], [-90.9914, 32.1994], [-91.0035, 32.2008], [-91.0029, 32.2231], [-91.039, 32.2424], [-91.0503, 32.238], [-91.0614, 32.2187], [-91.0711, 32.2261], [-91.0837, 32.2265], [-91.1085, 32.2082], [-91.1173, 32.2067], [-91.1336, 32.2134], [-91.1642, 32.1969], [-91.1746, 32.155], [-91.1628, 32.1327], [-91.1113, 32.125], [-91.0816, 32.134], [-91.0532, 32.1242], [-91.0485, 32.1502], [-91.0589, 32.1713], [-91.0577, 32.1774], [-91.0502, 32.1785], [-91.025, 32.1626], [-91.0062, 32.157], [-91.0041, 32.1462], [-91.0118, 32.1312], [-91.0308, 32.1206]]]}}, {"type": "Feature", "properties": {"osm_type": "relation", "osm_id": 581187808, "name": "Lafourche", "admin_level": "6", "kind": "subdivision_2", "parent_osm_id": 224922, "parent_name": "Louisiana", "parent_iso": "US-LA"}, "geometry": {"type": "MultiPolygon", "coordinates": [[[[-90.3762, 29.1087], [-90.3617, 29.1031], [-90.3349, 29.0638], [-90.3039, 29.0754], [-90.343, 29.1285], [-90.3515, 29.1311], [-90.3762, 29.1087]]], [[[-90.3998, 29.2614], [-90.4033, 29.2338], [-90.3811, 29.2562], [-90.3839, 29.2619], [-90.3998, 29.2614]]], [[[-90.8856, 29.9054], [-90.8854, 29.8775], [-90.9097, 29.8771], [-90.9245, 29.8303], [-90.9475, 29.7923], [-91.0067, 29.7148], [-90.8802, 29.7168], [-90.8821, 29.746], [-90.8409, 29.7465], [-90.8444, 29.7559], [-90.8279, 29.7645], [-90.8278, 29.7758], [-90.8104, 29.7762], [-90.8047, 29.7495], [-90.7881, 29.7475], [-90.7669, 29.6955], [-90.7392, 29.6754], [-90.7273, 29.6756], [-90.702, 29.6611], [-90.6577, 29.6074], [-90.6193, 29.5981], [-90.6021, 29.5729], [-90.5745, 29.5589], [-90.5684, 29.5352], [-90.5508, 29.5313], [-90.5064, 29.4775], [-90.4669, 29.4519], [-90.4574, 29.4298], [-90.4186, 29.39], [-90.4033, 29.3842], [-90.3843, 29.3658], [-90.3796, 29.3491], [-90.3865, 29.3247], [-90.3767, 29.3029], [-90.3835, 29.2819], [-90.3759, 29.2833], [-90.3769, 29.2887], [-90.3492, 29.3045], [-90.3443, 29.2893], [-90.3043, 29.2662], [-90.2728, 29.199], [-90.2592, 29.1996], [-90.2635, 29.1806], [-90.2853, 29.178], [-90.2778, 29.1428], [-90.2486, 29.1384], [-90.2344, 29.1288], [-90.2333, 29.1107], [-90.25, 29.1081], [-90.2459, 29.0934], [-90.2236, 29.0851], [-90.0897, 29.1638], [-90.0903, 29.1807], [-90.0637, 29.2072], [-90.0561, 29.2304], [-90.0293, 29.2693], [-90.0159, 29.274], [-89.999, 29.2983], [-90.0034, 29.3104], [-90.0302, 29.3321], [-90.0354, 29.3682], [-90.0294, 29.377], [-90.0333, 29.3933], [-90.0206, 29.4285], [-90.0376, 29.4363], [-90.0374, 29.4478], [-90.049, 29.4615], [-90.0614, 29.4592], [-90.0805, 29.4659], [-90.0952, 29.4614], [-90.1375, 29.4772], [-90.146, 29.5002], [-90.1742, 29.5429], [-90.1922, 29.5527], [-90.1862, 29.5633], [-90.1585, 29.57], [-90.1645, 29.5777], [-90.1517, 29.5879], [-90.1611, 29.6462], [-90.1554, 29.6574], [-90.1558, 29.6775], [-90.1704, 29.6835], [-90.1835, 29.6806], [-90.1952, 29.6905], [-90.3521, 29.6955], [-90.3615, 29.7075], [-90.3608, 29.7371], [-90.3709, 29.7462], [-90.372, 29.7592], [-90.4052, 29.7743], [-90.4299, 29.7764], [-90.468, 29.8035], [-90.4758, 29.8129], [-90.4799, 29.8474], [-90.4989, 29.8651], [-90.5157, 29.8647], [-90.5366, 29.8915], [-90.5935, 29.8929], [-90.6094, 29.8831], [-90.6271, 29.895], [-90.6563, 29.8893], [-90.6807, 29.8926], [-90.6902, 29.9049], [-90.7171, 29.8966], [-90.7288, 29.9106], [-90.7773, 29.922], [-90.7857, 29.9216], [-90.7852, 29.9075], [-90.8856, 29.9054]]]]}}, {"type": "Feature", "properties": {"osm_type": "relation", "osm_id": 383180395, "name": "Richland", "admin_level": "6", "kind": "subdivision_2", "parent_osm_id": 224922, "parent_name": "Louisiana", "parent_iso": "US-LA"}, "geometry": {"type": "Polygon", "coordinates": [[[-91.8947, 32.1516], [-91.8727, 32.1718], [-91.8373, 32.1762], [-91.8305, 32.181], [-91.8198, 32.2137], [-91.7971, 32.2251], [-91.775, 32.2433], [-91.7692, 32.2572], [-91.7741, 32.2774], [-91.7619, 32.2985], [-91.7613, 32.335], [-91.7232, 32.3336], [-91.7015, 32.3449], [-91.6988, 32.3696], [-91.6804, 32.3731], [-91.6803, 32.3835], [-91.6583, 32.3862], [-91.6349, 32.4053], [-91.4767, 32.4058], [-91.4865, 32.4348], [-91.4717, 32.4338], [-91.4845, 32.4718], [-91.4852, 32.503], [-91.4576, 32.5378], [-91.4309, 32.5605], [-91.4453, 32.582], [-91.596, 32.5822], [-91.5969, 32.6672], [-91.6376, 32.6673], [-91.6471, 32.6399], [-91.672, 32.6112], [-91.706, 32.6132], [-91.7348, 32.5879], [-91.7351, 32.5715], [-91.7477, 32.5575], [-91.7597, 32.5596], [-91.7698, 32.5544], [-91.8043, 32.5713], [-91.8166, 32.5672], [-91.8184, 32.5538], [-91.8377, 32.5435], [-91.8395, 32.5185], [-91.8664, 32.5225], [-91.8892, 32.5434], [-91.8978, 32.5357], [-91.9033, 32.5098], [-91.9333, 32.4909], [-91.9442, 32.4491], [-91.9836, 32.4139], [-91.9936, 32.3979], [-92.0114, 32.3631], [-92.0062, 32.3542], [-92.0202, 32.2968], [-92.0344, 32.2771], [-91.9934, 32.2768], [-91.9921, 32.2638], [-92.0054, 32.2289], [-91.9926, 32.2271], [-91.9982, 32.2115], [-91.9848, 32.2231], [-91.978, 32.2162], [-92.0064, 32.2016], [-92.0001, 32.1904], [-91.9753, 32.2043], [-91.9823, 32.1933], [-91.9759, 32.1772], [-91.9799, 32.1662], [-91.9549, 32.1736], [-91.9328, 32.1652], [-91.9106, 32.1691], [-91.8949, 32.1636], [-91.9004, 32.1527], [-91.8947, 32.1516]]]}}, {"type": "Feature", "properties": {"osm_type": "relation", "osm_id": 230928746, "name": "Terrebonne", "admin_level": "6", "kind": "subdivision_2", "parent_osm_id": 224922, "parent_name": "Louisiana", "parent_iso": "US-LA"}, "geometry": {"type": "MultiPolygon", "coordinates": [[[[-90.5582, 29.0941], [-90.5368, 29.0743], [-90.4881, 29.0588], [-90.4427, 29.0561], [-90.4192, 29.065], [-90.4382, 29.0723], [-90.4774, 29.0754], [-90.5238, 29.091], [-90.5582, 29.0941]]], [[[-90.7508, 29.0556], [-90.765, 29.0453], [-90.7484, 29.0401], [-90.6521, 29.0577], [-90.6616, 29.0723], [-90.6985, 29.0702], [-90.7508, 29.0556]]], [[[-90.3811, 29.2562], [-90.3726, 29.2648], [-90.3759, 29.2833], [-90.3835, 29.2819], [-90.3767, 29.3029], [-90.3865, 29.3247], [-90.3796, 29.3491], [-90.3843, 29.3658], [-90.4033, 29.3842], [-90.4186, 29.39], [-90.4574, 29.4298], [-90.4669, 29.4519], [-90.5064, 29.4775], [-90.5508, 29.5313], [-90.5684, 29.5352], [-90.5745, 29.5589], [-90.6021, 29.5729], [-90.6193, 29.5981], [-90.6577, 29.6074], [-90.702, 29.6611], [-90.7273, 29.6756], [-90.7392, 29.6754], [-90.7669, 29.6955], [-90.7881, 29.7475], [-90.8047, 29.7495], [-90.8104, 29.7762], [-90.8278, 29.7758], [-90.8279, 29.7645], [-90.8444, 29.7559], [-90.8409, 29.7465], [-90.8821, 29.746], [-90.8802, 29.7168], [-91.0067, 29.7148], [-91.0826, 29.6264], [-91.1172, 29.6175], [-91.1229, 29.6077], [-91.1395, 29.6089], [-91.1637, 29.5927], [-91.1781, 29.6097], [-91.211, 29.5907], [-91.2252, 29.5763], [-91.223, 29.5632], [-91.2397, 29.5484], [-91.2643, 29.5434], [-91.2706, 29.5367], [-91.2656, 29.5144], [-91.2737, 29.4794], [-91.2656, 29.4727], [-91.2583, 29.4443], [-91.2175, 29.4326], [-91.212, 29.4209], [-91.2202, 29.4047], [-91.2178, 29.3964], [-91.2001, 29.3896], [-91.1928, 29.3711], [-91.1497, 29.3535], [-91.1505, 29.3449], [-91.1331, 29.3411], [-91.1202, 29.3005], [-91.1321, 29.2858], [-91.1281, 29.2735], [-91.1194, 29.2665], [-91.1217, 29.2514], [-91.1545, 29.255], [-91.1724, 29.2666], [-91.1694, 29.3039], [-91.1621, 29.3182], [-91.1717, 29.3251], [-91.1958, 29.3056], [-91.2222, 29.326], [-91.2382, 29.3506], [-91.237, 29.3713], [-91.2655, 29.361], [-91.2767, 29.3298], [-91.2918, 29.3114], [-91.3093, 29.3057], [-91.3328, 29.3058], [-91.3349, 29.2988], [-91.2788, 29.2478], [-91.219, 29.2261], [-91.1291, 29.2159], [-91.094, 29.1877], [-91.0318, 29.1822], [-91.024, 29.1748], [-91.0001, 29.1695], [-90.9815, 29.1712], [-90.9613, 29.1808], [-90.8982, 29.1313], [-90.8776, 29.1049], [-90.86, 29.095], [-90.8515, 29.0743], [-90.8679, 29.0561], [-90.8126, 29.0421], [-90.7984, 29.096], [-90.788, 29.1076], [-90.7725, 29.1032], [-90.7667, 29.1136], [-90.7448, 29.1176], [-90.7358, 29.1346], [-90.7232, 29.136], [-90.7114, 29.1164], [-90.6943, 29.1251], [-90.6814, 29.156], [-90.685, 29.1656], [-90.6759, 29.1741], [-90.6468, 29.1687], [-90.6432, 29.1927], [-90.6325, 29.2144], [-90.6118, 29.2148], [-90.6061, 29.2244], [-90.6124, 29.2326], [-90.6053, 29.2383], [-90.5749, 29.2274], [-90.5618, 29.235], [-90.5897, 29.2533], [-90.588, 29.2713], [-90.6001, 29.2886], [-90.5976, 29.3033], [-90.5796, 29.3117], [-90.5662, 29.3039], [-90.5543, 29.2852], [-90.5273, 29.3041], [-90.4791, 29.2922], [-90.4516, 29.3215], [-90.4582, 29.3358], [-90.4474, 29.3476], [-90.4323, 29.3469], [-90.4197, 29.3242], [-90.4026, 29.3122], [-90.394, 29.299], [-90.3998, 29.2614], [-90.3839, 29.2619], [-90.3811, 29.2562]]]]}}, {"type": "Feature", "properties": {"osm_type": "relation", "osm_id": 600015921, "name": "St. Tammany", "admin_level": "6", "kind": "subdivision_2", "parent_osm_id": 224922, "parent_name": "Louisiana", "parent_iso": "US-LA"}, "geometry": {"type": "Polygon", "coordinates": [[[-89.8486, 30.666], [-89.9908, 30.6654], [-90.2575, 30.7102], [-90.2504, 30.6956], [-90.2532, 30.6644], [-90.2437, 30.6469], [-90.2487, 30.6161], [-90.2432, 30.596], [-90.2437, 30.3616], [-90.1921, 30.3108], [-90.1606, 30.2343], [-90.154, 30.2035], [-90.1563, 30.1896], [-90.1447, 30.18], [-90.0825, 30.1572], [-90.0403, 30.1551], [-90.0034, 30.163], [-89.9032, 30.1987], [-89.8484, 30.1901], [-89.8208, 30.18], [-89.7974, 30.1608], [-89.7759, 30.1594], [-89.7454, 30.1775], [-89.714, 30.1612], [-89.6853, 30.1754], [-89.6554, 30.1593], [-89.595, 30.1499], [-89.5871, 30.1507], [-89.5628, 30.1687], [-89.5375, 30.1718], [-89.5245, 30.1808], [-89.5334, 30.1948], [-89.547, 30.1931], [-89.5623, 30.1824], [-89.5745, 30.1817], [-89.5967, 30.2118], [-89.6159, 30.2232], [-89.6142, 30.2446], [-89.6318, 30.2569], [-89.6314, 30.2797], [-89.6434, 30.2877], [-89.6404, 30.3068], [-89.6262, 30.3143], [-89.6297, 30.3393], [-89.6572, 30.3565], [-89.6837, 30.4059], [-89.6841, 30.4127], [-89.6785, 30.414], [-89.6834, 30.4518], [-89.7018, 30.4651], [-89.7102, 30.4783], [-89.7159, 30.4778], [-89.7246, 30.4919], [-89.7581, 30.5054], [-89.7606, 30.5158], [-89.7681, 30.515], [-89.7796, 30.5444], [-89.7953, 30.5466], [-89.7917, 30.5515], [-89.7945, 30.5566], [-89.8039, 30.5606], [-89.7897, 30.5666], [-89.808, 30.568], [-89.8071, 30.5873], [-89.8198, 30.5953], [-89.8139, 30.6077], [-89.8233, 30.6082], [-89.8181, 30.634], [-89.8219, 30.644], [-89.8333, 30.6575], [-89.8519, 30.6612], [-89.8486, 30.666]]]}}, {"type": "Feature", "properties": {"osm_type": "relation", "osm_id": 461644068, "name": "Concordia", "admin_level": "6", "kind": "subdivision_2", "parent_osm_id": 224922, "parent_name": "Louisiana", "parent_iso": "US-LA"}, "geometry": {"type": "Polygon", "coordinates": [[[-91.8343, 31.2663], [-91.8142, 31.251], [-91.811, 31.2371], [-91.7776, 31.2221], [-91.7585, 31.2223], [-91.7384, 31.204], [-91.7219, 31.1996], [-91.7082, 31.2089], [-91.691, 31.2019], [-91.6773, 31.1881], [-91.6873, 31.1619], [-91.7027, 31.1618], [-91.719, 31.1346], [-91.7035, 31.1058], [-91.7163, 31.0933], [-91.7103, 31.0783], [-91.7238, 31.0443], [-91.6966, 31.0392], [-91.6598, 31.044], [-91.6493, 31.0372], [-91.6441, 31.0225], [-91.6631, 30.9844], [-91.6625, 30.9704], [-91.6369, 30.9994], [-91.5784, 31.024], [-91.5604, 31.0495], [-91.5642, 31.0668], [-91.6186, 31.1073], [-91.6265, 31.1191], [-91.6242, 31.1337], [-91.5915, 31.1731], [-91.5895, 31.1911], [-91.6016, 31.2086], [-91.6444, 31.2344], [-91.652, 31.2427], [-91.654, 31.2558], [-91.6377, 31.2677], [-91.5642, 31.2616], [-91.5377, 31.2674], [-91.5156, 31.2782], [-91.5089, 31.2916], [-91.5087, 31.3151], [-91.549, 31.3473], [-91.551, 31.3637], [-91.5462, 31.3825], [-91.5557, 31.3864], [-91.569, 31.3776], [-91.5783, 31.3991], [-91.5763, 31.4105], [-91.5652, 31.4235], [-91.5485, 31.4327], [-91.5416, 31.4317], [-91.5323, 31.3903], [-91.5218, 31.3752], [-91.5042, 31.365], [-91.4789, 31.365], [-91.4725, 31.3713], [-91.4721, 31.3959], [-91.5001, 31.4205], [-91.5134, 31.4444], [-91.5182, 31.4835], [-91.5149, 31.5101], [-91.5206, 31.5132], [-91.5225, 31.5221], [-91.514, 31.5321], [-91.4896, 31.5343], [-91.4797, 31.5304], [-91.4439, 31.5425], [-91.4079, 31.5694], [-91.4039, 31.5898], [-91.4227, 31.5971], [-91.4663, 31.5861], [-91.4886, 31.5875], [-91.5028, 31.5957], [-91.5166, 31.6118], [-91.5167, 31.6273], [-91.4977, 31.6454], [-91.4743, 31.6254], [-91.4367, 31.6127], [-91.4211, 31.6116], [-91.401, 31.6204], [-91.3957, 31.6442], [-91.3979, 31.7094], [-91.3801, 31.7328], [-91.378, 31.7476], [-91.3983, 31.7532], [-91.5448, 31.7517], [-91.5362, 31.7427], [-91.5377, 31.7318], [-91.5482, 31.7227], [-91.5712, 31.7351], [-91.584, 31.7558], [-91.6016, 31.7619], [-91.6141, 31.7456], [-91.6358, 31.7291], [-91.6625, 31.7294], [-91.6788, 31.7431], [-91.6861, 31.7421], [-91.6966, 31.7318], [-91.7017, 31.703], [-91.7143, 31.676], [-91.706, 31.6429], [-91.7278, 31.6214], [-91.7372, 31.6141], [-91.7561, 31.6227], [-91.7748, 31.6488], [-91.8064, 31.6308], [-91.825, 31.598], [-91.8264, 31.5725], [-91.813, 31.5549], [-91.7797, 31.531], [-91.777, 31.5153], [-91.7841, 31.5023], [-91.8021, 31.4911], [-91.7988, 31.4734], [-91.779, 31.4681], [-91.738, 31.4674], [-91.7278, 31.4636], [-91.7209, 31.4495], [-91.7241, 31.4388], [-91.7383, 31.4316], [-91.7665, 31.4331], [-91.7846, 31.4414], [-91.8071, 31.4388], [-91.8242, 31.4904], [-91.8338, 31.5009], [-91.8479, 31.5017], [-91.8559, 31.496], [-91.8557, 31.4802], [-91.8641, 31.4662], [-91.8559, 31.4238], [-91.8455, 31.4095], [-91.817, 31.3956], [-91.7857, 31.395], [-91.7768, 31.3852], [-91.7893, 31.3747], [-91.8081, 31.3707], [-91.8316, 31.379], [-91.845, 31.3759], [-91.8633, 31.3545], [-91.8674, 31.3162], [-91.8622, 31.3023], [-91.841, 31.2924], [-91.8237, 31.2932], [-91.8237, 31.2776], [-91.8343, 31.2663]]]}}, {"type": "Feature", "properties": {"osm_type": "relation", "osm_id": 817679750, "name": "Rapides", "admin_level": "6", "kind": "subdivision_2", "parent_osm_id": 224922, "parent_name": "Louisiana", "parent_iso": "US-LA"}, "geometry": {"type": "Polygon", "coordinates": [[[-92.719, 31.5176], [-92.7616, 31.4865], [-92.7617, 31.4765], [-92.779, 31.477], [-92.796, 31.4558], [-92.8136, 31.4553], [-92.8132, 31.4413], [-92.8468, 31.4338], [-92.847, 31.4189], [-92.8716, 31.4189], [-92.8716, 31.404], [-92.8886, 31.4038], [-92.8884, 31.3895], [-92.9135, 31.3892], [-92.913, 31.3682], [-92.9473, 31.3678], [-92.9471, 31.3468], [-92.9815, 31.3466], [-92.9814, 31.3394], [-92.9646, 31.3395], [-92.9645, 31.3323], [-92.9303, 31.3322], [-92.9303, 31.3245], [-92.8967, 31.3246], [-92.8798, 31.3174], [-92.8795, 31.2886], [-92.8626, 31.2887], [-92.8626, 31.2743], [-92.8464, 31.2742], [-92.8463, 31.2533], [-92.8297, 31.2523], [-92.8239, 30.89], [-92.7192, 30.8987], [-92.5977, 30.8961], [-92.5611, 30.898], [-92.5517, 30.9028], [-92.5264, 30.8935], [-92.509, 30.8958], [-92.4802, 30.9182], [-92.4803, 30.9523], [-92.4597, 30.9558], [-92.4389, 30.9698], [-92.4187, 30.975], [-92.4094, 30.9923], [-92.3802, 31.0004], [-92.3418, 30.9815], [-92.3308, 30.9633], [-92.2083, 30.9624], [-92.2164, 30.9912], [-92.2343, 31.1315], [-92.225, 31.1416], [-92.2338, 31.1515], [-92.2332, 31.3216], [-92.2218, 31.3317], [-92.2111, 31.3274], [-92.1939, 31.3339], [-92.1783, 31.3233], [-92.1767, 31.3112], [-92.1627, 31.3035], [-92.1264, 31.306], [-92.0724, 31.3432], [-92.0833, 31.3649], [-92.1027, 31.3773], [-92.1093, 31.3728], [-92.1488, 31.4049], [-92.1619, 31.4346], [-92.1545, 31.4474], [-92.1675, 31.4556], [-92.1607, 31.4672], [-92.1961, 31.4779], [-92.6587, 31.3881], [-92.6697, 31.4041], [-92.6792, 31.3961], [-92.6945, 31.401], [-92.6776, 31.4147], [-92.6944, 31.4282], [-92.6802, 31.4441], [-92.7062, 31.4507], [-92.707, 31.4705], [-92.6932, 31.4713], [-92.6987, 31.4919], [-92.6842, 31.4928], [-92.688, 31.501], [-92.702, 31.4944], [-92.719, 31.5176]]]}}, {"type": "Feature", "properties": {"osm_type": "relation", "osm_id": 259039296, "name": "Morehouse", "admin_level": "6", "kind": "subdivision_2", "parent_osm_id": 224922, "parent_name": "Louisiana", "parent_iso": "US-LA"}, "geometry": {"type": "Polygon", "coordinates": [[[-91.4358, 33.0061], [-92.0691, 33.0082], [-92.071, 32.9886], [-92.0817, 32.9821], [-92.0761, 32.9696], [-92.0856, 32.9652], [-92.0767, 32.9339], [-92.0773, 32.8932], [-92.0843, 32.8822], [-92.0784, 32.8649], [-92.056, 32.8375], [-92.067, 32.834], [-92.066, 32.8214], [-92.0527, 32.7947], [-92.0631, 32.7622], [-92.0527, 32.737], [-92.0696, 32.7335], [-92.0652, 32.723], [-92.0521, 32.7152], [-92.0559, 32.6981], [-92.0428, 32.6993], [-92.0501, 32.6864], [-92.0319, 32.7004], [-92.0443, 32.7066], [-92.0332, 32.7123], [-92.016, 32.7007], [-91.975, 32.7114], [-91.9673, 32.6862], [-91.9363, 32.6589], [-91.9112, 32.6611], [-91.9242, 32.6453], [-91.9244, 32.6186], [-91.9434, 32.5871], [-91.9255, 32.5737], [-91.9272, 32.5699], [-91.9048, 32.5286], [-91.9042, 32.5153], [-91.9131, 32.5059], [-91.9033, 32.5098], [-91.8978, 32.5357], [-91.8892, 32.5434], [-91.8664, 32.5225], [-91.8395, 32.5185], [-91.8377, 32.5435], [-91.8184, 32.5538], [-91.8166, 32.5672], [-91.8043, 32.5713], [-91.7698, 32.5544], [-91.7597, 32.5596], [-91.7477, 32.5575], [-91.7351, 32.5715], [-91.7348, 32.5879], [-91.706, 32.6132], [-91.672, 32.6112], [-91.6471, 32.6399], [-91.6376, 32.6673], [-91.622, 32.6799], [-91.624, 32.6957], [-91.6389, 32.7025], [-91.6286, 32.7191], [-91.6177, 32.7208], [-91.5972, 32.7489], [-91.5954, 32.7662], [-91.6028, 32.7874], [-91.5894, 32.7975], [-91.591, 32.808], [-91.5664, 32.8556], [-91.5347, 32.8775], [-91.5115, 32.879], [-91.4947, 32.8908], [-91.4983, 32.9017], [-91.4758, 32.9297], [-91.4797, 32.9354], [-91.4563, 32.9658], [-91.4376, 32.9809], [-91.4496, 32.9838], [-91.4358, 33.0061]]]}}, {"type": "Feature", "properties": {"osm_type": "relation", "osm_id": 319754257, "name": "Jefferson", "admin_level": "6", "kind": "subdivision_2", "parent_osm_id": 224922, "parent_name": "Louisiana", "parent_iso": "US-LA"}, "geometry": {"type": "Polygon", "coordinates": [[[-90.2282, 29.692], [-90.1952, 29.6905], [-90.1835, 29.6806], [-90.1704, 29.6835], [-90.1558, 29.6775], [-90.1554, 29.6574], [-90.1611, 29.6462], [-90.1517, 29.5879], [-90.1645, 29.5777], [-90.1585, 29.57], [-90.1862, 29.5633], [-90.1922, 29.5527], [-90.1742, 29.5429], [-90.146, 29.5002], [-90.1375, 29.4772], [-90.0952, 29.4614], [-90.0805, 29.4659], [-90.0614, 29.4592], [-90.049, 29.4615], [-90.0374, 29.4478], [-90.0376, 29.4363], [-90.0206, 29.4285], [-90.0333, 29.3933], [-90.0294, 29.377], [-90.0354, 29.3682], [-90.0302, 29.3321], [-90.0034, 29.3104], [-89.999, 29.2983], [-90.0159, 29.274], [-90.0293, 29.2693], [-90.0561, 29.2304], [-90.0637, 29.2072], [-90.0903, 29.1807], [-90.0897, 29.1638], [-90.0585, 29.1837], [-90.022, 29.2161], [-89.9565, 29.2537], [-89.9442, 29.2717], [-89.9044, 29.2949], [-89.9307, 29.3356], [-89.9465, 29.3752], [-89.9609, 29.4308], [-89.9775, 29.4494], [-89.979, 29.5336], [-89.9887, 29.5489], [-89.9808, 29.5802], [-89.9845, 29.6174], [-90.0022, 29.6234], [-90.0159, 29.6744], [-90.0672, 29.7387], [-90.0656, 29.7531], [-90.0757, 29.7719], [-90.0603, 29.785], [-90.0719, 29.8079], [-90.0686, 29.8288], [-90.0275, 29.8529], [-90.0081, 29.8955], [-90.0586, 29.9453], [-90.0592, 29.9304], [-90.0837, 29.9151], [-90.1072, 29.9085], [-90.1274, 29.9109], [-90.1386, 29.9188], [-90.139, 29.9384], [-90.1304, 29.9465], [-90.1376, 29.9515], [-90.1248, 29.9758], [-90.1081, 30.1649], [-90.1447, 30.18], [-90.1563, 30.1896], [-90.2599, 30.1634], [-90.2726, 30.1078], [-90.2792, 30.0485], [-90.2803, 29.9726], [-90.268, 29.9049], [-90.2432, 29.8807], [-90.2402, 29.8621], [-90.1732, 29.8275], [-90.1673, 29.8185], [-90.2282, 29.692]]]}}, {"type": "Feature", "properties": {"osm_type": "relation", "osm_id": 413534722, "name": "Tangipahoa", "admin_level": "6", "kind": "subdivision_2", "parent_osm_id": 224922, "parent_name": "Louisiana", "parent_iso": "US-LA"}, "geometry": {"type": "Polygon", "coordinates": [[[-90.5476, 30.9997], [-90.5672, 30.9997], [-90.5669, 30.4871], [-90.55, 30.4677], [-90.5529, 30.4629], [-90.546, 30.4301], [-90.52, 30.4142], [-90.4884, 30.3554], [-90.4738, 30.3453], [-90.4854, 30.3217], [-90.4858, 30.277], [-90.4205, 30.2798], [-90.3993, 30.286], [-90.3723, 30.2836], [-90.3503, 30.2968], [-90.3205, 30.299], [-90.3009, 30.2947], [-90.1606, 30.2343], [-90.1921, 30.3108], [-90.2437, 30.3616], [-90.2432, 30.596], [-90.2487, 30.6161], [-90.2437, 30.6469], [-90.2532, 30.6644], [-90.2504, 30.6956], [-90.2575, 30.7102], [-90.2535, 30.7356], [-90.2645, 30.757], [-90.2627, 30.7653], [-90.2776, 30.7799], [-90.2795, 30.795], [-90.2934, 30.8065], [-90.2902, 30.8198], [-90.3012, 30.8508], [-90.3177, 30.8736], [-90.3169, 30.8909], [-90.3299, 30.8909], [-90.3339, 30.9055], [-90.3467, 30.9054], [-90.3472, 31.0004], [-90.5476, 30.9997]]]}}, {"type": "Feature", "properties": {"osm_type": "relation", "osm_id": 956865543, "name": "Cameron", "admin_level": "6", "kind": "subdivision_2", "parent_osm_id": 224922, "parent_name": "Louisiana", "parent_iso": "US-LA"}, "geometry": {"type": "Polygon", "coordinates": [[[-92.7386, 30.0373], [-93.1284, 30.0384], [-93.1285, 30.0526], [-93.7207, 30.0522], [-93.7375, 30.0373], [-93.7411, 30.0216], [-93.7894, 29.9878], [-93.8078, 29.9546], [-93.819, 29.9148], [-93.8384, 29.8829], [-93.8543, 29.865], [-93.9164, 29.825], [-93.928, 29.8096], [-93.9288, 29.7971], [-93.9224, 29.7851], [-93.8939, 29.7673], [-93.8916, 29.7446], [-93.87, 29.7355], [-93.838, 29.6906], [-93.7993, 29.7153], [-93.7661, 29.7295], [-93.6836, 29.7472], [-93.4753, 29.7692], [-93.3464, 29.7626], [-93.2675, 29.7781], [-93.1769, 29.7705], [-93.0312, 29.7363], [-92.9475, 29.7088], [-92.7413, 29.6221], [-92.6173, 29.5862], [-92.6156, 30.0382], [-92.7386, 30.0373]]]}}, {"type": "Feature", "properties": {"osm_type": "relation", "osm_id": 882293467, "name": "Avoyelles", "admin_level": "6", "kind": "subdivision_2", "parent_osm_id": 224922, "parent_name": "Louisiana", "parent_iso": "US-LA"}, "geometry": {"type": "Polygon", "coordinates": [[[-91.8153, 30.8481], [-91.8231, 30.8564], [-91.8043, 30.8637], [-91.8002, 30.9246], [-91.806, 30.9726], [-91.7965, 30.9828], [-91.7805, 30.9867], [-91.7742, 31.0026], [-91.7238, 31.0443], [-91.7103, 31.0783], [-91.7163, 31.0933], [-91.7035, 31.1058], [-91.719, 31.1346], [-91.7027, 31.1618], [-91.6873, 31.1619], [-91.6773, 31.1881], [-91.691, 31.2019], [-91.7082, 31.2089], [-91.7219, 31.1996], [-91.7384, 31.204], [-91.7585, 31.2223], [-91.7776, 31.2221], [-91.811, 31.2371], [-91.8142, 31.251], [-91.8343, 31.2663], [-91.8549, 31.2643], [-91.8697, 31.2807], [-91.9089, 31.2968], [-91.9343, 31.2899], [-91.9465, 31.272], [-91.9354, 31.2384], [-91.9205, 31.2317], [-91.941, 31.2215], [-91.9466, 31.2397], [-91.9627, 31.2423], [-91.9739, 31.2253], [-91.992, 31.2262], [-91.9922, 31.239], [-92.0042, 31.2435], [-91.988, 31.2489], [-92.0032, 31.2589], [-92.0099, 31.2825], [-92.0198, 31.2805], [-92.0165, 31.3025], [-92.0109, 31.2924], [-91.9965, 31.2997], [-92.0072, 31.3066], [-92.0017, 31.3177], [-92.026, 31.343], [-92.0814, 31.3241], [-92.0867, 31.3354], [-92.0958, 31.3243], [-92.1264, 31.306], [-92.1627, 31.3035], [-92.1767, 31.3112], [-92.1783, 31.3233], [-92.1939, 31.3339], [-92.2111, 31.3274], [-92.2218, 31.3317], [-92.2332, 31.3216], [-92.2338, 31.1515], [-92.225, 31.1416], [-92.2343, 31.1315], [-92.2164, 30.9912], [-92.2083, 30.9624], [-92.2807, 30.9651], [-92.2807, 30.936], [-92.2382, 30.8922], [-92.2377, 30.8482], [-91.8153, 30.8481]]]}}, {"type": "Feature", "properties": {"osm_type": "relation", "osm_id": 888030552, "name": "Vernon", "admin_level": "6", "kind": "subdivision_2", "parent_osm_id": 224922, "parent_name": "Louisiana", "parent_iso": "US-LA"}, "geometry": {"type": "Polygon", "coordinates": [[[-92.8239, 30.89], [-92.8297, 31.2523], [-92.8463, 31.2533], [-92.8464, 31.2742], [-92.8626, 31.2743], [-92.8626, 31.2887], [-92.8795, 31.2886], [-92.8798, 31.3174], [-92.8967, 31.3246], [-92.9303, 31.3245], [-92.9303, 31.3322], [-92.9645, 31.3323], [-92.9646, 31.3395], [-92.9814, 31.3394], [-92.9815, 31.3466], [-92.992, 31.3604], [-93.3905, 31.3642], [-93.4426, 31.2767], [-93.5354, 31.2764], [-93.5359, 31.2527], [-93.5521, 31.2381], [-93.5415, 31.2269], [-93.5513, 31.2154], [-93.5444, 31.2028], [-93.5525, 31.1856], [-93.5351, 31.1856], [-93.5318, 31.1808], [-93.5368, 31.1586], [-93.544, 31.153], [-93.5414, 31.1135], [-93.5517, 31.0973], [-93.5467, 31.083], [-93.523, 31.0652], [-93.5321, 31.0553], [-93.5164, 31.0296], [-93.5169, 31.0237], [-93.5395, 31.0085], [-93.5626, 31.006], [-93.5698, 30.9967], [-93.568, 30.978], [-93.5498, 30.9671], [-93.5263, 30.9394], [-93.5309, 30.9245], [-93.5519, 30.9187], [-93.5565, 30.9015], [-93.5678, 30.8883], [-93.5675, 30.8785], [-93.5586, 30.8688], [-93.5546, 30.8775], [-93.5228, 30.8796], [-93.5004, 30.865], [-93.4784, 30.8594], [-93.4357, 30.8818], [-93.3868, 30.8831], [-92.8236, 30.8756], [-92.8239, 30.89]]]}}, {"type": "Feature", "properties": {"osm_type": "relation", "osm_id": 361428031, "name": "Orleans", "admin_level": "6", "kind": "subdivision_2", "parent_osm_id": 224922, "parent_name": "Louisiana", "parent_iso": "US-LA"}, "geometry": {"type": "Polygon", "coordinates": [[[-89.8561, 29.9971], [-89.8576, 30.0044], [-89.8186, 30.0433], [-89.7825, 30.0454], [-89.7632, 30.0421], [-89.7333, 30.0221], [-89.7164, 30.0262], [-89.7316, 30.0497], [-89.7275, 30.0627], [-89.6837, 30.076], [-89.6782, 30.1083], [-89.657, 30.1184], [-89.641, 30.1386], [-89.6229, 30.1524], [-89.6554, 30.1593], [-89.6853, 30.1754], [-89.714, 30.1612], [-89.7454, 30.1775], [-89.7759, 30.1594], [-89.7974, 30.1608], [-89.8208, 30.18], [-89.8484, 30.1901], [-89.9032, 30.1987], [-90.0034, 30.163], [-90.0403, 30.1551], [-90.0825, 30.1572], [-90.1081, 30.1649], [-90.1248, 29.9758], [-90.1376, 29.9515], [-90.1304, 29.9465], [-90.139, 29.9384], [-90.1386, 29.9188], [-90.1274, 29.9109], [-90.1072, 29.9085], [-90.0688, 29.9211], [-90.0592, 29.9304], [-90.0586, 29.9453], [-90.0081, 29.8955], [-89.9892, 29.8894], [-89.9873, 29.905], [-89.9354, 29.893], [-89.9176, 29.8667], [-89.9107, 29.8679], [-89.9027, 29.8781], [-89.9078, 29.8972], [-89.9269, 29.9206], [-89.9698, 29.9247], [-90.0121, 29.946], [-89.9899, 29.9895], [-89.9743, 29.9947], [-89.953, 29.9812], [-89.9142, 29.9991], [-89.8945, 30.0023], [-89.8797, 29.9854], [-89.8593, 30.0029], [-89.8561, 29.9971]]]}}, {"type": "Feature", "properties": {"osm_type": "relation", "osm_id": 387998297, "name": "St. Mary", "admin_level": "6", "kind": "subdivision_2", "parent_osm_id": 224922, "parent_name": "Louisiana", "parent_iso": "US-LA"}, "geometry": {"type": "Polygon", "coordinates": [[[-91.472, 29.956], [-91.6247, 29.9453], [-91.7112, 29.8461], [-91.8586, 29.7361], [-91.8592, 29.7278], [-91.881, 29.7133], [-91.854, 29.7076], [-91.7837, 29.7407], [-91.7523, 29.7483], [-91.7373, 29.7494], [-91.7109, 29.739], [-91.6671, 29.7458], [-91.6328, 29.7426], [-91.6215, 29.7354], [-91.6185, 29.7108], [-91.6268, 29.6848], [-91.6273, 29.6621], [-91.6489, 29.6336], [-91.6251, 29.6262], [-91.5706, 29.6383], [-91.5535, 29.6328], [-91.5375, 29.5659], [-91.5255, 29.5519], [-91.531, 29.5315], [-91.5173, 29.5297], [-91.4961, 29.5389], [-91.4864, 29.5217], [-91.4856, 29.4991], [-91.461, 29.47], [-91.4349, 29.4824], [-91.4173, 29.4851], [-91.3943, 29.4971], [-91.3794, 29.5124], [-91.3576, 29.513], [-91.3405, 29.4885], [-91.3204, 29.4783], [-91.3331, 29.463], [-91.3531, 29.4547], [-91.3475, 29.4444], [-91.3643, 29.4354], [-91.364, 29.4207], [-91.3296, 29.4266], [-91.3341, 29.3915], [-91.3099, 29.4005], [-91.3019, 29.4131], [-91.2874, 29.4031], [-91.2761, 29.4093], [-91.2572, 29.438], [-91.2383, 29.4379], [-91.2583, 29.4443], [-91.2656, 29.4727], [-91.2737, 29.4794], [-91.2656, 29.5144], [-91.2706, 29.5367], [-91.2643, 29.5434], [-91.2397, 29.5484], [-91.223, 29.5632], [-91.2252, 29.5763], [-91.211, 29.5907], [-91.1781, 29.6097], [-91.1637, 29.5927], [-91.1395, 29.6089], [-91.1229, 29.6077], [-91.1172, 29.6175], [-91.0826, 29.6264], [-91.0862, 29.6348], [-91.1053, 29.643], [-91.0952, 29.6962], [-91.1341, 29.7241], [-91.1809, 29.7286], [-91.2152, 29.7512], [-91.2294, 29.7489], [-91.2986, 29.765], [-91.3518, 29.7663], [-91.3865, 29.7837], [-91.3736, 29.8344], [-91.4011, 29.8735], [-91.4136, 29.905], [-91.472, 29.948], [-91.472, 29.956]]]}}, {"type": "Feature", "properties": {"osm_type": "relation", "osm_id": 618753736, "name": "Red River", "admin_level": "6", "kind": "subdivision_2", "parent_osm_id": 224922, "parent_name": "Louisiana", "parent_iso": "US-LA"}, "geometry": {"type": "Polygon", "coordinates": [[[-93.6147, 32.2375], [-93.5969, 32.2182], [-93.593, 32.2055], [-93.5569, 32.1921], [-93.536, 32.1931], [-93.5265, 32.1822], [-93.5207, 32.1446], [-93.5095, 32.1322], [-93.5226, 32.1257], [-93.5414, 32.1059], [-93.5108, 32.0783], [-93.5016, 32.063], [-93.4803, 32.057], [-93.4812, 32.032], [-93.4604, 32.0203], [-93.4418, 31.9894], [-93.4066, 31.988], [-93.3726, 31.9617], [-93.3661, 31.9358], [-93.3555, 31.9322], [-93.3505, 31.8987], [-93.3151, 31.89], [-93.3038, 31.8976], [-93.2824, 31.8874], [-93.2455, 31.9109], [-93.2395, 31.9036], [-93.2385, 31.9728], [-93.1212, 31.9726], [-93.1581, 32.0094], [-93.1565, 32.0248], [-93.1373, 32.0563], [-93.1643, 32.0933], [-93.1524, 32.1045], [-93.1872, 32.1484], [-93.1919, 32.1784], [-93.2112, 32.1922], [-93.2131, 32.2358], [-93.6147, 32.2375]]]}}, {"type": "Feature", "properties": {"osm_type": "relation", "osm_id": 405883385, "name": "Ouachita", "admin_level": "6", "kind": "subdivision_2", "parent_osm_id": 224922, "parent_name": "Louisiana", "parent_iso": "US-LA"}, "geometry": {"type": "Polygon", "coordinates": [[[-92.3119, 32.2774], [-92.1648, 32.2767], [-92.1526, 32.2587], [-92.1061, 32.2586], [-92.1064, 32.2766], [-92.0344, 32.2771], [-92.0202, 32.2968], [-92.0062, 32.3542], [-92.0114, 32.3631], [-91.9936, 32.3979], [-91.9836, 32.4139], [-91.9442, 32.4491], [-91.9333, 32.4909], [-91.9197, 32.4974], [-91.9042, 32.5153], [-91.9048, 32.5286], [-91.9272, 32.5699], [-91.9255, 32.5737], [-91.9434, 32.5871], [-91.9244, 32.6186], [-91.9242, 32.6453], [-91.9112, 32.6611], [-91.9363, 32.6589], [-91.9673, 32.6862], [-91.975, 32.7114], [-92.016, 32.7007], [-92.0332, 32.7123], [-92.0443, 32.7066], [-92.0319, 32.7004], [-92.0501, 32.6864], [-92.0428, 32.6993], [-92.0559, 32.6981], [-92.0521, 32.7152], [-92.0652, 32.723], [-92.0902, 32.6877], [-92.1209, 32.6736], [-92.139, 32.6754], [-92.1381, 32.6608], [-92.2217, 32.6103], [-92.2243, 32.5901], [-92.2723, 32.581], [-92.4151, 32.5829], [-92.4154, 32.4078], [-92.3118, 32.3208], [-92.3119, 32.2774]]]}}, {"type": "Feature", "properties": {"osm_type": "relation", "osm_id": 758715450, "name": "St. John the Baptist", "admin_level": "6", "kind": "subdivision_2", "parent_osm_id": 224922, "parent_name": "Louisiana", "parent_iso": "US-LA"}, "geometry": {"type": "Polygon", "coordinates": [[[-90.6563, 29.8893], [-90.6271, 29.895], [-90.6094, 29.8831], [-90.5935, 29.8929], [-90.5366, 29.8915], [-90.5296, 29.885], [-90.5322, 29.9679], [-90.5493, 29.9681], [-90.5498, 30.0024], [-90.5384, 30.0134], [-90.4758, 30.0359], [-90.4678, 30.0317], [-90.4502, 30.0331], [-90.407, 30.0831], [-90.3497, 30.1203], [-90.3266, 30.1502], [-90.1563, 30.1896], [-90.154, 30.2035], [-90.1606, 30.2343], [-90.3009, 30.2947], [-90.3205, 30.299], [-90.3503, 30.2968], [-90.3723, 30.2836], [-90.3993, 30.286], [-90.4205, 30.2798], [-90.4858, 30.277], [-90.5091, 30.2301], [-90.5542, 30.1956], [-90.5778, 30.1972], [-90.5995, 30.2168], [-90.6328, 30.2214], [-90.6537, 30.0963], [-90.6708, 30.094], [-90.6612, 30.0508], [-90.6889, 30.036], [-90.6713, 29.9926], [-90.6754, 29.9873], [-90.6668, 29.9809], [-90.6747, 29.966], [-90.666, 29.9515], [-90.665, 29.9074], [-90.6563, 29.8893]]]}}, {"type": "Feature", "properties": {"osm_type": "relation", "osm_id": 149920110, "name": "St. Helena", "admin_level": "6", "kind": "subdivision_2", "parent_osm_id": 224922, "parent_name": "Louisiana", "parent_iso": "US-LA"}, "geometry": {"type": "Polygon", "coordinates": [[[-90.849, 30.7193], [-90.8442, 30.7081], [-90.8709, 30.6933], [-90.9107, 30.6494], [-90.5672, 30.65], [-90.5672, 30.9997], [-90.8258, 30.9994], [-90.8442, 30.9827], [-90.8452, 30.9625], [-90.8627, 30.9443], [-90.8454, 30.8886], [-90.858, 30.8731], [-90.8583, 30.8589], [-90.841, 30.8472], [-90.8482, 30.8397], [-90.8347, 30.8132], [-90.8447, 30.7929], [-90.842, 30.7655], [-90.8504, 30.7543], [-90.8392, 30.7246], [-90.849, 30.7193]]]}}, {"type": "Feature", "properties": {"osm_type": "relation", "osm_id": 297425447, "name": "Franklin", "admin_level": "6", "kind": "subdivision_2", "parent_osm_id": 224922, "parent_name": "Louisiana", "parent_iso": "US-LA"}, "geometry": {"type": "Polygon", "coordinates": [[[-91.8897, 31.9715], [-91.8445, 31.9533], [-91.8503, 31.9449], [-91.8236, 31.9178], [-91.8048, 31.9185], [-91.795, 31.9029], [-91.8049, 31.8932], [-91.7787, 31.8877], [-91.7798, 31.8719], [-91.7567, 31.8847], [-91.7292, 31.8825], [-91.7222, 31.8931], [-91.6966, 31.9035], [-91.6822, 31.9235], [-91.6703, 31.9253], [-91.6475, 31.9704], [-91.5969, 31.9698], [-91.5971, 31.8827], [-91.5757, 31.8826], [-91.5692, 31.8936], [-91.5432, 31.9138], [-91.525, 31.9155], [-91.5114, 31.93], [-91.5128, 31.9541], [-91.5282, 31.9593], [-91.5122, 31.9754], [-91.5148, 31.9854], [-91.4984, 31.9907], [-91.4973, 32.0106], [-91.51, 32.0205], [-91.5017, 32.0459], [-91.5017, 32.0664], [-91.4923, 32.0698], [-91.4899, 32.0894], [-91.5094, 32.0977], [-91.5012, 32.1058], [-91.5057, 32.1458], [-91.4924, 32.1565], [-91.4927, 32.2034], [-91.5355, 32.2037], [-91.5466, 32.2101], [-91.5258, 32.2208], [-91.5095, 32.2442], [-91.5251, 32.2343], [-91.5572, 32.2497], [-91.543, 32.259], [-91.5236, 32.2531], [-91.5267, 32.3007], [-91.5033, 32.2952], [-91.5041, 32.3135], [-91.4724, 32.3165], [-91.4781, 32.3429], [-91.4943, 32.3387], [-91.5005, 32.3477], [-91.485, 32.3665], [-91.4805, 32.3552], [-91.466, 32.3511], [-91.4507, 32.3617], [-91.4517, 32.3686], [-91.4758, 32.3852], [-91.4767, 32.4058], [-91.6349, 32.4053], [-91.6583, 32.3862], [-91.6803, 32.3835], [-91.6804, 32.3731], [-91.6988, 32.3696], [-91.7015, 32.3449], [-91.7232, 32.3336], [-91.7613, 32.335], [-91.7619, 32.2985], [-91.7741, 32.2774], [-91.7692, 32.2572], [-91.775, 32.2433], [-91.7971, 32.2251], [-91.8198, 32.2137], [-91.8305, 32.181], [-91.8373, 32.1762], [-91.8727, 32.1718], [-91.8947, 32.1516], [-91.8944, 32.138], [-91.876, 32.1273], [-91.8695, 32.1154], [-91.8745, 32.1041], [-91.8682, 32.0916], [-91.898, 32.0856], [-91.9001, 32.0761], [-91.9111, 32.085], [-91.9332, 32.0669], [-91.9221, 32.0663], [-91.909, 32.0462], [-91.8985, 32.0402], [-91.9028, 32.0254], [-91.8944, 32.0106], [-91.9021, 31.9958], [-91.8897, 31.9715]]]}}, {"type": "Feature", "properties": {"osm_type": "relation", "osm_id": 485471256, "name": "Livingston", "admin_level": "6", "kind": "subdivision_2", "parent_osm_id": 224922, "parent_name": "Louisiana", "parent_iso": "US-LA"}, "geometry": {"type": "Polygon", "coordinates": [[[-90.5672, 30.65], [-90.9107, 30.6494], [-90.9406, 30.6199], [-90.9344, 30.6128], [-90.9723, 30.5969], [-90.9856, 30.5847], [-90.9713, 30.5627], [-90.973, 30.5409], [-90.9809, 30.5356], [-90.9822, 30.5221], [-90.9679, 30.5044], [-90.9765, 30.4673], [-90.9915, 30.4618], [-90.9734, 30.4377], [-90.9824, 30.4235], [-90.9658, 30.4147], [-90.9724, 30.3975], [-90.9492, 30.3945], [-90.9372, 30.3666], [-90.9062, 30.3612], [-90.8917, 30.3452], [-90.8585, 30.3438], [-90.851, 30.3306], [-90.8308, 30.3186], [-90.8241, 30.2927], [-90.8109, 30.2757], [-90.7847, 30.2803], [-90.7909, 30.2668], [-90.7678, 30.2398], [-90.7491, 30.2413], [-90.7314, 30.2212], [-90.7344, 30.2119], [-90.7226, 30.2065], [-90.7195, 30.19], [-90.7033, 30.1858], [-90.6946, 30.1752], [-90.6733, 30.198], [-90.679, 30.2067], [-90.6617, 30.2137], [-90.6604, 30.2255], [-90.6493, 30.2323], [-90.6328, 30.2214], [-90.5995, 30.2168], [-90.5778, 30.1972], [-90.5542, 30.1956], [-90.5091, 30.2301], [-90.4858, 30.277], [-90.4854, 30.3217], [-90.4738, 30.3453], [-90.4884, 30.3554], [-90.52, 30.4142], [-90.546, 30.4301], [-90.5529, 30.4629], [-90.55, 30.4677], [-90.5669, 30.4871], [-90.5672, 30.65]]]}}, {"type": "Feature", "properties": {"osm_type": "relation", "osm_id": 412832362, "name": "Claiborne", "admin_level": "6", "kind": "subdivision_2", "parent_osm_id": 224922, "parent_name": "Louisiana", "parent_iso": "US-LA"}, "geometry": {"type": "Polygon", "coordinates": [[[-92.9887, 33.0173], [-93.2386, 33.018], [-93.2374, 32.7163], [-93.1866, 32.7168], [-93.1863, 32.6727], [-93.1736, 32.6331], [-93.1779, 32.6227], [-93.1788, 32.5849], [-92.8808, 32.5853], [-92.8666, 32.6075], [-92.8603, 32.6414], [-92.8688, 32.678], [-92.8397, 32.7097], [-92.8281, 32.7144], [-92.8285, 32.7588], [-92.7254, 32.7595], [-92.7254, 32.8035], [-92.7341, 32.8034], [-92.7341, 32.818], [-92.7254, 32.818], [-92.7247, 33.0144], [-92.9887, 33.0173]]]}}, {"type": "Feature", "properties": {"osm_type": "relation", "osm_id": 136923747, "name": "East Carroll", "admin_level": "6", "kind": "subdivision_2", "parent_osm_id": 224922, "parent_name": "Louisiana", "parent_iso": "US-LA"}, "geometry": {"type": "Polygon", "coordinates": [[[-91.0698, 32.5628], [-91.031, 32.5834], [-91.0137, 32.5984], [-91.003, 32.6147], [-91.0068, 32.6313], [-91.0258, 32.6466], [-91.0384, 32.6364], [-91.0498, 32.6072], [-91.1199, 32.5848], [-91.1279, 32.5865], [-91.1462, 32.6041], [-91.1538, 32.6313], [-91.1521, 32.6415], [-91.1376, 32.6506], [-91.1183, 32.6741], [-91.064, 32.7029], [-91.0545, 32.7223], [-91.0772, 32.7325], [-91.1232, 32.7428], [-91.1545, 32.7423], [-91.1653, 32.7513], [-91.1569, 32.7803], [-91.1644, 32.7858], [-91.1617, 32.8125], [-91.145, 32.8429], [-91.1279, 32.8551], [-91.1056, 32.8584], [-91.0706, 32.8887], [-91.0645, 32.9011], [-91.0648, 32.9265], [-91.0831, 32.9479], [-91.0789, 32.9518], [-91.0804, 32.9628], [-91.0969, 32.9864], [-91.1066, 32.9889], [-91.1355, 32.9797], [-91.1386, 32.9714], [-91.1307, 32.9623], [-91.1379, 32.9528], [-91.1313, 32.9269], [-91.134, 32.9177], [-91.1517, 32.9019], [-91.1754, 32.9], [-91.2083, 32.9154], [-91.214, 32.9303], [-91.1994, 32.9523], [-91.2018, 32.9612], [-91.1733, 32.9861], [-91.1661, 33.0041], [-91.265, 33.0051], [-91.2677, 32.9751], [-91.2802, 32.9509], [-91.3092, 32.9359], [-91.3104, 32.8903], [-91.3214, 32.864], [-91.3269, 32.8723], [-91.3397, 32.862], [-91.3431, 32.7505], [-91.3559, 32.7408], [-91.3772, 32.7063], [-91.3749, 32.6899], [-91.3983, 32.693], [-91.4017, 32.6691], [-91.3958, 32.641], [-91.405, 32.6271], [-91.397, 32.6095], [-91.4266, 32.5999], [-91.4453, 32.582], [-91.4309, 32.5605], [-91.4576, 32.5378], [-91.1337, 32.5379], [-91.1084, 32.5626], [-91.0698, 32.5628]]]}}, {"type": "Feature", "properties": {"osm_type": "relation", "osm_id": 548724435, "name": "West Feliciana", "admin_level": "6", "kind": "subdivision_2", "parent_osm_id": 224922, "parent_name": "Louisiana", "parent_iso": "US-LA"}, "geometry": {"type": "MultiPolygon", "coordinates": [[[[-91.1761, 30.9991], [-91.6369, 30.9994], [-91.6625, 30.9704], [-91.6449, 30.929], [-91.6609, 30.8951], [-91.6614, 30.8571], [-91.647, 30.8449], [-91.6234, 30.8405], [-91.5786, 30.8463], [-91.5675, 30.8368], [-91.5564, 30.8486], [-91.5636, 30.8833], [-91.5761, 30.8934], [-91.6096, 30.8984], [-91.6146, 30.9176], [-91.5493, 30.9162], [-91.5214, 30.8901], [-91.5155, 30.8724], [-91.5179, 30.8514], [-91.5395, 30.7912], [-91.5573, 30.7782], [-91.5845, 30.7728], [-91.5929, 30.766], [-91.5946, 30.7502], [-91.5713, 30.7353], [-91.553, 30.7308], [-91.5099, 30.7403], [-91.4504, 30.7362], [-91.395, 30.7579], [-91.3751, 30.7567], [-91.3532, 30.7221], [-91.3407, 30.6702], [-91.3309, 30.6587], [-91.3101, 30.654], [-91.3052, 30.6734], [-91.3207, 30.6994], [-91.2931, 30.7156], [-91.2967, 30.7254], [-91.2861, 30.7345], [-91.2862, 30.7467], [-91.2769, 30.7584], [-91.2676, 30.7573], [-91.2489, 30.7864], [-91.2362, 30.7951], [-91.2426, 30.8046], [-91.2306, 30.8105], [-91.2348, 30.8247], [-91.2248, 30.847], [-91.2293, 30.8534], [-91.2197, 30.8645], [-91.2224, 30.8808], [-91.2171, 30.893], [-91.2073, 30.892], [-91.2089, 30.9148], [-91.1869, 30.9365], [-91.1947, 30.9455], [-91.1951, 30.9629], [-91.1821, 30.9745], [-91.1761, 30.9991]]], [[[-91.6583, 30.9944], [-91.6441, 31.0225], [-91.6493, 31.0372], [-91.6598, 31.044], [-91.6966, 31.0392], [-91.7238, 31.0443], [-91.7501, 31.0188], [-91.714, 31.0068], [-91.6873, 31.0181], [-91.6583, 30.9944]]]]}}, {"type": "Feature", "properties": {"osm_type": "relation", "osm_id": 955131701, "name": "Ascension", "admin_level": "6", "kind": "subdivision_2", "parent_osm_id": 224922, "parent_name": "Louisiana", "parent_iso": "US-LA"}, "geometry": {"type": "Polygon", "coordinates": [[[-90.642, 30.1664], [-90.6328, 30.2214], [-90.6493, 30.2323], [-90.6604, 30.2255], [-90.6617, 30.2137], [-90.679, 30.2067], [-90.6733, 30.198], [-90.6946, 30.1752], [-90.7033, 30.1858], [-90.7195, 30.19], [-90.7226, 30.2065], [-90.7344, 30.2119], [-90.7314, 30.2212], [-90.7491, 30.2413], [-90.7678, 30.2398], [-90.7909, 30.2668], [-90.7847, 30.2803], [-90.8109, 30.2757], [-90.8241, 30.2927], [-90.8308, 30.3186], [-90.851, 30.3306], [-90.8585, 30.3438], [-90.8917, 30.3452], [-90.9111, 30.3396], [-90.9239, 30.3441], [-90.9876, 30.3454], [-91.0142, 30.3348], [-91.021, 30.3215], [-91.0734, 30.1607], [-91.0901, 30.1411], [-91.0897, 30.1084], [-91.1065, 30.1081], [-91.106, 30.0625], [-91.0891, 30.0625], [-91.0893, 30.0766], [-91.0746, 30.0816], [-91.0561, 30.0703], [-91.0058, 30.0791], [-90.9843, 30.065], [-90.9637, 30.0665], [-90.9356, 30.0857], [-90.9147, 30.1088], [-90.9156, 30.1133], [-90.642, 30.1664]]]}}, {"type": "Feature", "properties": {"osm_type": "relation", "osm_id": 286820838, "name": "Bossier", "admin_level": "6", "kind": "subdivision_2", "parent_osm_id": 224922, "parent_name": "Louisiana", "parent_iso": "US-LA"}, "geometry": {"type": "Polygon", "coordinates": [[[-93.4713, 32.2372], [-93.4282, 32.2359], [-93.4081, 32.2505], [-93.4072, 32.2844], [-93.4175, 32.2836], [-93.4267, 32.3092], [-93.4029, 32.3687], [-93.4246, 32.3773], [-93.4234, 32.3977], [-93.4125, 32.4009], [-93.3886, 32.3964], [-93.3728, 32.4102], [-93.4412, 32.4104], [-93.4412, 32.4978], [-93.4465, 32.498], [-93.4447, 32.7612], [-93.4697, 32.7614], [-93.465, 32.7717], [-93.4738, 32.7832], [-93.4597, 32.8062], [-93.467, 32.8092], [-93.454, 32.8216], [-93.4566, 32.835], [-93.4675, 32.8481], [-93.4548, 32.851], [-93.4479, 32.8667], [-93.4638, 32.8684], [-93.4655, 32.8792], [-93.4807, 32.8909], [-93.4822, 32.902], [-93.4698, 32.9044], [-93.4696, 32.9177], [-93.4808, 32.9272], [-93.4933, 32.9215], [-93.5089, 32.9358], [-93.5196, 32.9651], [-93.5305, 32.9756], [-93.5163, 33.0025], [-93.521, 33.0186], [-93.8146, 33.0194], [-93.8257, 33.012], [-93.8177, 32.9758], [-93.8225, 32.9672], [-93.8053, 32.9738], [-93.8009, 32.9656], [-93.8266, 32.9667], [-93.8452, 32.9504], [-93.8236, 32.9464], [-93.802, 32.9318], [-93.8209, 32.902], [-93.8203, 32.8843], [-93.8012, 32.8714], [-93.8028, 32.8603], [-93.8148, 32.8516], [-93.7996, 32.8469], [-93.7852, 32.8574], [-93.7896, 32.822], [-93.7985, 32.8076], [-93.817, 32.8012], [-93.8243, 32.7925], [-93.8168, 32.7823], [-93.8032, 32.7971], [-93.7873, 32.7943], [-93.7832, 32.7844], [-93.7911, 32.7593], [-93.8192, 32.736], [-93.8263, 32.7166], [-93.8191, 32.7109], [-93.8026, 32.7262], [-93.7871, 32.7246], [-93.7821, 32.7122], [-93.7868, 32.6689], [-93.7749, 32.6741], [-93.7659, 32.6527], [-93.7813, 32.6489], [-93.7818, 32.6391], [-93.7613, 32.6419], [-93.7515, 32.6209], [-93.76, 32.6061], [-93.7436, 32.6028], [-93.7691, 32.5957], [-93.757, 32.5875], [-93.7395, 32.5908], [-93.7366, 32.5799], [-93.7544, 32.5651], [-93.7533, 32.5562], [-93.7417, 32.5566], [-93.7562, 32.537], [-93.7676, 32.5415], [-93.7383, 32.5126], [-93.705, 32.4974], [-93.7184, 32.4884], [-93.6974, 32.4939], [-93.7015, 32.4816], [-93.6837, 32.4588], [-93.6916, 32.4489], [-93.6741, 32.4407], [-93.6614, 32.4276], [-93.6734, 32.4209], [-93.68, 32.4336], [-93.6918, 32.4228], [-93.6834, 32.4175], [-93.6603, 32.4164], [-93.6867, 32.4071], [-93.6856, 32.3955], [-93.6633, 32.3878], [-93.668, 32.4041], [-93.6481, 32.4027], [-93.6357, 32.3959], [-93.6507, 32.3782], [-93.6289, 32.3997], [-93.6256, 32.3619], [-93.6083, 32.3703], [-93.6223, 32.354], [-93.6151, 32.3483], [-93.5885, 32.3489], [-93.5824, 32.3285], [-93.5631, 32.333], [-93.5447, 32.3275], [-93.5527, 32.3206], [-93.545, 32.3065], [-93.5389, 32.3184], [-93.5282, 32.3132], [-93.5385, 32.295], [-93.5144, 32.2971], [-93.5248, 32.274], [-93.4922, 32.2656], [-93.4902, 32.2436], [-93.4803, 32.2421], [-93.4861, 32.2572], [-93.4619, 32.2495], [-93.4713, 32.2372]]]}}, {"type": "Feature", "properties": {"osm_type": "relation", "osm_id": 504348776, "name": "Sabine", "admin_level": "6", "kind": "subdivision_2", "parent_osm_id": 224922, "parent_name": "Louisiana", "parent_iso": "US-LA"}, "geometry": {"type": "Polygon", "coordinates": [[[-93.4412, 31.8452], [-93.8793, 31.844], [-93.8748, 31.8406], [-93.8748, 31.8217], [-93.8709, 31.8168], [-93.84, 31.7986], [-93.8347, 31.7833], [-93.8226, 31.7736], [-93.8307, 31.7458], [-93.8191, 31.7289], [-93.8146, 31.7074], [-93.8027, 31.6978], [-93.8045, 31.6857], [-93.8265, 31.6669], [-93.818, 31.6479], [-93.8168, 31.6225], [-93.8187, 31.6146], [-93.8279, 31.6166], [-93.8381, 31.6068], [-93.8349, 31.5862], [-93.8186, 31.5548], [-93.7981, 31.534], [-93.7808, 31.5254], [-93.7434, 31.5252], [-93.7393, 31.5151], [-93.7267, 31.5116], [-93.731, 31.4921], [-93.7499, 31.4789], [-93.7495, 31.4687], [-93.7009, 31.4378], [-93.6976, 31.4284], [-93.7049, 31.4109], [-93.6741, 31.3977], [-93.6689, 31.3664], [-93.6637, 31.36], [-93.6869, 31.3052], [-93.6689, 31.298], [-93.6425, 31.2695], [-93.6203, 31.271], [-93.6139, 31.2594], [-93.616, 31.234], [-93.6043, 31.2208], [-93.6073, 31.2054], [-93.6003, 31.1762], [-93.5885, 31.1656], [-93.5525, 31.1856], [-93.5444, 31.2028], [-93.5513, 31.2154], [-93.5415, 31.2269], [-93.5521, 31.2381], [-93.5359, 31.2527], [-93.5354, 31.2764], [-93.4426, 31.2767], [-93.3905, 31.3642], [-93.2361, 31.3645], [-93.2367, 31.5383], [-93.3375, 31.5381], [-93.339, 31.7143], [-93.4417, 31.7145], [-93.4412, 31.8452]]]}}, {"type": "Feature", "properties": {"osm_type": "relation", "osm_id": 243997196, "name": "East Baton Rouge", "admin_level": "6", "kind": "subdivision_2", "parent_osm_id": 224922, "parent_name": "Louisiana", "parent_iso": "US-LA"}, "geometry": {"type": "Polygon", "coordinates": [[[-91.2977, 30.6496], [-91.2928, 30.6315], [-91.3019, 30.6095], [-91.3153, 30.5943], [-91.3144, 30.5788], [-91.3059, 30.573], [-91.2671, 30.5725], [-91.2431, 30.5531], [-91.2461, 30.5359], [-91.2844, 30.5153], [-91.2815, 30.5061], [-91.2627, 30.5052], [-91.2093, 30.523], [-91.2008, 30.5177], [-91.1972, 30.5069], [-91.1991, 30.4223], [-91.2081, 30.4037], [-91.2339, 30.3753], [-91.2415, 30.3576], [-91.2358, 30.3445], [-91.1744, 30.3442], [-91.1508, 30.3374], [-91.1379, 30.3172], [-91.0287, 30.3158], [-91.0142, 30.3348], [-90.9876, 30.3454], [-90.9239, 30.3441], [-90.9111, 30.3396], [-90.8917, 30.3452], [-90.9062, 30.3612], [-90.9372, 30.3666], [-90.9492, 30.3945], [-90.9724, 30.3975], [-90.9658, 30.4147], [-90.9824, 30.4235], [-90.9734, 30.4377], [-90.9915, 30.4618], [-90.9765, 30.4673], [-90.9679, 30.5044], [-90.9822, 30.5221], [-90.9809, 30.5356], [-90.973, 30.5409], [-90.9713, 30.5627], [-90.9856, 30.5847], [-90.9723, 30.5969], [-90.9344, 30.6128], [-90.9406, 30.6199], [-90.8709, 30.6933], [-90.8442, 30.7081], [-90.849, 30.7193], [-91.2544, 30.7053], [-91.2648, 30.6987], [-91.2702, 30.6809], [-91.2887, 30.6779], [-91.2977, 30.6496]]]}}, {"type": "Feature", "properties": {"osm_type": "relation", "osm_id": 302074329, "name": "Assumption", "admin_level": "6", "kind": "subdivision_2", "parent_osm_id": 224922, "parent_name": "Louisiana", "parent_iso": "US-LA"}, "geometry": {"type": "Polygon", "coordinates": [[[-90.9637, 30.0665], [-90.9843, 30.065], [-91.0058, 30.0791], [-91.0561, 30.0703], [-91.0746, 30.0816], [-91.0893, 30.0766], [-91.0891, 30.0625], [-91.106, 30.0625], [-91.2244, 30.0253], [-91.2359, 30.0011], [-91.2594, 30.0002], [-91.2514, 29.9576], [-91.2316, 29.9357], [-91.232, 29.9182], [-91.2141, 29.9076], [-91.2003, 29.8618], [-91.1873, 29.8487], [-91.1502, 29.8368], [-91.1331, 29.8373], [-91.1095, 29.824], [-91.0928, 29.8016], [-91.1001, 29.7851], [-91.0944, 29.7646], [-91.0954, 29.737], [-91.1066, 29.7335], [-91.1, 29.6994], [-91.0952, 29.6962], [-91.1053, 29.643], [-91.0862, 29.6348], [-91.0826, 29.6264], [-91.0067, 29.7148], [-90.9475, 29.7923], [-90.9245, 29.8303], [-90.9097, 29.8771], [-90.8854, 29.8775], [-90.8862, 29.9356], [-90.9259, 29.935], [-90.9261, 29.9782], [-90.9599, 29.9779], [-90.9637, 30.0665]]]}}]}