{"type": "FeatureCollection", "parent": {"osm_id": 2340636, "name": "Michoacán", "admin_level": "4", "kind": "subdivision_1", "child_kind": "subdivision_2", "iso": "MX-MIC"}, "features": [{"type": "Feature", "properties": {"osm_type": "relation", "osm_id": 323366491, "name": "Zamora", "admin_level": "6", "kind": "subdivision_2", "parent_osm_id": 2340636, "parent_name": "Michoacán", "parent_iso": "MX-MIC"}, "geometry": {"type": "MultiPolygon", "coordinates": [[[[-102.2451, 19.9426], [-102.2482, 19.9413], [-102.2417, 19.9394], [-102.2451, 19.9426]]], [[[-102.2898, 20.0899], [-102.3015, 20.1045], [-102.3176, 20.1095], [-102.342, 20.1015], [-102.3592, 20.1063], [-102.3689, 20.1041], [-102.3648, 20.0923], [-102.3794, 20.0483], [-102.4071, 20.0437], [-102.3993, 20.0142], [-102.379, 20.0111], [-102.3762, 20.0057], [-102.3903, 19.9915], [-102.3787, 19.9883], [-102.3696, 19.9791], [-102.3583, 19.9801], [-102.3423, 19.9887], [-102.3421, 19.9933], [-102.3291, 19.9939], [-102.3293, 19.9999], [-102.3205, 19.9987], [-102.309, 19.9915], [-102.3089, 19.9742], [-102.2945, 19.972], [-102.2683, 19.9506], [-102.259, 19.9486], [-102.2477, 19.9557], [-102.2271, 19.9571], [-102.2081, 19.9826], [-102.185, 19.9771], [-102.1743, 19.9792], [-102.1764, 19.9947], [-102.1582, 19.9864], [-102.1306, 19.9842], [-102.1224, 20.0147], [-102.128, 20.021], [-102.1476, 20.0182], [-102.1507, 20.0202], [-102.1394, 20.03], [-102.1533, 20.0341], [-102.128, 20.0594], [-102.1444, 20.0771], [-102.2039, 20.0841], [-102.2274, 20.094], [-102.2275, 20.0987], [-102.2635, 20.0972], [-102.2665, 20.0868], [-102.2898, 20.0899]]]]}}, {"type": "Feature", "properties": {"osm_type": "relation", "osm_id": 238553994, "name": "Tangancícuaro", "admin_level": "6", "kind": "subdivision_2", "parent_osm_id": 2340636, "parent_name": "Michoacán", "parent_iso": "MX-MIC"}, "geometry": {"type": "Polygon", "coordinates": [[[-102.2683, 19.9506], [-102.2665, 19.9424], [-102.2419, 19.9275], [-102.2484, 19.9197], [-102.2509, 19.9027], [-102.2731, 19.8817], [-102.3024, 19.885], [-102.3039, 19.8892], [-102.3196, 19.8883], [-102.3285, 19.9082], [-102.3452, 19.8852], [-102.395, 19.8805], [-102.4078, 19.8695], [-102.3796, 19.8364], [-102.3873, 19.8229], [-102.3846, 19.8198], [-102.3908, 19.8168], [-102.3894, 19.8128], [-102.375, 19.81], [-102.3848, 19.7894], [-102.3767, 19.793], [-102.3688, 19.7888], [-102.3497, 19.7608], [-102.3384, 19.7523], [-102.2936, 19.7689], [-102.2806, 19.7973], [-102.2708, 19.805], [-102.2665, 19.8033], [-102.2579, 19.8095], [-102.2494, 19.8033], [-102.232, 19.801], [-102.1958, 19.8217], [-102.1937, 19.838], [-102.1972, 19.8419], [-102.1904, 19.8389], [-102.1847, 19.8478], [-102.1739, 19.8434], [-102.1637, 19.8491], [-102.1613, 19.8595], [-102.1866, 19.8689], [-102.1878, 19.8739], [-102.1736, 19.8853], [-102.1572, 19.8779], [-102.1425, 19.8888], [-102.1335, 19.8786], [-102.1274, 19.8809], [-102.1127, 19.875], [-102.0953, 19.8901], [-102.1077, 19.943], [-102.1306, 19.962], [-102.1398, 19.9642], [-102.1378, 19.9744], [-102.1319, 19.9776], [-102.1682, 19.9933], [-102.1789, 19.9928], [-102.1743, 19.9792], [-102.185, 19.9771], [-102.2081, 19.9826], [-102.2271, 19.9571], [-102.2477, 19.9557], [-102.2548, 19.9492], [-102.2683, 19.9506]], [[-102.2451, 19.9426], [-102.2417, 19.9394], [-102.2482, 19.9413], [-102.2451, 19.9426]]]}}, {"type": "Feature", "properties": {"osm_type": "relation", "osm_id": 539276933, "name": "Lázaro Cárdenas", "admin_level": "6", "kind": "subdivision_2", "parent_osm_id": 2340636, "parent_name": "Michoacán", "parent_iso": "MX-MIC"}, "geometry": {"type": "Polygon", "coordinates": [[[-102.1311, 18.1889], [-102.1196, 18.2014], [-102.1305, 18.2063], [-102.1173, 18.207], [-102.1193, 18.2243], [-102.1152, 18.2195], [-102.1107, 18.2254], [-102.115, 18.2375], [-102.1187, 18.2334], [-102.1218, 18.2386], [-102.1356, 18.2419], [-102.156, 18.2354], [-102.2053, 18.2489], [-102.2186, 18.2492], [-102.2218, 18.2424], [-102.2344, 18.2482], [-102.2578, 18.2499], [-102.2543, 18.2277], [-102.2457, 18.2201], [-102.2602, 18.2122], [-102.2777, 18.2196], [-102.2799, 18.2309], [-102.2893, 18.2329], [-102.3126, 18.2317], [-102.3327, 18.222], [-102.3298, 18.2134], [-102.3331, 18.2082], [-102.3261, 18.2019], [-102.3279, 18.178], [-102.3583, 18.1739], [-102.3643, 18.1691], [-102.3808, 18.169], [-102.3861, 18.1753], [-102.3871, 18.1641], [-102.3996, 18.1608], [-102.4194, 18.1629], [-102.4222, 18.1668], [-102.4307, 18.1643], [-102.4339, 18.1468], [-102.4202, 18.14], [-102.4243, 18.1333], [-102.4191, 18.1301], [-102.4205, 18.1222], [-102.4482, 18.1159], [-102.4466, 18.0998], [-102.4579, 18.1029], [-102.4621, 18.0981], [-102.4706, 18.1001], [-102.4988, 18.0907], [-102.5075, 18.0988], [-102.5057, 18.093], [-102.5137, 18.0883], [-102.522, 18.1], [-102.5192, 18.1135], [-102.5319, 18.1314], [-102.5621, 18.1249], [-102.5614, 18.1168], [-102.577, 18.1197], [-102.5751, 18.1369], [-102.5848, 18.1506], [-102.5819, 18.1601], [-102.5979, 18.1538], [-102.6057, 18.1629], [-102.6068, 18.153], [-102.6386, 18.1361], [-102.6303, 18.1191], [-102.6396, 18.1159], [-102.6408, 18.109], [-102.6504, 18.1103], [-102.6566, 18.1051], [-102.6738, 18.1194], [-102.7093, 18.1265], [-102.6986, 18.1474], [-102.7082, 18.1598], [-102.7132, 18.1546], [-102.7349, 18.1506], [-102.7482, 18.1539], [-102.7524, 18.1419], [-102.7659, 18.1357], [-102.7681, 18.1439], [-102.7846, 18.1518], [-102.8018, 18.1364], [-102.7937, 18.1197], [-102.7987, 18.1127], [-102.7838, 18.1067], [-102.7936, 18.099], [-102.7889, 18.0851], [-102.7633, 18.0778], [-102.7591, 18.0699], [-102.7481, 18.0749], [-102.7439, 18.0673], [-102.7382, 18.0728], [-102.7296, 18.0718], [-102.72, 18.0681], [-102.7187, 18.0616], [-102.6975, 18.0552], [-102.6741, 18.0596], [-102.6534, 18.0504], [-102.6112, 18.049], [-102.5196, 18.0218], [-102.4879, 18.0198], [-102.3101, 17.9698], [-102.2609, 17.9509], [-102.1917, 17.9155], [-102.1826, 17.915], [-102.164, 17.9222], [-102.1639, 17.9277], [-102.1408, 17.9356], [-102.138, 17.9481], [-102.133, 17.9508], [-102.1376, 17.9697], [-102.1699, 17.9874], [-102.1809, 18.0008], [-102.1842, 18.0246], [-102.1784, 18.0379], [-102.1841, 18.0616], [-102.1781, 18.0768], [-102.1745, 18.1144], [-102.1783, 18.1229], [-102.1632, 18.1448], [-102.1618, 18.1641], [-102.1506, 18.1699], [-102.1425, 18.1871], [-102.1311, 18.1889]]]}}, {"type": "Feature", "properties": {"osm_type": "relation", "osm_id": 802305130, "name": "Aquila", "admin_level": "6", "kind": "subdivision_2", "parent_osm_id": 2340636, "parent_name": "Michoacán", "parent_iso": "MX-MIC"}, "geometry": {"type": "Polygon", "coordinates": [[[-102.7846, 18.1518], [-102.793, 18.1633], [-102.7938, 18.1782], [-102.7868, 18.1809], [-102.7887, 18.19], [-102.8, 18.1988], [-102.7895, 18.2089], [-102.7921, 18.2218], [-102.7827, 18.2263], [-102.7797, 18.2334], [-102.7629, 18.2348], [-102.7625, 18.2455], [-102.7597, 18.2402], [-102.7526, 18.2419], [-102.745, 18.2372], [-102.738, 18.2688], [-102.7536, 18.2682], [-102.7451, 18.273], [-102.7549, 18.2769], [-102.7495, 18.2825], [-102.7561, 18.2859], [-102.7491, 18.2932], [-102.7572, 18.2991], [-102.7552, 18.31], [-102.7632, 18.3071], [-102.7631, 18.3126], [-102.7685, 18.3148], [-102.7757, 18.303], [-102.7792, 18.3071], [-102.7874, 18.3042], [-102.792, 18.3103], [-102.8062, 18.3019], [-102.8145, 18.3022], [-102.8326, 18.3156], [-102.8498, 18.3121], [-102.8558, 18.3339], [-102.8857, 18.3215], [-102.8908, 18.311], [-102.923, 18.3474], [-102.9467, 18.3317], [-102.9507, 18.3363], [-102.9698, 18.34], [-102.9948, 18.3302], [-103.0265, 18.3333], [-103.0372, 18.3281], [-103.057, 18.3539], [-103.0608, 18.3524], [-103.07, 18.362], [-103.0643, 18.3677], [-103.0728, 18.3798], [-103.084, 18.3766], [-103.092, 18.3803], [-103.0974, 18.3746], [-103.1062, 18.3787], [-103.1085, 18.403], [-103.1259, 18.4171], [-103.1491, 18.4148], [-103.1524, 18.4058], [-103.1531, 18.4122], [-103.1745, 18.4077], [-103.1964, 18.4241], [-103.2159, 18.4273], [-103.2231, 18.4186], [-103.2422, 18.4138], [-103.2431, 18.4227], [-103.2469, 18.4204], [-103.2505, 18.4298], [-103.2421, 18.4298], [-103.2492, 18.4389], [-103.2489, 18.4526], [-103.2376, 18.4514], [-103.2402, 18.4642], [-103.2308, 18.484], [-103.2334, 18.4936], [-103.227, 18.4953], [-103.2275, 18.5002], [-103.2126, 18.5114], [-103.2076, 18.5217], [-103.2187, 18.5242], [-103.2244, 18.5373], [-103.2402, 18.5283], [-103.2509, 18.5343], [-103.2622, 18.526], [-103.2736, 18.5318], [-103.2943, 18.5296], [-103.3028, 18.5347], [-103.2993, 18.5216], [-103.3034, 18.5121], [-103.3102, 18.5194], [-103.3121, 18.5111], [-103.3334, 18.5029], [-103.3456, 18.502], [-103.3614, 18.5085], [-103.3775, 18.5207], [-103.3758, 18.5525], [-103.3519, 18.5819], [-103.3821, 18.603], [-103.3847, 18.6134], [-103.3945, 18.6214], [-103.4064, 18.6173], [-103.4063, 18.6107], [-103.412, 18.6115], [-103.4164, 18.6036], [-103.422, 18.6052], [-103.4261, 18.5969], [-103.4422, 18.6217], [-103.4405, 18.6283], [-103.4798, 18.6199], [-103.5095, 18.6438], [-103.5428, 18.6855], [-103.5558, 18.6785], [-103.5807, 18.6783], [-103.6202, 18.6561], [-103.6227, 18.6292], [-103.6826, 18.6262], [-103.69, 18.621], [-103.6903, 18.6124], [-103.6968, 18.6099], [-103.6989, 18.6022], [-103.7119, 18.597], [-103.7059, 18.5903], [-103.6949, 18.592], [-103.6699, 18.5793], [-103.6569, 18.5635], [-103.6258, 18.5469], [-103.5831, 18.5059], [-103.5612, 18.4666], [-103.5611, 18.4554], [-103.5408, 18.4308], [-103.5298, 18.4059], [-103.5297, 18.3832], [-103.514, 18.3635], [-103.5108, 18.3443], [-103.4945, 18.3363], [-103.4922, 18.3296], [-103.4147, 18.2969], [-103.4038, 18.2864], [-103.3971, 18.2895], [-103.3969, 18.2832], [-103.3895, 18.2855], [-103.3885, 18.2797], [-103.3776, 18.2819], [-103.3714, 18.2771], [-103.3722, 18.2705], [-103.3681, 18.2723], [-103.3619, 18.265], [-103.3384, 18.2707], [-103.308, 18.2607], [-103.2922, 18.2478], [-103.2542, 18.2359], [-103.2337, 18.2305], [-103.2105, 18.2319], [-103.2024, 18.2262], [-103.2043, 18.222], [-103.1854, 18.2219], [-103.1678, 18.2108], [-103.1482, 18.2058], [-103.1458, 18.2002], [-103.1184, 18.2032], [-103.1116, 18.191], [-103.0698, 18.1896], [-103.0629, 18.1945], [-103.0565, 18.1893], [-103.0312, 18.1881], [-103.0138, 18.1772], [-102.9856, 18.1716], [-102.7889, 18.0851], [-102.7936, 18.099], [-102.7838, 18.1067], [-102.7987, 18.1127], [-102.7937, 18.1197], [-102.8018, 18.1364], [-102.7846, 18.1518]]]}}, {"type": "Feature", "properties": {"osm_type": "relation", "osm_id": 550399473, "name": "Arteaga", "admin_level": "6", "kind": "subdivision_2", "parent_osm_id": 2340636, "parent_name": "Michoacán", "parent_iso": "MX-MIC"}, "geometry": {"type": "Polygon", "coordinates": [[[-101.8559, 18.5595], [-101.868, 18.5688], [-101.88, 18.6242], [-101.9355, 18.6367], [-101.934, 18.6421], [-101.9512, 18.6559], [-101.9859, 18.6414], [-102.0027, 18.6431], [-102.0123, 18.634], [-102.0319, 18.6259], [-102.0811, 18.6581], [-102.0956, 18.6876], [-102.1231, 18.6773], [-102.1313, 18.6774], [-102.1346, 18.6826], [-102.1445, 18.6774], [-102.154, 18.685], [-102.178, 18.6824], [-102.1867, 18.6645], [-102.1736, 18.6508], [-102.1668, 18.6324], [-102.1867, 18.6261], [-102.2018, 18.6294], [-102.2085, 18.6215], [-102.2171, 18.6261], [-102.2296, 18.5929], [-102.2503, 18.592], [-102.2659, 18.5986], [-102.2684, 18.586], [-102.2812, 18.5751], [-102.2827, 18.5649], [-102.2868, 18.5664], [-102.2865, 18.5557], [-102.2697, 18.5321], [-102.2767, 18.5264], [-102.2779, 18.5127], [-102.2894, 18.5121], [-102.2813, 18.4947], [-102.2932, 18.4837], [-102.3121, 18.4946], [-102.3279, 18.4922], [-102.3289, 18.4854], [-102.3375, 18.4807], [-102.3356, 18.4766], [-102.3453, 18.4762], [-102.3421, 18.4726], [-102.3476, 18.4676], [-102.3414, 18.4617], [-102.345, 18.4498], [-102.3418, 18.4442], [-102.355, 18.4398], [-102.3403, 18.4261], [-102.3494, 18.4221], [-102.349, 18.4177], [-102.372, 18.4092], [-102.3744, 18.4028], [-102.3947, 18.4162], [-102.4041, 18.3998], [-102.4559, 18.4044], [-102.4582, 18.3959], [-102.476, 18.393], [-102.4904, 18.3633], [-102.5049, 18.3504], [-102.4955, 18.3396], [-102.4986, 18.3287], [-102.506, 18.3225], [-102.5124, 18.3211], [-102.5317, 18.3296], [-102.5397, 18.3379], [-102.5394, 18.3443], [-102.5461, 18.3464], [-102.5927, 18.3323], [-102.5969, 18.3351], [-102.5935, 18.3365], [-102.5953, 18.3458], [-102.615, 18.3523], [-102.6407, 18.3391], [-102.657, 18.3431], [-102.669, 18.3356], [-102.6817, 18.3479], [-102.6824, 18.3616], [-102.6919, 18.3673], [-102.7164, 18.3718], [-102.7241, 18.3804], [-102.7286, 18.3781], [-102.745, 18.3902], [-102.7525, 18.3857], [-102.7612, 18.3905], [-102.7717, 18.3795], [-102.776, 18.3807], [-102.7891, 18.3928], [-102.7936, 18.39], [-102.8012, 18.3912], [-102.8066, 18.3984], [-102.8222, 18.3978], [-102.8245, 18.4058], [-102.836, 18.4037], [-102.8388, 18.3914], [-102.843, 18.3917], [-102.8497, 18.3766], [-102.8551, 18.3743], [-102.8574, 18.3469], [-102.8657, 18.3395], [-102.8508, 18.3265], [-102.8498, 18.3121], [-102.8326, 18.3156], [-102.8145, 18.3022], [-102.8062, 18.3019], [-102.792, 18.3103], [-102.7874, 18.3042], [-102.7792, 18.3071], [-102.7757, 18.303], [-102.7685, 18.3148], [-102.7631, 18.3126], [-102.7632, 18.3071], [-102.7552, 18.31], [-102.7572, 18.2991], [-102.7491, 18.2932], [-102.7561, 18.2859], [-102.7495, 18.2825], [-102.7549, 18.2769], [-102.7451, 18.273], [-102.7536, 18.2682], [-102.738, 18.2688], [-102.745, 18.2372], [-102.7526, 18.2419], [-102.7597, 18.2402], [-102.7625, 18.2455], [-102.7629, 18.2348], [-102.7797, 18.2334], [-102.7827, 18.2263], [-102.7889, 18.2263], [-102.7923, 18.2165], [-102.7895, 18.2089], [-102.8, 18.1988], [-102.7887, 18.19], [-102.7868, 18.1809], [-102.7938, 18.1782], [-102.793, 18.1633], [-102.7846, 18.1518], [-102.7681, 18.1439], [-102.7682, 18.1362], [-102.7555, 18.1389], [-102.7482, 18.1539], [-102.7349, 18.1506], [-102.7132, 18.1546], [-102.7082, 18.1598], [-102.6986, 18.1474], [-102.7093, 18.1265], [-102.6738, 18.1194], [-102.6566, 18.1051], [-102.6504, 18.1103], [-102.6408, 18.109], [-102.6396, 18.1159], [-102.6303, 18.1191], [-102.6386, 18.1361], [-102.6068, 18.153], [-102.6057, 18.1629], [-102.5979, 18.1538], [-102.5819, 18.1601], [-102.5848, 18.1506], [-102.5751, 18.1369], [-102.577, 18.1197], [-102.5614, 18.1168], [-102.5621, 18.1249], [-102.5319, 18.1314], [-102.5192, 18.1135], [-102.522, 18.1], [-102.5137, 18.0883], [-102.5057, 18.093], [-102.5075, 18.0988], [-102.4988, 18.0907], [-102.4706, 18.1001], [-102.4621, 18.0981], [-102.4579, 18.1029], [-102.4466, 18.0998], [-102.4482, 18.1159], [-102.4205, 18.1222], [-102.4191, 18.1301], [-102.4243, 18.1333], [-102.4202, 18.14], [-102.4339, 18.1468], [-102.4307, 18.1643], [-102.4222, 18.1668], [-102.4194, 18.1629], [-102.3996, 18.1608], [-102.3871, 18.1641], [-102.3861, 18.1753], [-102.3808, 18.169], [-102.3643, 18.1691], [-102.3583, 18.1739], [-102.3279, 18.178], [-102.3261, 18.2019], [-102.3331, 18.2082], [-102.3298, 18.2134], [-102.3327, 18.222], [-102.3126, 18.2317], [-102.2893, 18.2329], [-102.2799, 18.2309], [-102.2777, 18.2196], [-102.2602, 18.2122], [-102.2457, 18.2201], [-102.2543, 18.2277], [-102.2578, 18.2499], [-102.2344, 18.2482], [-102.2218, 18.2424], [-102.2186, 18.2492], [-102.2053, 18.2489], [-102.156, 18.2354], [-102.1356, 18.2419], [-102.1218, 18.2386], [-102.1187, 18.2334], [-102.115, 18.2375], [-102.1107, 18.2254], [-102.1152, 18.2195], [-102.1193, 18.2243], [-102.1173, 18.207], [-102.1305, 18.2063], [-102.1196, 18.2014], [-102.1311, 18.1889], [-102.1197, 18.1864], [-102.0941, 18.1949], [-102.0574, 18.1952], [-102.0387, 18.2082], [-102.0191, 18.2021], [-101.9787, 18.2072], [-101.9737, 18.212], [-101.9778, 18.2272], [-101.9734, 18.2323], [-101.9506, 18.2278], [-101.928, 18.2316], [-101.9201, 18.2407], [-101.9096, 18.2426], [-101.9046, 18.2479], [-101.9071, 18.2612], [-101.8968, 18.2771], [-101.883, 18.2624], [-101.8637, 18.2612], [-101.8634, 18.2662], [-101.8829, 18.2779], [-101.862, 18.2884], [-101.8702, 18.3083], [-101.8558, 18.315], [-101.8708, 18.3318], [-101.8624, 18.341], [-101.8614, 18.3558], [-101.8741, 18.3683], [-101.8724, 18.383], [-101.8894, 18.4031], [-101.8738, 18.4375], [-101.8604, 18.4474], [-101.8865, 18.4772], [-101.889, 18.499], [-101.8816, 18.5362], [-101.8559, 18.5595]]]}}, {"type": "Feature", "properties": {"osm_type": "relation", "osm_id": 380786074, "name": "Tumbiscatío", "admin_level": "6", "kind": "subdivision_2", "parent_osm_id": 2340636, "parent_name": "Michoacán", "parent_iso": "MX-MIC"}, "geometry": {"type": "Polygon", "coordinates": [[[-102.1816, 18.6787], [-102.1913, 18.708], [-102.2055, 18.7152], [-102.2106, 18.7429], [-102.218, 18.7468], [-102.2191, 18.7634], [-102.2246, 18.7669], [-102.2125, 18.7842], [-102.216, 18.7949], [-102.2217, 18.7966], [-102.2174, 18.8106], [-102.2367, 18.8415], [-102.2574, 18.8464], [-102.2788, 18.8371], [-102.285, 18.8242], [-102.2753, 18.8126], [-102.2783, 18.7969], [-102.2747, 18.7888], [-102.2561, 18.7765], [-102.2468, 18.7788], [-102.2417, 18.7654], [-102.2539, 18.7625], [-102.2585, 18.7502], [-102.2652, 18.7504], [-102.2836, 18.7339], [-102.3357, 18.723], [-102.3407, 18.7302], [-102.3447, 18.7186], [-102.3416, 18.7143], [-102.3468, 18.7094], [-102.3611, 18.7175], [-102.3968, 18.72], [-102.4007, 18.7161], [-102.4104, 18.721], [-102.4374, 18.7113], [-102.4516, 18.7162], [-102.4606, 18.7336], [-102.4666, 18.7293], [-102.4822, 18.737], [-102.4845, 18.7274], [-102.4926, 18.7281], [-102.4974, 18.7174], [-102.5144, 18.726], [-102.5229, 18.7232], [-102.5363, 18.7268], [-102.5449, 18.7192], [-102.5641, 18.7261], [-102.5683, 18.7028], [-102.606, 18.6926], [-102.6094, 18.6839], [-102.6133, 18.6923], [-102.6238, 18.6917], [-102.6393, 18.7009], [-102.6426, 18.6824], [-102.6489, 18.679], [-102.6453, 18.6554], [-102.6579, 18.6673], [-102.6776, 18.67], [-102.7007, 18.6529], [-102.7159, 18.649], [-102.7129, 18.6117], [-102.7179, 18.5994], [-102.7168, 18.5772], [-102.7359, 18.5769], [-102.7394, 18.5679], [-102.732, 18.5579], [-102.7116, 18.5493], [-102.7056, 18.5365], [-102.7169, 18.5228], [-102.7231, 18.5273], [-102.7248, 18.5216], [-102.7306, 18.5245], [-102.7527, 18.5184], [-102.7588, 18.5228], [-102.7633, 18.5151], [-102.7776, 18.5131], [-102.7817, 18.4967], [-102.7932, 18.4941], [-102.7951, 18.5018], [-102.8019, 18.5028], [-102.8055, 18.5154], [-102.8118, 18.5199], [-102.8159, 18.5169], [-102.8173, 18.5227], [-102.8294, 18.5284], [-102.8367, 18.5236], [-102.8366, 18.5175], [-102.8418, 18.5198], [-102.858, 18.5136], [-102.8599, 18.5048], [-102.8759, 18.4928], [-102.9039, 18.4835], [-102.8791, 18.4603], [-102.8535, 18.4604], [-102.8529, 18.4478], [-102.8578, 18.4422], [-102.8548, 18.4295], [-102.8237, 18.4086], [-102.8222, 18.3978], [-102.8066, 18.3984], [-102.8012, 18.3912], [-102.7936, 18.39], [-102.7891, 18.3928], [-102.7717, 18.3795], [-102.7612, 18.3905], [-102.7525, 18.3857], [-102.745, 18.3902], [-102.7286, 18.3781], [-102.7241, 18.3804], [-102.7164, 18.3718], [-102.708, 18.3726], [-102.6824, 18.3616], [-102.6817, 18.3479], [-102.669, 18.3356], [-102.657, 18.3431], [-102.6407, 18.3391], [-102.615, 18.3523], [-102.5953, 18.3458], [-102.5935, 18.3365], [-102.5969, 18.3351], [-102.5927, 18.3323], [-102.5461, 18.3464], [-102.5394, 18.3443], [-102.5397, 18.3379], [-102.5317, 18.3296], [-102.5124, 18.3211], [-102.506, 18.3225], [-102.4986, 18.3287], [-102.4955, 18.3396], [-102.5049, 18.3504], [-102.4904, 18.3633], [-102.476, 18.393], [-102.4582, 18.3959], [-102.4559, 18.4044], [-102.4041, 18.3998], [-102.3947, 18.4162], [-102.3744, 18.4028], [-102.372, 18.4092], [-102.349, 18.4177], [-102.3494, 18.4221], [-102.3403, 18.4261], [-102.355, 18.4398], [-102.3418, 18.4442], [-102.345, 18.4498], [-102.3414, 18.4617], [-102.3476, 18.4676], [-102.3421, 18.4726], [-102.3453, 18.4762], [-102.3356, 18.4766], [-102.3375, 18.4807], [-102.3289, 18.4854], [-102.3279, 18.4922], [-102.3121, 18.4946], [-102.2932, 18.4837], [-102.2813, 18.4947], [-102.2894, 18.5121], [-102.2779, 18.5127], [-102.2767, 18.5264], [-102.2697, 18.5321], [-102.2865, 18.5557], [-102.2868, 18.5664], [-102.2827, 18.5649], [-102.2812, 18.5751], [-102.2684, 18.586], [-102.2659, 18.5986], [-102.2503, 18.592], [-102.2296, 18.5929], [-102.2171, 18.6261], [-102.2085, 18.6215], [-102.2018, 18.6294], [-102.1867, 18.6261], [-102.1668, 18.6324], [-102.1736, 18.6508], [-102.1867, 18.6645], [-102.1816, 18.6787]]]}}, {"type": "Feature", "properties": {"osm_type": "relation", "osm_id": 801292473, "name": "San Lucas", "admin_level": "6", "kind": "subdivision_2", "parent_osm_id": 2340636, "parent_name": "Michoacán", "parent_iso": "MX-MIC"}, "geometry": {"type": "Polygon", "coordinates": [[[-100.7905, 18.8254], [-100.8007, 18.8226], [-100.8093, 18.8305], [-100.8356, 18.8305], [-100.852, 18.8152], [-100.8539, 18.7959], [-100.8439, 18.7672], [-100.8411, 18.7339], [-100.8522, 18.7199], [-100.8391, 18.697], [-100.8505, 18.6895], [-100.8503, 18.6811], [-100.8543, 18.6804], [-100.8444, 18.6567], [-100.8461, 18.6254], [-100.8283, 18.5687], [-100.833, 18.5665], [-100.8264, 18.5632], [-100.8267, 18.5475], [-100.8321, 18.5381], [-100.8288, 18.5343], [-100.8378, 18.511], [-100.8312, 18.5052], [-100.8493, 18.4986], [-100.8425, 18.4968], [-100.8453, 18.489], [-100.8247, 18.4796], [-100.8245, 18.4742], [-100.795, 18.479], [-100.7776, 18.4395], [-100.7601, 18.4352], [-100.7514, 18.4258], [-100.7374, 18.4273], [-100.7209, 18.3995], [-100.7148, 18.4027], [-100.7078, 18.4187], [-100.6906, 18.4137], [-100.6896, 18.395], [-100.675, 18.3836], [-100.6761, 18.3718], [-100.643, 18.3462], [-100.6397, 18.3639], [-100.6269, 18.3757], [-100.6106, 18.3771], [-100.6097, 18.3872], [-100.5961, 18.3995], [-100.5992, 18.4064], [-100.5882, 18.4121], [-100.6315, 18.4385], [-100.6372, 18.4577], [-100.648, 18.4574], [-100.6525, 18.4648], [-100.6978, 18.4906], [-100.7046, 18.4833], [-100.715, 18.4864], [-100.707, 18.4899], [-100.7227, 18.5138], [-100.732, 18.521], [-100.7442, 18.5181], [-100.7649, 18.5612], [-100.7512, 18.6417], [-100.7601, 18.6416], [-100.7594, 18.6557], [-100.7655, 18.6642], [-100.7613, 18.676], [-100.7703, 18.6927], [-100.7835, 18.687], [-100.7854, 18.6915], [-100.7729, 18.7326], [-100.7818, 18.7451], [-100.7885, 18.7412], [-100.7969, 18.7463], [-100.7902, 18.7614], [-100.799, 18.7845], [-100.7825, 18.8017], [-100.7905, 18.8254]]]}}, {"type": "Feature", "properties": {"osm_type": "relation", "osm_id": 773957664, "name": "Coahuayana", "admin_level": "6", "kind": "subdivision_2", "parent_osm_id": 2340636, "parent_name": "Michoacán", "parent_iso": "MX-MIC"}, "geometry": {"type": "Polygon", "coordinates": [[[-103.5812, 18.8759], [-103.587, 18.8656], [-103.5882, 18.8758], [-103.5968, 18.8842], [-103.6025, 18.8816], [-103.6196, 18.8932], [-103.6303, 18.8853], [-103.6406, 18.8672], [-103.6178, 18.8445], [-103.6262, 18.831], [-103.6207, 18.8204], [-103.62, 18.8014], [-103.638, 18.7832], [-103.679, 18.7732], [-103.6854, 18.7573], [-103.7003, 18.7544], [-103.7189, 18.7104], [-103.738, 18.6941], [-103.7378, 18.6842], [-103.7227, 18.6757], [-103.7031, 18.6553], [-103.6846, 18.6239], [-103.6579, 18.6257], [-103.6548, 18.6296], [-103.6227, 18.6292], [-103.6202, 18.6561], [-103.5807, 18.6783], [-103.5558, 18.6785], [-103.5428, 18.6855], [-103.5283, 18.722], [-103.5382, 18.7265], [-103.5347, 18.733], [-103.5372, 18.7395], [-103.5146, 18.7407], [-103.5184, 18.7523], [-103.5085, 18.7588], [-103.5071, 18.7856], [-103.5299, 18.8074], [-103.5224, 18.821], [-103.5362, 18.8268], [-103.543, 18.8245], [-103.5439, 18.8306], [-103.5511, 18.8243], [-103.5506, 18.8377], [-103.5748, 18.8427], [-103.5787, 18.8509], [-103.5673, 18.8549], [-103.5625, 18.8637], [-103.5812, 18.8759]]]}}, {"type": "Feature", "properties": {"osm_type": "relation", "osm_id": 582248248, "name": "Huetamo", "admin_level": "6", "kind": "subdivision_2", "parent_osm_id": 2340636, "parent_name": "Michoacán", "parent_iso": "MX-MIC"}, "geometry": {"type": "Polygon", "coordinates": [[[-100.8245, 18.4742], [-100.8247, 18.4796], [-100.8453, 18.489], [-100.8425, 18.4968], [-100.8493, 18.4986], [-100.8312, 18.5052], [-100.8378, 18.511], [-100.8288, 18.5343], [-100.8321, 18.5381], [-100.8267, 18.5475], [-100.8264, 18.5632], [-100.833, 18.5665], [-100.8283, 18.5687], [-100.8461, 18.6254], [-100.8444, 18.6567], [-100.8543, 18.6804], [-100.8503, 18.6811], [-100.8505, 18.6895], [-100.8391, 18.697], [-100.8522, 18.7199], [-100.8411, 18.7339], [-100.8439, 18.7672], [-100.8539, 18.7959], [-100.8479, 18.8204], [-100.853, 18.8403], [-100.8638, 18.8403], [-100.8686, 18.8558], [-100.881, 18.8528], [-100.8906, 18.8606], [-100.9004, 18.8502], [-100.9171, 18.8537], [-100.936, 18.8332], [-100.9491, 18.8498], [-100.9731, 18.8484], [-100.9997, 18.8178], [-101.0024, 18.8211], [-101.0097, 18.8179], [-101.0258, 18.8235], [-101.0237, 18.834], [-101.0355, 18.8411], [-101.0415, 18.8566], [-101.0581, 18.8633], [-101.0674, 18.8754], [-101.1363, 18.839], [-101.1329, 18.8272], [-101.1376, 18.83], [-101.1452, 18.8238], [-101.2066, 18.8088], [-101.2142, 18.814], [-101.2287, 18.8063], [-101.2289, 18.801], [-101.2316, 18.8039], [-101.2411, 18.7907], [-101.2364, 18.7829], [-101.2458, 18.7548], [-101.2422, 18.7457], [-101.2523, 18.7446], [-101.2594, 18.7353], [-101.2698, 18.7333], [-101.2748, 18.7201], [-101.2934, 18.7169], [-101.3148, 18.7038], [-101.3428, 18.7021], [-101.3456, 18.6985], [-101.3984, 18.713], [-101.4163, 18.7028], [-101.4295, 18.7073], [-101.4473, 18.6862], [-101.4328, 18.6687], [-101.4429, 18.645], [-101.4442, 18.6221], [-101.4609, 18.6021], [-101.46, 18.59], [-101.4447, 18.5763], [-101.4516, 18.5576], [-101.4614, 18.5495], [-101.4588, 18.5365], [-101.4696, 18.5351], [-101.4853, 18.5139], [-101.4797, 18.5036], [-101.4812, 18.4905], [-101.468, 18.4869], [-101.4564, 18.4974], [-101.4412, 18.4892], [-101.4322, 18.5017], [-101.4176, 18.4975], [-101.4069, 18.5125], [-101.3949, 18.5061], [-101.3786, 18.5098], [-101.3656, 18.4999], [-101.3619, 18.5202], [-101.299, 18.5331], [-101.2821, 18.5447], [-101.27, 18.5352], [-101.2593, 18.5395], [-101.2381, 18.5342], [-101.2119, 18.5364], [-101.1963, 18.5264], [-101.1916, 18.5178], [-101.1682, 18.521], [-101.1428, 18.5105], [-101.1315, 18.5175], [-101.1203, 18.5093], [-101.0887, 18.5059], [-101.0755, 18.515], [-101.038, 18.5262], [-101.0204, 18.523], [-101.0125, 18.5276], [-101.0049, 18.4922], [-100.9898, 18.4913], [-100.9752, 18.4834], [-100.9608, 18.465], [-100.9668, 18.4528], [-100.965, 18.447], [-100.9574, 18.4444], [-100.9428, 18.4551], [-100.9267, 18.444], [-100.9207, 18.4457], [-100.9148, 18.4715], [-100.8944, 18.4631], [-100.8751, 18.4917], [-100.8537, 18.4761], [-100.8245, 18.4742]]]}}, {"type": "Feature", "properties": {"osm_type": "relation", "osm_id": 660510990, "name": "Churumuco", "admin_level": "6", "kind": "subdivision_2", "parent_osm_id": 2340636, "parent_name": "Michoacán", "parent_iso": "MX-MIC"}, "geometry": {"type": "Polygon", "coordinates": [[[-101.5013, 18.487], [-101.4812, 18.4905], [-101.4797, 18.5036], [-101.4853, 18.5139], [-101.4696, 18.5351], [-101.4588, 18.5365], [-101.4614, 18.5495], [-101.4516, 18.5576], [-101.4447, 18.5763], [-101.46, 18.59], [-101.4609, 18.6021], [-101.4442, 18.6221], [-101.4429, 18.645], [-101.4328, 18.6687], [-101.4473, 18.6862], [-101.4295, 18.7073], [-101.4564, 18.7257], [-101.461, 18.7432], [-101.4711, 18.7452], [-101.4732, 18.7395], [-101.509, 18.768], [-101.5157, 18.7792], [-101.514, 18.7973], [-101.5218, 18.8163], [-101.5125, 18.832], [-101.522, 18.8379], [-101.5468, 18.8385], [-101.5406, 18.8598], [-101.5491, 18.8777], [-101.5576, 18.8796], [-101.5618, 18.8756], [-101.5891, 18.9104], [-101.6013, 18.9134], [-101.5854, 18.9242], [-101.5918, 18.9304], [-101.5862, 18.9443], [-101.599, 18.9467], [-101.6084, 18.9548], [-101.621, 18.9517], [-101.6319, 18.9433], [-101.6256, 18.9333], [-101.6257, 18.9093], [-101.6197, 18.9056], [-101.6371, 18.8776], [-101.6343, 18.8625], [-101.6458, 18.8436], [-101.6764, 18.8371], [-101.6903, 18.8259], [-101.6917, 18.8184], [-101.6968, 18.8178], [-101.7062, 18.7956], [-101.7037, 18.7809], [-101.709, 18.7711], [-101.7081, 18.7605], [-101.7225, 18.7568], [-101.7187, 18.7536], [-101.7264, 18.7327], [-101.7299, 18.7311], [-101.7348, 18.7438], [-101.7418, 18.7487], [-101.7719, 18.7451], [-101.7769, 18.7204], [-101.7911, 18.7038], [-101.8125, 18.6897], [-101.8196, 18.6702], [-101.8416, 18.6608], [-101.8557, 18.6363], [-101.88, 18.6242], [-101.868, 18.5688], [-101.8559, 18.5595], [-101.8379, 18.5779], [-101.7827, 18.6002], [-101.7329, 18.6115], [-101.7135, 18.6102], [-101.7012, 18.5879], [-101.6673, 18.5981], [-101.629, 18.6005], [-101.6234, 18.598], [-101.6196, 18.5858], [-101.6051, 18.5746], [-101.5836, 18.521], [-101.5642, 18.5099], [-101.5504, 18.5097], [-101.5408, 18.4987], [-101.5181, 18.496], [-101.509, 18.4873], [-101.5013, 18.487]]]}}, {"type": "Feature", "properties": {"osm_type": "relation", "osm_id": 797487252, "name": "Chinicuila", "admin_level": "6", "kind": "subdivision_2", "parent_osm_id": 2340636, "parent_name": "Michoacán", "parent_iso": "MX-MIC"}, "geometry": {"type": "Polygon", "coordinates": [[[-103.5725, 18.8722], [-103.5625, 18.8637], [-103.5673, 18.8549], [-103.5787, 18.8509], [-103.5775, 18.8456], [-103.5506, 18.8377], [-103.5511, 18.8243], [-103.5439, 18.8306], [-103.543, 18.8245], [-103.5238, 18.8235], [-103.5299, 18.8074], [-103.5071, 18.7856], [-103.5085, 18.7588], [-103.5184, 18.7523], [-103.5146, 18.7407], [-103.5372, 18.7395], [-103.5347, 18.733], [-103.5382, 18.7265], [-103.5283, 18.722], [-103.5428, 18.6855], [-103.54, 18.6798], [-103.5095, 18.6438], [-103.4798, 18.6199], [-103.4405, 18.6283], [-103.4422, 18.6217], [-103.4261, 18.5969], [-103.422, 18.6052], [-103.4164, 18.6036], [-103.412, 18.6115], [-103.4063, 18.6107], [-103.4064, 18.6173], [-103.3945, 18.6214], [-103.3847, 18.6134], [-103.3821, 18.603], [-103.3519, 18.5819], [-103.3758, 18.5525], [-103.3775, 18.5207], [-103.3456, 18.502], [-103.3121, 18.5111], [-103.3102, 18.5194], [-103.3034, 18.5121], [-103.2993, 18.5216], [-103.3036, 18.5354], [-103.301, 18.5465], [-103.3034, 18.5518], [-103.3185, 18.5531], [-103.3199, 18.5586], [-103.3179, 18.5646], [-103.3095, 18.5647], [-103.3087, 18.5692], [-103.3169, 18.5702], [-103.3012, 18.5785], [-103.3009, 18.5924], [-103.2942, 18.6001], [-103.2956, 18.6345], [-103.301, 18.6366], [-103.3032, 18.6502], [-103.2467, 18.6537], [-103.2648, 18.6762], [-103.2649, 18.6959], [-103.2531, 18.7084], [-103.2424, 18.7108], [-103.2461, 18.7129], [-103.2442, 18.7197], [-103.2517, 18.7262], [-103.2502, 18.7321], [-103.2624, 18.7348], [-103.2607, 18.748], [-103.2673, 18.748], [-103.2681, 18.7606], [-103.2748, 18.7698], [-103.29, 18.7717], [-103.2973, 18.7825], [-103.2979, 18.7931], [-103.3135, 18.8024], [-103.314, 18.8113], [-103.3236, 18.8182], [-103.3281, 18.8317], [-103.3196, 18.838], [-103.3082, 18.8386], [-103.3211, 18.8715], [-103.3468, 18.885], [-103.3447, 18.8974], [-103.3307, 18.9018], [-103.3354, 18.9175], [-103.3523, 18.9305], [-103.3798, 18.9373], [-103.3794, 18.9469], [-103.3872, 18.9483], [-103.3957, 18.9673], [-103.4072, 18.9715], [-103.4117, 18.9678], [-103.4204, 18.9816], [-103.4419, 18.9835], [-103.4631, 18.977], [-103.4727, 18.9911], [-103.4718, 18.9855], [-103.4837, 18.9798], [-103.4819, 18.9704], [-103.4875, 18.9716], [-103.4905, 18.959], [-103.5086, 18.9637], [-103.5029, 18.9578], [-103.5058, 18.949], [-103.5219, 18.949], [-103.5141, 18.9349], [-103.5235, 18.9272], [-103.5336, 18.927], [-103.5284, 18.9123], [-103.5313, 18.9063], [-103.5415, 18.9097], [-103.5581, 18.9066], [-103.5596, 18.896], [-103.5689, 18.8925], [-103.5725, 18.8722]]]}}, {"type": "Feature", "properties": {"osm_type": "relation", "osm_id": 221981072, "name": "Coalcomán de Vázquez Pallares", "admin_level": "6", "kind": "subdivision_2", "parent_osm_id": 2340636, "parent_name": "Michoacán", "parent_iso": "MX-MIC"}, "geometry": {"type": "Polygon", "coordinates": [[[-103.3957, 18.9673], [-103.3872, 18.9483], [-103.3794, 18.9469], [-103.3798, 18.9373], [-103.3523, 18.9305], [-103.3354, 18.9175], [-103.3307, 18.9018], [-103.3447, 18.8974], [-103.3468, 18.885], [-103.3211, 18.8715], [-103.3082, 18.8386], [-103.3196, 18.838], [-103.3281, 18.8317], [-103.3236, 18.8182], [-103.314, 18.8113], [-103.3135, 18.8024], [-103.2979, 18.7931], [-103.2973, 18.7825], [-103.29, 18.7717], [-103.2748, 18.7698], [-103.2681, 18.7606], [-103.2673, 18.748], [-103.2607, 18.748], [-103.2624, 18.7348], [-103.2502, 18.7321], [-103.2517, 18.7262], [-103.2442, 18.7197], [-103.2461, 18.7129], [-103.2424, 18.7108], [-103.2531, 18.7084], [-103.2649, 18.6959], [-103.2657, 18.6843], [-103.2559, 18.6617], [-103.2511, 18.6615], [-103.2467, 18.6537], [-103.3032, 18.6502], [-103.301, 18.6366], [-103.2956, 18.6345], [-103.2942, 18.6001], [-103.3009, 18.5924], [-103.3012, 18.5785], [-103.3169, 18.5702], [-103.3087, 18.5692], [-103.3095, 18.5647], [-103.3179, 18.5646], [-103.3199, 18.5586], [-103.3164, 18.5522], [-103.3034, 18.5518], [-103.3036, 18.5354], [-103.2943, 18.5296], [-103.28, 18.5327], [-103.2622, 18.526], [-103.2509, 18.5343], [-103.2402, 18.5283], [-103.2244, 18.5373], [-103.2187, 18.5242], [-103.2076, 18.5217], [-103.2126, 18.5114], [-103.2275, 18.5002], [-103.227, 18.4953], [-103.2334, 18.4936], [-103.2308, 18.484], [-103.2402, 18.4642], [-103.2376, 18.4514], [-103.2489, 18.4526], [-103.2492, 18.4389], [-103.2421, 18.4298], [-103.2505, 18.4298], [-103.2469, 18.4204], [-103.2431, 18.4227], [-103.2422, 18.4138], [-103.2231, 18.4186], [-103.2159, 18.4273], [-103.1964, 18.4241], [-103.1745, 18.4077], [-103.1531, 18.4122], [-103.1524, 18.4058], [-103.1491, 18.4148], [-103.1259, 18.4171], [-103.1085, 18.403], [-103.1062, 18.3787], [-103.0974, 18.3746], [-103.092, 18.3803], [-103.084, 18.3766], [-103.0728, 18.3798], [-103.0643, 18.3677], [-103.07, 18.362], [-103.0608, 18.3524], [-103.057, 18.3539], [-103.0372, 18.3281], [-103.0265, 18.3333], [-102.9948, 18.3302], [-102.9698, 18.34], [-102.9507, 18.3363], [-102.9467, 18.3317], [-102.923, 18.3474], [-102.8908, 18.311], [-102.8857, 18.3215], [-102.8558, 18.3339], [-102.8657, 18.3395], [-102.8574, 18.3469], [-102.8551, 18.3743], [-102.8497, 18.3766], [-102.843, 18.3917], [-102.8388, 18.3914], [-102.836, 18.4037], [-102.8237, 18.4086], [-102.8548, 18.4295], [-102.8578, 18.4422], [-102.8529, 18.4478], [-102.8535, 18.4604], [-102.8791, 18.4603], [-102.9039, 18.4835], [-102.8759, 18.4928], [-102.8599, 18.5048], [-102.858, 18.5136], [-102.8418, 18.5198], [-102.8366, 18.5175], [-102.8335, 18.5255], [-102.8443, 18.5269], [-102.8367, 18.5307], [-102.846, 18.533], [-102.843, 18.5408], [-102.8497, 18.5425], [-102.8545, 18.5383], [-102.8586, 18.5431], [-102.8554, 18.5498], [-102.8605, 18.5519], [-102.8651, 18.5474], [-102.8751, 18.5593], [-102.8716, 18.5614], [-102.8916, 18.5692], [-102.901, 18.567], [-102.9073, 18.5724], [-102.903, 18.5783], [-102.9101, 18.5904], [-102.9012, 18.6103], [-102.9056, 18.6202], [-102.8979, 18.6402], [-102.8991, 18.6522], [-102.9066, 18.6558], [-102.9007, 18.6598], [-102.8969, 18.6798], [-102.8993, 18.6858], [-102.8949, 18.6922], [-102.9003, 18.6928], [-102.8995, 18.6993], [-102.8906, 18.7067], [-102.9144, 18.7253], [-102.9209, 18.7408], [-102.9196, 18.7511], [-102.8989, 18.7689], [-102.9049, 18.7807], [-102.9204, 18.7902], [-102.9166, 18.7956], [-102.9208, 18.8015], [-102.9341, 18.8017], [-102.921, 18.8466], [-102.9312, 18.8485], [-102.9336, 18.8818], [-102.929, 18.8875], [-102.9105, 18.8905], [-102.9045, 18.9027], [-102.8929, 18.9046], [-102.8895, 18.9155], [-102.8779, 18.9214], [-102.9011, 18.9431], [-102.9028, 18.9528], [-102.9158, 18.9539], [-102.9169, 18.9606], [-102.9098, 18.9588], [-102.9156, 18.975], [-102.9493, 18.9807], [-102.9622, 18.9661], [-102.9759, 18.9589], [-102.9989, 18.9818], [-103.0117, 18.9864], [-103.0228, 19.0052], [-103.0213, 19.0105], [-103.0345, 19.0023], [-103.0395, 19.0212], [-103.0516, 19.0354], [-103.0667, 19.0223], [-103.0621, 19.0022], [-103.0525, 18.9981], [-103.0662, 18.9963], [-103.0881, 18.9841], [-103.098, 18.9647], [-103.1236, 18.9376], [-103.125, 18.9301], [-103.1482, 18.9259], [-103.1734, 18.9363], [-103.203, 18.9653], [-103.2032, 18.9785], [-103.2114, 18.993], [-103.2095, 19.003], [-103.2174, 19.0035], [-103.2217, 19.0095], [-103.2239, 19.0241], [-103.2405, 19.014], [-103.2579, 19.0117], [-103.2598, 19.0037], [-103.2777, 18.9969], [-103.2822, 18.9997], [-103.2878, 18.9918], [-103.2994, 18.9929], [-103.3048, 18.9858], [-103.3325, 18.9733], [-103.3553, 18.9802], [-103.3632, 18.9766], [-103.3772, 18.9802], [-103.3957, 18.9673]]]}}, {"type": "Feature", "properties": {"osm_type": "relation", "osm_id": 171102184, "name": "Aguililla", "admin_level": "6", "kind": "subdivision_2", "parent_osm_id": 2340636, "parent_name": "Michoacán", "parent_iso": "MX-MIC"}, "geometry": {"type": "Polygon", "coordinates": [[[-102.5641, 18.7261], [-102.5922, 18.7443], [-102.6038, 18.7665], [-102.6007, 18.7753], [-102.6065, 18.7837], [-102.6052, 18.7911], [-102.6271, 18.8118], [-102.6354, 18.832], [-102.6335, 18.8383], [-102.6473, 18.857], [-102.6347, 18.8812], [-102.6394, 18.8957], [-102.6169, 18.9208], [-102.6094, 18.9559], [-102.6151, 18.986], [-102.607, 18.9874], [-102.6031, 19.0035], [-102.6047, 19.0343], [-102.595, 19.0478], [-102.6146, 19.0456], [-102.6347, 19.0521], [-102.651, 19.0475], [-102.6635, 19.06], [-102.6696, 19.0514], [-102.675, 19.0539], [-102.6749, 19.0635], [-102.6869, 19.06], [-102.6883, 19.0475], [-102.7009, 19.0411], [-102.704, 19.0229], [-102.6983, 19.0189], [-102.6984, 19.0123], [-102.7101, 19.0055], [-102.7164, 18.994], [-102.7209, 18.996], [-102.7304, 18.9805], [-102.7415, 18.9752], [-102.7405, 18.9667], [-102.7584, 18.9707], [-102.7876, 18.9592], [-102.7843, 18.9512], [-102.7966, 18.9499], [-102.7999, 18.9449], [-102.7971, 18.9395], [-102.8029, 18.9335], [-102.797, 18.9223], [-102.8037, 18.9135], [-102.8185, 18.9184], [-102.8231, 18.9289], [-102.8196, 18.9343], [-102.8304, 18.9455], [-102.8404, 18.9452], [-102.8552, 18.9413], [-102.8895, 18.9155], [-102.8929, 18.9046], [-102.9045, 18.9027], [-102.9105, 18.8905], [-102.929, 18.8875], [-102.9336, 18.8818], [-102.9312, 18.8485], [-102.921, 18.8466], [-102.9341, 18.8017], [-102.9208, 18.8015], [-102.9166, 18.7956], [-102.9204, 18.7902], [-102.9049, 18.7807], [-102.8989, 18.7689], [-102.9196, 18.7511], [-102.9209, 18.7408], [-102.9144, 18.7253], [-102.8906, 18.7067], [-102.8995, 18.6993], [-102.9003, 18.6928], [-102.8949, 18.6922], [-102.8993, 18.6858], [-102.8969, 18.6798], [-102.9007, 18.6598], [-102.9066, 18.6558], [-102.8991, 18.6522], [-102.8979, 18.6402], [-102.9056, 18.6202], [-102.9012, 18.6103], [-102.9101, 18.5904], [-102.903, 18.5783], [-102.9073, 18.5724], [-102.901, 18.567], [-102.8916, 18.5692], [-102.8716, 18.5614], [-102.8751, 18.5593], [-102.8651, 18.5474], [-102.8605, 18.5519], [-102.8554, 18.5498], [-102.8586, 18.5431], [-102.8545, 18.5383], [-102.8497, 18.5425], [-102.843, 18.5408], [-102.846, 18.533], [-102.8367, 18.5307], [-102.8443, 18.5269], [-102.8405, 18.5238], [-102.8294, 18.5284], [-102.8173, 18.5227], [-102.8159, 18.5169], [-102.8118, 18.5199], [-102.7932, 18.4941], [-102.7817, 18.4967], [-102.7776, 18.5131], [-102.7633, 18.5151], [-102.7588, 18.5228], [-102.7527, 18.5184], [-102.7306, 18.5245], [-102.7248, 18.5216], [-102.7231, 18.5273], [-102.7169, 18.5228], [-102.7056, 18.5365], [-102.7116, 18.5493], [-102.732, 18.5579], [-102.7394, 18.5679], [-102.7359, 18.5769], [-102.7168, 18.5772], [-102.7179, 18.5994], [-102.7129, 18.6117], [-102.7159, 18.649], [-102.7007, 18.6529], [-102.6776, 18.67], [-102.6579, 18.6673], [-102.6453, 18.6554], [-102.6489, 18.679], [-102.6426, 18.6824], [-102.6393, 18.7009], [-102.6238, 18.6917], [-102.6133, 18.6923], [-102.6094, 18.6839], [-102.606, 18.6926], [-102.5683, 18.7028], [-102.5641, 18.7261]]]}}, {"type": "Feature", "properties": {"osm_type": "relation", "osm_id": 504470626, "name": "La Huacana", "admin_level": "6", "kind": "subdivision_2", "parent_osm_id": 2340636, "parent_name": "Michoacán", "parent_iso": "MX-MIC"}, "geometry": {"type": "Polygon", "coordinates": [[[-101.88, 18.6242], [-101.8557, 18.6363], [-101.8416, 18.6608], [-101.8196, 18.6702], [-101.8125, 18.6897], [-101.7911, 18.7038], [-101.7769, 18.7204], [-101.7719, 18.7451], [-101.7418, 18.7487], [-101.7348, 18.7438], [-101.7299, 18.7311], [-101.7264, 18.7327], [-101.7187, 18.7536], [-101.7225, 18.7568], [-101.7081, 18.7605], [-101.709, 18.7711], [-101.7037, 18.7809], [-101.7062, 18.7956], [-101.6968, 18.8178], [-101.6917, 18.8184], [-101.6903, 18.8259], [-101.6764, 18.8371], [-101.6458, 18.8436], [-101.6343, 18.8625], [-101.6371, 18.8776], [-101.6197, 18.9056], [-101.6257, 18.9093], [-101.6256, 18.9333], [-101.6319, 18.9433], [-101.6141, 18.9523], [-101.6114, 18.9584], [-101.6232, 18.9643], [-101.6278, 18.9733], [-101.6393, 18.975], [-101.6632, 18.9659], [-101.6751, 18.9682], [-101.6988, 18.9501], [-101.7006, 18.958], [-101.6956, 18.9623], [-101.7012, 18.9703], [-101.7182, 18.9732], [-101.7117, 18.9851], [-101.7178, 18.9937], [-101.7355, 18.9941], [-101.741, 18.9999], [-101.7585, 18.9929], [-101.7646, 18.9977], [-101.7615, 19.0056], [-101.7685, 19.014], [-101.7874, 19.0186], [-101.7998, 19.0365], [-101.813, 19.039], [-101.814, 19.0438], [-101.835, 19.0317], [-101.85, 19.0293], [-101.8503, 19.0388], [-101.8589, 19.0437], [-101.8631, 19.0629], [-101.8807, 19.0744], [-101.9171, 19.0732], [-101.9307, 19.0624], [-101.9368, 19.0662], [-101.954, 19.0557], [-101.9649, 19.0569], [-101.9772, 19.0399], [-101.9886, 19.041], [-101.9902, 19.0466], [-102.0003, 19.0496], [-102.0042, 19.0612], [-102.0191, 19.0519], [-102.0329, 19.056], [-102.0366, 19.0394], [-102.0544, 19.0276], [-102.057, 19.0102], [-102.0545, 19.0035], [-102.0487, 19.0042], [-102.0521, 18.9831], [-102.06, 18.9823], [-102.0552, 18.9774], [-102.0557, 18.9626], [-102.0596, 18.9578], [-102.0579, 18.9499], [-102.0626, 18.9473], [-102.0555, 18.9246], [-102.0739, 18.9043], [-102.0831, 18.9012], [-102.0703, 18.8914], [-102.0686, 18.8765], [-102.0604, 18.8736], [-102.0696, 18.8671], [-102.0687, 18.8616], [-102.0586, 18.8627], [-102.0679, 18.857], [-102.0622, 18.8462], [-102.0636, 18.8381], [-102.0658, 18.8425], [-102.0701, 18.8345], [-102.0674, 18.83], [-102.0768, 18.8296], [-102.0913, 18.8434], [-102.0994, 18.8337], [-102.111, 18.8369], [-102.1206, 18.8254], [-102.1345, 18.8381], [-102.1237, 18.8511], [-102.1366, 18.8499], [-102.1594, 18.8658], [-102.1685, 18.8592], [-102.1815, 18.8692], [-102.1894, 18.8593], [-102.197, 18.863], [-102.2075, 18.8564], [-102.2277, 18.8243], [-102.2174, 18.8106], [-102.2217, 18.7966], [-102.216, 18.7949], [-102.2125, 18.7842], [-102.2246, 18.7669], [-102.2191, 18.7634], [-102.2201, 18.7506], [-102.2106, 18.7429], [-102.2055, 18.7152], [-102.1913, 18.708], [-102.1816, 18.6787], [-102.1607, 18.6855], [-102.1462, 18.6824], [-102.1445, 18.6774], [-102.1346, 18.6826], [-102.1313, 18.6774], [-102.1231, 18.6773], [-102.0956, 18.6876], [-102.0811, 18.6581], [-102.0319, 18.6259], [-102.0123, 18.634], [-102.0027, 18.6431], [-101.9859, 18.6414], [-101.9555, 18.6569], [-101.9417, 18.6503], [-101.934, 18.6421], [-101.9355, 18.6367], [-101.88, 18.6242]]]}}, {"type": "Feature", "properties": {"osm_type": "relation", "osm_id": 650146148, "name": "Múgica", "admin_level": "6", "kind": "subdivision_2", "parent_osm_id": 2340636, "parent_name": "Michoacán", "parent_iso": "MX-MIC"}, "geometry": {"type": "Polygon", "coordinates": [[[-102.046, 19.0323], [-102.0539, 19.0372], [-102.0682, 19.0639], [-102.0689, 19.0773], [-102.0628, 19.0865], [-102.0675, 19.0862], [-102.0758, 19.1053], [-102.0859, 19.1093], [-102.1175, 19.1075], [-102.129, 19.0975], [-102.1498, 19.0947], [-102.1609, 19.0832], [-102.1611, 19.0714], [-102.1716, 19.07], [-102.1822, 19.0587], [-102.1812, 19.048], [-102.1942, 19.028], [-102.196, 19.0153], [-102.1908, 19.0119], [-102.1917, 19.0037], [-102.1959, 19.0042], [-102.199, 18.9977], [-102.1993, 18.9796], [-102.2041, 18.9791], [-102.2005, 18.9768], [-102.2068, 18.9628], [-102.2034, 18.9561], [-102.2106, 18.9513], [-102.2053, 18.9308], [-102.1967, 18.9192], [-102.1994, 18.9119], [-102.1673, 18.8635], [-102.1594, 18.8658], [-102.1366, 18.8499], [-102.1237, 18.8511], [-102.1345, 18.8381], [-102.1206, 18.8254], [-102.111, 18.8369], [-102.0994, 18.8337], [-102.0913, 18.8434], [-102.0703, 18.828], [-102.0658, 18.8425], [-102.0636, 18.8381], [-102.0629, 18.8503], [-102.0679, 18.857], [-102.0586, 18.8627], [-102.0687, 18.8616], [-102.0696, 18.8671], [-102.0604, 18.8736], [-102.0686, 18.8765], [-102.0703, 18.8914], [-102.0831, 18.9012], [-102.0739, 18.9043], [-102.0555, 18.9246], [-102.0626, 18.9473], [-102.0579, 18.9499], [-102.0596, 18.9578], [-102.0557, 18.9626], [-102.0552, 18.9774], [-102.06, 18.9823], [-102.0521, 18.9831], [-102.0487, 19.0042], [-102.0545, 19.0035], [-102.057, 19.0102], [-102.0544, 19.0276], [-102.046, 19.0323]]]}}, {"type": "Feature", "properties": {"osm_type": "relation", "osm_id": 558173265, "name": "Turicato", "admin_level": "6", "kind": "subdivision_2", "parent_osm_id": 2340636, "parent_name": "Michoacán", "parent_iso": "MX-MIC"}, "geometry": {"type": "Polygon", "coordinates": [[[-101.2142, 18.814], [-101.2149, 18.8255], [-101.225, 18.8255], [-101.2216, 18.8341], [-101.2328, 18.844], [-101.2222, 18.8592], [-101.2079, 18.8693], [-101.2162, 18.8826], [-101.207, 18.8923], [-101.2123, 18.9006], [-101.2107, 18.9047], [-101.2007, 18.9049], [-101.2025, 18.9154], [-101.1934, 18.9251], [-101.1973, 18.9315], [-101.2332, 18.9521], [-101.2463, 18.9516], [-101.2569, 18.964], [-101.2741, 18.9632], [-101.2749, 18.9742], [-101.2831, 18.9733], [-101.2843, 18.988], [-101.2978, 19.0113], [-101.2966, 19.0411], [-101.3121, 19.0529], [-101.3207, 19.0499], [-101.3199, 19.0697], [-101.3261, 19.0839], [-101.3253, 19.1008], [-101.3318, 19.1243], [-101.3443, 19.1173], [-101.3619, 19.1257], [-101.3596, 19.138], [-101.3633, 19.1344], [-101.3855, 19.1394], [-101.3968, 19.1176], [-101.4134, 19.1208], [-101.4225, 19.1309], [-101.433, 19.1259], [-101.4482, 19.1269], [-101.4548, 19.1097], [-101.4624, 19.1063], [-101.4672, 19.1111], [-101.4813, 19.1106], [-101.4977, 19.0848], [-101.5042, 19.0964], [-101.513, 19.0968], [-101.5178, 19.1022], [-101.52, 19.1367], [-101.5325, 19.1424], [-101.5361, 19.1511], [-101.5726, 19.165], [-101.5744, 19.1818], [-101.5929, 19.1838], [-101.5941, 19.1875], [-101.6016, 19.1745], [-101.6179, 19.1775], [-101.6248, 19.1662], [-101.6327, 19.1632], [-101.6172, 19.1501], [-101.6221, 19.1394], [-101.6108, 19.1222], [-101.6194, 19.1183], [-101.6353, 19.0983], [-101.6283, 19.0845], [-101.6275, 19.0624], [-101.6168, 19.0571], [-101.6192, 19.0518], [-101.6109, 19.0462], [-101.6115, 19.0375], [-101.6314, 19.0275], [-101.6403, 19.0108], [-101.6394, 19.0014], [-101.6462, 18.9938], [-101.6428, 18.9797], [-101.6278, 18.9733], [-101.6232, 18.9643], [-101.6114, 18.9584], [-101.6127, 18.9538], [-101.5862, 18.9443], [-101.5918, 18.9304], [-101.5854, 18.9242], [-101.6013, 18.9134], [-101.5891, 18.9104], [-101.5618, 18.8756], [-101.5576, 18.8796], [-101.5491, 18.8777], [-101.5406, 18.8598], [-101.5468, 18.8385], [-101.522, 18.8379], [-101.5125, 18.832], [-101.5218, 18.8163], [-101.514, 18.7973], [-101.5157, 18.7792], [-101.509, 18.768], [-101.4893, 18.756], [-101.4875, 18.749], [-101.4732, 18.7395], [-101.4711, 18.7452], [-101.461, 18.7432], [-101.4564, 18.7257], [-101.4251, 18.7047], [-101.4049, 18.7061], [-101.4043, 18.7121], [-101.3984, 18.713], [-101.3456, 18.6985], [-101.3428, 18.7021], [-101.3148, 18.7038], [-101.2934, 18.7169], [-101.2748, 18.7201], [-101.2698, 18.7333], [-101.2594, 18.7353], [-101.2523, 18.7446], [-101.2422, 18.7457], [-101.2458, 18.7548], [-101.2364, 18.7829], [-101.2411, 18.7907], [-101.2316, 18.8039], [-101.2289, 18.801], [-101.2287, 18.8063], [-101.2142, 18.814]]]}}, {"type": "Feature", "properties": {"osm_type": "relation", "osm_id": 669181729, "name": "Carácuaro", "admin_level": "6", "kind": "subdivision_2", "parent_osm_id": 2340636, "parent_name": "Michoacán", "parent_iso": "MX-MIC"}, "geometry": {"type": "Polygon", "coordinates": [[[-100.8906, 18.8606], [-100.8981, 18.8845], [-100.8765, 18.9231], [-100.8675, 18.9228], [-100.8663, 18.9302], [-100.8717, 18.9357], [-100.8664, 18.9445], [-100.8703, 18.9484], [-100.8575, 18.967], [-100.8601, 18.9883], [-100.8693, 18.9924], [-100.8742, 19.0021], [-100.8627, 19.0132], [-100.8783, 19.0197], [-100.8727, 19.0289], [-100.8849, 19.0395], [-100.8875, 19.0477], [-100.8949, 19.0539], [-100.9018, 19.052], [-100.9081, 19.0641], [-100.9283, 19.071], [-100.9402, 19.0919], [-100.9906, 19.0809], [-101.0097, 19.0958], [-101.0086, 19.1026], [-101.0157, 19.1045], [-101.0156, 19.1171], [-101.0212, 19.1247], [-101.0206, 19.1386], [-101.0255, 19.1408], [-101.0228, 19.1534], [-101.0415, 19.1752], [-101.0387, 19.1787], [-101.0435, 19.1863], [-101.0616, 19.1904], [-101.0624, 19.1818], [-101.0729, 19.1796], [-101.0827, 19.1687], [-101.0816, 19.1581], [-101.0872, 19.1509], [-101.1079, 19.1533], [-101.1047, 19.1371], [-101.1164, 19.1422], [-101.124, 19.1315], [-101.116, 19.128], [-101.1214, 19.1247], [-101.1156, 19.1231], [-101.1195, 19.1115], [-101.1064, 19.0971], [-101.1066, 19.0866], [-101.0972, 19.0827], [-101.0938, 19.0683], [-101.0893, 19.0687], [-101.0825, 19.056], [-101.0872, 19.0514], [-101.1053, 19.0557], [-101.1264, 19.0278], [-101.1379, 19.0265], [-101.146, 19.0199], [-101.1536, 19.0218], [-101.1518, 19.0089], [-101.1742, 19.0166], [-101.1722, 19.0114], [-101.1884, 19.004], [-101.1793, 18.9945], [-101.1841, 18.988], [-101.1781, 18.9812], [-101.1715, 18.9797], [-101.1707, 18.983], [-101.1688, 18.9724], [-101.172, 18.9717], [-101.1581, 18.9557], [-101.1682, 18.9565], [-101.1672, 18.9475], [-101.184, 18.9545], [-101.1932, 18.9503], [-101.1982, 18.9276], [-101.1934, 18.9251], [-101.2025, 18.9154], [-101.199, 18.9083], [-101.2107, 18.9047], [-101.207, 18.8923], [-101.2162, 18.8826], [-101.2079, 18.8693], [-101.2222, 18.8592], [-101.2328, 18.844], [-101.2216, 18.8341], [-101.225, 18.8255], [-101.2149, 18.8255], [-101.2142, 18.814], [-101.2066, 18.8088], [-101.1452, 18.8238], [-101.1376, 18.83], [-101.1329, 18.8272], [-101.1363, 18.839], [-101.0674, 18.8754], [-101.0581, 18.8633], [-101.0415, 18.8566], [-101.0355, 18.8411], [-101.0237, 18.834], [-101.0258, 18.8235], [-101.0097, 18.8179], [-101.0024, 18.8211], [-100.9997, 18.8178], [-100.9731, 18.8484], [-100.9491, 18.8498], [-100.936, 18.8332], [-100.9171, 18.8537], [-100.9004, 18.8502], [-100.8906, 18.8606]]]}}, {"type": "Feature", "properties": {"osm_type": "relation", "osm_id": 489823896, "name": "Tepalcatepec", "admin_level": "6", "kind": "subdivision_2", "parent_osm_id": 2340636, "parent_name": "Michoacán", "parent_iso": "MX-MIC"}, "geometry": {"type": "Polygon", "coordinates": [[[-103.0192, 19.1325], [-103.0205, 19.125], [-103.0127, 19.1097], [-103.0195, 19.1038], [-103.016, 19.0792], [-102.9907, 19.0546], [-103.0156, 19.0489], [-103.0252, 19.0531], [-103.0332, 19.0291], [-103.045, 19.032], [-103.0345, 19.0023], [-103.0213, 19.0105], [-103.0228, 19.0052], [-103.0117, 18.9864], [-102.9989, 18.9818], [-102.9759, 18.9589], [-102.9622, 18.9661], [-102.9493, 18.9807], [-102.9156, 18.975], [-102.9098, 18.9588], [-102.9169, 18.9606], [-102.9158, 18.9539], [-102.9028, 18.9528], [-102.9011, 18.9431], [-102.8779, 18.9214], [-102.8552, 18.9413], [-102.8304, 18.9455], [-102.8196, 18.9343], [-102.8231, 18.9289], [-102.8185, 18.9184], [-102.8037, 18.9135], [-102.797, 18.9223], [-102.8029, 18.9335], [-102.7971, 18.9395], [-102.7999, 18.9449], [-102.7966, 18.9499], [-102.7843, 18.9512], [-102.7876, 18.9592], [-102.7675, 18.9692], [-102.7405, 18.9667], [-102.7415, 18.9752], [-102.7304, 18.9805], [-102.7209, 18.996], [-102.7164, 18.994], [-102.7101, 19.0055], [-102.6984, 19.0123], [-102.6983, 19.0189], [-102.704, 19.0229], [-102.7009, 19.0411], [-102.6883, 19.0475], [-102.6869, 19.06], [-102.6749, 19.0635], [-102.675, 19.0539], [-102.6696, 19.0514], [-102.6635, 19.06], [-102.6645, 19.0722], [-102.6752, 19.0724], [-102.6728, 19.0852], [-102.6825, 19.0779], [-102.6884, 19.09], [-102.6951, 19.0895], [-102.6901, 19.0978], [-102.7037, 19.0922], [-102.7006, 19.099], [-102.7104, 19.1064], [-102.7156, 19.0944], [-102.7213, 19.0959], [-102.7183, 19.1084], [-102.7274, 19.1107], [-102.7297, 19.1158], [-102.722, 19.1258], [-102.7391, 19.1246], [-102.7392, 19.1406], [-102.7486, 19.1368], [-102.7406, 19.144], [-102.7596, 19.1527], [-102.7624, 19.1605], [-102.7769, 19.1541], [-102.7799, 19.1573], [-102.774, 19.1669], [-102.7758, 19.1782], [-102.7846, 19.1847], [-102.7713, 19.187], [-102.7908, 19.1977], [-102.7865, 19.2021], [-102.7877, 19.2098], [-102.7786, 19.2071], [-102.7876, 19.2144], [-102.7755, 19.2161], [-102.7735, 19.2206], [-102.7888, 19.2229], [-102.7894, 19.2352], [-102.7749, 19.2399], [-102.7692, 19.2328], [-102.7732, 19.2454], [-102.7902, 19.2425], [-102.7938, 19.2254], [-102.8084, 19.2233], [-102.8244, 19.2057], [-102.8314, 19.2146], [-102.8456, 19.199], [-102.8626, 19.2032], [-102.8654, 19.2113], [-102.8864, 19.2044], [-102.9151, 19.1794], [-102.9274, 19.1773], [-102.9351, 19.182], [-102.9359, 19.1741], [-102.9523, 19.1766], [-102.9555, 19.1696], [-102.9601, 19.1741], [-102.9627, 19.1658], [-102.9788, 19.1529], [-102.9776, 19.1201], [-103.0071, 19.1379], [-103.0192, 19.1325]]]}}, {"type": "Feature", "properties": {"osm_type": "relation", "osm_id": 631468331, "name": "Apatzingán", "admin_level": "6", "kind": "subdivision_2", "parent_osm_id": 2340636, "parent_name": "Michoacán", "parent_iso": "MX-MIC"}, "geometry": {"type": "Polygon", "coordinates": [[[-102.2277, 18.8243], [-102.2075, 18.8564], [-102.1974, 18.8597], [-102.2014, 18.8657], [-102.1965, 18.8742], [-102.1991, 18.8815], [-102.226, 18.8858], [-102.2339, 18.8902], [-102.2367, 18.8996], [-102.2516, 18.8806], [-102.2795, 18.8966], [-102.2964, 18.8885], [-102.3026, 18.8985], [-102.3234, 18.8964], [-102.3298, 18.9021], [-102.3278, 18.9098], [-102.343, 18.9125], [-102.3456, 18.9177], [-102.3441, 18.9342], [-102.3361, 18.9273], [-102.3272, 18.9318], [-102.3245, 18.9603], [-102.3362, 18.9618], [-102.3265, 18.9646], [-102.3288, 18.9701], [-102.3082, 18.9849], [-102.3065, 18.9937], [-102.285, 19.022], [-102.2873, 19.0257], [-102.2798, 19.036], [-102.2838, 19.0398], [-102.2782, 19.0404], [-102.2905, 19.0439], [-102.2922, 19.0516], [-102.2759, 19.0621], [-102.2763, 19.0729], [-102.2669, 19.0979], [-102.2488, 19.1165], [-102.2566, 19.1199], [-102.2586, 19.1266], [-102.2499, 19.1315], [-102.2433, 19.1297], [-102.2262, 19.17], [-102.2283, 19.1749], [-102.2182, 19.1784], [-102.2239, 19.1973], [-102.2187, 19.2091], [-102.2118, 19.207], [-102.2147, 19.2125], [-102.2115, 19.2155], [-102.2328, 19.2135], [-102.253, 19.228], [-102.2813, 19.2011], [-102.2916, 19.1988], [-102.3002, 19.208], [-102.3146, 19.2006], [-102.322, 19.2169], [-102.3337, 19.219], [-102.3675, 19.1829], [-102.3868, 19.1856], [-102.3931, 19.173], [-102.4132, 19.1799], [-102.4193, 19.1596], [-102.4362, 19.1367], [-102.4425, 19.1399], [-102.4581, 19.1329], [-102.4677, 19.136], [-102.4782, 19.1565], [-102.5043, 19.1423], [-102.5113, 19.1338], [-102.5061, 19.1202], [-102.5101, 19.1213], [-102.5156, 19.109], [-102.5265, 19.0592], [-102.5035, 19.0445], [-102.502, 19.0135], [-102.5104, 19.0149], [-102.5186, 18.9951], [-102.5462, 19.0034], [-102.5664, 19.0034], [-102.5619, 19.0171], [-102.5795, 19.0232], [-102.5685, 19.0343], [-102.5904, 19.0472], [-102.6032, 19.0396], [-102.6031, 19.0035], [-102.607, 18.9874], [-102.6151, 18.986], [-102.6107, 18.9463], [-102.6169, 18.9208], [-102.6394, 18.8957], [-102.6347, 18.8812], [-102.6473, 18.857], [-102.6335, 18.8383], [-102.6354, 18.832], [-102.6271, 18.8118], [-102.6052, 18.7911], [-102.6065, 18.7837], [-102.6007, 18.7753], [-102.6038, 18.7665], [-102.5922, 18.7443], [-102.5749, 18.7364], [-102.5601, 18.7224], [-102.5449, 18.7192], [-102.5363, 18.7268], [-102.5229, 18.7232], [-102.5144, 18.726], [-102.4974, 18.7174], [-102.4926, 18.7281], [-102.4845, 18.7274], [-102.4822, 18.737], [-102.4666, 18.7293], [-102.4606, 18.7336], [-102.4516, 18.7162], [-102.4374, 18.7113], [-102.4104, 18.721], [-102.4007, 18.7161], [-102.3968, 18.72], [-102.3611, 18.7175], [-102.3438, 18.7096], [-102.3407, 18.7302], [-102.3357, 18.723], [-102.2836, 18.7339], [-102.2652, 18.7504], [-102.2585, 18.7502], [-102.2539, 18.7625], [-102.2417, 18.7654], [-102.2468, 18.7788], [-102.2561, 18.7765], [-102.2747, 18.7888], [-102.2783, 18.7969], [-102.2753, 18.8126], [-102.285, 18.8242], [-102.2788, 18.8371], [-102.2574, 18.8464], [-102.2367, 18.8415], [-102.2277, 18.8243]]]}}, {"type": "Feature", "properties": {"osm_type": "relation", "osm_id": 998955875, "name": "Parácuaro", "admin_level": "6", "kind": "subdivision_2", "parent_osm_id": 2340636, "parent_name": "Michoacán", "parent_iso": "MX-MIC"}, "geometry": {"type": "Polygon", "coordinates": [[[-102.1652, 18.863], [-102.1781, 18.8745], [-102.1841, 18.8937], [-102.1967, 18.9064], [-102.1988, 18.9265], [-102.2053, 18.9308], [-102.2106, 18.9513], [-102.2034, 18.9561], [-102.2068, 18.9628], [-102.2005, 18.9768], [-102.2041, 18.9791], [-102.1993, 18.9796], [-102.199, 18.9977], [-102.1959, 19.0042], [-102.1917, 19.0037], [-102.1908, 19.0119], [-102.196, 19.0153], [-102.1942, 19.028], [-102.1812, 19.048], [-102.1822, 19.0587], [-102.1716, 19.07], [-102.1611, 19.0714], [-102.1609, 19.0832], [-102.1498, 19.0947], [-102.129, 19.0975], [-102.1175, 19.1075], [-102.0964, 19.1062], [-102.0838, 19.1109], [-102.0881, 19.1234], [-102.0815, 19.1344], [-102.0817, 19.1457], [-102.0879, 19.1553], [-102.0868, 19.1811], [-102.1032, 19.1969], [-102.1239, 19.1998], [-102.1436, 19.2169], [-102.1493, 19.236], [-102.1563, 19.238], [-102.159, 19.2534], [-102.1763, 19.2675], [-102.1755, 19.2803], [-102.1825, 19.2813], [-102.1939, 19.2718], [-102.1938, 19.2358], [-102.2147, 19.2125], [-102.2118, 19.207], [-102.2187, 19.2091], [-102.2239, 19.1973], [-102.2182, 19.1784], [-102.2283, 19.1749], [-102.2262, 19.17], [-102.2433, 19.1297], [-102.2499, 19.1315], [-102.2586, 19.1266], [-102.2566, 19.1199], [-102.2488, 19.1165], [-102.2669, 19.0979], [-102.2763, 19.0729], [-102.2759, 19.0621], [-102.2908, 19.0551], [-102.2905, 19.0439], [-102.2782, 19.0404], [-102.2838, 19.0398], [-102.2798, 19.036], [-102.2873, 19.0257], [-102.285, 19.022], [-102.3065, 18.9937], [-102.3082, 18.9849], [-102.3288, 18.9701], [-102.3265, 18.9646], [-102.3362, 18.9618], [-102.3245, 18.9603], [-102.3272, 18.9318], [-102.3361, 18.9273], [-102.3441, 18.9342], [-102.3456, 18.9177], [-102.343, 18.9125], [-102.3278, 18.9098], [-102.3298, 18.9021], [-102.3234, 18.8964], [-102.3026, 18.8985], [-102.2964, 18.8885], [-102.2795, 18.8966], [-102.2516, 18.8806], [-102.2367, 18.8996], [-102.2339, 18.8902], [-102.226, 18.8858], [-102.1991, 18.8815], [-102.1965, 18.8742], [-102.2014, 18.8657], [-102.192, 18.8592], [-102.1815, 18.8692], [-102.1727, 18.8596], [-102.1652, 18.863]]]}}, {"type": "Feature", "properties": {"osm_type": "relation", "osm_id": 899474683, "name": "Nocupétaro", "admin_level": "6", "kind": "subdivision_2", "parent_osm_id": 2340636, "parent_name": "Michoacán", "parent_iso": "MX-MIC"}, "geometry": {"type": "Polygon", "coordinates": [[[-101.1973, 18.9315], [-101.1911, 18.9521], [-101.1858, 18.9506], [-101.184, 18.9545], [-101.1672, 18.9475], [-101.1682, 18.9565], [-101.1581, 18.9557], [-101.172, 18.9717], [-101.1688, 18.9724], [-101.1707, 18.983], [-101.1715, 18.9797], [-101.1781, 18.9812], [-101.1841, 18.988], [-101.1793, 18.9945], [-101.1878, 19.001], [-101.1865, 19.0076], [-101.1722, 19.0114], [-101.1742, 19.0166], [-101.1518, 19.0089], [-101.1536, 19.0218], [-101.146, 19.0199], [-101.1379, 19.0265], [-101.1264, 19.0278], [-101.1053, 19.0557], [-101.0872, 19.0514], [-101.0825, 19.056], [-101.0893, 19.0687], [-101.0938, 19.0683], [-101.0972, 19.0827], [-101.1066, 19.0866], [-101.1064, 19.0971], [-101.1195, 19.1115], [-101.1156, 19.1231], [-101.1214, 19.1247], [-101.116, 19.128], [-101.124, 19.1315], [-101.1164, 19.1422], [-101.1047, 19.1371], [-101.1079, 19.1533], [-101.0872, 19.1509], [-101.0816, 19.1581], [-101.0812, 19.1731], [-101.0872, 19.1724], [-101.1054, 19.189], [-101.1151, 19.1909], [-101.1268, 19.1843], [-101.142, 19.1839], [-101.1488, 19.1894], [-101.1631, 19.1831], [-101.1773, 19.1912], [-101.1832, 19.2082], [-101.2106, 19.2229], [-101.2153, 19.2191], [-101.2175, 19.224], [-101.2261, 19.2204], [-101.2246, 19.1994], [-101.2351, 19.2129], [-101.2495, 19.219], [-101.258, 19.2153], [-101.2698, 19.2214], [-101.2718, 19.2177], [-101.2931, 19.2165], [-101.3037, 19.2242], [-101.3121, 19.2167], [-101.3126, 19.2214], [-101.3198, 19.2233], [-101.3104, 19.1793], [-101.3017, 19.1785], [-101.2988, 19.1655], [-101.3091, 19.153], [-101.3094, 19.1375], [-101.3132, 19.1388], [-101.318, 19.129], [-101.3263, 19.1315], [-101.3252, 19.1258], [-101.3318, 19.1243], [-101.3253, 19.1008], [-101.3261, 19.0839], [-101.3199, 19.0697], [-101.3207, 19.0499], [-101.3121, 19.0529], [-101.2966, 19.0411], [-101.2978, 19.0113], [-101.2843, 18.988], [-101.2831, 18.9733], [-101.2735, 18.9723], [-101.2741, 18.9632], [-101.2569, 18.964], [-101.2463, 18.9516], [-101.2332, 18.9521], [-101.1973, 18.9315]]]}}, {"type": "Feature", "properties": {"osm_type": "relation", "osm_id": 296899131, "name": "Nuevo Urecho", "admin_level": "6", "kind": "subdivision_2", "parent_osm_id": 2340636, "parent_name": "Michoacán", "parent_iso": "MX-MIC"}, "geometry": {"type": "Polygon", "coordinates": [[[-101.814, 19.0438], [-101.8039, 19.0549], [-101.7818, 19.0607], [-101.7749, 19.0689], [-101.7831, 19.0958], [-101.7992, 19.1087], [-101.791, 19.1218], [-101.7968, 19.1241], [-101.7963, 19.133], [-101.8048, 19.1427], [-101.7977, 19.1499], [-101.7985, 19.1578], [-101.8135, 19.1651], [-101.8008, 19.1764], [-101.7946, 19.1917], [-101.8001, 19.2131], [-101.8218, 19.2302], [-101.8449, 19.2345], [-101.8478, 19.2445], [-101.8296, 19.2472], [-101.8299, 19.2578], [-101.8345, 19.2616], [-101.8047, 19.27], [-101.8037, 19.2776], [-101.8416, 19.2885], [-101.8619, 19.2752], [-101.8822, 19.2722], [-101.8864, 19.2638], [-101.8966, 19.2673], [-101.9065, 19.278], [-101.9381, 19.2704], [-101.9499, 19.2602], [-101.9464, 19.2521], [-101.9378, 19.2516], [-101.9411, 19.2438], [-101.9343, 19.2415], [-101.9374, 19.2335], [-101.924, 19.2322], [-101.9085, 19.2128], [-101.9109, 19.2025], [-101.9222, 19.1951], [-101.9221, 19.1768], [-101.9317, 19.1689], [-101.9333, 19.1547], [-101.9546, 19.1458], [-101.9462, 19.1311], [-101.9503, 19.1217], [-101.9311, 19.1053], [-101.9299, 19.0899], [-101.9171, 19.0732], [-101.8807, 19.0744], [-101.8631, 19.0629], [-101.8589, 19.0437], [-101.8503, 19.0388], [-101.85, 19.0293], [-101.835, 19.0317], [-101.814, 19.0438]]]}}, {"type": "Feature", "properties": {"osm_type": "relation", "osm_id": 373634546, "name": "Gabriel Zamora", "admin_level": "6", "kind": "subdivision_2", "parent_osm_id": 2340636, "parent_name": "Michoacán", "parent_iso": "MX-MIC"}, "geometry": {"type": "Polygon", "coordinates": [[[-101.9171, 19.0732], [-101.9299, 19.0899], [-101.9311, 19.1053], [-101.9503, 19.1217], [-101.9462, 19.1311], [-101.9546, 19.1458], [-101.9333, 19.1547], [-101.9317, 19.1689], [-101.9221, 19.1768], [-101.9222, 19.1951], [-101.9109, 19.2025], [-101.9085, 19.2128], [-101.924, 19.2322], [-101.9374, 19.2335], [-101.9343, 19.2415], [-101.9411, 19.2438], [-101.9378, 19.2516], [-101.9464, 19.2521], [-101.9499, 19.2602], [-101.9758, 19.252], [-101.9983, 19.2529], [-102.015, 19.264], [-102.032, 19.2663], [-102.0363, 19.2725], [-102.0696, 19.2779], [-102.0818, 19.2726], [-102.0728, 19.2479], [-102.0624, 19.2393], [-102.0635, 19.2329], [-102.0563, 19.2241], [-102.0615, 19.2233], [-102.0613, 19.228], [-102.0708, 19.2295], [-102.0783, 19.2397], [-102.0842, 19.2402], [-102.0824, 19.2283], [-102.087, 19.2274], [-102.084, 19.2235], [-102.0904, 19.185], [-102.0867, 19.1809], [-102.0879, 19.1553], [-102.0831, 19.1514], [-102.0861, 19.1499], [-102.0817, 19.1457], [-102.0815, 19.1348], [-102.0882, 19.12], [-102.086, 19.1094], [-102.0758, 19.1053], [-102.0675, 19.0862], [-102.0628, 19.0865], [-102.0689, 19.0773], [-102.0682, 19.0639], [-102.0539, 19.0372], [-102.0437, 19.0313], [-102.0366, 19.0394], [-102.0329, 19.056], [-102.0191, 19.0519], [-102.0065, 19.0612], [-102.0003, 19.0496], [-101.9902, 19.0466], [-101.9886, 19.041], [-101.9772, 19.0399], [-101.9649, 19.0569], [-101.954, 19.0557], [-101.9368, 19.0662], [-101.9307, 19.0624], [-101.9171, 19.0732]]]}}, {"type": "Feature", "properties": {"osm_type": "relation", "osm_id": 181496905, "name": "Ario", "admin_level": "6", "kind": "subdivision_2", "parent_osm_id": 2340636, "parent_name": "Michoacán", "parent_iso": "MX-MIC"}, "geometry": {"type": "Polygon", "coordinates": [[[-101.6393, 18.975], [-101.6462, 18.9938], [-101.6394, 19.0014], [-101.6403, 19.0108], [-101.6314, 19.0275], [-101.6115, 19.0375], [-101.6109, 19.0462], [-101.6192, 19.0518], [-101.6168, 19.0571], [-101.6275, 19.0624], [-101.6283, 19.0845], [-101.6353, 19.0983], [-101.6194, 19.1183], [-101.6108, 19.1222], [-101.6221, 19.1394], [-101.6172, 19.1501], [-101.6327, 19.1632], [-101.6248, 19.1662], [-101.6206, 19.1765], [-101.6252, 19.1948], [-101.6215, 19.2032], [-101.6057, 19.2179], [-101.5884, 19.2145], [-101.5989, 19.2362], [-101.5623, 19.2505], [-101.5728, 19.2625], [-101.5735, 19.2799], [-101.5837, 19.2875], [-101.5771, 19.2933], [-101.5785, 19.2982], [-101.6036, 19.2945], [-101.6011, 19.2844], [-101.6097, 19.2906], [-101.6155, 19.2877], [-101.6257, 19.2919], [-101.6229, 19.2947], [-101.6289, 19.2975], [-101.6272, 19.3008], [-101.6439, 19.3078], [-101.669, 19.308], [-101.6833, 19.2877], [-101.7124, 19.3028], [-101.7378, 19.3022], [-101.7415, 19.2931], [-101.7557, 19.2857], [-101.7741, 19.2908], [-101.7758, 19.2969], [-101.796, 19.2969], [-101.8007, 19.307], [-101.8403, 19.3078], [-101.8389, 19.3027], [-101.8554, 19.2826], [-101.8416, 19.2885], [-101.8037, 19.2776], [-101.8047, 19.27], [-101.8345, 19.2616], [-101.8299, 19.2578], [-101.8296, 19.2472], [-101.8478, 19.2445], [-101.8449, 19.2345], [-101.8218, 19.2302], [-101.8001, 19.2131], [-101.7946, 19.1917], [-101.8008, 19.1764], [-101.8135, 19.1651], [-101.7985, 19.1578], [-101.7977, 19.1499], [-101.8048, 19.1427], [-101.7963, 19.133], [-101.7968, 19.1241], [-101.791, 19.1218], [-101.7992, 19.1087], [-101.7831, 19.0958], [-101.7748, 19.0723], [-101.7818, 19.0607], [-101.8039, 19.0549], [-101.814, 19.0438], [-101.813, 19.039], [-101.7998, 19.0365], [-101.7874, 19.0186], [-101.7685, 19.014], [-101.7615, 19.0056], [-101.7646, 18.9977], [-101.7585, 18.9929], [-101.741, 18.9999], [-101.7355, 18.9941], [-101.7178, 18.9937], [-101.7117, 18.9851], [-101.7182, 18.9732], [-101.7012, 18.9703], [-101.6956, 18.9623], [-101.7006, 18.958], [-101.6988, 18.9501], [-101.6751, 18.9682], [-101.6632, 18.9659], [-101.6393, 18.975]]]}}, {"type": "Feature", "properties": {"osm_type": "relation", "osm_id": 208994018, "name": "Susupuato", "admin_level": "6", "kind": "subdivision_2", "parent_osm_id": 2340636, "parent_name": "Michoacán", "parent_iso": "MX-MIC"}, "geometry": {"type": "Polygon", "coordinates": [[[-100.318, 19.3181], [-100.3221, 19.3213], [-100.3455, 19.3147], [-100.3663, 19.3222], [-100.384, 19.3133], [-100.3792, 19.3043], [-100.3856, 19.2983], [-100.38, 19.2723], [-100.3895, 19.2648], [-100.3981, 19.2692], [-100.4431, 19.2664], [-100.4395, 19.2587], [-100.4498, 19.2512], [-100.4636, 19.2501], [-100.4712, 19.2399], [-100.4742, 19.2188], [-100.483, 19.22], [-100.4829, 19.2154], [-100.472, 19.2146], [-100.4615, 19.2069], [-100.4607, 19.1871], [-100.4467, 19.1732], [-100.4444, 19.1508], [-100.4517, 19.141], [-100.4802, 19.1361], [-100.4684, 19.118], [-100.477, 19.103], [-100.4704, 19.0801], [-100.4775, 19.0755], [-100.474, 19.0437], [-100.479, 19.032], [-100.4755, 19.0342], [-100.4687, 19.0291], [-100.4597, 19.0322], [-100.4512, 19.0478], [-100.4456, 19.0454], [-100.4471, 19.052], [-100.4362, 19.0579], [-100.4314, 19.0549], [-100.4317, 19.0607], [-100.4205, 19.061], [-100.4198, 19.0659], [-100.4108, 19.0636], [-100.4068, 19.0805], [-100.4107, 19.084], [-100.4029, 19.1038], [-100.4067, 19.1059], [-100.3952, 19.1179], [-100.3895, 19.1429], [-100.3797, 19.1515], [-100.3667, 19.1497], [-100.3616, 19.1547], [-100.3782, 19.1711], [-100.3711, 19.1775], [-100.3731, 19.1942], [-100.3313, 19.2305], [-100.3199, 19.253], [-100.3205, 19.2803], [-100.3153, 19.2874], [-100.3201, 19.2909], [-100.3131, 19.2973], [-100.3233, 19.3068], [-100.318, 19.3181]]]}}, {"type": "Feature", "properties": {"osm_type": "relation", "osm_id": 648520570, "name": "Tiquicheo de Nicolás Romero", "admin_level": "6", "kind": "subdivision_2", "parent_osm_id": 2340636, "parent_name": "Michoacán", "parent_iso": "MX-MIC"}, "geometry": {"type": "Polygon", "coordinates": [[[-100.5276, 19.0103], [-100.5285, 19.0192], [-100.5314, 19.0176], [-100.5404, 19.031], [-100.5395, 19.0401], [-100.547, 19.0375], [-100.5522, 19.0561], [-100.5744, 19.0561], [-100.5731, 19.0693], [-100.5889, 19.0681], [-100.5974, 19.0731], [-100.5891, 19.0838], [-100.6054, 19.0835], [-100.6009, 19.0913], [-100.5935, 19.0934], [-100.5957, 19.1027], [-100.6089, 19.0993], [-100.6376, 19.1135], [-100.6407, 19.0941], [-100.6481, 19.093], [-100.6494, 19.0883], [-100.6392, 19.0858], [-100.6561, 19.0681], [-100.6438, 19.0629], [-100.6439, 19.0479], [-100.6483, 19.0456], [-100.6543, 19.0198], [-100.6695, 19.0058], [-100.6807, 19.0068], [-100.6702, 19.0118], [-100.6777, 19.015], [-100.6993, 19.0127], [-100.7126, 19.0503], [-100.7075, 19.066], [-100.7154, 19.0882], [-100.7122, 19.0961], [-100.715, 19.107], [-100.7233, 19.121], [-100.7192, 19.1382], [-100.7272, 19.1494], [-100.7256, 19.1534], [-100.7336, 19.1516], [-100.7423, 19.1578], [-100.7452, 19.1744], [-100.7345, 19.1839], [-100.7389, 19.1884], [-100.7335, 19.1882], [-100.735, 19.1947], [-100.7301, 19.1973], [-100.7345, 19.2064], [-100.7302, 19.2084], [-100.738, 19.2168], [-100.7347, 19.2211], [-100.7411, 19.2387], [-100.7361, 19.2394], [-100.7368, 19.2492], [-100.7405, 19.2443], [-100.7462, 19.2459], [-100.7449, 19.2583], [-100.7509, 19.2583], [-100.7532, 19.2881], [-100.7724, 19.2769], [-100.7774, 19.2678], [-100.7947, 19.2637], [-100.7957, 19.2583], [-100.8156, 19.2547], [-100.8287, 19.2582], [-100.8362, 19.2465], [-100.8327, 19.2295], [-100.8385, 19.222], [-100.873, 19.2198], [-100.8718, 19.2056], [-100.8673, 19.2041], [-100.8719, 19.1937], [-100.8636, 19.1851], [-100.8667, 19.1805], [-100.8733, 19.1816], [-100.8853, 19.1855], [-100.8877, 19.1987], [-100.9014, 19.2015], [-100.899, 19.211], [-100.9074, 19.2235], [-100.912, 19.2234], [-100.9116, 19.2288], [-100.8759, 19.2463], [-100.8777, 19.2545], [-100.8872, 19.258], [-100.9131, 19.256], [-100.9241, 19.2612], [-100.9216, 19.275], [-100.9534, 19.2943], [-100.9499, 19.3088], [-100.9437, 19.3072], [-100.9385, 19.3149], [-100.9418, 19.328], [-100.954, 19.3304], [-100.9607, 19.3268], [-100.9784, 19.3369], [-100.9951, 19.3354], [-101.0024, 19.3408], [-101.0035, 19.3479], [-101.0114, 19.3163], [-101.0171, 19.3121], [-101.0202, 19.2761], [-101.0249, 19.2729], [-101.018, 19.2669], [-101.0248, 19.2486], [-101.0334, 19.2442], [-101.0291, 19.235], [-101.0345, 19.2233], [-101.0314, 19.2164], [-101.0446, 19.1925], [-101.0557, 19.1886], [-101.0435, 19.1863], [-101.0387, 19.1787], [-101.0415, 19.1752], [-101.0228, 19.1534], [-101.0255, 19.1408], [-101.0206, 19.1386], [-101.0212, 19.1247], [-101.0156, 19.1171], [-101.0157, 19.1045], [-101.0086, 19.1026], [-101.0097, 19.0958], [-100.9906, 19.0809], [-100.9402, 19.0919], [-100.9283, 19.071], [-100.9081, 19.0641], [-100.9018, 19.052], [-100.8949, 19.0539], [-100.8875, 19.0477], [-100.8849, 19.0395], [-100.8727, 19.0289], [-100.8783, 19.0197], [-100.8627, 19.0132], [-100.8742, 19.0021], [-100.8693, 18.9924], [-100.8601, 18.9883], [-100.8568, 18.9788], [-100.8594, 18.9621], [-100.8703, 18.9484], [-100.8664, 18.9445], [-100.8717, 18.9357], [-100.8663, 18.9302], [-100.8675, 18.9228], [-100.8765, 18.9231], [-100.8981, 18.8845], [-100.8906, 18.8606], [-100.881, 18.8528], [-100.8686, 18.8558], [-100.8638, 18.8403], [-100.853, 18.8403], [-100.8479, 18.8204], [-100.8356, 18.8305], [-100.8093, 18.8305], [-100.8007, 18.8226], [-100.7905, 18.8254], [-100.7918, 18.8342], [-100.7769, 18.8598], [-100.7691, 18.8602], [-100.7639, 18.8669], [-100.7488, 18.8681], [-100.7462, 18.858], [-100.7368, 18.8605], [-100.7364, 18.8513], [-100.724, 18.8492], [-100.7096, 18.8358], [-100.712, 18.8259], [-100.7028, 18.8238], [-100.7058, 18.7964], [-100.6961, 18.7941], [-100.692, 18.8056], [-100.6847, 18.8032], [-100.6799, 18.8096], [-100.68, 18.8172], [-100.6669, 18.8194], [-100.6729, 18.8248], [-100.6661, 18.8343], [-100.6593, 18.834], [-100.6507, 18.8399], [-100.6517, 18.8479], [-100.6434, 18.8489], [-100.6452, 18.8603], [-100.6408, 18.8659], [-100.6222, 18.8668], [-100.6204, 18.8785], [-100.6106, 18.8906], [-100.6129, 18.8935], [-100.6005, 18.8929], [-100.6041, 18.8994], [-100.5894, 18.9081], [-100.5932, 18.9153], [-100.5854, 18.9113], [-100.5742, 18.9145], [-100.5759, 18.9229], [-100.5652, 18.9177], [-100.5688, 18.9217], [-100.5639, 18.9238], [-100.562, 18.9328], [-100.5438, 18.9347], [-100.5497, 18.9464], [-100.5461, 18.9501], [-100.5471, 18.9628], [-100.5334, 18.9644], [-100.5379, 18.9837], [-100.5302, 18.987], [-100.5302, 18.9942], [-100.5232, 18.9936], [-100.5308, 19.0069], [-100.5276, 19.0103]]]}}, {"type": "Feature", "properties": {"osm_type": "relation", "osm_id": 998366971, "name": "Juárez", "admin_level": "6", "kind": "subdivision_2", "parent_osm_id": 2340636, "parent_name": "Michoacán", "parent_iso": "MX-MIC"}, "geometry": {"type": "Polygon", "coordinates": [[[-100.3778, 19.3166], [-100.3851, 19.3277], [-100.3832, 19.337], [-100.3967, 19.3439], [-100.4059, 19.3425], [-100.4127, 19.347], [-100.415, 19.3434], [-100.4215, 19.3504], [-100.4261, 19.3435], [-100.4512, 19.3495], [-100.458, 19.3308], [-100.4663, 19.3249], [-100.5008, 19.3248], [-100.51, 19.3155], [-100.5213, 19.3145], [-100.52, 19.3077], [-100.5249, 19.3031], [-100.5401, 19.3014], [-100.5459, 19.293], [-100.5433, 19.2818], [-100.5467, 19.2753], [-100.5358, 19.2634], [-100.5313, 19.2432], [-100.5243, 19.2434], [-100.5241, 19.2378], [-100.503, 19.2438], [-100.4907, 19.2383], [-100.4721, 19.2517], [-100.4689, 19.2431], [-100.4579, 19.2534], [-100.4498, 19.2512], [-100.4395, 19.2587], [-100.4431, 19.2664], [-100.3981, 19.2692], [-100.3895, 19.2648], [-100.38, 19.2723], [-100.3856, 19.2983], [-100.3792, 19.3043], [-100.384, 19.3133], [-100.3778, 19.3166]]]}}, {"type": "Feature", "properties": {"osm_type": "relation", "osm_id": 410524505, "name": "Taretan", "admin_level": "6", "kind": "subdivision_2", "parent_osm_id": 2340636, "parent_name": "Michoacán", "parent_iso": "MX-MIC"}, "geometry": {"type": "Polygon", "coordinates": [[[-101.8554, 19.2826], [-101.8389, 19.3027], [-101.8403, 19.3078], [-101.8193, 19.3058], [-101.8047, 19.3189], [-101.8018, 19.3363], [-101.7891, 19.3482], [-101.8081, 19.3696], [-101.8251, 19.3672], [-101.8338, 19.3611], [-101.8434, 19.3632], [-101.8379, 19.367], [-101.8412, 19.3712], [-101.8382, 19.3864], [-101.8519, 19.3842], [-101.8563, 19.3876], [-101.8615, 19.3801], [-101.8826, 19.3821], [-101.8888, 19.3759], [-101.925, 19.3675], [-101.9286, 19.3629], [-101.9376, 19.3792], [-101.9483, 19.3762], [-101.9477, 19.3704], [-101.9525, 19.3684], [-101.9535, 19.3717], [-101.9708, 19.3705], [-101.9675, 19.3609], [-101.9916, 19.3533], [-101.9965, 19.3434], [-101.9937, 19.3257], [-101.9742, 19.3211], [-101.9455, 19.2655], [-101.9246, 19.2763], [-101.9065, 19.278], [-101.8966, 19.2673], [-101.8864, 19.2638], [-101.8822, 19.2722], [-101.8619, 19.2752], [-101.8554, 19.2826]]]}}, {"type": "Feature", "properties": {"osm_type": "relation", "osm_id": 808086822, "name": "Buenavista", "admin_level": "6", "kind": "subdivision_2", "parent_osm_id": 2340636, "parent_name": "Michoacán", "parent_iso": "MX-MIC"}, "geometry": {"type": "Polygon", "coordinates": [[[-102.7732, 19.2454], [-102.7692, 19.2328], [-102.7749, 19.2399], [-102.7894, 19.2352], [-102.7888, 19.2229], [-102.7735, 19.2206], [-102.7755, 19.2161], [-102.7876, 19.2144], [-102.7786, 19.2071], [-102.7877, 19.2098], [-102.7865, 19.2021], [-102.7908, 19.1977], [-102.7713, 19.187], [-102.7846, 19.1847], [-102.7758, 19.1782], [-102.774, 19.1669], [-102.7799, 19.1573], [-102.7769, 19.1541], [-102.7624, 19.1605], [-102.7596, 19.1527], [-102.7406, 19.144], [-102.7486, 19.1368], [-102.7392, 19.1406], [-102.7391, 19.1246], [-102.722, 19.1258], [-102.7297, 19.1158], [-102.7274, 19.1107], [-102.7183, 19.1084], [-102.7213, 19.0959], [-102.7156, 19.0944], [-102.7104, 19.1064], [-102.7006, 19.099], [-102.7037, 19.0922], [-102.6901, 19.0978], [-102.6951, 19.0895], [-102.6884, 19.09], [-102.6825, 19.0779], [-102.6728, 19.0852], [-102.6752, 19.0724], [-102.6645, 19.0722], [-102.6635, 19.06], [-102.651, 19.0475], [-102.6347, 19.0521], [-102.6146, 19.0456], [-102.5904, 19.0472], [-102.5685, 19.0343], [-102.5795, 19.0232], [-102.5619, 19.0171], [-102.5664, 19.0034], [-102.5462, 19.0034], [-102.5227, 18.9942], [-102.5158, 18.999], [-102.5104, 19.0149], [-102.502, 19.0135], [-102.5035, 19.0445], [-102.5265, 19.0592], [-102.5156, 19.109], [-102.5101, 19.1213], [-102.5061, 19.1202], [-102.5113, 19.1338], [-102.5043, 19.1423], [-102.4782, 19.1565], [-102.4677, 19.136], [-102.4581, 19.1329], [-102.4425, 19.1399], [-102.4362, 19.1367], [-102.4193, 19.1596], [-102.4132, 19.1799], [-102.4162, 19.1878], [-102.4113, 19.2017], [-102.4271, 19.214], [-102.4405, 19.2141], [-102.443, 19.2374], [-102.4564, 19.2458], [-102.453, 19.2713], [-102.4675, 19.2816], [-102.473, 19.2935], [-102.4651, 19.3233], [-102.4996, 19.3374], [-102.4919, 19.341], [-102.5005, 19.3426], [-102.4914, 19.3533], [-102.5002, 19.3695], [-102.4857, 19.3823], [-102.4793, 19.4063], [-102.5195, 19.4093], [-102.5251, 19.4215], [-102.5378, 19.4322], [-102.5446, 19.4333], [-102.5437, 19.4296], [-102.551, 19.4254], [-102.5651, 19.4352], [-102.5768, 19.4239], [-102.5688, 19.4126], [-102.6011, 19.3645], [-102.6112, 19.3228], [-102.6327, 19.307], [-102.6431, 19.2783], [-102.6389, 19.273], [-102.6431, 19.2662], [-102.6382, 19.2627], [-102.6456, 19.2595], [-102.6497, 19.246], [-102.6569, 19.2405], [-102.6518, 19.2355], [-102.6613, 19.2286], [-102.6621, 19.2188], [-102.6683, 19.221], [-102.6695, 19.2127], [-102.6939, 19.2263], [-102.7007, 19.2245], [-102.6943, 19.2384], [-102.6988, 19.2499], [-102.7111, 19.2359], [-102.7377, 19.2422], [-102.7531, 19.2557], [-102.7732, 19.2454]]]}}, {"type": "Feature", "properties": {"osm_type": "relation", "osm_id": 775575277, "name": "Tacámbaro", "admin_level": "6", "kind": "subdivision_2", "parent_osm_id": 2340636, "parent_name": "Michoacán", "parent_iso": "MX-MIC"}, "geometry": {"type": "Polygon", "coordinates": [[[-101.3318, 19.1243], [-101.3252, 19.1258], [-101.3263, 19.1315], [-101.318, 19.129], [-101.3132, 19.1388], [-101.3094, 19.1375], [-101.3091, 19.153], [-101.2988, 19.1655], [-101.299, 19.1732], [-101.3017, 19.1785], [-101.3104, 19.1793], [-101.318, 19.2188], [-101.325, 19.2157], [-101.3335, 19.2205], [-101.3391, 19.2155], [-101.3393, 19.2301], [-101.3482, 19.2355], [-101.34, 19.2426], [-101.3379, 19.2565], [-101.3243, 19.2694], [-101.327, 19.2764], [-101.3419, 19.2839], [-101.3449, 19.3093], [-101.3391, 19.3255], [-101.3464, 19.3305], [-101.3515, 19.3481], [-101.346, 19.3595], [-101.3537, 19.4001], [-101.3677, 19.4006], [-101.3821, 19.4155], [-101.4231, 19.4072], [-101.434, 19.4143], [-101.4541, 19.4136], [-101.4577, 19.4048], [-101.4657, 19.4071], [-101.4734, 19.4026], [-101.4818, 19.4065], [-101.4894, 19.4006], [-101.4938, 19.4075], [-101.5161, 19.4081], [-101.5149, 19.3917], [-101.5292, 19.3877], [-101.5348, 19.3781], [-101.5422, 19.3754], [-101.5381, 19.3702], [-101.5477, 19.3538], [-101.5588, 19.3511], [-101.572, 19.3384], [-101.5658, 19.3257], [-101.5712, 19.318], [-101.5717, 19.3039], [-101.579, 19.3001], [-101.5771, 19.2933], [-101.5837, 19.2875], [-101.5735, 19.2799], [-101.5728, 19.2625], [-101.5623, 19.2505], [-101.5989, 19.2362], [-101.5884, 19.2145], [-101.6057, 19.2179], [-101.6215, 19.2032], [-101.6252, 19.1948], [-101.6206, 19.1765], [-101.6016, 19.1745], [-101.5941, 19.1875], [-101.5929, 19.1838], [-101.5744, 19.1818], [-101.5726, 19.165], [-101.5361, 19.1511], [-101.5325, 19.1424], [-101.52, 19.1367], [-101.5178, 19.1022], [-101.513, 19.0968], [-101.5042, 19.0964], [-101.4977, 19.0848], [-101.4813, 19.1106], [-101.4672, 19.1111], [-101.4624, 19.1063], [-101.4548, 19.1097], [-101.4482, 19.1269], [-101.433, 19.1259], [-101.4225, 19.1309], [-101.4134, 19.1208], [-101.3968, 19.1176], [-101.3855, 19.1394], [-101.3633, 19.1344], [-101.3596, 19.138], [-101.3619, 19.1257], [-101.3443, 19.1173], [-101.3318, 19.1243]]]}}, {"type": "Feature", "properties": {"osm_type": "relation", "osm_id": 287374007, "name": "Tuzantla", "admin_level": "6", "kind": "subdivision_2", "parent_osm_id": 2340636, "parent_name": "Michoacán", "parent_iso": "MX-MIC"}, "geometry": {"type": "Polygon", "coordinates": [[[-100.479, 19.032], [-100.474, 19.0437], [-100.4775, 19.0755], [-100.4704, 19.0801], [-100.477, 19.103], [-100.4684, 19.118], [-100.4802, 19.1361], [-100.4517, 19.141], [-100.4444, 19.1508], [-100.4467, 19.1732], [-100.4607, 19.1871], [-100.4615, 19.2069], [-100.4845, 19.2171], [-100.4742, 19.2188], [-100.4708, 19.2255], [-100.4702, 19.2501], [-100.488, 19.2438], [-100.4907, 19.2383], [-100.503, 19.2438], [-100.5199, 19.2366], [-100.5344, 19.2485], [-100.5358, 19.2634], [-100.5467, 19.2753], [-100.5433, 19.2818], [-100.5459, 19.293], [-100.5401, 19.3014], [-100.5442, 19.3091], [-100.54, 19.3179], [-100.5461, 19.3216], [-100.5363, 19.3312], [-100.547, 19.3411], [-100.5507, 19.3528], [-100.5411, 19.3751], [-100.572, 19.4012], [-100.599, 19.4416], [-100.6081, 19.4406], [-100.6107, 19.4342], [-100.6057, 19.423], [-100.6115, 19.419], [-100.6073, 19.4142], [-100.6115, 19.4124], [-100.6409, 19.4175], [-100.6465, 19.41], [-100.661, 19.4254], [-100.6755, 19.4313], [-100.6764, 19.4265], [-100.6825, 19.4253], [-100.6935, 19.4307], [-100.7134, 19.4167], [-100.7199, 19.4038], [-100.732, 19.4014], [-100.7412, 19.3929], [-100.7534, 19.3896], [-100.7638, 19.3968], [-100.7764, 19.3956], [-100.7746, 19.3869], [-100.7569, 19.3655], [-100.764, 19.3503], [-100.7481, 19.3192], [-100.7501, 19.3127], [-100.7606, 19.3172], [-100.7681, 19.3128], [-100.7532, 19.2984], [-100.7501, 19.2809], [-100.7534, 19.2673], [-100.7509, 19.2583], [-100.7449, 19.2583], [-100.7462, 19.2459], [-100.7405, 19.2443], [-100.7368, 19.2492], [-100.7361, 19.2394], [-100.7411, 19.2387], [-100.7347, 19.2211], [-100.738, 19.2168], [-100.7302, 19.2084], [-100.7345, 19.2064], [-100.7301, 19.1973], [-100.735, 19.1947], [-100.7335, 19.1882], [-100.7389, 19.1884], [-100.7345, 19.1839], [-100.7452, 19.1744], [-100.7423, 19.1578], [-100.7336, 19.1516], [-100.7256, 19.1534], [-100.7272, 19.1494], [-100.7192, 19.1382], [-100.7233, 19.121], [-100.715, 19.107], [-100.7122, 19.0961], [-100.7154, 19.0882], [-100.7075, 19.066], [-100.7126, 19.0503], [-100.6993, 19.0127], [-100.6777, 19.015], [-100.6702, 19.0118], [-100.6807, 19.0068], [-100.6695, 19.0058], [-100.6543, 19.0198], [-100.6483, 19.0456], [-100.6439, 19.0479], [-100.6438, 19.0629], [-100.6561, 19.0681], [-100.6392, 19.0858], [-100.6494, 19.0883], [-100.6481, 19.093], [-100.6407, 19.0941], [-100.6376, 19.1135], [-100.6089, 19.0993], [-100.5957, 19.1027], [-100.5935, 19.0934], [-100.6009, 19.0913], [-100.6054, 19.0835], [-100.5891, 19.0838], [-100.5974, 19.0731], [-100.5889, 19.0681], [-100.5731, 19.0693], [-100.5744, 19.0561], [-100.5522, 19.0561], [-100.547, 19.0375], [-100.5395, 19.0401], [-100.5404, 19.031], [-100.5314, 19.0176], [-100.5285, 19.0192], [-100.5276, 19.0103], [-100.5182, 19.012], [-100.5148, 19.0082], [-100.4953, 19.022], [-100.4843, 19.021], [-100.4851, 19.0277], [-100.4791, 19.0262], [-100.479, 19.032]]]}}, {"type": "Feature", "properties": {"osm_type": "relation", "osm_id": 895948662, "name": "Salvador Escalante", "admin_level": "6", "kind": "subdivision_2", "parent_osm_id": 2340636, "parent_name": "Michoacán", "parent_iso": "MX-MIC"}, "geometry": {"type": "Polygon", "coordinates": [[[-101.5785, 19.2982], [-101.5717, 19.3039], [-101.5712, 19.318], [-101.5658, 19.3257], [-101.572, 19.3384], [-101.5588, 19.3511], [-101.5477, 19.3538], [-101.5381, 19.3702], [-101.5422, 19.3754], [-101.5348, 19.3781], [-101.5292, 19.3877], [-101.5149, 19.3917], [-101.5161, 19.4081], [-101.5125, 19.4092], [-101.5197, 19.4245], [-101.5309, 19.4117], [-101.5474, 19.4245], [-101.562, 19.4256], [-101.5661, 19.4327], [-101.5954, 19.4299], [-101.6036, 19.4343], [-101.61, 19.4505], [-101.6366, 19.4501], [-101.6605, 19.4419], [-101.674, 19.4457], [-101.6797, 19.4558], [-101.7167, 19.4581], [-101.7415, 19.4694], [-101.7556, 19.4834], [-101.7751, 19.4832], [-101.7761, 19.4965], [-101.7836, 19.4897], [-101.8051, 19.4886], [-101.8009, 19.4655], [-101.8315, 19.4404], [-101.8357, 19.4282], [-101.829, 19.4169], [-101.8089, 19.4026], [-101.8081, 19.3696], [-101.7891, 19.3482], [-101.8018, 19.3363], [-101.8047, 19.3189], [-101.8177, 19.3085], [-101.8007, 19.307], [-101.796, 19.2969], [-101.7758, 19.2969], [-101.7741, 19.2908], [-101.7557, 19.2857], [-101.7415, 19.2931], [-101.7378, 19.3022], [-101.7124, 19.3028], [-101.6833, 19.2877], [-101.669, 19.308], [-101.6439, 19.3078], [-101.6272, 19.3008], [-101.6289, 19.2975], [-101.6229, 19.2947], [-101.6257, 19.2919], [-101.6155, 19.2877], [-101.6097, 19.2906], [-101.6011, 19.2844], [-101.6036, 19.2945], [-101.5785, 19.2982]]]}}, {"type": "Feature", "properties": {"osm_type": "relation", "osm_id": 942637113, "name": "Ziracuaretiro", "admin_level": "6", "kind": "subdivision_2", "parent_osm_id": 2340636, "parent_name": "Michoacán", "parent_iso": "MX-MIC"}, "geometry": {"type": "Polygon", "coordinates": [[[-101.8081, 19.3696], [-101.8089, 19.4026], [-101.829, 19.4169], [-101.8827, 19.4342], [-101.8816, 19.4523], [-101.8978, 19.4808], [-101.903, 19.4764], [-101.91, 19.4894], [-101.9087, 19.5047], [-101.9231, 19.5119], [-101.9542, 19.5007], [-101.9808, 19.5007], [-101.9846, 19.4914], [-101.9513, 19.4607], [-101.9625, 19.4518], [-101.9707, 19.4525], [-101.9774, 19.4443], [-101.9525, 19.3684], [-101.9477, 19.3704], [-101.9483, 19.3762], [-101.9376, 19.3792], [-101.9286, 19.3629], [-101.925, 19.3675], [-101.8888, 19.3759], [-101.8826, 19.3821], [-101.8615, 19.3801], [-101.8563, 19.3876], [-101.8519, 19.3842], [-101.8382, 19.3864], [-101.8412, 19.3712], [-101.8379, 19.367], [-101.8434, 19.3632], [-101.8338, 19.3611], [-101.8251, 19.3672], [-101.8081, 19.3696]]]}}, {"type": "Feature", "properties": {"osm_type": "relation", "osm_id": 247485055, "name": "Nuevo Parangaricutiro", "admin_level": "6", "kind": "subdivision_2", "parent_osm_id": 2340636, "parent_name": "Michoacán", "parent_iso": "MX-MIC"}, "geometry": {"type": "Polygon", "coordinates": [[[-102.1517, 19.4727], [-102.1839, 19.4704], [-102.2027, 19.4619], [-102.2215, 19.4821], [-102.2518, 19.4933], [-102.261, 19.4797], [-102.2587, 19.4677], [-102.2746, 19.4565], [-102.282, 19.4395], [-102.2686, 19.4201], [-102.267, 19.4066], [-102.2607, 19.4076], [-102.2624, 19.3656], [-102.2378, 19.3426], [-102.2356, 19.3232], [-102.2207, 19.3126], [-102.2124, 19.2947], [-102.2052, 19.294], [-102.2016, 19.2985], [-102.1963, 19.3184], [-102.1868, 19.3259], [-102.1886, 19.3306], [-102.1815, 19.344], [-102.1688, 19.3508], [-102.1657, 19.3642], [-102.1192, 19.3841], [-102.117, 19.3774], [-102.1076, 19.378], [-102.108, 19.3813], [-102.1008, 19.3782], [-102.1069, 19.3892], [-102.1077, 19.4034], [-102.1031, 19.4034], [-102.1028, 19.4083], [-102.1156, 19.4369], [-102.1142, 19.4679], [-102.1203, 19.4749], [-102.1474, 19.4685], [-102.1517, 19.4727]]]}}, {"type": "Feature", "properties": {"osm_type": "relation", "osm_id": 800894671, "name": "Tancítaro", "admin_level": "6", "kind": "subdivision_2", "parent_osm_id": 2340636, "parent_name": "Michoacán", "parent_iso": "MX-MIC"}, "geometry": {"type": "Polygon", "coordinates": [[[-102.2115, 19.2155], [-102.1938, 19.2358], [-102.1939, 19.2718], [-102.2059, 19.2882], [-102.2052, 19.294], [-102.2124, 19.2947], [-102.2207, 19.3126], [-102.2356, 19.3232], [-102.2378, 19.3426], [-102.2624, 19.3656], [-102.2607, 19.4076], [-102.267, 19.4066], [-102.2686, 19.4201], [-102.282, 19.4395], [-102.2746, 19.4565], [-102.2587, 19.4677], [-102.261, 19.4797], [-102.2518, 19.4933], [-102.2766, 19.5075], [-102.3284, 19.5069], [-102.3295, 19.5291], [-102.3335, 19.5341], [-102.3404, 19.5325], [-102.3367, 19.5175], [-102.3473, 19.5004], [-102.3566, 19.502], [-102.3349, 19.4653], [-102.3444, 19.4573], [-102.3359, 19.4293], [-102.3541, 19.432], [-102.362, 19.4414], [-102.37, 19.4398], [-102.3937, 19.4494], [-102.4162, 19.4468], [-102.417, 19.4387], [-102.4219, 19.4423], [-102.4353, 19.4345], [-102.4457, 19.4357], [-102.451, 19.4249], [-102.4831, 19.4092], [-102.4793, 19.4063], [-102.4801, 19.394], [-102.4857, 19.3823], [-102.5002, 19.3695], [-102.4914, 19.3533], [-102.5005, 19.3426], [-102.4919, 19.341], [-102.4996, 19.3374], [-102.4651, 19.3233], [-102.473, 19.2935], [-102.4675, 19.2816], [-102.453, 19.2713], [-102.4564, 19.2458], [-102.443, 19.2374], [-102.4405, 19.2141], [-102.4271, 19.214], [-102.4113, 19.2017], [-102.4162, 19.1878], [-102.4132, 19.1799], [-102.3931, 19.173], [-102.3868, 19.1856], [-102.3675, 19.1829], [-102.3337, 19.219], [-102.322, 19.2169], [-102.3146, 19.2006], [-102.3002, 19.208], [-102.2916, 19.1988], [-102.2813, 19.2011], [-102.253, 19.228], [-102.2328, 19.2135], [-102.2115, 19.2155]]]}}, {"type": "Feature", "properties": {"osm_type": "relation", "osm_id": 766822463, "name": "Jungapeo", "admin_level": "6", "kind": "subdivision_2", "parent_osm_id": 2340636, "parent_name": "Michoacán", "parent_iso": "MX-MIC"}, "geometry": {"type": "Polygon", "coordinates": [[[-100.4643, 19.3276], [-100.4724, 19.3355], [-100.4824, 19.3355], [-100.4782, 19.3716], [-100.4821, 19.3744], [-100.4815, 19.3858], [-100.4745, 19.3968], [-100.4823, 19.4006], [-100.484, 19.41], [-100.4582, 19.4294], [-100.4175, 19.4475], [-100.4323, 19.4722], [-100.424, 19.4754], [-100.4317, 19.481], [-100.4312, 19.4943], [-100.4365, 19.4955], [-100.4349, 19.507], [-100.4406, 19.5141], [-100.4628, 19.5043], [-100.4718, 19.5069], [-100.471, 19.5127], [-100.4773, 19.5126], [-100.4972, 19.5069], [-100.5102, 19.5088], [-100.5185, 19.5027], [-100.5493, 19.5106], [-100.5582, 19.5231], [-100.5709, 19.5161], [-100.5716, 19.5067], [-100.5806, 19.5041], [-100.5811, 19.4941], [-100.6011, 19.4902], [-100.626, 19.4536], [-100.6169, 19.4537], [-100.6065, 19.4417], [-100.599, 19.4416], [-100.572, 19.4012], [-100.5411, 19.3751], [-100.5507, 19.3528], [-100.547, 19.3411], [-100.5363, 19.3312], [-100.5461, 19.3216], [-100.54, 19.3179], [-100.5442, 19.3091], [-100.5401, 19.3014], [-100.5249, 19.3031], [-100.52, 19.3077], [-100.5213, 19.3145], [-100.51, 19.3155], [-100.5008, 19.3248], [-100.4643, 19.3276]]]}}, {"type": "Feature", "properties": {"osm_type": "relation", "osm_id": 535743806, "name": "Madero", "admin_level": "6", "kind": "subdivision_2", "parent_osm_id": 2340636, "parent_name": "Michoacán", "parent_iso": "MX-MIC"}, "geometry": {"type": "Polygon", "coordinates": [[[-101.0557, 19.1886], [-101.0446, 19.1925], [-101.0314, 19.2164], [-101.0345, 19.2233], [-101.0291, 19.235], [-101.0334, 19.2442], [-101.0248, 19.2486], [-101.018, 19.2669], [-101.0249, 19.2729], [-101.0172, 19.2893], [-101.0171, 19.3121], [-101.0114, 19.3163], [-101.0076, 19.3409], [-101.0005, 19.3523], [-101.0019, 19.3599], [-101.0186, 19.3706], [-101.0186, 19.3783], [-101.0289, 19.385], [-101.0253, 19.3957], [-101.0362, 19.4195], [-101.0239, 19.4315], [-101.0276, 19.4361], [-101.0375, 19.4331], [-101.0405, 19.4394], [-101.056, 19.438], [-101.0615, 19.4319], [-101.076, 19.44], [-101.0608, 19.4528], [-101.0607, 19.4625], [-101.0531, 19.4731], [-101.056, 19.4759], [-101.0452, 19.4928], [-101.0703, 19.5074], [-101.0788, 19.5332], [-101.0843, 19.5323], [-101.0886, 19.5155], [-101.1157, 19.5315], [-101.1165, 19.5389], [-101.1317, 19.5241], [-101.1436, 19.5373], [-101.1686, 19.5217], [-101.1845, 19.4854], [-101.1798, 19.4724], [-101.1815, 19.4472], [-101.1887, 19.4566], [-101.1992, 19.4573], [-101.2079, 19.4701], [-101.2231, 19.4805], [-101.2264, 19.4772], [-101.2342, 19.4802], [-101.2475, 19.4712], [-101.2507, 19.4604], [-101.2635, 19.4657], [-101.2717, 19.4642], [-101.2772, 19.4511], [-101.2751, 19.4434], [-101.2835, 19.4435], [-101.2801, 19.4283], [-101.2988, 19.4214], [-101.314, 19.4248], [-101.319, 19.4104], [-101.3558, 19.4046], [-101.346, 19.3595], [-101.3515, 19.3481], [-101.3464, 19.3305], [-101.3391, 19.3255], [-101.3449, 19.3093], [-101.3419, 19.2839], [-101.327, 19.2764], [-101.3243, 19.2694], [-101.3379, 19.2565], [-101.34, 19.2426], [-101.3482, 19.2355], [-101.3393, 19.2301], [-101.3391, 19.2155], [-101.3335, 19.2205], [-101.325, 19.2157], [-101.3159, 19.2242], [-101.3121, 19.2167], [-101.3037, 19.2242], [-101.2931, 19.2165], [-101.2718, 19.2177], [-101.2698, 19.2214], [-101.258, 19.2153], [-101.2495, 19.219], [-101.2351, 19.2129], [-101.2246, 19.1994], [-101.2261, 19.2204], [-101.2175, 19.224], [-101.2153, 19.2191], [-101.2106, 19.2229], [-101.1832, 19.2082], [-101.1773, 19.1912], [-101.1631, 19.1831], [-101.1488, 19.1894], [-101.142, 19.1839], [-101.1094, 19.1902], [-101.0802, 19.1695], [-101.0729, 19.1796], [-101.0624, 19.1818], [-101.0616, 19.1904], [-101.0557, 19.1886]]]}}, {"type": "Feature", "properties": {"osm_type": "relation", "osm_id": 716793147, "name": "Acuitzio", "admin_level": "6", "kind": "subdivision_2", "parent_osm_id": 2340636, "parent_name": "Michoacán", "parent_iso": "MX-MIC"}, "geometry": {"type": "Polygon", "coordinates": [[[-101.3553, 19.4001], [-101.3541, 19.4053], [-101.319, 19.4104], [-101.314, 19.4248], [-101.2988, 19.4214], [-101.2801, 19.4283], [-101.2835, 19.4435], [-101.2751, 19.4434], [-101.2772, 19.4511], [-101.2717, 19.4642], [-101.2635, 19.4657], [-101.2698, 19.501], [-101.2582, 19.5055], [-101.2522, 19.5162], [-101.2538, 19.5222], [-101.2608, 19.5126], [-101.2679, 19.5116], [-101.2674, 19.5277], [-101.2745, 19.5309], [-101.285, 19.5225], [-101.2948, 19.5281], [-101.2992, 19.5214], [-101.3074, 19.5243], [-101.3133, 19.538], [-101.3204, 19.5421], [-101.3363, 19.5429], [-101.3495, 19.5326], [-101.3504, 19.5251], [-101.3603, 19.5143], [-101.3649, 19.517], [-101.372, 19.5069], [-101.3711, 19.5007], [-101.3879, 19.4972], [-101.3834, 19.4835], [-101.3771, 19.4881], [-101.3731, 19.4844], [-101.389, 19.4705], [-101.3931, 19.4606], [-101.3991, 19.4587], [-101.4137, 19.4679], [-101.4171, 19.4566], [-101.4263, 19.4547], [-101.4262, 19.4442], [-101.4413, 19.4135], [-101.434, 19.4143], [-101.4231, 19.4072], [-101.3821, 19.4155], [-101.3677, 19.4006], [-101.3553, 19.4001]]]}}, {"type": "Feature", "properties": {"osm_type": "relation", "osm_id": 273254631, "name": "Zitácuaro", "admin_level": "6", "kind": "subdivision_2", "parent_osm_id": 2340636, "parent_name": "Michoacán", "parent_iso": "MX-MIC"}, "geometry": {"type": "Polygon", "coordinates": [[[-100.2374, 19.4035], [-100.2159, 19.4134], [-100.2021, 19.432], [-100.1899, 19.4397], [-100.2068, 19.4566], [-100.201, 19.4928], [-100.1767, 19.4897], [-100.1849, 19.4988], [-100.2019, 19.4995], [-100.2019, 19.5229], [-100.1964, 19.5317], [-100.2105, 19.5421], [-100.2147, 19.5528], [-100.2276, 19.5579], [-100.2383, 19.5437], [-100.2483, 19.5486], [-100.2651, 19.5329], [-100.2754, 19.5316], [-100.3001, 19.5325], [-100.3147, 19.5276], [-100.3337, 19.5312], [-100.3543, 19.526], [-100.3632, 19.534], [-100.3761, 19.5264], [-100.4044, 19.5326], [-100.4406, 19.5141], [-100.4349, 19.507], [-100.4365, 19.4955], [-100.4312, 19.4943], [-100.4317, 19.481], [-100.4245, 19.4784], [-100.4323, 19.4722], [-100.4175, 19.4475], [-100.4582, 19.4294], [-100.484, 19.41], [-100.4823, 19.4006], [-100.4745, 19.3968], [-100.4815, 19.3858], [-100.4821, 19.3744], [-100.4782, 19.3716], [-100.4824, 19.3355], [-100.4724, 19.3355], [-100.4643, 19.3276], [-100.458, 19.3308], [-100.4512, 19.3495], [-100.4261, 19.3435], [-100.4215, 19.3504], [-100.415, 19.3434], [-100.4127, 19.347], [-100.4059, 19.3425], [-100.3967, 19.3439], [-100.3832, 19.337], [-100.3851, 19.3277], [-100.3778, 19.3166], [-100.3663, 19.3222], [-100.3455, 19.3147], [-100.3221, 19.3213], [-100.318, 19.3181], [-100.3075, 19.3221], [-100.3069, 19.3382], [-100.3007, 19.3427], [-100.3111, 19.3532], [-100.3124, 19.3624], [-100.2944, 19.3809], [-100.2931, 19.3951], [-100.2677, 19.4026], [-100.2374, 19.4035]]]}}, {"type": "Feature", "properties": {"osm_type": "relation", "osm_id": 126068923, "name": "Huiramba", "admin_level": "6", "kind": "subdivision_2", "parent_osm_id": 2340636, "parent_name": "Michoacán", "parent_iso": "MX-MIC"}, "geometry": {"type": "Polygon", "coordinates": [[[-101.4098, 19.5149], [-101.4212, 19.5392], [-101.4159, 19.5477], [-101.429, 19.5543], [-101.4479, 19.5486], [-101.4452, 19.5576], [-101.4566, 19.5609], [-101.4587, 19.5684], [-101.4703, 19.5772], [-101.5085, 19.5652], [-101.4964, 19.5486], [-101.4994, 19.5449], [-101.4834, 19.5309], [-101.4834, 19.5182], [-101.4848, 19.5112], [-101.5101, 19.5161], [-101.5162, 19.5084], [-101.5148, 19.4979], [-101.4965, 19.4981], [-101.4731, 19.4822], [-101.4639, 19.4825], [-101.4585, 19.4782], [-101.4607, 19.4741], [-101.4558, 19.4742], [-101.4488, 19.4844], [-101.4189, 19.4753], [-101.4058, 19.4887], [-101.4084, 19.4952], [-101.4042, 19.5075], [-101.4098, 19.5149]]]}}, {"type": "Feature", "properties": {"osm_type": "relation", "osm_id": 868440975, "name": "Pátzcuaro", "admin_level": "6", "kind": "subdivision_2", "parent_osm_id": 2340636, "parent_name": "Michoacán", "parent_iso": "MX-MIC"}, "geometry": {"type": "Polygon", "coordinates": [[[-101.4413, 19.4135], [-101.4262, 19.4442], [-101.4305, 19.4619], [-101.4189, 19.4753], [-101.4488, 19.4844], [-101.4558, 19.4742], [-101.4607, 19.4741], [-101.4585, 19.4782], [-101.4639, 19.4825], [-101.4731, 19.4822], [-101.4965, 19.4981], [-101.5148, 19.4979], [-101.5162, 19.5084], [-101.5101, 19.5161], [-101.4848, 19.5112], [-101.4834, 19.5182], [-101.4834, 19.5309], [-101.4994, 19.5449], [-101.4964, 19.5486], [-101.5001, 19.5567], [-101.5105, 19.5683], [-101.5445, 19.5712], [-101.5626, 19.5592], [-101.5631, 19.5707], [-101.5905, 19.5704], [-101.5926, 19.5662], [-101.6153, 19.5631], [-101.636, 19.5665], [-101.6416, 19.5824], [-101.6307, 19.593], [-101.6478, 19.6027], [-101.6878, 19.5263], [-101.6993, 19.5278], [-101.7066, 19.5218], [-101.7283, 19.5265], [-101.7371, 19.5331], [-101.7411, 19.5448], [-101.7654, 19.5501], [-101.7701, 19.5675], [-101.795, 19.5535], [-101.775, 19.5163], [-101.8122, 19.4981], [-101.8051, 19.4886], [-101.7836, 19.4897], [-101.7761, 19.4965], [-101.7751, 19.4832], [-101.7556, 19.4834], [-101.7415, 19.4694], [-101.7167, 19.4581], [-101.6797, 19.4558], [-101.674, 19.4457], [-101.6605, 19.4419], [-101.6366, 19.4501], [-101.61, 19.4505], [-101.6036, 19.4343], [-101.5954, 19.4299], [-101.5661, 19.4327], [-101.562, 19.4256], [-101.5474, 19.4245], [-101.5309, 19.4117], [-101.5197, 19.4245], [-101.5125, 19.4092], [-101.4938, 19.4075], [-101.4908, 19.4006], [-101.4818, 19.4065], [-101.4734, 19.4026], [-101.4657, 19.4071], [-101.4577, 19.4048], [-101.4541, 19.4136], [-101.4413, 19.4135]]]}}, {"type": "Feature", "properties": {"osm_type": "relation", "osm_id": 579838779, "name": "Peribán", "admin_level": "6", "kind": "subdivision_2", "parent_osm_id": 2340636, "parent_name": "Michoacán", "parent_iso": "MX-MIC"}, "geometry": {"type": "Polygon", "coordinates": [[[-102.5446, 19.4333], [-102.5314, 19.4283], [-102.5195, 19.4093], [-102.4962, 19.4057], [-102.4878, 19.4057], [-102.4713, 19.4179], [-102.451, 19.4249], [-102.4457, 19.4357], [-102.4353, 19.4345], [-102.4219, 19.4423], [-102.417, 19.4387], [-102.4162, 19.4468], [-102.405, 19.4498], [-102.37, 19.4398], [-102.362, 19.4414], [-102.3541, 19.432], [-102.3359, 19.4293], [-102.3444, 19.4573], [-102.3349, 19.4653], [-102.3566, 19.502], [-102.3473, 19.5004], [-102.3367, 19.5175], [-102.3404, 19.5325], [-102.3442, 19.538], [-102.3693, 19.5465], [-102.3601, 19.5546], [-102.3751, 19.5572], [-102.3918, 19.5723], [-102.3953, 19.5812], [-102.4042, 19.5779], [-102.44, 19.5809], [-102.4526, 19.5717], [-102.4851, 19.5635], [-102.4882, 19.5586], [-102.5029, 19.5606], [-102.5052, 19.5546], [-102.5106, 19.5564], [-102.573, 19.5174], [-102.5759, 19.4981], [-102.5491, 19.4924], [-102.5427, 19.4764], [-102.5548, 19.4709], [-102.5569, 19.4645], [-102.5633, 19.4649], [-102.5686, 19.4455], [-102.5667, 19.4426], [-102.5587, 19.447], [-102.5477, 19.4395], [-102.5592, 19.4369], [-102.5446, 19.4333]]]}}, {"type": "Feature", "properties": {"osm_type": "relation", "osm_id": 468511376, "name": "Tingambato", "admin_level": "6", "kind": "subdivision_2", "parent_osm_id": 2340636, "parent_name": "Michoacán", "parent_iso": "MX-MIC"}, "geometry": {"type": "Polygon", "coordinates": [[[-101.8051, 19.4886], [-101.8122, 19.4981], [-101.7745, 19.5177], [-101.795, 19.5535], [-101.7701, 19.5675], [-101.7736, 19.5945], [-101.8103, 19.5949], [-101.8252, 19.5713], [-101.861, 19.5595], [-101.8843, 19.5594], [-101.9009, 19.5659], [-101.9046, 19.5549], [-101.9137, 19.5488], [-101.9327, 19.5579], [-101.9355, 19.5637], [-101.9425, 19.5551], [-101.9368, 19.5355], [-101.9401, 19.5072], [-101.9231, 19.5119], [-101.9087, 19.5047], [-101.91, 19.4894], [-101.903, 19.4764], [-101.8978, 19.4808], [-101.8816, 19.4523], [-101.8827, 19.4342], [-101.829, 19.4169], [-101.8357, 19.4282], [-101.8324, 19.439], [-101.8009, 19.4655], [-101.8051, 19.4886]]]}}, {"type": "Feature", "properties": {"osm_type": "relation", "osm_id": 941969026, "name": "Uruapan", "admin_level": "6", "kind": "subdivision_2", "parent_osm_id": 2340636, "parent_name": "Michoacán", "parent_iso": "MX-MIC"}, "geometry": {"type": "Polygon", "coordinates": [[[-102.0904, 19.185], [-102.084, 19.2235], [-102.087, 19.2274], [-102.0824, 19.2283], [-102.0842, 19.2402], [-102.0783, 19.2397], [-102.0708, 19.2295], [-102.0613, 19.228], [-102.0615, 19.2233], [-102.0563, 19.2241], [-102.0635, 19.2329], [-102.0624, 19.2393], [-102.0728, 19.2479], [-102.0818, 19.2726], [-102.0696, 19.2779], [-102.0363, 19.2725], [-102.032, 19.2663], [-102.015, 19.264], [-101.9983, 19.2529], [-101.9758, 19.252], [-101.9425, 19.2647], [-101.9499, 19.2693], [-101.9486, 19.2774], [-101.9618, 19.2931], [-101.9742, 19.3211], [-101.9937, 19.3257], [-101.9968, 19.3334], [-101.9916, 19.3533], [-101.9675, 19.3609], [-101.9708, 19.3705], [-101.9535, 19.3717], [-101.9566, 19.3844], [-101.9622, 19.3883], [-101.9625, 19.4014], [-101.9774, 19.4443], [-101.9707, 19.4525], [-101.9625, 19.4518], [-101.9513, 19.4607], [-101.9846, 19.4914], [-101.9808, 19.5007], [-101.9542, 19.5007], [-101.9401, 19.5072], [-101.9368, 19.5355], [-101.9425, 19.5551], [-101.9375, 19.5627], [-101.9522, 19.5606], [-101.9602, 19.5785], [-101.9923, 19.5787], [-102.0089, 19.5753], [-102.0207, 19.5672], [-102.0327, 19.5807], [-102.0341, 19.5841], [-102.0294, 19.5858], [-102.0325, 19.5898], [-102.0422, 19.5864], [-102.0449, 19.5899], [-102.0966, 19.5934], [-102.1092, 19.6028], [-102.1152, 19.6143], [-102.1235, 19.6175], [-102.1269, 19.6275], [-102.1417, 19.6194], [-102.1629, 19.6173], [-102.1709, 19.5984], [-102.1938, 19.5806], [-102.1964, 19.6229], [-102.2201, 19.6223], [-102.2311, 19.6161], [-102.2404, 19.6233], [-102.2483, 19.6229], [-102.2729, 19.6137], [-102.2781, 19.5941], [-102.2599, 19.5836], [-102.2635, 19.5622], [-102.2746, 19.563], [-102.2863, 19.556], [-102.3221, 19.5851], [-102.3248, 19.5759], [-102.3345, 19.5732], [-102.3357, 19.5679], [-102.3533, 19.5779], [-102.373, 19.5694], [-102.3846, 19.5758], [-102.3936, 19.5746], [-102.3737, 19.5563], [-102.3601, 19.5546], [-102.3693, 19.5465], [-102.3442, 19.538], [-102.3404, 19.5325], [-102.3335, 19.5341], [-102.3284, 19.5069], [-102.2766, 19.5075], [-102.2657, 19.498], [-102.2215, 19.4821], [-102.2027, 19.4619], [-102.1594, 19.4749], [-102.1474, 19.4685], [-102.1203, 19.4749], [-102.1142, 19.4679], [-102.1156, 19.4369], [-102.1028, 19.4083], [-102.1031, 19.4034], [-102.1077, 19.4034], [-102.1069, 19.3892], [-102.1008, 19.3782], [-102.108, 19.3813], [-102.1076, 19.378], [-102.117, 19.3774], [-102.1192, 19.3841], [-102.1657, 19.3642], [-102.1688, 19.3508], [-102.1815, 19.344], [-102.1886, 19.3306], [-102.1868, 19.3259], [-102.1985, 19.3142], [-102.1966, 19.3073], [-102.2049, 19.2973], [-102.2059, 19.2882], [-102.1939, 19.2718], [-102.1825, 19.2813], [-102.1755, 19.2803], [-102.1763, 19.2675], [-102.159, 19.2534], [-102.1563, 19.238], [-102.1493, 19.236], [-102.1436, 19.2169], [-102.1239, 19.1998], [-102.1032, 19.1969], [-102.0977, 19.1877], [-102.0904, 19.185]]]}}, {"type": "Feature", "properties": {"osm_type": "relation", "osm_id": 536704776, "name": "Lagunillas", "admin_level": "6", "kind": "subdivision_2", "parent_osm_id": 2340636, "parent_name": "Michoacán", "parent_iso": "MX-MIC"}, "geometry": {"type": "Polygon", "coordinates": [[[-101.4098, 19.5149], [-101.3879, 19.5161], [-101.3831, 19.5354], [-101.3916, 19.544], [-101.3897, 19.5487], [-101.3804, 19.5482], [-101.3896, 19.5597], [-101.3797, 19.5613], [-101.3725, 19.582], [-101.3858, 19.5955], [-101.3672, 19.6211], [-101.4023, 19.6322], [-101.4171, 19.6295], [-101.452, 19.5845], [-101.4624, 19.5797], [-101.466, 19.5832], [-101.4703, 19.5772], [-101.4587, 19.5684], [-101.4566, 19.5609], [-101.4452, 19.5576], [-101.4479, 19.5486], [-101.429, 19.5543], [-101.4159, 19.5477], [-101.4212, 19.5392], [-101.4098, 19.5149]]]}}, {"type": "Feature", "properties": {"osm_type": "relation", "osm_id": 697833029, "name": "Ocampo", "admin_level": "6", "kind": "subdivision_2", "parent_osm_id": 2340636, "parent_name": "Michoacán", "parent_iso": "MX-MIC"}, "geometry": {"type": "Polygon", "coordinates": [[[-100.2469, 19.5977], [-100.263, 19.5968], [-100.2722, 19.5864], [-100.2788, 19.596], [-100.287, 19.5908], [-100.291, 19.5941], [-100.3204, 19.5898], [-100.332, 19.6007], [-100.3356, 19.6116], [-100.3401, 19.6111], [-100.3377, 19.614], [-100.348, 19.6172], [-100.3532, 19.6398], [-100.3622, 19.6453], [-100.3745, 19.6451], [-100.3764, 19.6375], [-100.3877, 19.6279], [-100.3999, 19.6263], [-100.4044, 19.6305], [-100.4021, 19.6359], [-100.4094, 19.6291], [-100.4271, 19.626], [-100.4271, 19.6117], [-100.4084, 19.6044], [-100.4042, 19.5845], [-100.4135, 19.5816], [-100.4058, 19.5752], [-100.3974, 19.576], [-100.3906, 19.5623], [-100.374, 19.5499], [-100.3693, 19.5272], [-100.3632, 19.534], [-100.3543, 19.526], [-100.3337, 19.5312], [-100.3147, 19.5276], [-100.3001, 19.5325], [-100.2754, 19.5316], [-100.2651, 19.5329], [-100.2483, 19.5486], [-100.2383, 19.5437], [-100.2269, 19.5562], [-100.2375, 19.5572], [-100.2469, 19.5977]]]}}, {"type": "Feature", "properties": {"osm_type": "relation", "osm_id": 162113511, "name": "Tuxpan", "admin_level": "6", "kind": "subdivision_2", "parent_osm_id": 2340636, "parent_name": "Michoacán", "parent_iso": "MX-MIC"}, "geometry": {"type": "Polygon", "coordinates": [[[-100.4406, 19.5141], [-100.4044, 19.5326], [-100.3761, 19.5264], [-100.3689, 19.5318], [-100.3799, 19.5566], [-100.3906, 19.5623], [-100.3974, 19.576], [-100.4058, 19.5752], [-100.4135, 19.5816], [-100.4042, 19.5845], [-100.4084, 19.6044], [-100.4271, 19.6117], [-100.4271, 19.626], [-100.4181, 19.6281], [-100.4606, 19.6443], [-100.4676, 19.6523], [-100.4757, 19.6335], [-100.4864, 19.6378], [-100.504, 19.6188], [-100.5145, 19.6247], [-100.5494, 19.6233], [-100.5646, 19.6194], [-100.5662, 19.6079], [-100.5771, 19.6113], [-100.5814, 19.608], [-100.5828, 19.5856], [-100.5683, 19.5782], [-100.5615, 19.5653], [-100.5727, 19.5543], [-100.5824, 19.5573], [-100.5842, 19.5433], [-100.5918, 19.5348], [-100.5845, 19.5297], [-100.5901, 19.5154], [-100.584, 19.5147], [-100.5806, 19.5041], [-100.5716, 19.5067], [-100.5709, 19.5161], [-100.5582, 19.5231], [-100.5493, 19.5106], [-100.5185, 19.5027], [-100.5102, 19.5088], [-100.4972, 19.5069], [-100.4773, 19.5126], [-100.471, 19.5127], [-100.4718, 19.5069], [-100.4628, 19.5043], [-100.4406, 19.5141]]]}}, {"type": "Feature", "properties": {"osm_type": "relation", "osm_id": 116639092, "name": "Tzintzuntzan", "admin_level": "6", "kind": "subdivision_2", "parent_osm_id": 2340636, "parent_name": "Michoacán", "parent_iso": "MX-MIC"}, "geometry": {"type": "Polygon", "coordinates": [[[-101.4703, 19.5772], [-101.466, 19.5832], [-101.4624, 19.5797], [-101.452, 19.5845], [-101.4303, 19.6122], [-101.4325, 19.628], [-101.4474, 19.6313], [-101.4545, 19.6443], [-101.4766, 19.6372], [-101.4905, 19.6449], [-101.4981, 19.6395], [-101.5239, 19.6372], [-101.5348, 19.6445], [-101.5316, 19.6501], [-101.6116, 19.6625], [-101.6221, 19.6538], [-101.6257, 19.6577], [-101.6329, 19.6488], [-101.6423, 19.6484], [-101.6528, 19.6075], [-101.6322, 19.5968], [-101.6318, 19.5888], [-101.6416, 19.5824], [-101.636, 19.5665], [-101.6153, 19.5631], [-101.5926, 19.5662], [-101.5905, 19.5704], [-101.5631, 19.5707], [-101.5626, 19.5592], [-101.5445, 19.5712], [-101.5085, 19.5652], [-101.4703, 19.5772]]]}}, {"type": "Feature", "properties": {"osm_type": "relation", "osm_id": 542089116, "name": "Tzitzio", "admin_level": "6", "kind": "subdivision_2", "parent_osm_id": 2340636, "parent_name": "Michoacán", "parent_iso": "MX-MIC"}, "geometry": {"type": "Polygon", "coordinates": [[[-100.7532, 19.2881], [-100.7532, 19.2984], [-100.7681, 19.3128], [-100.7606, 19.3172], [-100.7482, 19.3135], [-100.7578, 19.3326], [-100.7549, 19.3386], [-100.764, 19.3503], [-100.7569, 19.3655], [-100.7746, 19.3869], [-100.7789, 19.4035], [-100.785, 19.4076], [-100.7806, 19.4118], [-100.7872, 19.421], [-100.7993, 19.418], [-100.7936, 19.4298], [-100.7953, 19.4441], [-100.8158, 19.4546], [-100.8135, 19.4594], [-100.8181, 19.4629], [-100.8303, 19.4657], [-100.8381, 19.4612], [-100.8442, 19.4788], [-100.855, 19.4923], [-100.8503, 19.5264], [-100.8567, 19.531], [-100.8567, 19.5428], [-100.8494, 19.5502], [-100.8518, 19.5611], [-100.8503, 19.5797], [-100.8446, 19.5859], [-100.8486, 19.5948], [-100.8456, 19.6088], [-100.853, 19.6278], [-100.8656, 19.6398], [-100.8742, 19.6404], [-100.8702, 19.6467], [-100.8739, 19.6573], [-100.885, 19.6647], [-100.8924, 19.6509], [-100.9001, 19.6496], [-100.9005, 19.6602], [-100.9094, 19.6684], [-100.9094, 19.6645], [-100.9168, 19.6722], [-100.9234, 19.6701], [-100.9168, 19.6451], [-100.9291, 19.6391], [-100.9181, 19.6335], [-100.9127, 19.6244], [-100.9399, 19.6051], [-100.9465, 19.6101], [-100.9468, 19.6018], [-100.9541, 19.5943], [-100.9692, 19.5977], [-100.9678, 19.5889], [-100.9741, 19.5812], [-100.9707, 19.5676], [-100.9873, 19.5703], [-100.9942, 19.5563], [-101.011, 19.5521], [-101.02, 19.5574], [-101.0246, 19.5421], [-101.0325, 19.5409], [-101.0508, 19.5577], [-101.0598, 19.5593], [-101.0657, 19.5732], [-101.0848, 19.5846], [-101.1095, 19.5872], [-101.1305, 19.5685], [-101.1254, 19.5636], [-101.1309, 19.5549], [-101.1279, 19.5499], [-101.1095, 19.5553], [-101.1073, 19.552], [-101.1075, 19.5462], [-101.1165, 19.5389], [-101.1157, 19.5315], [-101.0886, 19.5155], [-101.0843, 19.5323], [-101.0788, 19.5332], [-101.0703, 19.5074], [-101.0452, 19.4928], [-101.056, 19.4759], [-101.0531, 19.4731], [-101.0607, 19.4625], [-101.0608, 19.4528], [-101.076, 19.44], [-101.0615, 19.4319], [-101.0597, 19.4369], [-101.0442, 19.4395], [-101.0371, 19.4371], [-101.0375, 19.4331], [-101.0299, 19.4367], [-101.0239, 19.4315], [-101.0362, 19.4195], [-101.0253, 19.3957], [-101.0289, 19.385], [-101.0186, 19.3783], [-101.0186, 19.3706], [-101.0019, 19.3599], [-101.0024, 19.3408], [-100.9951, 19.3354], [-100.9882, 19.3382], [-100.9663, 19.3331], [-100.9607, 19.3268], [-100.954, 19.3304], [-100.9418, 19.328], [-100.9385, 19.3149], [-100.9437, 19.3072], [-100.9499, 19.3088], [-100.9534, 19.2943], [-100.9216, 19.275], [-100.9241, 19.2612], [-100.9131, 19.256], [-100.8872, 19.258], [-100.875, 19.2505], [-100.8759, 19.2463], [-100.9116, 19.2288], [-100.912, 19.2234], [-100.9074, 19.2235], [-100.899, 19.211], [-100.9014, 19.2015], [-100.8877, 19.1987], [-100.8853, 19.1855], [-100.8667, 19.1805], [-100.8636, 19.1851], [-100.8719, 19.1937], [-100.8673, 19.2041], [-100.8718, 19.2056], [-100.873, 19.2198], [-100.8385, 19.222], [-100.8327, 19.2295], [-100.8362, 19.2465], [-100.8287, 19.2582], [-100.8156, 19.2547], [-100.7957, 19.2583], [-100.7947, 19.2637], [-100.7774, 19.2678], [-100.7724, 19.2769], [-100.7532, 19.2881]]]}}, {"type": "Feature", "properties": {"osm_type": "relation", "osm_id": 399707920, "name": "Angangueo", "admin_level": "6", "kind": "subdivision_2", "parent_osm_id": 2340636, "parent_name": "Michoacán", "parent_iso": "MX-MIC"}, "geometry": {"type": "Polygon", "coordinates": [[[-100.2651, 19.662], [-100.2688, 19.6583], [-100.2788, 19.6698], [-100.2918, 19.6657], [-100.3029, 19.6696], [-100.322, 19.6678], [-100.3542, 19.6456], [-100.348, 19.6172], [-100.3377, 19.614], [-100.3401, 19.6111], [-100.3356, 19.6116], [-100.332, 19.6007], [-100.3204, 19.5898], [-100.291, 19.5941], [-100.287, 19.5908], [-100.2788, 19.596], [-100.2722, 19.5864], [-100.263, 19.5968], [-100.2469, 19.5977], [-100.2523, 19.6235], [-100.2475, 19.6345], [-100.2651, 19.662]]]}}, {"type": "Feature", "properties": {"osm_type": "relation", "osm_id": 390924024, "name": "Aporo", "admin_level": "6", "kind": "subdivision_2", "parent_osm_id": 2340636, "parent_name": "Michoacán", "parent_iso": "MX-MIC"}, "geometry": {"type": "Polygon", "coordinates": [[[-100.3551, 19.6414], [-100.3487, 19.6516], [-100.3374, 19.6553], [-100.3358, 19.6637], [-100.3635, 19.6769], [-100.3632, 19.6858], [-100.3728, 19.6972], [-100.4014, 19.7048], [-100.423, 19.6845], [-100.4201, 19.6714], [-100.4284, 19.6683], [-100.4308, 19.6564], [-100.4503, 19.6575], [-100.4593, 19.6438], [-100.4181, 19.6281], [-100.4021, 19.6359], [-100.4044, 19.6305], [-100.3999, 19.6263], [-100.3877, 19.6279], [-100.3764, 19.6375], [-100.3745, 19.6451], [-100.3551, 19.6414]]]}}, {"type": "Feature", "properties": {"osm_type": "relation", "osm_id": 926520358, "name": "Erongarícuaro", "admin_level": "6", "kind": "subdivision_2", "parent_osm_id": 2340636, "parent_name": "Michoacán", "parent_iso": "MX-MIC"}, "geometry": {"type": "Polygon", "coordinates": [[[-101.6478, 19.6027], [-101.6528, 19.6075], [-101.6423, 19.6484], [-101.6527, 19.6582], [-101.6594, 19.6566], [-101.6655, 19.675], [-101.6835, 19.6783], [-101.6853, 19.6956], [-101.6908, 19.7003], [-101.6983, 19.6951], [-101.7116, 19.7029], [-101.7317, 19.6904], [-101.7653, 19.696], [-101.8014, 19.6921], [-101.8071, 19.6861], [-101.804, 19.672], [-101.81, 19.6607], [-101.7944, 19.6391], [-101.8103, 19.5949], [-101.7736, 19.5945], [-101.7683, 19.5531], [-101.7627, 19.5479], [-101.7411, 19.5448], [-101.7371, 19.5331], [-101.7283, 19.5265], [-101.7066, 19.5218], [-101.6993, 19.5278], [-101.6878, 19.5263], [-101.6478, 19.6027]]]}}, {"type": "Feature", "properties": {"osm_type": "relation", "osm_id": 289937240, "name": "Paracho", "admin_level": "6", "kind": "subdivision_2", "parent_osm_id": 2340636, "parent_name": "Michoacán", "parent_iso": "MX-MIC"}, "geometry": {"type": "Polygon", "coordinates": [[[-101.9745, 19.5783], [-101.9758, 19.5849], [-101.985, 19.589], [-101.9943, 19.6023], [-101.9878, 19.6307], [-101.9767, 19.6368], [-101.9713, 19.6458], [-101.9709, 19.6709], [-101.9778, 19.6795], [-101.9859, 19.6779], [-101.9954, 19.6826], [-101.9931, 19.6929], [-101.985, 19.6929], [-102.009, 19.7138], [-102.0281, 19.7125], [-102.0268, 19.7056], [-102.0432, 19.701], [-102.0769, 19.701], [-102.0905, 19.6926], [-102.1135, 19.6987], [-102.1186, 19.7058], [-102.114, 19.719], [-102.1284, 19.7416], [-102.1785, 19.7177], [-102.173, 19.6959], [-102.1627, 19.6836], [-102.1775, 19.688], [-102.1783, 19.6785], [-102.1738, 19.671], [-102.1462, 19.6571], [-102.1606, 19.6411], [-102.1548, 19.6297], [-102.1629, 19.6173], [-102.1417, 19.6194], [-102.1269, 19.6275], [-102.1235, 19.6175], [-102.1152, 19.6143], [-102.1092, 19.6028], [-102.0966, 19.5934], [-102.0449, 19.5899], [-102.0422, 19.5864], [-102.0325, 19.5898], [-102.0294, 19.5858], [-102.0341, 19.5841], [-102.0327, 19.5807], [-102.0207, 19.5672], [-102.0089, 19.5753], [-101.9745, 19.5783]]]}}, {"type": "Feature", "properties": {"osm_type": "relation", "osm_id": 235958646, "name": "Nahuatzen", "admin_level": "6", "kind": "subdivision_2", "parent_osm_id": 2340636, "parent_name": "Michoacán", "parent_iso": "MX-MIC"}, "geometry": {"type": "Polygon", "coordinates": [[[-101.8103, 19.5949], [-101.7944, 19.6391], [-101.81, 19.6607], [-101.804, 19.672], [-101.8071, 19.6861], [-101.8013, 19.6899], [-101.7921, 19.7133], [-101.8005, 19.7212], [-101.7892, 19.7445], [-101.7928, 19.741], [-101.8354, 19.7503], [-101.8799, 19.7498], [-101.8845, 19.7459], [-101.9026, 19.7192], [-101.9023, 19.7102], [-101.9132, 19.6957], [-101.9236, 19.6927], [-101.9206, 19.6821], [-101.934, 19.6733], [-101.926, 19.6654], [-101.9285, 19.662], [-101.9487, 19.6501], [-101.976, 19.6419], [-101.9767, 19.6368], [-101.9878, 19.6307], [-101.9943, 19.6023], [-101.985, 19.589], [-101.9758, 19.5849], [-101.9745, 19.5783], [-101.9602, 19.5785], [-101.9522, 19.5606], [-101.9355, 19.5637], [-101.9327, 19.5579], [-101.9137, 19.5488], [-101.9046, 19.5549], [-101.9009, 19.5659], [-101.8843, 19.5594], [-101.861, 19.5595], [-101.8252, 19.5713], [-101.8103, 19.5949]]]}}, {"type": "Feature", "properties": {"osm_type": "relation", "osm_id": 869624149, "name": "Quiroga", "admin_level": "6", "kind": "subdivision_2", "parent_osm_id": 2340636, "parent_name": "Michoacán", "parent_iso": "MX-MIC"}, "geometry": {"type": "Polygon", "coordinates": [[[-101.4499, 19.6413], [-101.4428, 19.6497], [-101.4423, 19.6583], [-101.4481, 19.6664], [-101.4396, 19.6772], [-101.4436, 19.6814], [-101.4165, 19.6903], [-101.4077, 19.6853], [-101.4027, 19.691], [-101.423, 19.7043], [-101.4332, 19.7219], [-101.4428, 19.7263], [-101.4578, 19.702], [-101.4895, 19.6887], [-101.4958, 19.7051], [-101.4935, 19.7422], [-101.4967, 19.7524], [-101.5089, 19.7624], [-101.5066, 19.7783], [-101.5411, 19.7743], [-101.5764, 19.7566], [-101.5749, 19.7423], [-101.5654, 19.7382], [-101.5636, 19.7317], [-101.5802, 19.715], [-101.5898, 19.7179], [-101.6037, 19.7083], [-101.6217, 19.7197], [-101.6249, 19.7117], [-101.6417, 19.7115], [-101.6411, 19.6887], [-101.6563, 19.6929], [-101.6629, 19.7004], [-101.6687, 19.6925], [-101.6594, 19.6566], [-101.6527, 19.6582], [-101.6423, 19.6484], [-101.6329, 19.6488], [-101.6257, 19.6577], [-101.6221, 19.6538], [-101.6116, 19.6625], [-101.5316, 19.6501], [-101.5348, 19.6445], [-101.5239, 19.6372], [-101.4981, 19.6395], [-101.4905, 19.6449], [-101.4766, 19.6372], [-101.463, 19.6432], [-101.4499, 19.6413]]]}}, {"type": "Feature", "properties": {"osm_type": "relation", "osm_id": 432890279, "name": "Irimbo", "admin_level": "6", "kind": "subdivision_2", "parent_osm_id": 2340636, "parent_name": "Michoacán", "parent_iso": "MX-MIC"}, "geometry": {"type": "Polygon", "coordinates": [[[-100.4593, 19.6438], [-100.4503, 19.6575], [-100.4308, 19.6564], [-100.4284, 19.6683], [-100.4201, 19.6714], [-100.423, 19.6845], [-100.4106, 19.6986], [-100.3979, 19.703], [-100.3994, 19.7082], [-100.4198, 19.7206], [-100.4324, 19.7191], [-100.4301, 19.7359], [-100.4391, 19.7446], [-100.4416, 19.7655], [-100.4486, 19.7662], [-100.4396, 19.7829], [-100.4539, 19.7867], [-100.476, 19.7804], [-100.5063, 19.7893], [-100.5248, 19.772], [-100.5157, 19.741], [-100.4966, 19.7196], [-100.506, 19.7094], [-100.5042, 19.6744], [-100.4864, 19.6378], [-100.4757, 19.6335], [-100.4676, 19.6523], [-100.4593, 19.6438]]]}}, {"type": "Feature", "properties": {"osm_type": "relation", "osm_id": 597610093, "name": "Charo", "admin_level": "6", "kind": "subdivision_2", "parent_osm_id": 2340636, "parent_name": "Michoacán", "parent_iso": "MX-MIC"}, "geometry": {"type": "Polygon", "coordinates": [[[-100.9234, 19.6701], [-100.9393, 19.6912], [-100.937, 19.7002], [-100.9409, 19.7087], [-100.9531, 19.7187], [-100.9597, 19.7174], [-100.9665, 19.7253], [-100.9761, 19.7274], [-100.9902, 19.7446], [-100.9965, 19.7425], [-101.0034, 19.7636], [-101.0001, 19.7806], [-101.004, 19.7914], [-101.0252, 19.7898], [-101.0293, 19.7851], [-101.0352, 19.7884], [-101.0393, 19.7833], [-101.0532, 19.7899], [-101.0586, 19.787], [-101.0599, 19.7925], [-101.071, 19.7973], [-101.0775, 19.7947], [-101.0634, 19.7724], [-101.0681, 19.7714], [-101.0644, 19.77], [-101.0716, 19.7526], [-101.0898, 19.7395], [-101.0842, 19.7244], [-101.0953, 19.711], [-101.1002, 19.6777], [-101.0845, 19.6764], [-101.0859, 19.6639], [-101.0775, 19.6353], [-101.0678, 19.6165], [-101.0593, 19.616], [-101.0491, 19.6073], [-101.0529, 19.6027], [-101.0445, 19.5949], [-101.0463, 19.5906], [-101.0502, 19.5924], [-101.0521, 19.5857], [-101.0477, 19.5854], [-101.0521, 19.5774], [-101.0428, 19.5729], [-101.0491, 19.5706], [-101.0638, 19.5778], [-101.0665, 19.5683], [-101.0598, 19.5593], [-101.0508, 19.5577], [-101.0325, 19.5409], [-101.0246, 19.5421], [-101.02, 19.5574], [-101.011, 19.5521], [-100.9942, 19.5563], [-100.9873, 19.5703], [-100.9707, 19.5676], [-100.9741, 19.5812], [-100.9678, 19.5889], [-100.9692, 19.5977], [-100.9541, 19.5943], [-100.9468, 19.6018], [-100.9465, 19.6101], [-100.9399, 19.6051], [-100.9127, 19.6244], [-100.9181, 19.6335], [-100.9291, 19.6391], [-100.9168, 19.6451], [-100.9234, 19.6701]]]}}, {"type": "Feature", "properties": {"osm_type": "relation", "osm_id": 418454479, "name": "Cherán", "admin_level": "6", "kind": "subdivision_2", "parent_osm_id": 2340636, "parent_name": "Michoacán", "parent_iso": "MX-MIC"}, "geometry": {"type": "Polygon", "coordinates": [[[-101.9713, 19.6458], [-101.9487, 19.6501], [-101.9285, 19.662], [-101.926, 19.6654], [-101.934, 19.6733], [-101.9206, 19.6821], [-101.9236, 19.6927], [-101.9132, 19.6957], [-101.9023, 19.7102], [-101.8943, 19.7354], [-101.875, 19.7579], [-101.8941, 19.7629], [-101.908, 19.7769], [-101.9324, 19.7909], [-101.9546, 19.7874], [-101.9609, 19.802], [-101.9763, 19.8029], [-101.9864, 19.811], [-101.9907, 19.8282], [-102.0004, 19.8335], [-102.0064, 19.8306], [-102.0089, 19.757], [-102.001, 19.7509], [-102.0101, 19.7437], [-102.0251, 19.7465], [-102.0414, 19.74], [-102.053, 19.7437], [-102.0617, 19.7392], [-102.068, 19.7454], [-102.0669, 19.7605], [-102.1084, 19.766], [-102.1291, 19.7423], [-102.114, 19.719], [-102.1186, 19.7058], [-102.1135, 19.6987], [-102.0905, 19.6926], [-102.0769, 19.701], [-102.0432, 19.701], [-102.0268, 19.7056], [-102.0281, 19.7125], [-102.009, 19.7138], [-101.985, 19.6929], [-101.9931, 19.6929], [-101.9954, 19.6826], [-101.9859, 19.6779], [-101.9778, 19.6795], [-101.9722, 19.6742], [-101.9713, 19.6458]]]}}, {"type": "Feature", "properties": {"osm_type": "relation", "osm_id": 317532930, "name": "Los Reyes", "admin_level": "6", "kind": "subdivision_2", "parent_osm_id": 2340636, "parent_name": "Michoacán", "parent_iso": "MX-MIC"}, "geometry": {"type": "Polygon", "coordinates": [[[-102.5719, 19.5112], [-102.573, 19.5174], [-102.5681, 19.5229], [-102.5263, 19.5435], [-102.5106, 19.5564], [-102.5052, 19.5546], [-102.5029, 19.5606], [-102.4882, 19.5586], [-102.4851, 19.5635], [-102.4526, 19.5717], [-102.44, 19.5809], [-102.4042, 19.5779], [-102.3953, 19.5812], [-102.3762, 19.5693], [-102.3533, 19.5779], [-102.3357, 19.5679], [-102.3345, 19.5732], [-102.3248, 19.5759], [-102.3221, 19.5851], [-102.2891, 19.5569], [-102.2746, 19.563], [-102.2635, 19.5622], [-102.2599, 19.5836], [-102.2781, 19.5941], [-102.2979, 19.5916], [-102.3051, 19.6013], [-102.3063, 19.6128], [-102.2875, 19.6352], [-102.2862, 19.6572], [-102.276, 19.6752], [-102.2804, 19.6963], [-102.277, 19.7156], [-102.27, 19.7342], [-102.2624, 19.7395], [-102.2707, 19.7464], [-102.274, 19.7676], [-102.2709, 19.7827], [-102.2756, 19.7843], [-102.2759, 19.7945], [-102.2806, 19.7973], [-102.2936, 19.7689], [-102.3384, 19.7523], [-102.3497, 19.7608], [-102.3688, 19.7888], [-102.3767, 19.793], [-102.3848, 19.7894], [-102.375, 19.81], [-102.3849, 19.8147], [-102.409, 19.8045], [-102.3972, 19.7853], [-102.4057, 19.7551], [-102.4188, 19.7253], [-102.4421, 19.7151], [-102.4571, 19.6767], [-102.4537, 19.6672], [-102.4592, 19.6567], [-102.455, 19.6545], [-102.4635, 19.6485], [-102.4502, 19.6212], [-102.5087, 19.6195], [-102.5149, 19.6124], [-102.5298, 19.6143], [-102.5381, 19.6068], [-102.5608, 19.6119], [-102.5686, 19.6043], [-102.5731, 19.6054], [-102.5769, 19.5959], [-102.591, 19.5892], [-102.5862, 19.5597], [-102.5766, 19.5438], [-102.5823, 19.5283], [-102.5762, 19.5249], [-102.5719, 19.5112]]]}}, {"type": "Feature", "properties": {"osm_type": "relation", "osm_id": 430461693, "name": "Charapan", "admin_level": "6", "kind": "subdivision_2", "parent_osm_id": 2340636, "parent_name": "Michoacán", "parent_iso": "MX-MIC"}, "geometry": {"type": "Polygon", "coordinates": [[[-102.2806, 19.7973], [-102.2709, 19.7827], [-102.274, 19.7676], [-102.2707, 19.7464], [-102.2624, 19.7395], [-102.27, 19.7342], [-102.277, 19.7156], [-102.2804, 19.6963], [-102.276, 19.6752], [-102.2862, 19.6572], [-102.2875, 19.6352], [-102.3063, 19.6128], [-102.3051, 19.6013], [-102.2979, 19.5916], [-102.2909, 19.5911], [-102.2781, 19.5941], [-102.2729, 19.6137], [-102.2483, 19.6229], [-102.2404, 19.6233], [-102.2311, 19.6161], [-102.2201, 19.6223], [-102.1964, 19.6229], [-102.1966, 19.5901], [-102.1938, 19.5806], [-102.1891, 19.5823], [-102.1709, 19.5984], [-102.1548, 19.6297], [-102.1606, 19.6411], [-102.1462, 19.6571], [-102.1738, 19.671], [-102.1783, 19.6785], [-102.1775, 19.688], [-102.1627, 19.6836], [-102.173, 19.6959], [-102.1963, 19.7764], [-102.2123, 19.7938], [-102.2123, 19.8142], [-102.232, 19.801], [-102.2494, 19.8033], [-102.2579, 19.8095], [-102.2806, 19.7973]]]}}, {"type": "Feature", "properties": {"osm_type": "relation", "osm_id": 834722289, "name": "Senguio", "admin_level": "6", "kind": "subdivision_2", "parent_osm_id": 2340636, "parent_name": "Michoacán", "parent_iso": "MX-MIC"}, "geometry": {"type": "Polygon", "coordinates": [[[-100.2585, 19.7002], [-100.2632, 19.7034], [-100.2592, 19.709], [-100.2565, 19.7507], [-100.2907, 19.7789], [-100.2772, 19.7952], [-100.2805, 19.799], [-100.2665, 19.8066], [-100.2673, 19.8196], [-100.278, 19.8228], [-100.2703, 19.8287], [-100.276, 19.8278], [-100.2898, 19.8375], [-100.2986, 19.8277], [-100.3105, 19.826], [-100.3113, 19.8004], [-100.3158, 19.7944], [-100.3246, 19.806], [-100.344, 19.8022], [-100.3524, 19.8148], [-100.3745, 19.8171], [-100.381, 19.8093], [-100.3831, 19.8128], [-100.3997, 19.8108], [-100.4245, 19.8013], [-100.4486, 19.7662], [-100.4416, 19.7655], [-100.4391, 19.7446], [-100.4301, 19.7359], [-100.4324, 19.7191], [-100.4198, 19.7206], [-100.4041, 19.7123], [-100.3979, 19.703], [-100.3728, 19.6972], [-100.3632, 19.6858], [-100.3635, 19.6769], [-100.3358, 19.6637], [-100.3374, 19.6553], [-100.3179, 19.6696], [-100.2918, 19.6657], [-100.2788, 19.6698], [-100.2688, 19.6583], [-100.2651, 19.662], [-100.274, 19.6723], [-100.2675, 19.6772], [-100.2639, 19.6958], [-100.2581, 19.6949], [-100.2585, 19.7002]]]}}, {"type": "Feature", "properties": {"osm_type": "relation", "osm_id": 310612268, "name": "Queréndaro", "admin_level": "6", "kind": "subdivision_2", "parent_osm_id": 2340636, "parent_name": "Michoacán", "parent_iso": "MX-MIC"}, "geometry": {"type": "Polygon", "coordinates": [[[-100.8466, 19.6029], [-100.8381, 19.6075], [-100.8377, 19.6124], [-100.8239, 19.6052], [-100.8175, 19.6109], [-100.7892, 19.597], [-100.7649, 19.603], [-100.7704, 19.6048], [-100.7694, 19.6123], [-100.7755, 19.6133], [-100.7722, 19.6161], [-100.7865, 19.6465], [-100.7928, 19.6466], [-100.7938, 19.6524], [-100.8105, 19.6647], [-100.8096, 19.7025], [-100.8018, 19.7182], [-100.7849, 19.7271], [-100.7849, 19.734], [-100.776, 19.7382], [-100.774, 19.7458], [-100.7997, 19.7625], [-100.8132, 19.7798], [-100.8114, 19.7874], [-100.8259, 19.8052], [-100.8367, 19.8029], [-100.8449, 19.8086], [-100.8435, 19.8362], [-100.8779, 19.835], [-100.8973, 19.8482], [-100.9314, 19.8489], [-100.9446, 19.8564], [-100.9578, 19.855], [-100.9287, 19.8343], [-100.8985, 19.7819], [-100.8787, 19.7745], [-100.8898, 19.7346], [-100.8939, 19.7334], [-100.8865, 19.7086], [-100.885, 19.6647], [-100.8704, 19.6511], [-100.8742, 19.6404], [-100.8656, 19.6398], [-100.853, 19.6278], [-100.8466, 19.6029]]]}}, {"type": "Feature", "properties": {"osm_type": "relation", "osm_id": 739223998, "name": "Tocumbo", "admin_level": "6", "kind": "subdivision_2", "parent_osm_id": 2340636, "parent_name": "Michoacán", "parent_iso": "MX-MIC"}, "geometry": {"type": "Polygon", "coordinates": [[[-102.5823, 19.5283], [-102.5766, 19.5438], [-102.5862, 19.5597], [-102.591, 19.5892], [-102.5769, 19.5959], [-102.5731, 19.6054], [-102.5686, 19.6043], [-102.5608, 19.6119], [-102.5381, 19.6068], [-102.5298, 19.6143], [-102.5149, 19.6124], [-102.5087, 19.6195], [-102.4502, 19.6212], [-102.4635, 19.6485], [-102.455, 19.6545], [-102.4592, 19.6567], [-102.4537, 19.6672], [-102.4571, 19.6767], [-102.4419, 19.7097], [-102.4458, 19.7156], [-102.4614, 19.7204], [-102.474, 19.7188], [-102.489, 19.7236], [-102.4922, 19.7194], [-102.5074, 19.7235], [-102.5138, 19.715], [-102.5436, 19.7264], [-102.5467, 19.7227], [-102.5625, 19.7324], [-102.534, 19.7594], [-102.533, 19.7651], [-102.542, 19.7935], [-102.5527, 19.7938], [-102.5495, 19.7986], [-102.5595, 19.8099], [-102.5587, 19.8338], [-102.5877, 19.8673], [-102.5954, 19.8681], [-102.6058, 19.8663], [-102.6079, 19.8501], [-102.617, 19.8384], [-102.5968, 19.8281], [-102.5971, 19.8073], [-102.5815, 19.8005], [-102.5912, 19.7963], [-102.5893, 19.7849], [-102.5781, 19.7715], [-102.5765, 19.757], [-102.5823, 19.7517], [-102.5744, 19.7416], [-102.5978, 19.7414], [-102.6391, 19.7289], [-102.6467, 19.7203], [-102.6581, 19.7205], [-102.6503, 19.7028], [-102.6604, 19.6903], [-102.6609, 19.6553], [-102.6737, 19.6378], [-102.6716, 19.63], [-102.6785, 19.6198], [-102.6971, 19.602], [-102.7181, 19.5998], [-102.7186, 19.5927], [-102.7266, 19.5861], [-102.7224, 19.5822], [-102.7255, 19.5779], [-102.7204, 19.5796], [-102.7168, 19.5706], [-102.7198, 19.5691], [-102.7135, 19.5631], [-102.7183, 19.5497], [-102.7107, 19.5411], [-102.7167, 19.5335], [-102.7174, 19.5204], [-102.7389, 19.4987], [-102.737, 19.4928], [-102.7333, 19.496], [-102.7248, 19.4934], [-102.6895, 19.5134], [-102.673, 19.512], [-102.6709, 19.4906], [-102.6585, 19.487], [-102.6289, 19.5005], [-102.623, 19.4975], [-102.5985, 19.5186], [-102.584, 19.5227], [-102.5823, 19.5283]]]}}, {"type": "Feature", "properties": {"osm_type": "relation", "osm_id": 301413283, "name": "Morelia", "admin_level": "6", "kind": "subdivision_2", "parent_osm_id": 2340636, "parent_name": "Michoacán", "parent_iso": "MX-MIC"}, "geometry": {"type": "Polygon", "coordinates": [[[-101.1165, 19.5389], [-101.1075, 19.5462], [-101.1073, 19.552], [-101.1095, 19.5553], [-101.1279, 19.5499], [-101.1309, 19.5549], [-101.1254, 19.5636], [-101.1318, 19.5661], [-101.1095, 19.5872], [-101.0848, 19.5846], [-101.0657, 19.5732], [-101.0612, 19.5784], [-101.0491, 19.5706], [-101.0427, 19.5746], [-101.0521, 19.5774], [-101.0477, 19.5854], [-101.0521, 19.5857], [-101.0502, 19.5924], [-101.0463, 19.5906], [-101.0445, 19.5949], [-101.0529, 19.6027], [-101.0491, 19.6073], [-101.0593, 19.616], [-101.0678, 19.6165], [-101.0775, 19.6353], [-101.0859, 19.6639], [-101.0845, 19.6764], [-101.1002, 19.6777], [-101.0953, 19.711], [-101.0839, 19.7298], [-101.0898, 19.7395], [-101.0974, 19.7428], [-101.1034, 19.7382], [-101.1154, 19.7444], [-101.106, 19.762], [-101.1134, 19.7701], [-101.1576, 19.7578], [-101.1569, 19.7465], [-101.1714, 19.7513], [-101.1986, 19.7475], [-101.218, 19.7616], [-101.2296, 19.7573], [-101.2318, 19.7706], [-101.2368, 19.7719], [-101.244, 19.7874], [-101.2402, 19.7957], [-101.2479, 19.7976], [-101.2469, 19.8041], [-101.2707, 19.8272], [-101.2791, 19.8452], [-101.2608, 19.8613], [-101.2687, 19.8579], [-101.2857, 19.8623], [-101.3269, 19.8483], [-101.3347, 19.8496], [-101.3395, 19.8437], [-101.3598, 19.8388], [-101.3545, 19.8247], [-101.3678, 19.8178], [-101.3769, 19.8285], [-101.4129, 19.8212], [-101.4683, 19.8193], [-101.4794, 19.7995], [-101.4933, 19.8032], [-101.5027, 19.7983], [-101.5002, 19.7886], [-101.5089, 19.7624], [-101.4967, 19.7524], [-101.4935, 19.7422], [-101.4958, 19.7051], [-101.4895, 19.6887], [-101.4578, 19.702], [-101.4428, 19.7263], [-101.4332, 19.7219], [-101.423, 19.7043], [-101.4027, 19.691], [-101.4077, 19.6853], [-101.4165, 19.6903], [-101.4436, 19.6814], [-101.4396, 19.6772], [-101.4481, 19.6664], [-101.4423, 19.6583], [-101.4499, 19.6413], [-101.4474, 19.6313], [-101.4325, 19.628], [-101.4303, 19.6122], [-101.4171, 19.6295], [-101.4023, 19.6322], [-101.3672, 19.6211], [-101.3858, 19.5955], [-101.3725, 19.582], [-101.3797, 19.5613], [-101.3896, 19.5597], [-101.3804, 19.5482], [-101.3897, 19.5487], [-101.3916, 19.544], [-101.3831, 19.5354], [-101.3841, 19.5267], [-101.3904, 19.5147], [-101.4098, 19.5149], [-101.4042, 19.5075], [-101.4084, 19.4952], [-101.4058, 19.4887], [-101.4305, 19.4619], [-101.4263, 19.4547], [-101.4171, 19.4566], [-101.4137, 19.4679], [-101.3991, 19.4587], [-101.3931, 19.4606], [-101.389, 19.4705], [-101.3731, 19.4844], [-101.3771, 19.4881], [-101.3834, 19.4835], [-101.3879, 19.4972], [-101.3711, 19.5007], [-101.372, 19.5069], [-101.3649, 19.517], [-101.3603, 19.5143], [-101.3504, 19.5251], [-101.3484, 19.5336], [-101.3363, 19.5429], [-101.3251, 19.5435], [-101.3133, 19.538], [-101.3074, 19.5243], [-101.2992, 19.5214], [-101.2948, 19.5281], [-101.285, 19.5225], [-101.2745, 19.5309], [-101.2674, 19.5277], [-101.2679, 19.5116], [-101.2608, 19.5126], [-101.2538, 19.5222], [-101.2522, 19.5162], [-101.2582, 19.5055], [-101.2698, 19.501], [-101.2635, 19.4657], [-101.2507, 19.4604], [-101.2475, 19.4712], [-101.2375, 19.4792], [-101.2264, 19.4772], [-101.2231, 19.4805], [-101.2079, 19.4701], [-101.1992, 19.4573], [-101.1887, 19.4566], [-101.1815, 19.4472], [-101.1798, 19.4724], [-101.1845, 19.4854], [-101.1686, 19.5217], [-101.1436, 19.5373], [-101.1317, 19.5241], [-101.1165, 19.5389]]]}}, {"type": "Feature", "properties": {"osm_type": "relation", "osm_id": 546703732, "name": "Tlalpujahua", "admin_level": "6", "kind": "subdivision_2", "parent_osm_id": 2340636, "parent_name": "Michoacán", "parent_iso": "MX-MIC"}, "geometry": {"type": "Polygon", "coordinates": [[[-100.1342, 19.8455], [-100.1492, 19.8388], [-100.1589, 19.8504], [-100.1786, 19.8528], [-100.1906, 19.8681], [-100.2113, 19.8697], [-100.2236, 19.8672], [-100.207, 19.8542], [-100.2115, 19.8356], [-100.2173, 19.8424], [-100.2314, 19.8307], [-100.2446, 19.8386], [-100.253, 19.8273], [-100.2642, 19.8239], [-100.2703, 19.8287], [-100.278, 19.8228], [-100.2673, 19.8196], [-100.2665, 19.8066], [-100.2805, 19.799], [-100.2772, 19.7952], [-100.2907, 19.7789], [-100.2565, 19.7507], [-100.2592, 19.709], [-100.2632, 19.7034], [-100.2585, 19.7002], [-100.2437, 19.7048], [-100.2322, 19.7205], [-100.2258, 19.7172], [-100.2318, 19.7106], [-100.2295, 19.7022], [-100.2041, 19.7046], [-100.1922, 19.7016], [-100.1921, 19.6971], [-100.186, 19.713], [-100.1701, 19.7129], [-100.1693, 19.7077], [-100.1556, 19.722], [-100.1598, 19.7261], [-100.1482, 19.7282], [-100.1434, 19.7495], [-100.1449, 19.7642], [-100.1493, 19.7668], [-100.1419, 19.7874], [-100.1469, 19.798], [-100.1429, 19.8035], [-100.1467, 19.8128], [-100.1342, 19.8455]]]}}, {"type": "Feature", "properties": {"osm_type": "relation", "osm_id": 432239634, "name": "Hidalgo", "admin_level": "6", "kind": "subdivision_2", "parent_osm_id": 2340636, "parent_name": "Michoacán", "parent_iso": "MX-MIC"}, "geometry": {"type": "Polygon", "coordinates": [[[-100.6065, 19.4417], [-100.6169, 19.4537], [-100.626, 19.4536], [-100.6261, 19.458], [-100.6184, 19.4617], [-100.6145, 19.4746], [-100.6011, 19.4902], [-100.5811, 19.4941], [-100.584, 19.5147], [-100.5901, 19.5154], [-100.5845, 19.5297], [-100.5918, 19.5348], [-100.5842, 19.5433], [-100.5824, 19.5573], [-100.5727, 19.5543], [-100.5615, 19.5653], [-100.5683, 19.5782], [-100.5828, 19.5856], [-100.5814, 19.608], [-100.5771, 19.6113], [-100.5662, 19.6079], [-100.5646, 19.6194], [-100.5494, 19.6233], [-100.5145, 19.6247], [-100.504, 19.6188], [-100.4923, 19.6334], [-100.4875, 19.6324], [-100.4863, 19.6418], [-100.5042, 19.6744], [-100.5038, 19.6939], [-100.5079, 19.696], [-100.506, 19.7094], [-100.4966, 19.7196], [-100.5157, 19.741], [-100.5261, 19.7764], [-100.5558, 19.7964], [-100.5563, 19.8056], [-100.5745, 19.7965], [-100.5964, 19.8055], [-100.5846, 19.8301], [-100.5767, 19.8323], [-100.5925, 19.8435], [-100.5908, 19.8565], [-100.5988, 19.8625], [-100.5982, 19.8527], [-100.6098, 19.8354], [-100.6101, 19.8216], [-100.6166, 19.8193], [-100.6192, 19.812], [-100.6249, 19.8147], [-100.623, 19.8216], [-100.6529, 19.823], [-100.6509, 19.8172], [-100.6593, 19.81], [-100.7207, 19.7997], [-100.7164, 19.7827], [-100.6993, 19.7683], [-100.7099, 19.7568], [-100.7027, 19.7446], [-100.7063, 19.7346], [-100.7303, 19.7352], [-100.7549, 19.744], [-100.764, 19.7393], [-100.774, 19.7458], [-100.776, 19.7382], [-100.7849, 19.734], [-100.7849, 19.7271], [-100.8018, 19.7182], [-100.8096, 19.7025], [-100.8105, 19.6647], [-100.7938, 19.6524], [-100.7928, 19.6466], [-100.7865, 19.6465], [-100.7722, 19.6161], [-100.7755, 19.6133], [-100.7694, 19.6123], [-100.7704, 19.6048], [-100.7649, 19.603], [-100.7892, 19.597], [-100.8175, 19.6109], [-100.8239, 19.6052], [-100.8377, 19.6124], [-100.8381, 19.6075], [-100.8466, 19.6029], [-100.8494, 19.5502], [-100.8567, 19.5428], [-100.8567, 19.531], [-100.8503, 19.5264], [-100.855, 19.4923], [-100.8442, 19.4788], [-100.8381, 19.4612], [-100.8303, 19.4657], [-100.8181, 19.4629], [-100.8135, 19.4594], [-100.8158, 19.4546], [-100.7953, 19.4441], [-100.7936, 19.4298], [-100.7993, 19.418], [-100.7872, 19.421], [-100.7806, 19.4118], [-100.785, 19.4076], [-100.7764, 19.3956], [-100.7638, 19.3968], [-100.7534, 19.3896], [-100.7412, 19.3929], [-100.732, 19.4014], [-100.7199, 19.4038], [-100.7134, 19.4167], [-100.6935, 19.4307], [-100.6825, 19.4253], [-100.6764, 19.4265], [-100.6755, 19.4313], [-100.661, 19.4254], [-100.6465, 19.41], [-100.6409, 19.4175], [-100.6115, 19.4124], [-100.6073, 19.4142], [-100.6115, 19.419], [-100.6057, 19.423], [-100.6107, 19.4342], [-100.6065, 19.4417]]]}}, {"type": "Feature", "properties": {"osm_type": "relation", "osm_id": 163480698, "name": "Indaparapeo", "admin_level": "6", "kind": "subdivision_2", "parent_osm_id": 2340636, "parent_name": "Michoacán", "parent_iso": "MX-MIC"}, "geometry": {"type": "Polygon", "coordinates": [[[-100.885, 19.6647], [-100.8865, 19.7086], [-100.8939, 19.7334], [-100.8898, 19.7346], [-100.8787, 19.7745], [-100.8985, 19.7819], [-100.9287, 19.8343], [-100.942, 19.8404], [-100.9589, 19.8559], [-100.9585, 19.8613], [-100.9758, 19.8715], [-101.01, 19.8183], [-100.9994, 19.8089], [-100.9951, 19.7934], [-101.0021, 19.7875], [-101.0034, 19.7636], [-100.9965, 19.7425], [-100.9902, 19.7446], [-100.9761, 19.7274], [-100.9665, 19.7253], [-100.9597, 19.7174], [-100.9531, 19.7187], [-100.9409, 19.7087], [-100.937, 19.7002], [-100.9393, 19.6912], [-100.9278, 19.6724], [-100.9168, 19.6722], [-100.9094, 19.6645], [-100.9094, 19.6684], [-100.9005, 19.6602], [-100.9001, 19.6496], [-100.8924, 19.6509], [-100.885, 19.6647]]]}}, {"type": "Feature", "properties": {"osm_type": "relation", "osm_id": 637292466, "name": "Tarímbaro", "admin_level": "6", "kind": "subdivision_2", "parent_osm_id": 2340636, "parent_name": "Michoacán", "parent_iso": "MX-MIC"}, "geometry": {"type": "Polygon", "coordinates": [[[-101.071, 19.7973], [-101.0652, 19.8], [-101.0737, 19.8184], [-101.0735, 19.8303], [-101.0675, 19.8343], [-101.0736, 19.8473], [-101.068, 19.8712], [-101.0761, 19.8718], [-101.0911, 19.8826], [-101.1025, 19.8764], [-101.105, 19.8835], [-101.1149, 19.8885], [-101.128, 19.8827], [-101.125, 19.8902], [-101.1333, 19.8934], [-101.1456, 19.8942], [-101.1592, 19.8857], [-101.1587, 19.8778], [-101.1739, 19.8784], [-101.1801, 19.8832], [-101.1803, 19.861], [-101.2009, 19.8682], [-101.2124, 19.8592], [-101.2203, 19.8575], [-101.2213, 19.8618], [-101.2279, 19.8557], [-101.238, 19.8628], [-101.2436, 19.857], [-101.2568, 19.8609], [-101.2791, 19.8452], [-101.2707, 19.8272], [-101.2469, 19.8041], [-101.2479, 19.7976], [-101.2402, 19.7957], [-101.244, 19.7874], [-101.2368, 19.7719], [-101.2318, 19.7706], [-101.2296, 19.7573], [-101.218, 19.7616], [-101.1986, 19.7475], [-101.1714, 19.7513], [-101.1569, 19.7465], [-101.1576, 19.7578], [-101.1134, 19.7701], [-101.106, 19.762], [-101.1154, 19.7444], [-101.1034, 19.7382], [-101.0974, 19.7428], [-101.0898, 19.7395], [-101.0716, 19.7526], [-101.0644, 19.77], [-101.0681, 19.7714], [-101.0634, 19.7724], [-101.0773, 19.7904], [-101.0775, 19.7947], [-101.071, 19.7973]]]}}, {"type": "Feature", "properties": {"osm_type": "relation", "osm_id": 851455866, "name": "Tingüindín", "admin_level": "6", "kind": "subdivision_2", "parent_osm_id": 2340636, "parent_name": "Michoacán", "parent_iso": "MX-MIC"}, "geometry": {"type": "Polygon", "coordinates": [[[-102.409, 19.8045], [-102.4566, 19.7891], [-102.483, 19.7931], [-102.4895, 19.7891], [-102.4928, 19.8008], [-102.5346, 19.8124], [-102.5312, 19.8436], [-102.5159, 19.8473], [-102.521, 19.8696], [-102.5378, 19.8653], [-102.5419, 19.88], [-102.5715, 19.8928], [-102.573, 19.9008], [-102.5969, 19.8991], [-102.6113, 19.8818], [-102.6058, 19.8663], [-102.5877, 19.8673], [-102.5587, 19.8338], [-102.5595, 19.8099], [-102.5495, 19.7986], [-102.5527, 19.7938], [-102.542, 19.7935], [-102.5381, 19.7844], [-102.534, 19.7594], [-102.5625, 19.7324], [-102.5467, 19.7227], [-102.5436, 19.7264], [-102.5138, 19.715], [-102.5074, 19.7235], [-102.4922, 19.7194], [-102.489, 19.7236], [-102.474, 19.7188], [-102.4614, 19.7204], [-102.4428, 19.7108], [-102.4391, 19.7178], [-102.4249, 19.7213], [-102.417, 19.7291], [-102.3972, 19.7853], [-102.409, 19.8045]]]}}, {"type": "Feature", "properties": {"osm_type": "relation", "osm_id": 857183340, "name": "Cotija", "admin_level": "6", "kind": "subdivision_2", "parent_osm_id": 2340636, "parent_name": "Michoacán", "parent_iso": "MX-MIC"}, "geometry": {"type": "Polygon", "coordinates": [[[-102.716, 19.6003], [-102.6971, 19.602], [-102.6727, 19.6271], [-102.6737, 19.6378], [-102.6609, 19.6553], [-102.6604, 19.6903], [-102.6503, 19.7028], [-102.6581, 19.7205], [-102.6467, 19.7203], [-102.6391, 19.7289], [-102.5978, 19.7414], [-102.5744, 19.7416], [-102.5823, 19.7517], [-102.5765, 19.757], [-102.5781, 19.7715], [-102.5893, 19.7849], [-102.5912, 19.7963], [-102.5815, 19.8005], [-102.5971, 19.8073], [-102.5968, 19.8281], [-102.617, 19.8384], [-102.6119, 19.8411], [-102.6044, 19.8639], [-102.6113, 19.8818], [-102.6274, 19.8981], [-102.6693, 19.9029], [-102.6729, 19.8846], [-102.6847, 19.8833], [-102.7136, 19.8892], [-102.715, 19.899], [-102.7313, 19.8989], [-102.7325, 19.8904], [-102.7425, 19.8788], [-102.7348, 19.8745], [-102.7304, 19.8532], [-102.7533, 19.8341], [-102.7394, 19.8158], [-102.7452, 19.812], [-102.7552, 19.814], [-102.7591, 19.808], [-102.7923, 19.8141], [-102.8195, 19.7779], [-102.8128, 19.776], [-102.8086, 19.7596], [-102.8163, 19.7499], [-102.8039, 19.7522], [-102.8026, 19.7466], [-102.8108, 19.741], [-102.7958, 19.7284], [-102.7805, 19.7043], [-102.7822, 19.6952], [-102.8057, 19.6748], [-102.7912, 19.6732], [-102.7922, 19.6536], [-102.7842, 19.6521], [-102.7875, 19.6482], [-102.7796, 19.6443], [-102.7767, 19.6284], [-102.7609, 19.6275], [-102.7476, 19.6128], [-102.7372, 19.6151], [-102.7207, 19.6107], [-102.716, 19.6003]]]}}, {"type": "Feature", "properties": {"osm_type": "relation", "osm_id": 692022842, "name": "Chilchota", "admin_level": "6", "kind": "subdivision_2", "parent_osm_id": 2340636, "parent_name": "Michoacán", "parent_iso": "MX-MIC"}, "geometry": {"type": "Polygon", "coordinates": [[[-102.2123, 19.8142], [-102.2123, 19.7938], [-102.1963, 19.7764], [-102.1785, 19.7177], [-102.1284, 19.7416], [-102.1084, 19.766], [-102.0669, 19.7605], [-102.068, 19.7454], [-102.0617, 19.7392], [-102.053, 19.7437], [-102.0414, 19.74], [-102.0251, 19.7465], [-102.0141, 19.7425], [-102.001, 19.7509], [-102.0089, 19.757], [-102.0075, 19.8203], [-102.0064, 19.8306], [-101.9941, 19.8445], [-102.0018, 19.8471], [-102.0113, 19.8622], [-102.011, 19.8869], [-102.063, 19.8931], [-102.0953, 19.8901], [-102.1127, 19.875], [-102.1274, 19.8809], [-102.1335, 19.8786], [-102.1425, 19.8888], [-102.1572, 19.8779], [-102.1736, 19.8853], [-102.1878, 19.8739], [-102.1866, 19.8689], [-102.1613, 19.8595], [-102.1637, 19.8491], [-102.1739, 19.8434], [-102.1847, 19.8478], [-102.1904, 19.8389], [-102.1972, 19.8419], [-102.1937, 19.838], [-102.1958, 19.8217], [-102.2123, 19.8142]]]}}, {"type": "Feature", "properties": {"osm_type": "relation", "osm_id": 203193500, "name": "Coeneo", "admin_level": "6", "kind": "subdivision_2", "parent_osm_id": 2340636, "parent_name": "Michoacán", "parent_iso": "MX-MIC"}, "geometry": {"type": "Polygon", "coordinates": [[[-101.6655, 19.675], [-101.6687, 19.6925], [-101.6629, 19.7004], [-101.6563, 19.6929], [-101.6411, 19.6887], [-101.6417, 19.7115], [-101.6249, 19.7117], [-101.6217, 19.7197], [-101.6037, 19.7083], [-101.5898, 19.7179], [-101.5802, 19.715], [-101.5636, 19.7317], [-101.5654, 19.7382], [-101.5749, 19.7423], [-101.5779, 19.7529], [-101.5601, 19.7679], [-101.5066, 19.7783], [-101.498, 19.8028], [-101.5057, 19.8141], [-101.4977, 19.8201], [-101.4952, 19.8307], [-101.4992, 19.845], [-101.5071, 19.852], [-101.5027, 19.8591], [-101.5465, 19.8683], [-101.5717, 19.8683], [-101.5759, 19.8727], [-101.5828, 19.8701], [-101.5905, 19.8803], [-101.5996, 19.882], [-101.5948, 19.8962], [-101.6008, 19.8992], [-101.6178, 19.8995], [-101.6195, 19.8943], [-101.6302, 19.9003], [-101.6353, 19.8906], [-101.6595, 19.8866], [-101.6591, 19.8805], [-101.7023, 19.893], [-101.7107, 19.8398], [-101.696, 19.835], [-101.6947, 19.8177], [-101.7087, 19.8172], [-101.7211, 19.8029], [-101.7279, 19.7686], [-101.7196, 19.7576], [-101.7324, 19.7471], [-101.7325, 19.7241], [-101.7436, 19.7071], [-101.7438, 19.6953], [-101.7317, 19.6904], [-101.7116, 19.7029], [-101.6983, 19.6951], [-101.6908, 19.7003], [-101.6853, 19.6956], [-101.6835, 19.6783], [-101.6655, 19.675]]]}}, {"type": "Feature", "properties": {"osm_type": "relation", "osm_id": 322833730, "name": "Zinapécuaro", "admin_level": "6", "kind": "subdivision_2", "parent_osm_id": 2340636, "parent_name": "Michoacán", "parent_iso": "MX-MIC"}, "geometry": {"type": "Polygon", "coordinates": [[[-100.9587, 19.9308], [-100.9515, 19.8873], [-100.9703, 19.8814], [-100.9758, 19.8715], [-100.9585, 19.8613], [-100.9578, 19.855], [-100.9446, 19.8564], [-100.9314, 19.8489], [-100.8973, 19.8482], [-100.8779, 19.835], [-100.8435, 19.8362], [-100.8449, 19.8086], [-100.8367, 19.8029], [-100.8259, 19.8052], [-100.8114, 19.7874], [-100.8132, 19.7798], [-100.7997, 19.7625], [-100.764, 19.7393], [-100.7549, 19.744], [-100.7303, 19.7352], [-100.7063, 19.7346], [-100.7027, 19.7446], [-100.7099, 19.7568], [-100.6993, 19.7683], [-100.7164, 19.7827], [-100.7207, 19.7997], [-100.6593, 19.81], [-100.6509, 19.8172], [-100.6529, 19.823], [-100.623, 19.8216], [-100.6249, 19.8147], [-100.6192, 19.812], [-100.6166, 19.8193], [-100.6101, 19.8216], [-100.6098, 19.8354], [-100.5982, 19.8527], [-100.6001, 19.8753], [-100.6063, 19.8888], [-100.6033, 19.8996], [-100.5918, 19.9052], [-100.5962, 19.9133], [-100.5948, 19.9271], [-100.6056, 19.936], [-100.607, 19.9538], [-100.6197, 19.9572], [-100.6489, 19.958], [-100.6604, 19.9645], [-100.6806, 19.9505], [-100.7188, 19.9405], [-100.7471, 19.9131], [-100.7535, 19.9171], [-100.7769, 19.9146], [-100.7921, 19.9556], [-100.8022, 19.9583], [-100.8243, 19.9783], [-100.8329, 19.9724], [-100.8302, 19.9541], [-100.8358, 19.9346], [-100.8545, 19.9349], [-100.853, 19.9417], [-100.8603, 19.9489], [-100.8826, 19.9439], [-100.906, 19.9616], [-100.9326, 19.9535], [-100.9475, 19.9625], [-100.9479, 19.9336], [-100.9587, 19.9308]]]}}, {"type": "Feature", "properties": {"osm_type": "relation", "osm_id": 736552818, "name": "Huaniqueo", "admin_level": "6", "kind": "subdivision_2", "parent_osm_id": 2340636, "parent_name": "Michoacán", "parent_iso": "MX-MIC"}, "geometry": {"type": "Polygon", "coordinates": [[[-101.4271, 19.8223], [-101.435, 19.8443], [-101.4295, 19.8584], [-101.4418, 19.864], [-101.4279, 19.8887], [-101.4105, 19.8878], [-101.3922, 19.8941], [-101.4165, 19.9113], [-101.4185, 19.9302], [-101.4296, 19.9565], [-101.4654, 19.9452], [-101.4842, 19.9469], [-101.5074, 19.9398], [-101.5333, 19.9389], [-101.5478, 19.948], [-101.5681, 19.9395], [-101.5887, 19.9375], [-101.6032, 19.927], [-101.5897, 19.9227], [-101.6009, 19.9103], [-101.5948, 19.8962], [-101.5996, 19.882], [-101.5905, 19.8803], [-101.5828, 19.8701], [-101.5759, 19.8727], [-101.5717, 19.8683], [-101.5465, 19.8683], [-101.5027, 19.8591], [-101.5071, 19.852], [-101.4992, 19.845], [-101.4952, 19.8307], [-101.4977, 19.8201], [-101.5057, 19.8141], [-101.498, 19.8028], [-101.4794, 19.7995], [-101.4683, 19.8193], [-101.4271, 19.8223]]]}}, {"type": "Feature", "properties": {"osm_type": "relation", "osm_id": 114534052, "name": "Álvaro Obregón", "admin_level": "6", "kind": "subdivision_2", "parent_osm_id": 2340636, "parent_name": "Michoacán", "parent_iso": "MX-MIC"}, "geometry": {"type": "Polygon", "coordinates": [[[-101.0031, 19.9532], [-101.0187, 19.9718], [-101.0284, 19.9525], [-101.0309, 19.9162], [-101.0471, 19.9102], [-101.0449, 19.9022], [-101.0562, 19.9025], [-101.0718, 19.8949], [-101.0753, 19.9019], [-101.093, 19.9017], [-101.0976, 19.897], [-101.0994, 19.8863], [-101.068, 19.8712], [-101.0736, 19.8473], [-101.0675, 19.8343], [-101.0735, 19.8303], [-101.0737, 19.8184], [-101.0657, 19.8043], [-101.0697, 19.794], [-101.0599, 19.7925], [-101.0586, 19.787], [-101.0532, 19.7899], [-101.0393, 19.7833], [-101.0352, 19.7884], [-101.0293, 19.7851], [-101.0103, 19.7934], [-101.0021, 19.7875], [-100.9963, 19.7896], [-100.9994, 19.8089], [-101.01, 19.8183], [-100.9703, 19.8814], [-100.9515, 19.8873], [-100.9587, 19.9308], [-100.9718, 19.93], [-100.982, 19.9561], [-101.0031, 19.9532]]]}}, {"type": "Feature", "properties": {"osm_type": "relation", "osm_id": 420181021, "name": "Chucándiro", "admin_level": "6", "kind": "subdivision_2", "parent_osm_id": 2340636, "parent_name": "Michoacán", "parent_iso": "MX-MIC"}, "geometry": {"type": "Polygon", "coordinates": [[[-101.2915, 19.8598], [-101.288, 19.8674], [-101.2969, 19.8731], [-101.2982, 19.8836], [-101.2869, 19.8892], [-101.2956, 19.8944], [-101.2905, 19.8987], [-101.2939, 19.9042], [-101.2883, 19.9655], [-101.3047, 19.9715], [-101.3144, 19.9622], [-101.3162, 19.9497], [-101.3618, 19.9675], [-101.3761, 19.9605], [-101.3973, 19.9634], [-101.4083, 19.9557], [-101.4251, 19.96], [-101.4323, 19.9673], [-101.4185, 19.9302], [-101.4165, 19.9113], [-101.3922, 19.8941], [-101.4105, 19.8878], [-101.4279, 19.8887], [-101.4418, 19.864], [-101.4295, 19.8584], [-101.435, 19.8443], [-101.4271, 19.8223], [-101.3769, 19.8285], [-101.3678, 19.8178], [-101.3545, 19.8247], [-101.3598, 19.8388], [-101.2915, 19.8598]]]}}, {"type": "Feature", "properties": {"osm_type": "relation", "osm_id": 750621015, "name": "Copándaro", "admin_level": "6", "kind": "subdivision_2", "parent_osm_id": 2340636, "parent_name": "Michoacán", "parent_iso": "MX-MIC"}, "geometry": {"type": "Polygon", "coordinates": [[[-101.2568, 19.8609], [-101.2436, 19.857], [-101.238, 19.8628], [-101.2279, 19.8557], [-101.2213, 19.8618], [-101.2203, 19.8575], [-101.2124, 19.8592], [-101.2009, 19.8682], [-101.1803, 19.861], [-101.1801, 19.8832], [-101.1739, 19.8784], [-101.1578, 19.8785], [-101.1592, 19.8857], [-101.1501, 19.8879], [-101.143, 19.8997], [-101.1479, 19.9081], [-101.1402, 19.9253], [-101.1358, 19.9583], [-101.1495, 19.9661], [-101.2331, 19.9612], [-101.2556, 19.9767], [-101.2584, 19.9735], [-101.2666, 19.979], [-101.2701, 19.9742], [-101.2739, 19.9771], [-101.284, 19.9727], [-101.2883, 19.9667], [-101.2939, 19.9042], [-101.2905, 19.8987], [-101.2956, 19.8944], [-101.2869, 19.8892], [-101.2982, 19.8836], [-101.2969, 19.8731], [-101.288, 19.8674], [-101.2915, 19.8598], [-101.2568, 19.8609]]]}}, {"type": "Feature", "properties": {"osm_type": "relation", "osm_id": 941007555, "name": "Jiménez", "admin_level": "6", "kind": "subdivision_2", "parent_osm_id": 2340636, "parent_name": "Michoacán", "parent_iso": "MX-MIC"}, "geometry": {"type": "Polygon", "coordinates": [[[-101.5969, 19.8983], [-101.6009, 19.9103], [-101.5897, 19.9227], [-101.6032, 19.927], [-101.5887, 19.9375], [-101.5681, 19.9395], [-101.5478, 19.948], [-101.5558, 19.9545], [-101.5595, 19.9668], [-101.5665, 19.9686], [-101.5604, 19.9814], [-101.5668, 19.9881], [-101.5945, 19.9705], [-101.5938, 19.9571], [-101.6016, 19.9541], [-101.6178, 19.9558], [-101.6266, 19.9654], [-101.6361, 19.9636], [-101.6458, 19.9791], [-101.6776, 19.9609], [-101.6891, 19.9591], [-101.7003, 19.967], [-101.7077, 19.9391], [-101.7296, 19.9372], [-101.7473, 19.9553], [-101.7476, 19.9513], [-101.7611, 19.9502], [-101.7618, 19.9453], [-101.7807, 19.9343], [-101.8415, 19.9261], [-101.8396, 19.9422], [-101.86, 19.9479], [-101.8582, 19.9576], [-101.8672, 19.9508], [-101.869, 19.9591], [-101.8806, 19.9494], [-101.882, 19.942], [-101.8728, 19.9298], [-101.8725, 19.9229], [-101.8769, 19.9235], [-101.8738, 19.9109], [-101.857, 19.914], [-101.8421, 19.8912], [-101.8357, 19.8888], [-101.8339, 19.8931], [-101.8182, 19.8918], [-101.8092, 19.9007], [-101.786, 19.9059], [-101.7843, 19.899], [-101.7691, 19.8939], [-101.7352, 19.8879], [-101.7171, 19.8962], [-101.7092, 19.893], [-101.7034, 19.8968], [-101.6939, 19.8886], [-101.6591, 19.8805], [-101.6595, 19.8866], [-101.6353, 19.8906], [-101.6302, 19.9003], [-101.6195, 19.8943], [-101.6178, 19.8995], [-101.5969, 19.8983]]]}}, {"type": "Feature", "properties": {"osm_type": "relation", "osm_id": 278333083, "name": "Purépero", "admin_level": "6", "kind": "subdivision_2", "parent_osm_id": 2340636, "parent_name": "Michoacán", "parent_iso": "MX-MIC"}, "geometry": {"type": "Polygon", "coordinates": [[[-102.0953, 19.8901], [-102.063, 19.8931], [-102.011, 19.8869], [-102.0113, 19.8622], [-102.0018, 19.8471], [-101.9672, 19.8395], [-101.944, 19.845], [-101.9242, 19.8571], [-101.9066, 19.8588], [-101.9101, 19.8926], [-101.9009, 19.9023], [-101.9017, 19.906], [-101.9121, 19.9038], [-101.9333, 19.9141], [-101.9303, 19.9216], [-101.9253, 19.9221], [-101.9208, 19.9377], [-101.9259, 19.9396], [-101.9252, 19.9512], [-101.9335, 19.9571], [-101.9308, 19.9593], [-101.9348, 19.9645], [-101.9493, 19.9675], [-101.9614, 19.9805], [-101.9719, 19.9814], [-102.0, 19.9654], [-102.0502, 19.9551], [-102.0463, 19.9458], [-102.0584, 19.928], [-102.067, 19.928], [-102.0884, 19.9478], [-102.1077, 19.943], [-102.0953, 19.8901]]]}}, {"type": "Feature", "properties": {"osm_type": "relation", "osm_id": 581126959, "name": "Zacapu", "admin_level": "6", "kind": "subdivision_2", "parent_osm_id": 2340636, "parent_name": "Michoacán", "parent_iso": "MX-MIC"}, "geometry": {"type": "Polygon", "coordinates": [[[-101.7438, 19.6953], [-101.7436, 19.7071], [-101.7325, 19.7241], [-101.7324, 19.7471], [-101.7196, 19.7576], [-101.7279, 19.7686], [-101.7211, 19.8029], [-101.7087, 19.8172], [-101.6947, 19.8177], [-101.696, 19.835], [-101.7107, 19.8398], [-101.7034, 19.8968], [-101.7092, 19.893], [-101.7171, 19.8962], [-101.7352, 19.8879], [-101.7797, 19.8969], [-101.786, 19.9059], [-101.8092, 19.9007], [-101.8182, 19.8918], [-101.8339, 19.8931], [-101.8357, 19.8888], [-101.8421, 19.8912], [-101.857, 19.914], [-101.8751, 19.9124], [-101.8769, 19.9235], [-101.8725, 19.9229], [-101.8728, 19.9298], [-101.882, 19.942], [-101.8806, 19.9494], [-101.8977, 19.9438], [-101.9079, 19.9564], [-101.9071, 19.9656], [-101.9378, 19.9694], [-101.9308, 19.9593], [-101.9335, 19.9571], [-101.9252, 19.9512], [-101.9259, 19.9396], [-101.9208, 19.9377], [-101.9253, 19.9221], [-101.9303, 19.9216], [-101.9333, 19.9141], [-101.9121, 19.9038], [-101.9017, 19.906], [-101.9101, 19.8926], [-101.9066, 19.8588], [-101.9242, 19.8571], [-101.944, 19.845], [-101.9672, 19.8395], [-101.9941, 19.8445], [-102.0004, 19.8335], [-101.9907, 19.8282], [-101.9904, 19.8164], [-101.9763, 19.8029], [-101.9609, 19.802], [-101.9546, 19.7874], [-101.9324, 19.7909], [-101.908, 19.7769], [-101.8941, 19.7629], [-101.875, 19.7579], [-101.8809, 19.7541], [-101.8764, 19.748], [-101.8354, 19.7503], [-101.7928, 19.741], [-101.7892, 19.7445], [-101.8005, 19.7212], [-101.7921, 19.7133], [-101.8014, 19.6921], [-101.7438, 19.6953]]]}}, {"type": "Feature", "properties": {"osm_type": "relation", "osm_id": 145843041, "name": "Tangamandapio", "admin_level": "6", "kind": "subdivision_2", "parent_osm_id": 2340636, "parent_name": "Michoacán", "parent_iso": "MX-MIC"}, "geometry": {"type": "Polygon", "coordinates": [[[-102.3903, 19.9915], [-102.4124, 19.9814], [-102.4333, 19.9786], [-102.4573, 19.9843], [-102.4838, 19.9792], [-102.4873, 19.9644], [-102.4972, 19.9663], [-102.522, 19.959], [-102.5249, 19.9358], [-102.5145, 19.9241], [-102.5111, 19.9121], [-102.573, 19.9008], [-102.5715, 19.8928], [-102.5419, 19.88], [-102.5378, 19.8653], [-102.521, 19.8696], [-102.5154, 19.8499], [-102.5312, 19.8436], [-102.5355, 19.8224], [-102.5316, 19.8087], [-102.4928, 19.8008], [-102.4895, 19.7891], [-102.483, 19.7931], [-102.4566, 19.7891], [-102.3894, 19.8128], [-102.3796, 19.8364], [-102.4078, 19.8695], [-102.395, 19.8805], [-102.3667, 19.8803], [-102.3522, 19.8866], [-102.3671, 19.8933], [-102.3644, 19.8986], [-102.3701, 19.9467], [-102.3777, 19.9642], [-102.3696, 19.9791], [-102.3787, 19.9883], [-102.3903, 19.9915]]]}}, {"type": "Feature", "properties": {"osm_type": "relation", "osm_id": 365042705, "name": "Jacona", "admin_level": "6", "kind": "subdivision_2", "parent_osm_id": 2340636, "parent_name": "Michoacán", "parent_iso": "MX-MIC"}, "geometry": {"type": "Polygon", "coordinates": [[[-102.3696, 19.9791], [-102.3777, 19.9642], [-102.3701, 19.9467], [-102.3639, 19.8899], [-102.3452, 19.8852], [-102.3285, 19.9082], [-102.3196, 19.8883], [-102.3039, 19.8892], [-102.3024, 19.885], [-102.2731, 19.8817], [-102.2509, 19.9027], [-102.2484, 19.9197], [-102.2419, 19.9275], [-102.2665, 19.9424], [-102.275, 19.9599], [-102.2945, 19.972], [-102.3089, 19.9742], [-102.309, 19.9915], [-102.3293, 19.9999], [-102.3291, 19.9939], [-102.3421, 19.9933], [-102.3423, 19.9887], [-102.3583, 19.9801], [-102.3696, 19.9791]]]}}, {"type": "Feature", "properties": {"osm_type": "relation", "osm_id": 585091584, "name": "Maravatío", "admin_level": "6", "kind": "subdivision_2", "parent_osm_id": 2340636, "parent_name": "Michoacán", "parent_iso": "MX-MIC"}, "geometry": {"type": "Polygon", "coordinates": [[[-100.4485, 19.9828], [-100.4658, 19.9874], [-100.4625, 19.9793], [-100.4702, 19.98], [-100.4736, 19.9723], [-100.4982, 19.958], [-100.5108, 19.959], [-100.5118, 19.9422], [-100.5217, 19.9277], [-100.5199, 19.9188], [-100.536, 19.923], [-100.5347, 19.9363], [-100.5293, 19.941], [-100.5282, 19.9743], [-100.5406, 19.9749], [-100.5339, 19.9692], [-100.5507, 19.958], [-100.5601, 19.9591], [-100.566, 19.9661], [-100.5795, 19.9576], [-100.5907, 19.9568], [-100.5927, 19.9665], [-100.5806, 19.975], [-100.5657, 19.9745], [-100.5568, 19.9853], [-100.5579, 19.9917], [-100.5956, 19.9917], [-100.6055, 19.983], [-100.6197, 19.9572], [-100.607, 19.9538], [-100.6056, 19.936], [-100.5948, 19.9271], [-100.5962, 19.9133], [-100.5918, 19.9052], [-100.6033, 19.8996], [-100.6061, 19.8836], [-100.5988, 19.8625], [-100.5908, 19.8565], [-100.5925, 19.8435], [-100.5767, 19.8323], [-100.5846, 19.8301], [-100.5964, 19.8055], [-100.5888, 19.7995], [-100.5745, 19.7965], [-100.5563, 19.8056], [-100.5558, 19.7964], [-100.5348, 19.7853], [-100.5248, 19.772], [-100.5063, 19.7893], [-100.476, 19.7804], [-100.4539, 19.7867], [-100.4396, 19.7829], [-100.4245, 19.8013], [-100.3997, 19.8108], [-100.3831, 19.8128], [-100.381, 19.8093], [-100.3745, 19.8171], [-100.3524, 19.8148], [-100.344, 19.8022], [-100.3246, 19.806], [-100.3158, 19.7944], [-100.3113, 19.8004], [-100.3105, 19.826], [-100.2986, 19.8277], [-100.2898, 19.8375], [-100.2642, 19.8239], [-100.2478, 19.8301], [-100.2446, 19.8386], [-100.2314, 19.8307], [-100.2173, 19.8424], [-100.2115, 19.8356], [-100.207, 19.8542], [-100.2236, 19.8672], [-100.2113, 19.8697], [-100.211, 19.8737], [-100.2389, 19.8762], [-100.2414, 19.8826], [-100.2381, 19.8839], [-100.24, 19.8898], [-100.2254, 19.8982], [-100.2296, 19.904], [-100.249, 19.8967], [-100.2567, 19.9034], [-100.2544, 19.9072], [-100.2928, 19.884], [-100.3161, 19.902], [-100.3082, 19.9126], [-100.308, 19.9207], [-100.3024, 19.9229], [-100.3006, 19.938], [-100.2893, 19.944], [-100.2733, 19.9745], [-100.2778, 19.9851], [-100.276, 19.995], [-100.283, 20.0035], [-100.3064, 20.0083], [-100.3289, 19.9962], [-100.3388, 20.0012], [-100.3487, 19.9879], [-100.4485, 19.9828]]]}}, {"type": "Feature", "properties": {"osm_type": "relation", "osm_id": 353606449, "name": "Huandacareo", "admin_level": "6", "kind": "subdivision_2", "parent_osm_id": 2340636, "parent_name": "Michoacán", "parent_iso": "MX-MIC"}, "geometry": {"type": "Polygon", "coordinates": [[[-101.3283, 20.032], [-101.3297, 20.0284], [-101.3233, 20.0236], [-101.3371, 20.0126], [-101.3291, 19.9912], [-101.3318, 19.9827], [-101.3618, 19.9675], [-101.3162, 19.9497], [-101.3144, 19.9622], [-101.3047, 19.9715], [-101.2865, 19.9653], [-101.284, 19.9727], [-101.2739, 19.9771], [-101.2701, 19.9742], [-101.2666, 19.979], [-101.2584, 19.9735], [-101.2556, 19.9767], [-101.2331, 19.9612], [-101.2072, 19.9614], [-101.2108, 19.9667], [-101.2066, 19.9738], [-101.208, 20.0013], [-101.2031, 20.0072], [-101.2207, 20.0114], [-101.2383, 20.0321], [-101.2508, 20.0233], [-101.253, 20.0355], [-101.281, 20.0275], [-101.2965, 20.0386], [-101.3283, 20.032]]]}}, {"type": "Feature", "properties": {"osm_type": "relation", "osm_id": 849879372, "name": "Morelos", "admin_level": "6", "kind": "subdivision_2", "parent_osm_id": 2340636, "parent_name": "Michoacán", "parent_iso": "MX-MIC"}, "geometry": {"type": "Polygon", "coordinates": [[[-101.4025, 20.0448], [-101.4302, 20.0291], [-101.4636, 20.0373], [-101.4663, 20.0231], [-101.4797, 20.0149], [-101.4929, 20.0176], [-101.4984, 20.0108], [-101.513, 20.0126], [-101.5246, 20.0054], [-101.5253, 19.9982], [-101.5643, 19.9881], [-101.5604, 19.9814], [-101.5665, 19.9686], [-101.5556, 19.9617], [-101.5587, 19.9608], [-101.5558, 19.9545], [-101.5333, 19.9389], [-101.5074, 19.9398], [-101.4842, 19.9469], [-101.4654, 19.9452], [-101.4296, 19.9565], [-101.4323, 19.9673], [-101.4251, 19.96], [-101.4083, 19.9557], [-101.3973, 19.9634], [-101.3669, 19.9625], [-101.3318, 19.9827], [-101.3291, 19.9912], [-101.3371, 20.0126], [-101.3233, 20.0236], [-101.3297, 20.0284], [-101.3283, 20.032], [-101.3482, 20.0321], [-101.3541, 20.0384], [-101.3675, 20.0361], [-101.3749, 20.0404], [-101.3887, 20.0304], [-101.4017, 20.035], [-101.4025, 20.0448]]]}}, {"type": "Feature", "properties": {"osm_type": "relation", "osm_id": 267715895, "name": "Cuitzeo", "admin_level": "6", "kind": "subdivision_2", "parent_osm_id": 2340636, "parent_name": "Michoacán", "parent_iso": "MX-MIC"}, "geometry": {"type": "Polygon", "coordinates": [[[-101.1963, 20.0572], [-101.16, 20.0419], [-101.1823, 20.0269], [-101.2015, 20.0257], [-101.2031, 20.0072], [-101.208, 20.0013], [-101.2066, 19.9738], [-101.2108, 19.9667], [-101.2072, 19.9614], [-101.1495, 19.9661], [-101.1358, 19.9583], [-101.1402, 19.9253], [-101.1479, 19.9081], [-101.1434, 19.8917], [-101.125, 19.8902], [-101.128, 19.8827], [-101.1149, 19.8885], [-101.105, 19.8835], [-101.1025, 19.8764], [-101.0931, 19.8828], [-101.0994, 19.8863], [-101.093, 19.9017], [-101.0753, 19.9019], [-101.0718, 19.8949], [-101.0562, 19.9025], [-101.0449, 19.9022], [-101.0471, 19.9102], [-101.0309, 19.9162], [-101.0284, 19.9525], [-101.0187, 19.9718], [-101.0213, 19.993], [-101.037, 20.0081], [-101.0509, 20.0153], [-101.0573, 20.0136], [-101.0582, 20.0217], [-101.1176, 20.0599], [-101.1331, 20.06], [-101.1544, 20.085], [-101.1652, 20.0872], [-101.1736, 20.0978], [-101.1716, 20.0735], [-101.1791, 20.0624], [-101.1963, 20.0572]]]}}, {"type": "Feature", "properties": {"osm_type": "relation", "osm_id": 132852945, "name": "Santa Ana Maya", "admin_level": "6", "kind": "subdivision_2", "parent_osm_id": 2340636, "parent_name": "Michoacán", "parent_iso": "MX-MIC"}, "geometry": {"type": "Polygon", "coordinates": [[[-101.132, 20.0607], [-101.1108, 20.0562], [-101.0582, 20.0217], [-101.0573, 20.0136], [-101.0509, 20.0153], [-101.037, 20.0081], [-101.0213, 19.993], [-101.0187, 19.9718], [-101.0055, 19.9538], [-101.0046, 19.9666], [-100.9767, 19.9827], [-100.9827, 20.0026], [-100.9728, 20.0021], [-100.9676, 20.0113], [-100.9885, 20.0272], [-101.0081, 20.0281], [-101.0036, 20.038], [-101.0127, 20.0378], [-101.014, 20.0457], [-100.9927, 20.0645], [-101.0173, 20.0857], [-101.0429, 20.092], [-101.0749, 20.0884], [-101.0802, 20.0828], [-101.1139, 20.0772], [-101.132, 20.0607]]]}}, {"type": "Feature", "properties": {"osm_type": "relation", "osm_id": 934675832, "name": "Contepec", "admin_level": "6", "kind": "subdivision_2", "parent_osm_id": 2340636, "parent_name": "Michoacán", "parent_iso": "MX-MIC"}, "geometry": {"type": "Polygon", "coordinates": [[[-100.0916, 19.8599], [-100.0634, 19.8546], [-100.0632, 19.86], [-100.1024, 19.8797], [-100.1192, 19.9121], [-100.1301, 19.9162], [-100.1314, 19.982], [-100.116, 20.0061], [-100.1252, 20.0122], [-100.1445, 20.0052], [-100.1551, 20.0074], [-100.1587, 20.0358], [-100.1545, 20.0351], [-100.1533, 20.0537], [-100.1472, 20.0553], [-100.1394, 20.043], [-100.1381, 20.0476], [-100.1468, 20.0575], [-100.1626, 20.063], [-100.1581, 20.0747], [-100.1717, 20.0782], [-100.1767, 20.0709], [-100.1831, 20.0739], [-100.1798, 20.083], [-100.1909, 20.0756], [-100.2099, 20.0725], [-100.2146, 20.0669], [-100.2148, 20.05], [-100.2203, 20.0452], [-100.2196, 20.0539], [-100.2267, 20.0528], [-100.2271, 20.0434], [-100.2375, 20.0469], [-100.2322, 20.0404], [-100.2359, 20.034], [-100.2433, 20.0508], [-100.2368, 20.054], [-100.242, 20.0576], [-100.2494, 20.0571], [-100.2469, 20.0426], [-100.2555, 20.0381], [-100.2486, 20.0736], [-100.2569, 20.0586], [-100.2626, 20.0586], [-100.2688, 20.0707], [-100.2606, 20.0461], [-100.2636, 20.0418], [-100.2804, 20.0445], [-100.3112, 20.0346], [-100.3178, 20.04], [-100.3394, 20.0292], [-100.3451, 20.0095], [-100.3344, 19.9971], [-100.3122, 20.0024], [-100.3064, 20.0083], [-100.283, 20.0035], [-100.276, 19.995], [-100.2778, 19.9851], [-100.2733, 19.9745], [-100.2794, 19.9681], [-100.2785, 19.9599], [-100.2866, 19.9545], [-100.2893, 19.944], [-100.3006, 19.938], [-100.3024, 19.9229], [-100.308, 19.9207], [-100.3082, 19.9126], [-100.3161, 19.902], [-100.3079, 19.8926], [-100.3012, 19.8934], [-100.2928, 19.884], [-100.2544, 19.9072], [-100.2567, 19.9034], [-100.249, 19.8967], [-100.2296, 19.904], [-100.2254, 19.8982], [-100.24, 19.8898], [-100.2389, 19.8762], [-100.217, 19.8757], [-100.209, 19.8687], [-100.1906, 19.8681], [-100.1786, 19.8528], [-100.1589, 19.8504], [-100.1492, 19.8388], [-100.1361, 19.8416], [-100.1254, 19.8567], [-100.1032, 19.8538], [-100.0916, 19.8599]]]}}, {"type": "Feature", "properties": {"osm_type": "relation", "osm_id": 527248764, "name": "Jiquilpan", "admin_level": "6", "kind": "subdivision_2", "parent_osm_id": 2340636, "parent_name": "Michoacán", "parent_iso": "MX-MIC"}, "geometry": {"type": "Polygon", "coordinates": [[[-102.7313, 19.8989], [-102.715, 19.899], [-102.7136, 19.8892], [-102.7027, 19.8865], [-102.6847, 19.8833], [-102.6706, 19.8879], [-102.6693, 19.9029], [-102.6783, 19.9068], [-102.6779, 19.9204], [-102.6861, 19.9393], [-102.6713, 19.9463], [-102.6647, 19.9551], [-102.6536, 19.9872], [-102.6649, 19.9973], [-102.6612, 20.0136], [-102.6677, 20.0491], [-102.6958, 20.0504], [-102.7167, 20.0388], [-102.7173, 20.0053], [-102.7312, 20.0024], [-102.746, 20.0032], [-102.7647, 20.014], [-102.7708, 20.0293], [-102.779, 20.025], [-102.7895, 20.0331], [-102.8062, 20.0367], [-102.8083, 20.0267], [-102.8203, 20.0183], [-102.8292, 20.0318], [-102.8443, 20.0378], [-102.8625, 20.0294], [-102.864, 20.05], [-102.8789, 20.0475], [-102.8825, 20.0313], [-102.874, 20.017], [-102.8695, 20.0178], [-102.8657, 20.0048], [-102.8874, 20.0007], [-102.8835, 19.9997], [-102.8893, 19.986], [-102.882, 19.9758], [-102.822, 19.9646], [-102.7944, 19.9503], [-102.7769, 19.9602], [-102.784, 19.9512], [-102.7706, 19.9299], [-102.7313, 19.8989]]]}}, {"type": "Feature", "properties": {"osm_type": "relation", "osm_id": 627480564, "name": "Tlazazalca", "admin_level": "6", "kind": "subdivision_2", "parent_osm_id": 2340636, "parent_name": "Michoacán", "parent_iso": "MX-MIC"}, "geometry": {"type": "Polygon", "coordinates": [[[-102.1389, 19.9822], [-102.1319, 19.9776], [-102.1378, 19.9744], [-102.1398, 19.9642], [-102.1362, 19.9603], [-102.1306, 19.962], [-102.1077, 19.943], [-102.0884, 19.9478], [-102.067, 19.928], [-102.0584, 19.928], [-102.0463, 19.9458], [-102.0502, 19.9551], [-102.0, 19.9654], [-101.9719, 19.9814], [-101.9614, 19.9805], [-101.9493, 19.9675], [-101.9322, 19.9675], [-101.9395, 19.9856], [-101.9492, 19.9925], [-101.9489, 19.9836], [-101.9721, 20.0072], [-101.9765, 20.0361], [-101.9909, 20.0462], [-101.999, 20.0462], [-102.0062, 20.0539], [-102.0082, 20.0496], [-102.0263, 20.052], [-102.0974, 20.0453], [-102.0969, 20.0753], [-102.1053, 20.0862], [-102.1344, 20.1016], [-102.1327, 20.0882], [-102.1444, 20.0771], [-102.128, 20.0594], [-102.1533, 20.0341], [-102.1394, 20.03], [-102.1507, 20.0202], [-102.1476, 20.0182], [-102.128, 20.021], [-102.1224, 20.0147], [-102.1306, 19.9842], [-102.1389, 19.9822]]]}}, {"type": "Feature", "properties": {"osm_type": "relation", "osm_id": 729096102, "name": "Villamar", "admin_level": "6", "kind": "subdivision_2", "parent_osm_id": 2340636, "parent_name": "Michoacán", "parent_iso": "MX-MIC"}, "geometry": {"type": "Polygon", "coordinates": [[[-102.573, 19.9008], [-102.5111, 19.9121], [-102.5145, 19.9241], [-102.5249, 19.9358], [-102.522, 19.959], [-102.4972, 19.9663], [-102.4873, 19.9644], [-102.4838, 19.9792], [-102.5002, 19.9849], [-102.5013, 20.0066], [-102.493, 20.0132], [-102.4898, 20.039], [-102.4794, 20.0511], [-102.5035, 20.0655], [-102.5182, 20.0679], [-102.524, 20.082], [-102.5506, 20.1017], [-102.5557, 20.094], [-102.5521, 20.0864], [-102.5665, 20.0865], [-102.5869, 20.0758], [-102.604, 20.0807], [-102.6083, 20.0758], [-102.6345, 20.0791], [-102.6602, 20.0956], [-102.6721, 20.0914], [-102.6745, 20.0831], [-102.6612, 20.0136], [-102.6649, 19.9973], [-102.6536, 19.9872], [-102.6647, 19.9551], [-102.6713, 19.9463], [-102.6861, 19.9393], [-102.6779, 19.9204], [-102.6783, 19.9068], [-102.6274, 19.8981], [-102.6113, 19.8818], [-102.5969, 19.8991], [-102.573, 19.9008]]]}}, {"type": "Feature", "properties": {"osm_type": "relation", "osm_id": 254814293, "name": "Marcos Castellanos", "admin_level": "6", "kind": "subdivision_2", "parent_osm_id": 2340636, "parent_name": "Michoacán", "parent_iso": "MX-MIC"}, "geometry": {"type": "Polygon", "coordinates": [[[-103.0503, 19.9966], [-103.0515, 19.9916], [-103.0252, 19.9605], [-103.0155, 19.9598], [-103.0122, 19.9702], [-103.0045, 19.9717], [-102.9938, 19.9839], [-102.9512, 19.9966], [-102.9436, 19.9841], [-102.9263, 19.9842], [-102.9026, 19.9669], [-102.8821, 19.9696], [-102.8893, 19.986], [-102.8835, 19.9997], [-102.8874, 20.0007], [-102.8658, 20.0043], [-102.8654, 20.0108], [-102.8825, 20.0313], [-102.8785, 20.0684], [-102.897, 20.0722], [-102.9156, 20.0674], [-102.9344, 20.0788], [-102.9384, 20.0755], [-102.9436, 20.0821], [-102.9544, 20.0828], [-102.9556, 20.0886], [-102.9472, 20.0933], [-102.9441, 20.1308], [-102.9564, 20.1411], [-102.9623, 20.1386], [-102.9645, 20.1271], [-102.9748, 20.1253], [-102.9989, 20.1262], [-103.0048, 20.1382], [-103.0325, 20.1364], [-103.0352, 20.1335], [-103.0313, 20.1268], [-103.0444, 20.1236], [-103.0426, 20.1152], [-103.0348, 20.1164], [-103.0328, 20.1114], [-103.0417, 20.0906], [-103.0306, 20.0781], [-103.0337, 20.0762], [-103.031, 20.0635], [-103.0207, 20.0484], [-103.0263, 20.0496], [-103.0285, 20.0367], [-103.0244, 20.0336], [-103.0358, 20.029], [-103.0326, 20.0247], [-103.0456, 20.0113], [-103.0442, 20.0002], [-103.0503, 19.9966]]]}}, {"type": "Feature", "properties": {"osm_type": "relation", "osm_id": 687298882, "name": "Sahuayo", "admin_level": "6", "kind": "subdivision_2", "parent_osm_id": 2340636, "parent_name": "Michoacán", "parent_iso": "MX-MIC"}, "geometry": {"type": "Polygon", "coordinates": [[[-102.6677, 20.0491], [-102.6751, 20.0851], [-102.6933, 20.0927], [-102.7005, 20.0886], [-102.7116, 20.0935], [-102.7136, 20.0881], [-102.7488, 20.0827], [-102.7694, 20.0902], [-102.7943, 20.082], [-102.8086, 20.0867], [-102.8377, 20.0848], [-102.8484, 20.092], [-102.8649, 20.0439], [-102.8625, 20.0294], [-102.8443, 20.0378], [-102.8292, 20.0318], [-102.8203, 20.0183], [-102.8083, 20.0267], [-102.8062, 20.0367], [-102.7895, 20.0331], [-102.779, 20.025], [-102.7708, 20.0293], [-102.7647, 20.014], [-102.746, 20.0032], [-102.7312, 20.0024], [-102.7173, 20.0053], [-102.7167, 20.0388], [-102.6958, 20.0504], [-102.6677, 20.0491]]]}}, {"type": "Feature", "properties": {"osm_type": "relation", "osm_id": 177801495, "name": "Panindícuaro", "admin_level": "6", "kind": "subdivision_2", "parent_osm_id": 2340636, "parent_name": "Michoacán", "parent_iso": "MX-MIC"}, "geometry": {"type": "Polygon", "coordinates": [[[-101.6458, 19.9791], [-101.6742, 19.9943], [-101.68, 20.0103], [-101.6688, 20.0169], [-101.6655, 20.0253], [-101.696, 20.0623], [-101.7111, 20.0625], [-101.7223, 20.0427], [-101.7296, 20.0428], [-101.7273, 20.0583], [-101.7318, 20.0592], [-101.758, 20.0369], [-101.8004, 20.0529], [-101.7784, 20.0738], [-101.8006, 20.1074], [-101.8122, 20.1089], [-101.8422, 20.0876], [-101.8392, 20.0604], [-101.828, 20.0609], [-101.8483, 20.0489], [-101.8598, 20.0251], [-101.8793, 20.0042], [-101.8802, 19.9936], [-101.8959, 19.9915], [-101.9082, 19.9597], [-101.8977, 19.9438], [-101.8806, 19.9494], [-101.869, 19.9591], [-101.8672, 19.9508], [-101.8582, 19.9576], [-101.86, 19.9479], [-101.8396, 19.9422], [-101.8431, 19.9273], [-101.8288, 19.9269], [-101.8133, 19.9329], [-101.7807, 19.9343], [-101.7618, 19.9453], [-101.7611, 19.9502], [-101.7476, 19.9513], [-101.7473, 19.9553], [-101.7296, 19.9372], [-101.7077, 19.9391], [-101.7003, 19.967], [-101.6891, 19.9591], [-101.6776, 19.9609], [-101.6458, 19.9791]]]}}, {"type": "Feature", "properties": {"osm_type": "relation", "osm_id": 703458946, "name": "Chavinda", "admin_level": "6", "kind": "subdivision_2", "parent_osm_id": 2340636, "parent_name": "Michoacán", "parent_iso": "MX-MIC"}, "geometry": {"type": "Polygon", "coordinates": [[[-102.3723, 20.0739], [-102.3899, 20.0835], [-102.4223, 20.0865], [-102.4382, 20.1077], [-102.4672, 20.1153], [-102.4814, 20.1125], [-102.4897, 20.0987], [-102.5061, 20.0955], [-102.524, 20.082], [-102.5182, 20.0679], [-102.5035, 20.0655], [-102.4794, 20.0511], [-102.4898, 20.039], [-102.493, 20.0132], [-102.5013, 20.0066], [-102.5002, 19.9849], [-102.4838, 19.9792], [-102.4573, 19.9843], [-102.4333, 19.9786], [-102.4124, 19.9814], [-102.3903, 19.9915], [-102.3762, 20.0057], [-102.379, 20.0111], [-102.3993, 20.0142], [-102.4071, 20.0437], [-102.3794, 20.0483], [-102.3723, 20.0739]]]}}, {"type": "Feature", "properties": {"osm_type": "relation", "osm_id": 813712548, "name": "Cojumatlán de Régules", "admin_level": "6", "kind": "subdivision_2", "parent_osm_id": 2340636, "parent_name": "Michoacán", "parent_iso": "MX-MIC"}, "geometry": {"type": "Polygon", "coordinates": [[[-102.9541, 20.1709], [-102.9432, 20.1498], [-102.9245, 20.1363], [-102.9264, 20.1296], [-102.9453, 20.1304], [-102.9472, 20.0933], [-102.9556, 20.0886], [-102.9544, 20.0828], [-102.9436, 20.0821], [-102.9384, 20.0755], [-102.9344, 20.0788], [-102.9156, 20.0674], [-102.897, 20.0722], [-102.8785, 20.0684], [-102.8813, 20.0499], [-102.8725, 20.0473], [-102.8582, 20.0579], [-102.8612, 20.0601], [-102.8557, 20.0652], [-102.8484, 20.092], [-102.8377, 20.0848], [-102.8086, 20.0867], [-102.7943, 20.082], [-102.7798, 20.0867], [-102.7859, 20.0988], [-102.781, 20.1155], [-102.7891, 20.1304], [-102.7847, 20.1376], [-102.792, 20.1416], [-102.8193, 20.1372], [-102.8074, 20.1332], [-102.8019, 20.123], [-102.8169, 20.1061], [-102.8407, 20.1161], [-102.8461, 20.1308], [-102.855, 20.1367], [-102.857, 20.1443], [-102.8523, 20.1492], [-102.8625, 20.1544], [-102.866, 20.1624], [-102.8755, 20.1576], [-102.8946, 20.1642], [-102.9078, 20.1621], [-102.9384, 20.1714], [-102.9541, 20.1709]]]}}, {"type": "Feature", "properties": {"osm_type": "relation", "osm_id": 594210971, "name": "Penjamillo", "admin_level": "6", "kind": "subdivision_2", "parent_osm_id": 2340636, "parent_name": "Michoacán", "parent_iso": "MX-MIC"}, "geometry": {"type": "Polygon", "coordinates": [[[-101.9149, 20.1944], [-101.9277, 20.1736], [-101.9354, 20.1956], [-101.9465, 20.1934], [-101.9454, 20.1884], [-101.9538, 20.1805], [-101.9703, 20.1831], [-101.9693, 20.1636], [-101.9751, 20.1526], [-101.9585, 20.1352], [-101.9578, 20.1271], [-101.967, 20.1128], [-101.9748, 20.1119], [-101.9667, 20.0931], [-101.9766, 20.0894], [-101.9775, 20.0808], [-101.9856, 20.0748], [-101.9972, 20.071], [-102.0062, 20.0539], [-101.9765, 20.0361], [-101.9739, 20.0297], [-101.9772, 20.0234], [-101.965, 19.9978], [-101.9601, 19.9981], [-101.948, 19.9831], [-101.9492, 19.9925], [-101.9395, 19.9856], [-101.9322, 19.9675], [-101.9156, 19.9647], [-101.9071, 19.9656], [-101.893, 19.9944], [-101.8802, 19.9936], [-101.8793, 20.0042], [-101.8598, 20.0251], [-101.8483, 20.0489], [-101.828, 20.0609], [-101.8392, 20.0604], [-101.8422, 20.0876], [-101.8122, 20.1089], [-101.8201, 20.1256], [-101.8088, 20.1307], [-101.8098, 20.1402], [-101.7995, 20.1551], [-101.7797, 20.1633], [-101.7825, 20.1935], [-101.7965, 20.2128], [-101.8038, 20.2143], [-101.8091, 20.2044], [-101.8249, 20.2018], [-101.8196, 20.2087], [-101.8322, 20.2245], [-101.8561, 20.2119], [-101.8716, 20.211], [-101.872, 20.2044], [-101.8814, 20.2], [-101.8809, 20.1881], [-101.8889, 20.1889], [-101.8872, 20.1984], [-101.8942, 20.204], [-101.9047, 20.203], [-101.9096, 20.194], [-101.9149, 20.1944]]]}}, {"type": "Feature", "properties": {"osm_type": "relation", "osm_id": 501928813, "name": "Angamacutiro", "admin_level": "6", "kind": "subdivision_2", "parent_osm_id": 2340636, "parent_name": "Michoacán", "parent_iso": "MX-MIC"}, "geometry": {"type": "Polygon", "coordinates": [[[-101.7965, 20.2128], [-101.7825, 20.1935], [-101.7797, 20.1633], [-101.7995, 20.1551], [-101.8098, 20.1402], [-101.8088, 20.1307], [-101.8201, 20.1256], [-101.8122, 20.1089], [-101.8006, 20.1074], [-101.7784, 20.0738], [-101.8004, 20.0529], [-101.758, 20.0369], [-101.7318, 20.0592], [-101.7273, 20.0583], [-101.7296, 20.0428], [-101.7223, 20.0427], [-101.6838, 20.1107], [-101.6539, 20.1386], [-101.6597, 20.1436], [-101.6424, 20.1528], [-101.6314, 20.2038], [-101.6406, 20.2056], [-101.6482, 20.2015], [-101.6468, 20.2251], [-101.6561, 20.2265], [-101.6474, 20.2384], [-101.6546, 20.2435], [-101.6633, 20.2376], [-101.6677, 20.2272], [-101.6656, 20.2159], [-101.6731, 20.2126], [-101.6781, 20.2189], [-101.6855, 20.2185], [-101.6927, 20.2073], [-101.6904, 20.1968], [-101.6996, 20.1893], [-101.7106, 20.2053], [-101.7259, 20.2056], [-101.7308, 20.2147], [-101.7435, 20.2039], [-101.7594, 20.2017], [-101.7823, 20.2108], [-101.7856, 20.2192], [-101.7965, 20.2128]]]}}, {"type": "Feature", "properties": {"osm_type": "relation", "osm_id": 284304583, "name": "Ixtlán", "admin_level": "6", "kind": "subdivision_2", "parent_osm_id": 2340636, "parent_name": "Michoacán", "parent_iso": "MX-MIC"}, "geometry": {"type": "Polygon", "coordinates": [[[-102.3592, 20.1063], [-102.3677, 20.1111], [-102.3559, 20.1376], [-102.3772, 20.1691], [-102.3769, 20.184], [-102.3699, 20.1855], [-102.3658, 20.1927], [-102.3683, 20.1986], [-102.3631, 20.2013], [-102.3711, 20.2135], [-102.3813, 20.2239], [-102.4408, 20.2211], [-102.4409, 20.2144], [-102.4315, 20.2115], [-102.4287, 20.1975], [-102.4421, 20.1861], [-102.4525, 20.1578], [-102.4642, 20.1598], [-102.4741, 20.1495], [-102.4722, 20.1438], [-102.4598, 20.1401], [-102.4501, 20.1325], [-102.4499, 20.123], [-102.4366, 20.1179], [-102.4382, 20.1077], [-102.4223, 20.0865], [-102.3899, 20.0835], [-102.3703, 20.0742], [-102.3643, 20.0954], [-102.3689, 20.1041], [-102.3592, 20.1063]]]}}, {"type": "Feature", "properties": {"osm_type": "relation", "osm_id": 675544577, "name": "Churintzio", "admin_level": "6", "kind": "subdivision_2", "parent_osm_id": 2340636, "parent_name": "Michoacán", "parent_iso": "MX-MIC"}, "geometry": {"type": "Polygon", "coordinates": [[[-102.0062, 20.0539], [-101.9972, 20.071], [-101.9856, 20.0748], [-101.9775, 20.0808], [-101.9766, 20.0894], [-101.9667, 20.0931], [-101.9744, 20.1089], [-102.011, 20.1244], [-102.014, 20.1328], [-102.0302, 20.1372], [-102.0352, 20.1462], [-102.0413, 20.1463], [-102.0577, 20.1632], [-102.0513, 20.1899], [-102.0616, 20.2044], [-102.0693, 20.2036], [-102.0821, 20.2127], [-102.0834, 20.2185], [-102.095, 20.2155], [-102.0935, 20.2044], [-102.0994, 20.2027], [-102.1157, 20.2147], [-102.1243, 20.23], [-102.1364, 20.2347], [-102.1516, 20.2278], [-102.1404, 20.2177], [-102.1501, 20.1957], [-102.1457, 20.185], [-102.1497, 20.1784], [-102.1657, 20.1812], [-102.1699, 20.1723], [-102.1518, 20.1306], [-102.1517, 20.1067], [-102.1454, 20.1077], [-102.1053, 20.0862], [-102.0969, 20.0753], [-102.0974, 20.0453], [-102.0263, 20.052], [-102.0082, 20.0496], [-102.0062, 20.0539]], [[-101.993, 20.1146], [-101.9935, 20.1124], [-101.993, 20.1146]]]}}, {"type": "Feature", "properties": {"osm_type": "relation", "osm_id": 967953084, "name": "Venustiano Carranza", "admin_level": "6", "kind": "subdivision_2", "parent_osm_id": 2340636, "parent_name": "Michoacán", "parent_iso": "MX-MIC"}, "geometry": {"type": "Polygon", "coordinates": [[[-102.7847, 20.1376], [-102.7891, 20.1304], [-102.781, 20.1155], [-102.7859, 20.0988], [-102.7811, 20.0882], [-102.7694, 20.0902], [-102.7488, 20.0827], [-102.7136, 20.0881], [-102.7116, 20.0935], [-102.7055, 20.0934], [-102.7005, 20.0886], [-102.6933, 20.0927], [-102.6745, 20.0831], [-102.6721, 20.0914], [-102.6602, 20.0956], [-102.6345, 20.0791], [-102.6083, 20.0758], [-102.6125, 20.0954], [-102.5995, 20.1131], [-102.5966, 20.1464], [-102.5663, 20.1468], [-102.5624, 20.1524], [-102.5613, 20.1812], [-102.5706, 20.1976], [-102.5668, 20.197], [-102.5619, 20.2062], [-102.5815, 20.2135], [-102.5938, 20.2089], [-102.6659, 20.2137], [-102.6829, 20.2067], [-102.6797, 20.1715], [-102.6897, 20.166], [-102.7302, 20.1666], [-102.7525, 20.1486], [-102.7575, 20.1534], [-102.7761, 20.1384], [-102.7847, 20.1376]]]}}, {"type": "Feature", "properties": {"osm_type": "relation", "osm_id": 413846178, "name": "Pajacuarán", "admin_level": "6", "kind": "subdivision_2", "parent_osm_id": 2340636, "parent_name": "Michoacán", "parent_iso": "MX-MIC"}, "geometry": {"type": "Polygon", "coordinates": [[[-102.524, 20.082], [-102.5061, 20.0955], [-102.4897, 20.0987], [-102.4753, 20.1154], [-102.4382, 20.1077], [-102.4366, 20.1179], [-102.4499, 20.123], [-102.4501, 20.1325], [-102.4722, 20.1438], [-102.4741, 20.1495], [-102.4642, 20.1598], [-102.4525, 20.1578], [-102.4408, 20.1843], [-102.4598, 20.1879], [-102.5134, 20.2139], [-102.5196, 20.2098], [-102.5548, 20.2243], [-102.5645, 20.1997], [-102.5706, 20.1976], [-102.5613, 20.1812], [-102.5624, 20.1524], [-102.5663, 20.1468], [-102.5966, 20.1464], [-102.5995, 20.1131], [-102.6125, 20.0954], [-102.605, 20.078], [-102.5869, 20.0758], [-102.5665, 20.0865], [-102.5521, 20.0864], [-102.5557, 20.094], [-102.5506, 20.1017], [-102.524, 20.082]]]}}, {"type": "Feature", "properties": {"osm_type": "relation", "osm_id": 239706645, "name": "Epitacio Huerta", "admin_level": "6", "kind": "subdivision_2", "parent_osm_id": 2340636, "parent_name": "Michoacán", "parent_iso": "MX-MIC"}, "geometry": {"type": "Polygon", "coordinates": [[[-100.3629, 19.9899], [-100.3487, 19.9879], [-100.3388, 20.0012], [-100.345, 20.0119], [-100.3358, 20.0341], [-100.3178, 20.04], [-100.3112, 20.0346], [-100.2934, 20.0373], [-100.2804, 20.0445], [-100.2636, 20.0418], [-100.2606, 20.0461], [-100.2688, 20.0707], [-100.2626, 20.0586], [-100.2569, 20.0586], [-100.2523, 20.0729], [-100.2479, 20.0722], [-100.2558, 20.0466], [-100.2537, 20.0364], [-100.2469, 20.0426], [-100.2494, 20.0571], [-100.2368, 20.054], [-100.2433, 20.0508], [-100.2359, 20.034], [-100.2322, 20.0404], [-100.2375, 20.0469], [-100.2271, 20.0434], [-100.2267, 20.0528], [-100.2196, 20.0539], [-100.2203, 20.0452], [-100.2148, 20.05], [-100.2146, 20.0669], [-100.2013, 20.0742], [-100.1974, 20.1299], [-100.2356, 20.1435], [-100.2133, 20.1568], [-100.2033, 20.1718], [-100.1919, 20.176], [-100.1884, 20.1942], [-100.1842, 20.1894], [-100.1811, 20.2088], [-100.2072, 20.2294], [-100.2451, 20.2504], [-100.2605, 20.2675], [-100.3458, 20.298], [-100.3507, 20.2884], [-100.3441, 20.2729], [-100.3311, 20.2668], [-100.3236, 20.2519], [-100.3415, 20.2391], [-100.3435, 20.229], [-100.3552, 20.219], [-100.3523, 20.2005], [-100.346, 20.201], [-100.3403, 20.1897], [-100.3558, 20.1824], [-100.3709, 20.1362], [-100.3915, 20.121], [-100.3853, 20.1045], [-100.3973, 20.097], [-100.3898, 20.0808], [-100.3583, 20.0649], [-100.362, 20.0534], [-100.3544, 20.0278], [-100.355, 20.0101], [-100.3593, 20.0097], [-100.3605, 20.024], [-100.3704, 20.0213], [-100.3629, 19.9899]]]}}, {"type": "Feature", "properties": {"osm_type": "relation", "osm_id": 499463153, "name": "Zináparo", "admin_level": "6", "kind": "subdivision_2", "parent_osm_id": 2340636, "parent_name": "Michoacán", "parent_iso": "MX-MIC"}, "geometry": {"type": "MultiPolygon", "coordinates": [[[[-101.956, 20.182], [-101.9697, 20.1998], [-101.9762, 20.2016], [-101.969, 20.218], [-101.9721, 20.2285], [-101.9828, 20.2346], [-102.0008, 20.231], [-102.0106, 20.2481], [-102.0315, 20.2317], [-102.0773, 20.2285], [-102.0859, 20.2225], [-102.0821, 20.2127], [-102.0693, 20.2036], [-102.0616, 20.2044], [-102.0513, 20.1899], [-102.0577, 20.1632], [-102.0413, 20.1463], [-102.0352, 20.1462], [-102.0302, 20.1372], [-102.014, 20.1328], [-102.011, 20.1244], [-101.998, 20.1208], [-101.9919, 20.1137], [-101.9744, 20.1089], [-101.9578, 20.1271], [-101.9585, 20.1352], [-101.9751, 20.1526], [-101.9693, 20.1636], [-101.9703, 20.1831], [-101.956, 20.182]]], [[[-101.993, 20.1146], [-101.9935, 20.1124], [-101.993, 20.1146]]]]}}, {"type": "Feature", "properties": {"osm_type": "relation", "osm_id": 245609582, "name": "Ecuandureo", "admin_level": "6", "kind": "subdivision_2", "parent_osm_id": 2340636, "parent_name": "Michoacán", "parent_iso": "MX-MIC"}, "geometry": {"type": "Polygon", "coordinates": [[[-102.1444, 20.0771], [-102.1327, 20.0882], [-102.1344, 20.1016], [-102.1517, 20.1067], [-102.1518, 20.1306], [-102.1699, 20.1723], [-102.1657, 20.1812], [-102.1497, 20.1784], [-102.1457, 20.185], [-102.1501, 20.1957], [-102.1404, 20.2177], [-102.1516, 20.2278], [-102.1385, 20.234], [-102.1506, 20.2442], [-102.1647, 20.2399], [-102.1751, 20.2447], [-102.1887, 20.2372], [-102.237, 20.2322], [-102.2325, 20.2097], [-102.2409, 20.2205], [-102.2609, 20.2083], [-102.2791, 20.1863], [-102.2833, 20.1985], [-102.3034, 20.2006], [-102.3186, 20.1948], [-102.3134, 20.1918], [-102.3207, 20.1891], [-102.3404, 20.1879], [-102.3564, 20.2023], [-102.3683, 20.1986], [-102.3663, 20.1902], [-102.3769, 20.184], [-102.3772, 20.1691], [-102.3559, 20.1376], [-102.3663, 20.1188], [-102.3677, 20.1111], [-102.3634, 20.1061], [-102.342, 20.1015], [-102.3176, 20.1095], [-102.3015, 20.1045], [-102.2898, 20.0899], [-102.2665, 20.0868], [-102.2635, 20.0972], [-102.2275, 20.0987], [-102.2274, 20.094], [-102.2039, 20.0841], [-102.1444, 20.0771]]]}}, {"type": "Feature", "properties": {"osm_type": "relation", "osm_id": 461298857, "name": "Puruándiro", "admin_level": "6", "kind": "subdivision_2", "parent_osm_id": 2340636, "parent_name": "Michoacán", "parent_iso": "MX-MIC"}, "geometry": {"type": "Polygon", "coordinates": [[[-101.3614, 20.249], [-101.3953, 20.2485], [-101.4065, 20.2636], [-101.4156, 20.2648], [-101.4206, 20.2752], [-101.4355, 20.2774], [-101.4369, 20.2638], [-101.463, 20.2702], [-101.4644, 20.2668], [-101.4777, 20.2681], [-101.4781, 20.2855], [-101.4889, 20.286], [-101.4888, 20.2733], [-101.4974, 20.2675], [-101.4973, 20.2535], [-101.5078, 20.2485], [-101.5207, 20.2583], [-101.5366, 20.256], [-101.5422, 20.2485], [-101.535, 20.2393], [-101.57, 20.2131], [-101.5698, 20.1951], [-101.562, 20.1812], [-101.5666, 20.1803], [-101.5618, 20.1695], [-101.5768, 20.1626], [-101.5843, 20.1523], [-101.6004, 20.1509], [-101.6137, 20.1553], [-101.6146, 20.1636], [-101.6381, 20.17], [-101.6424, 20.1528], [-101.6597, 20.1436], [-101.6539, 20.1386], [-101.6838, 20.1107], [-101.7111, 20.0625], [-101.696, 20.0623], [-101.6655, 20.0253], [-101.6688, 20.0169], [-101.68, 20.0103], [-101.6742, 19.9943], [-101.6438, 19.9782], [-101.6361, 19.9636], [-101.6266, 19.9654], [-101.6178, 19.9558], [-101.5965, 19.9549], [-101.5962, 19.9688], [-101.5776, 19.9823], [-101.5513, 19.9936], [-101.5253, 19.9982], [-101.5246, 20.0054], [-101.513, 20.0126], [-101.4984, 20.0108], [-101.4929, 20.0176], [-101.4797, 20.0149], [-101.4663, 20.0231], [-101.4636, 20.0373], [-101.4302, 20.0291], [-101.4025, 20.0448], [-101.3943, 20.0529], [-101.3954, 20.07], [-101.3875, 20.083], [-101.4047, 20.0802], [-101.4032, 20.1002], [-101.4083, 20.1026], [-101.4043, 20.1068], [-101.4087, 20.1231], [-101.391, 20.1271], [-101.3894, 20.1349], [-101.3924, 20.144], [-101.4036, 20.1421], [-101.4165, 20.1617], [-101.4225, 20.1632], [-101.4199, 20.2016], [-101.4056, 20.2033], [-101.3632, 20.1958], [-101.3526, 20.2349], [-101.3614, 20.249]]]}}, {"type": "Feature", "properties": {"osm_type": "relation", "osm_id": 504451975, "name": "Briseñas", "admin_level": "6", "kind": "subdivision_2", "parent_osm_id": 2340636, "parent_name": "Michoacán", "parent_iso": "MX-MIC"}, "geometry": {"type": "Polygon", "coordinates": [[[-102.6109, 20.2687], [-102.6133, 20.2551], [-102.621, 20.2525], [-102.6169, 20.2481], [-102.627, 20.2296], [-102.6396, 20.2238], [-102.6697, 20.2308], [-102.6854, 20.218], [-102.6829, 20.2067], [-102.6529, 20.2156], [-102.6313, 20.2099], [-102.6154, 20.213], [-102.5938, 20.2089], [-102.5815, 20.2135], [-102.5619, 20.2062], [-102.5548, 20.2243], [-102.5413, 20.2199], [-102.5322, 20.2421], [-102.5357, 20.2479], [-102.5288, 20.2528], [-102.5309, 20.2596], [-102.5224, 20.2757], [-102.5321, 20.2705], [-102.5359, 20.279], [-102.5441, 20.2806], [-102.554, 20.2607], [-102.5578, 20.2628], [-102.5558, 20.2714], [-102.5638, 20.2782], [-102.5687, 20.2745], [-102.5667, 20.2656], [-102.5902, 20.2585], [-102.5993, 20.2673], [-102.6109, 20.2687]]]}}, {"type": "Feature", "properties": {"osm_type": "relation", "osm_id": 185200020, "name": "Numarán", "admin_level": "6", "kind": "subdivision_2", "parent_osm_id": 2340636, "parent_name": "Michoacán", "parent_iso": "MX-MIC"}, "geometry": {"type": "Polygon", "coordinates": [[[-101.9464, 20.3432], [-101.9691, 20.3356], [-101.9756, 20.3158], [-101.9861, 20.3198], [-101.9853, 20.3126], [-101.9773, 20.3086], [-101.9736, 20.2968], [-101.9796, 20.2951], [-101.9733, 20.2871], [-101.994, 20.2816], [-101.9897, 20.2554], [-101.9937, 20.2536], [-102.0067, 20.2625], [-102.0106, 20.2481], [-102.0008, 20.231], [-101.9828, 20.2346], [-101.9721, 20.2285], [-101.969, 20.218], [-101.9762, 20.2016], [-101.9697, 20.1998], [-101.9649, 20.1898], [-101.9538, 20.1805], [-101.9454, 20.1884], [-101.9465, 20.1934], [-101.9354, 20.1956], [-101.9277, 20.1736], [-101.9149, 20.1944], [-101.9194, 20.197], [-101.9183, 20.2024], [-101.9157, 20.2067], [-101.9093, 20.2034], [-101.9073, 20.2141], [-101.9178, 20.2193], [-101.9313, 20.2085], [-101.9284, 20.2177], [-101.9325, 20.2263], [-101.9399, 20.2271], [-101.9384, 20.2407], [-101.9325, 20.2448], [-101.9463, 20.2573], [-101.9439, 20.2683], [-101.9511, 20.2709], [-101.9369, 20.2815], [-101.9471, 20.2864], [-101.9345, 20.2977], [-101.9495, 20.2984], [-101.9599, 20.3051], [-101.9563, 20.3129], [-101.95, 20.3115], [-101.949, 20.3151], [-101.9635, 20.3186], [-101.9473, 20.331], [-101.9464, 20.3432]]]}}, {"type": "Feature", "properties": {"osm_type": "relation", "osm_id": 362814839, "name": "Vista Hermosa", "admin_level": "6", "kind": "subdivision_2", "parent_osm_id": 2340636, "parent_name": "Michoacán", "parent_iso": "MX-MIC"}, "geometry": {"type": "Polygon", "coordinates": [[[-102.5224, 20.2757], [-102.5309, 20.2596], [-102.5288, 20.2528], [-102.5357, 20.2479], [-102.5322, 20.2421], [-102.5413, 20.2199], [-102.5196, 20.2098], [-102.5134, 20.2139], [-102.4977, 20.2083], [-102.4598, 20.1879], [-102.4421, 20.1861], [-102.4287, 20.1975], [-102.4315, 20.2115], [-102.4409, 20.2144], [-102.4339, 20.2407], [-102.4386, 20.2433], [-102.4406, 20.2694], [-102.4346, 20.2704], [-102.4345, 20.2951], [-102.4101, 20.3116], [-102.3962, 20.3097], [-102.3714, 20.3169], [-102.3688, 20.3281], [-102.3909, 20.3339], [-102.3997, 20.3277], [-102.41, 20.3335], [-102.4218, 20.333], [-102.4324, 20.341], [-102.4478, 20.3383], [-102.4549, 20.329], [-102.4678, 20.3306], [-102.4805, 20.3252], [-102.4906, 20.3086], [-102.4962, 20.3079], [-102.5054, 20.3159], [-102.5083, 20.3019], [-102.53, 20.2962], [-102.5305, 20.2919], [-102.5211, 20.2858], [-102.5224, 20.2757]]]}}, {"type": "Feature", "properties": {"osm_type": "relation", "osm_id": 873260549, "name": "José Sixto Verduzco", "admin_level": "6", "kind": "subdivision_2", "parent_osm_id": 2340636, "parent_name": "Michoacán", "parent_iso": "MX-MIC"}, "geometry": {"type": "Polygon", "coordinates": [[[-101.4601, 20.3235], [-101.4649, 20.329], [-101.4792, 20.3306], [-101.4932, 20.314], [-101.5011, 20.3117], [-101.5029, 20.3249], [-101.5164, 20.3177], [-101.5242, 20.3212], [-101.5229, 20.3323], [-101.5294, 20.3326], [-101.5378, 20.3244], [-101.5533, 20.3325], [-101.5636, 20.3205], [-101.5614, 20.3166], [-101.5702, 20.3157], [-101.5778, 20.3264], [-101.5836, 20.3272], [-101.5892, 20.3096], [-101.6009, 20.3101], [-101.6011, 20.298], [-101.6057, 20.2998], [-101.6047, 20.3094], [-101.6247, 20.3146], [-101.6284, 20.2959], [-101.6349, 20.289], [-101.624, 20.2761], [-101.6255, 20.267], [-101.632, 20.2648], [-101.6344, 20.2712], [-101.6432, 20.2669], [-101.6509, 20.2535], [-101.6442, 20.2425], [-101.6503, 20.2394], [-101.6561, 20.2265], [-101.6468, 20.2251], [-101.6482, 20.2015], [-101.6406, 20.2056], [-101.6314, 20.2038], [-101.6381, 20.17], [-101.6146, 20.1636], [-101.6137, 20.1553], [-101.6004, 20.1509], [-101.5843, 20.1523], [-101.5768, 20.1626], [-101.5618, 20.1695], [-101.5666, 20.1803], [-101.562, 20.1812], [-101.5698, 20.1951], [-101.57, 20.2131], [-101.535, 20.2393], [-101.5412, 20.2519], [-101.5207, 20.2583], [-101.5078, 20.2485], [-101.4973, 20.2535], [-101.4974, 20.2675], [-101.4888, 20.2733], [-101.4889, 20.286], [-101.4781, 20.2855], [-101.4777, 20.2681], [-101.4644, 20.2668], [-101.4538, 20.274], [-101.4584, 20.276], [-101.4572, 20.2851], [-101.445, 20.2897], [-101.4497, 20.2982], [-101.4402, 20.3052], [-101.4567, 20.3044], [-101.4549, 20.3179], [-101.4509, 20.3195], [-101.4601, 20.3235]]]}}, {"type": "Feature", "properties": {"osm_type": "relation", "osm_id": 599658351, "name": "Tanhuato", "admin_level": "6", "kind": "subdivision_2", "parent_osm_id": 2340636, "parent_name": "Michoacán", "parent_iso": "MX-MIC"}, "geometry": {"type": "Polygon", "coordinates": [[[-102.3472, 20.3347], [-102.3574, 20.3374], [-102.3688, 20.3281], [-102.3714, 20.3169], [-102.3962, 20.3097], [-102.4101, 20.3116], [-102.4345, 20.2951], [-102.4346, 20.2704], [-102.4406, 20.2694], [-102.4386, 20.2433], [-102.4339, 20.2407], [-102.4408, 20.2211], [-102.3813, 20.2239], [-102.3631, 20.2013], [-102.3536, 20.2013], [-102.3404, 20.1879], [-102.3207, 20.1891], [-102.3134, 20.1918], [-102.3186, 20.1948], [-102.3024, 20.2007], [-102.2833, 20.1985], [-102.2791, 20.1863], [-102.2609, 20.2083], [-102.2409, 20.2205], [-102.2325, 20.2097], [-102.2384, 20.2416], [-102.2532, 20.2725], [-102.2775, 20.2838], [-102.2958, 20.2777], [-102.312, 20.2797], [-102.307, 20.3044], [-102.3114, 20.3106], [-102.3175, 20.3074], [-102.3188, 20.3206], [-102.3227, 20.3211], [-102.2979, 20.3539], [-102.3082, 20.3578], [-102.3156, 20.3449], [-102.3272, 20.3495], [-102.3472, 20.3347]]]}}, {"type": "Feature", "properties": {"osm_type": "relation", "osm_id": 613137926, "name": "Yurécuaro", "admin_level": "6", "kind": "subdivision_2", "parent_osm_id": 2340636, "parent_name": "Michoacán", "parent_iso": "MX-MIC"}, "geometry": {"type": "Polygon", "coordinates": [[[-102.2979, 20.3539], [-102.3227, 20.3211], [-102.3188, 20.3206], [-102.3175, 20.3074], [-102.3114, 20.3106], [-102.307, 20.3044], [-102.312, 20.2797], [-102.2958, 20.2777], [-102.2775, 20.2838], [-102.2532, 20.2725], [-102.237, 20.2322], [-102.1887, 20.2372], [-102.1751, 20.2447], [-102.1642, 20.254], [-102.1695, 20.2651], [-102.1524, 20.2721], [-102.1432, 20.2705], [-102.1163, 20.304], [-102.1557, 20.3304], [-102.1624, 20.3325], [-102.1714, 20.3282], [-102.1604, 20.3445], [-102.1776, 20.3474], [-102.1801, 20.3553], [-102.196, 20.3505], [-102.2081, 20.3567], [-102.2194, 20.3511], [-102.2221, 20.344], [-102.2542, 20.3353], [-102.2591, 20.3394], [-102.2672, 20.3355], [-102.2828, 20.3453], [-102.2899, 20.3408], [-102.2919, 20.3528], [-102.2979, 20.3539]]]}}, {"type": "Feature", "properties": {"osm_type": "relation", "osm_id": 688045832, "name": "La Piedad", "admin_level": "6", "kind": "subdivision_2", "parent_osm_id": 2340636, "parent_name": "Michoacán", "parent_iso": "MX-MIC"}, "geometry": {"type": "Polygon", "coordinates": [[[-102.0963, 20.3841], [-102.1068, 20.3783], [-102.1316, 20.3811], [-102.1349, 20.3757], [-102.1686, 20.3783], [-102.1604, 20.3752], [-102.1582, 20.367], [-102.177, 20.3682], [-102.1735, 20.3574], [-102.1801, 20.3553], [-102.1776, 20.3474], [-102.1604, 20.3445], [-102.1714, 20.3282], [-102.1624, 20.3325], [-102.1557, 20.3304], [-102.1163, 20.304], [-102.1432, 20.2705], [-102.1524, 20.2721], [-102.1695, 20.2651], [-102.1642, 20.254], [-102.1751, 20.2447], [-102.1647, 20.2399], [-102.1506, 20.2442], [-102.1461, 20.2374], [-102.1243, 20.23], [-102.1157, 20.2147], [-102.0994, 20.2027], [-102.0935, 20.2044], [-102.095, 20.2155], [-102.0853, 20.2182], [-102.0859, 20.2225], [-102.0773, 20.2285], [-102.0315, 20.2317], [-102.0082, 20.2507], [-102.0067, 20.2625], [-101.9937, 20.2536], [-101.9897, 20.2554], [-101.994, 20.2816], [-101.9733, 20.2871], [-101.9796, 20.2951], [-101.9736, 20.2968], [-101.9773, 20.3086], [-101.9853, 20.3126], [-101.9861, 20.3198], [-101.9756, 20.3158], [-101.9691, 20.3356], [-101.9464, 20.3432], [-101.9623, 20.3447], [-101.969, 20.3603], [-101.9964, 20.3596], [-102.0137, 20.3506], [-102.0049, 20.3331], [-102.0073, 20.3267], [-102.0138, 20.3279], [-102.0173, 20.3418], [-102.0252, 20.348], [-102.0218, 20.363], [-102.0101, 20.3819], [-102.0136, 20.3939], [-102.0182, 20.3935], [-102.0227, 20.3809], [-102.065, 20.3749], [-102.0868, 20.3848], [-102.0963, 20.3841]]]}}]}