{"type": "FeatureCollection", "parent": {"osm_id": 2399740, "name": "Durango", "admin_level": "4", "kind": "subdivision_1", "child_kind": "subdivision_2", "iso": "MX-DUR"}, "features": [{"type": "Feature", "properties": {"osm_type": "relation", "osm_id": 641256819, "name": "Gómez Palacio", "admin_level": "6", "kind": "subdivision_2", "parent_osm_id": 2399740, "parent_name": "Durango", "parent_iso": "MX-DUR"}, "geometry": {"type": "Polygon", "coordinates": [[[-103.3554, 25.6914], [-103.3492, 25.6934], [-103.355, 25.6999], [-103.3394, 25.7079], [-103.3528, 25.7166], [-103.3392, 25.7254], [-103.3264, 25.7604], [-103.3186, 25.8127], [-103.3229, 25.8251], [-103.3437, 25.8512], [-103.3466, 25.8769], [-103.3622, 25.8643], [-103.3729, 25.8671], [-103.3717, 25.8535], [-103.3765, 25.853], [-103.3794, 25.8603], [-103.3916, 25.8566], [-103.4019, 25.875], [-103.4439, 25.8696], [-103.4319, 25.8573], [-103.4333, 25.8432], [-103.4208, 25.846], [-103.4114, 25.8357], [-103.4377, 25.8293], [-103.4369, 25.8381], [-103.4614, 25.842], [-103.4605, 25.8547], [-103.4822, 25.8576], [-103.4848, 25.8311], [-103.5074, 25.8326], [-103.5056, 25.866], [-103.5431, 25.8658], [-103.5395, 25.8796], [-103.55, 25.8753], [-103.5534, 25.8823], [-103.5644, 25.8776], [-103.5697, 25.888], [-103.5819, 25.8586], [-103.6052, 25.8428], [-103.6151, 25.7879], [-103.619, 25.7866], [-103.6167, 25.7751], [-103.6227, 25.7711], [-103.6257, 25.7779], [-103.6343, 25.7676], [-103.6281, 25.7601], [-103.634, 25.7523], [-103.6905, 25.7347], [-103.6377, 25.681], [-103.6516, 25.6692], [-103.6293, 25.6441], [-103.6137, 25.6571], [-103.5935, 25.6371], [-103.6085, 25.6247], [-103.6052, 25.6192], [-103.5919, 25.6186], [-103.5971, 25.6148], [-103.5898, 25.6101], [-103.5882, 25.6061], [-103.5933, 25.6034], [-103.5873, 25.596], [-103.5772, 25.5982], [-103.5694, 25.5879], [-103.5559, 25.5997], [-103.5494, 25.5936], [-103.5476, 25.5962], [-103.4991, 25.5463], [-103.5008, 25.5356], [-103.4696, 25.5464], [-103.4547, 25.5579], [-103.451, 25.5789], [-103.4354, 25.5828], [-103.4333, 25.5881], [-103.4384, 25.5966], [-103.4296, 25.5989], [-103.4269, 25.6121], [-103.416, 25.6144], [-103.4248, 25.6237], [-103.4033, 25.6281], [-103.4087, 25.6397], [-103.406, 25.645], [-103.3814, 25.6403], [-103.3831, 25.6552], [-103.3656, 25.6708], [-103.3554, 25.6914]]]}}, {"type": "Feature", "properties": {"osm_type": "relation", "osm_id": 416153274, "name": "Tamazula", "admin_level": "6", "kind": "subdivision_2", "parent_osm_id": 2399740, "parent_name": "Durango", "parent_iso": "MX-DUR"}, "geometry": {"type": "Polygon", "coordinates": [[[-106.9943, 25.6622], [-106.9733, 25.6296], [-107.0342, 25.5963], [-107.1131, 25.5611], [-107.1246, 25.5504], [-107.1383, 25.5522], [-107.1387, 25.5601], [-107.1739, 25.5566], [-107.1718, 25.5428], [-107.1762, 25.5444], [-107.1769, 25.5408], [-107.1695, 25.5325], [-107.1781, 25.5152], [-107.1663, 25.503], [-107.1477, 25.505], [-107.1393, 25.4896], [-107.1511, 25.4767], [-107.1505, 25.458], [-107.1566, 25.4564], [-107.1587, 25.442], [-107.1849, 25.4368], [-107.2101, 25.4171], [-107.1716, 25.3264], [-107.2078, 25.3316], [-107.1584, 25.263], [-107.1211, 25.2431], [-107.132, 25.2267], [-107.1488, 25.2245], [-107.1249, 25.1866], [-107.1299, 25.0531], [-107.0674, 25.0302], [-107.0636, 25.0253], [-107.0665, 25.0204], [-107.0604, 25.0024], [-107.0183, 24.9336], [-107.0251, 24.9284], [-107.0211, 24.9099], [-107.0006, 24.9282], [-106.951, 24.888], [-106.9345, 24.8805], [-106.9271, 24.8666], [-106.9514, 24.859], [-106.9464, 24.8585], [-106.944, 24.8515], [-106.9465, 24.8398], [-106.9386, 24.8356], [-106.9307, 24.8209], [-106.9193, 24.814], [-106.9029, 24.8284], [-106.8659, 24.823], [-106.7961, 24.7534], [-106.793, 24.7439], [-106.7843, 24.7415], [-106.7059, 24.6653], [-106.6836, 24.5985], [-106.6455, 24.529], [-106.6322, 24.53], [-106.6226, 24.5249], [-106.6301, 24.5065], [-106.6248, 24.5002], [-106.61, 24.4979], [-106.6004, 24.4832], [-106.5937, 24.4951], [-106.5806, 24.4879], [-106.5732, 24.4776], [-106.56, 24.4727], [-106.5683, 24.4531], [-106.5693, 24.437], [-106.6016, 24.4146], [-106.5835, 24.3903], [-106.586, 24.379], [-106.5341, 24.3095], [-106.528, 24.2951], [-106.5171, 24.287], [-106.5083, 24.2909], [-106.4697, 24.2779], [-106.3675, 24.3019], [-106.3526, 24.3165], [-106.3461, 24.3449], [-106.3363, 24.3557], [-106.2689, 24.3748], [-106.1944, 24.3518], [-106.17, 24.3337], [-106.1525, 24.3388], [-106.1713, 24.4473], [-106.2059, 24.4781], [-106.1735, 24.4888], [-106.1826, 24.499], [-106.1767, 24.5134], [-106.1427, 24.5257], [-106.1582, 24.5493], [-106.1663, 24.5535], [-106.1669, 24.561], [-106.1767, 24.56], [-106.1684, 24.581], [-106.2007, 24.6043], [-106.197, 24.6098], [-106.2018, 24.6426], [-106.2272, 24.6813], [-106.1506, 24.7337], [-106.2227, 24.7375], [-106.2206, 24.7447], [-106.2266, 24.752], [-106.2579, 24.7537], [-106.2863, 24.7734], [-106.2967, 24.7666], [-106.2966, 24.7503], [-106.3021, 24.7452], [-106.3673, 24.7498], [-106.3811, 24.7444], [-106.3843, 24.7531], [-106.3952, 24.7493], [-106.4184, 24.7829], [-106.4858, 24.7386], [-106.4965, 24.7152], [-106.5271, 24.7072], [-106.5176, 24.7153], [-106.5095, 24.7354], [-106.5131, 24.7401], [-106.5064, 24.7432], [-106.5097, 24.7531], [-106.5023, 24.7537], [-106.5033, 24.7664], [-106.4952, 24.7659], [-106.4972, 24.7761], [-106.4865, 24.7908], [-106.4955, 24.8069], [-106.4933, 24.8125], [-106.5268, 24.8413], [-106.5316, 24.8326], [-106.5367, 24.8337], [-106.5349, 24.8297], [-106.5495, 24.8263], [-106.5352, 24.8425], [-106.55, 24.847], [-106.5541, 24.8566], [-106.5658, 24.8569], [-106.5694, 24.8873], [-106.5812, 24.8955], [-106.5835, 24.9235], [-106.6118, 24.9503], [-106.6375, 24.9476], [-106.6625, 24.9607], [-106.6834, 25.0121], [-106.678, 25.0231], [-106.6609, 25.0271], [-106.6669, 25.0441], [-106.6594, 25.0659], [-106.6877, 25.0644], [-106.6799, 25.094], [-106.7541, 25.1348], [-106.832, 25.1006], [-106.8514, 25.0995], [-106.8656, 25.0917], [-106.8894, 25.1337], [-106.88, 25.1369], [-106.8738, 25.1464], [-106.8611, 25.1413], [-106.8621, 25.146], [-106.8526, 25.1487], [-106.8581, 25.1592], [-106.8551, 25.1754], [-106.8429, 25.1835], [-106.8511, 25.1865], [-106.8506, 25.1901], [-106.8587, 25.1886], [-106.857, 25.1962], [-106.8686, 25.2], [-106.8678, 25.2032], [-106.8839, 25.208], [-106.8905, 25.2249], [-106.9448, 25.2576], [-106.9548, 25.2821], [-106.9414, 25.2811], [-106.9334, 25.287], [-106.9245, 25.2841], [-106.9015, 25.2916], [-106.8989, 25.3002], [-106.9065, 25.3088], [-106.9051, 25.3196], [-106.9003, 25.3222], [-106.8834, 25.3277], [-106.854, 25.3184], [-106.8657, 25.324], [-106.8697, 25.3362], [-106.8132, 25.3887], [-106.783, 25.4096], [-106.7406, 25.3862], [-106.6749, 25.3995], [-106.6799, 25.4066], [-106.6751, 25.4113], [-106.6788, 25.4352], [-106.69, 25.4443], [-106.6694, 25.4717], [-106.6597, 25.493], [-106.645, 25.5038], [-106.6426, 25.5118], [-106.6474, 25.516], [-106.6455, 25.5317], [-106.6528, 25.5588], [-106.6714, 25.5674], [-106.6802, 25.5893], [-106.708, 25.6025], [-106.682, 25.5792], [-106.6988, 25.5808], [-106.7058, 25.5973], [-106.7025, 25.5812], [-106.7448, 25.5852], [-106.8178, 25.5734], [-106.8738, 25.5719], [-106.8992, 25.6437], [-106.8938, 25.6443], [-106.9224, 25.6461], [-106.9943, 25.6622]]]}}, {"type": "Feature", "properties": {"osm_type": "relation", "osm_id": 384256386, "name": "Topia", "admin_level": "6", "kind": "subdivision_2", "parent_osm_id": 2399740, "parent_name": "Durango", "parent_iso": "MX-DUR"}, "geometry": {"type": "Polygon", "coordinates": [[[-106.7108, 25.111], [-106.709, 25.1186], [-106.6939, 25.1248], [-106.6904, 25.1337], [-106.6776, 25.1405], [-106.6752, 25.1474], [-106.6684, 25.1471], [-106.6564, 25.1567], [-106.6232, 25.145], [-106.6148, 25.1564], [-106.5953, 25.1643], [-106.5933, 25.1696], [-106.5786, 25.1664], [-106.4767, 25.1717], [-106.4513, 25.1836], [-106.4051, 25.1656], [-106.4322, 25.1472], [-106.4132, 25.141], [-106.4003, 25.1281], [-106.39, 25.1358], [-106.3822, 25.1363], [-106.375, 25.1295], [-106.3498, 25.1469], [-106.3527, 25.1776], [-106.373, 25.1824], [-106.2873, 25.1972], [-106.3349, 25.1828], [-106.3042, 25.1552], [-106.2723, 25.108], [-106.2557, 25.1338], [-106.2725, 25.1703], [-106.2145, 25.1916], [-106.2273, 25.2025], [-106.2226, 25.207], [-106.2532, 25.2054], [-106.2572, 25.2191], [-106.2137, 25.2192], [-106.2026, 25.2024], [-106.1939, 25.2076], [-106.1939, 25.2262], [-106.1815, 25.2263], [-106.1722, 25.2505], [-106.1808, 25.2561], [-106.1761, 25.2642], [-106.1808, 25.2669], [-106.1846, 25.2851], [-106.1919, 25.283], [-106.1932, 25.2901], [-106.2013, 25.2903], [-106.203, 25.3001], [-106.2125, 25.3014], [-106.2138, 25.3157], [-106.2826, 25.3136], [-106.2927, 25.2998], [-106.3172, 25.3034], [-106.3245, 25.2958], [-106.3473, 25.3042], [-106.3538, 25.2974], [-106.3671, 25.2985], [-106.3841, 25.3067], [-106.4007, 25.3244], [-106.4363, 25.3324], [-106.4409, 25.35], [-106.4565, 25.3615], [-106.5016, 25.373], [-106.5231, 25.3853], [-106.528, 25.3841], [-106.5277, 25.3912], [-106.5368, 25.3882], [-106.5457, 25.3968], [-106.5602, 25.3837], [-106.5736, 25.3912], [-106.5758, 25.3989], [-106.5931, 25.4018], [-106.6237, 25.4006], [-106.6381, 25.3944], [-106.6698, 25.4017], [-106.7406, 25.3862], [-106.783, 25.4096], [-106.8132, 25.3887], [-106.8697, 25.3362], [-106.8657, 25.324], [-106.854, 25.3184], [-106.8834, 25.3277], [-106.9003, 25.3222], [-106.9051, 25.3196], [-106.9065, 25.3088], [-106.8989, 25.3002], [-106.9015, 25.2916], [-106.9245, 25.2841], [-106.9334, 25.287], [-106.9414, 25.2811], [-106.9548, 25.2821], [-106.9448, 25.2576], [-106.8905, 25.2249], [-106.8839, 25.208], [-106.8678, 25.2032], [-106.8686, 25.2], [-106.857, 25.1962], [-106.8587, 25.1886], [-106.8506, 25.1901], [-106.8511, 25.1865], [-106.8429, 25.1835], [-106.8551, 25.1754], [-106.8581, 25.1592], [-106.8526, 25.1487], [-106.8621, 25.146], [-106.8611, 25.1413], [-106.8738, 25.1464], [-106.88, 25.1369], [-106.8894, 25.1337], [-106.8656, 25.0917], [-106.8514, 25.0995], [-106.832, 25.1006], [-106.7541, 25.1348], [-106.7108, 25.111]]]}}, {"type": "Feature", "properties": {"osm_type": "relation", "osm_id": 833813621, "name": "Vicente Guerrero", "admin_level": "6", "kind": "subdivision_2", "parent_osm_id": 2399740, "parent_name": "Durango", "parent_iso": "MX-DUR"}, "geometry": {"type": "Polygon", "coordinates": [[[-103.841, 23.7013], [-103.8624, 23.7526], [-103.8351, 23.7851], [-103.8203, 23.7919], [-103.8222, 23.8008], [-103.8161, 23.8077], [-103.8312, 23.8247], [-103.8326, 23.8489], [-103.8478, 23.861], [-103.9041, 23.8342], [-103.9055, 23.8197], [-103.9481, 23.8259], [-103.9972, 23.7829], [-104.018, 23.7729], [-104.0166, 23.7666], [-104.0344, 23.7514], [-104.0319, 23.748], [-104.0253, 23.7559], [-104.0193, 23.7505], [-104.0224, 23.7484], [-104.0195, 23.7438], [-104.0499, 23.7479], [-104.0452, 23.736], [-104.0372, 23.736], [-104.0387, 23.7265], [-104.0347, 23.7216], [-104.0491, 23.7136], [-104.0423, 23.7059], [-104.0275, 23.714], [-104.0237, 23.7054], [-104.0521, 23.692], [-104.0599, 23.6849], [-104.0559, 23.6761], [-104.0967, 23.6514], [-104.0926, 23.6492], [-104.1385, 23.6014], [-104.1067, 23.6096], [-104.0774, 23.6074], [-104.0766, 23.627], [-104.0423, 23.6494], [-104.0298, 23.6312], [-104.032, 23.6261], [-104.0213, 23.6223], [-104.019, 23.6155], [-104.035, 23.593], [-104.0242, 23.5924], [-103.9994, 23.6113], [-104.0012, 23.6651], [-103.985, 23.6544], [-103.9596, 23.6726], [-103.9566, 23.6678], [-103.9551, 23.672], [-103.841, 23.7013]]]}}, {"type": "Feature", "properties": {"osm_type": "relation", "osm_id": 639921311, "name": "Nuevo Ideal", "admin_level": "6", "kind": "subdivision_2", "parent_osm_id": 2399740, "parent_name": "Durango", "parent_iso": "MX-DUR"}, "geometry": {"type": "Polygon", "coordinates": [[[-104.7218, 24.845], [-104.7533, 24.8867], [-104.7397, 24.9464], [-104.7903, 24.9297], [-104.7982, 24.947], [-104.8378, 24.982], [-104.8376, 24.9887], [-104.8506, 24.9917], [-104.8564, 25.0056], [-104.8813, 25.0211], [-104.9017, 25.0184], [-104.9144, 25.0049], [-104.9281, 25.0057], [-104.9287, 25.0478], [-104.9596, 25.054], [-104.9522, 25.0814], [-104.9611, 25.0783], [-104.963, 25.0937], [-104.9708, 25.0959], [-104.982, 25.0817], [-105.0018, 25.1013], [-105.0065, 25.1168], [-105.0306, 25.103], [-105.0275, 25.1159], [-105.0644, 25.1112], [-105.08, 25.0902], [-105.114, 25.1026], [-105.1193, 25.0973], [-105.1118, 25.0687], [-105.115, 25.0632], [-105.1196, 25.0662], [-105.1296, 25.0512], [-105.136, 25.0548], [-105.1394, 25.0496], [-105.148, 25.0543], [-105.1533, 25.0464], [-105.1503, 25.0398], [-105.1572, 25.0374], [-105.1498, 25.0298], [-105.159, 25.0157], [-105.16, 25.001], [-105.1631, 24.9959], [-105.1697, 24.9994], [-105.1746, 24.9919], [-105.1607, 24.9845], [-105.1673, 24.9737], [-105.1751, 24.9745], [-105.185, 24.966], [-105.1938, 24.9453], [-105.2083, 24.9375], [-105.2091, 24.9265], [-105.2157, 24.9186], [-105.2129, 24.9069], [-105.1616, 24.9289], [-105.1408, 24.8992], [-105.2107, 24.8909], [-105.2403, 24.8759], [-105.2665, 24.8726], [-105.2377, 24.8], [-105.2983, 24.784], [-105.2953, 24.7762], [-105.279, 24.7628], [-105.3198, 24.7671], [-105.3174, 24.7506], [-105.3143, 24.7427], [-105.3046, 24.7407], [-105.302, 24.732], [-105.2862, 24.7205], [-105.2895, 24.703], [-105.2808, 24.7079], [-105.2805, 24.7013], [-105.22, 24.7019], [-105.222, 24.684], [-105.2452, 24.6733], [-105.2553, 24.6275], [-105.263, 24.625], [-105.2597, 24.6229], [-105.212, 24.6453], [-105.1648, 24.6723], [-105.1127, 24.6142], [-105.1101, 24.6032], [-105.1014, 24.6066], [-105.0345, 24.5575], [-105.0196, 24.5713], [-105.0366, 24.6084], [-105.0195, 24.6189], [-105.0053, 24.5851], [-104.9007, 24.6842], [-104.9241, 24.6759], [-104.9337, 24.6972], [-104.9282, 24.6987], [-104.9313, 24.7103], [-104.9471, 24.7002], [-104.9501, 24.7041], [-104.9479, 24.7206], [-104.9551, 24.7548], [-104.9315, 24.7608], [-104.9348, 24.768], [-104.9276, 24.7738], [-104.9351, 24.7828], [-104.9292, 24.7935], [-104.8719, 24.8086], [-104.8784, 24.7963], [-104.8529, 24.8151], [-104.8532, 24.8194], [-104.8082, 24.8366], [-104.7948, 24.8325], [-104.7218, 24.845]]]}}, {"type": "Feature", "properties": {"osm_type": "relation", "osm_id": 621918101, "name": "Tepehuanes", "admin_level": "6", "kind": "subdivision_2", "parent_osm_id": 2399740, "parent_name": "Durango", "parent_iso": "MX-DUR"}, "geometry": {"type": "Polygon", "coordinates": [[[-106.6528, 25.5588], [-106.6455, 25.5317], [-106.6474, 25.516], [-106.6426, 25.5118], [-106.645, 25.5038], [-106.6597, 25.493], [-106.6694, 25.4717], [-106.69, 25.4443], [-106.6788, 25.4352], [-106.6751, 25.4113], [-106.6799, 25.4066], [-106.6751, 25.3986], [-106.6698, 25.4017], [-106.6381, 25.3944], [-106.6237, 25.4006], [-106.5931, 25.4018], [-106.5758, 25.3989], [-106.5736, 25.3912], [-106.5602, 25.3837], [-106.5483, 25.397], [-106.5368, 25.3882], [-106.5277, 25.3912], [-106.528, 25.3841], [-106.5231, 25.3853], [-106.5155, 25.3786], [-106.4565, 25.3615], [-106.4409, 25.35], [-106.4363, 25.3324], [-106.4007, 25.3244], [-106.3841, 25.3067], [-106.3671, 25.2985], [-106.3538, 25.2974], [-106.3473, 25.3042], [-106.3245, 25.2958], [-106.3172, 25.3034], [-106.2927, 25.2998], [-106.2826, 25.3136], [-106.2184, 25.3163], [-106.2115, 25.3118], [-106.2125, 25.3014], [-106.203, 25.3001], [-106.2013, 25.2903], [-106.1932, 25.2901], [-106.1919, 25.283], [-106.1846, 25.2851], [-106.1808, 25.2669], [-106.1761, 25.2642], [-106.1808, 25.2561], [-106.1722, 25.2505], [-106.1815, 25.2263], [-106.1939, 25.2262], [-106.1939, 25.2076], [-106.2026, 25.2024], [-106.2137, 25.2192], [-106.2572, 25.2191], [-106.2532, 25.2054], [-106.2226, 25.207], [-106.2273, 25.2025], [-106.2145, 25.1916], [-106.2725, 25.1703], [-106.2461, 25.1027], [-106.2252, 25.091], [-106.1987, 25.1114], [-106.1986, 25.1418], [-106.168, 25.1334], [-106.1617, 25.1198], [-106.1739, 25.1013], [-105.9817, 25.0989], [-105.8923, 25.1059], [-105.8647, 25.0256], [-105.7784, 25.0948], [-105.7896, 25.172], [-105.7986, 25.1838], [-105.7827, 25.2215], [-105.8108, 25.2338], [-105.6826, 25.2235], [-105.6296, 25.169], [-105.5603, 25.189], [-105.5534, 25.1984], [-105.5646, 25.2067], [-105.5787, 25.2299], [-105.5803, 25.2409], [-105.5883, 25.2495], [-105.5959, 25.2507], [-105.5983, 25.2584], [-105.5677, 25.277], [-105.5636, 25.2733], [-105.557, 25.2791], [-105.5454, 25.275], [-105.5383, 25.2911], [-105.5573, 25.3337], [-105.5425, 25.4455], [-105.4907, 25.3843], [-105.4608, 25.3733], [-105.4379, 25.391], [-105.4906, 25.4435], [-105.4764, 25.5262], [-105.4803, 25.5337], [-105.517, 25.545], [-105.5005, 25.5542], [-105.5094, 25.5699], [-105.5308, 25.5823], [-105.5414, 25.5808], [-105.563, 25.6081], [-105.6323, 25.5609], [-105.6405, 25.5764], [-105.6763, 25.5601], [-105.6793, 25.5724], [-105.6887, 25.5688], [-105.7031, 25.5768], [-105.7085, 25.5736], [-105.7129, 25.5919], [-105.7447, 25.6142], [-105.7478, 25.6674], [-105.775, 25.6936], [-105.7986, 25.6778], [-105.7963, 25.6735], [-105.8554, 25.7069], [-105.8999, 25.7195], [-105.9053, 25.7153], [-105.9113, 25.7263], [-105.9276, 25.7231], [-105.9222, 25.7196], [-105.9313, 25.7167], [-105.9449, 25.7344], [-105.949, 25.7348], [-105.952, 25.7273], [-105.9616, 25.7329], [-105.9629, 25.7274], [-105.9778, 25.7416], [-106.0349, 25.7341], [-106.0497, 25.718], [-106.0584, 25.7194], [-106.0632, 25.7267], [-106.0731, 25.7185], [-106.0935, 25.7218], [-106.1081, 25.7351], [-106.1117, 25.7545], [-106.146, 25.7569], [-106.1659, 25.7695], [-106.167, 25.7882], [-106.1878, 25.7858], [-106.2038, 25.8224], [-106.2434, 25.7438], [-106.3445, 25.7958], [-106.464, 25.7417], [-106.4636, 25.729], [-106.5088, 25.7075], [-106.528, 25.6918], [-106.5273, 25.6865], [-106.5364, 25.676], [-106.5655, 25.6666], [-106.5697, 25.6577], [-106.5918, 25.6474], [-106.6293, 25.6038], [-106.6308, 25.5858], [-106.6429, 25.5852], [-106.6556, 25.5752], [-106.6528, 25.5588]]]}}, {"type": "Feature", "properties": {"osm_type": "relation", "osm_id": 836762016, "name": "Súchil", "admin_level": "6", "kind": "subdivision_2", "parent_osm_id": 2399740, "parent_name": "Durango", "parent_iso": "MX-DUR"}, "geometry": {"type": "Polygon", "coordinates": [[[-104.1206, 23.6203], [-104.1875, 23.6143], [-104.2086, 23.628], [-104.2359, 23.6318], [-104.2627, 23.5852], [-104.279, 23.5421], [-104.2845, 23.598], [-104.3539, 23.6209], [-104.3509, 23.6096], [-104.3197, 23.6019], [-104.3145, 23.5968], [-104.3166, 23.5666], [-104.3082, 23.5413], [-104.2795, 23.5331], [-104.2697, 23.5129], [-104.2721, 23.5078], [-104.2938, 23.5004], [-104.3127, 23.481], [-104.3068, 23.4669], [-104.322, 23.4562], [-104.3053, 23.4535], [-104.3058, 23.434], [-104.297, 23.4298], [-104.3395, 23.4286], [-104.318, 23.4058], [-104.2848, 23.4104], [-104.2904, 23.399], [-104.2827, 23.3808], [-104.2837, 23.3533], [-104.2989, 23.3245], [-104.2961, 23.3172], [-104.3073, 23.3068], [-104.3304, 23.3061], [-104.3381, 23.2991], [-104.3483, 23.2609], [-104.3459, 23.2573], [-104.3583, 23.2493], [-104.3555, 23.2393], [-104.3626, 23.2389], [-104.3644, 23.2321], [-104.3599, 23.2231], [-104.3661, 23.2016], [-104.3605, 23.2015], [-104.3595, 23.1867], [-104.3266, 23.155], [-104.3143, 23.1545], [-104.3108, 23.1492], [-104.2976, 23.1502], [-104.2806, 23.1619], [-104.2745, 23.1725], [-104.2588, 23.1786], [-104.2537, 23.1673], [-104.246, 23.1676], [-104.234, 23.1523], [-104.2263, 23.1574], [-104.2184, 23.1581], [-104.216, 23.154], [-104.1977, 23.1602], [-104.1872, 23.1572], [-104.1755, 23.1636], [-104.1721, 23.1284], [-104.129, 23.1822], [-104.1112, 23.3512], [-104.0863, 23.3986], [-104.066, 23.4635], [-103.9963, 23.5147], [-103.9628, 23.5299], [-103.9569, 23.5384], [-103.9503, 23.5385], [-103.9253, 23.557], [-103.9163, 23.5657], [-103.9215, 23.5892], [-103.9123, 23.5881], [-103.9119, 23.5761], [-103.8901, 23.5798], [-103.8899, 23.5849], [-103.9069, 23.6019], [-103.899, 23.604], [-103.8825, 23.5923], [-103.8778, 23.6187], [-103.8734, 23.6205], [-103.8774, 23.629], [-103.8492, 23.6401], [-103.8113, 23.6136], [-103.7935, 23.6309], [-103.7851, 23.6766], [-103.8511, 23.6796], [-103.8443, 23.6846], [-103.841, 23.7013], [-103.9551, 23.672], [-103.9566, 23.6678], [-103.9596, 23.6726], [-103.985, 23.6544], [-104.0012, 23.6651], [-103.9994, 23.6113], [-104.0242, 23.5924], [-104.035, 23.593], [-104.019, 23.6155], [-104.0213, 23.6223], [-104.032, 23.6261], [-104.0298, 23.6312], [-104.0423, 23.6494], [-104.0766, 23.627], [-104.0774, 23.6074], [-104.1067, 23.6096], [-104.1385, 23.6014], [-104.1206, 23.6203]]]}}, {"type": "Feature", "properties": {"osm_type": "relation", "osm_id": 355115996, "name": "San Juan de Guadalupe", "admin_level": "6", "kind": "subdivision_2", "parent_osm_id": 2399740, "parent_name": "Durango", "parent_iso": "MX-DUR"}, "geometry": {"type": "Polygon", "coordinates": [[[-102.8836, 24.751], [-102.8871, 24.7485], [-102.8807, 24.7439], [-102.9304, 24.7127], [-102.9792, 24.7142], [-102.9783, 24.7008], [-102.9831, 24.6952], [-102.994, 24.705], [-102.9846, 24.7144], [-103.0413, 24.6947], [-103.0563, 24.6852], [-103.0385, 24.6541], [-103.0451, 24.6572], [-103.0177, 24.6211], [-103.0187, 24.6167], [-102.9481, 24.5591], [-102.9537, 24.5366], [-102.9342, 24.5085], [-102.9036, 24.4814], [-102.8778, 24.4724], [-102.8818, 24.4647], [-102.8915, 24.4608], [-102.8749, 24.451], [-102.8606, 24.4345], [-102.865, 24.4303], [-102.8586, 24.4229], [-102.8539, 24.4244], [-102.8459, 24.3981], [-102.8317, 24.3847], [-102.8124, 24.3895], [-102.7899, 24.4062], [-102.7811, 24.4027], [-102.7794, 24.3958], [-102.7567, 24.377], [-102.7144, 24.3782], [-102.6991, 24.3743], [-102.6147, 24.398], [-102.6066, 24.4112], [-102.5339, 24.4077], [-102.5267, 24.4162], [-102.5228, 24.4152], [-102.5201, 24.4239], [-102.4803, 24.428], [-102.4731, 24.4452], [-102.487, 24.4442], [-102.4798, 24.4904], [-102.4946, 24.6126], [-102.5122, 24.7097], [-102.5492, 24.8299], [-102.5654, 24.8664], [-102.5662, 24.9022], [-102.6731, 24.9428], [-102.673, 24.9788], [-102.643, 24.9786], [-102.6355, 25.0042], [-102.6289, 25.0083], [-102.643, 25.0278], [-102.6495, 25.028], [-102.6524, 25.0452], [-102.6697, 25.0666], [-102.8531, 24.772], [-102.8564, 24.7398], [-102.8836, 24.751]]]}}, {"type": "Feature", "properties": {"osm_type": "relation", "osm_id": 399566528, "name": "Santa Clara", "admin_level": "6", "kind": "subdivision_2", "parent_osm_id": 2399740, "parent_name": "Durango", "parent_iso": "MX-DUR"}, "geometry": {"type": "Polygon", "coordinates": [[[-103.3309, 24.6854], [-103.3127, 24.6877], [-103.3898, 24.6906], [-103.4059, 24.7287], [-103.4284, 24.7446], [-103.4844, 24.6647], [-103.4359, 24.6442], [-103.4289, 24.6236], [-103.4858, 24.6512], [-103.4925, 24.6608], [-103.528, 24.6437], [-103.5007, 24.5911], [-103.5503, 24.559], [-103.5548, 24.5065], [-103.5339, 24.5143], [-103.5249, 24.5107], [-103.5231, 24.4801], [-103.5269, 24.4613], [-103.5603, 24.4448], [-103.5612, 24.4323], [-103.4976, 24.4262], [-103.5299, 24.4131], [-103.5319, 24.3622], [-103.54, 24.3518], [-103.5623, 24.346], [-103.5601, 24.3233], [-103.601, 24.3077], [-103.6104, 24.2884], [-103.6204, 24.289], [-103.6439, 24.2681], [-103.6474, 24.2493], [-103.6376, 24.2354], [-103.6049, 24.2371], [-103.5905, 24.2307], [-103.5884, 24.2384], [-103.5632, 24.2572], [-103.5688, 24.2708], [-103.5683, 24.2864], [-103.5312, 24.2939], [-103.5238, 24.289], [-103.5068, 24.288], [-103.5045, 24.2958], [-103.485, 24.3009], [-103.4841, 24.3183], [-103.4627, 24.3205], [-103.4483, 24.3326], [-103.4489, 24.3386], [-103.4413, 24.3413], [-103.4305, 24.3601], [-103.4251, 24.3879], [-103.4302, 24.4089], [-103.4216, 24.4166], [-103.4193, 24.4305], [-103.4098, 24.4263], [-103.3941, 24.4321], [-103.3862, 24.423], [-103.3239, 24.4265], [-103.3103, 24.4357], [-103.2826, 24.4288], [-103.2645, 24.4346], [-103.2535, 24.4473], [-103.234, 24.4358], [-103.2366, 24.4271], [-103.2222, 24.4206], [-103.2228, 24.4171], [-103.2021, 24.4245], [-103.1873, 24.4233], [-103.1757, 24.4501], [-103.2077, 24.4765], [-103.2006, 24.4806], [-103.203, 24.5004], [-103.1876, 24.5245], [-103.1956, 24.5285], [-103.2108, 24.5519], [-103.2197, 24.5554], [-103.2268, 24.5432], [-103.2269, 24.5505], [-103.234, 24.5483], [-103.2366, 24.5388], [-103.2514, 24.5416], [-103.2439, 24.568], [-103.3098, 24.5961], [-103.3079, 24.5814], [-103.3173, 24.5791], [-103.3302, 24.6134], [-103.3809, 24.6813], [-103.358, 24.6837], [-103.3501, 24.68], [-103.3309, 24.6854]]]}}, {"type": "Feature", "properties": {"osm_type": "relation", "osm_id": 312430113, "name": "Canatlán", "admin_level": "6", "kind": "subdivision_2", "parent_osm_id": 2399740, "parent_name": "Durango", "parent_iso": "MX-DUR"}, "geometry": {"type": "Polygon", "coordinates": [[[-105.2597, 24.6229], [-105.2733, 24.6234], [-105.2727, 24.6339], [-105.2777, 24.6269], [-105.286, 24.6251], [-105.2872, 24.6176], [-105.2905, 24.6196], [-105.2976, 24.6134], [-105.2937, 24.6352], [-105.3256, 24.6145], [-105.3318, 24.6485], [-105.3356, 24.6498], [-105.3378, 24.6369], [-105.3458, 24.6404], [-105.3606, 24.6112], [-105.3691, 24.6079], [-105.3831, 24.5762], [-105.4057, 24.5741], [-105.3826, 24.5404], [-105.384, 24.5319], [-105.5007, 24.5295], [-105.4517, 24.5038], [-105.4463, 24.4736], [-105.4163, 24.4564], [-105.4219, 24.4527], [-105.4154, 24.4444], [-105.4277, 24.4043], [-105.4376, 24.4013], [-105.4502, 24.3851], [-105.464, 24.3815], [-105.4649, 24.3764], [-105.4461, 24.3668], [-105.4238, 24.3759], [-105.4071, 24.3782], [-105.4007, 24.3735], [-105.3943, 24.3769], [-105.3773, 24.3598], [-105.3689, 24.3598], [-105.3675, 24.3428], [-105.3566, 24.3329], [-105.3424, 24.3409], [-105.2522, 24.3094], [-105.2329, 24.2975], [-105.2265, 24.3281], [-105.1662, 24.3368], [-105.1494, 24.302], [-105.1256, 24.2989], [-105.1324, 24.3213], [-105.1414, 24.3175], [-105.158, 24.3427], [-105.1825, 24.349], [-105.1874, 24.3608], [-105.1941, 24.3579], [-105.1997, 24.365], [-105.1948, 24.3655], [-105.1951, 24.375], [-105.1656, 24.3815], [-105.1648, 24.3768], [-105.1584, 24.3781], [-105.1652, 24.3974], [-105.1251, 24.3897], [-105.1435, 24.4247], [-105.0936, 24.4188], [-105.0362, 24.3551], [-105.0005, 24.325], [-104.9368, 24.3415], [-104.9239, 24.3282], [-104.9162, 24.3326], [-104.9159, 24.3405], [-104.883, 24.3378], [-104.8735, 24.3315], [-104.8837, 24.3164], [-104.9042, 24.2999], [-104.8942, 24.2887], [-104.8794, 24.2939], [-104.8728, 24.2721], [-104.8638, 24.2714], [-104.8493, 24.2145], [-104.8097, 24.215], [-104.8154, 24.2611], [-104.7896, 24.2729], [-104.7938, 24.2996], [-104.7895, 24.3026], [-104.7747, 24.2895], [-104.764, 24.3037], [-104.7426, 24.3116], [-104.7433, 24.3034], [-104.7348, 24.3018], [-104.7359, 24.3115], [-104.7123, 24.3077], [-104.7061, 24.3021], [-104.6735, 24.3029], [-104.6335, 24.3229], [-104.6361, 24.3325], [-104.6243, 24.3397], [-104.5842, 24.3251], [-104.5644, 24.3662], [-104.541, 24.3909], [-104.5262, 24.3828], [-104.4882, 24.4147], [-104.5093, 24.4277], [-104.488, 24.4252], [-104.4817, 24.4377], [-104.4682, 24.4245], [-104.4729, 24.4239], [-104.4717, 24.42], [-104.4597, 24.4156], [-104.4456, 24.4298], [-104.4463, 24.4378], [-104.518, 24.4503], [-104.5178, 24.471], [-104.5229, 24.4702], [-104.5222, 24.4747], [-104.5305, 24.4805], [-104.5207, 24.4819], [-104.5231, 24.5035], [-104.507, 24.5084], [-104.5177, 24.5548], [-104.5379, 24.5381], [-104.5677, 24.5712], [-104.579, 24.5714], [-104.5841, 24.5777], [-104.5804, 24.5951], [-104.5856, 24.6026], [-104.5829, 24.6356], [-104.5665, 24.6714], [-104.5554, 24.6745], [-104.586, 24.6699], [-104.6363, 24.6735], [-104.6985, 24.6968], [-104.7065, 24.7435], [-104.7233, 24.748], [-104.7081, 24.7762], [-104.7355, 24.7836], [-104.7164, 24.8334], [-104.7218, 24.845], [-104.7948, 24.8325], [-104.8082, 24.8366], [-104.8532, 24.8194], [-104.8529, 24.8151], [-104.8784, 24.7963], [-104.8719, 24.8086], [-104.9292, 24.7935], [-104.9351, 24.7828], [-104.9276, 24.7738], [-104.9348, 24.768], [-104.9315, 24.7608], [-104.9551, 24.7548], [-104.9479, 24.7206], [-104.9501, 24.7041], [-104.9471, 24.7002], [-104.9313, 24.7103], [-104.9282, 24.6987], [-104.9337, 24.6972], [-104.9241, 24.6759], [-104.9007, 24.6842], [-105.0053, 24.5851], [-105.0195, 24.6189], [-105.0366, 24.6084], [-105.0196, 24.5713], [-105.0345, 24.5575], [-105.1014, 24.6066], [-105.1101, 24.6032], [-105.1127, 24.6142], [-105.1648, 24.6723], [-105.2597, 24.6229]]]}}, {"type": "Feature", "properties": {"osm_type": "relation", "osm_id": 539316959, "name": "Canelas", "admin_level": "6", "kind": "subdivision_2", "parent_osm_id": 2399740, "parent_name": "Durango", "parent_iso": "MX-DUR"}, "geometry": {"type": "Polygon", "coordinates": [[[-106.6118, 24.9503], [-106.6079, 24.951], [-106.6085, 24.9587], [-106.6147, 24.9802], [-106.5819, 24.9936], [-106.5592, 24.9578], [-106.5067, 24.9504], [-106.4993, 24.9538], [-106.4947, 24.9851], [-106.5017, 25.0022], [-106.4662, 24.9684], [-106.4306, 25.0229], [-106.4213, 25.0239], [-106.397, 25.0694], [-106.3998, 25.072], [-106.3749, 25.101], [-106.3807, 25.0571], [-106.3908, 25.0646], [-106.3874, 25.0414], [-106.3595, 25.0471], [-106.3415, 25.0713], [-106.3253, 25.0809], [-106.3142, 25.0543], [-106.3369, 25.0322], [-106.2703, 24.9914], [-106.2578, 24.9967], [-106.2163, 24.99], [-106.1759, 24.9929], [-106.1902, 25.0237], [-106.1691, 25.0248], [-106.1658, 25.0497], [-106.1733, 25.0491], [-106.1729, 25.0699], [-106.1247, 25.0679], [-106.1247, 25.0788], [-106.1329, 25.0896], [-106.1231, 25.0918], [-106.1231, 25.1018], [-106.1739, 25.1013], [-106.1617, 25.1198], [-106.168, 25.1334], [-106.1913, 25.137], [-106.1922, 25.1419], [-106.1986, 25.1418], [-106.1987, 25.1114], [-106.2252, 25.091], [-106.2461, 25.1027], [-106.258, 25.1297], [-106.2723, 25.108], [-106.3042, 25.1552], [-106.3349, 25.1828], [-106.2873, 25.1972], [-106.373, 25.1824], [-106.3527, 25.1776], [-106.3498, 25.1469], [-106.375, 25.1295], [-106.3822, 25.1363], [-106.39, 25.1358], [-106.4003, 25.1281], [-106.4132, 25.141], [-106.4322, 25.1472], [-106.4051, 25.1656], [-106.4513, 25.1836], [-106.4767, 25.1717], [-106.5786, 25.1664], [-106.5933, 25.1696], [-106.5953, 25.1643], [-106.6148, 25.1564], [-106.6232, 25.145], [-106.6564, 25.1567], [-106.6684, 25.1471], [-106.6752, 25.1474], [-106.6776, 25.1405], [-106.6904, 25.1337], [-106.6939, 25.1248], [-106.709, 25.1186], [-106.7108, 25.111], [-106.6799, 25.094], [-106.6877, 25.0644], [-106.6594, 25.0659], [-106.6669, 25.0441], [-106.6609, 25.0271], [-106.678, 25.0231], [-106.6834, 25.0121], [-106.6625, 24.9607], [-106.6375, 24.9476], [-106.6118, 24.9503]]]}}, {"type": "Feature", "properties": {"osm_type": "relation", "osm_id": 564215678, "name": "Coneto de Comonfort", "admin_level": "6", "kind": "subdivision_2", "parent_osm_id": 2399740, "parent_name": "Durango", "parent_iso": "MX-DUR"}, "geometry": {"type": "Polygon", "coordinates": [[[-104.7218, 24.845], [-104.7164, 24.8334], [-104.7355, 24.7836], [-104.7081, 24.7762], [-104.7233, 24.748], [-104.7065, 24.7435], [-104.7027, 24.756], [-104.6821, 24.7476], [-104.6732, 24.7485], [-104.6655, 24.7923], [-104.6449, 24.7915], [-104.6435, 24.7861], [-104.6314, 24.7915], [-104.6303, 24.8278], [-104.6362, 24.8309], [-104.6337, 24.8479], [-104.6241, 24.8483], [-104.6153, 24.8568], [-104.6213, 24.8635], [-104.6335, 24.861], [-104.6398, 24.8542], [-104.6437, 24.8621], [-104.629, 24.8726], [-104.612, 24.9065], [-104.5627, 24.9332], [-104.5941, 24.9562], [-104.5955, 24.9656], [-104.6272, 24.9959], [-104.6204, 25.0282], [-104.6249, 25.0906], [-104.6508, 25.1287], [-104.6831, 25.1107], [-104.6871, 25.1158], [-104.6807, 25.1207], [-104.6831, 25.1308], [-104.6904, 25.1393], [-104.6988, 25.1311], [-104.7154, 25.1297], [-104.7409, 25.1488], [-104.7743, 25.1272], [-104.7697, 25.1511], [-104.7853, 25.1505], [-104.7715, 25.18], [-104.8251, 25.217], [-104.7983, 25.2736], [-104.8744, 25.2088], [-104.8757, 25.1619], [-104.8945, 25.1705], [-104.8969, 25.1786], [-104.9094, 25.1845], [-104.9134, 25.1785], [-104.9194, 25.1818], [-104.918, 25.1728], [-104.9256, 25.1662], [-104.9263, 25.1773], [-104.9457, 25.1846], [-104.9462, 25.1921], [-104.9567, 25.1987], [-104.9628, 25.2204], [-104.9775, 25.2064], [-104.9949, 25.2182], [-104.9931, 25.1896], [-105.0008, 25.1897], [-105.03, 25.1688], [-105.0406, 25.1654], [-105.0424, 25.1769], [-105.0601, 25.1847], [-105.0966, 25.1726], [-105.0737, 25.1402], [-105.0261, 25.1341], [-105.0375, 25.1119], [-105.0275, 25.1159], [-105.0306, 25.103], [-105.0065, 25.1168], [-105.0018, 25.1013], [-104.982, 25.0817], [-104.9708, 25.0959], [-104.963, 25.0937], [-104.9611, 25.0783], [-104.9522, 25.0814], [-104.9596, 25.054], [-104.9287, 25.0478], [-104.9281, 25.0057], [-104.9144, 25.0049], [-104.9017, 25.0184], [-104.8813, 25.0211], [-104.8564, 25.0056], [-104.8506, 24.9917], [-104.8376, 24.9887], [-104.8378, 24.982], [-104.7982, 24.947], [-104.7903, 24.9297], [-104.7397, 24.9464], [-104.7533, 24.8867], [-104.7218, 24.845]]]}}, {"type": "Feature", "properties": {"osm_type": "relation", "osm_id": 249201865, "name": "Cuencamé", "admin_level": "6", "kind": "subdivision_2", "parent_osm_id": 2399740, "parent_name": "Durango", "parent_iso": "MX-DUR"}, "geometry": {"type": "Polygon", "coordinates": [[[-103.4284, 24.7446], [-103.4031, 24.7803], [-103.3823, 24.8481], [-103.37, 24.8457], [-103.3674, 24.8697], [-103.378, 24.8705], [-103.3781, 24.892], [-103.3411, 24.8883], [-103.3359, 24.9057], [-103.3588, 24.9023], [-103.367, 24.9271], [-103.3643, 24.9493], [-103.3049, 24.9563], [-103.3033, 24.9519], [-103.2889, 24.9524], [-103.2833, 24.9888], [-103.2968, 25.0171], [-103.3583, 25.0181], [-103.3573, 25.0268], [-103.3764, 25.0324], [-103.3786, 25.0267], [-103.4318, 25.0311], [-103.408, 25.0517], [-103.3899, 25.077], [-103.4416, 25.0833], [-103.455, 25.111], [-103.5335, 25.0338], [-103.5653, 25.0545], [-103.5895, 25.0635], [-103.4946, 25.1734], [-103.5414, 25.192], [-103.527, 25.2203], [-103.5305, 25.2219], [-103.6102, 25.1953], [-103.679, 25.1828], [-103.6838, 25.1886], [-103.6939, 25.1909], [-103.7063, 25.185], [-103.707, 25.1892], [-103.7163, 25.1742], [-103.7536, 25.1922], [-103.7689, 25.2286], [-103.7653, 25.2426], [-103.7738, 25.2681], [-103.7673, 25.2748], [-103.778, 25.2701], [-103.7929, 25.2798], [-103.8016, 25.2797], [-103.8052, 25.2708], [-103.8127, 25.2716], [-103.8189, 25.2591], [-103.8232, 25.271], [-103.8239, 25.2608], [-103.8276, 25.2601], [-103.8415, 25.2728], [-103.8324, 25.2524], [-103.8614, 25.1976], [-103.8758, 25.1907], [-103.9196, 25.1342], [-103.9129, 25.1115], [-103.8976, 25.093], [-103.9571, 25.0565], [-103.9484, 25.0408], [-103.9428, 24.9886], [-103.9953, 24.9849], [-103.9944, 24.9629], [-103.9811, 24.9634], [-103.9972, 24.919], [-103.9443, 24.8107], [-103.9007, 24.802], [-103.8663, 24.8363], [-103.8675, 24.8415], [-103.8542, 24.8412], [-103.8216, 24.8308], [-103.8293, 24.8217], [-103.8457, 24.8215], [-103.8311, 24.7938], [-103.8235, 24.7961], [-103.8328, 24.771], [-103.7971, 24.7686], [-103.7995, 24.7339], [-103.818, 24.7382], [-103.8148, 24.7296], [-103.8253, 24.728], [-103.8367, 24.7145], [-103.8434, 24.717], [-103.8423, 24.6953], [-103.8578, 24.6819], [-103.8371, 24.66], [-103.844, 24.6548], [-103.8382, 24.6492], [-103.8523, 24.6338], [-103.8548, 24.6365], [-103.8834, 24.6139], [-103.8933, 24.6205], [-103.8875, 24.6106], [-103.9089, 24.5985], [-103.9085, 24.5888], [-103.9121, 24.5855], [-103.9167, 24.5905], [-103.9286, 24.577], [-103.9333, 24.5787], [-103.9594, 24.5521], [-103.9409, 24.5159], [-103.9721, 24.5025], [-103.97, 24.4985], [-103.9432, 24.5098], [-103.9255, 24.4747], [-103.9134, 24.4653], [-103.9172, 24.4074], [-103.9098, 24.3816], [-103.9461, 24.3883], [-103.9462, 24.394], [-103.9866, 24.4108], [-103.9898, 24.4076], [-104.0046, 24.4183], [-104.0219, 24.4118], [-103.9995, 24.3955], [-103.9688, 24.3947], [-103.9761, 24.3848], [-103.9409, 24.35], [-103.925, 24.3407], [-103.9256, 24.3445], [-103.9012, 24.3483], [-103.8959, 24.3098], [-103.9194, 24.3045], [-103.8984, 24.2574], [-103.9034, 24.2565], [-103.9004, 24.2424], [-103.9148, 24.233], [-103.9238, 24.2519], [-103.9333, 24.2524], [-103.9366, 24.227], [-103.933, 24.2223], [-103.9545, 24.2029], [-103.9532, 24.1966], [-103.9377, 24.1843], [-103.9379, 24.1742], [-103.9255, 24.1642], [-103.9209, 24.1452], [-103.9268, 24.126], [-103.9452, 24.1177], [-103.9343, 24.111], [-103.9645, 24.0927], [-103.9531, 24.0544], [-103.948, 24.0486], [-103.943, 24.0577], [-103.941, 24.0406], [-103.9325, 24.044], [-103.9171, 24.026], [-103.9041, 24.0337], [-103.9129, 24.0478], [-103.9043, 24.0537], [-103.8986, 24.0431], [-103.8676, 24.0398], [-103.8619, 24.0761], [-103.8667, 24.0794], [-103.8614, 24.0861], [-103.8875, 24.1006], [-103.8914, 24.0951], [-103.9053, 24.1039], [-103.8844, 24.1279], [-103.819, 24.087], [-103.8059, 24.0642], [-103.8103, 24.0401], [-103.6952, 24.1303], [-103.6604, 24.1493], [-103.636, 24.1103], [-103.622, 24.1175], [-103.6058, 24.1512], [-103.581, 24.1796], [-103.5661, 24.1852], [-103.5596, 24.1936], [-103.5655, 24.2114], [-103.5565, 24.242], [-103.5632, 24.2572], [-103.5884, 24.2384], [-103.5905, 24.2307], [-103.6049, 24.2371], [-103.6376, 24.2354], [-103.6474, 24.2493], [-103.6439, 24.2681], [-103.6204, 24.289], [-103.6104, 24.2884], [-103.601, 24.3077], [-103.5601, 24.3233], [-103.5623, 24.346], [-103.54, 24.3518], [-103.5319, 24.3622], [-103.5299, 24.4131], [-103.4976, 24.4262], [-103.5612, 24.4323], [-103.5603, 24.4448], [-103.5269, 24.4613], [-103.5231, 24.4801], [-103.5249, 24.5107], [-103.5339, 24.5143], [-103.5548, 24.5065], [-103.5503, 24.559], [-103.5007, 24.5911], [-103.528, 24.6437], [-103.4925, 24.6608], [-103.4858, 24.6512], [-103.4289, 24.6236], [-103.4359, 24.6442], [-103.4844, 24.6647], [-103.4284, 24.7446]]]}}, {"type": "Feature", "properties": {"osm_type": "relation", "osm_id": 667396429, "name": "Durango", "admin_level": "6", "kind": "subdivision_2", "parent_osm_id": 2399740, "parent_name": "Durango", "parent_iso": "MX-DUR"}, "geometry": {"type": "Polygon", "coordinates": [[[-105.2315, 24.2989], [-105.2456, 24.2307], [-105.2534, 24.2318], [-105.2752, 24.2205], [-105.3077, 24.2136], [-105.3078, 24.2086], [-105.3368, 24.2214], [-105.358, 24.2183], [-105.3569, 24.2101], [-105.3736, 24.217], [-105.3917, 24.1957], [-105.4011, 24.2046], [-105.4371, 24.1794], [-105.4123, 24.1849], [-105.4214, 24.1605], [-105.4328, 24.159], [-105.4458, 24.1457], [-105.4603, 24.147], [-105.4624, 24.1401], [-105.4763, 24.1323], [-105.4748, 24.1265], [-105.487, 24.1107], [-105.4918, 24.0776], [-105.4971, 24.079], [-105.4997, 24.072], [-105.5085, 24.0703], [-105.5162, 24.0732], [-105.5564, 24.0367], [-105.5542, 24.0301], [-105.5682, 24.0335], [-105.5725, 24.0281], [-105.5722, 23.9677], [-105.4723, 23.9265], [-105.4759, 23.912], [-105.4497, 23.9161], [-105.4313, 23.9068], [-105.3805, 23.8595], [-105.3224, 23.8637], [-105.3223, 23.8761], [-105.3165, 23.8766], [-105.3125, 23.8685], [-105.2899, 23.8751], [-105.2888, 23.858], [-105.2678, 23.8414], [-105.2682, 23.8365], [-105.2493, 23.8262], [-105.2597, 23.8024], [-105.2594, 23.7928], [-105.2461, 23.7654], [-105.2355, 23.7594], [-105.2759, 23.6887], [-105.2657, 23.6177], [-105.276, 23.6216], [-105.2799, 23.6168], [-105.2622, 23.6041], [-105.2612, 23.596], [-105.2658, 23.5781], [-105.2745, 23.5756], [-105.275, 23.5594], [-105.2573, 23.5618], [-105.2436, 23.5516], [-105.237, 23.5643], [-105.2388, 23.5713], [-105.2139, 23.5767], [-105.2093, 23.5815], [-105.1922, 23.5681], [-105.1971, 23.5541], [-105.1893, 23.552], [-105.1863, 23.5433], [-105.1736, 23.5396], [-105.1674, 23.5316], [-105.1414, 23.5463], [-105.1407, 23.5695], [-105.0003, 23.5016], [-104.9783, 23.5135], [-104.9013, 23.5389], [-104.8501, 23.5473], [-104.8612, 23.4969], [-104.8389, 23.482], [-104.823, 23.4799], [-104.832, 23.405], [-104.8098, 23.3975], [-104.8125, 23.4833], [-104.7292, 23.486], [-104.7281, 23.5099], [-104.7153, 23.5062], [-104.6732, 23.4785], [-104.6521, 23.4973], [-104.6626, 23.5046], [-104.6498, 23.5147], [-104.6691, 23.5325], [-104.5967, 23.5736], [-104.5701, 23.5545], [-104.5221, 23.6355], [-104.5166, 23.6269], [-104.5257, 23.606], [-104.4903, 23.6045], [-104.4865, 23.6101], [-104.4643, 23.6049], [-104.4454, 23.6093], [-104.4467, 23.6189], [-104.4646, 23.6228], [-104.4905, 23.6185], [-104.5014, 23.6382], [-104.4866, 23.6359], [-104.4841, 23.643], [-104.4886, 23.6583], [-104.4684, 23.6604], [-104.4557, 23.6504], [-104.4479, 23.6516], [-104.4467, 23.6447], [-104.4103, 23.6643], [-104.4146, 23.6778], [-104.4224, 23.6887], [-104.4402, 23.6923], [-104.4698, 23.6802], [-104.4767, 23.682], [-104.4998, 23.7063], [-104.5099, 23.7049], [-104.5163, 23.6952], [-104.5413, 23.7061], [-104.5185, 23.7221], [-104.5187, 23.7262], [-104.5447, 23.7389], [-104.5392, 23.7687], [-104.5117, 23.7521], [-104.4809, 23.7453], [-104.4793, 23.7559], [-104.4131, 23.7587], [-104.4041, 23.7898], [-104.4145, 23.789], [-104.4077, 23.8058], [-104.3995, 23.8053], [-104.3913, 23.8514], [-104.3955, 23.8623], [-104.3924, 23.8678], [-104.3997, 23.8794], [-104.3997, 23.9105], [-104.3902, 23.9285], [-104.3896, 23.9435], [-104.3964, 23.9505], [-104.3933, 23.9601], [-104.3681, 23.9502], [-104.3234, 23.9624], [-104.3327, 24.0096], [-104.2954, 24.0099], [-104.3004, 24.0144], [-104.305, 24.0356], [-104.29, 24.0653], [-104.2765, 24.0675], [-104.2694, 24.0601], [-104.2575, 24.0594], [-104.2563, 24.0443], [-104.2491, 24.0348], [-104.2432, 24.0357], [-104.1997, 24.0774], [-104.175, 24.08], [-104.1692, 24.0901], [-104.1467, 24.1061], [-104.1115, 24.1096], [-104.102, 24.1203], [-104.1037, 24.1313], [-104.1167, 24.1418], [-104.1272, 24.1447], [-104.124, 24.1409], [-104.1271, 24.1391], [-104.1381, 24.1433], [-104.1344, 24.1615], [-104.1535, 24.1672], [-104.1341, 24.1885], [-104.1579, 24.2226], [-104.1577, 24.3222], [-104.1612, 24.3141], [-104.1706, 24.315], [-104.1823, 24.3091], [-104.1905, 24.3153], [-104.2033, 24.314], [-104.2147, 24.3189], [-104.219, 24.3142], [-104.2309, 24.3206], [-104.2427, 24.3146], [-104.2471, 24.3205], [-104.2578, 24.3087], [-104.2631, 24.2881], [-104.2983, 24.3092], [-104.3071, 24.2864], [-104.3182, 24.2956], [-104.3327, 24.3204], [-104.3338, 24.3313], [-104.349, 24.3406], [-104.3471, 24.3497], [-104.3603, 24.3644], [-104.3499, 24.3728], [-104.3551, 24.3781], [-104.3813, 24.3581], [-104.3892, 24.3635], [-104.3934, 24.3609], [-104.4168, 24.3779], [-104.4438, 24.3612], [-104.4461, 24.3669], [-104.4321, 24.3787], [-104.434, 24.3819], [-104.4601, 24.3702], [-104.469, 24.3753], [-104.4746, 24.3689], [-104.482, 24.372], [-104.4787, 24.3625], [-104.4993, 24.3545], [-104.4977, 24.3495], [-104.5266, 24.3416], [-104.5352, 24.3444], [-104.5278, 24.3628], [-104.544, 24.3593], [-104.5644, 24.3662], [-104.5842, 24.3251], [-104.6243, 24.3397], [-104.6361, 24.3325], [-104.6335, 24.3229], [-104.6735, 24.3029], [-104.7061, 24.3021], [-104.7123, 24.3077], [-104.7359, 24.3115], [-104.7348, 24.3018], [-104.7433, 24.3034], [-104.7426, 24.3116], [-104.764, 24.3037], [-104.7747, 24.2895], [-104.7895, 24.3026], [-104.7938, 24.2996], [-104.7896, 24.2729], [-104.8154, 24.2611], [-104.8097, 24.215], [-104.8493, 24.2145], [-104.8638, 24.2714], [-104.8728, 24.2721], [-104.8794, 24.2939], [-104.8942, 24.2887], [-104.9042, 24.2999], [-104.8837, 24.3164], [-104.8735, 24.3315], [-104.883, 24.3378], [-104.9159, 24.3405], [-104.9162, 24.3326], [-104.9239, 24.3282], [-104.9368, 24.3415], [-105.0005, 24.325], [-105.0362, 24.3551], [-105.0936, 24.4188], [-105.1435, 24.4247], [-105.1251, 24.3897], [-105.1652, 24.3974], [-105.1584, 24.3781], [-105.1648, 24.3768], [-105.1656, 24.3815], [-105.1951, 24.375], [-105.1948, 24.3655], [-105.1997, 24.365], [-105.1941, 24.3579], [-105.1874, 24.3608], [-105.1825, 24.349], [-105.158, 24.3427], [-105.1414, 24.3175], [-105.1324, 24.3213], [-105.1256, 24.2989], [-105.1494, 24.302], [-105.1662, 24.3368], [-105.2265, 24.3281], [-105.2315, 24.2989]]]}}, {"type": "Feature", "properties": {"osm_type": "relation", "osm_id": 712076523, "name": "Guadalupe Victoria", "admin_level": "6", "kind": "subdivision_2", "parent_osm_id": 2399740, "parent_name": "Durango", "parent_iso": "MX-DUR"}, "geometry": {"type": "Polygon", "coordinates": [[[-103.97, 24.4985], [-103.9954, 24.4843], [-104.0038, 24.5003], [-104.01, 24.5013], [-104.0054, 24.5033], [-104.0365, 24.6122], [-104.0353, 24.6291], [-104.0275, 24.6329], [-104.0357, 24.6429], [-104.0258, 24.6505], [-104.0395, 24.6694], [-104.0461, 24.6716], [-104.0476, 24.6811], [-104.0648, 24.6291], [-104.1033, 24.6524], [-104.1282, 24.6835], [-104.1822, 24.68], [-104.2639, 24.6316], [-104.2157, 24.5914], [-104.267, 24.5857], [-104.2257, 24.558], [-104.2239, 24.5416], [-104.233, 24.5349], [-104.2549, 24.5337], [-104.2574, 24.523], [-104.2122, 24.5231], [-104.2049, 24.5125], [-104.2108, 24.5074], [-104.2041, 24.4928], [-104.1858, 24.4834], [-104.1806, 24.4693], [-104.1719, 24.465], [-104.1745, 24.458], [-104.17, 24.4528], [-104.1781, 24.4484], [-104.1831, 24.4555], [-104.1945, 24.4472], [-104.1763, 24.4342], [-104.1999, 24.4154], [-104.2075, 24.3881], [-104.2024, 24.3853], [-104.1843, 24.3925], [-104.1774, 24.3788], [-104.1871, 24.3762], [-104.1851, 24.3721], [-104.1708, 24.3764], [-104.1674, 24.3699], [-104.2542, 24.3486], [-104.2616, 24.2986], [-104.2471, 24.3205], [-104.2427, 24.3146], [-104.2309, 24.3206], [-104.219, 24.3142], [-104.2147, 24.3189], [-104.2033, 24.314], [-104.1905, 24.3153], [-104.1823, 24.3091], [-104.1706, 24.315], [-104.1612, 24.3141], [-104.1577, 24.3222], [-104.1559, 24.2861], [-104.1607, 24.2845], [-104.1579, 24.2226], [-104.1535, 24.2137], [-104.1207, 24.2235], [-104.1207, 24.236], [-104.1261, 24.2429], [-104.121, 24.2498], [-104.1129, 24.2494], [-104.0891, 24.2209], [-104.0528, 24.2], [-104.0478, 24.1698], [-104.0408, 24.1695], [-104.0284, 24.1544], [-104.0114, 24.1578], [-103.9452, 24.1177], [-103.9268, 24.126], [-103.9209, 24.1452], [-103.9255, 24.1642], [-103.9379, 24.1742], [-103.9377, 24.1843], [-103.9532, 24.1966], [-103.9545, 24.2029], [-103.933, 24.2223], [-103.9366, 24.227], [-103.9333, 24.2524], [-103.9238, 24.2519], [-103.9148, 24.233], [-103.9004, 24.2424], [-103.9034, 24.2565], [-103.8984, 24.2574], [-103.9194, 24.3045], [-103.8959, 24.3098], [-103.9012, 24.3483], [-103.9256, 24.3445], [-103.925, 24.3407], [-103.9409, 24.35], [-103.9761, 24.3848], [-103.9688, 24.3947], [-103.9995, 24.3955], [-104.0219, 24.4118], [-104.0046, 24.4183], [-103.9898, 24.4076], [-103.9866, 24.4108], [-103.9462, 24.394], [-103.9461, 24.3883], [-103.9098, 24.3816], [-103.9172, 24.4074], [-103.9134, 24.4653], [-103.9255, 24.4747], [-103.9432, 24.5098], [-103.97, 24.4985]]]}}, {"type": "Feature", "properties": {"osm_type": "relation", "osm_id": 779196833, "name": "Hidalgo", "admin_level": "6", "kind": "subdivision_2", "parent_osm_id": 2399740, "parent_name": "Durango", "parent_iso": "MX-DUR"}, "geometry": {"type": "Polygon", "coordinates": [[[-104.8589, 26.5046], [-104.8989, 26.51], [-104.9367, 26.4837], [-104.9444, 26.4683], [-104.9632, 26.4734], [-104.9696, 26.466], [-104.9562, 26.4628], [-104.9631, 26.4492], [-104.9977, 26.4556], [-105.0056, 26.4485], [-105.015, 26.4483], [-105.0271, 26.4369], [-105.0526, 26.4298], [-105.0564, 26.4123], [-105.277, 26.2012], [-105.2506, 26.1683], [-105.2429, 26.1687], [-105.2347, 26.1605], [-105.2239, 26.146], [-105.2189, 26.1298], [-105.2078, 26.1198], [-105.1856, 26.0845], [-105.1545, 26.1152], [-105.1134, 26.0744], [-105.1022, 26.0726], [-105.1042, 26.0445], [-105.1125, 26.0379], [-105.0938, 26.0348], [-105.0697, 26.0492], [-105.0662, 26.0424], [-105.0842, 26.0261], [-105.0797, 26.0197], [-105.0638, 26.0266], [-105.0479, 26.0256], [-105.0241, 26.0081], [-105.0068, 26.0086], [-105.016, 25.9863], [-105.0139, 25.9713], [-105.0303, 25.9494], [-104.9468, 25.8305], [-104.9358, 25.8216], [-104.9054, 25.7556], [-104.8472, 25.7078], [-104.7912, 25.6509], [-104.7697, 25.6111], [-104.7144, 25.5802], [-104.6626, 25.6042], [-104.6388, 25.6213], [-104.6364, 25.6374], [-104.6423, 25.6411], [-104.6459, 25.6524], [-104.6052, 25.6774], [-104.5834, 25.6698], [-104.5664, 25.6715], [-104.5412, 25.6846], [-104.53, 25.6985], [-104.5324, 25.7038], [-104.5495, 25.7085], [-104.5718, 25.7303], [-104.5949, 25.7633], [-104.4429, 25.819], [-104.4547, 25.8242], [-104.4312, 25.8266], [-104.4289, 25.8394], [-104.4438, 25.8897], [-104.4897, 25.8876], [-104.4939, 25.8806], [-104.5147, 25.9144], [-104.5414, 25.9056], [-104.5618, 25.9147], [-104.5919, 25.9444], [-104.6117, 25.9515], [-104.6024, 25.9693], [-104.5698, 26.0042], [-104.582, 26.0912], [-104.4976, 26.1254], [-104.4981, 26.208], [-104.4915, 26.2259], [-104.5618, 26.2956], [-104.5745, 26.3405], [-104.5939, 26.3804], [-104.6201, 26.3688], [-104.6453, 26.3916], [-104.6541, 26.3911], [-104.6773, 26.4293], [-104.6867, 26.4331], [-104.7097, 26.4559], [-104.7133, 26.4665], [-104.7213, 26.4689], [-104.729, 26.4793], [-104.7372, 26.4794], [-104.7478, 26.4924], [-104.761, 26.4858], [-104.7912, 26.5046], [-104.8093, 26.5085], [-104.8589, 26.5046]]]}}, {"type": "Feature", "properties": {"osm_type": "relation", "osm_id": 416524909, "name": "Indé", "admin_level": "6", "kind": "subdivision_2", "parent_osm_id": 2399740, "parent_name": "Durango", "parent_iso": "MX-DUR"}, "geometry": {"type": "Polygon", "coordinates": [[[-105.2194, 26.1333], [-105.2286, 26.1313], [-105.2363, 26.1193], [-105.2861, 26.1035], [-105.3374, 26.0713], [-105.3549, 26.0711], [-105.3339, 26.026], [-105.326, 26.0387], [-105.3168, 26.0247], [-105.3216, 26.0189], [-105.3026, 25.985], [-105.3224, 25.9759], [-105.3178, 25.951], [-105.3076, 25.9412], [-105.3193, 25.9172], [-105.3223, 25.8927], [-105.2999, 25.8981], [-105.3012, 25.8717], [-105.2945, 25.8692], [-105.273, 25.8347], [-105.2755, 25.833], [-105.237, 25.8287], [-105.2286, 25.8069], [-105.2292, 25.7897], [-105.2457, 25.7658], [-105.2254, 25.7448], [-105.2214, 25.7318], [-105.2288, 25.7254], [-105.2204, 25.7235], [-105.2147, 25.7106], [-105.2223, 25.7012], [-105.2129, 25.6937], [-105.2049, 25.694], [-105.1899, 25.7074], [-105.1651, 25.6946], [-105.1497, 25.6921], [-105.1201, 25.726], [-105.1162, 25.744], [-105.1111, 25.7436], [-105.1015, 25.7244], [-105.0815, 25.7162], [-105.0674, 25.6983], [-105.0925, 25.6803], [-105.0776, 25.6544], [-105.082, 25.6235], [-105.0729, 25.6067], [-105.0687, 25.5794], [-105.0426, 25.5453], [-105.06, 25.5352], [-105.0574, 25.5277], [-105.0633, 25.5081], [-105.0438, 25.505], [-104.9889, 25.4459], [-104.9615, 25.4705], [-104.9574, 25.4946], [-104.9303, 25.496], [-104.9309, 25.4716], [-104.9124, 25.4659], [-104.9142, 25.4486], [-104.9096, 25.4379], [-104.9054, 25.454], [-104.8938, 25.4413], [-104.8828, 25.4503], [-104.8516, 25.4415], [-104.8398, 25.4306], [-104.83, 25.4291], [-104.8324, 25.4173], [-104.8215, 25.4237], [-104.813, 25.4217], [-104.8083, 25.4032], [-104.7946, 25.3974], [-104.7953, 25.3866], [-104.7887, 25.3849], [-104.7802, 25.3905], [-104.7696, 25.3865], [-104.7687, 25.376], [-104.7588, 25.3734], [-104.7564, 25.3661], [-104.7302, 25.3608], [-104.7154, 25.3432], [-104.7097, 25.3617], [-104.6744, 25.3404], [-104.6594, 25.3703], [-104.6439, 25.3612], [-104.6254, 25.395], [-104.6424, 25.3988], [-104.6222, 25.4264], [-104.6124, 25.4282], [-104.6118, 25.4416], [-104.5953, 25.4429], [-104.598, 25.4715], [-104.6067, 25.4712], [-104.6094, 25.4786], [-104.6069, 25.5165], [-104.596, 25.5254], [-104.614, 25.5302], [-104.6375, 25.5558], [-104.6342, 25.5619], [-104.6652, 25.6028], [-104.7144, 25.5802], [-104.7697, 25.6111], [-104.7912, 25.6509], [-104.8472, 25.7078], [-104.9054, 25.7556], [-104.9358, 25.8216], [-104.9468, 25.8305], [-105.0303, 25.9494], [-105.0139, 25.9713], [-105.016, 25.9863], [-105.0068, 26.0086], [-105.0241, 26.0081], [-105.0479, 26.0256], [-105.0638, 26.0266], [-105.0797, 26.0197], [-105.0842, 26.0261], [-105.0662, 26.0424], [-105.0697, 26.0492], [-105.0938, 26.0348], [-105.1125, 26.0379], [-105.1042, 26.0445], [-105.1022, 26.0726], [-105.1134, 26.0744], [-105.1545, 26.1152], [-105.1856, 26.0845], [-105.2194, 26.1333]]]}}, {"type": "Feature", "properties": {"osm_type": "relation", "osm_id": 145533092, "name": "Mapimí", "admin_level": "6", "kind": "subdivision_2", "parent_osm_id": 2399740, "parent_name": "Durango", "parent_iso": "MX-DUR"}, "geometry": {"type": "Polygon", "coordinates": [[[-104.5745, 26.3405], [-104.5618, 26.2956], [-104.4915, 26.2259], [-104.4981, 26.208], [-104.4976, 26.1254], [-104.582, 26.0912], [-104.5698, 26.0042], [-104.6024, 25.9693], [-104.6117, 25.9515], [-104.5919, 25.9444], [-104.5618, 25.9147], [-104.5414, 25.9056], [-104.5147, 25.9144], [-104.4939, 25.8806], [-104.4897, 25.8876], [-104.4438, 25.8897], [-104.4398, 25.873], [-104.4269, 25.8868], [-104.42, 25.8855], [-104.4151, 25.8724], [-104.4008, 25.8736], [-104.4037, 25.8826], [-104.3215, 25.87], [-104.3125, 25.8361], [-104.365, 25.8268], [-104.2988, 25.8341], [-104.301, 25.8248], [-104.2954, 25.8254], [-104.287, 25.8003], [-104.2871, 25.7701], [-104.2949, 25.7562], [-104.2607, 25.7181], [-104.2214, 25.7709], [-104.2048, 25.7665], [-104.2032, 25.7536], [-104.1594, 25.7625], [-104.154, 25.7557], [-104.1546, 25.7466], [-104.1461, 25.7497], [-104.1375, 25.7449], [-104.1356, 25.7415], [-104.1542, 25.7324], [-104.168, 25.6456], [-104.1867, 25.6426], [-104.1848, 25.6219], [-104.15, 25.5721], [-104.1231, 25.5643], [-104.1259, 25.5712], [-104.1145, 25.574], [-104.1055, 25.5644], [-104.0929, 25.586], [-104.0874, 25.586], [-104.0818, 25.582], [-104.0708, 25.5503], [-104.0524, 25.5512], [-104.0434, 25.5736], [-104.0282, 25.5725], [-104.0175, 25.5793], [-104.0161, 25.5442], [-103.9802, 25.5531], [-103.9364, 25.4916], [-103.8989, 25.4984], [-103.8935, 25.4742], [-103.8633, 25.4799], [-103.8871, 25.5406], [-103.8557, 25.5394], [-103.8617, 25.5533], [-103.8654, 25.5609], [-103.9138, 25.5627], [-103.9096, 25.624], [-103.8982, 25.6277], [-103.9449, 25.6881], [-103.9543, 25.6834], [-103.9664, 25.7152], [-103.9264, 25.7282], [-103.9345, 25.7436], [-103.9286, 25.747], [-103.9393, 25.7526], [-103.9128, 25.7674], [-103.8457, 25.7676], [-103.814, 25.7585], [-103.7055, 25.748], [-103.6905, 25.7347], [-103.634, 25.7523], [-103.6281, 25.7601], [-103.6343, 25.7676], [-103.6257, 25.7779], [-103.6227, 25.7711], [-103.6167, 25.7751], [-103.619, 25.7866], [-103.6151, 25.7879], [-103.6052, 25.8428], [-103.5819, 25.8586], [-103.5663, 25.8967], [-103.5772, 25.8994], [-103.5733, 25.9125], [-103.5839, 25.9161], [-103.5889, 25.9125], [-103.5931, 25.9254], [-103.6276, 25.9013], [-103.7002, 26.0817], [-103.8381, 26.2101], [-104.0102, 26.3952], [-103.9545, 26.4401], [-103.961, 26.4471], [-103.953, 26.4535], [-103.9751, 26.4773], [-103.9524, 26.5003], [-103.9449, 26.5419], [-103.9475, 26.5579], [-104.0161, 26.5601], [-104.013, 26.5677], [-104.0237, 26.5684], [-104.0147, 26.5972], [-104.0153, 26.6299], [-104.0292, 26.6328], [-104.044, 26.6428], [-103.9326, 26.754], [-103.9938, 26.7536], [-103.995, 26.7775], [-104.0332, 26.7744], [-104.0457, 26.743], [-104.1839, 26.7736], [-104.2278, 26.7772], [-104.273, 26.8423], [-104.2819, 26.8356], [-104.2836, 26.8253], [-104.2949, 26.8178], [-104.2862, 26.8152], [-104.2915, 26.8158], [-104.3153, 26.7991], [-104.3053, 26.7929], [-104.3018, 26.7719], [-104.3173, 26.7607], [-104.2998, 26.7519], [-104.2865, 26.7254], [-104.3068, 26.7072], [-104.3058, 26.7007], [-104.3304, 26.6565], [-104.3754, 26.6407], [-104.4382, 26.5995], [-104.4686, 26.5203], [-104.4959, 26.4669], [-104.5031, 26.465], [-104.4956, 26.4368], [-104.5011, 26.4145], [-104.5745, 26.3405]]]}}, {"type": "Feature", "properties": {"osm_type": "relation", "osm_id": 482312288, "name": "Mezquital", "admin_level": "6", "kind": "subdivision_2", "parent_osm_id": 2399740, "parent_name": "Durango", "parent_iso": "MX-DUR"}, "geometry": {"type": "Polygon", "coordinates": [[[-104.2383, 23.6306], [-104.2798, 23.6308], [-104.2801, 23.6619], [-104.2726, 23.6688], [-104.2792, 23.679], [-104.2703, 23.6804], [-104.2694, 23.7111], [-104.2726, 23.7157], [-104.2871, 23.7184], [-104.2976, 23.7322], [-104.2983, 23.7504], [-104.3062, 23.7397], [-104.331, 23.7522], [-104.3551, 23.7449], [-104.3586, 23.7509], [-104.3892, 23.7508], [-104.4115, 23.7655], [-104.4131, 23.7587], [-104.4405, 23.7547], [-104.4793, 23.7559], [-104.4809, 23.7453], [-104.5117, 23.7521], [-104.5392, 23.7687], [-104.5447, 23.7389], [-104.5187, 23.7262], [-104.5185, 23.7221], [-104.5413, 23.7061], [-104.5163, 23.6952], [-104.5099, 23.7049], [-104.4998, 23.7063], [-104.4767, 23.682], [-104.4698, 23.6802], [-104.4402, 23.6923], [-104.4224, 23.6887], [-104.4146, 23.6778], [-104.4103, 23.6643], [-104.4467, 23.6447], [-104.4479, 23.6516], [-104.4557, 23.6504], [-104.4684, 23.6604], [-104.4886, 23.6583], [-104.4841, 23.643], [-104.4866, 23.6359], [-104.5014, 23.6382], [-104.4905, 23.6185], [-104.4646, 23.6228], [-104.4467, 23.6189], [-104.4454, 23.6093], [-104.4643, 23.6049], [-104.4865, 23.6101], [-104.4903, 23.6045], [-104.5257, 23.606], [-104.5166, 23.6269], [-104.5221, 23.6355], [-104.5701, 23.5545], [-104.5967, 23.5736], [-104.6691, 23.5325], [-104.6498, 23.5147], [-104.6626, 23.5046], [-104.6521, 23.4973], [-104.6732, 23.4785], [-104.7153, 23.5062], [-104.7281, 23.5099], [-104.7292, 23.486], [-104.8125, 23.4833], [-104.8079, 23.3709], [-104.7645, 23.4223], [-104.7552, 23.4064], [-104.7711, 23.3896], [-104.7786, 23.3606], [-104.8005, 23.3489], [-104.8021, 23.3251], [-104.8075, 23.3185], [-104.8014, 23.2989], [-104.8149, 23.2902], [-104.8193, 23.2697], [-104.8182, 23.2533], [-104.8067, 23.2389], [-104.8169, 23.2244], [-104.8084, 23.2133], [-104.7915, 23.2057], [-104.7923, 23.1634], [-104.8024, 23.1542], [-104.7928, 23.1398], [-104.7938, 23.133], [-104.8102, 23.1237], [-104.8308, 23.0943], [-104.8446, 23.0936], [-104.8595, 23.0812], [-104.8669, 23.0856], [-104.8708, 23.0775], [-104.8778, 23.0769], [-104.8742, 23.0696], [-104.891, 23.0658], [-104.8942, 23.0597], [-104.9217, 23.0443], [-104.9307, 23.0426], [-104.9371, 23.0478], [-104.951, 23.0367], [-104.9734, 23.0292], [-104.9849, 23.0167], [-104.9994, 23.0117], [-104.995, 23.002], [-105.0019, 22.9929], [-105.0119, 22.9932], [-105.0033, 22.977], [-105.0083, 22.9685], [-104.9969, 22.952], [-105.01, 22.9224], [-105.0001, 22.9089], [-105.0051, 22.9036], [-104.9878, 22.8883], [-104.9884, 22.836], [-104.959, 22.8136], [-104.9517, 22.8218], [-104.9405, 22.8162], [-104.9342, 22.8273], [-104.9184, 22.8198], [-104.9083, 22.8076], [-104.911, 22.8013], [-104.9056, 22.7996], [-104.9134, 22.7905], [-104.9097, 22.7844], [-104.9156, 22.7485], [-104.8927, 22.7374], [-105.0573, 22.6881], [-105.0684, 22.6784], [-105.0724, 22.6565], [-105.0076, 22.5857], [-104.9879, 22.4987], [-104.9605, 22.5053], [-104.8625, 22.6071], [-104.8584, 22.6483], [-104.8401, 22.6511], [-104.84, 22.6459], [-104.8167, 22.6397], [-104.8147, 22.6342], [-104.804, 22.6403], [-104.8043, 22.6487], [-104.7886, 22.6479], [-104.7794, 22.6432], [-104.7741, 22.6325], [-104.7798, 22.6033], [-104.7726, 22.5919], [-104.7759, 22.5851], [-104.7676, 22.5814], [-104.7598, 22.5687], [-104.7361, 22.5579], [-104.7282, 22.5589], [-104.7198, 22.569], [-104.7152, 22.5559], [-104.7087, 22.5546], [-104.681, 22.5591], [-104.67, 22.5653], [-104.6676, 22.5625], [-104.6558, 22.5401], [-104.6537, 22.5242], [-104.6553, 22.4622], [-104.6026, 22.4605], [-104.6054, 22.4455], [-104.5972, 22.4368], [-104.5931, 22.412], [-104.5885, 22.4127], [-104.5821, 22.4004], [-104.5719, 22.3939], [-104.5609, 22.3948], [-104.5574, 22.3858], [-104.5513, 22.3889], [-104.5479, 22.3765], [-104.5359, 22.3648], [-104.5187, 22.3606], [-104.5065, 22.3452], [-104.4939, 22.3512], [-104.4846, 22.3493], [-104.4812, 22.3527], [-104.495, 22.3605], [-104.4879, 22.3689], [-104.4954, 22.3763], [-104.3715, 22.4217], [-104.3488, 22.4097], [-104.3445, 22.4176], [-104.3357, 22.4203], [-104.337, 22.424], [-104.3309, 22.4242], [-104.3306, 22.4322], [-104.3293, 22.4283], [-104.3202, 22.4301], [-104.3222, 22.4353], [-104.3154, 22.4482], [-104.299, 22.4617], [-104.2961, 22.473], [-104.3028, 22.492], [-104.3195, 22.5177], [-104.319, 22.5321], [-104.3258, 22.5374], [-104.3211, 22.5355], [-104.3141, 22.5407], [-104.3112, 22.554], [-104.3057, 22.5579], [-104.2888, 22.553], [-104.2782, 22.5831], [-104.2706, 22.589], [-104.2614, 22.5862], [-104.2605, 22.5962], [-104.2725, 22.605], [-104.2833, 22.6217], [-104.2737, 22.6271], [-104.2693, 22.6358], [-104.2818, 22.6458], [-104.29, 22.6456], [-104.2807, 22.6534], [-104.2883, 22.6635], [-104.2749, 22.682], [-104.2776, 22.7024], [-104.2627, 22.7176], [-104.2692, 22.7209], [-104.2663, 22.7365], [-104.2508, 22.748], [-104.2321, 22.7531], [-104.2246, 22.7667], [-104.2274, 22.7766], [-104.221, 22.7794], [-104.1996, 22.7765], [-104.1822, 22.7583], [-104.1574, 22.7597], [-104.1393, 22.7684], [-104.1194, 22.7623], [-104.1072, 22.7686], [-104.0953, 22.7592], [-104.0805, 22.7666], [-104.0824, 22.7736], [-104.0938, 22.7788], [-104.0922, 22.7885], [-104.0968, 22.7881], [-104.1002, 22.7948], [-104.0952, 22.8058], [-104.1115, 22.8103], [-104.1062, 22.8131], [-104.1102, 22.8225], [-104.1043, 22.8336], [-104.1168, 22.851], [-104.1159, 22.8553], [-104.1063, 22.8569], [-104.1075, 22.8848], [-104.1177, 22.8977], [-104.1126, 22.9051], [-104.1321, 22.9044], [-104.1377, 22.9199], [-104.15, 22.9216], [-104.1554, 22.9309], [-104.1541, 22.9378], [-104.1666, 22.9452], [-104.1682, 22.9642], [-104.1628, 22.9749], [-104.1736, 22.9824], [-104.1721, 23.1284], [-104.1755, 23.1636], [-104.1872, 23.1572], [-104.1977, 23.1602], [-104.216, 23.154], [-104.2184, 23.1581], [-104.2263, 23.1574], [-104.234, 23.1523], [-104.246, 23.1676], [-104.2537, 23.1673], [-104.2588, 23.1786], [-104.2745, 23.1725], [-104.2806, 23.1619], [-104.2948, 23.1517], [-104.3108, 23.1492], [-104.3424, 23.1669], [-104.3595, 23.1867], [-104.3605, 23.2015], [-104.3661, 23.2016], [-104.3604, 23.2172], [-104.3645, 23.2266], [-104.3626, 23.2389], [-104.3555, 23.2393], [-104.3583, 23.2493], [-104.3459, 23.2573], [-104.3483, 23.2609], [-104.3381, 23.2991], [-104.3304, 23.3061], [-104.3073, 23.3068], [-104.2961, 23.3172], [-104.2989, 23.3245], [-104.2837, 23.3533], [-104.2827, 23.3808], [-104.2904, 23.399], [-104.2848, 23.4104], [-104.318, 23.4058], [-104.3395, 23.4286], [-104.297, 23.4298], [-104.3058, 23.434], [-104.3053, 23.4535], [-104.322, 23.4562], [-104.3068, 23.4669], [-104.3127, 23.481], [-104.2938, 23.5004], [-104.2721, 23.5078], [-104.2697, 23.5129], [-104.2795, 23.5331], [-104.3082, 23.5413], [-104.3166, 23.5666], [-104.3145, 23.5968], [-104.3197, 23.6019], [-104.3509, 23.6096], [-104.3539, 23.6209], [-104.2845, 23.598], [-104.279, 23.5421], [-104.2627, 23.5852], [-104.2383, 23.6306]]]}}, {"type": "Feature", "properties": {"osm_type": "relation", "osm_id": 661972471, "name": "Nazas", "admin_level": "6", "kind": "subdivision_2", "parent_osm_id": 2399740, "parent_name": "Durango", "parent_iso": "MX-DUR"}, "geometry": {"type": "Polygon", "coordinates": [[[-103.778, 25.2701], [-103.8227, 25.3501], [-103.8093, 25.3628], [-103.793, 25.3926], [-103.8483, 25.4613], [-103.9023, 25.4525], [-103.905, 25.4721], [-103.9494, 25.4583], [-103.9711, 25.5058], [-103.9678, 25.5175], [-103.9722, 25.5202], [-103.9776, 25.5497], [-103.9802, 25.5531], [-104.0161, 25.5442], [-104.0175, 25.5793], [-104.0282, 25.5725], [-104.0434, 25.5736], [-104.0524, 25.5512], [-104.0708, 25.5503], [-104.0818, 25.582], [-104.0874, 25.586], [-104.0929, 25.586], [-104.1055, 25.5644], [-104.1145, 25.574], [-104.1259, 25.5712], [-104.1231, 25.5643], [-104.15, 25.5721], [-104.15, 25.56], [-104.1924, 25.5529], [-104.1932, 25.5455], [-104.1838, 25.5091], [-104.174, 25.4898], [-104.163, 25.4827], [-104.1415, 25.5112], [-104.1283, 25.4894], [-104.1309, 25.4848], [-104.1265, 25.4725], [-104.1336, 25.4678], [-104.1345, 25.4606], [-104.1526, 25.471], [-104.1653, 25.4647], [-104.1685, 25.4518], [-104.1633, 25.4445], [-104.164, 25.4244], [-104.1518, 25.4255], [-104.1283, 25.3982], [-104.1243, 25.3667], [-104.138, 25.3647], [-104.1199, 25.3224], [-104.1688, 25.3105], [-104.1859, 25.3249], [-104.1994, 25.3162], [-104.2008, 25.3094], [-104.3128, 25.2653], [-104.3341, 25.2682], [-104.3324, 25.2733], [-104.3513, 25.279], [-104.3593, 25.2681], [-104.3639, 25.2714], [-104.3652, 25.2672], [-104.374, 25.2658], [-104.3698, 25.2591], [-104.3821, 25.2518], [-104.3679, 25.2563], [-104.3668, 25.1987], [-104.3568, 25.1895], [-104.3654, 25.1835], [-104.366, 25.1286], [-104.3835, 25.1339], [-104.3744, 25.1105], [-104.3748, 25.0712], [-104.3626, 25.0569], [-104.3566, 25.0219], [-104.341, 25.0115], [-104.3377, 25.0161], [-104.3146, 25.0192], [-104.311, 25.0267], [-104.2992, 25.0311], [-104.291, 25.019], [-104.2894, 24.9947], [-104.2732, 24.9977], [-104.2618, 25.0169], [-104.2493, 25.0037], [-104.2139, 25.0212], [-104.2186, 25.0524], [-104.1705, 25.0486], [-104.1827, 24.9984], [-104.1586, 24.9968], [-104.1475, 24.9898], [-104.1282, 24.9921], [-104.104, 25.0123], [-104.1038, 25.0369], [-104.098, 25.0532], [-104.0556, 24.9557], [-104.0278, 24.9699], [-103.9944, 24.9629], [-103.9953, 24.9849], [-103.9428, 24.9886], [-103.9484, 25.0408], [-103.9571, 25.0565], [-103.8976, 25.093], [-103.9129, 25.1115], [-103.9196, 25.1342], [-103.8758, 25.1907], [-103.8614, 25.1976], [-103.8324, 25.2524], [-103.8415, 25.2728], [-103.8276, 25.2601], [-103.8239, 25.2608], [-103.8232, 25.271], [-103.8189, 25.2591], [-103.8127, 25.2716], [-103.8052, 25.2708], [-103.8016, 25.2797], [-103.7929, 25.2798], [-103.778, 25.2701]]]}}, {"type": "Feature", "properties": {"osm_type": "relation", "osm_id": 367912944, "name": "Nombre de Dios", "admin_level": "6", "kind": "subdivision_2", "parent_osm_id": 2399740, "parent_name": "Durango", "parent_iso": "MX-DUR"}, "geometry": {"type": "Polygon", "coordinates": [[[-103.9481, 23.8259], [-104.0459, 23.8368], [-104.0484, 23.8426], [-104.0282, 23.844], [-104.0275, 23.8495], [-104.0405, 23.8527], [-104.0427, 23.862], [-104.0228, 23.8617], [-104.0422, 23.8657], [-104.0429, 23.8822], [-104.0901, 23.8873], [-104.0991, 23.8747], [-104.1069, 23.8792], [-104.1246, 23.9061], [-104.1416, 23.8975], [-104.153, 23.9106], [-104.163, 23.9117], [-104.169, 23.9028], [-104.181, 23.9084], [-104.1894, 23.9017], [-104.197, 23.9103], [-104.1912, 23.922], [-104.1539, 23.9309], [-104.1561, 23.9483], [-104.1304, 23.9486], [-104.1358, 23.968], [-104.1573, 23.9646], [-104.1596, 23.9485], [-104.1766, 23.959], [-104.2063, 23.9486], [-104.2128, 23.9393], [-104.2332, 23.9383], [-104.2401, 23.9743], [-104.2534, 23.9803], [-104.2283, 23.9864], [-104.218, 23.9827], [-104.2149, 23.9977], [-104.2249, 24.0073], [-104.2337, 24.0033], [-104.2403, 24.014], [-104.2326, 24.0234], [-104.2563, 24.0443], [-104.2575, 24.0594], [-104.2694, 24.0601], [-104.2765, 24.0675], [-104.2919, 24.0634], [-104.305, 24.0356], [-104.3004, 24.0144], [-104.2954, 24.0099], [-104.3327, 24.0096], [-104.3234, 23.9624], [-104.3681, 23.9502], [-104.3933, 23.9601], [-104.3964, 23.9505], [-104.3896, 23.9435], [-104.3902, 23.9285], [-104.3997, 23.9105], [-104.3997, 23.8794], [-104.3924, 23.8678], [-104.3938, 23.8289], [-104.3995, 23.8053], [-104.4077, 23.8058], [-104.4145, 23.789], [-104.4041, 23.7898], [-104.4115, 23.7655], [-104.3892, 23.7508], [-104.3586, 23.7509], [-104.3551, 23.7449], [-104.331, 23.7522], [-104.3062, 23.7397], [-104.2983, 23.7504], [-104.2976, 23.7322], [-104.2871, 23.7184], [-104.2726, 23.7157], [-104.2694, 23.7111], [-104.2703, 23.6804], [-104.2792, 23.679], [-104.2726, 23.6688], [-104.2801, 23.6619], [-104.2798, 23.6308], [-104.2373, 23.6326], [-104.2086, 23.628], [-104.1875, 23.6143], [-104.1628, 23.6161], [-104.1206, 23.6203], [-104.0926, 23.6492], [-104.0967, 23.6514], [-104.0559, 23.6761], [-104.0599, 23.6849], [-104.0521, 23.692], [-104.0237, 23.7054], [-104.0275, 23.714], [-104.0423, 23.7059], [-104.0491, 23.7136], [-104.0347, 23.7216], [-104.0387, 23.7265], [-104.0372, 23.736], [-104.0452, 23.736], [-104.0499, 23.7479], [-104.0195, 23.7438], [-104.0224, 23.7484], [-104.0193, 23.7505], [-104.0253, 23.7559], [-104.0319, 23.748], [-104.0344, 23.7514], [-104.0166, 23.7666], [-104.018, 23.7729], [-103.9972, 23.7829], [-103.9481, 23.8259]]]}}, {"type": "Feature", "properties": {"osm_type": "relation", "osm_id": 397409386, "name": "El Oro", "admin_level": "6", "kind": "subdivision_2", "parent_osm_id": 2399740, "parent_name": "Durango", "parent_iso": "MX-DUR"}, "geometry": {"type": "Polygon", "coordinates": [[[-105.4379, 25.391], [-105.4051, 25.4138], [-105.3835, 25.3954], [-105.3889, 25.3928], [-105.3812, 25.3874], [-105.3839, 25.3834], [-105.3764, 25.3829], [-105.3664, 25.3674], [-105.3698, 25.3648], [-105.3666, 25.3368], [-105.3514, 25.3274], [-105.3334, 25.3252], [-105.3266, 25.3464], [-105.333, 25.3505], [-105.3295, 25.3609], [-105.3194, 25.3594], [-105.277, 25.3777], [-105.2638, 25.3704], [-105.257, 25.3747], [-105.2546, 25.3662], [-105.2447, 25.3596], [-105.2299, 25.3588], [-105.2182, 25.3488], [-105.1944, 25.3491], [-105.188, 25.33], [-105.1599, 25.2898], [-105.1451, 25.2806], [-105.1337, 25.2132], [-105.1246, 25.2104], [-105.1363, 25.2082], [-105.132, 25.2005], [-105.1477, 25.1824], [-105.1335, 25.1715], [-105.1329, 25.1611], [-105.1059, 25.1636], [-105.0966, 25.1726], [-105.0601, 25.1847], [-105.0424, 25.1769], [-105.0406, 25.1654], [-105.03, 25.1688], [-105.0008, 25.1897], [-104.9931, 25.1896], [-104.9949, 25.2182], [-104.9775, 25.2064], [-104.9628, 25.2204], [-104.9567, 25.1987], [-104.9462, 25.1921], [-104.9457, 25.1846], [-104.9263, 25.1773], [-104.9256, 25.1662], [-104.918, 25.1728], [-104.9194, 25.1818], [-104.9134, 25.1785], [-104.9094, 25.1845], [-104.8969, 25.1786], [-104.8945, 25.1705], [-104.8757, 25.1619], [-104.8744, 25.2088], [-104.8056, 25.2674], [-104.8102, 25.278], [-104.7943, 25.2867], [-104.7902, 25.3002], [-104.7802, 25.2944], [-104.7476, 25.3123], [-104.7567, 25.2925], [-104.7398, 25.2869], [-104.7034, 25.3168], [-104.7017, 25.3277], [-104.7167, 25.3286], [-104.719, 25.3312], [-104.7132, 25.3388], [-104.7246, 25.3498], [-104.7268, 25.3583], [-104.7509, 25.3678], [-104.7564, 25.3661], [-104.7588, 25.3734], [-104.7687, 25.376], [-104.7696, 25.3865], [-104.7802, 25.3905], [-104.7887, 25.3849], [-104.7953, 25.3866], [-104.7946, 25.3974], [-104.8083, 25.4032], [-104.813, 25.4217], [-104.8215, 25.4237], [-104.8324, 25.4173], [-104.83, 25.4291], [-104.8752, 25.4497], [-104.8864, 25.4495], [-104.8938, 25.4413], [-104.9054, 25.454], [-104.9096, 25.4379], [-104.9142, 25.4486], [-104.9124, 25.4659], [-104.9309, 25.4716], [-104.9303, 25.496], [-104.9574, 25.4946], [-104.9615, 25.4705], [-104.9889, 25.4459], [-105.0438, 25.505], [-105.0633, 25.5081], [-105.0574, 25.5277], [-105.06, 25.5352], [-105.0426, 25.5453], [-105.0687, 25.5794], [-105.0729, 25.6067], [-105.082, 25.6235], [-105.0776, 25.6544], [-105.0925, 25.6803], [-105.0674, 25.6983], [-105.0815, 25.7162], [-105.1015, 25.7244], [-105.1111, 25.7436], [-105.1162, 25.744], [-105.1201, 25.726], [-105.1497, 25.6921], [-105.1651, 25.6946], [-105.1899, 25.7074], [-105.2049, 25.694], [-105.2129, 25.6937], [-105.2223, 25.7012], [-105.2147, 25.7106], [-105.2204, 25.7235], [-105.2288, 25.7254], [-105.2214, 25.7318], [-105.2254, 25.7448], [-105.2457, 25.7658], [-105.2292, 25.7897], [-105.2286, 25.8069], [-105.237, 25.8287], [-105.2755, 25.833], [-105.273, 25.8347], [-105.2945, 25.8692], [-105.3012, 25.8717], [-105.2999, 25.8981], [-105.3223, 25.8927], [-105.3193, 25.9172], [-105.3076, 25.9412], [-105.3178, 25.951], [-105.3224, 25.9759], [-105.3026, 25.985], [-105.3216, 26.0189], [-105.3168, 26.0247], [-105.326, 26.0387], [-105.3339, 26.026], [-105.3549, 26.0711], [-105.3839, 26.113], [-105.3984, 26.1087], [-105.4166, 26.0927], [-105.3788, 26.0543], [-105.3928, 26.0455], [-105.3939, 26.0379], [-105.4098, 26.0382], [-105.4009, 26.0251], [-105.4372, 25.9848], [-105.4365, 25.9705], [-105.4512, 25.9377], [-105.4639, 25.9459], [-105.4979, 25.9266], [-105.5035, 25.9213], [-105.4942, 25.9004], [-105.5489, 25.8505], [-105.5243, 25.8311], [-105.5101, 25.8388], [-105.4956, 25.818], [-105.5131, 25.812], [-105.515, 25.8039], [-105.5199, 25.8029], [-105.5113, 25.795], [-105.5211, 25.7733], [-105.512, 25.7643], [-105.5049, 25.7648], [-105.5163, 25.7431], [-105.5286, 25.7515], [-105.534, 25.7424], [-105.5395, 25.7456], [-105.5502, 25.7425], [-105.5607, 25.7309], [-105.5435, 25.6672], [-105.5726, 25.6652], [-105.563, 25.6081], [-105.5414, 25.5808], [-105.5308, 25.5823], [-105.5094, 25.5699], [-105.5005, 25.5542], [-105.517, 25.545], [-105.4803, 25.5337], [-105.4764, 25.5262], [-105.4906, 25.4435], [-105.4379, 25.391]]]}}, {"type": "Feature", "properties": {"osm_type": "relation", "osm_id": 860147574, "name": "Otáez", "admin_level": "6", "kind": "subdivision_2", "parent_osm_id": 2399740, "parent_name": "Durango", "parent_iso": "MX-DUR"}, "geometry": {"type": "Polygon", "coordinates": [[[-106.1521, 24.5367], [-106.1435, 24.5388], [-106.13, 24.5296], [-106.0993, 24.5311], [-106.0921, 24.5241], [-106.0881, 24.5283], [-106.0658, 24.5271], [-106.0387, 24.5391], [-106.0177, 24.5042], [-106.0001, 24.4983], [-105.9847, 24.5082], [-105.9864, 24.5497], [-105.9977, 24.5563], [-105.9907, 24.5559], [-105.9872, 24.5618], [-105.978, 24.5555], [-105.9631, 24.5588], [-105.9582, 24.5498], [-105.9303, 24.5538], [-105.9086, 24.5464], [-105.9032, 24.5499], [-105.8949, 24.5432], [-105.8806, 24.5541], [-105.8745, 24.5501], [-105.8593, 24.5601], [-105.8512, 24.56], [-105.8487, 24.5753], [-105.8438, 24.5797], [-105.739, 24.5893], [-105.7363, 24.5558], [-105.7061, 24.5541], [-105.7081, 24.5913], [-105.6863, 24.6001], [-105.7169, 24.639], [-105.6966, 24.6398], [-105.7024, 24.6497], [-105.6785, 24.6526], [-105.6786, 24.6563], [-105.6855, 24.6556], [-105.668, 24.6716], [-105.6625, 24.6965], [-105.6343, 24.753], [-105.6455, 24.7534], [-105.6483, 24.7946], [-105.7085, 24.793], [-105.7089, 24.8364], [-105.7294, 24.8448], [-105.729, 24.8302], [-105.8866, 24.8822], [-105.9025, 24.9185], [-105.9163, 24.9226], [-105.9257, 24.9193], [-105.9275, 24.9136], [-105.9329, 24.917], [-105.937, 24.9111], [-105.9487, 24.9156], [-105.9534, 24.9069], [-105.9822, 24.8925], [-105.9765, 24.8749], [-105.9859, 24.8524], [-105.9807, 24.8427], [-105.9885, 24.8432], [-105.9868, 24.8346], [-105.9964, 24.8319], [-105.9938, 24.8251], [-105.9988, 24.8285], [-106.0065, 24.8262], [-106.003, 24.8175], [-106.007, 24.8155], [-106.015, 24.8183], [-106.0179, 24.813], [-106.0281, 24.8125], [-106.0524, 24.8238], [-106.0569, 24.8045], [-106.0931, 24.8125], [-106.1348, 24.7926], [-106.2033, 24.8039], [-106.2227, 24.7375], [-106.1506, 24.7337], [-106.2272, 24.6813], [-106.2018, 24.6426], [-106.197, 24.6098], [-106.2007, 24.6043], [-106.1684, 24.581], [-106.1767, 24.56], [-106.1669, 24.561], [-106.1663, 24.5535], [-106.1582, 24.5493], [-106.1521, 24.5367]]]}}, {"type": "Feature", "properties": {"osm_type": "relation", "osm_id": 111439997, "name": "Pánuco de Coronado", "admin_level": "6", "kind": "subdivision_2", "parent_osm_id": 2399740, "parent_name": "Durango", "parent_iso": "MX-DUR"}, "geometry": {"type": "Polygon", "coordinates": [[[-104.5644, 24.3662], [-104.544, 24.3593], [-104.5278, 24.3628], [-104.5352, 24.3444], [-104.5266, 24.3416], [-104.4977, 24.3495], [-104.4993, 24.3545], [-104.4787, 24.3625], [-104.482, 24.372], [-104.4746, 24.3689], [-104.469, 24.3753], [-104.4601, 24.3702], [-104.434, 24.3819], [-104.4321, 24.3787], [-104.4461, 24.3669], [-104.4438, 24.3612], [-104.4168, 24.3779], [-104.3934, 24.3609], [-104.3892, 24.3635], [-104.3813, 24.3581], [-104.3551, 24.3781], [-104.3499, 24.3728], [-104.3603, 24.3644], [-104.3471, 24.3497], [-104.349, 24.3406], [-104.3338, 24.3313], [-104.3327, 24.3204], [-104.3182, 24.2956], [-104.3071, 24.2864], [-104.2983, 24.3092], [-104.2631, 24.2881], [-104.2542, 24.3486], [-104.1674, 24.3699], [-104.1708, 24.3764], [-104.1851, 24.3721], [-104.1871, 24.3762], [-104.1774, 24.3788], [-104.1843, 24.3925], [-104.2024, 24.3853], [-104.2075, 24.3881], [-104.1999, 24.4154], [-104.1763, 24.4342], [-104.1945, 24.4472], [-104.1831, 24.4555], [-104.1781, 24.4484], [-104.17, 24.4528], [-104.1745, 24.458], [-104.1719, 24.465], [-104.1806, 24.4693], [-104.1858, 24.4834], [-104.2041, 24.4928], [-104.2108, 24.5074], [-104.2049, 24.5125], [-104.2122, 24.5231], [-104.2574, 24.523], [-104.2549, 24.5337], [-104.233, 24.5349], [-104.2239, 24.5416], [-104.2257, 24.558], [-104.267, 24.5857], [-104.2684, 24.5808], [-104.3163, 24.6966], [-104.2531, 24.6908], [-104.2506, 24.7153], [-104.3367, 24.7245], [-104.3426, 24.6977], [-104.3748, 24.7084], [-104.3832, 24.7092], [-104.3807, 24.7056], [-104.4024, 24.711], [-104.4167, 24.7075], [-104.3984, 24.6615], [-104.3738, 24.6593], [-104.3807, 24.6493], [-104.4045, 24.6441], [-104.4345, 24.6493], [-104.4419, 24.6334], [-104.4367, 24.6187], [-104.4463, 24.6101], [-104.4596, 24.6136], [-104.459, 24.5863], [-104.4671, 24.585], [-104.4508, 24.5668], [-104.4552, 24.5593], [-104.4873, 24.5698], [-104.4944, 24.5588], [-104.5677, 24.5712], [-104.5379, 24.5381], [-104.5177, 24.5548], [-104.507, 24.5084], [-104.5231, 24.5035], [-104.5207, 24.4819], [-104.5305, 24.4805], [-104.5222, 24.4747], [-104.5229, 24.4702], [-104.5178, 24.471], [-104.518, 24.4503], [-104.4463, 24.4378], [-104.4456, 24.4298], [-104.4597, 24.4156], [-104.4717, 24.42], [-104.4729, 24.4239], [-104.4682, 24.4245], [-104.4817, 24.4377], [-104.488, 24.4252], [-104.5093, 24.4277], [-104.4882, 24.4147], [-104.5262, 24.3828], [-104.541, 24.3909], [-104.5644, 24.3662]]]}}, {"type": "Feature", "properties": {"osm_type": "relation", "osm_id": 867231942, "name": "Peñón Blanco", "admin_level": "6", "kind": "subdivision_2", "parent_osm_id": 2399740, "parent_name": "Durango", "parent_iso": "MX-DUR"}, "geometry": {"type": "Polygon", "coordinates": [[[-103.9944, 24.9629], [-104.0278, 24.9699], [-104.0556, 24.9557], [-104.098, 25.0532], [-104.1038, 25.0369], [-104.104, 25.0123], [-104.1282, 24.9921], [-104.1475, 24.9898], [-104.1586, 24.9968], [-104.1827, 24.9984], [-104.1705, 25.0486], [-104.2186, 25.0524], [-104.2139, 25.0212], [-104.2493, 25.0037], [-104.2618, 25.0169], [-104.2732, 24.9977], [-104.2894, 24.9947], [-104.291, 25.019], [-104.315, 24.9911], [-104.3062, 24.9706], [-104.311, 24.8863], [-104.3029, 24.8877], [-104.2709, 24.9112], [-104.2555, 24.9075], [-104.2537, 24.9017], [-104.2752, 24.8675], [-104.2702, 24.8509], [-104.2747, 24.8489], [-104.275, 24.8329], [-104.2509, 24.7909], [-104.2577, 24.7759], [-104.3191, 24.7596], [-104.3224, 24.7246], [-104.2506, 24.7153], [-104.2531, 24.6908], [-104.3163, 24.6966], [-104.2684, 24.5808], [-104.267, 24.5857], [-104.2157, 24.5914], [-104.2639, 24.6316], [-104.1822, 24.68], [-104.1282, 24.6835], [-104.1033, 24.6524], [-104.0648, 24.6291], [-104.0476, 24.6811], [-104.0461, 24.6716], [-104.0395, 24.6694], [-104.0258, 24.6505], [-104.0357, 24.6429], [-104.0275, 24.6329], [-104.0353, 24.6291], [-104.0365, 24.6122], [-104.0054, 24.5033], [-104.01, 24.5013], [-104.0038, 24.5003], [-103.9954, 24.4843], [-103.9754, 24.4941], [-103.97, 24.4985], [-103.9721, 24.5025], [-103.9409, 24.5159], [-103.9594, 24.5521], [-103.9333, 24.5787], [-103.9286, 24.577], [-103.9167, 24.5905], [-103.9121, 24.5855], [-103.9085, 24.5888], [-103.9089, 24.5985], [-103.8875, 24.6106], [-103.8933, 24.6205], [-103.8834, 24.6139], [-103.8548, 24.6365], [-103.8523, 24.6338], [-103.8382, 24.6492], [-103.844, 24.6548], [-103.8371, 24.66], [-103.8578, 24.6819], [-103.8423, 24.6953], [-103.8434, 24.717], [-103.8367, 24.7145], [-103.8253, 24.728], [-103.8148, 24.7296], [-103.818, 24.7382], [-103.7995, 24.7339], [-103.7971, 24.7686], [-103.8328, 24.771], [-103.8235, 24.7961], [-103.8311, 24.7938], [-103.8457, 24.8215], [-103.8293, 24.8217], [-103.8216, 24.8308], [-103.8542, 24.8412], [-103.8675, 24.8415], [-103.8663, 24.8363], [-103.9007, 24.802], [-103.9443, 24.8107], [-103.9972, 24.919], [-103.9811, 24.9634], [-103.9944, 24.9629]]]}}, {"type": "Feature", "properties": {"osm_type": "relation", "osm_id": 282060691, "name": "Poanas", "admin_level": "6", "kind": "subdivision_2", "parent_osm_id": 2399740, "parent_name": "Durango", "parent_iso": "MX-DUR"}, "geometry": {"type": "Polygon", "coordinates": [[[-103.8478, 23.861], [-103.8531, 23.8746], [-103.8308, 23.9078], [-103.8184, 23.9649], [-103.8339, 23.9696], [-103.8388, 23.9648], [-103.8503, 23.9888], [-103.8724, 24.007], [-103.8478, 24.0032], [-103.8431, 24.027], [-103.8133, 24.022], [-103.8059, 24.0642], [-103.819, 24.087], [-103.8844, 24.1279], [-103.9053, 24.1039], [-103.8914, 24.0951], [-103.8875, 24.1006], [-103.8614, 24.0861], [-103.8667, 24.0794], [-103.8619, 24.0761], [-103.8676, 24.0398], [-103.8986, 24.0431], [-103.9043, 24.0537], [-103.9129, 24.0478], [-103.9041, 24.0337], [-103.9171, 24.026], [-103.9325, 24.044], [-103.9434, 24.0433], [-103.943, 24.0577], [-103.948, 24.0486], [-103.9531, 24.0544], [-103.9645, 24.0927], [-103.9343, 24.111], [-104.0114, 24.1578], [-104.0284, 24.1544], [-104.0408, 24.1695], [-104.0478, 24.1698], [-104.0528, 24.2], [-104.0891, 24.2209], [-104.1129, 24.2494], [-104.121, 24.2498], [-104.1261, 24.2429], [-104.1207, 24.236], [-104.1207, 24.2235], [-104.1535, 24.2137], [-104.1341, 24.1885], [-104.1535, 24.1672], [-104.1344, 24.1615], [-104.1381, 24.1433], [-104.1271, 24.1391], [-104.124, 24.1409], [-104.1272, 24.1447], [-104.1167, 24.1418], [-104.1037, 24.1313], [-104.102, 24.1203], [-104.1115, 24.1096], [-104.1467, 24.1061], [-104.1692, 24.0901], [-104.175, 24.08], [-104.1997, 24.0774], [-104.2311, 24.045], [-104.2491, 24.0348], [-104.2415, 24.0348], [-104.238, 24.0248], [-104.2326, 24.0234], [-104.2403, 24.014], [-104.2337, 24.0033], [-104.2249, 24.0073], [-104.2149, 23.9977], [-104.218, 23.9827], [-104.2283, 23.9864], [-104.2534, 23.9803], [-104.2401, 23.9743], [-104.2332, 23.9383], [-104.2128, 23.9393], [-104.2063, 23.9486], [-104.1766, 23.959], [-104.1596, 23.9485], [-104.1573, 23.9646], [-104.1385, 23.9699], [-104.1304, 23.9486], [-104.1561, 23.9483], [-104.1539, 23.9309], [-104.1912, 23.922], [-104.197, 23.9103], [-104.1894, 23.9017], [-104.181, 23.9084], [-104.169, 23.9028], [-104.163, 23.9117], [-104.1557, 23.9118], [-104.1416, 23.8975], [-104.1246, 23.9061], [-104.1069, 23.8792], [-104.0991, 23.8747], [-104.0901, 23.8873], [-104.0429, 23.8822], [-104.0422, 23.8657], [-104.0228, 23.8617], [-104.0427, 23.862], [-104.0405, 23.8527], [-104.0275, 23.8495], [-104.0282, 23.844], [-104.0484, 23.8426], [-104.0459, 23.8368], [-103.9055, 23.8197], [-103.9041, 23.8342], [-103.8478, 23.861]]]}}, {"type": "Feature", "properties": {"osm_type": "relation", "osm_id": 126997336, "name": "Pueblo Nuevo", "admin_level": "6", "kind": "subdivision_2", "parent_osm_id": 2399740, "parent_name": "Durango", "parent_iso": "MX-DUR"}, "geometry": {"type": "Polygon", "coordinates": [[[-105.5722, 23.9677], [-105.6935, 23.912], [-105.7021, 23.8291], [-105.6699, 23.8241], [-105.6916, 23.7728], [-105.7014, 23.7895], [-105.7067, 23.7846], [-105.7023, 23.7728], [-105.7301, 23.7538], [-105.7276, 23.7347], [-105.7379, 23.6784], [-105.7591, 23.6614], [-105.7968, 23.6461], [-105.7899, 23.6393], [-105.7974, 23.625], [-105.791, 23.6069], [-105.7946, 23.5992], [-105.7909, 23.5864], [-105.7949, 23.5801], [-105.7688, 23.5557], [-105.7691, 23.5419], [-105.7604, 23.5351], [-105.7568, 23.5245], [-105.76, 23.5025], [-105.751, 23.5003], [-105.7486, 23.4937], [-105.7236, 23.4752], [-105.7281, 23.4668], [-105.7247, 23.4608], [-105.7389, 23.4452], [-105.7284, 23.4396], [-105.7283, 23.429], [-105.7071, 23.4259], [-105.7003, 23.4202], [-105.7103, 23.4081], [-105.7121, 23.3926], [-105.7224, 23.386], [-105.7173, 23.3786], [-105.7281, 23.3782], [-105.7299, 23.374], [-105.7119, 23.3634], [-105.7152, 23.3502], [-105.7052, 23.3487], [-105.7035, 23.3401], [-105.694, 23.3406], [-105.7022, 23.3327], [-105.6923, 23.311], [-105.6995, 23.3077], [-105.6873, 23.3069], [-105.6938, 23.3003], [-105.6862, 23.2866], [-105.6741, 23.2816], [-105.6659, 23.2822], [-105.6637, 23.2874], [-105.6432, 23.2765], [-105.6428, 23.266], [-105.6475, 23.2616], [-105.6468, 23.2534], [-105.6392, 23.245], [-105.6423, 23.2381], [-105.6303, 23.2356], [-105.6297, 23.2192], [-105.6357, 23.2147], [-105.6297, 23.2023], [-105.6407, 23.1855], [-105.633, 23.1734], [-105.639, 23.1669], [-105.6369, 23.1559], [-105.6451, 23.1518], [-105.6448, 23.1428], [-105.624, 23.1224], [-105.6188, 23.1263], [-105.617, 23.122], [-105.607, 23.1218], [-105.609, 23.1166], [-105.5976, 23.1091], [-105.5842, 23.1129], [-105.5752, 23.1102], [-105.5754, 23.105], [-105.5693, 23.1101], [-105.5551, 23.099], [-105.5486, 23.1044], [-105.5371, 23.1045], [-105.5312, 23.1181], [-105.502, 23.128], [-105.4553, 23.1173], [-105.4341, 23.1205], [-105.4159, 23.1169], [-105.4073, 23.1032], [-105.3988, 23.1022], [-105.3995, 23.0903], [-105.3779, 23.0778], [-105.3583, 23.0739], [-105.3577, 23.063], [-105.3509, 23.061], [-105.3509, 23.0509], [-105.3588, 23.0463], [-105.3508, 23.0356], [-105.3537, 23.0194], [-105.3431, 23.0123], [-105.3337, 22.9947], [-105.339, 22.9929], [-105.3351, 22.9888], [-105.3401, 22.9825], [-105.3363, 22.9805], [-105.3368, 22.9712], [-105.3431, 22.969], [-105.3308, 22.9632], [-105.3343, 22.954], [-105.3282, 22.9526], [-105.3304, 22.9477], [-105.3236, 22.9413], [-105.2977, 22.9542], [-105.1636, 22.9539], [-105.076, 22.9596], [-105.0138, 22.9777], [-105.0033, 22.977], [-105.0119, 22.9932], [-105.0019, 22.9929], [-104.995, 23.002], [-104.9994, 23.0117], [-104.9939, 23.0157], [-104.9849, 23.0167], [-104.9649, 23.0337], [-104.951, 23.0367], [-104.9458, 23.0441], [-104.9371, 23.0478], [-104.9307, 23.0426], [-104.9217, 23.0443], [-104.8942, 23.0597], [-104.891, 23.0658], [-104.8742, 23.0696], [-104.8778, 23.0769], [-104.8708, 23.0775], [-104.8669, 23.0856], [-104.8595, 23.0812], [-104.8446, 23.0936], [-104.8308, 23.0943], [-104.8102, 23.1237], [-104.7938, 23.133], [-104.7928, 23.1398], [-104.8024, 23.1542], [-104.7923, 23.1634], [-104.7915, 23.2057], [-104.8084, 23.2133], [-104.8169, 23.2244], [-104.8067, 23.2389], [-104.8182, 23.2533], [-104.8149, 23.2902], [-104.8014, 23.2989], [-104.8075, 23.3185], [-104.8021, 23.3251], [-104.8005, 23.3489], [-104.7786, 23.3606], [-104.7711, 23.3896], [-104.7552, 23.4064], [-104.7645, 23.4223], [-104.8079, 23.3709], [-104.8098, 23.3975], [-104.832, 23.405], [-104.823, 23.4799], [-104.8389, 23.482], [-104.8612, 23.4969], [-104.8501, 23.5473], [-104.9013, 23.5389], [-104.9783, 23.5135], [-105.0003, 23.5016], [-105.1407, 23.5695], [-105.1414, 23.5463], [-105.1674, 23.5316], [-105.1736, 23.5396], [-105.1863, 23.5433], [-105.1893, 23.552], [-105.1971, 23.5541], [-105.1922, 23.5681], [-105.2093, 23.5815], [-105.2139, 23.5767], [-105.2388, 23.5713], [-105.237, 23.5643], [-105.2436, 23.5516], [-105.2573, 23.5618], [-105.275, 23.5594], [-105.2745, 23.5756], [-105.2658, 23.5781], [-105.2612, 23.596], [-105.2622, 23.6041], [-105.2799, 23.6168], [-105.276, 23.6216], [-105.2657, 23.6177], [-105.2759, 23.6887], [-105.2355, 23.7594], [-105.2461, 23.7654], [-105.2594, 23.7928], [-105.2597, 23.8024], [-105.2493, 23.8262], [-105.2682, 23.8365], [-105.2678, 23.8414], [-105.2888, 23.858], [-105.2899, 23.8751], [-105.3125, 23.8685], [-105.3165, 23.8766], [-105.3223, 23.8761], [-105.3224, 23.8637], [-105.3805, 23.8595], [-105.4313, 23.9068], [-105.4497, 23.9161], [-105.4759, 23.912], [-105.4723, 23.9265], [-105.5722, 23.9677]]]}}, {"type": "Feature", "properties": {"osm_type": "relation", "osm_id": 868632847, "name": "Rodeo", "admin_level": "6", "kind": "subdivision_2", "parent_osm_id": 2399740, "parent_name": "Durango", "parent_iso": "MX-DUR"}, "geometry": {"type": "Polygon", "coordinates": [[[-104.5916, 24.9572], [-104.4994, 24.9838], [-104.5014, 24.9901], [-104.4722, 25.0023], [-104.4758, 25.0146], [-104.4715, 25.028], [-104.4532, 25.0269], [-104.4452, 25.0202], [-104.4268, 25.0251], [-104.4133, 25.0152], [-104.4057, 25.0279], [-104.3967, 25.0261], [-104.3988, 25.0146], [-104.3566, 25.0219], [-104.3626, 25.0569], [-104.3748, 25.0712], [-104.3744, 25.1105], [-104.3835, 25.1339], [-104.366, 25.1286], [-104.3654, 25.1835], [-104.3568, 25.1895], [-104.3668, 25.1987], [-104.3679, 25.2563], [-104.3821, 25.2518], [-104.3698, 25.2591], [-104.4024, 25.3146], [-104.4152, 25.3098], [-104.4968, 25.3658], [-104.6124, 25.4282], [-104.6222, 25.4264], [-104.6424, 25.3988], [-104.6254, 25.395], [-104.6439, 25.3612], [-104.6594, 25.3703], [-104.6744, 25.3404], [-104.7097, 25.3617], [-104.7132, 25.3388], [-104.719, 25.3312], [-104.7017, 25.3277], [-104.7034, 25.3168], [-104.7398, 25.2869], [-104.7567, 25.2925], [-104.7476, 25.3123], [-104.7802, 25.2944], [-104.7902, 25.3002], [-104.7943, 25.2867], [-104.8102, 25.278], [-104.8056, 25.2674], [-104.7983, 25.2736], [-104.8251, 25.217], [-104.7715, 25.18], [-104.7853, 25.1505], [-104.7697, 25.1511], [-104.7743, 25.1272], [-104.7409, 25.1488], [-104.7154, 25.1297], [-104.6988, 25.1311], [-104.6904, 25.1393], [-104.6831, 25.1308], [-104.6807, 25.1207], [-104.6871, 25.1158], [-104.6831, 25.1107], [-104.6508, 25.1287], [-104.6249, 25.0906], [-104.6204, 25.0282], [-104.6272, 24.9959], [-104.5916, 24.9572]]]}}, {"type": "Feature", "properties": {"osm_type": "relation", "osm_id": 345392108, "name": "San Bernardo", "admin_level": "6", "kind": "subdivision_2", "parent_osm_id": 2399740, "parent_name": "Durango", "parent_iso": "MX-DUR"}, "geometry": {"type": "Polygon", "coordinates": [[[-105.3839, 26.113], [-105.411, 26.1561], [-105.419, 26.1579], [-105.4775, 26.2336], [-105.5164, 26.2386], [-105.5137, 26.2547], [-105.5173, 26.2704], [-105.5254, 26.2811], [-105.5096, 26.2963], [-105.5083, 26.3217], [-105.5295, 26.3254], [-105.5652, 26.3771], [-105.6065, 26.3491], [-105.6227, 26.36], [-105.6294, 26.3711], [-105.6629, 26.3513], [-105.6803, 26.4045], [-105.6938, 26.4028], [-105.6965, 26.4077], [-105.6816, 26.422], [-105.6865, 26.4258], [-105.6885, 26.4607], [-105.7009, 26.4622], [-105.7152, 26.477], [-105.7196, 26.4981], [-105.7326, 26.5061], [-105.7797, 26.5072], [-105.7665, 26.5191], [-105.786, 26.5428], [-105.7997, 26.5405], [-105.8192, 26.5287], [-105.8114, 26.5104], [-105.8794, 26.4756], [-105.8742, 26.4715], [-105.8794, 26.465], [-105.8753, 26.4562], [-105.8823, 26.408], [-105.8795, 26.3986], [-105.9077, 26.3576], [-105.9292, 26.3786], [-105.9449, 26.3795], [-105.944, 26.3726], [-105.9517, 26.3669], [-105.929, 26.3429], [-105.933, 26.3249], [-105.9416, 26.3201], [-105.9379, 26.3101], [-105.9429, 26.2874], [-105.9353, 26.278], [-105.9538, 26.2827], [-105.9563, 26.2745], [-105.918, 26.2632], [-105.9023, 26.2403], [-105.9159, 26.2363], [-105.9178, 26.2242], [-105.9248, 26.217], [-105.9221, 26.2136], [-105.942, 26.2116], [-105.9537, 26.1997], [-105.947, 26.1909], [-105.9181, 26.1952], [-105.9259, 26.1884], [-105.9164, 26.1832], [-105.9281, 26.173], [-105.9232, 26.1745], [-105.9169, 26.1601], [-105.9001, 26.1573], [-105.8926, 26.1348], [-105.8837, 26.133], [-105.8918, 26.1461], [-105.867, 26.1497], [-105.8187, 26.1153], [-105.7737, 26.0744], [-105.774, 26.0253], [-105.7527, 26.0012], [-105.7235, 26.0051], [-105.7272, 26.0072], [-105.691, 26.0547], [-105.6906, 26.0513], [-105.6802, 26.0531], [-105.6709, 26.0358], [-105.6796, 26.0374], [-105.6685, 26.0126], [-105.6758, 26.01], [-105.6745, 25.9983], [-105.6807, 25.9887], [-105.7064, 25.9989], [-105.7238, 25.993], [-105.7225, 25.9434], [-105.7085, 25.9188], [-105.7094, 25.8986], [-105.7015, 25.8632], [-105.6977, 25.869], [-105.6862, 25.8686], [-105.6473, 25.8329], [-105.6282, 25.8251], [-105.6529, 25.9006], [-105.589, 25.8405], [-105.5517, 25.8768], [-105.5848, 25.8982], [-105.5819, 25.9051], [-105.556, 25.903], [-105.5645, 25.9221], [-105.5533, 25.9241], [-105.5508, 25.9199], [-105.5334, 25.9261], [-105.5315, 25.9221], [-105.5255, 25.9249], [-105.5105, 25.9187], [-105.4816, 25.9326], [-105.4685, 25.9445], [-105.4512, 25.9377], [-105.4365, 25.9705], [-105.4372, 25.9848], [-105.4009, 26.0251], [-105.4098, 26.0382], [-105.3939, 26.0379], [-105.3928, 26.0455], [-105.3788, 26.0543], [-105.4166, 26.0927], [-105.3984, 26.1087], [-105.3839, 26.113]]]}}, {"type": "Feature", "properties": {"osm_type": "relation", "osm_id": 309760136, "name": "San Dimas", "admin_level": "6", "kind": "subdivision_2", "parent_osm_id": 2399740, "parent_name": "Durango", "parent_iso": "MX-DUR"}, "geometry": {"type": "Polygon", "coordinates": [[[-106.1525, 24.3388], [-106.0758, 24.2714], [-106.0699, 24.2202], [-106.0439, 24.2209], [-106.0442, 24.2117], [-106.0268, 24.1865], [-106.0286, 24.1803], [-106.0032, 24.1468], [-106.004, 24.1205], [-105.9897, 24.1144], [-105.9891, 24.108], [-105.9956, 24.0983], [-105.9945, 24.0918], [-106.002, 24.0884], [-106.0007, 24.0761], [-106.0079, 24.0725], [-105.9967, 24.0542], [-105.9987, 24.0434], [-105.9843, 24.0387], [-105.9795, 24.042], [-105.9598, 24.0238], [-105.9598, 24.0174], [-105.9487, 24.0118], [-105.9423, 24.0143], [-105.9289, 23.9993], [-105.9121, 23.9975], [-105.9085, 23.9834], [-105.9454, 23.948], [-105.8999, 23.9439], [-105.8816, 23.9328], [-105.8578, 23.8998], [-105.8655, 23.8807], [-105.8629, 23.8779], [-105.8672, 23.8752], [-105.9537, 23.9086], [-105.9613, 23.8407], [-105.9393, 23.7914], [-105.9322, 23.7947], [-105.9284, 23.7856], [-105.9249, 23.7738], [-105.9294, 23.7666], [-105.9197, 23.7578], [-105.9231, 23.7478], [-105.9061, 23.7394], [-105.9159, 23.7264], [-105.9266, 23.6841], [-105.9089, 23.5883], [-105.8927, 23.5526], [-105.8843, 23.5904], [-105.8536, 23.5973], [-105.8452, 23.5837], [-105.8455, 23.6033], [-105.8116, 23.611], [-105.8066, 23.5889], [-105.7949, 23.5801], [-105.7909, 23.5864], [-105.7946, 23.5992], [-105.791, 23.6069], [-105.7974, 23.625], [-105.7899, 23.6393], [-105.7968, 23.6461], [-105.7591, 23.6614], [-105.7379, 23.6784], [-105.7276, 23.7347], [-105.7301, 23.7538], [-105.7023, 23.7728], [-105.7067, 23.7846], [-105.7014, 23.7895], [-105.6916, 23.7728], [-105.6699, 23.8241], [-105.7021, 23.8291], [-105.6935, 23.912], [-105.5722, 23.9677], [-105.5725, 24.0281], [-105.5682, 24.0335], [-105.5542, 24.0301], [-105.5564, 24.0367], [-105.5162, 24.0732], [-105.5085, 24.0703], [-105.4997, 24.072], [-105.4971, 24.079], [-105.4918, 24.0776], [-105.487, 24.1107], [-105.4748, 24.1265], [-105.4763, 24.1323], [-105.4624, 24.1401], [-105.4603, 24.147], [-105.4458, 24.1457], [-105.4328, 24.159], [-105.4214, 24.1605], [-105.4123, 24.1849], [-105.4371, 24.1794], [-105.4011, 24.2046], [-105.3917, 24.1957], [-105.3736, 24.217], [-105.3569, 24.2101], [-105.358, 24.2183], [-105.3368, 24.2214], [-105.3078, 24.2086], [-105.3077, 24.2136], [-105.2752, 24.2205], [-105.2534, 24.2318], [-105.2456, 24.2307], [-105.2315, 24.2989], [-105.3424, 24.3409], [-105.3566, 24.3329], [-105.3675, 24.3428], [-105.3689, 24.3598], [-105.3773, 24.3598], [-105.3943, 24.3769], [-105.4007, 24.3735], [-105.4071, 24.3782], [-105.4238, 24.3759], [-105.4461, 24.3668], [-105.4649, 24.3764], [-105.464, 24.3815], [-105.4502, 24.3851], [-105.4376, 24.4013], [-105.4277, 24.4043], [-105.4154, 24.4444], [-105.4219, 24.4527], [-105.4163, 24.4564], [-105.4463, 24.4736], [-105.4517, 24.5038], [-105.5007, 24.5295], [-105.384, 24.5319], [-105.3826, 24.5404], [-105.4057, 24.5741], [-105.3831, 24.5762], [-105.3691, 24.6079], [-105.3606, 24.6112], [-105.3458, 24.6404], [-105.3378, 24.6369], [-105.3356, 24.6498], [-105.3502, 24.6545], [-105.3507, 24.6774], [-105.4131, 24.6348], [-105.4282, 24.6374], [-105.4102, 24.6202], [-105.4715, 24.65], [-105.4937, 24.6194], [-105.5238, 24.6243], [-105.5269, 24.6189], [-105.5408, 24.628], [-105.5505, 24.6201], [-105.5601, 24.6232], [-105.5628, 24.6167], [-105.5778, 24.6284], [-105.5942, 24.6329], [-105.6055, 24.629], [-105.6093, 24.6187], [-105.6351, 24.6161], [-105.6426, 24.6354], [-105.6734, 24.6053], [-105.7081, 24.5913], [-105.7061, 24.5541], [-105.7363, 24.5558], [-105.739, 24.5893], [-105.8438, 24.5797], [-105.8487, 24.5753], [-105.8512, 24.56], [-105.8593, 24.5601], [-105.8745, 24.5501], [-105.8806, 24.5541], [-105.8949, 24.5432], [-105.9032, 24.5499], [-105.9086, 24.5464], [-105.9303, 24.5538], [-105.9582, 24.5498], [-105.9631, 24.5588], [-105.978, 24.5555], [-105.9872, 24.5618], [-105.9907, 24.5559], [-105.9977, 24.5563], [-105.9864, 24.5497], [-105.9847, 24.5082], [-106.0001, 24.4983], [-106.0177, 24.5042], [-106.0387, 24.5391], [-106.0658, 24.5271], [-106.0881, 24.5283], [-106.0921, 24.5241], [-106.0993, 24.5311], [-106.13, 24.5296], [-106.1469, 24.5391], [-106.1521, 24.5367], [-106.1427, 24.5257], [-106.1767, 24.5134], [-106.1826, 24.499], [-106.1735, 24.4888], [-106.2059, 24.4781], [-106.1713, 24.4473], [-106.1525, 24.3388]]]}}, {"type": "Feature", "properties": {"osm_type": "relation", "osm_id": 191315310, "name": "San Juan del Río", "admin_level": "6", "kind": "subdivision_2", "parent_osm_id": 2399740, "parent_name": "Durango", "parent_iso": "MX-DUR"}, "geometry": {"type": "Polygon", "coordinates": [[[-104.5677, 24.5712], [-104.4944, 24.5588], [-104.4873, 24.5698], [-104.4552, 24.5593], [-104.4508, 24.5668], [-104.4671, 24.585], [-104.459, 24.5863], [-104.4596, 24.6136], [-104.4463, 24.6101], [-104.4367, 24.6187], [-104.4419, 24.6334], [-104.4345, 24.6493], [-104.4045, 24.6441], [-104.3807, 24.6493], [-104.3738, 24.6593], [-104.3984, 24.6615], [-104.4167, 24.7075], [-104.4024, 24.711], [-104.3807, 24.7056], [-104.3832, 24.7092], [-104.3748, 24.7084], [-104.3426, 24.6977], [-104.3367, 24.7245], [-104.3224, 24.7246], [-104.3191, 24.7596], [-104.2577, 24.7759], [-104.2509, 24.7909], [-104.275, 24.8329], [-104.2747, 24.8489], [-104.2702, 24.8509], [-104.2736, 24.8548], [-104.271, 24.8625], [-104.2753, 24.8649], [-104.2615, 24.8948], [-104.2537, 24.9017], [-104.2555, 24.9075], [-104.2709, 24.9112], [-104.3029, 24.8877], [-104.311, 24.8863], [-104.3062, 24.9706], [-104.315, 24.9911], [-104.291, 25.019], [-104.2992, 25.0311], [-104.311, 25.0267], [-104.3146, 25.0192], [-104.3377, 25.0161], [-104.341, 25.0115], [-104.3566, 25.0219], [-104.3988, 25.0146], [-104.3967, 25.0261], [-104.4057, 25.0279], [-104.4133, 25.0152], [-104.4268, 25.0251], [-104.4452, 25.0202], [-104.4532, 25.0269], [-104.4715, 25.028], [-104.4758, 25.0146], [-104.4722, 25.0023], [-104.5014, 24.9901], [-104.4994, 24.9838], [-104.5916, 24.9572], [-104.5627, 24.9332], [-104.612, 24.9065], [-104.629, 24.8726], [-104.6437, 24.8621], [-104.6398, 24.8542], [-104.6335, 24.861], [-104.6213, 24.8635], [-104.6153, 24.8568], [-104.6241, 24.8483], [-104.6337, 24.8479], [-104.6362, 24.8309], [-104.6303, 24.8278], [-104.6314, 24.7915], [-104.6435, 24.7861], [-104.6449, 24.7915], [-104.6655, 24.7923], [-104.6732, 24.7485], [-104.6821, 24.7476], [-104.7027, 24.756], [-104.7072, 24.7476], [-104.6985, 24.6968], [-104.6363, 24.6735], [-104.586, 24.6699], [-104.5554, 24.6745], [-104.5665, 24.6714], [-104.5829, 24.6356], [-104.5856, 24.6026], [-104.5804, 24.5951], [-104.5841, 24.5777], [-104.579, 24.5714], [-104.5677, 24.5712]]]}}, {"type": "Feature", "properties": {"osm_type": "relation", "osm_id": 974804848, "name": "San Luis del Cordero", "admin_level": "6", "kind": "subdivision_2", "parent_osm_id": 2399740, "parent_name": "Durango", "parent_iso": "MX-DUR"}, "geometry": {"type": "Polygon", "coordinates": [[[-104.174, 25.4898], [-104.1763, 25.4774], [-104.1937, 25.4681], [-104.1876, 25.4591], [-104.2078, 25.4415], [-104.2217, 25.4611], [-104.2794, 25.4224], [-104.281, 25.4341], [-104.2939, 25.4476], [-104.305, 25.4484], [-104.3073, 25.4524], [-104.3241, 25.4516], [-104.3327, 25.4458], [-104.3469, 25.4493], [-104.3538, 25.439], [-104.368, 25.4406], [-104.3711, 25.4832], [-104.3662, 25.4755], [-104.3666, 25.4822], [-104.3723, 25.4874], [-104.3913, 25.4829], [-104.3923, 25.4785], [-104.4133, 25.4803], [-104.4406, 25.4611], [-104.4239, 25.4412], [-104.4329, 25.4181], [-104.4472, 25.3995], [-104.4617, 25.4], [-104.4645, 25.4127], [-104.4904, 25.4131], [-104.5216, 25.4035], [-104.5258, 25.408], [-104.5474, 25.3952], [-104.4152, 25.3098], [-104.4024, 25.3146], [-104.374, 25.2658], [-104.3652, 25.2672], [-104.3639, 25.2714], [-104.3593, 25.2681], [-104.3513, 25.279], [-104.3324, 25.2733], [-104.3341, 25.2682], [-104.3128, 25.2653], [-104.2008, 25.3094], [-104.1994, 25.3162], [-104.1859, 25.3249], [-104.1688, 25.3105], [-104.1199, 25.3224], [-104.138, 25.3647], [-104.1243, 25.3667], [-104.1283, 25.3982], [-104.1518, 25.4255], [-104.164, 25.4244], [-104.1633, 25.4445], [-104.1685, 25.4518], [-104.1653, 25.4647], [-104.1526, 25.471], [-104.1345, 25.4606], [-104.1336, 25.4678], [-104.1265, 25.4725], [-104.1309, 25.4848], [-104.1283, 25.4894], [-104.1415, 25.5112], [-104.163, 25.4827], [-104.174, 25.4898]]]}}, {"type": "Feature", "properties": {"osm_type": "relation", "osm_id": 281262604, "name": "San Pedro del Gallo", "admin_level": "6", "kind": "subdivision_2", "parent_osm_id": 2399740, "parent_name": "Durango", "parent_iso": "MX-DUR"}, "geometry": {"type": "Polygon", "coordinates": [[[-104.6652, 25.6028], [-104.6342, 25.5619], [-104.6375, 25.5558], [-104.614, 25.5302], [-104.596, 25.5254], [-104.6069, 25.5165], [-104.6094, 25.4786], [-104.6067, 25.4712], [-104.598, 25.4715], [-104.5953, 25.4429], [-104.6096, 25.4435], [-104.6124, 25.4282], [-104.5474, 25.3952], [-104.5258, 25.408], [-104.5216, 25.4035], [-104.4904, 25.4131], [-104.4645, 25.4127], [-104.4617, 25.4], [-104.4472, 25.3995], [-104.4329, 25.4181], [-104.4239, 25.4412], [-104.4406, 25.4611], [-104.4133, 25.4803], [-104.3923, 25.4785], [-104.3913, 25.4829], [-104.3723, 25.4874], [-104.3666, 25.4822], [-104.3662, 25.4755], [-104.3711, 25.4832], [-104.368, 25.4406], [-104.3538, 25.439], [-104.3469, 25.4493], [-104.3327, 25.4458], [-104.3241, 25.4516], [-104.3073, 25.4524], [-104.305, 25.4484], [-104.2939, 25.4476], [-104.281, 25.4341], [-104.2794, 25.4224], [-104.2217, 25.4611], [-104.2078, 25.4415], [-104.1876, 25.4591], [-104.1937, 25.4681], [-104.1763, 25.4774], [-104.174, 25.4898], [-104.1909, 25.5313], [-104.1924, 25.5529], [-104.15, 25.56], [-104.15, 25.5721], [-104.1848, 25.6219], [-104.1867, 25.6426], [-104.168, 25.6456], [-104.1542, 25.7324], [-104.1356, 25.7415], [-104.1461, 25.7497], [-104.1546, 25.7466], [-104.154, 25.7557], [-104.1594, 25.7625], [-104.2032, 25.7536], [-104.2048, 25.7665], [-104.2214, 25.7709], [-104.2607, 25.7181], [-104.2949, 25.7562], [-104.2871, 25.7701], [-104.287, 25.8003], [-104.2954, 25.8254], [-104.301, 25.8248], [-104.2988, 25.8341], [-104.365, 25.8268], [-104.3125, 25.8361], [-104.3215, 25.87], [-104.4037, 25.8826], [-104.4008, 25.8736], [-104.4151, 25.8724], [-104.42, 25.8855], [-104.4269, 25.8868], [-104.4398, 25.873], [-104.4289, 25.8394], [-104.4312, 25.8266], [-104.4547, 25.8242], [-104.4429, 25.819], [-104.5949, 25.7633], [-104.5718, 25.7303], [-104.5495, 25.7085], [-104.5324, 25.7038], [-104.53, 25.6985], [-104.5412, 25.6846], [-104.5664, 25.6715], [-104.5834, 25.6698], [-104.6052, 25.6774], [-104.6459, 25.6524], [-104.6423, 25.6411], [-104.6364, 25.6374], [-104.6388, 25.6213], [-104.6652, 25.6028]]]}}, {"type": "Feature", "properties": {"osm_type": "relation", "osm_id": 592149004, "name": "Santiago Papasquiaro", "admin_level": "6", "kind": "subdivision_2", "parent_osm_id": 2399740, "parent_name": "Durango", "parent_iso": "MX-DUR"}, "geometry": {"type": "Polygon", "coordinates": [[[-106.2206, 24.7447], [-106.2033, 24.8039], [-106.1348, 24.7926], [-106.0931, 24.8125], [-106.0569, 24.8045], [-106.0524, 24.8238], [-106.0281, 24.8125], [-106.0179, 24.813], [-106.015, 24.8183], [-106.003, 24.8175], [-106.0065, 24.8262], [-105.9988, 24.8285], [-105.9938, 24.8251], [-105.9964, 24.8319], [-105.9868, 24.8346], [-105.9885, 24.8432], [-105.9807, 24.8427], [-105.9859, 24.8524], [-105.9765, 24.8749], [-105.9822, 24.8925], [-105.9534, 24.9069], [-105.9487, 24.9156], [-105.937, 24.9111], [-105.9329, 24.917], [-105.9275, 24.9136], [-105.9257, 24.9193], [-105.9163, 24.9226], [-105.9025, 24.9185], [-105.8866, 24.8822], [-105.729, 24.8302], [-105.7294, 24.8448], [-105.7089, 24.8364], [-105.7085, 24.793], [-105.6483, 24.7946], [-105.6455, 24.7534], [-105.6343, 24.753], [-105.6625, 24.6965], [-105.668, 24.6716], [-105.6855, 24.6556], [-105.6786, 24.6563], [-105.6785, 24.6526], [-105.7024, 24.6497], [-105.6966, 24.6398], [-105.7169, 24.639], [-105.6863, 24.6001], [-105.6734, 24.6053], [-105.6426, 24.6354], [-105.6351, 24.6161], [-105.6093, 24.6187], [-105.6055, 24.629], [-105.5942, 24.6329], [-105.5778, 24.6284], [-105.5628, 24.6167], [-105.5601, 24.6232], [-105.5505, 24.6201], [-105.5408, 24.628], [-105.5269, 24.6189], [-105.5238, 24.6243], [-105.4937, 24.6194], [-105.4715, 24.65], [-105.4102, 24.6202], [-105.4282, 24.6374], [-105.4131, 24.6348], [-105.3507, 24.6774], [-105.3502, 24.6545], [-105.3318, 24.6485], [-105.3256, 24.6145], [-105.2937, 24.6352], [-105.2976, 24.6134], [-105.2905, 24.6196], [-105.2872, 24.6176], [-105.286, 24.6251], [-105.2777, 24.6269], [-105.2727, 24.6339], [-105.2733, 24.6234], [-105.2675, 24.6252], [-105.2641, 24.6204], [-105.2553, 24.6275], [-105.2452, 24.6733], [-105.222, 24.684], [-105.22, 24.7019], [-105.2805, 24.7013], [-105.2808, 24.7079], [-105.2906, 24.7036], [-105.2862, 24.7205], [-105.302, 24.732], [-105.3046, 24.7407], [-105.3143, 24.7427], [-105.3198, 24.7671], [-105.279, 24.7628], [-105.2953, 24.7762], [-105.2983, 24.784], [-105.2377, 24.8], [-105.2665, 24.8726], [-105.2403, 24.8759], [-105.2107, 24.8909], [-105.1408, 24.8992], [-105.1616, 24.9289], [-105.2129, 24.9069], [-105.2157, 24.9186], [-105.2091, 24.9265], [-105.2083, 24.9375], [-105.1938, 24.9453], [-105.185, 24.966], [-105.1751, 24.9745], [-105.1673, 24.9737], [-105.1607, 24.9845], [-105.1746, 24.9919], [-105.1697, 24.9994], [-105.1631, 24.9959], [-105.16, 25.001], [-105.159, 25.0157], [-105.1498, 25.0298], [-105.1572, 25.0374], [-105.1503, 25.0398], [-105.1533, 25.0464], [-105.148, 25.0543], [-105.1394, 25.0496], [-105.136, 25.0548], [-105.1296, 25.0512], [-105.1196, 25.0662], [-105.115, 25.0632], [-105.1118, 25.0687], [-105.1193, 25.0973], [-105.114, 25.1026], [-105.08, 25.0902], [-105.0644, 25.1112], [-105.0375, 25.1119], [-105.0261, 25.1341], [-105.0737, 25.1402], [-105.0966, 25.1726], [-105.1059, 25.1636], [-105.1329, 25.1611], [-105.1335, 25.1715], [-105.1477, 25.1824], [-105.132, 25.2005], [-105.1363, 25.2082], [-105.1246, 25.2104], [-105.1337, 25.2132], [-105.1451, 25.2806], [-105.1599, 25.2898], [-105.188, 25.33], [-105.1944, 25.3491], [-105.2182, 25.3488], [-105.2299, 25.3588], [-105.2447, 25.3596], [-105.2546, 25.3662], [-105.257, 25.3747], [-105.2638, 25.3704], [-105.277, 25.3777], [-105.3194, 25.3594], [-105.3295, 25.3609], [-105.333, 25.3505], [-105.3266, 25.3464], [-105.3334, 25.3252], [-105.3514, 25.3274], [-105.3666, 25.3368], [-105.3698, 25.3648], [-105.3664, 25.3674], [-105.3764, 25.3829], [-105.3839, 25.3834], [-105.3812, 25.3874], [-105.3889, 25.3928], [-105.3835, 25.3954], [-105.4051, 25.4138], [-105.4608, 25.3733], [-105.4907, 25.3843], [-105.5425, 25.4455], [-105.5573, 25.3337], [-105.5383, 25.2911], [-105.5454, 25.275], [-105.557, 25.2791], [-105.5636, 25.2733], [-105.5677, 25.277], [-105.5983, 25.2584], [-105.5959, 25.2507], [-105.5883, 25.2495], [-105.5803, 25.2409], [-105.5787, 25.2299], [-105.5646, 25.2067], [-105.5534, 25.1984], [-105.5603, 25.189], [-105.6296, 25.169], [-105.6826, 25.2235], [-105.8108, 25.2338], [-105.7827, 25.2215], [-105.7986, 25.1838], [-105.7896, 25.172], [-105.7784, 25.0948], [-105.8647, 25.0256], [-105.8923, 25.1059], [-105.9817, 25.0989], [-106.123, 25.0987], [-106.1231, 25.0918], [-106.1329, 25.0896], [-106.1247, 25.0788], [-106.1247, 25.0679], [-106.1729, 25.0699], [-106.1733, 25.0491], [-106.1658, 25.0497], [-106.1691, 25.0248], [-106.1902, 25.0237], [-106.1759, 24.9929], [-106.2163, 24.99], [-106.2578, 24.9967], [-106.2703, 24.9914], [-106.3369, 25.0322], [-106.3142, 25.0543], [-106.3253, 25.0809], [-106.3415, 25.0713], [-106.3595, 25.0471], [-106.3874, 25.0414], [-106.3908, 25.0646], [-106.3807, 25.0571], [-106.3749, 25.101], [-106.3998, 25.072], [-106.397, 25.0694], [-106.4213, 25.0239], [-106.4306, 25.0229], [-106.4662, 24.9684], [-106.5017, 25.0022], [-106.4947, 24.9851], [-106.4993, 24.9538], [-106.5067, 24.9504], [-106.5592, 24.9578], [-106.5819, 24.9936], [-106.6147, 24.9802], [-106.6085, 24.9587], [-106.6079, 24.951], [-106.6118, 24.9503], [-106.5835, 24.9235], [-106.5812, 24.8955], [-106.5694, 24.8873], [-106.5658, 24.8569], [-106.5541, 24.8566], [-106.55, 24.847], [-106.5352, 24.8425], [-106.5495, 24.8263], [-106.5349, 24.8297], [-106.5367, 24.8337], [-106.5316, 24.8326], [-106.5268, 24.8413], [-106.4933, 24.8125], [-106.4916, 24.7967], [-106.4858, 24.7933], [-106.4972, 24.7761], [-106.4952, 24.7659], [-106.5033, 24.7664], [-106.5023, 24.7537], [-106.5097, 24.7531], [-106.5064, 24.7432], [-106.5131, 24.7401], [-106.5095, 24.7354], [-106.5176, 24.7153], [-106.5271, 24.7072], [-106.4965, 24.7152], [-106.4858, 24.7386], [-106.4184, 24.7829], [-106.3952, 24.7493], [-106.3843, 24.7531], [-106.3811, 24.7444], [-106.3673, 24.7498], [-106.3021, 24.7452], [-106.2966, 24.7503], [-106.2967, 24.7666], [-106.2863, 24.7734], [-106.2579, 24.7537], [-106.2285, 24.7525], [-106.2206, 24.7447]]]}}, {"type": "Feature", "properties": {"osm_type": "relation", "osm_id": 493491747, "name": "General Simón Bolívar", "admin_level": "6", "kind": "subdivision_2", "parent_osm_id": 2399740, "parent_name": "Durango", "parent_iso": "MX-DUR"}, "geometry": {"type": "Polygon", "coordinates": [[[-103.5058, 25.2766], [-103.5139, 25.2787], [-103.506, 25.2676], [-103.5085, 25.2405], [-103.5147, 25.2307], [-103.5305, 25.2219], [-103.527, 25.2203], [-103.5414, 25.192], [-103.4946, 25.1734], [-103.5895, 25.0635], [-103.5653, 25.0545], [-103.5335, 25.0338], [-103.455, 25.111], [-103.4416, 25.0833], [-103.3899, 25.077], [-103.408, 25.0517], [-103.4318, 25.0311], [-103.3786, 25.0267], [-103.3764, 25.0324], [-103.3573, 25.0268], [-103.3583, 25.0181], [-103.2968, 25.0171], [-103.2833, 24.9888], [-103.2889, 24.9524], [-103.3033, 24.9519], [-103.3049, 24.9563], [-103.3643, 24.9493], [-103.367, 24.9271], [-103.3588, 24.9023], [-103.3359, 24.9057], [-103.3411, 24.8883], [-103.3781, 24.892], [-103.378, 24.8705], [-103.3674, 24.8697], [-103.37, 24.8457], [-103.3823, 24.8481], [-103.4031, 24.7803], [-103.4284, 24.7446], [-103.4059, 24.7287], [-103.3898, 24.6906], [-103.3127, 24.6877], [-103.3331, 24.6823], [-103.3463, 24.6839], [-103.3501, 24.68], [-103.358, 24.6837], [-103.3809, 24.6813], [-103.3302, 24.6134], [-103.3173, 24.5791], [-103.3079, 24.5814], [-103.3098, 24.5961], [-103.2439, 24.568], [-103.2514, 24.5416], [-103.2366, 24.5388], [-103.2292, 24.5515], [-103.2268, 24.5432], [-103.2197, 24.5554], [-103.2108, 24.5519], [-103.1956, 24.5285], [-103.1876, 24.5245], [-103.203, 24.5004], [-103.2006, 24.4806], [-103.2077, 24.4765], [-103.1757, 24.4501], [-103.1873, 24.4233], [-103.182, 24.4199], [-103.1755, 24.4333], [-103.166, 24.4353], [-103.1577, 24.4278], [-103.1395, 24.4285], [-103.1274, 24.4225], [-103.0985, 24.4016], [-103.0875, 24.436], [-103.0751, 24.4226], [-103.0432, 24.4665], [-102.9836, 24.4333], [-102.9674, 24.4577], [-102.9003, 24.429], [-102.9018, 24.4357], [-102.8904, 24.4515], [-102.8943, 24.4587], [-102.8818, 24.4647], [-102.8778, 24.4724], [-102.9036, 24.4814], [-102.9342, 24.5085], [-102.9537, 24.5366], [-102.9481, 24.5591], [-103.0187, 24.6167], [-103.0177, 24.6211], [-103.0451, 24.6572], [-103.0385, 24.6541], [-103.0563, 24.6852], [-103.0413, 24.6947], [-102.9846, 24.7144], [-102.994, 24.705], [-102.9831, 24.6952], [-102.9783, 24.7008], [-102.9792, 24.7142], [-102.9304, 24.7127], [-102.8807, 24.7439], [-102.8871, 24.7485], [-102.8836, 24.751], [-102.8863, 24.7582], [-102.916, 24.7761], [-102.9214, 24.773], [-102.923, 24.7802], [-102.9458, 24.7786], [-102.9635, 24.788], [-102.965, 24.794], [-102.9746, 24.7928], [-102.9751, 24.7994], [-102.9908, 24.794], [-103.0013, 24.7984], [-103.0059, 24.7934], [-103.0151, 24.801], [-103.0218, 24.7999], [-103.0334, 24.8108], [-103.0537, 24.8099], [-103.0688, 24.8186], [-103.0928, 24.8227], [-103.2591, 24.9647], [-103.2454, 24.9825], [-103.2466, 24.996], [-103.2705, 25.0157], [-103.2741, 25.0234], [-103.2675, 25.028], [-103.278, 25.0346], [-103.2695, 25.0402], [-103.2745, 25.0459], [-103.2688, 25.0491], [-103.2696, 25.0549], [-103.2615, 25.0542], [-103.2618, 25.0581], [-103.2782, 25.063], [-103.2912, 25.0705], [-103.295, 25.08], [-103.3372, 25.0991], [-103.3427, 25.1103], [-103.3595, 25.11], [-103.3771, 25.142], [-103.3943, 25.1577], [-103.4029, 25.1823], [-103.4092, 25.1824], [-103.4258, 25.2015], [-103.4387, 25.202], [-103.4501, 25.2191], [-103.4502, 25.2286], [-103.4662, 25.2387], [-103.4732, 25.2501], [-103.4967, 25.2557], [-103.5058, 25.2766]]]}}, {"type": "Feature", "properties": {"osm_type": "relation", "osm_id": 251785908, "name": "Lerdo", "admin_level": "6", "kind": "subdivision_2", "parent_osm_id": 2399740, "parent_name": "Durango", "parent_iso": "MX-DUR"}, "geometry": {"type": "Polygon", "coordinates": [[[-103.4936, 25.3117], [-103.4793, 25.3239], [-103.4865, 25.3329], [-103.4804, 25.3343], [-103.4662, 25.3523], [-103.4623, 25.3762], [-103.4067, 25.3989], [-103.3905, 25.3974], [-103.3805, 25.391], [-103.3664, 25.3934], [-103.3512, 25.373], [-103.3369, 25.3713], [-103.3414, 25.4101], [-103.3691, 25.4165], [-103.3907, 25.4346], [-103.3987, 25.4506], [-103.4357, 25.4791], [-103.4932, 25.5385], [-103.5008, 25.5356], [-103.4991, 25.5463], [-103.5476, 25.5962], [-103.5494, 25.5936], [-103.5559, 25.5997], [-103.5694, 25.5879], [-103.5772, 25.5982], [-103.5873, 25.596], [-103.5933, 25.6034], [-103.5882, 25.6061], [-103.5898, 25.6101], [-103.5971, 25.6148], [-103.5919, 25.6186], [-103.6052, 25.6192], [-103.6085, 25.6247], [-103.5935, 25.6371], [-103.6137, 25.6571], [-103.6293, 25.6441], [-103.6516, 25.6692], [-103.6377, 25.681], [-103.7055, 25.748], [-103.814, 25.7585], [-103.8457, 25.7676], [-103.9128, 25.7674], [-103.9393, 25.7526], [-103.9286, 25.747], [-103.9345, 25.7436], [-103.9264, 25.7282], [-103.9664, 25.7152], [-103.9608, 25.7082], [-103.9657, 25.7055], [-103.9543, 25.6834], [-103.9449, 25.6881], [-103.8982, 25.6277], [-103.9096, 25.624], [-103.9138, 25.5627], [-103.8654, 25.5609], [-103.8617, 25.5533], [-103.8557, 25.5394], [-103.8871, 25.5406], [-103.8633, 25.4799], [-103.8935, 25.4742], [-103.8989, 25.4984], [-103.9364, 25.4916], [-103.9776, 25.5497], [-103.9722, 25.5202], [-103.9678, 25.5175], [-103.9711, 25.5058], [-103.9494, 25.4583], [-103.905, 25.4721], [-103.9023, 25.4525], [-103.8483, 25.4613], [-103.793, 25.3926], [-103.8093, 25.3628], [-103.8227, 25.3501], [-103.786, 25.279], [-103.778, 25.2701], [-103.7673, 25.2748], [-103.7738, 25.2681], [-103.7653, 25.2426], [-103.7689, 25.2286], [-103.7536, 25.1922], [-103.7163, 25.1742], [-103.707, 25.1892], [-103.7063, 25.185], [-103.6939, 25.1909], [-103.6838, 25.1886], [-103.679, 25.1828], [-103.6102, 25.1953], [-103.5305, 25.2219], [-103.5147, 25.2307], [-103.5085, 25.2405], [-103.506, 25.2676], [-103.5139, 25.2787], [-103.5058, 25.2766], [-103.5109, 25.2798], [-103.5074, 25.2844], [-103.5098, 25.2909], [-103.4979, 25.2948], [-103.4936, 25.3117]]]}}, {"type": "Feature", "properties": {"osm_type": "relation", "osm_id": 897427952, "name": "Ocampo", "admin_level": "6", "kind": "subdivision_2", "parent_osm_id": 2399740, "parent_name": "Durango", "parent_iso": "MX-DUR"}, "geometry": {"type": "Polygon", "coordinates": [[[-106.2696, 26.5272], [-106.2453, 26.5056], [-106.2414, 26.4932], [-106.2068, 26.5126], [-106.1969, 26.5014], [-106.2033, 26.4797], [-106.2242, 26.4715], [-106.1535, 26.4696], [-106.1299, 26.4379], [-106.1304, 26.4241], [-106.1246, 26.4158], [-106.1108, 26.4181], [-106.1052, 26.4004], [-106.0902, 26.4023], [-106.0855, 26.3938], [-106.078, 26.3947], [-106.076, 26.3998], [-106.0721, 26.3858], [-106.0562, 26.3877], [-106.0587, 26.3772], [-106.0506, 26.3679], [-106.0445, 26.3649], [-106.0397, 26.3688], [-106.0406, 26.3625], [-106.0367, 26.3666], [-106.0303, 26.3623], [-106.0218, 26.3657], [-106.0298, 26.3691], [-106.0102, 26.37], [-105.9973, 26.3882], [-105.9911, 26.4079], [-105.9921, 26.4264], [-105.9481, 26.4516], [-105.94, 26.4248], [-105.9194, 26.4016], [-105.9324, 26.4265], [-105.8993, 26.4202], [-105.8766, 26.4516], [-105.8794, 26.465], [-105.8742, 26.4715], [-105.8794, 26.4756], [-105.8114, 26.5104], [-105.8192, 26.5287], [-105.7997, 26.5405], [-105.786, 26.5428], [-105.7665, 26.5191], [-105.7797, 26.5072], [-105.7326, 26.5061], [-105.7196, 26.4981], [-105.7152, 26.477], [-105.7009, 26.4622], [-105.6885, 26.4607], [-105.6865, 26.4258], [-105.6816, 26.422], [-105.6965, 26.4077], [-105.6938, 26.4028], [-105.6803, 26.4045], [-105.6629, 26.3513], [-105.6294, 26.3711], [-105.6227, 26.36], [-105.6065, 26.3491], [-105.5652, 26.3771], [-105.5295, 26.3254], [-105.5083, 26.3217], [-105.5096, 26.2963], [-105.5254, 26.2811], [-105.5173, 26.2704], [-105.5137, 26.2547], [-105.5164, 26.2386], [-105.4775, 26.2336], [-105.419, 26.1579], [-105.411, 26.1561], [-105.3549, 26.0711], [-105.3374, 26.0713], [-105.2861, 26.1035], [-105.2363, 26.1193], [-105.2286, 26.1313], [-105.2194, 26.1333], [-105.2347, 26.1605], [-105.2429, 26.1687], [-105.2506, 26.1683], [-105.277, 26.2012], [-105.0564, 26.4123], [-105.1015, 26.5214], [-105.2647, 26.4621], [-105.2706, 26.4665], [-105.2695, 26.4798], [-105.2779, 26.4871], [-105.2879, 26.4889], [-105.2916, 26.4809], [-105.2985, 26.482], [-105.3019, 26.4724], [-105.3155, 26.4703], [-105.3168, 26.4623], [-105.334, 26.4694], [-105.3388, 26.4781], [-105.3528, 26.4789], [-105.3572, 26.4856], [-105.3541, 26.4936], [-105.3427, 26.5045], [-105.3485, 26.5055], [-105.348, 26.5125], [-105.3686, 26.5343], [-105.382, 26.5292], [-105.3849, 26.5228], [-105.4034, 26.5175], [-105.4386, 26.5283], [-105.4701, 26.5279], [-105.4744, 26.5264], [-105.4686, 26.5173], [-105.4715, 26.5087], [-105.4956, 26.5256], [-105.4961, 26.5429], [-105.549, 26.5466], [-105.6195, 26.6835], [-105.601, 26.6148], [-105.6409, 26.62], [-105.6372, 26.6091], [-105.6455, 26.6166], [-105.6749, 26.6177], [-105.6709, 26.6352], [-105.6766, 26.6358], [-105.6899, 26.6572], [-105.7048, 26.6529], [-105.7289, 26.6979], [-105.735, 26.6848], [-105.7463, 26.7139], [-105.7813, 26.7075], [-105.7943, 26.6988], [-105.7758, 26.6609], [-105.8146, 26.691], [-105.8654, 26.7474], [-105.8745, 26.7386], [-105.8941, 26.741], [-105.8983, 26.7639], [-105.9086, 26.7528], [-105.9281, 26.7659], [-105.9392, 26.7632], [-106.0473, 26.8449], [-106.065, 26.8276], [-106.1006, 26.7593], [-106.1143, 26.7651], [-106.1253, 26.7794], [-106.1578, 26.771], [-106.1644, 26.775], [-106.1776, 26.7723], [-106.1797, 26.7631], [-106.1704, 26.7501], [-106.174, 26.7435], [-106.1787, 26.7444], [-106.1766, 26.7277], [-106.1515, 26.725], [-106.1374, 26.7185], [-106.1318, 26.7138], [-106.1319, 26.6977], [-106.1475, 26.7092], [-106.1601, 26.7023], [-106.1727, 26.7052], [-106.1897, 26.6951], [-106.185, 26.6867], [-106.1904, 26.6802], [-106.188, 26.6745], [-106.1971, 26.6838], [-106.1983, 26.676], [-106.203, 26.6812], [-106.2079, 26.6781], [-106.206, 26.6689], [-106.2198, 26.6564], [-106.2195, 26.6391], [-106.2256, 26.6354], [-106.2267, 26.615], [-106.2306, 26.6162], [-106.2309, 26.6096], [-106.2365, 26.6122], [-106.232, 26.5616], [-106.2395, 26.5624], [-106.2412, 26.545], [-106.2801, 26.5321], [-106.2696, 26.5272]]]}}, {"type": "Feature", "properties": {"osm_type": "relation", "osm_id": 773736318, "name": "Guanaceví", "admin_level": "6", "kind": "subdivision_2", "parent_osm_id": 2399740, "parent_name": "Durango", "parent_iso": "MX-DUR"}, "geometry": {"type": "Polygon", "coordinates": [[[-106.464, 25.7417], [-106.3445, 25.7958], [-106.2434, 25.7438], [-106.2038, 25.8224], [-106.1878, 25.7858], [-106.167, 25.7882], [-106.1659, 25.7695], [-106.146, 25.7569], [-106.1117, 25.7545], [-106.1081, 25.7351], [-106.0935, 25.7218], [-106.0731, 25.7185], [-106.0632, 25.7267], [-106.0584, 25.7194], [-106.0497, 25.718], [-106.0349, 25.7341], [-105.9778, 25.7416], [-105.9629, 25.7274], [-105.9616, 25.7329], [-105.952, 25.7273], [-105.949, 25.7348], [-105.9449, 25.7344], [-105.9313, 25.7167], [-105.9222, 25.7196], [-105.9276, 25.7231], [-105.9113, 25.7263], [-105.9053, 25.7153], [-105.8999, 25.7195], [-105.8554, 25.7069], [-105.7963, 25.6735], [-105.7986, 25.6778], [-105.775, 25.6936], [-105.7478, 25.6674], [-105.7447, 25.6142], [-105.7129, 25.5919], [-105.7085, 25.5736], [-105.7031, 25.5768], [-105.6887, 25.5688], [-105.6793, 25.5724], [-105.6763, 25.5601], [-105.6405, 25.5764], [-105.6323, 25.5609], [-105.563, 25.6081], [-105.5726, 25.6652], [-105.5435, 25.6672], [-105.5607, 25.7309], [-105.5502, 25.7425], [-105.5395, 25.7456], [-105.534, 25.7424], [-105.5286, 25.7515], [-105.5163, 25.7431], [-105.5049, 25.7648], [-105.512, 25.7643], [-105.5211, 25.7733], [-105.5113, 25.795], [-105.5199, 25.8029], [-105.515, 25.8039], [-105.5131, 25.812], [-105.4956, 25.818], [-105.5101, 25.8388], [-105.5243, 25.8311], [-105.5489, 25.8505], [-105.4942, 25.9004], [-105.5035, 25.9213], [-105.5105, 25.9187], [-105.5255, 25.9249], [-105.5315, 25.9221], [-105.5334, 25.9261], [-105.5508, 25.9199], [-105.5533, 25.9241], [-105.5645, 25.9221], [-105.556, 25.903], [-105.5819, 25.9051], [-105.5848, 25.8982], [-105.5517, 25.8768], [-105.589, 25.8405], [-105.6529, 25.9006], [-105.6282, 25.8251], [-105.6473, 25.8329], [-105.6862, 25.8686], [-105.6977, 25.869], [-105.7015, 25.8632], [-105.7094, 25.8986], [-105.7085, 25.9188], [-105.7225, 25.9434], [-105.7238, 25.993], [-105.7064, 25.9989], [-105.6807, 25.9887], [-105.6745, 25.9983], [-105.6758, 26.01], [-105.6685, 26.0126], [-105.6796, 26.0374], [-105.6709, 26.0358], [-105.6802, 26.0531], [-105.6906, 26.0513], [-105.691, 26.0547], [-105.7272, 26.0072], [-105.7235, 26.0051], [-105.7527, 26.0012], [-105.774, 26.0253], [-105.7737, 26.0744], [-105.8187, 26.1153], [-105.867, 26.1497], [-105.8918, 26.1461], [-105.8837, 26.133], [-105.8926, 26.1348], [-105.9001, 26.1573], [-105.9169, 26.1601], [-105.9232, 26.1745], [-105.9281, 26.173], [-105.9164, 26.1832], [-105.9259, 26.1884], [-105.9181, 26.1952], [-105.947, 26.1909], [-105.9537, 26.1997], [-105.942, 26.2116], [-105.9221, 26.2136], [-105.9248, 26.217], [-105.9178, 26.2242], [-105.9159, 26.2363], [-105.9023, 26.2403], [-105.918, 26.2632], [-105.9563, 26.2745], [-105.9538, 26.2827], [-105.9353, 26.278], [-105.9429, 26.2874], [-105.9379, 26.3101], [-105.9416, 26.3201], [-105.933, 26.3249], [-105.929, 26.3429], [-105.9517, 26.3669], [-105.944, 26.3726], [-105.9449, 26.3795], [-105.9292, 26.3786], [-105.9077, 26.3576], [-105.8795, 26.3986], [-105.8823, 26.408], [-105.8766, 26.4516], [-105.8993, 26.4202], [-105.9324, 26.4265], [-105.9194, 26.4016], [-105.94, 26.4248], [-105.9481, 26.4516], [-105.9921, 26.4264], [-105.9911, 26.4079], [-105.9973, 26.3882], [-106.0102, 26.37], [-106.0298, 26.3691], [-106.0218, 26.3673], [-106.0231, 26.3642], [-106.0336, 26.3627], [-106.0367, 26.3666], [-106.0406, 26.3625], [-106.0397, 26.3688], [-106.0445, 26.3649], [-106.0587, 26.3772], [-106.0562, 26.3877], [-106.0721, 26.3858], [-106.076, 26.3998], [-106.078, 26.3947], [-106.0855, 26.3938], [-106.0902, 26.4023], [-106.1052, 26.4004], [-106.1108, 26.4181], [-106.1246, 26.4158], [-106.1304, 26.4241], [-106.1299, 26.4379], [-106.1535, 26.4696], [-106.2242, 26.4715], [-106.2033, 26.4797], [-106.1969, 26.5014], [-106.2068, 26.5126], [-106.2414, 26.4932], [-106.2453, 26.5056], [-106.2696, 26.5272], [-106.2807, 26.5118], [-106.2539, 26.5074], [-106.2552, 26.4989], [-106.2475, 26.4822], [-106.2509, 26.4786], [-106.242, 26.4668], [-106.2652, 26.4241], [-106.2644, 26.4061], [-106.2976, 26.3965], [-106.3022, 26.3639], [-106.2755, 26.3674], [-106.287, 26.3351], [-106.2995, 26.3371], [-106.3123, 26.3488], [-106.4328, 26.204], [-106.4156, 26.1394], [-106.4586, 26.1122], [-106.4612, 26.1052], [-106.4544, 26.0953], [-106.4712, 26.0605], [-106.4541, 26.0464], [-106.4534, 26.0278], [-106.4675, 26.0183], [-106.4704, 26.0054], [-106.4447, 26.0051], [-106.4558, 25.9726], [-106.4917, 25.9681], [-106.5015, 25.955], [-106.5337, 25.9458], [-106.5473, 25.9524], [-106.5601, 25.9127], [-106.556, 25.6917], [-106.5266, 25.7134], [-106.464, 25.7417]]]}}, {"type": "Feature", "properties": {"osm_type": "relation", "osm_id": 380428438, "name": "Tlahualilo", "admin_level": "6", "kind": "subdivision_2", "parent_osm_id": 2399740, "parent_name": "Durango", "parent_iso": "MX-DUR"}, "geometry": {"type": "Polygon", "coordinates": [[[-103.6991, 26.7253], [-103.8613, 26.7541], [-103.8613, 26.7504], [-103.8812, 26.7549], [-103.9326, 26.754], [-104.044, 26.6428], [-104.0292, 26.6328], [-104.0153, 26.6299], [-104.0147, 26.5972], [-104.0237, 26.5684], [-104.013, 26.5677], [-104.0161, 26.5601], [-103.9475, 26.5579], [-103.9449, 26.5419], [-103.9524, 26.5003], [-103.9751, 26.4773], [-103.953, 26.4535], [-103.961, 26.4471], [-103.9545, 26.4401], [-104.0102, 26.3952], [-103.8381, 26.2101], [-103.7002, 26.0817], [-103.6276, 25.9013], [-103.5931, 25.9254], [-103.5889, 25.9125], [-103.5839, 25.9161], [-103.5733, 25.9125], [-103.5772, 25.8994], [-103.5663, 25.8967], [-103.5697, 25.888], [-103.5644, 25.8776], [-103.5534, 25.8823], [-103.55, 25.8753], [-103.5395, 25.8796], [-103.5431, 25.8658], [-103.5056, 25.866], [-103.5074, 25.8326], [-103.4848, 25.8311], [-103.4822, 25.8576], [-103.4742, 25.8582], [-103.4605, 25.8547], [-103.4614, 25.842], [-103.4369, 25.8381], [-103.4377, 25.8293], [-103.4114, 25.8357], [-103.4208, 25.846], [-103.4333, 25.8432], [-103.4319, 25.8573], [-103.4439, 25.8696], [-103.4019, 25.875], [-103.3916, 25.8566], [-103.3794, 25.8603], [-103.3765, 25.853], [-103.3717, 25.8535], [-103.3729, 25.8671], [-103.3622, 25.8643], [-103.3466, 25.8769], [-103.3505, 26.1424], [-103.2608, 26.2847], [-103.3168, 26.3618], [-103.3742, 26.6024], [-103.637, 26.6934], [-103.6439, 26.6902], [-103.6583, 26.7195], [-103.6991, 26.7253]]]}}]}