{"type": "FeatureCollection", "parent": {"osm_id": 2556679, "name": "Chiapas", "admin_level": "4", "kind": "subdivision_1", "child_kind": "subdivision_2", "iso": "MX-CHP"}, "features": [{"type": "Feature", "properties": {"osm_type": "relation", "osm_id": 227705468, "name": "Chiapa de Corzo", "admin_level": "6", "kind": "subdivision_2", "parent_osm_id": 2556679, "parent_name": "Chiapas", "parent_iso": "MX-CHP"}, "geometry": {"type": "Polygon", "coordinates": [[[-92.9351, 16.8754], [-92.941, 16.8826], [-92.9914, 16.9103], [-93.0229, 16.8898], [-93.0372, 16.8961], [-93.0378, 16.9065], [-93.0595, 16.9098], [-93.0617, 16.896], [-93.0304, 16.8892], [-93.0346, 16.8702], [-93.0336, 16.8857], [-93.0562, 16.8833], [-93.054, 16.8749], [-93.0351, 16.8635], [-93.0292, 16.8708], [-93.0203, 16.8708], [-93.0328, 16.8494], [-93.0393, 16.8502], [-93.0376, 16.8444], [-93.0456, 16.8472], [-93.0509, 16.8388], [-93.0563, 16.8444], [-93.063, 16.8398], [-93.0762, 16.8438], [-93.084, 16.8389], [-93.0643, 16.8348], [-93.0702, 16.7932], [-93.0375, 16.7516], [-93.0582, 16.7521], [-93.0449, 16.7368], [-93.0448, 16.7305], [-93.0353, 16.7262], [-93.0342, 16.7218], [-93.0476, 16.7115], [-93.0379, 16.7011], [-93.0339, 16.6776], [-93.0455, 16.6653], [-93.065, 16.681], [-93.0654, 16.6747], [-93.0571, 16.6636], [-93.0724, 16.6569], [-93.0634, 16.6469], [-93.0707, 16.646], [-93.076, 16.6368], [-93.0597, 16.6394], [-93.0579, 16.6269], [-93.0481, 16.623], [-93.0419, 16.6143], [-93.0438, 16.6047], [-93.0558, 16.6025], [-93.0608, 16.5855], [-93.0615, 16.5479], [-93.0532, 16.5393], [-93.0638, 16.5266], [-93.0723, 16.5375], [-93.0754, 16.5069], [-93.1054, 16.4964], [-93.1002, 16.4927], [-93.0919, 16.4962], [-93.0799, 16.4873], [-93.0584, 16.4847], [-93.061, 16.4656], [-93.048, 16.4705], [-93.0547, 16.4565], [-93.0917, 16.4226], [-93.0995, 16.4037], [-93.0928, 16.3996], [-93.0397, 16.4415], [-93.0289, 16.4295], [-93.0204, 16.4335], [-92.9601, 16.4248], [-92.941, 16.4025], [-92.8938, 16.3693], [-92.9072, 16.3455], [-92.895, 16.3419], [-92.8951, 16.3043], [-92.8871, 16.3045], [-92.8884, 16.2945], [-92.8661, 16.2922], [-92.8661, 16.3163], [-92.8491, 16.3366], [-92.8433, 16.3345], [-92.82, 16.3539], [-92.8129, 16.3514], [-92.8134, 16.3598], [-92.8029, 16.3708], [-92.8029, 16.3783], [-92.8361, 16.4031], [-92.819, 16.4229], [-92.8288, 16.4294], [-92.8382, 16.4242], [-92.8398, 16.4181], [-92.854, 16.4124], [-92.8822, 16.4129], [-92.8923, 16.4338], [-92.8883, 16.4385], [-92.886, 16.436], [-92.8754, 16.4428], [-92.8701, 16.4303], [-92.8556, 16.4246], [-92.8526, 16.4173], [-92.8419, 16.4273], [-92.852, 16.4594], [-92.8619, 16.4531], [-92.8669, 16.4567], [-92.8652, 16.4698], [-92.8703, 16.474], [-92.8827, 16.4816], [-92.8946, 16.4754], [-92.8991, 16.4811], [-92.9052, 16.4766], [-92.9005, 16.4717], [-92.905, 16.4691], [-92.9152, 16.4862], [-92.9299, 16.4778], [-92.9342, 16.4862], [-92.9416, 16.4833], [-92.9472, 16.4995], [-92.9368, 16.5041], [-92.9488, 16.5216], [-92.943, 16.5322], [-92.9505, 16.5389], [-92.947, 16.545], [-92.9523, 16.5601], [-92.9569, 16.5564], [-92.9582, 16.5729], [-92.9316, 16.6199], [-92.9312, 16.6276], [-92.9199, 16.6417], [-92.9067, 16.6483], [-92.8457, 16.6515], [-92.8416, 16.667], [-92.8494, 16.6631], [-92.8678, 16.6664], [-92.8596, 16.6854], [-92.8839, 16.697], [-92.88, 16.7032], [-92.8724, 16.6956], [-92.8666, 16.7046], [-92.8704, 16.719], [-92.889, 16.7141], [-92.8832, 16.7322], [-92.8884, 16.7341], [-92.9024, 16.714], [-92.9104, 16.7173], [-92.8968, 16.7386], [-92.9139, 16.7495], [-92.9344, 16.7539], [-92.9551, 16.7651], [-92.9631, 16.7627], [-92.9755, 16.7681], [-92.9761, 16.7618], [-92.9885, 16.7653], [-92.9868, 16.7848], [-92.9959, 16.7822], [-92.9947, 16.7734], [-93.0129, 16.7634], [-93.0206, 16.7715], [-93.0055, 16.7765], [-93.0161, 16.7757], [-93.0121, 16.7989], [-93.0054, 16.7939], [-92.9797, 16.8029], [-92.9862, 16.8266], [-92.9763, 16.8262], [-92.9731, 16.8367], [-92.9611, 16.8406], [-92.9743, 16.8508], [-92.973, 16.8557], [-92.9809, 16.8631], [-92.9651, 16.8689], [-92.9507, 16.859], [-92.9583, 16.8683], [-92.9424, 16.8794], [-92.9351, 16.8754]]]}}, {"type": "Feature", "properties": {"osm_type": "relation", "osm_id": 695895027, "name": "Tuxtla Gutiérrez", "admin_level": "6", "kind": "subdivision_2", "parent_osm_id": 2556679, "parent_name": "Chiapas", "parent_iso": "MX-CHP"}, "geometry": {"type": "Polygon", "coordinates": [[[-93.081, 16.8409], [-93.0904, 16.8366], [-93.0922, 16.8447], [-93.1372, 16.8443], [-93.1415, 16.8255], [-93.1366, 16.8093], [-93.1402, 16.8059], [-93.1639, 16.8092], [-93.1641, 16.8011], [-93.1796, 16.7957], [-93.1916, 16.8042], [-93.2036, 16.8009], [-93.2086, 16.8051], [-93.2131, 16.7888], [-93.2044, 16.7828], [-93.2141, 16.7803], [-93.2211, 16.7864], [-93.2204, 16.7719], [-93.236, 16.7651], [-93.2417, 16.7568], [-93.2427, 16.747], [-93.2251, 16.7444], [-93.2379, 16.7303], [-93.2447, 16.7309], [-93.2476, 16.7211], [-93.2406, 16.7197], [-93.2443, 16.6987], [-93.2311, 16.6904], [-93.2336, 16.6733], [-93.2211, 16.6788], [-93.2116, 16.6703], [-93.216, 16.6602], [-93.2009, 16.6507], [-93.194, 16.6577], [-93.1808, 16.6475], [-93.1797, 16.6577], [-93.159, 16.6452], [-93.15, 16.6575], [-93.1589, 16.6698], [-93.1488, 16.674], [-93.1446, 16.6742], [-93.138, 16.6591], [-93.1268, 16.6693], [-93.0947, 16.6575], [-93.0741, 16.675], [-93.0851, 16.6787], [-93.0896, 16.6948], [-93.0737, 16.6857], [-93.0654, 16.6747], [-93.065, 16.681], [-93.0574, 16.6774], [-93.0455, 16.6653], [-93.0339, 16.6776], [-93.0379, 16.7011], [-93.0476, 16.7115], [-93.0342, 16.7218], [-93.0353, 16.7262], [-93.0448, 16.7305], [-93.0449, 16.7368], [-93.0582, 16.7521], [-93.0375, 16.7516], [-93.0702, 16.7932], [-93.0643, 16.8348], [-93.081, 16.8409]]]}}, {"type": "Feature", "properties": {"osm_type": "relation", "osm_id": 233348389, "name": "La Trinitaria", "admin_level": "6", "kind": "subdivision_2", "parent_osm_id": 2556679, "parent_name": "Chiapas", "parent_iso": "MX-CHP"}, "geometry": {"type": "Polygon", "coordinates": [[[-91.5153, 16.1407], [-91.5223, 16.134], [-91.5272, 16.1425], [-91.5208, 16.1443], [-91.5554, 16.1698], [-91.5537, 16.1598], [-91.5813, 16.1594], [-91.6033, 16.1347], [-91.6139, 16.1379], [-91.6236, 16.1498], [-91.6184, 16.1354], [-91.624, 16.1305], [-91.6349, 16.1402], [-91.6423, 16.1323], [-91.6364, 16.1233], [-91.656, 16.1235], [-91.6621, 16.1428], [-91.6751, 16.1412], [-91.6839, 16.1589], [-91.682, 16.152], [-91.6955, 16.1453], [-91.7064, 16.1477], [-91.7115, 16.1415], [-91.7205, 16.1436], [-91.7291, 16.1322], [-91.743, 16.1351], [-91.7397, 16.1246], [-91.7666, 16.1544], [-91.8008, 16.1745], [-91.8105, 16.1697], [-91.8131, 16.1586], [-91.824, 16.1614], [-91.8164, 16.1894], [-91.8068, 16.1875], [-91.8027, 16.1928], [-91.8323, 16.207], [-91.8404, 16.1893], [-91.8522, 16.1851], [-91.8482, 16.178], [-91.8627, 16.1697], [-91.8506, 16.156], [-91.8632, 16.1569], [-91.8778, 16.1729], [-91.883, 16.1858], [-91.8919, 16.1788], [-91.8911, 16.1694], [-91.871, 16.1496], [-91.8813, 16.1403], [-91.8939, 16.1533], [-91.8959, 16.1678], [-91.9145, 16.1646], [-91.9335, 16.1675], [-91.9343, 16.1598], [-91.9673, 16.1638], [-91.9696, 16.1728], [-91.9865, 16.1632], [-92.0225, 16.1777], [-92.0259, 16.1648], [-92.0506, 16.1655], [-92.0459, 16.1596], [-92.0822, 16.1572], [-92.0771, 16.1415], [-92.0873, 16.1296], [-92.1005, 16.0921], [-92.0859, 16.0744], [-92.0912, 16.0658], [-92.1089, 16.0571], [-92.1424, 16.0785], [-92.1655, 16.0495], [-92.1754, 16.0494], [-92.1782, 16.0362], [-92.1683, 16.0294], [-92.1778, 16.014], [-92.1979, 16.0178], [-92.2069, 16.0144], [-92.2069, 16.0012], [-92.1875, 16.0084], [-92.2056, 15.9924], [-92.1952, 15.9811], [-92.2021, 15.9741], [-92.1989, 15.9647], [-92.1818, 15.97], [-92.1771, 15.9532], [-92.1892, 15.9477], [-92.187, 15.9422], [-92.1777, 15.9397], [-92.1755, 15.932], [-92.1611, 15.9379], [-92.1487, 15.9277], [-92.1254, 15.9216], [-92.1181, 15.9138], [-92.1187, 15.9022], [-92.1072, 15.8997], [-92.0948, 15.8831], [-92.0786, 15.8841], [-92.0686, 15.8663], [-92.0512, 15.862], [-92.0513, 15.852], [-92.0231, 15.8487], [-92.0197, 15.8431], [-92.0131, 15.8494], [-92.0142, 15.8407], [-92.0008, 15.8472], [-91.996, 15.8427], [-91.9875, 15.8497], [-91.9668, 15.8497], [-91.9501, 15.8289], [-91.9515, 15.8206], [-91.9387, 15.8197], [-91.9331, 15.8116], [-91.9166, 15.8051], [-91.9197, 15.7966], [-91.9149, 15.7944], [-91.9156, 15.7829], [-91.9302, 15.7782], [-91.9358, 15.764], [-91.9318, 15.7552], [-91.9219, 15.7515], [-91.7314, 16.074], [-91.3818, 16.0743], [-91.4079, 16.107], [-91.3998, 16.1153], [-91.4234, 16.1175], [-91.4293, 16.1115], [-91.4371, 16.1134], [-91.4471, 16.1085], [-91.4429, 16.0961], [-91.476, 16.0959], [-91.4761, 16.1099], [-91.481, 16.1174], [-91.4939, 16.118], [-91.4959, 16.1288], [-91.5044, 16.1319], [-91.5012, 16.1371], [-91.5153, 16.1407]]]}}, {"type": "Feature", "properties": {"osm_type": "relation", "osm_id": 356493058, "name": "Tuxtla Chico", "admin_level": "6", "kind": "subdivision_2", "parent_osm_id": 2556679, "parent_name": "Chiapas", "parent_iso": "MX-CHP"}, "geometry": {"type": "Polygon", "coordinates": [[[-92.1485, 14.9892], [-92.1686, 14.9818], [-92.1779, 14.9842], [-92.1805, 14.9741], [-92.184, 14.9766], [-92.1836, 14.9938], [-92.2079, 14.992], [-92.2097, 14.9785], [-92.2008, 14.9736], [-92.1984, 14.9661], [-92.2026, 14.961], [-92.214, 14.9621], [-92.2172, 14.9561], [-92.221, 14.9572], [-92.2262, 14.942], [-92.2188, 14.9401], [-92.2194, 14.9363], [-92.2265, 14.9352], [-92.2341, 14.8994], [-92.2493, 14.8771], [-92.2515, 14.8419], [-92.26, 14.8285], [-92.2559, 14.82], [-92.2587, 14.8093], [-92.254, 14.806], [-92.2541, 14.7931], [-92.2588, 14.7922], [-92.2509, 14.785], [-92.2648, 14.7807], [-92.2489, 14.7775], [-92.248, 14.7849], [-92.2427, 14.7843], [-92.2478, 14.7609], [-92.2405, 14.7587], [-92.232, 14.7685], [-92.2358, 14.7718], [-92.2322, 14.7809], [-92.2255, 14.7806], [-92.2255, 14.7956], [-92.2297, 14.7988], [-92.224, 14.8042], [-92.222, 14.8171], [-92.2372, 14.8252], [-92.2332, 14.831], [-92.2201, 14.8221], [-92.2151, 14.8337], [-92.2099, 14.8323], [-92.2107, 14.8413], [-92.2049, 14.8517], [-92.2009, 14.8532], [-92.197, 14.8466], [-92.1946, 14.8513], [-92.1815, 14.8474], [-92.1717, 14.8602], [-92.1466, 14.8702], [-92.1379, 14.8865], [-92.1362, 14.8916], [-92.1447, 14.9095], [-92.1412, 14.9226], [-92.1483, 14.9485], [-92.1448, 14.9749], [-92.151, 14.9845], [-92.1485, 14.9892]]]}}, {"type": "Feature", "properties": {"osm_type": "relation", "osm_id": 286356391, "name": "Metapa", "admin_level": "6", "kind": "subdivision_2", "parent_osm_id": 2556679, "parent_name": "Chiapas", "parent_iso": "MX-CHP"}, "geometry": {"type": "Polygon", "coordinates": [[[-92.2231, 14.8078], [-92.2195, 14.8081], [-92.2187, 14.7977], [-92.2102, 14.7909], [-92.2039, 14.7975], [-92.1938, 14.7967], [-92.1895, 14.8094], [-92.1811, 14.8011], [-92.1771, 14.8158], [-92.1848, 14.8283], [-92.1815, 14.8474], [-92.1946, 14.8513], [-92.197, 14.8466], [-92.2009, 14.8532], [-92.2049, 14.8517], [-92.2107, 14.8413], [-92.2099, 14.8323], [-92.2151, 14.8337], [-92.2201, 14.8221], [-92.2332, 14.831], [-92.2372, 14.8252], [-92.222, 14.8171], [-92.2231, 14.8078]]]}}, {"type": "Feature", "properties": {"osm_type": "relation", "osm_id": 554464259, "name": "Maravilla Tenejapa", "admin_level": "6", "kind": "subdivision_2", "parent_osm_id": 2556679, "parent_name": "Chiapas", "parent_iso": "MX-CHP"}, "geometry": {"type": "Polygon", "coordinates": [[[-91.1658, 16.0743], [-91.1626, 16.127], [-91.116, 16.1725], [-91.1646, 16.2204], [-91.1497, 16.2625], [-91.1807, 16.2667], [-91.1799, 16.2731], [-91.172, 16.3191], [-91.1521, 16.303], [-91.1308, 16.3391], [-91.1645, 16.3529], [-91.1803, 16.3273], [-91.198, 16.3204], [-91.2058, 16.3303], [-91.2251, 16.3357], [-91.2333, 16.3442], [-91.2305, 16.3067], [-91.2389, 16.2958], [-91.2401, 16.259], [-91.2487, 16.2672], [-91.273, 16.2721], [-91.2773, 16.2686], [-91.2808, 16.2755], [-91.2757, 16.2968], [-91.283, 16.3023], [-91.2913, 16.2824], [-91.3021, 16.2886], [-91.3063, 16.3038], [-91.3023, 16.3144], [-91.3573, 16.2901], [-91.373, 16.2449], [-91.39, 16.2596], [-91.3854, 16.2307], [-91.3908, 16.228], [-91.3794, 16.2085], [-91.3684, 16.2005], [-91.3407, 16.2026], [-91.3503, 16.1863], [-91.3404, 16.1678], [-91.3556, 16.1474], [-91.3399, 16.1255], [-91.3459, 16.1238], [-91.3398, 16.1151], [-91.3277, 16.1204], [-91.3107, 16.1072], [-91.3048, 16.1078], [-91.2967, 16.0744], [-91.1658, 16.0743]]]}}, {"type": "Feature", "properties": {"osm_type": "relation", "osm_id": 499929440, "name": "Ocosingo", "admin_level": "6", "kind": "subdivision_2", "parent_osm_id": 2556679, "parent_name": "Chiapas", "parent_iso": "MX-CHP"}, "geometry": {"type": "Polygon", "coordinates": [[[-91.1658, 16.0743], [-90.9451, 16.077], [-90.9437, 16.0807], [-90.9507, 16.081], [-90.9586, 16.1003], [-90.9304, 16.1138], [-90.8835, 16.1766], [-90.881, 16.1873], [-90.8852, 16.1952], [-90.9089, 16.201], [-90.8959, 16.2162], [-90.8875, 16.2014], [-90.8773, 16.1997], [-90.8656, 16.2145], [-90.8528, 16.2146], [-90.8434, 16.2222], [-90.8457, 16.2298], [-90.8701, 16.2362], [-90.8668, 16.2422], [-90.8505, 16.238], [-90.8468, 16.2408], [-90.8587, 16.2501], [-90.8665, 16.264], [-90.8747, 16.2985], [-90.873, 16.3088], [-90.8596, 16.3148], [-90.8568, 16.3366], [-90.8299, 16.3323], [-90.8066, 16.3426], [-90.7923, 16.3374], [-90.7782, 16.3463], [-90.755, 16.3387], [-90.7523, 16.3448], [-90.7635, 16.3596], [-90.7494, 16.371], [-90.7722, 16.3787], [-90.7706, 16.3888], [-90.7578, 16.3906], [-90.7555, 16.3957], [-90.7726, 16.4079], [-90.7739, 16.4187], [-90.7553, 16.4263], [-90.7527, 16.4369], [-90.7247, 16.4718], [-90.7165, 16.473], [-90.7119, 16.4674], [-90.725, 16.4625], [-90.7193, 16.45], [-90.7309, 16.4371], [-90.7226, 16.4139], [-90.7137, 16.4197], [-90.717, 16.4359], [-90.7125, 16.4444], [-90.6989, 16.4465], [-90.6942, 16.4581], [-90.6774, 16.4569], [-90.6807, 16.4672], [-90.6974, 16.4681], [-90.6988, 16.4845], [-90.7067, 16.4912], [-90.7, 16.4957], [-90.681, 16.4876], [-90.6768, 16.4908], [-90.6852, 16.5277], [-90.6975, 16.5407], [-90.6902, 16.5482], [-90.6944, 16.5635], [-90.7044, 16.5728], [-90.6936, 16.5836], [-90.6952, 16.6018], [-90.6916, 16.6045], [-90.6762, 16.5904], [-90.6534, 16.5945], [-90.6621, 16.6289], [-90.6576, 16.6395], [-90.6759, 16.6606], [-90.6817, 16.6886], [-90.7095, 16.7048], [-90.7094, 16.7219], [-90.7568, 16.7511], [-90.7624, 16.7628], [-90.8028, 16.7762], [-90.8041, 16.7987], [-90.8488, 16.7965], [-90.8556, 16.7988], [-90.8613, 16.8116], [-90.8777, 16.8238], [-90.9218, 16.8219], [-90.9339, 16.8423], [-90.9336, 16.8593], [-90.95, 16.8654], [-90.9679, 16.8604], [-90.9741, 16.8636], [-90.9721, 16.871], [-90.9545, 16.8845], [-90.9573, 16.8966], [-90.965, 16.9015], [-90.9761, 16.9029], [-90.9851, 16.898], [-90.9805, 16.8727], [-90.9878, 16.8631], [-90.9939, 16.8771], [-91.0071, 16.8862], [-91.0656, 16.9029], [-91.074, 16.9136], [-91.0645, 16.9251], [-91.0798, 16.9435], [-91.0932, 16.9518], [-91.1044, 16.9702], [-91.12, 16.9775], [-91.1222, 17.0028], [-91.1309, 17.0066], [-91.1544, 17.0049], [-91.1753, 17.0157], [-91.2103, 17.0531], [-91.2171, 17.065], [-91.2173, 17.0766], [-91.2345, 17.1006], [-91.2604, 17.103], [-91.3018, 17.067], [-91.2994, 17.0775], [-91.3089, 17.0874], [-91.3017, 17.0892], [-91.3023, 17.1001], [-91.2978, 17.0983], [-91.2888, 17.1086], [-91.2823, 17.1063], [-91.2785, 17.115], [-91.3022, 17.1221], [-91.3049, 17.1123], [-91.3233, 17.1089], [-91.3213, 17.1259], [-91.3538, 17.1307], [-91.3609, 17.0959], [-91.3748, 17.1052], [-91.3859, 17.0748], [-91.4035, 17.0833], [-91.4063, 17.1024], [-91.415, 17.1148], [-91.4124, 17.1267], [-91.4227, 17.1266], [-91.4404, 17.1466], [-91.4446, 17.1364], [-91.4594, 17.1417], [-91.4709, 17.1622], [-91.4677, 17.1654], [-91.4788, 17.1746], [-91.4855, 17.1686], [-91.4776, 17.164], [-91.4995, 17.1312], [-91.444, 17.104], [-91.4555, 17.0829], [-91.4707, 17.0955], [-91.4737, 17.0923], [-91.4938, 17.1048], [-91.4905, 17.1098], [-91.4961, 17.1145], [-91.5124, 17.1207], [-91.5187, 17.1157], [-91.5239, 17.1257], [-91.5409, 17.1115], [-91.5618, 17.1332], [-91.5516, 17.1658], [-91.5245, 17.1914], [-91.5297, 17.1983], [-91.5261, 17.2109], [-91.5575, 17.2132], [-91.5569, 17.2224], [-91.5861, 17.2249], [-91.584, 17.2326], [-91.6011, 17.2248], [-91.6265, 17.221], [-91.6324, 17.2061], [-91.6485, 17.216], [-91.6552, 17.2119], [-91.6524, 17.2199], [-91.6785, 17.2398], [-91.7084, 17.2227], [-91.7059, 17.2155], [-91.7285, 17.2102], [-91.7347, 17.201], [-91.7257, 17.1815], [-91.7354, 17.1602], [-91.7269, 17.1676], [-91.7182, 17.1646], [-91.719, 17.1699], [-91.712, 17.1659], [-91.7057, 17.1717], [-91.6923, 17.1702], [-91.6854, 17.1866], [-91.6774, 17.1861], [-91.6746, 17.1914], [-91.6856, 17.2026], [-91.6643, 17.1971], [-91.6535, 17.2072], [-91.6494, 17.2041], [-91.6479, 17.1723], [-91.6802, 17.1707], [-91.6823, 17.1505], [-91.6924, 17.1461], [-91.6981, 17.1357], [-91.717, 17.1372], [-91.7389, 17.1483], [-91.7456, 17.1445], [-91.7514, 17.1382], [-91.7532, 17.1243], [-91.7005, 17.1042], [-91.7043, 17.0946], [-91.737, 17.0997], [-91.7437, 17.1072], [-91.7531, 17.0895], [-91.7614, 17.088], [-91.7815, 17.0443], [-91.7931, 17.0352], [-91.8037, 17.0379], [-91.8774, 16.9978], [-91.9196, 16.9994], [-91.9171, 17.0066], [-91.9208, 17.0071], [-91.9389, 17.0053], [-91.9542, 16.9876], [-91.9723, 16.9845], [-92.0566, 16.9801], [-92.0709, 16.9876], [-92.0762, 16.9742], [-92.1063, 16.9738], [-92.1275, 16.9618], [-92.1547, 16.9707], [-92.1557, 16.9805], [-92.174, 16.991], [-92.1812, 16.9886], [-92.1852, 16.9982], [-92.1945, 16.9949], [-92.2051, 16.999], [-92.2106, 16.9922], [-92.2064, 16.982], [-92.2245, 16.9474], [-92.2599, 16.9463], [-92.2682, 16.9367], [-92.2735, 16.9434], [-92.2949, 16.9456], [-92.2951, 16.953], [-92.3043, 16.9506], [-92.3095, 16.9551], [-92.3212, 16.9496], [-92.3101, 16.9491], [-92.3135, 16.9385], [-92.3394, 16.9322], [-92.3521, 16.9006], [-92.3149, 16.9057], [-92.2968, 16.9008], [-92.2935, 16.8947], [-92.3034, 16.8849], [-92.2763, 16.8666], [-92.2514, 16.8299], [-92.2373, 16.8234], [-92.2338, 16.8053], [-92.2427, 16.7948], [-92.1931, 16.785], [-92.1922, 16.7947], [-92.1745, 16.7934], [-92.1668, 16.7871], [-92.1798, 16.777], [-92.1678, 16.772], [-92.1557, 16.7849], [-92.1478, 16.7791], [-92.149, 16.7742], [-92.1334, 16.768], [-92.1322, 16.748], [-92.0592, 16.7789], [-92.0598, 16.7958], [-92.0504, 16.8005], [-92.0537, 16.821], [-92.0386, 16.8258], [-92.039, 16.8512], [-92.0302, 16.8517], [-91.9994, 16.8392], [-92.0114, 16.8258], [-92.0034, 16.8105], [-91.9809, 16.804], [-91.9793, 16.8153], [-91.9593, 16.8159], [-91.9383, 16.8092], [-91.932, 16.8194], [-91.934, 16.8101], [-91.9196, 16.8028], [-91.912, 16.8042], [-91.9064, 16.7975], [-91.9054, 16.7816], [-91.9015, 16.7808], [-91.9051, 16.7614], [-91.8942, 16.7578], [-91.8952, 16.7508], [-91.7993, 16.7434], [-91.7824, 16.7518], [-91.7681, 16.7511], [-91.7791, 16.7024], [-91.7486, 16.681], [-91.7333, 16.6759], [-91.7053, 16.6519], [-91.685, 16.648], [-91.6848, 16.637], [-91.6656, 16.6231], [-91.6525, 16.6199], [-91.6514, 16.6153], [-91.6229, 16.6139], [-91.619, 16.6011], [-91.599, 16.6188], [-91.6014, 16.5969], [-91.5709, 16.6056], [-91.5519, 16.5729], [-91.5872, 16.56], [-91.6181, 16.5665], [-91.6048, 16.5534], [-91.6103, 16.5401], [-91.6035, 16.5341], [-91.5921, 16.5393], [-91.5855, 16.5314], [-91.5836, 16.5146], [-91.5782, 16.5093], [-91.5849, 16.4968], [-91.578, 16.4872], [-91.534, 16.5123], [-91.5071, 16.4967], [-91.4943, 16.5031], [-91.4865, 16.5137], [-91.4908, 16.522], [-91.4799, 16.5247], [-91.4723, 16.5163], [-91.4552, 16.5136], [-91.4331, 16.4881], [-91.4455, 16.4624], [-91.4209, 16.4432], [-91.4359, 16.4235], [-91.4211, 16.4038], [-91.4115, 16.4091], [-91.4011, 16.3945], [-91.3968, 16.3972], [-91.3891, 16.3873], [-91.3625, 16.4032], [-91.3422, 16.4027], [-91.3361, 16.4069], [-91.3411, 16.3898], [-91.3354, 16.3847], [-91.3439, 16.3799], [-91.3307, 16.381], [-91.3376, 16.3726], [-91.3272, 16.3697], [-91.3319, 16.3415], [-91.3292, 16.3368], [-91.3417, 16.3325], [-91.3334, 16.327], [-91.3302, 16.3336], [-91.3252, 16.3281], [-91.3281, 16.3223], [-91.3213, 16.325], [-91.319, 16.3197], [-91.3004, 16.3183], [-91.3063, 16.3038], [-91.3021, 16.2886], [-91.2913, 16.2824], [-91.283, 16.3023], [-91.2757, 16.2968], [-91.2808, 16.2755], [-91.2773, 16.2686], [-91.273, 16.2721], [-91.2487, 16.2672], [-91.2401, 16.259], [-91.2389, 16.2958], [-91.2305, 16.3067], [-91.2333, 16.3442], [-91.2251, 16.3357], [-91.2058, 16.3303], [-91.198, 16.3204], [-91.1803, 16.3273], [-91.1645, 16.3529], [-91.1308, 16.3391], [-91.1521, 16.303], [-91.172, 16.3191], [-91.1799, 16.2731], [-91.1807, 16.2667], [-91.1497, 16.2625], [-91.1646, 16.2204], [-91.116, 16.1725], [-91.1626, 16.127], [-91.1658, 16.0743]]]}}, {"type": "Feature", "properties": {"osm_type": "relation", "osm_id": 834856182, "name": "Tapachula", "admin_level": "6", "kind": "subdivision_2", "parent_osm_id": 2556679, "parent_name": "Chiapas", "parent_iso": "MX-CHP"}, "geometry": {"type": "Polygon", "coordinates": [[[-92.1881, 14.9931], [-92.186, 15.0277], [-92.224, 15.0325], [-92.2269, 15.041], [-92.2189, 15.0568], [-92.2134, 15.0883], [-92.2023, 15.1104], [-92.2039, 15.1293], [-92.1848, 15.1439], [-92.1765, 15.1634], [-92.1822, 15.1679], [-92.1789, 15.1835], [-92.1629, 15.2012], [-92.184, 15.2276], [-92.1932, 15.2278], [-92.2051, 15.2123], [-92.2227, 15.2039], [-92.2466, 15.2123], [-92.2503, 15.2058], [-92.2344, 15.1989], [-92.2434, 15.1891], [-92.2678, 15.1838], [-92.2712, 15.1738], [-92.2768, 15.1771], [-92.2865, 15.1638], [-92.2896, 15.1847], [-92.2941, 15.1841], [-92.2928, 15.1976], [-92.2672, 15.1948], [-92.2762, 15.2189], [-92.3049, 15.2337], [-92.3058, 15.2288], [-92.327, 15.2355], [-92.3346, 15.1878], [-92.3519, 15.1706], [-92.3507, 15.163], [-92.362, 15.157], [-92.3616, 15.1607], [-92.3832, 15.1442], [-92.3577, 15.1426], [-92.365, 15.1305], [-92.3701, 15.1311], [-92.3736, 15.1093], [-92.3329, 15.1046], [-92.3331, 15.088], [-92.3248, 15.0879], [-92.3252, 15.0814], [-92.3178, 15.0752], [-92.3236, 15.0726], [-92.3272, 15.0524], [-92.3382, 15.0555], [-92.3371, 15.0617], [-92.3435, 15.0649], [-92.3432, 15.047], [-92.3392, 15.0429], [-92.3527, 15.0394], [-92.365, 15.0447], [-92.3659, 15.037], [-92.3751, 15.038], [-92.3758, 15.0325], [-92.3641, 15.0312], [-92.3488, 15.0394], [-92.3325, 15.0359], [-92.3361, 15.0275], [-92.3225, 15.029], [-92.3153, 15.0148], [-92.32, 15.0059], [-92.3129, 14.9972], [-92.3027, 14.9942], [-92.3018, 14.983], [-92.3123, 14.9819], [-92.3072, 14.9735], [-92.3169, 14.9674], [-92.3166, 14.9631], [-92.3251, 14.9651], [-92.333, 14.9597], [-92.3467, 14.9636], [-92.3486, 14.9555], [-92.3631, 14.9577], [-92.3637, 14.9478], [-92.3716, 14.9442], [-92.3739, 14.9502], [-92.3801, 14.949], [-92.3763, 14.9526], [-92.3795, 14.9549], [-92.3867, 14.9443], [-92.4051, 14.9442], [-92.4042, 14.952], [-92.4148, 14.9525], [-92.4157, 14.9616], [-92.4303, 14.9534], [-92.4162, 14.9232], [-92.3875, 14.9074], [-92.3857, 14.8679], [-92.3979, 14.8547], [-92.3986, 14.8351], [-92.3856, 14.8099], [-92.3917, 14.8055], [-92.3961, 14.8108], [-92.417, 14.8001], [-92.4103, 14.7924], [-92.4215, 14.7838], [-92.4328, 14.7837], [-92.4259, 14.7804], [-92.435, 14.7788], [-92.4391, 14.7608], [-92.4553, 14.7551], [-92.462, 14.7613], [-92.4664, 14.7575], [-92.409, 14.703], [-92.4106, 14.6949], [-92.3196, 14.6184], [-92.3146, 14.6307], [-92.305, 14.6387], [-92.2993, 14.6565], [-92.2899, 14.6616], [-92.2955, 14.6656], [-92.2891, 14.6684], [-92.2902, 14.6784], [-92.2828, 14.6825], [-92.284, 14.692], [-92.2675, 14.71], [-92.2703, 14.7184], [-92.2608, 14.7466], [-92.2669, 14.7485], [-92.2617, 14.7508], [-92.2643, 14.7571], [-92.2599, 14.7605], [-92.2648, 14.7655], [-92.2608, 14.769], [-92.2648, 14.7807], [-92.2509, 14.785], [-92.2588, 14.7922], [-92.2541, 14.7931], [-92.254, 14.806], [-92.2587, 14.8093], [-92.2559, 14.82], [-92.26, 14.8285], [-92.2515, 14.8419], [-92.2493, 14.8771], [-92.2341, 14.8994], [-92.2265, 14.9352], [-92.2194, 14.9363], [-92.2262, 14.9442], [-92.2223, 14.9442], [-92.221, 14.9572], [-92.2172, 14.9561], [-92.214, 14.9621], [-92.2026, 14.961], [-92.1984, 14.9661], [-92.2008, 14.9736], [-92.2097, 14.9785], [-92.2079, 14.992], [-92.1881, 14.9931]]]}}, {"type": "Feature", "properties": {"osm_type": "relation", "osm_id": 622804102, "name": "La Independencia", "admin_level": "6", "kind": "subdivision_2", "parent_osm_id": 2556679, "parent_name": "Chiapas", "parent_iso": "MX-CHP"}, "geometry": {"type": "Polygon", "coordinates": [[[-91.5153, 16.1407], [-91.5182, 16.1425], [-91.5, 16.1503], [-91.5168, 16.173], [-91.5213, 16.1709], [-91.5409, 16.1835], [-91.5448, 16.1792], [-91.5562, 16.1865], [-91.55, 16.1979], [-91.5559, 16.2013], [-91.5622, 16.1866], [-91.5961, 16.2116], [-91.606, 16.2036], [-91.6071, 16.2142], [-91.6332, 16.2143], [-91.6202, 16.2172], [-91.6311, 16.2379], [-91.6312, 16.2529], [-91.6431, 16.2536], [-91.6488, 16.2604], [-91.6593, 16.253], [-91.67, 16.2527], [-91.6751, 16.2619], [-91.6896, 16.2677], [-91.68, 16.2735], [-91.6821, 16.2765], [-91.7064, 16.2655], [-91.7304, 16.2668], [-91.7415, 16.2573], [-91.7294, 16.25], [-91.7399, 16.2437], [-91.7456, 16.2222], [-91.7656, 16.2123], [-91.7676, 16.2178], [-91.7779, 16.2108], [-91.7893, 16.2141], [-91.8185, 16.2422], [-91.8167, 16.2364], [-91.8304, 16.2231], [-91.853, 16.2272], [-91.8493, 16.2371], [-91.8596, 16.2462], [-91.8568, 16.2551], [-91.8714, 16.2612], [-91.8918, 16.2623], [-91.9001, 16.2692], [-91.911, 16.2575], [-91.9178, 16.2662], [-91.9239, 16.267], [-91.9583, 16.262], [-91.9671, 16.2947], [-91.9597, 16.2988], [-91.9654, 16.3057], [-91.9798, 16.2988], [-91.9863, 16.2846], [-92.0147, 16.2771], [-92.0137, 16.268], [-92.024, 16.2824], [-92.0345, 16.2734], [-92.0334, 16.2624], [-92.0512, 16.2501], [-92.0423, 16.2407], [-92.0452, 16.2374], [-92.0169, 16.207], [-92.0176, 16.2008], [-92.0011, 16.1977], [-91.9978, 16.1916], [-92.0026, 16.1818], [-91.9967, 16.166], [-91.9818, 16.1638], [-91.9696, 16.1728], [-91.9673, 16.1638], [-91.9343, 16.1598], [-91.9335, 16.1675], [-91.9145, 16.1646], [-91.8959, 16.1678], [-91.8939, 16.1533], [-91.8813, 16.1403], [-91.871, 16.1496], [-91.8911, 16.1694], [-91.8919, 16.1788], [-91.883, 16.1858], [-91.8778, 16.1729], [-91.8632, 16.1569], [-91.8506, 16.156], [-91.8627, 16.1697], [-91.8482, 16.178], [-91.8522, 16.1851], [-91.8404, 16.1893], [-91.8323, 16.207], [-91.8027, 16.1928], [-91.8068, 16.1875], [-91.8164, 16.1894], [-91.824, 16.1614], [-91.8131, 16.1586], [-91.8105, 16.1697], [-91.8008, 16.1745], [-91.7666, 16.1544], [-91.7397, 16.1246], [-91.743, 16.1351], [-91.7291, 16.1322], [-91.7205, 16.1436], [-91.7115, 16.1415], [-91.7064, 16.1477], [-91.6955, 16.1453], [-91.682, 16.152], [-91.6839, 16.1589], [-91.6751, 16.1412], [-91.6621, 16.1428], [-91.656, 16.1235], [-91.6364, 16.1233], [-91.6423, 16.1323], [-91.6349, 16.1402], [-91.624, 16.1305], [-91.6184, 16.1354], [-91.6236, 16.1498], [-91.6139, 16.1379], [-91.6033, 16.1347], [-91.5813, 16.1594], [-91.5537, 16.1598], [-91.5554, 16.1698], [-91.5208, 16.1443], [-91.5272, 16.1425], [-91.5223, 16.134], [-91.5153, 16.1407]]]}}, {"type": "Feature", "properties": {"osm_type": "relation", "osm_id": 712644715, "name": "Acapetahua", "admin_level": "6", "kind": "subdivision_2", "parent_osm_id": 2556679, "parent_name": "Chiapas", "parent_iso": "MX-CHP"}, "geometry": {"type": "Polygon", "coordinates": [[[-92.7176, 15.3205], [-92.7322, 15.3235], [-92.734, 15.3418], [-92.7446, 15.3377], [-92.747, 15.3536], [-92.7548, 15.3651], [-92.7527, 15.3779], [-92.7678, 15.3864], [-92.7533, 15.3845], [-92.7519, 15.3979], [-92.765, 15.3978], [-92.7554, 15.4203], [-92.7685, 15.422], [-92.7747, 15.4004], [-92.7854, 15.3893], [-92.812, 15.4035], [-92.8148, 15.3996], [-92.8028, 15.3936], [-92.8101, 15.3464], [-92.84, 15.3222], [-92.8524, 15.2821], [-92.8717, 15.2616], [-92.8813, 15.2704], [-92.8857, 15.266], [-92.8783, 15.2587], [-92.8847, 15.2526], [-92.8947, 15.2587], [-92.8854, 15.2508], [-92.8938, 15.2486], [-92.8885, 15.2323], [-92.9003, 15.2487], [-92.9108, 15.2489], [-92.8846, 15.2226], [-92.9232, 15.2468], [-92.931, 15.2313], [-92.854, 15.1588], [-92.8535, 15.1524], [-92.7326, 15.0308], [-92.7263, 15.032], [-92.7175, 15.0233], [-92.7124, 15.0237], [-92.7652, 15.1139], [-92.7557, 15.1123], [-92.7534, 15.1292], [-92.7584, 15.1331], [-92.7414, 15.1514], [-92.7217, 15.1279], [-92.7105, 15.1408], [-92.7161, 15.1446], [-92.7105, 15.1513], [-92.7169, 15.154], [-92.7026, 15.1568], [-92.6967, 15.1656], [-92.6907, 15.1651], [-92.6767, 15.1766], [-92.6628, 15.2026], [-92.6503, 15.2005], [-92.6465, 15.2135], [-92.6391, 15.2109], [-92.6504, 15.2248], [-92.639, 15.2366], [-92.6466, 15.2424], [-92.6374, 15.2425], [-92.6269, 15.2601], [-92.6616, 15.286], [-92.6718, 15.2769], [-92.6806, 15.2787], [-92.6833, 15.2818], [-92.6719, 15.2931], [-92.6812, 15.3047], [-92.6927, 15.3011], [-92.7066, 15.307], [-92.7093, 15.3017], [-92.7197, 15.3119], [-92.7218, 15.308], [-92.7148, 15.3031], [-92.7246, 15.2959], [-92.7369, 15.3039], [-92.7236, 15.3108], [-92.7176, 15.3205]]]}}, {"type": "Feature", "properties": {"osm_type": "relation", "osm_id": 268634053, "name": "Escuintla", "admin_level": "6", "kind": "subdivision_2", "parent_osm_id": 2556679, "parent_name": "Chiapas", "parent_iso": "MX-CHP"}, "geometry": {"type": "Polygon", "coordinates": [[[-92.6415, 15.2151], [-92.6349, 15.2234], [-92.6175, 15.2148], [-92.6069, 15.2333], [-92.6154, 15.2356], [-92.6139, 15.2418], [-92.5927, 15.2505], [-92.5965, 15.2588], [-92.5858, 15.2594], [-92.5904, 15.2731], [-92.5872, 15.3008], [-92.579, 15.2983], [-92.5769, 15.304], [-92.6033, 15.3059], [-92.5863, 15.3325], [-92.5673, 15.3407], [-92.5571, 15.3257], [-92.5087, 15.3213], [-92.5106, 15.3067], [-92.5244, 15.3055], [-92.5286, 15.287], [-92.5, 15.2853], [-92.4973, 15.2769], [-92.4773, 15.262], [-92.4688, 15.2563], [-92.4626, 15.2596], [-92.466, 15.2659], [-92.4786, 15.267], [-92.4863, 15.2793], [-92.4557, 15.29], [-92.4551, 15.2985], [-92.4624, 15.3015], [-92.4594, 15.3287], [-92.4811, 15.3317], [-92.4817, 15.3392], [-92.4714, 15.3444], [-92.4711, 15.337], [-92.465, 15.337], [-92.4547, 15.3613], [-92.4367, 15.362], [-92.4443, 15.3658], [-92.4438, 15.3786], [-92.4338, 15.3869], [-92.4291, 15.4231], [-92.4846, 15.4388], [-92.487, 15.4594], [-92.4957, 15.4587], [-92.5109, 15.482], [-92.5332, 15.4872], [-92.5575, 15.4873], [-92.5523, 15.4752], [-92.5707, 15.4796], [-92.5658, 15.4543], [-92.6067, 15.4548], [-92.6335, 15.4111], [-92.6303, 15.4043], [-92.6141, 15.4044], [-92.6273, 15.3763], [-92.6398, 15.3564], [-92.6457, 15.3604], [-92.6403, 15.375], [-92.6472, 15.3776], [-92.6549, 15.3622], [-92.6493, 15.3525], [-92.6615, 15.3482], [-92.6528, 15.3324], [-92.6889, 15.3188], [-92.6992, 15.3264], [-92.7048, 15.3225], [-92.7132, 15.3276], [-92.7236, 15.3108], [-92.7369, 15.3039], [-92.7246, 15.2959], [-92.7148, 15.3031], [-92.7218, 15.308], [-92.7197, 15.3119], [-92.7093, 15.3017], [-92.7066, 15.307], [-92.6927, 15.3011], [-92.6812, 15.3047], [-92.6719, 15.2931], [-92.6833, 15.2818], [-92.6806, 15.2787], [-92.6718, 15.2769], [-92.6616, 15.286], [-92.6269, 15.2601], [-92.6374, 15.2425], [-92.6466, 15.2424], [-92.639, 15.2366], [-92.6504, 15.2248], [-92.6415, 15.2151]]]}}, {"type": "Feature", "properties": {"osm_type": "relation", "osm_id": 268893566, "name": "La Libertad", "admin_level": "6", "kind": "subdivision_2", "parent_osm_id": 2556679, "parent_name": "Chiapas", "parent_iso": "MX-CHP"}, "geometry": {"type": "Polygon", "coordinates": [[[-91.6821, 17.4695], [-91.6768, 17.4759], [-91.6751, 17.4715], [-91.6715, 17.4737], [-91.6726, 17.4781], [-91.6669, 17.4821], [-91.6628, 17.4798], [-91.661, 17.4874], [-91.6522, 17.4922], [-91.6547, 17.4964], [-91.6502, 17.4954], [-91.6524, 17.5004], [-91.6472, 17.5046], [-91.6491, 17.5178], [-91.6418, 17.5189], [-91.6425, 17.529], [-91.6343, 17.5346], [-91.6392, 17.5416], [-91.6348, 17.5505], [-91.641, 17.558], [-91.6388, 17.5815], [-91.6471, 17.5902], [-91.6446, 17.5957], [-91.6531, 17.5987], [-91.6636, 17.6122], [-91.6568, 17.6122], [-91.6522, 17.6198], [-91.6467, 17.6179], [-91.6446, 17.6219], [-91.6599, 17.6304], [-91.6549, 17.6305], [-91.6581, 17.6345], [-91.6528, 17.6386], [-91.6588, 17.6397], [-91.6541, 17.6452], [-91.6598, 17.6492], [-91.6587, 17.6565], [-91.6636, 17.6622], [-91.6604, 17.6655], [-91.6643, 17.6667], [-91.659, 17.6659], [-91.6547, 17.6762], [-91.673, 17.6835], [-91.6814, 17.6701], [-91.6937, 17.685], [-91.701, 17.6789], [-91.704, 17.6922], [-91.7171, 17.6877], [-91.7175, 17.6984], [-91.7248, 17.6921], [-91.7333, 17.6966], [-91.7414, 17.7058], [-91.7388, 17.7108], [-91.7482, 17.7002], [-91.7539, 17.7053], [-91.7679, 17.7031], [-91.7766, 17.7154], [-91.776, 17.7092], [-91.7805, 17.7078], [-91.7865, 17.719], [-91.8184, 17.7274], [-91.8212, 17.7318], [-91.8364, 17.7178], [-91.8275, 17.7085], [-91.8716, 17.6834], [-91.8577, 17.646], [-91.8612, 17.6378], [-91.8562, 17.6398], [-91.855, 17.6352], [-91.8552, 17.6233], [-91.8601, 17.623], [-91.8598, 17.59], [-91.8558, 17.589], [-91.8547, 17.5722], [-91.8482, 17.5722], [-91.8527, 17.5598], [-91.8707, 17.5503], [-91.8487, 17.545], [-91.825, 17.5325], [-91.8231, 17.5395], [-91.8156, 17.5394], [-91.8153, 17.5331], [-91.7504, 17.5298], [-91.7282, 17.5176], [-91.7255, 17.5064], [-91.7162, 17.4967], [-91.6816, 17.4831], [-91.6821, 17.4695]]]}}, {"type": "Feature", "properties": {"osm_type": "relation", "osm_id": 494025903, "name": "Tonalá", "admin_level": "6", "kind": "subdivision_2", "parent_osm_id": 2556679, "parent_name": "Chiapas", "parent_iso": "MX-CHP"}, "geometry": {"type": "Polygon", "coordinates": [[[-93.6138, 16.2023], [-93.6533, 16.2079], [-93.7067, 16.2046], [-93.7416, 16.2246], [-93.771, 16.2303], [-93.7679, 16.2085], [-93.7701, 16.2027], [-93.7807, 16.202], [-93.782, 16.1942], [-93.8017, 16.1954], [-93.7991, 16.2061], [-93.8043, 16.2123], [-93.8328, 16.1975], [-93.8384, 16.2038], [-93.858, 16.1951], [-93.8821, 16.1762], [-93.8807, 16.1676], [-93.8936, 16.1717], [-93.9021, 16.1365], [-93.9135, 16.1255], [-93.9191, 16.096], [-93.9157, 16.091], [-93.9003, 16.0934], [-93.8999, 16.0846], [-93.9408, 16.0946], [-93.9822, 16.0937], [-94.003, 16.1018], [-94.0075, 16.1118], [-94.0107, 16.1082], [-94.0378, 16.1076], [-94.0481, 16.1124], [-94.0495, 16.1183], [-94.0553, 16.118], [-94.0544, 16.1214], [-94.0559, 16.1182], [-94.0621, 16.1221], [-94.0674, 16.1172], [-94.0786, 16.1203], [-94.086, 16.1246], [-94.0904, 16.1353], [-94.1008, 16.139], [-94.036, 16.0221], [-93.9572, 15.9846], [-93.9528, 15.9899], [-93.9412, 15.983], [-93.9253, 15.9846], [-93.9068, 15.9794], [-93.808, 15.9309], [-93.6868, 15.8569], [-93.5143, 15.7344], [-93.4871, 15.7465], [-93.4976, 15.7509], [-93.4773, 15.7702], [-93.4605, 15.7533], [-93.4161, 15.841], [-93.4054, 15.8409], [-93.3957, 15.8556], [-93.3666, 15.8808], [-93.3618, 15.8975], [-93.3547, 15.8962], [-93.3556, 15.8657], [-93.3512, 15.8549], [-93.3437, 15.8584], [-93.3034, 15.8417], [-93.2993, 15.8479], [-93.3072, 15.8534], [-93.312, 15.8516], [-93.3214, 15.8632], [-93.3216, 15.8694], [-93.3327, 15.8813], [-93.3334, 15.8953], [-93.3488, 15.9065], [-93.3844, 15.9119], [-93.4126, 15.9532], [-93.4412, 15.9727], [-93.4779, 15.9667], [-93.4809, 15.9889], [-93.5329, 15.9998], [-93.5309, 16.0097], [-93.5407, 16.0198], [-93.555, 16.0111], [-93.5517, 15.9965], [-93.5655, 15.9907], [-93.5625, 15.9885], [-93.5671, 15.9837], [-93.5751, 15.986], [-93.5718, 15.9902], [-93.5777, 15.9939], [-93.5708, 16.0054], [-93.5914, 16.0385], [-93.572, 16.0545], [-93.5984, 16.1023], [-93.5966, 16.1203], [-93.6076, 16.1576], [-93.6138, 16.2023]]]}}, {"type": "Feature", "properties": {"osm_type": "relation", "osm_id": 132064366, "name": "Tecpatán", "admin_level": "6", "kind": "subdivision_2", "parent_osm_id": 2556679, "parent_name": "Chiapas", "parent_iso": "MX-CHP"}, "geometry": {"type": "Polygon", "coordinates": [[[-93.3829, 17.2975], [-93.4042, 17.3031], [-93.4062, 17.3198], [-93.4135, 17.3164], [-93.4283, 17.3269], [-93.4333, 17.2959], [-93.4512, 17.2986], [-93.4499, 17.3085], [-93.4591, 17.3099], [-93.4572, 17.329], [-93.4767, 17.3312], [-93.4844, 17.3379], [-93.4852, 17.3322], [-93.499, 17.3338], [-93.4956, 17.3498], [-93.5005, 17.3557], [-93.4954, 17.3581], [-93.4948, 17.3538], [-93.4979, 17.3688], [-93.492, 17.3742], [-93.4969, 17.3738], [-93.5011, 17.3862], [-93.5253, 17.3931], [-93.5288, 17.3847], [-93.5392, 17.3829], [-93.5411, 17.3882], [-93.5472, 17.3837], [-93.5541, 17.3882], [-93.6079, 17.3149], [-93.6381, 17.2909], [-93.6644, 17.2862], [-93.6627, 17.2563], [-93.6899, 17.2553], [-93.6957, 17.2472], [-93.7368, 17.2475], [-93.763, 17.2393], [-93.7725, 17.2458], [-93.7886, 17.2323], [-93.7949, 17.2409], [-93.8014, 17.2404], [-93.8038, 17.2249], [-93.8266, 17.1905], [-93.8271, 17.1725], [-93.839, 17.1729], [-93.8609, 17.1637], [-93.8623, 17.1515], [-93.8701, 17.1466], [-93.8674, 17.137], [-93.8399, 17.1205], [-93.8291, 17.1246], [-93.8243, 17.1122], [-93.8179, 17.1121], [-93.8197, 17.1072], [-93.8129, 17.1146], [-93.7817, 17.1073], [-93.7555, 17.0944], [-93.7423, 17.1055], [-93.7531, 17.0881], [-93.7361, 17.0763], [-93.7293, 17.0921], [-93.7139, 17.0883], [-93.7053, 17.1146], [-93.6892, 17.1097], [-93.6837, 17.1261], [-93.7001, 17.1309], [-93.6976, 17.1378], [-93.7106, 17.1416], [-93.7088, 17.1554], [-93.7035, 17.1611], [-93.6957, 17.1524], [-93.6993, 17.1507], [-93.6911, 17.1516], [-93.6898, 17.1572], [-93.6877, 17.1529], [-93.6657, 17.1542], [-93.6592, 17.1435], [-93.6372, 17.14], [-93.6324, 17.1436], [-93.6321, 17.1365], [-93.6249, 17.1401], [-93.6291, 17.1437], [-93.6198, 17.1428], [-93.6213, 17.1371], [-93.6128, 17.1394], [-93.6047, 17.1298], [-93.6008, 17.134], [-93.591, 17.1299], [-93.5948, 17.1271], [-93.5927, 17.123], [-93.5855, 17.1275], [-93.5642, 17.1179], [-93.5602, 17.1086], [-93.5529, 17.1144], [-93.5497, 17.1091], [-93.5358, 17.1124], [-93.5105, 17.1237], [-93.4899, 17.1006], [-93.4749, 17.093], [-93.4537, 17.0628], [-93.4237, 17.0452], [-93.4308, 17.0325], [-93.4195, 17.0296], [-93.4145, 17.0336], [-93.4116, 17.029], [-93.4069, 17.0329], [-93.3987, 17.0281], [-93.3979, 17.0205], [-93.408, 17.0179], [-93.408, 17.0234], [-93.4157, 17.0141], [-93.4074, 16.995], [-93.3728, 16.9868], [-93.3692, 17.0162], [-93.3789, 17.0163], [-93.3791, 17.0198], [-93.372, 17.023], [-93.3737, 17.0332], [-93.3674, 17.0464], [-93.377, 17.0544], [-93.3788, 17.0771], [-93.3689, 17.0791], [-93.3642, 17.0854], [-93.3494, 17.0796], [-93.3456, 17.0895], [-93.3214, 17.0954], [-93.3142, 17.1155], [-93.305, 17.1168], [-93.3098, 17.124], [-93.2966, 17.1319], [-93.2987, 17.1533], [-93.2889, 17.1584], [-93.293, 17.1776], [-93.2781, 17.1919], [-93.2906, 17.2024], [-93.2873, 17.2039], [-93.3, 17.2103], [-93.3002, 17.2152], [-93.2861, 17.2214], [-93.2743, 17.2097], [-93.2662, 17.2146], [-93.2643, 17.2241], [-93.2503, 17.2221], [-93.2445, 17.24], [-93.2473, 17.2447], [-93.2622, 17.2406], [-93.2702, 17.2276], [-93.2755, 17.229], [-93.2836, 17.2213], [-93.2868, 17.2302], [-93.2963, 17.2318], [-93.292, 17.2459], [-93.282, 17.2472], [-93.2821, 17.263], [-93.2883, 17.2704], [-93.298, 17.2631], [-93.3373, 17.2696], [-93.3665, 17.2652], [-93.3806, 17.2695], [-93.3829, 17.2975]]]}}, {"type": "Feature", "properties": {"osm_type": "relation", "osm_id": 518449759, "name": "Tapalapa", "admin_level": "6", "kind": "subdivision_2", "parent_osm_id": 2556679, "parent_name": "Chiapas", "parent_iso": "MX-CHP"}, "geometry": {"type": "Polygon", "coordinates": [[[-93.12, 17.1524], [-93.0917, 17.1719], [-93.085, 17.1705], [-93.0881, 17.1744], [-93.0714, 17.2048], [-93.087, 17.2295], [-93.0897, 17.2382], [-93.0831, 17.2386], [-93.0877, 17.2387], [-93.0935, 17.2545], [-93.1171, 17.2806], [-93.1422, 17.2739], [-93.1588, 17.262], [-93.1383, 17.2415], [-93.1232, 17.2106], [-93.1271, 17.1958], [-93.1449, 17.2003], [-93.1575, 17.1903], [-93.1433, 17.1885], [-93.1485, 17.1835], [-93.1268, 17.183], [-93.1102, 17.1703], [-93.1205, 17.1664], [-93.12, 17.1524]]]}}, {"type": "Feature", "properties": {"osm_type": "relation", "osm_id": 290169489, "name": "Sunuapa", "admin_level": "6", "kind": "subdivision_2", "parent_osm_id": 2556679, "parent_name": "Chiapas", "parent_iso": "MX-CHP"}, "geometry": {"type": "Polygon", "coordinates": [[[-93.2546, 17.4237], [-93.2426, 17.4425], [-93.2319, 17.4504], [-93.224, 17.4542], [-93.2166, 17.4514], [-93.2122, 17.4688], [-93.195, 17.4797], [-93.2009, 17.491], [-93.2192, 17.5061], [-93.2304, 17.5082], [-93.2342, 17.5184], [-93.2295, 17.5248], [-93.2343, 17.5388], [-93.2519, 17.5454], [-93.2728, 17.5361], [-93.2683, 17.5273], [-93.2849, 17.5239], [-93.2895, 17.5124], [-93.2971, 17.5178], [-93.2995, 17.5098], [-93.3146, 17.5068], [-93.31, 17.5002], [-93.29, 17.4955], [-93.2864, 17.4641], [-93.2608, 17.4524], [-93.2641, 17.4257], [-93.2597, 17.4212], [-93.2546, 17.4237]]]}}, {"type": "Feature", "properties": {"osm_type": "relation", "osm_id": 364586535, "name": "San Fernando", "admin_level": "6", "kind": "subdivision_2", "parent_osm_id": 2556679, "parent_name": "Chiapas", "parent_iso": "MX-CHP"}, "geometry": {"type": "Polygon", "coordinates": [[[-93.1089, 16.8449], [-93.1125, 16.8564], [-93.1075, 16.8807], [-93.1408, 16.9093], [-93.1351, 16.9104], [-93.1349, 16.9181], [-93.1492, 16.9347], [-93.1498, 16.944], [-93.1259, 16.9442], [-93.1199, 16.9418], [-93.1219, 16.9366], [-93.118, 16.9405], [-93.1236, 16.9338], [-93.1249, 16.9143], [-93.1146, 16.9294], [-93.1058, 16.9295], [-93.104, 16.935], [-93.1124, 16.9419], [-93.1119, 16.948], [-93.1318, 16.9521], [-93.1766, 16.9755], [-93.1645, 16.9857], [-93.1837, 16.9988], [-93.2015, 17.0289], [-93.229, 17.0287], [-93.2664, 17.0162], [-93.2841, 17.0029], [-93.2972, 17.0114], [-93.3062, 17.0113], [-93.3079, 16.9936], [-93.3036, 16.9882], [-93.3107, 16.9833], [-93.3051, 16.9817], [-93.2995, 16.9871], [-93.295, 16.9756], [-93.2884, 16.9726], [-93.2885, 16.9382], [-93.291, 16.9324], [-93.3005, 16.9342], [-93.3028, 16.9172], [-93.3088, 16.9104], [-93.2936, 16.8956], [-93.2742, 16.8866], [-93.2648, 16.8485], [-93.2728, 16.8443], [-93.2701, 16.8376], [-93.2267, 16.818], [-93.2036, 16.8009], [-93.1916, 16.8042], [-93.1796, 16.7957], [-93.1641, 16.8011], [-93.1639, 16.8092], [-93.1402, 16.8059], [-93.1366, 16.8093], [-93.1415, 16.8255], [-93.1372, 16.8443], [-93.1089, 16.8449]]]}}, {"type": "Feature", "properties": {"osm_type": "relation", "osm_id": 777170194, "name": "Reforma", "admin_level": "6", "kind": "subdivision_2", "parent_osm_id": 2556679, "parent_name": "Chiapas", "parent_iso": "MX-CHP"}, "geometry": {"type": "Polygon", "coordinates": [[[-93.2185, 17.956], [-93.231, 17.9488], [-93.2409, 17.9501], [-93.2453, 17.9601], [-93.2567, 17.963], [-93.2783, 17.9853], [-93.283, 17.9675], [-93.2982, 17.9474], [-93.2955, 17.9412], [-93.3271, 17.9281], [-93.3362, 17.9366], [-93.3399, 17.9329], [-93.336, 17.905], [-93.3413, 17.9031], [-93.3506, 17.8761], [-93.3497, 17.868], [-93.3343, 17.8517], [-93.3493, 17.8154], [-93.3406, 17.7981], [-93.3521, 17.7954], [-93.3666, 17.8029], [-93.3705, 17.794], [-93.3764, 17.7959], [-93.3796, 17.7806], [-93.3644, 17.7791], [-93.3585, 17.7884], [-93.3431, 17.7875], [-93.3334, 17.8184], [-93.3143, 17.8129], [-93.3202, 17.796], [-93.3112, 17.7932], [-93.3052, 17.7818], [-93.2739, 17.7721], [-93.2634, 17.8063], [-93.2492, 17.811], [-93.2527, 17.7954], [-93.2435, 17.791], [-93.2444, 17.7866], [-93.1937, 17.7714], [-93.1879, 17.7781], [-93.1807, 17.7756], [-93.1797, 17.7864], [-93.1705, 17.7775], [-93.1469, 17.7775], [-93.1504, 17.7631], [-93.1358, 17.7522], [-93.1335, 17.7915], [-93.1236, 17.7968], [-93.1053, 17.7918], [-93.1021, 17.8132], [-93.1161, 17.8213], [-93.1318, 17.8523], [-93.1236, 17.8745], [-93.092, 17.8866], [-93.0907, 17.8969], [-93.105, 17.9074], [-93.1291, 17.9079], [-93.1369, 17.9184], [-93.146, 17.9199], [-93.1451, 17.9324], [-93.1831, 17.9403], [-93.192, 17.9561], [-93.2074, 17.9606], [-93.2185, 17.956]]]}}, {"type": "Feature", "properties": {"osm_type": "relation", "osm_id": 203875703, "name": "Ostuacán", "admin_level": "6", "kind": "subdivision_2", "parent_osm_id": 2556679, "parent_name": "Chiapas", "parent_iso": "MX-CHP"}, "geometry": {"type": "Polygon", "coordinates": [[[-93.3829, 17.2975], [-93.3842, 17.3188], [-93.3338, 17.3314], [-93.3225, 17.3508], [-93.2716, 17.3526], [-93.2489, 17.3661], [-93.2499, 17.4067], [-93.2576, 17.4064], [-93.2546, 17.4237], [-93.2597, 17.4212], [-93.2641, 17.4257], [-93.2608, 17.4524], [-93.2864, 17.4641], [-93.29, 17.4955], [-93.31, 17.5002], [-93.3146, 17.5068], [-93.3223, 17.5016], [-93.3279, 17.506], [-93.3323, 17.5008], [-93.3719, 17.5012], [-93.3713, 17.5099], [-93.3792, 17.5141], [-93.366, 17.5251], [-93.361, 17.5223], [-93.3614, 17.5287], [-93.3683, 17.531], [-93.3662, 17.5379], [-93.3835, 17.5557], [-93.3837, 17.5639], [-93.3944, 17.5639], [-93.408, 17.5763], [-93.4163, 17.598], [-93.4222, 17.589], [-93.4464, 17.5855], [-93.4524, 17.546], [-93.474, 17.5536], [-93.4856, 17.5477], [-93.4989, 17.5221], [-93.5025, 17.4995], [-93.5076, 17.5014], [-93.505, 17.4954], [-93.5149, 17.4902], [-93.506, 17.4775], [-93.5099, 17.4737], [-93.5069, 17.4697], [-93.511, 17.4484], [-93.5541, 17.3882], [-93.5472, 17.3837], [-93.5411, 17.3882], [-93.5392, 17.3829], [-93.5288, 17.3847], [-93.5253, 17.3931], [-93.5011, 17.3862], [-93.4969, 17.3738], [-93.492, 17.3742], [-93.4979, 17.3688], [-93.4948, 17.3538], [-93.4954, 17.3581], [-93.5005, 17.3557], [-93.4956, 17.3498], [-93.499, 17.3338], [-93.4852, 17.3322], [-93.4844, 17.3379], [-93.4767, 17.3312], [-93.4572, 17.329], [-93.4591, 17.3099], [-93.4499, 17.3085], [-93.4512, 17.2986], [-93.4333, 17.2959], [-93.4283, 17.3269], [-93.4135, 17.3164], [-93.4062, 17.3198], [-93.4042, 17.3031], [-93.3829, 17.2975]]]}}, {"type": "Feature", "properties": {"osm_type": "relation", "osm_id": 353025969, "name": "Ocotepec", "admin_level": "6", "kind": "subdivision_2", "parent_osm_id": 2556679, "parent_name": "Chiapas", "parent_iso": "MX-CHP"}, "geometry": {"type": "Polygon", "coordinates": [[[-93.1588, 17.262], [-93.1785, 17.2665], [-93.1925, 17.2606], [-93.1804, 17.2469], [-93.2094, 17.2318], [-93.2226, 17.2149], [-93.2192, 17.1996], [-93.2255, 17.1996], [-93.2147, 17.1823], [-93.2153, 17.1863], [-93.1984, 17.1891], [-93.1963, 17.1949], [-93.1575, 17.1903], [-93.1449, 17.2003], [-93.1271, 17.1958], [-93.1232, 17.2106], [-93.1383, 17.2415], [-93.1588, 17.262]]]}}, {"type": "Feature", "properties": {"osm_type": "relation", "osm_id": 574045318, "name": "Juárez", "admin_level": "6", "kind": "subdivision_2", "parent_osm_id": 2556679, "parent_name": "Chiapas", "parent_iso": "MX-CHP"}, "geometry": {"type": "Polygon", "coordinates": [[[-93.3431, 17.7875], [-93.352, 17.7638], [-93.3754, 17.7668], [-93.3863, 17.7775], [-93.3905, 17.7734], [-93.3816, 17.7485], [-93.3698, 17.7374], [-93.3739, 17.733], [-93.3626, 17.7287], [-93.364, 17.7235], [-93.3543, 17.7129], [-93.3538, 17.6811], [-93.3605, 17.6651], [-93.3484, 17.6688], [-93.3279, 17.6598], [-93.3173, 17.6396], [-93.3277, 17.6162], [-93.3072, 17.5998], [-93.2874, 17.6084], [-93.2888, 17.598], [-93.28, 17.6005], [-93.2779, 17.5809], [-93.2682, 17.5819], [-93.2756, 17.5736], [-93.2697, 17.5676], [-93.2613, 17.5713], [-93.2553, 17.5555], [-93.2341, 17.5677], [-93.231, 17.5839], [-93.2462, 17.5924], [-93.2385, 17.5984], [-93.2245, 17.5972], [-93.2168, 17.5851], [-93.2111, 17.587], [-93.2184, 17.578], [-93.207, 17.5628], [-93.1786, 17.5611], [-93.1663, 17.5717], [-93.1696, 17.5763], [-93.1633, 17.5794], [-93.1625, 17.5892], [-93.1495, 17.5804], [-93.142, 17.5811], [-93.1378, 17.5871], [-93.1248, 17.581], [-93.1237, 17.5887], [-93.1198, 17.5879], [-93.1188, 17.5832], [-93.1088, 17.5834], [-93.1013, 17.5749], [-93.0947, 17.5854], [-93.0772, 17.573], [-93.0798, 17.6101], [-93.0943, 17.6092], [-93.0744, 17.661], [-93.0707, 17.6662], [-93.0598, 17.6649], [-93.0611, 17.6719], [-93.067, 17.6717], [-93.0391, 17.692], [-93.0379, 17.6884], [-93.0383, 17.7066], [-93.043, 17.7042], [-93.0444, 17.7134], [-93.0538, 17.7114], [-93.0535, 17.7188], [-93.0577, 17.7205], [-93.0543, 17.7424], [-93.0468, 17.7487], [-93.0478, 17.7584], [-93.0424, 17.7687], [-93.0366, 17.7664], [-93.0278, 17.7716], [-93.0166, 17.7844], [-93.0187, 17.7907], [-93.012, 17.7936], [-93.0196, 17.8031], [-93.0164, 17.8081], [-93.0273, 17.8203], [-93.0254, 17.8254], [-93.0403, 17.8409], [-93.0587, 17.8442], [-93.0941, 17.8412], [-93.1016, 17.8458], [-93.1161, 17.8213], [-93.1021, 17.8132], [-93.1053, 17.7918], [-93.1236, 17.7968], [-93.1335, 17.7915], [-93.1358, 17.7522], [-93.1504, 17.7631], [-93.1469, 17.7775], [-93.1705, 17.7775], [-93.1797, 17.7864], [-93.1807, 17.7756], [-93.1879, 17.7781], [-93.1937, 17.7714], [-93.2444, 17.7866], [-93.2435, 17.791], [-93.2527, 17.7954], [-93.2492, 17.811], [-93.2634, 17.8063], [-93.2739, 17.7721], [-93.3052, 17.7818], [-93.3112, 17.7932], [-93.3202, 17.796], [-93.3143, 17.8129], [-93.3334, 17.8184], [-93.3431, 17.7875]]]}}, {"type": "Feature", "properties": {"osm_type": "relation", "osm_id": 533971384, "name": "Ixtacomitán", "admin_level": "6", "kind": "subdivision_2", "parent_osm_id": 2556679, "parent_name": "Chiapas", "parent_iso": "MX-CHP"}, "geometry": {"type": "Polygon", "coordinates": [[[-93.0539, 17.4932], [-93.0736, 17.4958], [-93.0738, 17.4851], [-93.0795, 17.4829], [-93.0774, 17.4919], [-93.0865, 17.4917], [-93.0871, 17.4793], [-93.0956, 17.4864], [-93.1019, 17.4854], [-93.1014, 17.4758], [-93.1208, 17.4643], [-93.1201, 17.4551], [-93.1312, 17.4471], [-93.1396, 17.4285], [-93.1549, 17.4254], [-93.1693, 17.4154], [-93.1738, 17.4028], [-93.1697, 17.3974], [-93.1519, 17.3926], [-93.1563, 17.3858], [-93.1524, 17.3752], [-93.1397, 17.3756], [-93.1389, 17.3648], [-93.0992, 17.3582], [-93.0982, 17.3665], [-93.0828, 17.3641], [-93.0793, 17.3759], [-93.0817, 17.3667], [-93.0772, 17.3645], [-93.0596, 17.3705], [-93.0618, 17.3789], [-93.0466, 17.3867], [-93.0473, 17.3939], [-93.0548, 17.393], [-93.0589, 17.3979], [-93.0699, 17.3958], [-93.0727, 17.4053], [-93.0507, 17.4164], [-93.0555, 17.4191], [-93.0519, 17.421], [-93.0536, 17.4304], [-93.0461, 17.4359], [-93.0479, 17.4608], [-93.0598, 17.469], [-93.0597, 17.4733], [-93.04, 17.4791], [-93.0387, 17.4863], [-93.0539, 17.4932]]]}}, {"type": "Feature", "properties": {"osm_type": "relation", "osm_id": 211350695, "name": "Francisco León", "admin_level": "6", "kind": "subdivision_2", "parent_osm_id": 2556679, "parent_name": "Chiapas", "parent_iso": "MX-CHP"}, "geometry": {"type": "Polygon", "coordinates": [[[-93.2462, 17.2285], [-93.2438, 17.2221], [-93.2226, 17.2149], [-93.2094, 17.2318], [-93.1804, 17.2469], [-93.1925, 17.2606], [-93.1785, 17.2665], [-93.1828, 17.2719], [-93.1929, 17.2649], [-93.1855, 17.2757], [-93.2158, 17.3316], [-93.2301, 17.3483], [-93.226, 17.3529], [-93.242, 17.3678], [-93.265, 17.36], [-93.2716, 17.3526], [-93.3225, 17.3508], [-93.3338, 17.3314], [-93.3842, 17.3188], [-93.3806, 17.2695], [-93.3665, 17.2652], [-93.3373, 17.2696], [-93.298, 17.2631], [-93.2883, 17.2704], [-93.2821, 17.263], [-93.282, 17.2472], [-93.292, 17.2459], [-93.2963, 17.2318], [-93.2868, 17.2302], [-93.2836, 17.2213], [-93.2755, 17.229], [-93.2702, 17.2276], [-93.2622, 17.2406], [-93.2473, 17.2447], [-93.2462, 17.2285]]]}}, {"type": "Feature", "properties": {"osm_type": "relation", "osm_id": 357148261, "name": "Chapultenango", "admin_level": "6", "kind": "subdivision_2", "parent_osm_id": 2556679, "parent_name": "Chiapas", "parent_iso": "MX-CHP"}, "geometry": {"type": "Polygon", "coordinates": [[[-93.1135, 17.2794], [-93.098, 17.2679], [-93.0687, 17.2676], [-93.0653, 17.2961], [-93.0446, 17.315], [-93.0518, 17.3251], [-93.0466, 17.3273], [-93.053, 17.3347], [-93.0438, 17.3704], [-93.0498, 17.3799], [-93.0606, 17.3745], [-93.0596, 17.3705], [-93.0772, 17.3645], [-93.0817, 17.3667], [-93.0793, 17.3759], [-93.0828, 17.3641], [-93.0982, 17.3665], [-93.0992, 17.3582], [-93.1303, 17.3616], [-93.1389, 17.3648], [-93.1397, 17.3756], [-93.1524, 17.3752], [-93.1563, 17.3858], [-93.1519, 17.3926], [-93.1883, 17.3974], [-93.1912, 17.408], [-93.2048, 17.4094], [-93.2102, 17.3917], [-93.2076, 17.3819], [-93.1998, 17.3856], [-93.1996, 17.3662], [-93.1753, 17.3622], [-93.1714, 17.3554], [-93.1718, 17.3492], [-93.1772, 17.3504], [-93.1742, 17.3433], [-93.1792, 17.3363], [-93.1864, 17.3432], [-93.1956, 17.3442], [-93.216, 17.3337], [-93.1987, 17.2938], [-93.1855, 17.2757], [-93.1929, 17.2649], [-93.1828, 17.2719], [-93.1755, 17.2648], [-93.1588, 17.262], [-93.1422, 17.2739], [-93.1135, 17.2794]]]}}, {"type": "Feature", "properties": {"osm_type": "relation", "osm_id": 192060850, "name": "Copainalá", "admin_level": "6", "kind": "subdivision_2", "parent_osm_id": 2556679, "parent_name": "Chiapas", "parent_iso": "MX-CHP"}, "geometry": {"type": "Polygon", "coordinates": [[[-93.372, 17.023], [-93.349, 17.0264], [-93.3294, 17.0199], [-93.3331, 17.0167], [-93.3281, 17.02], [-93.3142, 17.011], [-93.2972, 17.0114], [-93.2841, 17.0029], [-93.2664, 17.0162], [-93.229, 17.0287], [-93.2015, 17.0289], [-93.1848, 17.0027], [-93.1716, 17.0139], [-93.1693, 17.0114], [-93.1492, 17.0221], [-93.1516, 17.0264], [-93.1425, 17.0326], [-93.1478, 17.0409], [-93.1355, 17.0451], [-93.1351, 17.0493], [-93.1405, 17.0628], [-93.1483, 17.0612], [-93.1485, 17.0679], [-93.1396, 17.0778], [-93.1464, 17.0801], [-93.1481, 17.0762], [-93.1578, 17.0847], [-93.143, 17.0955], [-93.1677, 17.0972], [-93.1665, 17.1028], [-93.18, 17.118], [-93.2093, 17.1361], [-93.1976, 17.1723], [-93.192, 17.1774], [-93.1929, 17.1916], [-93.1963, 17.1949], [-93.1984, 17.1891], [-93.2153, 17.1863], [-93.2147, 17.1823], [-93.2255, 17.1996], [-93.2192, 17.1996], [-93.2226, 17.2149], [-93.2438, 17.2221], [-93.2462, 17.2285], [-93.2505, 17.2284], [-93.2503, 17.2221], [-93.2643, 17.2241], [-93.2662, 17.2146], [-93.2743, 17.2097], [-93.2861, 17.2214], [-93.2963, 17.2195], [-93.3, 17.2103], [-93.2873, 17.2039], [-93.2906, 17.2024], [-93.2781, 17.1919], [-93.293, 17.1776], [-93.2889, 17.1584], [-93.2987, 17.1533], [-93.2966, 17.1319], [-93.3098, 17.124], [-93.305, 17.1168], [-93.3142, 17.1155], [-93.3214, 17.0954], [-93.3456, 17.0895], [-93.3494, 17.0796], [-93.3642, 17.0854], [-93.3689, 17.0791], [-93.3788, 17.0771], [-93.377, 17.0544], [-93.3674, 17.0464], [-93.3737, 17.0332], [-93.372, 17.023]]]}}, {"type": "Feature", "properties": {"osm_type": "relation", "osm_id": 802565600, "name": "Arriaga", "admin_level": "6", "kind": "subdivision_2", "parent_osm_id": 2556679, "parent_name": "Chiapas", "parent_iso": "MX-CHP"}, "geometry": {"type": "Polygon", "coordinates": [[[-93.771, 16.2303], [-93.7414, 16.2585], [-93.7218, 16.2886], [-93.728, 16.2978], [-93.7407, 16.298], [-93.7519, 16.3271], [-93.7924, 16.3446], [-93.8146, 16.3436], [-93.8205, 16.3458], [-93.8174, 16.3508], [-93.8352, 16.3307], [-93.8323, 16.3268], [-93.8446, 16.3215], [-93.8525, 16.3275], [-93.846, 16.3314], [-93.8666, 16.3443], [-93.8994, 16.3484], [-93.8965, 16.3518], [-93.9046, 16.3518], [-93.9036, 16.3555], [-93.929, 16.3562], [-93.9267, 16.3615], [-93.9465, 16.3687], [-93.9616, 16.3672], [-93.9773, 16.3723], [-93.9757, 16.3784], [-93.985, 16.3762], [-93.9855, 16.3661], [-94.0139, 16.3813], [-94.0066, 16.3931], [-94.0157, 16.3982], [-94.019, 16.3928], [-94.0205, 16.4017], [-94.0303, 16.3999], [-94.0342, 16.4055], [-94.0542, 16.4006], [-94.0587, 16.4193], [-94.0702, 16.4256], [-94.1025, 16.4075], [-94.0507, 16.3297], [-94.033, 16.2759], [-94.0435, 16.2557], [-94.0351, 16.2483], [-94.0352, 16.2396], [-94.0485, 16.2162], [-94.1096, 16.1791], [-94.1028, 16.1425], [-94.0904, 16.1353], [-94.086, 16.1246], [-94.0786, 16.1203], [-94.0674, 16.1172], [-94.0621, 16.1221], [-94.0559, 16.1182], [-94.0544, 16.1214], [-94.0481, 16.1124], [-94.0353, 16.107], [-94.0107, 16.1082], [-94.0075, 16.1118], [-94.003, 16.1018], [-93.9822, 16.0937], [-93.9408, 16.0946], [-93.8999, 16.0846], [-93.9003, 16.0934], [-93.9157, 16.091], [-93.9191, 16.096], [-93.9135, 16.1255], [-93.9021, 16.1365], [-93.8936, 16.1717], [-93.8807, 16.1676], [-93.8821, 16.1762], [-93.858, 16.1951], [-93.8384, 16.2038], [-93.8328, 16.1975], [-93.8043, 16.2123], [-93.7991, 16.2061], [-93.8017, 16.1954], [-93.782, 16.1942], [-93.7807, 16.202], [-93.7701, 16.2027], [-93.7679, 16.2085], [-93.771, 16.2303]]]}}, {"type": "Feature", "properties": {"osm_type": "relation", "osm_id": 696458892, "name": "Ixhuatán", "admin_level": "6", "kind": "subdivision_2", "parent_osm_id": 2556679, "parent_name": "Chiapas", "parent_iso": "MX-CHP"}, "geometry": {"type": "Polygon", "coordinates": [[[-93.0658, 17.2813], [-93.0465, 17.2781], [-93.047, 17.2693], [-93.0358, 17.2649], [-93.0269, 17.2674], [-93.0244, 17.2794], [-92.9783, 17.2732], [-92.9716, 17.2878], [-92.9638, 17.2876], [-92.9455, 17.261], [-92.9217, 17.2453], [-92.9167, 17.2528], [-92.9244, 17.2597], [-92.9224, 17.2749], [-92.9113, 17.2686], [-92.9112, 17.274], [-92.9005, 17.2732], [-92.9244, 17.3384], [-92.9328, 17.3469], [-92.9308, 17.3645], [-92.9363, 17.3484], [-92.9413, 17.3424], [-92.9498, 17.3418], [-92.9512, 17.3194], [-92.9806, 17.3223], [-92.9853, 17.3293], [-92.9737, 17.3466], [-92.9926, 17.3477], [-92.9772, 17.3004], [-93.0112, 17.3205], [-93.0303, 17.31], [-93.0182, 17.3259], [-93.0246, 17.3308], [-93.0332, 17.3223], [-93.0434, 17.3363], [-93.0518, 17.3251], [-93.0446, 17.315], [-93.0653, 17.2961], [-93.0658, 17.2813]]]}}, {"type": "Feature", "properties": {"osm_type": "relation", "osm_id": 876972698, "name": "Huixtla", "admin_level": "6", "kind": "subdivision_2", "parent_osm_id": 2556679, "parent_name": "Chiapas", "parent_iso": "MX-CHP"}, "geometry": {"type": "Polygon", "coordinates": [[[-92.7326, 15.0308], [-92.6761, 14.9731], [-92.6655, 14.9705], [-92.6518, 14.9558], [-92.6456, 14.9622], [-92.6374, 14.9529], [-92.6035, 14.9516], [-92.6037, 14.9567], [-92.5398, 15.0208], [-92.514, 15.039], [-92.5069, 15.0372], [-92.4961, 15.0546], [-92.4775, 15.0495], [-92.4715, 15.0627], [-92.4873, 15.0696], [-92.479, 15.0749], [-92.4826, 15.0862], [-92.4624, 15.1011], [-92.4713, 15.1097], [-92.4443, 15.1541], [-92.4449, 15.1622], [-92.4181, 15.1775], [-92.4159, 15.1841], [-92.4214, 15.1853], [-92.4148, 15.1896], [-92.4151, 15.1939], [-92.4509, 15.1963], [-92.4517, 15.228], [-92.4683, 15.229], [-92.4551, 15.2446], [-92.4376, 15.2492], [-92.4504, 15.2596], [-92.4253, 15.275], [-92.4306, 15.2863], [-92.4491, 15.2871], [-92.4524, 15.2928], [-92.4637, 15.2858], [-92.4727, 15.2863], [-92.4761, 15.2803], [-92.4831, 15.2832], [-92.4863, 15.2793], [-92.4786, 15.267], [-92.466, 15.2659], [-92.4626, 15.2596], [-92.4688, 15.2563], [-92.4773, 15.262], [-92.4853, 15.2566], [-92.4983, 15.2614], [-92.5098, 15.2541], [-92.4975, 15.2447], [-92.5151, 15.2403], [-92.5142, 15.2354], [-92.5218, 15.2284], [-92.5219, 15.2238], [-92.5153, 15.2224], [-92.5202, 15.1894], [-92.5435, 15.1743], [-92.54, 15.1637], [-92.5322, 15.1581], [-92.5161, 15.1575], [-92.5485, 15.1153], [-92.5837, 15.1234], [-92.5843, 15.1185], [-92.6059, 15.1199], [-92.6075, 15.1067], [-92.6153, 15.0991], [-92.6117, 15.0978], [-92.614, 15.0906], [-92.6064, 15.0865], [-92.6114, 15.0777], [-92.6056, 15.0737], [-92.6105, 15.0695], [-92.618, 15.0742], [-92.6237, 15.0673], [-92.6148, 15.0675], [-92.6156, 15.0527], [-92.6658, 15.0449], [-92.6659, 15.0202], [-92.679, 15.0217], [-92.6804, 15.0104], [-92.6747, 15.0055], [-92.6792, 15.0018], [-92.6893, 15.0105], [-92.6865, 15.0146], [-92.6917, 15.0197], [-92.6997, 15.0196], [-92.7001, 15.0132], [-92.706, 15.0149], [-92.7099, 15.0238], [-92.7326, 15.0308]]]}}, {"type": "Feature", "properties": {"osm_type": "relation", "osm_id": 916504598, "name": "Huitiupán", "admin_level": "6", "kind": "subdivision_2", "parent_osm_id": 2556679, "parent_name": "Chiapas", "parent_iso": "MX-CHP"}, "geometry": {"type": "Polygon", "coordinates": [[[-92.5898, 17.2043], [-92.5939, 17.2423], [-92.5851, 17.2482], [-92.5865, 17.2558], [-92.5761, 17.2693], [-92.5931, 17.2696], [-92.6075, 17.2589], [-92.6113, 17.2641], [-92.6192, 17.2569], [-92.6253, 17.2663], [-92.6212, 17.2704], [-92.6261, 17.2803], [-92.6353, 17.2759], [-92.656, 17.299], [-92.6481, 17.3025], [-92.6524, 17.3066], [-92.6483, 17.3151], [-92.6613, 17.3104], [-92.6876, 17.3354], [-92.7097, 17.3297], [-92.7192, 17.3359], [-92.7235, 17.3484], [-92.7536, 17.3434], [-92.7498, 17.338], [-92.7566, 17.3293], [-92.7523, 17.3102], [-92.763, 17.3168], [-92.7583, 17.3178], [-92.7671, 17.3312], [-92.7692, 17.3194], [-92.7967, 17.3113], [-92.7804, 17.2977], [-92.7871, 17.2939], [-92.789, 17.283], [-92.7969, 17.2868], [-92.8078, 17.2784], [-92.8138, 17.2805], [-92.8161, 17.2639], [-92.8122, 17.2628], [-92.8107, 17.2365], [-92.8036, 17.2365], [-92.7347, 17.1949], [-92.7268, 17.1855], [-92.7257, 17.1656], [-92.702, 17.1555], [-92.6812, 17.1603], [-92.6434, 17.133], [-92.6373, 17.1371], [-92.6411, 17.1409], [-92.6365, 17.1492], [-92.6285, 17.1554], [-92.6223, 17.1519], [-92.5999, 17.1742], [-92.5898, 17.2043]]]}}, {"type": "Feature", "properties": {"osm_type": "relation", "osm_id": 124230059, "name": "Huixtán", "admin_level": "6", "kind": "subdivision_2", "parent_osm_id": 2556679, "parent_name": "Chiapas", "parent_iso": "MX-CHP"}, "geometry": {"type": "Polygon", "coordinates": [[[-92.4081, 16.7699], [-92.4496, 16.7612], [-92.4562, 16.7649], [-92.4611, 16.777], [-92.4722, 16.7795], [-92.4814, 16.774], [-92.4865, 16.7789], [-92.4912, 16.7729], [-92.5114, 16.7686], [-92.5161, 16.7636], [-92.5168, 16.7537], [-92.5107, 16.7495], [-92.5149, 16.7416], [-92.5117, 16.7307], [-92.5163, 16.7074], [-92.5079, 16.6974], [-92.5167, 16.6965], [-92.5153, 16.6782], [-92.493, 16.6785], [-92.493, 16.6727], [-92.4469, 16.6784], [-92.4517, 16.6686], [-92.4346, 16.6652], [-92.4346, 16.6715], [-92.4184, 16.6609], [-92.4127, 16.6479], [-92.4162, 16.645], [-92.4334, 16.652], [-92.4401, 16.6455], [-92.4373, 16.6394], [-92.4499, 16.6439], [-92.469, 16.642], [-92.4741, 16.6262], [-92.4384, 16.6195], [-92.4377, 16.6251], [-92.4242, 16.6283], [-92.4261, 16.6364], [-92.3753, 16.587], [-92.3618, 16.6005], [-92.3876, 16.6174], [-92.3752, 16.6172], [-92.3684, 16.6346], [-92.2788, 16.629], [-92.2778, 16.6682], [-92.2686, 16.6919], [-92.3032, 16.6997], [-92.3072, 16.716], [-92.336, 16.7457], [-92.3782, 16.7504], [-92.3757, 16.7554], [-92.3835, 16.7482], [-92.3957, 16.7483], [-92.4081, 16.7699]]]}}, {"type": "Feature", "properties": {"osm_type": "relation", "osm_id": 277853263, "name": "Huehuetán", "admin_level": "6", "kind": "subdivision_2", "parent_osm_id": 2556679, "parent_name": "Chiapas", "parent_iso": "MX-CHP"}, "geometry": {"type": "Polygon", "coordinates": [[[-92.3681, 15.1103], [-92.3762, 15.1038], [-92.3779, 15.0911], [-92.3716, 15.0981], [-92.3648, 15.0975], [-92.3661, 15.0818], [-92.3818, 15.0841], [-92.382, 15.0738], [-92.3975, 15.0752], [-92.408, 15.0663], [-92.4144, 15.0764], [-92.4385, 15.047], [-92.4457, 15.0513], [-92.4429, 15.0543], [-92.4521, 15.0562], [-92.4529, 15.0482], [-92.4715, 15.0627], [-92.4775, 15.0495], [-92.4961, 15.0546], [-92.5069, 15.0372], [-92.514, 15.039], [-92.5398, 15.0208], [-92.5599, 15.0002], [-92.5567, 14.9923], [-92.5635, 14.9561], [-92.5393, 14.9543], [-92.5292, 14.9644], [-92.5123, 14.9593], [-92.5062, 14.948], [-92.5049, 14.9566], [-92.4947, 14.966], [-92.4861, 14.9497], [-92.4775, 14.956], [-92.4679, 14.9323], [-92.4359, 14.9595], [-92.4303, 14.9534], [-92.4157, 14.9616], [-92.4148, 14.9525], [-92.4042, 14.952], [-92.4051, 14.9442], [-92.3867, 14.9443], [-92.3795, 14.9549], [-92.3763, 14.9526], [-92.3801, 14.949], [-92.3739, 14.9502], [-92.3716, 14.9442], [-92.3637, 14.9478], [-92.3631, 14.9577], [-92.3486, 14.9555], [-92.3467, 14.9636], [-92.333, 14.9597], [-92.3251, 14.9651], [-92.3166, 14.9631], [-92.3169, 14.9674], [-92.3072, 14.9735], [-92.314, 14.9795], [-92.3018, 14.983], [-92.3015, 14.991], [-92.32, 15.0059], [-92.3153, 15.0148], [-92.3225, 15.029], [-92.3361, 15.0275], [-92.3325, 15.0359], [-92.3488, 15.0394], [-92.3641, 15.0312], [-92.3758, 15.0325], [-92.3751, 15.038], [-92.3659, 15.037], [-92.365, 15.0447], [-92.3527, 15.0394], [-92.3392, 15.0429], [-92.3432, 15.047], [-92.3435, 15.0649], [-92.3371, 15.0617], [-92.3382, 15.0555], [-92.3272, 15.0524], [-92.3236, 15.0726], [-92.3178, 15.0752], [-92.3252, 15.0814], [-92.3248, 15.0879], [-92.3331, 15.088], [-92.3329, 15.1046], [-92.3651, 15.1067], [-92.3681, 15.1103]]]}}, {"type": "Feature", "properties": {"osm_type": "relation", "osm_id": 497982350, "name": "Frontera Hidalgo", "admin_level": "6", "kind": "subdivision_2", "parent_osm_id": 2556679, "parent_name": "Chiapas", "parent_iso": "MX-CHP"}, "geometry": {"type": "Polygon", "coordinates": [[[-92.262, 14.7783], [-92.2608, 14.769], [-92.2648, 14.7655], [-92.2599, 14.7605], [-92.2643, 14.7571], [-92.2617, 14.7508], [-92.2669, 14.7485], [-92.2608, 14.7466], [-92.2681, 14.7208], [-92.2646, 14.7164], [-92.2558, 14.7167], [-92.2485, 14.6992], [-92.2229, 14.6966], [-92.2023, 14.7131], [-92.1809, 14.7107], [-92.1791, 14.7231], [-92.1695, 14.7323], [-92.1555, 14.7309], [-92.1699, 14.7437], [-92.1718, 14.7567], [-92.1619, 14.762], [-92.1607, 14.7735], [-92.178, 14.805], [-92.1811, 14.8011], [-92.1895, 14.8094], [-92.1938, 14.7967], [-92.2039, 14.7975], [-92.2102, 14.7909], [-92.2187, 14.7977], [-92.2195, 14.8081], [-92.2231, 14.8078], [-92.2297, 14.7988], [-92.2255, 14.7956], [-92.2255, 14.7806], [-92.2322, 14.7809], [-92.2358, 14.7718], [-92.232, 14.7685], [-92.2405, 14.7587], [-92.2488, 14.7627], [-92.2431, 14.7692], [-92.2427, 14.7843], [-92.248, 14.7849], [-92.2489, 14.7775], [-92.262, 14.7783]]]}}, {"type": "Feature", "properties": {"osm_type": "relation", "osm_id": 905100459, "name": "Frontera Comalapa", "admin_level": "6", "kind": "subdivision_2", "parent_osm_id": 2556679, "parent_name": "Chiapas", "parent_iso": "MX-CHP"}, "geometry": {"type": "Polygon", "coordinates": [[[-92.1706, 15.9338], [-92.1585, 15.9186], [-92.1749, 15.9268], [-92.18, 15.9222], [-92.1746, 15.908], [-92.1864, 15.899], [-92.1847, 15.8803], [-92.1939, 15.8761], [-92.1988, 15.8641], [-92.1948, 15.8599], [-92.2006, 15.8568], [-92.1941, 15.8446], [-92.1951, 15.8355], [-92.2019, 15.8313], [-92.2122, 15.8039], [-92.2241, 15.8017], [-92.2261, 15.7921], [-92.2392, 15.7921], [-92.2482, 15.775], [-92.2289, 15.7651], [-92.2395, 15.751], [-92.229, 15.7162], [-92.2212, 15.7153], [-92.2258, 15.6959], [-92.1848, 15.6634], [-92.188, 15.6572], [-92.1786, 15.6469], [-92.1677, 15.6472], [-92.1711, 15.6404], [-92.1522, 15.637], [-92.1486, 15.6266], [-92.1039, 15.6286], [-92.0948, 15.6459], [-92.0881, 15.6423], [-92.0415, 15.6444], [-92.043, 15.6387], [-92.0306, 15.6352], [-92.0092, 15.6446], [-91.9901, 15.6358], [-91.9219, 15.7515], [-91.9318, 15.7552], [-91.9358, 15.764], [-91.9302, 15.7782], [-91.9156, 15.7829], [-91.9149, 15.7944], [-91.9197, 15.7966], [-91.9166, 15.8051], [-91.9331, 15.8116], [-91.9387, 15.8197], [-91.9515, 15.8206], [-91.9501, 15.8289], [-91.9668, 15.8497], [-91.9875, 15.8497], [-91.996, 15.8427], [-92.0008, 15.8472], [-92.0142, 15.8407], [-92.0131, 15.8494], [-92.0197, 15.8431], [-92.0231, 15.8487], [-92.0513, 15.852], [-92.0512, 15.862], [-92.0686, 15.8663], [-92.0786, 15.8841], [-92.0948, 15.8831], [-92.1072, 15.8997], [-92.1187, 15.9022], [-92.1181, 15.9138], [-92.1254, 15.9216], [-92.1487, 15.9277], [-92.1611, 15.9379], [-92.1706, 15.9338]]]}}, {"type": "Feature", "properties": {"osm_type": "relation", "osm_id": 514397121, "name": "Chilón", "admin_level": "6", "kind": "subdivision_2", "parent_osm_id": 2556679, "parent_name": "Chiapas", "parent_iso": "MX-CHP"}, "geometry": {"type": "Polygon", "coordinates": [[[-91.7209, 17.2112], [-91.7237, 17.2144], [-91.7176, 17.2219], [-91.7376, 17.238], [-91.7431, 17.2483], [-91.9107, 17.2489], [-91.9169, 17.2387], [-91.9132, 17.2263], [-91.8946, 17.2274], [-91.8888, 17.2136], [-91.9616, 17.2163], [-91.9643, 17.2071], [-91.9721, 17.2058], [-91.9955, 17.2164], [-91.9967, 17.2312], [-92.0199, 17.2336], [-92.06, 17.2599], [-92.0776, 17.2658], [-92.0884, 17.2773], [-92.1086, 17.2568], [-92.1179, 17.2569], [-92.1179, 17.2517], [-92.1252, 17.2508], [-92.1236, 17.2412], [-92.1551, 17.2103], [-92.1913, 17.2374], [-92.2287, 17.1958], [-92.2077, 17.1712], [-92.2168, 17.163], [-92.2475, 17.1867], [-92.2583, 17.1841], [-92.2686, 17.1648], [-92.2649, 17.1636], [-92.2745, 17.1568], [-92.2875, 17.1631], [-92.2977, 17.1488], [-92.3179, 17.133], [-92.3295, 17.1321], [-92.3279, 17.127], [-92.3368, 17.1214], [-92.339, 17.1329], [-92.3602, 17.1541], [-92.3694, 17.1402], [-92.3705, 17.155], [-92.4023, 17.1324], [-92.3844, 17.1166], [-92.3807, 17.0964], [-92.3915, 17.0726], [-92.3888, 17.0692], [-92.37, 17.0822], [-92.3721, 17.0852], [-92.3599, 17.0889], [-92.346, 17.0782], [-92.3528, 17.0714], [-92.3501, 17.0685], [-92.342, 17.0754], [-92.325, 17.0795], [-92.3077, 17.0648], [-92.29, 17.0671], [-92.2803, 17.0604], [-92.2932, 17.0414], [-92.2826, 17.0187], [-92.2924, 17.0102], [-92.3123, 17.0047], [-92.3137, 16.9954], [-92.346, 16.9887], [-92.3414, 16.9832], [-92.3412, 16.9655], [-92.3505, 16.9633], [-92.3503, 16.9547], [-92.325, 16.9494], [-92.3095, 16.9551], [-92.3043, 16.9506], [-92.2951, 16.953], [-92.2949, 16.9456], [-92.2735, 16.9434], [-92.2682, 16.9367], [-92.2599, 16.9463], [-92.2245, 16.9474], [-92.2064, 16.982], [-92.2106, 16.9922], [-92.2051, 16.999], [-92.1945, 16.9949], [-92.1852, 16.9982], [-92.1812, 16.9886], [-92.174, 16.991], [-92.1557, 16.9805], [-92.1547, 16.9707], [-92.1275, 16.9618], [-92.1063, 16.9738], [-92.0762, 16.9742], [-92.0709, 16.9876], [-92.0566, 16.9801], [-91.9723, 16.9845], [-91.9542, 16.9876], [-91.9389, 17.0053], [-91.9208, 17.0071], [-91.9171, 17.0066], [-91.9196, 16.9994], [-91.8797, 16.9969], [-91.8037, 17.0379], [-91.7931, 17.0352], [-91.7815, 17.0443], [-91.7614, 17.088], [-91.7531, 17.0895], [-91.7437, 17.1072], [-91.737, 17.0997], [-91.7043, 17.0946], [-91.7005, 17.1042], [-91.7532, 17.1243], [-91.7514, 17.1382], [-91.7456, 17.1445], [-91.7389, 17.1483], [-91.717, 17.1372], [-91.6981, 17.1357], [-91.6924, 17.1461], [-91.6823, 17.1505], [-91.6802, 17.1707], [-91.6479, 17.1723], [-91.6494, 17.2041], [-91.6535, 17.2072], [-91.6643, 17.1971], [-91.6856, 17.2026], [-91.6746, 17.1914], [-91.6774, 17.1861], [-91.6854, 17.1866], [-91.6923, 17.1702], [-91.7057, 17.1717], [-91.712, 17.1659], [-91.719, 17.1699], [-91.7182, 17.1646], [-91.7269, 17.1676], [-91.7354, 17.1602], [-91.7257, 17.1815], [-91.7346, 17.2052], [-91.7209, 17.2112]]]}}, {"type": "Feature", "properties": {"osm_type": "relation", "osm_id": 481487178, "name": "Chicomuselo", "admin_level": "6", "kind": "subdivision_2", "parent_osm_id": 2556679, "parent_name": "Chiapas", "parent_iso": "MX-CHP"}, "geometry": {"type": "Polygon", "coordinates": [[[-92.1835, 15.9013], [-92.1903, 15.9041], [-92.1837, 15.9082], [-92.1882, 15.9212], [-92.2011, 15.9206], [-92.2078, 15.9281], [-92.2172, 15.9239], [-92.2284, 15.9317], [-92.2305, 15.9244], [-92.2404, 15.9264], [-92.2413, 15.9303], [-92.2462, 15.9259], [-92.2501, 15.9311], [-92.2593, 15.9243], [-92.2687, 15.9329], [-92.2853, 15.9216], [-92.3028, 15.9342], [-92.2982, 15.9457], [-92.3056, 15.9435], [-92.3023, 15.9379], [-92.3082, 15.9358], [-92.3217, 15.9495], [-92.3339, 15.9387], [-92.3438, 15.9467], [-92.3645, 15.9255], [-92.3907, 15.8792], [-92.3724, 15.8673], [-92.3881, 15.8348], [-92.4755, 15.8919], [-92.4748, 15.9043], [-92.4806, 15.9059], [-92.4821, 15.8985], [-92.4886, 15.8963], [-92.5253, 15.9289], [-92.5334, 15.9213], [-92.5471, 15.8903], [-92.5592, 15.8867], [-92.5871, 15.8889], [-92.5986, 15.8717], [-92.6152, 15.8591], [-92.6042, 15.8299], [-92.6094, 15.8259], [-92.6089, 15.8085], [-92.6164, 15.8002], [-92.6089, 15.7895], [-92.6105, 15.78], [-92.5936, 15.7619], [-92.5745, 15.7692], [-92.5723, 15.7785], [-92.569, 15.7757], [-92.5724, 15.7644], [-92.5464, 15.7574], [-92.5387, 15.7439], [-92.5268, 15.7458], [-92.5203, 15.7414], [-92.5134, 15.7457], [-92.5226, 15.7073], [-92.4933, 15.7064], [-92.4917, 15.6997], [-92.5159, 15.6998], [-92.524, 15.6957], [-92.511, 15.6954], [-92.5309, 15.6794], [-92.5298, 15.6737], [-92.521, 15.6703], [-92.5247, 15.6672], [-92.5142, 15.658], [-92.4814, 15.6376], [-92.4537, 15.6624], [-92.4442, 15.654], [-92.4317, 15.6563], [-92.4178, 15.6707], [-92.4171, 15.6833], [-92.4036, 15.6931], [-92.3594, 15.6743], [-92.3562, 15.6656], [-92.3309, 15.6664], [-92.329, 15.6757], [-92.3219, 15.6594], [-92.3086, 15.6797], [-92.3076, 15.6766], [-92.2841, 15.6839], [-92.2809, 15.6768], [-92.2602, 15.6623], [-92.2599, 15.6786], [-92.2439, 15.6952], [-92.2258, 15.6959], [-92.2212, 15.7153], [-92.229, 15.7162], [-92.2395, 15.751], [-92.2289, 15.7651], [-92.2482, 15.775], [-92.2392, 15.7921], [-92.2261, 15.7921], [-92.2241, 15.8017], [-92.2122, 15.8039], [-92.2019, 15.8313], [-92.1951, 15.8355], [-92.1941, 15.8446], [-92.2006, 15.8568], [-92.1948, 15.8599], [-92.1988, 15.8641], [-92.1939, 15.8761], [-92.1847, 15.8803], [-92.1835, 15.9013]]]}}, {"type": "Feature", "properties": {"osm_type": "relation", "osm_id": 166114788, "name": "Chicoasén", "admin_level": "6", "kind": "subdivision_2", "parent_osm_id": 2556679, "parent_name": "Chiapas", "parent_iso": "MX-CHP"}, "geometry": {"type": "Polygon", "coordinates": [[[-93.104, 16.935], [-93.1009, 16.9424], [-93.1058, 16.9557], [-93.096, 16.9453], [-93.093, 16.9555], [-93.0829, 16.9545], [-93.074, 16.9378], [-93.0663, 16.9418], [-93.0654, 16.9496], [-93.055, 16.9475], [-93.0578, 16.9532], [-93.0541, 16.9595], [-93.0408, 16.9594], [-93.0607, 16.9789], [-93.0574, 16.9814], [-93.059, 16.9948], [-93.0694, 17.0005], [-93.0642, 17.0025], [-93.0678, 17.0393], [-93.0821, 17.0417], [-93.0882, 17.0486], [-93.1067, 17.0453], [-93.1129, 17.048], [-93.1144, 17.0548], [-93.1321, 17.0498], [-93.1391, 17.0526], [-93.1355, 17.0451], [-93.1478, 17.0409], [-93.1425, 17.0326], [-93.1516, 17.0264], [-93.1492, 17.0221], [-93.1693, 17.0114], [-93.1716, 17.0139], [-93.1848, 17.0027], [-93.1837, 16.9988], [-93.1645, 16.9857], [-93.1766, 16.9755], [-93.1318, 16.9521], [-93.1119, 16.948], [-93.1124, 16.9419], [-93.104, 16.935]]]}}, {"type": "Feature", "properties": {"osm_type": "relation", "osm_id": 891833854, "name": "Chiapilla", "admin_level": "6", "kind": "subdivision_2", "parent_osm_id": 2556679, "parent_name": "Chiapas", "parent_iso": "MX-CHP"}, "geometry": {"type": "Polygon", "coordinates": [[[-92.6772, 16.5778], [-92.707, 16.5868], [-92.7052, 16.6034], [-92.7231, 16.5817], [-92.7439, 16.5896], [-92.7485, 16.5683], [-92.745, 16.5653], [-92.7592, 16.555], [-92.7601, 16.5595], [-92.7669, 16.5577], [-92.7689, 16.5616], [-92.7845, 16.5402], [-92.783, 16.5324], [-92.764, 16.5289], [-92.7545, 16.5412], [-92.7465, 16.5393], [-92.7446, 16.5317], [-92.7357, 16.5309], [-92.7389, 16.5262], [-92.7268, 16.5269], [-92.6891, 16.5128], [-92.6958, 16.5243], [-92.6983, 16.5464], [-92.6936, 16.5503], [-92.6954, 16.5589], [-92.6772, 16.5778]]]}}, {"type": "Feature", "properties": {"osm_type": "relation", "osm_id": 292599836, "name": "Chenalhó", "admin_level": "6", "kind": "subdivision_2", "parent_osm_id": 2556679, "parent_name": "Chiapas", "parent_iso": "MX-CHP"}, "geometry": {"type": "Polygon", "coordinates": [[[-92.4383, 16.9852], [-92.4474, 16.977], [-92.4933, 16.9686], [-92.4967, 17.003], [-92.5079, 17.0037], [-92.5162, 17.0159], [-92.5075, 17.0169], [-92.5036, 17.0306], [-92.5144, 17.0293], [-92.5013, 17.0492], [-92.5437, 17.0725], [-92.5469, 17.0607], [-92.5569, 17.0552], [-92.5593, 17.0481], [-92.5567, 17.0305], [-92.5507, 17.0231], [-92.5561, 17.0134], [-92.5572, 16.9941], [-92.5532, 16.9897], [-92.5548, 16.9821], [-92.5458, 16.9708], [-92.5619, 16.958], [-92.6007, 16.9501], [-92.6052, 16.9553], [-92.6274, 16.9541], [-92.6399, 16.9616], [-92.6567, 16.9619], [-92.6542, 16.9799], [-92.6808, 16.9884], [-92.7099, 16.9823], [-92.6939, 16.9729], [-92.7002, 16.9544], [-92.6957, 16.9345], [-92.6766, 16.923], [-92.6606, 16.9202], [-92.6547, 16.9287], [-92.6517, 16.9232], [-92.6572, 16.9076], [-92.6667, 16.9019], [-92.6723, 16.8822], [-92.6658, 16.8893], [-92.6665, 16.8822], [-92.6427, 16.8756], [-92.6324, 16.8817], [-92.6245, 16.8804], [-92.61, 16.8707], [-92.6024, 16.8707], [-92.5691, 16.901], [-92.563, 16.8944], [-92.5412, 16.8923], [-92.5266, 16.9005], [-92.517, 16.8884], [-92.5164, 16.8987], [-92.4986, 16.9032], [-92.494, 16.9088], [-92.4852, 16.9309], [-92.4804, 16.9285], [-92.465, 16.9342], [-92.4372, 16.9284], [-92.4538, 16.9459], [-92.4582, 16.9626], [-92.4383, 16.9852]]]}}, {"type": "Feature", "properties": {"osm_type": "relation", "osm_id": 529421619, "name": "Chanal", "admin_level": "6", "kind": "subdivision_2", "parent_osm_id": 2556679, "parent_name": "Chiapas", "parent_iso": "MX-CHP"}, "geometry": {"type": "Polygon", "coordinates": [[[-92.3618, 16.6005], [-92.3398, 16.578], [-92.3298, 16.5445], [-92.3247, 16.5671], [-92.3197, 16.5692], [-92.286, 16.5579], [-92.2684, 16.5282], [-92.2728, 16.5178], [-92.2153, 16.4955], [-92.1787, 16.4934], [-92.171, 16.4975], [-92.1517, 16.548], [-92.1534, 16.5673], [-92.1468, 16.5938], [-92.1532, 16.632], [-92.1449, 16.6439], [-92.1159, 16.667], [-92.0983, 16.6692], [-92.0644, 16.6586], [-92.0429, 16.663], [-92.0192, 16.6882], [-92.0687, 16.7048], [-92.0743, 16.6994], [-92.1205, 16.6938], [-92.1316, 16.6938], [-92.138, 16.7003], [-92.1453, 16.6921], [-92.1538, 16.7004], [-92.1655, 16.7003], [-92.1775, 16.6961], [-92.2205, 16.6971], [-92.2207, 16.6893], [-92.2543, 16.6884], [-92.2599, 16.7034], [-92.3072, 16.716], [-92.3032, 16.6997], [-92.2686, 16.6919], [-92.2778, 16.6682], [-92.2788, 16.629], [-92.3684, 16.6346], [-92.3752, 16.6172], [-92.3876, 16.6174], [-92.3618, 16.6005]]]}}, {"type": "Feature", "properties": {"osm_type": "relation", "osm_id": 714951056, "name": "Chamula", "admin_level": "6", "kind": "subdivision_2", "parent_osm_id": 2556679, "parent_name": "Chiapas", "parent_iso": "MX-CHP"}, "geometry": {"type": "Polygon", "coordinates": [[[-92.6719, 16.884], [-92.6875, 16.8897], [-92.6915, 16.8979], [-92.6975, 16.8966], [-92.6968, 16.8773], [-92.706, 16.8704], [-92.722, 16.8681], [-92.7391, 16.8579], [-92.7458, 16.8671], [-92.7541, 16.8576], [-92.7637, 16.8602], [-92.7654, 16.8668], [-92.7711, 16.863], [-92.7786, 16.8657], [-92.8145, 16.8946], [-92.8258, 16.8901], [-92.8562, 16.8903], [-92.8565, 16.8791], [-92.8206, 16.8792], [-92.8311, 16.8511], [-92.8243, 16.8387], [-92.8206, 16.8479], [-92.8154, 16.8427], [-92.8127, 16.8107], [-92.8279, 16.7923], [-92.8184, 16.7892], [-92.826, 16.7845], [-92.8116, 16.7747], [-92.7901, 16.7807], [-92.7598, 16.7758], [-92.7464, 16.781], [-92.7405, 16.7728], [-92.6943, 16.7623], [-92.6784, 16.7642], [-92.67, 16.7603], [-92.666, 16.7661], [-92.6463, 16.7695], [-92.6291, 16.7602], [-92.6186, 16.7646], [-92.598, 16.7898], [-92.5838, 16.7655], [-92.5802, 16.7495], [-92.547, 16.7362], [-92.5336, 16.7388], [-92.5268, 16.7484], [-92.5351, 16.7534], [-92.5367, 16.7765], [-92.5467, 16.7938], [-92.541, 16.8088], [-92.5435, 16.8374], [-92.5371, 16.8518], [-92.5683, 16.8542], [-92.6098, 16.8663], [-92.6273, 16.877], [-92.6277, 16.857], [-92.639, 16.8621], [-92.6357, 16.8769], [-92.6665, 16.8822], [-92.6658, 16.8893], [-92.6719, 16.884]]]}}, {"type": "Feature", "properties": {"osm_type": "relation", "osm_id": 160746327, "name": "Chalchihuitán", "admin_level": "6", "kind": "subdivision_2", "parent_osm_id": 2556679, "parent_name": "Chiapas", "parent_iso": "MX-CHP"}, "geometry": {"type": "Polygon", "coordinates": [[[-92.5437, 17.0725], [-92.5433, 17.0773], [-92.562, 17.0984], [-92.579, 17.1056], [-92.5793, 17.1156], [-92.6131, 17.0802], [-92.6463, 17.07], [-92.6636, 17.0585], [-92.6668, 17.0377], [-92.6811, 17.0278], [-92.7083, 16.9972], [-92.7112, 16.9824], [-92.6808, 16.9884], [-92.6542, 16.9799], [-92.6567, 16.9619], [-92.6399, 16.9616], [-92.6274, 16.9541], [-92.6052, 16.9553], [-92.6007, 16.9501], [-92.5619, 16.958], [-92.5458, 16.9708], [-92.5548, 16.9821], [-92.5532, 16.9897], [-92.5572, 16.9941], [-92.5561, 17.0134], [-92.5507, 17.0231], [-92.5567, 17.0305], [-92.5593, 17.0481], [-92.5569, 17.0552], [-92.5469, 17.0607], [-92.5437, 17.0725]]]}}, {"type": "Feature", "properties": {"osm_type": "relation", "osm_id": 479724865, "name": "Comitán de Domínguez", "admin_level": "6", "kind": "subdivision_2", "parent_osm_id": 2556679, "parent_name": "Chiapas", "parent_iso": "MX-CHP"}, "geometry": {"type": "Polygon", "coordinates": [[[-91.9967, 16.166], [-92.0026, 16.1818], [-91.9978, 16.1916], [-92.0011, 16.1977], [-92.0176, 16.2008], [-92.0169, 16.207], [-92.0452, 16.2374], [-92.0423, 16.2407], [-92.0512, 16.2501], [-92.0334, 16.2624], [-92.0345, 16.2734], [-92.024, 16.2824], [-92.0287, 16.2889], [-92.0483, 16.2946], [-92.0452, 16.2981], [-92.0566, 16.2926], [-92.0611, 16.2967], [-92.0485, 16.3241], [-92.0451, 16.3227], [-92.0245, 16.3411], [-92.045, 16.3321], [-92.0544, 16.3368], [-92.0582, 16.3428], [-92.0517, 16.346], [-92.0516, 16.3533], [-92.066, 16.3628], [-92.0624, 16.3637], [-92.0643, 16.3679], [-92.0827, 16.3708], [-92.0831, 16.3783], [-92.0785, 16.3817], [-92.0926, 16.3964], [-92.1074, 16.3955], [-92.1138, 16.3898], [-92.1194, 16.3958], [-92.1169, 16.4217], [-92.1318, 16.4252], [-92.1325, 16.4108], [-92.1535, 16.4132], [-92.1543, 16.4075], [-92.1683, 16.402], [-92.1756, 16.4123], [-92.1553, 16.4161], [-92.159, 16.4228], [-92.158, 16.4537], [-92.1827, 16.4523], [-92.1762, 16.4935], [-92.2153, 16.4955], [-92.2728, 16.5178], [-92.2684, 16.5282], [-92.286, 16.5579], [-92.3197, 16.5692], [-92.3247, 16.5671], [-92.3296, 16.5285], [-92.3532, 16.5134], [-92.3492, 16.509], [-92.3298, 16.5141], [-92.3158, 16.5045], [-92.3117, 16.4943], [-92.3197, 16.4856], [-92.3081, 16.4726], [-92.3207, 16.4588], [-92.2971, 16.4314], [-92.3152, 16.4127], [-92.3205, 16.3755], [-92.3035, 16.3852], [-92.3012, 16.3937], [-92.296, 16.3925], [-92.2948, 16.3973], [-92.288, 16.3936], [-92.2945, 16.3882], [-92.2986, 16.391], [-92.2925, 16.3769], [-92.3007, 16.3771], [-92.3146, 16.3586], [-92.2878, 16.3226], [-92.2923, 16.3142], [-92.2797, 16.3124], [-92.2747, 16.3069], [-92.2895, 16.3011], [-92.3104, 16.3025], [-92.3191, 16.2815], [-92.3103, 16.2767], [-92.301, 16.2593], [-92.3107, 16.2489], [-92.3072, 16.2258], [-92.2885, 16.2392], [-92.2883, 16.2696], [-92.2795, 16.2703], [-92.2752, 16.2666], [-92.2776, 16.2625], [-92.2267, 16.2471], [-92.2094, 16.2285], [-92.1951, 16.2382], [-92.191, 16.2301], [-92.2036, 16.2244], [-92.1892, 16.2041], [-92.1813, 16.2033], [-92.1774, 16.1976], [-92.1619, 16.2126], [-92.1489, 16.1862], [-92.1527, 16.1804], [-92.139, 16.1749], [-92.1429, 16.1678], [-92.1574, 16.1604], [-92.1523, 16.1434], [-92.1824, 16.114], [-92.1824, 16.1035], [-92.1918, 16.0955], [-92.2294, 16.0986], [-92.2334, 16.0912], [-92.2143, 16.0836], [-92.2299, 16.0675], [-92.2404, 16.0708], [-92.25, 16.0656], [-92.245, 16.0156], [-92.2069, 16.0144], [-92.1979, 16.0178], [-92.1778, 16.014], [-92.1683, 16.0294], [-92.1782, 16.0362], [-92.1754, 16.0494], [-92.1655, 16.0495], [-92.1424, 16.0785], [-92.1089, 16.0571], [-92.0912, 16.0658], [-92.0859, 16.0744], [-92.1005, 16.0921], [-92.0873, 16.1296], [-92.0771, 16.1415], [-92.0822, 16.1572], [-92.0459, 16.1596], [-92.0506, 16.1655], [-92.0259, 16.1648], [-92.0225, 16.1777], [-92.0011, 16.1714], [-91.9967, 16.166]]]}}, {"type": "Feature", "properties": {"osm_type": "relation", "osm_id": 370736681, "name": "Coapilla", "admin_level": "6", "kind": "subdivision_2", "parent_osm_id": 2556679, "parent_name": "Chiapas", "parent_iso": "MX-CHP"}, "geometry": {"type": "Polygon", "coordinates": [[[-93.1575, 17.1903], [-93.1929, 17.1916], [-93.192, 17.1774], [-93.1976, 17.1723], [-93.2093, 17.1361], [-93.18, 17.118], [-93.1665, 17.1028], [-93.1677, 17.0972], [-93.143, 17.0955], [-93.1578, 17.0847], [-93.1481, 17.0762], [-93.1464, 17.0801], [-93.1396, 17.0778], [-93.1485, 17.0679], [-93.1483, 17.0612], [-93.1405, 17.0628], [-93.138, 17.0531], [-93.1321, 17.0498], [-93.1144, 17.0548], [-93.1129, 17.048], [-93.1067, 17.0453], [-93.0882, 17.0486], [-93.0929, 17.0578], [-93.0669, 17.0686], [-93.0704, 17.0811], [-93.0462, 17.0912], [-93.0501, 17.1016], [-93.0463, 17.1153], [-93.0369, 17.1154], [-93.0544, 17.1419], [-93.0528, 17.1488], [-93.0778, 17.1421], [-93.0887, 17.1295], [-93.1064, 17.1332], [-93.112, 17.1284], [-93.1223, 17.1345], [-93.1151, 17.1381], [-93.1202, 17.1433], [-93.1205, 17.1664], [-93.1102, 17.1703], [-93.1268, 17.183], [-93.1485, 17.1835], [-93.1433, 17.1885], [-93.1575, 17.1903]]]}}, {"type": "Feature", "properties": {"osm_type": "relation", "osm_id": 964087614, "name": "Catazajá", "admin_level": "6", "kind": "subdivision_2", "parent_osm_id": 2556679, "parent_name": "Chiapas", "parent_iso": "MX-CHP"}, "geometry": {"type": "Polygon", "coordinates": [[[-91.8145, 17.9005], [-91.8354, 17.8866], [-91.8497, 17.8829], [-91.8707, 17.8908], [-91.8942, 17.8875], [-91.903, 17.896], [-91.9181, 17.8995], [-91.9255, 17.8919], [-91.9281, 17.8708], [-91.9484, 17.8633], [-91.9571, 17.8706], [-91.9568, 17.8799], [-91.9394, 17.9011], [-91.9403, 17.9074], [-91.9785, 17.9137], [-91.993, 17.9397], [-91.9999, 17.9433], [-91.9913, 17.9196], [-92.0034, 17.8905], [-92.0155, 17.8975], [-92.0197, 17.8878], [-92.0297, 17.8891], [-92.0718, 17.8777], [-92.0673, 17.8704], [-92.0605, 17.8719], [-92.0516, 17.8661], [-92.05, 17.854], [-92.0581, 17.8467], [-92.0905, 17.8566], [-92.0905, 17.8507], [-92.102, 17.8509], [-92.1065, 17.8381], [-92.0994, 17.8346], [-92.1046, 17.8276], [-92.1055, 17.8129], [-92.1205, 17.796], [-92.1466, 17.8147], [-92.1271, 17.7859], [-92.136, 17.779], [-92.1299, 17.767], [-92.1517, 17.7646], [-92.1508, 17.7508], [-92.175, 17.7556], [-92.1864, 17.7632], [-92.1833, 17.7323], [-92.1741, 17.7293], [-92.1739, 17.7326], [-92.1466, 17.7188], [-92.1412, 17.7198], [-92.1318, 17.742], [-92.1136, 17.7412], [-92.1221, 17.7214], [-92.1127, 17.7231], [-92.113, 17.7094], [-92.132, 17.7097], [-92.1321, 17.6982], [-92.0917, 17.697], [-92.0939, 17.6866], [-92.0766, 17.6867], [-92.0786, 17.6794], [-92.0683, 17.6766], [-92.072, 17.6725], [-92.0684, 17.6603], [-92.0794, 17.6451], [-92.0789, 17.6233], [-92.0861, 17.614], [-92.0717, 17.6134], [-92.0623, 17.6016], [-92.0411, 17.5928], [-92.0172, 17.6125], [-92.0184, 17.6308], [-92.0286, 17.6308], [-92.0288, 17.6388], [-92.0223, 17.6389], [-92.0266, 17.6556], [-92.012, 17.6683], [-91.977, 17.6362], [-91.9407, 17.6719], [-91.9587, 17.6982], [-91.9514, 17.7023], [-91.9524, 17.7348], [-91.9379, 17.7227], [-91.931, 17.7231], [-91.9341, 17.7427], [-91.9424, 17.7474], [-91.9336, 17.7508], [-91.9375, 17.7597], [-91.9442, 17.7575], [-91.9405, 17.7663], [-91.9457, 17.7685], [-91.9238, 17.77], [-91.932, 17.78], [-91.9237, 17.7881], [-91.9379, 17.8043], [-91.9327, 17.8128], [-91.9096, 17.8185], [-91.9228, 17.8249], [-91.918, 17.8354], [-91.8991, 17.839], [-91.8793, 17.8264], [-91.8484, 17.8255], [-91.8419, 17.8163], [-91.8292, 17.8125], [-91.8236, 17.7962], [-91.7882, 17.8074], [-91.7918, 17.8306], [-91.7797, 17.8513], [-91.8044, 17.8689], [-91.8093, 17.8968], [-91.8145, 17.9005]]]}}, {"type": "Feature", "properties": {"osm_type": "relation", "osm_id": 972427158, "name": "Cacahoatán", "admin_level": "6", "kind": "subdivision_2", "parent_osm_id": 2556679, "parent_name": "Chiapas", "parent_iso": "MX-CHP"}, "geometry": {"type": "Polygon", "coordinates": [[[-92.1485, 14.9892], [-92.1394, 14.9946], [-92.1392, 15.0025], [-92.1308, 15.0132], [-92.1312, 15.0276], [-92.1385, 15.0329], [-92.1449, 15.052], [-92.1365, 15.0683], [-92.1258, 15.067], [-92.1131, 15.0855], [-92.1182, 15.0859], [-92.1106, 15.0935], [-92.1079, 15.1319], [-92.1629, 15.2012], [-92.1789, 15.1835], [-92.1822, 15.1679], [-92.1765, 15.1634], [-92.1848, 15.1439], [-92.2039, 15.1293], [-92.2023, 15.1104], [-92.2134, 15.0883], [-92.2189, 15.0568], [-92.2269, 15.041], [-92.224, 15.0325], [-92.186, 15.0277], [-92.1895, 15.0], [-92.1881, 14.9931], [-92.1826, 14.9919], [-92.184, 14.9766], [-92.1805, 14.9741], [-92.1779, 14.9842], [-92.1686, 14.9818], [-92.1485, 14.9892]]]}}, {"type": "Feature", "properties": {"osm_type": "relation", "osm_id": 318181159, "name": "El Bosque", "admin_level": "6", "kind": "subdivision_2", "parent_osm_id": 2556679, "parent_name": "Chiapas", "parent_iso": "MX-CHP"}, "geometry": {"type": "Polygon", "coordinates": [[[-92.6463, 17.07], [-92.6632, 17.0679], [-92.667, 17.0819], [-92.6786, 17.0953], [-92.7018, 17.0853], [-92.7227, 17.0836], [-92.731, 17.0919], [-92.7448, 17.0947], [-92.7501, 17.0886], [-92.7553, 17.0955], [-92.7609, 17.0952], [-92.7623, 17.0809], [-92.7847, 17.0467], [-92.7997, 17.0467], [-92.807, 17.0535], [-92.8255, 17.0497], [-92.8169, 17.0445], [-92.8097, 17.0221], [-92.8192, 17.0146], [-92.8194, 17.0077], [-92.8139, 17.0071], [-92.8198, 16.9961], [-92.8088, 16.9908], [-92.8156, 16.9857], [-92.8044, 16.9849], [-92.7913, 16.9661], [-92.7853, 16.965], [-92.7788, 16.9863], [-92.7679, 16.9887], [-92.7609, 16.9827], [-92.763, 16.9762], [-92.7717, 16.9723], [-92.76, 16.9538], [-92.7427, 16.9565], [-92.7351, 16.9844], [-92.7239, 16.9887], [-92.7112, 16.9824], [-92.7083, 16.9972], [-92.6811, 17.0278], [-92.6668, 17.0377], [-92.6636, 17.0585], [-92.6463, 17.07]]]}}, {"type": "Feature", "properties": {"osm_type": "relation", "osm_id": 611841786, "name": "Bochil", "admin_level": "6", "kind": "subdivision_2", "parent_osm_id": 2556679, "parent_name": "Chiapas", "parent_iso": "MX-CHP"}, "geometry": {"type": "Polygon", "coordinates": [[[-93.0574, 16.9814], [-93.0309, 16.9693], [-93.0088, 16.9701], [-92.9591, 16.9528], [-92.9441, 16.9428], [-92.9544, 16.929], [-92.9434, 16.9234], [-92.9398, 16.9076], [-92.932, 16.9098], [-92.9228, 16.9042], [-92.9188, 16.908], [-92.9161, 16.904], [-92.8675, 16.9169], [-92.8479, 16.9341], [-92.8378, 16.9613], [-92.8497, 16.9704], [-92.8454, 16.9834], [-92.8389, 16.9848], [-92.8374, 16.9923], [-92.8189, 16.9981], [-92.8139, 17.0071], [-92.8194, 17.0077], [-92.8192, 17.0146], [-92.8296, 17.0067], [-92.8348, 17.0157], [-92.8528, 17.0141], [-92.8578, 17.0209], [-92.8521, 17.0246], [-92.8623, 17.0294], [-92.8559, 17.0493], [-92.8642, 17.0566], [-92.8766, 17.0379], [-92.9022, 17.0333], [-92.9036, 17.0267], [-92.9108, 17.029], [-92.909, 17.0352], [-92.9256, 17.0444], [-92.9323, 17.0551], [-92.9283, 17.0596], [-92.9296, 17.1], [-92.9372, 17.0958], [-92.9539, 17.0585], [-92.9412, 17.0426], [-92.9937, 17.0592], [-92.9894, 17.0631], [-92.9883, 17.079], [-92.9652, 17.0857], [-92.969, 17.0923], [-92.9631, 17.103], [-92.9518, 17.1048], [-92.9412, 17.1158], [-92.9609, 17.1264], [-92.9618, 17.1199], [-92.9765, 17.1078], [-92.9983, 17.1287], [-93.0147, 17.1308], [-93.0357, 17.1252], [-93.0311, 17.1275], [-93.0322, 17.1338], [-93.0483, 17.1413], [-93.0508, 17.1364], [-93.0369, 17.1154], [-93.0463, 17.1153], [-93.0501, 17.1016], [-93.0462, 17.0912], [-93.0704, 17.0811], [-93.0669, 17.0686], [-93.0939, 17.0542], [-93.0821, 17.0417], [-93.0678, 17.0393], [-93.0642, 17.0025], [-93.0694, 17.0005], [-93.059, 16.9948], [-93.0574, 16.9814]]]}}, {"type": "Feature", "properties": {"osm_type": "relation", "osm_id": 434590633, "name": "Bejucal de Ocampo", "admin_level": "6", "kind": "subdivision_2", "parent_osm_id": 2556679, "parent_name": "Chiapas", "parent_iso": "MX-CHP"}, "geometry": {"type": "Polygon", "coordinates": [[[-92.1512, 15.4259], [-92.1471, 15.4469], [-92.1341, 15.4705], [-92.1185, 15.4685], [-92.1164, 15.4724], [-92.1215, 15.4882], [-92.113, 15.5262], [-92.1216, 15.5366], [-92.132, 15.5238], [-92.1399, 15.5274], [-92.1462, 15.521], [-92.1858, 15.5504], [-92.2074, 15.4559], [-92.1617, 15.4493], [-92.1512, 15.4259]]]}}, {"type": "Feature", "properties": {"osm_type": "relation", "osm_id": 775615288, "name": "Angel Albino Corzo", "admin_level": "6", "kind": "subdivision_2", "parent_osm_id": 2556679, "parent_name": "Chiapas", "parent_iso": "MX-CHP"}, "geometry": {"type": "Polygon", "coordinates": [[[-92.6152, 15.8591], [-92.6212, 15.8878], [-92.6362, 15.8825], [-92.6504, 15.8978], [-92.6509, 15.9063], [-92.6612, 15.917], [-92.6683, 15.9166], [-92.67, 15.9066], [-92.6941, 15.8982], [-92.6968, 15.8922], [-92.724, 15.8854], [-92.7335, 15.8691], [-92.7418, 15.8671], [-92.7514, 15.8569], [-92.7758, 15.8579], [-92.7994, 15.842], [-92.8091, 15.8288], [-92.7842, 15.8243], [-92.818, 15.7918], [-92.814, 15.7822], [-92.8224, 15.7832], [-92.8272, 15.7742], [-92.8297, 15.7554], [-92.819, 15.7529], [-92.8018, 15.7301], [-92.8066, 15.7189], [-92.8174, 15.7293], [-92.8303, 15.7147], [-92.8262, 15.7078], [-92.815, 15.7148], [-92.8062, 15.7146], [-92.8296, 15.6668], [-92.8174, 15.6588], [-92.7948, 15.6548], [-92.7823, 15.6417], [-92.7666, 15.6474], [-92.7683, 15.6362], [-92.7628, 15.6314], [-92.7614, 15.6621], [-92.7663, 15.6702], [-92.7465, 15.6703], [-92.7455, 15.6758], [-92.7161, 15.683], [-92.7086, 15.7104], [-92.6912, 15.7102], [-92.6912, 15.6949], [-92.6876, 15.6945], [-92.6761, 15.7229], [-92.5726, 15.7536], [-92.5761, 15.7333], [-92.5808, 15.7316], [-92.5772, 15.6897], [-92.5948, 15.6703], [-92.5892, 15.6573], [-92.6154, 15.6429], [-92.6141, 15.633], [-92.6305, 15.6337], [-92.6505, 15.6212], [-92.6513, 15.6165], [-92.6647, 15.6125], [-92.6609, 15.6069], [-92.6529, 15.6067], [-92.6436, 15.621], [-92.6252, 15.6296], [-92.563, 15.6185], [-92.5388, 15.6001], [-92.5269, 15.6154], [-92.5207, 15.6147], [-92.5211, 15.6211], [-92.497, 15.6372], [-92.4946, 15.6456], [-92.5247, 15.6672], [-92.521, 15.6703], [-92.5298, 15.6737], [-92.5309, 15.6794], [-92.511, 15.6954], [-92.524, 15.6957], [-92.5159, 15.6998], [-92.4917, 15.6997], [-92.4933, 15.7064], [-92.5226, 15.7073], [-92.5134, 15.7457], [-92.5203, 15.7414], [-92.5268, 15.7458], [-92.5387, 15.7439], [-92.5464, 15.7574], [-92.5724, 15.7644], [-92.569, 15.7757], [-92.5723, 15.7785], [-92.5745, 15.7692], [-92.5936, 15.7619], [-92.6019, 15.7692], [-92.6105, 15.78], [-92.6089, 15.7895], [-92.6164, 15.8002], [-92.6089, 15.8085], [-92.6094, 15.8259], [-92.6042, 15.8299], [-92.6152, 15.8591]]]}}, {"type": "Feature", "properties": {"osm_type": "relation", "osm_id": 301004390, "name": "Amatenango del Valle", "admin_level": "6", "kind": "subdivision_2", "parent_osm_id": 2556679, "parent_name": "Chiapas", "parent_iso": "MX-CHP"}, "geometry": {"type": "Polygon", "coordinates": [[[-92.3398, 16.578], [-92.3549, 16.5508], [-92.3437, 16.5398], [-92.3475, 16.5389], [-92.3683, 16.5517], [-92.3855, 16.5523], [-92.3729, 16.5701], [-92.436, 16.5869], [-92.4556, 16.5392], [-92.4469, 16.5277], [-92.4533, 16.5175], [-92.4492, 16.5082], [-92.4596, 16.4949], [-92.4589, 16.4762], [-92.4778, 16.4827], [-92.4897, 16.4676], [-92.488, 16.4601], [-92.4707, 16.4455], [-92.4617, 16.449], [-92.4542, 16.4613], [-92.4362, 16.4713], [-92.4349, 16.4665], [-92.43, 16.4691], [-92.4299, 16.4795], [-92.4133, 16.4888], [-92.3505, 16.4775], [-92.3476, 16.4481], [-92.3124, 16.4648], [-92.3081, 16.4726], [-92.3197, 16.4856], [-92.3117, 16.4943], [-92.3158, 16.5045], [-92.3298, 16.5141], [-92.3492, 16.509], [-92.3532, 16.5134], [-92.3296, 16.5285], [-92.3298, 16.5445], [-92.3398, 16.578]]]}}, {"type": "Feature", "properties": {"osm_type": "relation", "osm_id": 116355166, "name": "Amatenango de la Frontera", "admin_level": "6", "kind": "subdivision_2", "parent_osm_id": 2556679, "parent_name": "Chiapas", "parent_iso": "MX-CHP"}, "geometry": {"type": "Polygon", "coordinates": [[[-92.1486, 15.6266], [-92.1459, 15.6157], [-92.1524, 15.609], [-92.1602, 15.5835], [-92.1971, 15.5877], [-92.2, 15.5681], [-92.182, 15.5546], [-92.1858, 15.5504], [-92.1462, 15.521], [-92.1399, 15.5274], [-92.132, 15.5238], [-92.1216, 15.5366], [-92.113, 15.5262], [-92.1215, 15.4882], [-92.1164, 15.4724], [-92.1185, 15.4685], [-92.1341, 15.4705], [-92.1471, 15.4469], [-92.1512, 15.4259], [-92.145, 15.4188], [-92.1502, 15.4156], [-92.1437, 15.4054], [-92.1287, 15.3999], [-91.9901, 15.6358], [-92.0092, 15.6446], [-92.0306, 15.6352], [-92.043, 15.6387], [-92.0415, 15.6444], [-92.0881, 15.6423], [-92.0948, 15.6459], [-92.1039, 15.6286], [-92.1486, 15.6266]]]}}, {"type": "Feature", "properties": {"osm_type": "relation", "osm_id": 175022808, "name": "Amatán", "admin_level": "6", "kind": "subdivision_2", "parent_osm_id": 2556679, "parent_name": "Chiapas", "parent_iso": "MX-CHP"}, "geometry": {"type": "Polygon", "coordinates": [[[-92.9178, 17.316], [-92.8762, 17.3159], [-92.8667, 17.3013], [-92.8766, 17.2996], [-92.8529, 17.278], [-92.8608, 17.2765], [-92.8322, 17.2677], [-92.8328, 17.2925], [-92.8259, 17.284], [-92.8078, 17.2784], [-92.7969, 17.2868], [-92.789, 17.283], [-92.7871, 17.2939], [-92.7804, 17.2977], [-92.7967, 17.3113], [-92.7692, 17.3194], [-92.7671, 17.3312], [-92.7583, 17.3178], [-92.763, 17.3168], [-92.7523, 17.3102], [-92.7566, 17.3293], [-92.7498, 17.338], [-92.7583, 17.3491], [-92.7587, 17.3582], [-92.7707, 17.3604], [-92.7671, 17.3812], [-92.7908, 17.405], [-92.7858, 17.4175], [-92.8294, 17.4086], [-92.8292, 17.3963], [-92.8543, 17.4112], [-92.8562, 17.4189], [-92.8258, 17.4238], [-92.8196, 17.4327], [-92.8306, 17.4796], [-92.8335, 17.482], [-92.8357, 17.4752], [-92.8499, 17.469], [-92.8595, 17.4996], [-92.8874, 17.5105], [-92.8981, 17.503], [-92.9073, 17.5052], [-92.9129, 17.4982], [-92.9206, 17.5027], [-92.9346, 17.4797], [-92.9383, 17.4601], [-92.9502, 17.4441], [-92.934, 17.4393], [-92.9316, 17.4281], [-92.9135, 17.4137], [-92.9242, 17.4059], [-92.9346, 17.4062], [-92.9295, 17.3896], [-92.9328, 17.3469], [-92.9244, 17.3384], [-92.9178, 17.316]]]}}, {"type": "Feature", "properties": {"osm_type": "relation", "osm_id": 442144544, "name": "Altamirano", "admin_level": "6", "kind": "subdivision_2", "parent_osm_id": 2556679, "parent_name": "Chiapas", "parent_iso": "MX-CHP"}, "geometry": {"type": "Polygon", "coordinates": [[[-92.1322, 16.748], [-92.0952, 16.7171], [-92.0567, 16.6992], [-92.0487, 16.701], [-92.0454, 16.6939], [-92.0192, 16.6882], [-92.033, 16.674], [-92.025, 16.6569], [-92.0196, 16.6611], [-92.0004, 16.5937], [-91.9239, 16.6003], [-91.9199, 16.5491], [-91.8584, 16.5667], [-91.8296, 16.5363], [-91.8194, 16.5517], [-91.8281, 16.5494], [-91.8232, 16.5543], [-91.7883, 16.5521], [-91.7661, 16.5301], [-91.7846, 16.513], [-91.7741, 16.5084], [-91.7669, 16.494], [-91.7603, 16.5], [-91.7462, 16.4993], [-91.7437, 16.5133], [-91.7281, 16.5104], [-91.6973, 16.5253], [-91.7002, 16.5347], [-91.6876, 16.5521], [-91.6963, 16.5679], [-91.6741, 16.5787], [-91.6668, 16.553], [-91.6591, 16.549], [-91.6608, 16.5452], [-91.6531, 16.5362], [-91.6172, 16.5241], [-91.6048, 16.5534], [-91.6181, 16.5665], [-91.5872, 16.56], [-91.5519, 16.5729], [-91.5709, 16.6056], [-91.6014, 16.5969], [-91.599, 16.6188], [-91.619, 16.6011], [-91.6229, 16.6139], [-91.6514, 16.6153], [-91.6525, 16.6199], [-91.6656, 16.6231], [-91.6848, 16.637], [-91.685, 16.648], [-91.7053, 16.6519], [-91.7333, 16.6759], [-91.7486, 16.681], [-91.7791, 16.7024], [-91.7681, 16.7511], [-91.7824, 16.7518], [-91.7993, 16.7434], [-91.8952, 16.7508], [-91.8942, 16.7578], [-91.9051, 16.7614], [-91.9015, 16.7808], [-91.9054, 16.7816], [-91.9064, 16.7975], [-91.912, 16.8042], [-91.9196, 16.8028], [-91.934, 16.8101], [-91.932, 16.8194], [-91.9383, 16.8092], [-91.9593, 16.8159], [-91.9793, 16.8153], [-91.9809, 16.804], [-92.0034, 16.8105], [-92.0114, 16.8258], [-91.9994, 16.8392], [-92.0302, 16.8517], [-92.039, 16.8512], [-92.0386, 16.8258], [-92.0537, 16.821], [-92.0504, 16.8005], [-92.0598, 16.7958], [-92.0592, 16.7789], [-92.1322, 16.748]]]}}, {"type": "Feature", "properties": {"osm_type": "relation", "osm_id": 269977170, "name": "Acala", "admin_level": "6", "kind": "subdivision_2", "parent_osm_id": 2556679, "parent_name": "Chiapas", "parent_iso": "MX-CHP"}, "geometry": {"type": "Polygon", "coordinates": [[[-92.8061, 16.3835], [-92.7979, 16.3841], [-92.7912, 16.3944], [-92.7816, 16.395], [-92.7718, 16.4094], [-92.7454, 16.4263], [-92.7568, 16.4352], [-92.7645, 16.4537], [-92.7515, 16.4521], [-92.7436, 16.479], [-92.7323, 16.4762], [-92.7288, 16.4804], [-92.7388, 16.4912], [-92.7545, 16.4952], [-92.7517, 16.5073], [-92.7664, 16.5183], [-92.7458, 16.5284], [-92.7465, 16.5393], [-92.7545, 16.5412], [-92.764, 16.5289], [-92.7732, 16.5285], [-92.783, 16.5324], [-92.7845, 16.5402], [-92.7689, 16.5616], [-92.7669, 16.5577], [-92.7601, 16.5595], [-92.7592, 16.555], [-92.7508, 16.5575], [-92.745, 16.5653], [-92.7485, 16.5683], [-92.7439, 16.5896], [-92.7352, 16.586], [-92.7377, 16.5978], [-92.7269, 16.5955], [-92.7487, 16.6137], [-92.7489, 16.5927], [-92.7593, 16.5913], [-92.7728, 16.6317], [-92.7875, 16.6449], [-92.7841, 16.6549], [-92.8087, 16.6617], [-92.8258, 16.6726], [-92.8434, 16.6591], [-92.8457, 16.6515], [-92.9067, 16.6483], [-92.9199, 16.6417], [-92.9312, 16.6276], [-92.9316, 16.6199], [-92.9582, 16.5729], [-92.9569, 16.5564], [-92.9523, 16.5601], [-92.947, 16.545], [-92.9505, 16.5389], [-92.943, 16.5322], [-92.9488, 16.5216], [-92.9368, 16.5041], [-92.9472, 16.4995], [-92.9416, 16.4833], [-92.9342, 16.4862], [-92.9299, 16.4778], [-92.9152, 16.4862], [-92.905, 16.4691], [-92.9005, 16.4717], [-92.9052, 16.4766], [-92.8991, 16.4811], [-92.8946, 16.4754], [-92.8827, 16.4816], [-92.8703, 16.474], [-92.8652, 16.4698], [-92.8669, 16.4567], [-92.8619, 16.4531], [-92.852, 16.4594], [-92.8419, 16.4273], [-92.8526, 16.4173], [-92.8556, 16.4246], [-92.8701, 16.4303], [-92.8754, 16.4428], [-92.886, 16.436], [-92.8883, 16.4385], [-92.8923, 16.4338], [-92.8822, 16.4129], [-92.854, 16.4124], [-92.8398, 16.4181], [-92.8382, 16.4242], [-92.8288, 16.4294], [-92.819, 16.4229], [-92.8361, 16.4031], [-92.8267, 16.3923], [-92.8061, 16.3835]]]}}, {"type": "Feature", "properties": {"osm_type": "relation", "osm_id": 377321522, "name": "Acacoyagua", "admin_level": "6", "kind": "subdivision_2", "parent_osm_id": 2556679, "parent_name": "Chiapas", "parent_iso": "MX-CHP"}, "geometry": {"type": "Polygon", "coordinates": [[[-92.7176, 15.3205], [-92.7132, 15.3276], [-92.7048, 15.3225], [-92.6992, 15.3264], [-92.6889, 15.3188], [-92.6528, 15.3324], [-92.6615, 15.3482], [-92.6493, 15.3525], [-92.6549, 15.3622], [-92.651, 15.373], [-92.6472, 15.3776], [-92.6403, 15.375], [-92.6457, 15.3604], [-92.6398, 15.3564], [-92.6141, 15.4044], [-92.6303, 15.4043], [-92.6335, 15.4111], [-92.6275, 15.4258], [-92.6067, 15.4548], [-92.5658, 15.4543], [-92.5707, 15.4796], [-92.5523, 15.4752], [-92.5575, 15.4873], [-92.658, 15.4906], [-92.7176, 15.4754], [-92.7208, 15.4657], [-92.7309, 15.4678], [-92.7345, 15.46], [-92.7438, 15.4551], [-92.7469, 15.4607], [-92.7572, 15.4579], [-92.769, 15.4328], [-92.7569, 15.43], [-92.7538, 15.4349], [-92.7487, 15.4288], [-92.7702, 15.4272], [-92.7762, 15.4145], [-92.7738, 15.4117], [-92.7685, 15.422], [-92.7554, 15.4203], [-92.765, 15.3978], [-92.7519, 15.3979], [-92.7533, 15.3845], [-92.7678, 15.3864], [-92.7527, 15.3779], [-92.7548, 15.3651], [-92.747, 15.3536], [-92.7446, 15.3377], [-92.734, 15.3418], [-92.7322, 15.3235], [-92.7176, 15.3205]]]}}, {"type": "Feature", "properties": {"osm_type": "relation", "osm_id": 689955091, "name": "Santiago el Pinar", "admin_level": "6", "kind": "subdivision_2", "parent_osm_id": 2556679, "parent_name": "Chiapas", "parent_iso": "MX-CHP"}, "geometry": {"type": "Polygon", "coordinates": [[[-92.7128, 16.9732], [-92.7163, 16.9745], [-92.7142, 16.9809], [-92.7375, 16.9696], [-92.7264, 16.9595], [-92.7421, 16.9477], [-92.7433, 16.9366], [-92.731, 16.9339], [-92.7216, 16.916], [-92.7047, 16.936], [-92.7061, 16.96], [-92.7167, 16.9657], [-92.7128, 16.9732]]]}}, {"type": "Feature", "properties": {"osm_type": "relation", "osm_id": 831987069, "name": "San Andrés Duraznal", "admin_level": "6", "kind": "subdivision_2", "parent_osm_id": 2556679, "parent_name": "Chiapas", "parent_iso": "MX-CHP"}, "geometry": {"type": "Polygon", "coordinates": [[[-92.781, 17.1814], [-92.7923, 17.1875], [-92.7844, 17.1914], [-92.7926, 17.2054], [-92.8063, 17.2056], [-92.799, 17.202], [-92.8036, 17.1935], [-92.8127, 17.1857], [-92.8115, 17.1813], [-92.8246, 17.1624], [-92.8319, 17.1624], [-92.8265, 17.1614], [-92.8255, 17.1539], [-92.8471, 17.1567], [-92.8309, 17.1519], [-92.8399, 17.1462], [-92.8284, 17.1226], [-92.8238, 17.1269], [-92.8115, 17.123], [-92.8116, 17.1285], [-92.8057, 17.1274], [-92.8049, 17.1222], [-92.7764, 17.1178], [-92.7577, 17.1264], [-92.7887, 17.1355], [-92.7773, 17.1556], [-92.7867, 17.1491], [-92.7929, 17.1592], [-92.7912, 17.1719], [-92.7769, 17.1725], [-92.7686, 17.1777], [-92.781, 17.1814]]]}}, {"type": "Feature", "properties": {"osm_type": "relation", "osm_id": 421313491, "name": "Montecristo de Guerrero", "admin_level": "6", "kind": "subdivision_2", "parent_osm_id": 2556679, "parent_name": "Chiapas", "parent_iso": "MX-CHP"}, "geometry": {"type": "Polygon", "coordinates": [[[-92.7628, 15.6314], [-92.7638, 15.615], [-92.7385, 15.6164], [-92.6999, 15.6019], [-92.6513, 15.6165], [-92.6505, 15.6212], [-92.6305, 15.6337], [-92.6141, 15.633], [-92.6154, 15.6429], [-92.5892, 15.6573], [-92.5948, 15.6703], [-92.5772, 15.6897], [-92.5808, 15.7316], [-92.5761, 15.7333], [-92.5703, 15.7503], [-92.5813, 15.7529], [-92.5836, 15.7478], [-92.6104, 15.7453], [-92.6334, 15.7335], [-92.6593, 15.7305], [-92.6761, 15.7229], [-92.6876, 15.6945], [-92.6912, 15.6949], [-92.6912, 15.7102], [-92.7086, 15.7104], [-92.7161, 15.683], [-92.7455, 15.6758], [-92.7465, 15.6703], [-92.7663, 15.6702], [-92.7614, 15.6621], [-92.7628, 15.6314]]]}}, {"type": "Feature", "properties": {"osm_type": "relation", "osm_id": 309923412, "name": "Marqués de Comillas", "admin_level": "6", "kind": "subdivision_2", "parent_osm_id": 2556679, "parent_name": "Chiapas", "parent_iso": "MX-CHP"}, "geometry": {"type": "Polygon", "coordinates": [[[-90.9612, 16.074], [-90.7915, 16.0742], [-90.7887, 16.1446], [-90.7714, 16.1619], [-90.7611, 16.1519], [-90.7475, 16.1587], [-90.7537, 16.1672], [-90.7144, 16.1777], [-90.7156, 16.1703], [-90.702, 16.1724], [-90.7113, 16.1212], [-90.6652, 16.1207], [-90.6667, 16.1542], [-90.6345, 16.1417], [-90.6129, 16.1416], [-90.6124, 16.1206], [-90.5775, 16.12], [-90.5914, 16.1835], [-90.611, 16.1834], [-90.6123, 16.1713], [-90.625, 16.1722], [-90.6234, 16.2429], [-90.5567, 16.2541], [-90.5657, 16.2617], [-90.5589, 16.3028], [-90.5842, 16.3016], [-90.5834, 16.3065], [-90.5954, 16.3163], [-90.6093, 16.3078], [-90.605, 16.3474], [-90.6286, 16.3507], [-90.6142, 16.3638], [-90.6629, 16.3711], [-90.6446, 16.3909], [-90.6406, 16.4418], [-90.7073, 16.4327], [-90.7125, 16.4444], [-90.717, 16.4359], [-90.7137, 16.4197], [-90.7226, 16.4139], [-90.7309, 16.4371], [-90.7193, 16.45], [-90.725, 16.4625], [-90.7119, 16.4674], [-90.7165, 16.473], [-90.7247, 16.4718], [-90.7527, 16.4369], [-90.7553, 16.4263], [-90.7739, 16.4187], [-90.7726, 16.4079], [-90.7555, 16.3957], [-90.7731, 16.3836], [-90.766, 16.3747], [-90.7494, 16.371], [-90.7635, 16.3596], [-90.7521, 16.3416], [-90.7618, 16.3383], [-90.7695, 16.3455], [-90.7782, 16.3463], [-90.7923, 16.3374], [-90.8066, 16.3426], [-90.8299, 16.3323], [-90.8568, 16.3366], [-90.8596, 16.3148], [-90.873, 16.3088], [-90.8747, 16.2985], [-90.8665, 16.264], [-90.8587, 16.2501], [-90.8468, 16.2408], [-90.8505, 16.238], [-90.8668, 16.2422], [-90.8701, 16.2362], [-90.8457, 16.2298], [-90.8434, 16.2222], [-90.8528, 16.2146], [-90.8656, 16.2145], [-90.8773, 16.1997], [-90.8875, 16.2014], [-90.8925, 16.2151], [-90.9004, 16.213], [-90.909, 16.198], [-90.8852, 16.1952], [-90.881, 16.1873], [-90.8835, 16.1766], [-90.9304, 16.1138], [-90.9586, 16.1003], [-90.9507, 16.081], [-90.9437, 16.0807], [-90.9451, 16.077], [-90.9612, 16.074]]]}}, {"type": "Feature", "properties": {"osm_type": "relation", "osm_id": 672986385, "name": "Benemérito de las Américas", "admin_level": "6", "kind": "subdivision_2", "parent_osm_id": 2556679, "parent_name": "Chiapas", "parent_iso": "MX-CHP"}, "geometry": {"type": "Polygon", "coordinates": [[[-90.7125, 16.4444], [-90.7073, 16.4327], [-90.6406, 16.4418], [-90.6446, 16.3909], [-90.6629, 16.3711], [-90.6142, 16.3638], [-90.6286, 16.3507], [-90.605, 16.3474], [-90.6093, 16.3078], [-90.5954, 16.3163], [-90.5834, 16.3065], [-90.5842, 16.3016], [-90.5589, 16.3028], [-90.5657, 16.2617], [-90.5567, 16.2541], [-90.6234, 16.2429], [-90.625, 16.1722], [-90.6123, 16.1713], [-90.611, 16.1834], [-90.5914, 16.1835], [-90.5775, 16.12], [-90.6124, 16.1206], [-90.6129, 16.1416], [-90.6345, 16.1417], [-90.6667, 16.1542], [-90.6652, 16.1207], [-90.7113, 16.1212], [-90.702, 16.1724], [-90.7156, 16.1703], [-90.7144, 16.1777], [-90.7537, 16.1672], [-90.7475, 16.1587], [-90.7611, 16.1519], [-90.7714, 16.1619], [-90.7887, 16.1446], [-90.7915, 16.0742], [-90.4408, 16.0742], [-90.4452, 16.083], [-90.4352, 16.096], [-90.4268, 16.0954], [-90.4259, 16.1048], [-90.4318, 16.1059], [-90.4522, 16.092], [-90.4571, 16.1088], [-90.4528, 16.1236], [-90.4298, 16.1178], [-90.4279, 16.1371], [-90.4485, 16.1438], [-90.4499, 16.151], [-90.4245, 16.1632], [-90.4315, 16.1776], [-90.452, 16.185], [-90.4567, 16.2095], [-90.4512, 16.2249], [-90.4381, 16.2317], [-90.4288, 16.2303], [-90.4281, 16.2346], [-90.4381, 16.2401], [-90.44, 16.2476], [-90.4494, 16.2405], [-90.4549, 16.2469], [-90.4455, 16.2615], [-90.4283, 16.2539], [-90.4224, 16.2592], [-90.4272, 16.2696], [-90.4405, 16.2798], [-90.44, 16.2872], [-90.4318, 16.2922], [-90.4386, 16.3021], [-90.4116, 16.3072], [-90.41, 16.3292], [-90.3975, 16.3396], [-90.3869, 16.3342], [-90.3816, 16.3384], [-90.3833, 16.3452], [-90.3992, 16.3494], [-90.403, 16.3611], [-90.4075, 16.3589], [-90.4093, 16.3459], [-90.4098, 16.363], [-90.3958, 16.3745], [-90.3889, 16.3728], [-90.3797, 16.36], [-90.3707, 16.3647], [-90.3729, 16.3744], [-90.3865, 16.3779], [-90.4018, 16.393], [-90.4013, 16.3986], [-90.3891, 16.4035], [-90.3873, 16.412], [-90.3979, 16.4162], [-90.4077, 16.404], [-90.4207, 16.4249], [-90.4846, 16.423], [-90.487, 16.4293], [-90.4783, 16.442], [-90.4781, 16.4598], [-90.4851, 16.4611], [-90.4958, 16.4535], [-90.5006, 16.4669], [-90.5142, 16.4699], [-90.5238, 16.4672], [-90.5278, 16.4577], [-90.5469, 16.4681], [-90.544, 16.4817], [-90.5867, 16.4695], [-90.5937, 16.4753], [-90.5944, 16.4907], [-90.6134, 16.4884], [-90.6204, 16.4772], [-90.6325, 16.4801], [-90.6334, 16.4891], [-90.6138, 16.4913], [-90.6057, 16.5051], [-90.6176, 16.5221], [-90.6356, 16.5135], [-90.645, 16.5176], [-90.6426, 16.5343], [-90.6486, 16.5448], [-90.6471, 16.5605], [-90.6256, 16.5777], [-90.6419, 16.5959], [-90.6403, 16.5864], [-90.6446, 16.5791], [-90.6614, 16.578], [-90.6677, 16.588], [-90.6554, 16.5922], [-90.6762, 16.5904], [-90.6916, 16.6045], [-90.6952, 16.6018], [-90.6936, 16.5836], [-90.7044, 16.5728], [-90.6944, 16.5635], [-90.6902, 16.5482], [-90.6975, 16.5407], [-90.6852, 16.5277], [-90.6768, 16.4908], [-90.681, 16.4876], [-90.7, 16.4957], [-90.7067, 16.4912], [-90.6988, 16.4845], [-90.6974, 16.4681], [-90.6807, 16.4672], [-90.6758, 16.4607], [-90.6811, 16.4553], [-90.6942, 16.4581], [-90.6989, 16.4465], [-90.7125, 16.4444]]]}}, {"type": "Feature", "properties": {"osm_type": "relation", "osm_id": 193694661, "name": "Aldama", "admin_level": "6", "kind": "subdivision_2", "parent_osm_id": 2556679, "parent_name": "Chiapas", "parent_iso": "MX-CHP"}, "geometry": {"type": "Polygon", "coordinates": [[[-92.709, 16.9805], [-92.7167, 16.9657], [-92.7061, 16.96], [-92.7047, 16.936], [-92.7216, 16.916], [-92.7191, 16.9082], [-92.6952, 16.9053], [-92.6875, 16.8897], [-92.6719, 16.884], [-92.6667, 16.9019], [-92.6572, 16.9076], [-92.6517, 16.9232], [-92.6547, 16.9287], [-92.6606, 16.9202], [-92.6766, 16.923], [-92.6957, 16.9345], [-92.7002, 16.9544], [-92.6939, 16.9729], [-92.709, 16.9805]]]}}, {"type": "Feature", "properties": {"osm_type": "relation", "osm_id": 413076942, "name": "San Juan Cancuc", "admin_level": "6", "kind": "subdivision_2", "parent_osm_id": 2556679, "parent_name": "Chiapas", "parent_iso": "MX-CHP"}, "geometry": {"type": "Polygon", "coordinates": [[[-92.3212, 16.9496], [-92.3503, 16.9547], [-92.3505, 16.9633], [-92.3412, 16.9655], [-92.3414, 16.9832], [-92.3597, 17.0029], [-92.363, 16.9992], [-92.3809, 16.9999], [-92.408, 17.01], [-92.4582, 16.9626], [-92.4538, 16.9459], [-92.4372, 16.9284], [-92.4446, 16.9099], [-92.4436, 16.8985], [-92.4325, 16.8851], [-92.4456, 16.8691], [-92.4217, 16.8578], [-92.387, 16.8513], [-92.3563, 16.8578], [-92.3387, 16.8859], [-92.3367, 16.8969], [-92.3521, 16.9006], [-92.3429, 16.9172], [-92.3441, 16.9238], [-92.3374, 16.9337], [-92.3135, 16.9385], [-92.3101, 16.9491], [-92.3212, 16.9496]]]}}, {"type": "Feature", "properties": {"osm_type": "relation", "osm_id": 457086142, "name": "Zinacantán", "admin_level": "6", "kind": "subdivision_2", "parent_osm_id": 2556679, "parent_name": "Chiapas", "parent_iso": "MX-CHP"}, "geometry": {"type": "Polygon", "coordinates": [[[-92.8434, 16.6591], [-92.8309, 16.6652], [-92.8143, 16.6866], [-92.807, 16.6754], [-92.7939, 16.6707], [-92.7733, 16.6778], [-92.7472, 16.667], [-92.7216, 16.6435], [-92.7091, 16.6677], [-92.7087, 16.6728], [-92.7158, 16.6781], [-92.7137, 16.6884], [-92.7078, 16.6932], [-92.7199, 16.7147], [-92.7135, 16.7212], [-92.7203, 16.7226], [-92.6886, 16.7446], [-92.6832, 16.754], [-92.6926, 16.756], [-92.692, 16.7628], [-92.7002, 16.7656], [-92.7405, 16.7728], [-92.7464, 16.781], [-92.7598, 16.7758], [-92.7901, 16.7807], [-92.8165, 16.7708], [-92.8476, 16.7768], [-92.8488, 16.7638], [-92.8609, 16.7497], [-92.8713, 16.7425], [-92.881, 16.7433], [-92.8649, 16.7315], [-92.8675, 16.7262], [-92.8611, 16.7165], [-92.8507, 16.7115], [-92.8678, 16.6664], [-92.8494, 16.6631], [-92.8416, 16.667], [-92.8434, 16.6591]]]}}, {"type": "Feature", "properties": {"osm_type": "relation", "osm_id": 133477208, "name": "San Lucas", "admin_level": "6", "kind": "subdivision_2", "parent_osm_id": 2556679, "parent_name": "Chiapas", "parent_iso": "MX-CHP"}, "geometry": {"type": "Polygon", "coordinates": [[[-92.6772, 16.5778], [-92.6415, 16.5692], [-92.6164, 16.5785], [-92.6471, 16.5911], [-92.6402, 16.6028], [-92.6614, 16.6091], [-92.6651, 16.6242], [-92.689, 16.6258], [-92.71, 16.6166], [-92.706, 16.6249], [-92.7128, 16.6281], [-92.7109, 16.6443], [-92.7041, 16.65], [-92.7126, 16.6603], [-92.7216, 16.6435], [-92.7472, 16.667], [-92.7733, 16.6778], [-92.7939, 16.6707], [-92.807, 16.6754], [-92.8143, 16.6866], [-92.8217, 16.6803], [-92.8258, 16.6726], [-92.8087, 16.6617], [-92.7841, 16.6549], [-92.7875, 16.6449], [-92.7728, 16.6317], [-92.7593, 16.5913], [-92.7489, 16.5927], [-92.7487, 16.6137], [-92.7278, 16.5995], [-92.7269, 16.5955], [-92.7377, 16.5978], [-92.7352, 16.586], [-92.7231, 16.5817], [-92.7052, 16.6034], [-92.707, 16.5868], [-92.6772, 16.5778]]]}}, {"type": "Feature", "properties": {"osm_type": "relation", "osm_id": 415407314, "name": "Yajalón", "admin_level": "6", "kind": "subdivision_2", "parent_osm_id": 2556679, "parent_name": "Chiapas", "parent_iso": "MX-CHP"}, "geometry": {"type": "Polygon", "coordinates": [[[-92.2035, 17.2225], [-92.2135, 17.2388], [-92.2318, 17.2553], [-92.2604, 17.2282], [-92.2851, 17.2542], [-92.3009, 17.2473], [-92.3033, 17.2519], [-92.3227, 17.2549], [-92.3282, 17.243], [-92.3236, 17.2263], [-92.3388, 17.2243], [-92.3445, 17.2126], [-92.3508, 17.2095], [-92.3633, 17.2191], [-92.3733, 17.2129], [-92.3809, 17.1989], [-92.3917, 17.201], [-92.3956, 17.1951], [-92.4034, 17.1975], [-92.4109, 17.193], [-92.4178, 17.1968], [-92.4306, 17.1839], [-92.4298, 17.1784], [-92.439, 17.1826], [-92.4432, 17.1782], [-92.4346, 17.1701], [-92.4403, 17.1657], [-92.4346, 17.1625], [-92.4454, 17.1332], [-92.403, 17.1061], [-92.3832, 17.1002], [-92.3844, 17.1166], [-92.4023, 17.1324], [-92.3705, 17.155], [-92.3694, 17.1402], [-92.3602, 17.1541], [-92.339, 17.1329], [-92.3368, 17.1214], [-92.3279, 17.127], [-92.3295, 17.1321], [-92.3179, 17.133], [-92.2977, 17.1488], [-92.2875, 17.1631], [-92.2745, 17.1568], [-92.2649, 17.1636], [-92.2686, 17.1648], [-92.2583, 17.1841], [-92.2475, 17.1867], [-92.2168, 17.163], [-92.2077, 17.1712], [-92.2287, 17.1958], [-92.2035, 17.2225]]]}}, {"type": "Feature", "properties": {"osm_type": "relation", "osm_id": 628376128, "name": "Villaflores", "admin_level": "6", "kind": "subdivision_2", "parent_osm_id": 2556679, "parent_name": "Chiapas", "parent_iso": "MX-CHP"}, "geometry": {"type": "Polygon", "coordinates": [[[-93.1054, 16.4964], [-93.1688, 16.5226], [-93.1712, 16.5038], [-93.1871, 16.5078], [-93.1903, 16.5034], [-93.1945, 16.5094], [-93.2217, 16.5126], [-93.2308, 16.5185], [-93.2348, 16.5287], [-93.2176, 16.55], [-93.2417, 16.5668], [-93.2475, 16.5557], [-93.2556, 16.5674], [-93.253, 16.5846], [-93.2721, 16.5847], [-93.2974, 16.575], [-93.2784, 16.5176], [-93.2819, 16.5186], [-93.2805, 16.5115], [-93.2905, 16.4982], [-93.2922, 16.5027], [-93.3237, 16.4936], [-93.3943, 16.5008], [-93.4253, 16.4959], [-93.4687, 16.4742], [-93.459, 16.4375], [-93.4671, 16.4289], [-93.473, 16.4318], [-93.473, 16.4511], [-93.4892, 16.4599], [-93.4998, 16.453], [-93.4997, 16.4625], [-93.5109, 16.4622], [-93.5127, 16.4474], [-93.5403, 16.4355], [-93.5464, 16.4376], [-93.5474, 16.4309], [-93.5485, 16.4378], [-93.5626, 16.4386], [-93.5592, 16.4326], [-93.5758, 16.4348], [-93.5557, 16.4011], [-93.5679, 16.4022], [-93.5728, 16.3981], [-93.5964, 16.4045], [-93.6096, 16.3978], [-93.6159, 16.3721], [-93.6366, 16.3667], [-93.6468, 16.3502], [-93.6492, 16.3426], [-93.6437, 16.34], [-93.6492, 16.3352], [-93.6496, 16.3069], [-93.6739, 16.3244], [-93.6866, 16.3123], [-93.6896, 16.2966], [-93.7078, 16.3128], [-93.7196, 16.3074], [-93.7475, 16.3145], [-93.7407, 16.298], [-93.728, 16.2978], [-93.7218, 16.2886], [-93.7414, 16.2585], [-93.771, 16.2303], [-93.7416, 16.2246], [-93.7067, 16.2046], [-93.6533, 16.2079], [-93.5846, 16.1991], [-93.5665, 16.1936], [-93.5607, 16.1862], [-93.5537, 16.1897], [-93.5405, 16.1856], [-93.5361, 16.1976], [-93.5021, 16.1796], [-93.4931, 16.1886], [-93.4876, 16.1819], [-93.4732, 16.1808], [-93.473, 16.1768], [-93.4488, 16.1701], [-93.4437, 16.1704], [-93.4415, 16.1776], [-93.4357, 16.167], [-93.4159, 16.1642], [-93.4045, 16.1697], [-93.4136, 16.2015], [-93.4224, 16.2132], [-93.4081, 16.228], [-93.3934, 16.2097], [-93.3742, 16.205], [-93.3786, 16.1965], [-93.3739, 16.1932], [-93.3584, 16.195], [-93.3553, 16.1998], [-93.3483, 16.1972], [-93.338, 16.2079], [-93.3318, 16.196], [-93.3241, 16.1933], [-93.323, 16.2037], [-93.3315, 16.2128], [-93.3156, 16.2165], [-93.3116, 16.2107], [-93.3062, 16.2122], [-93.3063, 16.2048], [-93.2986, 16.208], [-93.2993, 16.217], [-93.2935, 16.2226], [-93.2946, 16.2102], [-93.2841, 16.2156], [-93.2691, 16.2142], [-93.2666, 16.2218], [-93.2608, 16.2195], [-93.2556, 16.1939], [-93.249, 16.197], [-93.2512, 16.2071], [-93.2452, 16.2098], [-93.2491, 16.2189], [-93.2383, 16.2148], [-93.2258, 16.2245], [-93.2218, 16.2398], [-93.2014, 16.2427], [-93.1969, 16.237], [-93.1946, 16.241], [-93.2002, 16.2473], [-93.207, 16.2431], [-93.2183, 16.2454], [-93.2182, 16.2554], [-93.2081, 16.2706], [-93.1845, 16.2703], [-93.1653, 16.2779], [-93.1248, 16.2766], [-93.1021, 16.2593], [-93.0753, 16.2683], [-93.0595, 16.2892], [-93.064, 16.3032], [-93.0655, 16.2963], [-93.0801, 16.3102], [-93.0843, 16.3303], [-93.0925, 16.3338], [-93.0786, 16.3619], [-93.1027, 16.3741], [-93.1017, 16.3879], [-93.0928, 16.3996], [-93.0995, 16.4037], [-93.0917, 16.4226], [-93.0547, 16.4565], [-93.048, 16.4705], [-93.061, 16.4656], [-93.0584, 16.4847], [-93.0799, 16.4873], [-93.0919, 16.4962], [-93.1002, 16.4927], [-93.1054, 16.4964]]]}}, {"type": "Feature", "properties": {"osm_type": "relation", "osm_id": 716743194, "name": "Villa Corzo", "admin_level": "6", "kind": "subdivision_2", "parent_osm_id": 2556679, "parent_name": "Chiapas", "parent_iso": "MX-CHP"}, "geometry": {"type": "Polygon", "coordinates": [[[-93.0928, 16.3996], [-93.1017, 16.3879], [-93.1027, 16.3741], [-93.0786, 16.3619], [-93.0925, 16.3338], [-93.0843, 16.3303], [-93.0801, 16.3102], [-93.0655, 16.2963], [-93.064, 16.3032], [-93.0595, 16.2892], [-93.0753, 16.2683], [-93.1021, 16.2593], [-93.1248, 16.2766], [-93.1653, 16.2779], [-93.1845, 16.2703], [-93.2081, 16.2706], [-93.2182, 16.2554], [-93.2183, 16.2454], [-93.207, 16.2431], [-93.2002, 16.2473], [-93.1946, 16.241], [-93.1969, 16.237], [-93.2014, 16.2427], [-93.2218, 16.2398], [-93.2258, 16.2245], [-93.2383, 16.2148], [-93.2491, 16.2189], [-93.2452, 16.2098], [-93.2512, 16.2071], [-93.249, 16.197], [-93.2556, 16.1939], [-93.2608, 16.2195], [-93.2666, 16.2218], [-93.2691, 16.2142], [-93.2841, 16.2156], [-93.2946, 16.2102], [-93.2935, 16.2226], [-93.2993, 16.217], [-93.2986, 16.208], [-93.3063, 16.2048], [-93.3062, 16.2122], [-93.3116, 16.2107], [-93.3156, 16.2165], [-93.3315, 16.2128], [-93.323, 16.2037], [-93.3241, 16.1933], [-93.3318, 16.196], [-93.338, 16.2079], [-93.3483, 16.1972], [-93.3553, 16.1998], [-93.3584, 16.195], [-93.3739, 16.1932], [-93.3786, 16.1965], [-93.3742, 16.205], [-93.3934, 16.2097], [-93.4081, 16.228], [-93.4224, 16.2132], [-93.4136, 16.2015], [-93.4045, 16.1697], [-93.4159, 16.1642], [-93.4357, 16.167], [-93.4415, 16.1776], [-93.4437, 16.1704], [-93.4488, 16.1701], [-93.473, 16.1768], [-93.4732, 16.1808], [-93.4876, 16.1819], [-93.4931, 16.1886], [-93.5021, 16.1796], [-93.5361, 16.1976], [-93.5405, 16.1856], [-93.5537, 16.1897], [-93.5607, 16.1862], [-93.5665, 16.1936], [-93.5846, 16.1991], [-93.6138, 16.2023], [-93.6076, 16.1576], [-93.5966, 16.1203], [-93.5984, 16.1023], [-93.572, 16.0545], [-93.5914, 16.0385], [-93.5708, 16.0054], [-93.5777, 15.9939], [-93.5718, 15.9902], [-93.5751, 15.986], [-93.5671, 15.9837], [-93.5625, 15.9885], [-93.5655, 15.9907], [-93.5517, 15.9965], [-93.555, 16.0111], [-93.5407, 16.0198], [-93.5309, 16.0097], [-93.5329, 15.9998], [-93.4809, 15.9889], [-93.4779, 15.9667], [-93.4412, 15.9727], [-93.4126, 15.9532], [-93.3844, 15.9119], [-93.3488, 15.9065], [-93.3334, 15.8953], [-93.3327, 15.8813], [-93.312, 15.8516], [-93.3072, 15.8534], [-93.2993, 15.8479], [-93.3034, 15.8417], [-93.2825, 15.8358], [-93.2745, 15.8446], [-93.2563, 15.833], [-93.2463, 15.8475], [-93.238, 15.8444], [-93.2321, 15.8557], [-93.206, 15.8549], [-93.206, 15.8513], [-93.1843, 15.8552], [-93.1404, 15.8787], [-93.1296, 15.8605], [-93.116, 15.855], [-93.1074, 15.8605], [-93.1089, 15.8656], [-93.0961, 15.8681], [-93.0898, 15.8754], [-93.0779, 15.8718], [-93.0867, 15.8811], [-93.0785, 15.8816], [-93.0923, 15.8939], [-93.0902, 15.8993], [-93.095, 15.8994], [-93.0846, 15.9056], [-93.0946, 15.9165], [-93.0884, 15.9214], [-93.0902, 15.9278], [-93.0776, 15.9328], [-93.0738, 15.9447], [-93.0523, 15.9392], [-93.0507, 15.9451], [-93.0398, 15.9455], [-93.0353, 15.9553], [-93.0243, 15.9515], [-93.0327, 15.9471], [-93.0156, 15.9472], [-93.0084, 15.9667], [-93.0097, 15.9776], [-93.0058, 15.9808], [-93.0001, 15.9758], [-92.9888, 15.9841], [-92.9931, 15.9898], [-92.9823, 16.0044], [-92.9854, 16.0198], [-92.9744, 16.0345], [-92.9635, 16.0376], [-92.9654, 16.0517], [-92.9361, 16.086], [-92.9171, 16.1247], [-92.921, 16.1401], [-92.9094, 16.1476], [-92.8984, 16.1646], [-92.8744, 16.2235], [-92.8676, 16.2191], [-92.8681, 16.2246], [-92.8626, 16.2195], [-92.8622, 16.2236], [-92.8585, 16.2221], [-92.8651, 16.2349], [-92.8862, 16.2475], [-92.8803, 16.2534], [-92.8729, 16.2523], [-92.8755, 16.2641], [-92.8581, 16.2594], [-92.8522, 16.2641], [-92.8539, 16.2701], [-92.8482, 16.2766], [-92.8495, 16.2808], [-92.8543, 16.2776], [-92.8481, 16.285], [-92.8544, 16.289], [-92.8462, 16.2908], [-92.8884, 16.2945], [-92.8871, 16.3045], [-92.8951, 16.3043], [-92.895, 16.3419], [-92.9072, 16.3455], [-92.8938, 16.3693], [-92.941, 16.4025], [-92.9601, 16.4248], [-93.0204, 16.4335], [-93.0289, 16.4295], [-93.0397, 16.4415], [-93.0928, 16.3996]]]}}, {"type": "Feature", "properties": {"osm_type": "relation", "osm_id": 724026726, "name": "Venustiano Carranza", "admin_level": "6", "kind": "subdivision_2", "parent_osm_id": 2556679, "parent_name": "Chiapas", "parent_iso": "MX-CHP"}, "geometry": {"type": "Polygon", "coordinates": [[[-92.8661, 16.2922], [-92.8462, 16.2908], [-92.8544, 16.289], [-92.8481, 16.285], [-92.8543, 16.2776], [-92.8495, 16.2808], [-92.8482, 16.2766], [-92.8539, 16.2701], [-92.8522, 16.2641], [-92.8581, 16.2594], [-92.8755, 16.2641], [-92.8695, 16.2495], [-92.8314, 16.24], [-92.7998, 16.2427], [-92.7834, 16.223], [-92.7844, 16.2124], [-92.7948, 16.2113], [-92.7915, 16.2064], [-92.7742, 16.2031], [-92.7802, 16.2018], [-92.7661, 16.1878], [-92.7613, 16.1883], [-92.7634, 16.1917], [-92.7544, 16.1904], [-92.7522, 16.1844], [-92.7479, 16.1942], [-92.7381, 16.1966], [-92.7355, 16.2029], [-92.732, 16.1999], [-92.7229, 16.2116], [-92.7122, 16.2118], [-92.7046, 16.1975], [-92.6787, 16.1889], [-92.6587, 16.1733], [-92.6197, 16.1594], [-92.6063, 16.1484], [-92.599, 16.1486], [-92.5767, 16.123], [-92.5642, 16.1351], [-92.5336, 16.1444], [-92.4815, 16.143], [-92.4806, 16.1728], [-92.4713, 16.161], [-92.4625, 16.1656], [-92.4685, 16.1786], [-92.4709, 16.2111], [-92.4511, 16.2114], [-92.4273, 16.2388], [-92.4129, 16.2638], [-92.4014, 16.2596], [-92.407, 16.2509], [-92.4012, 16.255], [-92.4, 16.2495], [-92.3922, 16.2509], [-92.3941, 16.2609], [-92.3769, 16.275], [-92.4004, 16.281], [-92.3938, 16.2906], [-92.3816, 16.2906], [-92.3855, 16.2927], [-92.3849, 16.3085], [-92.4027, 16.2978], [-92.4131, 16.3235], [-92.4232, 16.3319], [-92.4263, 16.3291], [-92.4324, 16.3326], [-92.4309, 16.3361], [-92.4387, 16.3362], [-92.44, 16.3292], [-92.4535, 16.3271], [-92.4548, 16.3326], [-92.4386, 16.3542], [-92.4408, 16.3655], [-92.4487, 16.3692], [-92.4479, 16.3765], [-92.4249, 16.4066], [-92.4284, 16.4255], [-92.4192, 16.418], [-92.4107, 16.419], [-92.4077, 16.4503], [-92.3987, 16.4601], [-92.3897, 16.4625], [-92.3861, 16.4408], [-92.3632, 16.4317], [-92.3447, 16.4392], [-92.3505, 16.4775], [-92.4133, 16.4888], [-92.4299, 16.4795], [-92.43, 16.4691], [-92.4349, 16.4665], [-92.4362, 16.4713], [-92.4542, 16.4613], [-92.4617, 16.449], [-92.4707, 16.4455], [-92.488, 16.4601], [-92.4897, 16.4676], [-92.4778, 16.4827], [-92.4912, 16.4877], [-92.4944, 16.4952], [-92.505, 16.4892], [-92.5047, 16.4807], [-92.5366, 16.4547], [-92.5448, 16.4599], [-92.5421, 16.4656], [-92.5562, 16.4632], [-92.555, 16.4705], [-92.5631, 16.4752], [-92.5646, 16.4831], [-92.5694, 16.4794], [-92.5755, 16.4859], [-92.5917, 16.4863], [-92.6032, 16.4939], [-92.606, 16.4924], [-92.5804, 16.4477], [-92.5672, 16.4539], [-92.5683, 16.4482], [-92.5805, 16.4315], [-92.6007, 16.4267], [-92.6213, 16.4072], [-92.6514, 16.3998], [-92.6521, 16.4171], [-92.6089, 16.4402], [-92.6251, 16.4645], [-92.6214, 16.4665], [-92.6298, 16.4831], [-92.6714, 16.4583], [-92.6682, 16.442], [-92.6868, 16.4529], [-92.6761, 16.4715], [-92.6903, 16.4691], [-92.6898, 16.4632], [-92.7083, 16.4848], [-92.7231, 16.483], [-92.7193, 16.4803], [-92.7244, 16.4767], [-92.7233, 16.4638], [-92.7184, 16.4565], [-92.7331, 16.4491], [-92.7509, 16.4619], [-92.7515, 16.4521], [-92.7645, 16.4537], [-92.7568, 16.4352], [-92.7454, 16.4263], [-92.7475, 16.4228], [-92.7718, 16.4094], [-92.7816, 16.395], [-92.7912, 16.3944], [-92.7979, 16.3841], [-92.8035, 16.3866], [-92.807, 16.3833], [-92.8029, 16.3708], [-92.8134, 16.3598], [-92.8129, 16.3514], [-92.82, 16.3539], [-92.8433, 16.3345], [-92.8491, 16.3366], [-92.8661, 16.3163], [-92.8661, 16.2922]]]}}, {"type": "Feature", "properties": {"osm_type": "relation", "osm_id": 479261167, "name": "Unión Juárez", "admin_level": "6", "kind": "subdivision_2", "parent_osm_id": 2556679, "parent_name": "Chiapas", "parent_iso": "MX-CHP"}, "geometry": {"type": "Polygon", "coordinates": [[[-92.1308, 15.0132], [-92.1196, 15.0115], [-92.1171, 15.0153], [-92.0984, 15.0099], [-92.0803, 15.0285], [-92.0779, 15.0459], [-92.0702, 15.0468], [-92.0684, 15.0554], [-92.0732, 15.0615], [-92.0592, 15.0703], [-92.1079, 15.1319], [-92.1106, 15.0935], [-92.1182, 15.0859], [-92.1131, 15.0855], [-92.1258, 15.067], [-92.1365, 15.0683], [-92.1449, 15.052], [-92.1385, 15.0329], [-92.1312, 15.0276], [-92.1308, 15.0132]]]}}, {"type": "Feature", "properties": {"osm_type": "relation", "osm_id": 723751648, "name": "Tzimol", "admin_level": "6", "kind": "subdivision_2", "parent_osm_id": 2556679, "parent_name": "Chiapas", "parent_iso": "MX-CHP"}, "geometry": {"type": "Polygon", "coordinates": [[[-92.2069, 16.0144], [-92.245, 16.0156], [-92.25, 16.0656], [-92.2404, 16.0708], [-92.2299, 16.0675], [-92.2162, 16.0792], [-92.2162, 16.0861], [-92.2334, 16.0912], [-92.2294, 16.0986], [-92.1918, 16.0955], [-92.1824, 16.1035], [-92.1824, 16.114], [-92.1523, 16.1434], [-92.1574, 16.1604], [-92.1429, 16.1678], [-92.139, 16.1749], [-92.1527, 16.1804], [-92.1489, 16.1862], [-92.1619, 16.2126], [-92.1774, 16.1976], [-92.1813, 16.2033], [-92.1892, 16.2041], [-92.2036, 16.2244], [-92.191, 16.2301], [-92.1951, 16.2382], [-92.2094, 16.2285], [-92.2267, 16.2471], [-92.2776, 16.2625], [-92.2752, 16.2666], [-92.2795, 16.2703], [-92.2883, 16.2696], [-92.2885, 16.2392], [-92.3072, 16.2258], [-92.2772, 16.1988], [-92.2839, 16.1965], [-92.2864, 16.1848], [-92.3088, 16.1867], [-92.3246, 16.1736], [-92.3351, 16.1762], [-92.3214, 16.1638], [-92.333, 16.1526], [-92.3322, 16.1485], [-92.3033, 16.1452], [-92.2745, 16.1239], [-92.2911, 16.1103], [-92.3159, 16.1112], [-92.3179, 16.1055], [-92.3125, 16.0983], [-92.3307, 16.0784], [-92.3272, 16.0769], [-92.3314, 16.0721], [-92.3233, 16.0669], [-92.3324, 16.0621], [-92.3222, 16.0531], [-92.3271, 16.0316], [-92.302, 16.0097], [-92.2854, 16.0141], [-92.2834, 16.0099], [-92.2912, 16.0047], [-92.2875, 15.9996], [-92.2426, 15.9738], [-92.237, 15.9991], [-92.2211, 15.9886], [-92.2263, 15.9651], [-92.1892, 15.9477], [-92.1771, 15.9532], [-92.1775, 15.9612], [-92.1818, 15.97], [-92.1989, 15.9647], [-92.2021, 15.9741], [-92.1952, 15.9811], [-92.2056, 15.9924], [-92.1875, 16.0084], [-92.2069, 16.0012], [-92.2069, 16.0144]]]}}, {"type": "Feature", "properties": {"osm_type": "relation", "osm_id": 218787053, "name": "Tuzantán", "admin_level": "6", "kind": "subdivision_2", "parent_osm_id": 2556679, "parent_name": "Chiapas", "parent_iso": "MX-CHP"}, "geometry": {"type": "Polygon", "coordinates": [[[-92.3339, 15.2018], [-92.3518, 15.2102], [-92.3614, 15.2075], [-92.3608, 15.2011], [-92.3703, 15.1923], [-92.3703, 15.2039], [-92.3796, 15.2178], [-92.3936, 15.2206], [-92.4081, 15.2349], [-92.4116, 15.224], [-92.4196, 15.2248], [-92.4155, 15.2311], [-92.4213, 15.2337], [-92.4258, 15.2259], [-92.4517, 15.228], [-92.4509, 15.1963], [-92.4151, 15.1939], [-92.4214, 15.1853], [-92.4159, 15.1841], [-92.4284, 15.1696], [-92.4335, 15.1718], [-92.4449, 15.1622], [-92.4443, 15.1541], [-92.4713, 15.1097], [-92.4624, 15.1011], [-92.4826, 15.0862], [-92.479, 15.0749], [-92.4873, 15.0696], [-92.4654, 15.0612], [-92.4529, 15.0482], [-92.4521, 15.0562], [-92.4429, 15.0543], [-92.4457, 15.0513], [-92.4385, 15.047], [-92.4144, 15.0764], [-92.408, 15.0663], [-92.3975, 15.0752], [-92.382, 15.0738], [-92.3818, 15.0841], [-92.3661, 15.0818], [-92.3648, 15.0975], [-92.3716, 15.0981], [-92.3779, 15.0911], [-92.3762, 15.1038], [-92.3681, 15.1103], [-92.3736, 15.1093], [-92.3701, 15.1311], [-92.365, 15.1305], [-92.3577, 15.1426], [-92.3832, 15.1442], [-92.3616, 15.1607], [-92.362, 15.157], [-92.3507, 15.163], [-92.3519, 15.1706], [-92.3346, 15.1878], [-92.3339, 15.2018]]]}}, {"type": "Feature", "properties": {"osm_type": "relation", "osm_id": 101790849, "name": "Tumbalá", "admin_level": "6", "kind": "subdivision_2", "parent_osm_id": 2556679, "parent_name": "Chiapas", "parent_iso": "MX-CHP"}, "geometry": {"type": "Polygon", "coordinates": [[[-92.0884, 17.2773], [-92.1163, 17.3054], [-92.1397, 17.2826], [-92.144, 17.285], [-92.1627, 17.3037], [-92.1647, 17.3213], [-92.1561, 17.3287], [-92.2027, 17.3489], [-92.2048, 17.3432], [-92.2232, 17.3591], [-92.2176, 17.3684], [-92.2245, 17.3692], [-92.2211, 17.372], [-92.2307, 17.3813], [-92.2497, 17.3622], [-92.2593, 17.3653], [-92.2684, 17.3586], [-92.275, 17.3657], [-92.2944, 17.3665], [-92.3014, 17.3599], [-92.3441, 17.3994], [-92.3475, 17.3952], [-92.3439, 17.3912], [-92.3534, 17.3939], [-92.3681, 17.39], [-92.378, 17.3953], [-92.3803, 17.4064], [-92.3878, 17.4042], [-92.3864, 17.3984], [-92.3959, 17.3968], [-92.3922, 17.3823], [-92.4026, 17.381], [-92.4032, 17.3681], [-92.3989, 17.362], [-92.4019, 17.3007], [-92.3763, 17.2981], [-92.3791, 17.2538], [-92.3633, 17.2191], [-92.3508, 17.2095], [-92.3393, 17.2178], [-92.3388, 17.2243], [-92.3236, 17.2263], [-92.3282, 17.243], [-92.3227, 17.2549], [-92.3033, 17.2519], [-92.3009, 17.2473], [-92.2851, 17.2542], [-92.2604, 17.2282], [-92.2318, 17.2553], [-92.2135, 17.2388], [-92.2035, 17.2225], [-92.1879, 17.2371], [-92.1551, 17.2103], [-92.1236, 17.2412], [-92.1252, 17.2508], [-92.1179, 17.2517], [-92.1179, 17.2569], [-92.1086, 17.2568], [-92.0884, 17.2773]]]}}, {"type": "Feature", "properties": {"osm_type": "relation", "osm_id": 472021704, "name": "Totolapa", "admin_level": "6", "kind": "subdivision_2", "parent_osm_id": 2556679, "parent_name": "Chiapas", "parent_iso": "MX-CHP"}, "geometry": {"type": "Polygon", "coordinates": [[[-92.7446, 16.5317], [-92.7664, 16.5183], [-92.7517, 16.5073], [-92.7545, 16.4952], [-92.7305, 16.4851], [-92.7298, 16.4772], [-92.7436, 16.479], [-92.7509, 16.4619], [-92.7331, 16.4491], [-92.7184, 16.4565], [-92.7233, 16.4638], [-92.7244, 16.4767], [-92.7193, 16.4803], [-92.7231, 16.483], [-92.7083, 16.4848], [-92.6898, 16.4632], [-92.6903, 16.4691], [-92.6761, 16.4715], [-92.6868, 16.4529], [-92.6682, 16.442], [-92.6714, 16.4583], [-92.6298, 16.4831], [-92.6248, 16.4733], [-92.5954, 16.4739], [-92.606, 16.4924], [-92.5766, 16.4861], [-92.5882, 16.5019], [-92.5765, 16.5021], [-92.5754, 16.5138], [-92.5844, 16.5254], [-92.5772, 16.5316], [-92.5831, 16.5352], [-92.5777, 16.5438], [-92.5808, 16.5493], [-92.5957, 16.5529], [-92.6032, 16.5766], [-92.611, 16.5813], [-92.6415, 16.5692], [-92.6772, 16.5778], [-92.6954, 16.5589], [-92.6936, 16.5503], [-92.6983, 16.5464], [-92.6958, 16.5243], [-92.6891, 16.5128], [-92.7268, 16.5269], [-92.7389, 16.5262], [-92.7357, 16.5309], [-92.7446, 16.5317]]]}}, {"type": "Feature", "properties": {"osm_type": "relation", "osm_id": 185837352, "name": "Teopisca", "admin_level": "6", "kind": "subdivision_2", "parent_osm_id": 2556679, "parent_name": "Chiapas", "parent_iso": "MX-CHP"}, "geometry": {"type": "Polygon", "coordinates": [[[-92.472, 16.6387], [-92.499, 16.6328], [-92.5173, 16.6372], [-92.5148, 16.649], [-92.5275, 16.6491], [-92.5239, 16.6376], [-92.529, 16.6361], [-92.5238, 16.6279], [-92.5348, 16.6279], [-92.54, 16.6168], [-92.5967, 16.6436], [-92.5966, 16.6357], [-92.5829, 16.6238], [-92.5894, 16.6146], [-92.595, 16.6209], [-92.6029, 16.6056], [-92.583, 16.5962], [-92.5749, 16.5788], [-92.5867, 16.5792], [-92.5931, 16.5908], [-92.611, 16.5813], [-92.6032, 16.5766], [-92.5957, 16.5529], [-92.5808, 16.5493], [-92.5777, 16.5438], [-92.5831, 16.5352], [-92.5772, 16.5316], [-92.5844, 16.5254], [-92.5754, 16.5138], [-92.5765, 16.5021], [-92.5882, 16.5019], [-92.5798, 16.4949], [-92.5751, 16.4811], [-92.5627, 16.4816], [-92.5631, 16.4752], [-92.555, 16.4705], [-92.5562, 16.4632], [-92.5421, 16.4656], [-92.5448, 16.4599], [-92.5391, 16.4586], [-92.5428, 16.4563], [-92.5366, 16.4547], [-92.5047, 16.4807], [-92.505, 16.4892], [-92.4944, 16.4952], [-92.4912, 16.4877], [-92.4589, 16.4762], [-92.4596, 16.4949], [-92.4492, 16.5082], [-92.4533, 16.5175], [-92.4469, 16.5277], [-92.4556, 16.5392], [-92.436, 16.5869], [-92.3729, 16.5701], [-92.3753, 16.587], [-92.4261, 16.6364], [-92.4242, 16.6283], [-92.4377, 16.6251], [-92.4384, 16.6195], [-92.4741, 16.6262], [-92.472, 16.6387]]]}}, {"type": "Feature", "properties": {"osm_type": "relation", "osm_id": 833035037, "name": "Tenejapa", "admin_level": "6", "kind": "subdivision_2", "parent_osm_id": 2556679, "parent_name": "Chiapas", "parent_iso": "MX-CHP"}, "geometry": {"type": "Polygon", "coordinates": [[[-92.4081, 16.7699], [-92.378, 16.7795], [-92.3676, 16.8103], [-92.4428, 16.8197], [-92.444, 16.8364], [-92.4527, 16.8405], [-92.4566, 16.8555], [-92.4509, 16.8678], [-92.4354, 16.8772], [-92.4325, 16.8851], [-92.4436, 16.8985], [-92.4387, 16.9286], [-92.465, 16.9342], [-92.4804, 16.9285], [-92.4852, 16.9309], [-92.4986, 16.9032], [-92.5164, 16.8987], [-92.516, 16.8871], [-92.5252, 16.8713], [-92.523, 16.8614], [-92.5343, 16.8573], [-92.5435, 16.8374], [-92.541, 16.8088], [-92.5458, 16.8011], [-92.5453, 16.7885], [-92.5367, 16.7765], [-92.5132, 16.7743], [-92.5114, 16.7686], [-92.4912, 16.7729], [-92.4865, 16.7789], [-92.4814, 16.774], [-92.4722, 16.7795], [-92.4611, 16.777], [-92.4562, 16.7649], [-92.4496, 16.7612], [-92.4081, 16.7699]]]}}, {"type": "Feature", "properties": {"osm_type": "relation", "osm_id": 222070946, "name": "Tapilula", "admin_level": "6", "kind": "subdivision_2", "parent_osm_id": 2556679, "parent_name": "Chiapas", "parent_iso": "MX-CHP"}, "geometry": {"type": "Polygon", "coordinates": [[[-93.047, 17.2693], [-93.0479, 17.2423], [-93.0368, 17.2413], [-93.0316, 17.2351], [-93.0223, 17.2388], [-93.0145, 17.2301], [-93.0139, 17.2362], [-92.9845, 17.2334], [-92.9778, 17.2278], [-92.9582, 17.2292], [-92.9588, 17.2179], [-92.9465, 17.2176], [-92.9366, 17.2346], [-92.9499, 17.2413], [-92.9513, 17.2355], [-92.9632, 17.2352], [-92.9632, 17.2573], [-92.9701, 17.261], [-92.9721, 17.282], [-92.9783, 17.2732], [-93.0244, 17.2794], [-93.0269, 17.2674], [-93.0358, 17.2649], [-93.047, 17.2693]]]}}, {"type": "Feature", "properties": {"osm_type": "relation", "osm_id": 167839681, "name": "Suchiate", "admin_level": "6", "kind": "subdivision_2", "parent_osm_id": 2556679, "parent_name": "Chiapas", "parent_iso": "MX-CHP"}, "geometry": {"type": "Polygon", "coordinates": [[[-92.3196, 14.6184], [-92.2268, 14.5321], [-92.2211, 14.535], [-92.2153, 14.5569], [-92.1982, 14.5643], [-92.1825, 14.5783], [-92.1744, 14.6116], [-92.1812, 14.6145], [-92.1771, 14.6262], [-92.1683, 14.6406], [-92.1591, 14.6419], [-92.1604, 14.6507], [-92.1459, 14.6628], [-92.1431, 14.6924], [-92.149, 14.7054], [-92.1478, 14.7202], [-92.1555, 14.7309], [-92.1695, 14.7323], [-92.1791, 14.7231], [-92.1809, 14.7107], [-92.2023, 14.7131], [-92.2229, 14.6966], [-92.2485, 14.6992], [-92.2558, 14.7167], [-92.2646, 14.7164], [-92.2681, 14.7208], [-92.2675, 14.71], [-92.2812, 14.6967], [-92.2828, 14.6825], [-92.2902, 14.6784], [-92.2891, 14.6684], [-92.2955, 14.6656], [-92.2899, 14.6616], [-92.2993, 14.6565], [-92.305, 14.6387], [-92.3146, 14.6307], [-92.3196, 14.6184]]]}}, {"type": "Feature", "properties": {"osm_type": "relation", "osm_id": 760354803, "name": "Suchiapa", "admin_level": "6", "kind": "subdivision_2", "parent_osm_id": 2556679, "parent_name": "Chiapas", "parent_iso": "MX-CHP"}, "geometry": {"type": "Polygon", "coordinates": [[[-93.0654, 16.6747], [-93.0737, 16.6857], [-93.0896, 16.6948], [-93.0851, 16.6787], [-93.0741, 16.675], [-93.0947, 16.6575], [-93.1268, 16.6693], [-93.138, 16.6591], [-93.1446, 16.6742], [-93.1488, 16.674], [-93.1589, 16.6698], [-93.15, 16.6575], [-93.159, 16.6452], [-93.1797, 16.6577], [-93.1808, 16.6475], [-93.194, 16.6577], [-93.2009, 16.6507], [-93.216, 16.6602], [-93.2116, 16.6703], [-93.2211, 16.6788], [-93.2336, 16.6733], [-93.241, 16.6766], [-93.2359, 16.6636], [-93.1868, 16.6064], [-93.1873, 16.5986], [-93.1941, 16.5982], [-93.2001, 16.5816], [-93.2277, 16.5695], [-93.2229, 16.5661], [-93.2288, 16.563], [-93.2292, 16.5562], [-93.2176, 16.55], [-93.2348, 16.5287], [-93.2308, 16.5185], [-93.2217, 16.5126], [-93.1945, 16.5094], [-93.1903, 16.5034], [-93.1871, 16.5078], [-93.1712, 16.5038], [-93.1688, 16.5226], [-93.1094, 16.4956], [-93.0754, 16.5069], [-93.0723, 16.5375], [-93.0638, 16.5266], [-93.0532, 16.5393], [-93.0615, 16.5479], [-93.0608, 16.5855], [-93.0558, 16.6025], [-93.0438, 16.6047], [-93.0419, 16.6143], [-93.0481, 16.623], [-93.0579, 16.6269], [-93.0597, 16.6394], [-93.076, 16.6368], [-93.0707, 16.646], [-93.0634, 16.6469], [-93.0724, 16.6569], [-93.0571, 16.6636], [-93.0654, 16.6747]]]}}, {"type": "Feature", "properties": {"osm_type": "relation", "osm_id": 122860532, "name": "Solosuchiapa", "admin_level": "6", "kind": "subdivision_2", "parent_osm_id": 2556679, "parent_name": "Chiapas", "parent_iso": "MX-CHP"}, "geometry": {"type": "Polygon", "coordinates": [[[-93.0585, 17.3751], [-93.0498, 17.3799], [-93.0438, 17.3704], [-93.053, 17.3347], [-93.0498, 17.3283], [-93.0434, 17.3363], [-93.0332, 17.3223], [-93.0246, 17.3308], [-93.0182, 17.3259], [-93.0303, 17.31], [-93.0112, 17.3205], [-92.9772, 17.3004], [-92.9926, 17.3477], [-92.9737, 17.3466], [-92.9853, 17.3293], [-92.9806, 17.3223], [-92.9512, 17.3194], [-92.9498, 17.3418], [-92.9413, 17.3424], [-92.9363, 17.3484], [-92.9296, 17.3715], [-92.9424, 17.3679], [-92.9483, 17.3712], [-92.9493, 17.3667], [-92.9575, 17.3765], [-92.9461, 17.3846], [-92.9463, 17.4014], [-92.9538, 17.4017], [-92.9708, 17.4176], [-92.9895, 17.4461], [-92.996, 17.445], [-92.9963, 17.4519], [-93.0181, 17.4553], [-93.0298, 17.4898], [-93.0316, 17.4837], [-93.0597, 17.4733], [-93.0598, 17.469], [-93.0479, 17.4608], [-93.0461, 17.4359], [-93.0536, 17.4304], [-93.0519, 17.421], [-93.0555, 17.4191], [-93.0507, 17.4164], [-93.0727, 17.4053], [-93.0699, 17.3958], [-93.0589, 17.3979], [-93.0548, 17.393], [-93.0473, 17.3939], [-93.0466, 17.3867], [-93.0618, 17.3789], [-93.0585, 17.3751]]]}}, {"type": "Feature", "properties": {"osm_type": "relation", "osm_id": 877333250, "name": "Sitalá", "admin_level": "6", "kind": "subdivision_2", "parent_osm_id": 2556679, "parent_name": "Chiapas", "parent_iso": "MX-CHP"}, "geometry": {"type": "Polygon", "coordinates": [[[-92.3915, 17.0726], [-92.4098, 17.0597], [-92.3998, 17.0343], [-92.4184, 17.0268], [-92.408, 17.01], [-92.3809, 16.9999], [-92.363, 16.9992], [-92.3597, 17.0029], [-92.3498, 16.9905], [-92.3412, 16.9883], [-92.3137, 16.9954], [-92.3123, 17.0047], [-92.2924, 17.0102], [-92.2817, 17.0204], [-92.2932, 17.0414], [-92.2803, 17.0604], [-92.29, 17.0671], [-92.3077, 17.0648], [-92.325, 17.0795], [-92.342, 17.0754], [-92.3501, 17.0685], [-92.3528, 17.0714], [-92.346, 17.0782], [-92.3599, 17.0889], [-92.3721, 17.0852], [-92.37, 17.0822], [-92.3888, 17.0692], [-92.3915, 17.0726]]]}}, {"type": "Feature", "properties": {"osm_type": "relation", "osm_id": 955793962, "name": "Simojovel", "admin_level": "6", "kind": "subdivision_2", "parent_osm_id": 2556679, "parent_name": "Chiapas", "parent_iso": "MX-CHP"}, "geometry": {"type": "Polygon", "coordinates": [[[-92.7869, 17.2245], [-92.7897, 17.2213], [-92.793, 17.2259], [-92.7975, 17.2182], [-92.7826, 17.2146], [-92.7773, 17.1905], [-92.781, 17.1814], [-92.7686, 17.1777], [-92.7769, 17.1725], [-92.7912, 17.1719], [-92.7929, 17.1592], [-92.7867, 17.1491], [-92.7773, 17.1556], [-92.7887, 17.1355], [-92.759, 17.1295], [-92.7577, 17.1264], [-92.7764, 17.1178], [-92.7574, 17.1101], [-92.7598, 17.0923], [-92.7568, 17.0962], [-92.7501, 17.0886], [-92.7448, 17.0947], [-92.731, 17.0919], [-92.7227, 17.0836], [-92.7018, 17.0853], [-92.6786, 17.0953], [-92.667, 17.0819], [-92.6632, 17.0679], [-92.6131, 17.0802], [-92.5793, 17.1156], [-92.579, 17.1056], [-92.562, 17.0984], [-92.5653, 17.105], [-92.5572, 17.1078], [-92.564, 17.1099], [-92.5648, 17.116], [-92.5472, 17.1109], [-92.5537, 17.1065], [-92.5442, 17.1074], [-92.5341, 17.1327], [-92.5216, 17.1316], [-92.5198, 17.1056], [-92.5301, 17.1023], [-92.5326, 17.093], [-92.5259, 17.0845], [-92.5309, 17.0817], [-92.5151, 17.0688], [-92.5111, 17.0703], [-92.5099, 17.0885], [-92.5009, 17.0905], [-92.4941, 17.1073], [-92.4918, 17.1171], [-92.4974, 17.128], [-92.4867, 17.1325], [-92.4454, 17.1332], [-92.4346, 17.1625], [-92.4739, 17.1686], [-92.4848, 17.1787], [-92.5306, 17.1932], [-92.5898, 17.2043], [-92.5999, 17.1742], [-92.6223, 17.1519], [-92.6285, 17.1554], [-92.6365, 17.1492], [-92.6411, 17.1409], [-92.6373, 17.1371], [-92.6434, 17.133], [-92.6812, 17.1603], [-92.702, 17.1555], [-92.7257, 17.1656], [-92.7268, 17.1855], [-92.7347, 17.1949], [-92.7869, 17.2245]]]}}, {"type": "Feature", "properties": {"osm_type": "relation", "osm_id": 615370622, "name": "Siltepec", "admin_level": "6", "kind": "subdivision_2", "parent_osm_id": 2556679, "parent_name": "Chiapas", "parent_iso": "MX-CHP"}, "geometry": {"type": "Polygon", "coordinates": [[[-92.4308, 15.4231], [-92.4254, 15.4394], [-92.4029, 15.4386], [-92.3873, 15.4462], [-92.3413, 15.4264], [-92.3222, 15.4448], [-92.316, 15.4415], [-92.3065, 15.4627], [-92.2752, 15.4669], [-92.2652, 15.4583], [-92.245, 15.4716], [-92.2372, 15.4873], [-92.2339, 15.5068], [-92.2507, 15.5593], [-92.2757, 15.5491], [-92.3047, 15.5632], [-92.322, 15.5889], [-92.3139, 15.636], [-92.329, 15.6757], [-92.3309, 15.6664], [-92.3562, 15.6656], [-92.3594, 15.6743], [-92.4036, 15.6931], [-92.4171, 15.6833], [-92.4178, 15.6707], [-92.4317, 15.6563], [-92.4442, 15.654], [-92.4537, 15.6624], [-92.4814, 15.6376], [-92.4946, 15.6456], [-92.497, 15.6372], [-92.5211, 15.6211], [-92.5207, 15.6147], [-92.5269, 15.6154], [-92.5388, 15.6001], [-92.563, 15.6185], [-92.6252, 15.6296], [-92.6436, 15.621], [-92.6529, 15.6067], [-92.6726, 15.6065], [-92.6998, 15.4981], [-92.692, 15.4827], [-92.658, 15.4906], [-92.5332, 15.4872], [-92.5109, 15.482], [-92.4957, 15.4587], [-92.487, 15.4594], [-92.4846, 15.4388], [-92.4308, 15.4231]]]}}, {"type": "Feature", "properties": {"osm_type": "relation", "osm_id": 166228932, "name": "Salto de Agua", "admin_level": "6", "kind": "subdivision_2", "parent_osm_id": 2556679, "parent_name": "Chiapas", "parent_iso": "MX-CHP"}, "geometry": {"type": "Polygon", "coordinates": [[[-91.9107, 17.2489], [-91.908, 17.2536], [-91.9441, 17.2629], [-91.9469, 17.2472], [-91.9657, 17.2395], [-91.9658, 17.2355], [-91.9739, 17.2386], [-91.9827, 17.2298], [-91.9927, 17.2371], [-92.0044, 17.2368], [-92.0028, 17.2477], [-91.9926, 17.2561], [-91.9893, 17.2509], [-91.9837, 17.2515], [-91.9853, 17.256], [-91.9487, 17.2574], [-91.951, 17.301], [-91.9327, 17.2968], [-91.9242, 17.3206], [-91.9629, 17.3276], [-91.9582, 17.3465], [-91.9651, 17.347], [-91.9254, 17.3824], [-91.9248, 17.3885], [-91.9388, 17.3923], [-91.9496, 17.3807], [-91.961, 17.3933], [-91.9417, 17.4006], [-91.9345, 17.431], [-91.9478, 17.4296], [-91.9465, 17.4434], [-91.957, 17.4444], [-91.9559, 17.455], [-91.9705, 17.4565], [-91.9755, 17.4466], [-91.9998, 17.4346], [-92.0014, 17.4382], [-92.0137, 17.4234], [-92.03, 17.4303], [-92.0614, 17.4232], [-92.0611, 17.4303], [-92.1479, 17.4997], [-92.1204, 17.5293], [-92.1362, 17.5413], [-92.1375, 17.5364], [-92.1525, 17.5507], [-92.1612, 17.5426], [-92.1521, 17.5362], [-92.1624, 17.5361], [-92.1654, 17.5317], [-92.1982, 17.5624], [-92.2021, 17.5592], [-92.2081, 17.5662], [-92.2185, 17.5668], [-92.2161, 17.5837], [-92.2429, 17.59], [-92.2372, 17.5972], [-92.2282, 17.5946], [-92.2225, 17.6017], [-92.2403, 17.6136], [-92.2415, 17.6266], [-92.25, 17.6307], [-92.2466, 17.6368], [-92.3069, 17.6646], [-92.3062, 17.6512], [-92.3137, 17.6506], [-92.313, 17.6595], [-92.318, 17.6599], [-92.321, 17.6445], [-92.3301, 17.645], [-92.33, 17.6509], [-92.3492, 17.6564], [-92.3549, 17.6541], [-92.3581, 17.642], [-92.3507, 17.6179], [-92.4009, 17.586], [-92.4021, 17.578], [-92.4082, 17.5806], [-92.4368, 17.5701], [-92.4657, 17.577], [-92.4795, 17.5749], [-92.4855, 17.5319], [-92.489, 17.531], [-92.4889, 17.5249], [-92.4808, 17.5188], [-92.4221, 17.5076], [-92.39, 17.5233], [-92.3908, 17.506], [-92.3819, 17.5046], [-92.3759, 17.4869], [-92.3612, 17.4899], [-92.3341, 17.4706], [-92.3314, 17.4584], [-92.3503, 17.4413], [-92.3712, 17.4598], [-92.3881, 17.4561], [-92.3828, 17.4339], [-92.4027, 17.424], [-92.3959, 17.3968], [-92.3864, 17.3984], [-92.3878, 17.4042], [-92.3803, 17.4064], [-92.3739, 17.3914], [-92.3534, 17.3939], [-92.3485, 17.3896], [-92.3439, 17.3912], [-92.3475, 17.3952], [-92.3441, 17.3994], [-92.3014, 17.3599], [-92.2944, 17.3665], [-92.275, 17.3657], [-92.2684, 17.3586], [-92.2593, 17.3653], [-92.2497, 17.3622], [-92.2307, 17.3813], [-92.2211, 17.372], [-92.2245, 17.3692], [-92.2176, 17.3684], [-92.2232, 17.3591], [-92.2048, 17.3432], [-92.2027, 17.3489], [-92.1561, 17.3287], [-92.1647, 17.3213], [-92.1627, 17.3037], [-92.144, 17.285], [-92.1397, 17.2826], [-92.1163, 17.3054], [-92.0776, 17.2658], [-92.06, 17.2599], [-92.0199, 17.2336], [-91.9967, 17.2312], [-91.9955, 17.2164], [-91.9721, 17.2058], [-91.9643, 17.2071], [-91.9616, 17.2163], [-91.8888, 17.2136], [-91.8946, 17.2274], [-91.9132, 17.2263], [-91.9169, 17.2387], [-91.9107, 17.2489]]]}}, {"type": "Feature", "properties": {"osm_type": "relation", "osm_id": 414210867, "name": "Sabanilla", "admin_level": "6", "kind": "subdivision_2", "parent_osm_id": 2556679, "parent_name": "Chiapas", "parent_iso": "MX-CHP"}, "geometry": {"type": "Polygon", "coordinates": [[[-92.5898, 17.2043], [-92.5306, 17.1932], [-92.5149, 17.2226], [-92.5114, 17.2718], [-92.5199, 17.2739], [-92.5376, 17.2914], [-92.5426, 17.2881], [-92.5395, 17.2929], [-92.5446, 17.311], [-92.5589, 17.31], [-92.5571, 17.2953], [-92.5825, 17.31], [-92.5932, 17.3307], [-92.6107, 17.3477], [-92.6007, 17.3588], [-92.5869, 17.3611], [-92.5999, 17.4127], [-92.6071, 17.4231], [-92.6189, 17.4245], [-92.6301, 17.4463], [-92.6487, 17.4361], [-92.6682, 17.4567], [-92.6679, 17.426], [-92.6762, 17.4116], [-92.6777, 17.38], [-92.7356, 17.3471], [-92.7235, 17.3484], [-92.7192, 17.3359], [-92.7097, 17.3297], [-92.6876, 17.3354], [-92.6613, 17.3104], [-92.6483, 17.3151], [-92.6524, 17.3066], [-92.6481, 17.3025], [-92.656, 17.299], [-92.6353, 17.2759], [-92.6261, 17.2803], [-92.6212, 17.2704], [-92.6253, 17.2663], [-92.6192, 17.2569], [-92.6113, 17.2641], [-92.6075, 17.2589], [-92.5931, 17.2696], [-92.5761, 17.2693], [-92.5865, 17.2558], [-92.5851, 17.2482], [-92.5939, 17.2423], [-92.5898, 17.2043]]]}}, {"type": "Feature", "properties": {"osm_type": "relation", "osm_id": 255011277, "name": "Las Rosas", "admin_level": "6", "kind": "subdivision_2", "parent_osm_id": 2556679, "parent_name": "Chiapas", "parent_iso": "MX-CHP"}, "geometry": {"type": "Polygon", "coordinates": [[[-92.321, 16.4608], [-92.3476, 16.4481], [-92.3447, 16.4392], [-92.3632, 16.4317], [-92.3861, 16.4408], [-92.3897, 16.4625], [-92.3987, 16.4601], [-92.4077, 16.4503], [-92.4107, 16.419], [-92.4192, 16.418], [-92.4284, 16.4255], [-92.4249, 16.4066], [-92.4479, 16.3765], [-92.4487, 16.3692], [-92.4408, 16.3655], [-92.4386, 16.3542], [-92.4548, 16.3326], [-92.4535, 16.3271], [-92.44, 16.3292], [-92.4387, 16.3362], [-92.4309, 16.3361], [-92.4324, 16.3326], [-92.4263, 16.3291], [-92.4232, 16.3319], [-92.4131, 16.3235], [-92.4027, 16.2978], [-92.3849, 16.3085], [-92.3855, 16.2927], [-92.3816, 16.2906], [-92.3938, 16.2906], [-92.4004, 16.281], [-92.3909, 16.2756], [-92.3717, 16.2789], [-92.3643, 16.302], [-92.3606, 16.302], [-92.356, 16.277], [-92.3496, 16.2812], [-92.3337, 16.2772], [-92.3191, 16.2815], [-92.3104, 16.3025], [-92.2748, 16.3049], [-92.2797, 16.3124], [-92.2923, 16.3142], [-92.2878, 16.3226], [-92.3146, 16.3586], [-92.3007, 16.3771], [-92.2925, 16.3769], [-92.2986, 16.391], [-92.2945, 16.3882], [-92.288, 16.3936], [-92.2948, 16.3973], [-92.296, 16.3925], [-92.3012, 16.3937], [-92.3035, 16.3852], [-92.3205, 16.3755], [-92.3152, 16.4127], [-92.2971, 16.4314], [-92.321, 16.4608]]]}}, {"type": "Feature", "properties": {"osm_type": "relation", "osm_id": 340756864, "name": "Rayón", "admin_level": "6", "kind": "subdivision_2", "parent_osm_id": 2556679, "parent_name": "Chiapas", "parent_iso": "MX-CHP"}, "geometry": {"type": "Polygon", "coordinates": [[[-93.0296, 17.235], [-93.0348, 17.2015], [-93.0286, 17.1983], [-93.0335, 17.1768], [-93.0386, 17.1777], [-93.0257, 17.1654], [-93.0249, 17.1568], [-92.999, 17.1431], [-92.9905, 17.1334], [-92.9692, 17.1303], [-92.9889, 17.1462], [-92.9817, 17.1626], [-92.9701, 17.1606], [-92.9648, 17.1972], [-92.9422, 17.1967], [-92.9423, 17.2039], [-92.9635, 17.2163], [-92.9588, 17.2179], [-92.9582, 17.2292], [-92.9778, 17.2278], [-92.9845, 17.2334], [-93.0139, 17.2362], [-93.0145, 17.2301], [-93.0223, 17.2388], [-93.0296, 17.235]]]}}, {"type": "Feature", "properties": {"osm_type": "relation", "osm_id": 729105114, "name": "Pueblo Nuevo Solistahuacán", "admin_level": "6", "kind": "subdivision_2", "parent_osm_id": 2556679, "parent_name": "Chiapas", "parent_iso": "MX-CHP"}, "geometry": {"type": "Polygon", "coordinates": [[[-92.9721, 17.282], [-92.9701, 17.261], [-92.9632, 17.2573], [-92.9632, 17.2352], [-92.9513, 17.2355], [-92.9499, 17.2413], [-92.9366, 17.2346], [-92.9465, 17.2176], [-92.9636, 17.2178], [-92.9423, 17.2039], [-92.9422, 17.1967], [-92.9648, 17.1972], [-92.9685, 17.1684], [-92.9661, 17.1718], [-92.9403, 17.1602], [-92.941, 17.1468], [-92.9347, 17.1419], [-92.911, 17.1346], [-92.8992, 17.136], [-92.8955, 17.1468], [-92.8817, 17.1484], [-92.8761, 17.1488], [-92.8729, 17.1404], [-92.847, 17.1422], [-92.8309, 17.1519], [-92.8471, 17.1567], [-92.8255, 17.1539], [-92.8265, 17.1614], [-92.8319, 17.1624], [-92.8246, 17.1624], [-92.8115, 17.1813], [-92.8127, 17.1857], [-92.8036, 17.1935], [-92.799, 17.202], [-92.8063, 17.2056], [-92.7926, 17.2054], [-92.7844, 17.1914], [-92.7923, 17.1875], [-92.781, 17.1814], [-92.7773, 17.1905], [-92.7826, 17.2146], [-92.7975, 17.2182], [-92.793, 17.2259], [-92.7897, 17.2213], [-92.7869, 17.2245], [-92.8036, 17.2365], [-92.8107, 17.2365], [-92.8141, 17.2464], [-92.8092, 17.246], [-92.8122, 17.2628], [-92.8161, 17.2639], [-92.8138, 17.2805], [-92.8259, 17.284], [-92.8328, 17.2925], [-92.8322, 17.2677], [-92.8608, 17.2765], [-92.8529, 17.278], [-92.8766, 17.2996], [-92.8667, 17.3013], [-92.8762, 17.3159], [-92.9178, 17.316], [-92.9005, 17.2732], [-92.9112, 17.274], [-92.9113, 17.2686], [-92.9224, 17.2749], [-92.9244, 17.2597], [-92.9167, 17.2528], [-92.9217, 17.2453], [-92.9455, 17.261], [-92.9638, 17.2876], [-92.9716, 17.2878], [-92.9721, 17.282]]]}}, {"type": "Feature", "properties": {"osm_type": "relation", "osm_id": 124569198, "name": "Villa Comaltitlán", "admin_level": "6", "kind": "subdivision_2", "parent_osm_id": 2556679, "parent_name": "Chiapas", "parent_iso": "MX-CHP"}, "geometry": {"type": "Polygon", "coordinates": [[[-92.7124, 15.0237], [-92.7001, 15.0132], [-92.6997, 15.0196], [-92.6917, 15.0197], [-92.6865, 15.0146], [-92.6893, 15.0105], [-92.6792, 15.0018], [-92.6747, 15.0055], [-92.6804, 15.0104], [-92.679, 15.0217], [-92.6659, 15.0202], [-92.6658, 15.0449], [-92.6156, 15.0527], [-92.6148, 15.0675], [-92.6237, 15.0673], [-92.618, 15.0742], [-92.6105, 15.0695], [-92.6056, 15.0737], [-92.6114, 15.0777], [-92.6064, 15.0865], [-92.614, 15.0906], [-92.6117, 15.0978], [-92.6153, 15.0991], [-92.6075, 15.1067], [-92.6059, 15.1199], [-92.5843, 15.1185], [-92.5837, 15.1234], [-92.5485, 15.1153], [-92.5161, 15.1575], [-92.5322, 15.1581], [-92.54, 15.1637], [-92.5435, 15.1743], [-92.5202, 15.1894], [-92.5153, 15.2224], [-92.5219, 15.2238], [-92.5218, 15.2284], [-92.5142, 15.2354], [-92.5151, 15.2403], [-92.4975, 15.2447], [-92.5098, 15.2541], [-92.4983, 15.2614], [-92.4853, 15.2566], [-92.4773, 15.262], [-92.4973, 15.2769], [-92.5, 15.2853], [-92.5286, 15.287], [-92.5244, 15.3055], [-92.5106, 15.3067], [-92.5087, 15.3213], [-92.5571, 15.3257], [-92.5673, 15.3407], [-92.5829, 15.3357], [-92.5966, 15.3216], [-92.6033, 15.3059], [-92.5769, 15.304], [-92.579, 15.2983], [-92.5872, 15.3008], [-92.5904, 15.2731], [-92.5858, 15.2594], [-92.5965, 15.2588], [-92.5927, 15.2505], [-92.6139, 15.2418], [-92.6154, 15.2356], [-92.6069, 15.2333], [-92.6175, 15.2148], [-92.6349, 15.2234], [-92.6415, 15.2151], [-92.6391, 15.2109], [-92.6465, 15.2135], [-92.6503, 15.2005], [-92.6628, 15.2026], [-92.6767, 15.1766], [-92.6907, 15.1651], [-92.6967, 15.1656], [-92.7026, 15.1568], [-92.7169, 15.154], [-92.7105, 15.1513], [-92.7161, 15.1446], [-92.7105, 15.1408], [-92.7217, 15.1279], [-92.7414, 15.1514], [-92.7584, 15.1331], [-92.7534, 15.1292], [-92.7557, 15.1123], [-92.7652, 15.1139], [-92.7124, 15.0237]]]}}, {"type": "Feature", "properties": {"osm_type": "relation", "osm_id": 605966889, "name": "El Porvenir", "admin_level": "6", "kind": "subdivision_2", "parent_osm_id": 2556679, "parent_name": "Chiapas", "parent_iso": "MX-CHP"}, "geometry": {"type": "Polygon", "coordinates": [[[-92.2065, 15.4599], [-92.2509, 15.4684], [-92.2652, 15.4583], [-92.2752, 15.4669], [-92.3065, 15.4627], [-92.316, 15.4415], [-92.3222, 15.4448], [-92.3413, 15.4264], [-92.3138, 15.4117], [-92.2863, 15.41], [-92.2357, 15.3901], [-92.233, 15.3981], [-92.2145, 15.4025], [-92.2038, 15.4552], [-92.2065, 15.4599]]]}}, {"type": "Feature", "properties": {"osm_type": "relation", "osm_id": 733390704, "name": "Pijijiapan", "admin_level": "6", "kind": "subdivision_2", "parent_osm_id": 2556679, "parent_name": "Chiapas", "parent_iso": "MX-CHP"}, "geometry": {"type": "Polygon", "coordinates": [[[-93.5143, 15.7344], [-93.3167, 15.5782], [-93.1237, 15.4091], [-93.0938, 15.4297], [-93.0875, 15.4232], [-93.0772, 15.4326], [-93.0821, 15.4376], [-93.0611, 15.4503], [-93.0981, 15.462], [-93.1092, 15.4731], [-93.1094, 15.4862], [-93.0652, 15.5143], [-93.0094, 15.4865], [-92.9684, 15.5106], [-92.9651, 15.5889], [-92.9716, 15.6058], [-92.9566, 15.6136], [-92.9566, 15.6052], [-92.9219, 15.5915], [-92.9304, 15.5915], [-92.9301, 15.5858], [-92.9195, 15.5798], [-92.9191, 15.5948], [-92.928, 15.6096], [-92.9285, 15.6384], [-92.874, 15.6372], [-92.8697, 15.6438], [-92.8414, 15.6324], [-92.8665, 15.6552], [-92.87, 15.6673], [-92.8956, 15.6796], [-92.8988, 15.6982], [-92.9063, 15.6928], [-92.9144, 15.695], [-92.9183, 15.688], [-92.9389, 15.6766], [-92.9473, 15.6795], [-92.9634, 15.6745], [-92.9864, 15.6929], [-92.9809, 15.6992], [-92.9899, 15.7047], [-92.9952, 15.7232], [-93.0224, 15.7296], [-93.0446, 15.7242], [-93.0438, 15.736], [-93.0587, 15.7337], [-93.0617, 15.76], [-93.1082, 15.7557], [-93.1018, 15.7683], [-93.09, 15.7766], [-93.0927, 15.7826], [-93.0844, 15.7879], [-93.0978, 15.8088], [-93.0946, 15.8275], [-93.1216, 15.8483], [-93.1404, 15.8787], [-93.1843, 15.8552], [-93.206, 15.8513], [-93.206, 15.8549], [-93.2321, 15.8557], [-93.238, 15.8444], [-93.2463, 15.8475], [-93.2563, 15.833], [-93.2745, 15.8446], [-93.2825, 15.8358], [-93.3052, 15.8452], [-93.3192, 15.8456], [-93.3437, 15.8584], [-93.3512, 15.8549], [-93.3556, 15.8657], [-93.3547, 15.8962], [-93.3618, 15.8975], [-93.3666, 15.8808], [-93.3957, 15.8556], [-93.4054, 15.8409], [-93.4161, 15.841], [-93.4605, 15.7533], [-93.4773, 15.7702], [-93.4976, 15.7509], [-93.4871, 15.7465], [-93.5143, 15.7344]]]}}, {"type": "Feature", "properties": {"osm_type": "relation", "osm_id": 318533505, "name": "Pichucalco", "admin_level": "6", "kind": "subdivision_2", "parent_osm_id": 2556679, "parent_name": "Chiapas", "parent_iso": "MX-CHP"}, "geometry": {"type": "Polygon", "coordinates": [[[-93.2546, 17.4237], [-93.2576, 17.4064], [-93.2499, 17.4067], [-93.2489, 17.3661], [-93.242, 17.3678], [-93.226, 17.3529], [-93.2301, 17.3483], [-93.2205, 17.3329], [-93.2158, 17.3316], [-93.1956, 17.3442], [-93.1864, 17.3432], [-93.1792, 17.3363], [-93.1742, 17.3433], [-93.1772, 17.3504], [-93.1718, 17.3492], [-93.1714, 17.3554], [-93.1753, 17.3622], [-93.1996, 17.3662], [-93.1998, 17.3856], [-93.2076, 17.3819], [-93.2102, 17.3917], [-93.2048, 17.4094], [-93.1912, 17.408], [-93.1883, 17.3974], [-93.1697, 17.3974], [-93.1738, 17.4028], [-93.1693, 17.4154], [-93.1549, 17.4254], [-93.1396, 17.4285], [-93.1312, 17.4471], [-93.1201, 17.4551], [-93.1208, 17.4643], [-93.1014, 17.4758], [-93.1019, 17.4854], [-93.0956, 17.4864], [-93.0871, 17.4793], [-93.0865, 17.4917], [-93.0774, 17.4919], [-93.0795, 17.4829], [-93.0738, 17.4851], [-93.0736, 17.4958], [-93.0564, 17.4912], [-93.0519, 17.4976], [-93.0274, 17.4952], [-93.0279, 17.5146], [-93.017, 17.5218], [-93.0173, 17.5337], [-93.0047, 17.5313], [-93.0024, 17.5402], [-93.0077, 17.5613], [-93.0045, 17.5796], [-93.0108, 17.5806], [-93.0169, 17.5931], [-93.0316, 17.5994], [-93.0419, 17.6136], [-93.0451, 17.6671], [-93.0408, 17.6674], [-93.0444, 17.6734], [-93.0379, 17.6832], [-93.0418, 17.6873], [-93.067, 17.6717], [-93.0611, 17.6719], [-93.0598, 17.6649], [-93.0707, 17.6662], [-93.0744, 17.661], [-93.0943, 17.6092], [-93.0798, 17.6101], [-93.0772, 17.573], [-93.0947, 17.5854], [-93.1013, 17.5749], [-93.1088, 17.5834], [-93.1188, 17.5832], [-93.1198, 17.5879], [-93.1237, 17.5887], [-93.1248, 17.581], [-93.1378, 17.5871], [-93.142, 17.5811], [-93.1495, 17.5804], [-93.1625, 17.5892], [-93.1633, 17.5794], [-93.1696, 17.5763], [-93.1663, 17.5717], [-93.1786, 17.5611], [-93.207, 17.5628], [-93.2184, 17.578], [-93.2111, 17.587], [-93.2168, 17.5851], [-93.2245, 17.5972], [-93.2385, 17.5984], [-93.2462, 17.5924], [-93.231, 17.5839], [-93.2341, 17.5677], [-93.2553, 17.5555], [-93.2613, 17.5713], [-93.2697, 17.5676], [-93.2756, 17.5736], [-93.2682, 17.5819], [-93.2779, 17.5809], [-93.28, 17.6005], [-93.2888, 17.598], [-93.2874, 17.6084], [-93.3072, 17.5998], [-93.3277, 17.6162], [-93.3173, 17.6396], [-93.3279, 17.6598], [-93.3484, 17.6688], [-93.3605, 17.6651], [-93.3563, 17.648], [-93.3848, 17.6444], [-93.385, 17.6342], [-93.4096, 17.6193], [-93.4163, 17.598], [-93.408, 17.5763], [-93.3944, 17.5639], [-93.3837, 17.5639], [-93.3835, 17.5557], [-93.3662, 17.5379], [-93.3683, 17.531], [-93.3601, 17.5253], [-93.361, 17.5223], [-93.366, 17.5251], [-93.3698, 17.5182], [-93.3753, 17.5203], [-93.3792, 17.5141], [-93.3713, 17.5099], [-93.3719, 17.5012], [-93.3323, 17.5008], [-93.3279, 17.506], [-93.3181, 17.5021], [-93.3167, 17.5066], [-93.2995, 17.5098], [-93.2971, 17.5178], [-93.2895, 17.5124], [-93.2849, 17.5239], [-93.2683, 17.5273], [-93.2728, 17.5361], [-93.2519, 17.5454], [-93.2327, 17.5369], [-93.2304, 17.5082], [-93.2192, 17.5061], [-93.2009, 17.491], [-93.1953, 17.478], [-93.2122, 17.4688], [-93.2166, 17.4514], [-93.224, 17.4542], [-93.2426, 17.4425], [-93.2546, 17.4237]]]}}, {"type": "Feature", "properties": {"osm_type": "relation", "osm_id": 738739819, "name": "Pantepec", "admin_level": "6", "kind": "subdivision_2", "parent_osm_id": 2556679, "parent_name": "Chiapas", "parent_iso": "MX-CHP"}, "geometry": {"type": "Polygon", "coordinates": [[[-93.12, 17.1524], [-93.1202, 17.1433], [-93.1151, 17.1381], [-93.1223, 17.1345], [-93.112, 17.1284], [-93.1064, 17.1332], [-93.0887, 17.1295], [-93.0778, 17.1421], [-93.0552, 17.1495], [-93.0508, 17.1364], [-93.0432, 17.1412], [-93.0373, 17.1329], [-93.0322, 17.1338], [-93.0311, 17.1275], [-93.0357, 17.1252], [-93.0147, 17.1308], [-92.9983, 17.1287], [-92.9765, 17.1078], [-92.9652, 17.1209], [-92.9686, 17.1214], [-92.9671, 17.1293], [-92.9905, 17.1334], [-92.999, 17.1431], [-93.0249, 17.1568], [-93.0257, 17.1654], [-93.0386, 17.1777], [-93.0335, 17.1768], [-93.0286, 17.1983], [-93.0348, 17.2015], [-93.0296, 17.235], [-93.0368, 17.2413], [-93.0479, 17.2423], [-93.0465, 17.2781], [-93.0658, 17.2813], [-93.0687, 17.2676], [-93.0776, 17.2672], [-93.098, 17.2679], [-93.1135, 17.2794], [-93.1072, 17.2658], [-93.0935, 17.2545], [-93.0877, 17.2387], [-93.0831, 17.2386], [-93.0897, 17.2382], [-93.087, 17.2295], [-93.0714, 17.2048], [-93.0881, 17.1744], [-93.085, 17.1705], [-93.0917, 17.1719], [-93.12, 17.1524]]]}}, {"type": "Feature", "properties": {"osm_type": "relation", "osm_id": 494339655, "name": "Pantelhó", "admin_level": "6", "kind": "subdivision_2", "parent_osm_id": 2556679, "parent_name": "Chiapas", "parent_iso": "MX-CHP"}, "geometry": {"type": "Polygon", "coordinates": [[[-92.3832, 17.1002], [-92.403, 17.1061], [-92.4454, 17.1332], [-92.4867, 17.1325], [-92.4974, 17.128], [-92.4918, 17.1171], [-92.4941, 17.1073], [-92.5009, 17.0905], [-92.5099, 17.0885], [-92.5083, 17.0737], [-92.5151, 17.0688], [-92.5289, 17.0776], [-92.5309, 17.0817], [-92.5261, 17.0867], [-92.5326, 17.093], [-92.5301, 17.1023], [-92.5198, 17.1056], [-92.5216, 17.1316], [-92.5341, 17.1327], [-92.5442, 17.1074], [-92.5537, 17.1065], [-92.5472, 17.1109], [-92.5648, 17.116], [-92.564, 17.1099], [-92.5572, 17.1078], [-92.5653, 17.105], [-92.5619, 17.0961], [-92.5433, 17.0773], [-92.5437, 17.0725], [-92.5013, 17.0492], [-92.5144, 17.0293], [-92.5036, 17.0306], [-92.5075, 17.0169], [-92.5162, 17.0159], [-92.5079, 17.0037], [-92.4967, 17.003], [-92.4933, 16.9686], [-92.4474, 16.977], [-92.408, 17.01], [-92.4184, 17.0268], [-92.3998, 17.0343], [-92.4098, 17.0597], [-92.3915, 17.0726], [-92.3807, 17.0964], [-92.3832, 17.1002]]]}}, {"type": "Feature", "properties": {"osm_type": "relation", "osm_id": 149433253, "name": "Palenque", "admin_level": "6", "kind": "subdivision_2", "parent_osm_id": 2556679, "parent_name": "Chiapas", "parent_iso": "MX-CHP"}, "geometry": {"type": "Polygon", "coordinates": [[[-91.2604, 17.103], [-91.2685, 17.1102], [-91.2723, 17.1261], [-91.2724, 17.1428], [-91.2631, 17.1645], [-91.2791, 17.1796], [-91.3245, 17.1827], [-91.3312, 17.1768], [-91.3356, 17.1612], [-91.3492, 17.16], [-91.347, 17.1768], [-91.3545, 17.1905], [-91.3764, 17.2049], [-91.4034, 17.2046], [-91.4188, 17.2093], [-91.4288, 17.2185], [-91.4397, 17.251], [-91.4275, 17.2766], [-91.4252, 17.3023], [-91.4126, 17.3075], [-91.3903, 17.2993], [-91.3837, 17.3112], [-91.397, 17.3379], [-91.4168, 17.3456], [-91.4144, 17.3592], [-91.4198, 17.3741], [-91.4393, 17.3843], [-91.4565, 17.3757], [-91.505, 17.3995], [-91.5099, 17.3922], [-91.5368, 17.4074], [-91.5372, 17.4197], [-91.5579, 17.4222], [-91.5588, 17.4005], [-91.6069, 17.4169], [-91.6089, 17.4255], [-91.6175, 17.4262], [-91.6202, 17.4317], [-91.6349, 17.4365], [-91.6373, 17.43], [-91.6433, 17.431], [-91.672, 17.4441], [-91.6646, 17.4612], [-91.7003, 17.4678], [-91.6921, 17.467], [-91.6899, 17.4751], [-91.6821, 17.4695], [-91.6816, 17.4831], [-91.7162, 17.4967], [-91.7329, 17.5219], [-91.761, 17.5324], [-91.7887, 17.5296], [-91.8153, 17.5331], [-91.8156, 17.5394], [-91.8231, 17.5395], [-91.825, 17.5325], [-91.8289, 17.5332], [-91.8487, 17.545], [-91.8707, 17.5503], [-91.8527, 17.5598], [-91.8482, 17.5722], [-91.8547, 17.5722], [-91.8558, 17.589], [-91.8598, 17.59], [-91.8601, 17.623], [-91.8552, 17.6233], [-91.855, 17.6352], [-91.8562, 17.6398], [-91.8612, 17.6378], [-91.8577, 17.646], [-91.8716, 17.6834], [-91.8275, 17.7085], [-91.8364, 17.7178], [-91.8212, 17.7318], [-91.8307, 17.7377], [-91.8103, 17.7513], [-91.7973, 17.744], [-91.7902, 17.746], [-91.7912, 17.7565], [-91.782, 17.7867], [-91.7882, 17.8074], [-91.8236, 17.7962], [-91.8292, 17.8125], [-91.8419, 17.8163], [-91.8484, 17.8255], [-91.8793, 17.8264], [-91.8991, 17.839], [-91.918, 17.8354], [-91.9228, 17.8249], [-91.9096, 17.8185], [-91.9327, 17.8128], [-91.9379, 17.8043], [-91.9237, 17.7881], [-91.932, 17.78], [-91.9238, 17.77], [-91.9457, 17.7685], [-91.9405, 17.7663], [-91.9442, 17.7575], [-91.9375, 17.7597], [-91.9336, 17.7508], [-91.9424, 17.7474], [-91.9341, 17.7427], [-91.931, 17.7231], [-91.9379, 17.7227], [-91.9524, 17.7348], [-91.9514, 17.7023], [-91.9587, 17.6982], [-91.9407, 17.6719], [-91.977, 17.6362], [-92.012, 17.6683], [-92.0266, 17.6556], [-92.0223, 17.6389], [-92.0288, 17.6388], [-92.0286, 17.6308], [-92.0184, 17.6308], [-92.0172, 17.6125], [-92.0411, 17.5928], [-92.0623, 17.6016], [-92.0717, 17.6134], [-92.0861, 17.614], [-92.0789, 17.6233], [-92.0794, 17.6451], [-92.0684, 17.6603], [-92.072, 17.6725], [-92.0683, 17.6766], [-92.0786, 17.6794], [-92.0766, 17.6867], [-92.0939, 17.6866], [-92.0917, 17.697], [-92.1321, 17.6982], [-92.132, 17.7097], [-92.113, 17.7094], [-92.1127, 17.7231], [-92.1221, 17.7214], [-92.1136, 17.7412], [-92.1318, 17.742], [-92.1412, 17.7198], [-92.1466, 17.7188], [-92.1739, 17.7326], [-92.1741, 17.7293], [-92.1833, 17.7323], [-92.1864, 17.7632], [-92.175, 17.7556], [-92.1508, 17.7508], [-92.1525, 17.7791], [-92.172, 17.7866], [-92.1885, 17.7681], [-92.1945, 17.7766], [-92.2293, 17.7456], [-92.2746, 17.6923], [-92.2887, 17.7027], [-92.2948, 17.6999], [-92.3133, 17.7045], [-92.3153, 17.7097], [-92.3281, 17.7137], [-92.3373, 17.7121], [-92.3401, 17.7038], [-92.3499, 17.7028], [-92.3492, 17.6564], [-92.33, 17.6509], [-92.3301, 17.645], [-92.321, 17.6445], [-92.318, 17.6599], [-92.313, 17.6595], [-92.3137, 17.6506], [-92.3062, 17.6512], [-92.3069, 17.6646], [-92.2466, 17.6368], [-92.25, 17.6307], [-92.2415, 17.6266], [-92.2403, 17.6136], [-92.2225, 17.6017], [-92.2282, 17.5946], [-92.2372, 17.5972], [-92.2429, 17.59], [-92.2161, 17.5837], [-92.2185, 17.5668], [-92.2081, 17.5662], [-92.2021, 17.5592], [-92.1982, 17.5624], [-92.1654, 17.5317], [-92.1624, 17.5361], [-92.1521, 17.5362], [-92.1612, 17.5426], [-92.1525, 17.5507], [-92.1375, 17.5364], [-92.1362, 17.5413], [-92.1204, 17.5293], [-92.1479, 17.4997], [-92.0611, 17.4303], [-92.0614, 17.4232], [-92.03, 17.4303], [-92.0137, 17.4234], [-92.0014, 17.4382], [-91.9998, 17.4346], [-91.9755, 17.4466], [-91.9705, 17.4565], [-91.9559, 17.455], [-91.957, 17.4444], [-91.9465, 17.4434], [-91.9478, 17.4296], [-91.9345, 17.431], [-91.9417, 17.4006], [-91.961, 17.3933], [-91.9496, 17.3807], [-91.9388, 17.3923], [-91.9248, 17.3885], [-91.9254, 17.3824], [-91.9651, 17.347], [-91.9582, 17.3465], [-91.9629, 17.3276], [-91.9242, 17.3206], [-91.9327, 17.2968], [-91.951, 17.301], [-91.9487, 17.2574], [-91.9853, 17.256], [-91.9837, 17.2515], [-91.9893, 17.2509], [-91.9926, 17.2561], [-92.0028, 17.2477], [-92.0044, 17.2368], [-91.9927, 17.2371], [-91.9827, 17.2298], [-91.9739, 17.2386], [-91.9658, 17.2355], [-91.9657, 17.2395], [-91.9469, 17.2472], [-91.9441, 17.2629], [-91.908, 17.2536], [-91.9107, 17.2489], [-91.7431, 17.2483], [-91.7376, 17.238], [-91.7176, 17.2219], [-91.7237, 17.2144], [-91.7209, 17.2112], [-91.7059, 17.2155], [-91.7084, 17.2227], [-91.6785, 17.2398], [-91.6524, 17.2199], [-91.6552, 17.2119], [-91.6485, 17.216], [-91.6324, 17.2061], [-91.6265, 17.221], [-91.6011, 17.2248], [-91.584, 17.2326], [-91.5861, 17.2249], [-91.5569, 17.2224], [-91.5575, 17.2132], [-91.5261, 17.2109], [-91.5297, 17.1983], [-91.5245, 17.1914], [-91.5516, 17.1658], [-91.5618, 17.1332], [-91.5409, 17.1115], [-91.5239, 17.1257], [-91.5187, 17.1157], [-91.5124, 17.1207], [-91.4961, 17.1145], [-91.4905, 17.1098], [-91.4938, 17.1048], [-91.4737, 17.0923], [-91.4707, 17.0955], [-91.4555, 17.0829], [-91.444, 17.104], [-91.4995, 17.1312], [-91.4776, 17.164], [-91.4855, 17.1686], [-91.4788, 17.1746], [-91.4677, 17.1654], [-91.4709, 17.1622], [-91.4594, 17.1417], [-91.4446, 17.1364], [-91.4404, 17.1466], [-91.4227, 17.1266], [-91.4124, 17.1267], [-91.415, 17.1148], [-91.4063, 17.1024], [-91.4035, 17.0833], [-91.3859, 17.0748], [-91.3748, 17.1052], [-91.3609, 17.0959], [-91.3538, 17.1307], [-91.3213, 17.1259], [-91.3233, 17.1089], [-91.3049, 17.1123], [-91.3022, 17.1221], [-91.2785, 17.115], [-91.2823, 17.1063], [-91.2888, 17.1086], [-91.2978, 17.0983], [-91.3023, 17.1001], [-91.3017, 17.0892], [-91.3089, 17.0874], [-91.2994, 17.0775], [-91.3018, 17.067], [-91.2604, 17.103]]]}}, {"type": "Feature", "properties": {"osm_type": "relation", "osm_id": 361125138, "name": "Oxchuc", "admin_level": "6", "kind": "subdivision_2", "parent_osm_id": 2556679, "parent_name": "Chiapas", "parent_iso": "MX-CHP"}, "geometry": {"type": "Polygon", "coordinates": [[[-92.3521, 16.9006], [-92.3367, 16.8969], [-92.3387, 16.8859], [-92.3563, 16.8578], [-92.3627, 16.8545], [-92.387, 16.8513], [-92.4217, 16.8578], [-92.4456, 16.8691], [-92.4509, 16.8678], [-92.4566, 16.8555], [-92.4527, 16.8405], [-92.444, 16.8364], [-92.4457, 16.8234], [-92.4401, 16.8177], [-92.4233, 16.8192], [-92.3676, 16.8103], [-92.378, 16.7795], [-92.4081, 16.7699], [-92.3957, 16.7483], [-92.3835, 16.7482], [-92.3757, 16.7554], [-92.3782, 16.7504], [-92.336, 16.7457], [-92.3072, 16.716], [-92.2599, 16.7034], [-92.2543, 16.6884], [-92.2207, 16.6893], [-92.2205, 16.6971], [-92.1775, 16.6961], [-92.1655, 16.7003], [-92.1538, 16.7004], [-92.1453, 16.6921], [-92.138, 16.7003], [-92.1316, 16.6938], [-92.1205, 16.6938], [-92.0743, 16.6994], [-92.0687, 16.7048], [-92.1056, 16.7233], [-92.1322, 16.748], [-92.1334, 16.768], [-92.149, 16.7742], [-92.1478, 16.7791], [-92.1557, 16.7849], [-92.1678, 16.772], [-92.1723, 16.7724], [-92.1799, 16.7796], [-92.1668, 16.7871], [-92.1745, 16.7934], [-92.1922, 16.7947], [-92.1931, 16.785], [-92.2427, 16.7948], [-92.2338, 16.8053], [-92.2373, 16.8234], [-92.2514, 16.8299], [-92.2763, 16.8666], [-92.3034, 16.8849], [-92.2935, 16.8947], [-92.2968, 16.9008], [-92.3149, 16.9057], [-92.3521, 16.9006]]]}}, {"type": "Feature", "properties": {"osm_type": "relation", "osm_id": 426299299, "name": "Osumacinta", "admin_level": "6", "kind": "subdivision_2", "parent_osm_id": 2556679, "parent_name": "Chiapas", "parent_iso": "MX-CHP"}, "geometry": {"type": "Polygon", "coordinates": [[[-93.0249, 16.8921], [-93.0472, 16.9211], [-93.0454, 16.9315], [-93.0663, 16.9418], [-93.074, 16.9378], [-93.0829, 16.9545], [-93.093, 16.9555], [-93.096, 16.9453], [-93.1058, 16.9557], [-93.1009, 16.9424], [-93.1058, 16.9295], [-93.1146, 16.9294], [-93.1249, 16.9143], [-93.1236, 16.9338], [-93.118, 16.9405], [-93.1219, 16.9366], [-93.1199, 16.9418], [-93.1259, 16.9442], [-93.1498, 16.944], [-93.1492, 16.9347], [-93.1349, 16.9181], [-93.1351, 16.9104], [-93.1408, 16.9093], [-93.1075, 16.8807], [-93.1125, 16.8564], [-93.1089, 16.8449], [-93.0922, 16.8447], [-93.0904, 16.8366], [-93.0762, 16.8438], [-93.063, 16.8398], [-93.0563, 16.8444], [-93.0509, 16.8388], [-93.0456, 16.8472], [-93.0376, 16.8444], [-93.0393, 16.8502], [-93.0328, 16.8494], [-93.0203, 16.8708], [-93.0292, 16.8708], [-93.0351, 16.8635], [-93.054, 16.8749], [-93.0562, 16.8833], [-93.0336, 16.8857], [-93.0346, 16.8702], [-93.0304, 16.8892], [-93.0617, 16.896], [-93.0595, 16.9098], [-93.0378, 16.9065], [-93.0372, 16.8961], [-93.0249, 16.8921]]]}}, {"type": "Feature", "properties": {"osm_type": "relation", "osm_id": 156752554, "name": "Nicolás Ruíz", "admin_level": "6", "kind": "subdivision_2", "parent_osm_id": 2556679, "parent_name": "Chiapas", "parent_iso": "MX-CHP"}, "geometry": {"type": "Polygon", "coordinates": [[[-92.5954, 16.4739], [-92.6248, 16.4733], [-92.6214, 16.4665], [-92.6251, 16.4645], [-92.6089, 16.4402], [-92.6521, 16.4171], [-92.6514, 16.3998], [-92.6213, 16.4072], [-92.6007, 16.4267], [-92.5868, 16.4279], [-92.5758, 16.4356], [-92.5672, 16.4539], [-92.5804, 16.4477], [-92.5954, 16.4739]]]}}, {"type": "Feature", "properties": {"osm_type": "relation", "osm_id": 458794263, "name": "Motozintla", "admin_level": "6", "kind": "subdivision_2", "parent_osm_id": 2556679, "parent_name": "Chiapas", "parent_iso": "MX-CHP"}, "geometry": {"type": "Polygon", "coordinates": [[[-92.184, 15.2276], [-92.21, 15.2612], [-92.2173, 15.2623], [-92.2288, 15.2752], [-92.2358, 15.3056], [-92.2338, 15.3143], [-92.2232, 15.3144], [-92.2214, 15.2934], [-92.2134, 15.2985], [-92.2147, 15.3137], [-92.2059, 15.3128], [-92.1854, 15.3293], [-92.1914, 15.3428], [-92.2129, 15.3497], [-92.2164, 15.3694], [-92.2127, 15.3735], [-92.2224, 15.3809], [-92.2145, 15.4025], [-92.233, 15.3981], [-92.2381, 15.3896], [-92.2863, 15.41], [-92.3138, 15.4117], [-92.3873, 15.4462], [-92.4029, 15.4386], [-92.4254, 15.4394], [-92.4338, 15.4081], [-92.4338, 15.3869], [-92.4438, 15.3786], [-92.4443, 15.3658], [-92.4367, 15.362], [-92.4547, 15.3613], [-92.465, 15.337], [-92.4711, 15.337], [-92.4714, 15.3444], [-92.4817, 15.3392], [-92.4811, 15.3317], [-92.4594, 15.3287], [-92.4624, 15.3015], [-92.4551, 15.2985], [-92.4557, 15.29], [-92.4524, 15.2928], [-92.4491, 15.2871], [-92.4306, 15.2863], [-92.4253, 15.275], [-92.4504, 15.2596], [-92.4376, 15.2492], [-92.4551, 15.2446], [-92.4683, 15.229], [-92.4258, 15.2259], [-92.4213, 15.2337], [-92.4155, 15.2311], [-92.4196, 15.2248], [-92.4116, 15.224], [-92.4081, 15.2349], [-92.3936, 15.2206], [-92.3796, 15.2178], [-92.3703, 15.2039], [-92.3703, 15.1923], [-92.3608, 15.2011], [-92.3614, 15.2075], [-92.3518, 15.2102], [-92.3339, 15.2018], [-92.327, 15.2355], [-92.3058, 15.2288], [-92.3049, 15.2337], [-92.2762, 15.2189], [-92.2672, 15.1948], [-92.2928, 15.1976], [-92.2941, 15.1841], [-92.2896, 15.1847], [-92.2865, 15.1638], [-92.2768, 15.1771], [-92.2712, 15.1738], [-92.2678, 15.1838], [-92.2434, 15.1891], [-92.2344, 15.1989], [-92.2503, 15.2058], [-92.2466, 15.2123], [-92.2227, 15.2039], [-92.2051, 15.2123], [-92.1932, 15.2278], [-92.184, 15.2276]]]}}, {"type": "Feature", "properties": {"osm_type": "relation", "osm_id": 859118418, "name": "Mitontic", "admin_level": "6", "kind": "subdivision_2", "parent_osm_id": 2556679, "parent_name": "Chiapas", "parent_iso": "MX-CHP"}, "geometry": {"type": "Polygon", "coordinates": [[[-92.6357, 16.8769], [-92.639, 16.8621], [-92.6277, 16.857], [-92.6273, 16.877], [-92.6098, 16.8663], [-92.5683, 16.8542], [-92.5371, 16.8518], [-92.5305, 16.86], [-92.523, 16.8614], [-92.5252, 16.8713], [-92.516, 16.8871], [-92.5266, 16.9005], [-92.5412, 16.8923], [-92.563, 16.8944], [-92.5691, 16.901], [-92.6024, 16.8707], [-92.61, 16.8707], [-92.6245, 16.8804], [-92.6324, 16.8817], [-92.6357, 16.8769]]]}}, {"type": "Feature", "properties": {"osm_type": "relation", "osm_id": 846937409, "name": "Mazatán", "admin_level": "6", "kind": "subdivision_2", "parent_osm_id": 2556679, "parent_name": "Chiapas", "parent_iso": "MX-CHP"}, "geometry": {"type": "Polygon", "coordinates": [[[-92.4303, 14.9534], [-92.4359, 14.9595], [-92.4679, 14.9323], [-92.4775, 14.956], [-92.4861, 14.9497], [-92.4947, 14.966], [-92.5049, 14.9566], [-92.5062, 14.948], [-92.5123, 14.9593], [-92.5292, 14.9644], [-92.5393, 14.9543], [-92.5635, 14.9561], [-92.5567, 14.9923], [-92.5599, 15.0002], [-92.6037, 14.9567], [-92.6035, 14.9516], [-92.6374, 14.9529], [-92.6456, 14.9622], [-92.6518, 14.9558], [-92.6655, 14.9705], [-92.6761, 14.9731], [-92.5159, 14.805], [-92.4664, 14.7575], [-92.462, 14.7613], [-92.4553, 14.7551], [-92.4391, 14.7608], [-92.435, 14.7788], [-92.4259, 14.7804], [-92.4328, 14.7837], [-92.4215, 14.7838], [-92.4103, 14.7924], [-92.417, 14.8001], [-92.3961, 14.8108], [-92.3917, 14.8055], [-92.3856, 14.8099], [-92.3986, 14.8351], [-92.3979, 14.8547], [-92.3857, 14.8679], [-92.3875, 14.9074], [-92.4162, 14.9232], [-92.4303, 14.9534]]]}}, {"type": "Feature", "properties": {"osm_type": "relation", "osm_id": 925358970, "name": "Mazapa de Madero", "admin_level": "6", "kind": "subdivision_2", "parent_osm_id": 2556679, "parent_name": "Chiapas", "parent_iso": "MX-CHP"}, "geometry": {"type": "Polygon", "coordinates": [[[-92.2038, 15.4552], [-92.2156, 15.395], [-92.2213, 15.3917], [-92.2224, 15.3809], [-92.2127, 15.3735], [-92.2164, 15.3694], [-92.2129, 15.3497], [-92.1914, 15.3428], [-92.1854, 15.3293], [-92.2059, 15.3128], [-92.2147, 15.3137], [-92.2134, 15.2985], [-92.2214, 15.2934], [-92.2232, 15.3144], [-92.2338, 15.3143], [-92.2358, 15.3056], [-92.2288, 15.2752], [-92.2173, 15.2623], [-92.21, 15.2612], [-92.1287, 15.3999], [-92.1437, 15.4054], [-92.1502, 15.4156], [-92.145, 15.4188], [-92.154, 15.4284], [-92.1617, 15.4493], [-92.2038, 15.4552]]]}}, {"type": "Feature", "properties": {"osm_type": "relation", "osm_id": 693474961, "name": "Las Margaritas", "admin_level": "6", "kind": "subdivision_2", "parent_osm_id": 2556679, "parent_name": "Chiapas", "parent_iso": "MX-CHP"}, "geometry": {"type": "Polygon", "coordinates": [[[-91.3818, 16.0743], [-91.2967, 16.0744], [-91.3048, 16.1078], [-91.3107, 16.1072], [-91.3277, 16.1204], [-91.3398, 16.1151], [-91.3459, 16.1238], [-91.3399, 16.1255], [-91.3556, 16.1474], [-91.3404, 16.1678], [-91.3503, 16.1863], [-91.3407, 16.2026], [-91.3684, 16.2005], [-91.3794, 16.2085], [-91.3908, 16.228], [-91.3854, 16.2307], [-91.39, 16.2596], [-91.373, 16.2449], [-91.3573, 16.2901], [-91.3119, 16.3133], [-91.3024, 16.3135], [-91.3004, 16.3183], [-91.319, 16.3197], [-91.3213, 16.325], [-91.3281, 16.3223], [-91.3252, 16.3281], [-91.3302, 16.3336], [-91.3334, 16.327], [-91.3417, 16.3325], [-91.3292, 16.3368], [-91.3319, 16.3415], [-91.3272, 16.3697], [-91.3376, 16.3726], [-91.3307, 16.381], [-91.3439, 16.3799], [-91.3354, 16.3847], [-91.3411, 16.3898], [-91.3361, 16.4069], [-91.3422, 16.4027], [-91.3625, 16.4032], [-91.3891, 16.3873], [-91.3968, 16.3972], [-91.4011, 16.3945], [-91.4115, 16.4091], [-91.4211, 16.4038], [-91.4359, 16.4235], [-91.4209, 16.4432], [-91.4455, 16.4624], [-91.4331, 16.4881], [-91.4552, 16.5136], [-91.4723, 16.5163], [-91.4867, 16.5256], [-91.4908, 16.522], [-91.4865, 16.5137], [-91.4893, 16.5097], [-91.5071, 16.4967], [-91.534, 16.5123], [-91.578, 16.4872], [-91.5849, 16.4968], [-91.5782, 16.5093], [-91.5921, 16.5393], [-91.6035, 16.5341], [-91.6103, 16.5401], [-91.6172, 16.5241], [-91.6531, 16.5362], [-91.6608, 16.5452], [-91.6591, 16.549], [-91.6668, 16.553], [-91.6741, 16.5787], [-91.6963, 16.5679], [-91.6876, 16.5521], [-91.7002, 16.5347], [-91.6973, 16.5253], [-91.7281, 16.5104], [-91.7437, 16.5133], [-91.7462, 16.4993], [-91.7603, 16.5], [-91.7669, 16.494], [-91.7741, 16.5084], [-91.7846, 16.513], [-91.7661, 16.5301], [-91.7883, 16.5521], [-91.8232, 16.5543], [-91.8281, 16.5494], [-91.8194, 16.5517], [-91.8296, 16.5363], [-91.8584, 16.5667], [-91.9199, 16.5491], [-91.9239, 16.6003], [-92.0004, 16.5937], [-92.0196, 16.6611], [-92.025, 16.6569], [-92.033, 16.674], [-92.0429, 16.663], [-92.0644, 16.6586], [-92.0983, 16.6692], [-92.1159, 16.667], [-92.1449, 16.6439], [-92.1532, 16.632], [-92.1468, 16.5938], [-92.1534, 16.5673], [-92.1517, 16.548], [-92.171, 16.4975], [-92.1787, 16.4934], [-92.1827, 16.4523], [-92.158, 16.4537], [-92.159, 16.4228], [-92.1553, 16.4161], [-92.1756, 16.4123], [-92.1683, 16.402], [-92.1543, 16.4075], [-92.1535, 16.4132], [-92.1325, 16.4108], [-92.1318, 16.4252], [-92.1169, 16.4217], [-92.1194, 16.3958], [-92.1138, 16.3898], [-92.1074, 16.3955], [-92.0926, 16.3964], [-92.0785, 16.3817], [-92.0831, 16.3783], [-92.0827, 16.3708], [-92.0643, 16.3679], [-92.0624, 16.3637], [-92.066, 16.3628], [-92.0516, 16.3533], [-92.0517, 16.346], [-92.0582, 16.3428], [-92.0544, 16.3368], [-92.045, 16.3321], [-92.0245, 16.3411], [-92.0451, 16.3227], [-92.0485, 16.3241], [-92.0611, 16.2967], [-92.0566, 16.2926], [-92.0452, 16.2981], [-92.0483, 16.2946], [-92.0287, 16.2889], [-92.0137, 16.268], [-92.0147, 16.2771], [-91.9863, 16.2846], [-91.9798, 16.2988], [-91.9654, 16.3057], [-91.9597, 16.2988], [-91.9671, 16.2947], [-91.9583, 16.262], [-91.9239, 16.267], [-91.9178, 16.2662], [-91.911, 16.2575], [-91.9001, 16.2692], [-91.8918, 16.2623], [-91.8714, 16.2612], [-91.8568, 16.2551], [-91.8596, 16.2462], [-91.8493, 16.2371], [-91.853, 16.2272], [-91.8304, 16.2231], [-91.8167, 16.2364], [-91.8185, 16.2422], [-91.7825, 16.2105], [-91.7676, 16.2178], [-91.7656, 16.2123], [-91.7456, 16.2222], [-91.7399, 16.2437], [-91.7294, 16.25], [-91.7415, 16.2573], [-91.7304, 16.2668], [-91.7064, 16.2655], [-91.6821, 16.2765], [-91.68, 16.2735], [-91.6896, 16.2677], [-91.6751, 16.2619], [-91.67, 16.2527], [-91.6593, 16.253], [-91.6488, 16.2604], [-91.6431, 16.2536], [-91.6312, 16.2529], [-91.6311, 16.2379], [-91.6202, 16.2172], [-91.6332, 16.2143], [-91.6071, 16.2142], [-91.606, 16.2036], [-91.5961, 16.2116], [-91.5622, 16.1866], [-91.5559, 16.2013], [-91.55, 16.1979], [-91.5562, 16.1865], [-91.5448, 16.1792], [-91.5409, 16.1835], [-91.5213, 16.1709], [-91.5168, 16.173], [-91.5, 16.1503], [-91.5182, 16.1425], [-91.5012, 16.1371], [-91.5044, 16.1319], [-91.4959, 16.1288], [-91.4939, 16.118], [-91.481, 16.1174], [-91.4761, 16.1099], [-91.476, 16.0959], [-91.4429, 16.0961], [-91.4471, 16.1085], [-91.4371, 16.1134], [-91.4293, 16.1115], [-91.4234, 16.1175], [-91.3998, 16.1153], [-91.4079, 16.107], [-91.3818, 16.0743]]]}}, {"type": "Feature", "properties": {"osm_type": "relation", "osm_id": 941257768, "name": "Mapastepec", "admin_level": "6", "kind": "subdivision_2", "parent_osm_id": 2556679, "parent_name": "Chiapas", "parent_iso": "MX-CHP"}, "geometry": {"type": "Polygon", "coordinates": [[[-92.7738, 15.4117], [-92.7753, 15.419], [-92.7702, 15.4272], [-92.7487, 15.4288], [-92.7538, 15.4349], [-92.7569, 15.43], [-92.769, 15.4328], [-92.7572, 15.4579], [-92.7469, 15.4607], [-92.7438, 15.4551], [-92.7345, 15.46], [-92.7309, 15.4678], [-92.7208, 15.4657], [-92.7176, 15.4754], [-92.692, 15.4827], [-92.6998, 15.4981], [-92.6967, 15.5177], [-92.6726, 15.6065], [-92.6598, 15.6104], [-92.6667, 15.6143], [-92.6999, 15.6019], [-92.7385, 15.6164], [-92.7638, 15.615], [-92.7666, 15.6474], [-92.7823, 15.6417], [-92.7948, 15.6548], [-92.8174, 15.6588], [-92.8243, 15.6665], [-92.8359, 15.6691], [-92.8446, 15.6645], [-92.873, 15.6728], [-92.878, 15.6717], [-92.87, 15.6673], [-92.8665, 15.6552], [-92.8414, 15.6324], [-92.8697, 15.6438], [-92.874, 15.6372], [-92.9285, 15.6384], [-92.928, 15.6096], [-92.9191, 15.5948], [-92.9195, 15.5798], [-92.9301, 15.5858], [-92.9304, 15.5915], [-92.9219, 15.5915], [-92.9566, 15.6052], [-92.9566, 15.6136], [-92.9716, 15.6058], [-92.9651, 15.5889], [-92.9684, 15.5106], [-93.0094, 15.4865], [-93.0652, 15.5143], [-93.1094, 15.4862], [-93.1092, 15.4731], [-93.0981, 15.462], [-93.0611, 15.4503], [-93.0821, 15.4376], [-93.0772, 15.4326], [-93.0875, 15.4232], [-93.0938, 15.4297], [-93.1237, 15.4091], [-92.931, 15.2313], [-92.9232, 15.2468], [-92.888, 15.2213], [-92.8846, 15.2226], [-92.9108, 15.2489], [-92.9003, 15.2487], [-92.8885, 15.2323], [-92.8938, 15.2486], [-92.8854, 15.2508], [-92.8947, 15.2587], [-92.8847, 15.2526], [-92.8783, 15.2587], [-92.8857, 15.266], [-92.8813, 15.2704], [-92.8717, 15.2616], [-92.8524, 15.2821], [-92.84, 15.3222], [-92.8101, 15.3464], [-92.8028, 15.3936], [-92.8148, 15.3996], [-92.812, 15.4035], [-92.7854, 15.3893], [-92.7747, 15.4004], [-92.7738, 15.4117]]]}}, {"type": "Feature", "properties": {"osm_type": "relation", "osm_id": 878927048, "name": "Larráinzar", "admin_level": "6", "kind": "subdivision_2", "parent_osm_id": 2556679, "parent_name": "Chiapas", "parent_iso": "MX-CHP"}, "geometry": {"type": "Polygon", "coordinates": [[[-92.7099, 16.9823], [-92.7239, 16.9887], [-92.7351, 16.9844], [-92.7427, 16.9565], [-92.76, 16.9538], [-92.7717, 16.9723], [-92.763, 16.9762], [-92.7609, 16.9827], [-92.7679, 16.9887], [-92.7788, 16.9863], [-92.7853, 16.965], [-92.7913, 16.9661], [-92.8044, 16.9849], [-92.8156, 16.9857], [-92.8088, 16.9908], [-92.8252, 16.9983], [-92.8374, 16.9923], [-92.8494, 16.9742], [-92.8378, 16.9613], [-92.8513, 16.9307], [-92.8399, 16.9202], [-92.8426, 16.9134], [-92.8304, 16.9114], [-92.7786, 16.8657], [-92.7711, 16.863], [-92.7654, 16.8668], [-92.7637, 16.8602], [-92.7541, 16.8576], [-92.7458, 16.8671], [-92.7391, 16.8579], [-92.6968, 16.8773], [-92.6946, 16.8856], [-92.6988, 16.8935], [-92.6915, 16.8979], [-92.6952, 16.9053], [-92.7191, 16.9082], [-92.7258, 16.9286], [-92.7433, 16.9366], [-92.7421, 16.9477], [-92.7264, 16.9595], [-92.7375, 16.9696], [-92.7142, 16.9809], [-92.7143, 16.9725], [-92.7099, 16.9823]]]}}, {"type": "Feature", "properties": {"osm_type": "relation", "osm_id": 154949593, "name": "Jitotol", "admin_level": "6", "kind": "subdivision_2", "parent_osm_id": 2556679, "parent_name": "Chiapas", "parent_iso": "MX-CHP"}, "geometry": {"type": "Polygon", "coordinates": [[[-92.7609, 17.0952], [-92.7571, 17.1062], [-92.7619, 17.1151], [-92.8049, 17.1222], [-92.8057, 17.1274], [-92.8116, 17.1285], [-92.8115, 17.123], [-92.8238, 17.1269], [-92.8284, 17.1226], [-92.8399, 17.1462], [-92.8633, 17.139], [-92.8729, 17.1404], [-92.8761, 17.1488], [-92.8955, 17.1468], [-92.8992, 17.136], [-92.911, 17.1346], [-92.9397, 17.1452], [-92.9403, 17.1602], [-92.9661, 17.1718], [-92.9701, 17.1606], [-92.9817, 17.1626], [-92.988, 17.1421], [-92.9746, 17.138], [-92.9671, 17.1293], [-92.9686, 17.1214], [-92.9618, 17.1199], [-92.9609, 17.1264], [-92.9412, 17.1158], [-92.9518, 17.1048], [-92.9631, 17.103], [-92.969, 17.0923], [-92.9652, 17.0857], [-92.9883, 17.079], [-92.9894, 17.0631], [-92.9945, 17.0608], [-92.9412, 17.0426], [-92.9539, 17.0585], [-92.9372, 17.0958], [-92.9296, 17.1], [-92.9283, 17.0596], [-92.9323, 17.0551], [-92.9256, 17.0444], [-92.909, 17.0352], [-92.9108, 17.029], [-92.9036, 17.0267], [-92.9022, 17.0333], [-92.8766, 17.0379], [-92.8642, 17.0566], [-92.8559, 17.0493], [-92.8623, 17.0294], [-92.8521, 17.0246], [-92.8578, 17.0209], [-92.8528, 17.0141], [-92.8348, 17.0157], [-92.8296, 17.0067], [-92.8097, 17.0221], [-92.8169, 17.0445], [-92.824, 17.0521], [-92.807, 17.0535], [-92.7997, 17.0467], [-92.7847, 17.0467], [-92.7623, 17.0809], [-92.7609, 17.0952]]]}}, {"type": "Feature", "properties": {"osm_type": "relation", "osm_id": 405472625, "name": "Ixtapangajoya", "admin_level": "6", "kind": "subdivision_2", "parent_osm_id": 2556679, "parent_name": "Chiapas", "parent_iso": "MX-CHP"}, "geometry": {"type": "Polygon", "coordinates": [[[-93.04, 17.4791], [-93.0298, 17.4898], [-93.0181, 17.4553], [-92.9963, 17.4519], [-92.996, 17.445], [-92.9895, 17.4461], [-92.9708, 17.4176], [-92.9538, 17.4017], [-92.9463, 17.4014], [-92.9461, 17.3846], [-92.9575, 17.3765], [-92.9493, 17.3667], [-92.9483, 17.3712], [-92.9424, 17.3679], [-92.9296, 17.3715], [-92.9346, 17.4062], [-92.9242, 17.4059], [-92.9135, 17.4137], [-92.9316, 17.4281], [-92.934, 17.4393], [-92.9502, 17.4441], [-92.9383, 17.4601], [-92.9346, 17.4797], [-92.9206, 17.5027], [-92.9394, 17.5023], [-92.9481, 17.4827], [-92.9581, 17.492], [-92.968, 17.518], [-92.9751, 17.5186], [-92.9849, 17.5113], [-92.983, 17.5189], [-92.9926, 17.53], [-92.9798, 17.5361], [-92.9884, 17.5414], [-92.9883, 17.55], [-93.0043, 17.5552], [-93.0047, 17.5313], [-93.0173, 17.5337], [-93.017, 17.5218], [-93.0279, 17.5146], [-93.0274, 17.4952], [-93.0531, 17.4953], [-93.0387, 17.4863], [-93.04, 17.4791]]]}}, {"type": "Feature", "properties": {"osm_type": "relation", "osm_id": 109334089, "name": "Ixtapa", "admin_level": "6", "kind": "subdivision_2", "parent_osm_id": 2556679, "parent_name": "Chiapas", "parent_iso": "MX-CHP"}, "geometry": {"type": "Polygon", "coordinates": [[[-92.8625, 16.6867], [-92.8507, 16.7115], [-92.8611, 16.7165], [-92.8675, 16.7262], [-92.8649, 16.7315], [-92.881, 16.7433], [-92.8713, 16.7425], [-92.8609, 16.7497], [-92.8488, 16.7638], [-92.8457, 16.7778], [-92.8244, 16.7705], [-92.8165, 16.7708], [-92.8114, 16.7773], [-92.826, 16.7845], [-92.8184, 16.7892], [-92.8279, 16.7923], [-92.8127, 16.8107], [-92.8154, 16.8427], [-92.8206, 16.8479], [-92.8243, 16.8387], [-92.8311, 16.8511], [-92.8206, 16.8792], [-92.8565, 16.8791], [-92.8562, 16.8903], [-92.8258, 16.8901], [-92.8145, 16.8946], [-92.8304, 16.9114], [-92.8426, 16.9134], [-92.8399, 16.9202], [-92.8513, 16.9307], [-92.8675, 16.9169], [-92.9009, 16.906], [-92.9077, 16.8936], [-92.8957, 16.8857], [-92.9131, 16.8736], [-92.9221, 16.8696], [-92.9424, 16.8794], [-92.9583, 16.8683], [-92.9507, 16.859], [-92.9651, 16.8689], [-92.9809, 16.8631], [-92.973, 16.8557], [-92.9743, 16.8508], [-92.9611, 16.8406], [-92.9731, 16.8367], [-92.9763, 16.8262], [-92.9862, 16.8266], [-92.9797, 16.8029], [-93.0054, 16.7939], [-93.0121, 16.7989], [-93.0161, 16.7757], [-93.0055, 16.7765], [-93.0206, 16.7715], [-93.0129, 16.7634], [-92.9947, 16.7734], [-92.9959, 16.7822], [-92.9868, 16.7848], [-92.9885, 16.7653], [-92.9761, 16.7618], [-92.9755, 16.7681], [-92.9631, 16.7627], [-92.9551, 16.7651], [-92.9344, 16.7539], [-92.9139, 16.7495], [-92.8968, 16.7386], [-92.9104, 16.7173], [-92.9024, 16.714], [-92.8884, 16.7341], [-92.8832, 16.7322], [-92.889, 16.7141], [-92.8704, 16.719], [-92.8666, 16.7046], [-92.8724, 16.6956], [-92.88, 16.7032], [-92.8839, 16.697], [-92.8625, 16.6867]]]}}, {"type": "Feature", "properties": {"osm_type": "relation", "osm_id": 707971516, "name": "Tila", "admin_level": "6", "kind": "subdivision_2", "parent_osm_id": 2556679, "parent_name": "Chiapas", "parent_iso": "MX-CHP"}, "geometry": {"type": "Polygon", "coordinates": [[[-92.3633, 17.2191], [-92.3791, 17.2538], [-92.3763, 17.2981], [-92.4019, 17.3007], [-92.3989, 17.362], [-92.4032, 17.3681], [-92.4026, 17.381], [-92.3922, 17.3823], [-92.4027, 17.424], [-92.3828, 17.4339], [-92.3881, 17.4561], [-92.3712, 17.4598], [-92.3503, 17.4413], [-92.3314, 17.4584], [-92.3341, 17.4706], [-92.3612, 17.4899], [-92.3759, 17.4869], [-92.3819, 17.5046], [-92.3908, 17.506], [-92.39, 17.5233], [-92.4221, 17.5076], [-92.4808, 17.5188], [-92.4889, 17.5249], [-92.489, 17.531], [-92.4855, 17.5319], [-92.4795, 17.5749], [-92.52, 17.573], [-92.5301, 17.55], [-92.5579, 17.5402], [-92.5714, 17.5496], [-92.597, 17.5204], [-92.5923, 17.5096], [-92.5999, 17.5008], [-92.5941, 17.493], [-92.6058, 17.4774], [-92.6243, 17.4659], [-92.6489, 17.4607], [-92.6593, 17.4446], [-92.6487, 17.4361], [-92.6301, 17.4463], [-92.6189, 17.4245], [-92.6071, 17.4231], [-92.5999, 17.4127], [-92.5869, 17.3611], [-92.6007, 17.3588], [-92.6107, 17.3477], [-92.5932, 17.3307], [-92.5825, 17.31], [-92.5571, 17.2953], [-92.5589, 17.31], [-92.5446, 17.311], [-92.5395, 17.2929], [-92.5426, 17.2881], [-92.5376, 17.2914], [-92.5199, 17.2739], [-92.5114, 17.2718], [-92.5149, 17.2226], [-92.5306, 17.1932], [-92.4848, 17.1787], [-92.4739, 17.1686], [-92.4403, 17.1657], [-92.4346, 17.1701], [-92.4432, 17.1782], [-92.439, 17.1826], [-92.4298, 17.1784], [-92.4306, 17.1839], [-92.4178, 17.1968], [-92.4109, 17.193], [-92.4034, 17.1975], [-92.3956, 17.1951], [-92.3917, 17.201], [-92.3809, 17.1989], [-92.3733, 17.2129], [-92.3633, 17.2191]]]}}, {"type": "Feature", "properties": {"osm_type": "relation", "osm_id": 719682914, "name": "Soyaló", "admin_level": "6", "kind": "subdivision_2", "parent_osm_id": 2556679, "parent_name": "Chiapas", "parent_iso": "MX-CHP"}, "geometry": {"type": "Polygon", "coordinates": [[[-92.9351, 16.8754], [-92.9221, 16.8696], [-92.8957, 16.8857], [-92.9077, 16.8936], [-92.9009, 16.906], [-92.9398, 16.9076], [-92.9434, 16.9234], [-92.9544, 16.929], [-92.9441, 16.9428], [-92.9753, 16.9597], [-93.0088, 16.9701], [-93.0309, 16.9693], [-93.0574, 16.9814], [-93.0607, 16.9789], [-93.0408, 16.9594], [-93.0541, 16.9595], [-93.0578, 16.9532], [-93.055, 16.9475], [-93.0654, 16.9496], [-93.0663, 16.9418], [-93.0454, 16.9315], [-93.0472, 16.9211], [-93.0229, 16.8898], [-92.9914, 16.9103], [-92.941, 16.8826], [-92.9351, 16.8754]]]}}, {"type": "Feature", "properties": {"osm_type": "relation", "osm_id": 467743455, "name": "Jiquipilas", "admin_level": "6", "kind": "subdivision_2", "parent_osm_id": 2556679, "parent_name": "Chiapas", "parent_iso": "MX-CHP"}, "geometry": {"type": "Polygon", "coordinates": [[[-93.7475, 16.3145], [-93.7196, 16.3074], [-93.7078, 16.3128], [-93.6896, 16.2966], [-93.6866, 16.3123], [-93.6739, 16.3244], [-93.6496, 16.3069], [-93.6492, 16.3352], [-93.6437, 16.34], [-93.6492, 16.3426], [-93.6468, 16.3502], [-93.6366, 16.3667], [-93.6159, 16.3721], [-93.6096, 16.3978], [-93.5964, 16.4045], [-93.5728, 16.3981], [-93.5679, 16.4022], [-93.5557, 16.4011], [-93.5758, 16.4348], [-93.5592, 16.4326], [-93.5626, 16.4386], [-93.5485, 16.4378], [-93.5474, 16.4309], [-93.5464, 16.4376], [-93.5403, 16.4355], [-93.5127, 16.4474], [-93.5109, 16.4622], [-93.5259, 16.4696], [-93.527, 16.4961], [-93.5206, 16.4882], [-93.518, 16.5216], [-93.5253, 16.5323], [-93.5172, 16.5309], [-93.4944, 16.5423], [-93.4872, 16.5593], [-93.496, 16.5615], [-93.4915, 16.5721], [-93.4949, 16.5767], [-93.4905, 16.5768], [-93.4909, 16.5895], [-93.4825, 16.6052], [-93.5124, 16.6305], [-93.5151, 16.6287], [-93.519, 16.6337], [-93.5145, 16.6405], [-93.5259, 16.6508], [-93.5344, 16.6465], [-93.5283, 16.6708], [-93.5495, 16.6737], [-93.5504, 16.679], [-93.5638, 16.6866], [-93.5579, 16.7029], [-93.5433, 16.7156], [-93.5448, 16.7283], [-93.5379, 16.7278], [-93.5323, 16.7418], [-93.5284, 16.742], [-93.5252, 16.7621], [-93.542, 16.7786], [-93.5395, 16.8018], [-93.5284, 16.809], [-93.5329, 16.8208], [-93.5312, 16.8327], [-93.5413, 16.8314], [-93.5395, 16.8406], [-93.5449, 16.8502], [-93.5632, 16.851], [-93.5619, 16.8453], [-93.5553, 16.8468], [-93.5878, 16.8199], [-93.5825, 16.8188], [-93.5825, 16.8145], [-93.5899, 16.8011], [-93.6454, 16.7931], [-93.6429, 16.7508], [-93.6599, 16.7396], [-93.6668, 16.7088], [-93.6715, 16.706], [-93.6696, 16.6965], [-93.6804, 16.696], [-93.6687, 16.6877], [-93.687, 16.691], [-93.69, 16.6602], [-93.6977, 16.6466], [-93.6951, 16.6207], [-93.701, 16.6229], [-93.7058, 16.6039], [-93.7138, 16.5987], [-93.7172, 16.5677], [-93.7352, 16.5717], [-93.7361, 16.5668], [-93.7414, 16.5695], [-93.7445, 16.5652], [-93.7532, 16.5474], [-93.7456, 16.5296], [-93.7581, 16.504], [-93.8076, 16.4997], [-93.8336, 16.4754], [-93.8459, 16.4859], [-93.8602, 16.4869], [-93.8738, 16.4732], [-93.8706, 16.4596], [-93.8883, 16.4434], [-93.931, 16.4423], [-93.9388, 16.4185], [-93.9373, 16.4102], [-93.9236, 16.4065], [-93.9247, 16.4009], [-93.9393, 16.3981], [-93.9262, 16.3921], [-93.9209, 16.3774], [-93.9366, 16.3693], [-93.9449, 16.374], [-93.9465, 16.3687], [-93.9267, 16.3615], [-93.929, 16.3562], [-93.9036, 16.3555], [-93.9046, 16.3518], [-93.8965, 16.3518], [-93.8994, 16.3484], [-93.8666, 16.3443], [-93.846, 16.3314], [-93.8525, 16.3275], [-93.8446, 16.3215], [-93.8323, 16.3268], [-93.8352, 16.3307], [-93.8174, 16.3508], [-93.8205, 16.3458], [-93.8146, 16.3436], [-93.7924, 16.3446], [-93.7519, 16.3271], [-93.7475, 16.3145]]]}}, {"type": "Feature", "properties": {"osm_type": "relation", "osm_id": 738714132, "name": "La Grandeza", "admin_level": "6", "kind": "subdivision_2", "parent_osm_id": 2556679, "parent_name": "Chiapas", "parent_iso": "MX-CHP"}, "geometry": {"type": "Polygon", "coordinates": [[[-92.1858, 15.5504], [-92.2162, 15.5583], [-92.2507, 15.5593], [-92.2339, 15.5068], [-92.2372, 15.4873], [-92.2509, 15.4684], [-92.2065, 15.4599], [-92.1858, 15.5504]]]}}, {"type": "Feature", "properties": {"osm_type": "relation", "osm_id": 148541099, "name": "Bella Vista", "admin_level": "6", "kind": "subdivision_2", "parent_osm_id": 2556679, "parent_name": "Chiapas", "parent_iso": "MX-CHP"}, "geometry": {"type": "Polygon", "coordinates": [[[-92.2258, 15.6959], [-92.2439, 15.6952], [-92.2599, 15.6786], [-92.2602, 15.6623], [-92.2809, 15.6768], [-92.2841, 15.6839], [-92.3076, 15.6766], [-92.3086, 15.6797], [-92.3182, 15.6606], [-92.3233, 15.6593], [-92.3139, 15.636], [-92.322, 15.5889], [-92.3047, 15.5632], [-92.2757, 15.5491], [-92.2507, 15.5593], [-92.2162, 15.5583], [-92.1883, 15.5484], [-92.182, 15.5546], [-92.2, 15.5681], [-92.1971, 15.5877], [-92.1602, 15.5835], [-92.1524, 15.609], [-92.1459, 15.6157], [-92.1522, 15.637], [-92.1711, 15.6404], [-92.1677, 15.6472], [-92.1786, 15.6469], [-92.188, 15.6572], [-92.1848, 15.6634], [-92.2258, 15.6959]]]}}, {"type": "Feature", "properties": {"osm_type": "relation", "osm_id": 158543518, "name": "Ocozocoautla de Espinosa", "admin_level": "6", "kind": "subdivision_2", "parent_osm_id": 2556679, "parent_name": "Chiapas", "parent_iso": "MX-CHP"}, "geometry": {"type": "Polygon", "coordinates": [[[-93.2427, 16.747], [-93.2474, 16.7462], [-93.2496, 16.7389], [-93.2559, 16.7389], [-93.2553, 16.73], [-93.2726, 16.7351], [-93.27, 16.7309], [-93.2751, 16.7171], [-93.3183, 16.7283], [-93.317, 16.7449], [-93.3115, 16.7489], [-93.3185, 16.7489], [-93.3235, 16.7582], [-93.3144, 16.7659], [-93.314, 16.779], [-93.3099, 16.7826], [-93.3263, 16.7964], [-93.3631, 16.7922], [-93.3685, 16.788], [-93.3757, 16.7936], [-93.369, 16.8136], [-93.3901, 16.8521], [-93.3983, 16.8622], [-93.4054, 16.8627], [-93.3997, 16.897], [-93.4147, 16.8969], [-93.4146, 16.8862], [-93.423, 16.886], [-93.4307, 16.892], [-93.4307, 16.9019], [-93.3883, 16.9017], [-93.3881, 16.9062], [-93.3747, 16.9138], [-93.3817, 16.9243], [-93.3708, 16.9328], [-93.378, 16.9479], [-93.3719, 16.9523], [-93.3805, 16.965], [-93.3941, 16.9673], [-93.3985, 16.973], [-93.398, 16.9793], [-93.3884, 16.9818], [-93.386, 16.9897], [-93.4074, 16.995], [-93.4157, 17.0105], [-93.408, 17.0234], [-93.408, 17.0179], [-93.3979, 17.0205], [-93.3987, 17.0281], [-93.4069, 17.0329], [-93.4116, 17.029], [-93.4145, 17.0336], [-93.4195, 17.0296], [-93.4308, 17.0325], [-93.4237, 17.0452], [-93.4537, 17.0628], [-93.4749, 17.093], [-93.4899, 17.1006], [-93.5105, 17.1237], [-93.5358, 17.1124], [-93.5497, 17.1091], [-93.5529, 17.1144], [-93.5602, 17.1086], [-93.5642, 17.1179], [-93.5855, 17.1275], [-93.5927, 17.123], [-93.5948, 17.1271], [-93.591, 17.1299], [-93.6008, 17.134], [-93.6047, 17.1298], [-93.6128, 17.1394], [-93.6213, 17.1371], [-93.6198, 17.1428], [-93.6291, 17.1437], [-93.6249, 17.1401], [-93.6321, 17.1365], [-93.6324, 17.1436], [-93.6372, 17.14], [-93.6592, 17.1435], [-93.6657, 17.1542], [-93.6877, 17.1529], [-93.6898, 17.1572], [-93.6911, 17.1516], [-93.6993, 17.1507], [-93.6957, 17.1524], [-93.7035, 17.1611], [-93.7088, 17.1554], [-93.7106, 17.1416], [-93.6976, 17.1378], [-93.7001, 17.1309], [-93.6837, 17.1261], [-93.6892, 17.1097], [-93.7053, 17.1146], [-93.7139, 17.0883], [-93.7293, 17.0921], [-93.7361, 17.0763], [-93.7531, 17.0881], [-93.7449, 17.1066], [-93.7555, 17.0944], [-93.7817, 17.1073], [-93.8129, 17.1146], [-93.8197, 17.1072], [-93.8179, 17.1121], [-93.8243, 17.1122], [-93.8291, 17.1246], [-93.8399, 17.1205], [-93.8324, 17.1197], [-93.8358, 17.1152], [-93.8422, 17.1174], [-93.8538, 17.1066], [-93.8618, 17.1085], [-93.8661, 17.062], [-93.836, 17.0533], [-93.8055, 17.0245], [-93.7874, 17.0216], [-93.7836, 17.0143], [-93.7734, 17.0095], [-93.7597, 16.9888], [-93.7661, 16.981], [-93.7586, 16.9771], [-93.753, 16.9798], [-93.7322, 16.9401], [-93.7247, 16.9521], [-93.7148, 16.9497], [-93.7153, 16.9411], [-93.7047, 16.9453], [-93.6968, 16.9354], [-93.6974, 16.9292], [-93.6777, 16.937], [-93.6735, 16.9277], [-93.6716, 16.9339], [-93.6653, 16.9245], [-93.6607, 16.9284], [-93.6546, 16.9221], [-93.6543, 16.9083], [-93.6466, 16.911], [-93.6421, 16.8999], [-93.6417, 16.9057], [-93.6351, 16.9074], [-93.607, 16.8972], [-93.5859, 16.8704], [-93.5699, 16.8616], [-93.5632, 16.851], [-93.5449, 16.8502], [-93.5395, 16.8406], [-93.5413, 16.8314], [-93.5312, 16.8327], [-93.5329, 16.8208], [-93.5284, 16.809], [-93.5395, 16.8018], [-93.542, 16.7786], [-93.5252, 16.7621], [-93.5284, 16.742], [-93.5323, 16.7418], [-93.5379, 16.7278], [-93.5448, 16.7283], [-93.5433, 16.7156], [-93.5579, 16.7029], [-93.5638, 16.6866], [-93.5504, 16.679], [-93.5495, 16.6737], [-93.5283, 16.6708], [-93.5344, 16.6465], [-93.5259, 16.6508], [-93.5145, 16.6405], [-93.519, 16.6337], [-93.5151, 16.6287], [-93.5124, 16.6305], [-93.4825, 16.6052], [-93.4909, 16.5895], [-93.4905, 16.5768], [-93.4949, 16.5767], [-93.4915, 16.5721], [-93.496, 16.5615], [-93.4872, 16.5593], [-93.4944, 16.5423], [-93.5172, 16.5309], [-93.5253, 16.5323], [-93.518, 16.5216], [-93.5206, 16.4882], [-93.527, 16.4961], [-93.5259, 16.4696], [-93.5109, 16.4622], [-93.4997, 16.4625], [-93.4974, 16.4521], [-93.4892, 16.4599], [-93.4741, 16.4519], [-93.473, 16.4318], [-93.4671, 16.4289], [-93.459, 16.4375], [-93.4687, 16.4742], [-93.4253, 16.4959], [-93.3943, 16.5008], [-93.3237, 16.4936], [-93.2922, 16.5027], [-93.2905, 16.4982], [-93.2805, 16.5115], [-93.2819, 16.5186], [-93.2784, 16.5176], [-93.2974, 16.575], [-93.2721, 16.5847], [-93.253, 16.5846], [-93.2556, 16.5674], [-93.2475, 16.5557], [-93.2417, 16.5668], [-93.2292, 16.5562], [-93.2288, 16.563], [-93.2229, 16.5661], [-93.2277, 16.5695], [-93.2001, 16.5816], [-93.1941, 16.5982], [-93.1873, 16.5986], [-93.1868, 16.6064], [-93.2359, 16.6636], [-93.241, 16.6766], [-93.2336, 16.6733], [-93.2311, 16.6904], [-93.2443, 16.6987], [-93.2406, 16.7197], [-93.2476, 16.7211], [-93.2447, 16.7309], [-93.2379, 16.7303], [-93.2251, 16.7444], [-93.2427, 16.747]]]}}, {"type": "Feature", "properties": {"osm_type": "relation", "osm_id": 644808705, "name": "Cintalapa", "admin_level": "6", "kind": "subdivision_2", "parent_osm_id": 2556679, "parent_name": "Chiapas", "parent_iso": "MX-CHP"}, "geometry": {"type": "Polygon", "coordinates": [[[-93.8674, 17.137], [-94.1391, 16.4618], [-94.1025, 16.4075], [-94.0702, 16.4256], [-94.0587, 16.4193], [-94.0542, 16.4006], [-94.0342, 16.4055], [-94.0303, 16.3999], [-94.0205, 16.4017], [-94.019, 16.3928], [-94.0157, 16.3982], [-94.0066, 16.3931], [-94.0139, 16.3813], [-93.9855, 16.3661], [-93.985, 16.3762], [-93.9757, 16.3784], [-93.9773, 16.3723], [-93.9616, 16.3672], [-93.9465, 16.3687], [-93.9449, 16.374], [-93.9366, 16.3693], [-93.9209, 16.3774], [-93.9262, 16.3921], [-93.9393, 16.3981], [-93.9247, 16.4009], [-93.9236, 16.4065], [-93.9373, 16.4102], [-93.9388, 16.4185], [-93.931, 16.4423], [-93.8883, 16.4434], [-93.8706, 16.4596], [-93.8738, 16.4732], [-93.8602, 16.4869], [-93.8459, 16.4859], [-93.8336, 16.4754], [-93.8076, 16.4997], [-93.7581, 16.504], [-93.7456, 16.5296], [-93.7532, 16.5474], [-93.7445, 16.5652], [-93.7414, 16.5695], [-93.7361, 16.5668], [-93.7352, 16.5717], [-93.7172, 16.5677], [-93.7138, 16.5987], [-93.7058, 16.6039], [-93.701, 16.6229], [-93.6951, 16.6207], [-93.6977, 16.6466], [-93.69, 16.6602], [-93.687, 16.691], [-93.6687, 16.6877], [-93.6804, 16.696], [-93.6696, 16.6965], [-93.6715, 16.706], [-93.6668, 16.7088], [-93.6599, 16.7396], [-93.6429, 16.7508], [-93.6454, 16.7931], [-93.5899, 16.8011], [-93.5825, 16.8145], [-93.5825, 16.8188], [-93.5878, 16.8199], [-93.5553, 16.8468], [-93.5619, 16.8453], [-93.5699, 16.8616], [-93.5859, 16.8704], [-93.607, 16.8972], [-93.6351, 16.9074], [-93.6417, 16.9057], [-93.6421, 16.8999], [-93.6466, 16.911], [-93.6543, 16.9083], [-93.6546, 16.9221], [-93.6607, 16.9284], [-93.6653, 16.9245], [-93.6716, 16.9339], [-93.6735, 16.9277], [-93.6777, 16.937], [-93.6974, 16.9292], [-93.6968, 16.9354], [-93.7047, 16.9453], [-93.7153, 16.9411], [-93.7148, 16.9497], [-93.7247, 16.9521], [-93.7322, 16.9401], [-93.753, 16.9798], [-93.7586, 16.9771], [-93.7661, 16.981], [-93.7597, 16.9888], [-93.7734, 17.0095], [-93.7836, 17.0143], [-93.7874, 17.0216], [-93.8055, 17.0245], [-93.836, 17.0533], [-93.8661, 17.062], [-93.8618, 17.1085], [-93.8538, 17.1066], [-93.8422, 17.1174], [-93.8358, 17.1152], [-93.8324, 17.1197], [-93.8674, 17.137]]]}}, {"type": "Feature", "properties": {"osm_type": "relation", "osm_id": 963347221, "name": "Socoltenango", "admin_level": "6", "kind": "subdivision_2", "parent_osm_id": 2556679, "parent_name": "Chiapas", "parent_iso": "MX-CHP"}, "geometry": {"type": "Polygon", "coordinates": [[[-92.1892, 15.9477], [-92.2263, 15.9651], [-92.2211, 15.9886], [-92.237, 15.9991], [-92.2426, 15.9738], [-92.2875, 15.9996], [-92.2912, 16.0047], [-92.2834, 16.0099], [-92.2854, 16.0141], [-92.302, 16.0097], [-92.3271, 16.0316], [-92.3222, 16.0531], [-92.3324, 16.0621], [-92.3233, 16.0669], [-92.3314, 16.0721], [-92.3272, 16.0769], [-92.3307, 16.0784], [-92.3125, 16.0983], [-92.3179, 16.1055], [-92.3159, 16.1112], [-92.2911, 16.1103], [-92.2745, 16.1239], [-92.3033, 16.1452], [-92.3322, 16.1485], [-92.3214, 16.1638], [-92.3351, 16.1762], [-92.3246, 16.1736], [-92.3088, 16.1867], [-92.2864, 16.1848], [-92.2839, 16.1965], [-92.2772, 16.1988], [-92.3072, 16.2258], [-92.3107, 16.2489], [-92.301, 16.2593], [-92.3103, 16.2767], [-92.3191, 16.2815], [-92.3337, 16.2772], [-92.3496, 16.2812], [-92.356, 16.277], [-92.3606, 16.302], [-92.3643, 16.302], [-92.3717, 16.2789], [-92.3941, 16.2609], [-92.3922, 16.2509], [-92.4, 16.2495], [-92.4012, 16.255], [-92.407, 16.2509], [-92.4014, 16.2596], [-92.4129, 16.2638], [-92.4273, 16.2388], [-92.4511, 16.2114], [-92.4709, 16.2111], [-92.4685, 16.1786], [-92.4625, 16.1656], [-92.4713, 16.161], [-92.4806, 16.1728], [-92.4819, 16.1344], [-92.5047, 16.1335], [-92.51, 16.1253], [-92.523, 16.1273], [-92.5274, 16.12], [-92.5585, 16.1107], [-92.5378, 16.0759], [-92.5236, 16.0644], [-92.4873, 16.0508], [-92.4787, 16.0399], [-92.4562, 16.0359], [-92.4537, 16.0415], [-92.4321, 16.029], [-92.428, 16.0155], [-92.4219, 16.0185], [-92.4188, 16.0114], [-92.4163, 16.0142], [-92.4088, 16.0071], [-92.4051, 16.0116], [-92.3936, 16.006], [-92.3826, 16.0092], [-92.3817, 16.005], [-92.3636, 16.0012], [-92.3524, 15.9894], [-92.3448, 15.9968], [-92.3408, 15.9933], [-92.3447, 15.9914], [-92.3426, 15.987], [-92.3294, 15.9893], [-92.3307, 15.9811], [-92.3257, 15.9778], [-92.325, 15.9688], [-92.3306, 15.9626], [-92.2982, 15.9703], [-92.2955, 15.9653], [-92.3051, 15.9574], [-92.3064, 15.9622], [-92.3276, 15.9604], [-92.3352, 15.9544], [-92.3414, 15.9455], [-92.3339, 15.9387], [-92.3217, 15.9495], [-92.3082, 15.9358], [-92.3023, 15.9379], [-92.3056, 15.9435], [-92.2982, 15.9457], [-92.3028, 15.9342], [-92.2853, 15.9216], [-92.2687, 15.9329], [-92.2593, 15.9243], [-92.2501, 15.9311], [-92.2462, 15.9259], [-92.2413, 15.9303], [-92.2404, 15.9264], [-92.2305, 15.9244], [-92.2284, 15.9317], [-92.2172, 15.9239], [-92.2078, 15.9281], [-92.2011, 15.9206], [-92.1882, 15.9212], [-92.1837, 15.9082], [-92.1903, 15.9041], [-92.1835, 15.9013], [-92.1746, 15.908], [-92.18, 15.9222], [-92.1749, 15.9268], [-92.1593, 15.9179], [-92.1584, 15.922], [-92.1706, 15.9338], [-92.1755, 15.932], [-92.1777, 15.9397], [-92.187, 15.9422], [-92.1892, 15.9477]]]}}, {"type": "Feature", "properties": {"osm_type": "relation", "osm_id": 999732022, "name": "La Concordia", "admin_level": "6", "kind": "subdivision_2", "parent_osm_id": 2556679, "parent_name": "Chiapas", "parent_iso": "MX-CHP"}, "geometry": {"type": "Polygon", "coordinates": [[[-92.3414, 15.9455], [-92.3276, 15.9604], [-92.3064, 15.9622], [-92.3051, 15.9574], [-92.2985, 15.9609], [-92.2982, 15.9703], [-92.3306, 15.9626], [-92.325, 15.9688], [-92.3257, 15.9778], [-92.3307, 15.9811], [-92.3294, 15.9893], [-92.3426, 15.987], [-92.3447, 15.9914], [-92.3408, 15.9933], [-92.3448, 15.9968], [-92.3524, 15.9894], [-92.3636, 16.0012], [-92.3817, 16.005], [-92.3826, 16.0092], [-92.3936, 16.006], [-92.4051, 16.0116], [-92.4088, 16.0071], [-92.4163, 16.0142], [-92.4188, 16.0114], [-92.4219, 16.0185], [-92.428, 16.0155], [-92.4321, 16.029], [-92.4537, 16.0415], [-92.4562, 16.0359], [-92.4687, 16.0355], [-92.4812, 16.0416], [-92.4873, 16.0508], [-92.5236, 16.0644], [-92.5378, 16.0759], [-92.5585, 16.1107], [-92.5274, 16.12], [-92.523, 16.1273], [-92.51, 16.1253], [-92.5047, 16.1335], [-92.4819, 16.1344], [-92.4815, 16.143], [-92.5336, 16.1444], [-92.5642, 16.1351], [-92.5767, 16.123], [-92.599, 16.1486], [-92.6063, 16.1484], [-92.6197, 16.1594], [-92.6587, 16.1733], [-92.6787, 16.1889], [-92.7046, 16.1975], [-92.7122, 16.2118], [-92.7229, 16.2116], [-92.732, 16.1999], [-92.7355, 16.2029], [-92.7381, 16.1966], [-92.7479, 16.1942], [-92.7522, 16.1844], [-92.7544, 16.1904], [-92.7634, 16.1917], [-92.7613, 16.1883], [-92.7661, 16.1878], [-92.7802, 16.2018], [-92.7742, 16.2031], [-92.7915, 16.2064], [-92.7948, 16.2113], [-92.7844, 16.2124], [-92.7834, 16.223], [-92.7998, 16.2427], [-92.8314, 16.24], [-92.8695, 16.2495], [-92.872, 16.2559], [-92.8862, 16.2475], [-92.8651, 16.2349], [-92.8585, 16.2221], [-92.8622, 16.2236], [-92.8626, 16.2195], [-92.8681, 16.2246], [-92.8676, 16.2191], [-92.8744, 16.2235], [-92.8984, 16.1646], [-92.9094, 16.1476], [-92.921, 16.1401], [-92.9171, 16.1247], [-92.9361, 16.086], [-92.9654, 16.0517], [-92.9635, 16.0376], [-92.9744, 16.0345], [-92.9854, 16.0198], [-92.9823, 16.0044], [-92.9931, 15.9898], [-92.9888, 15.9841], [-93.0001, 15.9758], [-93.0058, 15.9808], [-93.0097, 15.9776], [-93.0084, 15.9667], [-93.0156, 15.9472], [-93.0327, 15.9471], [-93.0243, 15.9515], [-93.0353, 15.9553], [-93.0398, 15.9455], [-93.0507, 15.9451], [-93.0523, 15.9392], [-93.0738, 15.9447], [-93.0776, 15.9328], [-93.0877, 15.9304], [-93.0884, 15.9214], [-93.0946, 15.9165], [-93.0846, 15.9056], [-93.095, 15.8994], [-93.0902, 15.8993], [-93.0923, 15.8939], [-93.0785, 15.8816], [-93.0867, 15.8811], [-93.0779, 15.8718], [-93.0898, 15.8754], [-93.0961, 15.8681], [-93.1089, 15.8656], [-93.1074, 15.8605], [-93.116, 15.855], [-93.1296, 15.8605], [-93.1216, 15.8483], [-93.0946, 15.8275], [-93.0978, 15.8088], [-93.0844, 15.7879], [-93.0927, 15.7826], [-93.09, 15.7766], [-93.1018, 15.7683], [-93.1082, 15.7557], [-93.0617, 15.76], [-93.0587, 15.7337], [-93.0438, 15.736], [-93.0446, 15.7242], [-93.0224, 15.7296], [-92.9952, 15.7232], [-92.9899, 15.7047], [-92.9809, 15.6992], [-92.9864, 15.6929], [-92.9634, 15.6745], [-92.9473, 15.6795], [-92.9389, 15.6766], [-92.9183, 15.688], [-92.9144, 15.695], [-92.9063, 15.6928], [-92.8988, 15.6982], [-92.8956, 15.6796], [-92.8874, 15.6743], [-92.8446, 15.6645], [-92.8359, 15.6691], [-92.8296, 15.6668], [-92.8062, 15.7146], [-92.815, 15.7148], [-92.8262, 15.7078], [-92.8303, 15.7147], [-92.8174, 15.7293], [-92.8066, 15.7189], [-92.8018, 15.7301], [-92.819, 15.7529], [-92.8297, 15.7554], [-92.8224, 15.7832], [-92.814, 15.7822], [-92.818, 15.7918], [-92.7842, 15.8243], [-92.8091, 15.8288], [-92.7994, 15.842], [-92.7758, 15.8579], [-92.7514, 15.8569], [-92.7418, 15.8671], [-92.7335, 15.8691], [-92.724, 15.8854], [-92.6968, 15.8922], [-92.6941, 15.8982], [-92.67, 15.9066], [-92.6683, 15.9166], [-92.6612, 15.917], [-92.6362, 15.8825], [-92.6212, 15.8878], [-92.6152, 15.8591], [-92.5986, 15.8717], [-92.5871, 15.8889], [-92.5592, 15.8867], [-92.5471, 15.8903], [-92.5334, 15.9213], [-92.5253, 15.9289], [-92.4886, 15.8963], [-92.4821, 15.8985], [-92.4806, 15.9059], [-92.4748, 15.9043], [-92.4755, 15.8919], [-92.3881, 15.8348], [-92.3724, 15.8673], [-92.3907, 15.8792], [-92.3645, 15.9255], [-92.3414, 15.9455]]]}}, {"type": "Feature", "properties": {"osm_type": "relation", "osm_id": 299567183, "name": "Berriozábal", "admin_level": "6", "kind": "subdivision_2", "parent_osm_id": 2556679, "parent_name": "Chiapas", "parent_iso": "MX-CHP"}, "geometry": {"type": "Polygon", "coordinates": [[[-93.2086, 16.8051], [-93.2701, 16.8376], [-93.2728, 16.8443], [-93.2648, 16.8485], [-93.2742, 16.8866], [-93.2936, 16.8956], [-93.3088, 16.9104], [-93.3028, 16.9172], [-93.3005, 16.9342], [-93.291, 16.9324], [-93.2885, 16.9382], [-93.2884, 16.9726], [-93.295, 16.9756], [-93.2995, 16.9871], [-93.3051, 16.9817], [-93.3107, 16.9833], [-93.3036, 16.9882], [-93.3079, 16.9936], [-93.3062, 17.0113], [-93.3142, 17.011], [-93.3281, 17.02], [-93.3331, 17.0167], [-93.3294, 17.0199], [-93.349, 17.0264], [-93.3791, 17.0198], [-93.3789, 17.0163], [-93.3692, 17.0162], [-93.3728, 16.9868], [-93.386, 16.9897], [-93.3884, 16.9818], [-93.398, 16.9793], [-93.3985, 16.973], [-93.3941, 16.9673], [-93.3805, 16.965], [-93.3719, 16.9523], [-93.378, 16.9479], [-93.3708, 16.9328], [-93.3817, 16.9243], [-93.3747, 16.9138], [-93.3881, 16.9062], [-93.3883, 16.9017], [-93.4307, 16.9019], [-93.4307, 16.892], [-93.423, 16.886], [-93.4146, 16.8862], [-93.4147, 16.8969], [-93.3997, 16.897], [-93.4054, 16.8627], [-93.3983, 16.8622], [-93.3901, 16.8521], [-93.369, 16.8136], [-93.3757, 16.7936], [-93.3685, 16.788], [-93.3631, 16.7922], [-93.3212, 16.7937], [-93.3099, 16.7826], [-93.314, 16.779], [-93.3144, 16.7659], [-93.3235, 16.7582], [-93.3185, 16.7489], [-93.3115, 16.7489], [-93.317, 16.7449], [-93.3183, 16.7283], [-93.2751, 16.7171], [-93.27, 16.7309], [-93.2726, 16.7351], [-93.2538, 16.7309], [-93.2559, 16.7389], [-93.2496, 16.7389], [-93.2474, 16.7462], [-93.2427, 16.747], [-93.236, 16.7651], [-93.2204, 16.7719], [-93.2211, 16.7864], [-93.2141, 16.7803], [-93.2044, 16.7828], [-93.2131, 16.7888], [-93.2086, 16.8051]]]}}, {"type": "Feature", "properties": {"osm_type": "relation", "osm_id": 550064574, "name": "San Cristóbal de las Casas", "admin_level": "6", "kind": "subdivision_2", "parent_osm_id": 2556679, "parent_name": "Chiapas", "parent_iso": "MX-CHP"}, "geometry": {"type": "MultiPolygon", "coordinates": [[[[-92.3753, 16.587], [-92.3729, 16.5701], [-92.3855, 16.5523], [-92.3683, 16.5517], [-92.3607, 16.5445], [-92.3437, 16.5398], [-92.3549, 16.5508], [-92.3398, 16.578], [-92.3618, 16.6005], [-92.3753, 16.587]]], [[[-92.5114, 16.7686], [-92.5132, 16.7743], [-92.5367, 16.7765], [-92.5351, 16.7534], [-92.5268, 16.7484], [-92.5336, 16.7388], [-92.547, 16.7362], [-92.5802, 16.7495], [-92.5838, 16.7655], [-92.598, 16.7898], [-92.6251, 16.7611], [-92.6413, 16.7637], [-92.6463, 16.7695], [-92.666, 16.7661], [-92.67, 16.7603], [-92.692, 16.7628], [-92.6926, 16.756], [-92.6832, 16.754], [-92.6886, 16.7446], [-92.7203, 16.7226], [-92.7135, 16.7212], [-92.7199, 16.7147], [-92.7077, 16.6978], [-92.7159, 16.6761], [-92.7087, 16.6728], [-92.7126, 16.6603], [-92.7041, 16.65], [-92.7109, 16.6443], [-92.7128, 16.6281], [-92.706, 16.6249], [-92.71, 16.6166], [-92.689, 16.6258], [-92.6651, 16.6242], [-92.6614, 16.6091], [-92.6402, 16.6028], [-92.6471, 16.5911], [-92.6316, 16.5819], [-92.6164, 16.5785], [-92.5931, 16.5908], [-92.5867, 16.5792], [-92.5763, 16.5774], [-92.583, 16.5962], [-92.6029, 16.6056], [-92.595, 16.6209], [-92.5894, 16.6146], [-92.5829, 16.6238], [-92.5966, 16.6357], [-92.5967, 16.6436], [-92.54, 16.6168], [-92.5348, 16.6279], [-92.5238, 16.6279], [-92.529, 16.6361], [-92.5239, 16.6376], [-92.5275, 16.6491], [-92.5148, 16.649], [-92.5173, 16.6372], [-92.499, 16.6328], [-92.469, 16.642], [-92.4499, 16.6439], [-92.4373, 16.6394], [-92.4401, 16.6455], [-92.4334, 16.652], [-92.4162, 16.645], [-92.4127, 16.6479], [-92.4184, 16.6609], [-92.4346, 16.6715], [-92.4346, 16.6652], [-92.4517, 16.6686], [-92.4469, 16.6784], [-92.493, 16.6727], [-92.493, 16.6785], [-92.5153, 16.6782], [-92.5167, 16.6965], [-92.5079, 16.6974], [-92.5163, 16.7074], [-92.5117, 16.7307], [-92.5149, 16.7416], [-92.5107, 16.7495], [-92.5169, 16.7581], [-92.5114, 16.7686]]]]}}, {"type": "Feature", "properties": {"osm_type": "relation", "osm_id": 488635873, "name": "Emiliano Zapata", "admin_level": "6", "kind": "subdivision_2", "parent_osm_id": 2556679, "parent_name": "Chiapas", "parent_iso": "MX-CHP"}, "geometry": {"type": "Polygon", "coordinates": [[[-91.7387, 17.9362], [-91.7605, 17.9576], [-91.7614, 17.946], [-91.7571, 17.9397], [-91.7623, 17.939], [-91.768, 17.9485], [-91.7855, 17.9234], [-91.8145, 17.9005], [-91.8093, 17.8968], [-91.8044, 17.8689], [-91.7797, 17.8513], [-91.7918, 17.8306], [-91.782, 17.7867], [-91.7912, 17.7565], [-91.7902, 17.746], [-91.7973, 17.744], [-91.8103, 17.7513], [-91.8307, 17.7377], [-91.8184, 17.7274], [-91.7865, 17.719], [-91.7805, 17.7078], [-91.776, 17.7092], [-91.7766, 17.7154], [-91.7679, 17.7031], [-91.7539, 17.7053], [-91.7482, 17.7002], [-91.7388, 17.7108], [-91.7414, 17.7058], [-91.7333, 17.6966], [-91.7248, 17.6921], [-91.7175, 17.6984], [-91.7171, 17.6877], [-91.704, 17.6922], [-91.701, 17.6789], [-91.6937, 17.685], [-91.6814, 17.6701], [-91.673, 17.6835], [-91.6547, 17.6762], [-91.659, 17.6659], [-91.6643, 17.6667], [-91.6604, 17.6655], [-91.6636, 17.6622], [-91.6587, 17.6565], [-91.6598, 17.6492], [-91.6541, 17.6452], [-91.6588, 17.6397], [-91.6528, 17.6386], [-91.6581, 17.6345], [-91.6549, 17.6305], [-91.6599, 17.6304], [-91.6446, 17.6219], [-91.6467, 17.6179], [-91.6522, 17.6198], [-91.6568, 17.6122], [-91.6636, 17.6122], [-91.6531, 17.5987], [-91.6446, 17.5957], [-91.6471, 17.5902], [-91.6388, 17.5815], [-91.641, 17.558], [-91.6348, 17.5505], [-91.6392, 17.5416], [-91.6343, 17.5346], [-91.6425, 17.529], [-91.6418, 17.5189], [-91.6491, 17.5178], [-91.6502, 17.4954], [-91.6547, 17.4964], [-91.6522, 17.4922], [-91.661, 17.4874], [-91.6628, 17.4798], [-91.6669, 17.4821], [-91.6751, 17.4715], [-91.6768, 17.4759], [-91.6821, 17.4695], [-91.6899, 17.4751], [-91.6921, 17.467], [-91.7003, 17.4678], [-91.6646, 17.4612], [-91.672, 17.4441], [-91.6433, 17.431], [-91.6373, 17.43], [-91.6349, 17.4365], [-91.6202, 17.4317], [-91.6025, 17.4331], [-91.5966, 17.439], [-91.5981, 17.4552], [-91.5885, 17.4759], [-91.5833, 17.4746], [-91.5786, 17.4888], [-91.5651, 17.4914], [-91.5774, 17.5435], [-91.5754, 17.5576], [-91.5847, 17.5683], [-91.5731, 17.5826], [-91.5743, 17.5948], [-91.5627, 17.5957], [-91.5541, 17.6186], [-91.5661, 17.6299], [-91.5718, 17.6493], [-91.5728, 17.684], [-91.5637, 17.6889], [-91.562, 17.6991], [-91.5742, 17.7024], [-91.5705, 17.7127], [-91.5667, 17.7127], [-91.5689, 17.7252], [-91.5634, 17.7266], [-91.5722, 17.7419], [-91.5706, 17.7618], [-91.6174, 17.7659], [-91.6253, 17.7598], [-91.654, 17.7615], [-91.6521, 17.7544], [-91.6192, 17.7395], [-91.6164, 17.7304], [-91.6196, 17.725], [-91.6384, 17.7265], [-91.6601, 17.7388], [-91.6718, 17.7287], [-91.6726, 17.7164], [-91.6809, 17.7093], [-91.709, 17.7143], [-91.7105, 17.7432], [-91.6986, 17.747], [-91.7128, 17.7651], [-91.7127, 17.7861], [-91.6863, 17.8305], [-91.6917, 17.8345], [-91.6788, 17.8438], [-91.684, 17.8505], [-91.6785, 17.8545], [-91.6855, 17.8623], [-91.6751, 17.8726], [-91.6807, 17.876], [-91.6719, 17.8947], [-91.7387, 17.9362]]]}}]}