{"type": "FeatureCollection", "parent": {"osm_id": 303702, "name": "Pernambuco", "admin_level": "4", "kind": "subdivision_1", "child_kind": "subdivision_2", "iso": "BR-PE"}, "features": [{"type": "Feature", "properties": {"osm_type": "relation", "osm_id": 543515556, "name": "Abreu e Lima", "admin_level": "6", "kind": "subdivision_2", "parent_osm_id": 303702, "parent_name": "Pernambuco", "parent_iso": "BR-PE"}, "geometry": {"type": "Polygon", "coordinates": [[[-35.0531, -7.879], [-35.0692, -7.8113], [-35.0848, -7.8043], [-35.1029, -7.8032], [-35.1007, -7.8297], [-35.1397, -7.7953], [-35.1227, -7.8505], [-35.1121, -7.8576], [-35.0974, -7.8841], [-35.0739, -7.8996], [-35.0661, -7.8991], [-35.0635, -7.9048], [-35.0478, -7.9091], [-35.0326, -7.9261], [-35.0262, -7.926], [-35.0183, -7.9157], [-34.9868, -7.9201], [-34.9611, -7.9159], [-34.9392, -7.926], [-34.9149, -7.9276], [-34.9092, -7.9358], [-34.8989, -7.9287], [-34.8905, -7.9121], [-34.8614, -7.9101], [-34.8608, -7.8979], [-34.867, -7.8908], [-34.8809, -7.8925], [-34.8922, -7.8873], [-34.9181, -7.886], [-34.937, -7.8937], [-34.9771, -7.9], [-35.0531, -7.879]]]}}, {"type": "Feature", "properties": {"osm_type": "relation", "osm_id": 824649004, "name": "Afogados da Ingazeira", "admin_level": "6", "kind": "subdivision_2", "parent_osm_id": 303702, "parent_name": "Pernambuco", "parent_iso": "BR-PE"}, "geometry": {"type": "Polygon", "coordinates": [[[-37.5612, -7.637], [-37.607, -7.6267], [-37.6176, -7.6274], [-37.6339, -7.6385], [-37.645, -7.6337], [-37.6559, -7.6139], [-37.6731, -7.6166], [-37.6787, -7.6085], [-37.6881, -7.6182], [-37.7049, -7.6167], [-37.6839, -7.6405], [-37.6804, -7.6524], [-37.687, -7.6632], [-37.6848, -7.678], [-37.6967, -7.7183], [-37.6826, -7.7603], [-37.6981, -7.7636], [-37.7058, -7.7702], [-37.7042, -7.7801], [-37.6827, -7.8025], [-37.6917, -7.8131], [-37.6715, -7.8233], [-37.6168, -7.8952], [-37.6204, -7.885], [-37.6097, -7.876], [-37.6041, -7.8615], [-37.6113, -7.851], [-37.6057, -7.8516], [-37.5768, -7.8272], [-37.5827, -7.8202], [-37.567, -7.8138], [-37.5644, -7.8053], [-37.5335, -7.7792], [-37.5248, -7.7655], [-37.5232, -7.7528], [-37.5373, -7.7282], [-37.5371, -7.7172], [-37.5442, -7.7122], [-37.5526, -7.7186], [-37.5566, -7.7147], [-37.5521, -7.7022], [-37.5579, -7.6879], [-37.5537, -7.6803], [-37.5569, -7.6696], [-37.5499, -7.6651], [-37.5516, -7.6507], [-37.5598, -7.6452], [-37.5612, -7.637]]]}}, {"type": "Feature", "properties": {"osm_type": "relation", "osm_id": 186952952, "name": "Afrânio", "admin_level": "6", "kind": "subdivision_2", "parent_osm_id": 303702, "parent_name": "Pernambuco", "parent_iso": "BR-PE"}, "geometry": {"type": "Polygon", "coordinates": [[[-41.1488, -8.5332], [-41.169, -8.5833], [-41.1805, -8.5932], [-41.1999, -8.5935], [-41.2124, -8.6029], [-41.2076, -8.6111], [-41.2065, -8.6333], [-41.2141, -8.6446], [-41.2324, -8.6473], [-41.2522, -8.6618], [-41.2882, -8.6613], [-41.3142, -8.6961], [-41.3424, -8.7094], [-41.3583, -8.7076], [-41.3343, -8.7276], [-41.3099, -8.726], [-41.2961, -8.735], [-41.2827, -8.736], [-41.2691, -8.7302], [-41.2618, -8.7212], [-41.2392, -8.7196], [-41.2399, -8.7114], [-41.226, -8.7046], [-41.1771, -8.7111], [-41.1724, -8.7072], [-41.1643, -8.7099], [-41.1126, -8.7044], [-41.1225, -8.7183], [-41.1291, -8.7403], [-41.1234, -8.7534], [-41.114, -8.7578], [-41.1158, -8.7642], [-41.1059, -8.7705], [-41.1021, -8.7812], [-41.0775, -8.7882], [-41.0655, -8.7811], [-41.0548, -8.7869], [-41.0374, -8.7852], [-41.0249, -8.8082], [-41.0313, -8.8349], [-41.0205, -8.8437], [-41.0003, -8.8288], [-40.9891, -8.8292], [-40.979, -8.8234], [-40.9616, -8.8303], [-40.9591, -8.8417], [-40.9428, -8.8202], [-40.9428, -8.7858], [-40.9297, -8.7686], [-40.925, -8.7738], [-40.9116, -8.7757], [-40.7594, -8.6231], [-40.7781, -8.6104], [-40.7835, -8.6131], [-40.7829, -8.6007], [-40.7941, -8.5954], [-40.8078, -8.5971], [-40.8095, -8.5854], [-40.8359, -8.5689], [-40.842, -8.5552], [-40.847, -8.5551], [-40.8587, -8.379], [-40.8625, -8.365], [-40.8712, -8.3579], [-40.8941, -8.3579], [-40.8975, -8.3678], [-40.8924, -8.373], [-40.8903, -8.3873], [-40.9069, -8.3982], [-40.9016, -8.409], [-40.902, -8.4221], [-40.9249, -8.4456], [-40.9649, -8.4168], [-40.9788, -8.3984], [-41.0002, -8.4005], [-41.0074, -8.4209], [-41.039, -8.4318], [-41.0441, -8.4379], [-41.0522, -8.4809], [-41.0794, -8.4729], [-41.0905, -8.5125], [-41.1114, -8.5335], [-41.1278, -8.5415], [-41.1346, -8.5335], [-41.1488, -8.5332]]]}}, {"type": "Feature", "properties": {"osm_type": "relation", "osm_id": 812895124, "name": "Agrestina", "admin_level": "6", "kind": "subdivision_2", "parent_osm_id": 303702, "parent_name": "Pernambuco", "parent_iso": "BR-PE"}, "geometry": {"type": "Polygon", "coordinates": [[[-35.9207, -8.3658], [-35.939, -8.3697], [-35.9444, -8.3679], [-35.946, -8.3578], [-35.9718, -8.359], [-35.9684, -8.3774], [-35.9934, -8.3988], [-35.9936, -8.3728], [-36.0089, -8.3617], [-36.0104, -8.3918], [-36.0024, -8.4315], [-35.9686, -8.5359], [-35.9687, -8.5487], [-35.9603, -8.5482], [-35.9464, -8.5357], [-35.925, -8.5472], [-35.9223, -8.5551], [-35.9002, -8.5606], [-35.8792, -8.5475], [-35.9011, -8.5143], [-35.8882, -8.4978], [-35.889, -8.4673], [-35.9033, -8.4621], [-35.9045, -8.4577], [-35.8996, -8.4275], [-35.9154, -8.4251], [-35.9217, -8.4088], [-35.9179, -8.3982], [-35.9033, -8.3844], [-35.9034, -8.3747], [-35.9207, -8.3658]]]}}, {"type": "Feature", "properties": {"osm_type": "relation", "osm_id": 346952135, "name": "Água Preta", "admin_level": "6", "kind": "subdivision_2", "parent_osm_id": 303702, "parent_name": "Pernambuco", "parent_iso": "BR-PE"}, "geometry": {"type": "Polygon", "coordinates": [[[-35.4703, -8.5456], [-35.4771, -8.5398], [-35.4797, -8.5275], [-35.4891, -8.5205], [-35.4871, -8.5063], [-35.5212, -8.5566], [-35.5239, -8.5797], [-35.5127, -8.6353], [-35.5642, -8.6847], [-35.5577, -8.7176], [-35.6028, -8.7422], [-35.5996, -8.7522], [-35.6089, -8.7634], [-35.6063, -8.7755], [-35.622, -8.8088], [-35.6101, -8.8172], [-35.603, -8.8337], [-35.5926, -8.8353], [-35.5815, -8.8455], [-35.5394, -8.8207], [-35.5297, -8.8276], [-35.5115, -8.8175], [-35.5006, -8.8202], [-35.4959, -8.8282], [-35.4821, -8.8261], [-35.4701, -8.8131], [-35.4633, -8.8197], [-35.4646, -8.8282], [-35.4558, -8.8408], [-35.4353, -8.8405], [-35.4319, -8.836], [-35.4055, -8.8373], [-35.3961, -8.8183], [-35.3811, -8.8185], [-35.3611, -8.8062], [-35.34, -8.7472], [-35.3416, -8.725], [-35.4037, -8.7137], [-35.3944, -8.683], [-35.4734, -8.6283], [-35.4878, -8.5839], [-35.4449, -8.5562], [-35.4472, -8.5471], [-35.4619, -8.5418], [-35.4652, -8.549], [-35.4703, -8.5456]]]}}, {"type": "Feature", "properties": {"osm_type": "relation", "osm_id": 397692971, "name": "Águas Belas", "admin_level": "6", "kind": "subdivision_2", "parent_osm_id": 303702, "parent_name": "Pernambuco", "parent_iso": "BR-PE"}, "geometry": {"type": "Polygon", "coordinates": [[[-36.8653, -8.8886], [-36.8742, -8.886], [-36.8799, -8.8941], [-36.8963, -8.8973], [-36.9022, -8.9087], [-36.9416, -8.8977], [-36.9592, -8.9011], [-36.9742, -8.8954], [-36.9937, -8.8969], [-37.0271, -8.9173], [-37.0443, -8.9196], [-37.0528, -8.9345], [-37.0736, -8.943], [-37.0889, -8.965], [-37.0998, -8.9721], [-37.1106, -9.0026], [-37.1261, -9.0165], [-37.1313, -9.0298], [-37.1424, -9.0371], [-37.1593, -9.0613], [-37.1607, -9.1402], [-37.1856, -9.2006], [-37.1953, -9.2044], [-37.1983, -9.2154], [-37.1591, -9.2391], [-37.1682, -9.2517], [-37.1693, -9.2724], [-37.1643, -9.2757], [-37.1427, -9.2681], [-37.1296, -9.2595], [-37.1164, -9.2409], [-37.1071, -9.2392], [-37.0781, -9.2563], [-37.0572, -9.2818], [-37.0619, -9.2973], [-37.0583, -9.313], [-37.0476, -9.2911], [-37.0371, -9.2865], [-37.0373, -9.277], [-37.0312, -9.2685], [-37.0235, -9.2627], [-37.015, -9.2678], [-37.0035, -9.2627], [-36.9959, -9.2517], [-36.9773, -9.2464], [-36.9656, -9.2356], [-36.9657, -9.2233], [-36.9527, -9.2102], [-36.9443, -9.1814], [-36.956, -9.1783], [-36.9768, -9.1587], [-36.9857, -9.1299], [-36.9745, -9.1244], [-36.9731, -9.1145], [-36.9405, -9.0677], [-36.9399, -9.0533], [-36.9311, -9.0495], [-36.9272, -9.0283], [-36.9096, -9.0117], [-36.8952, -8.9763], [-36.8885, -8.9698], [-36.8879, -8.9316], [-36.8653, -8.8886]]]}}, {"type": "Feature", "properties": {"osm_type": "relation", "osm_id": 566438205, "name": "Alagoinha", "admin_level": "6", "kind": "subdivision_2", "parent_osm_id": 303702, "parent_name": "Pernambuco", "parent_iso": "BR-PE"}, "geometry": {"type": "Polygon", "coordinates": [[[-36.7585, -8.5991], [-36.7352, -8.5725], [-36.7259, -8.5591], [-36.7259, -8.5476], [-36.7122, -8.533], [-36.6949, -8.5254], [-36.677, -8.5259], [-36.7016, -8.4211], [-36.7849, -8.4228], [-36.8147, -8.4309], [-36.821, -8.4189], [-36.8263, -8.5037], [-36.7873, -8.5445], [-36.7787, -8.5642], [-36.7842, -8.5812], [-36.7783, -8.6026], [-36.7585, -8.5991]]]}}, {"type": "Feature", "properties": {"osm_type": "relation", "osm_id": 372445291, "name": "Aliança", "admin_level": "6", "kind": "subdivision_2", "parent_osm_id": 303702, "parent_name": "Pernambuco", "parent_iso": "BR-PE"}, "geometry": {"type": "Polygon", "coordinates": [[[-35.1568, -7.502], [-35.1742, -7.5024], [-35.1926, -7.5125], [-35.192, -7.517], [-35.2065, -7.519], [-35.2206, -7.5328], [-35.2551, -7.5443], [-35.2727, -7.5911], [-35.2544, -7.6466], [-35.2596, -7.6565], [-35.2594, -7.6759], [-35.2412, -7.7054], [-35.2401, -7.6962], [-35.2126, -7.6823], [-35.1851, -7.6881], [-35.1656, -7.7135], [-35.1571, -7.7111], [-35.1585, -7.6892], [-35.1395, -7.6861], [-35.1359, -7.6815], [-35.1372, -7.657], [-35.1259, -7.6632], [-35.1468, -7.6195], [-35.1281, -7.5669], [-35.1136, -7.5558], [-35.101, -7.5544], [-35.0979, -7.5423], [-35.1068, -7.5316], [-35.1231, -7.5409], [-35.1389, -7.5211], [-35.142, -7.5089], [-35.1568, -7.502]]]}}, {"type": "Feature", "properties": {"osm_type": "relation", "osm_id": 434141774, "name": "Altinho", "admin_level": "6", "kind": "subdivision_2", "parent_osm_id": 303702, "parent_name": "Pernambuco", "parent_iso": "BR-PE"}, "geometry": {"type": "Polygon", "coordinates": [[[-36.0089, -8.3617], [-36.0215, -8.3691], [-36.0533, -8.3765], [-36.0706, -8.3907], [-36.0714, -8.4003], [-36.0796, -8.3935], [-36.0761, -8.381], [-36.0981, -8.3832], [-36.1187, -8.4013], [-36.1308, -8.4014], [-36.1341, -8.4283], [-36.2172, -8.4874], [-36.2432, -8.5183], [-36.2671, -8.5624], [-36.2297, -8.573], [-36.1671, -8.5469], [-36.0895, -8.5937], [-36.078, -8.5806], [-36.0604, -8.577], [-36.0154, -8.5555], [-36.0128, -8.5438], [-36.0015, -8.5339], [-36.0004, -8.5468], [-35.9966, -8.5475], [-35.9686, -8.5359], [-36.0024, -8.4315], [-36.0104, -8.3918], [-36.0089, -8.3617]]]}}, {"type": "Feature", "properties": {"osm_type": "relation", "osm_id": 350314631, "name": "Amaraji", "admin_level": "6", "kind": "subdivision_2", "parent_osm_id": 303702, "parent_name": "Pernambuco", "parent_iso": "BR-PE"}, "geometry": {"type": "Polygon", "coordinates": [[[-35.4612, -8.2651], [-35.4658, -8.2618], [-35.4838, -8.2781], [-35.5, -8.3081], [-35.5078, -8.3107], [-35.51, -8.3009], [-35.5264, -8.2972], [-35.5287, -8.3153], [-35.5578, -8.3296], [-35.5629, -8.3426], [-35.5478, -8.339], [-35.5359, -8.3844], [-35.5239, -8.3849], [-35.5174, -8.3907], [-35.5177, -8.3989], [-35.5045, -8.4222], [-35.5052, -8.4321], [-35.4603, -8.4561], [-35.4461, -8.452], [-35.4262, -8.4276], [-35.4219, -8.4309], [-35.4052, -8.4262], [-35.3734, -8.3808], [-35.4612, -8.2651]]]}}, {"type": "Feature", "properties": {"osm_type": "relation", "osm_id": 664041688, "name": "Angelim", "admin_level": "6", "kind": "subdivision_2", "parent_osm_id": 303702, "parent_name": "Pernambuco", "parent_iso": "BR-PE"}, "geometry": {"type": "Polygon", "coordinates": [[[-36.2995, -8.8333], [-36.3163, -8.8238], [-36.3173, -8.8064], [-36.3221, -8.8072], [-36.3253, -8.7998], [-36.3405, -8.8029], [-36.3153, -8.8433], [-36.3224, -8.8686], [-36.3066, -8.9536], [-36.2549, -8.9522], [-36.2337, -8.9338], [-36.2177, -8.8828], [-36.2235, -8.875], [-36.2168, -8.8698], [-36.2306, -8.8659], [-36.2364, -8.8695], [-36.2437, -8.8559], [-36.2649, -8.856], [-36.2611, -8.8474], [-36.2674, -8.8398], [-36.2896, -8.8433], [-36.2995, -8.8333]]]}}, {"type": "Feature", "properties": {"osm_type": "relation", "osm_id": 457892768, "name": "Araçoiaba", "admin_level": "6", "kind": "subdivision_2", "parent_osm_id": 303702, "parent_name": "Pernambuco", "parent_iso": "BR-PE"}, "geometry": {"type": "Polygon", "coordinates": [[[-35.0531, -7.879], [-35.0392, -7.8725], [-35.0324, -7.8258], [-35.0207, -7.814], [-35.0382, -7.7938], [-35.0385, -7.7693], [-35.0536, -7.7497], [-35.0916, -7.7401], [-35.1028, -7.7242], [-35.11, -7.7349], [-35.1101, -7.7486], [-35.1397, -7.7953], [-35.1007, -7.8297], [-35.1029, -7.8032], [-35.0848, -7.8043], [-35.0692, -7.8113], [-35.0531, -7.879]]]}}, {"type": "Feature", "properties": {"osm_type": "relation", "osm_id": 681592545, "name": "Araripina", "admin_level": "6", "kind": "subdivision_2", "parent_osm_id": 303702, "parent_name": "Pernambuco", "parent_iso": "BR-PE"}, "geometry": {"type": "Polygon", "coordinates": [[[-40.6523, -7.4333], [-40.6668, -7.4511], [-40.7052, -7.4591], [-40.715, -7.4807], [-40.7138, -7.4939], [-40.6946, -7.5378], [-40.6773, -7.5629], [-40.6449, -7.5957], [-40.6321, -7.6179], [-40.622, -7.6513], [-40.6245, -7.674], [-40.6337, -7.6968], [-40.6665, -7.7264], [-40.6756, -7.7527], [-40.6646, -7.7738], [-40.6451, -7.7868], [-40.5681, -7.8089], [-40.5475, -7.8274], [-40.5381, -7.8568], [-40.5459, -7.9369], [-40.5439, -7.9615], [-40.5606, -7.9973], [-40.5269, -7.997], [-40.5203, -7.979], [-40.5194, -7.9526], [-40.5047, -7.9413], [-40.4931, -7.9168], [-40.4652, -7.9034], [-40.4652, -7.8972], [-40.4546, -7.8886], [-40.4535, -7.8767], [-40.3446, -7.8485], [-40.3532, -7.8249], [-40.3598, -7.7109], [-40.2726, -7.5627], [-40.3459, -7.3296], [-40.3582, -7.3525], [-40.3736, -7.3626], [-40.3938, -7.3681], [-40.4338, -7.3671], [-40.5234, -7.3183], [-40.5407, -7.3314], [-40.5484, -7.3927], [-40.6523, -7.4333]]]}}, {"type": "Feature", "properties": {"osm_type": "relation", "osm_id": 181395673, "name": "Arcoverde", "admin_level": "6", "kind": "subdivision_2", "parent_osm_id": 303702, "parent_name": "Pernambuco", "parent_iso": "BR-PE"}, "geometry": {"type": "Polygon", "coordinates": [[[-36.9562, -8.2992], [-36.978, -8.2974], [-36.9906, -8.3029], [-37.0218, -8.289], [-37.0308, -8.3001], [-37.0288, -8.3041], [-37.0476, -8.3472], [-37.0705, -8.3537], [-37.1197, -8.3953], [-37.1477, -8.4035], [-37.1388, -8.4266], [-37.0902, -8.4408], [-37.0228, -8.4986], [-37.0037, -8.4652], [-37.0028, -8.4524], [-37.0071, -8.4466], [-36.9928, -8.4364], [-36.9848, -8.4493], [-36.9684, -8.4442], [-36.9392, -8.446], [-36.9245, -8.4635], [-36.9191, -8.4602], [-36.9105, -8.4483], [-36.8976, -8.4417], [-36.9266, -8.4266], [-36.9484, -8.3966], [-36.9449, -8.3734], [-36.9096, -8.2956], [-36.9083, -8.2531], [-36.9229, -8.2698], [-36.9453, -8.2757], [-36.9473, -8.2911], [-36.9562, -8.2992]]]}}, {"type": "Feature", "properties": {"osm_type": "relation", "osm_id": 352276598, "name": "Barra de Guabiraba", "admin_level": "6", "kind": "subdivision_2", "parent_osm_id": 303702, "parent_name": "Pernambuco", "parent_iso": "BR-PE"}, "geometry": {"type": "Polygon", "coordinates": [[[-35.5783, -8.4312], [-35.597, -8.4098], [-35.5821, -8.3916], [-35.5619, -8.3769], [-35.5591, -8.3672], [-35.5477, -8.3562], [-35.5495, -8.351], [-35.6552, -8.3778], [-35.6972, -8.3745], [-35.6785, -8.3911], [-35.6859, -8.4408], [-35.6666, -8.4934], [-35.5783, -8.4312]]]}}, {"type": "Feature", "properties": {"osm_type": "relation", "osm_id": 787199607, "name": "Barreiros", "admin_level": "6", "kind": "subdivision_2", "parent_osm_id": 303702, "parent_name": "Pernambuco", "parent_iso": "BR-PE"}, "geometry": {"type": "MultiPolygon", "coordinates": [[[[-35.1322, -8.8546], [-35.1344, -8.835], [-35.1396, -8.8424], [-35.1322, -8.8546]]], [[[-35.1134, -8.7968], [-35.1043, -8.7901], [-35.1134, -8.7968]]], [[[-35.4055, -8.8373], [-35.4066, -8.8427], [-35.3989, -8.8504], [-35.2876, -8.8765], [-35.2788, -8.8751], [-35.2528, -8.8872], [-35.2376, -8.8818], [-35.2624, -8.8554], [-35.1337, -8.8319], [-35.1134, -8.7968], [-35.1264, -8.8011], [-35.1343, -8.7873], [-35.1518, -8.7755], [-35.176, -8.7755], [-35.1818, -8.7708], [-35.1909, -8.7739], [-35.2224, -8.7537], [-35.2346, -8.7572], [-35.248, -8.7753], [-35.2499, -8.7707], [-35.26, -8.7741], [-35.2541, -8.7822], [-35.2618, -8.7839], [-35.2651, -8.779], [-35.2821, -8.7884], [-35.3402, -8.7977], [-35.3662, -8.8073], [-35.3811, -8.8185], [-35.3961, -8.8183], [-35.4055, -8.8373]]]]}}, {"type": "Feature", "properties": {"osm_type": "relation", "osm_id": 196048954, "name": "Belém de Maria", "admin_level": "6", "kind": "subdivision_2", "parent_osm_id": 303702, "parent_name": "Pernambuco", "parent_iso": "BR-PE"}, "geometry": {"type": "Polygon", "coordinates": [[[-35.7992, -8.5948], [-35.8125, -8.5847], [-35.8014, -8.546], [-35.8099, -8.5528], [-35.8142, -8.5507], [-35.825, -8.5254], [-35.8267, -8.5294], [-35.8388, -8.5257], [-35.8446, -8.5309], [-35.8423, -8.5407], [-35.8552, -8.5384], [-35.8399, -8.5791], [-35.8456, -8.5815], [-35.8551, -8.6115], [-35.8346, -8.631], [-35.8258, -8.6286], [-35.8174, -8.6379], [-35.8165, -8.6467], [-35.8081, -8.6501], [-35.8102, -8.6729], [-35.7989, -8.6667], [-35.779, -8.6768], [-35.7595, -8.6733], [-35.7992, -8.5948]]]}}, {"type": "Feature", "properties": {"osm_type": "relation", "osm_id": 923423012, "name": "Belém do São Francisco", "admin_level": "6", "kind": "subdivision_2", "parent_osm_id": 303702, "parent_name": "Pernambuco", "parent_iso": "BR-PE"}, "geometry": {"type": "Polygon", "coordinates": [[[-38.6291, -8.6209], [-38.6379, -8.6141], [-38.6513, -8.6128], [-38.6552, -8.6065], [-38.6518, -8.6012], [-38.6614, -8.6021], [-38.6673, -8.5958], [-38.7451, -8.5745], [-38.7571, -8.575], [-38.7674, -8.5688], [-38.7653, -8.5659], [-38.7757, -8.5548], [-38.7772, -8.5359], [-38.8001, -8.5136], [-38.8176, -8.5053], [-38.8332, -8.5074], [-38.833, -8.478], [-38.8371, -8.4804], [-38.8492, -8.4668], [-38.8412, -8.4395], [-38.8708, -8.4054], [-38.8786, -8.3742], [-38.8866, -8.368], [-38.8886, -8.3483], [-38.9104, -8.3292], [-38.9279, -8.3562], [-38.9528, -8.3568], [-38.9644, -8.3518], [-38.9936, -8.355], [-38.9961, -8.3736], [-39.0104, -8.3794], [-39.0292, -8.374], [-39.0518, -8.3848], [-39.0666, -8.3857], [-39.0636, -8.4108], [-39.0684, -8.4151], [-39.0813, -8.4132], [-39.0891, -8.4227], [-39.0899, -8.4303], [-39.0832, -8.4338], [-39.0846, -8.443], [-39.088, -8.4489], [-39.1024, -8.4521], [-39.1051, -8.4657], [-39.1134, -8.4658], [-39.1109, -8.4795], [-39.1223, -8.4789], [-39.1292, -8.4869], [-39.1256, -8.4962], [-39.1341, -8.5072], [-39.1453, -8.5104], [-39.1476, -8.5155], [-39.1522, -8.5039], [-39.1671, -8.4995], [-39.1755, -8.5052], [-39.1734, -8.5134], [-39.2033, -8.5131], [-39.2145, -8.5232], [-39.2104, -8.5312], [-39.2199, -8.5324], [-39.231, -8.5423], [-39.2359, -8.5374], [-39.2412, -8.5418], [-39.256, -8.5667], [-39.2726, -8.5838], [-39.2665, -8.6109], [-39.247, -8.626], [-39.2418, -8.6365], [-39.2479, -8.6681], [-39.2451, -8.685], [-39.2295, -8.7094], [-39.1998, -8.7107], [-39.1809, -8.7063], [-39.1685, -8.6923], [-39.1556, -8.7074], [-39.1439, -8.7125], [-39.1021, -8.7199], [-39.065, -8.7334], [-39.0335, -8.7363], [-38.9919, -8.7676], [-38.9774, -8.7931], [-38.966, -8.7939], [-38.9533, -8.8052], [-38.9249, -8.7947], [-38.8555, -8.7845], [-38.8572, -8.7749], [-38.8488, -8.7676], [-38.8545, -8.7304], [-38.8454, -8.7141], [-38.8421, -8.6952], [-38.6291, -8.6209]]]}}, {"type": "Feature", "properties": {"osm_type": "relation", "osm_id": 397123096, "name": "Belo Jardim", "admin_level": "6", "kind": "subdivision_2", "parent_osm_id": 303702, "parent_name": "Pernambuco", "parent_iso": "BR-PE"}, "geometry": {"type": "Polygon", "coordinates": [[[-36.4439, -8.1458], [-36.4937, -8.1267], [-36.4908, -8.1332], [-36.4975, -8.1448], [-36.5121, -8.1585], [-36.5468, -8.2094], [-36.5821, -8.206], [-36.6059, -8.2123], [-36.5603, -8.2832], [-36.5602, -8.2743], [-36.5357, -8.2515], [-36.5422, -8.2479], [-36.5422, -8.2398], [-36.5295, -8.2401], [-36.5258, -8.2462], [-36.5132, -8.2311], [-36.4914, -8.2359], [-36.4859, -8.2525], [-36.4976, -8.2657], [-36.4948, -8.2797], [-36.4984, -8.2882], [-36.5254, -8.3033], [-36.5113, -8.3214], [-36.5009, -8.3245], [-36.4945, -8.3225], [-36.4937, -8.3158], [-36.4846, -8.3144], [-36.4928, -8.3835], [-36.5099, -8.4016], [-36.5034, -8.4034], [-36.5008, -8.4101], [-36.4881, -8.4082], [-36.4858, -8.4024], [-36.476, -8.4052], [-36.4681, -8.3893], [-36.4634, -8.3884], [-36.4542, -8.388], [-36.4463, -8.3996], [-36.4356, -8.399], [-36.4066, -8.3751], [-36.3932, -8.3902], [-36.3611, -8.3892], [-36.3349, -8.3221], [-36.3385, -8.3062], [-36.3333, -8.2965], [-36.3151, -8.2907], [-36.3158, -8.2961], [-36.3041, -8.2863], [-36.2693, -8.2838], [-36.2522, -8.2757], [-36.2075, -8.2385], [-36.2081, -8.2254], [-36.2391, -8.208], [-36.2505, -8.1873], [-36.2393, -8.1698], [-36.2688, -8.1612], [-36.3312, -8.165], [-36.351, -8.213], [-36.3622, -8.2256], [-36.3664, -8.21], [-36.4439, -8.1458]]]}}, {"type": "Feature", "properties": {"osm_type": "relation", "osm_id": 699045619, "name": "Betânia", "admin_level": "6", "kind": "subdivision_2", "parent_osm_id": 303702, "parent_name": "Pernambuco", "parent_iso": "BR-PE"}, "geometry": {"type": "Polygon", "coordinates": [[[-37.8114, -8.081], [-37.8316, -8.0756], [-37.8494, -8.0838], [-37.8822, -8.075], [-37.8931, -8.0812], [-37.9058, -8.0731], [-37.9203, -8.0754], [-37.9368, -8.0646], [-37.9416, -8.0777], [-37.982, -8.0832], [-38.0115, -8.1151], [-38.0246, -8.1218], [-38.027, -8.1384], [-38.0483, -8.151], [-38.0627, -8.148], [-38.0857, -8.164], [-38.0944, -8.1782], [-38.1065, -8.1866], [-38.1179, -8.2207], [-38.1328, -8.2157], [-38.1523, -8.2234], [-38.1675, -8.2393], [-38.174, -8.2472], [-38.1668, -8.2663], [-38.1776, -8.2682], [-38.1784, -8.2775], [-38.1925, -8.2902], [-38.19, -8.3009], [-38.1939, -8.3174], [-38.1828, -8.3556], [-38.1693, -8.3753], [-38.1684, -8.3958], [-38.1386, -8.4083], [-38.1187, -8.4073], [-38.0879, -8.4161], [-38.0808, -8.4225], [-38.0797, -8.4331], [-38.0695, -8.4406], [-38.072, -8.4449], [-38.0645, -8.4437], [-38.0371, -8.4598], [-38.0283, -8.4585], [-38.0241, -8.4516], [-37.9662, -8.4582], [-37.9309, -8.4386], [-37.9317, -8.4312], [-37.9153, -8.4093], [-37.8931, -8.3933], [-37.8608, -8.3509], [-37.859, -8.3304], [-37.8515, -8.3165], [-37.859, -8.297], [-37.8471, -8.2748], [-37.8512, -8.2617], [-37.8426, -8.2458], [-37.812, -8.2238], [-37.799, -8.2033], [-37.8114, -8.081]]]}}, {"type": "Feature", "properties": {"osm_type": "relation", "osm_id": 359471127, "name": "Bezerros", "admin_level": "6", "kind": "subdivision_2", "parent_osm_id": 303702, "parent_name": "Pernambuco", "parent_iso": "BR-PE"}, "geometry": {"type": "Polygon", "coordinates": [[[-35.9033, -8.3844], [-35.876, -8.3777], [-35.8689, -8.3807], [-35.8589, -8.3752], [-35.8456, -8.3787], [-35.8347, -8.3689], [-35.8095, -8.3612], [-35.7928, -8.3297], [-35.7698, -8.3125], [-35.7769, -8.2984], [-35.7538, -8.2895], [-35.7376, -8.2657], [-35.7196, -8.2494], [-35.7102, -8.224], [-35.654, -8.2033], [-35.656, -8.159], [-35.6303, -8.104], [-35.8366, -8.1141], [-35.8462, -8.1342], [-35.8504, -8.1591], [-35.8617, -8.1645], [-35.8733, -8.1628], [-35.8907, -8.178], [-35.8523, -8.2717], [-35.8619, -8.2832], [-35.8535, -8.3034], [-35.8792, -8.3314], [-35.8897, -8.3505], [-35.9174, -8.3599], [-35.9207, -8.3658], [-35.9034, -8.3747], [-35.9033, -8.3844]]]}}, {"type": "Feature", "properties": {"osm_type": "relation", "osm_id": 425857091, "name": "Bodocó", "admin_level": "6", "kind": "subdivision_2", "parent_osm_id": 303702, "parent_name": "Pernambuco", "parent_iso": "BR-PE"}, "geometry": {"type": "Polygon", "coordinates": [[[-40.1571, -7.3714], [-40.0889, -7.7782], [-40.0959, -7.7817], [-40.0938, -7.7921], [-40.0852, -7.8073], [-40.0697, -7.8095], [-40.0323, -7.7956], [-40.0108, -7.7927], [-39.939, -7.8228], [-39.929, -7.855], [-39.9394, -7.886], [-39.9366, -7.8888], [-39.9432, -7.894], [-39.929, -7.9058], [-39.933, -7.9134], [-39.9101, -7.9405], [-39.9023, -7.9777], [-39.8972, -7.9751], [-39.8736, -8.0027], [-39.874, -8.0105], [-39.8619, -8.0172], [-39.8542, -8.0284], [-39.7625, -7.9125], [-39.8146, -7.6905], [-39.9038, -7.7068], [-39.9045, -7.3383], [-39.9262, -7.341], [-40.0006, -7.3744], [-40.0451, -7.3807], [-40.1277, -7.3819], [-40.1571, -7.3714]]]}}, {"type": "Feature", "properties": {"osm_type": "relation", "osm_id": 409517988, "name": "Bom Conselho", "admin_level": "6", "kind": "subdivision_2", "parent_osm_id": 303702, "parent_name": "Pernambuco", "parent_iso": "BR-PE"}, "geometry": {"type": "Polygon", "coordinates": [[[-36.5334, -9.1009], [-36.5633, -9.119], [-36.6089, -9.1211], [-36.6169, -9.1165], [-36.6223, -9.1208], [-36.627, -9.1147], [-36.6563, -9.1266], [-36.7022, -9.1155], [-36.7058, -9.1133], [-36.7045, -9.0964], [-36.6894, -9.0688], [-36.6886, -9.0204], [-36.7044, -9.021], [-36.7426, -9.0659], [-36.75, -9.0866], [-36.7597, -9.0937], [-36.7696, -9.0924], [-36.7849, -9.1124], [-36.769, -9.1374], [-36.8725, -9.1679], [-36.8832, -9.264], [-36.8809, -9.2761], [-36.8748, -9.2755], [-36.872, -9.2683], [-36.8662, -9.2691], [-36.8476, -9.2771], [-36.837, -9.2885], [-36.7613, -9.2716], [-36.6892, -9.2964], [-36.671, -9.3125], [-36.6453, -9.3144], [-36.6281, -9.3319], [-36.6141, -9.324], [-36.6151, -9.3301], [-36.6052, -9.3409], [-36.5681, -9.3316], [-36.564, -9.3228], [-36.5724, -9.3195], [-36.5718, -9.2939], [-36.5524, -9.2823], [-36.4994, -9.2638], [-36.5071, -9.261], [-36.5113, -9.2519], [-36.5074, -9.2352], [-36.5207, -9.2235], [-36.5237, -9.2149], [-36.5205, -9.1917], [-36.5258, -9.1856], [-36.508, -9.1762], [-36.5039, -9.1648], [-36.5138, -9.1603], [-36.5124, -9.1473], [-36.518, -9.1428], [-36.5111, -9.1374], [-36.5121, -9.1327], [-36.5273, -9.1104], [-36.5333, -9.109], [-36.5334, -9.1009]]]}}, {"type": "Feature", "properties": {"osm_type": "relation", "osm_id": 819723175, "name": "Bom Jardim", "admin_level": "6", "kind": "subdivision_2", "parent_osm_id": 303702, "parent_name": "Pernambuco", "parent_iso": "BR-PE"}, "geometry": {"type": "Polygon", "coordinates": [[[-35.4191, -7.7212], [-35.4457, -7.6927], [-35.484, -7.7295], [-35.4907, -7.7299], [-35.5172, -7.7492], [-35.5229, -7.7452], [-35.533, -7.7477], [-35.5297, -7.7436], [-35.5414, -7.7351], [-35.5387, -7.7287], [-35.5479, -7.7227], [-35.5483, -7.7168], [-35.5855, -7.7427], [-35.6129, -7.7817], [-35.627, -7.7638], [-35.6294, -7.7661], [-35.6394, -7.7578], [-35.6701, -7.7564], [-35.671, -7.7757], [-35.7058, -7.7766], [-35.7123, -7.8154], [-35.709, -7.8286], [-35.6995, -7.8386], [-35.6988, -7.8477], [-35.6872, -7.8465], [-35.6832, -7.8355], [-35.6027, -7.838], [-35.5781, -7.8283], [-35.5694, -7.8335], [-35.518, -7.8008], [-35.502, -7.8075], [-35.477, -7.7978], [-35.4771, -7.7846], [-35.4848, -7.778], [-35.4815, -7.743], [-35.4574, -7.7151], [-35.4191, -7.7212]]]}}, {"type": "Feature", "properties": {"osm_type": "relation", "osm_id": 455541375, "name": "Bonito", "admin_level": "6", "kind": "subdivision_2", "parent_osm_id": 303702, "parent_name": "Pernambuco", "parent_iso": "BR-PE"}, "geometry": {"type": "Polygon", "coordinates": [[[-35.6972, -8.3745], [-35.7224, -8.3869], [-35.7546, -8.3848], [-35.7516, -8.4027], [-35.7576, -8.4119], [-35.7419, -8.4363], [-35.7624, -8.4413], [-35.7652, -8.4521], [-35.7735, -8.4532], [-35.7851, -8.463], [-35.8092, -8.4674], [-35.823, -8.4603], [-35.8357, -8.4756], [-35.8376, -8.4821], [-35.8175, -8.5001], [-35.825, -8.5254], [-35.8142, -8.5507], [-35.8099, -8.5528], [-35.8014, -8.546], [-35.8125, -8.5847], [-35.8026, -8.5946], [-35.7929, -8.5988], [-35.7801, -8.59], [-35.7735, -8.5996], [-35.7533, -8.5828], [-35.7453, -8.5891], [-35.7273, -8.5927], [-35.7214, -8.588], [-35.7229, -8.579], [-35.7141, -8.58], [-35.6999, -8.5989], [-35.6887, -8.5956], [-35.6997, -8.5725], [-35.6977, -8.5473], [-35.6425, -8.5351], [-35.6406, -8.5497], [-35.6328, -8.5507], [-35.6179, -8.5401], [-35.6139, -8.5299], [-35.5875, -8.5163], [-35.5688, -8.498], [-35.5428, -8.4858], [-35.546, -8.4797], [-35.5556, -8.4776], [-35.5476, -8.4683], [-35.5459, -8.4545], [-35.5623, -8.4477], [-35.5629, -8.4391], [-35.5523, -8.432], [-35.5658, -8.4148], [-35.5783, -8.4312], [-35.6666, -8.4934], [-35.6859, -8.4408], [-35.6785, -8.3911], [-35.6972, -8.3745]]]}}, {"type": "Feature", "properties": {"osm_type": "relation", "osm_id": 975904766, "name": "Brejão", "admin_level": "6", "kind": "subdivision_2", "parent_osm_id": 303702, "parent_name": "Pernambuco", "parent_iso": "BR-PE"}, "geometry": {"type": "Polygon", "coordinates": [[[-36.5308, -9.105], [-36.4782, -9.0859], [-36.4806, -8.9699], [-36.5057, -8.955], [-36.5323, -8.9659], [-36.5503, -8.9545], [-36.5556, -8.9657], [-36.5702, -8.9774], [-36.5614, -8.9895], [-36.5844, -8.9876], [-36.5807, -8.9937], [-36.5948, -9.0], [-36.5899, -9.0147], [-36.5938, -9.0208], [-36.5909, -9.0234], [-36.5995, -9.0306], [-36.5927, -9.0407], [-36.5966, -9.0501], [-36.5885, -9.0438], [-36.5782, -9.0644], [-36.5612, -9.0696], [-36.5653, -9.0767], [-36.5579, -9.073], [-36.5457, -9.0791], [-36.5432, -9.0923], [-36.5488, -9.096], [-36.5308, -9.105]]]}}, {"type": "Feature", "properties": {"osm_type": "relation", "osm_id": 891790914, "name": "Brejinho", "admin_level": "6", "kind": "subdivision_2", "parent_osm_id": 303702, "parent_name": "Pernambuco", "parent_iso": "BR-PE"}, "geometry": {"type": "Polygon", "coordinates": [[[-37.4329, -7.3578], [-37.4105, -7.3799], [-37.3819, -7.373], [-37.3689, -7.3794], [-37.3573, -7.3773], [-37.3524, -7.3548], [-37.3447, -7.3692], [-37.315, -7.3662], [-37.2901, -7.3952], [-37.27, -7.3935], [-37.2824, -7.3687], [-37.2805, -7.3507], [-37.2717, -7.335], [-37.273, -7.3268], [-37.2618, -7.3078], [-37.2607, -7.2741], [-37.2773, -7.275], [-37.2875, -7.287], [-37.3326, -7.2896], [-37.3571, -7.322], [-37.3494, -7.336], [-37.3724, -7.3506], [-37.4114, -7.3613], [-37.4255, -7.3529], [-37.4329, -7.3578]]]}}, {"type": "Feature", "properties": {"osm_type": "relation", "osm_id": 902906128, "name": "Brejo da Madre de Deus", "admin_level": "6", "kind": "subdivision_2", "parent_osm_id": 303702, "parent_name": "Pernambuco", "parent_iso": "BR-PE"}, "geometry": {"type": "MultiPolygon", "coordinates": [[[[-36.1385, -8.1912], [-36.1302, -8.1966], [-36.1227, -8.1873], [-36.1385, -8.1912]]], [[[-36.2081, -8.2254], [-36.193, -8.2361], [-36.1804, -8.2302], [-36.1385, -8.1912], [-36.1491, -8.1645], [-36.1644, -8.1602], [-36.1787, -8.1433], [-36.1786, -8.1332], [-36.1664, -8.1136], [-36.1667, -8.1007], [-36.1728, -8.0948], [-36.1798, -8.0659], [-36.1762, -8.0604], [-36.1666, -8.0586], [-36.1704, -8.0497], [-36.1603, -8.0496], [-36.1537, -8.032], [-36.1475, -8.0321], [-36.1453, -8.0257], [-36.1303, -8.0158], [-36.1328, -8.0123], [-36.1262, -8.0042], [-36.1119, -7.997], [-36.1075, -7.9778], [-36.1128, -7.971], [-36.1247, -7.9671], [-36.1323, -7.9697], [-36.1368, -7.9641], [-36.1487, -7.9641], [-36.1501, -7.9726], [-36.1558, -7.9738], [-36.1605, -7.9665], [-36.1767, -7.9686], [-36.1913, -7.9587], [-36.2039, -7.9626], [-36.2265, -7.9554], [-36.2618, -7.9539], [-36.2918, -7.9436], [-36.3275, -7.9683], [-36.3426, -7.9594], [-36.353, -7.9613], [-36.3509, -7.9565], [-36.3576, -7.9497], [-36.3722, -7.951], [-36.3806, -7.9366], [-36.4007, -7.9381], [-36.4231, -7.9219], [-36.4437, -7.9203], [-36.3802, -7.9767], [-36.4439, -8.1458], [-36.3664, -8.21], [-36.3622, -8.2256], [-36.351, -8.213], [-36.3312, -8.165], [-36.2688, -8.1612], [-36.2393, -8.1698], [-36.2505, -8.1873], [-36.2442, -8.2005], [-36.2257, -8.2183], [-36.2081, -8.2254]]]]}}, {"type": "Feature", "properties": {"osm_type": "relation", "osm_id": 287931805, "name": "Buenos Aires", "admin_level": "6", "kind": "subdivision_2", "parent_osm_id": 303702, "parent_name": "Pernambuco", "parent_iso": "BR-PE"}, "geometry": {"type": "Polygon", "coordinates": [[[-35.3043, -7.766], [-35.2594, -7.6759], [-35.2947, -7.7097], [-35.322, -7.7029], [-35.3566, -7.7091], [-35.37, -7.6955], [-35.3847, -7.7237], [-35.4378, -7.7503], [-35.4056, -7.7757], [-35.3891, -7.7613], [-35.3632, -7.7676], [-35.355, -7.7785], [-35.3435, -7.7701], [-35.3169, -7.7743], [-35.3043, -7.766]]]}}, {"type": "Feature", "properties": {"osm_type": "relation", "osm_id": 813844330, "name": "Buíque", "admin_level": "6", "kind": "subdivision_2", "parent_osm_id": 303702, "parent_name": "Pernambuco", "parent_iso": "BR-PE"}, "geometry": {"type": "Polygon", "coordinates": [[[-36.9937, -8.8969], [-36.9709, -8.71], [-36.9886, -8.5573], [-37.0008, -8.5422], [-37.0467, -8.5422], [-37.0707, -8.5338], [-37.0228, -8.4986], [-37.0902, -8.4408], [-37.1388, -8.4266], [-37.1477, -8.4035], [-37.1596, -8.404], [-37.1873, -8.4204], [-37.2022, -8.4178], [-37.2087, -8.4074], [-37.2229, -8.4056], [-37.3015, -8.6414], [-37.2901, -8.6612], [-37.2851, -8.6927], [-37.2888, -8.6969], [-37.282, -8.7123], [-37.2583, -8.7415], [-37.2353, -8.747], [-37.2033, -8.7448], [-37.1812, -8.7528], [-37.1726, -8.7658], [-37.1534, -8.7687], [-37.1572, -8.7746], [-37.1513, -8.7896], [-37.1323, -8.807], [-37.1167, -8.8114], [-37.1115, -8.8259], [-37.0972, -8.8346], [-37.0783, -8.8662], [-37.0849, -8.8747], [-37.088, -8.8953], [-37.0815, -8.9187], [-37.0876, -8.9295], [-37.0851, -8.9366], [-37.0926, -8.9531], [-37.1017, -8.9602], [-37.0998, -8.9721], [-37.0889, -8.965], [-37.0736, -8.943], [-37.0528, -8.9345], [-37.0443, -8.9196], [-37.0271, -8.9173], [-36.9937, -8.8969]]]}}, {"type": "Feature", "properties": {"osm_type": "relation", "osm_id": 648798226, "name": "Cabo de Santo Agostinho", "admin_level": "6", "kind": "subdivision_2", "parent_osm_id": 303702, "parent_name": "Pernambuco", "parent_iso": "BR-PE"}, "geometry": {"type": "Polygon", "coordinates": [[[-35.0634, -8.222], [-35.0783, -8.2183], [-35.1197, -8.1854], [-35.1415, -8.1883], [-35.1486, -8.1851], [-35.1644, -8.2179], [-35.1621, -8.2248], [-35.2188, -8.1869], [-35.2284, -8.1988], [-35.2279, -8.2068], [-35.2417, -8.212], [-35.2474, -8.1867], [-35.266, -8.2505], [-35.2574, -8.2646], [-35.2526, -8.2647], [-35.2498, -8.2775], [-35.2381, -8.2726], [-35.2362, -8.292], [-35.2285, -8.2942], [-35.2111, -8.2877], [-35.196, -8.2972], [-35.1518, -8.2795], [-35.1458, -8.2892], [-35.1489, -8.2995], [-35.1082, -8.334], [-35.1021, -8.3274], [-35.0797, -8.3333], [-35.0692, -8.3482], [-35.0443, -8.3491], [-35.0238, -8.3635], [-35.0122, -8.3579], [-34.992, -8.3615], [-34.9869, -8.3536], [-34.9807, -8.3531], [-34.9611, -8.3662], [-34.9536, -8.3559], [-34.9455, -8.3588], [-34.9397, -8.3495], [-34.95, -8.3374], [-34.9431, -8.3037], [-34.9511, -8.2988], [-34.9517, -8.2925], [-34.9445, -8.2613], [-34.9247, -8.2313], [-34.9259, -8.2271], [-34.9285, -8.2253], [-34.935, -8.2373], [-34.9435, -8.241], [-34.9583, -8.2334], [-34.9565, -8.2251], [-34.9632, -8.2156], [-34.9776, -8.2297], [-34.9865, -8.2203], [-34.9957, -8.2238], [-35.0062, -8.2075], [-35.0634, -8.222]]]}}, {"type": "Feature", "properties": {"osm_type": "relation", "osm_id": 777857023, "name": "Cabrobó", "admin_level": "6", "kind": "subdivision_2", "parent_osm_id": 303702, "parent_name": "Pernambuco", "parent_iso": "BR-PE"}, "geometry": {"type": "Polygon", "coordinates": [[[-39.0483, -8.3801], [-39.2087, -8.2271], [-39.2495, -8.2138], [-39.3018, -8.2273], [-39.3184, -8.183], [-39.3355, -8.1855], [-39.3363, -8.1938], [-39.3495, -8.2024], [-39.3568, -8.197], [-39.366, -8.2024], [-39.3767, -8.2185], [-39.3707, -8.2234], [-39.3792, -8.2414], [-39.3704, -8.2495], [-39.3802, -8.2585], [-39.3957, -8.2479], [-39.4074, -8.2469], [-39.4102, -8.2412], [-39.4473, -8.2454], [-39.468, -8.2371], [-39.4957, -8.2476], [-39.5119, -8.2391], [-39.5394, -8.2387], [-39.5445, -8.2447], [-39.5691, -8.2495], [-39.5407, -8.334], [-39.5428, -8.349], [-39.5564, -8.3642], [-39.5534, -8.368], [-39.5588, -8.387], [-39.5548, -8.3976], [-39.5645, -8.4065], [-39.5655, -8.4145], [-39.5607, -8.4328], [-39.5472, -8.4562], [-39.5501, -8.4639], [-39.514, -8.5141], [-39.4784, -8.5341], [-39.476, -8.5927], [-39.4612, -8.5819], [-39.4521, -8.5631], [-39.4355, -8.5633], [-39.4148, -8.5418], [-39.3798, -8.5328], [-39.3644, -8.5378], [-39.3436, -8.5591], [-39.2932, -8.5606], [-39.2841, -8.5658], [-39.2726, -8.5838], [-39.256, -8.5667], [-39.2412, -8.5418], [-39.2359, -8.5374], [-39.231, -8.5423], [-39.2199, -8.5324], [-39.2104, -8.5312], [-39.2145, -8.5232], [-39.2033, -8.5131], [-39.1734, -8.5134], [-39.1755, -8.5052], [-39.1671, -8.4995], [-39.1522, -8.5039], [-39.1476, -8.5155], [-39.1453, -8.5104], [-39.1341, -8.5072], [-39.1256, -8.4962], [-39.1292, -8.4869], [-39.1223, -8.4789], [-39.1109, -8.4795], [-39.1134, -8.4658], [-39.1051, -8.4657], [-39.1024, -8.4521], [-39.088, -8.4489], [-39.0846, -8.443], [-39.0832, -8.4338], [-39.0899, -8.4303], [-39.0891, -8.4227], [-39.0813, -8.4132], [-39.0684, -8.4151], [-39.0636, -8.4108], [-39.0666, -8.3857], [-39.0518, -8.3848], [-39.0483, -8.3801]]]}}, {"type": "Feature", "properties": {"osm_type": "relation", "osm_id": 893827894, "name": "Cachoeirinha", "admin_level": "6", "kind": "subdivision_2", "parent_osm_id": 303702, "parent_name": "Pernambuco", "parent_iso": "BR-PE"}, "geometry": {"type": "Polygon", "coordinates": [[[-36.2172, -8.4874], [-36.2242, -8.4539], [-36.3363, -8.3949], [-36.3327, -8.3817], [-36.3611, -8.3892], [-36.3556, -8.4256], [-36.3206, -8.488], [-36.3073, -8.5306], [-36.3259, -8.5648], [-36.3318, -8.6147], [-36.2739, -8.5613], [-36.2671, -8.5624], [-36.2432, -8.5183], [-36.2172, -8.4874]]]}}, {"type": "Feature", "properties": {"osm_type": "relation", "osm_id": 867792914, "name": "Caetés", "admin_level": "6", "kind": "subdivision_2", "parent_osm_id": 303702, "parent_name": "Pernambuco", "parent_iso": "BR-PE"}, "geometry": {"type": "Polygon", "coordinates": [[[-36.5416, -8.7844], [-36.5566, -8.758], [-36.57, -8.7613], [-36.5811, -8.7711], [-36.6197, -8.771], [-36.632, -8.7542], [-36.7022, -8.7239], [-36.7732, -8.7318], [-36.7741, -8.7618], [-36.7592, -8.7746], [-36.7597, -8.7796], [-36.7774, -8.7913], [-36.7802, -8.7986], [-36.7668, -8.8196], [-36.7547, -8.828], [-36.7593, -8.8339], [-36.6672, -8.8338], [-36.6712, -8.8554], [-36.6657, -8.8668], [-36.645, -8.8704], [-36.6128, -8.9052], [-36.6126, -8.8952], [-36.6064, -8.8922], [-36.575, -8.8882], [-36.5625, -8.8908], [-36.5432, -8.8812], [-36.5839, -8.8283], [-36.5416, -8.7844]]]}}, {"type": "Feature", "properties": {"osm_type": "relation", "osm_id": 109770875, "name": "Calçado", "admin_level": "6", "kind": "subdivision_2", "parent_osm_id": 303702, "parent_name": "Pernambuco", "parent_iso": "BR-PE"}, "geometry": {"type": "Polygon", "coordinates": [[[-36.2995, -8.8333], [-36.249, -8.7859], [-36.3823, -8.6352], [-36.369, -8.6875], [-36.3717, -8.7437], [-36.3248, -8.8048], [-36.3173, -8.8064], [-36.3163, -8.8238], [-36.2995, -8.8333]]]}}, {"type": "Feature", "properties": {"osm_type": "relation", "osm_id": 769546088, "name": "Calumbi", "admin_level": "6", "kind": "subdivision_2", "parent_osm_id": 303702, "parent_name": "Pernambuco", "parent_iso": "BR-PE"}, "geometry": {"type": "Polygon", "coordinates": [[[-37.9394, -8.0686], [-38.0163, -8.0824], [-38.0571, -8.025], [-38.0777, -8.0228], [-38.0921, -8.0146], [-38.1054, -8.0158], [-38.0348, -7.9622], [-38.0521, -7.9215], [-38.0707, -7.9201], [-38.0738, -7.9298], [-38.0837, -7.9368], [-38.0887, -7.9233], [-38.1294, -7.9045], [-38.1634, -7.9054], [-38.1679, -7.9283], [-38.1495, -7.9453], [-38.0974, -8.0536], [-38.0282, -8.1335], [-38.0246, -8.1218], [-38.0115, -8.1151], [-37.982, -8.0832], [-37.9416, -8.0777], [-37.9394, -8.0686]]]}}, {"type": "Feature", "properties": {"osm_type": "relation", "osm_id": 891581762, "name": "Camaragibe", "admin_level": "6", "kind": "subdivision_2", "parent_osm_id": 303702, "parent_name": "Pernambuco", "parent_iso": "BR-PE"}, "geometry": {"type": "Polygon", "coordinates": [[[-35.0, -7.9292], [-35.0153, -7.926], [-35.0287, -7.9323], [-35.0342, -7.9413], [-35.0299, -7.958], [-35.017, -7.9599], [-35.01, -7.971], [-35.0166, -7.9908], [-35.0053, -8.0172], [-35.0158, -8.0214], [-35.0114, -8.037], [-34.994, -8.0324], [-34.9865, -8.0362], [-34.9622, -8.0198], [-34.9622, -7.9753], [-35.003, -7.9604], [-34.9995, -7.9491], [-35.0066, -7.9459], [-35.0, -7.9292]]]}}, {"type": "Feature", "properties": {"osm_type": "relation", "osm_id": 970091059, "name": "Camocim de São Félix", "admin_level": "6", "kind": "subdivision_2", "parent_osm_id": 303702, "parent_name": "Pernambuco", "parent_iso": "BR-PE"}, "geometry": {"type": "Polygon", "coordinates": [[[-35.8456, -8.3787], [-35.8456, -8.3904], [-35.8211, -8.388], [-35.7725, -8.374], [-35.7678, -8.3837], [-35.7224, -8.3869], [-35.7235, -8.3766], [-35.7332, -8.3693], [-35.739, -8.3405], [-35.7297, -8.3159], [-35.7567, -8.2907], [-35.7769, -8.2984], [-35.7698, -8.3125], [-35.7928, -8.3297], [-35.8095, -8.3612], [-35.8347, -8.3689], [-35.8456, -8.3787]]]}}, {"type": "Feature", "properties": {"osm_type": "relation", "osm_id": 295464103, "name": "Camutanga", "admin_level": "6", "kind": "subdivision_2", "parent_osm_id": 303702, "parent_name": "Pernambuco", "parent_iso": "BR-PE"}, "geometry": {"type": "Polygon", "coordinates": [[[-35.343, -7.4222], [-35.3341, -7.4307], [-35.3378, -7.4372], [-35.3288, -7.4547], [-35.3193, -7.4578], [-35.3123, -7.4796], [-35.2591, -7.4215], [-35.2371, -7.4406], [-35.2455, -7.4256], [-35.2726, -7.4046], [-35.2959, -7.408], [-35.3203, -7.4196], [-35.3318, -7.4148], [-35.3335, -7.4227], [-35.343, -7.4222]]]}}, {"type": "Feature", "properties": {"osm_type": "relation", "osm_id": 367292806, "name": "Canhotinho", "admin_level": "6", "kind": "subdivision_2", "parent_osm_id": 303702, "parent_name": "Pernambuco", "parent_iso": "BR-PE"}, "geometry": {"type": "Polygon", "coordinates": [[[-36.2337, -8.9338], [-36.2407, -8.9518], [-36.24, -8.9878], [-36.2451, -8.9994], [-36.219, -9.0042], [-36.2167, -9.0234], [-36.195, -9.0197], [-36.1876, -9.0257], [-36.177, -9.0212], [-36.1697, -9.0296], [-36.1602, -9.0283], [-36.1556, -9.0328], [-36.1117, -9.0174], [-36.1137, -9.0092], [-36.1043, -8.9989], [-36.1113, -8.9885], [-36.1267, -8.9812], [-36.1276, -8.9568], [-36.0863, -8.9439], [-36.0639, -8.9153], [-36.0332, -8.9084], [-36.0611, -8.8951], [-36.1255, -8.8423], [-36.1209, -8.837], [-36.1245, -8.8344], [-36.1498, -8.8255], [-36.15, -8.8044], [-36.1693, -8.7939], [-36.1759, -8.784], [-36.1859, -8.7818], [-36.1877, -8.7871], [-36.2167, -8.7932], [-36.1856, -8.7119], [-36.2186, -8.7138], [-36.249, -8.7859], [-36.2995, -8.8333], [-36.2896, -8.8433], [-36.2674, -8.8398], [-36.2611, -8.8474], [-36.2649, -8.856], [-36.2437, -8.8559], [-36.2364, -8.8695], [-36.2306, -8.8659], [-36.2168, -8.8698], [-36.2235, -8.875], [-36.2177, -8.8828], [-36.2337, -8.9338]]]}}, {"type": "Feature", "properties": {"osm_type": "relation", "osm_id": 383078328, "name": "Capoeiras", "admin_level": "6", "kind": "subdivision_2", "parent_osm_id": 303702, "parent_name": "Pernambuco", "parent_iso": "BR-PE"}, "geometry": {"type": "Polygon", "coordinates": [[[-36.5416, -8.7844], [-36.5196, -8.7854], [-36.503, -8.7896], [-36.4988, -8.7954], [-36.4862, -8.7959], [-36.5147, -8.7712], [-36.5161, -8.7616], [-36.5072, -8.7451], [-36.5142, -8.732], [-36.4997, -8.7184], [-36.5068, -8.7076], [-36.4873, -8.703], [-36.4901, -8.6933], [-36.4983, -8.6807], [-36.5341, -8.6574], [-36.5427, -8.6241], [-36.5609, -8.6416], [-36.5674, -8.6359], [-36.5694, -8.6247], [-36.5731, -8.6253], [-36.5689, -8.6137], [-36.5782, -8.6154], [-36.5869, -8.6007], [-36.6095, -8.6062], [-36.6034, -8.5943], [-36.6162, -8.5703], [-36.6135, -8.5584], [-36.6623, -8.5952], [-36.6682, -8.6111], [-36.6761, -8.6142], [-36.6863, -8.629], [-36.6747, -8.6574], [-36.6802, -8.6663], [-36.69, -8.6701], [-36.7022, -8.7239], [-36.632, -8.7542], [-36.6197, -8.771], [-36.5811, -8.7711], [-36.57, -8.7613], [-36.5566, -8.758], [-36.5416, -8.7844]]]}}, {"type": "Feature", "properties": {"osm_type": "relation", "osm_id": 535131878, "name": "Carnaíba", "admin_level": "6", "kind": "subdivision_2", "parent_osm_id": 303702, "parent_name": "Pernambuco", "parent_iso": "BR-PE"}, "geometry": {"type": "Polygon", "coordinates": [[[-37.7537, -7.6278], [-37.7464, -7.6283], [-37.7404, -7.6365], [-37.7506, -7.6629], [-37.7611, -7.6663], [-37.7679, -7.6568], [-37.7691, -7.6756], [-37.7572, -7.6892], [-37.7826, -7.6839], [-37.7993, -7.7555], [-37.846, -7.8021], [-37.8399, -7.8101], [-37.8395, -7.822], [-37.8308, -7.8225], [-37.7458, -7.8719], [-37.6922, -7.9844], [-37.6822, -7.9793], [-37.6825, -7.972], [-37.6702, -7.9685], [-37.6735, -7.9566], [-37.663, -7.9519], [-37.6593, -7.9408], [-37.6515, -7.9395], [-37.6521, -7.9311], [-37.6402, -7.9229], [-37.6305, -7.9002], [-37.6168, -7.8952], [-37.6715, -7.8233], [-37.6917, -7.8131], [-37.6827, -7.8025], [-37.7042, -7.7801], [-37.7058, -7.7702], [-37.6981, -7.7636], [-37.6826, -7.7603], [-37.6967, -7.7183], [-37.6903, -7.7067], [-37.6909, -7.6908], [-37.6848, -7.678], [-37.687, -7.6632], [-37.6806, -7.6462], [-37.7078, -7.6135], [-37.7281, -7.6164], [-37.7457, -7.6093], [-37.7556, -7.6203], [-37.7537, -7.6278]]]}}, {"type": "Feature", "properties": {"osm_type": "relation", "osm_id": 422626955, "name": "Carnaubeira da Penha", "admin_level": "6", "kind": "subdivision_2", "parent_osm_id": 303702, "parent_name": "Pernambuco", "parent_iso": "BR-PE"}, "geometry": {"type": "Polygon", "coordinates": [[[-38.6291, -8.6209], [-38.551, -8.2882], [-38.5687, -8.2986], [-38.6297, -8.3104], [-38.6443, -8.3022], [-38.6529, -8.289], [-38.6772, -8.2805], [-38.702, -8.2625], [-38.7199, -8.258], [-38.7393, -8.245], [-38.8126, -8.2352], [-38.8506, -8.2859], [-38.8579, -8.2867], [-38.9104, -8.3292], [-38.8886, -8.3483], [-38.8866, -8.368], [-38.8786, -8.3742], [-38.8708, -8.4054], [-38.8412, -8.4395], [-38.8492, -8.4668], [-38.8371, -8.4804], [-38.833, -8.478], [-38.8332, -8.5074], [-38.8176, -8.5053], [-38.8001, -8.5136], [-38.7772, -8.5359], [-38.7757, -8.5548], [-38.7653, -8.5659], [-38.7674, -8.5688], [-38.7571, -8.575], [-38.7451, -8.5745], [-38.6673, -8.5958], [-38.6614, -8.6021], [-38.6518, -8.6012], [-38.6552, -8.6065], [-38.6513, -8.6128], [-38.6379, -8.6141], [-38.6291, -8.6209]]]}}, {"type": "Feature", "properties": {"osm_type": "relation", "osm_id": 628247950, "name": "Carpina", "admin_level": "6", "kind": "subdivision_2", "parent_osm_id": 303702, "parent_name": "Pernambuco", "parent_iso": "BR-PE"}, "geometry": {"type": "Polygon", "coordinates": [[[-35.4056, -7.7757], [-35.4043, -7.8246], [-35.3948, -7.8267], [-35.3774, -7.8187], [-35.3579, -7.8285], [-35.3507, -7.8296], [-35.338, -7.8225], [-35.323, -7.8241], [-35.3174, -7.8303], [-35.3016, -7.8272], [-35.2954, -7.8208], [-35.2824, -7.8401], [-35.2903, -7.8712], [-35.2821, -7.8756], [-35.2738, -7.8899], [-35.2682, -7.8924], [-35.244, -7.8867], [-35.2148, -7.8897], [-35.226, -7.8212], [-35.2522, -7.8087], [-35.3043, -7.766], [-35.3169, -7.7743], [-35.3435, -7.7701], [-35.355, -7.7785], [-35.3632, -7.7676], [-35.3891, -7.7613], [-35.4056, -7.7757]]]}}, {"type": "Feature", "properties": {"osm_type": "relation", "osm_id": 426671094, "name": "Caruaru", "admin_level": "6", "kind": "subdivision_2", "parent_osm_id": 303702, "parent_name": "Pernambuco", "parent_iso": "BR-PE"}, "geometry": {"type": "Polygon", "coordinates": [[[-35.9207, -8.3658], [-35.9174, -8.3599], [-35.8897, -8.3505], [-35.8792, -8.3314], [-35.8535, -8.3034], [-35.8619, -8.2832], [-35.8523, -8.2717], [-35.8799, -8.2063], [-35.9171, -8.1873], [-35.9217, -8.2028], [-35.9265, -8.2005], [-35.976, -8.1666], [-35.9848, -8.1448], [-35.915, -8.0039], [-35.928, -7.9944], [-35.9411, -7.9957], [-36.0061, -7.9765], [-36.0113, -7.9807], [-36.0109, -8.0035], [-36.0439, -8.0068], [-36.0814, -8.0218], [-36.0981, -8.0138], [-36.0966, -8.0053], [-36.109, -8.0042], [-36.1119, -7.997], [-36.116, -7.9977], [-36.1262, -8.0042], [-36.1328, -8.0123], [-36.1303, -8.0158], [-36.1453, -8.0257], [-36.1475, -8.0321], [-36.1537, -8.032], [-36.1603, -8.0496], [-36.1704, -8.0497], [-36.1666, -8.0586], [-36.1762, -8.0604], [-36.1798, -8.0659], [-36.1728, -8.0948], [-36.1667, -8.1007], [-36.1664, -8.1136], [-36.1786, -8.1332], [-36.1787, -8.1433], [-36.1644, -8.1602], [-36.1491, -8.1645], [-36.1385, -8.1912], [-36.1227, -8.1873], [-36.0752, -8.2356], [-36.0615, -8.3626], [-36.064, -8.3846], [-36.0533, -8.3765], [-36.0215, -8.3691], [-36.0089, -8.3617], [-35.9936, -8.3728], [-35.9934, -8.3988], [-35.9684, -8.3774], [-35.9718, -8.359], [-35.946, -8.3578], [-35.9444, -8.3679], [-35.939, -8.3697], [-35.9207, -8.3658]]]}}, {"type": "Feature", "properties": {"osm_type": "relation", "osm_id": 950975135, "name": "Casinhas", "admin_level": "6", "kind": "subdivision_2", "parent_osm_id": 303702, "parent_name": "Pernambuco", "parent_iso": "BR-PE"}, "geometry": {"type": "Polygon", "coordinates": [[[-35.7903, -7.7404], [-35.7665, -7.7718], [-35.7663, -7.7871], [-35.7596, -7.8036], [-35.7524, -7.8051], [-35.7423, -7.8248], [-35.7351, -7.8161], [-35.7207, -7.8314], [-35.7173, -7.8264], [-35.7069, -7.8321], [-35.7123, -7.8154], [-35.7058, -7.7766], [-35.671, -7.7757], [-35.6701, -7.7564], [-35.6394, -7.7578], [-35.6649, -7.7383], [-35.6811, -7.7105], [-35.6801, -7.7051], [-35.684, -7.7077], [-35.7, -7.6917], [-35.7136, -7.7074], [-35.7365, -7.7096], [-35.7477, -7.7232], [-35.7589, -7.7224], [-35.7903, -7.7404]]]}}, {"type": "Feature", "properties": {"osm_type": "relation", "osm_id": 232762653, "name": "Catende", "admin_level": "6", "kind": "subdivision_2", "parent_osm_id": 303702, "parent_name": "Pernambuco", "parent_iso": "BR-PE"}, "geometry": {"type": "Polygon", "coordinates": [[[-35.8102, -8.6729], [-35.8147, -8.676], [-35.8126, -8.6822], [-35.8178, -8.6953], [-35.8145, -8.7058], [-35.8107, -8.6992], [-35.8019, -8.7016], [-35.7946, -8.6974], [-35.7894, -8.7065], [-35.7784, -8.7108], [-35.7701, -8.7038], [-35.7636, -8.706], [-35.756, -8.7011], [-35.7469, -8.7046], [-35.7441, -8.7199], [-35.7526, -8.7242], [-35.7523, -8.734], [-35.7674, -8.7489], [-35.7687, -8.76], [-35.7781, -8.7609], [-35.7743, -8.766], [-35.7409, -8.7506], [-35.7242, -8.7594], [-35.7209, -8.8009], [-35.6632, -8.7391], [-35.6431, -8.7296], [-35.7076, -8.7301], [-35.6686, -8.669], [-35.6956, -8.6327], [-35.6695, -8.5981], [-35.6887, -8.5956], [-35.6999, -8.5989], [-35.7141, -8.58], [-35.7252, -8.5807], [-35.7214, -8.588], [-35.7273, -8.5927], [-35.7453, -8.5891], [-35.7533, -8.5828], [-35.7735, -8.5996], [-35.7801, -8.59], [-35.7866, -8.5974], [-35.7992, -8.5948], [-35.7595, -8.6733], [-35.779, -8.6768], [-35.7989, -8.6667], [-35.8102, -8.6729]]]}}, {"type": "Feature", "properties": {"osm_type": "relation", "osm_id": 396000845, "name": "Cedro", "admin_level": "6", "kind": "subdivision_2", "parent_osm_id": 303702, "parent_name": "Pernambuco", "parent_iso": "BR-PE"}, "geometry": {"type": "Polygon", "coordinates": [[[-39.2664, -7.6648], [-39.2692, -7.6806], [-39.2604, -7.6892], [-39.2623, -7.6986], [-39.258, -7.7024], [-39.2657, -7.7243], [-39.2774, -7.7321], [-39.2821, -7.7511], [-39.2719, -7.7702], [-39.2711, -7.7885], [-39.1158, -7.7766], [-39.1029, -7.7703], [-39.1336, -7.7256], [-39.1429, -7.7187], [-39.171, -7.7152], [-39.2083, -7.6894], [-39.238, -7.6985], [-39.2437, -7.7051], [-39.2525, -7.7049], [-39.2474, -7.6906], [-39.2503, -7.6821], [-39.2664, -7.6648]]]}}, {"type": "Feature", "properties": {"osm_type": "relation", "osm_id": 901059530, "name": "Chã de Alegria", "admin_level": "6", "kind": "subdivision_2", "parent_osm_id": 303702, "parent_name": "Pernambuco", "parent_iso": "BR-PE"}, "geometry": {"type": "Polygon", "coordinates": [[[-35.1663, -7.9781], [-35.1727, -7.9721], [-35.1804, -7.9778], [-35.2301, -7.9562], [-35.2383, -7.9778], [-35.2552, -7.9984], [-35.2456, -8.0131], [-35.2542, -8.0176], [-35.2585, -8.0264], [-35.2604, -8.0576], [-35.2322, -8.037], [-35.2239, -8.0212], [-35.2043, -8.0096], [-35.193, -7.9951], [-35.1791, -7.9951], [-35.1663, -7.9781]]]}}, {"type": "Feature", "properties": {"osm_type": "relation", "osm_id": 447236764, "name": "Chã Grande", "admin_level": "6", "kind": "subdivision_2", "parent_osm_id": 303702, "parent_name": "Pernambuco", "parent_iso": "BR-PE"}, "geometry": {"type": "Polygon", "coordinates": [[[-35.4612, -8.2651], [-35.4533, -8.2535], [-35.4389, -8.2517], [-35.4417, -8.2359], [-35.429, -8.2158], [-35.4354, -8.1883], [-35.4308, -8.1652], [-35.4901, -8.1825], [-35.4921, -8.1878], [-35.4833, -8.2021], [-35.4981, -8.2061], [-35.5125, -8.2232], [-35.5078, -8.3107], [-35.5, -8.3081], [-35.4896, -8.2941], [-35.4838, -8.2781], [-35.4658, -8.2618], [-35.4612, -8.2651]]]}}, {"type": "Feature", "properties": {"osm_type": "relation", "osm_id": 523355077, "name": "Condado", "admin_level": "6", "kind": "subdivision_2", "parent_osm_id": 303702, "parent_name": "Pernambuco", "parent_iso": "BR-PE"}, "geometry": {"type": "Polygon", "coordinates": [[[-35.1259, -7.6632], [-35.1219, -7.6696], [-35.1147, -7.669], [-35.1057, -7.6456], [-35.0868, -7.6391], [-35.0766, -7.623], [-35.0607, -7.6107], [-35.0642, -7.5934], [-35.0753, -7.5896], [-35.0533, -7.5732], [-35.047, -7.5495], [-35.0395, -7.5459], [-35.0388, -7.5382], [-35.0887, -7.5468], [-35.0979, -7.5423], [-35.101, -7.5544], [-35.1136, -7.5558], [-35.1281, -7.5669], [-35.1468, -7.6195], [-35.1259, -7.6632]]]}}, {"type": "Feature", "properties": {"osm_type": "relation", "osm_id": 958125513, "name": "Correntes", "admin_level": "6", "kind": "subdivision_2", "parent_osm_id": 303702, "parent_name": "Pernambuco", "parent_iso": "BR-PE"}, "geometry": {"type": "Polygon", "coordinates": [[[-36.1956, -9.0446], [-36.2531, -9.0591], [-36.2953, -9.0499], [-36.3418, -9.0528], [-36.3594, -9.0472], [-36.3664, -9.0188], [-36.4095, -9.0385], [-36.459, -9.0739], [-36.4453, -9.0708], [-36.4276, -9.0891], [-36.4151, -9.0877], [-36.4032, -9.2222], [-36.3908, -9.2249], [-36.3749, -9.2168], [-36.3657, -9.2226], [-36.3539, -9.2208], [-36.3493, -9.2151], [-36.3526, -9.2011], [-36.3401, -9.2069], [-36.3318, -9.2038], [-36.3093, -9.1724], [-36.307, -9.1782], [-36.2795, -9.1673], [-36.2628, -9.1712], [-36.2575, -9.1388], [-36.2675, -9.1031], [-36.2455, -9.099], [-36.2364, -9.1035], [-36.2224, -9.0864], [-36.2212, -9.0731], [-36.2103, -9.0731], [-36.2036, -9.0677], [-36.1956, -9.0446]]]}}, {"type": "Feature", "properties": {"osm_type": "relation", "osm_id": 531910012, "name": "Cortês", "admin_level": "6", "kind": "subdivision_2", "parent_osm_id": 303702, "parent_name": "Pernambuco", "parent_iso": "BR-PE"}, "geometry": {"type": "Polygon", "coordinates": [[[-35.5478, -8.339], [-35.5477, -8.3562], [-35.5967, -8.413], [-35.5783, -8.4312], [-35.5658, -8.4148], [-35.5551, -8.4248], [-35.5523, -8.432], [-35.5629, -8.4391], [-35.5623, -8.4477], [-35.5459, -8.4545], [-35.5476, -8.4683], [-35.5556, -8.4776], [-35.546, -8.4797], [-35.5428, -8.4858], [-35.5358, -8.4824], [-35.5245, -8.4957], [-35.524, -8.5047], [-35.5158, -8.5038], [-35.501, -8.4986], [-35.5048, -8.4815], [-35.5008, -8.4771], [-35.4706, -8.4696], [-35.4461, -8.452], [-35.4603, -8.4561], [-35.5052, -8.4321], [-35.5045, -8.4222], [-35.5177, -8.3989], [-35.5174, -8.3907], [-35.5239, -8.3849], [-35.5359, -8.3844], [-35.5478, -8.339]]]}}, {"type": "Feature", "properties": {"osm_type": "relation", "osm_id": 534984985, "name": "Cumaru", "admin_level": "6", "kind": "subdivision_2", "parent_osm_id": 303702, "parent_name": "Pernambuco", "parent_iso": "BR-PE"}, "geometry": {"type": "Polygon", "coordinates": [[[-35.6498, -8.1053], [-35.6507, -8.073], [-35.6641, -8.0474], [-35.6581, -8.0501], [-35.6533, -8.0442], [-35.6399, -8.0422], [-35.6343, -8.0266], [-35.6234, -8.0186], [-35.6137, -8.0215], [-35.6099, -8.0142], [-35.6532, -7.9439], [-35.6688, -7.9464], [-35.6886, -7.9591], [-35.7135, -7.959], [-35.7577, -7.9749], [-35.7578, -7.9876], [-35.7542, -7.989], [-35.765, -8.0021], [-35.76, -8.0119], [-35.7863, -8.0158], [-35.7958, -8.0304], [-35.802, -8.0298], [-35.8008, -8.0414], [-35.817, -8.0566], [-35.8285, -8.0555], [-35.833, -8.06], [-35.831, -8.0642], [-35.8388, -8.0697], [-35.8362, -8.0987], [-35.8304, -8.1055], [-35.8366, -8.1141], [-35.6498, -8.1053]]]}}, {"type": "Feature", "properties": {"osm_type": "relation", "osm_id": 274613003, "name": "Cupira", "admin_level": "6", "kind": "subdivision_2", "parent_osm_id": 303702, "parent_name": "Pernambuco", "parent_iso": "BR-PE"}, "geometry": {"type": "Polygon", "coordinates": [[[-35.9686, -8.5359], [-35.9966, -8.5475], [-35.9703, -8.6139], [-35.948, -8.6295], [-35.896, -8.6119], [-35.8773, -8.6092], [-35.8723, -8.6131], [-35.8534, -8.6074], [-35.8499, -8.5938], [-35.8733, -8.5917], [-35.8834, -8.5753], [-35.8792, -8.5475], [-35.9002, -8.5606], [-35.9223, -8.5551], [-35.925, -8.5472], [-35.9464, -8.5357], [-35.9603, -8.5482], [-35.9687, -8.5487], [-35.9686, -8.5359]]]}}, {"type": "Feature", "properties": {"osm_type": "relation", "osm_id": 955422475, "name": "Custódia", "admin_level": "6", "kind": "subdivision_2", "parent_osm_id": 303702, "parent_name": "Pernambuco", "parent_iso": "BR-PE"}, "geometry": {"type": "Polygon", "coordinates": [[[-37.8931, -8.3933], [-37.8799, -8.4048], [-37.8623, -8.4063], [-37.8438, -8.3989], [-37.8333, -8.3883], [-37.8128, -8.3832], [-37.8014, -8.3729], [-37.7851, -8.3834], [-37.7986, -8.421], [-37.7877, -8.4135], [-37.6906, -8.395], [-37.596, -8.3167], [-37.5674, -8.2753], [-37.5732, -8.2701], [-37.5712, -8.2653], [-37.5633, -8.266], [-37.557, -8.26], [-37.5331, -8.2266], [-37.5385, -8.2239], [-37.5366, -8.2006], [-37.5271, -8.2004], [-37.5153, -8.1762], [-37.5259, -8.1424], [-37.5327, -8.1366], [-37.5302, -8.0907], [-37.5114, -8.0583], [-37.5404, -7.9781], [-37.5495, -7.9897], [-37.5613, -7.9916], [-37.5749, -7.9807], [-37.588, -7.9817], [-37.5868, -7.9713], [-37.5777, -7.9609], [-37.5547, -7.9441], [-37.5633, -7.9396], [-37.552, -7.9225], [-37.567, -7.9161], [-37.5689, -7.9012], [-37.5793, -7.8908], [-37.5852, -7.8908], [-37.5835, -7.8754], [-37.5889, -7.8741], [-37.6052, -7.8841], [-37.6088, -7.8913], [-37.6305, -7.9002], [-37.6402, -7.9229], [-37.6521, -7.9311], [-37.6515, -7.9395], [-37.6593, -7.9408], [-37.663, -7.9519], [-37.6735, -7.9566], [-37.6702, -7.9685], [-37.6825, -7.972], [-37.6822, -7.9793], [-37.6983, -7.987], [-37.7046, -8.0038], [-37.749, -8.0229], [-37.7671, -8.0176], [-37.784, -8.0313], [-37.7835, -8.0404], [-37.7901, -8.0412], [-37.7949, -8.0488], [-37.7915, -8.0562], [-37.8005, -8.0796], [-37.8114, -8.081], [-37.799, -8.2033], [-37.812, -8.2238], [-37.8426, -8.2458], [-37.8512, -8.2617], [-37.8471, -8.2748], [-37.859, -8.297], [-37.8515, -8.3165], [-37.859, -8.3304], [-37.8583, -8.344], [-37.8931, -8.3933]]]}}, {"type": "Feature", "properties": {"osm_type": "relation", "osm_id": 813106945, "name": "Dormentes", "admin_level": "6", "kind": "subdivision_2", "parent_osm_id": 303702, "parent_name": "Pernambuco", "parent_iso": "BR-PE"}, "geometry": {"type": "MultiPolygon", "coordinates": [[[[-40.86, -8.3738], [-40.8587, -8.379], [-40.86, -8.3738]]], [[[-40.8587, -8.379], [-40.847, -8.5551], [-40.842, -8.5552], [-40.8359, -8.5689], [-40.8095, -8.5854], [-40.8078, -8.5971], [-40.7941, -8.5954], [-40.7829, -8.6007], [-40.7835, -8.6131], [-40.7781, -8.6104], [-40.7594, -8.6231], [-40.5794, -8.6671], [-40.4307, -8.6444], [-40.4432, -8.632], [-40.4463, -8.6191], [-40.4331, -8.6034], [-40.4176, -8.5606], [-40.3846, -8.537], [-40.3755, -8.5041], [-40.3504, -8.5082], [-40.3571, -8.4959], [-40.3538, -8.4672], [-40.359, -8.4632], [-40.365, -8.4321], [-40.3751, -8.4276], [-40.3868, -8.4121], [-40.3947, -8.4157], [-40.3978, -8.4079], [-40.4259, -8.4011], [-40.4443, -8.3706], [-40.4619, -8.3615], [-40.489, -8.3642], [-40.4952, -8.3701], [-40.5027, -8.3662], [-40.5135, -8.3711], [-40.5292, -8.3672], [-40.533, -8.3809], [-40.5403, -8.3839], [-40.5434, -8.377], [-40.5638, -8.372], [-40.5652, -8.3666], [-40.574, -8.3631], [-40.5902, -8.3678], [-40.598, -8.3644], [-40.6096, -8.3717], [-40.6206, -8.3681], [-40.6305, -8.3754], [-40.6562, -8.3802], [-40.6641, -8.3691], [-40.6793, -8.3727], [-40.6857, -8.3592], [-40.7032, -8.3473], [-40.7168, -8.3512], [-40.7432, -8.3375], [-40.7545, -8.3426], [-40.7638, -8.303], [-40.7798, -8.2971], [-40.7917, -8.3184], [-40.8186, -8.3212], [-40.8224, -8.3369], [-40.8195, -8.3622], [-40.8286, -8.3738], [-40.8369, -8.3809], [-40.8587, -8.379]]]]}}, {"type": "Feature", "properties": {"osm_type": "relation", "osm_id": 902577945, "name": "Escada", "admin_level": "6", "kind": "subdivision_2", "parent_osm_id": 303702, "parent_name": "Pernambuco", "parent_iso": "BR-PE"}, "geometry": {"type": "Polygon", "coordinates": [[[-35.266, -8.2505], [-35.2763, -8.2851], [-35.2691, -8.2961], [-35.3004, -8.308], [-35.3394, -8.2947], [-35.3587, -8.3014], [-35.348, -8.3538], [-35.3321, -8.3624], [-35.3545, -8.3803], [-35.363, -8.396], [-35.3422, -8.414], [-35.3481, -8.4262], [-35.3435, -8.4441], [-35.314, -8.4195], [-35.3271, -8.4521], [-35.3161, -8.479], [-35.303, -8.4891], [-35.2898, -8.464], [-35.273, -8.4865], [-35.2726, -8.4781], [-35.2401, -8.4752], [-35.203, -8.479], [-35.238, -8.4175], [-35.1928, -8.3762], [-35.1903, -8.3549], [-35.1701, -8.3541], [-35.154, -8.3208], [-35.1401, -8.3099], [-35.1489, -8.2995], [-35.1458, -8.2892], [-35.1518, -8.2795], [-35.196, -8.2972], [-35.2111, -8.2877], [-35.2285, -8.2942], [-35.2362, -8.292], [-35.2381, -8.2726], [-35.2498, -8.2775], [-35.2526, -8.2647], [-35.2574, -8.2646], [-35.266, -8.2505]]]}}, {"type": "Feature", "properties": {"osm_type": "relation", "osm_id": 637444832, "name": "Exu", "admin_level": "6", "kind": "subdivision_2", "parent_osm_id": 303702, "parent_name": "Pernambuco", "parent_iso": "BR-PE"}, "geometry": {"type": "Polygon", "coordinates": [[[-39.9045, -7.3383], [-39.9038, -7.7068], [-39.8146, -7.6905], [-39.7657, -7.6666], [-39.7548, -7.6723], [-39.7264, -7.672], [-39.7114, -7.684], [-39.7011, -7.6858], [-39.6773, -7.6754], [-39.6685, -7.6875], [-39.6629, -7.6851], [-39.6558, -7.6901], [-39.6505, -7.7003], [-39.6366, -7.6991], [-39.6144, -7.7055], [-39.6051, -7.6776], [-39.6126, -7.6638], [-39.6101, -7.6542], [-39.6161, -7.6392], [-39.6052, -7.6318], [-39.5983, -7.6067], [-39.5797, -7.5968], [-39.554, -7.5674], [-39.5617, -7.5394], [-39.5467, -7.5089], [-39.5471, -7.4835], [-39.5573, -7.4724], [-39.5722, -7.4294], [-39.5931, -7.4323], [-39.6055, -7.424], [-39.6277, -7.4262], [-39.6457, -7.3808], [-39.6531, -7.3722], [-39.6975, -7.3421], [-39.7416, -7.3268], [-39.8286, -7.3324], [-39.8577, -7.3254], [-39.8863, -7.3393], [-39.9045, -7.3383]]]}}, {"type": "Feature", "properties": {"osm_type": "relation", "osm_id": 351690885, "name": "Feira Nova", "admin_level": "6", "kind": "subdivision_2", "parent_osm_id": 303702, "parent_name": "Pernambuco", "parent_iso": "BR-PE"}, "geometry": {"type": "Polygon", "coordinates": [[[-35.3053, -7.9409], [-35.3234, -7.9317], [-35.3549, -7.8911], [-35.3543, -7.9004], [-35.3632, -7.905], [-35.3823, -7.9033], [-35.4149, -7.9239], [-35.4336, -7.946], [-35.4562, -7.9905], [-35.3874, -8.0033], [-35.3053, -7.9409]]]}}, {"type": "Feature", "properties": {"osm_type": "relation", "osm_id": 563909428, "name": "Ferreiros", "admin_level": "6", "kind": "subdivision_2", "parent_osm_id": 303702, "parent_name": "Pernambuco", "parent_iso": "BR-PE"}, "geometry": {"type": "Polygon", "coordinates": [[[-35.1568, -7.502], [-35.1726, -7.4906], [-35.1733, -7.4849], [-35.204, -7.4719], [-35.2096, -7.4602], [-35.217, -7.4597], [-35.2591, -7.4215], [-35.3183, -7.4867], [-35.3059, -7.5002], [-35.2585, -7.5089], [-35.2619, -7.4911], [-35.2322, -7.5048], [-35.2171, -7.5226], [-35.192, -7.517], [-35.1926, -7.5125], [-35.1742, -7.5024], [-35.1568, -7.502]]]}}, {"type": "Feature", "properties": {"osm_type": "relation", "osm_id": 563862141, "name": "Flores", "admin_level": "6", "kind": "subdivision_2", "parent_osm_id": 303702, "parent_name": "Pernambuco", "parent_iso": "BR-PE"}, "geometry": {"type": "Polygon", "coordinates": [[[-37.9999, -7.7788], [-38.0208, -7.7912], [-38.0224, -7.7989], [-38.0089, -7.8174], [-38.0096, -7.8514], [-38.0017, -7.8644], [-38.0013, -7.8762], [-38.0125, -7.8821], [-38.0142, -7.8933], [-38.0243, -7.8966], [-38.0302, -7.9087], [-38.0521, -7.9215], [-38.0348, -7.9622], [-38.1054, -8.0158], [-38.0921, -8.0146], [-38.0777, -8.0228], [-38.0571, -8.025], [-38.0494, -8.0313], [-38.0459, -8.0453], [-38.0395, -8.0479], [-38.0324, -8.0644], [-38.0125, -8.0841], [-38.0003, -8.0782], [-37.9394, -8.0686], [-37.9368, -8.0646], [-37.9203, -8.0754], [-37.9058, -8.0731], [-37.8931, -8.0812], [-37.8822, -8.075], [-37.8494, -8.0838], [-37.8316, -8.0756], [-37.8064, -8.0832], [-37.8005, -8.0796], [-37.7915, -8.0562], [-37.7949, -8.0488], [-37.7901, -8.0412], [-37.7835, -8.0404], [-37.784, -8.0313], [-37.7671, -8.0176], [-37.749, -8.0229], [-37.7046, -8.0038], [-37.6983, -7.987], [-37.6922, -7.9844], [-37.7458, -7.8719], [-37.8308, -7.8225], [-37.8395, -7.822], [-37.8399, -7.8101], [-37.846, -7.8021], [-37.8687, -7.7876], [-37.8739, -7.789], [-37.8794, -7.7809], [-37.8939, -7.7811], [-37.9079, -7.7734], [-37.951, -7.7712], [-37.9567, -7.7667], [-37.9717, -7.7775], [-37.9838, -7.7727], [-37.9893, -7.7782], [-37.9999, -7.7788]]]}}, {"type": "Feature", "properties": {"osm_type": "relation", "osm_id": 383519260, "name": "Floresta", "admin_level": "6", "kind": "subdivision_2", "parent_osm_id": 303702, "parent_name": "Pernambuco", "parent_iso": "BR-PE"}, "geometry": {"type": "Polygon", "coordinates": [[[-38.1784, -8.2775], [-38.1979, -8.2792], [-38.2056, -8.2851], [-38.2437, -8.2611], [-38.2493, -8.2628], [-38.2636, -8.2542], [-38.2916, -8.2858], [-38.2999, -8.2882], [-38.3232, -8.2915], [-38.3329, -8.2903], [-38.3377, -8.283], [-38.3474, -8.2873], [-38.368, -8.2813], [-38.4066, -8.3058], [-38.4188, -8.3281], [-38.417, -8.3411], [-38.4309, -8.3492], [-38.4268, -8.3543], [-38.4367, -8.3572], [-38.4411, -8.3684], [-38.4531, -8.3697], [-38.472, -8.407], [-38.4948, -8.422], [-38.4998, -8.4345], [-38.5176, -8.4411], [-38.5138, -8.4048], [-38.5174, -8.3995], [-38.5046, -8.3618], [-38.5093, -8.3506], [-38.5031, -8.3388], [-38.4878, -8.3337], [-38.4874, -8.3144], [-38.504, -8.3188], [-38.5068, -8.3067], [-38.536, -8.2885], [-38.551, -8.2882], [-38.6308, -8.6281], [-38.6386, -8.6306], [-38.6305, -8.6379], [-38.6288, -8.6591], [-38.6234, -8.6663], [-38.6289, -8.6829], [-38.6413, -8.6957], [-38.6614, -8.7732], [-38.6595, -8.7946], [-38.6637, -8.8066], [-38.6574, -8.8297], [-38.6599, -8.8933], [-38.6734, -8.9102], [-38.6936, -8.9187], [-38.6896, -8.9463], [-38.6725, -8.974], [-38.6449, -8.9867], [-38.6241, -8.98], [-38.6083, -8.9498], [-38.6038, -8.8806], [-38.5703, -8.8304], [-38.5518, -8.8225], [-38.5124, -8.8305], [-38.4802, -8.8496], [-38.4696, -8.865], [-38.4527, -8.8368], [-38.4048, -8.8159], [-38.4023, -8.8091], [-38.3911, -8.8048], [-38.3771, -8.791], [-38.3611, -8.7918], [-38.3408, -8.7784], [-38.3283, -8.781], [-38.3254, -8.7728], [-38.3075, -8.7616], [-38.3042, -8.7546], [-38.2876, -8.7594], [-38.2824, -8.7527], [-38.2661, -8.7519], [-38.2616, -8.7113], [-38.248, -8.6971], [-38.2315, -8.6883], [-38.2094, -8.6875], [-38.1898, -8.6772], [-38.1458, -8.6968], [-38.1314, -8.691], [-38.1006, -8.696], [-38.0826, -8.6818], [-38.073, -8.6798], [-38.0634, -8.6908], [-38.0567, -8.6908], [-38.0407, -8.6753], [-38.0395, -8.6588], [-38.0136, -8.6473], [-37.9933, -8.6471], [-37.9751, -8.6574], [-37.9535, -8.6522], [-37.9483, -8.6466], [-37.9515, -8.6344], [-37.932, -8.6176], [-37.9079, -8.6112], [-37.9007, -8.6046], [-37.8528, -8.5948], [-37.7877, -8.4135], [-37.7986, -8.421], [-37.7851, -8.3834], [-37.8014, -8.3729], [-37.8128, -8.3832], [-37.8333, -8.3883], [-37.8438, -8.3989], [-37.8726, -8.4074], [-37.8931, -8.3933], [-37.9153, -8.4093], [-37.9317, -8.4312], [-37.9309, -8.4386], [-37.9662, -8.4582], [-38.0241, -8.4516], [-38.0283, -8.4585], [-38.0371, -8.4598], [-38.0645, -8.4437], [-38.072, -8.4449], [-38.0695, -8.4406], [-38.0797, -8.4331], [-38.0808, -8.4225], [-38.0879, -8.4161], [-38.1187, -8.4073], [-38.1386, -8.4083], [-38.1684, -8.3958], [-38.1693, -8.3753], [-38.1828, -8.3556], [-38.1939, -8.3174], [-38.19, -8.3009], [-38.1925, -8.2902], [-38.1784, -8.2775]]]}}, {"type": "Feature", "properties": {"osm_type": "relation", "osm_id": 641767643, "name": "Frei Miguelinho", "admin_level": "6", "kind": "subdivision_2", "parent_osm_id": 303702, "parent_name": "Pernambuco", "parent_iso": "BR-PE"}, "geometry": {"type": "Polygon", "coordinates": [[[-35.915, -8.0039], [-35.9034, -8.0057], [-35.8946, -8.0012], [-35.8875, -8.005], [-35.8773, -7.9896], [-35.8529, -7.9955], [-35.843, -7.9838], [-35.8075, -7.9793], [-35.805, -7.9732], [-35.8169, -7.9573], [-35.8144, -7.9448], [-35.8189, -7.9368], [-35.8087, -7.917], [-35.8135, -7.9129], [-35.8122, -7.9021], [-35.8169, -7.8963], [-35.8231, -7.8599], [-35.8749, -7.864], [-35.9113, -7.8791], [-35.9109, -7.8952], [-35.9569, -7.8987], [-35.9651, -7.9067], [-35.9657, -7.9303], [-35.9702, -7.9349], [-35.9582, -7.9383], [-35.9563, -7.9439], [-35.9616, -7.9461], [-35.9666, -7.9646], [-35.9623, -7.9654], [-35.9684, -7.973], [-35.9597, -7.9771], [-35.9578, -7.9901], [-35.9411, -7.9957], [-35.928, -7.9944], [-35.915, -8.0039]]]}}, {"type": "Feature", "properties": {"osm_type": "relation", "osm_id": 820723738, "name": "Gameleira", "admin_level": "6", "kind": "subdivision_2", "parent_osm_id": 303702, "parent_name": "Pernambuco", "parent_iso": "BR-PE"}, "geometry": {"type": "Polygon", "coordinates": [[[-35.3416, -8.725], [-35.3365, -8.7222], [-35.3422, -8.7038], [-35.3581, -8.6897], [-35.3432, -8.6526], [-35.3225, -8.6345], [-35.3079, -8.6281], [-35.2682, -8.6298], [-35.2979, -8.6007], [-35.3335, -8.5768], [-35.3568, -8.5413], [-35.3748, -8.5494], [-35.3831, -8.5421], [-35.392, -8.5561], [-35.4309, -8.5364], [-35.429, -8.5103], [-35.463, -8.5139], [-35.4703, -8.5456], [-35.4652, -8.549], [-35.4619, -8.5418], [-35.4472, -8.5471], [-35.4449, -8.5562], [-35.4878, -8.5839], [-35.4734, -8.6283], [-35.3944, -8.683], [-35.4037, -8.7137], [-35.3416, -8.725]]]}}, {"type": "Feature", "properties": {"osm_type": "relation", "osm_id": 689552530, "name": "Garanhuns", "admin_level": "6", "kind": "subdivision_2", "parent_osm_id": 303702, "parent_name": "Pernambuco", "parent_iso": "BR-PE"}, "geometry": {"type": "Polygon", "coordinates": [[[-36.4782, -9.0859], [-36.4782, -9.0896], [-36.4095, -9.0385], [-36.3664, -9.0188], [-36.3776, -8.9892], [-36.4001, -8.9557], [-36.398, -8.9394], [-36.4098, -8.9278], [-36.4103, -8.913], [-36.4291, -8.9033], [-36.4484, -8.882], [-36.4625, -8.8449], [-36.4459, -8.8017], [-36.4734, -8.8017], [-36.5196, -8.7854], [-36.5416, -8.7844], [-36.5839, -8.8283], [-36.5432, -8.8812], [-36.5625, -8.8908], [-36.575, -8.8882], [-36.6126, -8.8952], [-36.6128, -8.9052], [-36.6055, -8.9142], [-36.6068, -8.9215], [-36.6137, -8.9235], [-36.6056, -8.9375], [-36.6303, -8.9517], [-36.6302, -8.9764], [-36.6363, -8.9856], [-36.626, -9.0017], [-36.6372, -9.0208], [-36.6001, -9.0341], [-36.5909, -9.0234], [-36.5938, -9.0208], [-36.5902, -9.0064], [-36.5948, -9.0], [-36.5807, -8.9937], [-36.5844, -8.9876], [-36.5614, -8.9895], [-36.5702, -8.9774], [-36.5556, -8.9657], [-36.5503, -8.9545], [-36.5323, -8.9659], [-36.5102, -8.9547], [-36.4976, -8.9583], [-36.4806, -8.9699], [-36.4782, -9.0859]]]}}, {"type": "Feature", "properties": {"osm_type": "relation", "osm_id": 713258777, "name": "Glória do Goitá", "admin_level": "6", "kind": "subdivision_2", "parent_osm_id": 303702, "parent_name": "Pernambuco", "parent_iso": "BR-PE"}, "geometry": {"type": "Polygon", "coordinates": [[[-35.2301, -7.9562], [-35.2996, -7.937], [-35.3874, -8.0033], [-35.4562, -7.9905], [-35.4652, -8.0312], [-35.4392, -8.0399], [-35.4294, -8.0812], [-35.4157, -8.0742], [-35.3895, -8.0743], [-35.363, -8.0614], [-35.3503, -8.0615], [-35.3455, -8.0517], [-35.2965, -8.0701], [-35.2727, -8.0542], [-35.2632, -8.0606], [-35.2585, -8.0264], [-35.2542, -8.0176], [-35.2456, -8.0131], [-35.2542, -7.9952], [-35.2383, -7.9778], [-35.2301, -7.9562]]]}}, {"type": "Feature", "properties": {"osm_type": "relation", "osm_id": 532191925, "name": "Goiana", "admin_level": "6", "kind": "subdivision_2", "parent_osm_id": 303702, "parent_name": "Pernambuco", "parent_iso": "BR-PE"}, "geometry": {"type": "Polygon", "coordinates": [[[-34.985, -7.4999], [-34.9901, -7.4889], [-34.985, -7.4626], [-35.0778, -7.5138], [-35.0618, -7.5405], [-35.0465, -7.5367], [-35.0376, -7.5424], [-35.047, -7.5495], [-35.0533, -7.5732], [-35.0753, -7.5896], [-35.0642, -7.5934], [-35.0614, -7.6007], [-35.0607, -7.6107], [-35.068, -7.6184], [-34.9231, -7.6917], [-34.8982, -7.6844], [-34.8914, -7.6951], [-34.8961, -7.7038], [-34.8857, -7.7139], [-34.8787, -7.7104], [-34.8654, -7.713], [-34.851, -7.6889], [-34.8319, -7.6798], [-34.8219, -7.6488], [-34.8084, -7.6286], [-34.8069, -7.6197], [-34.825, -7.592], [-34.837, -7.5607], [-34.8335, -7.549], [-34.8579, -7.5379], [-34.8712, -7.5488], [-34.8745, -7.5425], [-34.8878, -7.5362], [-34.8967, -7.5452], [-34.9016, -7.5435], [-34.9001, -7.5381], [-34.9103, -7.5382], [-34.9139, -7.5438], [-34.9327, -7.5285], [-34.96, -7.5389], [-34.9694, -7.521], [-34.9839, -7.5081], [-34.985, -7.4999]]]}}, {"type": "Feature", "properties": {"osm_type": "relation", "osm_id": 817489499, "name": "Granito", "admin_level": "6", "kind": "subdivision_2", "parent_osm_id": 303702, "parent_name": "Pernambuco", "parent_iso": "BR-PE"}, "geometry": {"type": "Polygon", "coordinates": [[[-39.7625, -7.9125], [-39.5725, -7.8712], [-39.5672, -7.8582], [-39.5597, -7.8532], [-39.5736, -7.8337], [-39.5728, -7.8214], [-39.562, -7.8161], [-39.572, -7.8058], [-39.5698, -7.7931], [-39.5893, -7.7771], [-39.5901, -7.7661], [-39.6097, -7.7514], [-39.6101, -7.7313], [-39.6162, -7.7235], [-39.6111, -7.7127], [-39.6189, -7.7022], [-39.6505, -7.7003], [-39.6558, -7.6901], [-39.6629, -7.6851], [-39.6685, -7.6875], [-39.6773, -7.6754], [-39.7011, -7.6858], [-39.7114, -7.684], [-39.7264, -7.672], [-39.7548, -7.6723], [-39.7657, -7.6666], [-39.8146, -7.6905], [-39.7625, -7.9125]]]}}, {"type": "Feature", "properties": {"osm_type": "relation", "osm_id": 624767125, "name": "Gravatá", "admin_level": "6", "kind": "subdivision_2", "parent_osm_id": 303702, "parent_name": "Pernambuco", "parent_iso": "BR-PE"}, "geometry": {"type": "Polygon", "coordinates": [[[-35.51, -8.3009], [-35.5125, -8.2232], [-35.4981, -8.2061], [-35.4833, -8.2021], [-35.4921, -8.1878], [-35.4901, -8.1825], [-35.449, -8.1698], [-35.4388, -8.1269], [-35.4792, -8.1045], [-35.4624, -8.0938], [-35.5097, -8.0583], [-35.5837, -8.0786], [-35.6303, -8.104], [-35.656, -8.159], [-35.6447, -8.2867], [-35.6143, -8.3442], [-35.6346, -8.3738], [-35.5495, -8.351], [-35.5478, -8.339], [-35.5629, -8.3426], [-35.5578, -8.3296], [-35.5287, -8.3153], [-35.5264, -8.2972], [-35.51, -8.3009]]]}}, {"type": "Feature", "properties": {"osm_type": "relation", "osm_id": 373982704, "name": "Iati", "admin_level": "6", "kind": "subdivision_2", "parent_osm_id": 303702, "parent_name": "Pernambuco", "parent_iso": "BR-PE"}, "geometry": {"type": "Polygon", "coordinates": [[[-37.0539, -9.3077], [-37.0443, -9.316], [-37.0243, -9.3156], [-37.0033, -9.3526], [-36.9793, -9.3594], [-36.9585, -9.3787], [-36.9451, -9.3826], [-36.9307, -9.3708], [-36.9384, -9.3556], [-36.9222, -9.3398], [-36.9209, -9.3324], [-36.9267, -9.3229], [-36.9157, -9.299], [-36.8979, -9.2812], [-36.8897, -9.2835], [-36.8748, -9.2755], [-36.8809, -9.2761], [-36.8832, -9.264], [-36.8725, -9.1679], [-36.769, -9.1374], [-36.8021, -9.0859], [-36.7868, -9.0082], [-36.8653, -8.8886], [-36.8879, -8.9316], [-36.8885, -8.9698], [-36.8952, -8.9763], [-36.9096, -9.0117], [-36.9272, -9.0283], [-36.9311, -9.0495], [-36.9399, -9.0533], [-36.9405, -9.0677], [-36.9731, -9.1145], [-36.9745, -9.1244], [-36.9857, -9.1299], [-36.9768, -9.1587], [-36.956, -9.1783], [-36.9455, -9.178], [-36.9527, -9.2102], [-36.9657, -9.2233], [-36.9656, -9.2356], [-36.9745, -9.2448], [-36.9959, -9.2517], [-37.0035, -9.2627], [-37.015, -9.2678], [-37.0235, -9.2627], [-37.0312, -9.2685], [-37.0373, -9.277], [-37.0371, -9.2865], [-37.0476, -9.2911], [-37.0539, -9.3077]]]}}, {"type": "Feature", "properties": {"osm_type": "relation", "osm_id": 164391806, "name": "Ibimirim", "admin_level": "6", "kind": "subdivision_2", "parent_osm_id": 303702, "parent_name": "Pernambuco", "parent_iso": "BR-PE"}, "geometry": {"type": "Polygon", "coordinates": [[[-37.7877, -8.4135], [-37.8822, -8.6692], [-37.877, -8.6761], [-37.8621, -8.6787], [-37.8537, -8.6956], [-37.8424, -8.7019], [-37.8229, -8.7028], [-37.7956, -8.6937], [-37.7555, -8.7092], [-37.6903, -8.71], [-37.6715, -8.7144], [-37.6593, -8.7299], [-37.6588, -8.7602], [-37.6782, -8.7708], [-37.6786, -8.7869], [-37.6686, -8.7823], [-37.6527, -8.7882], [-37.5923, -8.8325], [-37.5811, -8.8218], [-37.5622, -8.8244], [-37.5188, -8.8025], [-37.5088, -8.8032], [-37.4983, -8.7858], [-37.4878, -8.7815], [-37.472, -8.7835], [-37.4123, -8.8151], [-37.3905, -8.5108], [-37.3681, -8.418], [-37.3825, -8.4137], [-37.3953, -8.4225], [-37.3976, -8.4303], [-37.4026, -8.4274], [-37.4056, -8.4337], [-37.4186, -8.4374], [-37.4208, -8.4515], [-37.4302, -8.4439], [-37.4352, -8.4555], [-37.461, -8.459], [-37.4818, -8.44], [-37.527, -8.4396], [-37.5291, -8.4334], [-37.5398, -8.4311], [-37.5576, -8.4123], [-37.5717, -8.4119], [-37.5772, -8.4052], [-37.6012, -8.4085], [-37.611, -8.4146], [-37.6192, -8.4129], [-37.6187, -8.3683], [-37.6059, -8.3607], [-37.5992, -8.3183], [-37.6906, -8.395], [-37.7877, -8.4135]]]}}, {"type": "Feature", "properties": {"osm_type": "relation", "osm_id": 514023445, "name": "Ibirajuba", "admin_level": "6", "kind": "subdivision_2", "parent_osm_id": 303702, "parent_name": "Pernambuco", "parent_iso": "BR-PE"}, "geometry": {"type": "Polygon", "coordinates": [[[-36.2671, -8.5624], [-36.2739, -8.5613], [-36.2928, -8.6313], [-36.2683, -8.6244], [-36.2483, -8.6552], [-36.1948, -8.7124], [-36.1856, -8.7119], [-36.1812, -8.664], [-36.1551, -8.6311], [-36.1292, -8.6099], [-36.1083, -8.6005], [-36.1056, -8.603], [-36.0949, -8.5921], [-36.1671, -8.5469], [-36.2297, -8.573], [-36.2671, -8.5624]]]}}, {"type": "Feature", "properties": {"osm_type": "relation", "osm_id": 721079342, "name": "Igarassu", "admin_level": "6", "kind": "subdivision_2", "parent_osm_id": 303702, "parent_name": "Pernambuco", "parent_iso": "BR-PE"}, "geometry": {"type": "Polygon", "coordinates": [[[-34.867, -7.8908], [-34.8626, -7.8899], [-34.8553, -7.8724], [-34.841, -7.8621], [-34.8463, -7.8161], [-34.8891, -7.8051], [-34.9251, -7.8062], [-34.9361, -7.7706], [-34.9365, -7.7501], [-34.9433, -7.7407], [-34.9425, -7.7239], [-34.9232, -7.7005], [-34.9231, -7.6917], [-34.9381, -7.705], [-34.9614, -7.7081], [-34.9777, -7.7337], [-34.9991, -7.7312], [-35.041, -7.7439], [-35.0984, -7.7155], [-35.0985, -7.7282], [-35.0916, -7.7401], [-35.0536, -7.7497], [-35.0385, -7.7693], [-35.0382, -7.7938], [-35.0207, -7.814], [-35.0324, -7.8258], [-35.0392, -7.8725], [-35.0531, -7.879], [-34.9771, -7.9], [-34.937, -7.8937], [-34.9181, -7.886], [-34.8922, -7.8873], [-34.8809, -7.8925], [-34.867, -7.8908]]]}}, {"type": "Feature", "properties": {"osm_type": "relation", "osm_id": 328788098, "name": "Iguaracy", "admin_level": "6", "kind": "subdivision_2", "parent_osm_id": 303702, "parent_name": "Pernambuco", "parent_iso": "BR-PE"}, "geometry": {"type": "MultiPolygon", "coordinates": [[[[-37.1711, -7.7971], [-37.1761, -7.7973], [-37.1711, -7.7971]]], [[[-37.1761, -7.7973], [-37.175, -7.7568], [-37.1814, -7.7482], [-37.2417, -7.7421], [-37.2436, -7.7293], [-37.2528, -7.7173], [-37.2768, -7.7135], [-37.286, -7.7055], [-37.3, -7.7143], [-37.3185, -7.7161], [-37.3276, -7.7271], [-37.338, -7.7301], [-37.3576, -7.7705], [-37.3929, -7.773], [-37.4165, -7.786], [-37.4524, -7.7957], [-37.4646, -7.7873], [-37.4673, -7.7751], [-37.4751, -7.7762], [-37.4798, -7.7715], [-37.4815, -7.7502], [-37.4884, -7.7458], [-37.4903, -7.7365], [-37.5042, -7.7354], [-37.5213, -7.7184], [-37.5216, -7.7094], [-37.5321, -7.7092], [-37.5373, -7.7282], [-37.5232, -7.7528], [-37.5248, -7.7655], [-37.5335, -7.7792], [-37.5644, -7.8053], [-37.567, -7.8138], [-37.5827, -7.8202], [-37.5768, -7.8272], [-37.6057, -7.8516], [-37.6113, -7.851], [-37.6041, -7.8615], [-37.6097, -7.876], [-37.6204, -7.885], [-37.6168, -7.8952], [-37.5943, -7.8772], [-37.5835, -7.8754], [-37.5852, -7.8908], [-37.5793, -7.8908], [-37.5689, -7.9012], [-37.567, -7.9161], [-37.552, -7.9225], [-37.5633, -7.9396], [-37.5547, -7.9441], [-37.5868, -7.9713], [-37.588, -7.9817], [-37.5749, -7.9807], [-37.5613, -7.9916], [-37.5495, -7.9897], [-37.5319, -7.9715], [-37.4942, -7.9677], [-37.4815, -7.9723], [-37.4739, -7.9654], [-37.469, -7.9424], [-37.4553, -7.9514], [-37.4254, -7.9404], [-37.4031, -7.9575], [-37.3632, -7.9574], [-37.3496, -7.9475], [-37.3174, -7.942], [-37.3101, -7.9345], [-37.3095, -7.9126], [-37.3223, -7.9116], [-37.2867, -7.9031], [-37.2443, -7.8743], [-37.2448, -7.8615], [-37.2502, -7.8542], [-37.2474, -7.8473], [-37.2222, -7.8424], [-37.2281, -7.8212], [-37.2405, -7.8231], [-37.2436, -7.8189], [-37.2301, -7.8129], [-37.2306, -7.8067], [-37.2174, -7.8067], [-37.1979, -7.7989], [-37.1915, -7.7912], [-37.183, -7.7907], [-37.1761, -7.7973]]]]}}, {"type": "Feature", "properties": {"osm_type": "relation", "osm_id": 108697088, "name": "Inajá", "admin_level": "6", "kind": "subdivision_2", "parent_osm_id": 303702, "parent_name": "Pernambuco", "parent_iso": "BR-PE"}, "geometry": {"type": "Polygon", "coordinates": [[[-38.0247, -8.6523], [-38.0099, -8.6679], [-38.0064, -8.68], [-38.0055, -8.9628], [-37.9937, -8.9966], [-37.9767, -9.0185], [-37.9615, -8.9997], [-37.9337, -8.9976], [-37.8919, -8.9638], [-37.8831, -8.9513], [-37.8648, -8.9594], [-37.8485, -8.9406], [-37.8258, -8.933], [-37.8329, -8.9254], [-37.8207, -8.9091], [-37.8235, -8.885], [-37.7929, -8.8739], [-37.7855, -8.8606], [-37.7739, -8.8534], [-37.7661, -8.8541], [-37.756, -8.8466], [-37.7408, -8.8761], [-37.73, -8.8832], [-37.7193, -8.9077], [-37.7039, -8.9228], [-37.6992, -8.9348], [-37.6356, -8.9023], [-37.5622, -8.8244], [-37.5811, -8.8218], [-37.5923, -8.8325], [-37.6527, -8.7882], [-37.6686, -8.7823], [-37.6786, -8.7869], [-37.6782, -8.7708], [-37.6588, -8.7602], [-37.6593, -8.7299], [-37.6715, -8.7144], [-37.6903, -8.71], [-37.7555, -8.7092], [-37.7956, -8.6937], [-37.8229, -8.7028], [-37.8424, -8.7019], [-37.8537, -8.6956], [-37.8621, -8.6787], [-37.877, -8.6761], [-37.8822, -8.6692], [-37.8528, -8.5948], [-37.9007, -8.6046], [-37.9079, -8.6112], [-37.932, -8.6176], [-37.9515, -8.6344], [-37.9483, -8.6466], [-37.9535, -8.6522], [-37.9751, -8.6574], [-38.0017, -8.6468], [-38.0247, -8.6523]]]}}, {"type": "Feature", "properties": {"osm_type": "relation", "osm_id": 767183357, "name": "Ingazeira", "admin_level": "6", "kind": "subdivision_2", "parent_osm_id": 303702, "parent_name": "Pernambuco", "parent_iso": "BR-PE"}, "geometry": {"type": "Polygon", "coordinates": [[[-37.3223, -7.7196], [-37.3406, -7.6883], [-37.3499, -7.6811], [-37.3431, -7.6621], [-37.347, -7.6505], [-37.3722, -7.6265], [-37.409, -7.636], [-37.437, -7.6666], [-37.4812, -7.6718], [-37.4951, -7.6815], [-37.4999, -7.6974], [-37.5174, -7.7033], [-37.5216, -7.7094], [-37.5151, -7.727], [-37.5042, -7.7354], [-37.4903, -7.7365], [-37.4884, -7.7458], [-37.4815, -7.7502], [-37.4798, -7.7715], [-37.4751, -7.7762], [-37.4673, -7.7751], [-37.4646, -7.7873], [-37.4524, -7.7957], [-37.4165, -7.786], [-37.3929, -7.773], [-37.3576, -7.7705], [-37.338, -7.7301], [-37.3276, -7.7271], [-37.3223, -7.7196]]]}}, {"type": "Feature", "properties": {"osm_type": "relation", "osm_id": 673111950, "name": "Ipojuca", "admin_level": "6", "kind": "subdivision_2", "parent_osm_id": 303702, "parent_name": "Pernambuco", "parent_iso": "BR-PE"}, "geometry": {"type": "MultiPolygon", "coordinates": [[[[-34.9673, -8.376], [-34.9673, -8.3843], [-34.9612, -8.3879], [-34.9569, -8.3767], [-34.9657, -8.372], [-34.9673, -8.376]]], [[[-35.1401, -8.3099], [-35.154, -8.3208], [-35.1701, -8.3541], [-35.1903, -8.3549], [-35.1928, -8.3762], [-35.238, -8.4175], [-35.203, -8.479], [-35.1673, -8.4796], [-35.1578, -8.4884], [-35.1458, -8.4894], [-35.1424, -8.5005], [-35.1264, -8.5185], [-35.0775, -8.5293], [-35.0759, -8.5367], [-35.0826, -8.5471], [-35.0806, -8.5561], [-35.0698, -8.568], [-35.0714, -8.5844], [-35.0627, -8.6], [-35.0493, -8.6075], [-35.0342, -8.5722], [-35.0223, -8.5609], [-35.0076, -8.5631], [-35.0013, -8.491], [-34.9608, -8.3991], [-34.9797, -8.3822], [-34.9721, -8.381], [-34.9673, -8.376], [-34.9709, -8.3694], [-34.9657, -8.372], [-34.9611, -8.3662], [-34.9807, -8.3531], [-34.9869, -8.3536], [-34.992, -8.3615], [-35.0122, -8.3579], [-35.0238, -8.3635], [-35.0443, -8.3491], [-35.0692, -8.3482], [-35.0797, -8.3333], [-35.1021, -8.3274], [-35.1082, -8.334], [-35.1401, -8.3099]]]]}}, {"type": "Feature", "properties": {"osm_type": "relation", "osm_id": 668190308, "name": "Ipubi", "admin_level": "6", "kind": "subdivision_2", "parent_osm_id": 303702, "parent_name": "Pernambuco", "parent_iso": "BR-PE"}, "geometry": {"type": "Polygon", "coordinates": [[[-40.243, -7.3171], [-40.263, -7.301], [-40.3097, -7.3009], [-40.3214, -7.3059], [-40.3294, -7.3185], [-40.3459, -7.3296], [-40.2386, -7.6839], [-40.211, -7.6773], [-40.1639, -7.7021], [-40.1039, -7.6869], [-40.1571, -7.3714], [-40.1957, -7.3581], [-40.2207, -7.3412], [-40.243, -7.3171]]]}}, {"type": "Feature", "properties": {"osm_type": "relation", "osm_id": 123786711, "name": "Itacuruba", "admin_level": "6", "kind": "subdivision_2", "parent_osm_id": 303702, "parent_name": "Pernambuco", "parent_iso": "BR-PE"}, "geometry": {"type": "Polygon", "coordinates": [[[-38.8555, -8.7845], [-38.8163, -8.7862], [-38.797, -8.7934], [-38.7397, -8.8448], [-38.7171, -8.8531], [-38.7065, -8.8622], [-38.6986, -8.8806], [-38.6936, -8.9187], [-38.6734, -8.9102], [-38.6621, -8.8985], [-38.6579, -8.8803], [-38.6574, -8.8297], [-38.6637, -8.8066], [-38.6567, -8.7447], [-38.6413, -8.6957], [-38.6289, -8.6829], [-38.6234, -8.6663], [-38.6288, -8.6591], [-38.6305, -8.6379], [-38.6386, -8.6306], [-38.6308, -8.6281], [-38.6291, -8.6209], [-38.8421, -8.6952], [-38.8454, -8.7141], [-38.8545, -8.7304], [-38.8488, -8.7676], [-38.8572, -8.7749], [-38.8555, -8.7845]]]}}, {"type": "Feature", "properties": {"osm_type": "relation", "osm_id": 809214577, "name": "Itaíba", "admin_level": "6", "kind": "subdivision_2", "parent_osm_id": 303702, "parent_name": "Pernambuco", "parent_iso": "BR-PE"}, "geometry": {"type": "Polygon", "coordinates": [[[-37.0998, -8.9721], [-37.1017, -8.9602], [-37.1223, -8.9572], [-37.1403, -8.9456], [-37.1552, -8.9457], [-37.1581, -8.9397], [-37.1697, -8.9399], [-37.1848, -8.9251], [-37.1985, -8.9008], [-37.2191, -8.885], [-37.2244, -8.8728], [-37.2223, -8.8675], [-37.2264, -8.8656], [-37.2254, -8.8545], [-37.2346, -8.8422], [-37.2367, -8.8281], [-37.2514, -8.8123], [-37.2719, -8.8199], [-37.2826, -8.8188], [-37.29, -8.8255], [-37.3032, -8.8233], [-37.3175, -8.8278], [-37.3244, -8.8379], [-37.3393, -8.8373], [-37.3646, -8.8142], [-37.4123, -8.8151], [-37.4217, -8.8337], [-37.4157, -8.8413], [-37.4239, -8.8527], [-37.4193, -8.8644], [-37.4219, -8.8711], [-37.4386, -8.868], [-37.4486, -8.8802], [-37.4807, -8.8442], [-37.4776, -8.8734], [-37.4906, -8.8863], [-37.4898, -8.9038], [-37.5006, -8.9289], [-37.5076, -8.9366], [-37.5188, -8.9392], [-37.5261, -8.9626], [-37.5196, -8.9677], [-37.499, -8.9694], [-37.4914, -8.9916], [-37.4835, -8.9895], [-37.4612, -9.0006], [-37.4105, -9.0099], [-37.3968, -9.0198], [-37.3957, -9.0299], [-37.3925, -9.0269], [-37.3586, -9.0539], [-37.3316, -9.0899], [-37.3151, -9.0946], [-37.2816, -9.1495], [-37.2624, -9.1597], [-37.2484, -9.1775], [-37.2467, -9.1903], [-37.2336, -9.2066], [-37.2291, -9.2265], [-37.2343, -9.2401], [-37.2121, -9.221], [-37.1983, -9.2154], [-37.1953, -9.2044], [-37.1856, -9.2006], [-37.1607, -9.1402], [-37.1593, -9.0613], [-37.1424, -9.0371], [-37.1313, -9.0298], [-37.1261, -9.0165], [-37.1106, -9.0026], [-37.0998, -8.9721]]]}}, {"type": "Feature", "properties": {"osm_type": "relation", "osm_id": 944668240, "name": "Ilha de Itamaracá", "admin_level": "6", "kind": "subdivision_2", "parent_osm_id": 303702, "parent_name": "Pernambuco", "parent_iso": "BR-PE"}, "geometry": {"type": "Polygon", "coordinates": [[[-34.8654, -7.713], [-34.8625, -7.7297], [-34.8796, -7.7455], [-34.8901, -7.8012], [-34.882, -7.8091], [-34.8463, -7.8161], [-34.8369, -7.8087], [-34.8362, -7.7887], [-34.8245, -7.7571], [-34.8253, -7.7285], [-34.8307, -7.7231], [-34.8319, -7.7002], [-34.8474, -7.688], [-34.8654, -7.713]]]}}, {"type": "Feature", "properties": {"osm_type": "relation", "osm_id": 572288947, "name": "Itambé", "admin_level": "6", "kind": "subdivision_2", "parent_osm_id": 303702, "parent_name": "Pernambuco", "parent_iso": "BR-PE"}, "geometry": {"type": "Polygon", "coordinates": [[[-35.3318, -7.4148], [-35.3203, -7.4196], [-35.2959, -7.408], [-35.2726, -7.4046], [-35.2455, -7.4256], [-35.2257, -7.452], [-35.2096, -7.4602], [-35.204, -7.4719], [-35.1733, -7.4849], [-35.1726, -7.4906], [-35.142, -7.5089], [-35.1389, -7.5211], [-35.1231, -7.5409], [-35.1068, -7.5316], [-35.0887, -7.5468], [-35.0618, -7.5405], [-35.0778, -7.5138], [-34.985, -7.4626], [-35.0027, -7.4535], [-35.0295, -7.4258], [-35.0481, -7.4178], [-35.0703, -7.3987], [-35.1094, -7.4051], [-35.172, -7.388], [-35.1899, -7.3974], [-35.1997, -7.3875], [-35.2488, -7.3748], [-35.2812, -7.3861], [-35.3078, -7.4085], [-35.315, -7.4057], [-35.3241, -7.4113], [-35.335, -7.4068], [-35.3318, -7.4148]]]}}, {"type": "Feature", "properties": {"osm_type": "relation", "osm_id": 232862359, "name": "Itapetim", "admin_level": "6", "kind": "subdivision_2", "parent_osm_id": 303702, "parent_name": "Pernambuco", "parent_iso": "BR-PE"}, "geometry": {"type": "Polygon", "coordinates": [[[-37.1817, -7.3067], [-37.1966, -7.2947], [-37.2227, -7.286], [-37.2333, -7.2747], [-37.2607, -7.2741], [-37.2618, -7.3078], [-37.273, -7.3268], [-37.2717, -7.335], [-37.2805, -7.3507], [-37.2824, -7.3687], [-37.27, -7.3935], [-37.2484, -7.3966], [-37.2269, -7.4137], [-37.2021, -7.4125], [-37.196, -7.4392], [-37.1856, -7.4527], [-37.1727, -7.4503], [-37.1542, -7.4543], [-37.1624, -7.4646], [-37.1596, -7.4948], [-37.1262, -7.4797], [-37.0254, -7.4979], [-37.0105, -7.4895], [-37.0031, -7.4964], [-36.9842, -7.4822], [-36.9864, -7.4739], [-36.9954, -7.4726], [-36.9973, -7.4594], [-37.0108, -7.4531], [-37.0132, -7.445], [-37.0212, -7.4402], [-37.0232, -7.4348], [-37.0145, -7.4303], [-37.0176, -7.4245], [-37.026, -7.4224], [-37.0133, -7.404], [-37.0266, -7.3859], [-37.049, -7.3779], [-37.0684, -7.3828], [-37.0729, -7.3683], [-37.0855, -7.3583], [-37.1216, -7.3509], [-37.128, -7.344], [-37.1353, -7.3467], [-37.1449, -7.335], [-37.1653, -7.3366], [-37.1685, -7.3199], [-37.1817, -7.3067]]]}}, {"type": "Feature", "properties": {"osm_type": "relation", "osm_id": 914948778, "name": "Itapissuma", "admin_level": "6", "kind": "subdivision_2", "parent_osm_id": 303702, "parent_name": "Pernambuco", "parent_iso": "BR-PE"}, "geometry": {"type": "Polygon", "coordinates": [[[-34.9231, -7.6917], [-34.9232, -7.7005], [-34.9425, -7.7239], [-34.9433, -7.7407], [-34.9365, -7.7501], [-34.9361, -7.7706], [-34.9276, -7.7997], [-34.9251, -7.8062], [-34.8891, -7.8051], [-34.8875, -7.7716], [-34.8796, -7.7455], [-34.8625, -7.7297], [-34.8654, -7.713], [-34.8787, -7.7104], [-34.8857, -7.7139], [-34.8961, -7.7038], [-34.8914, -7.6951], [-34.8982, -7.6844], [-34.9231, -7.6917]]]}}, {"type": "Feature", "properties": {"osm_type": "relation", "osm_id": 457393677, "name": "Itaquitinga", "admin_level": "6", "kind": "subdivision_2", "parent_osm_id": 303702, "parent_name": "Pernambuco", "parent_iso": "BR-PE"}, "geometry": {"type": "Polygon", "coordinates": [[[-35.1187, -7.671], [-35.0911, -7.6941], [-35.0984, -7.7155], [-35.0459, -7.744], [-34.9991, -7.7312], [-34.9777, -7.7337], [-34.9614, -7.7081], [-34.9381, -7.705], [-34.9231, -7.6917], [-35.068, -7.6184], [-35.0766, -7.623], [-35.0868, -7.6391], [-35.1057, -7.6456], [-35.1187, -7.671]]]}}, {"type": "Feature", "properties": {"osm_type": "relation", "osm_id": 607002743, "name": "Jaboatão dos Guararapes", "admin_level": "6", "kind": "subdivision_2", "parent_osm_id": 303702, "parent_name": "Pernambuco", "parent_iso": "BR-PE"}, "geometry": {"type": "Polygon", "coordinates": [[[-34.9285, -8.2253], [-34.9176, -8.2111], [-34.9175, -8.1858], [-34.9088, -8.1551], [-34.9155, -8.1443], [-34.9373, -8.1372], [-34.9547, -8.1378], [-34.9536, -8.1254], [-34.9605, -8.126], [-34.962, -8.0943], [-34.9731, -8.0864], [-34.9729, -8.079], [-34.9849, -8.0748], [-34.9934, -8.0631], [-35.0039, -8.0629], [-35.0154, -8.0559], [-35.054, -8.0669], [-35.06, -8.0913], [-35.0971, -8.1616], [-35.0663, -8.1997], [-35.0634, -8.222], [-35.0062, -8.2075], [-34.9957, -8.2238], [-34.9865, -8.2203], [-34.9776, -8.2297], [-34.9632, -8.2156], [-34.9565, -8.2251], [-34.9583, -8.2334], [-34.94, -8.2418], [-34.9285, -8.2253]]]}}, {"type": "Feature", "properties": {"osm_type": "relation", "osm_id": 316793152, "name": "Jaqueira", "admin_level": "6", "kind": "subdivision_2", "parent_osm_id": 303702, "parent_name": "Pernambuco", "parent_iso": "BR-PE"}, "geometry": {"type": "MultiPolygon", "coordinates": [[[[-35.8178, -8.6988], [-35.821, -8.709], [-35.8451, -8.7168], [-35.8457, -8.7342], [-35.8618, -8.752], [-35.8553, -8.7603], [-35.8457, -8.8073], [-35.8242, -8.7998], [-35.8261, -8.7954], [-35.8185, -8.7912], [-35.8205, -8.7794], [-35.816, -8.7766], [-35.8034, -8.7705], [-35.7981, -8.7762], [-35.7835, -8.773], [-35.7743, -8.766], [-35.7781, -8.7609], [-35.7687, -8.76], [-35.7674, -8.7489], [-35.7523, -8.734], [-35.7526, -8.7242], [-35.7441, -8.7199], [-35.7469, -8.7046], [-35.7523, -8.7013], [-35.7636, -8.706], [-35.7701, -8.7038], [-35.7784, -8.7108], [-35.7894, -8.7065], [-35.7946, -8.6974], [-35.8019, -8.7016], [-35.8107, -8.6992], [-35.8145, -8.7058], [-35.8178, -8.6988]]], [[[-35.8147, -8.676], [-35.8205, -8.6809], [-35.8214, -8.6955], [-35.8139, -8.6892], [-35.8147, -8.676]]]]}}, {"type": "Feature", "properties": {"osm_type": "relation", "osm_id": 584225192, "name": "Jataúba", "admin_level": "6", "kind": "subdivision_2", "parent_osm_id": 303702, "parent_name": "Pernambuco", "parent_iso": "BR-PE"}, "geometry": {"type": "Polygon", "coordinates": [[[-36.5364, -7.9016], [-36.5639, -7.901], [-36.5754, -7.9084], [-36.5776, -7.9212], [-36.5725, -7.9359], [-36.5796, -7.949], [-36.5731, -7.9553], [-36.5768, -7.9596], [-36.6115, -7.9485], [-36.6214, -7.966], [-36.6229, -7.9811], [-36.6276, -7.9861], [-36.6283, -8.0562], [-36.6538, -8.0703], [-36.6585, -8.0793], [-36.6495, -8.0819], [-36.6462, -8.0922], [-36.6369, -8.0932], [-36.6281, -8.1023], [-36.6286, -8.111], [-36.6401, -8.1197], [-36.6665, -8.1237], [-36.6941, -8.1418], [-36.6774, -8.1778], [-36.6632, -8.1825], [-36.6464, -8.2083], [-36.633, -8.2134], [-36.6172, -8.2094], [-36.6184, -8.1905], [-36.6119, -8.1708], [-36.6059, -8.2123], [-36.5821, -8.206], [-36.5468, -8.2094], [-36.5121, -8.1585], [-36.4975, -8.1448], [-36.4908, -8.1332], [-36.4937, -8.1267], [-36.4439, -8.1458], [-36.3802, -7.9767], [-36.4449, -7.9156], [-36.4641, -7.9153], [-36.4787, -7.9246], [-36.4874, -7.9159], [-36.4986, -7.9201], [-36.5364, -7.9016]]]}}, {"type": "Feature", "properties": {"osm_type": "relation", "osm_id": 587285716, "name": "Jatobá", "admin_level": "6", "kind": "subdivision_2", "parent_osm_id": 303702, "parent_name": "Pernambuco", "parent_iso": "BR-PE"}, "geometry": {"type": "Polygon", "coordinates": [[[-38.0923, -9.1727], [-38.1986, -9.1522], [-38.205, -9.1031], [-38.3128, -9.1484], [-38.2881, -9.1729], [-38.2801, -9.2016], [-38.2863, -9.2184], [-38.2505, -9.2904], [-38.2372, -9.3302], [-38.2024, -9.2969], [-38.18, -9.2914], [-38.1736, -9.2851], [-38.1584, -9.2645], [-38.1563, -9.2423], [-38.1439, -9.2182], [-38.1153, -9.1983], [-38.0923, -9.1727]]]}}, {"type": "Feature", "properties": {"osm_type": "relation", "osm_id": 416712162, "name": "João Alfredo", "admin_level": "6", "kind": "subdivision_2", "parent_osm_id": 303702, "parent_name": "Pernambuco", "parent_iso": "BR-PE"}, "geometry": {"type": "Polygon", "coordinates": [[[-35.6872, -7.8465], [-35.6855, -7.8687], [-35.6905, -7.8791], [-35.6892, -7.8886], [-35.6947, -7.8946], [-35.6872, -7.9074], [-35.6798, -7.9102], [-35.6149, -7.88], [-35.5888, -7.8944], [-35.562, -7.8897], [-35.5523, -7.8986], [-35.5305, -7.8947], [-35.5211, -7.904], [-35.5282, -7.8788], [-35.5105, -7.8608], [-35.502, -7.8075], [-35.518, -7.8008], [-35.5694, -7.8335], [-35.5781, -7.8283], [-35.6027, -7.838], [-35.6832, -7.8355], [-35.6872, -7.8465]]]}}, {"type": "Feature", "properties": {"osm_type": "relation", "osm_id": 884562407, "name": "Joaquim Nabuco", "admin_level": "6", "kind": "subdivision_2", "parent_osm_id": 303702, "parent_name": "Pernambuco", "parent_iso": "BR-PE"}, "geometry": {"type": "Polygon", "coordinates": [[[-35.4871, -8.5063], [-35.4895, -8.4948], [-35.524, -8.5047], [-35.5245, -8.4957], [-35.5358, -8.4824], [-35.5688, -8.498], [-35.5875, -8.5163], [-35.5708, -8.6298], [-35.5577, -8.6414], [-35.5454, -8.6432], [-35.5432, -8.6581], [-35.5127, -8.6353], [-35.5239, -8.5797], [-35.5212, -8.5566], [-35.4871, -8.5063]]]}}, {"type": "Feature", "properties": {"osm_type": "relation", "osm_id": 974177849, "name": "Jucati", "admin_level": "6", "kind": "subdivision_2", "parent_osm_id": 303702, "parent_name": "Pernambuco", "parent_iso": "BR-PE"}, "geometry": {"type": "Polygon", "coordinates": [[[-36.4862, -8.7959], [-36.4734, -8.8017], [-36.4272, -8.7978], [-36.4011, -8.778], [-36.4479, -8.6577], [-36.4524, -8.6644], [-36.4658, -8.6648], [-36.4677, -8.6891], [-36.4832, -8.703], [-36.5068, -8.7076], [-36.4997, -8.7184], [-36.5142, -8.732], [-36.5072, -8.7451], [-36.5161, -8.7616], [-36.5147, -8.7712], [-36.4862, -8.7959]]]}}, {"type": "Feature", "properties": {"osm_type": "relation", "osm_id": 387154398, "name": "Jupi", "admin_level": "6", "kind": "subdivision_2", "parent_osm_id": 303702, "parent_name": "Pernambuco", "parent_iso": "BR-PE"}, "geometry": {"type": "Polygon", "coordinates": [[[-36.3283, -8.799], [-36.3717, -8.7437], [-36.369, -8.6875], [-36.3823, -8.6352], [-36.4479, -8.6577], [-36.4011, -8.778], [-36.3933, -8.7833], [-36.4003, -8.7845], [-36.3998, -8.7915], [-36.3607, -8.7974], [-36.3596, -8.7911], [-36.3502, -8.7857], [-36.3454, -8.802], [-36.3355, -8.8042], [-36.3283, -8.799]]]}}, {"type": "Feature", "properties": {"osm_type": "relation", "osm_id": 378181852, "name": "Jurema", "admin_level": "6", "kind": "subdivision_2", "parent_osm_id": 303702, "parent_name": "Pernambuco", "parent_iso": "BR-PE"}, "geometry": {"type": "Polygon", "coordinates": [[[-36.1209, -8.837], [-36.0898, -8.7764], [-36.0754, -8.7705], [-36.0759, -8.7317], [-36.0942, -8.7314], [-36.076, -8.7209], [-36.1229, -8.7155], [-36.1812, -8.664], [-36.1856, -8.7119], [-36.2167, -8.7932], [-36.1877, -8.7871], [-36.1859, -8.7818], [-36.1759, -8.784], [-36.1693, -8.7939], [-36.15, -8.8044], [-36.1498, -8.8255], [-36.1209, -8.837]]]}}, {"type": "Feature", "properties": {"osm_type": "relation", "osm_id": 528246307, "name": "Lagoa do Carro", "admin_level": "6", "kind": "subdivision_2", "parent_osm_id": 303702, "parent_name": "Pernambuco", "parent_iso": "BR-PE"}, "geometry": {"type": "Polygon", "coordinates": [[[-35.4043, -7.8246], [-35.3882, -7.8504], [-35.3697, -7.8603], [-35.3703, -7.8694], [-35.3549, -7.8911], [-35.3458, -7.8896], [-35.3359, -7.8944], [-35.3335, -7.8821], [-35.3288, -7.8802], [-35.3152, -7.887], [-35.2972, -7.8828], [-35.2887, -7.8742], [-35.2837, -7.8536], [-35.286, -7.8429], [-35.2824, -7.8401], [-35.2954, -7.8208], [-35.3016, -7.8272], [-35.3174, -7.8303], [-35.323, -7.8241], [-35.338, -7.8225], [-35.3507, -7.8296], [-35.3579, -7.8285], [-35.3774, -7.8187], [-35.3948, -7.8267], [-35.4043, -7.8246]]]}}, {"type": "Feature", "properties": {"osm_type": "relation", "osm_id": 183623595, "name": "Lagoa de Itaenga", "admin_level": "6", "kind": "subdivision_2", "parent_osm_id": 303702, "parent_name": "Pernambuco", "parent_iso": "BR-PE"}, "geometry": {"type": "Polygon", "coordinates": [[[-35.2887, -7.8742], [-35.2972, -7.8828], [-35.3152, -7.887], [-35.3288, -7.8802], [-35.3335, -7.8821], [-35.3359, -7.8944], [-35.3458, -7.8896], [-35.3549, -7.8911], [-35.3234, -7.9317], [-35.3053, -7.9409], [-35.2905, -7.937], [-35.2544, -7.9464], [-35.2538, -7.9156], [-35.2484, -7.8965], [-35.2403, -7.8886], [-35.2682, -7.8924], [-35.2775, -7.8861], [-35.2821, -7.8756], [-35.2887, -7.8742]]]}}, {"type": "Feature", "properties": {"osm_type": "relation", "osm_id": 639958180, "name": "Lagoa do Ouro", "admin_level": "6", "kind": "subdivision_2", "parent_osm_id": 303702, "parent_name": "Pernambuco", "parent_iso": "BR-PE"}, "geometry": {"type": "Polygon", "coordinates": [[[-36.4994, -9.2638], [-36.4915, -9.2618], [-36.4875, -9.2408], [-36.4719, -9.2431], [-36.462, -9.2387], [-36.437, -9.2121], [-36.4238, -9.2158], [-36.421, -9.229], [-36.4032, -9.2222], [-36.4151, -9.0877], [-36.4276, -9.0891], [-36.4453, -9.0708], [-36.459, -9.0739], [-36.4782, -9.0896], [-36.4782, -9.0859], [-36.5333, -9.109], [-36.5165, -9.1228], [-36.5111, -9.1374], [-36.518, -9.1428], [-36.5124, -9.1473], [-36.5138, -9.1603], [-36.5039, -9.1648], [-36.508, -9.1762], [-36.5258, -9.1856], [-36.5205, -9.1917], [-36.5237, -9.2149], [-36.5207, -9.2235], [-36.5074, -9.2352], [-36.5113, -9.2519], [-36.5071, -9.261], [-36.4994, -9.2638]]]}}, {"type": "Feature", "properties": {"osm_type": "relation", "osm_id": 420649387, "name": "Lagoa dos Gatos", "admin_level": "6", "kind": "subdivision_2", "parent_osm_id": 303702, "parent_name": "Pernambuco", "parent_iso": "BR-PE"}, "geometry": {"type": "Polygon", "coordinates": [[[-35.8534, -8.6074], [-35.8723, -8.6131], [-35.8773, -8.6092], [-35.896, -8.6119], [-35.948, -8.6295], [-35.9731, -8.6718], [-35.9726, -8.7097], [-35.9767, -8.7116], [-35.979, -8.7259], [-35.9737, -8.7434], [-35.9477, -8.7473], [-35.928, -8.7423], [-35.9162, -8.7497], [-35.8618, -8.752], [-35.8457, -8.7342], [-35.8451, -8.7168], [-35.821, -8.709], [-35.8205, -8.6809], [-35.8102, -8.6729], [-35.8081, -8.6501], [-35.8165, -8.6467], [-35.8174, -8.6379], [-35.8258, -8.6286], [-35.8385, -8.6286], [-35.8551, -8.6115], [-35.8534, -8.6074]]]}}, {"type": "Feature", "properties": {"osm_type": "relation", "osm_id": 476949934, "name": "Lagoa Grande", "admin_level": "6", "kind": "subdivision_2", "parent_osm_id": 303702, "parent_name": "Pernambuco", "parent_iso": "BR-PE"}, "geometry": {"type": "Polygon", "coordinates": [[[-40.4307, -8.6444], [-40.4063, -8.6778], [-40.4031, -8.6888], [-40.3935, -8.6917], [-40.3965, -8.7193], [-40.3927, -8.728], [-40.3958, -8.7487], [-40.4012, -8.753], [-40.3944, -8.7741], [-40.3977, -8.7782], [-40.3914, -8.7841], [-40.3966, -8.7925], [-40.3921, -8.8024], [-40.3611, -8.8189], [-40.3615, -8.8537], [-40.3438, -8.8633], [-40.3113, -8.8623], [-40.2981, -8.8712], [-40.2968, -8.8784], [-40.273, -8.9013], [-40.2739, -8.9308], [-40.2912, -8.9404], [-40.2973, -8.9392], [-40.305, -8.9544], [-40.2936, -8.9719], [-40.2992, -8.9868], [-40.2915, -8.9999], [-40.2824, -9.0085], [-40.2602, -8.9905], [-40.2428, -9.0016], [-40.2323, -9.0172], [-40.2328, -9.0298], [-40.2224, -9.0392], [-40.2199, -9.0481], [-40.1597, -9.1078], [-40.1283, -9.1099], [-40.0735, -9.0754], [-40.0655, -9.063], [-40.0238, -9.0589], [-40.0282, -9.0304], [-40.0243, -9.0188], [-40.0307, -9.0068], [-40.047, -8.9973], [-40.039, -8.976], [-40.0666, -8.9633], [-40.0712, -8.9556], [-40.0873, -8.9504], [-40.097, -8.9569], [-40.068, -8.7498], [-40.0741, -8.632], [-40.0866, -8.6308], [-40.0926, -8.6167], [-40.101, -8.6117], [-40.1209, -8.6117], [-40.1327, -8.6067], [-40.1465, -8.588], [-40.1657, -8.5725], [-40.1651, -8.5501], [-40.179, -8.5379], [-40.1766, -8.5295], [-40.1906, -8.5241], [-40.1956, -8.5115], [-40.2103, -8.5028], [-40.2415, -8.5099], [-40.2491, -8.508], [-40.2576, -8.4968], [-40.2708, -8.5097], [-40.2819, -8.5081], [-40.2885, -8.4991], [-40.2967, -8.5023], [-40.3004, -8.5121], [-40.3301, -8.5171], [-40.3458, -8.5093], [-40.3755, -8.5041], [-40.3846, -8.537], [-40.4176, -8.5606], [-40.4331, -8.6034], [-40.4463, -8.6191], [-40.4432, -8.632], [-40.4307, -8.6444]]]}}, {"type": "Feature", "properties": {"osm_type": "relation", "osm_id": 585930669, "name": "Lajedo", "admin_level": "6", "kind": "subdivision_2", "parent_osm_id": 303702, "parent_name": "Pernambuco", "parent_iso": "BR-PE"}, "geometry": {"type": "Polygon", "coordinates": [[[-36.3318, -8.6147], [-36.3823, -8.6352], [-36.249, -8.7859], [-36.2186, -8.7138], [-36.1948, -8.7124], [-36.2483, -8.6552], [-36.2683, -8.6244], [-36.2928, -8.6313], [-36.2739, -8.5613], [-36.3318, -8.6147]]]}}, {"type": "Feature", "properties": {"osm_type": "relation", "osm_id": 577413665, "name": "Limoeiro", "admin_level": "6", "kind": "subdivision_2", "parent_osm_id": 303702, "parent_name": "Pernambuco", "parent_iso": "BR-PE"}, "geometry": {"type": "Polygon", "coordinates": [[[-35.502, -7.8075], [-35.5105, -7.8608], [-35.5282, -7.8788], [-35.5147, -7.9388], [-35.4984, -7.9204], [-35.4426, -7.9616], [-35.4149, -7.9239], [-35.3823, -7.9033], [-35.3632, -7.905], [-35.3543, -7.9004], [-35.3549, -7.8911], [-35.3703, -7.8694], [-35.3697, -7.8603], [-35.3882, -7.8504], [-35.4043, -7.8246], [-35.4056, -7.7757], [-35.4378, -7.7503], [-35.4131, -7.7404], [-35.4191, -7.7212], [-35.4522, -7.7149], [-35.4644, -7.7213], [-35.4815, -7.743], [-35.4848, -7.778], [-35.4771, -7.7846], [-35.477, -7.7978], [-35.502, -7.8075]]]}}, {"type": "Feature", "properties": {"osm_type": "relation", "osm_id": 174700460, "name": "Macaparana", "admin_level": "6", "kind": "subdivision_2", "parent_osm_id": 303702, "parent_name": "Pernambuco", "parent_iso": "BR-PE"}, "geometry": {"type": "Polygon", "coordinates": [[[-35.5023, -7.5119], [-35.4905, -7.5315], [-35.4897, -7.5559], [-35.478, -7.5571], [-35.4654, -7.5512], [-35.462, -7.5588], [-35.4561, -7.5586], [-35.4518, -7.5783], [-35.4583, -7.5976], [-35.4289, -7.6164], [-35.4137, -7.5771], [-35.4223, -7.5824], [-35.43, -7.5788], [-35.4059, -7.5554], [-35.416, -7.4953], [-35.4375, -7.4667], [-35.4383, -7.4597], [-35.4493, -7.4536], [-35.4538, -7.4626], [-35.4635, -7.4623], [-35.475, -7.4749], [-35.4896, -7.4787], [-35.5023, -7.5119]]]}}, {"type": "Feature", "properties": {"osm_type": "relation", "osm_id": 287987431, "name": "Machados", "admin_level": "6", "kind": "subdivision_2", "parent_osm_id": 303702, "parent_name": "Pernambuco", "parent_iso": "BR-PE"}, "geometry": {"type": "Polygon", "coordinates": [[[-35.4457, -7.6927], [-35.4647, -7.6712], [-35.475, -7.6775], [-35.5143, -7.6583], [-35.5135, -7.6709], [-35.5288, -7.6798], [-35.5208, -7.6939], [-35.5494, -7.7201], [-35.5387, -7.7287], [-35.5414, -7.7351], [-35.5297, -7.7436], [-35.533, -7.7477], [-35.5229, -7.7452], [-35.5172, -7.7492], [-35.4907, -7.7299], [-35.484, -7.7295], [-35.4457, -7.6927]]]}}, {"type": "Feature", "properties": {"osm_type": "relation", "osm_id": 303444626, "name": "Manari", "admin_level": "6", "kind": "subdivision_2", "parent_osm_id": 303702, "parent_name": "Pernambuco", "parent_iso": "BR-PE"}, "geometry": {"type": "Polygon", "coordinates": [[[-37.5622, -8.8244], [-37.6356, -8.9023], [-37.6992, -8.9348], [-37.6967, -8.9453], [-37.6735, -8.9753], [-37.6953, -8.9822], [-37.6964, -8.9904], [-37.6865, -8.9892], [-37.6821, -8.997], [-37.6581, -8.9869], [-37.6533, -8.9947], [-37.641, -8.9945], [-37.6407, -9.0008], [-37.635, -9.003], [-37.6109, -8.9884], [-37.5963, -8.9688], [-37.5597, -8.9719], [-37.5464, -8.9613], [-37.5261, -8.9626], [-37.5188, -8.9392], [-37.5076, -8.9366], [-37.5006, -8.9289], [-37.4898, -8.9038], [-37.4906, -8.8863], [-37.4776, -8.8734], [-37.4807, -8.8442], [-37.4486, -8.8802], [-37.4386, -8.868], [-37.4219, -8.8711], [-37.4193, -8.8644], [-37.4239, -8.8527], [-37.4157, -8.8413], [-37.4217, -8.8337], [-37.4123, -8.8151], [-37.472, -8.7835], [-37.4878, -8.7815], [-37.4983, -8.7858], [-37.5088, -8.8032], [-37.5188, -8.8025], [-37.5622, -8.8244]]]}}, {"type": "Feature", "properties": {"osm_type": "relation", "osm_id": 603745951, "name": "Maraial", "admin_level": "6", "kind": "subdivision_2", "parent_osm_id": 303702, "parent_name": "Pernambuco", "parent_iso": "BR-PE"}, "geometry": {"type": "Polygon", "coordinates": [[[-35.7743, -8.766], [-35.7835, -8.773], [-35.7981, -8.7762], [-35.8034, -8.7705], [-35.816, -8.7766], [-35.8205, -8.7794], [-35.8185, -8.7912], [-35.8261, -8.7954], [-35.8242, -8.7998], [-35.8457, -8.8073], [-35.8435, -8.8727], [-35.8255, -8.8693], [-35.8212, -8.8568], [-35.8072, -8.8599], [-35.796, -8.8476], [-35.7882, -8.851], [-35.7757, -8.8636], [-35.7829, -8.8827], [-35.7819, -8.8979], [-35.7484, -8.9172], [-35.7227, -8.909], [-35.6732, -8.8655], [-35.7209, -8.8009], [-35.7242, -8.7594], [-35.7409, -8.7506], [-35.7743, -8.766]]]}}, {"type": "Feature", "properties": {"osm_type": "relation", "osm_id": 536934746, "name": "Mirandiba", "admin_level": "6", "kind": "subdivision_2", "parent_osm_id": 303702, "parent_name": "Pernambuco", "parent_iso": "BR-PE"}, "geometry": {"type": "Polygon", "coordinates": [[[-38.551, -8.2882], [-38.5556, -8.2645], [-38.5486, -8.2506], [-38.5358, -8.2515], [-38.5268, -8.2376], [-38.537, -8.2298], [-38.5902, -8.1283], [-38.5976, -8.1311], [-38.6032, -8.1425], [-38.6269, -8.1375], [-38.6349, -8.1452], [-38.6436, -8.1397], [-38.6579, -8.1288], [-38.6696, -8.1031], [-38.688, -8.0998], [-38.691, -8.0709], [-38.7039, -8.0499], [-38.7385, -8.0236], [-38.7776, -8.0033], [-38.8304, -8.0165], [-38.8777, -8.0102], [-38.8778, -8.0385], [-38.8705, -8.0454], [-38.8812, -8.0511], [-38.9316, -8.1065], [-38.9372, -8.1249], [-38.9226, -8.1413], [-38.9115, -8.1453], [-38.9012, -8.162], [-38.8816, -8.1699], [-38.8702, -8.169], [-38.867, -8.1879], [-38.8796, -8.2094], [-38.8756, -8.2134], [-38.8509, -8.2253], [-38.8271, -8.2215], [-38.8126, -8.2352], [-38.7393, -8.245], [-38.7199, -8.258], [-38.702, -8.2625], [-38.6772, -8.2805], [-38.6529, -8.289], [-38.6443, -8.3022], [-38.6297, -8.3104], [-38.5687, -8.2986], [-38.551, -8.2882]]]}}, {"type": "Feature", "properties": {"osm_type": "relation", "osm_id": 886517466, "name": "Moreno", "admin_level": "6", "kind": "subdivision_2", "parent_osm_id": 303702, "parent_name": "Pernambuco", "parent_iso": "BR-PE"}, "geometry": {"type": "Polygon", "coordinates": [[[-35.0634, -8.222], [-35.0663, -8.1997], [-35.0971, -8.1616], [-35.0595, -8.0877], [-35.0985, -8.0882], [-35.1256, -8.076], [-35.1394, -8.092], [-35.1957, -8.0795], [-35.216, -8.1225], [-35.2255, -8.1314], [-35.2199, -8.1499], [-35.227, -8.159], [-35.2216, -8.1848], [-35.1621, -8.2248], [-35.1644, -8.2179], [-35.1486, -8.1851], [-35.1415, -8.1883], [-35.1197, -8.1854], [-35.0783, -8.2183], [-35.0634, -8.222]]]}}, {"type": "Feature", "properties": {"osm_type": "relation", "osm_id": 567959979, "name": "Nazaré da Mata", "admin_level": "6", "kind": "subdivision_2", "parent_osm_id": 303702, "parent_name": "Pernambuco", "parent_iso": "BR-PE"}, "geometry": {"type": "Polygon", "coordinates": [[[-35.2594, -7.6759], [-35.3043, -7.766], [-35.2522, -7.8087], [-35.245, -7.7943], [-35.2003, -7.7682], [-35.1962, -7.76], [-35.1787, -7.7564], [-35.1685, -7.727], [-35.161, -7.7257], [-35.1495, -7.7097], [-35.1565, -7.7075], [-35.1656, -7.7135], [-35.1851, -7.6881], [-35.2126, -7.6823], [-35.2401, -7.6962], [-35.2412, -7.7054], [-35.2594, -7.6759]]]}}, {"type": "Feature", "properties": {"osm_type": "relation", "osm_id": 652403954, "name": "Olinda", "admin_level": "6", "kind": "subdivision_2", "parent_osm_id": 303702, "parent_name": "Pernambuco", "parent_iso": "BR-PE"}, "geometry": {"type": "Polygon", "coordinates": [[[-34.8283, -7.9581], [-34.8375, -7.9603], [-34.8554, -7.9555], [-34.8567, -7.9668], [-34.8525, -7.9676], [-34.8641, -7.9737], [-34.8687, -7.9682], [-34.8736, -7.9801], [-34.8964, -7.976], [-34.9123, -7.979], [-34.9163, -7.9861], [-34.873, -8.0185], [-34.8759, -8.0306], [-34.864, -8.041], [-34.859, -8.028], [-34.8416, -8.0107], [-34.8283, -7.9581]]]}}, {"type": "Feature", "properties": {"osm_type": "relation", "osm_id": 450520086, "name": "Orobó", "admin_level": "6", "kind": "subdivision_2", "parent_osm_id": 303702, "parent_name": "Pernambuco", "parent_iso": "BR-PE"}, "geometry": {"type": "Polygon", "coordinates": [[[-35.6206, -7.6629], [-35.6284, -7.6774], [-35.6452, -7.6924], [-35.6738, -7.7], [-35.6811, -7.7105], [-35.6649, -7.7383], [-35.6516, -7.747], [-35.6505, -7.7529], [-35.6294, -7.7661], [-35.627, -7.7638], [-35.6129, -7.7817], [-35.5855, -7.7427], [-35.5543, -7.7187], [-35.5411, -7.7156], [-35.5389, -7.7076], [-35.5208, -7.6939], [-35.5288, -7.6798], [-35.5125, -7.6665], [-35.5143, -7.6583], [-35.5206, -7.6621], [-35.5241, -7.6585], [-35.527, -7.6451], [-35.5335, -7.6548], [-35.5512, -7.6612], [-35.5884, -7.6509], [-35.6108, -7.6541], [-35.6206, -7.6629]]]}}, {"type": "Feature", "properties": {"osm_type": "relation", "osm_id": 150450326, "name": "Orocó", "admin_level": "6", "kind": "subdivision_2", "parent_osm_id": 303702, "parent_name": "Pernambuco", "parent_iso": "BR-PE"}, "geometry": {"type": "Polygon", "coordinates": [[[-39.5691, -8.2495], [-39.6847, -8.3529], [-39.6845, -8.3706], [-39.6701, -8.3866], [-39.668, -8.3957], [-39.674, -8.4103], [-39.6651, -8.4204], [-39.6737, -8.4284], [-39.6722, -8.4567], [-39.6628, -8.4629], [-39.6542, -8.4782], [-39.6499, -8.497], [-39.6302, -8.5058], [-39.6433, -8.5191], [-39.646, -8.6596], [-39.61, -8.6572], [-39.5691, -8.6368], [-39.5559, -8.623], [-39.5262, -8.6125], [-39.5149, -8.6025], [-39.476, -8.5927], [-39.4784, -8.5341], [-39.514, -8.5141], [-39.5501, -8.4639], [-39.5472, -8.4562], [-39.5607, -8.4328], [-39.5655, -8.4145], [-39.5645, -8.4065], [-39.5548, -8.3976], [-39.5588, -8.387], [-39.5534, -8.368], [-39.5564, -8.3642], [-39.5428, -8.349], [-39.5407, -8.334], [-39.5691, -8.2495]]]}}, {"type": "Feature", "properties": {"osm_type": "relation", "osm_id": 767886617, "name": "Ouricuri", "admin_level": "6", "kind": "subdivision_2", "parent_osm_id": 303702, "parent_name": "Pernambuco", "parent_iso": "BR-PE"}, "geometry": {"type": "Polygon", "coordinates": [[[-40.5757, -8.0304], [-40.4332, -8.0324], [-40.4266, -8.0358], [-40.4251, -8.0462], [-40.4305, -8.057], [-40.4285, -8.0697], [-40.4123, -8.0833], [-40.3987, -8.0831], [-40.3813, -8.0747], [-40.3559, -8.0869], [-40.3387, -8.0663], [-40.3276, -8.0674], [-40.3178, -8.0578], [-40.2902, -8.0661], [-40.2718, -8.0642], [-40.2606, -8.0557], [-40.2421, -8.0772], [-40.2235, -8.0746], [-40.217, -8.0833], [-40.2419, -8.1261], [-40.2504, -8.1294], [-40.2575, -8.1422], [-40.2535, -8.1538], [-40.2339, -8.168], [-40.2186, -8.221], [-40.1974, -8.221], [-40.1894, -8.1515], [-40.1771, -8.1782], [-40.1487, -8.159], [-40.1391, -8.1599], [-40.1285, -8.1538], [-40.1021, -8.1555], [-40.0904, -8.1507], [-40.0791, -8.1524], [-40.0691, -8.1673], [-40.0597, -8.1698], [-40.0507, -8.1717], [-40.0431, -8.1673], [-40.0351, -8.1709], [-40.0266, -8.166], [-40.0156, -8.1724], [-40.0064, -8.1703], [-39.9984, -8.1781], [-40.0055, -8.1886], [-39.994, -8.1947], [-39.9945, -8.2036], [-39.9836, -8.2055], [-39.9787, -8.214], [-39.9717, -8.2185], [-39.9661, -8.2156], [-39.9555, -8.2256], [-39.9242, -8.2171], [-39.9148, -8.2204], [-39.9048, -8.2168], [-39.9121, -8.2105], [-39.9176, -8.1946], [-39.9215, -8.1975], [-39.9332, -8.1859], [-39.9315, -8.1769], [-39.9417, -8.1602], [-39.9433, -8.1437], [-39.8542, -8.0284], [-39.8619, -8.0172], [-39.874, -8.0105], [-39.8736, -8.0027], [-39.8972, -7.9751], [-39.9023, -7.9777], [-39.9101, -7.9405], [-39.933, -7.9134], [-39.929, -7.9058], [-39.9432, -7.894], [-39.9366, -7.8888], [-39.9394, -7.886], [-39.929, -7.855], [-39.939, -7.8228], [-40.0108, -7.7927], [-40.0323, -7.7956], [-40.0697, -7.8095], [-40.0825, -7.8092], [-40.0965, -7.7847], [-40.0889, -7.7782], [-40.1039, -7.6869], [-40.1639, -7.7021], [-40.211, -7.6773], [-40.2386, -7.6839], [-40.237, -7.8184], [-40.4535, -7.8767], [-40.4546, -7.8886], [-40.4652, -7.8972], [-40.4652, -7.9034], [-40.4931, -7.9168], [-40.5047, -7.9413], [-40.5194, -7.9526], [-40.5203, -7.979], [-40.5269, -7.997], [-40.5606, -7.9973], [-40.5757, -8.0304]]]}}, {"type": "Feature", "properties": {"osm_type": "relation", "osm_id": 843938249, "name": "Palmares", "admin_level": "6", "kind": "subdivision_2", "parent_osm_id": 303702, "parent_name": "Pernambuco", "parent_iso": "BR-PE"}, "geometry": {"type": "Polygon", "coordinates": [[[-35.5382, -8.6578], [-35.5432, -8.6581], [-35.5454, -8.6432], [-35.5577, -8.6414], [-35.5708, -8.6298], [-35.5875, -8.5163], [-35.6139, -8.5299], [-35.6179, -8.5401], [-35.6328, -8.5507], [-35.6406, -8.5497], [-35.6425, -8.5351], [-35.6977, -8.5473], [-35.6997, -8.5725], [-35.6926, -8.5911], [-35.6887, -8.5956], [-35.6695, -8.5981], [-35.6956, -8.6327], [-35.6686, -8.669], [-35.7076, -8.7301], [-35.6431, -8.7296], [-35.6632, -8.7391], [-35.7209, -8.8009], [-35.6063, -8.7755], [-35.6089, -8.7634], [-35.5996, -8.7522], [-35.6028, -8.7422], [-35.5577, -8.7176], [-35.5642, -8.6847], [-35.5382, -8.6578]]]}}, {"type": "Feature", "properties": {"osm_type": "relation", "osm_id": 432386550, "name": "Palmeirina", "admin_level": "6", "kind": "subdivision_2", "parent_osm_id": 303702, "parent_name": "Pernambuco", "parent_iso": "BR-PE"}, "geometry": {"type": "Polygon", "coordinates": [[[-36.3066, -8.9536], [-36.3112, -8.9648], [-36.343, -8.9852], [-36.3687, -8.9915], [-36.3776, -8.9892], [-36.3594, -9.0472], [-36.3418, -9.0528], [-36.2953, -9.0499], [-36.2531, -9.0591], [-36.18, -9.0412], [-36.1419, -9.0399], [-36.1151, -9.0221], [-36.1556, -9.0328], [-36.1602, -9.0283], [-36.1697, -9.0296], [-36.177, -9.0212], [-36.1876, -9.0257], [-36.195, -9.0197], [-36.2167, -9.0234], [-36.219, -9.0042], [-36.2464, -8.9965], [-36.24, -8.9878], [-36.2407, -8.9518], [-36.2337, -8.9338], [-36.2549, -8.9522], [-36.3066, -8.9536]]]}}, {"type": "Feature", "properties": {"osm_type": "relation", "osm_id": 476492908, "name": "Panelas", "admin_level": "6", "kind": "subdivision_2", "parent_osm_id": 303702, "parent_name": "Pernambuco", "parent_iso": "BR-PE"}, "geometry": {"type": "Polygon", "coordinates": [[[-36.0949, -8.5921], [-36.1056, -8.603], [-36.1083, -8.6005], [-36.1292, -8.6099], [-36.1551, -8.6311], [-36.1812, -8.664], [-36.1229, -8.7155], [-36.076, -8.7209], [-36.0942, -8.7314], [-36.0759, -8.7317], [-36.0754, -8.7705], [-36.0548, -8.7555], [-36.0404, -8.7631], [-36.0296, -8.7802], [-36.0273, -8.7765], [-35.9859, -8.7809], [-35.9668, -8.7631], [-35.9662, -8.7495], [-35.9737, -8.7434], [-35.979, -8.7259], [-35.9767, -8.7116], [-35.9726, -8.7097], [-35.9731, -8.6718], [-35.948, -8.6295], [-35.9703, -8.6139], [-35.9966, -8.5475], [-36.0004, -8.5468], [-36.0015, -8.5339], [-36.0128, -8.5438], [-36.0154, -8.5555], [-36.0604, -8.577], [-36.078, -8.5806], [-36.0895, -8.5937], [-36.0949, -8.5921]]]}}, {"type": "Feature", "properties": {"osm_type": "relation", "osm_id": 165343331, "name": "Paranatama", "admin_level": "6", "kind": "subdivision_2", "parent_osm_id": 303702, "parent_name": "Pernambuco", "parent_iso": "BR-PE"}, "geometry": {"type": "Polygon", "coordinates": [[[-36.8653, -8.8886], [-36.7277, -8.9535], [-36.7137, -8.9513], [-36.7087, -8.9408], [-36.661, -8.9342], [-36.6411, -8.9378], [-36.6303, -8.9517], [-36.6056, -8.9375], [-36.6137, -8.9235], [-36.6068, -8.9215], [-36.6055, -8.9142], [-36.6173, -8.8996], [-36.645, -8.8704], [-36.6657, -8.8668], [-36.6712, -8.8554], [-36.6672, -8.8338], [-36.7593, -8.8339], [-36.7666, -8.8424], [-36.7769, -8.8863], [-36.7561, -8.8788], [-36.748, -8.8874], [-36.7781, -8.9274], [-36.84, -8.8837], [-36.8772, -8.883], [-36.8653, -8.8886]]]}}, {"type": "Feature", "properties": {"osm_type": "relation", "osm_id": 347750023, "name": "Parnamirim", "admin_level": "6", "kind": "subdivision_2", "parent_osm_id": 303702, "parent_name": "Pernambuco", "parent_iso": "BR-PE"}, "geometry": {"type": "Polygon", "coordinates": [[[-39.8542, -8.0284], [-39.9433, -8.1437], [-39.9417, -8.1602], [-39.9315, -8.1769], [-39.9332, -8.1859], [-39.9215, -8.1975], [-39.9176, -8.1946], [-39.9121, -8.2105], [-39.9048, -8.2168], [-39.9148, -8.2204], [-39.9242, -8.2171], [-39.9555, -8.2256], [-39.9661, -8.2156], [-39.9717, -8.2185], [-39.9787, -8.214], [-39.9836, -8.2055], [-39.9945, -8.2036], [-39.994, -8.1947], [-40.0055, -8.1886], [-39.9984, -8.1781], [-40.0064, -8.1703], [-40.0156, -8.1724], [-40.0266, -8.166], [-40.0351, -8.1709], [-40.0431, -8.1673], [-40.0507, -8.1717], [-40.0597, -8.1698], [-40.0691, -8.1673], [-40.0791, -8.1524], [-40.0904, -8.1507], [-40.1125, -8.157], [-40.1285, -8.1538], [-40.1391, -8.1599], [-40.1487, -8.159], [-40.1771, -8.1782], [-40.1894, -8.1515], [-40.2007, -8.2559], [-40.0873, -8.3372], [-40.111, -8.3432], [-40.1087, -8.3481], [-40.0945, -8.35], [-40.0911, -8.3658], [-40.0824, -8.3714], [-40.0427, -8.3643], [-40.0298, -8.3744], [-40.0215, -8.3732], [-40.0118, -8.3568], [-40.0038, -8.3545], [-39.9637, -8.3777], [-39.94, -8.3644], [-39.8969, -8.3733], [-39.8617, -8.3499], [-39.8505, -8.3353], [-39.8343, -8.3296], [-39.809, -8.3297], [-39.7982, -8.3355], [-39.7885, -8.333], [-39.7828, -8.3397], [-39.7723, -8.3407], [-39.7666, -8.3534], [-39.7495, -8.3447], [-39.7418, -8.3765], [-39.7267, -8.3779], [-39.7227, -8.3922], [-39.711, -8.3995], [-39.7137, -8.4095], [-39.6881, -8.4287], [-39.6722, -8.4567], [-39.6737, -8.4284], [-39.6651, -8.4204], [-39.674, -8.4103], [-39.668, -8.3957], [-39.6701, -8.3866], [-39.6845, -8.3706], [-39.6847, -8.3529], [-39.5666, -8.2474], [-39.5445, -8.2447], [-39.5394, -8.2387], [-39.5119, -8.2391], [-39.4957, -8.2476], [-39.4639, -8.2382], [-39.4691, -8.2208], [-39.4795, -8.2229], [-39.4973, -8.2138], [-39.4998, -8.2179], [-39.5111, -8.2133], [-39.5244, -8.2163], [-39.5413, -8.2055], [-39.547, -8.1887], [-39.5388, -8.1809], [-39.4811, -8.1563], [-39.4654, -8.1411], [-39.4462, -8.1422], [-39.4354, -8.1504], [-39.4244, -8.148], [-39.4295, -8.1422], [-39.4256, -8.1367], [-39.4298, -8.1205], [-39.4167, -8.1206], [-39.3988, -8.0874], [-39.3985, -8.0763], [-39.3798, -8.066], [-39.3682, -8.0534], [-39.4532, -8.0609], [-39.4665, -8.0562], [-39.4797, -8.044], [-39.4852, -8.0017], [-39.4643, -7.9748], [-39.4544, -7.9519], [-39.5691, -7.988], [-39.5662, -7.9724], [-39.5719, -7.9587], [-39.568, -7.9486], [-39.576, -7.9362], [-39.5584, -7.9245], [-39.5576, -7.9116], [-39.5713, -7.8958], [-39.5721, -7.88], [-39.5662, -7.8769], [-39.5725, -7.8712], [-39.7625, -7.9125], [-39.8542, -8.0284]]]}}, {"type": "Feature", "properties": {"osm_type": "relation", "osm_id": 894252265, "name": "Passira", "admin_level": "6", "kind": "subdivision_2", "parent_osm_id": 303702, "parent_name": "Pernambuco", "parent_iso": "BR-PE"}, "geometry": {"type": "Polygon", "coordinates": [[[-35.6303, -8.104], [-35.5837, -8.0786], [-35.5097, -8.0583], [-35.4624, -8.0938], [-35.443, -8.0796], [-35.4294, -8.0812], [-35.4392, -8.0399], [-35.4652, -8.0312], [-35.4662, -8.0245], [-35.455, -7.9823], [-35.4426, -7.9616], [-35.4984, -7.9204], [-35.5147, -7.9388], [-35.5324, -7.9317], [-35.5388, -7.946], [-35.5578, -7.9406], [-35.5807, -7.9462], [-35.5995, -7.9359], [-35.6123, -7.937], [-35.6195, -7.9447], [-35.6413, -7.9389], [-35.6532, -7.9439], [-35.6099, -8.0142], [-35.6137, -8.0215], [-35.6234, -8.0186], [-35.6343, -8.0266], [-35.6399, -8.0422], [-35.6533, -8.0442], [-35.6581, -8.0501], [-35.6641, -8.0474], [-35.6507, -8.073], [-35.6498, -8.1053], [-35.6303, -8.104]]]}}, {"type": "Feature", "properties": {"osm_type": "relation", "osm_id": 710401062, "name": "Paudalho", "admin_level": "6", "kind": "subdivision_2", "parent_osm_id": 303702, "parent_name": "Pernambuco", "parent_iso": "BR-PE"}, "geometry": {"type": "Polygon", "coordinates": [[[-35.1397, -7.7953], [-35.1458, -7.8267], [-35.226, -7.8212], [-35.2148, -7.8897], [-35.2403, -7.8886], [-35.2484, -7.8965], [-35.2538, -7.9156], [-35.2544, -7.9464], [-35.1804, -7.9778], [-35.1727, -7.9721], [-35.1663, -7.9781], [-35.1649, -7.9722], [-35.1312, -7.9752], [-35.1113, -7.9692], [-35.0978, -7.9724], [-35.0779, -7.9611], [-35.0763, -7.9521], [-35.0552, -7.9459], [-35.0425, -7.948], [-35.0342, -7.9413], [-35.0287, -7.9323], [-35.0478, -7.9091], [-35.0635, -7.9048], [-35.0661, -7.8991], [-35.0739, -7.8996], [-35.0974, -7.8841], [-35.1121, -7.8576], [-35.1227, -7.8505], [-35.1397, -7.7953]]]}}, {"type": "Feature", "properties": {"osm_type": "relation", "osm_id": 313620032, "name": "Paulista", "admin_level": "6", "kind": "subdivision_2", "parent_osm_id": 303702, "parent_name": "Pernambuco", "parent_iso": "BR-PE"}, "geometry": {"type": "Polygon", "coordinates": [[[-35.0326, -7.9261], [-35.0287, -7.9323], [-35.0153, -7.926], [-35.003, -7.9266], [-34.9858, -7.9403], [-34.9647, -7.94], [-34.9451, -7.93], [-34.9145, -7.9363], [-34.9099, -7.9431], [-34.9123, -7.979], [-34.8861, -7.976], [-34.8736, -7.9801], [-34.8687, -7.9682], [-34.8641, -7.9737], [-34.8525, -7.9676], [-34.8567, -7.9668], [-34.8554, -7.9555], [-34.8375, -7.9603], [-34.8283, -7.9581], [-34.8203, -7.9167], [-34.8246, -7.8846], [-34.8337, -7.8698], [-34.8391, -7.8404], [-34.841, -7.8621], [-34.8553, -7.8724], [-34.8626, -7.8899], [-34.867, -7.8908], [-34.8608, -7.8979], [-34.8614, -7.9101], [-34.8905, -7.9121], [-34.9062, -7.9352], [-34.9125, -7.934], [-34.9149, -7.9276], [-34.9392, -7.926], [-34.9611, -7.9159], [-34.9868, -7.9201], [-35.0183, -7.9157], [-35.0262, -7.926], [-35.0326, -7.9261]]]}}, {"type": "Feature", "properties": {"osm_type": "relation", "osm_id": 723767642, "name": "Pedra", "admin_level": "6", "kind": "subdivision_2", "parent_osm_id": 303702, "parent_name": "Pernambuco", "parent_iso": "BR-PE"}, "geometry": {"type": "Polygon", "coordinates": [[[-36.8742, -8.886], [-36.8772, -8.883], [-36.84, -8.8837], [-36.7781, -8.9274], [-36.748, -8.8874], [-36.7561, -8.8788], [-36.7769, -8.8863], [-36.7666, -8.8424], [-36.7547, -8.828], [-36.7668, -8.8196], [-36.7802, -8.7986], [-36.7774, -8.7913], [-36.7621, -8.7843], [-36.7592, -8.7746], [-36.7741, -8.7618], [-36.7713, -8.7353], [-36.787, -8.7056], [-36.8167, -8.6896], [-36.841, -8.6642], [-36.912, -8.6121], [-36.9105, -8.5973], [-36.9009, -8.5815], [-36.9048, -8.5684], [-36.8962, -8.5559], [-36.8894, -8.5554], [-36.8831, -8.5443], [-36.8747, -8.5406], [-36.8584, -8.5111], [-36.859, -8.5005], [-36.8496, -8.4824], [-36.8476, -8.4671], [-36.821, -8.4189], [-36.8662, -8.4563], [-36.8781, -8.4553], [-36.8823, -8.4361], [-36.9009, -8.4398], [-36.8976, -8.4417], [-36.9105, -8.4483], [-36.9245, -8.4635], [-36.9392, -8.446], [-36.9684, -8.4442], [-36.9848, -8.4493], [-36.9876, -8.4405], [-36.9975, -8.4385], [-37.0071, -8.4466], [-37.0028, -8.4524], [-37.0037, -8.4652], [-37.0228, -8.4986], [-37.0707, -8.5338], [-37.0467, -8.5422], [-37.0008, -8.5422], [-36.9886, -8.5573], [-36.9709, -8.71], [-36.9937, -8.8969], [-36.9742, -8.8954], [-36.9592, -8.9011], [-36.9416, -8.8977], [-36.9022, -8.9087], [-36.8963, -8.8973], [-36.8799, -8.8941], [-36.8742, -8.886]]]}}, {"type": "Feature", "properties": {"osm_type": "relation", "osm_id": 627968122, "name": "Pesqueira", "admin_level": "6", "kind": "subdivision_2", "parent_osm_id": 303702, "parent_name": "Pernambuco", "parent_iso": "BR-PE"}, "geometry": {"type": "Polygon", "coordinates": [[[-36.9083, -8.2531], [-36.9096, -8.2956], [-36.9449, -8.3734], [-36.9484, -8.3966], [-36.9218, -8.4305], [-36.9009, -8.4398], [-36.8823, -8.4361], [-36.8799, -8.4522], [-36.8737, -8.4575], [-36.8593, -8.4527], [-36.851, -8.4409], [-36.821, -8.4189], [-36.8147, -8.4309], [-36.7849, -8.4228], [-36.7016, -8.4211], [-36.677, -8.5259], [-36.6949, -8.5254], [-36.7122, -8.533], [-36.7259, -8.5476], [-36.7259, -8.5591], [-36.7352, -8.5725], [-36.7585, -8.5991], [-36.7299, -8.6063], [-36.7278, -8.62], [-36.7314, -8.625], [-36.7239, -8.6324], [-36.7249, -8.6484], [-36.69, -8.6701], [-36.6802, -8.6663], [-36.6747, -8.6574], [-36.6873, -8.6328], [-36.6761, -8.6142], [-36.6682, -8.6111], [-36.6623, -8.5952], [-36.6135, -8.5584], [-36.6102, -8.549], [-36.5587, -8.5053], [-36.5829, -8.4637], [-36.6274, -8.3452], [-36.6028, -8.3124], [-36.5603, -8.2832], [-36.6059, -8.2123], [-36.64, -8.2777], [-36.6363, -8.2853], [-36.67, -8.2798], [-36.682, -8.2729], [-36.719, -8.2699], [-36.7257, -8.2584], [-36.7403, -8.2627], [-36.7688, -8.2586], [-36.7832, -8.2752], [-36.7995, -8.2784], [-36.8073, -8.2562], [-36.8151, -8.2533], [-36.8172, -8.2398], [-36.8, -8.2077], [-36.802, -8.2033], [-36.7878, -8.1898], [-36.8033, -8.1935], [-36.8129, -8.2055], [-36.8617, -8.2224], [-36.8792, -8.2356], [-36.8958, -8.2408], [-36.9083, -8.2531]]]}}, {"type": "Feature", "properties": {"osm_type": "relation", "osm_id": 907929991, "name": "Petrolândia", "admin_level": "6", "kind": "subdivision_2", "parent_osm_id": 303702, "parent_name": "Pernambuco", "parent_iso": "BR-PE"}, "geometry": {"type": "Polygon", "coordinates": [[[-38.4696, -8.865], [-38.4793, -8.9016], [-38.5021, -8.9166], [-38.5193, -8.9392], [-38.5167, -8.9566], [-38.5035, -8.9814], [-38.484, -9.001], [-38.4491, -9.0263], [-38.4146, -9.0385], [-38.3966, -9.033], [-38.3561, -8.997], [-38.3402, -8.9904], [-38.32, -8.9912], [-38.3169, -9.0013], [-38.2964, -9.0228], [-38.2889, -9.0403], [-38.297, -9.0557], [-38.321, -9.07], [-38.3258, -9.078], [-38.3192, -9.0919], [-38.3048, -9.0974], [-38.321, -9.1162], [-38.3195, -9.1382], [-38.3128, -9.1484], [-38.205, -9.1031], [-38.2125, -8.9802], [-38.2056, -8.95], [-38.2157, -8.9041], [-38.2154, -8.8823], [-38.2361, -8.8554], [-38.0654, -8.6844], [-38.073, -8.6798], [-38.0826, -8.6818], [-38.1006, -8.696], [-38.1314, -8.691], [-38.1414, -8.6969], [-38.1543, -8.6955], [-38.1898, -8.6772], [-38.2094, -8.6875], [-38.2315, -8.6883], [-38.248, -8.6971], [-38.2616, -8.7113], [-38.2661, -8.7519], [-38.2824, -8.7527], [-38.2876, -8.7594], [-38.3042, -8.7546], [-38.3075, -8.7616], [-38.3254, -8.7728], [-38.3283, -8.781], [-38.3408, -8.7784], [-38.3611, -8.7918], [-38.3771, -8.791], [-38.3911, -8.8048], [-38.4023, -8.8091], [-38.4048, -8.8159], [-38.4527, -8.8368], [-38.4696, -8.865]]]}}, {"type": "Feature", "properties": {"osm_type": "relation", "osm_id": 476892851, "name": "Petrolina", "admin_level": "6", "kind": "subdivision_2", "parent_osm_id": 303702, "parent_name": "Pernambuco", "parent_iso": "BR-PE"}, "geometry": {"type": "Polygon", "coordinates": [[[-40.9591, -8.8417], [-40.9474, -8.8448], [-40.9213, -8.8354], [-40.915, -8.8495], [-40.9027, -8.8596], [-40.8816, -8.9145], [-40.8662, -8.9234], [-40.8613, -8.948], [-40.8515, -8.953], [-40.8509, -8.9852], [-40.8346, -9.0095], [-40.8191, -9.0691], [-40.8211, -9.077], [-40.8116, -9.0848], [-40.8093, -9.093], [-40.8041, -9.0983], [-40.7885, -9.0996], [-40.7867, -9.1045], [-40.7762, -9.1007], [-40.7632, -9.1068], [-40.7568, -9.105], [-40.7564, -9.1194], [-40.7325, -9.124], [-40.7099, -9.1408], [-40.6862, -9.1372], [-40.6673, -9.1597], [-40.6721, -9.1723], [-40.6706, -9.1887], [-40.6805, -9.2003], [-40.6811, -9.2115], [-40.6939, -9.2323], [-40.6867, -9.2428], [-40.6879, -9.2574], [-40.6815, -9.2578], [-40.6872, -9.2783], [-40.7077, -9.2859], [-40.7078, -9.2953], [-40.7201, -9.3059], [-40.7384, -9.2965], [-40.7559, -9.3139], [-40.7374, -9.3377], [-40.7411, -9.3476], [-40.7381, -9.3542], [-40.7464, -9.3709], [-40.7429, -9.4018], [-40.764, -9.4123], [-40.7596, -9.4291], [-40.7766, -9.4544], [-40.7498, -9.4438], [-40.7221, -9.4459], [-40.6812, -9.4672], [-40.6218, -9.4827], [-40.5943, -9.4671], [-40.5757, -9.4675], [-40.5558, -9.4579], [-40.5469, -9.4463], [-40.5412, -9.425], [-40.5291, -9.4139], [-40.5109, -9.4072], [-40.4677, -9.4206], [-40.4533, -9.4024], [-40.4308, -9.3567], [-40.4181, -9.352], [-40.3913, -9.3722], [-40.3637, -9.3792], [-40.3388, -9.3598], [-40.3337, -9.3505], [-40.3361, -9.3271], [-40.3095, -9.2755], [-40.2858, -9.1818], [-40.2932, -9.1467], [-40.2766, -9.0891], [-40.2642, -9.071], [-40.2434, -9.0556], [-40.2315, -9.0547], [-40.2083, -9.0626], [-40.2094, -9.0556], [-40.2328, -9.0298], [-40.2323, -9.0172], [-40.2428, -9.0016], [-40.2602, -8.9905], [-40.2824, -9.0085], [-40.2967, -8.9934], [-40.2992, -8.9868], [-40.2936, -8.9719], [-40.305, -8.9544], [-40.2973, -8.9392], [-40.2912, -8.9404], [-40.2739, -8.9308], [-40.273, -8.9013], [-40.2968, -8.8784], [-40.2981, -8.8712], [-40.3113, -8.8623], [-40.3438, -8.8633], [-40.3615, -8.8537], [-40.3611, -8.8189], [-40.3921, -8.8024], [-40.3966, -8.7925], [-40.3914, -8.7841], [-40.3977, -8.7782], [-40.3944, -8.7741], [-40.4012, -8.753], [-40.3958, -8.7487], [-40.3927, -8.728], [-40.3965, -8.7193], [-40.3935, -8.6917], [-40.4031, -8.6888], [-40.4063, -8.6778], [-40.4307, -8.6444], [-40.5794, -8.6671], [-40.7594, -8.6231], [-40.9116, -8.7757], [-40.925, -8.7738], [-40.9297, -8.7686], [-40.9428, -8.7858], [-40.9428, -8.8202], [-40.9591, -8.8417]]]}}, {"type": "Feature", "properties": {"osm_type": "relation", "osm_id": 588263909, "name": "Poção", "admin_level": "6", "kind": "subdivision_2", "parent_osm_id": 303702, "parent_name": "Pernambuco", "parent_iso": "BR-PE"}, "geometry": {"type": "Polygon", "coordinates": [[[-36.7878, -8.1898], [-36.802, -8.2033], [-36.8, -8.2077], [-36.8172, -8.2398], [-36.8151, -8.2533], [-36.8073, -8.2562], [-36.7995, -8.2784], [-36.7832, -8.2752], [-36.7688, -8.2586], [-36.7403, -8.2627], [-36.7257, -8.2584], [-36.719, -8.2699], [-36.682, -8.2729], [-36.67, -8.2798], [-36.6363, -8.2853], [-36.64, -8.2777], [-36.6059, -8.2123], [-36.6119, -8.1708], [-36.6184, -8.1905], [-36.6172, -8.2094], [-36.633, -8.2134], [-36.6464, -8.2083], [-36.6632, -8.1825], [-36.6774, -8.1778], [-36.6869, -8.1565], [-36.7036, -8.158], [-36.7228, -8.1509], [-36.7257, -8.1563], [-36.7157, -8.1673], [-36.724, -8.1725], [-36.7501, -8.1757], [-36.7542, -8.1919], [-36.766, -8.1964], [-36.7878, -8.1898]]]}}, {"type": "Feature", "properties": {"osm_type": "relation", "osm_id": 596603356, "name": "Pombos", "admin_level": "6", "kind": "subdivision_2", "parent_osm_id": 303702, "parent_name": "Pernambuco", "parent_iso": "BR-PE"}, "geometry": {"type": "Polygon", "coordinates": [[[-35.4389, -8.2517], [-35.4348, -8.257], [-35.4255, -8.2553], [-35.4236, -8.2658], [-35.4145, -8.2682], [-35.4035, -8.2577], [-35.3886, -8.2609], [-35.3731, -8.2775], [-35.3678, -8.2748], [-35.3656, -8.2785], [-35.3734, -8.2893], [-35.3698, -8.2989], [-35.3658, -8.2988], [-35.3385, -8.2781], [-35.3178, -8.1798], [-35.3444, -8.1173], [-35.4294, -8.0812], [-35.443, -8.0796], [-35.4792, -8.1045], [-35.4388, -8.1269], [-35.449, -8.1698], [-35.4308, -8.1652], [-35.4354, -8.1883], [-35.429, -8.2158], [-35.4417, -8.2359], [-35.4389, -8.2517]]]}}, {"type": "Feature", "properties": {"osm_type": "relation", "osm_id": 152699484, "name": "Primavera", "admin_level": "6", "kind": "subdivision_2", "parent_osm_id": 303702, "parent_name": "Pernambuco", "parent_iso": "BR-PE"}, "geometry": {"type": "Polygon", "coordinates": [[[-35.4052, -8.4262], [-35.4049, -8.4317], [-35.3976, -8.4312], [-35.3878, -8.4178], [-35.3724, -8.4247], [-35.3646, -8.409], [-35.356, -8.4217], [-35.3481, -8.4262], [-35.3432, -8.4226], [-35.3438, -8.4103], [-35.363, -8.396], [-35.3545, -8.3803], [-35.3321, -8.3624], [-35.348, -8.3538], [-35.3556, -8.3035], [-35.3615, -8.2983], [-35.3698, -8.2989], [-35.3734, -8.2893], [-35.3656, -8.2785], [-35.3678, -8.2748], [-35.3731, -8.2775], [-35.3886, -8.2609], [-35.4035, -8.2577], [-35.4145, -8.2682], [-35.4236, -8.2658], [-35.4255, -8.2553], [-35.4348, -8.257], [-35.4462, -8.2506], [-35.4612, -8.2651], [-35.4567, -8.2741], [-35.3734, -8.3808], [-35.4052, -8.4262]]]}}, {"type": "Feature", "properties": {"osm_type": "relation", "osm_id": 303620096, "name": "Quipapá", "admin_level": "6", "kind": "subdivision_2", "parent_osm_id": 303702, "parent_name": "Pernambuco", "parent_iso": "BR-PE"}, "geometry": {"type": "Polygon", "coordinates": [[[-36.0332, -8.9084], [-36.0053, -8.913], [-35.9922, -8.9049], [-35.9641, -8.9024], [-35.9604, -8.8937], [-35.9504, -8.8911], [-35.9553, -8.8128], [-35.9662, -8.7495], [-35.9699, -8.7683], [-35.9776, -8.7702], [-35.9859, -8.7809], [-36.0273, -8.7765], [-36.0296, -8.7802], [-36.0404, -8.7631], [-36.0548, -8.7555], [-36.0898, -8.7764], [-36.1255, -8.8423], [-36.0611, -8.8951], [-36.0332, -8.9084]]]}}, {"type": "Feature", "properties": {"osm_type": "relation", "osm_id": 844105525, "name": "Quixaba", "admin_level": "6", "kind": "subdivision_2", "parent_osm_id": 303702, "parent_name": "Pernambuco", "parent_iso": "BR-PE"}, "geometry": {"type": "Polygon", "coordinates": [[[-37.9567, -7.7667], [-37.951, -7.7712], [-37.9079, -7.7734], [-37.8939, -7.7811], [-37.8794, -7.7809], [-37.8739, -7.789], [-37.8687, -7.7876], [-37.846, -7.8021], [-37.7993, -7.7555], [-37.7826, -7.6839], [-37.7572, -7.6892], [-37.7691, -7.6756], [-37.7683, -7.6525], [-37.7775, -7.6432], [-37.7817, -7.628], [-37.8016, -7.6267], [-37.8104, -7.6436], [-37.8292, -7.6476], [-37.8359, -7.6446], [-37.8572, -7.652], [-37.8822, -7.6848], [-37.9025, -7.6948], [-37.8991, -7.706], [-37.8922, -7.7109], [-37.8943, -7.7136], [-37.9137, -7.7097], [-37.9227, -7.7147], [-37.9223, -7.7235], [-37.9431, -7.741], [-37.9475, -7.7562], [-37.9556, -7.7606], [-37.9567, -7.7667]]]}}, {"type": "Feature", "properties": {"osm_type": "relation", "osm_id": 586373556, "name": "Recife", "admin_level": "6", "kind": "subdivision_2", "parent_osm_id": 303702, "parent_name": "Pernambuco", "parent_iso": "BR-PE"}, "geometry": {"type": "Polygon", "coordinates": [[[-34.9962, -8.0348], [-34.9953, -8.046], [-35.0154, -8.0559], [-35.0039, -8.0629], [-34.9934, -8.0631], [-34.9849, -8.0748], [-34.9729, -8.079], [-34.9731, -8.0864], [-34.962, -8.0943], [-34.9605, -8.126], [-34.9536, -8.1254], [-34.9547, -8.1378], [-34.9196, -8.1424], [-34.9088, -8.1551], [-34.859, -8.0472], [-34.8759, -8.0306], [-34.873, -8.0185], [-34.9149, -7.9893], [-34.9114, -7.9392], [-34.9451, -7.93], [-34.9647, -7.94], [-34.9858, -7.9403], [-35.0, -7.9292], [-35.0066, -7.9459], [-34.9995, -7.9491], [-35.003, -7.9604], [-34.9622, -7.9753], [-34.9622, -8.0198], [-34.9833, -8.0349], [-34.9962, -8.0348]]]}}, {"type": "Feature", "properties": {"osm_type": "relation", "osm_id": 552701281, "name": "Riacho das Almas", "admin_level": "6", "kind": "subdivision_2", "parent_osm_id": 303702, "parent_name": "Pernambuco", "parent_iso": "BR-PE"}, "geometry": {"type": "Polygon", "coordinates": [[[-35.8366, -8.1141], [-35.8304, -8.1055], [-35.8362, -8.0987], [-35.8388, -8.0697], [-35.831, -8.0642], [-35.833, -8.06], [-35.8285, -8.0555], [-35.817, -8.0566], [-35.8008, -8.0414], [-35.802, -8.0298], [-35.7958, -8.0304], [-35.7863, -8.0158], [-35.76, -8.0119], [-35.765, -8.0021], [-35.7542, -7.989], [-35.7578, -7.9876], [-35.7577, -7.9749], [-35.7646, -7.9781], [-35.7813, -7.9694], [-35.805, -7.9732], [-35.8115, -7.9815], [-35.843, -7.9838], [-35.8529, -7.9955], [-35.8773, -7.9896], [-35.885, -7.9965], [-35.8845, -8.0042], [-35.915, -8.0039], [-35.9848, -8.1448], [-35.976, -8.1666], [-35.9217, -8.2028], [-35.9171, -8.1873], [-35.8799, -8.2063], [-35.8877, -8.1904], [-35.8891, -8.1737], [-35.8733, -8.1628], [-35.8617, -8.1645], [-35.8504, -8.1591], [-35.8462, -8.1342], [-35.8366, -8.1141]]]}}, {"type": "Feature", "properties": {"osm_type": "relation", "osm_id": 202817022, "name": "Ribeirão", "admin_level": "6", "kind": "subdivision_2", "parent_osm_id": 303702, "parent_name": "Pernambuco", "parent_iso": "BR-PE"}, "geometry": {"type": "Polygon", "coordinates": [[[-35.4703, -8.5456], [-35.463, -8.5139], [-35.429, -8.5103], [-35.4318, -8.5264], [-35.4272, -8.54], [-35.392, -8.5561], [-35.3831, -8.5421], [-35.3748, -8.5494], [-35.3568, -8.5413], [-35.3335, -8.5768], [-35.2979, -8.6007], [-35.2885, -8.6137], [-35.2645, -8.6307], [-35.2679, -8.5964], [-35.2806, -8.5608], [-35.2682, -8.5297], [-35.273, -8.4865], [-35.2898, -8.464], [-35.303, -8.4891], [-35.3161, -8.479], [-35.3271, -8.4521], [-35.314, -8.4195], [-35.3435, -8.4441], [-35.3481, -8.4262], [-35.3646, -8.409], [-35.3724, -8.4247], [-35.3878, -8.4178], [-35.3976, -8.4312], [-35.4049, -8.4317], [-35.4052, -8.4262], [-35.4219, -8.4309], [-35.4262, -8.4276], [-35.4539, -8.4605], [-35.4844, -8.4749], [-35.5008, -8.4771], [-35.5048, -8.4815], [-35.501, -8.4986], [-35.4895, -8.4948], [-35.4869, -8.4987], [-35.4903, -8.5172], [-35.4703, -8.5456]]]}}, {"type": "Feature", "properties": {"osm_type": "relation", "osm_id": 474378953, "name": "Rio Formoso", "admin_level": "6", "kind": "subdivision_2", "parent_osm_id": 303702, "parent_name": "Pernambuco", "parent_iso": "BR-PE"}, "geometry": {"type": "Polygon", "coordinates": [[[-35.3365, -8.7222], [-35.2635, -8.6861], [-35.1397, -8.7357], [-35.1368, -8.7404], [-35.0988, -8.7293], [-35.0962, -8.7107], [-35.1017, -8.7076], [-35.1037, -8.6866], [-35.1128, -8.6792], [-35.1158, -8.6634], [-35.1256, -8.6477], [-35.1405, -8.6457], [-35.1823, -8.5861], [-35.1839, -8.6041], [-35.1925, -8.6226], [-35.2122, -8.6494], [-35.2468, -8.6534], [-35.2645, -8.6307], [-35.3079, -8.6281], [-35.3225, -8.6345], [-35.3432, -8.6526], [-35.3581, -8.6897], [-35.3422, -8.7038], [-35.3365, -8.7222]]]}}, {"type": "Feature", "properties": {"osm_type": "relation", "osm_id": 305681679, "name": "Sairé", "admin_level": "6", "kind": "subdivision_2", "parent_osm_id": 303702, "parent_name": "Pernambuco", "parent_iso": "BR-PE"}, "geometry": {"type": "Polygon", "coordinates": [[[-35.6346, -8.3738], [-35.6143, -8.3442], [-35.6447, -8.2867], [-35.654, -8.2033], [-35.7071, -8.2213], [-35.7196, -8.2494], [-35.7567, -8.2907], [-35.7297, -8.3159], [-35.739, -8.3405], [-35.7332, -8.3693], [-35.7235, -8.3766], [-35.7224, -8.3869], [-35.7014, -8.3739], [-35.6552, -8.3778], [-35.6346, -8.3738]]]}}, {"type": "Feature", "properties": {"osm_type": "relation", "osm_id": 135782867, "name": "Salgadinho", "admin_level": "6", "kind": "subdivision_2", "parent_osm_id": 303702, "parent_name": "Pernambuco", "parent_iso": "BR-PE"}, "geometry": {"type": "Polygon", "coordinates": [[[-35.6798, -7.9102], [-35.6753, -7.9121], [-35.6761, -7.919], [-35.6563, -7.9265], [-35.6513, -7.935], [-35.6532, -7.9439], [-35.6413, -7.9389], [-35.6195, -7.9447], [-35.6123, -7.937], [-35.5995, -7.9359], [-35.5807, -7.9462], [-35.5578, -7.9406], [-35.5448, -7.9468], [-35.5388, -7.946], [-35.5288, -7.9311], [-35.5147, -7.9388], [-35.5211, -7.904], [-35.5305, -7.8947], [-35.5523, -7.8986], [-35.562, -7.8897], [-35.5888, -7.8944], [-35.6149, -7.88], [-35.6798, -7.9102]]]}}, {"type": "Feature", "properties": {"osm_type": "relation", "osm_id": 570225771, "name": "Salgueiro", "admin_level": "6", "kind": "subdivision_2", "parent_osm_id": 303702, "parent_name": "Pernambuco", "parent_iso": "BR-PE"}, "geometry": {"type": "Polygon", "coordinates": [[[-39.1029, -7.7703], [-39.1395, -7.7949], [-39.1461, -7.8271], [-39.2202, -7.9026], [-39.2237, -7.924], [-39.2303, -7.934], [-39.2233, -7.95], [-39.224, -7.966], [-39.2351, -7.9849], [-39.2364, -8.0025], [-39.2324, -8.0106], [-39.2387, -8.0255], [-39.2864, -8.049], [-39.2998, -8.0463], [-39.3152, -8.0924], [-39.2958, -8.1014], [-39.2918, -8.1121], [-39.2983, -8.1207], [-39.2979, -8.1544], [-39.3122, -8.18], [-39.3184, -8.183], [-39.3018, -8.2273], [-39.2495, -8.2138], [-39.2087, -8.2271], [-39.0483, -8.3801], [-39.0292, -8.374], [-39.0104, -8.3794], [-38.9961, -8.3736], [-38.9936, -8.355], [-38.9644, -8.3518], [-38.9528, -8.3568], [-38.9279, -8.3562], [-38.9016, -8.3207], [-38.8395, -8.2747], [-38.8126, -8.2352], [-38.8271, -8.2215], [-38.8509, -8.2253], [-38.8756, -8.2134], [-38.8796, -8.2094], [-38.867, -8.1879], [-38.8702, -8.169], [-38.8816, -8.1699], [-38.9012, -8.162], [-38.9115, -8.1453], [-38.9226, -8.1413], [-38.9372, -8.1249], [-38.9316, -8.1065], [-38.9106, -8.0868], [-38.9242, -8.0938], [-38.946, -8.0863], [-38.967, -8.0905], [-38.9782, -8.0805], [-38.9705, -8.0777], [-38.9865, -8.0656], [-39.0006, -8.0644], [-39.013, -8.0757], [-39.0265, -8.0674], [-39.0272, -8.0569], [-39.0615, -8.0595], [-39.0642, -8.0745], [-39.074, -8.0806], [-39.1034, -8.0244], [-39.0915, -8.0094], [-39.0969, -8.0005], [-39.0732, -7.9578], [-39.0702, -7.9308], [-39.0812, -7.9248], [-39.0808, -7.9101], [-39.0615, -7.8991], [-39.0555, -7.872], [-39.0347, -7.8582], [-39.033, -7.8452], [-39.0157, -7.8261], [-39.0174, -7.8125], [-39.0288, -7.8248], [-39.0537, -7.8193], [-39.0649, -7.8395], [-39.0908, -7.8576], [-39.0965, -7.8501], [-39.0883, -7.8374], [-39.0927, -7.8213], [-39.0906, -7.8105], [-39.1016, -7.7877], [-39.1029, -7.7703]]]}}, {"type": "Feature", "properties": {"osm_type": "relation", "osm_id": 243470763, "name": "Saloá", "admin_level": "6", "kind": "subdivision_2", "parent_osm_id": 303702, "parent_name": "Pernambuco", "parent_iso": "BR-PE"}, "geometry": {"type": "Polygon", "coordinates": [[[-36.6886, -9.0204], [-36.6372, -9.0208], [-36.626, -9.0017], [-36.6363, -8.9856], [-36.6302, -8.9764], [-36.6303, -8.9517], [-36.6411, -8.9378], [-36.661, -8.9342], [-36.7087, -8.9408], [-36.7137, -8.9513], [-36.7277, -8.9535], [-36.8653, -8.8886], [-36.7868, -9.0082], [-36.8021, -9.0859], [-36.7849, -9.1124], [-36.7696, -9.0924], [-36.7597, -9.0937], [-36.75, -9.0866], [-36.7426, -9.0659], [-36.7099, -9.025], [-36.6886, -9.0204]]]}}, {"type": "Feature", "properties": {"osm_type": "relation", "osm_id": 806064153, "name": "Sanharó", "admin_level": "6", "kind": "subdivision_2", "parent_osm_id": 303702, "parent_name": "Pernambuco", "parent_iso": "BR-PE"}, "geometry": {"type": "Polygon", "coordinates": [[[-36.5603, -8.2832], [-36.6028, -8.3124], [-36.6274, -8.3452], [-36.5829, -8.4637], [-36.5587, -8.5053], [-36.5085, -8.4539], [-36.5132, -8.4051], [-36.4928, -8.3835], [-36.4846, -8.3144], [-36.4937, -8.3158], [-36.4945, -8.3225], [-36.5009, -8.3245], [-36.5113, -8.3214], [-36.5254, -8.3033], [-36.4984, -8.2882], [-36.4948, -8.2797], [-36.4976, -8.2657], [-36.4859, -8.2525], [-36.4942, -8.2323], [-36.4989, -8.2361], [-36.508, -8.2306], [-36.5169, -8.2324], [-36.5258, -8.2462], [-36.5295, -8.2401], [-36.5422, -8.2398], [-36.5422, -8.2479], [-36.5357, -8.2515], [-36.5602, -8.2743], [-36.5603, -8.2832]]]}}, {"type": "Feature", "properties": {"osm_type": "relation", "osm_id": 759281289, "name": "Santa Cruz", "admin_level": "6", "kind": "subdivision_2", "parent_osm_id": 303702, "parent_name": "Pernambuco", "parent_iso": "BR-PE"}, "geometry": {"type": "Polygon", "coordinates": [[[-40.3504, -8.5082], [-40.3301, -8.5171], [-40.3004, -8.5121], [-40.2967, -8.5023], [-40.2885, -8.4991], [-40.2819, -8.5081], [-40.2708, -8.5097], [-40.2576, -8.4968], [-40.2491, -8.508], [-40.2415, -8.5099], [-40.2103, -8.5028], [-40.1956, -8.5115], [-40.1906, -8.4876], [-40.197, -8.463], [-40.182, -8.424], [-40.1704, -8.4214], [-40.1597, -8.4063], [-40.1516, -8.404], [-40.1339, -8.3607], [-40.1087, -8.3481], [-40.111, -8.3432], [-40.0873, -8.3372], [-40.2007, -8.2559], [-40.1974, -8.221], [-40.2186, -8.221], [-40.2339, -8.168], [-40.2535, -8.1538], [-40.2575, -8.1422], [-40.2504, -8.1294], [-40.2419, -8.1261], [-40.217, -8.0833], [-40.2235, -8.0746], [-40.2421, -8.0772], [-40.2606, -8.0557], [-40.2718, -8.0642], [-40.2902, -8.0661], [-40.3178, -8.0578], [-40.3276, -8.0674], [-40.3387, -8.0663], [-40.3559, -8.0869], [-40.3813, -8.0747], [-40.3987, -8.0831], [-40.4123, -8.0833], [-40.4285, -8.0697], [-40.4464, -8.2754], [-40.4596, -8.3073], [-40.4485, -8.3176], [-40.4442, -8.3332], [-40.4474, -8.3405], [-40.4361, -8.3466], [-40.4303, -8.3615], [-40.435, -8.3893], [-40.4259, -8.4011], [-40.3978, -8.4079], [-40.3947, -8.4157], [-40.3868, -8.4121], [-40.3816, -8.4148], [-40.3751, -8.4276], [-40.365, -8.4321], [-40.359, -8.4632], [-40.3538, -8.4672], [-40.3571, -8.4959], [-40.3504, -8.5082]]]}}, {"type": "Feature", "properties": {"osm_type": "relation", "osm_id": 903682559, "name": "Santa Cruz da Baixa Verde", "admin_level": "6", "kind": "subdivision_2", "parent_osm_id": 303702, "parent_name": "Pernambuco", "parent_iso": "BR-PE"}, "geometry": {"type": "Polygon", "coordinates": [[[-38.2224, -7.8207], [-38.2066, -7.8382], [-38.2244, -7.8647], [-38.2229, -7.8857], [-38.2383, -7.906], [-38.1294, -7.9045], [-38.1198, -7.9085], [-38.1404, -7.8828], [-38.1428, -7.8694], [-38.1499, -7.8611], [-38.1477, -7.8448], [-38.1193, -7.8199], [-38.1224, -7.8073], [-38.1294, -7.8059], [-38.1314, -7.7956], [-38.1415, -7.7845], [-38.1632, -7.7802], [-38.2224, -7.8207]]]}}, {"type": "Feature", "properties": {"osm_type": "relation", "osm_id": 695749696, "name": "Santa Cruz do Capibaribe", "admin_level": "6", "kind": "subdivision_2", "parent_osm_id": 303702, "parent_name": "Pernambuco", "parent_iso": "BR-PE"}, "geometry": {"type": "Polygon", "coordinates": [[[-36.3994, -7.8104], [-36.428, -7.8196], [-36.4287, -7.8644], [-36.4399, -7.8774], [-36.4297, -7.8857], [-36.4457, -7.9081], [-36.4437, -7.9203], [-36.4231, -7.9219], [-36.4007, -7.9381], [-36.3806, -7.9366], [-36.3722, -7.951], [-36.3576, -7.9497], [-36.3509, -7.9565], [-36.353, -7.9613], [-36.3426, -7.9594], [-36.3275, -7.9683], [-36.2918, -7.9436], [-36.2618, -7.9539], [-36.2265, -7.9554], [-36.2039, -7.9626], [-36.1913, -7.9587], [-36.1767, -7.9686], [-36.1638, -7.9656], [-36.1719, -7.9577], [-36.1695, -7.9398], [-36.2428, -7.8922], [-36.2654, -7.8693], [-36.2625, -7.8319], [-36.3091, -7.8067], [-36.3294, -7.8095], [-36.3619, -7.8059], [-36.3734, -7.8126], [-36.3935, -7.8076], [-36.3994, -7.8104]]]}}, {"type": "Feature", "properties": {"osm_type": "relation", "osm_id": 187849559, "name": "Santa Filomena", "admin_level": "6", "kind": "subdivision_2", "parent_osm_id": 303702, "parent_name": "Pernambuco", "parent_iso": "BR-PE"}, "geometry": {"type": "Polygon", "coordinates": [[[-40.7798, -8.2971], [-40.7638, -8.303], [-40.7545, -8.3426], [-40.7432, -8.3375], [-40.7168, -8.3512], [-40.7032, -8.3473], [-40.6857, -8.3592], [-40.6793, -8.3727], [-40.6641, -8.3691], [-40.6562, -8.3802], [-40.6305, -8.3754], [-40.6206, -8.3681], [-40.6096, -8.3717], [-40.598, -8.3644], [-40.5902, -8.3678], [-40.574, -8.3631], [-40.5652, -8.3666], [-40.5638, -8.372], [-40.5434, -8.377], [-40.5403, -8.3839], [-40.533, -8.3809], [-40.5292, -8.3672], [-40.5135, -8.3711], [-40.5027, -8.3662], [-40.4952, -8.3701], [-40.489, -8.3642], [-40.4619, -8.3615], [-40.4443, -8.3706], [-40.435, -8.3893], [-40.4303, -8.3615], [-40.4361, -8.3466], [-40.4474, -8.3405], [-40.4442, -8.3332], [-40.4485, -8.3176], [-40.4596, -8.3073], [-40.4464, -8.2754], [-40.4266, -8.0358], [-40.4332, -8.0324], [-40.5757, -8.0304], [-40.6031, -8.0953], [-40.5993, -8.1156], [-40.5912, -8.1234], [-40.5901, -8.1386], [-40.6015, -8.145], [-40.601, -8.1497], [-40.6333, -8.1393], [-40.6443, -8.1577], [-40.6585, -8.1565], [-40.6668, -8.1632], [-40.6696, -8.1783], [-40.7011, -8.2033], [-40.7073, -8.2235], [-40.7369, -8.2282], [-40.7437, -8.2395], [-40.7817, -8.2529], [-40.7798, -8.2971]]]}}, {"type": "Feature", "properties": {"osm_type": "relation", "osm_id": 203065064, "name": "Santa Maria da Boa Vista", "admin_level": "6", "kind": "subdivision_2", "parent_osm_id": 303702, "parent_name": "Pernambuco", "parent_iso": "BR-PE"}, "geometry": {"type": "Polygon", "coordinates": [[[-40.0238, -9.0589], [-39.9969, -9.0609], [-39.9555, -9.0462], [-39.9068, -8.9815], [-39.8861, -8.9611], [-39.8734, -8.9302], [-39.8794, -8.9019], [-39.9029, -8.8587], [-39.9005, -8.842], [-39.8929, -8.8288], [-39.8213, -8.8135], [-39.7888, -8.8191], [-39.7484, -8.7943], [-39.6941, -8.799], [-39.6762, -8.7882], [-39.6718, -8.7807], [-39.6778, -8.7561], [-39.675, -8.7367], [-39.693, -8.6805], [-39.6915, -8.6632], [-39.6609, -8.6573], [-39.646, -8.6596], [-39.6433, -8.5191], [-39.6302, -8.5058], [-39.6499, -8.497], [-39.6628, -8.4629], [-39.6775, -8.4521], [-39.6792, -8.4404], [-39.6881, -8.4287], [-39.7137, -8.4095], [-39.711, -8.3995], [-39.7227, -8.3922], [-39.7267, -8.3779], [-39.7418, -8.3765], [-39.7495, -8.3447], [-39.7666, -8.3534], [-39.7723, -8.3407], [-39.7828, -8.3397], [-39.7885, -8.333], [-39.7982, -8.3355], [-39.809, -8.3297], [-39.8343, -8.3296], [-39.8505, -8.3353], [-39.8617, -8.3499], [-39.8969, -8.3733], [-39.94, -8.3644], [-39.9586, -8.378], [-40.0038, -8.3545], [-40.0118, -8.3568], [-40.0215, -8.3732], [-40.0298, -8.3744], [-40.0427, -8.3643], [-40.0824, -8.3714], [-40.0911, -8.3658], [-40.0945, -8.35], [-40.1087, -8.3481], [-40.1339, -8.3607], [-40.1516, -8.404], [-40.1597, -8.4063], [-40.1704, -8.4214], [-40.182, -8.424], [-40.1935, -8.4511], [-40.197, -8.463], [-40.1906, -8.4876], [-40.1956, -8.5115], [-40.1906, -8.5241], [-40.1766, -8.5295], [-40.179, -8.5379], [-40.1651, -8.5501], [-40.1657, -8.5725], [-40.1465, -8.588], [-40.1327, -8.6067], [-40.1209, -8.6117], [-40.101, -8.6117], [-40.0926, -8.6167], [-40.0866, -8.6308], [-40.0741, -8.632], [-40.068, -8.7498], [-40.097, -8.9569], [-40.0873, -8.9504], [-40.0712, -8.9556], [-40.0666, -8.9633], [-40.039, -8.976], [-40.047, -8.9973], [-40.0307, -9.0068], [-40.0243, -9.0188], [-40.0282, -9.0304], [-40.0238, -9.0589]]]}}, {"type": "Feature", "properties": {"osm_type": "relation", "osm_id": 357589755, "name": "Santa Maria do Cambucá", "admin_level": "6", "kind": "subdivision_2", "parent_osm_id": 303702, "parent_name": "Pernambuco", "parent_iso": "BR-PE"}, "geometry": {"type": "Polygon", "coordinates": [[[-35.9441, -7.7896], [-35.9152, -7.846], [-35.9223, -7.864], [-35.9113, -7.8791], [-35.8749, -7.864], [-35.8231, -7.8599], [-35.8529, -7.7849], [-35.8708, -7.7708], [-35.8812, -7.7661], [-35.8838, -7.7748], [-35.9052, -7.7924], [-35.9328, -7.7844], [-35.9441, -7.7896]]]}}, {"type": "Feature", "properties": {"osm_type": "relation", "osm_id": 363885254, "name": "Santa Terezinha", "admin_level": "6", "kind": "subdivision_2", "parent_osm_id": 303702, "parent_name": "Pernambuco", "parent_iso": "BR-PE"}, "geometry": {"type": "Polygon", "coordinates": [[[-37.5217, -7.4394], [-37.4911, -7.4574], [-37.4698, -7.4865], [-37.4597, -7.4893], [-37.4605, -7.5045], [-37.45, -7.5139], [-37.4499, -7.5346], [-37.4251, -7.5046], [-37.3767, -7.474], [-37.3633, -7.396], [-37.3689, -7.3794], [-37.3819, -7.373], [-37.4105, -7.3799], [-37.4329, -7.3578], [-37.4659, -7.3579], [-37.4959, -7.3648], [-37.4981, -7.3711], [-37.4869, -7.3951], [-37.4947, -7.3993], [-37.5217, -7.4394]]]}}, {"type": "Feature", "properties": {"osm_type": "relation", "osm_id": 390606871, "name": "São Benedito do Sul", "admin_level": "6", "kind": "subdivision_2", "parent_osm_id": 303702, "parent_name": "Pernambuco", "parent_iso": "BR-PE"}, "geometry": {"type": "Polygon", "coordinates": [[[-35.8618, -8.752], [-35.9162, -8.7497], [-35.928, -8.7423], [-35.9477, -8.7473], [-35.965, -8.7417], [-35.968, -8.7447], [-35.9553, -8.8128], [-35.9504, -8.8911], [-35.9435, -8.8859], [-35.9242, -8.8846], [-35.9107, -8.8612], [-35.9004, -8.8618], [-35.8953, -8.8546], [-35.8878, -8.8628], [-35.8626, -8.8582], [-35.8435, -8.8727], [-35.8457, -8.8073], [-35.8553, -8.7603], [-35.8618, -8.752]]]}}, {"type": "Feature", "properties": {"osm_type": "relation", "osm_id": 520083591, "name": "São Bento do Una", "admin_level": "6", "kind": "subdivision_2", "parent_osm_id": 303702, "parent_name": "Pernambuco", "parent_iso": "BR-PE"}, "geometry": {"type": "Polygon", "coordinates": [[[-36.5099, -8.4016], [-36.5132, -8.4051], [-36.5085, -8.4539], [-36.555, -8.5033], [-36.6102, -8.549], [-36.6162, -8.5703], [-36.6034, -8.5943], [-36.6095, -8.6062], [-36.5869, -8.6007], [-36.5782, -8.6154], [-36.5689, -8.6137], [-36.5731, -8.6253], [-36.5694, -8.6247], [-36.5674, -8.6359], [-36.5609, -8.6416], [-36.5427, -8.6241], [-36.5341, -8.6574], [-36.4983, -8.6807], [-36.4873, -8.703], [-36.4832, -8.703], [-36.4677, -8.6891], [-36.4658, -8.6648], [-36.4524, -8.6644], [-36.4479, -8.6577], [-36.3318, -8.6147], [-36.3259, -8.5648], [-36.3073, -8.5306], [-36.3206, -8.488], [-36.3556, -8.4256], [-36.3611, -8.3892], [-36.3932, -8.3902], [-36.4066, -8.3751], [-36.4356, -8.399], [-36.4463, -8.3996], [-36.4542, -8.388], [-36.4681, -8.3893], [-36.471, -8.4002], [-36.4801, -8.4065], [-36.4858, -8.4024], [-36.4881, -8.4082], [-36.5008, -8.4101], [-36.5034, -8.4034], [-36.5099, -8.4016]]]}}, {"type": "Feature", "properties": {"osm_type": "relation", "osm_id": 234153425, "name": "São Caitano", "admin_level": "6", "kind": "subdivision_2", "parent_osm_id": 303702, "parent_name": "Pernambuco", "parent_iso": "BR-PE"}, "geometry": {"type": "Polygon", "coordinates": [[[-36.064, -8.3846], [-36.0615, -8.3626], [-36.0752, -8.2356], [-36.1227, -8.1873], [-36.1302, -8.1966], [-36.1385, -8.1912], [-36.1623, -8.2165], [-36.193, -8.2361], [-36.1856, -8.2566], [-36.2104, -8.2716], [-36.2157, -8.2816], [-36.2277, -8.2845], [-36.2238, -8.3127], [-36.2144, -8.3181], [-36.218, -8.3323], [-36.2115, -8.3394], [-36.2088, -8.3529], [-36.2257, -8.38], [-36.232, -8.4005], [-36.217, -8.4171], [-36.2215, -8.4222], [-36.2154, -8.4306], [-36.2179, -8.4438], [-36.2125, -8.4522], [-36.2242, -8.4539], [-36.2172, -8.4874], [-36.1341, -8.4283], [-36.1308, -8.4014], [-36.1187, -8.4013], [-36.0981, -8.3832], [-36.0761, -8.381], [-36.0796, -8.3935], [-36.0714, -8.4003], [-36.0706, -8.3907], [-36.064, -8.3846]]]}}, {"type": "Feature", "properties": {"osm_type": "relation", "osm_id": 467981333, "name": "São João", "admin_level": "6", "kind": "subdivision_2", "parent_osm_id": 303702, "parent_name": "Pernambuco", "parent_iso": "BR-PE"}, "geometry": {"type": "Polygon", "coordinates": [[[-36.3405, -8.8029], [-36.3454, -8.802], [-36.3502, -8.7857], [-36.3596, -8.7911], [-36.3607, -8.7974], [-36.3775, -8.7923], [-36.3947, -8.7934], [-36.3998, -8.7915], [-36.4003, -8.7845], [-36.3933, -8.7833], [-36.4011, -8.778], [-36.4237, -8.7964], [-36.4459, -8.8017], [-36.4625, -8.8449], [-36.4484, -8.882], [-36.4291, -8.9033], [-36.4103, -8.913], [-36.411, -8.9242], [-36.398, -8.9394], [-36.4001, -8.9557], [-36.3886, -8.9771], [-36.3776, -8.9892], [-36.3687, -8.9915], [-36.343, -8.9852], [-36.3266, -8.9757], [-36.3112, -8.9648], [-36.3066, -8.9536], [-36.3224, -8.8686], [-36.3153, -8.8433], [-36.3405, -8.8029]]]}}, {"type": "Feature", "properties": {"osm_type": "relation", "osm_id": 146520899, "name": "São Joaquim do Monte", "admin_level": "6", "kind": "subdivision_2", "parent_osm_id": 303702, "parent_name": "Pernambuco", "parent_iso": "BR-PE"}, "geometry": {"type": "Polygon", "coordinates": [[[-35.8792, -8.5475], [-35.8834, -8.5753], [-35.8802, -8.5814], [-35.8733, -8.5917], [-35.8499, -8.5938], [-35.8456, -8.5815], [-35.8399, -8.5791], [-35.8552, -8.5384], [-35.8423, -8.5407], [-35.8446, -8.5309], [-35.8388, -8.5257], [-35.8267, -8.5294], [-35.8175, -8.5001], [-35.8376, -8.4821], [-35.8357, -8.4756], [-35.823, -8.4603], [-35.8092, -8.4674], [-35.7851, -8.463], [-35.7735, -8.4532], [-35.7652, -8.4521], [-35.7624, -8.4413], [-35.7419, -8.4363], [-35.7576, -8.4119], [-35.7516, -8.4027], [-35.7546, -8.3848], [-35.7678, -8.3837], [-35.7725, -8.374], [-35.8211, -8.388], [-35.8456, -8.3904], [-35.8456, -8.3787], [-35.8589, -8.3752], [-35.8689, -8.3807], [-35.876, -8.3777], [-35.9033, -8.3844], [-35.9179, -8.3982], [-35.9197, -8.4193], [-35.9125, -8.4266], [-35.8996, -8.4275], [-35.9033, -8.4621], [-35.889, -8.4673], [-35.8882, -8.4978], [-35.9011, -8.5143], [-35.8792, -8.5475]]]}}, {"type": "Feature", "properties": {"osm_type": "relation", "osm_id": 217081034, "name": "São José da Coroa Grande", "admin_level": "6", "kind": "subdivision_2", "parent_osm_id": 303702, "parent_name": "Pernambuco", "parent_iso": "BR-PE"}, "geometry": {"type": "Polygon", "coordinates": [[[-35.1344, -8.835], [-35.1372, -8.8297], [-35.2624, -8.8554], [-35.2423, -8.8802], [-35.208, -8.8911], [-35.1969, -8.8878], [-35.1712, -8.8905], [-35.1569, -8.902], [-35.1533, -8.9113], [-35.1294, -8.8667], [-35.1396, -8.8424], [-35.1344, -8.835]]]}}, {"type": "Feature", "properties": {"osm_type": "relation", "osm_id": 726984473, "name": "São José do Belmonte", "admin_level": "6", "kind": "subdivision_2", "parent_osm_id": 303702, "parent_name": "Pernambuco", "parent_iso": "BR-PE"}, "geometry": {"type": "Polygon", "coordinates": [[[-38.8927, -7.7499], [-38.901, -7.745], [-38.9162, -7.7448], [-38.9161, -7.7577], [-38.9276, -7.7538], [-38.9419, -7.7632], [-38.9463, -7.782], [-38.9399, -7.7951], [-38.9521, -7.8097], [-38.9536, -7.8203], [-38.9649, -7.8297], [-38.9594, -7.8411], [-38.9638, -7.8568], [-38.9555, -7.8656], [-38.9521, -7.8878], [-38.9377, -7.8991], [-38.93, -7.9162], [-38.9114, -7.928], [-38.9078, -7.956], [-38.8903, -7.9645], [-38.8897, -7.9753], [-38.8842, -7.9791], [-38.8814, -7.9922], [-38.8748, -7.9963], [-38.8777, -8.0102], [-38.8304, -8.0165], [-38.7776, -8.0033], [-38.7385, -8.0236], [-38.7039, -8.0499], [-38.691, -8.0709], [-38.688, -8.0998], [-38.6696, -8.1031], [-38.6579, -8.1288], [-38.6349, -8.1452], [-38.6269, -8.1375], [-38.6032, -8.1425], [-38.5976, -8.1311], [-38.6205, -8.0988], [-38.6078, -8.0373], [-38.558, -7.94], [-38.5553, -7.9052], [-38.6275, -7.822], [-38.6236, -7.7881], [-38.5936, -7.7542], [-38.5974, -7.7423], [-38.6089, -7.7358], [-38.6083, -7.7252], [-38.6141, -7.7156], [-38.6244, -7.7089], [-38.6271, -7.6942], [-38.6416, -7.6862], [-38.6421, -7.6776], [-38.6514, -7.677], [-38.6507, -7.6686], [-38.6646, -7.6576], [-38.6735, -7.6579], [-38.6867, -7.635], [-38.6955, -7.633], [-38.7058, -7.6219], [-38.7149, -7.6222], [-38.7364, -7.6356], [-38.7442, -7.6601], [-38.7639, -7.6563], [-38.7807, -7.6617], [-38.7898, -7.6706], [-38.8173, -7.6641], [-38.8242, -7.6776], [-38.8153, -7.6877], [-38.8219, -7.7148], [-38.8281, -7.7196], [-38.846, -7.7204], [-38.8677, -7.7113], [-38.8798, -7.7233], [-38.8809, -7.7452], [-38.8927, -7.7499]]]}}, {"type": "Feature", "properties": {"osm_type": "relation", "osm_id": 221179553, "name": "São José do Egito", "admin_level": "6", "kind": "subdivision_2", "parent_osm_id": 303702, "parent_name": "Pernambuco", "parent_iso": "BR-PE"}, "geometry": {"type": "Polygon", "coordinates": [[[-37.0254, -7.4979], [-37.1262, -7.4797], [-37.1596, -7.4948], [-37.1624, -7.4646], [-37.1542, -7.4543], [-37.1727, -7.4503], [-37.1856, -7.4527], [-37.196, -7.4392], [-37.2021, -7.4125], [-37.2269, -7.4137], [-37.2578, -7.3938], [-37.2901, -7.3952], [-37.315, -7.3662], [-37.3447, -7.3692], [-37.3524, -7.3548], [-37.3573, -7.3773], [-37.3689, -7.3794], [-37.3639, -7.4085], [-37.3767, -7.474], [-37.4251, -7.5046], [-37.4499, -7.5346], [-37.4336, -7.5449], [-37.4305, -7.5887], [-37.4378, -7.597], [-37.4276, -7.6165], [-37.4272, -7.632], [-37.417, -7.6439], [-37.409, -7.636], [-37.3592, -7.6187], [-37.3463, -7.6035], [-37.3176, -7.601], [-37.3131, -7.5964], [-37.2387, -7.6876], [-37.2253, -7.6892], [-37.1905, -7.7122], [-37.1759, -7.7044], [-37.1649, -7.7047], [-37.1504, -7.7162], [-37.174, -7.6842], [-37.1801, -7.6671], [-37.1955, -7.6507], [-37.1966, -7.6296], [-37.1841, -7.6158], [-37.1789, -7.5971], [-37.1635, -7.5747], [-37.1371, -7.5552], [-37.1215, -7.536], [-37.0802, -7.5169], [-37.0691, -7.5172], [-37.0537, -7.5046], [-37.0254, -7.4979]]]}}, {"type": "Feature", "properties": {"osm_type": "relation", "osm_id": 499877294, "name": "São Lourenço da Mata", "admin_level": "6", "kind": "subdivision_2", "parent_osm_id": 303702, "parent_name": "Pernambuco", "parent_iso": "BR-PE"}, "geometry": {"type": "Polygon", "coordinates": [[[-35.0342, -7.9413], [-35.0425, -7.948], [-35.0552, -7.9459], [-35.0763, -7.9521], [-35.0779, -7.9611], [-35.0978, -7.9724], [-35.1113, -7.9692], [-35.1312, -7.9752], [-35.1649, -7.9722], [-35.1661, -7.9816], [-35.1791, -7.9951], [-35.193, -7.9951], [-35.2043, -8.0096], [-35.2239, -8.0212], [-35.2044, -8.0384], [-35.1957, -8.0795], [-35.1394, -8.092], [-35.1256, -8.076], [-35.0985, -8.0882], [-35.0595, -8.0877], [-35.054, -8.0669], [-34.9953, -8.046], [-34.9962, -8.0348], [-35.0114, -8.037], [-35.0158, -8.0214], [-35.0053, -8.0172], [-35.0166, -7.9908], [-35.01, -7.971], [-35.017, -7.9599], [-35.0299, -7.958], [-35.0342, -7.9413]]]}}, {"type": "Feature", "properties": {"osm_type": "relation", "osm_id": 993132345, "name": "São Vicente Férrer", "admin_level": "6", "kind": "subdivision_2", "parent_osm_id": 303702, "parent_name": "Pernambuco", "parent_iso": "BR-PE"}, "geometry": {"type": "Polygon", "coordinates": [[[-35.527, -7.6451], [-35.5206, -7.6621], [-35.5105, -7.659], [-35.475, -7.6775], [-35.4647, -7.6712], [-35.4457, -7.6927], [-35.4449, -7.6497], [-35.449, -7.6395], [-35.4576, -7.6384], [-35.4629, -7.6171], [-35.4502, -7.602], [-35.4583, -7.5976], [-35.4518, -7.5783], [-35.4561, -7.5586], [-35.462, -7.5588], [-35.4654, -7.5512], [-35.478, -7.5571], [-35.4897, -7.5559], [-35.4905, -7.5315], [-35.5023, -7.5119], [-35.5091, -7.5175], [-35.5119, -7.5308], [-35.5197, -7.5354], [-35.5279, -7.5708], [-35.5373, -7.5808], [-35.5369, -7.5874], [-35.5309, -7.59], [-35.5152, -7.5855], [-35.5217, -7.5996], [-35.518, -7.6049], [-35.5254, -7.6071], [-35.5313, -7.6204], [-35.5157, -7.6421], [-35.527, -7.6451]]]}}, {"type": "Feature", "properties": {"osm_type": "relation", "osm_id": 299425738, "name": "Serra Talhada", "admin_level": "6", "kind": "subdivision_2", "parent_osm_id": 303702, "parent_name": "Pernambuco", "parent_iso": "BR-PE"}, "geometry": {"type": "Polygon", "coordinates": [[[-38.4564, -7.7163], [-38.464, -7.7309], [-38.4958, -7.7387], [-38.4966, -7.75], [-38.5005, -7.7514], [-38.5174, -7.7495], [-38.5298, -7.755], [-38.5431, -7.749], [-38.5631, -7.7566], [-38.5785, -7.7466], [-38.5851, -7.7542], [-38.5936, -7.7542], [-38.6236, -7.7881], [-38.6275, -7.822], [-38.5553, -7.9052], [-38.558, -7.94], [-38.6078, -8.0373], [-38.6205, -8.0988], [-38.5976, -8.1311], [-38.5902, -8.1283], [-38.537, -8.2298], [-38.5268, -8.2376], [-38.5358, -8.2515], [-38.5486, -8.2506], [-38.5556, -8.2645], [-38.551, -8.2882], [-38.536, -8.2885], [-38.5068, -8.3067], [-38.504, -8.3188], [-38.4874, -8.3144], [-38.4878, -8.3337], [-38.5031, -8.3388], [-38.5093, -8.3506], [-38.5046, -8.3618], [-38.5174, -8.3995], [-38.5138, -8.4048], [-38.5176, -8.4411], [-38.4998, -8.4345], [-38.4948, -8.422], [-38.472, -8.407], [-38.4531, -8.3697], [-38.4411, -8.3684], [-38.4367, -8.3572], [-38.4268, -8.3543], [-38.4309, -8.3492], [-38.417, -8.3411], [-38.4188, -8.3281], [-38.4066, -8.3058], [-38.368, -8.2813], [-38.3474, -8.2873], [-38.3377, -8.283], [-38.3329, -8.2903], [-38.3232, -8.2915], [-38.2999, -8.2882], [-38.2916, -8.2858], [-38.2636, -8.2542], [-38.2493, -8.2628], [-38.2437, -8.2611], [-38.2056, -8.2851], [-38.1979, -8.2792], [-38.1784, -8.2775], [-38.1776, -8.2682], [-38.1668, -8.2663], [-38.174, -8.2472], [-38.1523, -8.2234], [-38.1328, -8.2157], [-38.1179, -8.2207], [-38.1065, -8.1866], [-38.0944, -8.1782], [-38.0857, -8.164], [-38.0627, -8.148], [-38.0483, -8.151], [-38.027, -8.1384], [-38.0974, -8.0536], [-38.1495, -7.9453], [-38.1679, -7.9283], [-38.1634, -7.9054], [-38.2383, -7.906], [-38.2229, -7.8857], [-38.2244, -7.8647], [-38.2066, -7.8382], [-38.2224, -7.8207], [-38.2386, -7.8307], [-38.264, -7.828], [-38.2753, -7.834], [-38.2932, -7.823], [-38.3025, -7.7915], [-38.295, -7.7787], [-38.3001, -7.7632], [-38.3148, -7.7652], [-38.3022, -7.7452], [-38.3089, -7.7422], [-38.3158, -7.7284], [-38.312, -7.7163], [-38.3165, -7.7159], [-38.3208, -7.6979], [-38.3266, -7.6937], [-38.3446, -7.695], [-38.3562, -7.6778], [-38.3822, -7.7074], [-38.4027, -7.7138], [-38.4008, -7.7199], [-38.4095, -7.7304], [-38.4276, -7.73], [-38.4356, -7.721], [-38.4564, -7.7163]]]}}, {"type": "Feature", "properties": {"osm_type": "relation", "osm_id": 404870959, "name": "Serrita", "admin_level": "6", "kind": "subdivision_2", "parent_osm_id": 303702, "parent_name": "Pernambuco", "parent_iso": "BR-PE"}, "geometry": {"type": "Polygon", "coordinates": [[[-39.3924, -7.6082], [-39.4079, -7.6311], [-39.4439, -7.659], [-39.453, -7.6531], [-39.4893, -7.6687], [-39.4995, -7.6775], [-39.5097, -7.7019], [-39.5021, -7.7271], [-39.5127, -7.7307], [-39.5129, -7.7387], [-39.5616, -7.7437], [-39.5677, -7.7395], [-39.5794, -7.7592], [-39.5901, -7.7661], [-39.5893, -7.7771], [-39.573, -7.7867], [-39.572, -7.8058], [-39.562, -7.8131], [-39.5734, -7.8248], [-39.5736, -7.8337], [-39.5597, -7.8532], [-39.5672, -7.8582], [-39.5725, -7.8712], [-39.5662, -7.8769], [-39.5721, -7.88], [-39.5713, -7.8958], [-39.5576, -7.9116], [-39.5584, -7.9245], [-39.576, -7.9362], [-39.568, -7.9486], [-39.5719, -7.9587], [-39.5662, -7.9724], [-39.5691, -7.988], [-39.4544, -7.9519], [-39.4862, -8.0078], [-39.4802, -8.0277], [-39.4832, -8.0389], [-39.4665, -8.0562], [-39.4532, -8.0609], [-39.3572, -8.0498], [-39.3249, -8.0535], [-39.3197, -8.0481], [-39.2969, -8.0447], [-39.2864, -8.049], [-39.2387, -8.0255], [-39.2324, -8.0106], [-39.2364, -8.0025], [-39.2351, -7.9849], [-39.224, -7.966], [-39.2233, -7.95], [-39.2303, -7.934], [-39.2237, -7.924], [-39.2202, -7.9026], [-39.1461, -7.8271], [-39.1421, -7.7985], [-39.1158, -7.7766], [-39.2711, -7.7885], [-39.2719, -7.7702], [-39.2821, -7.7511], [-39.2774, -7.7321], [-39.2657, -7.7243], [-39.258, -7.7024], [-39.2623, -7.6986], [-39.2604, -7.6892], [-39.2692, -7.6806], [-39.2664, -7.6648], [-39.2715, -7.6599], [-39.3062, -7.6655], [-39.3114, -7.6552], [-39.3384, -7.6446], [-39.3421, -7.6361], [-39.3681, -7.6238], [-39.3761, -7.6117], [-39.3924, -7.6082]]]}}, {"type": "Feature", "properties": {"osm_type": "relation", "osm_id": 400242531, "name": "Sertânia", "admin_level": "6", "kind": "subdivision_2", "parent_osm_id": 303702, "parent_name": "Pernambuco", "parent_iso": "BR-PE"}, "geometry": {"type": "Polygon", "coordinates": [[[-37.3496, -7.9475], [-37.3632, -7.9574], [-37.4031, -7.9575], [-37.4254, -7.9404], [-37.4553, -7.9514], [-37.469, -7.9424], [-37.4739, -7.9654], [-37.4815, -7.9723], [-37.5069, -7.9677], [-37.5319, -7.9715], [-37.5404, -7.9781], [-37.5114, -8.0583], [-37.5302, -8.0907], [-37.5324, -8.1158], [-37.5327, -8.1366], [-37.5259, -8.1424], [-37.5161, -8.1663], [-37.5169, -8.1863], [-37.5271, -8.2004], [-37.5366, -8.2006], [-37.5385, -8.2239], [-37.5331, -8.2266], [-37.557, -8.26], [-37.5633, -8.266], [-37.5712, -8.2653], [-37.5732, -8.2701], [-37.5674, -8.2753], [-37.5992, -8.3183], [-37.6059, -8.3607], [-37.6187, -8.3683], [-37.6192, -8.4129], [-37.611, -8.4146], [-37.6012, -8.4085], [-37.5772, -8.4052], [-37.5717, -8.4119], [-37.5576, -8.4123], [-37.5398, -8.4311], [-37.5291, -8.4334], [-37.527, -8.4396], [-37.4818, -8.44], [-37.461, -8.459], [-37.4388, -8.4566], [-37.4302, -8.4439], [-37.4208, -8.4515], [-37.4186, -8.4374], [-37.4056, -8.4337], [-37.4026, -8.4274], [-37.3976, -8.4303], [-37.3953, -8.4225], [-37.3825, -8.4137], [-37.3681, -8.418], [-37.3622, -8.4057], [-37.3095, -8.4007], [-37.2816, -8.388], [-37.2607, -8.3991], [-37.2497, -8.3905], [-37.2328, -8.4027], [-37.2087, -8.4074], [-37.2022, -8.4178], [-37.1873, -8.4204], [-37.1596, -8.404], [-37.1197, -8.3953], [-37.0705, -8.3537], [-37.0515, -8.3503], [-37.0438, -8.342], [-37.0288, -8.3041], [-37.0308, -8.3001], [-37.0218, -8.289], [-37.0432, -8.2646], [-37.08, -8.2667], [-37.0806, -8.2411], [-37.0674, -8.2301], [-37.0819, -8.2221], [-37.0899, -8.2311], [-37.1004, -8.2337], [-37.1128, -8.2231], [-37.1252, -8.1989], [-37.1183, -8.1753], [-37.1411, -8.1772], [-37.1635, -8.1657], [-37.1634, -8.1587], [-37.151, -8.15], [-37.1585, -8.1388], [-37.1532, -8.1274], [-37.1441, -8.125], [-37.1426, -8.1179], [-37.1478, -8.1001], [-37.1437, -8.0879], [-37.1568, -8.0645], [-37.1581, -8.0512], [-37.1484, -8.0351], [-37.1495, -8.0237], [-37.1519, -8.0091], [-37.1604, -7.997], [-37.1757, -7.9966], [-37.193, -7.9832], [-37.1934, -7.9599], [-37.2063, -7.9528], [-37.2209, -7.9598], [-37.2191, -7.9716], [-37.2635, -7.9682], [-37.2765, -7.9718], [-37.2956, -7.9649], [-37.3047, -7.9701], [-37.317, -7.9681], [-37.3389, -7.9793], [-37.3409, -7.9748], [-37.3567, -7.9746], [-37.3477, -7.9547], [-37.3496, -7.9475]]]}}, {"type": "Feature", "properties": {"osm_type": "relation", "osm_id": 896377065, "name": "Sirinhaém", "admin_level": "6", "kind": "subdivision_2", "parent_osm_id": 303702, "parent_name": "Pernambuco", "parent_iso": "BR-PE"}, "geometry": {"type": "Polygon", "coordinates": [[[-35.273, -8.4865], [-35.2682, -8.5297], [-35.2806, -8.5608], [-35.2679, -8.5964], [-35.2645, -8.6307], [-35.2468, -8.6534], [-35.2122, -8.6494], [-35.2011, -8.639], [-35.1839, -8.6041], [-35.1823, -8.5861], [-35.1405, -8.6457], [-35.1256, -8.6477], [-35.1081, -8.6847], [-35.0877, -8.6908], [-35.0727, -8.6728], [-35.072, -8.6537], [-35.0481, -8.6125], [-35.0493, -8.6075], [-35.0627, -8.6], [-35.0714, -8.5844], [-35.0698, -8.568], [-35.0806, -8.5561], [-35.0826, -8.5471], [-35.0759, -8.5367], [-35.0775, -8.5293], [-35.1264, -8.5185], [-35.1424, -8.5005], [-35.1458, -8.4894], [-35.1578, -8.4884], [-35.1673, -8.4796], [-35.2401, -8.4752], [-35.2726, -8.4781], [-35.273, -8.4865]]]}}, {"type": "Feature", "properties": {"osm_type": "relation", "osm_id": 686204220, "name": "Moreilândia", "admin_level": "6", "kind": "subdivision_2", "parent_osm_id": 303702, "parent_name": "Pernambuco", "parent_iso": "BR-PE"}, "geometry": {"type": "Polygon", "coordinates": [[[-39.4462, -7.5723], [-39.4724, -7.5745], [-39.4765, -7.5533], [-39.485, -7.5384], [-39.4818, -7.5296], [-39.4573, -7.5061], [-39.4567, -7.4804], [-39.4607, -7.4712], [-39.4885, -7.4724], [-39.5024, -7.4641], [-39.5364, -7.4825], [-39.5471, -7.4835], [-39.5467, -7.5089], [-39.5617, -7.5394], [-39.554, -7.5674], [-39.5797, -7.5968], [-39.5983, -7.6067], [-39.6052, -7.6318], [-39.6161, -7.6392], [-39.6101, -7.6542], [-39.6126, -7.6638], [-39.6051, -7.6776], [-39.6144, -7.7055], [-39.6111, -7.7127], [-39.6162, -7.7201], [-39.6101, -7.7313], [-39.6074, -7.7539], [-39.5901, -7.7661], [-39.5794, -7.7592], [-39.5677, -7.7395], [-39.5616, -7.7437], [-39.5129, -7.7387], [-39.5127, -7.7307], [-39.5021, -7.7271], [-39.5097, -7.7019], [-39.4995, -7.6775], [-39.4893, -7.6687], [-39.453, -7.6531], [-39.4439, -7.659], [-39.4079, -7.6311], [-39.3924, -7.6082], [-39.4198, -7.6039], [-39.4242, -7.5858], [-39.4348, -7.5738], [-39.4462, -7.5723]]]}}, {"type": "Feature", "properties": {"osm_type": "relation", "osm_id": 495523294, "name": "Solidão", "admin_level": "6", "kind": "subdivision_2", "parent_osm_id": 303702, "parent_name": "Pernambuco", "parent_iso": "BR-PE"}, "geometry": {"type": "Polygon", "coordinates": [[[-37.7349, -7.5972], [-37.7414, -7.5974], [-37.7457, -7.6093], [-37.7281, -7.6164], [-37.7078, -7.6135], [-37.6931, -7.6194], [-37.6787, -7.6085], [-37.6731, -7.6166], [-37.6559, -7.6139], [-37.645, -7.6337], [-37.6339, -7.6385], [-37.6176, -7.6274], [-37.607, -7.6267], [-37.5612, -7.637], [-37.6198, -7.5259], [-37.6303, -7.5324], [-37.6499, -7.5302], [-37.6595, -7.523], [-37.6773, -7.5364], [-37.6821, -7.5484], [-37.7062, -7.5505], [-37.71, -7.5604], [-37.7069, -7.5705], [-37.721, -7.5819], [-37.7285, -7.5797], [-37.7349, -7.5972]]]}}, {"type": "Feature", "properties": {"osm_type": "relation", "osm_id": 199513485, "name": "Surubim", "admin_level": "6", "kind": "subdivision_2", "parent_osm_id": 303702, "parent_name": "Pernambuco", "parent_iso": "BR-PE"}, "geometry": {"type": "Polygon", "coordinates": [[[-35.7069, -7.8321], [-35.7173, -7.8264], [-35.7237, -7.8299], [-35.7351, -7.8161], [-35.7423, -7.8248], [-35.7446, -7.816], [-35.7525, -7.8102], [-35.7899, -7.8105], [-35.8005, -7.8042], [-35.8144, -7.8111], [-35.8427, -7.8136], [-35.8231, -7.8599], [-35.8169, -7.8963], [-35.8122, -7.9021], [-35.8135, -7.9129], [-35.8087, -7.917], [-35.8189, -7.9368], [-35.8144, -7.9448], [-35.8169, -7.9573], [-35.805, -7.9732], [-35.7813, -7.9694], [-35.7604, -7.9775], [-35.7437, -7.9672], [-35.7019, -7.9569], [-35.6886, -7.9591], [-35.6688, -7.9464], [-35.6532, -7.9439], [-35.6513, -7.935], [-35.6563, -7.9265], [-35.6761, -7.919], [-35.6753, -7.9121], [-35.6938, -7.8993], [-35.6855, -7.8687], [-35.6872, -7.8465], [-35.6988, -7.8477], [-35.6995, -7.8386], [-35.7069, -7.8321]]]}}, {"type": "Feature", "properties": {"osm_type": "relation", "osm_id": 639214379, "name": "Tabira", "admin_level": "6", "kind": "subdivision_2", "parent_osm_id": 303702, "parent_name": "Pernambuco", "parent_iso": "BR-PE"}, "geometry": {"type": "Polygon", "coordinates": [[[-37.6198, -7.5259], [-37.5836, -7.6], [-37.5578, -7.6408], [-37.5598, -7.6452], [-37.5516, -7.6507], [-37.5499, -7.6651], [-37.5569, -7.6696], [-37.5537, -7.6803], [-37.5579, -7.6879], [-37.5521, -7.7022], [-37.5566, -7.7147], [-37.5526, -7.7186], [-37.5484, -7.7128], [-37.5371, -7.7172], [-37.5321, -7.7092], [-37.5216, -7.7094], [-37.5174, -7.7033], [-37.5053, -7.7014], [-37.4959, -7.6926], [-37.4951, -7.6815], [-37.4812, -7.6718], [-37.437, -7.6666], [-37.4235, -7.6557], [-37.417, -7.6439], [-37.4272, -7.632], [-37.4276, -7.6165], [-37.4378, -7.597], [-37.4305, -7.5887], [-37.4336, -7.5449], [-37.4499, -7.5346], [-37.45, -7.5139], [-37.4605, -7.5045], [-37.4597, -7.4893], [-37.4698, -7.4865], [-37.4911, -7.4574], [-37.5217, -7.4394], [-37.5331, -7.4729], [-37.5569, -7.4797], [-37.5866, -7.4991], [-37.6097, -7.508], [-37.6114, -7.5185], [-37.6198, -7.5259]]]}}, {"type": "Feature", "properties": {"osm_type": "relation", "osm_id": 409956197, "name": "Tacaimbó", "admin_level": "6", "kind": "subdivision_2", "parent_osm_id": 303702, "parent_name": "Pernambuco", "parent_iso": "BR-PE"}, "geometry": {"type": "Polygon", "coordinates": [[[-36.3611, -8.3892], [-36.3327, -8.3817], [-36.3363, -8.3949], [-36.2242, -8.4539], [-36.2125, -8.4522], [-36.2179, -8.4438], [-36.2154, -8.4306], [-36.2215, -8.4222], [-36.217, -8.4171], [-36.232, -8.4005], [-36.2257, -8.38], [-36.2088, -8.3529], [-36.2115, -8.3394], [-36.218, -8.3323], [-36.2144, -8.3181], [-36.2238, -8.3127], [-36.2277, -8.2845], [-36.2157, -8.2816], [-36.2104, -8.2716], [-36.1856, -8.2566], [-36.193, -8.2361], [-36.2081, -8.2254], [-36.2075, -8.2385], [-36.2522, -8.2757], [-36.2693, -8.2838], [-36.3041, -8.2863], [-36.3158, -8.2961], [-36.3151, -8.2907], [-36.3333, -8.2965], [-36.3385, -8.3062], [-36.3349, -8.3221], [-36.3611, -8.3892]]]}}, {"type": "Feature", "properties": {"osm_type": "relation", "osm_id": 622906327, "name": "Tacaratu", "admin_level": "6", "kind": "subdivision_2", "parent_osm_id": 303702, "parent_name": "Pernambuco", "parent_iso": "BR-PE"}, "geometry": {"type": "Polygon", "coordinates": [[[-38.0654, -8.6844], [-38.2361, -8.8554], [-38.2154, -8.8823], [-38.2157, -8.9041], [-38.2056, -8.95], [-38.2125, -8.9802], [-38.1986, -9.1522], [-38.0923, -9.1727], [-38.065, -9.1739], [-38.0579, -9.1684], [-38.0309, -9.1646], [-38.0265, -9.156], [-37.9995, -9.1522], [-37.9922, -9.1552], [-37.9785, -9.1469], [-37.9713, -9.1249], [-37.9576, -9.1156], [-37.9517, -9.0987], [-37.9074, -9.0516], [-37.9059, -9.0417], [-37.8891, -9.0349], [-37.8818, -9.04], [-37.8778, -9.036], [-37.8754, -9.0236], [-37.8795, -9.0161], [-37.8531, -9.0001], [-37.8391, -8.9784], [-37.8258, -8.933], [-37.8485, -8.9406], [-37.8648, -8.9594], [-37.8831, -8.9513], [-37.8919, -8.9638], [-37.9337, -8.9976], [-37.9615, -8.9997], [-37.9767, -9.0185], [-37.9937, -8.9966], [-38.0055, -8.9628], [-38.0064, -8.68], [-38.0099, -8.6679], [-38.0247, -8.6523], [-38.0395, -8.6588], [-38.0407, -8.6753], [-38.0503, -8.6867], [-38.0634, -8.6908], [-38.0654, -8.6844]]]}}, {"type": "Feature", "properties": {"osm_type": "relation", "osm_id": 447563704, "name": "Tamandaré", "admin_level": "6", "kind": "subdivision_2", "parent_osm_id": 303702, "parent_name": "Pernambuco", "parent_iso": "BR-PE"}, "geometry": {"type": "Polygon", "coordinates": [[[-35.3611, -8.8062], [-35.3156, -8.7922], [-35.2821, -8.7884], [-35.2651, -8.779], [-35.2618, -8.7839], [-35.2541, -8.7822], [-35.26, -8.7741], [-35.2499, -8.7707], [-35.248, -8.7753], [-35.2346, -8.7572], [-35.2224, -8.7537], [-35.1909, -8.7739], [-35.1818, -8.7708], [-35.176, -8.7755], [-35.1518, -8.7755], [-35.1343, -8.7873], [-35.1264, -8.8011], [-35.1134, -8.7968], [-35.1043, -8.7901], [-35.1051, -8.7688], [-35.0862, -8.7464], [-35.0893, -8.7277], [-35.0794, -8.7035], [-35.0895, -8.6956], [-35.0877, -8.6908], [-35.1037, -8.6866], [-35.1017, -8.7076], [-35.0962, -8.7107], [-35.0965, -8.7265], [-35.1169, -8.7375], [-35.1368, -8.7404], [-35.1397, -8.7357], [-35.2635, -8.6861], [-35.3416, -8.725], [-35.34, -8.7472], [-35.3611, -8.8062]]]}}, {"type": "Feature", "properties": {"osm_type": "relation", "osm_id": 286094509, "name": "Taquaritinga do Norte", "admin_level": "6", "kind": "subdivision_2", "parent_osm_id": 303702, "parent_name": "Pernambuco", "parent_iso": "BR-PE"}, "geometry": {"type": "MultiPolygon", "coordinates": [[[[-36.0149, -7.813], [-36.002, -7.8162], [-36.0033, -7.8128], [-36.0149, -7.813]]], [[[-36.1267, -7.7842], [-36.1789, -7.7835], [-36.1979, -7.7904], [-36.2065, -7.7704], [-36.2166, -7.7641], [-36.2271, -7.7699], [-36.2542, -7.7964], [-36.2512, -7.8045], [-36.2395, -7.8112], [-36.24, -7.8177], [-36.2475, -7.8261], [-36.2625, -7.8319], [-36.2654, -7.8693], [-36.2428, -7.8922], [-36.1695, -7.9398], [-36.1719, -7.9577], [-36.1598, -7.9713], [-36.1501, -7.9726], [-36.1456, -7.9634], [-36.1368, -7.9641], [-36.1323, -7.9697], [-36.1247, -7.9671], [-36.1128, -7.971], [-36.1075, -7.9778], [-36.1119, -7.997], [-36.109, -8.0042], [-36.0966, -8.0053], [-36.0511, -7.9578], [-36.0376, -7.9312], [-36.0241, -7.9215], [-36.0309, -7.9149], [-36.0268, -7.9073], [-36.0132, -7.8963], [-36.0099, -7.8767], [-36.0133, -7.8536], [-36.0246, -7.8247], [-36.0149, -7.813], [-36.0426, -7.7936], [-36.0539, -7.8012], [-36.0689, -7.7809], [-36.1006, -7.7787], [-36.1178, -7.7857], [-36.1267, -7.7842]]]]}}, {"type": "Feature", "properties": {"osm_type": "relation", "osm_id": 536471992, "name": "Terezinha", "admin_level": "6", "kind": "subdivision_2", "parent_osm_id": 303702, "parent_name": "Pernambuco", "parent_iso": "BR-PE"}, "geometry": {"type": "Polygon", "coordinates": [[[-36.5334, -9.1009], [-36.5488, -9.096], [-36.5432, -9.0923], [-36.5457, -9.0791], [-36.5579, -9.073], [-36.5653, -9.0767], [-36.5612, -9.0696], [-36.5782, -9.0644], [-36.5885, -9.0438], [-36.5966, -9.0501], [-36.5927, -9.0407], [-36.6001, -9.0341], [-36.6372, -9.0208], [-36.6886, -9.0204], [-36.6894, -9.0688], [-36.7045, -9.0964], [-36.7058, -9.1133], [-36.7022, -9.1155], [-36.6563, -9.1266], [-36.627, -9.1147], [-36.6223, -9.1208], [-36.6169, -9.1165], [-36.6089, -9.1211], [-36.5633, -9.119], [-36.5334, -9.1009]]]}}, {"type": "Feature", "properties": {"osm_type": "relation", "osm_id": 590542722, "name": "Terra Nova", "admin_level": "6", "kind": "subdivision_2", "parent_osm_id": 303702, "parent_name": "Pernambuco", "parent_iso": "BR-PE"}, "geometry": {"type": "Polygon", "coordinates": [[[-39.3184, -8.183], [-39.3122, -8.18], [-39.2979, -8.1544], [-39.2983, -8.1207], [-39.2918, -8.1121], [-39.2958, -8.1014], [-39.3152, -8.0924], [-39.2998, -8.0463], [-39.3197, -8.0481], [-39.3249, -8.0535], [-39.3572, -8.0498], [-39.3961, -8.0738], [-39.3988, -8.0874], [-39.4091, -8.1024], [-39.4074, -8.1083], [-39.4167, -8.1206], [-39.4298, -8.1205], [-39.4256, -8.1367], [-39.4295, -8.1422], [-39.4244, -8.148], [-39.4354, -8.1504], [-39.4462, -8.1422], [-39.4654, -8.1411], [-39.4811, -8.1563], [-39.5388, -8.1809], [-39.547, -8.1887], [-39.5467, -8.1969], [-39.5244, -8.2163], [-39.5111, -8.2133], [-39.4998, -8.2179], [-39.4973, -8.2138], [-39.4795, -8.2229], [-39.4691, -8.2208], [-39.4596, -8.2422], [-39.4239, -8.245], [-39.4102, -8.2412], [-39.4074, -8.2469], [-39.3957, -8.2479], [-39.3802, -8.2585], [-39.3704, -8.2495], [-39.3792, -8.2414], [-39.3707, -8.2234], [-39.3767, -8.2185], [-39.366, -8.2024], [-39.3568, -8.197], [-39.3495, -8.2024], [-39.3363, -8.1938], [-39.3355, -8.1855], [-39.3184, -8.183]]]}}, {"type": "Feature", "properties": {"osm_type": "relation", "osm_id": 759306040, "name": "Timbaúba", "admin_level": "6", "kind": "subdivision_2", "parent_osm_id": 303702, "parent_name": "Pernambuco", "parent_iso": "BR-PE"}, "geometry": {"type": "Polygon", "coordinates": [[[-35.3617, -7.4415], [-35.3693, -7.441], [-35.376, -7.4489], [-35.409, -7.4619], [-35.414, -7.4713], [-35.4323, -7.4728], [-35.416, -7.4953], [-35.4059, -7.5554], [-35.43, -7.5788], [-35.4223, -7.5824], [-35.4137, -7.5771], [-35.4289, -7.6164], [-35.4208, -7.6145], [-35.4081, -7.62], [-35.3874, -7.6177], [-35.3832, -7.6117], [-35.3608, -7.6164], [-35.3485, -7.6109], [-35.3073, -7.6122], [-35.2998, -7.6035], [-35.2727, -7.5911], [-35.2551, -7.5443], [-35.2206, -7.5328], [-35.2098, -7.5227], [-35.2171, -7.5226], [-35.2322, -7.5048], [-35.2619, -7.4911], [-35.2585, -7.5089], [-35.3059, -7.5002], [-35.3183, -7.4867], [-35.3123, -7.4796], [-35.3193, -7.4578], [-35.3288, -7.4547], [-35.3378, -7.4372], [-35.3341, -7.4307], [-35.343, -7.4222], [-35.352, -7.4228], [-35.3503, -7.4395], [-35.3617, -7.4415]]]}}, {"type": "Feature", "properties": {"osm_type": "relation", "osm_id": 649402959, "name": "Toritama", "admin_level": "6", "kind": "subdivision_2", "parent_osm_id": 303702, "parent_name": "Pernambuco", "parent_iso": "BR-PE"}, "geometry": {"type": "Polygon", "coordinates": [[[-36.012, -7.9879], [-36.0294, -7.9836], [-36.042, -7.9891], [-36.0569, -7.9793], [-36.0699, -7.9807], [-36.1005, -8.0111], [-36.0814, -8.0218], [-36.0439, -8.0068], [-36.0109, -8.0035], [-36.012, -7.9879]]]}}, {"type": "Feature", "properties": {"osm_type": "relation", "osm_id": 209320131, "name": "Tracunhaém", "admin_level": "6", "kind": "subdivision_2", "parent_osm_id": 303702, "parent_name": "Pernambuco", "parent_iso": "BR-PE"}, "geometry": {"type": "Polygon", "coordinates": [[[-35.1565, -7.7075], [-35.1495, -7.7097], [-35.1497, -7.7141], [-35.161, -7.7257], [-35.1685, -7.727], [-35.1787, -7.7564], [-35.1962, -7.76], [-35.2003, -7.7682], [-35.245, -7.7943], [-35.2522, -7.8087], [-35.226, -7.8212], [-35.1458, -7.8267], [-35.1397, -7.7953], [-35.1101, -7.7486], [-35.11, -7.7349], [-35.0996, -7.7235], [-35.0911, -7.6941], [-35.1372, -7.657], [-35.1359, -7.6815], [-35.1395, -7.6861], [-35.1585, -7.6892], [-35.1605, -7.7005], [-35.1565, -7.7075]]]}}, {"type": "Feature", "properties": {"osm_type": "relation", "osm_id": 243912652, "name": "Trindade", "admin_level": "6", "kind": "subdivision_2", "parent_osm_id": 303702, "parent_name": "Pernambuco", "parent_iso": "BR-PE"}, "geometry": {"type": "Polygon", "coordinates": [[[-40.3446, -7.8485], [-40.237, -7.8184], [-40.2386, -7.6839], [-40.2726, -7.5627], [-40.3598, -7.7109], [-40.3532, -7.8249], [-40.3446, -7.8485]]]}}, {"type": "Feature", "properties": {"osm_type": "relation", "osm_id": 953295059, "name": "Triunfo", "admin_level": "6", "kind": "subdivision_2", "parent_osm_id": 303702, "parent_name": "Pernambuco", "parent_iso": "BR-PE"}, "geometry": {"type": "Polygon", "coordinates": [[[-38.0703, -7.7732], [-38.0752, -7.7824], [-38.0757, -7.8053], [-38.0658, -7.8187], [-38.0694, -7.8261], [-38.0771, -7.8305], [-38.1193, -7.8199], [-38.1477, -7.8448], [-38.1499, -7.8611], [-38.1334, -7.8932], [-38.1198, -7.9085], [-38.0887, -7.9233], [-38.0837, -7.9368], [-38.0738, -7.9298], [-38.0707, -7.9201], [-38.0521, -7.9215], [-38.0302, -7.9087], [-38.0243, -7.8966], [-38.0142, -7.8933], [-38.0125, -7.8821], [-38.0013, -7.8762], [-38.0003, -7.8687], [-38.0096, -7.8514], [-38.0089, -7.8174], [-38.0224, -7.7989], [-38.0208, -7.7912], [-37.9999, -7.7788], [-38.0042, -7.7786], [-38.0087, -7.7666], [-38.0299, -7.7498], [-38.0396, -7.7481], [-38.0703, -7.7732]]]}}, {"type": "Feature", "properties": {"osm_type": "relation", "osm_id": 563784836, "name": "Tupanatinga", "admin_level": "6", "kind": "subdivision_2", "parent_osm_id": 303702, "parent_name": "Pernambuco", "parent_iso": "BR-PE"}, "geometry": {"type": "Polygon", "coordinates": [[[-37.2229, -8.4056], [-37.2497, -8.3905], [-37.2607, -8.3991], [-37.2816, -8.388], [-37.3095, -8.4007], [-37.3472, -8.4031], [-37.3653, -8.4095], [-37.3905, -8.5108], [-37.4123, -8.8151], [-37.3646, -8.8142], [-37.3393, -8.8373], [-37.3244, -8.8379], [-37.3175, -8.8278], [-37.3032, -8.8233], [-37.29, -8.8255], [-37.2826, -8.8188], [-37.2719, -8.8199], [-37.2514, -8.8123], [-37.2367, -8.8281], [-37.2346, -8.8422], [-37.2254, -8.8545], [-37.2264, -8.8656], [-37.2223, -8.8675], [-37.2244, -8.8728], [-37.2191, -8.885], [-37.1985, -8.9008], [-37.1971, -8.9085], [-37.1727, -8.9374], [-37.1581, -8.9397], [-37.1521, -8.9468], [-37.1403, -8.9456], [-37.1223, -8.9572], [-37.1017, -8.9602], [-37.0861, -8.9401], [-37.0876, -8.9295], [-37.0815, -8.9187], [-37.088, -8.8953], [-37.0849, -8.8747], [-37.0783, -8.8662], [-37.0841, -8.8552], [-37.0972, -8.8346], [-37.1156, -8.8206], [-37.1167, -8.8114], [-37.1323, -8.807], [-37.1513, -8.7896], [-37.1572, -8.7746], [-37.1534, -8.7687], [-37.1726, -8.7658], [-37.1812, -8.7528], [-37.2033, -8.7448], [-37.2353, -8.747], [-37.2613, -8.7391], [-37.2888, -8.6969], [-37.2851, -8.6927], [-37.2901, -8.6612], [-37.3015, -8.6414], [-37.2229, -8.4056]]]}}, {"type": "Feature", "properties": {"osm_type": "relation", "osm_id": 893051515, "name": "Tuparetama", "admin_level": "6", "kind": "subdivision_2", "parent_osm_id": 303702, "parent_name": "Pernambuco", "parent_iso": "BR-PE"}, "geometry": {"type": "Polygon", "coordinates": [[[-37.152, -7.7798], [-37.157, -7.773], [-37.139, -7.7458], [-37.1505, -7.729], [-37.1504, -7.7162], [-37.1649, -7.7047], [-37.1759, -7.7044], [-37.1905, -7.7122], [-37.2253, -7.6892], [-37.2387, -7.6876], [-37.3131, -7.5964], [-37.3176, -7.601], [-37.3463, -7.6035], [-37.3592, -7.6187], [-37.3769, -7.6265], [-37.347, -7.6505], [-37.3431, -7.6621], [-37.3499, -7.6811], [-37.3406, -7.6883], [-37.3223, -7.7196], [-37.3128, -7.7137], [-37.3, -7.7143], [-37.286, -7.7055], [-37.2768, -7.7135], [-37.2528, -7.7173], [-37.2436, -7.7293], [-37.2417, -7.7421], [-37.1814, -7.7482], [-37.175, -7.7568], [-37.1761, -7.7973], [-37.1591, -7.7927], [-37.152, -7.7798]]]}}, {"type": "Feature", "properties": {"osm_type": "relation", "osm_id": 145550292, "name": "Venturosa", "admin_level": "6", "kind": "subdivision_2", "parent_osm_id": 303702, "parent_name": "Pernambuco", "parent_iso": "BR-PE"}, "geometry": {"type": "Polygon", "coordinates": [[[-36.8228, -8.4262], [-36.8421, -8.4547], [-36.859, -8.5005], [-36.8584, -8.5111], [-36.8747, -8.5406], [-36.8831, -8.5443], [-36.8894, -8.5554], [-36.8962, -8.5559], [-36.9048, -8.5684], [-36.9009, -8.5815], [-36.9105, -8.5973], [-36.912, -8.6121], [-36.841, -8.6642], [-36.8167, -8.6896], [-36.787, -8.7056], [-36.7732, -8.7318], [-36.7022, -8.7239], [-36.69, -8.6701], [-36.7249, -8.6484], [-36.7239, -8.6324], [-36.7314, -8.625], [-36.7278, -8.62], [-36.7299, -8.6063], [-36.7585, -8.5991], [-36.7783, -8.6026], [-36.7842, -8.5812], [-36.7787, -8.5642], [-36.7873, -8.5445], [-36.8263, -8.5037], [-36.8228, -8.4262]]]}}, {"type": "Feature", "properties": {"osm_type": "relation", "osm_id": 418540840, "name": "Verdejante", "admin_level": "6", "kind": "subdivision_2", "parent_osm_id": 303702, "parent_name": "Pernambuco", "parent_iso": "BR-PE"}, "geometry": {"type": "Polygon", "coordinates": [[[-38.9659, -7.8456], [-39.0005, -7.8401], [-39.0105, -7.8162], [-39.0174, -7.8125], [-39.0157, -7.8261], [-39.033, -7.8452], [-39.0347, -7.8582], [-39.0555, -7.872], [-39.0615, -7.8991], [-39.0808, -7.9101], [-39.0812, -7.9248], [-39.0702, -7.9308], [-39.0732, -7.9578], [-39.0969, -8.0005], [-39.0915, -8.0094], [-39.1034, -8.0244], [-39.074, -8.0806], [-39.0642, -8.0745], [-39.0615, -8.0595], [-39.0272, -8.0569], [-39.0265, -8.0674], [-39.0157, -8.0748], [-38.9953, -8.0625], [-38.9705, -8.0777], [-38.9782, -8.0805], [-38.967, -8.0905], [-38.946, -8.0863], [-38.9242, -8.0938], [-38.9106, -8.0868], [-38.8812, -8.0511], [-38.8705, -8.0454], [-38.8778, -8.0385], [-38.8748, -7.9963], [-38.8814, -7.9922], [-38.8842, -7.9791], [-38.8897, -7.9753], [-38.8903, -7.9645], [-38.9078, -7.956], [-38.9114, -7.928], [-38.93, -7.9162], [-38.9377, -7.8991], [-38.9521, -7.8878], [-38.9555, -7.8656], [-38.9638, -7.8568], [-38.9623, -7.8444], [-38.9659, -7.8456]]]}}, {"type": "Feature", "properties": {"osm_type": "relation", "osm_id": 574178781, "name": "Vertente do Lério", "admin_level": "6", "kind": "subdivision_2", "parent_osm_id": 303702, "parent_name": "Pernambuco", "parent_iso": "BR-PE"}, "geometry": {"type": "Polygon", "coordinates": [[[-35.8812, -7.7661], [-35.8529, -7.7849], [-35.8427, -7.8136], [-35.8144, -7.8111], [-35.8005, -7.8042], [-35.7899, -7.8105], [-35.7525, -7.8102], [-35.7663, -7.7871], [-35.7665, -7.7718], [-35.7903, -7.7404], [-35.8271, -7.7477], [-35.8291, -7.7516], [-35.842, -7.747], [-35.8705, -7.7498], [-35.8808, -7.7547], [-35.8812, -7.7661]]]}}, {"type": "Feature", "properties": {"osm_type": "relation", "osm_id": 598951842, "name": "Vertentes", "admin_level": "6", "kind": "subdivision_2", "parent_osm_id": 303702, "parent_name": "Pernambuco", "parent_iso": "BR-PE"}, "geometry": {"type": "Polygon", "coordinates": [[[-36.0033, -7.8128], [-36.002, -7.8162], [-36.0068, -7.8175], [-36.0149, -7.813], [-36.0246, -7.8247], [-36.0133, -7.8536], [-36.0099, -7.8767], [-36.0132, -7.8963], [-36.0268, -7.9073], [-36.0309, -7.9149], [-36.0241, -7.9215], [-36.0376, -7.9312], [-36.0511, -7.9578], [-36.0699, -7.9807], [-36.0569, -7.9793], [-36.042, -7.9891], [-36.0294, -7.9836], [-36.012, -7.9879], [-36.0061, -7.9765], [-35.9578, -7.9901], [-35.9597, -7.9771], [-35.9684, -7.973], [-35.9623, -7.9654], [-35.9666, -7.9646], [-35.9616, -7.9461], [-35.9563, -7.9439], [-35.9582, -7.9383], [-35.9702, -7.9349], [-35.9657, -7.9303], [-35.9667, -7.9118], [-35.9569, -7.8987], [-35.9109, -7.8952], [-35.9113, -7.8791], [-35.9223, -7.864], [-35.9152, -7.846], [-35.9441, -7.7896], [-35.9699, -7.7895], [-35.9787, -7.8012], [-35.9918, -7.8001], [-35.9977, -7.8135], [-36.0033, -7.8128]]]}}, {"type": "Feature", "properties": {"osm_type": "relation", "osm_id": 521768754, "name": "Vicência", "admin_level": "6", "kind": "subdivision_2", "parent_osm_id": 303702, "parent_name": "Pernambuco", "parent_iso": "BR-PE"}, "geometry": {"type": "Polygon", "coordinates": [[[-35.2727, -7.5911], [-35.2998, -7.6035], [-35.3073, -7.6122], [-35.3485, -7.6109], [-35.3608, -7.6164], [-35.3832, -7.6117], [-35.3874, -7.6177], [-35.4081, -7.62], [-35.4208, -7.6145], [-35.4289, -7.6164], [-35.4488, -7.6068], [-35.4502, -7.602], [-35.4592, -7.6108], [-35.4629, -7.6171], [-35.4611, -7.6311], [-35.4576, -7.6384], [-35.449, -7.6395], [-35.4449, -7.6497], [-35.4457, -7.6927], [-35.4191, -7.7212], [-35.4131, -7.7404], [-35.4105, -7.7339], [-35.3847, -7.7237], [-35.37, -7.6955], [-35.3566, -7.7091], [-35.322, -7.7029], [-35.2947, -7.7097], [-35.2594, -7.6759], [-35.2596, -7.6565], [-35.2544, -7.6466], [-35.2727, -7.5911]]]}}, {"type": "Feature", "properties": {"osm_type": "relation", "osm_id": 626566297, "name": "Vitória de Santo Antão", "admin_level": "6", "kind": "subdivision_2", "parent_osm_id": 303702, "parent_name": "Pernambuco", "parent_iso": "BR-PE"}, "geometry": {"type": "Polygon", "coordinates": [[[-35.2188, -8.1869], [-35.227, -8.159], [-35.2199, -8.1499], [-35.2255, -8.1314], [-35.216, -8.1225], [-35.1957, -8.0795], [-35.2044, -8.0384], [-35.2239, -8.0212], [-35.2322, -8.037], [-35.2632, -8.0606], [-35.2727, -8.0542], [-35.2965, -8.0701], [-35.3455, -8.0517], [-35.3503, -8.0615], [-35.363, -8.0614], [-35.3895, -8.0743], [-35.4157, -8.0742], [-35.4294, -8.0812], [-35.3444, -8.1173], [-35.3178, -8.1798], [-35.3385, -8.2781], [-35.3658, -8.2988], [-35.3587, -8.3014], [-35.3394, -8.2947], [-35.3004, -8.308], [-35.2691, -8.2961], [-35.2763, -8.2851], [-35.2504, -8.1889], [-35.2474, -8.1867], [-35.2428, -8.1947], [-35.2417, -8.212], [-35.2376, -8.2125], [-35.2279, -8.2068], [-35.2284, -8.1988], [-35.2188, -8.1869]]]}}, {"type": "Feature", "properties": {"osm_type": "relation", "osm_id": 107318640, "name": "Xexéu", "admin_level": "6", "kind": "subdivision_2", "parent_osm_id": 303702, "parent_name": "Pernambuco", "parent_iso": "BR-PE"}, "geometry": {"type": "Polygon", "coordinates": [[[-35.6063, -8.7755], [-35.7209, -8.8009], [-35.6732, -8.8655], [-35.7186, -8.9061], [-35.7002, -8.9066], [-35.6845, -8.8975], [-35.6706, -8.8958], [-35.6566, -8.8805], [-35.6321, -8.8813], [-35.6137, -8.8644], [-35.5968, -8.861], [-35.5815, -8.8455], [-35.5926, -8.8353], [-35.603, -8.8337], [-35.6101, -8.8172], [-35.622, -8.8088], [-35.6063, -8.7755]]]}}, {"type": "Feature", "properties": {"osm_type": "relation", "osm_id": 408624354, "name": "Colônia Leopoldina", "admin_level": "6", "kind": "subdivision_2", "parent_osm_id": 303702, "parent_name": "Pernambuco", "parent_iso": "BR-PE"}, "geometry": {"type": "Polygon", "coordinates": [[[-35.8255, -8.8693], [-35.8353, -8.9446], [-35.8346, -8.9843], [-35.6815, -9.0293], [-35.6793, -9.0104], [-35.717, -9.0153], [-35.7135, -8.9755], [-35.6782, -8.9444], [-35.6807, -8.9354], [-35.6461, -8.8967], [-35.6524, -8.8819], [-35.6609, -8.8828], [-35.6706, -8.8958], [-35.7484, -8.9172], [-35.7819, -8.8979], [-35.7829, -8.8827], [-35.7757, -8.8636], [-35.7882, -8.851], [-35.796, -8.8476], [-35.8072, -8.8599], [-35.8212, -8.8568], [-35.8255, -8.8693]]]}}]}