{"type": "FeatureCollection", "parent": {"osm_id": 325866, "name": "Rondônia", "admin_level": "4", "kind": "subdivision_1", "child_kind": "subdivision_2", "iso": "BR-RO"}, "features": [{"type": "Feature", "properties": {"osm_type": "relation", "osm_id": 683532014, "name": "Alta Floresta D'Oeste", "admin_level": "6", "kind": "subdivision_2", "parent_osm_id": 325866, "parent_name": "Rondônia", "parent_iso": "BR-RO"}, "geometry": {"type": "Polygon", "coordinates": [[[-62.0495, -11.8673], [-62.0575, -11.8668], [-62.0717, -11.8766], [-62.084, -11.8765], [-62.0927, -11.8396], [-62.1025, -11.8453], [-62.1267, -11.8448], [-62.1407, -11.8526], [-62.1576, -11.8708], [-62.17, -11.8711], [-62.1823, -11.8664], [-62.1736, -11.8532], [-62.178, -11.8418], [-62.1894, -11.8279], [-62.1993, -11.8279], [-62.2067, -11.8319], [-62.2323, -11.9083], [-62.2412, -11.9082], [-62.2415, -11.9032], [-62.2495, -11.9005], [-62.2685, -11.9052], [-62.2871, -11.9008], [-62.2981, -11.8925], [-62.3158, -11.9046], [-62.3372, -11.8955], [-62.3501, -11.9038], [-62.3711, -11.9084], [-62.3792, -11.9052], [-62.4005, -11.9115], [-62.4073, -11.9161], [-62.4088, -11.9256], [-62.4353, -11.9405], [-62.4413, -11.9588], [-62.476, -11.9829], [-62.4891, -12.0044], [-62.536, -12.0285], [-62.5432, -12.0342], [-62.5493, -12.0508], [-62.5817, -12.0727], [-62.5874, -12.0695], [-62.6108, -12.084], [-62.6061, -12.109], [-62.6139, -12.1198], [-62.6068, -12.1262], [-62.6039, -12.1587], [-62.6207, -12.184], [-62.613, -12.1996], [-62.6155, -12.2052], [-62.6388, -12.2268], [-62.6408, -12.2399], [-62.6162, -12.2558], [-62.5929, -12.2491], [-62.5836, -12.2525], [-62.5763, -12.2676], [-62.5677, -12.2721], [-62.56, -12.2693], [-62.5356, -12.2849], [-62.5171, -12.2837], [-62.4983, -12.297], [-62.4894, -12.2961], [-62.4854, -12.302], [-62.4628, -12.3016], [-62.4184, -12.3236], [-62.3946, -12.3435], [-62.3636, -12.3387], [-62.3553, -12.3321], [-62.3005, -12.3163], [-62.2914, -12.3188], [-62.2514, -12.4009], [-62.2557, -12.4103], [-62.252, -12.4098], [-62.2526, -12.4213], [-62.2642, -12.4273], [-62.2589, -12.4332], [-62.2621, -12.4361], [-62.2588, -12.4509], [-62.2674, -12.4565], [-62.2751, -12.4732], [-62.2683, -12.481], [-62.2677, -12.5076], [-62.2802, -12.5298], [-62.2987, -12.5481], [-62.3266, -12.5736], [-62.3438, -12.5808], [-62.3601, -12.5984], [-62.3749, -12.6339], [-62.3906, -12.6595], [-62.4009, -12.6607], [-62.4242, -12.7073], [-62.4527, -12.7282], [-62.4651, -12.7488], [-62.4995, -12.755], [-62.5177, -12.7829], [-62.5219, -12.8095], [-62.5476, -12.7967], [-62.5602, -12.8105], [-62.578, -12.8099], [-62.6228, -12.8719], [-62.6449, -12.8823], [-62.6526, -12.9021], [-62.6653, -12.9062], [-62.6941, -12.9023], [-62.7033, -12.9209], [-62.7245, -12.9278], [-62.7296, -12.9266], [-62.7342, -12.9138], [-62.7379, -12.9159], [-62.7412, -12.9117], [-62.7344, -12.8916], [-62.7448, -12.8818], [-62.7541, -12.8858], [-62.752, -12.8731], [-62.7665, -12.8781], [-62.7674, -12.8838], [-62.7739, -12.8821], [-62.7771, -12.8765], [-62.7885, -12.8774], [-62.7884, -12.8613], [-62.795, -12.8595], [-62.8011, -12.8609], [-62.7977, -12.8647], [-62.8177, -12.8681], [-62.8426, -12.8635], [-62.8587, -12.8705], [-62.8648, -12.8787], [-62.872, -12.8783], [-62.8811, -12.8631], [-62.8906, -12.8609], [-62.8931, -12.8771], [-62.8805, -12.8872], [-62.8702, -12.9106], [-62.8431, -12.9271], [-62.8503, -12.9409], [-62.8458, -12.9486], [-62.823, -12.9338], [-62.8059, -12.9406], [-62.8069, -12.9681], [-62.7943, -12.9952], [-62.7801, -13.0089], [-62.7564, -13.0172], [-62.7522, -13.0021], [-62.7469, -12.9989], [-62.734, -13.0218], [-62.7292, -13.0207], [-62.7251, -13.0013], [-62.6994, -13.0027], [-62.6944, -12.9922], [-62.6825, -12.9929], [-62.67, -12.9871], [-62.6598, -12.9686], [-62.6508, -12.9656], [-62.6454, -12.9677], [-62.6452, -12.9746], [-62.6521, -12.9893], [-62.6465, -12.9931], [-62.6314, -12.9901], [-62.6327, -13.0117], [-62.6292, -13.0161], [-62.6026, -13.0127], [-62.6003, -13.0175], [-62.6141, -13.0262], [-62.6125, -13.0413], [-62.5472, -13.074], [-62.5349, -13.0733], [-62.5238, -13.0655], [-62.5015, -13.0828], [-62.4829, -13.0761], [-62.4826, -13.0588], [-62.4759, -13.0575], [-62.4726, -13.0775], [-62.468, -13.079], [-62.4572, -13.0639], [-62.4524, -13.0702], [-62.4591, -13.0811], [-62.4574, -13.0866], [-62.4519, -13.0877], [-62.4399, -13.0793], [-62.4349, -13.0827], [-62.4344, -13.102], [-62.4182, -13.1178], [-62.4105, -13.1073], [-62.3833, -13.1041], [-62.3694, -13.0895], [-62.3686, -13.0807], [-62.3637, -13.0781], [-62.3631, -13.0854], [-62.3566, -13.0835], [-62.3536, -13.0582], [-62.3457, -13.0575], [-62.3364, -13.0796], [-62.3261, -13.0766], [-62.3206, -13.0799], [-62.317, -13.1095], [-62.3106, -13.1062], [-62.3091, -13.0965], [-62.2989, -13.0956], [-62.2954, -13.0788], [-62.2925, -13.0847], [-62.2818, -13.0877], [-62.255, -13.0803], [-62.2455, -13.066], [-62.2493, -13.0605], [-62.2407, -13.0475], [-62.2254, -13.0439], [-62.2116, -13.0309], [-62.1938, -13.0285], [-62.1764, -13.0178], [-62.1665, -13.0042], [-62.1584, -12.9796], [-62.1309, -12.9628], [-62.1241, -12.9654], [-62.1039, -12.9475], [-62.0913, -12.9146], [-62.0703, -12.9071], [-62.0396, -12.9072], [-62.0323, -12.8988], [-62.0237, -12.8712], [-62.0252, -12.8492], [-62.0193, -12.8208], [-62.0006, -12.7921], [-62.0006, -12.2702], [-62.0078, -12.2691], [-62.008, -12.1338], [-61.9684, -12.1335], [-61.9684, -12.0886], [-61.9295, -12.0876], [-61.9304, -11.9849], [-61.9347, -11.9831], [-61.9303, -11.9732], [-61.9143, -11.9756], [-61.9001, -11.9655], [-61.8891, -11.9652], [-61.8865, -11.9088], [-61.8952, -11.9046], [-61.9005, -11.892], [-61.919, -11.8907], [-61.9223, -11.8666], [-61.9322, -11.8632], [-61.9618, -11.8691], [-61.9659, -11.8641], [-62.0042, -11.8692], [-62.0198, -11.8578], [-62.0495, -11.8673]]]}}, {"type": "Feature", "properties": {"osm_type": "relation", "osm_id": 149873105, "name": "Ariquemes", "admin_level": "6", "kind": "subdivision_2", "parent_osm_id": 325866, "parent_name": "Rondônia", "parent_iso": "BR-RO"}, "geometry": {"type": "Polygon", "coordinates": [[[-62.4228, -9.8048], [-62.4358, -9.7805], [-62.4493, -9.7802], [-62.456, -9.7739], [-62.4662, -9.7783], [-62.4946, -9.7723], [-62.5207, -9.7427], [-62.5365, -9.7322], [-62.5411, -9.7069], [-62.5557, -9.6702], [-62.5673, -9.6969], [-62.5837, -9.7025], [-62.5829, -9.7226], [-62.5983, -9.7354], [-62.6101, -9.736], [-62.6298, -9.7691], [-62.6546, -9.7809], [-62.6607, -9.8113], [-62.675, -9.8312], [-62.6793, -9.8467], [-62.7127, -9.8256], [-62.7317, -9.822], [-62.7455, -9.8112], [-62.7954, -9.8011], [-62.8071, -9.7794], [-62.8374, -9.751], [-62.9907, -9.7517], [-63.0208, -9.7459], [-63.0331, -9.751], [-63.1009, -9.7526], [-63.09, -9.7818], [-63.294, -9.7888], [-63.2864, -9.8133], [-63.2918, -9.8322], [-63.4991, -9.8333], [-63.4995, -9.7151], [-63.5723, -9.7171], [-63.5656, -9.7322], [-63.5649, -9.7517], [-63.5716, -9.76], [-63.5735, -9.7843], [-63.5805, -9.7915], [-63.581, -9.8276], [-63.5889, -9.852], [-63.5792, -9.8773], [-63.6024, -9.9155], [-63.6169, -9.9289], [-63.618, -9.9587], [-63.606, -9.9729], [-63.6079, -9.9784], [-63.5974, -9.9997], [-63.1141, -10.0015], [-63.1173, -10.0109], [-63.1143, -10.0192], [-63.1291, -10.0422], [-63.129, -10.0528], [-63.1456, -10.0727], [-63.1467, -10.0968], [-63.1588, -10.1119], [-63.1719, -10.1143], [-63.1751, -10.1192], [-63.1725, -10.1328], [-63.1774, -10.1383], [-63.1901, -10.1335], [-63.1939, -10.1414], [-63.2073, -10.1447], [-63.214, -10.1624], [-63.2103, -10.1684], [-62.8325, -10.1674], [-62.8295, -10.1755], [-62.7748, -10.2099], [-62.7679, -10.2213], [-62.7476, -10.2338], [-62.7394, -10.2481], [-62.7275, -10.2463], [-62.7042, -10.2638], [-62.7046, -10.2676], [-62.699, -10.2665], [-62.6703, -10.288], [-62.6175, -10.1952], [-62.6027, -10.1947], [-62.5927, -10.183], [-62.5907, -10.1521], [-62.5801, -10.1281], [-62.5863, -10.1096], [-62.5685, -10.1], [-62.5765, -10.0938], [-62.5735, -10.0703], [-62.5603, -10.0547], [-62.5352, -10.0526], [-62.5241, -10.0127], [-62.5094, -9.9944], [-62.5037, -9.9643], [-62.4651, -9.9334], [-62.4629, -9.9179], [-62.45, -9.8936], [-62.4552, -9.8622], [-62.4506, -9.8293], [-62.4464, -9.8209], [-62.4228, -9.8048]]]}}, {"type": "Feature", "properties": {"osm_type": "relation", "osm_id": 455737106, "name": "Cabixi", "admin_level": "6", "kind": "subdivision_2", "parent_osm_id": 325866, "parent_name": "Rondônia", "parent_iso": "BR-RO"}, "geometry": {"type": "Polygon", "coordinates": [[[-60.7093, -13.693], [-60.7154, -13.6826], [-60.7129, -13.6758], [-60.6983, -13.6664], [-60.7007, -13.6571], [-60.6935, -13.6533], [-60.6841, -13.6245], [-60.6693, -13.6083], [-60.6659, -13.6115], [-60.6643, -13.6057], [-60.6455, -13.5927], [-60.6411, -13.5946], [-60.6322, -13.5717], [-60.6104, -13.5671], [-60.6003, -13.5727], [-60.5848, -13.564], [-60.5776, -13.5652], [-60.5477, -13.5474], [-60.544, -13.5365], [-60.5344, -13.5367], [-60.531, -13.5175], [-60.5109, -13.5036], [-60.4663, -13.4898], [-60.4511, -13.4928], [-60.4327, -13.4883], [-60.4115, -13.4616], [-60.3879, -13.4547], [-60.3792, -13.4153], [-60.3732, -13.4123], [-60.3796, -13.3752], [-60.3724, -13.3672], [-60.3662, -13.3402], [-60.3661, -13.3322], [-60.3734, -13.3244], [-60.3713, -13.3178], [-60.7052, -13.3247], [-60.7185, -13.3913], [-60.7683, -13.3931], [-60.8016, -13.4466], [-60.8328, -13.4831], [-60.8468, -13.516], [-60.8651, -13.5417], [-60.8933, -13.5575], [-60.9116, -13.5555], [-60.919, -13.5488], [-60.9247, -13.557], [-60.9208, -13.5689], [-60.9089, -13.5848], [-60.8941, -13.5938], [-60.8752, -13.6214], [-60.8449, -13.6314], [-60.8411, -13.6277], [-60.8286, -13.6295], [-60.8189, -13.6369], [-60.8103, -13.6544], [-60.7741, -13.6612], [-60.7694, -13.6842], [-60.7396, -13.6853], [-60.7093, -13.693]]]}}, {"type": "Feature", "properties": {"osm_type": "relation", "osm_id": 630276421, "name": "Cacoal", "admin_level": "6", "kind": "subdivision_2", "parent_osm_id": 325866, "parent_name": "Rondônia", "parent_iso": "BR-RO"}, "geometry": {"type": "Polygon", "coordinates": [[[-61.0006, -10.9922], [-61.4279, -10.9875], [-61.4267, -11.1137], [-61.5008, -11.1143], [-61.5012, -11.3335], [-61.7421, -11.3342], [-61.7452, -11.3404], [-61.7408, -11.3463], [-61.7445, -11.3561], [-61.7492, -11.356], [-61.7546, -11.3776], [-61.7669, -11.3807], [-61.7693, -11.3886], [-61.784, -11.4016], [-61.7954, -11.3984], [-61.7943, -11.4045], [-61.7369, -11.4157], [-61.7328, -11.4284], [-61.738, -11.437], [-61.7286, -11.4399], [-61.7321, -11.4496], [-61.7297, -11.461], [-61.7271, -11.4661], [-61.716, -11.4632], [-61.7165, -11.4723], [-61.7214, -11.4757], [-61.7148, -11.482], [-61.7136, -11.4909], [-61.7168, -11.5115], [-61.7063, -11.5155], [-61.7064, -11.5216], [-61.6975, -11.5234], [-61.6955, -11.5357], [-61.6885, -11.5323], [-61.6834, -11.5462], [-61.6695, -11.5532], [-61.6635, -11.5522], [-61.6493, -11.5609], [-61.6305, -11.5607], [-61.6196, -11.5697], [-61.614, -11.5837], [-61.6099, -11.5749], [-61.605, -11.5813], [-61.5985, -11.578], [-61.5956, -11.5812], [-61.599, -11.5915], [-61.5908, -11.5973], [-61.5819, -11.5919], [-61.581, -11.5978], [-61.5667, -11.6029], [-61.5489, -11.6191], [-61.3527, -11.6173], [-61.3504, -11.6051], [-61.3703, -11.5786], [-61.3623, -11.5628], [-61.3698, -11.5512], [-61.3719, -11.5363], [-61.3681, -11.5288], [-61.3718, -11.5113], [-61.366, -11.5073], [-61.3594, -11.5143], [-61.3557, -11.5053], [-61.3379, -11.5074], [-61.331, -11.5133], [-61.3272, -11.5058], [-61.321, -11.5084], [-61.3073, -11.4997], [-61.3008, -11.5031], [-61.2939, -11.4984], [-61.2529, -11.5176], [-61.2497, -11.5258], [-61.2279, -11.5266], [-61.2208, -11.5182], [-61.2119, -11.5288], [-61.2055, -11.5276], [-61.1935, -11.5207], [-61.1891, -11.5098], [-61.1714, -11.5105], [-61.154, -11.4981], [-61.1284, -11.4934], [-61.116, -11.4818], [-61.1175, -11.4764], [-61.1117, -11.4735], [-61.1072, -11.4582], [-61.0898, -11.448], [-61.0833, -11.4386], [-61.0634, -11.4462], [-61.0565, -11.4247], [-61.0375, -11.4152], [-61.0307, -11.4203], [-61.0185, -11.4179], [-61.001, -11.3984], [-61.0006, -10.9922]]]}}, {"type": "Feature", "properties": {"osm_type": "relation", "osm_id": 456856896, "name": "Cerejeiras", "admin_level": "6", "kind": "subdivision_2", "parent_osm_id": 325866, "parent_name": "Rondônia", "parent_iso": "BR-RO"}, "geometry": {"type": "Polygon", "coordinates": [[[-60.743, -13.1224], [-60.7627, -13.1312], [-60.7802, -13.1258], [-60.7878, -13.1288], [-60.804, -13.1187], [-60.8177, -13.1209], [-60.8229, -13.1073], [-60.8514, -13.0968], [-60.8745, -13.1106], [-60.899, -13.113], [-60.9114, -13.1212], [-60.9328, -13.1217], [-60.9547, -13.135], [-60.9634, -13.1355], [-61.001, -13.1051], [-61.042, -13.1232], [-61.099, -13.1177], [-61.1035, -13.1208], [-61.1131, -13.1155], [-61.1374, -13.1177], [-61.1535, -13.111], [-61.1825, -13.109], [-61.2064, -13.0876], [-61.2169, -13.0904], [-61.2414, -13.0855], [-61.2716, -13.0686], [-61.299, -13.0674], [-61.3164, -13.0556], [-61.3326, -13.0577], [-61.3388, -13.0493], [-61.3585, -13.0415], [-61.3785, -13.0445], [-61.4338, -13.0127], [-61.4795, -13.0114], [-61.5009, -13.0049], [-61.5045, -13.0206], [-61.5251, -13.0384], [-61.5369, -13.0394], [-61.5496, -13.029], [-61.5864, -13.0241], [-61.5996, -13.0395], [-61.6168, -13.0434], [-61.6402, -13.0586], [-61.6413, -13.0673], [-61.6289, -13.0844], [-61.6305, -13.0904], [-61.6248, -13.0938], [-61.6308, -13.1349], [-61.6359, -13.1514], [-61.6693, -13.1827], [-61.7254, -13.2089], [-61.7566, -13.2083], [-61.7651, -13.2017], [-61.7725, -13.2054], [-61.7858, -13.1975], [-61.8409, -13.2058], [-61.8436, -13.2145], [-61.8525, -13.2159], [-61.8514, -13.2206], [-61.8568, -13.2179], [-61.8659, -13.2226], [-61.8683, -13.2317], [-61.8812, -13.2447], [-61.9046, -13.2566], [-61.9074, -13.2708], [-61.9068, -13.2755], [-61.8966, -13.2746], [-61.8886, -13.2922], [-61.8774, -13.2952], [-61.8546, -13.289], [-61.8408, -13.3008], [-61.8235, -13.2954], [-61.801, -13.2989], [-61.7688, -13.2845], [-61.7549, -13.2621], [-61.7333, -13.2665], [-61.7149, -13.261], [-61.6621, -13.2977], [-61.6422, -13.2999], [-61.6397, -13.2935], [-61.6207, -13.2983], [-61.6095, -13.2935], [-61.5911, -13.3028], [-61.539, -13.2811], [-61.5233, -13.281], [-61.5055, -13.2882], [-61.4959, -13.2847], [-61.4826, -13.2588], [-61.4694, -13.2568], [-61.4423, -13.2636], [-61.4121, -13.2337], [-61.3927, -13.2352], [-61.3614, -13.2284], [-61.3671, -13.2957], [-61.3543, -13.363], [-61.0392, -13.3613], [-61.0382, -13.2452], [-61.0003, -13.2451], [-60.9504, -13.248], [-60.9505, -13.3263], [-60.8385, -13.3257], [-60.8301, -13.3305], [-60.7891, -13.3254], [-60.776, -13.3301], [-60.7575, -13.321], [-60.743, -13.325], [-60.7167, -13.3122], [-60.7212, -13.2815], [-60.7299, -13.2631], [-60.7257, -13.2433], [-60.7394, -13.2143], [-60.7389, -13.1902], [-60.726, -13.1405], [-60.743, -13.1224]]]}}, {"type": "Feature", "properties": {"osm_type": "relation", "osm_id": 683537675, "name": "Colorado do Oeste", "admin_level": "6", "kind": "subdivision_2", "parent_osm_id": 325866, "parent_name": "Rondônia", "parent_iso": "BR-RO"}, "geometry": {"type": "Polygon", "coordinates": [[[-60.3713, -13.3178], [-60.3518, -13.2917], [-60.3518, -13.273], [-60.339, -13.2723], [-60.334, -13.2573], [-60.3474, -13.2503], [-60.3433, -13.2338], [-60.3571, -13.2097], [-60.354, -13.1745], [-60.3602, -13.1638], [-60.3483, -13.1522], [-60.346, -13.1228], [-60.3536, -13.1143], [-60.3549, -13.1028], [-60.3668, -13.1128], [-60.3727, -13.0989], [-60.3698, -13.0938], [-60.3797, -13.0896], [-60.394, -13.0702], [-60.4052, -13.0692], [-60.4156, -13.0465], [-60.4206, -13.0147], [-60.4369, -13.0028], [-60.4585, -13.0029], [-60.4714, -13.011], [-60.4732, -12.9988], [-60.4984, -12.9785], [-60.5047, -12.9673], [-60.5052, -12.9492], [-60.5249, -12.967], [-60.5335, -12.9668], [-60.5431, -12.9576], [-60.5521, -12.9591], [-60.5746, -12.989], [-60.5807, -12.9729], [-60.5906, -12.9677], [-60.609, -12.9918], [-60.6177, -12.9898], [-60.6291, -12.9721], [-60.6706, -12.9939], [-60.6993, -12.9933], [-60.7123, -13.0013], [-60.7103, -13.027], [-60.727, -13.0326], [-60.7403, -13.0518], [-60.7404, -13.0666], [-60.7286, -13.0807], [-60.7433, -13.1162], [-60.743, -13.1224], [-60.726, -13.1405], [-60.7389, -13.1902], [-60.7394, -13.2143], [-60.7257, -13.2433], [-60.7299, -13.2631], [-60.7212, -13.2815], [-60.7167, -13.3122], [-60.743, -13.325], [-60.3713, -13.3178]], [[-60.3614, -13.2996], [-60.365, -13.2999], [-60.3632, -13.2965], [-60.3614, -13.2996]]]}}, {"type": "Feature", "properties": {"osm_type": "relation", "osm_id": 941421164, "name": "Corumbiara", "admin_level": "6", "kind": "subdivision_2", "parent_osm_id": 325866, "parent_name": "Rondônia", "parent_iso": "BR-RO"}, "geometry": {"type": "Polygon", "coordinates": [[[-60.743, -13.1224], [-60.7286, -13.0807], [-60.7415, -13.0623], [-60.7378, -13.0432], [-60.727, -13.0326], [-60.7103, -13.027], [-60.7123, -13.0013], [-60.7065, -12.9961], [-60.6706, -12.9939], [-60.6512, -12.981], [-60.643, -12.9435], [-60.6494, -12.9319], [-60.6458, -12.9004], [-60.6538, -12.866], [-60.6877, -12.8331], [-60.7054, -12.8317], [-60.721, -12.8178], [-60.7206, -12.8103], [-60.7259, -12.8057], [-60.7362, -12.8173], [-60.7607, -12.8265], [-60.7766, -12.8519], [-60.7853, -12.8473], [-60.7914, -12.8156], [-60.8134, -12.8197], [-60.8267, -12.8071], [-60.8383, -12.8111], [-60.8479, -12.8231], [-60.8677, -12.8219], [-60.8744, -12.8372], [-60.9071, -12.8536], [-60.9138, -12.8738], [-60.9316, -12.8917], [-60.9379, -12.9166], [-60.9607, -12.9348], [-60.9708, -12.9376], [-60.9724, -12.9094], [-60.9806, -12.8897], [-60.9851, -12.888], [-60.973, -12.8604], [-60.979, -12.8422], [-60.9683, -12.8308], [-60.9713, -12.8084], [-60.9644, -12.7917], [-60.9826, -12.7615], [-60.9839, -12.7519], [-60.9892, -12.7497], [-61.0067, -12.7641], [-61.0064, -12.7729], [-61.0187, -12.7672], [-61.0302, -12.7697], [-61.0327, -12.7559], [-61.0452, -12.7446], [-61.046, -12.7233], [-61.0566, -12.7052], [-61.0793, -12.7025], [-61.0927, -12.715], [-61.1115, -12.7177], [-61.1258, -12.7278], [-61.1402, -12.726], [-61.1668, -12.7325], [-61.1714, -12.7615], [-61.1886, -12.7881], [-61.1957, -12.7911], [-61.1916, -12.7634], [-61.1986, -12.7494], [-61.2284, -12.7472], [-61.2354, -12.7324], [-61.2442, -12.7293], [-61.251, -12.7317], [-61.2707, -12.7237], [-61.2744, -12.7265], [-61.2813, -12.7204], [-61.2939, -12.7223], [-61.3435, -12.6935], [-61.3446, -12.6842], [-61.3405, -12.6829], [-61.348, -12.6678], [-61.3401, -12.6631], [-61.3324, -12.6406], [-61.338, -12.6269], [-61.3581, -12.6466], [-61.3667, -12.669], [-61.3792, -12.667], [-61.3922, -12.684], [-61.3828, -12.6891], [-61.388, -12.6938], [-61.385, -12.7092], [-61.3781, -12.7039], [-61.3712, -12.709], [-61.375, -12.7181], [-61.4271, -12.7334], [-61.4421, -12.7681], [-61.4422, -12.7985], [-61.4583, -12.8148], [-61.4692, -12.8443], [-61.4605, -12.8626], [-61.4709, -12.8987], [-61.487, -12.914], [-61.4863, -12.9261], [-61.5068, -12.9626], [-61.5067, -12.9764], [-61.5145, -12.9873], [-61.5156, -12.9917], [-61.5009, -13.0049], [-61.4795, -13.0114], [-61.4338, -13.0127], [-61.3785, -13.0445], [-61.3585, -13.0415], [-61.3388, -13.0493], [-61.3326, -13.0577], [-61.3164, -13.0556], [-61.299, -13.0674], [-61.2716, -13.0686], [-61.2414, -13.0855], [-61.2169, -13.0904], [-61.2064, -13.0876], [-61.1825, -13.109], [-61.1535, -13.111], [-61.1374, -13.1177], [-61.1131, -13.1155], [-61.1035, -13.1208], [-61.099, -13.1177], [-61.042, -13.1232], [-61.001, -13.1051], [-60.9634, -13.1355], [-60.9547, -13.135], [-60.9328, -13.1217], [-60.9114, -13.1212], [-60.899, -13.113], [-60.8745, -13.1106], [-60.8514, -13.0968], [-60.8229, -13.1073], [-60.8177, -13.1209], [-60.804, -13.1187], [-60.7878, -13.1288], [-60.7802, -13.1258], [-60.7627, -13.1312], [-60.743, -13.1224]]]}}, {"type": "Feature", "properties": {"osm_type": "relation", "osm_id": 438649965, "name": "Costa Marques", "admin_level": "6", "kind": "subdivision_2", "parent_osm_id": 325866, "parent_name": "Rondônia", "parent_iso": "BR-RO"}, "geometry": {"type": "Polygon", "coordinates": [[[-63.6798, -11.6455], [-63.6883, -11.6505], [-63.6953, -11.6414], [-63.7061, -11.6508], [-63.7162, -11.6497], [-63.7267, -11.6405], [-63.7299, -11.6468], [-63.7403, -11.648], [-63.744, -11.6615], [-63.7631, -11.6661], [-63.7755, -11.6619], [-63.8077, -11.6746], [-63.8107, -11.6714], [-63.8216, -11.6743], [-63.8318, -11.684], [-63.8405, -11.6814], [-63.8697, -11.7103], [-63.8798, -11.7281], [-63.903, -11.7191], [-63.9228, -11.7299], [-63.9352, -11.7263], [-63.949, -11.7293], [-63.9652, -11.7368], [-63.9749, -11.7538], [-63.9822, -11.7473], [-63.9905, -11.7479], [-64.02, -11.7633], [-64.0249, -11.747], [-64.0415, -11.7463], [-64.0436, -11.7511], [-64.0369, -11.7559], [-64.0404, -11.7635], [-64.0472, -11.7594], [-64.0501, -11.7661], [-64.0764, -11.7704], [-64.0902, -11.784], [-64.1026, -11.7837], [-64.0979, -11.7921], [-64.1003, -11.7986], [-64.1096, -11.8072], [-64.1078, -11.814], [-64.1178, -11.828], [-64.1281, -11.8326], [-64.122, -11.8492], [-64.1273, -11.8614], [-64.1343, -11.864], [-64.1312, -11.8728], [-64.1428, -11.8806], [-64.1452, -11.8964], [-64.1545, -11.9038], [-64.1559, -11.9119], [-64.1649, -11.9112], [-64.1648, -11.9162], [-64.1703, -11.9132], [-64.1736, -11.9172], [-64.1759, -11.9121], [-64.1858, -11.9095], [-64.2044, -11.9099], [-64.2071, -11.913], [-64.2033, -11.9187], [-64.2087, -11.9175], [-64.2125, -11.9224], [-64.2154, -11.9188], [-64.2269, -11.9334], [-64.2365, -11.9352], [-64.2576, -11.9552], [-64.2583, -11.9593], [-64.2425, -11.9677], [-64.2423, -11.9776], [-64.254, -11.9814], [-64.2623, -11.9933], [-64.2853, -11.997], [-64.2907, -12.0089], [-64.2994, -12.0105], [-64.3005, -12.0147], [-64.3222, -12.0104], [-64.3501, -12.0382], [-64.356, -12.0388], [-64.3651, -12.0528], [-64.3758, -12.0593], [-64.3792, -12.0786], [-64.3754, -12.0797], [-64.3849, -12.1112], [-64.3942, -12.1062], [-64.4193, -12.1126], [-64.4214, -12.1085], [-64.4221, -12.1261], [-64.4278, -12.135], [-64.4309, -12.1317], [-64.4469, -12.143], [-64.4485, -12.1505], [-64.4383, -12.1557], [-64.4468, -12.1632], [-64.4486, -12.1751], [-64.4547, -12.1834], [-64.476, -12.1866], [-64.4676, -12.1928], [-64.4688, -12.1991], [-64.4863, -12.209], [-64.4989, -12.197], [-64.5064, -12.1957], [-64.5134, -12.2013], [-64.5164, -12.2122], [-64.5395, -12.2144], [-64.5459, -12.1876], [-64.557, -12.1797], [-64.5833, -12.1809], [-64.5936, -12.2158], [-64.5801, -12.2143], [-64.5686, -12.2198], [-64.5531, -12.2415], [-64.5461, -12.2426], [-64.5236, -12.2257], [-64.5118, -12.2231], [-64.5036, -12.2342], [-64.4928, -12.2942], [-64.5005, -12.3294], [-64.5124, -12.3419], [-64.5078, -12.3574], [-64.4793, -12.3792], [-64.461, -12.3863], [-64.4477, -12.4092], [-64.4067, -12.4467], [-64.3598, -12.4587], [-64.2958, -12.4578], [-64.2906, -12.4677], [-64.2988, -12.4908], [-64.2942, -12.4995], [-64.2856, -12.503], [-64.231, -12.4551], [-64.2093, -12.4623], [-64.1968, -12.4728], [-64.1736, -12.4663], [-64.1734, -12.507], [-64.1655, -12.5139], [-64.1515, -12.5091], [-64.1442, -12.4828], [-64.1344, -12.4764], [-64.1231, -12.4851], [-64.123, -12.5049], [-64.115, -12.5036], [-64.0994, -12.486], [-64.0921, -12.4839], [-64.0828, -12.5009], [-64.06, -12.4909], [-64.0394, -12.515], [-64.0213, -12.5082], [-64.0105, -12.5175], [-64.0028, -12.5128], [-64.0011, -12.5042], [-63.9953, -12.5034], [-63.9667, -12.5276], [-63.9525, -12.5317], [-63.9204, -12.5113], [-63.9003, -12.5053], [-63.9005, -12.4818], [-63.8907, -12.4685], [-63.8906, -12.4552], [-63.8844, -12.4462], [-63.8329, -12.463], [-63.818, -12.447], [-63.8028, -12.4468], [-63.7873, -12.428], [-63.7634, -12.442], [-63.7337, -12.4386], [-63.6848, -12.453], [-63.6516, -12.4452], [-63.6421, -12.4318], [-63.6285, -12.4249], [-63.6239, -12.4036], [-63.6336, -12.3795], [-63.6446, -12.3705], [-63.6507, -12.3568], [-63.6482, -12.3344], [-63.7141, -12.3343], [-63.7224, -12.327], [-63.7298, -12.3073], [-63.7433, -12.292], [-63.7499, -12.2615], [-63.7476, -12.2433], [-63.7682, -12.229], [-63.7753, -12.2062], [-63.786, -12.1924], [-63.789, -12.1912], [-63.7891, -12.1977], [-63.7989, -12.1985], [-63.8476, -12.1927], [-63.8512, -12.1847], [-63.8574, -12.1828], [-63.8818, -12.1823], [-63.9052, -12.1855], [-63.9222, -12.2071], [-63.9372, -12.2177], [-63.969, -12.2152], [-63.985, -12.2074], [-63.9953, -12.2198], [-64.0309, -12.2246], [-64.0512, -12.2187], [-64.0853, -12.1844], [-64.0598, -12.1751], [-64.0566, -12.157], [-64.0374, -12.1549], [-64.0232, -12.1287], [-64.0128, -12.1193], [-63.9937, -12.0829], [-64.0003, -12.0606], [-63.9911, -12.0263], [-63.9644, -12.0113], [-63.95, -11.9833], [-63.9204, -11.9685], [-63.9001, -11.9665], [-63.888, -11.9562], [-63.8822, -11.9439], [-63.8733, -11.9428], [-63.8637, -11.9312], [-63.8577, -11.9167], [-63.8612, -11.8856], [-63.8491, -11.8728], [-63.8252, -11.8711], [-63.8178, -11.8529], [-63.8185, -11.8333], [-63.788, -11.8333], [-63.7881, -11.8387], [-63.5811, -11.839], [-63.6068, -11.8004], [-63.6018, -11.7878], [-63.5758, -11.7666], [-63.5511, -11.7583], [-63.5448, -11.7307], [-63.576, -11.7132], [-63.6242, -11.6993], [-63.6375, -11.6898], [-63.6523, -11.6898], [-63.6798, -11.6455]]]}}, {"type": "Feature", "properties": {"osm_type": "relation", "osm_id": 817219168, "name": "Espigão D'Oeste", "admin_level": "6", "kind": "subdivision_2", "parent_osm_id": 325866, "parent_name": "Rondônia", "parent_iso": "BR-RO"}, "geometry": {"type": "Polygon", "coordinates": [[[-61.2119, -11.5288], [-60.9211, -11.7492], [-60.9223, -11.7373], [-60.9186, -11.726], [-60.9127, -11.7229], [-60.8915, -11.7221], [-60.8894, -11.7295], [-60.8816, -11.7204], [-60.8573, -11.7226], [-60.8577, -11.7279], [-60.8492, -11.7282], [-60.8209, -11.6985], [-60.7827, -11.7003], [-60.7686, -11.7083], [-60.7323, -11.6948], [-60.7143, -11.6982], [-60.7062, -11.6941], [-60.7028, -11.6985], [-60.6724, -11.6951], [-60.6675, -11.6856], [-60.6589, -11.6823], [-60.6568, -11.6697], [-60.6405, -11.6603], [-60.6399, -11.6499], [-60.5905, -11.6207], [-60.5926, -11.589], [-60.5772, -11.5844], [-60.5646, -11.5617], [-60.5428, -11.5501], [-60.5224, -11.4945], [-60.5116, -11.479], [-60.4912, -11.4828], [-60.4739, -11.4637], [-60.4633, -11.4655], [-60.4615, -11.4566], [-60.438, -11.4468], [-60.4374, -11.4244], [-60.4443, -11.415], [-60.443, -11.4062], [-60.448, -11.4046], [-60.447, -11.3993], [-60.4581, -11.385], [-60.4608, -11.3581], [-60.4757, -11.3684], [-60.484, -11.3684], [-60.485, -11.3499], [-60.4967, -11.3445], [-60.4914, -11.3333], [-60.4928, -11.3057], [-60.4838, -11.2929], [-60.5105, -11.2776], [-60.5147, -11.2666], [-60.5233, -11.2618], [-60.5281, -11.2545], [-60.525, -11.2437], [-60.5375, -11.216], [-60.5326, -11.1839], [-60.5221, -11.176], [-60.5185, -11.1491], [-60.5218, -11.1429], [-60.5322, -11.1419], [-60.5346, -11.1353], [-60.5196, -11.1295], [-60.5275, -11.1159], [-60.5166, -11.1107], [-60.507, -11.0981], [-60.5138, -11.0924], [-60.5128, -11.0663], [-60.5011, -11.0641], [-60.4752, -11.0461], [-60.465, -11.023], [-60.468, -10.9956], [-60.4591, -10.9898], [-61.0006, -10.9883], [-61.001, -11.3984], [-61.0185, -11.4179], [-61.0307, -11.4203], [-61.0375, -11.4152], [-61.0565, -11.4247], [-61.0634, -11.4462], [-61.0833, -11.4386], [-61.0898, -11.448], [-61.1072, -11.4582], [-61.1117, -11.4735], [-61.1175, -11.4764], [-61.116, -11.4818], [-61.1284, -11.4934], [-61.154, -11.4981], [-61.1714, -11.5105], [-61.1891, -11.5098], [-61.1935, -11.5207], [-61.2119, -11.5288]]]}}, {"type": "Feature", "properties": {"osm_type": "relation", "osm_id": 632072045, "name": "Guajará-Mirim", "admin_level": "6", "kind": "subdivision_2", "parent_osm_id": 325866, "parent_name": "Rondônia", "parent_iso": "BR-RO"}, "geometry": {"type": "MultiPolygon", "coordinates": [[[[-63.5977, -11.441], [-63.5922, -11.4453], [-63.5977, -11.441]]], [[[-63.6798, -11.6455], [-63.6759, -11.6394], [-63.6795, -11.6258], [-63.6674, -11.63], [-63.6593, -11.6094], [-63.6456, -11.6254], [-63.6375, -11.6086], [-63.6196, -11.6054], [-63.6179, -11.6007], [-63.6038, -11.6023], [-63.5989, -11.593], [-63.6051, -11.583], [-63.6065, -11.5598], [-63.6148, -11.5543], [-63.6143, -11.5461], [-63.623, -11.5384], [-63.6139, -11.5374], [-63.6125, -11.5202], [-63.6041, -11.5076], [-63.5952, -11.5047], [-63.6059, -11.4919], [-63.6162, -11.4899], [-63.6134, -11.4818], [-63.6082, -11.482], [-63.6047, -11.4541], [-63.5977, -11.441], [-63.596, -11.4232], [-63.6018, -11.4167], [-63.5999, -11.4127], [-63.5811, -11.4125], [-63.5813, -11.4161], [-63.5641, -11.413], [-63.5559, -11.4187], [-63.5493, -11.4137], [-63.5571, -11.404], [-63.5484, -11.3894], [-63.5409, -11.3902], [-63.5384, -11.3784], [-63.5211, -11.3713], [-63.5299, -11.3372], [-63.5427, -11.3258], [-63.5376, -11.3095], [-63.5506, -11.3068], [-63.5763, -11.2827], [-63.5872, -11.281], [-63.5889, -11.2605], [-63.5935, -11.2562], [-63.5861, -11.2474], [-63.5902, -11.2406], [-63.588, -11.2344], [-63.5775, -11.2259], [-63.5872, -11.2096], [-63.588, -11.1823], [-63.6027, -11.1421], [-63.5935, -11.0797], [-63.5835, -11.0695], [-63.5813, -11.0307], [-63.5958, -11.0179], [-63.6228, -11.0125], [-63.628, -11.0053], [-63.6144, -11.0011], [-63.5883, -11.0037], [-63.5769, -10.9937], [-63.5922, -10.9577], [-63.604, -10.9565], [-63.6019, -10.9408], [-63.6088, -10.9138], [-63.6048, -10.887], [-63.5887, -10.8878], [-63.5719, -10.8765], [-63.5723, -10.8391], [-63.5767, -10.8318], [-63.5973, -10.8242], [-63.6097, -10.8266], [-63.6196, -10.8395], [-63.6274, -10.8417], [-63.685, -10.833], [-63.6997, -10.8385], [-63.9308, -10.8731], [-63.9497, -10.8629], [-63.9661, -10.8687], [-63.9713, -10.8613], [-63.9702, -10.8496], [-63.977, -10.8477], [-63.9821, -10.8371], [-64.0035, -10.8366], [-64.0088, -10.8386], [-64.0134, -10.8606], [-64.0201, -10.8658], [-64.0488, -10.8714], [-64.094, -10.8597], [-64.113, -10.8666], [-64.125, -10.8575], [-64.1311, -10.8614], [-64.1386, -10.8584], [-64.155, -10.8316], [-64.161, -10.8346], [-64.1911, -10.7986], [-64.197, -10.7983], [-64.2047, -10.7853], [-64.2038, -10.7774], [-64.218, -10.7622], [-64.2329, -10.7635], [-64.2353, -10.7536], [-64.2517, -10.7531], [-64.2628, -10.761], [-64.2726, -10.7555], [-64.2918, -10.7607], [-64.3185, -10.7545], [-64.3265, -10.7589], [-64.3411, -10.7576], [-64.3646, -10.7746], [-64.3809, -10.769], [-64.3948, -10.7899], [-64.4093, -10.7928], [-64.4108, -10.8236], [-64.4319, -10.827], [-64.4474, -10.8355], [-64.4622, -10.8283], [-64.4901, -10.8323], [-64.5095, -10.8151], [-64.5261, -10.8152], [-64.5399, -10.7934], [-64.5543, -10.7967], [-64.5662, -10.808], [-64.5942, -10.8091], [-64.6, -10.8011], [-64.6161, -10.7992], [-64.6225, -10.7922], [-64.64, -10.7877], [-64.6584, -10.7687], [-64.7456, -10.4556], [-64.7744, -10.4781], [-64.7901, -10.4779], [-64.8041, -10.4928], [-64.8114, -10.5108], [-64.8249, -10.5092], [-64.8258, -10.501], [-64.8321, -10.4975], [-64.8423, -10.5081], [-64.9005, -10.5424], [-64.9246, -10.5404], [-64.9397, -10.519], [-64.9741, -10.5127], [-65.0046, -10.5224], [-65.0461, -10.5223], [-65.0736, -10.53], [-65.0859, -10.5257], [-65.1166, -10.5282], [-65.1384, -10.5396], [-65.184, -10.5399], [-65.2051, -10.5629], [-65.2184, -10.5539], [-65.2307, -10.5568], [-65.2345, -10.5473], [-65.2436, -10.5548], [-65.2589, -10.5532], [-65.2624, -10.5576], [-65.2983, -10.5423], [-65.3084, -10.526], [-65.2987, -10.5077], [-65.3084, -10.5029], [-65.3223, -10.4814], [-65.3376, -10.4789], [-65.3348, -10.4722], [-65.3391, -10.4481], [-65.3543, -10.4332], [-65.3801, -10.4296], [-65.4029, -10.4627], [-65.4239, -10.4651], [-65.4296, -10.4818], [-65.4105, -10.5096], [-65.42, -10.5355], [-65.4057, -10.5519], [-65.3972, -10.5833], [-65.3984, -10.5902], [-65.4085, -10.5974], [-65.4096, -10.6136], [-65.4162, -10.6211], [-65.4038, -10.6426], [-65.3792, -10.6457], [-65.359, -10.6567], [-65.346, -10.6816], [-65.3434, -10.715], [-65.3495, -10.744], [-65.3448, -10.7703], [-65.3506, -10.7805], [-65.3654, -10.7808], [-65.3672, -10.7949], [-65.3625, -10.8015], [-65.3401, -10.8077], [-65.321, -10.8219], [-65.2762, -10.8698], [-65.2664, -10.9187], [-65.2675, -10.9226], [-65.2845, -10.9198], [-65.2859, -10.9266], [-65.2506, -10.985], [-65.255, -10.9948], [-65.2694, -11.0001], [-65.3008, -11.0311], [-65.3008, -11.0388], [-65.2809, -11.0636], [-65.2798, -11.0791], [-65.2843, -11.0896], [-65.3321, -11.1071], [-65.3564, -11.1271], [-65.3639, -11.142], [-65.3502, -11.187], [-65.3443, -11.1902], [-65.3246, -11.187], [-65.3187, -11.1964], [-65.3241, -11.2109], [-65.3498, -11.2116], [-65.3603, -11.2224], [-65.3614, -11.2504], [-65.3464, -11.3039], [-65.3354, -11.3138], [-65.2961, -11.317], [-65.2917, -11.3248], [-65.2918, -11.3305], [-65.2988, -11.3353], [-65.3293, -11.3404], [-65.3354, -11.3559], [-65.3091, -11.4936], [-65.299, -11.5042], [-65.2584, -11.5142], [-65.225, -11.5164], [-65.2116, -11.5316], [-65.2141, -11.5479], [-65.2318, -11.5661], [-65.2349, -11.5756], [-65.2253, -11.5964], [-65.2314, -11.6194], [-65.2183, -11.6411], [-65.219, -11.6559], [-65.2606, -11.7054], [-65.2481, -11.7234], [-65.2147, -11.7441], [-65.1814, -11.7566], [-65.1737, -11.7478], [-65.1854, -11.7303], [-65.1834, -11.722], [-65.1281, -11.7205], [-65.1016, -11.7064], [-65.088, -11.7093], [-65.0808, -11.7199], [-65.0797, -11.7351], [-65.0597, -11.7906], [-65.0613, -11.8243], [-65.0707, -11.8691], [-65.0581, -11.8835], [-65.0253, -11.8888], [-65.0154, -11.8974], [-65.0259, -11.9416], [-65.0418, -11.9618], [-65.0392, -11.9703], [-65.0321, -11.9663], [-65.0258, -11.9707], [-65.0344, -11.9834], [-65.032, -11.995], [-65.018, -11.9986], [-65.0017, -11.9931], [-64.9755, -12.0186], [-64.9651, -11.9995], [-64.9483, -11.9934], [-64.9298, -12.0206], [-64.918, -12.0282], [-64.8828, -12.0134], [-64.8396, -12.0107], [-64.8268, -12.0204], [-64.8094, -12.0591], [-64.8147, -12.0717], [-64.8311, -12.0801], [-64.842, -12.0941], [-64.8432, -12.1043], [-64.8339, -12.1202], [-64.8245, -12.1211], [-64.8005, -12.0859], [-64.7704, -12.0937], [-64.7603, -12.1013], [-64.7575, -12.1123], [-64.7691, -12.1437], [-64.7629, -12.1541], [-64.7499, -12.1576], [-64.7369, -12.1396], [-64.7342, -12.1208], [-64.7383, -12.1003], [-64.7215, -12.088], [-64.7078, -12.0876], [-64.6974, -12.0995], [-64.7138, -12.1241], [-64.7175, -12.154], [-64.7121, -12.1743], [-64.695, -12.1892], [-64.6715, -12.1927], [-64.6162, -12.2147], [-64.5936, -12.2158], [-64.586, -12.184], [-64.5673, -12.1782], [-64.5459, -12.1876], [-64.5395, -12.2144], [-64.5164, -12.2122], [-64.5107, -12.1978], [-64.5023, -12.1948], [-64.4863, -12.209], [-64.467, -12.1959], [-64.4705, -12.1895], [-64.4749, -12.1902], [-64.4732, -12.1836], [-64.4576, -12.1845], [-64.4486, -12.1751], [-64.4468, -12.1632], [-64.4383, -12.1557], [-64.4485, -12.1505], [-64.4469, -12.143], [-64.4309, -12.1317], [-64.4278, -12.135], [-64.4221, -12.1261], [-64.4214, -12.1085], [-64.4193, -12.1126], [-64.3942, -12.1062], [-64.3849, -12.1112], [-64.3754, -12.0797], [-64.3792, -12.0786], [-64.3758, -12.0593], [-64.3651, -12.0528], [-64.356, -12.0388], [-64.3501, -12.0382], [-64.3222, -12.0104], [-64.3005, -12.0147], [-64.2994, -12.0105], [-64.2907, -12.0089], [-64.2853, -11.997], [-64.2623, -11.9933], [-64.254, -11.9814], [-64.2423, -11.9776], [-64.2425, -11.9677], [-64.2583, -11.9593], [-64.2576, -11.9552], [-64.2365, -11.9352], [-64.2269, -11.9334], [-64.2154, -11.9188], [-64.2125, -11.9224], [-64.2087, -11.9175], [-64.2033, -11.9187], [-64.2071, -11.913], [-64.2044, -11.9099], [-64.1858, -11.9095], [-64.1759, -11.9121], [-64.1736, -11.9172], [-64.1703, -11.9132], [-64.1648, -11.9162], [-64.1649, -11.9112], [-64.1559, -11.9119], [-64.1545, -11.9038], [-64.1452, -11.8964], [-64.1428, -11.8806], [-64.1312, -11.8728], [-64.1343, -11.864], [-64.1273, -11.8614], [-64.122, -11.8492], [-64.1281, -11.8326], [-64.1178, -11.828], [-64.1078, -11.814], [-64.1096, -11.8072], [-64.1003, -11.7986], [-64.0979, -11.7921], [-64.1026, -11.7837], [-64.0902, -11.784], [-64.0764, -11.7704], [-64.0501, -11.7661], [-64.0472, -11.7594], [-64.0404, -11.7635], [-64.0374, -11.7521], [-64.0436, -11.7511], [-64.0371, -11.7445], [-64.0249, -11.747], [-64.02, -11.7633], [-63.9905, -11.7479], [-63.9822, -11.7473], [-63.9749, -11.7538], [-63.9652, -11.7368], [-63.949, -11.7293], [-63.9352, -11.7263], [-63.9228, -11.7299], [-63.903, -11.7191], [-63.8798, -11.7281], [-63.8697, -11.7103], [-63.8405, -11.6814], [-63.8318, -11.684], [-63.8216, -11.6743], [-63.8107, -11.6714], [-63.8077, -11.6746], [-63.7755, -11.6619], [-63.7631, -11.6661], [-63.744, -11.6615], [-63.7403, -11.648], [-63.7299, -11.6468], [-63.7267, -11.6405], [-63.7162, -11.6497], [-63.7061, -11.6508], [-63.6953, -11.6414], [-63.6883, -11.6505], [-63.6798, -11.6455]]]]}}, {"type": "Feature", "properties": {"osm_type": "relation", "osm_id": 437336739, "name": "Jaru", "admin_level": "6", "kind": "subdivision_2", "parent_osm_id": 325866, "parent_name": "Rondônia", "parent_iso": "BR-RO"}, "geometry": {"type": "Polygon", "coordinates": [[[-62.1346, -10.2246], [-62.1765, -10.2239], [-62.1981, -10.2302], [-62.2022, -10.2417], [-62.2232, -10.2433], [-62.2304, -10.2511], [-62.2414, -10.2465], [-62.2524, -10.2484], [-62.2694, -10.2663], [-62.2824, -10.2647], [-62.291, -10.2785], [-62.2957, -10.2755], [-62.3113, -10.2822], [-62.3174, -10.2917], [-62.333, -10.2986], [-62.3523, -10.3246], [-62.3539, -10.3211], [-62.3669, -10.3239], [-62.3911, -10.3081], [-62.4063, -10.3127], [-62.4225, -10.2988], [-62.4575, -10.2989], [-62.4675, -10.2832], [-62.5579, -10.3724], [-62.6703, -10.288], [-62.7882, -10.4929], [-62.7688, -10.5086], [-62.7526, -10.5082], [-62.7506, -10.5153], [-62.7344, -10.5286], [-62.7235, -10.5258], [-62.7151, -10.529], [-62.7002, -10.5234], [-62.6693, -10.5334], [-62.6318, -10.5192], [-62.6118, -10.5182], [-62.5969, -10.5098], [-62.589, -10.4986], [-62.5719, -10.5165], [-62.5719, -10.5287], [-62.5818, -10.5459], [-62.6259, -10.5614], [-62.6258, -10.5695], [-62.6207, -10.5718], [-62.6312, -10.5869], [-62.6252, -10.5936], [-62.6483, -10.6081], [-62.6444, -10.6309], [-62.6529, -10.6422], [-62.651, -10.6523], [-62.6661, -10.6552], [-62.6715, -10.6709], [-62.6961, -10.6728], [-62.7046, -10.6782], [-62.7141, -10.6722], [-62.7364, -10.6994], [-62.7512, -10.7052], [-62.7614, -10.7022], [-62.7615, -10.7114], [-62.7827, -10.7248], [-62.7896, -10.724], [-62.7954, -10.7353], [-62.7887, -10.7525], [-62.791, -10.7774], [-62.7973, -10.783], [-62.7941, -10.7909], [-62.8003, -10.7954], [-62.8152, -10.7952], [-62.8373, -10.8213], [-62.8444, -10.8208], [-62.8474, -10.8272], [-62.8648, -10.8373], [-62.8901, -10.834], [-62.9012, -10.8223], [-62.9099, -10.8265], [-62.9234, -10.8484], [-62.9323, -10.8537], [-62.9342, -10.8722], [-62.9778, -10.8917], [-62.9828, -10.9012], [-63.0002, -10.9126], [-63.0031, -10.9427], [-63.0284, -10.9517], [-63.0479, -10.9494], [-63.0532, -10.9639], [-63.0832, -10.9764], [-63.0927, -10.9724], [-63.1, -10.9928], [-63.1165, -10.9983], [-63.1228, -11.0107], [-63.1296, -11.0118], [-63.1389, -11.0222], [-63.1448, -11.0441], [-63.1421, -11.0725], [-63.1322, -11.0746], [-63.1169, -11.0697], [-63.0925, -11.0537], [-63.0659, -11.0592], [-63.0395, -11.0378], [-63.0063, -11.0399], [-62.9847, -11.0316], [-62.9558, -11.0352], [-62.9433, -11.0292], [-62.928, -11.0334], [-62.9106, -11.0333], [-62.9044, -11.0282], [-62.8914, -11.0306], [-62.122, -10.355], [-62.1361, -10.3391], [-62.1399, -10.3266], [-62.136, -10.3207], [-62.141, -10.2967], [-62.1337, -10.2755], [-62.1421, -10.2735], [-62.1455, -10.2645], [-62.139, -10.2556], [-62.1346, -10.2246]]]}}, {"type": "Feature", "properties": {"osm_type": "relation", "osm_id": 344127553, "name": "Ji-Paraná", "admin_level": "6", "kind": "subdivision_2", "parent_osm_id": 325866, "parent_name": "Rondônia", "parent_iso": "BR-RO"}, "geometry": {"type": "Polygon", "coordinates": [[[-61.5734, -9.7173], [-61.5998, -9.6974], [-61.6089, -9.6843], [-61.6446, -9.7066], [-61.689, -9.7192], [-61.7122, -9.7312], [-61.7338, -9.7257], [-61.7617, -9.7281], [-61.7745, -9.7171], [-61.7922, -9.7196], [-61.7983, -9.7387], [-61.7941, -9.7589], [-61.8078, -9.7798], [-61.8069, -9.8001], [-61.8383, -9.8107], [-61.8447, -9.8333], [-61.8374, -9.8489], [-61.8396, -9.8602], [-61.8507, -9.8784], [-61.8601, -9.8828], [-61.8766, -9.9048], [-61.8611, -9.9529], [-61.8583, -9.972], [-61.862, -9.9858], [-61.8734, -9.9881], [-61.9, -9.9786], [-61.9089, -9.9884], [-61.937, -9.9479], [-61.9504, -9.9547], [-61.9541, -9.9502], [-61.9638, -9.9858], [-61.9948, -10.0146], [-61.9724, -10.0497], [-61.9685, -10.0779], [-61.9333, -10.0864], [-61.9189, -10.1007], [-61.9112, -10.1179], [-61.9102, -10.1551], [-61.9162, -10.1662], [-61.8908, -10.1938], [-61.8659, -10.206], [-61.8636, -10.221], [-61.8458, -10.255], [-61.8286, -10.3041], [-61.8402, -10.3084], [-61.8549, -10.3047], [-61.9095, -10.3307], [-61.9052, -10.3391], [-61.9063, -10.3682], [-61.8995, -10.3803], [-61.9078, -10.3937], [-61.9046, -10.4005], [-61.9099, -10.4215], [-61.915, -10.4249], [-61.9125, -10.4554], [-61.9164, -10.4659], [-61.9268, -10.4773], [-61.927, -10.4853], [-61.9604, -10.498], [-62.1643, -11.0056], [-62.1644, -11.0138], [-62.1488, -11.0302], [-62.1336, -11.0251], [-62.1148, -11.0005], [-62.1079, -11.0042], [-62.1047, -11.0006], [-62.0899, -11.0108], [-62.0932, -11.0117], [-62.0912, -11.0241], [-62.0978, -11.03], [-62.0962, -11.045], [-62.0761, -11.068], [-62.0779, -11.0801], [-62.0557, -11.1072], [-62.0568, -11.1198], [-62.0427, -11.1326], [-62.0475, -11.146], [-62.0434, -11.1518], [-62.0507, -11.1659], [-62.0447, -11.1769], [-62.0451, -11.1944], [-62.0382, -11.2133], [-62.0268, -11.2044], [-62.0293, -11.1943], [-62.0203, -11.174], [-62.0264, -11.1442], [-62.0147, -11.128], [-62.0046, -11.1251], [-61.9763, -11.1021], [-61.9755, -11.0911], [-61.9574, -11.0894], [-61.9494, -11.0836], [-61.9445, -11.058], [-61.9511, -11.0268], [-61.958, -11.0161], [-61.9514, -10.9959], [-61.9424, -10.988], [-61.5501, -10.9861], [-61.5468, -10.9776], [-61.5306, -10.979], [-61.5277, -10.9583], [-61.5197, -10.9489], [-61.5232, -10.9402], [-61.5145, -10.9068], [-61.5241, -10.9046], [-61.5191, -10.8944], [-61.5261, -10.8861], [-61.5251, -10.8557], [-61.5214, -10.8427], [-61.5088, -10.8333], [-61.5124, -10.8229], [-61.5034, -10.8084], [-61.511, -10.7942], [-61.5053, -10.7847], [-61.4966, -10.7822], [-61.4896, -10.7984], [-61.4745, -10.7981], [-61.4799, -10.7866], [-61.477, -10.7658], [-61.481, -10.7611], [-61.4815, -10.7432], [-61.4882, -10.7374], [-61.4864, -10.7277], [-61.4764, -10.7224], [-61.4731, -10.7143], [-61.4815, -10.7141], [-61.4991, -10.6992], [-61.4937, -10.6767], [-61.4817, -10.6691], [-61.4789, -10.6451], [-61.4894, -10.6309], [-61.4777, -10.6117], [-61.48, -10.5691], [-61.4701, -10.5565], [-61.4665, -10.5407], [-61.4784, -10.5307], [-61.4807, -10.4876], [-61.4733, -10.4737], [-61.4704, -10.4609], [-61.4746, -10.4545], [-61.4671, -10.4485], [-61.4621, -10.4212], [-61.4682, -10.4152], [-61.4776, -10.4159], [-61.4717, -10.4056], [-61.4846, -10.3993], [-61.4895, -10.3902], [-61.4969, -10.3889], [-61.5028, -10.3767], [-61.5017, -10.3537], [-61.5125, -10.3494], [-61.5165, -10.3338], [-61.5337, -10.3319], [-61.5485, -10.3153], [-61.5528, -10.307], [-61.544, -10.3015], [-61.5768, -10.2474], [-61.5731, -10.2082], [-61.5528, -10.1973], [-61.5597, -10.193], [-61.5583, -10.1776], [-61.5785, -10.1632], [-61.5968, -10.1623], [-61.6016, -10.1554], [-61.5955, -10.1441], [-61.5825, -10.0816], [-61.5786, -10.0792], [-61.5842, -10.0608], [-61.5717, -10.0465], [-61.5565, -10.0396], [-61.5415, -10.0086], [-61.5416, -9.9966], [-61.5318, -9.9908], [-61.5281, -9.9694], [-61.5391, -9.9644], [-61.5324, -9.9526], [-61.5235, -9.9478], [-61.5287, -9.9355], [-61.523, -9.928], [-61.5241, -9.9054], [-61.5084, -9.8888], [-61.5078, -9.8611], [-61.5155, -9.8434], [-61.5163, -9.8279], [-61.519, -9.8222], [-61.5322, -9.8191], [-61.5252, -9.8076], [-61.5249, -9.7957], [-61.5469, -9.7882], [-61.5324, -9.7568], [-61.5312, -9.7404], [-61.5552, -9.729], [-61.5677, -9.7282], [-61.5734, -9.7173]]]}}, {"type": "Feature", "properties": {"osm_type": "relation", "osm_id": 643137144, "name": "Machadinho D'Oeste", "admin_level": "6", "kind": "subdivision_2", "parent_osm_id": 325866, "parent_name": "Rondônia", "parent_iso": "BR-RO"}, "geometry": {"type": "Polygon", "coordinates": [[[-62.4228, -9.8048], [-62.3928, -9.7878], [-62.3832, -9.7724], [-62.3673, -9.7599], [-62.3421, -9.7573], [-62.3174, -9.7371], [-62.2917, -9.7357], [-62.2864, -9.7419], [-62.2633, -9.7452], [-62.247, -9.7581], [-62.2234, -9.7483], [-62.2183, -9.7414], [-62.2031, -9.7404], [-62.1903, -9.7094], [-62.1491, -9.7052], [-62.1267, -9.6838], [-62.1144, -9.6608], [-62.1161, -9.6452], [-62.0985, -9.6194], [-62.0678, -9.6042], [-62.0658, -9.5866], [-62.0576, -9.5811], [-62.0493, -9.5642], [-62.0537, -9.5594], [-62.047, -9.5439], [-62.0221, -9.531], [-62.011, -9.5345], [-62.0171, -9.5404], [-62.0158, -9.5542], [-62.0052, -9.5789], [-62.0036, -9.6096], [-61.9831, -9.6227], [-61.9804, -9.6328], [-61.9854, -9.6727], [-61.992, -9.6767], [-62.0175, -9.6717], [-62.0246, -9.6856], [-62.0215, -9.7031], [-62.0062, -9.7077], [-62.0029, -9.7205], [-61.9932, -9.717], [-61.9886, -9.7214], [-61.9994, -9.7361], [-61.9923, -9.7587], [-62.0089, -9.7446], [-62.0128, -9.7474], [-62.01, -9.7589], [-62.0143, -9.7766], [-62.0, -9.7868], [-61.9748, -9.7865], [-61.9209, -9.6903], [-61.9464, -9.6602], [-61.9184, -9.5525], [-61.8598, -9.5675], [-61.8295, -9.5005], [-61.7325, -9.5004], [-61.7196, -9.4824], [-61.6986, -9.4744], [-61.713, -9.4323], [-61.7071, -9.4287], [-61.69, -9.4517], [-61.6834, -9.4528], [-61.6801, -9.4062], [-61.6836, -9.3861], [-61.6587, -9.3904], [-61.6326, -9.3286], [-61.6184, -9.3288], [-61.6133, -9.3214], [-61.6122, -9.2802], [-61.6264, -9.2839], [-61.6308, -9.2798], [-61.6332, -9.2692], [-61.6291, -9.2582], [-61.5996, -9.256], [-61.5891, -9.2436], [-61.5757, -9.2372], [-61.5327, -9.2489], [-61.5262, -9.2458], [-61.5281, -9.2311], [-61.5203, -9.1917], [-61.5239, -9.1784], [-61.5553, -9.1314], [-61.5589, -9.1176], [-61.5557, -9.0924], [-61.5409, -9.0526], [-61.5312, -9.0428], [-61.5279, -9.0193], [-61.5106, -8.9757], [-61.4895, -8.9372], [-61.4685, -8.9173], [-61.4836, -8.9067], [-61.4921, -8.8848], [-61.5107, -8.8643], [-61.5136, -8.837], [-61.5235, -8.8186], [-61.5431, -8.8191], [-61.5674, -8.8017], [-61.581, -8.802], [-61.5901, -8.7945], [-61.606, -8.7947], [-61.6296, -8.7529], [-61.6264, -8.7289], [-61.6305, -8.722], [-61.646, -8.7207], [-61.6504, -8.7135], [-61.6736, -8.705], [-61.7054, -8.7075], [-61.7132, -8.6878], [-61.7419, -8.6952], [-61.7444, -8.7026], [-61.7401, -8.7098], [-61.7444, -8.7174], [-61.7489, -8.7237], [-61.7636, -8.7288], [-61.7621, -8.7372], [-61.7746, -8.7482], [-61.8062, -8.7478], [-61.8281, -8.7326], [-61.8365, -8.7327], [-61.8441, -8.7474], [-61.8433, -8.7794], [-61.8557, -8.789], [-61.861, -8.8036], [-61.8568, -8.8182], [-61.8637, -8.8315], [-61.8598, -8.853], [-61.8792, -8.8624], [-61.903, -8.8629], [-61.9059, -8.8745], [-61.914, -8.8773], [-61.9381, -8.8814], [-61.9791, -8.8732], [-61.9852, -8.8786], [-61.997, -8.8407], [-62.0039, -8.8301], [-62.0213, -8.8236], [-62.031, -8.7997], [-62.0743, -8.7986], [-62.098, -8.8089], [-62.125, -8.8017], [-62.155, -8.7396], [-62.157, -8.7322], [-62.1488, -8.7183], [-62.1717, -8.695], [-62.1651, -8.6794], [-62.1814, -8.6579], [-62.2005, -8.6443], [-62.1958, -8.6368], [-62.1766, -8.6369], [-62.1747, -8.6281], [-62.1884, -8.5906], [-62.2031, -8.5949], [-62.2285, -8.5906], [-62.2428, -8.5807], [-62.2688, -8.5757], [-62.2602, -8.5878], [-62.2462, -8.5931], [-62.2412, -8.6045], [-62.2385, -8.6209], [-62.2436, -8.6296], [-62.2407, -8.6389], [-62.2448, -8.651], [-62.2374, -8.6648], [-62.2456, -8.6803], [-62.2451, -8.6894], [-62.2581, -8.6906], [-62.2774, -8.7025], [-62.291, -8.7], [-62.3319, -8.7091], [-62.3449, -8.7], [-62.3452, -8.6789], [-62.3671, -8.6736], [-62.3631, -8.7025], [-62.3719, -8.7116], [-62.3694, -8.7193], [-62.3767, -8.7284], [-62.3718, -8.729], [-62.3745, -8.732], [-62.367, -8.7382], [-62.3668, -8.7508], [-62.346, -8.7562], [-62.3401, -8.7661], [-62.3416, -8.787], [-62.312, -8.8051], [-62.2976, -8.8219], [-62.2972, -8.8283], [-62.2899, -8.8302], [-62.2958, -8.854], [-62.3338, -8.8821], [-62.3293, -8.905], [-62.3434, -8.9225], [-62.3446, -8.9334], [-62.3241, -8.9442], [-62.3246, -8.9538], [-62.3301, -8.9775], [-62.3496, -8.9934], [-62.3487, -9.0067], [-62.3377, -9.0194], [-62.3281, -9.053], [-62.3376, -9.0677], [-62.3279, -9.1125], [-62.328, -9.1542], [-62.3359, -9.2165], [-62.3279, -9.2597], [-62.3079, -9.3111], [-62.3248, -9.3302], [-62.3264, -9.3417], [-62.3337, -9.3496], [-62.349, -9.3529], [-62.3607, -9.3488], [-62.3742, -9.376], [-62.3863, -9.3694], [-62.3895, -9.3734], [-62.3879, -9.3979], [-62.4117, -9.4225], [-62.4208, -9.4734], [-62.4171, -9.4782], [-62.4256, -9.4941], [-62.417, -9.4989], [-62.428, -9.5142], [-62.4229, -9.5203], [-62.4255, -9.5402], [-62.4438, -9.5624], [-62.4592, -9.5691], [-62.4558, -9.5902], [-62.4593, -9.5976], [-62.4751, -9.6131], [-62.5008, -9.6281], [-62.5064, -9.6499], [-62.5149, -9.6583], [-62.5072, -9.662], [-62.5097, -9.6682], [-62.5395, -9.6742], [-62.5557, -9.6702], [-62.5411, -9.7069], [-62.5365, -9.7322], [-62.5207, -9.7427], [-62.4946, -9.7723], [-62.4662, -9.7783], [-62.456, -9.7739], [-62.4493, -9.7802], [-62.4358, -9.7805], [-62.4228, -9.8048]]]}}, {"type": "Feature", "properties": {"osm_type": "relation", "osm_id": 309998537, "name": "Nova Brasilândia D'Oeste", "admin_level": "6", "kind": "subdivision_2", "parent_osm_id": 325866, "parent_name": "Rondônia", "parent_iso": "BR-RO"}, "geometry": {"type": "Polygon", "coordinates": [[[-62.2067, -11.8319], [-62.1881, -11.8123], [-62.1885, -11.8021], [-62.196, -11.7899], [-62.1899, -11.7757], [-62.1936, -11.7611], [-62.1991, -11.7466], [-62.204, -11.7445], [-62.2027, -11.7313], [-62.2098, -11.7249], [-62.2129, -11.7126], [-62.1936, -11.6845], [-62.2036, -11.6661], [-62.1906, -11.6518], [-62.1842, -11.6258], [-62.1715, -11.6134], [-62.1759, -11.586], [-62.1731, -11.5749], [-62.1643, -11.5664], [-62.1714, -11.5443], [-62.1404, -11.5228], [-62.1214, -11.5265], [-62.1081, -11.5102], [-62.085, -11.5], [-62.0861, -11.4768], [-62.0791, -11.46], [-62.0694, -11.4554], [-62.0626, -11.4428], [-62.0329, -11.4259], [-62.0268, -11.4131], [-62.0288, -11.4062], [-62.0219, -11.3976], [-62.0251, -11.3879], [-62.0204, -11.3739], [-62.0085, -11.3662], [-62.0089, -11.3567], [-61.9972, -11.3478], [-61.9905, -11.3295], [-61.9787, -11.3239], [-61.958, -11.3012], [-61.9558, -11.2907], [-61.9714, -11.3017], [-62.0013, -11.2889], [-62.0263, -11.3056], [-62.038, -11.2979], [-62.058, -11.3052], [-62.0812, -11.2918], [-62.1021, -11.2982], [-62.1208, -11.3695], [-62.1273, -11.3727], [-62.1295, -11.3817], [-62.1389, -11.3836], [-62.1407, -11.3926], [-62.1536, -11.3976], [-62.1573, -11.4078], [-62.1735, -11.4193], [-62.1797, -11.4311], [-62.198, -11.4246], [-62.2173, -11.435], [-62.2394, -11.4296], [-62.2591, -11.4306], [-62.2776, -11.443], [-62.2832, -11.4416], [-62.2969, -11.4634], [-62.3062, -11.4685], [-62.3113, -11.4857], [-62.3217, -11.4972], [-62.3401, -11.5064], [-62.351, -11.529], [-62.3698, -11.538], [-62.381, -11.5609], [-62.4109, -11.5662], [-62.4209, -11.5742], [-62.4258, -11.5976], [-62.4384, -11.6107], [-62.4428, -11.6042], [-62.4637, -11.6021], [-62.4629, -11.5886], [-62.4675, -11.5799], [-62.4755, -11.5765], [-62.4786, -11.8598], [-62.4775, -11.8639], [-62.4654, -11.8645], [-62.4637, -11.9597], [-62.4543, -11.9677], [-62.4413, -11.9588], [-62.4353, -11.9405], [-62.4088, -11.9256], [-62.4073, -11.9161], [-62.4005, -11.9115], [-62.3792, -11.9052], [-62.3711, -11.9084], [-62.3501, -11.9038], [-62.3372, -11.8955], [-62.3158, -11.9046], [-62.2981, -11.8925], [-62.2916, -11.8993], [-62.2685, -11.9052], [-62.2495, -11.9005], [-62.236, -11.9103], [-62.2067, -11.8319]]]}}, {"type": "Feature", "properties": {"osm_type": "relation", "osm_id": 700128126, "name": "Ouro Preto do Oeste", "admin_level": "6", "kind": "subdivision_2", "parent_osm_id": 325866, "parent_name": "Rondônia", "parent_iso": "BR-RO"}, "geometry": {"type": "Polygon", "coordinates": [[[-62.5252, -10.7094], [-62.3524, -10.8939], [-62.3059, -10.8355], [-62.1225, -10.8994], [-61.9604, -10.498], [-61.927, -10.4853], [-61.9268, -10.4773], [-61.9164, -10.4659], [-61.9125, -10.4554], [-61.915, -10.4249], [-61.9099, -10.4215], [-61.9046, -10.4005], [-61.9078, -10.3937], [-61.8995, -10.3803], [-61.9063, -10.3682], [-61.9052, -10.3391], [-61.9095, -10.3307], [-61.8549, -10.3047], [-61.8402, -10.3084], [-61.8286, -10.3041], [-61.8458, -10.255], [-61.8636, -10.221], [-61.8659, -10.206], [-61.8908, -10.1938], [-61.9162, -10.1662], [-61.9102, -10.1551], [-61.9112, -10.1179], [-61.9576, -10.1646], [-62.1005, -10.6593], [-62.2401, -10.6151], [-62.2152, -10.5211], [-62.234, -10.5074], [-62.2596, -10.4768], [-62.5252, -10.7094]]]}}, {"type": "Feature", "properties": {"osm_type": "relation", "osm_id": 682929462, "name": "Pimenta Bueno", "admin_level": "6", "kind": "subdivision_2", "parent_osm_id": 325866, "parent_name": "Rondônia", "parent_iso": "BR-RO"}, "geometry": {"type": "Polygon", "coordinates": [[[-61.5489, -11.6191], [-61.5586, -11.6339], [-61.5592, -11.6566], [-61.5743, -11.665], [-61.5748, -11.67], [-61.5683, -11.6751], [-61.5617, -11.6975], [-61.5441, -11.7006], [-61.5479, -11.7226], [-61.5356, -11.7298], [-61.5335, -11.7414], [-61.4151, -11.7437], [-61.4244, -11.7309], [-61.2644, -11.7299], [-61.2697, -11.7472], [-61.1933, -11.7475], [-61.1946, -11.7715], [-61.2128, -11.7865], [-61.2234, -11.8235], [-61.2386, -11.8425], [-61.2444, -11.8858], [-61.2397, -11.9025], [-61.226, -11.9079], [-61.2199, -11.9555], [-61.2094, -11.9682], [-61.2103, -11.9914], [-61.195, -12.0001], [-61.1776, -12.0031], [-61.1621, -12.0316], [-61.1498, -12.0341], [-61.1484, -12.0613], [-61.1424, -12.0708], [-61.1466, -12.0858], [-61.1432, -12.1005], [-61.1532, -12.115], [-61.1544, -12.1297], [-61.1691, -12.1458], [-61.1811, -12.146], [-61.1809, -12.1665], [-60.7126, -12.1666], [-60.7086, -12.1841], [-60.6774, -12.2455], [-60.6734, -12.2521], [-60.656, -12.26], [-60.3022, -12.2573], [-60.3014, -12.2505], [-60.3075, -12.2425], [-60.3039, -12.2305], [-60.3087, -12.2239], [-60.3056, -12.2019], [-60.3144, -12.1717], [-60.3119, -12.1514], [-60.3242, -12.1333], [-60.3358, -12.0977], [-60.365, -12.0713], [-60.3607, -12.064], [-60.3743, -12.05], [-60.3775, -12.0087], [-60.3869, -11.9878], [-60.368, -11.976], [-60.3624, -11.9649], [-60.3502, -11.9571], [-60.353, -11.9469], [-60.3747, -11.9329], [-60.3719, -11.9009], [-60.3753, -11.9013], [-60.3745, -11.8911], [-60.386, -11.8736], [-60.3785, -11.8635], [-60.4034, -11.8485], [-60.4004, -11.8453], [-60.4043, -11.8391], [-60.4192, -11.8272], [-60.4316, -11.8254], [-60.4338, -11.8222], [-60.4267, -11.8109], [-60.4363, -11.8078], [-60.4533, -11.7867], [-60.4623, -11.7824], [-60.4618, -11.7708], [-60.4553, -11.7636], [-60.4572, -11.7464], [-60.4446, -11.7312], [-60.4361, -11.735], [-60.4317, -11.7291], [-60.4419, -11.7263], [-60.4405, -11.7176], [-60.4258, -11.716], [-60.4423, -11.7099], [-60.4394, -11.7036], [-60.446, -11.6978], [-60.4554, -11.7044], [-60.4594, -11.6991], [-60.4497, -11.6903], [-60.4463, -11.6724], [-60.4481, -11.6673], [-60.4613, -11.6625], [-60.4572, -11.6526], [-60.4546, -11.6541], [-60.4544, -11.6292], [-60.4372, -11.6109], [-60.4358, -11.5925], [-60.4408, -11.5735], [-60.4368, -11.5652], [-60.4516, -11.5628], [-60.4408, -11.5387], [-60.4455, -11.5306], [-60.4414, -11.5194], [-60.446, -11.5122], [-60.4383, -11.5013], [-60.44, -11.4959], [-60.4468, -11.4975], [-60.472, -11.4835], [-60.4633, -11.4655], [-60.4739, -11.4637], [-60.4912, -11.4828], [-60.5116, -11.479], [-60.5224, -11.4945], [-60.5428, -11.5501], [-60.5646, -11.5617], [-60.5772, -11.5844], [-60.5926, -11.589], [-60.5905, -11.6207], [-60.6399, -11.6499], [-60.6405, -11.6603], [-60.6568, -11.6697], [-60.6589, -11.6823], [-60.6675, -11.6856], [-60.6724, -11.6951], [-60.7028, -11.6985], [-60.7062, -11.6941], [-60.7143, -11.6982], [-60.7323, -11.6948], [-60.7686, -11.7083], [-60.7827, -11.7003], [-60.8209, -11.6985], [-60.8492, -11.7282], [-60.8577, -11.7279], [-60.8573, -11.7226], [-60.8816, -11.7204], [-60.8894, -11.7295], [-60.8915, -11.7221], [-60.9127, -11.7229], [-60.9186, -11.726], [-60.9223, -11.7373], [-60.9211, -11.7492], [-61.2208, -11.5182], [-61.2279, -11.5266], [-61.2404, -11.5285], [-61.2531, -11.524], [-61.2529, -11.5176], [-61.2644, -11.5146], [-61.2686, -11.5085], [-61.2809, -11.5072], [-61.2939, -11.4984], [-61.3008, -11.5031], [-61.3073, -11.4997], [-61.321, -11.5084], [-61.3272, -11.5058], [-61.331, -11.5133], [-61.3465, -11.505], [-61.3557, -11.5053], [-61.3594, -11.5143], [-61.366, -11.5073], [-61.3718, -11.5113], [-61.3698, -11.5512], [-61.3623, -11.5628], [-61.3703, -11.5786], [-61.3504, -11.6051], [-61.3527, -11.6173], [-61.5489, -11.6191]], [[-60.3922, -11.8566], [-60.3962, -11.8584], [-60.3922, -11.8566]]]}}, {"type": "Feature", "properties": {"osm_type": "relation", "osm_id": 974632518, "name": "Porto Velho", "admin_level": "6", "kind": "subdivision_2", "parent_osm_id": 325866, "parent_name": "Rondônia", "parent_iso": "BR-RO"}, "geometry": {"type": "Polygon", "coordinates": [[[-62.2688, -8.5757], [-62.2932, -8.596], [-62.2943, -8.6054], [-62.2793, -8.6291], [-62.2813, -8.6386], [-62.2895, -8.6391], [-62.3357, -8.6095], [-62.342, -8.5948], [-62.3258, -8.5637], [-62.3343, -8.5462], [-62.3373, -8.5166], [-62.354, -8.5117], [-62.366, -8.4936], [-62.3637, -8.4782], [-62.3692, -8.4461], [-62.36, -8.407], [-62.3705, -8.3846], [-62.3922, -8.3753], [-62.4082, -8.3774], [-62.4322, -8.372], [-62.4654, -8.3397], [-62.4789, -8.3457], [-62.4869, -8.3592], [-62.5008, -8.3661], [-62.5185, -8.3847], [-62.5261, -8.383], [-62.5254, -8.3753], [-62.5395, -8.3581], [-62.5515, -8.3582], [-62.549, -8.3421], [-62.5553, -8.3194], [-62.5611, -8.3138], [-62.5559, -8.3054], [-62.5619, -8.284], [-62.5692, -8.2873], [-62.5854, -8.2718], [-62.6, -8.2722], [-62.6103, -8.2598], [-62.6499, -8.237], [-62.6599, -8.1996], [-62.6735, -8.1927], [-62.683, -8.1805], [-62.6852, -8.1657], [-62.6729, -8.1453], [-62.6855, -8.1164], [-62.6789, -8.1115], [-62.6905, -8.1009], [-62.6922, -8.0929], [-62.7128, -8.0805], [-62.7439, -8.0453], [-62.7873, -8.0264], [-62.81, -8.0253], [-62.8328, -7.9944], [-62.8416, -7.995], [-62.8449, -7.9865], [-62.8532, -7.9875], [-62.8672, -7.9759], [-63.6213, -7.9765], [-63.6264, -8.0161], [-63.6217, -8.0296], [-63.6266, -8.0412], [-63.6386, -8.0472], [-63.667, -8.0816], [-63.6689, -8.0919], [-63.6625, -8.1012], [-63.6699, -8.1217], [-63.6934, -8.1583], [-63.7234, -8.1751], [-63.747, -8.1986], [-63.7484, -8.2079], [-63.7228, -8.2495], [-63.7466, -8.2701], [-63.7735, -8.3207], [-63.7912, -8.3332], [-63.8253, -8.3061], [-63.8708, -8.2888], [-63.882, -8.2912], [-63.8949, -8.302], [-63.9108, -8.3285], [-63.9319, -8.3248], [-63.9441, -8.3312], [-63.9453, -8.3878], [-63.9769, -8.4097], [-63.9779, -8.4201], [-63.9439, -8.4352], [-63.9391, -8.4415], [-63.9408, -8.4522], [-63.9732, -8.4784], [-63.9745, -8.4872], [-63.9709, -8.4993], [-63.9438, -8.5266], [-63.9456, -8.5505], [-63.9231, -8.5592], [-63.9245, -8.5755], [-63.946, -8.6095], [-63.9656, -8.5959], [-63.9724, -8.5824], [-63.9803, -8.5807], [-63.9862, -8.5855], [-63.9911, -8.6173], [-64.0048, -8.6259], [-64.0052, -8.6417], [-64.0191, -8.6604], [-64.0164, -8.6676], [-64.0352, -8.6945], [-64.0279, -8.7156], [-64.0674, -8.7107], [-64.0948, -8.7284], [-64.1245, -8.7167], [-64.1308, -8.7221], [-64.143, -8.743], [-64.1448, -8.7764], [-64.1294, -8.8052], [-64.1357, -8.8203], [-64.1552, -8.8354], [-64.1582, -8.8431], [-64.1488, -8.8731], [-64.1516, -8.8972], [-64.1418, -8.945], [-64.1495, -8.9589], [-64.175, -8.9605], [-64.2332, -8.9923], [-64.2651, -8.9884], [-64.3113, -8.9964], [-64.3253, -8.9881], [-64.326, -8.9798], [-64.3095, -8.9345], [-64.3234, -8.9287], [-64.3799, -8.9467], [-64.4466, -8.9768], [-64.4712, -8.9737], [-64.4964, -8.979], [-64.5501, -8.9782], [-64.5689, -8.9917], [-64.5788, -8.9884], [-64.5794, -9.0012], [-64.5879, -9.0095], [-64.6111, -9.0165], [-64.6415, -9.0066], [-64.6714, -9.0147], [-64.6833, -8.9936], [-64.6993, -8.9883], [-64.7137, -8.9937], [-64.7305, -9.0125], [-64.7535, -9.0207], [-64.7611, -9.0205], [-64.7839, -8.9892], [-64.8164, -8.9865], [-64.8393, -8.9941], [-64.8705, -9.0122], [-64.8872, -9.0292], [-64.8941, -9.0437], [-64.9015, -9.0467], [-64.9172, -9.0431], [-64.9157, -9.0746], [-64.9334, -9.1203], [-64.9399, -9.1245], [-64.9392, -9.1483], [-64.9336, -9.1544], [-64.929, -9.1776], [-64.9319, -9.1849], [-64.9237, -9.1981], [-64.9265, -9.2054], [-64.9197, -9.2203], [-64.9328, -9.2406], [-64.9361, -9.2558], [-64.9536, -9.2713], [-64.9629, -9.2928], [-64.9862, -9.2918], [-65.0005, -9.3046], [-65.0017, -9.3178], [-65.0127, -9.3286], [-65.0058, -9.3435], [-65.0219, -9.346], [-65.0244, -9.3539], [-65.0393, -9.3595], [-65.0357, -9.3748], [-65.0535, -9.4021], [-65.0779, -9.401], [-65.0923, -9.4093], [-65.0889, -9.4251], [-65.0978, -9.4325], [-65.1137, -9.4328], [-65.1429, -9.4468], [-65.1773, -9.4266], [-65.185, -9.427], [-65.1868, -9.415], [-65.1735, -9.3854], [-65.1961, -9.3752], [-65.1883, -9.3448], [-65.209, -9.3095], [-65.208, -9.2856], [-65.2118, -9.279], [-65.2466, -9.2577], [-65.2842, -9.2702], [-65.3012, -9.2876], [-65.3427, -9.3094], [-65.3512, -9.3231], [-65.3775, -9.3244], [-65.3852, -9.338], [-65.3935, -9.3396], [-65.4168, -9.3195], [-65.4402, -9.3117], [-65.447, -9.3164], [-65.4491, -9.3246], [-65.4436, -9.3303], [-65.4477, -9.3457], [-65.4461, -9.3706], [-65.4566, -9.4012], [-65.4433, -9.4201], [-65.432, -9.4586], [-65.4347, -9.4663], [-65.4427, -9.4647], [-65.4566, -9.4705], [-65.4679, -9.4593], [-65.477, -9.4726], [-65.4928, -9.4737], [-65.5031, -9.4699], [-65.5064, -9.4477], [-65.5224, -9.4469], [-65.5556, -9.4225], [-65.5968, -9.4139], [-65.6416, -9.4334], [-65.6499, -9.4472], [-65.6728, -9.4463], [-65.6794, -9.4514], [-65.6809, -9.5004], [-65.6961, -9.5077], [-65.7235, -9.5591], [-65.73, -9.563], [-65.7428, -9.553], [-65.7503, -9.5536], [-65.7564, -9.5689], [-65.7707, -9.5653], [-65.7775, -9.577], [-65.7915, -9.5855], [-65.8, -9.585], [-65.8053, -9.5705], [-65.818, -9.5622], [-65.825, -9.5301], [-65.8482, -9.5323], [-65.8466, -9.5164], [-65.8525, -9.5107], [-65.8603, -9.5107], [-65.8809, -9.4875], [-65.898, -9.4891], [-65.9126, -9.4837], [-65.9319, -9.4475], [-65.9516, -9.4363], [-65.9532, -9.4287], [-65.9703, -9.4131], [-65.9864, -9.4131], [-66.0025, -9.4042], [-66.0345, -9.4005], [-66.0424, -9.4023], [-66.0597, -9.4182], [-66.1239, -9.4087], [-66.1543, -9.4204], [-66.1736, -9.4344], [-66.2047, -9.4259], [-66.2434, -9.4294], [-66.2596, -9.411], [-66.2678, -9.4098], [-66.2904, -9.4125], [-66.2842, -9.4322], [-66.3075, -9.4368], [-66.3149, -9.4338], [-66.3136, -9.4261], [-66.3189, -9.42], [-66.3332, -9.4276], [-66.3416, -9.427], [-66.3532, -9.4166], [-66.3747, -9.4264], [-66.4089, -9.4069], [-66.4146, -9.4219], [-66.3961, -9.4375], [-66.3901, -9.4556], [-66.3924, -9.5005], [-66.4236, -9.5258], [-66.4403, -9.5555], [-66.4674, -9.5822], [-66.4948, -9.6015], [-66.5006, -9.6335], [-66.5368, -9.6435], [-66.5517, -9.6581], [-66.5863, -9.6736], [-66.6094, -9.6649], [-66.6241, -9.6808], [-66.6849, -9.7146], [-66.6917, -9.7339], [-66.7254, -9.756], [-66.7585, -9.7604], [-66.7754, -9.7531], [-66.7821, -9.7585], [-66.7777, -9.7676], [-66.7806, -9.7914], [-66.8092, -9.8171], [-66.6266, -9.8996], [-66.6203, -9.8947], [-66.609, -9.8952], [-66.5813, -9.9054], [-66.5788, -9.8948], [-66.5743, -9.8901], [-66.5673, -9.8946], [-66.5605, -9.8809], [-66.5489, -9.8888], [-66.5432, -9.8777], [-66.528, -9.887], [-66.5158, -9.8823], [-66.5138, -9.8765], [-66.4995, -9.8763], [-66.5012, -9.8813], [-66.4963, -9.8837], [-66.4911, -9.8825], [-66.4881, -9.8698], [-66.4822, -9.8687], [-66.4717, -9.8686], [-66.4553, -9.8792], [-66.4587, -9.8745], [-66.4539, -9.8709], [-66.4348, -9.8661], [-66.4248, -9.8737], [-66.4322, -9.8919], [-66.4272, -9.8993], [-66.4135, -9.8951], [-66.4235, -9.8918], [-66.4225, -9.8872], [-66.4119, -9.881], [-66.404, -9.8649], [-66.3594, -9.8654], [-66.3556, -9.8484], [-66.3462, -9.8393], [-66.3207, -9.8371], [-66.3151, -9.8318], [-66.3068, -9.8399], [-66.3044, -9.8354], [-66.2866, -9.8446], [-66.2786, -9.8286], [-66.2753, -9.8277], [-66.2755, -9.8342], [-66.2539, -9.8327], [-66.2486, -9.8219], [-66.2429, -9.8222], [-66.2371, -9.8146], [-66.2143, -9.8333], [-66.2049, -9.8349], [-66.1942, -9.8278], [-66.195, -9.82], [-66.1884, -9.8242], [-66.1859, -9.8214], [-66.1968, -9.8136], [-66.1939, -9.8055], [-66.177, -9.8034], [-66.1732, -9.794], [-66.1515, -9.786], [-66.1453, -9.7909], [-66.1277, -9.7865], [-66.1232, -9.7907], [-66.1002, -9.7847], [-66.1007, -9.8069], [-66.0915, -9.8133], [-66.0792, -9.7948], [-66.0873, -9.7909], [-66.0698, -9.7844], [-66.0357, -9.7871], [-66.025, -9.8115], [-66.0193, -9.8114], [-65.999, -9.7948], [-65.9959, -9.8041], [-65.9891, -9.8017], [-65.9811, -9.8079], [-65.9814, -9.8021], [-65.9639, -9.802], [-65.9737, -9.7982], [-65.975, -9.7906], [-65.9729, -9.7764], [-65.9666, -9.7705], [-65.9525, -9.7681], [-65.9437, -9.7602], [-65.9359, -9.7689], [-65.9308, -9.7672], [-65.9225, -9.7627], [-65.9253, -9.7594], [-65.9189, -9.7527], [-65.913, -9.7641], [-65.9024, -9.7661], [-65.8847, -9.7522], [-65.8709, -9.7542], [-65.8622, -9.7681], [-65.8692, -9.7759], [-65.8718, -9.7899], [-65.8686, -9.793], [-65.8606, -9.7951], [-65.8417, -9.7895], [-65.8437, -9.7847], [-65.8292, -9.7668], [-65.8214, -9.767], [-65.8161, -9.7548], [-65.8079, -9.7618], [-65.7994, -9.7577], [-65.8024, -9.7666], [-65.8131, -9.7718], [-65.8057, -9.7881], [-65.7971, -9.7863], [-65.7952, -9.7912], [-65.7818, -9.783], [-65.7753, -9.7656], [-65.7798, -9.7417], [-65.7708, -9.7344], [-65.7666, -9.7396], [-65.7718, -9.7589], [-65.7566, -9.7665], [-65.745, -9.7818], [-65.7368, -9.7787], [-65.7362, -9.7679], [-65.729, -9.7596], [-65.7052, -9.7571], [-65.6968, -9.7501], [-65.6863, -9.7494], [-65.6858, -9.761], [-65.6791, -9.7611], [-65.6806, -9.7664], [-65.7081, -9.766], [-65.7096, -9.7716], [-65.7, -9.7892], [-65.7105, -9.8073], [-65.689, -9.8119], [-65.6901, -9.8008], [-65.6699, -9.7811], [-65.6589, -9.7935], [-65.6464, -9.7918], [-65.644, -9.7951], [-65.6537, -9.8087], [-65.6516, -9.8139], [-65.6483, -9.816], [-65.6377, -9.8046], [-65.6346, -9.8061], [-65.6322, -9.8301], [-65.6266, -9.8368], [-65.6005, -9.8242], [-65.5958, -9.8419], [-65.5689, -9.8382], [-65.5591, -9.8446], [-65.553, -9.8354], [-65.5641, -9.8206], [-65.5637, -9.8101], [-65.5393, -9.8019], [-65.5309, -9.7813], [-65.5125, -9.7928], [-65.5028, -9.7864], [-65.4982, -9.7784], [-65.5039, -9.7685], [-65.5003, -9.7291], [-65.4826, -9.7267], [-65.4898, -9.7141], [-65.4856, -9.7077], [-65.4824, -9.7135], [-65.4718, -9.7137], [-65.4471, -9.6971], [-65.4414, -9.6863], [-65.4467, -9.6738], [-65.4434, -9.6693], [-65.3949, -9.6858], [-65.3637, -9.7116], [-65.328, -9.78], [-65.3205, -9.8145], [-65.287, -9.8408], [-65.2885, -9.8657], [-65.3212, -9.906], [-65.3329, -9.9436], [-65.3171, -9.9369], [-65.2759, -9.9634], [-65.2501, -9.9612], [-65.2288, -9.9688], [-65.2122, -9.962], [-65.1944, -9.9621], [-65.1852, -9.9695], [-65.1823, -9.9798], [-65.1725, -9.9859], [-65.1667, -10.0002], [-64.3402, -10.0003], [-64.3472, -9.9829], [-64.3466, -9.9688], [-64.3415, -9.9569], [-64.3353, -9.9546], [-64.3321, -9.9342], [-64.3225, -9.9208], [-64.3196, -9.8966], [-64.3268, -9.885], [-64.32, -9.8769], [-64.3232, -9.8687], [-64.3122, -9.8512], [-64.299, -9.844], [-64.3107, -9.8137], [-64.3051, -9.8188], [-64.2964, -9.8173], [-64.2739, -9.8419], [-64.2566, -9.8331], [-64.2255, -9.8476], [-64.219, -9.8387], [-64.2032, -9.8343], [-64.1861, -9.8415], [-64.1602, -9.8228], [-64.1361, -9.8323], [-64.0855, -9.8335], [-63.6854, -9.8335], [-63.6798, -9.8117], [-63.6892, -9.8029], [-63.6758, -9.7934], [-63.6714, -9.7835], [-63.6795, -9.7817], [-63.6805, -9.7672], [-63.6632, -9.7591], [-63.6722, -9.7472], [-63.6625, -9.7329], [-63.6626, -9.7177], [-63.6555, -9.7168], [-63.6538, -9.7038], [-63.6402, -9.6886], [-63.6416, -9.6708], [-63.6311, -9.6682], [-63.6187, -9.6514], [-63.6253, -9.6461], [-63.6254, -9.6383], [-63.6172, -9.6384], [-63.625, -9.6256], [-63.6135, -9.6238], [-63.6141, -9.6167], [-63.6063, -9.604], [-63.5918, -9.5958], [-63.5884, -9.5826], [-63.5723, -9.5783], [-63.5609, -9.5598], [-63.5595, -9.5453], [-63.5573, -9.5543], [-63.5486, -9.5512], [-63.5503, -9.5345], [-63.5628, -9.5288], [-63.5617, -9.5172], [-63.5485, -9.5074], [-63.5682, -9.495], [-63.5654, -9.4898], [-63.5551, -9.4894], [-63.5545, -9.4742], [-63.5593, -9.4735], [-63.5546, -9.466], [-63.5663, -9.4455], [-63.5554, -9.4432], [-63.555, -9.4381], [-63.5642, -9.4326], [-63.5807, -9.4444], [-63.5824, -9.439], [-63.5752, -9.4279], [-63.5823, -9.4117], [-63.5956, -9.415], [-63.5967, -9.4247], [-63.6072, -9.4239], [-63.6126, -9.4185], [-63.6234, -9.4243], [-63.6206, -9.4372], [-63.6308, -9.4355], [-63.6428, -9.4215], [-63.6407, -9.4354], [-63.6463, -9.4317], [-63.6648, -9.4416], [-63.674, -9.4383], [-63.666, -9.4295], [-63.6787, -9.4215], [-63.6773, -9.4146], [-63.6865, -9.4197], [-63.6912, -9.437], [-63.7009, -9.4336], [-63.7069, -9.4435], [-63.7043, -9.4536], [-63.7101, -9.4565], [-63.7137, -9.4477], [-63.7231, -9.4432], [-63.7329, -9.4477], [-63.7364, -9.4443], [-63.7358, -9.4322], [-63.745, -9.4236], [-63.7344, -9.417], [-63.747, -9.4076], [-63.7535, -9.4092], [-63.7477, -9.3994], [-63.7624, -9.3938], [-63.7598, -9.3853], [-63.7702, -9.3821], [-63.7671, -9.3706], [-63.7757, -9.3775], [-63.7867, -9.3749], [-63.7833, -9.3702], [-63.7691, -9.3682], [-63.7682, -9.3615], [-63.7793, -9.3651], [-63.7821, -9.3519], [-63.7741, -9.3398], [-63.7901, -9.3339], [-63.7902, -9.33], [-63.7866, -9.331], [-63.7816, -9.3062], [-63.7737, -9.2947], [-63.78, -9.2934], [-63.7791, -9.2857], [-63.7613, -9.2788], [-63.7696, -9.2625], [-63.7643, -9.2575], [-63.77, -9.2567], [-63.7738, -9.2645], [-63.7793, -9.2613], [-63.7791, -9.2553], [-63.7845, -9.2576], [-63.7884, -9.2519], [-63.7801, -9.2474], [-63.7796, -9.2297], [-63.7717, -9.2301], [-63.7761, -9.2165], [-63.7716, -9.2032], [-63.7777, -9.2018], [-63.7741, -9.1939], [-63.7638, -9.1881], [-63.7812, -9.1912], [-63.7858, -9.1808], [-63.7817, -9.1673], [-63.7853, -9.1601], [-63.7706, -9.1536], [-63.7769, -9.1397], [-63.7873, -9.1355], [-63.7946, -9.1255], [-63.7763, -9.1159], [-63.7793, -9.1102], [-63.7873, -9.1104], [-63.7926, -9.1051], [-63.7818, -9.0705], [-63.7755, -9.0703], [-63.7761, -9.0634], [-63.7939, -9.0559], [-63.7961, -9.0507], [-63.7954, -9.0454], [-63.7849, -9.0413], [-63.7852, -9.0347], [-63.792, -9.0299], [-63.7896, -9.0213], [-63.7837, -9.0202], [-63.7867, -9.0118], [-63.7802, -9.0098], [-63.7719, -9.0158], [-63.769, -9.004], [-63.7806, -9.0021], [-63.7821, -8.9962], [-63.7753, -8.9963], [-63.7635, -8.9864], [-63.7675, -8.9709], [-63.7625, -8.9727], [-63.7605, -8.9828], [-63.7564, -8.9825], [-63.7515, -8.9698], [-63.7437, -8.9679], [-63.7491, -8.9581], [-63.7417, -8.9569], [-63.7353, -8.9629], [-63.7301, -8.9567], [-63.7313, -8.953], [-63.7363, -8.9568], [-63.7408, -8.9533], [-63.7467, -8.9369], [-63.7521, -8.9398], [-63.7545, -8.9363], [-63.741, -8.9341], [-63.7446, -8.9258], [-63.7238, -8.9229], [-63.7394, -8.9195], [-63.7431, -8.9118], [-63.7362, -8.9013], [-63.745, -8.8926], [-63.744, -8.8879], [-63.7386, -8.8915], [-63.7229, -8.8873], [-63.7397, -8.8745], [-63.7403, -8.8792], [-63.7506, -8.873], [-63.7477, -8.8639], [-63.74, -8.8596], [-63.7495, -8.8521], [-63.7291, -8.8437], [-63.7384, -8.8391], [-63.7431, -8.8445], [-63.7483, -8.8429], [-63.7483, -8.838], [-63.743, -8.8231], [-63.7282, -8.835], [-63.7282, -8.8283], [-63.7193, -8.8216], [-63.7066, -8.8206], [-63.6997, -8.8048], [-63.7194, -8.8001], [-63.7181, -8.7903], [-63.7063, -8.7907], [-63.7045, -8.7773], [-63.7199, -8.7763], [-63.7241, -8.7665], [-63.7168, -8.7583], [-63.7133, -8.7724], [-63.708, -8.7677], [-63.7072, -8.737], [-63.7013, -8.7395], [-63.6874, -8.7327], [-63.6962, -8.716], [-63.7115, -8.717], [-63.7077, -8.7119], [-63.6966, -8.7057], [-63.6828, -8.713], [-63.6828, -8.704], [-63.6699, -8.6974], [-63.6715, -8.714], [-63.6505, -8.7063], [-63.6411, -8.7163], [-63.6543, -8.7208], [-63.653, -8.7327], [-63.6438, -8.7221], [-63.628, -8.7256], [-63.6281, -8.7172], [-63.6361, -8.7094], [-63.6161, -8.6946], [-63.6124, -8.7019], [-63.5916, -8.6847], [-63.5866, -8.6719], [-63.5897, -8.6614], [-63.5842, -8.6569], [-63.5761, -8.6617], [-63.5821, -8.6689], [-63.5735, -8.6688], [-63.5631, -8.6786], [-63.5606, -8.6585], [-63.5677, -8.6359], [-63.5652, -8.6279], [-63.5486, -8.6365], [-63.5436, -8.6325], [-63.5321, -8.6456], [-63.5224, -8.638], [-63.5235, -8.6234], [-63.5168, -8.62], [-63.512, -8.6088], [-63.4591, -8.5959], [-63.4472, -8.5879], [-63.4469, -8.5717], [-63.4727, -8.57], [-63.4832, -8.5619], [-63.4663, -8.5458], [-63.4656, -8.5285], [-63.452, -8.5147], [-63.4503, -8.5016], [-62.8227, -8.5008], [-62.8435, -8.5078], [-62.8421, -8.5199], [-62.8327, -8.5213], [-62.8235, -8.5371], [-62.8144, -8.539], [-62.8137, -8.543], [-62.8201, -8.5457], [-62.8142, -8.5618], [-62.8048, -8.5594], [-62.8045, -8.5725], [-62.7943, -8.5776], [-62.7824, -8.5577], [-62.7693, -8.5636], [-62.7732, -8.5685], [-62.7815, -8.5659], [-62.7776, -8.5722], [-62.7653, -8.576], [-62.7834, -8.5967], [-62.7743, -8.604], [-62.7698, -8.5927], [-62.7419, -8.6084], [-62.7569, -8.6192], [-62.7541, -8.6285], [-62.7331, -8.6338], [-62.7265, -8.6408], [-62.7398, -8.641], [-62.7375, -8.65], [-62.7257, -8.6495], [-62.7168, -8.6556], [-62.7323, -8.6572], [-62.7357, -8.675], [-62.7465, -8.6789], [-62.7461, -8.6888], [-62.7551, -8.6848], [-62.7625, -8.6895], [-62.7528, -8.7027], [-62.7577, -8.7243], [-62.7732, -8.718], [-62.7607, -8.7132], [-62.7646, -8.708], [-62.7745, -8.7069], [-62.7802, -8.7152], [-62.7699, -8.7233], [-62.768, -8.7335], [-62.7593, -8.7345], [-62.7525, -8.7517], [-62.767, -8.7597], [-62.7615, -8.779], [-62.7571, -8.7784], [-62.7636, -8.7978], [-62.7384, -8.8022], [-62.7304, -8.799], [-62.7154, -8.8113], [-62.7036, -8.8131], [-62.6639, -8.7972], [-62.6557, -8.7773], [-62.6285, -8.7757], [-62.6258, -8.7577], [-62.6052, -8.7504], [-62.5887, -8.7632], [-62.5888, -8.7551], [-62.5812, -8.745], [-62.5733, -8.7467], [-62.5595, -8.7407], [-62.553, -8.7502], [-62.5364, -8.7515], [-62.4912, -8.7288], [-62.4849, -8.7375], [-62.4856, -8.7583], [-62.4719, -8.7717], [-62.4468, -8.7666], [-62.4484, -8.7537], [-62.4359, -8.7376], [-62.4166, -8.7359], [-62.4087, -8.7472], [-62.3944, -8.7403], [-62.3744, -8.7459], [-62.367, -8.7382], [-62.3745, -8.732], [-62.3718, -8.729], [-62.3767, -8.7284], [-62.3694, -8.7193], [-62.3733, -8.7152], [-62.3631, -8.7025], [-62.3671, -8.6736], [-62.3452, -8.6789], [-62.3449, -8.7], [-62.3319, -8.7091], [-62.291, -8.7], [-62.2774, -8.7025], [-62.2581, -8.6906], [-62.2451, -8.6894], [-62.2456, -8.6803], [-62.2374, -8.6648], [-62.2448, -8.651], [-62.2407, -8.6389], [-62.2436, -8.6296], [-62.2385, -8.6209], [-62.2412, -8.6045], [-62.2462, -8.5931], [-62.2602, -8.5878], [-62.2688, -8.5757]], [[-63.6966, -8.7057], [-63.6964, -8.6991], [-63.6966, -8.7057]]]}}, {"type": "Feature", "properties": {"osm_type": "relation", "osm_id": 254893320, "name": "Presidente Médici", "admin_level": "6", "kind": "subdivision_2", "parent_osm_id": 325866, "parent_name": "Rondônia", "parent_iso": "BR-RO"}, "geometry": {"type": "Polygon", "coordinates": [[[-61.7421, -11.3342], [-61.7444, -11.3235], [-61.7313, -11.3048], [-61.727, -11.3011], [-61.7202, -11.3067], [-61.7071, -11.2952], [-61.7078, -11.2817], [-61.7011, -11.2679], [-61.6806, -11.2619], [-61.675, -11.2544], [-61.667, -11.2586], [-61.667, -11.1184], [-61.6324, -11.1181], [-61.632, -10.9862], [-61.9424, -10.988], [-61.9514, -10.9959], [-61.958, -11.0161], [-61.9511, -11.0268], [-61.9445, -11.058], [-61.9494, -11.0836], [-61.9574, -11.0894], [-61.9755, -11.0911], [-61.9763, -11.1021], [-62.0046, -11.1251], [-62.0147, -11.128], [-62.0264, -11.1442], [-62.0203, -11.174], [-62.0293, -11.1943], [-62.0268, -11.2044], [-62.0382, -11.2133], [-62.0451, -11.1944], [-62.0447, -11.1769], [-62.0507, -11.1659], [-62.0434, -11.1518], [-62.0475, -11.146], [-62.0427, -11.1326], [-62.0568, -11.1198], [-62.0557, -11.1072], [-62.0779, -11.0801], [-62.0761, -11.068], [-62.0962, -11.045], [-62.0978, -11.03], [-62.0912, -11.0241], [-62.0932, -11.0117], [-62.0899, -11.0108], [-62.1047, -11.0006], [-62.1079, -11.0042], [-62.1148, -11.0005], [-62.123, -11.0153], [-62.1407, -11.0266], [-62.1521, -11.0453], [-62.1679, -11.0369], [-62.1596, -11.0552], [-62.1646, -11.0583], [-62.1578, -11.0619], [-62.1599, -11.0681], [-62.1536, -11.0722], [-62.1664, -11.0962], [-62.146, -11.115], [-62.1498, -11.1514], [-62.1336, -11.1711], [-62.1302, -11.185], [-62.1176, -11.1905], [-62.1219, -11.198], [-62.1396, -11.2077], [-62.152, -11.2328], [-62.1646, -11.2386], [-62.1732, -11.2597], [-62.1818, -11.2595], [-62.1827, -11.2831], [-62.1504, -11.2792], [-62.1432, -11.2821], [-62.1369, -11.2976], [-62.1197, -11.2939], [-62.1103, -11.2832], [-62.1006, -11.2831], [-62.0948, -11.295], [-62.0812, -11.2918], [-62.058, -11.3052], [-62.038, -11.2979], [-62.0263, -11.3056], [-62.0188, -11.304], [-62.0013, -11.2889], [-61.9714, -11.3017], [-61.9558, -11.2907], [-61.9275, -11.2982], [-61.9239, -11.2917], [-61.9182, -11.2924], [-61.8993, -11.3241], [-61.8832, -11.3328], [-61.8601, -11.3687], [-61.8347, -11.3842], [-61.8225, -11.3818], [-61.8014, -11.3883], [-61.7954, -11.3984], [-61.784, -11.4016], [-61.7693, -11.3886], [-61.7669, -11.3807], [-61.7546, -11.3776], [-61.7492, -11.356], [-61.7445, -11.3561], [-61.7408, -11.3463], [-61.7452, -11.3404], [-61.7421, -11.3342]]]}}, {"type": "Feature", "properties": {"osm_type": "relation", "osm_id": 595565608, "name": "Rio Crespo", "admin_level": "6", "kind": "subdivision_2", "parent_osm_id": 325866, "parent_name": "Rondônia", "parent_iso": "BR-RO"}, "geometry": {"type": "Polygon", "coordinates": [[[-62.5557, -9.6702], [-62.5395, -9.6742], [-62.5097, -9.6682], [-62.5072, -9.662], [-62.5149, -9.6583], [-62.5064, -9.6499], [-62.5008, -9.6281], [-62.4751, -9.6131], [-62.4593, -9.5976], [-62.4558, -9.5902], [-62.4592, -9.5691], [-62.4341, -9.5541], [-62.4225, -9.5253], [-63.0768, -9.5249], [-63.0716, -9.6148], [-63.075, -9.6486], [-63.0987, -9.6682], [-63.1092, -9.7035], [-63.1198, -9.7214], [-63.1136, -9.7302], [-63.112, -9.7512], [-63.1056, -9.7539], [-63.0331, -9.751], [-63.0208, -9.7459], [-62.9907, -9.7517], [-62.8374, -9.751], [-62.8071, -9.7794], [-62.7954, -9.8011], [-62.7455, -9.8112], [-62.7317, -9.822], [-62.7127, -9.8256], [-62.6793, -9.8467], [-62.675, -9.8312], [-62.6607, -9.8113], [-62.6546, -9.7809], [-62.6298, -9.7691], [-62.6101, -9.736], [-62.5983, -9.7354], [-62.5829, -9.7226], [-62.5837, -9.7025], [-62.5673, -9.6969], [-62.5557, -9.6702]]]}}, {"type": "Feature", "properties": {"osm_type": "relation", "osm_id": 539027597, "name": "Rolim de Moura", "admin_level": "6", "kind": "subdivision_2", "parent_osm_id": 325866, "parent_name": "Rondônia", "parent_iso": "BR-RO"}, "geometry": {"type": "Polygon", "coordinates": [[[-61.8905, -11.9068], [-61.8835, -11.885], [-61.8705, -11.8849], [-61.865, -11.8745], [-61.8402, -11.8687], [-61.8322, -11.8577], [-61.5642, -11.8564], [-61.5619, -11.8488], [-61.5582, -11.8507], [-61.5537, -11.8459], [-61.5509, -11.8327], [-61.5381, -11.8155], [-61.533, -11.7948], [-61.5377, -11.7893], [-61.5253, -11.7867], [-61.5277, -11.7719], [-61.5219, -11.7627], [-61.5255, -11.7553], [-61.5396, -11.7526], [-61.5335, -11.7414], [-61.5356, -11.7298], [-61.5479, -11.7226], [-61.5441, -11.7006], [-61.5617, -11.6975], [-61.5683, -11.6751], [-61.5748, -11.67], [-61.5743, -11.665], [-61.5592, -11.6566], [-61.5586, -11.6339], [-61.5489, -11.6191], [-61.5667, -11.6029], [-61.581, -11.5978], [-61.5819, -11.5919], [-61.5908, -11.5973], [-61.599, -11.5915], [-61.5956, -11.5812], [-61.6016, -11.578], [-61.605, -11.5813], [-61.6099, -11.5749], [-61.614, -11.5837], [-61.9135, -11.5854], [-61.9167, -11.6012], [-61.9267, -11.6143], [-61.937, -11.6173], [-61.9402, -11.6262], [-61.9613, -11.6309], [-61.9646, -11.6425], [-61.9575, -11.6554], [-61.9806, -11.6747], [-61.9729, -11.6888], [-61.9796, -11.711], [-61.9771, -11.7209], [-61.9728, -11.7286], [-61.959, -11.7335], [-61.9605, -11.7378], [-61.9886, -11.752], [-61.9948, -11.77], [-62.0178, -11.7959], [-62.0265, -11.8196], [-62.0376, -11.8259], [-62.0376, -11.8499], [-62.0495, -11.8673], [-62.0198, -11.8578], [-62.0042, -11.8692], [-61.9659, -11.8641], [-61.9618, -11.8691], [-61.9322, -11.8632], [-61.9223, -11.8666], [-61.919, -11.8907], [-61.9005, -11.892], [-61.8905, -11.9068]]]}}, {"type": "Feature", "properties": {"osm_type": "relation", "osm_id": 680842538, "name": "Santa Luzia D'Oeste", "admin_level": "6", "kind": "subdivision_2", "parent_osm_id": 325866, "parent_name": "Rondônia", "parent_iso": "BR-RO"}, "geometry": {"type": "Polygon", "coordinates": [[[-61.8891, -11.9652], [-61.8737, -11.9824], [-61.8686, -11.9835], [-61.8611, -11.9769], [-61.8442, -11.9869], [-61.8489, -11.9992], [-61.8324, -12.0213], [-61.8358, -12.0703], [-61.8167, -12.0865], [-61.8141, -12.0964], [-61.804, -12.0985], [-61.7969, -12.1261], [-61.7743, -12.1505], [-61.7737, -12.1585], [-61.7475, -12.1991], [-61.7405, -12.2517], [-61.7533, -12.2749], [-61.7259, -12.3316], [-61.7297, -12.3391], [-61.7243, -12.347], [-61.7262, -12.3599], [-61.7179, -12.3696], [-61.7169, -12.3811], [-61.6909, -12.3993], [-61.6869, -12.4193], [-61.6751, -12.4298], [-61.6786, -12.0897], [-61.5305, -12.089], [-61.5313, -11.8561], [-61.8322, -11.8577], [-61.8402, -11.8687], [-61.865, -11.8745], [-61.8705, -11.8849], [-61.8835, -11.885], [-61.8905, -11.9068], [-61.8865, -11.9088], [-61.8891, -11.9652]]]}}, {"type": "Feature", "properties": {"osm_type": "relation", "osm_id": 953903892, "name": "Vilhena", "admin_level": "6", "kind": "subdivision_2", "parent_osm_id": 325866, "parent_name": "Rondônia", "parent_iso": "BR-RO"}, "geometry": {"type": "MultiPolygon", "coordinates": [[[[-60.3922, -11.8566], [-60.3962, -11.8584], [-60.3922, -11.8566]]], [[[-60.0919, -11.8567], [-60.0938, -11.8528], [-60.0919, -11.8567]]], [[[-60.334, -13.2573], [-60.3252, -13.2517], [-60.3283, -13.2303], [-60.3082, -13.1994], [-60.3034, -13.1787], [-60.2902, -13.1711], [-60.2693, -13.1444], [-60.2806, -13.1356], [-60.2771, -13.1126], [-60.2835, -13.0971], [-60.283, -13.0805], [-60.2683, -13.0768], [-60.2483, -13.0539], [-60.2416, -13.0389], [-60.2152, -13.027], [-60.2137, -13.0071], [-60.1892, -12.971], [-60.1565, -12.9687], [-60.1505, -12.964], [-60.1397, -12.9702], [-60.1308, -12.9616], [-60.1172, -12.9594], [-60.1051, -12.9195], [-60.0841, -12.896], [-60.0791, -12.8811], [-60.0828, -12.8526], [-60.0659, -12.8119], [-60.068, -12.7893], [-60.0592, -12.7833], [-60.0669, -12.7674], [-60.0624, -12.7578], [-60.0749, -12.7338], [-60.0561, -12.7049], [-60.0562, -12.6999], [-60.0656, -12.6933], [-60.0649, -12.6708], [-60.0584, -12.6635], [-60.0454, -12.6612], [-60.0447, -12.6408], [-60.0288, -12.6186], [-60.0048, -12.6031], [-60.0033, -12.5923], [-59.9811, -12.5924], [-59.974, -12.6096], [-59.9495, -12.6003], [-59.9298, -12.58], [-59.8967, -12.5371], [-59.893, -12.5227], [-59.8985, -12.5023], [-59.8557, -12.4786], [-59.8442, -12.4671], [-59.8425, -12.4248], [-59.8325, -12.4014], [-59.8188, -12.3899], [-59.8193, -12.3787], [-59.805, -12.3676], [-59.7929, -12.3457], [-59.7755, -12.3406], [-59.8865, -12.2453], [-59.8911, -12.2455], [-59.9108, -12.1864], [-59.9001, -12.1709], [-59.8998, -12.1172], [-59.9128, -12.099], [-59.9233, -12.0941], [-59.9292, -12.0783], [-59.962, -12.0564], [-59.9696, -12.0324], [-59.9793, -12.0288], [-59.9746, -12.0151], [-59.9667, -12.0078], [-59.9789, -11.9923], [-59.9704, -11.989], [-59.9724, -11.9694], [-59.9863, -11.961], [-59.981, -11.9471], [-59.9871, -11.9353], [-59.9844, -11.9157], [-60.0121, -11.893], [-60.0247, -11.8975], [-60.039, -11.8928], [-60.0484, -11.8969], [-60.0767, -11.8841], [-60.076, -11.8767], [-60.0854, -11.8677], [-60.0799, -11.863], [-60.0828, -11.8594], [-60.0885, -11.8626], [-60.0919, -11.8567], [-60.0962, -11.8588], [-60.0944, -11.8484], [-60.101, -11.8354], [-60.1081, -11.8397], [-60.0993, -11.83], [-60.1025, -11.8189], [-60.0956, -11.8171], [-60.1007, -11.8149], [-60.0991, -11.8056], [-60.1036, -11.8035], [-60.1007, -11.7979], [-60.0962, -11.8003], [-60.0977, -11.7948], [-60.1079, -11.792], [-60.1027, -11.7894], [-60.1055, -11.7824], [-60.101, -11.7812], [-60.1087, -11.7797], [-60.103, -11.7725], [-60.1066, -11.7628], [-60.1108, -11.7631], [-60.1073, -11.7489], [-60.1112, -11.7483], [-60.1161, -11.7299], [-60.1125, -11.7222], [-60.1216, -11.7121], [-60.1162, -11.7057], [-60.1224, -11.6823], [-60.1151, -11.6627], [-60.1171, -11.6446], [-60.1115, -11.6429], [-60.1141, -11.5874], [-60.1109, -11.5824], [-60.0944, -11.5859], [-60.1013, -11.5767], [-60.093, -11.578], [-60.0985, -11.5692], [-60.0872, -11.5671], [-60.0938, -11.5617], [-60.0907, -11.5548], [-60.0826, -11.5589], [-60.057, -11.5402], [-60.0415, -11.5166], [-60.0279, -11.5078], [-60.0312, -11.4931], [-60.0198, -11.497], [-60.0156, -11.4886], [-59.9854, -11.4693], [-59.9748, -11.4388], [-59.9456, -11.4326], [-59.9406, -11.4228], [-59.9344, -11.4236], [-59.9265, -11.4137], [-59.9206, -11.398], [-59.9199, -11.376], [-59.9248, -11.3612], [-59.9245, -11.3523], [-59.9178, -11.3464], [-59.9204, -11.3269], [-59.9274, -11.3108], [-59.9509, -11.3037], [-59.9589, -11.2938], [-59.9604, -11.2774], [-59.9685, -11.2664], [-59.9679, -11.2529], [-59.982, -11.2335], [-59.9811, -11.2036], [-59.9677, -11.1979], [-59.964, -11.1891], [-59.9712, -11.1802], [-59.9804, -11.1795], [-59.9977, -11.1513], [-59.9849, -11.1469], [-59.9894, -11.1393], [-59.9799, -11.1397], [-59.9768, -11.1224], [-59.9869, -11.1145], [-59.9953, -11.1252], [-60.0131, -11.1225], [-60.0157, -11.1162], [-60.016, -11.1237], [-60.0229, -11.1305], [-60.0321, -11.1267], [-60.0374, -11.1173], [-60.044, -11.1242], [-60.0667, -11.1255], [-60.075, -11.105], [-60.0849, -11.0968], [-60.0891, -11.0992], [-60.0885, -11.1079], [-60.0962, -11.1108], [-60.1126, -11.1025], [-60.1204, -11.1068], [-60.1363, -11.1014], [-60.1425, -11.1057], [-60.1605, -11.0959], [-60.1856, -11.1043], [-60.1914, -11.1141], [-60.2033, -11.1134], [-60.2105, -11.1068], [-60.2275, -11.1054], [-60.2387, -11.0949], [-60.2661, -11.0944], [-60.271, -11.0987], [-60.2808, -11.0915], [-60.278, -11.0796], [-60.2823, -11.064], [-60.2914, -11.0655], [-60.3012, -11.0571], [-60.3175, -11.0651], [-60.3344, -11.0829], [-60.3485, -11.075], [-60.342, -11.0826], [-60.3489, -11.1086], [-60.3732, -11.0941], [-60.3918, -11.0927], [-60.4041, -11.0694], [-60.4143, -11.0674], [-60.4141, -11.0434], [-60.4311, -11.0375], [-60.4466, -11.0422], [-60.4379, -11.0166], [-60.4502, -11.0085], [-60.4511, -10.9959], [-60.4591, -10.9898], [-60.468, -10.9956], [-60.465, -11.023], [-60.4752, -11.0461], [-60.5011, -11.0641], [-60.5128, -11.0663], [-60.5138, -11.0924], [-60.507, -11.0981], [-60.5166, -11.1107], [-60.5275, -11.1159], [-60.5196, -11.1295], [-60.5346, -11.1353], [-60.5322, -11.1419], [-60.5218, -11.1429], [-60.5185, -11.1491], [-60.5221, -11.176], [-60.5326, -11.1839], [-60.5375, -11.216], [-60.525, -11.2437], [-60.5281, -11.2545], [-60.5233, -11.2618], [-60.5147, -11.2666], [-60.5105, -11.2776], [-60.4838, -11.2929], [-60.4928, -11.3057], [-60.4896, -11.3115], [-60.4956, -11.3472], [-60.485, -11.3499], [-60.484, -11.3684], [-60.4757, -11.3684], [-60.4608, -11.3581], [-60.4581, -11.385], [-60.447, -11.3993], [-60.448, -11.4046], [-60.443, -11.4062], [-60.4443, -11.415], [-60.4374, -11.4244], [-60.438, -11.4468], [-60.4615, -11.4566], [-60.472, -11.4835], [-60.4468, -11.4975], [-60.44, -11.4959], [-60.4383, -11.5013], [-60.446, -11.5122], [-60.4414, -11.5194], [-60.4455, -11.5306], [-60.4408, -11.5387], [-60.4516, -11.5628], [-60.4368, -11.5652], [-60.4408, -11.5735], [-60.4358, -11.5925], [-60.4372, -11.6109], [-60.4544, -11.6292], [-60.4546, -11.6541], [-60.4572, -11.6526], [-60.4613, -11.6625], [-60.4481, -11.6673], [-60.4463, -11.6724], [-60.4497, -11.6903], [-60.4594, -11.6991], [-60.4554, -11.7044], [-60.446, -11.6978], [-60.4394, -11.7036], [-60.4423, -11.7099], [-60.4258, -11.716], [-60.4405, -11.7176], [-60.4419, -11.7263], [-60.4317, -11.7291], [-60.4361, -11.735], [-60.4446, -11.7312], [-60.4572, -11.7464], [-60.4553, -11.7636], [-60.4618, -11.7708], [-60.4623, -11.7824], [-60.4533, -11.7867], [-60.4363, -11.8078], [-60.4267, -11.8109], [-60.4338, -11.8222], [-60.4316, -11.8254], [-60.4192, -11.8272], [-60.4043, -11.8391], [-60.4004, -11.8453], [-60.4034, -11.8485], [-60.3785, -11.8635], [-60.386, -11.8736], [-60.3745, -11.8911], [-60.3753, -11.9013], [-60.3719, -11.9009], [-60.3747, -11.9329], [-60.353, -11.9469], [-60.3502, -11.9571], [-60.3624, -11.9649], [-60.368, -11.976], [-60.3869, -11.9878], [-60.3775, -12.0087], [-60.3743, -12.05], [-60.3607, -12.064], [-60.365, -12.0713], [-60.3358, -12.0977], [-60.3242, -12.1333], [-60.3119, -12.1514], [-60.3144, -12.1717], [-60.3056, -12.2019], [-60.3087, -12.2239], [-60.3039, -12.2305], [-60.3075, -12.2425], [-60.3014, -12.2505], [-60.3022, -12.2573], [-60.6845, -12.2624], [-60.6809, -12.2763], [-60.6844, -12.2956], [-60.6959, -12.3099], [-60.7, -12.3243], [-60.7557, -12.3434], [-60.7606, -12.3521], [-60.7724, -12.3546], [-60.7898, -12.3706], [-60.8091, -12.3755], [-60.8093, -12.4479], [-60.6287, -12.4442], [-60.6399, -12.5385], [-60.4464, -12.5371], [-60.4439, -12.8393], [-60.4661, -12.8297], [-60.5006, -12.799], [-60.517, -12.7928], [-60.5344, -12.7935], [-60.541, -12.7817], [-60.5479, -12.7838], [-60.5608, -12.7697], [-60.5723, -12.7884], [-60.5723, -12.8014], [-60.5769, -12.8055], [-60.575, -12.8296], [-60.5858, -12.8496], [-60.5816, -12.8653], [-60.5969, -12.9146], [-60.5898, -12.9245], [-60.5898, -12.9352], [-60.5989, -12.9449], [-60.6133, -12.9923], [-60.6043, -12.9881], [-60.5906, -12.9677], [-60.5807, -12.9729], [-60.5746, -12.989], [-60.5521, -12.9591], [-60.5431, -12.9576], [-60.5335, -12.9668], [-60.5249, -12.967], [-60.5052, -12.9492], [-60.5047, -12.9673], [-60.4984, -12.9785], [-60.4732, -12.9988], [-60.4714, -13.011], [-60.4585, -13.0029], [-60.4369, -13.0028], [-60.4206, -13.0147], [-60.4156, -13.0465], [-60.4052, -13.0692], [-60.394, -13.0702], [-60.3797, -13.0896], [-60.3698, -13.0938], [-60.3727, -13.0989], [-60.3668, -13.1128], [-60.3549, -13.1028], [-60.3536, -13.1143], [-60.346, -13.1228], [-60.3483, -13.1522], [-60.3602, -13.1638], [-60.354, -13.1745], [-60.3571, -13.2097], [-60.3433, -13.2338], [-60.3474, -13.2503], [-60.334, -13.2573]]]]}}, {"type": "Feature", "properties": {"osm_type": "relation", "osm_id": 515043152, "name": "São Miguel do Guaporé", "admin_level": "6", "kind": "subdivision_2", "parent_osm_id": 325866, "parent_name": "Rondônia", "parent_iso": "BR-RO"}, "geometry": {"type": "Polygon", "coordinates": [[[-62.4543, -11.9677], [-62.4637, -11.9597], [-62.4654, -11.8645], [-62.4775, -11.8639], [-62.4786, -11.8598], [-62.4755, -11.5765], [-62.4899, -11.558], [-62.4911, -11.5506], [-62.487, -11.551], [-62.4865, -11.5463], [-62.4898, -11.5356], [-62.5057, -11.5196], [-62.5087, -11.5003], [-62.5183, -11.4932], [-62.527, -11.477], [-62.5428, -11.4779], [-62.5553, -11.4686], [-62.5772, -11.4787], [-62.5855, -11.4912], [-62.6052, -11.4803], [-62.6402, -11.4435], [-62.6507, -11.449], [-62.6691, -11.4339], [-62.6794, -11.432], [-62.6945, -11.4328], [-62.7191, -11.4488], [-62.7529, -11.4443], [-62.7551, -11.441], [-62.7281, -11.4117], [-62.7326, -11.3943], [-62.7757, -11.3864], [-62.7859, -11.3649], [-62.7987, -11.3551], [-62.8025, -11.3372], [-62.8245, -11.3348], [-62.8293, -11.3293], [-62.8307, -11.312], [-62.8379, -11.3032], [-62.8635, -11.3128], [-62.8707, -11.3095], [-62.894, -11.316], [-62.94, -11.355], [-62.9518, -11.3579], [-62.9598, -11.3572], [-62.972, -11.3456], [-62.992, -11.3464], [-63.0022, -11.3398], [-63.0081, -11.3452], [-63.03, -11.3362], [-63.0453, -11.3379], [-63.0895, -11.3556], [-63.1019, -11.3306], [-63.0959, -11.3124], [-63.1029, -11.281], [-63.1179, -11.2581], [-63.1115, -11.2395], [-63.1115, -11.2179], [-63.1213, -11.2063], [-63.1411, -11.1963], [-63.1397, -11.1869], [-63.1496, -11.1753], [-63.1499, -11.1613], [-63.139, -11.1314], [-63.1493, -11.1146], [-63.1723, -11.1161], [-63.195, -11.1029], [-63.206, -11.106], [-63.234, -11.1281], [-63.2508, -11.1504], [-63.2896, -11.1524], [-63.3061, -11.1411], [-63.3034, -11.1297], [-63.3317, -11.0988], [-63.335, -11.088], [-63.3283, -11.076], [-63.3391, -11.0649], [-63.3781, -11.0748], [-63.3836, -11.0722], [-63.385, -11.0567], [-63.4145, -11.0483], [-63.4345, -11.03], [-63.4661, -11.0317], [-63.4801, -11.0274], [-63.5024, -11.0427], [-63.5274, -11.0459], [-63.5405, -11.0354], [-63.554, -11.0388], [-63.5589, -11.0317], [-63.566, -11.0337], [-63.5693, -11.0232], [-63.5857, -11.0095], [-63.628, -11.0053], [-63.6228, -11.0125], [-63.5958, -11.0179], [-63.5813, -11.0307], [-63.5835, -11.0695], [-63.5935, -11.0797], [-63.6027, -11.1421], [-63.588, -11.1823], [-63.5872, -11.2096], [-63.5775, -11.2259], [-63.588, -11.2344], [-63.5902, -11.2406], [-63.5861, -11.2474], [-63.5935, -11.2562], [-63.5889, -11.2605], [-63.5872, -11.281], [-63.5763, -11.2827], [-63.5506, -11.3068], [-63.5376, -11.3095], [-63.5427, -11.3258], [-63.5299, -11.3372], [-63.5215, -11.3584], [-63.5211, -11.3713], [-63.5384, -11.3784], [-63.5387, -11.3879], [-63.5484, -11.3894], [-63.5558, -11.4005], [-63.5493, -11.4137], [-63.5519, -11.4162], [-63.5559, -11.4187], [-63.5641, -11.413], [-63.5813, -11.4161], [-63.5852, -11.412], [-63.5999, -11.4127], [-63.6018, -11.4167], [-63.596, -11.4232], [-63.5977, -11.441], [-63.6047, -11.4541], [-63.6082, -11.482], [-63.6134, -11.4818], [-63.6162, -11.4899], [-63.6059, -11.4919], [-63.5952, -11.5047], [-63.6041, -11.5076], [-63.6125, -11.5202], [-63.6139, -11.5374], [-63.623, -11.5384], [-63.6047, -11.565], [-63.6051, -11.583], [-63.5989, -11.593], [-63.6038, -11.6023], [-63.5755, -11.6087], [-63.5503, -11.5943], [-63.545, -11.598], [-63.5198, -11.5782], [-63.4919, -11.5404], [-63.4782, -11.5378], [-63.4695, -11.5511], [-63.4554, -11.5576], [-63.4237, -11.5552], [-63.4034, -11.5432], [-63.3712, -11.5327], [-63.3361, -11.5329], [-63.2898, -11.5193], [-63.2728, -11.4997], [-63.2333, -11.4858], [-63.2206, -11.489], [-63.1859, -11.4859], [-63.1794, -11.4768], [-63.1795, -11.489], [-63.1693, -11.4831], [-63.155, -11.493], [-63.1375, -11.4948], [-63.132, -11.5075], [-63.1229, -11.5084], [-63.1171, -11.5273], [-63.1197, -11.5462], [-63.1024, -11.5382], [-63.0894, -11.5422], [-63.0699, -11.5286], [-63.0552, -11.537], [-63.0569, -11.5473], [-63.0482, -11.5512], [-63.0473, -11.5609], [-63.0025, -11.5533], [-62.9966, -11.559], [-62.9782, -11.5963], [-62.9687, -11.6057], [-62.9737, -11.6249], [-62.989, -11.637], [-62.9983, -11.6672], [-62.9905, -11.7173], [-62.9909, -11.7495], [-62.969, -11.7505], [-62.954, -11.7657], [-62.9378, -11.7716], [-62.9121, -11.81], [-62.8823, -11.8189], [-62.867, -11.8097], [-62.8599, -11.8176], [-62.8527, -11.8578], [-62.8376, -11.885], [-62.8671, -11.9325], [-62.8726, -11.9344], [-62.8749, -11.9466], [-62.8891, -11.9533], [-62.8977, -11.9409], [-62.9138, -11.949], [-62.9301, -11.9436], [-62.9553, -11.9469], [-62.962, -11.9545], [-62.9896, -11.9618], [-63.016, -11.9765], [-63.0132, -11.9879], [-63.0285, -12.0044], [-63.0349, -12.0086], [-63.0369, -12.0052], [-63.039, -12.0139], [-63.0486, -12.0192], [-63.0479, -12.0266], [-63.0816, -12.0359], [-63.0847, -12.0448], [-63.1021, -12.0533], [-63.099, -12.0684], [-63.1217, -12.0838], [-63.1181, -12.1009], [-63.1273, -12.1117], [-63.1207, -12.1252], [-63.1237, -12.1278], [-63.1166, -12.1352], [-63.1202, -12.1479], [-63.113, -12.1543], [-63.1292, -12.2016], [-63.113, -12.2051], [-63.0321, -12.1955], [-62.9538, -12.2064], [-62.9152, -12.1971], [-62.8936, -12.1994], [-62.886, -12.1952], [-62.8556, -12.1946], [-62.829, -12.203], [-62.8139, -12.2021], [-62.7988, -12.1859], [-62.7785, -12.183], [-62.7672, -12.1749], [-62.7574, -12.1425], [-62.7334, -12.125], [-62.7314, -12.1111], [-62.6419, -12.2371], [-62.6295, -12.2144], [-62.6155, -12.2052], [-62.613, -12.1996], [-62.6207, -12.184], [-62.6039, -12.1587], [-62.6068, -12.1262], [-62.6139, -12.1198], [-62.6061, -12.109], [-62.6108, -12.084], [-62.5874, -12.0695], [-62.5817, -12.0727], [-62.5493, -12.0508], [-62.5432, -12.0342], [-62.523, -12.0248], [-62.5155, -12.0152], [-62.4891, -12.0044], [-62.476, -11.9829], [-62.4543, -11.9677]], [[-63.5977, -11.441], [-63.5922, -11.4453], [-63.5977, -11.441]]]}}, {"type": "Feature", "properties": {"osm_type": "relation", "osm_id": 540662902, "name": "Nova Mamoré", "admin_level": "6", "kind": "subdivision_2", "parent_osm_id": 325866, "parent_name": "Rondônia", "parent_iso": "BR-RO"}, "geometry": {"type": "Polygon", "coordinates": [[[-63.7069, -10.8396], [-63.7184, -10.8314], [-63.7427, -10.8254], [-63.7503, -10.8145], [-63.7667, -10.8173], [-63.786, -10.7971], [-63.8003, -10.7943], [-63.8119, -10.8014], [-63.8342, -10.7911], [-63.8397, -10.7812], [-63.852, -10.7835], [-63.8597, -10.7694], [-63.8633, -10.7729], [-63.8771, -10.7685], [-63.8857, -10.7538], [-63.8989, -10.7506], [-63.8968, -10.7282], [-63.9037, -10.713], [-63.9031, -10.6986], [-63.9063, -10.6906], [-63.9129, -10.6888], [-63.917, -10.6758], [-63.9301, -10.666], [-63.9329, -10.6591], [-63.9275, -10.6477], [-63.935, -10.633], [-63.9742, -10.6202], [-63.9791, -10.6207], [-63.9847, -10.6338], [-63.9904, -10.6071], [-64.0041, -10.6019], [-64.0161, -10.5851], [-64.0147, -10.5646], [-64.0077, -10.5577], [-64.0089, -10.545], [-63.9978, -10.5468], [-63.9871, -10.5394], [-63.9834, -10.525], [-63.9692, -10.5218], [-63.9893, -10.5107], [-63.9926, -10.4998], [-64.0078, -10.4906], [-64.0085, -10.4745], [-64.0271, -10.4645], [-64.0456, -10.4696], [-64.0564, -10.4663], [-64.0629, -10.473], [-64.0932, -10.4622], [-64.1007, -10.448], [-64.1078, -10.4499], [-64.1214, -10.4389], [-64.126, -10.4379], [-64.1262, -10.4445], [-64.1386, -10.4406], [-64.1365, -10.4344], [-64.1441, -10.433], [-64.1545, -10.4203], [-64.1555, -10.4118], [-64.1853, -10.4016], [-64.1839, -10.393], [-64.1949, -10.3734], [-64.2056, -10.3609], [-64.2181, -10.3553], [-64.225, -10.3176], [-64.2199, -10.3072], [-64.2057, -10.3014], [-64.1911, -10.2711], [-64.1971, -10.2456], [-64.2035, -10.2405], [-64.2022, -10.2181], [-64.2126, -10.2182], [-64.2113, -10.1972], [-64.2078, -10.1964], [-64.2256, -10.1823], [-64.2352, -10.1667], [-64.2284, -10.1499], [-64.2325, -10.1424], [-64.2299, -10.1322], [-64.2419, -10.1187], [-64.2426, -10.1045], [-64.2323, -10.0797], [-64.2442, -10.0686], [-64.2436, -10.0492], [-64.2568, -10.0362], [-64.2608, -10.0144], [-64.2575, -10.013], [-64.2647, -10.0004], [-65.1667, -10.0002], [-65.1725, -9.9859], [-65.1823, -9.9798], [-65.1852, -9.9695], [-65.1944, -9.9621], [-65.2122, -9.962], [-65.2288, -9.9688], [-65.2501, -9.9612], [-65.2759, -9.9634], [-65.3171, -9.9369], [-65.3329, -9.9436], [-65.3331, -9.9646], [-65.3222, -9.9776], [-65.3203, -10.0017], [-65.3296, -10.0526], [-65.3198, -10.0795], [-65.3006, -10.1009], [-65.3003, -10.1394], [-65.3068, -10.1664], [-65.2896, -10.2096], [-65.2893, -10.2209], [-65.2945, -10.2383], [-65.3109, -10.2582], [-65.324, -10.3005], [-65.3749, -10.3513], [-65.3918, -10.3756], [-65.3803, -10.4009], [-65.3801, -10.4296], [-65.3543, -10.4332], [-65.3391, -10.4481], [-65.3348, -10.4722], [-65.3376, -10.4789], [-65.3223, -10.4814], [-65.3084, -10.5029], [-65.2987, -10.5077], [-65.3084, -10.526], [-65.305, -10.5346], [-65.281, -10.5521], [-65.2624, -10.5576], [-65.2589, -10.5532], [-65.2436, -10.5548], [-65.2345, -10.5473], [-65.2307, -10.5568], [-65.2184, -10.5539], [-65.2051, -10.5629], [-65.184, -10.5399], [-65.1384, -10.5396], [-65.1166, -10.5282], [-65.0859, -10.5257], [-65.0736, -10.53], [-65.0461, -10.5223], [-65.0046, -10.5224], [-64.9741, -10.5127], [-64.9397, -10.519], [-64.9246, -10.5404], [-64.9005, -10.5424], [-64.8423, -10.5081], [-64.8321, -10.4975], [-64.8258, -10.501], [-64.8249, -10.5092], [-64.8114, -10.5108], [-64.8041, -10.4928], [-64.7901, -10.4779], [-64.7744, -10.4781], [-64.7456, -10.4556], [-64.6601, -10.7658], [-64.64, -10.7877], [-64.6225, -10.7922], [-64.6161, -10.7992], [-64.6, -10.8011], [-64.5942, -10.8091], [-64.5662, -10.808], [-64.543, -10.7925], [-64.531, -10.8029], [-64.5261, -10.8152], [-64.5095, -10.8151], [-64.4943, -10.8306], [-64.4622, -10.8283], [-64.4474, -10.8355], [-64.4319, -10.827], [-64.4108, -10.8236], [-64.4093, -10.7928], [-64.3948, -10.7899], [-64.3809, -10.769], [-64.3646, -10.7746], [-64.3449, -10.7587], [-64.3265, -10.7589], [-64.3185, -10.7545], [-64.2918, -10.7607], [-64.2726, -10.7555], [-64.2628, -10.761], [-64.2517, -10.7531], [-64.2353, -10.7536], [-64.2329, -10.7635], [-64.218, -10.7622], [-64.2038, -10.7774], [-64.2047, -10.7853], [-64.197, -10.7983], [-64.1911, -10.7986], [-64.161, -10.8346], [-64.155, -10.8316], [-64.1386, -10.8584], [-64.1311, -10.8614], [-64.125, -10.8575], [-64.113, -10.8666], [-64.094, -10.8597], [-64.0488, -10.8714], [-64.0201, -10.8658], [-64.0134, -10.8606], [-64.0088, -10.8386], [-64.0035, -10.8366], [-63.9821, -10.8371], [-63.977, -10.8477], [-63.9702, -10.8496], [-63.9713, -10.8613], [-63.9661, -10.8687], [-63.9497, -10.8629], [-63.9308, -10.8731], [-63.7069, -10.8396]]]}}, {"type": "Feature", "properties": {"osm_type": "relation", "osm_id": 341712448, "name": "Alvorada D'Oeste", "admin_level": "6", "kind": "subdivision_2", "parent_osm_id": 325866, "parent_name": "Rondônia", "parent_iso": "BR-RO"}, "geometry": {"type": "Polygon", "coordinates": [[[-62.0948, -11.295], [-62.1006, -11.2831], [-62.1103, -11.2832], [-62.1197, -11.2939], [-62.1369, -11.2976], [-62.1432, -11.2821], [-62.1504, -11.2792], [-62.1827, -11.2831], [-62.1818, -11.2595], [-62.1732, -11.2597], [-62.1646, -11.2386], [-62.152, -11.2328], [-62.1396, -11.2077], [-62.1219, -11.198], [-62.1176, -11.1905], [-62.1302, -11.185], [-62.1336, -11.1711], [-62.1498, -11.1514], [-62.146, -11.115], [-62.1664, -11.0962], [-62.1536, -11.0722], [-62.1599, -11.0681], [-62.1753, -11.0756], [-62.1721, -11.0673], [-62.1751, -11.0659], [-62.1856, -11.0707], [-62.1883, -11.0535], [-62.2036, -11.0727], [-62.2176, -11.0765], [-62.2152, -11.109], [-62.2253, -11.1037], [-62.2371, -11.1064], [-62.2455, -11.1276], [-62.2582, -11.1339], [-62.2529, -11.1408], [-62.2647, -11.1714], [-62.4453, -11.1766], [-62.5841, -11.2248], [-62.6975, -11.1281], [-62.7107, -11.135], [-62.71, -11.1408], [-62.7224, -11.1413], [-62.7243, -11.1507], [-62.7287, -11.148], [-62.734, -11.1566], [-62.7292, -11.1581], [-62.7286, -11.1656], [-62.7364, -11.1691], [-62.7293, -11.1783], [-62.7365, -11.1784], [-62.7365, -11.1833], [-62.7461, -11.1776], [-62.7537, -11.183], [-62.754, -11.1792], [-62.7606, -11.1814], [-62.7683, -11.1959], [-62.7735, -11.1913], [-62.7965, -11.1966], [-62.797, -11.1928], [-62.8135, -11.1873], [-62.8258, -11.1956], [-62.8246, -11.1994], [-62.834, -11.2019], [-62.8404, -11.1975], [-62.8547, -11.1978], [-62.855, -11.1921], [-62.87, -11.2025], [-62.8823, -11.2019], [-62.889, -11.2115], [-62.9019, -11.2096], [-62.9099, -11.2029], [-62.9333, -11.2072], [-62.9693, -11.2003], [-62.9961, -11.2022], [-63.0175, -11.1841], [-63.0374, -11.1889], [-63.0586, -11.1802], [-63.1134, -11.1938], [-63.1165, -11.1715], [-63.113, -11.168], [-63.1292, -11.1454], [-63.1426, -11.1104], [-63.1518, -11.1013], [-63.1537, -11.0887], [-63.1744, -11.08], [-63.184, -11.0837], [-63.1964, -11.0813], [-63.19, -11.0916], [-63.195, -11.1029], [-63.1723, -11.1161], [-63.1493, -11.1146], [-63.1402, -11.1279], [-63.1499, -11.1613], [-63.1496, -11.1753], [-63.1397, -11.1869], [-63.1411, -11.1963], [-63.1213, -11.2063], [-63.1115, -11.2179], [-63.1115, -11.2395], [-63.1179, -11.2581], [-63.1029, -11.281], [-63.0959, -11.3124], [-63.1019, -11.3306], [-63.0895, -11.3556], [-63.0453, -11.3379], [-63.03, -11.3362], [-63.0081, -11.3452], [-63.0022, -11.3398], [-62.992, -11.3464], [-62.972, -11.3456], [-62.9598, -11.3572], [-62.9518, -11.3579], [-62.94, -11.355], [-62.894, -11.316], [-62.8707, -11.3095], [-62.8635, -11.3128], [-62.8379, -11.3032], [-62.8307, -11.312], [-62.8293, -11.3293], [-62.8245, -11.3348], [-62.8025, -11.3372], [-62.7987, -11.3551], [-62.7859, -11.3649], [-62.7757, -11.3864], [-62.7326, -11.3943], [-62.7281, -11.4117], [-62.7551, -11.441], [-62.7529, -11.4443], [-62.7191, -11.4488], [-62.6945, -11.4328], [-62.6794, -11.432], [-62.6691, -11.4339], [-62.6507, -11.449], [-62.6402, -11.4435], [-62.6052, -11.4803], [-62.5855, -11.4912], [-62.5772, -11.4787], [-62.5553, -11.4686], [-62.5428, -11.4779], [-62.527, -11.477], [-62.5183, -11.4932], [-62.5087, -11.5003], [-62.5057, -11.5196], [-62.4898, -11.5356], [-62.4865, -11.5463], [-62.487, -11.551], [-62.4911, -11.5506], [-62.4899, -11.558], [-62.4629, -11.5886], [-62.4637, -11.6021], [-62.4428, -11.6042], [-62.4384, -11.6107], [-62.4258, -11.5976], [-62.4209, -11.5742], [-62.4109, -11.5662], [-62.381, -11.5609], [-62.3698, -11.538], [-62.351, -11.529], [-62.3401, -11.5064], [-62.3217, -11.4972], [-62.3113, -11.4857], [-62.3062, -11.4685], [-62.2969, -11.4634], [-62.2832, -11.4416], [-62.2776, -11.443], [-62.2591, -11.4306], [-62.2394, -11.4296], [-62.2173, -11.435], [-62.198, -11.4246], [-62.1797, -11.4311], [-62.1735, -11.4193], [-62.1573, -11.4078], [-62.1536, -11.3976], [-62.1407, -11.3926], [-62.1389, -11.3836], [-62.1295, -11.3817], [-62.1273, -11.3727], [-62.1208, -11.3695], [-62.114, -11.3358], [-62.1072, -11.3267], [-62.105, -11.3041], [-62.1021, -11.2982], [-62.0946, -11.2989], [-62.0948, -11.295]]]}}, {"type": "Feature", "properties": {"osm_type": "relation", "osm_id": 982629644, "name": "Alto Alegre dos Parecis", "admin_level": "6", "kind": "subdivision_2", "parent_osm_id": 325866, "parent_name": "Rondônia", "parent_iso": "BR-RO"}, "geometry": {"type": "Polygon", "coordinates": [[[-62.4182, -13.1178], [-62.414, -13.1283], [-62.3961, -13.1144], [-62.3974, -13.1301], [-62.392, -13.1347], [-62.3825, -13.1308], [-62.3725, -13.1407], [-62.352, -13.1433], [-62.3455, -13.1371], [-62.3374, -13.1405], [-62.341, -13.1499], [-62.3305, -13.1399], [-62.3214, -13.1521], [-62.3167, -13.1344], [-62.3051, -13.1404], [-62.2994, -13.1505], [-62.2874, -13.1405], [-62.2785, -13.1554], [-62.2716, -13.1552], [-62.2766, -13.1462], [-62.2646, -13.1532], [-62.2616, -13.1507], [-62.2651, -13.1469], [-62.2459, -13.1451], [-62.2434, -13.1173], [-62.2295, -13.1216], [-62.2148, -13.1113], [-62.201, -13.1245], [-62.2002, -13.1505], [-62.1909, -13.1538], [-62.1782, -13.143], [-62.1837, -13.1278], [-62.1814, -13.1177], [-62.1704, -13.1139], [-62.1663, -13.1202], [-62.1695, -13.1342], [-62.1518, -13.1501], [-62.1486, -13.1634], [-62.1348, -13.1494], [-62.1242, -13.1498], [-62.1068, -13.1812], [-62.0858, -13.1589], [-62.0588, -13.1507], [-62.0512, -13.1371], [-62.0382, -13.1397], [-62.0152, -13.0998], [-62.0116, -13.0822], [-61.9702, -13.0109], [-61.9563, -12.9945], [-61.9302, -12.9838], [-61.916, -12.9698], [-61.9152, -12.9417], [-61.8997, -12.9297], [-61.9016, -12.9181], [-61.8939, -12.9081], [-61.8955, -12.877], [-61.8814, -12.8594], [-61.8651, -12.8568], [-61.8531, -12.8608], [-61.8321, -12.8512], [-61.8149, -12.8274], [-61.7634, -12.8086], [-61.755, -12.7963], [-61.719, -12.775], [-61.7132, -12.7665], [-61.6802, -12.7444], [-61.6328, -12.7281], [-61.6037, -12.7055], [-61.5631, -12.6937], [-61.5384, -12.6624], [-61.5415, -12.6489], [-61.5263, -12.6169], [-61.5328, -12.5953], [-61.5246, -12.5776], [-61.5335, -12.5688], [-61.5277, -12.5375], [-61.5341, -12.5172], [-61.5508, -12.5037], [-61.5537, -12.4805], [-61.5659, -12.4677], [-61.5716, -12.4732], [-61.5884, -12.472], [-61.6047, -12.4668], [-61.607, -12.4609], [-61.6258, -12.4647], [-61.6314, -12.4616], [-61.6394, -12.4484], [-61.6641, -12.4385], [-61.6869, -12.4193], [-61.6909, -12.3993], [-61.7169, -12.3811], [-61.7179, -12.3696], [-61.7262, -12.3599], [-61.7243, -12.347], [-61.7297, -12.3391], [-61.7259, -12.3316], [-61.7533, -12.2749], [-61.7405, -12.2517], [-61.7475, -12.1991], [-61.7737, -12.1585], [-61.7743, -12.1505], [-61.7969, -12.1261], [-61.804, -12.0985], [-61.8141, -12.0964], [-61.8167, -12.0865], [-61.8358, -12.0703], [-61.8324, -12.0213], [-61.8489, -11.9992], [-61.8442, -11.9869], [-61.8611, -11.9769], [-61.8686, -11.9835], [-61.8737, -11.9824], [-61.8891, -11.9652], [-61.9001, -11.9655], [-61.9143, -11.9756], [-61.933, -11.976], [-61.9295, -12.0876], [-61.9684, -12.0886], [-61.9684, -12.1335], [-62.008, -12.1338], [-62.0078, -12.2691], [-62.0006, -12.2702], [-62.0006, -12.7921], [-62.0193, -12.8208], [-62.0252, -12.8492], [-62.0237, -12.8712], [-62.0323, -12.8988], [-62.0396, -12.9072], [-62.0703, -12.9071], [-62.0913, -12.9146], [-62.0917, -12.9228], [-62.0985, -12.928], [-62.1039, -12.9475], [-62.1102, -12.9541], [-62.1241, -12.9654], [-62.1309, -12.9628], [-62.1584, -12.9796], [-62.1665, -13.0042], [-62.1764, -13.0178], [-62.1938, -13.0285], [-62.2116, -13.0309], [-62.2254, -13.0439], [-62.2407, -13.0475], [-62.2493, -13.0605], [-62.2455, -13.066], [-62.255, -13.0803], [-62.2818, -13.0877], [-62.2925, -13.0847], [-62.2954, -13.0788], [-62.2989, -13.0956], [-62.3091, -13.0965], [-62.3106, -13.1062], [-62.317, -13.1095], [-62.3206, -13.0799], [-62.3261, -13.0766], [-62.3364, -13.0796], [-62.3457, -13.0575], [-62.3536, -13.0582], [-62.3566, -13.0835], [-62.3631, -13.0854], [-62.3637, -13.0781], [-62.3686, -13.0807], [-62.3694, -13.0895], [-62.3833, -13.1041], [-62.4105, -13.1073], [-62.4182, -13.1178]]]}}, {"type": "Feature", "properties": {"osm_type": "relation", "osm_id": 614470042, "name": "Alto Paraíso", "admin_level": "6", "kind": "subdivision_2", "parent_osm_id": 325866, "parent_name": "Rondônia", "parent_iso": "BR-RO"}, "geometry": {"type": "Polygon", "coordinates": [[[-63.1009, -9.7526], [-63.112, -9.7512], [-63.1136, -9.7302], [-63.1198, -9.7214], [-63.1092, -9.7035], [-63.0987, -9.6682], [-63.0774, -9.6541], [-63.0716, -9.6148], [-63.078, -9.508], [-63.1021, -9.4781], [-63.101, -9.4527], [-63.3254, -9.4331], [-63.3268, -9.428], [-63.7503, -9.396], [-63.7477, -9.3994], [-63.7535, -9.4092], [-63.747, -9.4076], [-63.7344, -9.417], [-63.745, -9.4236], [-63.7358, -9.4322], [-63.7364, -9.4443], [-63.7329, -9.4477], [-63.7231, -9.4432], [-63.7137, -9.4477], [-63.7101, -9.4565], [-63.7043, -9.4536], [-63.7069, -9.4435], [-63.7009, -9.4336], [-63.6912, -9.437], [-63.6865, -9.4197], [-63.6773, -9.4146], [-63.6787, -9.4215], [-63.666, -9.4295], [-63.674, -9.4383], [-63.6648, -9.4416], [-63.6463, -9.4317], [-63.6407, -9.4354], [-63.6428, -9.4215], [-63.6308, -9.4355], [-63.6206, -9.4372], [-63.6234, -9.4243], [-63.6126, -9.4185], [-63.6072, -9.4239], [-63.5967, -9.4247], [-63.5956, -9.415], [-63.5823, -9.4117], [-63.5752, -9.4279], [-63.5824, -9.439], [-63.5807, -9.4444], [-63.5642, -9.4326], [-63.555, -9.4381], [-63.5554, -9.4432], [-63.5663, -9.4455], [-63.5546, -9.466], [-63.5593, -9.4735], [-63.5545, -9.4742], [-63.5551, -9.4894], [-63.5654, -9.4898], [-63.5682, -9.495], [-63.5485, -9.5074], [-63.5617, -9.5172], [-63.5628, -9.5288], [-63.5503, -9.5345], [-63.5483, -9.5403], [-63.5486, -9.5512], [-63.5573, -9.5543], [-63.5595, -9.5453], [-63.5609, -9.5598], [-63.5723, -9.5783], [-63.5884, -9.5826], [-63.5918, -9.5958], [-63.6063, -9.604], [-63.6141, -9.6167], [-63.6135, -9.6238], [-63.625, -9.6256], [-63.6172, -9.6384], [-63.6254, -9.6383], [-63.6253, -9.6461], [-63.6187, -9.6514], [-63.6311, -9.6682], [-63.6416, -9.6708], [-63.6402, -9.6886], [-63.6538, -9.7038], [-63.6555, -9.7168], [-63.6626, -9.7177], [-63.6625, -9.7329], [-63.6722, -9.7472], [-63.6632, -9.7591], [-63.6805, -9.7672], [-63.6795, -9.7817], [-63.6714, -9.7835], [-63.6758, -9.7934], [-63.6892, -9.8029], [-63.6798, -9.8117], [-63.6903, -9.8437], [-63.6867, -9.852], [-63.7015, -9.859], [-63.6938, -9.881], [-63.7083, -9.8846], [-63.717, -9.9182], [-63.7226, -9.9222], [-63.7191, -9.9316], [-63.7275, -9.9312], [-63.7309, -9.9406], [-63.7274, -9.9472], [-63.7334, -9.9599], [-63.7595, -9.9807], [-63.7638, -9.9868], [-63.76, -9.9929], [-63.7657, -10.0003], [-63.5974, -9.9997], [-63.6079, -9.9784], [-63.606, -9.9729], [-63.618, -9.9587], [-63.6169, -9.9289], [-63.6024, -9.9155], [-63.5792, -9.8773], [-63.5889, -9.852], [-63.581, -9.8276], [-63.5805, -9.7915], [-63.5735, -9.7843], [-63.5716, -9.76], [-63.5649, -9.7517], [-63.5656, -9.7322], [-63.5723, -9.7171], [-63.4995, -9.7151], [-63.4991, -9.8333], [-63.2918, -9.8322], [-63.2864, -9.8133], [-63.294, -9.7888], [-63.09, -9.7818], [-63.1009, -9.7526]]]}}, {"type": "Feature", "properties": {"osm_type": "relation", "osm_id": 821424894, "name": "Buritis", "admin_level": "6", "kind": "subdivision_2", "parent_osm_id": 325866, "parent_name": "Rondônia", "parent_iso": "BR-RO"}, "geometry": {"type": "Polygon", "coordinates": [[[-64.3402, -10.0003], [-64.2616, -10.0033], [-64.2568, -10.0362], [-64.2455, -10.0451], [-64.2442, -10.0686], [-64.2323, -10.0797], [-64.2426, -10.1045], [-64.2419, -10.1187], [-64.2299, -10.1322], [-64.2325, -10.1424], [-64.2284, -10.1499], [-64.2352, -10.1667], [-64.2256, -10.1823], [-64.2078, -10.1964], [-64.192, -10.2035], [-64.1657, -10.2041], [-64.1569, -10.2079], [-64.1538, -10.215], [-64.1365, -10.2096], [-64.1111, -10.2428], [-64.0953, -10.2428], [-64.0918, -10.2512], [-64.0617, -10.2508], [-64.028, -10.1544], [-64.0062, -10.1687], [-64.0068, -10.1825], [-64.0013, -10.1944], [-63.9851, -10.2045], [-63.964, -10.2333], [-63.9535, -10.2328], [-63.9447, -10.2468], [-63.9353, -10.2522], [-63.93, -10.2782], [-63.8946, -10.2978], [-63.901, -10.3123], [-63.8953, -10.3423], [-63.9004, -10.3613], [-63.8528, -10.3568], [-63.8449, -10.3618], [-63.8235, -10.3518], [-63.8115, -10.3293], [-63.7967, -10.3245], [-63.7802, -10.3304], [-63.7631, -10.3261], [-63.7613, -10.2959], [-63.7307, -10.2829], [-63.7327, -10.2647], [-63.7287, -10.2464], [-63.717, -10.2497], [-63.7036, -10.2454], [-63.6981, -10.2491], [-63.525, -10.2492], [-63.5385, -10.2381], [-63.5501, -10.245], [-63.5617, -10.2439], [-63.5744, -10.2177], [-63.5871, -10.2123], [-63.5902, -10.2058], [-63.5826, -10.1955], [-63.5846, -10.1577], [-63.5817, -10.126], [-63.5765, -10.1161], [-63.5874, -10.0992], [-63.5851, -10.0736], [-63.5894, -10.0577], [-63.5833, -10.03], [-63.5974, -9.9997], [-63.7657, -10.0003], [-63.76, -9.9929], [-63.7638, -9.9868], [-63.7595, -9.9807], [-63.7334, -9.9599], [-63.7274, -9.9472], [-63.7309, -9.9406], [-63.7275, -9.9312], [-63.7191, -9.9316], [-63.7226, -9.9222], [-63.717, -9.9182], [-63.7083, -9.8846], [-63.6938, -9.881], [-63.7015, -9.859], [-63.6867, -9.852], [-63.6903, -9.8437], [-63.6854, -9.8335], [-64.0855, -9.8335], [-64.1361, -9.8323], [-64.1602, -9.8228], [-64.1861, -9.8415], [-64.2032, -9.8343], [-64.219, -9.8387], [-64.2255, -9.8476], [-64.2566, -9.8331], [-64.2739, -9.8419], [-64.2964, -9.8173], [-64.3051, -9.8188], [-64.3107, -9.8137], [-64.299, -9.844], [-64.3122, -9.8512], [-64.3232, -9.8687], [-64.32, -9.8769], [-64.3268, -9.885], [-64.3196, -9.8966], [-64.3225, -9.9208], [-64.3321, -9.9342], [-64.3353, -9.9546], [-64.3415, -9.9569], [-64.3466, -9.9688], [-64.3472, -9.9829], [-64.3402, -10.0003]]]}}, {"type": "Feature", "properties": {"osm_type": "relation", "osm_id": 122204941, "name": "Novo Horizonte do Oeste", "admin_level": "6", "kind": "subdivision_2", "parent_osm_id": 325866, "parent_name": "Rondônia", "parent_iso": "BR-RO"}, "geometry": {"type": "Polygon", "coordinates": [[[-62.0495, -11.8673], [-62.0376, -11.8499], [-62.0376, -11.8259], [-62.0265, -11.8196], [-62.0178, -11.7959], [-61.9948, -11.77], [-61.9886, -11.752], [-61.9605, -11.7378], [-61.959, -11.7335], [-61.9728, -11.7286], [-61.9771, -11.7209], [-61.9796, -11.711], [-61.9729, -11.6888], [-61.9806, -11.6747], [-61.9575, -11.6554], [-61.9646, -11.6425], [-61.9613, -11.6309], [-61.9402, -11.6262], [-61.937, -11.6173], [-61.9267, -11.6143], [-61.9167, -11.6012], [-61.9115, -11.5882], [-62.0013, -11.5853], [-62.0004, -11.5002], [-62.085, -11.5], [-62.1081, -11.5102], [-62.1214, -11.5265], [-62.1404, -11.5228], [-62.1714, -11.5443], [-62.1643, -11.5664], [-62.1731, -11.5749], [-62.1759, -11.586], [-62.1715, -11.6134], [-62.1842, -11.6258], [-62.1906, -11.6518], [-62.2036, -11.6661], [-62.1936, -11.6845], [-62.2129, -11.7126], [-62.2098, -11.7249], [-62.2027, -11.7313], [-62.204, -11.7445], [-62.1991, -11.7466], [-62.1936, -11.7611], [-62.1899, -11.7757], [-62.196, -11.7899], [-62.1885, -11.8021], [-62.1881, -11.8123], [-62.2067, -11.8319], [-62.1894, -11.8279], [-62.178, -11.8418], [-62.1736, -11.8532], [-62.1823, -11.8664], [-62.1576, -11.8708], [-62.1407, -11.8526], [-62.1267, -11.8448], [-62.1025, -11.8453], [-62.0927, -11.8396], [-62.084, -11.8765], [-62.0717, -11.8766], [-62.0575, -11.8668], [-62.0495, -11.8673]]]}}, {"type": "Feature", "properties": {"osm_type": "relation", "osm_id": 131515283, "name": "Cacaulândia", "admin_level": "6", "kind": "subdivision_2", "parent_osm_id": 325866, "parent_name": "Rondônia", "parent_iso": "BR-RO"}, "geometry": {"type": "Polygon", "coordinates": [[[-63.2103, -10.1684], [-63.2154, -10.1866], [-63.2083, -10.1953], [-63.2238, -10.1969], [-63.2188, -10.2132], [-63.2286, -10.219], [-63.2337, -10.2329], [-63.2307, -10.2523], [-63.2384, -10.2674], [-63.2311, -10.2758], [-63.2318, -10.2839], [-63.2445, -10.2888], [-63.2378, -10.3007], [-63.239, -10.3233], [-63.2434, -10.3362], [-63.2577, -10.335], [-63.2598, -10.3459], [-63.2599, -10.373], [-63.2511, -10.3747], [-63.2589, -10.3955], [-63.2551, -10.4012], [-63.2445, -10.4032], [-63.2523, -10.4219], [-63.2315, -10.4423], [-63.234, -10.449], [-63.2414, -10.4518], [-63.2401, -10.4633], [-63.2335, -10.4667], [-63.2353, -10.4829], [-63.2251, -10.4906], [-62.7882, -10.4929], [-62.6703, -10.288], [-62.699, -10.2665], [-62.7046, -10.2676], [-62.7042, -10.2638], [-62.7275, -10.2463], [-62.7394, -10.2481], [-62.7476, -10.2338], [-62.7679, -10.2213], [-62.7748, -10.2099], [-62.8295, -10.1755], [-62.8325, -10.1674], [-63.2103, -10.1684]]]}}, {"type": "Feature", "properties": {"osm_type": "relation", "osm_id": 318844411, "name": "Campo Novo de Rondônia", "admin_level": "6", "kind": "subdivision_2", "parent_osm_id": 325866, "parent_name": "Rondônia", "parent_iso": "BR-RO"}, "geometry": {"type": "Polygon", "coordinates": [[[-63.5767, -10.8318], [-63.5772, -10.8196], [-63.5673, -10.801], [-63.5736, -10.7978], [-63.5846, -10.773], [-63.5796, -10.7325], [-63.57, -10.7382], [-63.5523, -10.7262], [-63.5564, -10.7092], [-63.5501, -10.6996], [-63.5578, -10.6827], [-63.5548, -10.6745], [-63.5618, -10.661], [-63.5609, -10.6416], [-63.5458, -10.6296], [-63.5483, -10.6137], [-63.5368, -10.6095], [-63.5382, -10.6021], [-63.53, -10.5938], [-63.5456, -10.5836], [-63.5581, -10.5548], [-63.5478, -10.5443], [-63.5568, -10.5334], [-63.5328, -10.5275], [-63.5406, -10.5058], [-63.5294, -10.4922], [-63.5334, -10.4662], [-63.5165, -10.4603], [-63.5066, -10.4662], [-63.5016, -10.4637], [-63.4947, -10.4746], [-63.4891, -10.4697], [-63.487, -10.4585], [-63.4973, -10.4446], [-63.5046, -10.4466], [-63.5134, -10.4349], [-63.5133, -10.4308], [-63.4973, -10.4302], [-63.4942, -10.4149], [-63.4862, -10.4082], [-63.4911, -10.4022], [-63.4745, -10.4042], [-63.4591, -10.3976], [-63.454, -10.4044], [-63.4428, -10.3999], [-63.4457, -10.376], [-63.4626, -10.3734], [-63.4728, -10.3516], [-63.4715, -10.3402], [-63.4771, -10.3374], [-63.4718, -10.3222], [-63.4633, -10.3214], [-63.4609, -10.3079], [-63.4719, -10.2893], [-63.4691, -10.274], [-63.4729, -10.268], [-63.4867, -10.2694], [-63.525, -10.2492], [-63.6981, -10.2491], [-63.7036, -10.2454], [-63.717, -10.2497], [-63.7287, -10.2464], [-63.7327, -10.2647], [-63.7307, -10.2829], [-63.7613, -10.2959], [-63.7631, -10.3261], [-63.7802, -10.3304], [-63.7967, -10.3245], [-63.8115, -10.3293], [-63.8235, -10.3518], [-63.8449, -10.3618], [-63.8528, -10.3568], [-63.9004, -10.3613], [-63.8953, -10.3423], [-63.901, -10.3123], [-63.8946, -10.2978], [-63.93, -10.2782], [-63.9353, -10.2522], [-63.9447, -10.2468], [-63.9535, -10.2328], [-63.964, -10.2333], [-63.9851, -10.2045], [-64.0013, -10.1944], [-64.0068, -10.1825], [-64.0035, -10.1735], [-64.0203, -10.1574], [-64.028, -10.1544], [-64.0617, -10.2508], [-64.0918, -10.2512], [-64.0953, -10.2428], [-64.1111, -10.2428], [-64.1365, -10.2096], [-64.1538, -10.215], [-64.1569, -10.2079], [-64.1657, -10.2041], [-64.192, -10.2035], [-64.1992, -10.1978], [-64.2113, -10.1972], [-64.2126, -10.2182], [-64.2022, -10.2181], [-64.2035, -10.2405], [-64.1971, -10.2456], [-64.1911, -10.2711], [-64.2057, -10.3014], [-64.2199, -10.3072], [-64.225, -10.3176], [-64.2181, -10.3553], [-64.2056, -10.3609], [-64.1949, -10.3734], [-64.1839, -10.393], [-64.1853, -10.4016], [-64.1555, -10.4118], [-64.1545, -10.4203], [-64.1441, -10.433], [-64.1365, -10.4344], [-64.1386, -10.4406], [-64.1262, -10.4445], [-64.126, -10.4379], [-64.1214, -10.4389], [-64.1078, -10.4499], [-64.1007, -10.448], [-64.0932, -10.4622], [-64.0629, -10.473], [-64.0564, -10.4663], [-64.0456, -10.4696], [-64.0271, -10.4645], [-64.0085, -10.4745], [-64.0078, -10.4906], [-63.9926, -10.4998], [-63.9893, -10.5107], [-63.9692, -10.5218], [-63.9834, -10.525], [-63.9871, -10.5394], [-63.9978, -10.5468], [-64.0089, -10.545], [-64.0077, -10.5577], [-64.0147, -10.5646], [-64.0161, -10.5851], [-64.0041, -10.6019], [-63.9904, -10.6071], [-63.9847, -10.6338], [-63.9791, -10.6207], [-63.9742, -10.6202], [-63.935, -10.633], [-63.9275, -10.6477], [-63.9329, -10.6591], [-63.9301, -10.666], [-63.917, -10.6758], [-63.9129, -10.6888], [-63.9063, -10.6906], [-63.9031, -10.6986], [-63.9037, -10.713], [-63.8968, -10.7282], [-63.8989, -10.7506], [-63.8857, -10.7538], [-63.8771, -10.7685], [-63.8633, -10.7729], [-63.8597, -10.7694], [-63.852, -10.7835], [-63.8397, -10.7812], [-63.8342, -10.7911], [-63.8119, -10.8014], [-63.8003, -10.7943], [-63.786, -10.7971], [-63.7667, -10.8173], [-63.7503, -10.8145], [-63.7427, -10.8254], [-63.7184, -10.8314], [-63.7069, -10.8396], [-63.685, -10.833], [-63.6237, -10.8415], [-63.6132, -10.8288], [-63.5973, -10.8242], [-63.5767, -10.8318]]]}}, {"type": "Feature", "properties": {"osm_type": "relation", "osm_id": 766445282, "name": "Candeias do Jamari", "admin_level": "6", "kind": "subdivision_2", "parent_osm_id": 325866, "parent_name": "Rondônia", "parent_iso": "BR-RO"}, "geometry": {"type": "MultiPolygon", "coordinates": [[[[-62.8353, -8.9076], [-62.8295, -8.9121], [-62.8353, -8.9076]]], [[[-63.6966, -8.7057], [-63.6964, -8.6991], [-63.6966, -8.7057]]], [[[-63.6966, -8.7057], [-63.7115, -8.717], [-63.6962, -8.716], [-63.6874, -8.7327], [-63.7013, -8.7395], [-63.7072, -8.737], [-63.708, -8.7677], [-63.7133, -8.7724], [-63.7168, -8.7583], [-63.7241, -8.7665], [-63.7199, -8.7763], [-63.7045, -8.7773], [-63.7063, -8.7907], [-63.7181, -8.7903], [-63.7209, -8.7968], [-63.6997, -8.8048], [-63.7033, -8.815], [-63.7107, -8.8232], [-63.7193, -8.8216], [-63.7282, -8.8283], [-63.7282, -8.835], [-63.743, -8.8231], [-63.7483, -8.838], [-63.7483, -8.8429], [-63.7431, -8.8445], [-63.7384, -8.8391], [-63.7291, -8.8437], [-63.7495, -8.8521], [-63.74, -8.8596], [-63.7477, -8.8639], [-63.7506, -8.873], [-63.7403, -8.8792], [-63.7397, -8.8745], [-63.7229, -8.8873], [-63.7386, -8.8915], [-63.744, -8.8879], [-63.745, -8.8926], [-63.7362, -8.9013], [-63.7431, -8.9118], [-63.7394, -8.9195], [-63.7238, -8.9229], [-63.7446, -8.9258], [-63.741, -8.9341], [-63.7545, -8.9363], [-63.7521, -8.9398], [-63.7467, -8.9369], [-63.7408, -8.9533], [-63.7363, -8.9568], [-63.7313, -8.953], [-63.7301, -8.9567], [-63.7353, -8.9629], [-63.7417, -8.9569], [-63.7491, -8.9581], [-63.7437, -8.9679], [-63.7515, -8.9698], [-63.7564, -8.9825], [-63.7605, -8.9828], [-63.7625, -8.9727], [-63.7675, -8.9709], [-63.7635, -8.9864], [-63.7753, -8.9963], [-63.7821, -8.9962], [-63.7806, -9.0021], [-63.769, -9.004], [-63.7719, -9.0158], [-63.7802, -9.0098], [-63.7867, -9.0118], [-63.7837, -9.0202], [-63.7896, -9.0213], [-63.792, -9.0299], [-63.7852, -9.0347], [-63.7849, -9.0413], [-63.7954, -9.0454], [-63.7939, -9.0559], [-63.7761, -9.0634], [-63.7755, -9.0703], [-63.7818, -9.0705], [-63.7926, -9.1051], [-63.7873, -9.1104], [-63.7793, -9.1102], [-63.7763, -9.1159], [-63.7946, -9.1255], [-63.7873, -9.1355], [-63.7769, -9.1397], [-63.7706, -9.1536], [-63.7853, -9.1601], [-63.7817, -9.1673], [-63.7858, -9.1808], [-63.7812, -9.1912], [-63.7638, -9.1881], [-63.7741, -9.1939], [-63.7777, -9.2018], [-63.7716, -9.2032], [-63.7761, -9.2165], [-63.7717, -9.2301], [-63.7796, -9.2297], [-63.7801, -9.2474], [-63.7884, -9.2519], [-63.7845, -9.2576], [-63.7791, -9.2553], [-63.7793, -9.2613], [-63.7738, -9.2645], [-63.77, -9.2567], [-63.7643, -9.2575], [-63.7696, -9.2625], [-63.7613, -9.2788], [-63.7791, -9.2857], [-63.78, -9.2934], [-63.7737, -9.2947], [-63.7901, -9.3339], [-63.7741, -9.3398], [-63.7821, -9.3519], [-63.7793, -9.3651], [-63.7682, -9.3615], [-63.7691, -9.3682], [-63.7833, -9.3702], [-63.7867, -9.3749], [-63.7757, -9.3775], [-63.7671, -9.3706], [-63.7702, -9.3821], [-63.7598, -9.3853], [-63.7624, -9.3938], [-63.7503, -9.396], [-63.3268, -9.428], [-63.3165, -9.42], [-63.3067, -9.402], [-63.3122, -9.3849], [-63.3079, -9.3718], [-63.2963, -9.3697], [-63.2918, -9.3618], [-63.3016, -9.3537], [-63.2999, -9.3454], [-63.3083, -9.3431], [-63.3107, -9.3366], [-63.3076, -9.3307], [-63.3116, -9.3105], [-63.3042, -9.291], [-63.3127, -9.2907], [-63.3188, -9.299], [-63.3202, -9.2909], [-63.3332, -9.2802], [-63.344, -9.2796], [-63.3482, -9.2636], [-63.3546, -9.2721], [-63.3842, -9.28], [-63.3972, -9.2733], [-63.4037, -9.2552], [-63.3906, -9.2342], [-63.4031, -9.2273], [-63.3957, -9.211], [-63.3937, -9.19], [-63.4098, -9.1928], [-63.4172, -9.1842], [-63.4185, -9.1887], [-63.4337, -9.1904], [-63.4391, -9.1975], [-63.4528, -9.2018], [-63.4594, -9.1809], [-63.4561, -9.1729], [-63.4464, -9.1728], [-63.4528, -9.1673], [-63.4508, -9.157], [-63.4563, -9.1522], [-63.4805, -9.1438], [-63.4868, -9.1369], [-63.495, -9.1374], [-63.4937, -9.1455], [-63.5016, -9.1549], [-63.512, -9.152], [-63.5103, -9.1186], [-63.5194, -9.1041], [-63.5155, -9.0976], [-63.5293, -9.101], [-63.526, -9.0829], [-63.5338, -9.064], [-63.5134, -9.0689], [-63.4818, -9.0295], [-63.4791, -9.0194], [-63.4503, -9.0058], [-63.4443, -9.0103], [-63.4273, -9.0567], [-63.4458, -9.0895], [-63.4285, -9.0866], [-63.415, -9.0943], [-63.3946, -9.094], [-63.3828, -9.0884], [-63.3767, -9.0786], [-63.3669, -9.0797], [-63.3557, -9.0644], [-63.3612, -9.0458], [-63.3529, -9.0204], [-63.3402, -9.0117], [-63.3412, -8.9976], [-63.325, -8.9892], [-63.3319, -8.969], [-63.3272, -8.9615], [-63.3308, -8.9376], [-63.3154, -8.9267], [-63.2921, -8.9295], [-63.3025, -8.9104], [-63.3175, -8.8965], [-63.3134, -8.8839], [-63.3173, -8.8814], [-63.3176, -8.8684], [-63.2985, -8.8717], [-63.2979, -8.8684], [-63.3067, -8.8592], [-63.3174, -8.8578], [-63.317, -8.851], [-63.2997, -8.8529], [-63.2829, -8.8842], [-63.263, -8.8991], [-63.2667, -8.9188], [-63.2633, -8.9304], [-63.2528, -8.9379], [-63.2475, -8.9368], [-63.2311, -8.9575], [-63.2124, -8.9674], [-63.202, -8.9853], [-63.2098, -8.9998], [-62.9908, -8.9995], [-62.9823, -8.9824], [-62.968, -8.9809], [-62.9349, -8.9482], [-62.93, -8.9204], [-62.8999, -8.9304], [-62.8886, -8.9214], [-62.8802, -8.9236], [-62.8734, -8.932], [-62.8654, -8.9309], [-62.8689, -8.9268], [-62.8628, -8.9201], [-62.8566, -8.9273], [-62.8579, -8.9204], [-62.8542, -8.921], [-62.8487, -8.9094], [-62.8401, -8.9051], [-62.8353, -8.9076], [-62.8328, -8.8956], [-62.822, -8.8922], [-62.8224, -8.8799], [-62.8134, -8.8751], [-62.8089, -8.8654], [-62.8088, -8.8609], [-62.8154, -8.8624], [-62.8117, -8.8404], [-62.7948, -8.8302], [-62.7906, -8.8244], [-62.8001, -8.8174], [-62.7824, -8.8014], [-62.7878, -8.8034], [-62.7927, -8.7948], [-62.7755, -8.793], [-62.7773, -8.7849], [-62.7636, -8.7978], [-62.7591, -8.7904], [-62.7571, -8.7784], [-62.7615, -8.779], [-62.767, -8.7597], [-62.7525, -8.7517], [-62.7593, -8.7345], [-62.768, -8.7335], [-62.7699, -8.7233], [-62.7779, -8.7197], [-62.7776, -8.7088], [-62.7646, -8.708], [-62.7607, -8.7132], [-62.7732, -8.718], [-62.7577, -8.7243], [-62.7528, -8.7027], [-62.7625, -8.6895], [-62.7551, -8.6848], [-62.7461, -8.6888], [-62.7465, -8.6789], [-62.7357, -8.675], [-62.7323, -8.6572], [-62.7168, -8.6556], [-62.7257, -8.6495], [-62.7375, -8.65], [-62.7398, -8.641], [-62.7265, -8.6408], [-62.7331, -8.6338], [-62.7541, -8.6285], [-62.7569, -8.6192], [-62.7419, -8.6084], [-62.7698, -8.5927], [-62.7743, -8.604], [-62.7834, -8.5967], [-62.7653, -8.576], [-62.7776, -8.5722], [-62.7815, -8.5659], [-62.7732, -8.5685], [-62.7693, -8.5636], [-62.7824, -8.5577], [-62.7943, -8.5776], [-62.8045, -8.5725], [-62.8048, -8.5594], [-62.8142, -8.5618], [-62.8201, -8.5457], [-62.8137, -8.543], [-62.8144, -8.539], [-62.8235, -8.5371], [-62.8327, -8.5213], [-62.8421, -8.5199], [-62.8435, -8.5078], [-62.8227, -8.5008], [-63.4503, -8.5016], [-63.452, -8.5147], [-63.4656, -8.5285], [-63.4663, -8.5458], [-63.4832, -8.5619], [-63.4727, -8.57], [-63.4469, -8.5717], [-63.4472, -8.5879], [-63.4591, -8.5959], [-63.512, -8.6088], [-63.5168, -8.62], [-63.5235, -8.6234], [-63.5224, -8.638], [-63.5321, -8.6456], [-63.5436, -8.6325], [-63.5486, -8.6365], [-63.5652, -8.6279], [-63.5677, -8.6359], [-63.5606, -8.6585], [-63.5631, -8.6786], [-63.5735, -8.6688], [-63.5821, -8.6689], [-63.5761, -8.6617], [-63.5842, -8.6569], [-63.5897, -8.6614], [-63.5866, -8.6719], [-63.5916, -8.6847], [-63.6124, -8.7019], [-63.6161, -8.6946], [-63.6361, -8.7094], [-63.6281, -8.7172], [-63.628, -8.7256], [-63.6438, -8.7221], [-63.653, -8.7327], [-63.6543, -8.7208], [-63.6411, -8.7163], [-63.6505, -8.7063], [-63.6715, -8.714], [-63.6699, -8.6974], [-63.6828, -8.704], [-63.6828, -8.713], [-63.6966, -8.7057]]]]}}, {"type": "Feature", "properties": {"osm_type": "relation", "osm_id": 267199112, "name": "Castanheiras", "admin_level": "6", "kind": "subdivision_2", "parent_osm_id": 325866, "parent_name": "Rondônia", "parent_iso": "BR-RO"}, "geometry": {"type": "Polygon", "coordinates": [[[-61.7954, -11.3984], [-61.8014, -11.3883], [-61.8225, -11.3818], [-61.8347, -11.3842], [-61.8601, -11.3687], [-61.8832, -11.3328], [-61.8993, -11.3241], [-61.9182, -11.2924], [-61.9239, -11.2917], [-61.9275, -11.2982], [-61.9558, -11.2907], [-61.958, -11.3012], [-61.9787, -11.3239], [-61.9905, -11.3295], [-61.9972, -11.3478], [-62.0089, -11.3567], [-62.0085, -11.3662], [-62.0204, -11.3739], [-62.0251, -11.3879], [-62.0219, -11.3976], [-62.0288, -11.4062], [-62.0268, -11.4131], [-62.0329, -11.4259], [-62.0626, -11.4428], [-62.0694, -11.4554], [-62.0791, -11.46], [-62.0861, -11.4768], [-62.085, -11.5], [-62.0004, -11.5002], [-62.0013, -11.5853], [-61.614, -11.5837], [-61.6196, -11.5697], [-61.6305, -11.5607], [-61.6493, -11.5609], [-61.6834, -11.5462], [-61.6885, -11.5323], [-61.6955, -11.5357], [-61.6975, -11.5234], [-61.7064, -11.5216], [-61.7063, -11.5155], [-61.7168, -11.5115], [-61.7136, -11.4909], [-61.7148, -11.482], [-61.7214, -11.4757], [-61.7165, -11.4723], [-61.716, -11.4632], [-61.7271, -11.4661], [-61.7297, -11.461], [-61.7321, -11.4496], [-61.7286, -11.4399], [-61.738, -11.437], [-61.7328, -11.4284], [-61.7369, -11.4157], [-61.7853, -11.4085], [-61.7943, -11.4045], [-61.7954, -11.3984]]]}}, {"type": "Feature", "properties": {"osm_type": "relation", "osm_id": 135199695, "name": "Chupinguaia", "admin_level": "6", "kind": "subdivision_2", "parent_osm_id": 325866, "parent_name": "Rondônia", "parent_iso": "BR-RO"}, "geometry": {"type": "Polygon", "coordinates": [[[-60.6133, -12.9923], [-60.5989, -12.9449], [-60.5898, -12.9352], [-60.5898, -12.9245], [-60.5969, -12.9146], [-60.5816, -12.8653], [-60.5858, -12.8496], [-60.575, -12.8296], [-60.5769, -12.8055], [-60.5723, -12.8014], [-60.5723, -12.7884], [-60.5608, -12.7697], [-60.5479, -12.7838], [-60.541, -12.7817], [-60.5344, -12.7935], [-60.517, -12.7928], [-60.5006, -12.799], [-60.4661, -12.8297], [-60.4439, -12.8393], [-60.4464, -12.5371], [-60.6399, -12.5385], [-60.6287, -12.4442], [-60.8093, -12.4479], [-60.8091, -12.3755], [-60.7898, -12.3706], [-60.7724, -12.3546], [-60.7606, -12.3521], [-60.7557, -12.3434], [-60.7, -12.3243], [-60.6959, -12.3099], [-60.6844, -12.2956], [-60.6809, -12.2763], [-60.6845, -12.2624], [-60.656, -12.26], [-60.6734, -12.2521], [-60.6774, -12.2455], [-60.7086, -12.1841], [-60.7126, -12.1666], [-61.1809, -12.1665], [-61.1746, -12.1728], [-61.1866, -12.1768], [-61.1905, -12.1832], [-61.1914, -12.2067], [-61.1974, -12.223], [-61.1852, -12.2746], [-61.189, -12.2869], [-61.1803, -12.2965], [-61.1844, -12.3068], [-61.1812, -12.3142], [-61.1956, -12.3382], [-61.1931, -12.3434], [-61.2136, -12.359], [-61.2182, -12.38], [-61.2356, -12.3991], [-61.2586, -12.4471], [-61.2583, -12.4546], [-61.278, -12.4771], [-61.2947, -12.5211], [-61.3069, -12.529], [-61.3164, -12.554], [-61.3158, -12.5659], [-61.329, -12.5805], [-61.3331, -12.6079], [-61.3424, -12.626], [-61.338, -12.6269], [-61.3324, -12.6406], [-61.3401, -12.6631], [-61.348, -12.6678], [-61.3405, -12.6829], [-61.3446, -12.6842], [-61.3435, -12.6935], [-61.2939, -12.7223], [-61.2813, -12.7204], [-61.2744, -12.7265], [-61.2707, -12.7237], [-61.251, -12.7317], [-61.2442, -12.7293], [-61.2354, -12.7324], [-61.2284, -12.7472], [-61.1986, -12.7494], [-61.1916, -12.7634], [-61.1951, -12.7705], [-61.1915, -12.7741], [-61.1928, -12.7918], [-61.1714, -12.7615], [-61.1668, -12.7325], [-61.1402, -12.726], [-61.1258, -12.7278], [-61.1115, -12.7177], [-61.0927, -12.715], [-61.0793, -12.7025], [-61.0566, -12.7052], [-61.046, -12.7233], [-61.0452, -12.7446], [-61.0327, -12.7559], [-61.0302, -12.7697], [-61.0187, -12.7672], [-61.0064, -12.7729], [-61.0067, -12.7641], [-60.9892, -12.7497], [-60.9839, -12.7519], [-60.9826, -12.7615], [-60.9644, -12.7917], [-60.9713, -12.8084], [-60.9683, -12.8308], [-60.979, -12.8422], [-60.973, -12.8604], [-60.9851, -12.888], [-60.9806, -12.8897], [-60.9724, -12.9094], [-60.9708, -12.9376], [-60.9607, -12.9348], [-60.9379, -12.9166], [-60.9316, -12.8917], [-60.9138, -12.8738], [-60.9071, -12.8536], [-60.8744, -12.8372], [-60.8677, -12.8219], [-60.8479, -12.8231], [-60.8383, -12.8111], [-60.8267, -12.8071], [-60.8134, -12.8197], [-60.7914, -12.8156], [-60.7853, -12.8473], [-60.7766, -12.8519], [-60.7607, -12.8265], [-60.7362, -12.8173], [-60.7259, -12.8057], [-60.7206, -12.8103], [-60.721, -12.8178], [-60.7054, -12.8317], [-60.6877, -12.8331], [-60.6538, -12.866], [-60.6458, -12.9004], [-60.6494, -12.9319], [-60.643, -12.9435], [-60.6527, -12.9766], [-60.6512, -12.981], [-60.6258, -12.973], [-60.6133, -12.9923]]]}}, {"type": "Feature", "properties": {"osm_type": "relation", "osm_id": 619423812, "name": "Cujubim", "admin_level": "6", "kind": "subdivision_2", "parent_osm_id": 325866, "parent_name": "Rondônia", "parent_iso": "BR-RO"}, "geometry": {"type": "Polygon", "coordinates": [[[-62.3697, -8.7415], [-62.3744, -8.7459], [-62.3944, -8.7403], [-62.4087, -8.7472], [-62.4166, -8.7359], [-62.4359, -8.7376], [-62.4484, -8.7537], [-62.4468, -8.7666], [-62.4719, -8.7717], [-62.4856, -8.7583], [-62.4849, -8.7375], [-62.4912, -8.7288], [-62.5364, -8.7515], [-62.553, -8.7502], [-62.5595, -8.7407], [-62.5733, -8.7467], [-62.5812, -8.745], [-62.5888, -8.7551], [-62.5887, -8.7632], [-62.6052, -8.7504], [-62.6258, -8.7577], [-62.6285, -8.7757], [-62.6557, -8.7773], [-62.6639, -8.7972], [-62.7036, -8.8131], [-62.7154, -8.8113], [-62.7304, -8.799], [-62.7384, -8.8022], [-62.7636, -8.7978], [-62.7615, -8.8032], [-62.7488, -8.8057], [-62.7574, -8.8138], [-62.753, -8.8172], [-62.7466, -8.8161], [-62.7387, -8.8264], [-62.7306, -8.8281], [-62.7287, -8.8242], [-62.7143, -8.8474], [-62.7155, -8.8532], [-62.7101, -8.854], [-62.7057, -8.8463], [-62.6993, -8.8451], [-62.7011, -8.8535], [-62.685, -8.8604], [-62.6864, -8.8639], [-62.6785, -8.8709], [-62.6809, -8.8861], [-62.6638, -8.8931], [-62.6632, -8.8974], [-62.6721, -8.9041], [-62.6569, -8.9129], [-62.6615, -8.9242], [-62.6386, -8.9339], [-62.6414, -8.9624], [-62.6358, -8.9746], [-62.6359, -8.993], [-62.6284, -9.0001], [-62.7359, -9.0005], [-62.7333, -9.3896], [-63.0996, -9.4807], [-63.078, -9.508], [-63.0768, -9.5249], [-62.4225, -9.5253], [-62.428, -9.5142], [-62.417, -9.4989], [-62.4256, -9.4941], [-62.4171, -9.4782], [-62.4208, -9.4734], [-62.4117, -9.4225], [-62.3879, -9.3979], [-62.3895, -9.3734], [-62.3863, -9.3694], [-62.3742, -9.376], [-62.3607, -9.3488], [-62.349, -9.3529], [-62.3337, -9.3496], [-62.3264, -9.3417], [-62.3248, -9.3302], [-62.3079, -9.3111], [-62.3279, -9.2597], [-62.3359, -9.2165], [-62.328, -9.1542], [-62.3279, -9.1125], [-62.3376, -9.0677], [-62.3281, -9.053], [-62.3377, -9.0194], [-62.3487, -9.0067], [-62.3496, -8.9934], [-62.3301, -8.9775], [-62.3246, -8.9538], [-62.3241, -8.9442], [-62.3446, -8.9334], [-62.3434, -8.9225], [-62.3293, -8.905], [-62.3338, -8.8821], [-62.2958, -8.854], [-62.2899, -8.8302], [-62.2972, -8.8283], [-62.2976, -8.8219], [-62.312, -8.8051], [-62.3416, -8.787], [-62.3401, -8.7661], [-62.3444, -8.7587], [-62.3668, -8.7508], [-62.3697, -8.7415]]]}}, {"type": "Feature", "properties": {"osm_type": "relation", "osm_id": 163808034, "name": "Governador Jorge Teixeira", "admin_level": "6", "kind": "subdivision_2", "parent_osm_id": 325866, "parent_name": "Rondônia", "parent_iso": "BR-RO"}, "geometry": {"type": "Polygon", "coordinates": [[[-63.6237, -11.0044], [-63.5857, -11.0095], [-63.5693, -11.0232], [-63.566, -11.0337], [-63.5589, -11.0317], [-63.554, -11.0388], [-63.5405, -11.0354], [-63.5274, -11.0459], [-63.5024, -11.0427], [-63.4801, -11.0274], [-63.4661, -11.0317], [-63.4345, -11.03], [-63.4145, -11.0483], [-63.385, -11.0567], [-63.3836, -11.0722], [-63.3781, -11.0748], [-63.3391, -11.0649], [-63.3283, -11.076], [-63.3349, -11.0925], [-63.3203, -11.1089], [-63.3203, -11.1149], [-63.3034, -11.1297], [-63.3061, -11.1411], [-63.2896, -11.1524], [-63.2508, -11.1504], [-63.234, -11.1281], [-63.206, -11.106], [-63.195, -11.1029], [-63.19, -11.0916], [-63.1964, -11.0813], [-63.1834, -11.0675], [-63.1421, -11.0725], [-63.1448, -11.0441], [-63.1389, -11.0222], [-63.1296, -11.0118], [-63.1228, -11.0107], [-63.1165, -10.9983], [-63.1, -10.9928], [-63.0927, -10.9724], [-63.0832, -10.9764], [-63.0532, -10.9639], [-63.0479, -10.9494], [-63.0284, -10.9517], [-63.0031, -10.9427], [-63.0002, -10.9126], [-62.9828, -10.9012], [-62.9778, -10.8917], [-62.9342, -10.8722], [-62.9323, -10.8537], [-62.9234, -10.8484], [-62.9099, -10.8265], [-62.9012, -10.8223], [-62.8901, -10.834], [-62.8648, -10.8373], [-62.8474, -10.8272], [-62.8444, -10.8208], [-62.8373, -10.8213], [-62.8152, -10.7952], [-62.8003, -10.7954], [-62.7941, -10.7909], [-62.7973, -10.783], [-62.791, -10.7774], [-62.7887, -10.7525], [-62.7954, -10.7353], [-62.7896, -10.724], [-62.7827, -10.7248], [-62.7615, -10.7114], [-62.7614, -10.7022], [-62.7512, -10.7052], [-62.7364, -10.6994], [-62.7141, -10.6722], [-62.7046, -10.6782], [-62.6961, -10.6728], [-62.6715, -10.6709], [-62.6661, -10.6552], [-62.651, -10.6523], [-62.6529, -10.6422], [-62.6444, -10.6309], [-62.6493, -10.6109], [-62.6252, -10.5936], [-62.6312, -10.5869], [-62.6207, -10.5718], [-62.6258, -10.5695], [-62.6259, -10.5614], [-62.5818, -10.5459], [-62.5719, -10.5287], [-62.5719, -10.5165], [-62.589, -10.4986], [-62.5969, -10.5098], [-62.6118, -10.5182], [-62.6318, -10.5192], [-62.6693, -10.5334], [-62.7002, -10.5234], [-62.7151, -10.529], [-62.7235, -10.5258], [-62.7344, -10.5286], [-62.7506, -10.5153], [-62.7526, -10.5082], [-62.7688, -10.5086], [-62.7882, -10.4929], [-63.5294, -10.4922], [-63.5406, -10.5058], [-63.5328, -10.5275], [-63.5568, -10.5334], [-63.5478, -10.5443], [-63.5581, -10.5548], [-63.5456, -10.5836], [-63.53, -10.5938], [-63.5382, -10.6021], [-63.5368, -10.6095], [-63.5483, -10.6137], [-63.5458, -10.6296], [-63.5609, -10.6416], [-63.5618, -10.661], [-63.5548, -10.6745], [-63.5578, -10.6827], [-63.5501, -10.6996], [-63.5564, -10.7092], [-63.5523, -10.7262], [-63.57, -10.7382], [-63.5796, -10.7325], [-63.5806, -10.7633], [-63.5848, -10.7675], [-63.5832, -10.7799], [-63.574, -10.7907], [-63.5736, -10.7978], [-63.5673, -10.801], [-63.5779, -10.8264], [-63.5723, -10.8391], [-63.5709, -10.8719], [-63.5887, -10.8878], [-63.6048, -10.887], [-63.6088, -10.9138], [-63.6019, -10.9408], [-63.604, -10.9565], [-63.5922, -10.9577], [-63.5769, -10.9937], [-63.5883, -11.0037], [-63.6144, -11.0011], [-63.6237, -11.0044]]]}}, {"type": "Feature", "properties": {"osm_type": "relation", "osm_id": 415362842, "name": "Itapuã do Oeste", "admin_level": "6", "kind": "subdivision_2", "parent_osm_id": 325866, "parent_name": "Rondônia", "parent_iso": "BR-RO"}, "geometry": {"type": "Polygon", "coordinates": [[[-63.0996, -9.4807], [-62.7333, -9.3896], [-62.7359, -9.0005], [-62.6284, -9.0001], [-62.6359, -8.993], [-62.6358, -8.9746], [-62.6414, -8.9624], [-62.6386, -8.9339], [-62.6615, -8.9242], [-62.6569, -8.9129], [-62.6721, -8.9041], [-62.6632, -8.8974], [-62.6638, -8.8931], [-62.6809, -8.8861], [-62.6785, -8.8709], [-62.6864, -8.8639], [-62.685, -8.8604], [-62.7011, -8.8535], [-62.6993, -8.8451], [-62.7057, -8.8463], [-62.7101, -8.854], [-62.7155, -8.8532], [-62.7143, -8.8474], [-62.7287, -8.8242], [-62.7306, -8.8281], [-62.7387, -8.8264], [-62.7466, -8.8161], [-62.7574, -8.8138], [-62.7488, -8.8057], [-62.765, -8.8008], [-62.7737, -8.7846], [-62.7781, -8.7879], [-62.7755, -8.793], [-62.7927, -8.7948], [-62.7878, -8.8034], [-62.7824, -8.8014], [-62.8001, -8.8174], [-62.7906, -8.8244], [-62.8044, -8.8393], [-62.8117, -8.8404], [-62.8154, -8.8624], [-62.8088, -8.8609], [-62.8089, -8.8654], [-62.8134, -8.8751], [-62.8224, -8.8799], [-62.822, -8.8922], [-62.8328, -8.8956], [-62.8353, -8.9076], [-62.8401, -8.9051], [-62.8487, -8.9094], [-62.8542, -8.921], [-62.8579, -8.9204], [-62.8566, -8.9273], [-62.8628, -8.9201], [-62.8689, -8.9268], [-62.8654, -8.9309], [-62.8734, -8.932], [-62.8802, -8.9236], [-62.8886, -8.9214], [-62.8999, -8.9304], [-62.93, -8.9204], [-62.9349, -8.9482], [-62.968, -8.9809], [-62.9823, -8.9824], [-62.9908, -8.9995], [-63.2098, -8.9998], [-63.202, -8.9853], [-63.2124, -8.9674], [-63.2311, -8.9575], [-63.2475, -8.9368], [-63.2528, -8.9379], [-63.2633, -8.9304], [-63.2667, -8.9188], [-63.263, -8.8991], [-63.2829, -8.8842], [-63.2997, -8.8529], [-63.317, -8.851], [-63.3174, -8.8578], [-63.3067, -8.8592], [-63.2979, -8.8684], [-63.2985, -8.8717], [-63.3176, -8.8684], [-63.3173, -8.8814], [-63.3134, -8.8839], [-63.3175, -8.8965], [-63.3025, -8.9104], [-63.2921, -8.9295], [-63.3154, -8.9267], [-63.3308, -8.9376], [-63.3272, -8.9615], [-63.3319, -8.969], [-63.325, -8.9892], [-63.3412, -8.9976], [-63.3402, -9.0117], [-63.3529, -9.0204], [-63.3612, -9.0458], [-63.3557, -9.0644], [-63.3669, -9.0797], [-63.3767, -9.0786], [-63.3828, -9.0884], [-63.3946, -9.094], [-63.415, -9.0943], [-63.4285, -9.0866], [-63.4458, -9.0895], [-63.4273, -9.0567], [-63.4443, -9.0103], [-63.4503, -9.0058], [-63.4791, -9.0194], [-63.4818, -9.0295], [-63.5134, -9.0689], [-63.5338, -9.064], [-63.526, -9.0829], [-63.5293, -9.101], [-63.5155, -9.0976], [-63.5194, -9.1041], [-63.5103, -9.1186], [-63.512, -9.152], [-63.5016, -9.1549], [-63.4937, -9.1455], [-63.495, -9.1374], [-63.4868, -9.1369], [-63.4805, -9.1438], [-63.4563, -9.1522], [-63.4508, -9.157], [-63.4528, -9.1673], [-63.4464, -9.1728], [-63.4561, -9.1729], [-63.4594, -9.1809], [-63.4528, -9.2018], [-63.4391, -9.1975], [-63.4337, -9.1904], [-63.4185, -9.1887], [-63.4172, -9.1842], [-63.4098, -9.1928], [-63.3937, -9.19], [-63.3957, -9.211], [-63.4031, -9.2273], [-63.3906, -9.2342], [-63.4037, -9.2552], [-63.3972, -9.2733], [-63.3842, -9.28], [-63.3546, -9.2721], [-63.3482, -9.2636], [-63.344, -9.2796], [-63.3332, -9.2802], [-63.3202, -9.2909], [-63.3188, -9.299], [-63.3127, -9.2907], [-63.3042, -9.291], [-63.3116, -9.3105], [-63.3076, -9.3307], [-63.3107, -9.3366], [-63.3083, -9.3431], [-63.2999, -9.3454], [-63.3016, -9.3537], [-63.2918, -9.3618], [-63.2932, -9.3677], [-63.3079, -9.3718], [-63.3109, -9.3777], [-63.3067, -9.402], [-63.3165, -9.42], [-63.3268, -9.428], [-63.3254, -9.4331], [-63.101, -9.4527], [-63.0996, -9.4807]], [[-62.8353, -8.9076], [-62.8295, -8.9121], [-62.8353, -8.9076]]]}}, {"type": "Feature", "properties": {"osm_type": "relation", "osm_id": 580479553, "name": "Ministro Andreazza", "admin_level": "6", "kind": "subdivision_2", "parent_osm_id": 325866, "parent_name": "Rondônia", "parent_iso": "BR-RO"}, "geometry": {"type": "Polygon", "coordinates": [[[-61.4279, -10.9875], [-61.632, -10.9862], [-61.6324, -11.1181], [-61.667, -11.1184], [-61.667, -11.2586], [-61.675, -11.2544], [-61.6806, -11.2619], [-61.7011, -11.2679], [-61.7078, -11.2817], [-61.7071, -11.2952], [-61.7202, -11.3067], [-61.727, -11.3011], [-61.7313, -11.3048], [-61.7444, -11.3235], [-61.7421, -11.3342], [-61.5012, -11.3335], [-61.5008, -11.1143], [-61.4267, -11.1137], [-61.4279, -10.9875]]]}}, {"type": "Feature", "properties": {"osm_type": "relation", "osm_id": 723730255, "name": "Mirante da Serra", "admin_level": "6", "kind": "subdivision_2", "parent_osm_id": 325866, "parent_name": "Rondônia", "parent_iso": "BR-RO"}, "geometry": {"type": "Polygon", "coordinates": [[[-63.1421, -11.0725], [-63.1803, -11.0661], [-63.1964, -11.0813], [-63.184, -11.0837], [-63.1744, -11.08], [-63.1537, -11.0887], [-63.1518, -11.1013], [-63.1426, -11.1104], [-63.1292, -11.1454], [-63.113, -11.168], [-63.1165, -11.1715], [-63.1134, -11.1938], [-63.0586, -11.1802], [-63.0374, -11.1889], [-63.0175, -11.1841], [-62.9961, -11.2022], [-62.9693, -11.2003], [-62.9333, -11.2072], [-62.9099, -11.2029], [-62.9019, -11.2096], [-62.889, -11.2115], [-62.8823, -11.2019], [-62.87, -11.2025], [-62.855, -11.1921], [-62.8547, -11.1978], [-62.8302, -11.202], [-62.8135, -11.1873], [-62.797, -11.1928], [-62.7965, -11.1966], [-62.7735, -11.1913], [-62.7683, -11.1959], [-62.7606, -11.1814], [-62.754, -11.1792], [-62.7537, -11.183], [-62.7461, -11.1776], [-62.7365, -11.1833], [-62.7365, -11.1784], [-62.7293, -11.1783], [-62.7364, -11.1691], [-62.7286, -11.1656], [-62.7292, -11.1581], [-62.734, -11.1566], [-62.7287, -11.148], [-62.7243, -11.1507], [-62.7224, -11.1413], [-62.71, -11.1408], [-62.7107, -11.135], [-62.6975, -11.1281], [-62.6925, -11.1303], [-62.6841, -11.1153], [-62.6874, -11.1126], [-62.677, -11.1173], [-62.6631, -11.1095], [-62.6682, -11.1042], [-62.6642, -11.0785], [-62.648, -11.0826], [-62.6436, -11.0752], [-62.6335, -11.0761], [-62.631, -11.0681], [-62.6267, -11.075], [-62.6302, -11.0862], [-62.6171, -11.0882], [-62.6104, -11.0836], [-62.6114, -11.0793], [-62.6045, -11.0788], [-62.6029, -11.0708], [-62.5984, -11.0719], [-62.5876, -11.0626], [-62.5727, -11.0847], [-62.5489, -11.0659], [-62.6028, -11.0005], [-62.7171, -10.8781], [-62.8914, -11.0306], [-62.9044, -11.0282], [-62.9106, -11.0333], [-62.928, -11.0334], [-62.9433, -11.0292], [-62.9558, -11.0352], [-62.9847, -11.0316], [-63.0063, -11.0399], [-63.0395, -11.0378], [-63.0659, -11.0592], [-63.0925, -11.0537], [-63.1169, -11.0697], [-63.1322, -11.0746], [-63.1421, -11.0725]]]}}, {"type": "Feature", "properties": {"osm_type": "relation", "osm_id": 944882557, "name": "Monte Negro", "admin_level": "6", "kind": "subdivision_2", "parent_osm_id": 325866, "parent_name": "Rondônia", "parent_iso": "BR-RO"}, "geometry": {"type": "MultiPolygon", "coordinates": [[[[-63.2251, -10.4906], [-63.2149, -10.4912], [-63.2251, -10.4906]]], [[[-63.5974, -9.9997], [-63.5833, -10.03], [-63.5894, -10.0577], [-63.5851, -10.0736], [-63.5874, -10.0992], [-63.5765, -10.1161], [-63.5817, -10.126], [-63.5846, -10.1577], [-63.5826, -10.1955], [-63.5902, -10.2058], [-63.5871, -10.2123], [-63.5744, -10.2177], [-63.5617, -10.2439], [-63.5501, -10.245], [-63.5385, -10.2381], [-63.5121, -10.2586], [-63.4867, -10.2694], [-63.4706, -10.2705], [-63.4719, -10.2893], [-63.4609, -10.3079], [-63.4633, -10.3214], [-63.4718, -10.3222], [-63.4771, -10.3374], [-63.4715, -10.3402], [-63.4728, -10.3516], [-63.4626, -10.3734], [-63.4457, -10.376], [-63.4431, -10.3922], [-63.4448, -10.403], [-63.454, -10.4044], [-63.4591, -10.3976], [-63.4745, -10.4042], [-63.4911, -10.4022], [-63.4862, -10.4082], [-63.4942, -10.4149], [-63.4973, -10.4302], [-63.5133, -10.4308], [-63.5134, -10.4349], [-63.5046, -10.4466], [-63.4973, -10.4446], [-63.487, -10.4585], [-63.4891, -10.4697], [-63.4947, -10.4746], [-63.5016, -10.4637], [-63.5066, -10.4662], [-63.5165, -10.4603], [-63.5334, -10.4662], [-63.5294, -10.4922], [-63.2251, -10.4906], [-63.2353, -10.4829], [-63.2335, -10.4667], [-63.2401, -10.4633], [-63.2414, -10.4518], [-63.234, -10.449], [-63.2315, -10.4423], [-63.2523, -10.4219], [-63.2445, -10.4032], [-63.2551, -10.4012], [-63.2589, -10.3955], [-63.2511, -10.3747], [-63.2608, -10.3697], [-63.2573, -10.3649], [-63.2593, -10.3379], [-63.2434, -10.3362], [-63.239, -10.3233], [-63.2378, -10.3007], [-63.2445, -10.2888], [-63.2318, -10.2839], [-63.2311, -10.2758], [-63.2384, -10.2674], [-63.2307, -10.2523], [-63.2345, -10.2404], [-63.231, -10.2227], [-63.2188, -10.2132], [-63.2238, -10.1969], [-63.2083, -10.1953], [-63.2154, -10.1866], [-63.2103, -10.1684], [-63.214, -10.1624], [-63.2089, -10.1554], [-63.2123, -10.1515], [-63.2047, -10.1429], [-63.2008, -10.1455], [-63.1939, -10.1414], [-63.1901, -10.1335], [-63.1774, -10.1383], [-63.1725, -10.1328], [-63.1751, -10.1192], [-63.1719, -10.1143], [-63.1588, -10.1119], [-63.1467, -10.0968], [-63.1456, -10.0727], [-63.129, -10.0528], [-63.1291, -10.0422], [-63.1143, -10.0192], [-63.1173, -10.0109], [-63.1141, -10.0015], [-63.5974, -9.9997]]]]}}, {"type": "Feature", "properties": {"osm_type": "relation", "osm_id": 235750714, "name": "Nova União", "admin_level": "6", "kind": "subdivision_2", "parent_osm_id": 325866, "parent_name": "Rondônia", "parent_iso": "BR-RO"}, "geometry": {"type": "Polygon", "coordinates": [[[-62.7171, -10.8781], [-62.6028, -11.0005], [-62.5431, -11.0734], [-62.5235, -11.0495], [-62.39, -10.9416], [-62.3524, -10.8939], [-62.5252, -10.7094], [-62.7171, -10.8781]]]}}, {"type": "Feature", "properties": {"osm_type": "relation", "osm_id": 502603103, "name": "Parecis", "admin_level": "6", "kind": "subdivision_2", "parent_osm_id": 325866, "parent_name": "Rondônia", "parent_iso": "BR-RO"}, "geometry": {"type": "Polygon", "coordinates": [[[-61.195, -12.0001], [-61.3323, -12.0009], [-61.3496, -12.01], [-61.351, -12.0206], [-61.3666, -12.036], [-61.3797, -12.0407], [-61.3866, -12.0507], [-61.4001, -12.0501], [-61.4139, -12.0835], [-61.4269, -12.09], [-61.4363, -12.088], [-61.4406, -12.074], [-61.4464, -12.0793], [-61.4695, -12.0813], [-61.4724, -12.0872], [-61.6786, -12.0897], [-61.6751, -12.4298], [-61.6394, -12.4484], [-61.6258, -12.4647], [-61.6119, -12.4599], [-61.5884, -12.472], [-61.5716, -12.4732], [-61.5633, -12.4649], [-61.5266, -12.4692], [-61.476, -12.4643], [-61.4507, -12.4853], [-61.4323, -12.5088], [-61.4209, -12.5081], [-61.4004, -12.487], [-61.386, -12.4873], [-61.3817, -12.5222], [-61.3684, -12.5338], [-61.3669, -12.5405], [-61.3704, -12.5654], [-61.3557, -12.5741], [-61.3546, -12.597], [-61.3474, -12.6225], [-61.3424, -12.626], [-61.3331, -12.6079], [-61.329, -12.5805], [-61.3158, -12.5659], [-61.3164, -12.554], [-61.3069, -12.529], [-61.2947, -12.5211], [-61.278, -12.4771], [-61.2583, -12.4546], [-61.2586, -12.4471], [-61.2356, -12.3991], [-61.2182, -12.38], [-61.2136, -12.359], [-61.1931, -12.3434], [-61.1956, -12.3382], [-61.1812, -12.3142], [-61.1844, -12.3068], [-61.1803, -12.2965], [-61.189, -12.2869], [-61.1852, -12.2746], [-61.1974, -12.223], [-61.1914, -12.2067], [-61.1905, -12.1832], [-61.1866, -12.1768], [-61.1746, -12.1728], [-61.1833, -12.1638], [-61.1792, -12.1567], [-61.1811, -12.146], [-61.1691, -12.1458], [-61.1544, -12.1297], [-61.1532, -12.115], [-61.1432, -12.1005], [-61.1466, -12.0858], [-61.1424, -12.0708], [-61.1484, -12.0613], [-61.1498, -12.0341], [-61.1621, -12.0316], [-61.1776, -12.0031], [-61.195, -12.0001]]]}}, {"type": "Feature", "properties": {"osm_type": "relation", "osm_id": 249324506, "name": "Pimenteiras do Oeste", "admin_level": "6", "kind": "subdivision_2", "parent_osm_id": 325866, "parent_name": "Rondônia", "parent_iso": "BR-RO"}, "geometry": {"type": "Polygon", "coordinates": [[[-60.7052, -13.3247], [-60.7575, -13.321], [-60.776, -13.3301], [-60.7891, -13.3254], [-60.8301, -13.3305], [-60.8385, -13.3257], [-60.9505, -13.3263], [-60.9504, -13.248], [-61.0382, -13.2452], [-61.0392, -13.3613], [-61.3543, -13.363], [-61.3671, -13.2957], [-61.3614, -13.2284], [-61.3927, -13.2352], [-61.4121, -13.2337], [-61.4423, -13.2636], [-61.4694, -13.2568], [-61.4826, -13.2588], [-61.4959, -13.2847], [-61.5055, -13.2882], [-61.5233, -13.281], [-61.539, -13.2811], [-61.5911, -13.3028], [-61.6095, -13.2935], [-61.6207, -13.2983], [-61.6397, -13.2935], [-61.6422, -13.2999], [-61.6621, -13.2977], [-61.7149, -13.261], [-61.7333, -13.2665], [-61.7549, -13.2621], [-61.7688, -13.2845], [-61.801, -13.2989], [-61.8235, -13.2954], [-61.8408, -13.3008], [-61.8546, -13.289], [-61.8774, -13.2952], [-61.8886, -13.2922], [-61.8966, -13.2746], [-61.9068, -13.2755], [-61.9046, -13.2566], [-61.8812, -13.2447], [-61.8683, -13.2317], [-61.8659, -13.2226], [-61.8568, -13.2179], [-61.8514, -13.2206], [-61.8525, -13.2159], [-61.8436, -13.2145], [-61.8409, -13.2058], [-61.7858, -13.1975], [-61.7725, -13.2054], [-61.7651, -13.2017], [-61.7566, -13.2083], [-61.7254, -13.2089], [-61.6693, -13.1827], [-61.6359, -13.1514], [-61.6308, -13.1349], [-61.6248, -13.0938], [-61.6305, -13.0904], [-61.6289, -13.0844], [-61.6413, -13.0673], [-61.6402, -13.0586], [-61.6168, -13.0434], [-61.5996, -13.0395], [-61.5864, -13.0241], [-61.5496, -13.029], [-61.5369, -13.0394], [-61.5251, -13.0384], [-61.5045, -13.0206], [-61.5009, -13.0049], [-61.5156, -12.9917], [-61.5145, -12.9873], [-61.5067, -12.9764], [-61.5068, -12.9626], [-61.4863, -12.9261], [-61.487, -12.914], [-61.4709, -12.8987], [-61.4605, -12.8626], [-61.4692, -12.8443], [-61.4583, -12.8148], [-61.4422, -12.7985], [-61.4389, -12.7596], [-61.4238, -12.7299], [-61.4125, -12.7303], [-61.375, -12.7181], [-61.3712, -12.709], [-61.3781, -12.7039], [-61.385, -12.7092], [-61.388, -12.6938], [-61.3828, -12.6891], [-61.3922, -12.684], [-61.3792, -12.667], [-61.3667, -12.669], [-61.3581, -12.6466], [-61.338, -12.6269], [-61.3474, -12.6225], [-61.3557, -12.5741], [-61.3704, -12.5654], [-61.3669, -12.5405], [-61.3684, -12.5338], [-61.3817, -12.5222], [-61.386, -12.4873], [-61.4004, -12.487], [-61.4209, -12.5081], [-61.4366, -12.5078], [-61.4507, -12.4853], [-61.4791, -12.4634], [-61.5266, -12.4692], [-61.5587, -12.4649], [-61.5659, -12.4677], [-61.5537, -12.4805], [-61.5508, -12.5037], [-61.5341, -12.5172], [-61.5277, -12.5375], [-61.5335, -12.5688], [-61.5246, -12.5776], [-61.5328, -12.5953], [-61.5263, -12.6169], [-61.5415, -12.6489], [-61.5384, -12.6624], [-61.5606, -12.6917], [-61.6037, -12.7055], [-61.6328, -12.7281], [-61.6802, -12.7444], [-61.7132, -12.7665], [-61.719, -12.775], [-61.755, -12.7963], [-61.7634, -12.8086], [-61.8149, -12.8274], [-61.8321, -12.8512], [-61.8531, -12.8608], [-61.8651, -12.8568], [-61.8814, -12.8594], [-61.8955, -12.877], [-61.8939, -12.9081], [-61.9016, -12.9181], [-61.8997, -12.9297], [-61.9152, -12.9417], [-61.916, -12.9698], [-61.9302, -12.9838], [-61.9563, -12.9945], [-61.9702, -13.0109], [-62.0116, -13.0822], [-62.0152, -13.0998], [-62.0382, -13.1397], [-62.0512, -13.1371], [-62.0588, -13.1507], [-62.0858, -13.1589], [-62.1068, -13.1812], [-62.1142, -13.1644], [-62.1172, -13.1685], [-62.115, -13.2038], [-62.109, -13.219], [-62.114, -13.261], [-62.0913, -13.282], [-62.086, -13.2819], [-62.0843, -13.2903], [-62.0701, -13.2959], [-62.0569, -13.2882], [-62.0569, -13.3117], [-62.0462, -13.3162], [-62.0327, -13.3336], [-62.0251, -13.3276], [-62.0136, -13.3304], [-62.0141, -13.3523], [-61.9967, -13.3744], [-61.9986, -13.3641], [-61.9804, -13.3655], [-61.9714, -13.3742], [-61.9773, -13.388], [-61.9675, -13.3868], [-61.9623, -13.3911], [-61.9706, -13.4062], [-61.9563, -13.4082], [-61.948, -13.4154], [-61.9403, -13.4078], [-61.9287, -13.4256], [-61.9143, -13.4337], [-61.9076, -13.4341], [-61.8993, -13.4268], [-61.893, -13.4309], [-61.8833, -13.4568], [-61.8832, -13.4973], [-61.8611, -13.5354], [-61.8529, -13.5385], [-61.8471, -13.5274], [-61.8402, -13.527], [-61.841, -13.5489], [-61.8337, -13.5393], [-61.8211, -13.5338], [-61.8185, -13.5393], [-61.8113, -13.5402], [-61.8171, -13.5274], [-61.7842, -13.537], [-61.7781, -13.5329], [-61.7766, -13.5177], [-61.7692, -13.5193], [-61.7645, -13.5392], [-61.7573, -13.5406], [-61.7536, -13.5315], [-61.7578, -13.5241], [-61.7478, -13.5208], [-61.7368, -13.5274], [-61.7306, -13.5252], [-61.7347, -13.5186], [-61.7251, -13.5223], [-61.7073, -13.5169], [-61.6938, -13.508], [-61.6946, -13.5001], [-61.6861, -13.5091], [-61.6688, -13.505], [-61.6689, -13.5098], [-61.6514, -13.5187], [-61.6458, -13.5165], [-61.6451, -13.5068], [-61.6228, -13.5146], [-61.6262, -13.4999], [-61.6231, -13.4967], [-61.6159, -13.5114], [-61.6072, -13.5105], [-61.5995, -13.5017], [-61.5855, -13.5006], [-61.5843, -13.4906], [-61.5767, -13.4886], [-61.5732, -13.4943], [-61.5789, -13.5099], [-61.5724, -13.5185], [-61.5631, -13.5214], [-61.5564, -13.5182], [-61.5217, -13.5354], [-61.5082, -13.5479], [-61.4919, -13.5464], [-61.4703, -13.5547], [-61.4132, -13.5379], [-61.405, -13.5396], [-61.4049, -13.5283], [-61.3897, -13.5198], [-61.3505, -13.5212], [-61.3422, -13.5183], [-61.3363, -13.5055], [-61.305, -13.5024], [-61.301, -13.4941], [-61.3053, -13.482], [-61.2963, -13.4778], [-61.2882, -13.4828], [-61.2856, -13.5021], [-61.2804, -13.5056], [-61.2483, -13.4963], [-61.2432, -13.499], [-61.2436, -13.5114], [-61.2335, -13.525], [-61.2229, -13.5297], [-61.2079, -13.5254], [-61.1928, -13.536], [-61.1828, -13.5276], [-61.1878, -13.5168], [-61.1841, -13.5078], [-61.1805, -13.5088], [-61.1825, -13.5143], [-61.1712, -13.5106], [-61.1567, -13.5171], [-61.1469, -13.532], [-61.1474, -13.519], [-61.1379, -13.5129], [-61.1396, -13.529], [-61.126, -13.5199], [-61.1062, -13.5317], [-61.1009, -13.5284], [-61.1034, -13.5157], [-61.0947, -13.5048], [-61.0978, -13.4958], [-61.0946, -13.4922], [-61.066, -13.5006], [-61.0603, -13.5118], [-61.0541, -13.5114], [-61.0411, -13.5077], [-61.0355, -13.501], [-61.0356, -13.497], [-61.0509, -13.4953], [-61.047, -13.4847], [-61.0255, -13.4905], [-61.0149, -13.4875], [-60.9885, -13.501], [-60.9939, -13.5049], [-60.999, -13.4999], [-61.0091, -13.5071], [-60.998, -13.5286], [-61.0087, -13.5233], [-61.0123, -13.5296], [-61.0056, -13.5503], [-60.987, -13.5481], [-60.986, -13.5387], [-60.9674, -13.5368], [-60.951, -13.5519], [-60.9347, -13.5412], [-60.9229, -13.5407], [-60.9165, -13.5467], [-60.919, -13.5528], [-60.8933, -13.5575], [-60.8651, -13.5417], [-60.8468, -13.516], [-60.8328, -13.4831], [-60.8016, -13.4466], [-60.7683, -13.3931], [-60.7185, -13.3913], [-60.7052, -13.3247]]]}}, {"type": "Feature", "properties": {"osm_type": "relation", "osm_id": 299177256, "name": "Primavera de Rondônia", "admin_level": "6", "kind": "subdivision_2", "parent_osm_id": 325866, "parent_name": "Rondônia", "parent_iso": "BR-RO"}, "geometry": {"type": "Polygon", "coordinates": [[[-61.4151, -11.7437], [-61.3918, -11.7441], [-61.3913, -11.8888], [-61.3643, -11.8899], [-61.3774, -11.9026], [-61.3827, -11.9274], [-61.3988, -11.9229], [-61.4093, -11.9286], [-61.4174, -11.9427], [-61.4172, -12.0863], [-61.4001, -12.0501], [-61.3866, -12.0507], [-61.3797, -12.0407], [-61.3666, -12.036], [-61.351, -12.0206], [-61.3496, -12.01], [-61.3323, -12.0009], [-61.195, -12.0001], [-61.2103, -11.9914], [-61.2094, -11.9682], [-61.2199, -11.9555], [-61.226, -11.9079], [-61.2397, -11.9025], [-61.2444, -11.8858], [-61.2386, -11.8425], [-61.2234, -11.8235], [-61.2128, -11.7865], [-61.1946, -11.7715], [-61.1909, -11.7578], [-61.1933, -11.7475], [-61.2697, -11.7472], [-61.2644, -11.7299], [-61.4244, -11.7309], [-61.4151, -11.7437]]]}}, {"type": "Feature", "properties": {"osm_type": "relation", "osm_id": 696470179, "name": "São Felipe D'Oeste", "admin_level": "6", "kind": "subdivision_2", "parent_osm_id": 325866, "parent_name": "Rondônia", "parent_iso": "BR-RO"}, "geometry": {"type": "Polygon", "coordinates": [[[-61.5335, -11.7414], [-61.5396, -11.7526], [-61.5227, -11.7585], [-61.5277, -11.7719], [-61.5253, -11.7867], [-61.5377, -11.7893], [-61.533, -11.7948], [-61.5381, -11.8155], [-61.5509, -11.8327], [-61.5537, -11.8459], [-61.5582, -11.8507], [-61.5619, -11.8488], [-61.5642, -11.8564], [-61.5313, -11.8561], [-61.5305, -12.089], [-61.4724, -12.0872], [-61.4695, -12.0813], [-61.4464, -12.0793], [-61.4406, -12.074], [-61.4363, -12.088], [-61.4269, -12.09], [-61.4172, -12.0863], [-61.4174, -11.9427], [-61.4093, -11.9286], [-61.3988, -11.9229], [-61.3827, -11.9274], [-61.3774, -11.9026], [-61.3643, -11.8899], [-61.3913, -11.8888], [-61.3918, -11.7441], [-61.5335, -11.7414]]]}}, {"type": "Feature", "properties": {"osm_type": "relation", "osm_id": 271056534, "name": "São Francisco do Guaporé", "admin_level": "6", "kind": "subdivision_2", "parent_osm_id": 325866, "parent_name": "Rondônia", "parent_iso": "BR-RO"}, "geometry": {"type": "Polygon", "coordinates": [[[-62.6419, -12.2371], [-62.7314, -12.1111], [-62.7334, -12.125], [-62.7574, -12.1425], [-62.7672, -12.1749], [-62.7785, -12.183], [-62.7988, -12.1859], [-62.8139, -12.2021], [-62.829, -12.203], [-62.8556, -12.1946], [-62.886, -12.1952], [-62.8936, -12.1994], [-62.9152, -12.1971], [-62.9538, -12.2064], [-63.0321, -12.1955], [-63.113, -12.2051], [-63.1292, -12.2016], [-63.1439, -12.2243], [-63.1437, -12.2181], [-63.1544, -12.2185], [-63.1592, -12.2362], [-63.1666, -12.2349], [-63.1719, -12.2408], [-63.1814, -12.2344], [-63.1909, -12.2365], [-63.1951, -12.2307], [-63.1992, -12.2357], [-63.2027, -12.2295], [-63.2093, -12.2398], [-63.2304, -12.2478], [-63.2357, -12.2564], [-63.2301, -12.2746], [-63.2391, -12.2839], [-63.2415, -12.2983], [-63.2617, -12.2896], [-63.2663, -12.2922], [-63.2671, -12.2863], [-63.276, -12.2813], [-63.2818, -12.2903], [-63.2882, -12.2867], [-63.2911, -12.2896], [-63.2898, -12.2971], [-63.2982, -12.309], [-63.304, -12.2977], [-63.3071, -12.2996], [-63.3178, -12.2904], [-63.3321, -12.2984], [-63.3297, -12.2837], [-63.3372, -12.269], [-63.3291, -12.2524], [-63.329, -12.2188], [-63.3191, -12.2019], [-63.3234, -12.1863], [-63.3122, -12.1801], [-63.3047, -12.1595], [-63.3084, -12.151], [-63.2957, -12.1395], [-63.2928, -12.1054], [-63.2857, -12.0864], [-63.2873, -12.0678], [-63.2644, -12.0481], [-63.2553, -12.0161], [-63.2696, -11.9918], [-63.269, -11.9756], [-63.2772, -11.9575], [-63.2993, -11.9439], [-63.3108, -11.9461], [-63.3412, -11.9301], [-63.3778, -11.886], [-63.3848, -11.8633], [-63.3679, -11.84], [-63.7881, -11.8387], [-63.788, -11.8333], [-63.8185, -11.8333], [-63.8178, -11.8529], [-63.8252, -11.8711], [-63.8491, -11.8728], [-63.8612, -11.8856], [-63.8577, -11.9167], [-63.8637, -11.9312], [-63.8733, -11.9428], [-63.8822, -11.9439], [-63.888, -11.9562], [-63.9001, -11.9665], [-63.9204, -11.9685], [-63.95, -11.9833], [-63.9644, -12.0113], [-63.9911, -12.0263], [-64.0003, -12.0606], [-63.9937, -12.0829], [-64.0128, -12.1193], [-64.0232, -12.1287], [-64.0374, -12.1549], [-64.0566, -12.157], [-64.0598, -12.1751], [-64.0853, -12.1844], [-64.0512, -12.2187], [-64.0309, -12.2246], [-63.9953, -12.2198], [-63.985, -12.2074], [-63.969, -12.2152], [-63.9372, -12.2177], [-63.9222, -12.2071], [-63.9052, -12.1855], [-63.8818, -12.1823], [-63.8574, -12.1828], [-63.8512, -12.1847], [-63.8476, -12.1927], [-63.7989, -12.1985], [-63.7891, -12.1977], [-63.789, -12.1912], [-63.786, -12.1924], [-63.7753, -12.2062], [-63.7682, -12.229], [-63.7476, -12.2433], [-63.7499, -12.2615], [-63.7433, -12.292], [-63.7298, -12.3073], [-63.7224, -12.327], [-63.7141, -12.3343], [-63.6482, -12.3344], [-63.6507, -12.3568], [-63.6446, -12.3705], [-63.6336, -12.3795], [-63.6239, -12.4036], [-63.6285, -12.4249], [-63.6421, -12.4318], [-63.6516, -12.4452], [-63.6848, -12.453], [-63.6762, -12.4616], [-63.6558, -12.462], [-63.6241, -12.4723], [-63.6146, -12.4846], [-63.5505, -12.5084], [-63.5273, -12.5456], [-63.5021, -12.567], [-63.4707, -12.5617], [-63.4347, -12.5667], [-63.4379, -12.5814], [-63.4266, -12.5971], [-63.4406, -12.6007], [-63.4381, -12.6083], [-63.411, -12.6104], [-63.4016, -12.635], [-63.3781, -12.6554], [-63.3687, -12.6594], [-63.3503, -12.6567], [-63.2954, -12.6819], [-63.2628, -12.6833], [-63.2398, -12.6909], [-63.2318, -12.6837], [-63.2446, -12.6617], [-63.2296, -12.6648], [-63.2169, -12.6554], [-63.1972, -12.6551], [-63.19, -12.6476], [-63.1972, -12.6312], [-63.1939, -12.6239], [-63.1833, -12.6267], [-63.174, -12.6403], [-63.1628, -12.6394], [-63.1671, -12.6203], [-63.1589, -12.614], [-63.151, -12.6344], [-63.1378, -12.6399], [-63.1399, -12.6455], [-63.1287, -12.6456], [-63.1136, -12.659], [-63.1032, -12.6552], [-63.0935, -12.658], [-63.0964, -12.6829], [-63.0677, -12.6827], [-63.0611, -12.6875], [-63.0647, -12.6961], [-63.0797, -12.7031], [-63.0824, -12.7205], [-63.0776, -12.7289], [-63.0573, -12.7293], [-63.0475, -12.7401], [-63.0351, -12.7777], [-63.0199, -12.7918], [-63.0211, -12.8053], [-63.0089, -12.8099], [-63.0134, -12.8299], [-63.0092, -12.8377], [-62.9834, -12.8441], [-62.9762, -12.8598], [-62.9709, -12.8589], [-62.9632, -12.8473], [-62.9513, -12.8506], [-62.9475, -12.8586], [-62.9378, -12.843], [-62.9213, -12.8409], [-62.9059, -12.8547], [-62.8811, -12.8631], [-62.872, -12.8783], [-62.8648, -12.8787], [-62.8587, -12.8705], [-62.8426, -12.8635], [-62.8177, -12.8681], [-62.7977, -12.8647], [-62.8011, -12.8609], [-62.7884, -12.8613], [-62.7885, -12.8774], [-62.7771, -12.8765], [-62.7674, -12.8838], [-62.7665, -12.8781], [-62.752, -12.8731], [-62.7541, -12.8858], [-62.7448, -12.8818], [-62.7344, -12.8916], [-62.7412, -12.9117], [-62.7379, -12.9159], [-62.7342, -12.9138], [-62.7296, -12.9266], [-62.7245, -12.9278], [-62.7033, -12.9209], [-62.6941, -12.9023], [-62.6653, -12.9062], [-62.6491, -12.8994], [-62.6449, -12.8823], [-62.6228, -12.8719], [-62.578, -12.8099], [-62.5602, -12.8105], [-62.5476, -12.7967], [-62.5219, -12.8095], [-62.5177, -12.7829], [-62.4995, -12.755], [-62.4651, -12.7488], [-62.4527, -12.7282], [-62.4242, -12.7073], [-62.4009, -12.6607], [-62.3906, -12.6595], [-62.3749, -12.6339], [-62.3601, -12.5984], [-62.3438, -12.5808], [-62.3266, -12.5736], [-62.2987, -12.5481], [-62.2693, -12.5141], [-62.2683, -12.481], [-62.2751, -12.4732], [-62.2674, -12.4565], [-62.2588, -12.4509], [-62.2621, -12.4361], [-62.2589, -12.4332], [-62.2642, -12.4273], [-62.2526, -12.4213], [-62.2552, -12.3902], [-62.2914, -12.3188], [-62.3005, -12.3163], [-62.3553, -12.3321], [-62.3636, -12.3387], [-62.3946, -12.3435], [-62.4184, -12.3236], [-62.4628, -12.3016], [-62.4854, -12.302], [-62.4894, -12.2961], [-62.4983, -12.297], [-62.5171, -12.2837], [-62.5356, -12.2849], [-62.56, -12.2693], [-62.5677, -12.2721], [-62.5763, -12.2676], [-62.5836, -12.2525], [-62.5929, -12.2491], [-62.6162, -12.2558], [-62.6419, -12.2371]]]}}, {"type": "Feature", "properties": {"osm_type": "relation", "osm_id": 949935630, "name": "Seringueiras", "admin_level": "6", "kind": "subdivision_2", "parent_osm_id": 325866, "parent_name": "Rondônia", "parent_iso": "BR-RO"}, "geometry": {"type": "Polygon", "coordinates": [[[-63.5811, -11.839], [-63.3679, -11.84], [-63.3844, -11.8672], [-63.3778, -11.886], [-63.3645, -11.898], [-63.3584, -11.9117], [-63.3314, -11.9363], [-63.3108, -11.9461], [-63.2993, -11.9439], [-63.2772, -11.9575], [-63.269, -11.9756], [-63.2696, -11.9918], [-63.2551, -12.023], [-63.2644, -12.0481], [-63.2873, -12.0678], [-63.2857, -12.0864], [-63.2928, -12.1054], [-63.2957, -12.1395], [-63.3084, -12.151], [-63.3047, -12.1595], [-63.3122, -12.1801], [-63.3234, -12.1863], [-63.3191, -12.2019], [-63.329, -12.2188], [-63.3291, -12.2524], [-63.3372, -12.269], [-63.3297, -12.2837], [-63.3321, -12.2984], [-63.3178, -12.2904], [-63.3071, -12.2996], [-63.304, -12.2977], [-63.2982, -12.309], [-63.2898, -12.2971], [-63.2911, -12.2896], [-63.2882, -12.2867], [-63.2818, -12.2903], [-63.276, -12.2813], [-63.2671, -12.2863], [-63.2663, -12.2922], [-63.2617, -12.2896], [-63.2415, -12.2983], [-63.2391, -12.2839], [-63.2301, -12.2746], [-63.2357, -12.2526], [-63.2093, -12.2398], [-63.2072, -12.2317], [-63.2027, -12.2295], [-63.1992, -12.2357], [-63.1951, -12.2307], [-63.1909, -12.2365], [-63.1814, -12.2344], [-63.1719, -12.2408], [-63.1666, -12.2349], [-63.1592, -12.2362], [-63.1544, -12.2185], [-63.1437, -12.2181], [-63.1439, -12.2243], [-63.1378, -12.2169], [-63.1288, -12.1924], [-63.1196, -12.1823], [-63.113, -12.1543], [-63.1202, -12.1479], [-63.1166, -12.1352], [-63.1237, -12.1278], [-63.1232, -12.1182], [-63.1269, -12.1186], [-63.1273, -12.1117], [-63.1181, -12.1009], [-63.1217, -12.0838], [-63.099, -12.0684], [-63.1021, -12.0533], [-63.0847, -12.0448], [-63.0816, -12.0359], [-63.0479, -12.0266], [-63.0486, -12.0192], [-63.039, -12.0139], [-63.0369, -12.0052], [-63.0349, -12.0086], [-63.0285, -12.0044], [-63.0132, -11.9879], [-63.016, -11.9765], [-62.9896, -11.9618], [-62.962, -11.9545], [-62.9553, -11.9469], [-62.9301, -11.9436], [-62.9138, -11.949], [-62.8977, -11.9409], [-62.8891, -11.9533], [-62.8749, -11.9466], [-62.8726, -11.9344], [-62.8671, -11.9325], [-62.8376, -11.885], [-62.8527, -11.8578], [-62.8599, -11.8176], [-62.867, -11.8097], [-62.8823, -11.8189], [-62.9121, -11.81], [-62.9378, -11.7716], [-62.954, -11.7657], [-62.969, -11.7505], [-62.9909, -11.7495], [-62.9905, -11.7173], [-62.9983, -11.6672], [-62.989, -11.637], [-62.9737, -11.6249], [-62.9687, -11.6057], [-62.9782, -11.5963], [-62.9966, -11.559], [-63.0025, -11.5533], [-63.0473, -11.5609], [-63.0482, -11.5512], [-63.0569, -11.5473], [-63.0552, -11.537], [-63.0699, -11.5286], [-63.0894, -11.5422], [-63.1024, -11.5382], [-63.1197, -11.5462], [-63.1171, -11.5273], [-63.1229, -11.5084], [-63.132, -11.5075], [-63.1375, -11.4948], [-63.155, -11.493], [-63.1693, -11.4831], [-63.1795, -11.489], [-63.1794, -11.4768], [-63.1859, -11.4859], [-63.2206, -11.489], [-63.2333, -11.4858], [-63.2728, -11.4997], [-63.2898, -11.5193], [-63.3361, -11.5329], [-63.3712, -11.5327], [-63.4034, -11.5432], [-63.4237, -11.5552], [-63.4554, -11.5576], [-63.4695, -11.5511], [-63.4782, -11.5378], [-63.4919, -11.5404], [-63.5198, -11.5782], [-63.545, -11.598], [-63.5503, -11.5943], [-63.5755, -11.6087], [-63.6179, -11.6007], [-63.6196, -11.6054], [-63.6375, -11.6086], [-63.6456, -11.6254], [-63.6593, -11.6094], [-63.6674, -11.63], [-63.6795, -11.6258], [-63.6759, -11.6394], [-63.6798, -11.6455], [-63.6523, -11.6898], [-63.6375, -11.6898], [-63.6242, -11.6993], [-63.576, -11.7132], [-63.5448, -11.7307], [-63.5511, -11.7583], [-63.5758, -11.7666], [-63.6018, -11.7878], [-63.6068, -11.8004], [-63.5811, -11.839]]]}}, {"type": "Feature", "properties": {"osm_type": "relation", "osm_id": 774088538, "name": "Teixeirópolis", "admin_level": "6", "kind": "subdivision_2", "parent_osm_id": 325866, "parent_name": "Rondônia", "parent_iso": "BR-RO"}, "geometry": {"type": "Polygon", "coordinates": [[[-62.1225, -10.8994], [-62.3059, -10.8355], [-62.39, -10.9416], [-62.4947, -11.0264], [-62.4868, -11.0299], [-62.4087, -11.0157], [-62.2116, -11.005], [-62.1556, -11.0266], [-62.1644, -11.0138], [-62.1643, -11.0056], [-62.1225, -10.8994]]]}}, {"type": "Feature", "properties": {"osm_type": "relation", "osm_id": 103189580, "name": "Theobroma", "admin_level": "6", "kind": "subdivision_2", "parent_osm_id": 325866, "parent_name": "Rondônia", "parent_iso": "BR-RO"}, "geometry": {"type": "Polygon", "coordinates": [[[-62.6703, -10.288], [-62.5579, -10.3724], [-62.4675, -10.2832], [-62.4575, -10.2989], [-62.4225, -10.2988], [-62.4063, -10.3127], [-62.3911, -10.3081], [-62.3669, -10.3239], [-62.3539, -10.3211], [-62.3523, -10.3246], [-62.333, -10.2986], [-62.3174, -10.2917], [-62.3113, -10.2822], [-62.2957, -10.2755], [-62.291, -10.2785], [-62.2824, -10.2647], [-62.2694, -10.2663], [-62.2524, -10.2484], [-62.2414, -10.2465], [-62.2304, -10.2511], [-62.2232, -10.2433], [-62.2022, -10.2417], [-62.1981, -10.2302], [-62.1765, -10.2239], [-62.1346, -10.2246], [-62.122, -10.2105], [-62.1264, -10.1922], [-62.1137, -10.1959], [-62.1054, -10.1789], [-62.0954, -10.184], [-62.0913, -10.1798], [-62.0817, -10.1825], [-62.0622, -10.1735], [-62.0541, -10.1582], [-62.0301, -10.1469], [-62.0263, -10.1267], [-62.0208, -10.1226], [-62.0058, -10.1327], [-61.9905, -10.1298], [-61.9981, -10.1056], [-61.9893, -10.0984], [-61.9872, -10.0895], [-61.9796, -10.0931], [-61.9818, -10.0662], [-61.9726, -10.0675], [-61.9704, -10.0592], [-61.9948, -10.0146], [-61.9638, -9.9858], [-61.9541, -9.9502], [-62.0161, -9.9488], [-62.0279, -9.9724], [-62.0624, -9.9901], [-62.0685, -9.9892], [-62.0786, -9.9995], [-62.1013, -10.0392], [-62.1201, -10.039], [-62.1373, -10.051], [-62.1632, -10.0541], [-62.2118, -10.0309], [-62.2182, -10.0203], [-62.2442, -10.0004], [-62.2495, -9.9723], [-62.2609, -9.9604], [-62.258, -9.9531], [-62.2862, -9.9395], [-62.2915, -9.9304], [-62.3587, -9.9056], [-62.3777, -9.9074], [-62.3855, -9.9196], [-62.4, -9.911], [-62.4056, -9.8635], [-62.4135, -9.856], [-62.4224, -9.8319], [-62.43, -9.828], [-62.4228, -9.8048], [-62.4269, -9.8067], [-62.4464, -9.8209], [-62.4506, -9.8293], [-62.4552, -9.8622], [-62.45, -9.8936], [-62.4629, -9.9179], [-62.4626, -9.9285], [-62.4893, -9.9564], [-62.5037, -9.9643], [-62.5094, -9.9944], [-62.5241, -10.0127], [-62.5352, -10.0526], [-62.5603, -10.0547], [-62.5721, -10.0672], [-62.5765, -10.0938], [-62.5685, -10.1], [-62.5863, -10.1096], [-62.5801, -10.1281], [-62.5907, -10.1521], [-62.5927, -10.183], [-62.6027, -10.1947], [-62.6175, -10.1952], [-62.6703, -10.288]]]}}, {"type": "Feature", "properties": {"osm_type": "relation", "osm_id": 794092991, "name": "Urupá", "admin_level": "6", "kind": "subdivision_2", "parent_osm_id": 325866, "parent_name": "Rondônia", "parent_iso": "BR-RO"}, "geometry": {"type": "Polygon", "coordinates": [[[-62.1556, -11.0266], [-62.2116, -11.005], [-62.4087, -11.0157], [-62.4868, -11.0299], [-62.4947, -11.0264], [-62.5235, -11.0495], [-62.5431, -11.0734], [-62.5489, -11.0659], [-62.5727, -11.0847], [-62.5876, -11.0626], [-62.5984, -11.0719], [-62.6029, -11.0708], [-62.6045, -11.0788], [-62.6114, -11.0793], [-62.6104, -11.0836], [-62.6171, -11.0882], [-62.6302, -11.0862], [-62.6267, -11.075], [-62.631, -11.0681], [-62.6335, -11.0761], [-62.6436, -11.0752], [-62.648, -11.0826], [-62.6642, -11.0785], [-62.6682, -11.1042], [-62.6631, -11.1095], [-62.677, -11.1173], [-62.6874, -11.1126], [-62.6841, -11.1153], [-62.6925, -11.1303], [-62.5841, -11.2248], [-62.4453, -11.1766], [-62.2647, -11.1714], [-62.2529, -11.1408], [-62.2582, -11.1339], [-62.2455, -11.1276], [-62.2371, -11.1064], [-62.2253, -11.1037], [-62.2152, -11.109], [-62.2176, -11.0765], [-62.2036, -11.0727], [-62.1883, -11.0535], [-62.1856, -11.0707], [-62.1721, -11.0673], [-62.1753, -11.0756], [-62.1599, -11.0681], [-62.1578, -11.0619], [-62.1646, -11.0583], [-62.1596, -11.0552], [-62.1679, -11.0369], [-62.1521, -11.0453], [-62.1433, -11.0297], [-62.1556, -11.0266]]]}}, {"type": "Feature", "properties": {"osm_type": "relation", "osm_id": 336581261, "name": "Vale do Anari", "admin_level": "6", "kind": "subdivision_2", "parent_osm_id": 325866, "parent_name": "Rondônia", "parent_iso": "BR-RO"}, "geometry": {"type": "Polygon", "coordinates": [[[-61.5734, -9.7173], [-61.5512, -9.7076], [-61.5464, -9.715], [-61.5324, -9.7118], [-61.5196, -9.697], [-61.5052, -9.6914], [-61.5021, -9.6817], [-61.5067, -9.6632], [-61.4945, -9.6596], [-61.4769, -9.6292], [-61.4816, -9.6234], [-61.4962, -9.6244], [-61.503, -9.6153], [-61.4952, -9.5786], [-61.5104, -9.564], [-61.5085, -9.5394], [-61.5133, -9.5398], [-61.5139, -9.5284], [-61.5261, -9.5333], [-61.5494, -9.5138], [-61.526, -9.5023], [-61.5615, -9.486], [-61.5785, -9.4705], [-61.5736, -9.4611], [-61.5812, -9.46], [-61.5711, -9.4449], [-61.5567, -9.4356], [-61.5553, -9.421], [-61.5504, -9.4157], [-61.5615, -9.4005], [-61.5529, -9.3878], [-61.5738, -9.3707], [-61.5987, -9.3675], [-61.6092, -9.363], [-61.613, -9.3561], [-61.6249, -9.3628], [-61.6272, -9.3457], [-61.6184, -9.3288], [-61.6297, -9.3274], [-61.6587, -9.3904], [-61.6836, -9.3861], [-61.6801, -9.4062], [-61.6834, -9.4528], [-61.69, -9.4517], [-61.7071, -9.4287], [-61.713, -9.4323], [-61.6986, -9.4744], [-61.7196, -9.4824], [-61.7325, -9.5004], [-61.8295, -9.5005], [-61.8598, -9.5675], [-61.9184, -9.5525], [-61.9464, -9.6602], [-61.9209, -9.6903], [-61.9748, -9.7865], [-62.0, -9.7868], [-62.0143, -9.7766], [-62.01, -9.7589], [-62.0128, -9.7474], [-62.0089, -9.7446], [-61.9923, -9.7587], [-61.9994, -9.7361], [-61.9886, -9.7214], [-61.9932, -9.717], [-62.0029, -9.7205], [-62.0062, -9.7077], [-62.0215, -9.7031], [-62.0246, -9.6856], [-62.0175, -9.6717], [-61.992, -9.6767], [-61.9854, -9.6727], [-61.9804, -9.6328], [-61.9831, -9.6227], [-62.0036, -9.6096], [-62.0052, -9.5789], [-62.0158, -9.5542], [-62.0171, -9.5404], [-62.011, -9.5345], [-62.0221, -9.531], [-62.047, -9.5439], [-62.0537, -9.5594], [-62.0493, -9.5642], [-62.0576, -9.5811], [-62.0658, -9.5866], [-62.0678, -9.6042], [-62.0985, -9.6194], [-62.1161, -9.6452], [-62.1144, -9.6608], [-62.1267, -9.6838], [-62.1491, -9.7052], [-62.1903, -9.7094], [-62.2031, -9.7404], [-62.2183, -9.7414], [-62.2234, -9.7483], [-62.247, -9.7581], [-62.2633, -9.7452], [-62.2864, -9.7419], [-62.2917, -9.7357], [-62.3174, -9.7371], [-62.3421, -9.7573], [-62.3673, -9.7599], [-62.3832, -9.7724], [-62.3928, -9.7878], [-62.4228, -9.8048], [-62.43, -9.828], [-62.4224, -9.8319], [-62.4135, -9.856], [-62.4056, -9.8635], [-62.4, -9.911], [-62.3855, -9.9196], [-62.3777, -9.9074], [-62.3587, -9.9056], [-62.2915, -9.9304], [-62.2862, -9.9395], [-62.258, -9.9531], [-62.2609, -9.9604], [-62.2495, -9.9723], [-62.2442, -10.0004], [-62.2182, -10.0203], [-62.2118, -10.0309], [-62.1851, -10.0467], [-62.1496, -10.0542], [-62.1201, -10.039], [-62.1013, -10.0392], [-62.0786, -9.9995], [-62.0685, -9.9892], [-62.0624, -9.9901], [-62.0279, -9.9724], [-62.0161, -9.9488], [-61.9541, -9.9502], [-61.9504, -9.9547], [-61.937, -9.9479], [-61.9089, -9.9884], [-61.9, -9.9786], [-61.8734, -9.9881], [-61.862, -9.9858], [-61.8583, -9.972], [-61.8611, -9.9529], [-61.8766, -9.9048], [-61.8601, -9.8828], [-61.8507, -9.8784], [-61.8396, -9.8602], [-61.8374, -9.8489], [-61.8447, -9.8333], [-61.8383, -9.8107], [-61.8069, -9.8001], [-61.8078, -9.7798], [-61.7941, -9.7589], [-61.7983, -9.7387], [-61.7922, -9.7196], [-61.7745, -9.7171], [-61.7617, -9.7281], [-61.7338, -9.7257], [-61.7122, -9.7312], [-61.689, -9.7192], [-61.6446, -9.7066], [-61.6089, -9.6843], [-61.5998, -9.6974], [-61.5734, -9.7173]]]}}, {"type": "Feature", "properties": {"osm_type": "relation", "osm_id": 706782755, "name": "Vale do Paraíso", "admin_level": "6", "kind": "subdivision_2", "parent_osm_id": 325866, "parent_name": "Rondônia", "parent_iso": "BR-RO"}, "geometry": {"type": "Polygon", "coordinates": [[[-62.2596, -10.4768], [-62.234, -10.5074], [-62.2152, -10.5211], [-62.2401, -10.6151], [-62.1005, -10.6593], [-61.9576, -10.1646], [-61.9112, -10.1179], [-61.9189, -10.1007], [-61.9333, -10.0864], [-61.9685, -10.0779], [-61.9726, -10.0675], [-61.9818, -10.0662], [-61.9796, -10.0931], [-61.9872, -10.0895], [-61.9893, -10.0984], [-61.9981, -10.1056], [-61.9905, -10.1298], [-62.0058, -10.1327], [-62.0208, -10.1226], [-62.0263, -10.1267], [-62.0301, -10.1469], [-62.0541, -10.1582], [-62.0622, -10.1735], [-62.0817, -10.1825], [-62.0913, -10.1798], [-62.0954, -10.184], [-62.1054, -10.1789], [-62.1137, -10.1959], [-62.1264, -10.1922], [-62.122, -10.2105], [-62.1326, -10.2197], [-62.139, -10.2556], [-62.1455, -10.2645], [-62.1421, -10.2735], [-62.1337, -10.2755], [-62.141, -10.2967], [-62.136, -10.3207], [-62.1399, -10.3266], [-62.1361, -10.3391], [-62.122, -10.355], [-62.2596, -10.4768]]]}}]}