{"type": "FeatureCollection", "parent": {"osm_id": 390558, "name": "Nova Scotia", "admin_level": "4", "kind": "subdivision_1", "child_kind": "subdivision_2", "iso": "CA-NS"}, "features": [{"type": "Feature", "properties": {"osm_type": "relation", "osm_id": 584883300, "name": "Shelburne", "admin_level": "6", "kind": "subdivision_2", "parent_osm_id": 390558, "parent_name": "Nova Scotia", "parent_iso": "CA-NS"}, "geometry": {"type": "MultiPolygon", "coordinates": [[[[-65.676, 43.4965], [-65.6759, 43.4967], [-65.6762, 43.4967], [-65.676, 43.4965]], [[-65.4449, 43.4644], [-65.4446, 43.4645], [-65.4448, 43.464], [-65.4449, 43.4644]]], [[[-64.9675, 43.8454], [-64.9674, 43.8456], [-64.9676, 43.8457], [-64.9675, 43.8454]]], [[[-65.6534, 43.5036], [-65.6538, 43.5037], [-65.6536, 43.5035], [-65.6534, 43.5036]]], [[[-65.675, 43.4788], [-65.6754, 43.4789], [-65.6752, 43.4787], [-65.675, 43.4788]]], [[[-65.6748, 43.4794], [-65.6748, 43.4795], [-65.6752, 43.4794], [-65.6748, 43.4794]]], [[[-65.6688, 43.4848], [-65.6688, 43.4851], [-65.669, 43.485], [-65.6688, 43.4848]]], [[[-65.3326, 43.7442], [-65.3325, 43.7445], [-65.3327, 43.7444], [-65.3326, 43.7442]]], [[[-64.9707, 43.8511], [-64.9706, 43.8514], [-64.9708, 43.8513], [-64.9707, 43.8511]]], [[[-64.9715, 43.8706], [-64.9716, 43.8708], [-64.9719, 43.8707], [-64.9715, 43.8706]]], [[[-65.6249, 43.4196], [-65.6248, 43.4197], [-65.6252, 43.4198], [-65.6249, 43.4196]]], [[[-65.5897, 43.5321], [-65.5898, 43.5323], [-65.5901, 43.5321], [-65.5897, 43.5321]]], [[[-65.4357, 43.5544], [-65.4357, 43.5547], [-65.4359, 43.5545], [-65.4357, 43.5544]]], [[[-65.6303, 43.4207], [-65.6306, 43.4209], [-65.6306, 43.4207], [-65.6303, 43.4207]]], [[[-65.219, 43.6802], [-65.2188, 43.6804], [-65.2191, 43.6804], [-65.219, 43.6802]]], [[[-64.962, 43.7506], [-64.9619, 43.7508], [-64.9621, 43.7509], [-64.962, 43.7506]]], [[[-65.6321, 43.4152], [-65.632, 43.4154], [-65.6322, 43.4155], [-65.6321, 43.4152]]], [[[-65.1016, 43.6875], [-65.1015, 43.6876], [-65.1018, 43.6878], [-65.1016, 43.6875]]], [[[-64.9713, 43.7585], [-64.9714, 43.7587], [-64.9718, 43.7586], [-64.9713, 43.7585]]], [[[-65.0426, 43.8248], [-65.0424, 43.825], [-65.0427, 43.825], [-65.0426, 43.8248]]], [[[-65.4324, 43.5525], [-65.4323, 43.5529], [-65.4326, 43.5527], [-65.4324, 43.5525]]], [[[-65.1052, 43.6756], [-65.1054, 43.676], [-65.1054, 43.6756], [-65.1052, 43.6756]]], [[[-65.6522, 43.5036], [-65.6525, 43.504], [-65.6525, 43.5037], [-65.6522, 43.5036]]], [[[-65.0822, 43.7436], [-65.0821, 43.7439], [-65.0823, 43.7437], [-65.0822, 43.7436]]], [[[-65.6225, 43.5119], [-65.6225, 43.5123], [-65.6227, 43.5121], [-65.6225, 43.5119]]], [[[-65.1271, 43.6585], [-65.1271, 43.659], [-65.1273, 43.6587], [-65.1271, 43.6585]]], [[[-65.381, 43.4692], [-65.3811, 43.4694], [-65.3813, 43.4691], [-65.381, 43.4692]]], [[[-65.0442, 43.8269], [-65.044, 43.827], [-65.0445, 43.8271], [-65.0442, 43.8269]]], [[[-65.4609, 43.4873], [-65.4608, 43.4875], [-65.4611, 43.4874], [-65.4609, 43.4873]]], [[[-64.9618, 43.8441], [-64.9619, 43.8444], [-64.9622, 43.8443], [-64.9618, 43.8441]]], [[[-65.448, 43.5467], [-65.4482, 43.547], [-65.4484, 43.547], [-65.448, 43.5467]]], [[[-65.1052, 43.6781], [-65.1051, 43.6783], [-65.1053, 43.6784], [-65.1052, 43.6781]]], [[[-65.442, 43.5478], [-65.4417, 43.548], [-65.4421, 43.548], [-65.442, 43.5478]]], [[[-65.3775, 43.7328], [-65.3774, 43.733], [-65.3778, 43.7329], [-65.3775, 43.7328]]], [[[-65.3599, 43.7335], [-65.36, 43.7337], [-65.3603, 43.7337], [-65.3599, 43.7335]]], [[[-65.4227, 43.5252], [-65.4226, 43.5255], [-65.423, 43.5255], [-65.4227, 43.5252]]], [[[-65.6171, 43.4262], [-65.6172, 43.4265], [-65.6174, 43.4264], [-65.6171, 43.4262]]], [[[-65.6536, 43.4349], [-65.6533, 43.4352], [-65.6538, 43.4351], [-65.6536, 43.4349]]], [[[-65.6761, 43.4912], [-65.676, 43.4914], [-65.6764, 43.4915], [-65.6761, 43.4912]]], [[[-65.6192, 43.493], [-65.6188, 43.4931], [-65.6193, 43.4932], [-65.6192, 43.493]]], [[[-65.4312, 43.5763], [-65.4312, 43.5766], [-65.4314, 43.5762], [-65.4312, 43.5763]]], [[[-65.6815, 43.501], [-65.6814, 43.5014], [-65.6816, 43.5013], [-65.6815, 43.501]]], [[[-65.1017, 43.6883], [-65.1016, 43.6886], [-65.1019, 43.6885], [-65.1017, 43.6883]]], [[[-65.3158, 43.7474], [-65.316, 43.7477], [-65.3161, 43.7474], [-65.3158, 43.7474]]], [[[-65.6086, 43.3928], [-65.6085, 43.393], [-65.6089, 43.393], [-65.6086, 43.3928]]], [[[-65.3332, 43.7355], [-65.3331, 43.7359], [-65.3333, 43.7358], [-65.3332, 43.7355]]], [[[-65.624, 43.4662], [-65.6243, 43.4665], [-65.6245, 43.4664], [-65.624, 43.4662]]], [[[-65.4558, 43.4907], [-65.4555, 43.4909], [-65.4558, 43.491], [-65.4558, 43.4907]]], [[[-64.9702, 43.8526], [-64.9699, 43.8527], [-64.9705, 43.8527], [-64.9702, 43.8526]]], [[[-65.3682, 43.7393], [-65.3682, 43.7397], [-65.3684, 43.7396], [-65.3682, 43.7393]]], [[[-65.7323, 43.494], [-65.7325, 43.4944], [-65.7327, 43.4942], [-65.7323, 43.494]]], [[[-65.6246, 43.4658], [-65.6244, 43.4659], [-65.6249, 43.4658], [-65.6246, 43.4658]]], [[[-65.3788, 43.4802], [-65.3787, 43.4803], [-65.379, 43.4805], [-65.3788, 43.4802]]], [[[-65.6468, 43.509], [-65.6463, 43.5091], [-65.647, 43.509], [-65.6468, 43.509]]], [[[-65.7681, 43.5082], [-65.768, 43.5088], [-65.7683, 43.5083], [-65.7681, 43.5082]]], [[[-65.0793, 43.6878], [-65.0793, 43.6883], [-65.0795, 43.6878], [-65.0793, 43.6878]]], [[[-65.3799, 43.4658], [-65.38, 43.4661], [-65.3802, 43.4661], [-65.3799, 43.4658]]], [[[-65.6272, 43.4206], [-65.627, 43.4209], [-65.6274, 43.4208], [-65.6272, 43.4206]]], [[[-65.0401, 43.8222], [-65.0403, 43.822], [-65.0397, 43.8219], [-65.0401, 43.8222]]], [[[-65.0782, 43.7124], [-65.0784, 43.7129], [-65.0785, 43.7126], [-65.0782, 43.7124]]], [[[-65.63, 43.4061], [-65.6298, 43.4065], [-65.6302, 43.4064], [-65.63, 43.4061]]], [[[-65.6356, 43.4365], [-65.6355, 43.4369], [-65.6359, 43.4366], [-65.6356, 43.4365]]], [[[-65.6608, 43.4205], [-65.6607, 43.421], [-65.6611, 43.4208], [-65.6608, 43.4205]]], [[[-65.1042, 43.7103], [-65.1044, 43.7107], [-65.1046, 43.7105], [-65.1042, 43.7103]]], [[[-65.6477, 43.5063], [-65.6476, 43.5066], [-65.648, 43.5064], [-65.6477, 43.5063]]], [[[-64.9615, 43.8429], [-64.9615, 43.8431], [-64.962, 43.8433], [-64.9615, 43.8429]]], [[[-65.3765, 43.4687], [-65.3766, 43.4691], [-65.3767, 43.4687], [-65.3765, 43.4687]]], [[[-65.3698, 43.5551], [-65.37, 43.5556], [-65.37, 43.5551], [-65.3698, 43.5551]]], [[[-65.6313, 43.4249], [-65.6308, 43.4252], [-65.6315, 43.425], [-65.6313, 43.4249]]], [[[-65.5586, 43.5369], [-65.5585, 43.5373], [-65.5588, 43.537], [-65.5586, 43.5369]]], [[[-65.433, 43.5148], [-65.4331, 43.5152], [-65.4334, 43.515], [-65.433, 43.5148]]], [[[-65.7121, 43.4888], [-65.7119, 43.4891], [-65.7122, 43.4894], [-65.7121, 43.4888]]], [[[-65.5501, 43.537], [-65.5501, 43.5373], [-65.5505, 43.5372], [-65.5501, 43.537]]], [[[-65.4472, 43.4655], [-65.4471, 43.4659], [-65.4474, 43.4657], [-65.4472, 43.4655]]], [[[-65.4386, 43.5303], [-65.4388, 43.5307], [-65.4389, 43.5304], [-65.4386, 43.5303]]], [[[-65.6473, 43.5072], [-65.6473, 43.5075], [-65.6477, 43.5075], [-65.6473, 43.5072]]], [[[-65.6563, 43.5012], [-65.6565, 43.5016], [-65.6566, 43.5014], [-65.6563, 43.5012]]], [[[-65.3162, 43.7506], [-65.3162, 43.7508], [-65.3167, 43.7507], [-65.3162, 43.7506]]], [[[-65.0819, 43.7489], [-65.0819, 43.7494], [-65.0821, 43.749], [-65.0819, 43.7489]]], [[[-65.4519, 43.5617], [-65.4515, 43.562], [-65.4519, 43.562], [-65.4519, 43.5617]]], [[[-65.6254, 43.5085], [-65.6249, 43.509], [-65.6256, 43.5085], [-65.6254, 43.5085]]], [[[-65.4375, 43.5188], [-65.4373, 43.519], [-65.4378, 43.5191], [-65.4375, 43.5188]]], [[[-64.9614, 43.7501], [-64.9616, 43.7505], [-64.9617, 43.7502], [-64.9614, 43.7501]]], [[[-65.6778, 43.4776], [-65.6776, 43.478], [-65.6781, 43.4779], [-65.6778, 43.4776]]], [[[-65.0919, 43.7481], [-65.0917, 43.7485], [-65.0921, 43.7482], [-65.0919, 43.7481]]], [[[-65.078, 43.6948], [-65.0784, 43.6949], [-65.0786, 43.6946], [-65.078, 43.6948]]], [[[-65.6237, 43.4665], [-65.6233, 43.4669], [-65.6239, 43.4667], [-65.6237, 43.4665]]], [[[-65.4391, 43.5292], [-65.4388, 43.5295], [-65.4392, 43.5296], [-65.4391, 43.5292]]], [[[-65.3812, 43.464], [-65.381, 43.4642], [-65.3812, 43.4644], [-65.3812, 43.464]]], [[[-65.6525, 43.5055], [-65.6521, 43.5056], [-65.6529, 43.5057], [-65.6525, 43.5055]]], [[[-65.4835, 43.5082], [-65.4831, 43.5084], [-65.4839, 43.5085], [-65.4835, 43.5082]]], [[[-65.4286, 43.5789], [-65.4283, 43.5791], [-65.429, 43.5792], [-65.4286, 43.5789]]], [[[-65.4811, 43.5078], [-65.481, 43.5081], [-65.4815, 43.508], [-65.4811, 43.5078]]], [[[-65.1004, 43.7076], [-65.1003, 43.7082], [-65.1007, 43.7078], [-65.1004, 43.7076]]], [[[-65.4437, 43.4653], [-65.4439, 43.4658], [-65.444, 43.4655], [-65.4437, 43.4653]]], [[[-65.7628, 43.5444], [-65.7625, 43.5446], [-65.7633, 43.5444], [-65.7628, 43.5444]]], [[[-65.6253, 43.4745], [-65.6255, 43.4741], [-65.625, 43.4743], [-65.6253, 43.4745]]], [[[-65.5091, 43.4981], [-65.5087, 43.4983], [-65.5092, 43.4985], [-65.5091, 43.4981]]], [[[-65.0829, 43.7481], [-65.0831, 43.7485], [-65.0834, 43.7484], [-65.0829, 43.7481]]], [[[-65.0097, 43.7899], [-65.0097, 43.7905], [-65.01, 43.7901], [-65.0097, 43.7899]]], [[[-65.4378, 43.5551], [-65.4374, 43.5554], [-65.438, 43.5554], [-65.4378, 43.5551]]], [[[-65.5739, 43.5616], [-65.5735, 43.562], [-65.574, 43.5619], [-65.5739, 43.5616]]], [[[-65.3942, 43.4806], [-65.3943, 43.4809], [-65.3947, 43.4811], [-65.3942, 43.4806]]], [[[-65.3207, 43.7116], [-65.3203, 43.7119], [-65.3208, 43.7119], [-65.3207, 43.7116]]], [[[-65.695, 43.4916], [-65.6953, 43.4922], [-65.6954, 43.4919], [-65.695, 43.4916]]], [[[-65.1601, 43.7362], [-65.1604, 43.7367], [-65.1605, 43.7362], [-65.1601, 43.7362]]], [[[-65.4491, 43.5608], [-65.4495, 43.5611], [-65.4498, 43.561], [-65.4491, 43.5608]]], [[[-65.1661, 43.7149], [-65.1656, 43.7153], [-65.1662, 43.7153], [-65.1661, 43.7149]]], [[[-65.2821, 43.6654], [-65.2816, 43.6657], [-65.2818, 43.6659], [-65.2821, 43.6654]]], [[[-65.1129, 43.7137], [-65.1125, 43.714], [-65.1131, 43.714], [-65.1129, 43.7137]]], [[[-65.4789, 43.5074], [-65.4792, 43.5078], [-65.4795, 43.5077], [-65.4789, 43.5074]]], [[[-65.0188, 43.6952], [-65.019, 43.695], [-65.0183, 43.6947], [-65.0188, 43.6952]]], [[[-65.3322, 43.7578], [-65.3323, 43.7584], [-65.3325, 43.7579], [-65.3322, 43.7578]]], [[[-65.6806, 43.4927], [-65.6806, 43.4931], [-65.6811, 43.4932], [-65.6806, 43.4927]]], [[[-65.4551, 43.5156], [-65.4554, 43.5163], [-65.4551, 43.5156]]], [[[-65.626, 43.4155], [-65.6258, 43.4161], [-65.6263, 43.4158], [-65.626, 43.4155]]], [[[-65.045, 43.8274], [-65.0452, 43.8282], [-65.045, 43.8274]]], [[[-65.3756, 43.7323], [-65.3755, 43.7329], [-65.376, 43.7325], [-65.3756, 43.7323]]], [[[-65.6483, 43.5097], [-65.649, 43.5101], [-65.6483, 43.5097]]], [[[-65.7411, 43.5382], [-65.7404, 43.5386], [-65.7411, 43.5382]]], [[[-65.0983, 43.6576], [-65.0979, 43.6584], [-65.0983, 43.6576]]], [[[-65.6499, 43.5112], [-65.6498, 43.5115], [-65.6504, 43.5114], [-65.6499, 43.5112]]], [[[-65.772, 43.5055], [-65.7718, 43.506], [-65.7725, 43.5057], [-65.772, 43.5055]]], [[[-65.5535, 43.5383], [-65.5539, 43.539], [-65.5535, 43.5383]]], [[[-65.7407, 43.5561], [-65.7406, 43.5564], [-65.7413, 43.5564], [-65.7407, 43.5561]]], [[[-65.6397, 43.4201], [-65.639, 43.4204], [-65.6397, 43.4201]]], [[[-65.5892, 43.5507], [-65.5893, 43.5511], [-65.5899, 43.5508], [-65.5892, 43.5507]]], [[[-65.6213, 43.407], [-65.6223, 43.4072], [-65.6213, 43.407]]], [[[-65.1611, 43.7353], [-65.1611, 43.736], [-65.1613, 43.7359], [-65.1611, 43.7353]]], [[[-65.4414, 43.4551], [-65.4408, 43.4555], [-65.4417, 43.4553], [-65.4414, 43.4551]]], [[[-65.1029, 43.7002], [-65.1032, 43.6998], [-65.1026, 43.6996], [-65.1029, 43.7002]], [[-65.3172, 43.7513], [-65.3173, 43.7517], [-65.3168, 43.7511], [-65.3172, 43.7513]]], [[[-65.6239, 43.4065], [-65.6242, 43.4063], [-65.6234, 43.406], [-65.6239, 43.4065]]], [[[-65.225, 43.7189], [-65.2245, 43.7192], [-65.2251, 43.7194], [-65.225, 43.7189]]], [[[-65.6211, 43.4289], [-65.6208, 43.4291], [-65.6213, 43.4296], [-65.6211, 43.4289]]], [[[-65.4447, 43.4658], [-65.4442, 43.4665], [-65.4447, 43.4658]]], [[[-65.0082, 43.7894], [-65.0079, 43.7898], [-65.0086, 43.7896], [-65.0082, 43.7894]]], [[[-65.4346, 43.554], [-65.434, 43.5543], [-65.4351, 43.5542], [-65.4346, 43.554]]], [[[-65.7381, 43.5482], [-65.738, 43.5486], [-65.7385, 43.5488], [-65.7381, 43.5482]]], [[[-65.5896, 43.5349], [-65.5889, 43.5355], [-65.5896, 43.5349]]], [[[-65.7599, 43.5426], [-65.7593, 43.5429], [-65.7595, 43.5432], [-65.7599, 43.5426]]], [[[-65.6257, 43.4695], [-65.6265, 43.4698], [-65.6257, 43.4695]]], [[[-65.394, 43.4872], [-65.3928, 43.4873], [-65.394, 43.4872]]], [[[-65.6742, 43.4907], [-65.6737, 43.4911], [-65.6746, 43.4909], [-65.6742, 43.4907]]], [[[-65.5953, 43.5281], [-65.5948, 43.5283], [-65.5951, 43.5287], [-65.5953, 43.5281]]], [[[-64.9907, 43.7605], [-64.9908, 43.7612], [-64.9912, 43.7609], [-64.9907, 43.7605]]], [[[-65.4637, 43.482], [-65.4648, 43.4824], [-65.4637, 43.482]]], [[[-65.6253, 43.4662], [-65.6248, 43.4665], [-65.6259, 43.4664], [-65.6253, 43.4662]]], [[[-65.6445, 43.5077], [-65.6453, 43.508], [-65.6445, 43.5077]]], [[[-64.9601, 43.8443], [-64.9593, 43.8447], [-64.9601, 43.8443]]], [[[-65.7011, 43.4889], [-65.7018, 43.4887], [-65.7014, 43.4885], [-65.7011, 43.4889]]], [[[-65.7424, 43.558], [-65.7423, 43.5587], [-65.7427, 43.5582], [-65.7424, 43.558]]], [[[-65.3408, 43.6863], [-65.3405, 43.6872], [-65.3408, 43.6863]]], [[[-65.674, 43.4878], [-65.6733, 43.4881], [-65.674, 43.4878]]], [[[-65.144, 43.7235], [-65.1434, 43.724], [-65.144, 43.7235]]], [[[-65.6279, 43.4689], [-65.6276, 43.4697], [-65.6279, 43.4689]]], [[[-64.9648, 43.8434], [-64.9644, 43.8437], [-64.9653, 43.8434], [-64.9648, 43.8434]]], [[[-65.3318, 43.7569], [-65.3324, 43.7564], [-65.3318, 43.7569]]], [[[-65.7385, 43.5386], [-65.7383, 43.5392], [-65.7392, 43.5387], [-65.7385, 43.5386]]], [[[-65.3326, 43.5314], [-65.3319, 43.5321], [-65.3326, 43.5314]]], [[[-65.0083, 43.7918], [-65.0082, 43.7927], [-65.0083, 43.7918]]], [[[-65.1053, 43.6737], [-65.1053, 43.6748], [-65.1053, 43.6737]]], [[[-65.1025, 43.6845], [-65.1029, 43.6856], [-65.1025, 43.6845]]], [[[-65.6457, 43.5079], [-65.6463, 43.5087], [-65.6457, 43.5079]]], [[[-65.631, 43.4194], [-65.6303, 43.4198], [-65.631, 43.4194]]], [[[-65.7066, 43.4826], [-65.7073, 43.4823], [-65.7066, 43.4826]]], [[[-65.4412, 43.4534], [-65.4418, 43.454], [-65.4412, 43.4534]]], [[[-65.4605, 43.4882], [-65.4614, 43.4886], [-65.4605, 43.4882]]], [[[-65.1016, 43.6985], [-65.1016, 43.6998], [-65.1016, 43.6985]]], [[[-65.2246, 43.7108], [-65.2245, 43.7116], [-65.2246, 43.7108]]], [[[-65.1209, 43.6813], [-65.1204, 43.6822], [-65.1209, 43.6813]]], [[[-65.674, 43.4773], [-65.6731, 43.4777], [-65.674, 43.4773]]], [[[-65.443, 43.5088], [-65.4432, 43.5101], [-65.443, 43.5088]]], [[[-65.6733, 43.4718], [-65.6725, 43.4725], [-65.6733, 43.4718]]], [[[-65.6217, 43.4283], [-65.6218, 43.427], [-65.6217, 43.4283]]], [[[-64.9677, 43.8492], [-64.9679, 43.8502], [-64.9677, 43.8492]]], [[[-65.7626, 43.5393], [-65.7629, 43.5407], [-65.7626, 43.5393]]], [[[-65.4356, 43.5534], [-65.4366, 43.554], [-65.4356, 43.5534]]], [[[-65.6275, 43.4298], [-65.6273, 43.4306], [-65.6275, 43.4298]]], [[[-65.672, 43.491], [-65.6714, 43.4917], [-65.672, 43.491]]], [[[-65.673, 43.4734], [-65.6724, 43.474], [-65.673, 43.4734]]], [[[-65.7393, 43.5527], [-65.7394, 43.5535], [-65.7393, 43.5527]]], [[[-65.7718, 43.5202], [-65.7733, 43.5206], [-65.7718, 43.5202]]], [[[-65.7429, 43.5483], [-65.7439, 43.5492], [-65.7429, 43.5483]]], [[[-65.6216, 43.4754], [-65.6225, 43.4753], [-65.6216, 43.4754]]], [[[-65.5767, 43.4993], [-65.5753, 43.4988], [-65.5767, 43.4993]]], [[[-65.7819, 43.5169], [-65.7818, 43.5181], [-65.7819, 43.5169]]], [[[-64.9371, 43.8186], [-64.9367, 43.8197], [-64.9371, 43.8186]]], [[[-65.142, 43.7378], [-65.1425, 43.739], [-65.142, 43.7378]]], [[[-65.6749, 43.4765], [-65.6757, 43.4774], [-65.6749, 43.4765]]], [[[-65.1009, 43.7048], [-65.1013, 43.7057], [-65.1009, 43.7048]]], [[[-65.6418, 43.4236], [-65.6423, 43.4244], [-65.6418, 43.4236]]], [[[-65.0985, 43.7324], [-65.0977, 43.7316], [-65.0985, 43.7324]]], [[[-65.7435, 43.5391], [-65.7429, 43.5398], [-65.7435, 43.5391]]], [[[-65.1473, 43.7281], [-65.147, 43.7289], [-65.1473, 43.7281]]], [[[-65.7088, 43.4877], [-65.7082, 43.4887], [-65.7088, 43.4877]]], [[[-65.4636, 43.4919], [-65.4631, 43.4928], [-65.4636, 43.4919]]], [[[-65.3698, 43.7255], [-65.3692, 43.7263], [-65.3698, 43.7255]]], [[[-65.1171, 43.7095], [-65.1181, 43.7102], [-65.1171, 43.7095]]], [[[-65.6289, 43.508], [-65.6288, 43.5092], [-65.6289, 43.508]]], [[[-65.4309, 43.5161], [-65.4308, 43.5171], [-65.4309, 43.5161]]], [[[-65.1201, 43.6807], [-65.121, 43.6804], [-65.1203, 43.6797], [-65.1201, 43.6807]]], [[[-65.0991, 43.6548], [-65.0991, 43.6564], [-65.0991, 43.6548]]], [[[-64.9698, 43.7467], [-64.9699, 43.7483], [-64.9698, 43.7467]]], [[[-65.5946, 43.5296], [-65.5961, 43.5295], [-65.5946, 43.5296]]], [[[-65.675, 43.4696], [-65.6747, 43.4705], [-65.6756, 43.4703], [-65.675, 43.4696]]], [[[-65.6847, 43.4944], [-65.6854, 43.4954], [-65.6847, 43.4944]]], [[[-65.6967, 43.4934], [-65.6969, 43.4926], [-65.6958, 43.4929], [-65.6967, 43.4934]]], [[[-65.5569, 43.5372], [-65.557, 43.5384], [-65.5569, 43.5372]]], [[[-65.6974, 43.4911], [-65.6965, 43.4919], [-65.6974, 43.4911]]], [[[-65.0852, 43.7137], [-65.0847, 43.7152], [-65.0852, 43.7137]]], [[[-65.6182, 43.4264], [-65.6183, 43.4253], [-65.6182, 43.4264]]], [[[-65.4259, 43.5775], [-65.4273, 43.5781], [-65.4259, 43.5775]]], [[[-65.4366, 43.5255], [-65.4363, 43.5269], [-65.4373, 43.5259], [-65.4366, 43.5255]]], [[[-65.3617, 43.7202], [-65.363, 43.7202], [-65.3617, 43.7202]]], [[[-65.5519, 43.5381], [-65.553, 43.5381], [-65.5523, 43.5372], [-65.5519, 43.5381]]], [[[-65.7403, 43.5328], [-65.7412, 43.5335], [-65.7403, 43.5328]]], [[[-65.1678, 43.6958], [-65.1675, 43.6972], [-65.1678, 43.6958]]], [[[-65.6203, 43.4737], [-65.62, 43.4747], [-65.6213, 43.4741], [-65.6203, 43.4737]]], [[[-65.5649, 43.4631], [-65.5661, 43.4627], [-65.5649, 43.4631]]], [[[-65.5884, 43.5381], [-65.5896, 43.5383], [-65.5892, 43.5374], [-65.5884, 43.5381]]], [[[-64.9611, 43.8453], [-64.9621, 43.8456], [-64.9611, 43.8453]]], [[[-65.5622, 43.5501], [-65.5615, 43.5508], [-65.5631, 43.551], [-65.5622, 43.5501]]], [[[-65.4577, 43.4898], [-65.4588, 43.4904], [-65.4577, 43.4898]]], [[[-64.9365, 43.7559], [-64.936, 43.7569], [-64.9365, 43.7559]]], [[[-65.1, 43.7097], [-65.0998, 43.7108], [-65.1011, 43.71], [-65.1, 43.7097]]], [[[-65.3334, 43.5274], [-65.3329, 43.5294], [-65.3334, 43.5274]]], [[[-65.4306, 43.5829], [-65.4301, 43.584], [-65.4312, 43.5834], [-65.4306, 43.5829]]], [[[-65.6269, 43.4688], [-65.6284, 43.4683], [-65.6269, 43.4688]]], [[[-65.0103, 43.7708], [-65.0092, 43.7718], [-65.0103, 43.7708]]], [[[-65.0109, 43.7705], [-65.0128, 43.7703], [-65.0109, 43.7705]]], [[[-65.019, 43.6938], [-65.0201, 43.6951], [-65.019, 43.6938]]], [[[-65.1449, 43.7378], [-65.1476, 43.7378], [-65.1449, 43.7378]]], [[[-65.4846, 43.5084], [-65.4863, 43.5092], [-65.4846, 43.5084]]], [[[-65.3784, 43.4666], [-65.3801, 43.4672], [-65.3792, 43.4659], [-65.3784, 43.4666]]], [[[-65.1217, 43.6651], [-65.1217, 43.6674], [-65.1217, 43.6651]]], [[[-65.4617, 43.4883], [-65.463, 43.4879], [-65.4616, 43.4875], [-65.4617, 43.4883]]], [[[-65.4388, 43.5586], [-65.4403, 43.5616], [-65.4388, 43.5586]]], [[[-65.1615, 43.7272], [-65.1622, 43.7286], [-65.1627, 43.7274], [-65.1615, 43.7272]]], [[[-65.0851, 43.7392], [-65.0843, 43.7412], [-65.0851, 43.7392]]], [[[-65.6817, 43.4988], [-65.6828, 43.5001], [-65.683, 43.4989], [-65.6817, 43.4988]]], [[[-65.028, 43.8145], [-65.0302, 43.8149], [-65.0292, 43.8138], [-65.028, 43.8145]]], [[[-65.7715, 43.5017], [-65.7691, 43.5034], [-65.772, 43.5026], [-65.7715, 43.5017]]], [[[-65.6549, 43.5061], [-65.6566, 43.5056], [-65.6555, 43.5051], [-65.6549, 43.5061]]], [[[-65.1226, 43.6844], [-65.1228, 43.6862], [-65.1237, 43.6847], [-65.1226, 43.6844]]], [[[-65.0028, 43.7658], [-65.0051, 43.767], [-65.0028, 43.7658]]], [[[-65.1637, 43.7164], [-65.1635, 43.7199], [-65.1637, 43.7164]]], [[[-65.7493, 43.5309], [-65.7488, 43.5325], [-65.7512, 43.5314], [-65.7493, 43.5309]]], [[[-65.624, 43.4305], [-65.6237, 43.4317], [-65.6262, 43.4311], [-65.624, 43.4305]]], [[[-65.4376, 43.5736], [-65.4403, 43.5735], [-65.4376, 43.5736]]], [[[-65.7427, 43.5365], [-65.7415, 43.5378], [-65.7436, 43.5372], [-65.7427, 43.5365]]], [[[-65.163, 43.7228], [-65.1616, 43.7258], [-65.163, 43.7228]]], [[[-65.0, 43.7429], [-65.0032, 43.7438], [-65.0, 43.7429]]], [[[-65.6251, 43.5131], [-65.6255, 43.5111], [-65.6238, 43.512], [-65.6251, 43.5131]]], [[[-65.1124, 43.7102], [-65.1125, 43.7124], [-65.1138, 43.7127], [-65.1124, 43.7102]]], [[[-65.1248, 43.6804], [-65.1255, 43.6782], [-65.1241, 43.6792], [-65.1248, 43.6804]]], [[[-65.2106, 43.668], [-65.2097, 43.6714], [-65.2106, 43.668]]], [[[-65.4521, 43.493], [-65.4542, 43.492], [-65.4516, 43.4915], [-65.4521, 43.493]]], [[[-64.9615, 43.7531], [-64.9611, 43.7504], [-64.9601, 43.7521], [-64.9615, 43.7531]]], [[[-65.5555, 43.5347], [-65.5535, 43.5364], [-65.5565, 43.5356], [-65.5555, 43.5347]]], [[[-65.3768, 43.4733], [-65.3755, 43.4771], [-65.3768, 43.4733]]], [[[-65.6942, 43.4975], [-65.696, 43.4969], [-65.6952, 43.4954], [-65.6942, 43.4975]]], [[[-65.1056, 43.7062], [-65.105, 43.7098], [-65.1056, 43.7062]]], [[[-65.7645, 43.5089], [-65.7683, 43.5097], [-65.7645, 43.5089]]], [[[-64.9693, 43.7488], [-64.9745, 43.7494], [-64.9693, 43.7488]]], [[[-65.6353, 43.4261], [-65.6394, 43.4262], [-65.6353, 43.4261]]], [[[-65.3323, 43.7622], [-65.3308, 43.7596], [-65.3323, 43.7622]]], [[[-65.6295, 43.4181], [-65.628, 43.4155], [-65.6295, 43.4181]]], [[[-65.7598, 43.5109], [-65.7603, 43.5141], [-65.7598, 43.5109]]], [[[-65.3782, 43.4696], [-65.3791, 43.4675], [-65.3769, 43.4678], [-65.3782, 43.4696]]], [[[-65.5608, 43.5367], [-65.5614, 43.5387], [-65.5626, 43.5344], [-65.5608, 43.5367]]], [[[-65.7705, 43.532], [-65.7719, 43.5346], [-65.7729, 43.5323], [-65.7705, 43.532]]], [[[-65.6415, 43.4279], [-65.6431, 43.431], [-65.6415, 43.4279]]], [[[-65.4338, 43.5489], [-65.4382, 43.5476], [-65.4338, 43.5489]]], [[[-65.6264, 43.4274], [-65.6319, 43.4257], [-65.6264, 43.4274]]], [[[-65.0476, 43.8295], [-65.0506, 43.8291], [-65.0476, 43.8295]]], [[[-65.3193, 43.5715], [-65.3212, 43.568], [-65.3193, 43.5715]]], [[[-65.6841, 43.498], [-65.6883, 43.4968], [-65.6841, 43.498]]], [[[-65.7679, 43.5114], [-65.7686, 43.5145], [-65.7679, 43.5114]]], [[[-65.6371, 43.506], [-65.6407, 43.5068], [-65.6371, 43.506]]], [[[-65.6749, 43.4202], [-65.6795, 43.4206], [-65.6749, 43.4202]]], [[[-65.6361, 43.5045], [-65.6408, 43.5023], [-65.6361, 43.5045]]], [[[-65.2314, 43.6933], [-65.2346, 43.6821], [-65.2314, 43.6933]]], [[[-65.5868, 43.5515], [-65.5905, 43.5542], [-65.5868, 43.5515]]], [[[-65.7041, 43.4878], [-65.7078, 43.487], [-65.7041, 43.4878]]], [[[-65.0826, 43.6923], [-65.0821, 43.6982], [-65.0826, 43.6923]]], [[[-65.0337, 43.6868], [-65.0274, 43.6815], [-65.0337, 43.6868]]], [[[-65.1013, 43.6972], [-65.1027, 43.6883], [-65.1013, 43.6972]]], [[[-65.7764, 43.5059], [-65.7712, 43.5101], [-65.7764, 43.5059]]], [[[-65.6446, 43.4163], [-65.6472, 43.4077], [-65.6446, 43.4163]]], [[[-65.3978, 43.4659], [-65.3966, 43.4762], [-65.3978, 43.4659]]], [[[-65.7659, 43.5285], [-65.7711, 43.5289], [-65.7693, 43.5238], [-65.7659, 43.5285]]], [[[-65.6477, 43.4295], [-65.6517, 43.4276], [-65.6481, 43.4191], [-65.6477, 43.4295]]], [[[-65.7633, 43.5184], [-65.7621, 43.5113], [-65.7633, 43.5184]]], [[[-64.9673, 43.7447], [-64.969, 43.7371], [-64.9673, 43.7447]]], [[[-65.7074, 43.4859], [-65.7171, 43.4883], [-65.7188, 43.4819], [-65.7074, 43.4859]]], [[[-65.304, 43.5987], [-65.3077, 43.6073], [-65.3094, 43.6007], [-65.304, 43.5987]]], [[[-65.1752, 43.6878], [-65.1767, 43.6773], [-65.1708, 43.6838], [-65.1752, 43.6878]]], [[[-65.44, 43.5292], [-65.4412, 43.5084], [-65.44, 43.5292]]], [[[-65.6197, 43.4025], [-65.651, 43.4046], [-65.6197, 43.4025]]], [[[-65.6001, 43.5432], [-65.6012, 43.5326], [-65.5936, 43.5303], [-65.6001, 43.5432]]], [[[-65.7852, 43.553], [-65.8038, 43.5402], [-65.7852, 43.553]]], [[[-65.7123, 43.477], [-65.7204, 43.4736], [-65.7108, 43.4651], [-65.7057, 43.4714], [-65.7123, 43.477]]], [[[-65.7579, 43.4818], [-65.7436, 43.4559], [-65.7579, 43.4818]]], [[[-65.3756, 43.5287], [-65.3454, 43.5056], [-65.3756, 43.5287]]], [[[-65.3017, 43.6599], [-65.2995, 43.6266], [-65.2633, 43.6224], [-65.3017, 43.6599]]], [[[-65.4262, 43.5478], [-65.4195, 43.4841], [-65.3953, 43.482], [-65.4262, 43.5478]]], [[[-65.6061, 43.5138], [-65.6042, 43.47], [-65.6556, 43.4571], [-65.6193, 43.4071], [-65.5567, 43.4853], [-65.6061, 43.5138]]], [[[-65.3958, 44.2323], [-65.6487, 43.7472], [-65.6108, 43.6399], [-65.7801, 43.5956], [-65.7859, 43.5642], [-65.7581, 43.5357], [-65.7535, 43.5729], [-65.7383, 43.5661], [-65.7279, 43.4905], [-65.6787, 43.5029], [-65.6554, 43.4814], [-65.6534, 43.5111], [-65.6106, 43.5198], [-65.5753, 43.5671], [-65.4709, 43.449], [-65.4571, 43.4831], [-65.4709, 43.4731], [-65.492, 43.5128], [-65.4473, 43.5286], [-65.4607, 43.5573], [-65.4317, 43.5497], [-65.468, 43.6051], [-65.4043, 43.5508], [-65.3703, 43.572], [-65.3402, 43.5366], [-65.3344, 43.5783], [-65.3694, 43.6035], [-65.3233, 43.6052], [-65.3492, 43.6307], [-65.3269, 43.6772], [-65.3782, 43.7485], [-65.3388, 43.7294], [-65.328, 43.7697], [-65.3233, 43.6905], [-65.236, 43.657], [-65.2352, 43.7015], [-65.217, 43.6994], [-65.26, 43.7696], [-65.2349, 43.7652], [-65.2336, 43.8142], [-65.1777, 43.6981], [-65.1427, 43.7416], [-65.1282, 43.6525], [-65.0924, 43.7499], [-65.0752, 43.7504], [-65.0683, 43.6857], [-64.9998, 43.7302], [-65.012, 43.7915], [-65.054, 43.8327], [-65.0225, 43.8205], [-64.9786, 43.7441], [-64.9244, 43.7946], [-64.9738, 43.8732], [-65.3958, 44.2323]], [[-65.5017, 43.4988], [-65.5002, 43.4947], [-65.5017, 43.4988]]]]}}, {"type": "Feature", "properties": {"osm_type": "relation", "osm_id": 377908615, "name": "Yarmouth", "admin_level": "6", "kind": "subdivision_2", "parent_osm_id": 390558, "parent_name": "Nova Scotia", "parent_iso": "CA-NS"}, "geometry": {"type": "MultiPolygon", "coordinates": [[[[-66.1479, 43.8646], [-66.1481, 43.8647], [-66.1482, 43.8645], [-66.1479, 43.8646]]], [[[-65.8689, 43.7348], [-65.8688, 43.735], [-65.869, 43.735], [-65.8689, 43.7348]]], [[[-66.0495, 43.7294], [-66.0495, 43.7295], [-66.0499, 43.7294], [-66.0495, 43.7294]]], [[[-65.9204, 43.8257], [-65.9203, 43.8259], [-65.9205, 43.8259], [-65.9204, 43.8257]]], [[[-66.1347, 43.8076], [-66.1346, 43.8079], [-66.1348, 43.8078], [-66.1347, 43.8076]]], [[[-65.9952, 43.701], [-65.9954, 43.7008], [-65.9951, 43.7007], [-65.9952, 43.701]]], [[[-66.0535, 43.7252], [-66.0535, 43.7254], [-66.0538, 43.7253], [-66.0535, 43.7252]]], [[[-65.9249, 43.7566], [-65.9248, 43.7567], [-65.9252, 43.7568], [-65.9249, 43.7566]]], [[[-65.941, 43.7367], [-65.9409, 43.737], [-65.9411, 43.7369], [-65.941, 43.7367]]], [[[-65.7779, 43.6874], [-65.7781, 43.6877], [-65.7781, 43.6874], [-65.7779, 43.6874]]], [[[-65.7844, 43.6425], [-65.7844, 43.6428], [-65.7847, 43.6425], [-65.7844, 43.6425]]], [[[-65.9199, 43.8152], [-65.9201, 43.8154], [-65.9203, 43.8153], [-65.9199, 43.8152]]], [[[-65.7825, 43.6319], [-65.7823, 43.6322], [-65.7826, 43.6321], [-65.7825, 43.6319]]], [[[-66.053, 43.72], [-66.0528, 43.7202], [-66.0531, 43.7201], [-66.053, 43.72]]], [[[-65.9711, 43.7681], [-65.9711, 43.7683], [-65.9714, 43.7683], [-65.9711, 43.7681]]], [[[-65.9534, 43.757], [-65.9532, 43.7573], [-65.9536, 43.7572], [-65.9534, 43.757]]], [[[-65.892, 43.7744], [-65.8923, 43.7746], [-65.8923, 43.7744], [-65.892, 43.7744]]], [[[-65.947, 43.694], [-65.947, 43.6944], [-65.9472, 43.6941], [-65.947, 43.694]]], [[[-65.9239, 43.8288], [-65.9238, 43.8291], [-65.924, 43.8291], [-65.9239, 43.8288]]], [[[-65.8445, 43.7314], [-65.8445, 43.7317], [-65.8448, 43.7315], [-65.8445, 43.7314]]], [[[-65.8658, 43.7542], [-65.8657, 43.7545], [-65.866, 43.7543], [-65.8658, 43.7542]]], [[[-65.7893, 43.6238], [-65.7889, 43.6241], [-65.7894, 43.6239], [-65.7893, 43.6238]]], [[[-65.8666, 43.756], [-65.8663, 43.7562], [-65.8667, 43.7561], [-65.8666, 43.756]]], [[[-65.7938, 43.6598], [-65.7937, 43.66], [-65.7941, 43.6602], [-65.7938, 43.6598]]], [[[-65.8236, 43.6362], [-65.8234, 43.6365], [-65.8236, 43.6365], [-65.8236, 43.6362]]], [[[-65.9319, 43.7653], [-65.9319, 43.7656], [-65.9321, 43.7654], [-65.9319, 43.7653]]], [[[-65.8606, 43.7951], [-65.8605, 43.7953], [-65.8608, 43.7955], [-65.8606, 43.7951]]], [[[-65.7869, 43.6412], [-65.7866, 43.6413], [-65.7867, 43.6416], [-65.7869, 43.6412]]], [[[-66.0576, 43.6531], [-66.0574, 43.6534], [-66.0578, 43.6532], [-66.0576, 43.6531]]], [[[-65.8786, 43.7326], [-65.8788, 43.733], [-65.8788, 43.7327], [-65.8786, 43.7326]]], [[[-66.1366, 43.8747], [-66.137, 43.8751], [-66.1368, 43.8747], [-66.1366, 43.8747]]], [[[-65.8571, 43.7659], [-65.857, 43.7663], [-65.8573, 43.7661], [-65.8571, 43.7659]]], [[[-65.914, 43.7509], [-65.9139, 43.7512], [-65.9142, 43.7511], [-65.914, 43.7509]]], [[[-65.9213, 43.7511], [-65.9212, 43.7514], [-65.9216, 43.7514], [-65.9213, 43.7511]]], [[[-65.9134, 43.7513], [-65.9134, 43.7516], [-65.9138, 43.7515], [-65.9134, 43.7513]]], [[[-66.1469, 43.8091], [-66.147, 43.8097], [-66.1471, 43.8092], [-66.1469, 43.8091]]], [[[-66.1558, 43.7896], [-66.156, 43.7902], [-66.1561, 43.79], [-66.1558, 43.7896]]], [[[-65.9969, 43.7916], [-65.9966, 43.7917], [-65.9971, 43.7918], [-65.9969, 43.7916]]], [[[-65.8578, 43.7661], [-65.8575, 43.7666], [-65.858, 43.7662], [-65.8578, 43.7661]]], [[[-65.9108, 43.7326], [-65.9109, 43.7331], [-65.9111, 43.7327], [-65.9108, 43.7326]]], [[[-65.9036, 43.7001], [-65.9038, 43.7006], [-65.904, 43.7005], [-65.9036, 43.7001]]], [[[-65.9232, 43.8178], [-65.9233, 43.8183], [-65.9235, 43.8181], [-65.9232, 43.8178]]], [[[-65.9268, 43.7365], [-65.927, 43.7369], [-65.9272, 43.7366], [-65.9268, 43.7365]]], [[[-65.8991, 43.7153], [-65.899, 43.7156], [-65.8993, 43.7157], [-65.8991, 43.7153]]], [[[-65.9727, 43.7727], [-65.9727, 43.773], [-65.9732, 43.773], [-65.9727, 43.7727]]], [[[-66.0074, 43.3878], [-66.0072, 43.3883], [-66.0076, 43.3878], [-66.0074, 43.3878]]], [[[-65.9945, 43.677], [-65.9949, 43.6774], [-65.9949, 43.677], [-65.9945, 43.677]]], [[[-65.9751, 43.8731], [-65.9752, 43.8734], [-65.9755, 43.8731], [-65.9751, 43.8731]]], [[[-65.8667, 43.7565], [-65.8669, 43.7568], [-65.8673, 43.7568], [-65.8667, 43.7565]]], [[[-65.8514, 43.757], [-65.8514, 43.7574], [-65.8518, 43.7573], [-65.8514, 43.757]]], [[[-65.8643, 43.7963], [-65.8637, 43.7964], [-65.8642, 43.7965], [-65.8643, 43.7963]]], [[[-66.1264, 43.8174], [-66.1263, 43.8177], [-66.1268, 43.8178], [-66.1264, 43.8174]]], [[[-66.0411, 43.4132], [-66.0408, 43.4135], [-66.0412, 43.4137], [-66.0411, 43.4132]]], [[[-65.9036, 43.7162], [-65.9031, 43.7166], [-65.9038, 43.7164], [-65.9036, 43.7162]]], [[[-66.0265, 43.6573], [-66.0261, 43.6574], [-66.0268, 43.6575], [-66.0265, 43.6573]]], [[[-65.9539, 43.7555], [-65.9541, 43.756], [-65.9544, 43.7559], [-65.9539, 43.7555]]], [[[-66.1432, 43.8122], [-66.1431, 43.8123], [-66.1437, 43.8126], [-66.1432, 43.8122]]], [[[-65.8736, 43.7471], [-65.8735, 43.7475], [-65.8739, 43.7476], [-65.8736, 43.7471]]], [[[-65.8587, 43.7513], [-65.8582, 43.7517], [-65.8584, 43.7518], [-65.8587, 43.7513]]], [[[-66.068, 43.7275], [-66.0675, 43.7278], [-66.0686, 43.7275], [-66.068, 43.7275]]], [[[-65.7893, 43.6399], [-65.7896, 43.6405], [-65.7895, 43.6399], [-65.7893, 43.6399]]], [[[-65.9802, 43.8582], [-65.98, 43.8587], [-65.9805, 43.8584], [-65.9802, 43.8582]]], [[[-65.9326, 43.8223], [-65.9325, 43.8226], [-65.933, 43.8226], [-65.9326, 43.8223]]], [[[-66.0095, 43.6758], [-66.0105, 43.676], [-66.0095, 43.6758]]], [[[-66.1431, 43.8743], [-66.1425, 43.8749], [-66.1431, 43.8743]]], [[[-65.9939, 43.6724], [-65.9935, 43.6724], [-65.9945, 43.6727], [-65.9939, 43.6724]]], [[[-65.9921, 43.7849], [-65.9928, 43.7852], [-65.9921, 43.7849]]], [[[-65.9666, 43.8807], [-65.9659, 43.881], [-65.9666, 43.8807]]], [[[-65.7733, 43.6743], [-65.7736, 43.675], [-65.7733, 43.6743]]], [[[-66.1283, 43.8358], [-66.1282, 43.8364], [-66.1285, 43.8363], [-66.1283, 43.8358]]], [[[-66.1171, 43.7427], [-66.1162, 43.7433], [-66.1171, 43.7427]]], [[[-65.8996, 43.7366], [-65.8995, 43.737], [-65.9, 43.737], [-65.8996, 43.7366]]], [[[-65.8519, 43.7279], [-65.8521, 43.7283], [-65.8526, 43.7281], [-65.8519, 43.7279]]], [[[-66.0542, 43.7261], [-66.0545, 43.7258], [-66.0536, 43.7259], [-66.0542, 43.7261]]], [[[-65.9205, 43.7504], [-65.921, 43.7509], [-65.9209, 43.7505], [-65.9205, 43.7504]]], [[[-65.8436, 43.7654], [-65.8435, 43.7661], [-65.8439, 43.766], [-65.8436, 43.7654]]], [[[-65.97, 43.764], [-65.9699, 43.7644], [-65.9704, 43.7643], [-65.97, 43.764]]], [[[-65.9052, 43.7812], [-65.9049, 43.7815], [-65.9055, 43.7818], [-65.9052, 43.7812]]], [[[-65.9742, 43.8792], [-65.9741, 43.8796], [-65.9747, 43.8796], [-65.9742, 43.8792]]], [[[-65.9, 43.7874], [-65.8997, 43.7876], [-65.9006, 43.7877], [-65.9, 43.7874]]], [[[-65.9951, 43.6983], [-65.9954, 43.6991], [-65.9951, 43.6983]]], [[[-65.9945, 43.6958], [-65.9941, 43.6959], [-65.9946, 43.6964], [-65.9945, 43.6958]]], [[[-66.1436, 43.6853], [-66.1428, 43.6857], [-66.1436, 43.6853]]], [[[-65.908, 43.7346], [-65.9078, 43.7353], [-65.9081, 43.7352], [-65.908, 43.7346]]], [[[-65.8118, 43.6319], [-65.8113, 43.6325], [-65.8118, 43.6319]]], [[[-65.9997, 43.796], [-66.0013, 43.7963], [-65.9997, 43.796]]], [[[-65.922, 43.7573], [-65.9218, 43.758], [-65.9223, 43.7578], [-65.922, 43.7573]]], [[[-65.7761, 43.6884], [-65.7766, 43.6882], [-65.7763, 43.6879], [-65.7761, 43.6884]]], [[[-65.9039, 43.7444], [-65.904, 43.7456], [-65.9039, 43.7444]]], [[[-65.9986, 43.7905], [-65.9996, 43.7909], [-65.9986, 43.7905]]], [[[-65.9246, 43.7499], [-65.9242, 43.7506], [-65.9246, 43.7499]]], [[[-65.91, 43.7284], [-65.9111, 43.7286], [-65.91, 43.7284]]], [[[-66.1242, 43.833], [-66.1241, 43.8339], [-66.1242, 43.833]]], [[[-65.9096, 43.8011], [-65.9106, 43.8012], [-65.9096, 43.8011]]], [[[-66.041, 43.7292], [-66.0418, 43.7293], [-66.041, 43.7292]]], [[[-65.8467, 43.7611], [-65.8467, 43.7617], [-65.8471, 43.7614], [-65.8467, 43.7611]]], [[[-66.0011, 43.8047], [-66.0017, 43.8055], [-66.0011, 43.8047]]], [[[-65.8616, 43.7958], [-65.861, 43.7959], [-65.8622, 43.7961], [-65.8616, 43.7958]]], [[[-65.9526, 43.7596], [-65.9525, 43.7603], [-65.9529, 43.7602], [-65.9526, 43.7596]]], [[[-66.0243, 43.6179], [-66.0247, 43.6189], [-66.0243, 43.6179]]], [[[-65.8724, 43.8004], [-65.8722, 43.8012], [-65.8724, 43.8004]]], [[[-65.7889, 43.639], [-65.7886, 43.6398], [-65.7889, 43.639]]], [[[-66.139, 43.8328], [-66.1388, 43.8336], [-66.139, 43.8328]]], [[[-65.9308, 43.7504], [-65.9312, 43.7506], [-65.9305, 43.7499], [-65.9308, 43.7504]]], [[[-65.8522, 43.717], [-65.8528, 43.7178], [-65.8522, 43.717]]], [[[-65.874, 43.7576], [-65.8752, 43.7579], [-65.874, 43.7576]]], [[[-66.1044, 43.7463], [-66.1047, 43.7472], [-66.1044, 43.7463]]], [[[-65.9419, 43.6994], [-65.9422, 43.7002], [-65.9419, 43.6994]]], [[[-65.8639, 43.7467], [-65.8645, 43.7476], [-65.8639, 43.7467]]], [[[-65.8667, 43.7505], [-65.8685, 43.7507], [-65.8667, 43.7505]]], [[[-65.9547, 43.7563], [-65.9555, 43.757], [-65.9547, 43.7563]]], [[[-66.055, 43.7334], [-66.0553, 43.7341], [-66.055, 43.7334]]], [[[-65.9978, 43.7919], [-65.9986, 43.7924], [-65.9978, 43.7919]]], [[[-66.0015, 43.8395], [-66.0012, 43.8404], [-66.0015, 43.8395]]], [[[-65.8996, 43.7344], [-65.8998, 43.7355], [-65.8996, 43.7344]]], [[[-65.8511, 43.7023], [-65.8507, 43.7035], [-65.8511, 43.7023]]], [[[-66.0925, 43.7612], [-66.0922, 43.7619], [-66.0925, 43.7612]]], [[[-65.9204, 43.7484], [-65.9202, 43.7492], [-65.9204, 43.7484]]], [[[-65.7809, 43.6739], [-65.7811, 43.6751], [-65.7809, 43.6739]]], [[[-66.1563, 43.891], [-66.1556, 43.8902], [-66.1563, 43.891]]], [[[-65.9219, 43.8146], [-65.9225, 43.8152], [-65.9219, 43.8146]]], [[[-65.7835, 43.6456], [-65.7829, 43.6457], [-65.784, 43.6461], [-65.7835, 43.6456]]], [[[-66.0294, 43.6221], [-66.0303, 43.6224], [-66.0294, 43.6221]]], [[[-65.9917, 43.6643], [-65.9929, 43.6645], [-65.9917, 43.6643]]], [[[-65.896, 43.7074], [-65.8951, 43.7083], [-65.896, 43.7074]]], [[[-65.9578, 43.7596], [-65.9587, 43.76], [-65.9578, 43.7596]]], [[[-65.931, 43.7636], [-65.9312, 43.7647], [-65.931, 43.7636]]], [[[-66.0559, 43.6544], [-66.0577, 43.6547], [-66.0559, 43.6544]]], [[[-65.7792, 43.6848], [-65.7795, 43.6858], [-65.7792, 43.6848]]], [[[-66.029, 43.6505], [-66.0296, 43.6513], [-66.029, 43.6505]]], [[[-65.9241, 43.8191], [-65.9241, 43.8201], [-65.9241, 43.8191]]], [[[-65.9219, 43.7548], [-65.9228, 43.7547], [-65.9222, 43.7539], [-65.9219, 43.7548]]], [[[-66.1422, 43.8125], [-66.141, 43.8133], [-66.1422, 43.8125]]], [[[-66.0063, 43.6672], [-66.0074, 43.6681], [-66.0063, 43.6672]]], [[[-65.842, 43.74], [-65.8425, 43.7414], [-65.842, 43.74]]], [[[-66.1394, 43.8317], [-66.1401, 43.8325], [-66.1394, 43.8317]]], [[[-65.8437, 43.7637], [-65.8441, 43.7649], [-65.8437, 43.7637]]], [[[-65.9014, 43.6977], [-65.9018, 43.6989], [-65.9014, 43.6977]]], [[[-65.9234, 43.7566], [-65.923, 43.7575], [-65.9241, 43.757], [-65.9234, 43.7566]]], [[[-65.9796, 43.7852], [-65.9794, 43.7865], [-65.9796, 43.7852]]], [[[-65.8571, 43.767], [-65.8556, 43.7673], [-65.8571, 43.767]]], [[[-65.8619, 43.7422], [-65.8633, 43.7424], [-65.8619, 43.7422]]], [[[-65.8467, 43.7434], [-65.846, 43.7444], [-65.8467, 43.7434]]], [[[-66.045, 43.6628], [-66.0454, 43.6619], [-66.045, 43.6628]]], [[[-66.1483, 43.6376], [-66.1486, 43.6391], [-66.1483, 43.6376]]], [[[-65.7826, 43.6442], [-65.7829, 43.6452], [-65.7835, 43.6444], [-65.7826, 43.6442]]], [[[-65.8742, 43.7404], [-65.8758, 43.7401], [-65.8746, 43.7395], [-65.8742, 43.7404]]], [[[-65.9659, 43.7591], [-65.9675, 43.76], [-65.9659, 43.7591]]], [[[-65.9486, 43.7381], [-65.9486, 43.7394], [-65.9486, 43.7381]]], [[[-65.8966, 43.7214], [-65.8959, 43.7232], [-65.8966, 43.7214]]], [[[-65.932, 43.7425], [-65.9315, 43.7436], [-65.9325, 43.7444], [-65.932, 43.7425]]], [[[-65.9069, 43.6908], [-65.9072, 43.6929], [-65.9069, 43.6908]]], [[[-65.9285, 43.7393], [-65.9291, 43.7417], [-65.9285, 43.7393]]], [[[-65.7899, 43.6412], [-65.7893, 43.6426], [-65.7906, 43.6423], [-65.7899, 43.6412]]], [[[-65.7783, 43.638], [-65.7787, 43.6397], [-65.7783, 43.638]]], [[[-66.1394, 43.7846], [-66.1405, 43.7825], [-66.1394, 43.7846]]], [[[-66.1265, 43.8369], [-66.1268, 43.8381], [-66.1281, 43.8374], [-66.1265, 43.8369]]], [[[-65.8658, 43.6909], [-65.8668, 43.6926], [-65.8675, 43.6921], [-65.8658, 43.6909]]], [[[-66.0268, 43.665], [-66.0254, 43.6659], [-66.0268, 43.6661], [-66.0268, 43.665]]], [[[-66.0165, 43.6775], [-66.0172, 43.6757], [-66.0161, 43.6761], [-66.0165, 43.6775]]], [[[-65.8661, 43.7522], [-65.8662, 43.7535], [-65.8674, 43.7533], [-65.8661, 43.7522]]], [[[-66.0429, 43.7363], [-66.0431, 43.7374], [-66.0451, 43.7368], [-66.0429, 43.7363]]], [[[-65.864, 43.7454], [-65.8626, 43.7465], [-65.8647, 43.7461], [-65.864, 43.7454]]], [[[-65.7749, 43.6882], [-65.7752, 43.69], [-65.7759, 43.6888], [-65.7749, 43.6882]]], [[[-65.9055, 43.7271], [-65.9067, 43.7298], [-65.9055, 43.7271]]], [[[-66.0497, 43.7288], [-66.0511, 43.7261], [-66.0497, 43.7288]]], [[[-65.9307, 43.6856], [-65.9315, 43.6891], [-65.9307, 43.6856]]], [[[-65.976, 43.7968], [-65.9777, 43.797], [-65.9767, 43.7954], [-65.976, 43.7968]]], [[[-65.8467, 43.7195], [-65.846, 43.7202], [-65.8471, 43.7216], [-65.8467, 43.7195]]], [[[-65.8484, 43.7707], [-65.8478, 43.7729], [-65.8487, 43.7726], [-65.8484, 43.7707]]], [[[-65.8629, 43.7215], [-65.8619, 43.7225], [-65.8632, 43.7234], [-65.8629, 43.7215]]], [[[-65.7819, 43.6327], [-65.781, 43.6339], [-65.7819, 43.6349], [-65.7819, 43.6327]]], [[[-66.1216, 43.8461], [-66.1234, 43.8464], [-66.1237, 43.845], [-66.1216, 43.8461]]], [[[-65.9104, 43.7304], [-65.9105, 43.7324], [-65.9115, 43.7316], [-65.9104, 43.7304]]], [[[-65.8242, 43.6939], [-65.8236, 43.6907], [-65.8242, 43.6939]]], [[[-65.8443, 43.7284], [-65.8439, 43.7303], [-65.8451, 43.7292], [-65.8443, 43.7284]]], [[[-66.1151, 43.7433], [-66.1147, 43.7459], [-66.1163, 43.7453], [-66.1151, 43.7433]]], [[[-66.0232, 43.6094], [-66.0249, 43.6119], [-66.0232, 43.6094]]], [[[-65.9969, 43.8297], [-65.9967, 43.8308], [-65.9983, 43.8311], [-65.9969, 43.8297]]], [[[-65.8588, 43.7671], [-65.8606, 43.7676], [-65.8593, 43.7661], [-65.8588, 43.7671]]], [[[-65.8555, 43.7198], [-65.8569, 43.7189], [-65.8543, 43.7188], [-65.8555, 43.7198]]], [[[-66.0034, 43.6625], [-66.0043, 43.6626], [-66.0025, 43.6604], [-66.0034, 43.6625]]], [[[-65.931, 43.7321], [-65.932, 43.7342], [-65.9325, 43.733], [-65.931, 43.7321]]], [[[-65.7718, 43.6742], [-65.7712, 43.6754], [-65.7723, 43.6767], [-65.7718, 43.6742]]], [[[-65.8516, 43.776], [-65.8516, 43.7776], [-65.8538, 43.7766], [-65.8516, 43.776]]], [[[-66.0051, 43.7056], [-66.005, 43.7073], [-66.0072, 43.7062], [-66.0051, 43.7056]]], [[[-65.977, 43.6641], [-65.9791, 43.664], [-65.9753, 43.6622], [-65.977, 43.6641]]], [[[-65.8598, 43.7656], [-65.8615, 43.7657], [-65.862, 43.7637], [-65.8598, 43.7656]]], [[[-66.0401, 43.4042], [-66.0418, 43.4046], [-66.0423, 43.4029], [-66.0401, 43.4042]]], [[[-66.0075, 43.7075], [-66.0096, 43.7048], [-66.0075, 43.7075]]], [[[-65.8984, 43.73], [-65.8997, 43.7325], [-65.8985, 43.7285], [-65.8984, 43.73]]], [[[-65.8566, 43.7021], [-65.8574, 43.7057], [-65.8566, 43.7021]]], [[[-65.9223, 43.6931], [-65.9228, 43.697], [-65.9223, 43.6931]]], [[[-65.9032, 43.7268], [-65.9057, 43.7262], [-65.9041, 43.7247], [-65.9032, 43.7268]]], [[[-65.917, 43.7383], [-65.9149, 43.7396], [-65.9172, 43.7395], [-65.917, 43.7383]]], [[[-65.9164, 43.6598], [-65.9152, 43.6627], [-65.9164, 43.6598]]], [[[-65.9967, 43.8382], [-65.9937, 43.8402], [-65.9967, 43.8382]]], [[[-65.9771, 43.7634], [-65.9772, 43.766], [-65.9783, 43.7647], [-65.9771, 43.7634]]], [[[-65.9305, 43.7371], [-65.9318, 43.7406], [-65.9305, 43.7371]]], [[[-65.9075, 43.7343], [-65.9077, 43.7309], [-65.9075, 43.7343]]], [[[-66.0864, 43.747], [-66.0835, 43.7488], [-66.0864, 43.747]]], [[[-65.9738, 43.6762], [-65.9757, 43.6786], [-65.9738, 43.6762]]], [[[-66.047, 43.6529], [-66.0481, 43.6571], [-66.047, 43.6529]]], [[[-66.0303, 43.6652], [-66.0317, 43.6692], [-66.0303, 43.6652]]], [[[-66.0377, 43.6204], [-66.0359, 43.618], [-66.0357, 43.62], [-66.0377, 43.6204]]], [[[-65.9156, 43.7402], [-65.9184, 43.7413], [-65.9156, 43.7402]]], [[[-65.8521, 43.7249], [-65.8514, 43.7277], [-65.853, 43.7271], [-65.8521, 43.7249]]], [[[-66.106, 43.7492], [-66.1059, 43.7522], [-66.106, 43.7492]]], [[[-65.8274, 43.6779], [-65.8279, 43.6746], [-65.8274, 43.6779]]], [[[-66.0614, 43.6397], [-66.0627, 43.6422], [-66.0634, 43.6408], [-66.0614, 43.6397]]], [[[-65.859, 43.7388], [-65.8625, 43.7393], [-65.859, 43.7388]]], [[[-65.9145, 43.7426], [-65.912, 43.7452], [-65.9145, 43.7426]]], [[[-66.0414, 43.732], [-66.0427, 43.7352], [-66.0414, 43.732]]], [[[-65.8536, 43.7505], [-65.8561, 43.752], [-65.8552, 43.749], [-65.8536, 43.7505]]], [[[-65.9581, 43.7581], [-65.9569, 43.7553], [-65.9581, 43.7581]]], [[[-66.004, 43.6651], [-66.0053, 43.6689], [-66.004, 43.6651]]], [[[-65.8386, 43.6985], [-65.8388, 43.7022], [-65.8386, 43.6985]]], [[[-65.8584, 43.7854], [-65.8583, 43.7893], [-65.8584, 43.7854]]], [[[-65.9517, 43.7032], [-65.9507, 43.7061], [-65.9517, 43.7032]]], [[[-65.8675, 43.6654], [-65.8668, 43.6622], [-65.8675, 43.6654]]], [[[-65.8245, 43.6646], [-65.8265, 43.6594], [-65.8245, 43.6646]]], [[[-66.0419, 43.6355], [-66.0426, 43.6323], [-66.0419, 43.6355]]], [[[-66.143, 43.6902], [-66.1439, 43.6874], [-66.1416, 43.6883], [-66.143, 43.6902]]], [[[-65.8258, 43.6919], [-65.8276, 43.6963], [-65.8258, 43.6919]]], [[[-66.0482, 43.6705], [-66.0529, 43.6692], [-66.0482, 43.6705]]], [[[-66.0896, 43.7481], [-66.0924, 43.7461], [-66.0896, 43.7481]]], [[[-65.9858, 43.4667], [-65.9877, 43.4641], [-65.9858, 43.4667]]], [[[-65.9113, 43.7408], [-65.9109, 43.7378], [-65.9113, 43.7408]]], [[[-66.0607, 43.6334], [-66.0631, 43.629], [-66.0607, 43.6334]]], [[[-65.8561, 43.7275], [-65.8568, 43.7317], [-65.8561, 43.7275]]], [[[-66.0451, 43.7008], [-66.0468, 43.705], [-66.0451, 43.7008]]], [[[-66.0366, 43.6627], [-66.0369, 43.6667], [-66.0366, 43.6627]]], [[[-66.0954, 43.7685], [-66.0959, 43.7634], [-66.0954, 43.7685]]], [[[-66.0012, 43.5092], [-66.0091, 43.5051], [-66.0012, 43.5092]]], [[[-66.1042, 43.7621], [-66.1058, 43.7663], [-66.1042, 43.7621]]], [[[-65.8667, 43.6786], [-65.8655, 43.6747], [-65.8667, 43.6786]]], [[[-65.8673, 43.7282], [-65.8689, 43.7336], [-65.8673, 43.7282]]], [[[-65.8396, 43.6797], [-65.8378, 43.686], [-65.8396, 43.6797]]], [[[-65.9046, 43.7023], [-65.908, 43.7083], [-65.9046, 43.7023]]], [[[-65.7908, 43.6703], [-65.7922, 43.6638], [-65.7908, 43.6703]]], [[[-65.7842, 43.64], [-65.7842, 43.6362], [-65.7842, 43.64]]], [[[-65.9934, 43.6545], [-65.9964, 43.6603], [-65.9934, 43.6545]]], [[[-66.0556, 43.6271], [-66.0587, 43.6299], [-66.0556, 43.6271]]], [[[-66.098, 43.7639], [-66.1024, 43.7679], [-66.098, 43.7639]]], [[[-65.8307, 43.6911], [-65.8304, 43.6853], [-65.8307, 43.6911]]], [[[-66.0585, 43.6777], [-66.0538, 43.6708], [-66.0585, 43.6777]]], [[[-65.8627, 43.6953], [-65.8631, 43.702], [-65.8627, 43.6953]]], [[[-66.0371, 43.7262], [-66.0364, 43.7209], [-66.0371, 43.7262]]], [[[-65.8581, 43.7527], [-65.861, 43.7585], [-65.8581, 43.7527]]], [[[-65.8997, 43.7216], [-65.9061, 43.7242], [-65.8997, 43.7216]]], [[[-66.0348, 43.6601], [-66.0316, 43.6564], [-66.0348, 43.6601]], [[-66.0316, 43.6315], [-66.0264, 43.6285], [-66.0316, 43.6315]]], [[[-65.8536, 43.7603], [-65.8595, 43.7619], [-65.8536, 43.7603]]], [[[-65.8896, 43.6998], [-65.8922, 43.7076], [-65.8896, 43.6998]]], [[[-66.0417, 43.6656], [-66.0409, 43.6726], [-66.0417, 43.6656]]], [[[-66.0552, 43.6484], [-66.051, 43.6398], [-66.0552, 43.6484]]], [[[-65.9824, 43.5086], [-65.9901, 43.5083], [-65.9824, 43.5086]]], [[[-65.8607, 43.7922], [-65.8674, 43.7961], [-65.864, 43.789], [-65.8607, 43.7922]]], [[[-66.0286, 43.6485], [-66.034, 43.6486], [-66.0273, 43.6434], [-66.0286, 43.6485]]], [[[-65.8524, 43.7626], [-65.8529, 43.7688], [-65.8524, 43.7626]]], [[[-65.9453, 43.7171], [-65.9509, 43.7154], [-65.9426, 43.7118], [-65.9453, 43.7171]]], [[[-65.8904, 43.7078], [-65.8896, 43.7187], [-65.8904, 43.7078]]], [[[-66.1319, 43.8154], [-66.1348, 43.8196], [-66.1398, 43.8142], [-66.1319, 43.8154]]], [[[-65.971, 43.8848], [-65.9773, 43.8839], [-65.9768, 43.8786], [-65.971, 43.8848]]], [[[-65.823, 43.6965], [-65.8269, 43.7059], [-65.823, 43.6965]]], [[[-66.0947, 43.7551], [-66.0975, 43.7607], [-66.1017, 43.7547], [-66.0947, 43.7551]], [[-65.8853, 43.7002], [-65.8795, 43.6897], [-65.8853, 43.7002]]], [[[-66.0349, 43.6823], [-66.0261, 43.6672], [-66.0349, 43.6823]]], [[[-65.8954, 43.7252], [-65.8903, 43.7275], [-65.8944, 43.7335], [-65.8954, 43.7252]]], [[[-66.0417, 43.6419], [-66.0368, 43.6441], [-66.0424, 43.6502], [-66.0417, 43.6419]]], [[[-65.849, 43.7414], [-65.8546, 43.7358], [-65.8459, 43.7375], [-65.849, 43.7414]]], [[[-66.0869, 43.7728], [-66.0901, 43.7656], [-66.0853, 43.764], [-66.0869, 43.7728]]], [[[-65.8848, 43.7617], [-65.8765, 43.7489], [-65.8848, 43.7617]]], [[[-65.9448, 43.7493], [-65.9519, 43.7575], [-65.9536, 43.7509], [-65.9419, 43.7434], [-65.9448, 43.7493]]], [[[-66.0472, 43.7279], [-66.0339, 43.7122], [-66.0472, 43.7279]]], [[[-66.0944, 43.7473], [-66.102, 43.7475], [-66.0992, 43.7354], [-66.0874, 43.7355], [-66.0901, 43.7428], [-66.0987, 43.7379], [-66.0908, 43.7398], [-66.0944, 43.7473]]], [[[-65.8768, 43.7282], [-65.8854, 43.73], [-65.8828, 43.7152], [-65.8768, 43.7282]]], [[[-65.9851, 43.4978], [-65.9913, 43.4738], [-65.9851, 43.4978]]], [[[-66.1549, 43.8153], [-66.1557, 43.7905], [-66.1549, 43.8153]]], [[[-65.9345, 43.7277], [-65.9191, 43.6972], [-65.9345, 43.7277]]], [[[-65.9425, 43.7693], [-65.9121, 43.7146], [-65.9425, 43.7693]]], [[[-66.0165, 43.43], [-66.0084, 43.3918], [-66.0165, 43.43]]], [[[-66.0131, 43.6664], [-66.0173, 43.6378], [-66.0131, 43.6664]]], [[[-65.915, 43.7919], [-65.941, 43.775], [-65.887, 43.7348], [-65.915, 43.7919]]], [[[-65.4652, 44.0957], [-65.3974, 44.2304], [-65.8888, 44.1381], [-66.1541, 44.0015], [-66.1693, 43.9049], [-66.1517, 43.8938], [-66.1708, 43.8609], [-66.1311, 43.8756], [-66.1509, 43.8152], [-66.1156, 43.8503], [-66.1398, 43.7948], [-66.1256, 43.7405], [-66.0862, 43.7799], [-66.0644, 43.7039], [-66.0544, 43.7297], [-66.0759, 43.7324], [-66.0465, 43.7497], [-66.0247, 43.685], [-65.9933, 43.7411], [-65.9788, 43.6949], [-65.964, 43.7449], [-66.0159, 43.8153], [-65.9985, 43.8148], [-66.0103, 43.838], [-65.9809, 43.8476], [-65.9709, 43.8876], [-65.9947, 43.8093], [-65.971, 43.7923], [-65.9936, 43.7868], [-65.9682, 43.7614], [-65.9473, 43.7728], [-65.9692, 43.8119], [-65.9306, 43.7803], [-65.9332, 43.8136], [-65.9501, 43.8119], [-65.9371, 43.8414], [-65.8689, 43.7528], [-65.8581, 43.813], [-65.8042, 43.5921], [-65.7768, 43.7066], [-65.7801, 43.5956], [-65.6108, 43.6399], [-65.6487, 43.7472], [-65.4652, 44.0957]], [[-65.8111, 43.6327], [-65.8137, 43.6252], [-65.8111, 43.6327]]]]}}, {"type": "Feature", "properties": {"osm_type": "relation", "osm_id": 127207722, "name": "Digby", "admin_level": "6", "kind": "subdivision_2", "parent_osm_id": 390558, "parent_name": "Nova Scotia", "parent_iso": "CA-NS"}, "geometry": {"type": "MultiPolygon", "coordinates": [[[[-66.3745, 44.2266], [-66.3746, 44.2268], [-66.3748, 44.2266], [-66.3745, 44.2266]]], [[[-66.3953, 44.2367], [-66.3952, 44.2371], [-66.3954, 44.237], [-66.3953, 44.2367]]], [[[-66.3395, 44.256], [-66.3396, 44.2563], [-66.3398, 44.2563], [-66.3395, 44.256]]], [[[-66.1956, 44.0895], [-66.1955, 44.0899], [-66.1958, 44.0898], [-66.1956, 44.0895]]], [[[-66.3211, 44.2545], [-66.3207, 44.2547], [-66.3214, 44.2546], [-66.3211, 44.2545]]], [[[-66.1443, 44.2204], [-66.1448, 44.221], [-66.1443, 44.2204]]], [[[-66.3747, 44.2277], [-66.3747, 44.2285], [-66.3747, 44.2277]]], [[[-66.088, 44.371], [-66.0868, 44.3718], [-66.088, 44.371]]], [[[-66.0913, 44.3685], [-66.0901, 44.3694], [-66.0913, 44.3685]]], [[[-66.0825, 44.3725], [-66.0805, 44.3744], [-66.0832, 44.3735], [-66.0825, 44.3725]]], [[[-66.3774, 44.2241], [-66.3748, 44.2272], [-66.3774, 44.2241]]], [[[-66.3886, 44.209], [-66.3902, 44.2087], [-66.3877, 44.2081], [-66.3886, 44.209]]], [[[-66.3383, 44.2587], [-66.3396, 44.2566], [-66.3368, 44.2572], [-66.3383, 44.2587]]], [[[-65.7056, 44.6286], [-65.7153, 44.6304], [-65.7056, 44.6286]]], [[[-66.3413, 44.287], [-66.395, 44.2364], [-66.3417, 44.2536], [-66.3413, 44.287]]], [[[-66.2146, 44.4035], [-66.3335, 44.2781], [-66.3287, 44.2497], [-66.2147, 44.3754], [-66.2146, 44.4035]]], [[[-65.7793, 44.6897], [-66.0024, 44.5761], [-66.2056, 44.4065], [-66.2026, 44.3752], [-66.0897, 44.489], [-65.9381, 44.5788], [-65.8601, 44.5915], [-65.8456, 44.57], [-66.0229, 44.444], [-66.1261, 44.3325], [-66.1408, 44.2222], [-66.213, 44.1088], [-66.1541, 44.0015], [-65.8888, 44.1381], [-65.3974, 44.2304], [-65.3315, 44.3114], [-65.6579, 44.602], [-65.7185, 44.6193], [-65.7546, 44.5833], [-65.7566, 44.6597], [-65.7793, 44.6897]]]]}}, {"type": "Feature", "properties": {"osm_type": "relation", "osm_id": 324709998, "name": "Queens", "admin_level": "6", "kind": "subdivision_2", "parent_osm_id": 390558, "parent_name": "Nova Scotia", "parent_iso": "CA-NS"}, "geometry": {"type": "MultiPolygon", "coordinates": [[[[-64.593, 44.1557], [-64.5931, 44.156], [-64.5932, 44.1556], [-64.593, 44.1557]]], [[[-64.6159, 44.1335], [-64.6156, 44.1337], [-64.6161, 44.1337], [-64.6159, 44.1335]]], [[[-64.9155, 43.8717], [-64.9153, 43.8718], [-64.9156, 43.8719], [-64.9155, 43.8717]]], [[[-64.7135, 44.0461], [-64.7137, 44.0464], [-64.7138, 44.0462], [-64.7135, 44.0461]]], [[[-64.5297, 44.1354], [-64.5297, 44.1357], [-64.53, 44.1356], [-64.5297, 44.1354]]], [[[-64.8781, 43.8607], [-64.878, 43.8608], [-64.8784, 43.8609], [-64.8781, 43.8607]]], [[[-64.556, 44.0962], [-64.556, 44.0966], [-64.5562, 44.0963], [-64.556, 44.0962]]], [[[-64.5944, 44.1534], [-64.5944, 44.1535], [-64.5948, 44.1535], [-64.5944, 44.1534]]], [[[-64.8264, 43.9169], [-64.8262, 43.9171], [-64.8267, 43.9169], [-64.8264, 43.9169]]], [[[-64.5631, 44.0868], [-64.5629, 44.0869], [-64.5634, 44.0869], [-64.5631, 44.0868]]], [[[-64.6198, 44.1355], [-64.6198, 44.1358], [-64.62, 44.1357], [-64.6198, 44.1355]]], [[[-64.8327, 43.8265], [-64.8324, 43.8268], [-64.8329, 43.8266], [-64.8327, 43.8265]]], [[[-64.736, 43.9669], [-64.7359, 43.9672], [-64.7362, 43.9671], [-64.736, 43.9669]]], [[[-64.8189, 43.8692], [-64.8187, 43.8694], [-64.8192, 43.8692], [-64.8189, 43.8692]]], [[[-64.8168, 43.8672], [-64.8167, 43.8674], [-64.8169, 43.8675], [-64.8168, 43.8672]]], [[[-64.818, 43.865], [-64.8179, 43.8653], [-64.8182, 43.8652], [-64.818, 43.865]]], [[[-64.598, 44.1334], [-64.5978, 44.1338], [-64.5981, 44.1335], [-64.598, 44.1334]]], [[[-64.5561, 44.1469], [-64.5562, 44.1471], [-64.5565, 44.1469], [-64.5561, 44.1469]]], [[[-64.9705, 43.8706], [-64.9704, 43.8708], [-64.9708, 43.8707], [-64.9705, 43.8706]]], [[[-64.5573, 44.1027], [-64.5573, 44.1029], [-64.5576, 44.103], [-64.5573, 44.1027]]], [[[-64.5624, 44.1011], [-64.5627, 44.1014], [-64.5626, 44.1011], [-64.5624, 44.1011]]], [[[-64.5896, 44.1215], [-64.5898, 44.1218], [-64.59, 44.1216], [-64.5896, 44.1215]]], [[[-64.7448, 43.9229], [-64.7447, 43.923], [-64.745, 43.9233], [-64.7448, 43.9229]]], [[[-64.5896, 44.1183], [-64.5897, 44.1187], [-64.5898, 44.1184], [-64.5896, 44.1183]]], [[[-64.5719, 44.1456], [-64.5722, 44.1458], [-64.5722, 44.1455], [-64.5719, 44.1456]]], [[[-64.5762, 44.1478], [-64.5762, 44.1482], [-64.5764, 44.1478], [-64.5762, 44.1478]]], [[[-64.9708, 43.871], [-64.9706, 43.8711], [-64.9712, 43.8712], [-64.9708, 43.871]]], [[[-64.74, 43.9224], [-64.7399, 43.9228], [-64.7402, 43.9226], [-64.74, 43.9224]]], [[[-64.5896, 44.1209], [-64.5895, 44.1213], [-64.5898, 44.1211], [-64.5896, 44.1209]]], [[[-64.5776, 44.1282], [-64.5778, 44.1286], [-64.5778, 44.1283], [-64.5776, 44.1282]]], [[[-64.8343, 43.8267], [-64.8339, 43.827], [-64.8344, 43.8269], [-64.8343, 43.8267]]], [[[-64.5603, 44.1035], [-64.5604, 44.104], [-64.5605, 44.1037], [-64.5603, 44.1035]]], [[[-64.6262, 44.0622], [-64.6261, 44.0627], [-64.6264, 44.0623], [-64.6262, 44.0622]]], [[[-64.5636, 44.1039], [-64.5634, 44.1043], [-64.5638, 44.1039], [-64.5636, 44.1039]]], [[[-64.5932, 44.1378], [-64.5928, 44.1382], [-64.5933, 44.138], [-64.5932, 44.1378]]], [[[-64.8159, 43.8683], [-64.8157, 43.8685], [-64.8159, 43.8687], [-64.8159, 43.8683]]], [[[-64.5853, 44.1357], [-64.5852, 44.136], [-64.5855, 44.1358], [-64.5853, 44.1357]]], [[[-64.5634, 44.0969], [-64.5631, 44.0969], [-64.5637, 44.097], [-64.5634, 44.0969]]], [[[-64.5942, 44.1497], [-64.5934, 44.1498], [-64.5942, 44.1497]]], [[[-64.8412, 43.9212], [-64.8409, 43.9214], [-64.8413, 43.9214], [-64.8412, 43.9212]]], [[[-64.6026, 44.1436], [-64.6027, 44.1439], [-64.603, 44.1438], [-64.6026, 44.1436]]], [[[-64.5907, 44.1306], [-64.591, 44.1304], [-64.5907, 44.1303], [-64.5907, 44.1306]]], [[[-64.8207, 43.8626], [-64.8205, 43.8627], [-64.8207, 43.863], [-64.8207, 43.8626]]], [[[-64.5911, 44.158], [-64.5911, 44.1583], [-64.5914, 44.1582], [-64.5911, 44.158]]], [[[-64.8164, 43.8645], [-64.8161, 43.8649], [-64.8165, 43.8648], [-64.8164, 43.8645]]], [[[-64.5956, 44.1482], [-64.5964, 44.1483], [-64.5956, 44.1482]]], [[[-64.6181, 44.1341], [-64.6177, 44.1345], [-64.6183, 44.1342], [-64.6181, 44.1341]]], [[[-64.8198, 43.8701], [-64.8194, 43.8704], [-64.8202, 43.87], [-64.8198, 43.8701]]], [[[-64.9, 43.8699], [-64.8997, 43.8702], [-64.9004, 43.8701], [-64.9, 43.8699]]], [[[-64.5889, 44.1347], [-64.5887, 44.1351], [-64.5892, 44.1348], [-64.5889, 44.1347]]], [[[-64.6019, 44.1452], [-64.6013, 44.1455], [-64.602, 44.1453], [-64.6019, 44.1452]]], [[[-64.8503, 43.9175], [-64.8501, 43.9178], [-64.8505, 43.9179], [-64.8503, 43.9175]]], [[[-64.5254, 44.1228], [-64.5251, 44.1231], [-64.5258, 44.123], [-64.5254, 44.1228]]], [[[-64.5951, 44.1464], [-64.5947, 44.1467], [-64.5953, 44.1466], [-64.5951, 44.1464]]], [[[-64.5777, 44.1366], [-64.5778, 44.1371], [-64.578, 44.1368], [-64.5777, 44.1366]]], [[[-64.5905, 44.1194], [-64.5908, 44.1199], [-64.5909, 44.1196], [-64.5905, 44.1194]]], [[[-64.8995, 43.8592], [-64.8995, 43.8595], [-64.9001, 43.8594], [-64.8995, 43.8592]]], [[[-64.5324, 44.1271], [-64.5327, 44.1277], [-64.5328, 44.1275], [-64.5324, 44.1271]]], [[[-64.8323, 43.8232], [-64.832, 43.8235], [-64.8324, 43.8237], [-64.8323, 43.8232]]], [[[-64.5585, 44.0944], [-64.5589, 44.0951], [-64.5585, 44.0944]]], [[[-64.8153, 43.8661], [-64.8152, 43.8666], [-64.8154, 43.8667], [-64.8153, 43.8661]]], [[[-64.806, 43.9165], [-64.8059, 43.9167], [-64.8064, 43.9169], [-64.806, 43.9165]]], [[[-64.8179, 43.8668], [-64.8179, 43.8673], [-64.8182, 43.867], [-64.8179, 43.8668]]], [[[-64.5709, 44.1419], [-64.5708, 44.1423], [-64.5711, 44.1424], [-64.5709, 44.1419]]], [[[-64.5857, 44.1515], [-64.5852, 44.1519], [-64.5861, 44.1515], [-64.5857, 44.1515]]], [[[-64.5939, 44.1458], [-64.5932, 44.1464], [-64.5939, 44.1458]]], [[[-64.5225, 44.1327], [-64.5223, 44.1332], [-64.5228, 44.1329], [-64.5225, 44.1327]]], [[[-64.5646, 44.0994], [-64.5651, 44.1], [-64.5646, 44.0994]]], [[[-64.5918, 44.1568], [-64.5917, 44.1573], [-64.5923, 44.157], [-64.5918, 44.1568]]], [[[-64.951, 43.8551], [-64.9505, 43.8556], [-64.9512, 43.8554], [-64.951, 43.8551]]], [[[-64.6173, 44.1347], [-64.6165, 44.1352], [-64.6173, 44.1347]]], [[[-64.5909, 44.1565], [-64.5907, 44.157], [-64.5913, 44.1568], [-64.5909, 44.1565]]], [[[-64.9148, 43.8713], [-64.9143, 43.8716], [-64.915, 43.8717], [-64.9148, 43.8713]]], [[[-64.5538, 44.1463], [-64.5547, 44.1459], [-64.5538, 44.1463]]], [[[-64.6087, 44.1482], [-64.6078, 44.1487], [-64.6087, 44.1482]]], [[[-64.5973, 44.1327], [-64.5972, 44.1336], [-64.5973, 44.1327]]], [[[-64.5229, 44.1224], [-64.5236, 44.1228], [-64.5229, 44.1224]]], [[[-64.6169, 44.1359], [-64.6178, 44.1359], [-64.6169, 44.1359]]], [[[-64.5922, 44.1559], [-64.5921, 44.1566], [-64.5926, 44.1562], [-64.5922, 44.1559]]], [[[-64.5574, 44.1523], [-64.5573, 44.1532], [-64.5574, 44.1523]]], [[[-64.5886, 44.1335], [-64.5885, 44.1346], [-64.5886, 44.1335]]], [[[-64.5663, 44.0997], [-64.5664, 44.1006], [-64.5663, 44.0997]]], [[[-64.5504, 44.1441], [-64.5514, 44.1437], [-64.5504, 44.1441]]], [[[-64.5908, 44.1572], [-64.5915, 44.1575], [-64.5908, 44.1572]]], [[[-64.6093, 44.1472], [-64.6092, 44.1478], [-64.6097, 44.1476], [-64.6093, 44.1472]]], [[[-64.5966, 44.1325], [-64.5959, 44.1329], [-64.5966, 44.1325]]], [[[-64.5962, 44.1533], [-64.5954, 44.154], [-64.5962, 44.1533]]], [[[-64.7823, 43.8979], [-64.7829, 43.8984], [-64.7823, 43.8979]]], [[[-64.804, 43.9098], [-64.8042, 43.9106], [-64.804, 43.9098]]], [[[-64.5533, 44.1444], [-64.5523, 44.1448], [-64.5533, 44.1444]]], [[[-64.6062, 44.1475], [-64.6061, 44.1482], [-64.6068, 44.1479], [-64.6062, 44.1475]]], [[[-64.5614, 44.1045], [-64.5622, 44.1052], [-64.5614, 44.1045]]], [[[-64.5649, 44.1024], [-64.5656, 44.1016], [-64.5649, 44.1024]]], [[[-64.5981, 44.15], [-64.5988, 44.1497], [-64.5981, 44.15]]], [[[-64.5942, 44.136], [-64.5941, 44.137], [-64.5942, 44.136]]], [[[-64.8989, 43.8707], [-64.8992, 43.8714], [-64.8989, 43.8707]]], [[[-64.5793, 44.1436], [-64.5784, 44.1447], [-64.5793, 44.1436]]], [[[-64.7144, 44.0427], [-64.7136, 44.0433], [-64.7144, 44.0427]]], [[[-64.5229, 44.1332], [-64.5238, 44.1338], [-64.5229, 44.1332]]], [[[-64.9171, 43.877], [-64.9174, 43.878], [-64.9171, 43.877]]], [[[-64.5551, 44.0955], [-64.5561, 44.0956], [-64.5547, 44.0947], [-64.5551, 44.0955]]], [[[-64.6047, 44.1545], [-64.6039, 44.1551], [-64.6047, 44.1545]]], [[[-64.5599, 44.0652], [-64.5587, 44.0643], [-64.5599, 44.0652]]], [[[-64.606, 44.1304], [-64.6048, 44.1311], [-64.606, 44.1304]]], [[[-64.8143, 43.8646], [-64.8155, 43.8649], [-64.8143, 43.8646]]], [[[-64.8074, 43.9142], [-64.8085, 43.9146], [-64.8074, 43.9142]]], [[[-64.5575, 44.0993], [-64.5578, 44.1008], [-64.5585, 44.0999], [-64.5575, 44.0993]]], [[[-64.5633, 44.1009], [-64.5652, 44.1012], [-64.5633, 44.1009]]], [[[-64.9009, 43.8601], [-64.9023, 43.8602], [-64.9009, 43.8601]]], [[[-64.5577, 44.147], [-64.5572, 44.1485], [-64.5577, 44.147]]], [[[-64.5566, 44.0989], [-64.556, 44.0977], [-64.5566, 44.0989]]], [[[-64.5639, 44.0863], [-64.5656, 44.0865], [-64.5639, 44.0863]]], [[[-64.5608, 44.0599], [-64.5596, 44.0608], [-64.5608, 44.0599]]], [[[-64.6211, 44.1344], [-64.6208, 44.1354], [-64.6222, 44.135], [-64.6211, 44.1344]]], [[[-64.5327, 44.127], [-64.5315, 44.1254], [-64.5327, 44.127]]], [[[-64.5996, 44.1443], [-64.6011, 44.144], [-64.5996, 44.1443]]], [[[-64.6092, 44.1309], [-64.609, 44.1322], [-64.6102, 44.1317], [-64.6092, 44.1309]]], [[[-64.5921, 44.1325], [-64.5932, 44.133], [-64.5926, 44.1305], [-64.5921, 44.1325]]], [[[-64.7983, 43.9077], [-64.8002, 43.9083], [-64.7983, 43.9077]]], [[[-64.5768, 44.1362], [-64.5774, 44.134], [-64.576, 44.1347], [-64.5768, 44.1362]]], [[[-64.5941, 44.1343], [-64.5953, 44.1351], [-64.5969, 44.1339], [-64.5941, 44.1343]]], [[[-64.5217, 44.1021], [-64.5247, 44.1006], [-64.5217, 44.1021]]], [[[-64.5621, 44.0603], [-64.5627, 44.0631], [-64.5636, 44.0611], [-64.5621, 44.0603]]], [[[-64.5588, 44.126], [-64.5612, 44.126], [-64.5595, 44.1246], [-64.5588, 44.126]]], [[[-64.5748, 44.1484], [-64.576, 44.1466], [-64.5743, 44.1459], [-64.5748, 44.1484]]], [[[-64.7811, 43.9006], [-64.7827, 43.9], [-64.7803, 43.8981], [-64.7811, 43.9006]]], [[[-64.7038, 43.9801], [-64.7077, 43.9777], [-64.7038, 43.9801]]], [[[-64.8042, 43.9182], [-64.8047, 43.9146], [-64.8042, 43.9182]]], [[[-64.5214, 44.1122], [-64.5248, 44.1104], [-64.5214, 44.1122]]], [[[-64.808, 43.9109], [-64.8057, 43.9147], [-64.808, 43.9109]]], [[[-64.5257, 44.1225], [-64.5214, 44.1172], [-64.5257, 44.1225]]], [[[-64.6277, 44.0461], [-64.6344, 44.0422], [-64.6282, 44.0335], [-64.6277, 44.0461]]], [[[-64.5256, 44.1366], [-64.5351, 44.133], [-64.5285, 44.1229], [-64.5172, 44.1279], [-64.5256, 44.1366]]], [[[-64.7672, 43.9144], [-64.7832, 43.9116], [-64.7611, 43.8856], [-64.7672, 43.9144]]], [[[-64.8755, 44.4768], [-64.945, 44.5371], [-65.0615, 44.4549], [-65.152, 44.4606], [-65.3958, 44.2323], [-64.9552, 43.8667], [-64.9051, 43.7887], [-64.8758, 43.8312], [-64.9178, 43.8796], [-64.8713, 43.8672], [-64.8345, 43.8134], [-64.8036, 43.8642], [-64.8253, 43.8725], [-64.7835, 43.8679], [-64.7906, 43.8934], [-64.8554, 43.9178], [-64.8271, 43.9517], [-64.7336, 43.953], [-64.7418, 43.968], [-64.6621, 43.9889], [-64.6624, 44.019], [-64.7105, 44.0506], [-64.6549, 44.0404], [-64.6156, 44.0744], [-64.5755, 44.0579], [-64.5514, 44.0723], [-64.5754, 44.0896], [-64.565, 44.1094], [-64.5387, 44.1043], [-64.5751, 44.1329], [-64.5903, 44.1172], [-64.6271, 44.1349], [-64.5964, 44.1351], [-64.6166, 44.1538], [-64.5949, 44.1599], [-64.5566, 44.1457], [-64.8778, 44.4186], [-64.8545, 44.4595], [-64.8755, 44.4768]]]]}}, {"type": "Feature", "properties": {"osm_type": "relation", "osm_id": 475382445, "name": "Annapolis", "admin_level": "6", "kind": "subdivision_2", "parent_osm_id": 390558, "parent_name": "Nova Scotia", "parent_iso": "CA-NS"}, "geometry": {"type": "MultiPolygon", "coordinates": [[[[-65.6081, 44.7012], [-65.6144, 44.6988], [-65.6081, 44.7012]]], [[[-64.9976, 45.0322], [-65.019, 45.0666], [-65.0661, 45.0492], [-65.6455, 44.7668], [-65.7598, 44.6852], [-65.731, 44.6678], [-65.6262, 44.7125], [-65.6022, 44.6988], [-65.6232, 44.6642], [-65.6043, 44.6611], [-65.6868, 44.62], [-65.3316, 44.3116], [-65.152, 44.4606], [-65.0615, 44.4549], [-64.7732, 44.6636], [-64.9976, 45.0322]]]]}}, {"type": "Feature", "properties": {"osm_type": "relation", "osm_id": 501260429, "name": "Lunenburg", "admin_level": "6", "kind": "subdivision_2", "parent_osm_id": 390558, "parent_name": "Nova Scotia", "parent_iso": "CA-NS"}, "geometry": {"type": "MultiPolygon", "coordinates": [[[[-64.0639, 44.6361], [-64.0643, 44.6364], [-64.0642, 44.6362], [-64.0639, 44.6361]]], [[[-64.2152, 44.3732], [-64.215, 44.3733], [-64.2154, 44.3732], [-64.2152, 44.3732]]], [[[-64.3019, 44.4969], [-64.3019, 44.497], [-64.3022, 44.4969], [-64.3019, 44.4969]]], [[[-64.3776, 44.2233], [-64.3776, 44.2236], [-64.3779, 44.2235], [-64.3776, 44.2233]]], [[[-64.2814, 44.4972], [-64.2818, 44.4973], [-64.2816, 44.4971], [-64.2814, 44.4972]]], [[[-64.2145, 44.3837], [-64.2145, 44.3838], [-64.215, 44.3838], [-64.2145, 44.3837]]], [[[-64.2243, 44.3829], [-64.2241, 44.383], [-64.2247, 44.3829], [-64.2243, 44.3829]]], [[[-64.4371, 44.2045], [-64.4371, 44.2048], [-64.4372, 44.2047], [-64.4371, 44.2045]]], [[[-64.3674, 44.2313], [-64.3674, 44.2315], [-64.3676, 44.2315], [-64.3674, 44.2313]]], [[[-64.3768, 44.2031], [-64.3767, 44.2034], [-64.3769, 44.2032], [-64.3768, 44.2031]]], [[[-64.3689, 44.2393], [-64.369, 44.2395], [-64.3692, 44.2395], [-64.3689, 44.2393]]], [[[-64.3739, 44.1999], [-64.3736, 44.2002], [-64.3741, 44.2], [-64.3739, 44.1999]]], [[[-64.2218, 44.3857], [-64.2214, 44.3858], [-64.222, 44.3858], [-64.2218, 44.3857]]], [[[-64.2112, 44.3678], [-64.2109, 44.3678], [-64.2115, 44.3679], [-64.2112, 44.3678]]], [[[-64.3885, 44.2472], [-64.3884, 44.2474], [-64.3887, 44.2474], [-64.3885, 44.2472]]], [[[-64.1817, 44.3173], [-64.1815, 44.3175], [-64.1819, 44.3175], [-64.1817, 44.3173]]], [[[-64.229, 44.3941], [-64.2286, 44.3943], [-64.229, 44.3943], [-64.229, 44.3941]]], [[[-64.2147, 44.3655], [-64.2146, 44.3656], [-64.215, 44.3656], [-64.2147, 44.3655]]], [[[-64.2101, 44.3854], [-64.2098, 44.3856], [-64.2103, 44.3855], [-64.2101, 44.3854]]], [[[-64.213, 44.3724], [-64.2128, 44.3725], [-64.2132, 44.3725], [-64.213, 44.3724]]], [[[-64.2249, 44.3843], [-64.2246, 44.3845], [-64.2252, 44.3844], [-64.2249, 44.3843]]], [[[-64.2248, 44.3841], [-64.2246, 44.3842], [-64.2252, 44.3841], [-64.2248, 44.3841]]], [[[-64.266, 44.3807], [-64.2658, 44.3809], [-64.2663, 44.3808], [-64.266, 44.3807]]], [[[-64.2392, 44.3525], [-64.239, 44.3526], [-64.2395, 44.3526], [-64.2392, 44.3525]]], [[[-64.2193, 44.3531], [-64.2191, 44.3532], [-64.2196, 44.353], [-64.2193, 44.3531]]], [[[-64.2225, 44.3846], [-64.2224, 44.3848], [-64.2227, 44.3847], [-64.2225, 44.3846]]], [[[-64.3793, 44.254], [-64.3797, 44.254], [-64.3794, 44.2538], [-64.3793, 44.254]]], [[[-64.2273, 44.3949], [-64.2269, 44.3952], [-64.2274, 44.395], [-64.2273, 44.3949]]], [[[-64.3084, 44.3284], [-64.3084, 44.3286], [-64.3087, 44.3286], [-64.3084, 44.3284]]], [[[-64.2089, 44.3631], [-64.2087, 44.3633], [-64.2091, 44.3633], [-64.2089, 44.3631]]], [[[-64.231, 44.394], [-64.2309, 44.3942], [-64.2313, 44.3942], [-64.231, 44.394]]], [[[-64.2192, 44.3514], [-64.2193, 44.3516], [-64.2196, 44.3514], [-64.2192, 44.3514]]], [[[-64.3762, 44.2065], [-64.376, 44.2068], [-64.3763, 44.2066], [-64.3762, 44.2065]]], [[[-64.526, 44.1415], [-64.526, 44.1417], [-64.5263, 44.1418], [-64.526, 44.1415]]], [[[-64.2089, 44.3856], [-64.2087, 44.3857], [-64.2094, 44.3857], [-64.2089, 44.3856]]], [[[-64.3305, 44.3469], [-64.3306, 44.3472], [-64.3308, 44.3472], [-64.3305, 44.3469]]], [[[-64.2274, 44.397], [-64.2272, 44.3971], [-64.2277, 44.3971], [-64.2274, 44.397]]], [[[-64.2129, 44.3673], [-64.213, 44.3676], [-64.2132, 44.3674], [-64.2129, 44.3673]]], [[[-64.1797, 44.3175], [-64.1795, 44.3177], [-64.18, 44.3175], [-64.1797, 44.3175]]], [[[-64.3843, 44.2156], [-64.3843, 44.2158], [-64.3846, 44.2158], [-64.3843, 44.2156]]], [[[-64.4017, 44.243], [-64.4018, 44.2433], [-64.4018, 44.2429], [-64.4017, 44.243]]], [[[-64.4523, 44.1886], [-64.4526, 44.1887], [-64.4527, 44.1885], [-64.4523, 44.1886]]], [[[-64.2227, 44.3974], [-64.2226, 44.3976], [-64.2231, 44.3973], [-64.2227, 44.3974]]], [[[-64.2211, 44.3946], [-64.221, 44.3947], [-64.2216, 44.3945], [-64.2211, 44.3946]]], [[[-64.2977, 44.318], [-64.2974, 44.3183], [-64.2979, 44.3181], [-64.2977, 44.318]]], [[[-64.2228, 44.3851], [-64.2223, 44.3853], [-64.223, 44.3851], [-64.2228, 44.3851]]], [[[-64.5299, 44.1451], [-64.5301, 44.1454], [-64.5302, 44.1452], [-64.5299, 44.1451]]], [[[-64.3726, 44.2005], [-64.3726, 44.2009], [-64.3728, 44.2007], [-64.3726, 44.2005]]], [[[-64.3745, 44.2226], [-64.3747, 44.2229], [-64.3749, 44.223], [-64.3745, 44.2226]]], [[[-64.3683, 44.252], [-64.368, 44.2524], [-64.3685, 44.252], [-64.3683, 44.252]]], [[[-64.332, 44.3473], [-64.3319, 44.3475], [-64.3321, 44.3476], [-64.332, 44.3473]]], [[[-64.2127, 44.3656], [-64.2124, 44.3658], [-64.213, 44.3657], [-64.2127, 44.3656]]], [[[-64.3692, 44.1843], [-64.3692, 44.1846], [-64.3694, 44.1843], [-64.3692, 44.1843]]], [[[-64.2281, 44.393], [-64.2277, 44.3931], [-64.2284, 44.393], [-64.2281, 44.393]]], [[[-64.3739, 44.2224], [-64.3743, 44.2228], [-64.3744, 44.2228], [-64.3739, 44.2224]]], [[[-64.2117, 44.3806], [-64.2114, 44.3807], [-64.212, 44.3806], [-64.2117, 44.3806]]], [[[-64.2301, 44.388], [-64.23, 44.3881], [-64.2305, 44.3881], [-64.2301, 44.388]]], [[[-64.2101, 44.3677], [-64.2101, 44.3679], [-64.2105, 44.3679], [-64.2101, 44.3677]]], [[[-64.3669, 44.2314], [-64.367, 44.2317], [-64.3673, 44.2318], [-64.3669, 44.2314]]], [[[-64.3798, 44.2543], [-64.3799, 44.2546], [-64.3801, 44.2546], [-64.3798, 44.2543]]], [[[-64.2231, 44.3843], [-64.2229, 44.3844], [-64.2236, 44.3843], [-64.2231, 44.3843]]], [[[-64.2318, 44.3551], [-64.2316, 44.3552], [-64.232, 44.3553], [-64.2318, 44.3551]]], [[[-64.2209, 44.383], [-64.2206, 44.3832], [-64.2212, 44.3831], [-64.2209, 44.383]]], [[[-64.2865, 44.2885], [-64.2869, 44.2883], [-64.2864, 44.2881], [-64.2865, 44.2885]]], [[[-64.0729, 44.4747], [-64.0724, 44.4749], [-64.0731, 44.4748], [-64.0729, 44.4747]]], [[[-64.3831, 44.2539], [-64.3829, 44.254], [-64.3834, 44.254], [-64.3831, 44.2539]]], [[[-64.3775, 44.2131], [-64.3773, 44.2132], [-64.3777, 44.2132], [-64.3775, 44.2131]]], [[[-64.359, 44.2391], [-64.3589, 44.2393], [-64.3592, 44.2395], [-64.359, 44.2391]]], [[[-64.2132, 44.3726], [-64.2129, 44.3729], [-64.2134, 44.3727], [-64.2132, 44.3726]]], [[[-64.2242, 44.3853], [-64.2236, 44.3855], [-64.2241, 44.3855], [-64.2242, 44.3853]]], [[[-64.3365, 44.3594], [-64.3366, 44.3596], [-64.337, 44.3595], [-64.3365, 44.3594]]], [[[-64.2149, 44.3839], [-64.2147, 44.384], [-64.2155, 44.3839], [-64.2149, 44.3839]]], [[[-64.3769, 44.2519], [-64.3768, 44.2521], [-64.3772, 44.2522], [-64.3769, 44.2519]]], [[[-64.3521, 44.2386], [-64.3517, 44.2387], [-64.352, 44.2388], [-64.3521, 44.2386]]], [[[-64.5184, 44.146], [-64.5185, 44.1464], [-64.5188, 44.1463], [-64.5184, 44.146]]], [[[-64.3638, 44.2066], [-64.3635, 44.207], [-64.3638, 44.2069], [-64.3638, 44.2066]]], [[[-64.2902, 44.3227], [-64.2898, 44.3228], [-64.2904, 44.3228], [-64.2902, 44.3227]]], [[[-64.3148, 44.3732], [-64.3147, 44.3735], [-64.3151, 44.3733], [-64.3148, 44.3732]]], [[[-64.3353, 44.3255], [-64.3355, 44.3258], [-64.3357, 44.3258], [-64.3353, 44.3255]]], [[[-64.5197, 44.1476], [-64.5197, 44.1479], [-64.5199, 44.1476], [-64.5197, 44.1476]]], [[[-64.2327, 44.3549], [-64.2325, 44.355], [-64.2331, 44.3551], [-64.2327, 44.3549]]], [[[-64.2012, 44.3583], [-64.2009, 44.3586], [-64.2015, 44.3584], [-64.2012, 44.3583]]], [[[-64.3311, 44.3445], [-64.3313, 44.3449], [-64.3315, 44.3447], [-64.3311, 44.3445]]], [[[-64.3519, 44.2374], [-64.352, 44.2378], [-64.3521, 44.2375], [-64.3519, 44.2374]]], [[[-64.221, 44.3484], [-64.2207, 44.3484], [-64.2214, 44.3485], [-64.221, 44.3484]]], [[[-64.2092, 44.3592], [-64.2088, 44.3595], [-64.2094, 44.3593], [-64.2092, 44.3592]]], [[[-64.2218, 44.3987], [-64.2214, 44.3988], [-64.2221, 44.3988], [-64.2218, 44.3987]]], [[[-64.3703, 44.2037], [-64.3702, 44.204], [-64.3706, 44.2037], [-64.3703, 44.2037]]], [[[-64.2229, 44.3681], [-64.2224, 44.3683], [-64.2231, 44.3681], [-64.2229, 44.3681]]], [[[-64.3344, 44.3597], [-64.3344, 44.36], [-64.3346, 44.3601], [-64.3344, 44.3597]]], [[[-64.5189, 44.1458], [-64.5192, 44.1462], [-64.5191, 44.1458], [-64.5189, 44.1458]]], [[[-64.3052, 44.5112], [-64.305, 44.5115], [-64.3053, 44.5113], [-64.3052, 44.5112]]], [[[-64.361, 44.2292], [-64.3609, 44.2293], [-64.3614, 44.2296], [-64.361, 44.2292]]], [[[-64.3806, 44.2554], [-64.3807, 44.2557], [-64.381, 44.2557], [-64.3806, 44.2554]]], [[[-64.53, 44.1356], [-64.5297, 44.1357], [-64.5299, 44.136], [-64.53, 44.1356]]], [[[-64.3041, 44.5109], [-64.304, 44.5112], [-64.3044, 44.5111], [-64.3041, 44.5109]]], [[[-64.2223, 44.3944], [-64.2218, 44.3946], [-64.2226, 44.3944], [-64.2223, 44.3944]]], [[[-64.2295, 44.3953], [-64.2291, 44.3955], [-64.2297, 44.3955], [-64.2295, 44.3953]]], [[[-64.1807, 44.3171], [-64.1803, 44.3173], [-64.1811, 44.3172], [-64.1807, 44.3171]]], [[[-64.3284, 44.35], [-64.3285, 44.3503], [-64.3289, 44.3503], [-64.3284, 44.35]]], [[[-64.2124, 44.3858], [-64.2119, 44.386], [-64.2127, 44.3858], [-64.2124, 44.3858]]], [[[-64.3723, 44.1989], [-64.3721, 44.1993], [-64.3725, 44.199], [-64.3723, 44.1989]]], [[[-64.2084, 44.3763], [-64.2079, 44.3766], [-64.2084, 44.3765], [-64.2084, 44.3763]]], [[[-64.3257, 44.3372], [-64.3255, 44.3374], [-64.3258, 44.3375], [-64.3257, 44.3372]]], [[[-64.2125, 44.3812], [-64.2121, 44.3812], [-64.2129, 44.3812], [-64.2125, 44.3812]]], [[[-64.3739, 44.2396], [-64.3736, 44.2397], [-64.3737, 44.24], [-64.3739, 44.2396]]], [[[-64.2034, 44.3575], [-64.2028, 44.3577], [-64.2033, 44.3577], [-64.2034, 44.3575]]], [[[-64.3375, 44.4361], [-64.3373, 44.4366], [-64.3376, 44.4363], [-64.3375, 44.4361]]], [[[-64.3637, 44.2062], [-64.3632, 44.2065], [-64.3633, 44.2067], [-64.3637, 44.2062]]], [[[-64.2091, 44.3773], [-64.2094, 44.3775], [-64.2097, 44.3772], [-64.2091, 44.3773]]], [[[-64.2236, 44.3967], [-64.2234, 44.3969], [-64.2241, 44.3968], [-64.2236, 44.3967]]], [[[-64.3671, 44.2394], [-64.367, 44.2395], [-64.3674, 44.2398], [-64.3671, 44.2394]]], [[[-64.3943, 44.1796], [-64.3939, 44.18], [-64.3944, 44.1799], [-64.3943, 44.1796]]], [[[-64.2118, 44.3844], [-64.2111, 44.3845], [-64.212, 44.3844], [-64.2118, 44.3844]]], [[[-64.2108, 44.3583], [-64.2104, 44.3584], [-64.2111, 44.3584], [-64.2108, 44.3583]]], [[[-64.2104, 44.3781], [-64.21, 44.3783], [-64.2106, 44.3783], [-64.2104, 44.3781]]], [[[-64.3678, 44.2392], [-64.3676, 44.2393], [-64.368, 44.2397], [-64.3678, 44.2392]]], [[[-64.3858, 44.2252], [-64.3857, 44.2255], [-64.386, 44.2256], [-64.3858, 44.2252]]], [[[-64.3761, 44.2519], [-64.3763, 44.2522], [-64.3767, 44.2523], [-64.3761, 44.2519]]], [[[-64.3597, 44.2051], [-64.3594, 44.2057], [-64.3598, 44.2052], [-64.3597, 44.2051]]], [[[-64.224, 44.3844], [-64.2233, 44.3846], [-64.2242, 44.3845], [-64.224, 44.3844]]], [[[-64.2282, 44.3949], [-64.2276, 44.3952], [-64.2281, 44.3952], [-64.2282, 44.3949]]], [[[-64.3811, 44.2128], [-64.3811, 44.2131], [-64.3815, 44.2131], [-64.3811, 44.2128]]], [[[-64.2216, 44.3969], [-64.2212, 44.3971], [-64.2219, 44.397], [-64.2216, 44.3969]]], [[[-64.3732, 44.2396], [-64.373, 44.2398], [-64.3733, 44.2401], [-64.3732, 44.2396]]], [[[-64.216, 44.3831], [-64.2156, 44.3833], [-64.2165, 44.3831], [-64.216, 44.3831]]], [[[-64.2079, 44.5733], [-64.2077, 44.5738], [-64.2081, 44.5735], [-64.2079, 44.5733]]], [[[-64.3584, 44.2143], [-64.3581, 44.2144], [-64.3588, 44.2145], [-64.3584, 44.2143]]], [[[-64.4799, 44.1503], [-64.4794, 44.151], [-64.4799, 44.1503]]], [[[-64.2214, 44.3516], [-64.2213, 44.3519], [-64.2218, 44.3516], [-64.2214, 44.3516]]], [[[-64.2263, 44.3744], [-64.2266, 44.3747], [-64.227, 44.3746], [-64.2263, 44.3744]]], [[[-64.2158, 44.3604], [-64.2154, 44.3605], [-64.2163, 44.3604], [-64.2158, 44.3604]]], [[[-64.3697, 44.1996], [-64.3695, 44.2001], [-64.3698, 44.2], [-64.3697, 44.1996]]], [[[-64.2221, 44.3849], [-64.2217, 44.3852], [-64.2225, 44.385], [-64.2221, 44.3849]]], [[[-64.3595, 44.2407], [-64.359, 44.241], [-64.3596, 44.241], [-64.3595, 44.2407]]], [[[-64.1413, 44.3438], [-64.1409, 44.3442], [-64.1416, 44.3438], [-64.1413, 44.3438]]], [[[-64.1855, 44.3166], [-64.1846, 44.317], [-64.1855, 44.3166]]], [[[-64.4861, 44.1506], [-64.4863, 44.151], [-64.4865, 44.1506], [-64.4861, 44.1506]]], [[[-64.2243, 44.3822], [-64.2234, 44.3823], [-64.2243, 44.3822]]], [[[-64.2248, 44.3855], [-64.2242, 44.3858], [-64.2253, 44.3855], [-64.2248, 44.3855]]], [[[-64.3659, 44.2182], [-64.3662, 44.2186], [-64.3663, 44.2184], [-64.3659, 44.2182]]], [[[-64.3309, 44.3246], [-64.3308, 44.3249], [-64.3314, 44.3249], [-64.3309, 44.3246]]], [[[-64.1699, 44.5839], [-64.1698, 44.5844], [-64.1702, 44.5842], [-64.1699, 44.5839]]], [[[-64.2319, 44.3691], [-64.2319, 44.3695], [-64.2323, 44.3693], [-64.2319, 44.3691]]], [[[-64.2071, 44.3595], [-64.2066, 44.3599], [-64.2076, 44.3595], [-64.2071, 44.3595]]], [[[-64.4635, 44.1799], [-64.4637, 44.1804], [-64.4638, 44.18], [-64.4635, 44.1799]]], [[[-64.529, 44.1485], [-64.5289, 44.1489], [-64.5294, 44.1487], [-64.529, 44.1485]]], [[[-64.5271, 44.1502], [-64.5273, 44.1508], [-64.5275, 44.1505], [-64.5271, 44.1502]]], [[[-64.021, 44.5112], [-64.0214, 44.5118], [-64.0213, 44.5112], [-64.021, 44.5112]]], [[[-64.3328, 44.2318], [-64.3324, 44.232], [-64.3328, 44.2321], [-64.3328, 44.2318]], [[-64.3734, 44.2268], [-64.3739, 44.227], [-64.3728, 44.2266], [-64.3734, 44.2268]]], [[[-64.3311, 44.3578], [-64.3313, 44.3584], [-64.3315, 44.3582], [-64.3311, 44.3578]]], [[[-64.519, 44.1466], [-64.5194, 44.147], [-64.5195, 44.1466], [-64.519, 44.1466]]], [[[-64.2267, 44.3849], [-64.2264, 44.3851], [-64.2273, 44.3848], [-64.2267, 44.3849]]], [[[-64.2086, 44.3731], [-64.2077, 44.3736], [-64.2086, 44.3731]]], [[[-64.3119, 44.4808], [-64.3119, 44.4813], [-64.3122, 44.4811], [-64.3119, 44.4808]]], [[[-64.4079, 44.239], [-64.4073, 44.2392], [-64.4081, 44.2392], [-64.4079, 44.239]]], [[[-64.235, 44.3886], [-64.2348, 44.389], [-64.2353, 44.3887], [-64.235, 44.3886]]], [[[-64.2769, 44.2974], [-64.2762, 44.2975], [-64.2772, 44.2974], [-64.2769, 44.2974]]], [[[-64.3925, 44.2447], [-64.3931, 44.2452], [-64.3925, 44.2447]]], [[[-64.2336, 44.3566], [-64.2346, 44.357], [-64.2336, 44.3566]]], [[[-64.2071, 44.3733], [-64.2072, 44.3736], [-64.2078, 44.3733], [-64.2071, 44.3733]]], [[[-64.3981, 44.2435], [-64.398, 44.2439], [-64.3984, 44.244], [-64.3981, 44.2435]]], [[[-64.5299, 44.1516], [-64.5297, 44.152], [-64.5303, 44.1517], [-64.5299, 44.1516]]], [[[-64.5303, 44.1427], [-64.5302, 44.1432], [-64.5307, 44.1429], [-64.5303, 44.1427]]], [[[-64.214, 44.3813], [-64.2132, 44.3816], [-64.214, 44.3813]]], [[[-64.2063, 44.3589], [-64.206, 44.3591], [-64.2069, 44.3588], [-64.2063, 44.3589]]], [[[-64.5181, 44.1412], [-64.5174, 44.1415], [-64.5181, 44.1412]]], [[[-64.342, 44.3412], [-64.3417, 44.3415], [-64.3424, 44.3415], [-64.342, 44.3412]]], [[[-64.217, 44.3573], [-64.2161, 44.3576], [-64.217, 44.3573]]], [[[-64.2285, 44.3874], [-64.2283, 44.3876], [-64.2292, 44.3874], [-64.2285, 44.3874]]], [[[-64.2653, 44.4908], [-64.2655, 44.4913], [-64.2656, 44.4908], [-64.2653, 44.4908]]], [[[-64.3764, 44.2556], [-64.3767, 44.2561], [-64.3771, 44.2558], [-64.3764, 44.2556]]], [[[-64.2625, 44.3827], [-64.262, 44.3833], [-64.2625, 44.3827]]], [[[-64.5261, 44.1477], [-64.5263, 44.1483], [-64.5265, 44.1478], [-64.5261, 44.1477]]], [[[-64.3898, 44.2327], [-64.3898, 44.2332], [-64.3902, 44.2332], [-64.3898, 44.2327]]], [[[-64.2296, 44.3552], [-64.2286, 44.3551], [-64.2296, 44.3552]]], [[[-64.3217, 44.2291], [-64.3225, 44.2297], [-64.3217, 44.2291]]], [[[-64.2403, 44.3519], [-64.2399, 44.3523], [-64.2407, 44.3521], [-64.2403, 44.3519]]], [[[-64.3758, 44.1953], [-64.3753, 44.1956], [-64.3757, 44.1956], [-64.3758, 44.1953]]], [[[-64.2138, 44.3849], [-64.2129, 44.3852], [-64.2138, 44.3849]]], [[[-64.3317, 44.325], [-64.3326, 44.325], [-64.3317, 44.325]]], [[[-64.2428, 44.3792], [-64.242, 44.3795], [-64.2428, 44.3792]]], [[[-64.3745, 44.2513], [-64.3759, 44.2516], [-64.3745, 44.2513]]], [[[-64.3997, 44.2448], [-64.3996, 44.2452], [-64.4003, 44.2451], [-64.3997, 44.2448]]], [[[-64.3953, 44.2452], [-64.3951, 44.2454], [-64.3959, 44.2455], [-64.3953, 44.2452]]], [[[-64.2668, 44.5033], [-64.2668, 44.5036], [-64.2673, 44.5038], [-64.2668, 44.5033]]], [[[-64.3793, 44.2191], [-64.379, 44.2193], [-64.3799, 44.2194], [-64.3793, 44.2191]]], [[[-64.3806, 44.2192], [-64.3814, 44.2196], [-64.3806, 44.2192]]], [[[-64.2968, 44.2961], [-64.298, 44.2964], [-64.2968, 44.2961]]], [[[-64.3524, 44.2266], [-64.3528, 44.2265], [-64.3523, 44.2262], [-64.3524, 44.2266]]], [[[-64.2022, 44.3654], [-64.2015, 44.3659], [-64.2022, 44.3654]]], [[[-64.2139, 44.3596], [-64.213, 44.3599], [-64.2139, 44.3596]]], [[[-64.3643, 44.2513], [-64.364, 44.2516], [-64.3648, 44.2515], [-64.3643, 44.2513]]], [[[-64.2007, 44.3678], [-64.2015, 44.3676], [-64.2007, 44.3678]]], [[[-64.2218, 44.3833], [-64.2231, 44.3832], [-64.2218, 44.3833]]], [[[-64.2122, 44.3844], [-64.2135, 44.3844], [-64.2122, 44.3844]]], [[[-64.214, 44.361], [-64.2129, 44.3614], [-64.214, 44.361]]], [[[-64.2182, 44.3574], [-64.2178, 44.3577], [-64.2189, 44.3575], [-64.2182, 44.3574]]], [[[-64.2307, 44.3973], [-64.2304, 44.3978], [-64.231, 44.3976], [-64.2307, 44.3973]]], [[[-64.3691, 44.2004], [-64.3688, 44.201], [-64.3693, 44.2006], [-64.3691, 44.2004]]], [[[-64.3077, 44.495], [-64.3077, 44.4957], [-64.308, 44.4954], [-64.3077, 44.495]]], [[[-64.5538, 44.1536], [-64.5533, 44.1541], [-64.5538, 44.1542], [-64.5538, 44.1536]]], [[[-64.2828, 44.2901], [-64.2829, 44.2908], [-64.2832, 44.2904], [-64.2828, 44.2901]]], [[[-64.2227, 44.3825], [-64.2221, 44.3828], [-64.2232, 44.3826], [-64.2227, 44.3825]]], [[[-64.365, 44.2175], [-64.3656, 44.2176], [-64.3656, 44.2171], [-64.365, 44.2175]]], [[[-64.2745, 44.2944], [-64.2753, 44.2947], [-64.2745, 44.2944]]], [[[-64.5298, 44.1495], [-64.5307, 44.1498], [-64.5298, 44.1495]]], [[[-64.2051, 44.3642], [-64.2039, 44.3647], [-64.2051, 44.3642]]], [[[-64.279, 44.2313], [-64.2784, 44.2319], [-64.279, 44.2313]]], [[[-64.3696, 44.2024], [-64.3691, 44.2032], [-64.3696, 44.2024]]], [[[-64.2061, 44.3719], [-64.205, 44.3725], [-64.2061, 44.3719]]], [[[-64.2103, 44.3723], [-64.2091, 44.3729], [-64.2103, 44.3723]]], [[[-64.5262, 44.1421], [-64.5264, 44.1429], [-64.5262, 44.1421]]], [[[-64.2069, 44.3577], [-64.2062, 44.3583], [-64.2069, 44.3577]]], [[[-64.1801, 44.3205], [-64.1788, 44.321], [-64.1801, 44.3205]]], [[[-64.2194, 44.3509], [-64.2184, 44.3514], [-64.2194, 44.3509]]], [[[-64.3714, 44.199], [-64.3707, 44.1995], [-64.3714, 44.199]]], [[[-64.2903, 44.322], [-64.2895, 44.3219], [-64.2903, 44.322]]], [[[-64.2161, 44.3852], [-64.2148, 44.3854], [-64.2161, 44.3852]]], [[[-64.5169, 44.1426], [-64.5177, 44.1428], [-64.5169, 44.1426]]], [[[-64.2323, 44.354], [-64.2314, 44.3541], [-64.2323, 44.354]]], [[[-64.2631, 44.4002], [-64.2637, 44.4007], [-64.2631, 44.4002]]], [[[-64.3121, 44.4718], [-64.3114, 44.4723], [-64.3121, 44.4718]]], [[[-64.2045, 44.3654], [-64.2034, 44.366], [-64.2045, 44.3654]]], [[[-64.533, 44.1523], [-64.5327, 44.153], [-64.533, 44.1523]]], [[[-64.2602, 44.3577], [-64.2599, 44.358], [-64.2604, 44.3584], [-64.2602, 44.3577]]], [[[-64.4869, 44.1496], [-64.4865, 44.1499], [-64.4873, 44.15], [-64.4869, 44.1496]]], [[[-64.4878, 44.1498], [-64.4881, 44.1506], [-64.4878, 44.1498]]], [[[-64.3538, 44.239], [-64.3546, 44.2391], [-64.3538, 44.239]]], [[[-64.3944, 44.2447], [-64.3942, 44.2453], [-64.3948, 44.2449], [-64.3944, 44.2447]]], [[[-64.3588, 44.2277], [-64.3577, 44.2279], [-64.3588, 44.2277]]], [[[-64.2279, 44.3872], [-64.227, 44.3874], [-64.2279, 44.3872]]], [[[-64.336, 44.337], [-64.3363, 44.3378], [-64.336, 44.337]]], [[[-64.2959, 44.3175], [-64.2971, 44.3177], [-64.2959, 44.3175]]], [[[-64.5263, 44.1431], [-64.5266, 44.1441], [-64.5263, 44.1431]]], [[[-64.2058, 44.3632], [-64.2055, 44.3638], [-64.2064, 44.3634], [-64.2058, 44.3632]]], [[[-64.048, 44.5017], [-64.0474, 44.5024], [-64.048, 44.5017]]], [[[-64.2213, 44.3555], [-64.2222, 44.3554], [-64.2213, 44.3555]]], [[[-64.2054, 44.3729], [-64.2062, 44.3731], [-64.2054, 44.3729]]], [[[-64.366, 44.448], [-64.3662, 44.4475], [-64.3656, 44.4478], [-64.366, 44.448]]], [[[-64.3961, 44.2436], [-64.3965, 44.2445], [-64.3961, 44.2436]]], [[[-64.3121, 44.4708], [-64.3128, 44.4711], [-64.3121, 44.4708]]], [[[-64.4004, 44.246], [-64.4008, 44.2462], [-64.3998, 44.2456], [-64.4004, 44.246]]], [[[-64.2643, 44.3828], [-64.2648, 44.3839], [-64.2643, 44.3828]]], [[[-64.212, 44.3693], [-64.2109, 44.3696], [-64.212, 44.3693]]], [[[-64.2118, 44.3711], [-64.2127, 44.371], [-64.2118, 44.3711]]], [[[-64.2112, 44.3861], [-64.2103, 44.3864], [-64.2112, 44.3861]]], [[[-64.3096, 44.5431], [-64.3106, 44.5433], [-64.3096, 44.5431]]], [[[-64.5287, 44.1492], [-64.5284, 44.1503], [-64.5287, 44.1492]]], [[[-64.3787, 44.198], [-64.3798, 44.1973], [-64.3787, 44.198]]], [[[-64.2074, 44.3619], [-64.2063, 44.3624], [-64.2074, 44.3619]]], [[[-64.3732, 44.222], [-64.3744, 44.2224], [-64.3732, 44.222]]], [[[-64.2321, 44.3966], [-64.2313, 44.3971], [-64.2321, 44.3966]]], [[[-64.1992, 44.3579], [-64.2005, 44.3578], [-64.1992, 44.3579]]], [[[-64.2146, 44.3815], [-64.2139, 44.3818], [-64.2146, 44.3815]]], [[[-64.5317, 44.1369], [-64.5325, 44.137], [-64.5317, 44.1369]]], [[[-64.3765, 44.2399], [-64.3765, 44.2409], [-64.3765, 44.2399]]], [[[-64.3294, 44.3572], [-64.3306, 44.3575], [-64.3294, 44.3572]]], [[[-64.2276, 44.3519], [-64.2264, 44.3525], [-64.2276, 44.3519]]], [[[-64.3045, 44.5146], [-64.3036, 44.514], [-64.3045, 44.5146]]], [[[-64.2181, 44.3499], [-64.2166, 44.35], [-64.2181, 44.3499]]], [[[-64.4808, 44.1508], [-64.4808, 44.1517], [-64.4808, 44.1508]]], [[[-64.5227, 44.1438], [-64.5229, 44.1452], [-64.5227, 44.1438]]], [[[-64.2049, 44.3733], [-64.2041, 44.3738], [-64.2049, 44.3733]]], [[[-64.2751, 44.5108], [-64.2761, 44.5108], [-64.2751, 44.5108]]], [[[-64.3834, 44.2563], [-64.3842, 44.257], [-64.3834, 44.2563]]], [[[-64.2213, 44.3949], [-64.2198, 44.3953], [-64.2213, 44.3949]]], [[[-64.2183, 44.3582], [-64.217, 44.3586], [-64.2183, 44.3582]]], [[[-64.2079, 44.3623], [-64.206, 44.3629], [-64.2079, 44.3623]]], [[[-64.3331, 44.335], [-64.3327, 44.3354], [-64.3333, 44.3357], [-64.3331, 44.335]]], [[[-64.2308, 44.3538], [-64.2296, 44.3543], [-64.2308, 44.3538]]], [[[-64.2077, 44.3575], [-64.2091, 44.3573], [-64.2077, 44.3575]]], [[[-64.2219, 44.3932], [-64.2199, 44.3938], [-64.2219, 44.3932]]], [[[-64.2239, 44.3833], [-64.2232, 44.384], [-64.2239, 44.3833]]], [[[-64.5653, 44.1567], [-64.5666, 44.1576], [-64.5653, 44.1567]]], [[[-64.2835, 44.4983], [-64.2842, 44.499], [-64.2835, 44.4983]]], [[[-64.3674, 44.2328], [-64.3682, 44.2337], [-64.3674, 44.2328]]], [[[-64.2083, 44.3973], [-64.2068, 44.3981], [-64.2083, 44.3973]]], [[[-64.2291, 44.3557], [-64.2304, 44.3561], [-64.2291, 44.3557]]], [[[-64.3213, 44.2297], [-64.3221, 44.2301], [-64.3213, 44.2297]]], [[[-64.2796, 44.2318], [-64.279, 44.2321], [-64.2802, 44.2318], [-64.2796, 44.2318]]], [[[-64.2203, 44.3559], [-64.2195, 44.3567], [-64.2203, 44.3559]]], [[[-64.5194, 44.144], [-64.5192, 44.143], [-64.5194, 44.144]]], [[[-64.2102, 44.3762], [-64.2091, 44.3768], [-64.2102, 44.3762]]], [[[-64.2285, 44.3842], [-64.2295, 44.3844], [-64.2285, 44.3842]]], [[[-64.5183, 44.1418], [-64.518, 44.1426], [-64.5191, 44.142], [-64.5183, 44.1418]]], [[[-64.2125, 44.365], [-64.2116, 44.3655], [-64.2125, 44.365]]], [[[-64.3942, 44.2433], [-64.395, 44.2445], [-64.3942, 44.2433]]], [[[-64.2304, 44.3942], [-64.2293, 44.3949], [-64.2304, 44.3942]]], [[[-64.205, 44.3689], [-64.2033, 44.3695], [-64.205, 44.3689]]], [[[-64.3659, 44.2516], [-64.3679, 44.2517], [-64.3659, 44.2516]]], [[[-64.2304, 44.3874], [-64.229, 44.3877], [-64.2304, 44.3874]]], [[[-64.1832, 44.3178], [-64.1816, 44.3187], [-64.1832, 44.3178]]], [[[-64.3822, 44.2555], [-64.3826, 44.2562], [-64.3822, 44.2555]]], [[[-64.3583, 44.2402], [-64.3596, 44.2398], [-64.3583, 44.2402]]], [[[-64.3776, 44.2266], [-64.3774, 44.2276], [-64.3776, 44.2266]]], [[[-64.2098, 44.3686], [-64.2116, 44.3685], [-64.2098, 44.3686]]], [[[-64.3838, 44.256], [-64.385, 44.2569], [-64.3838, 44.256]]], [[[-64.551, 44.1551], [-64.5508, 44.1561], [-64.551, 44.1551]]], [[[-64.2256, 44.3952], [-64.2238, 44.3957], [-64.2256, 44.3952]]], [[[-64.2297, 44.355], [-64.2318, 44.3548], [-64.2297, 44.355]]], [[[-64.1943, 44.5348], [-64.1962, 44.5358], [-64.1943, 44.5348]]], [[[-64.207, 44.3721], [-64.2078, 44.3717], [-64.207, 44.3721]]], [[[-64.1718, 44.5874], [-64.1734, 44.587], [-64.1718, 44.5874]]], [[[-64.3745, 44.222], [-64.3759, 44.2231], [-64.3745, 44.222]]], [[[-64.207, 44.3655], [-64.2047, 44.3664], [-64.207, 44.3655]]], [[[-64.3351, 44.3297], [-64.3337, 44.3304], [-64.3351, 44.3297]]], [[[-64.2101, 44.3837], [-64.2121, 44.3838], [-64.2101, 44.3837]]], [[[-64.2272, 44.3746], [-64.2291, 44.3752], [-64.2272, 44.3746]]], [[[-64.3343, 44.3581], [-64.3353, 44.3585], [-64.3343, 44.3581]]], [[[-64.2017, 44.3667], [-64.1998, 44.3677], [-64.2017, 44.3667]]], [[[-64.2325, 44.415], [-64.2348, 44.4154], [-64.2325, 44.415]]], [[[-64.532, 44.1493], [-64.5319, 44.1481], [-64.532, 44.1493]]], [[[-64.314, 44.4731], [-64.3153, 44.4734], [-64.314, 44.4731]]], [[[-64.2104, 44.3756], [-64.213, 44.3744], [-64.2104, 44.3756]]], [[[-64.3257, 44.1742], [-64.3247, 44.1749], [-64.3257, 44.1742]]], [[[-64.2121, 44.3667], [-64.2145, 44.3665], [-64.2121, 44.3667]]], [[[-64.0274, 44.5136], [-64.0285, 44.5139], [-64.0283, 44.5128], [-64.0274, 44.5136]]], [[[-64.2105, 44.3738], [-64.2094, 44.3752], [-64.2105, 44.3738]]], [[[-64.187, 44.3166], [-64.1843, 44.3177], [-64.187, 44.3166]]], [[[-64.3761, 44.1959], [-64.3752, 44.1973], [-64.3761, 44.1959]]], [[[-64.2982, 44.5609], [-64.2986, 44.5622], [-64.2982, 44.5609]]], [[[-64.2494, 44.5361], [-64.2494, 44.535], [-64.2494, 44.5361]]], [[[-64.3061, 44.5138], [-64.3086, 44.514], [-64.3061, 44.5138]]], [[[-64.2165, 44.3507], [-64.2182, 44.3507], [-64.2165, 44.3507]]], [[[-64.2009, 44.3575], [-64.2023, 44.3569], [-64.2009, 44.3575]]], [[[-64.369, 44.2209], [-64.3685, 44.2215], [-64.3698, 44.2217], [-64.369, 44.2209]]], [[[-64.2077, 44.3569], [-64.21, 44.3568], [-64.2077, 44.3569]]], [[[-64.2686, 44.4374], [-64.2714, 44.4379], [-64.2686, 44.4374]]], [[[-64.3632, 44.2192], [-64.3648, 44.2187], [-64.3632, 44.2192]]], [[[-64.5302, 44.1504], [-64.5302, 44.1514], [-64.5316, 44.1507], [-64.5302, 44.1504]]], [[[-64.5304, 44.1399], [-64.5302, 44.1419], [-64.5304, 44.1399]]], [[[-64.3055, 44.4949], [-64.3033, 44.4963], [-64.3055, 44.4949]]], [[[-64.5478, 44.1569], [-64.549, 44.1576], [-64.5493, 44.1567], [-64.5478, 44.1569]]], [[[-64.3407, 44.2281], [-64.3394, 44.2288], [-64.3415, 44.2287], [-64.3407, 44.2281]]], [[[-64.3075, 44.4383], [-64.3089, 44.4392], [-64.3075, 44.4383]]], [[[-64.204, 44.358], [-64.2011, 44.3593], [-64.204, 44.358]]], [[[-64.0457, 44.5032], [-64.0476, 44.503], [-64.0457, 44.5032]]], [[[-64.5202, 44.1455], [-64.5204, 44.1481], [-64.5202, 44.1455]], [[-64.2311, 44.3837], [-64.2297, 44.384], [-64.2311, 44.3837]]], [[[-64.0, 44.5114], [-63.9985, 44.5123], [-64.0, 44.5114]]], [[[-64.2411, 44.3522], [-64.2437, 44.353], [-64.2411, 44.3522]]], [[[-64.2145, 44.3583], [-64.2162, 44.3584], [-64.2145, 44.3583]]], [[[-64.2036, 44.3559], [-64.2049, 44.3555], [-64.2036, 44.3559]]], [[[-64.3805, 44.2533], [-64.3811, 44.2553], [-64.3805, 44.2533]]], [[[-64.368, 44.247], [-64.3694, 44.2471], [-64.3678, 44.2458], [-64.368, 44.247]]], [[[-64.3879, 44.2525], [-64.3882, 44.2516], [-64.3865, 44.2515], [-64.3879, 44.2525]]], [[[-64.1858, 44.4628], [-64.1844, 44.463], [-64.1866, 44.4639], [-64.1858, 44.4628]]], [[[-64.3748, 44.248], [-64.3759, 44.2494], [-64.3748, 44.248]]], [[[-64.5252, 44.1448], [-64.525, 44.1428], [-64.5252, 44.1448]]], [[[-64.301, 44.2979], [-64.3008, 44.2993], [-64.301, 44.2979]]], [[[-64.3917, 44.2445], [-64.392, 44.2459], [-64.3917, 44.2445]]], [[[-64.3613, 44.2085], [-64.3624, 44.2085], [-64.362, 44.2069], [-64.3613, 44.2085]]], [[[-64.0118, 44.532], [-64.0134, 44.5332], [-64.0118, 44.532]]], [[[-64.3006, 44.501], [-64.2997, 44.5014], [-64.3004, 44.5025], [-64.3006, 44.501]]], [[[-64.2069, 44.3688], [-64.2101, 44.3681], [-64.2069, 44.3688]]], [[[-64.1906, 44.5341], [-64.1892, 44.5325], [-64.1885, 44.533], [-64.1906, 44.5341]]], [[[-63.9979, 44.5113], [-63.9987, 44.51], [-63.9978, 44.5098], [-63.9979, 44.5113]]], [[[-64.2094, 44.3704], [-64.2106, 44.3712], [-64.2117, 44.3701], [-64.2094, 44.3704]]], [[[-64.214, 44.3616], [-64.2108, 44.3626], [-64.214, 44.3616]]], [[[-64.3698, 44.2237], [-64.3707, 44.223], [-64.3691, 44.222], [-64.3698, 44.2237]]], [[[-64.1791, 44.3639], [-64.1784, 44.3648], [-64.1808, 44.3645], [-64.1791, 44.3639]]], [[[-64.2145, 44.3678], [-64.2122, 44.369], [-64.2145, 44.3678]]], [[[-64.216, 44.4069], [-64.2131, 44.4075], [-64.216, 44.4069]]], [[[-64.2491, 44.4035], [-64.251, 44.403], [-64.2477, 44.4028], [-64.2491, 44.4035]]], [[[-64.235, 44.357], [-64.237, 44.357], [-64.235, 44.357]]], [[[-64.2029, 44.5199], [-64.2025, 44.5208], [-64.2042, 44.5213], [-64.2029, 44.5199]]], [[[-64.2185, 44.3977], [-64.222, 44.3977], [-64.2185, 44.3977]]], [[[-64.3051, 44.5342], [-64.3065, 44.5351], [-64.3063, 44.5338], [-64.3051, 44.5342]]], [[[-64.2045, 44.4011], [-64.2076, 44.401], [-64.2045, 44.4011]]], [[[-64.2261, 44.3959], [-64.2243, 44.3966], [-64.2283, 44.396], [-64.2261, 44.3959]]], [[[-64.2457, 44.5232], [-64.2452, 44.524], [-64.2469, 44.525], [-64.2457, 44.5232]]], [[[-64.2152, 44.3549], [-64.2109, 44.3564], [-64.2152, 44.3549]]], [[[-64.2637, 44.3995], [-64.2657, 44.399], [-64.2637, 44.3995]]], [[[-64.3371, 44.2282], [-64.3383, 44.2277], [-64.3358, 44.2277], [-64.3371, 44.2282]]], [[[-64.2113, 44.5142], [-64.2126, 44.5158], [-64.2138, 44.5153], [-64.2113, 44.5142]]], [[[-64.373, 44.1991], [-64.3717, 44.201], [-64.3752, 44.1979], [-64.373, 44.1991]]], [[[-64.5231, 44.1396], [-64.5244, 44.1445], [-64.5231, 44.1396]]], [[[-64.531, 44.1391], [-64.5322, 44.1394], [-64.5325, 44.1377], [-64.531, 44.1391]]], [[[-64.3614, 44.2164], [-64.3635, 44.2158], [-64.362, 44.2153], [-64.3614, 44.2164]]], [[[-64.2171, 44.3981], [-64.2116, 44.4], [-64.2171, 44.3981]]], [[[-64.301, 44.5314], [-64.2997, 44.5316], [-64.3003, 44.5334], [-64.301, 44.5314]]], [[[-64.2127, 44.3625], [-64.2093, 44.3641], [-64.2127, 44.3625]]], [[[-64.182, 44.3628], [-64.1799, 44.3636], [-64.1813, 44.364], [-64.182, 44.3628]]], [[[-64.3124, 44.4431], [-64.3103, 44.4439], [-64.3132, 44.4439], [-64.3124, 44.4431]]], [[[-64.207, 44.3643], [-64.21, 44.3645], [-64.207, 44.3643]]], [[[-64.2108, 44.3574], [-64.214, 44.3561], [-64.2108, 44.3574]]], [[[-64.5559, 44.1549], [-64.5573, 44.1557], [-64.5568, 44.1528], [-64.5559, 44.1549]]], [[[-64.3781, 44.2551], [-64.3802, 44.2561], [-64.3786, 44.2537], [-64.3781, 44.2551]]], [[[-64.3296, 44.3501], [-64.332, 44.3509], [-64.3309, 44.3494], [-64.3296, 44.3501]]], [[[-64.2111, 44.3547], [-64.2063, 44.3566], [-64.2111, 44.3547]]], [[[-64.2817, 44.3848], [-64.2813, 44.386], [-64.2836, 44.3867], [-64.2817, 44.3848]]], [[[-64.184, 44.3198], [-64.1789, 44.322], [-64.184, 44.3198]]], [[[-64.2149, 44.3814], [-64.2208, 44.3811], [-64.2149, 44.3814]]], [[[-64.3365, 44.3254], [-64.3336, 44.3245], [-64.3365, 44.3254]]], [[[-64.2279, 44.3532], [-64.2336, 44.3528], [-64.2279, 44.3532]]], [[[-64.2782, 44.501], [-64.2814, 44.5017], [-64.2782, 44.501]]], [[[-64.379, 44.2315], [-64.3818, 44.2312], [-64.3797, 44.2294], [-64.379, 44.2315]]], [[[-64.2169, 44.3533], [-64.2208, 44.3518], [-64.2169, 44.3533]]], [[[-64.2795, 44.5359], [-64.2822, 44.5383], [-64.2795, 44.5359]]], [[[-64.2249, 44.3833], [-64.2305, 44.3832], [-64.2249, 44.3833]]], [[[-64.3704, 44.2041], [-64.3722, 44.2055], [-64.3727, 44.2028], [-64.3704, 44.2041]]], [[[-64.2937, 44.4695], [-64.2955, 44.4723], [-64.2937, 44.4695]]], [[[-64.2155, 44.3706], [-64.2185, 44.3692], [-64.2155, 44.3706]]], [[[-64.2087, 44.3979], [-64.2131, 44.3975], [-64.2087, 44.3979]]], [[[-64.3676, 44.2242], [-64.3649, 44.2214], [-64.3676, 44.2242]]], [[[-64.2516, 44.5084], [-64.2505, 44.5097], [-64.2529, 44.511], [-64.2516, 44.5084]]], [[[-64.3693, 44.2468], [-64.3721, 44.2455], [-64.3693, 44.2468]]], [[[-64.5508, 44.1542], [-64.5484, 44.1508], [-64.5508, 44.1542]], [[-64.2216, 44.3955], [-64.2293, 44.3934], [-64.2216, 44.3955]]], [[[-64.1984, 44.5249], [-64.198, 44.5281], [-64.1984, 44.5249]]], [[[-64.3397, 44.4405], [-64.3373, 44.4417], [-64.3407, 44.4431], [-64.3397, 44.4405]]], [[[-64.2224, 44.3559], [-64.2293, 44.3544], [-64.2224, 44.3559]]], [[[-64.3172, 44.4099], [-64.3186, 44.413], [-64.3172, 44.4099]]], [[[-64.2832, 44.4533], [-64.2806, 44.4574], [-64.2832, 44.4533]]], [[[-64.3663, 44.2561], [-64.3707, 44.2554], [-64.3663, 44.2561]]], [[[-64.3703, 44.2309], [-64.3692, 44.2338], [-64.3703, 44.2309]]], [[[-64.2961, 44.4762], [-64.2918, 44.476], [-64.2961, 44.4762]]], [[[-64.234, 44.3972], [-64.2379, 44.3988], [-64.234, 44.3972]]], [[[-64.2032, 44.3682], [-64.21, 44.3653], [-64.2032, 44.3682]]], [[[-64.3755, 44.2279], [-64.3729, 44.2251], [-64.3755, 44.2279]]], [[[-64.2071, 44.4034], [-64.2217, 44.4002], [-64.2071, 44.4034]]], [[[-64.1743, 44.5386], [-64.175, 44.5422], [-64.1743, 44.5386]]], [[[-64.2512, 44.5175], [-64.2541, 44.5183], [-64.2512, 44.5175]]], [[[-64.3228, 44.4435], [-64.3269, 44.4445], [-64.3228, 44.4435]]], [[[-64.0263, 44.5105], [-64.0296, 44.5112], [-64.027, 44.5074], [-64.0263, 44.5105]]], [[[-64.2714, 44.4636], [-64.2728, 44.469], [-64.2714, 44.4636]]], [[[-64.2113, 44.5189], [-64.2132, 44.5251], [-64.2113, 44.5189]]], [[[-64.3443, 44.251], [-64.3509, 44.2519], [-64.3443, 44.251]]], [[[-64.3456, 44.2252], [-64.3529, 44.2228], [-64.3456, 44.2252]]], [[[-64.2549, 44.5232], [-64.2577, 44.5281], [-64.2549, 44.5232]]], [[[-64.3405, 44.2189], [-64.3456, 44.2168], [-64.3405, 44.2189]]], [[[-64.0494, 44.3861], [-64.0469, 44.3824], [-64.0494, 44.3861]]], [[[-64.2305, 44.5155], [-64.2383, 44.5177], [-64.2305, 44.5155]]], [[[-64.1421, 44.3451], [-64.15, 44.3437], [-64.1421, 44.3451]]], [[[-63.9962, 44.509], [-63.9947, 44.5038], [-63.9962, 44.509]]], [[[-64.5271, 44.1414], [-64.5319, 44.1358], [-64.5271, 44.1414]]], [[[-64.2442, 44.4559], [-64.2454, 44.4616], [-64.2442, 44.4559]]], [[[-64.3197, 44.4273], [-64.3254, 44.4267], [-64.3197, 44.4273]], [[-64.2759, 44.5172], [-64.2701, 44.5156], [-64.2759, 44.5172]]], [[[-64.355, 44.2265], [-64.361, 44.2241], [-64.355, 44.2265]]], [[[-64.4015, 44.1639], [-64.4033, 44.1576], [-64.4015, 44.1639]]], [[[-64.3362, 44.2467], [-64.3296, 44.2484], [-64.3362, 44.2467]]], [[[-64.2896, 44.417], [-64.3002, 44.4134], [-64.2896, 44.417]]], [[[-64.2679, 44.3924], [-64.2753, 44.3967], [-64.2679, 44.3924]]], [[[-64.2522, 44.5288], [-64.2585, 44.5347], [-64.2522, 44.5288]]], [[[-64.3451, 44.222], [-64.3537, 44.2192], [-64.3451, 44.222]]], [[[-64.2982, 44.4526], [-64.3029, 44.4585], [-64.2982, 44.4526]]], [[[-64.215, 44.3573], [-64.2265, 44.3516], [-64.215, 44.3573]]], [[[-64.0092, 44.5269], [-64.0017, 44.5198], [-64.0092, 44.5269]]], [[[-64.3651, 44.2508], [-64.3673, 44.2462], [-64.3651, 44.2508]]], [[[-64.2822, 44.5474], [-64.2869, 44.5485], [-64.2822, 44.5474]]], [[[-64.2829, 44.4707], [-64.2827, 44.4645], [-64.2783, 44.4677], [-64.2829, 44.4707]]], [[[-64.2829, 44.298], [-64.2961, 44.298], [-64.2829, 44.298]]], [[[-64.3605, 44.2458], [-64.3654, 44.2412], [-64.3592, 44.2416], [-64.3605, 44.2458]]], [[[-64.2424, 44.5271], [-64.2453, 44.5356], [-64.2424, 44.5271]]], [[[-64.0293, 44.4995], [-64.0364, 44.4963], [-64.0292, 44.4945], [-64.0293, 44.4995]]], [[[-64.208, 44.355], [-64.2163, 44.3523], [-64.2034, 44.3525], [-64.208, 44.355]]], [[[-64.2202, 44.5275], [-64.2328, 44.5246], [-64.2202, 44.5275]]], [[[-64.2551, 44.459], [-64.2611, 44.4583], [-64.2541, 44.4456], [-64.2551, 44.459]]], [[[-64.2687, 44.4864], [-64.276, 44.4824], [-64.2672, 44.4818], [-64.2687, 44.4864]]], [[[-64.2998, 44.5567], [-64.3067, 44.557], [-64.2967, 44.5508], [-64.2998, 44.5567]]], [[[-64.2025, 44.5602], [-64.2124, 44.5628], [-64.2056, 44.5545], [-64.2025, 44.5602]]], [[[-64.282, 44.4802], [-64.2891, 44.4754], [-64.2743, 44.4738], [-64.282, 44.4802]]], [[[-64.2331, 44.4513], [-64.2319, 44.4574], [-64.2431, 44.4549], [-64.2331, 44.4513]]], [[[-64.3058, 44.4145], [-64.302, 44.4276], [-64.3092, 44.4218], [-64.3058, 44.4145]]], [[[-64.3688, 44.2366], [-64.3751, 44.2394], [-64.3811, 44.2326], [-64.3688, 44.2366]]], [[[-64.3106, 44.457], [-64.3147, 44.4512], [-64.3078, 44.4461], [-64.3044, 44.4539], [-64.3106, 44.457]]], [[[-64.3636, 44.2302], [-64.3726, 44.2289], [-64.3572, 44.2269], [-64.3636, 44.2302]]], [[[-64.1236, 44.4268], [-64.134, 44.4274], [-64.1342, 44.4202], [-64.1236, 44.4268]]], [[[-64.2862, 44.513], [-64.3014, 44.5146], [-64.2862, 44.513]]], [[[-64.2745, 44.237], [-64.2784, 44.2272], [-64.2687, 44.2312], [-64.2745, 44.237]]], [[[-64.297, 44.4491], [-64.3049, 44.4475], [-64.3032, 44.4397], [-64.297, 44.4491]]], [[[-64.2947, 44.4646], [-64.3028, 44.4604], [-64.2925, 44.4584], [-64.2947, 44.4646]]], [[[-64.2045, 44.3506], [-64.2213, 44.3475], [-64.2045, 44.3506]]], [[[-64.077, 44.4391], [-64.0954, 44.4362], [-64.077, 44.4391]]], [[[-64.2835, 44.3933], [-64.2907, 44.3858], [-64.2786, 44.3867], [-64.2835, 44.3933]]], [[[-64.1305, 44.4745], [-64.1426, 44.4686], [-64.1253, 44.4682], [-64.1305, 44.4745]]], [[[-64.3137, 44.4158], [-64.3382, 44.422], [-64.3137, 44.4158]]], [[[-64.3332, 44.3591], [-64.321, 44.3353], [-64.3332, 44.3591]]], [[[-64.1718, 44.3155], [-64.1998, 44.3139], [-64.1718, 44.3155]]], [[[-64.3153, 44.2372], [-64.3599, 44.2372], [-64.3153, 44.2372]]], [[[-64.2434, 44.3945], [-64.2759, 44.3872], [-64.2106, 44.3767], [-64.2434, 44.3945]]], [[[-64.1562, 44.4705], [-64.1754, 44.4399], [-64.156, 44.4389], [-64.1562, 44.4705]]], [[[-64.3449, 44.2107], [-64.3799, 44.194], [-64.3845, 44.2229], [-64.3975, 44.1794], [-64.3466, 44.1804], [-64.3449, 44.2107]]], [[[-64.2029, 44.7362], [-64.4322, 44.8993], [-64.9455, 44.5375], [-64.8545, 44.4595], [-64.8778, 44.4186], [-64.5668, 44.1579], [-64.4924, 44.1395], [-64.4807, 44.181], [-64.4366, 44.1991], [-64.4462, 44.2335], [-64.3842, 44.2252], [-64.4132, 44.2354], [-64.3466, 44.289], [-64.2862, 44.242], [-64.23, 44.292], [-64.2858, 44.2855], [-64.3044, 44.2979], [-64.2574, 44.3248], [-64.313, 44.343], [-64.2867, 44.3206], [-64.3263, 44.3368], [-64.3377, 44.3211], [-64.3436, 44.3407], [-64.343, 44.3671], [-64.3196, 44.3569], [-64.3169, 44.3768], [-64.2169, 44.3592], [-64.3318, 44.395], [-64.252, 44.4109], [-64.3316, 44.4058], [-64.3441, 44.4369], [-64.3807, 44.449], [-64.3042, 44.4659], [-64.3333, 44.4732], [-64.2944, 44.4824], [-64.3143, 44.4945], [-64.3068, 44.5672], [-64.2195, 44.5328], [-64.2078, 44.5788], [-64.167, 44.5923], [-64.1684, 44.5705], [-64.1013, 44.5259], [-64.123, 44.5324], [-64.1267, 44.5073], [-64.0885, 44.4693], [-64.0504, 44.5233], [-64.006, 44.5076], [-64.0622, 44.5862], [-64.0647, 44.6367], [-64.2029, 44.7362]]]]}}, {"type": "Feature", "properties": {"osm_type": "relation", "osm_id": 900494117, "name": "Kings", "admin_level": "6", "kind": "subdivision_2", "parent_osm_id": 390558, "parent_name": "Nova Scotia", "parent_iso": "CA-NS"}, "geometry": {"type": "MultiPolygon", "coordinates": [[[[-64.3853, 45.1939], [-64.3855, 45.1944], [-64.3856, 45.194], [-64.3853, 45.1939]]], [[[-64.3841, 45.1954], [-64.3842, 45.1958], [-64.3847, 45.1958], [-64.3841, 45.1954]]], [[[-64.4982, 45.3349], [-64.4986, 45.3353], [-64.4987, 45.335], [-64.4982, 45.3349]]], [[[-64.3855, 45.195], [-64.3854, 45.1959], [-64.3855, 45.195]]], [[[-64.3419, 45.1057], [-64.3404, 45.1061], [-64.3419, 45.1057]]], [[[-64.3372, 45.1142], [-64.3352, 45.115], [-64.3373, 45.1151], [-64.3372, 45.1142]]], [[[-64.2697, 45.1437], [-64.2684, 45.1443], [-64.2697, 45.1437]]], [[[-64.2744, 45.1059], [-64.2722, 45.1071], [-64.2744, 45.1059]]], [[[-64.26, 45.1441], [-64.2677, 45.1458], [-64.26, 45.1441]]], [[[-64.3698, 45.316], [-64.4964, 45.3348], [-64.4027, 45.3075], [-64.399, 45.2792], [-64.4598, 45.2427], [-64.8284, 45.1503], [-65.019, 45.0666], [-64.7732, 44.6636], [-64.1699, 45.0781], [-64.2628, 45.1237], [-64.2887, 45.0919], [-64.2703, 45.1013], [-64.2869, 45.1383], [-64.3298, 45.1358], [-64.3562, 45.0929], [-64.3862, 45.0981], [-64.3671, 45.1251], [-64.3935, 45.1186], [-64.4051, 45.1297], [-64.379, 45.1416], [-64.4114, 45.1487], [-64.3512, 45.1655], [-64.3583, 45.1942], [-64.3902, 45.1957], [-64.3263, 45.2759], [-64.3698, 45.316]]]]}}, {"type": "Feature", "properties": {"osm_type": "relation", "osm_id": 607758550, "name": "Hants", "admin_level": "6", "kind": "subdivision_2", "parent_osm_id": 390558, "parent_name": "Nova Scotia", "parent_iso": "CA-NS"}, "geometry": {"type": "MultiPolygon", "coordinates": [[[[-63.7463, 45.3006], [-63.7453, 45.3008], [-63.7463, 45.3006]]], [[[-63.8076, 45.3117], [-63.8067, 45.3123], [-63.8076, 45.3117]]], [[[-64.0028, 45.2258], [-64.0031, 45.2269], [-64.0036, 45.2258], [-64.0028, 45.2258]]], [[[-63.5295, 45.3352], [-63.5608, 45.3121], [-63.7154, 45.3233], [-63.7408, 45.2962], [-63.7889, 45.3167], [-63.8671, 45.2606], [-63.9, 45.2778], [-64.0123, 45.2352], [-63.9722, 45.2178], [-64.0561, 45.2321], [-64.1651, 45.1913], [-64.2158, 45.1161], [-64.1699, 45.0781], [-64.4322, 44.8993], [-64.2371, 44.7609], [-63.848, 44.7882], [-63.7558, 44.8937], [-63.7031, 44.9196], [-63.5919, 44.9496], [-63.5706, 44.9254], [-63.5557, 44.9434], [-63.5306, 44.9322], [-63.4331, 45.0014], [-63.4212, 45.058], [-63.3873, 45.0582], [-63.4107, 45.0904], [-63.3823, 45.1403], [-63.4175, 45.2342], [-63.4517, 45.2451], [-63.4778, 45.3114], [-63.5295, 45.3352]]]]}}, {"type": "Feature", "properties": {"osm_type": "relation", "osm_id": 383387494, "name": "Halifax", "admin_level": "6", "kind": "subdivision_2", "parent_osm_id": 390558, "parent_name": "Nova Scotia", "parent_iso": "CA-NS"}, "geometry": {"type": "MultiPolygon", "coordinates": [[[[-62.3811, 44.8566], [-62.3812, 44.8569], [-62.3814, 44.8568], [-62.3811, 44.8566]]], [[[-62.8272, 44.6911], [-62.8269, 44.6912], [-62.8273, 44.6912], [-62.8272, 44.6911]]], [[[-62.8561, 44.6935], [-62.8561, 44.6937], [-62.8563, 44.6935], [-62.8561, 44.6935]]], [[[-63.1102, 44.716], [-63.1101, 44.7163], [-63.1103, 44.7162], [-63.1102, 44.716]]], [[[-62.4663, 44.8536], [-62.4663, 44.8538], [-62.4666, 44.8537], [-62.4663, 44.8536]]], [[[-62.6574, 44.7544], [-62.6575, 44.7546], [-62.6578, 44.7545], [-62.6574, 44.7544]]], [[[-62.7206, 44.7466], [-62.7205, 44.7468], [-62.7208, 44.7466], [-62.7206, 44.7466]]], [[[-63.6055, 44.4886], [-63.6055, 44.4888], [-63.6058, 44.4887], [-63.6055, 44.4886]]], [[[-62.7765, 44.7485], [-62.7763, 44.7487], [-62.7767, 44.7486], [-62.7765, 44.7485]]], [[[-63.1074, 44.7322], [-63.1075, 44.7325], [-63.1077, 44.7324], [-63.1074, 44.7322]]], [[[-62.2524, 44.9697], [-62.2523, 44.97], [-62.2526, 44.9698], [-62.2524, 44.9697]]], [[[-62.6129, 44.8437], [-62.6129, 44.8439], [-62.6132, 44.8439], [-62.6129, 44.8437]]], [[[-62.2489, 44.9538], [-62.2489, 44.954], [-62.2491, 44.954], [-62.2489, 44.9538]]], [[[-62.1857, 44.9508], [-62.1858, 44.9511], [-62.1859, 44.9509], [-62.1857, 44.9508]]], [[[-62.4252, 44.8485], [-62.4254, 44.8487], [-62.4257, 44.8486], [-62.4252, 44.8485]]], [[[-62.8547, 44.7075], [-62.8545, 44.7078], [-62.8549, 44.7076], [-62.8547, 44.7075]]], [[[-63.9676, 44.6592], [-63.9675, 44.6595], [-63.9678, 44.6593], [-63.9676, 44.6592]]], [[[-62.5286, 44.8256], [-62.5291, 44.8256], [-62.529, 44.8255], [-62.5286, 44.8256]]], [[[-62.8479, 44.7149], [-62.8478, 44.715], [-62.8482, 44.7151], [-62.8479, 44.7149]]], [[[-62.1626, 44.9388], [-62.1626, 44.939], [-62.1628, 44.9388], [-62.1626, 44.9388]]], [[[-62.1649, 44.9366], [-62.1648, 44.9368], [-62.1652, 44.9368], [-62.1649, 44.9366]]], [[[-62.8571, 44.6928], [-62.857, 44.693], [-62.8572, 44.6929], [-62.8571, 44.6928]]], [[[-63.0974, 44.6865], [-63.0976, 44.6867], [-63.0975, 44.6864], [-63.0974, 44.6865]]], [[[-62.3464, 44.918], [-62.3461, 44.9182], [-62.3466, 44.9181], [-62.3464, 44.918]]], [[[-62.4587, 44.8291], [-62.4586, 44.8293], [-62.4589, 44.8292], [-62.4587, 44.8291]]], [[[-63.1179, 44.6965], [-63.1182, 44.6966], [-63.1185, 44.6965], [-63.1179, 44.6965]]], [[[-62.8132, 44.7512], [-62.813, 44.7513], [-62.8135, 44.7514], [-62.8132, 44.7512]]], [[[-62.6522, 44.7848], [-62.6525, 44.7849], [-62.6524, 44.7847], [-62.6522, 44.7848]]], [[[-62.5625, 44.8547], [-62.5624, 44.8549], [-62.5627, 44.8548], [-62.5625, 44.8547]]], [[[-62.1995, 44.9323], [-62.1999, 44.9323], [-62.1997, 44.9322], [-62.1995, 44.9323]]], [[[-63.1183, 44.733], [-63.1183, 44.7332], [-63.1185, 44.7331], [-63.1183, 44.733]]], [[[-63.0721, 44.7171], [-63.0724, 44.7173], [-63.0723, 44.7171], [-63.0721, 44.7171]]], [[[-62.4583, 44.8285], [-62.4582, 44.8287], [-62.4585, 44.8286], [-62.4583, 44.8285]]], [[[-62.5365, 44.9166], [-62.5366, 44.9169], [-62.5367, 44.9169], [-62.5365, 44.9166]]], [[[-62.1667, 44.924], [-62.1668, 44.9241], [-62.1671, 44.9241], [-62.1667, 44.924]]], [[[-63.1121, 44.6966], [-63.1118, 44.6969], [-63.1121, 44.6969], [-63.1121, 44.6966]]], [[[-63.0895, 44.706], [-63.0896, 44.7063], [-63.0898, 44.7061], [-63.0895, 44.706]]], [[[-62.8647, 44.7078], [-62.8646, 44.7079], [-62.8649, 44.7079], [-62.8647, 44.7078]]], [[[-62.7231, 44.7319], [-62.723, 44.7321], [-62.7232, 44.7322], [-62.7231, 44.7319]]], [[[-62.8589, 44.6916], [-62.8587, 44.6918], [-62.859, 44.6918], [-62.8589, 44.6916]]], [[[-62.3477, 44.8721], [-62.3476, 44.8723], [-62.348, 44.8724], [-62.3477, 44.8721]]], [[[-62.6032, 44.7942], [-62.6031, 44.7945], [-62.6034, 44.7944], [-62.6032, 44.7942]]], [[[-62.7203, 44.7472], [-62.7202, 44.7473], [-62.7205, 44.7474], [-62.7203, 44.7472]]], [[[-62.1761, 44.9261], [-62.1759, 44.9263], [-62.1762, 44.9262], [-62.1761, 44.9261]]], [[[-62.7031, 44.7456], [-62.7033, 44.7457], [-62.7034, 44.7455], [-62.7031, 44.7456]]], [[[-62.3072, 44.9204], [-62.3071, 44.9206], [-62.3074, 44.9206], [-62.3072, 44.9204]]], [[[-62.1608, 44.9253], [-62.1605, 44.9254], [-62.1611, 44.9254], [-62.1608, 44.9253]]], [[[-62.243, 44.9513], [-62.2431, 44.9515], [-62.2434, 44.9514], [-62.243, 44.9513]]], [[[-63.7317, 44.4629], [-63.732, 44.4632], [-63.7321, 44.463], [-63.7317, 44.4629]]], [[[-62.4059, 44.8671], [-62.4058, 44.8672], [-62.4063, 44.8673], [-62.4059, 44.8671]]], [[[-62.6179, 44.7933], [-62.618, 44.7934], [-62.6184, 44.7932], [-62.6179, 44.7933]]], [[[-63.897, 44.6789], [-63.8972, 44.6791], [-63.8974, 44.6789], [-63.897, 44.6789]]], [[[-63.1162, 44.7339], [-63.1161, 44.7342], [-63.1164, 44.7344], [-63.1162, 44.7339]]], [[[-63.0763, 44.7129], [-63.0763, 44.7131], [-63.0766, 44.713], [-63.0763, 44.7129]]], [[[-62.3703, 44.8463], [-62.3705, 44.8464], [-62.3708, 44.8463], [-62.3703, 44.8463]]], [[[-62.4141, 44.8998], [-62.4141, 44.9], [-62.4144, 44.9], [-62.4141, 44.8998]]], [[[-62.4261, 44.8322], [-62.4261, 44.8324], [-62.4264, 44.8324], [-62.4261, 44.8322]]], [[[-62.1595, 44.9235], [-62.1595, 44.9238], [-62.1597, 44.9237], [-62.1595, 44.9235]]], [[[-63.7838, 44.4773], [-63.7841, 44.4774], [-63.7844, 44.4774], [-63.7838, 44.4773]]], [[[-62.5687, 44.8656], [-62.569, 44.8658], [-62.5689, 44.8655], [-62.5687, 44.8656]]], [[[-63.9491, 44.5291], [-63.9489, 44.5294], [-63.9492, 44.5294], [-63.9491, 44.5291]]], [[[-62.155, 44.9388], [-62.1548, 44.9391], [-62.1551, 44.939], [-62.155, 44.9388]]], [[[-62.6404, 44.7902], [-62.6401, 44.7902], [-62.6407, 44.7901], [-62.6404, 44.7902]]], [[[-62.7498, 44.7363], [-62.7498, 44.7366], [-62.75, 44.7365], [-62.7498, 44.7363]]], [[[-62.7275, 44.7491], [-62.7274, 44.7494], [-62.7276, 44.7494], [-62.7275, 44.7491]]], [[[-62.7863, 44.7539], [-62.7861, 44.7541], [-62.7865, 44.7541], [-62.7863, 44.7539]]], [[[-63.247, 44.7271], [-63.2472, 44.7274], [-63.2474, 44.7273], [-63.247, 44.7271]]], [[[-62.8306, 44.7117], [-62.8303, 44.7118], [-62.8308, 44.7118], [-62.8306, 44.7117]]], [[[-62.2623, 44.9383], [-62.2621, 44.9384], [-62.2627, 44.9385], [-62.2623, 44.9383]]], [[[-62.704, 44.7463], [-62.7038, 44.7463], [-62.7043, 44.7464], [-62.704, 44.7463]]], [[[-63.1213, 44.7156], [-63.1215, 44.716], [-63.1216, 44.7157], [-63.1213, 44.7156]]], [[[-62.2139, 44.9548], [-62.214, 44.9551], [-62.2143, 44.955], [-62.2139, 44.9548]]], [[[-62.7367, 44.7692], [-62.7367, 44.7694], [-62.737, 44.7693], [-62.7367, 44.7692]]], [[[-62.3272, 44.8909], [-62.3273, 44.8912], [-62.3276, 44.8911], [-62.3272, 44.8909]]], [[[-63.1142, 44.7197], [-63.1141, 44.72], [-63.1144, 44.72], [-63.1142, 44.7197]]], [[[-62.3765, 44.8486], [-62.3763, 44.8487], [-62.3767, 44.8487], [-62.3765, 44.8486]]], [[[-62.1561, 44.9382], [-62.1563, 44.9383], [-62.1565, 44.938], [-62.1561, 44.9382]]], [[[-62.8056, 44.7527], [-62.805, 44.7527], [-62.8055, 44.7528], [-62.8056, 44.7527]]], [[[-62.3738, 44.8538], [-62.3737, 44.854], [-62.3742, 44.854], [-62.3738, 44.8538]]], [[[-63.0087, 44.7583], [-63.0084, 44.7584], [-63.0091, 44.7583], [-63.0087, 44.7583]]], [[[-62.6172, 44.84], [-62.6171, 44.8402], [-62.6176, 44.8401], [-62.6172, 44.84]]], [[[-62.4658, 44.8526], [-62.4661, 44.8527], [-62.466, 44.8525], [-62.4658, 44.8526]]], [[[-63.7395, 44.4521], [-63.74, 44.4525], [-63.7399, 44.4522], [-63.7395, 44.4521]]], [[[-62.7366, 44.7554], [-62.7366, 44.7556], [-62.7371, 44.7556], [-62.7366, 44.7554]]], [[[-62.8755, 44.8115], [-62.8756, 44.8116], [-62.876, 44.8115], [-62.8755, 44.8115]]], [[[-62.3984, 44.8925], [-62.3984, 44.8928], [-62.3986, 44.8926], [-62.3984, 44.8925]]], [[[-62.5453, 44.8481], [-62.5454, 44.8483], [-62.5457, 44.8482], [-62.5453, 44.8481]]], [[[-62.1466, 44.9304], [-62.1466, 44.9307], [-62.1469, 44.9306], [-62.1466, 44.9304]]], [[[-62.4076, 44.8645], [-62.4077, 44.8648], [-62.4079, 44.8646], [-62.4076, 44.8645]]], [[[-63.4459, 44.6719], [-63.4462, 44.6722], [-63.4464, 44.6721], [-63.4459, 44.6719]]], [[[-63.8894, 44.6896], [-63.8894, 44.6899], [-63.8897, 44.6897], [-63.8894, 44.6896]]], [[[-63.8429, 44.5136], [-63.843, 44.5138], [-63.8433, 44.5138], [-63.8429, 44.5136]]], [[[-62.7225, 44.7418], [-62.7223, 44.7421], [-62.7226, 44.742], [-62.7225, 44.7418]]], [[[-63.1118, 44.719], [-63.1119, 44.7192], [-63.1122, 44.719], [-63.1118, 44.719]]], [[[-62.2395, 44.9567], [-62.2395, 44.9569], [-62.2399, 44.9566], [-62.2395, 44.9567]]], [[[-62.7547, 44.7119], [-62.7547, 44.7122], [-62.7549, 44.7121], [-62.7547, 44.7119]]], [[[-62.7508, 44.7372], [-62.7509, 44.7375], [-62.7511, 44.7372], [-62.7508, 44.7372]]], [[[-63.5725, 44.4807], [-63.5727, 44.4809], [-63.5728, 44.4807], [-63.5725, 44.4807]]], [[[-62.2897, 44.9179], [-62.2898, 44.9181], [-62.29, 44.9179], [-62.2897, 44.9179]]], [[[-63.1136, 44.718], [-63.1133, 44.7184], [-63.1135, 44.7184], [-63.1136, 44.718]]], [[[-63.4113, 44.6609], [-63.4111, 44.6612], [-63.4116, 44.6611], [-63.4113, 44.6609]]], [[[-62.2423, 44.9519], [-62.2419, 44.9521], [-62.2425, 44.952], [-62.2423, 44.9519]]], [[[-63.1071, 44.6965], [-63.1069, 44.6967], [-63.1076, 44.6967], [-63.1071, 44.6965]]], [[[-63.105, 44.7302], [-63.1052, 44.7305], [-63.1052, 44.7302], [-63.105, 44.7302]]], [[[-62.7278, 44.7585], [-62.728, 44.7587], [-62.7284, 44.7586], [-62.7278, 44.7585]]], [[[-62.8668, 44.657], [-62.8668, 44.6572], [-62.8672, 44.6571], [-62.8668, 44.657]]], [[[-62.704, 44.7458], [-62.7036, 44.7459], [-62.7042, 44.7459], [-62.704, 44.7458]]], [[[-62.7785, 44.7329], [-62.7783, 44.7331], [-62.7787, 44.733], [-62.7785, 44.7329]]], [[[-62.1536, 44.9381], [-62.1537, 44.9384], [-62.1539, 44.9381], [-62.1536, 44.9381]]], [[[-63.109, 44.7853], [-63.109, 44.7854], [-63.1095, 44.7855], [-63.109, 44.7853]]], [[[-62.5588, 44.8583], [-62.5586, 44.8585], [-62.5591, 44.8584], [-62.5588, 44.8583]]], [[[-63.103, 44.7037], [-63.103, 44.704], [-63.1034, 44.704], [-63.103, 44.7037]]], [[[-62.8071, 44.7521], [-62.8067, 44.7522], [-62.8073, 44.7523], [-62.8071, 44.7521]]], [[[-62.2494, 44.9537], [-62.2492, 44.9539], [-62.2498, 44.9538], [-62.2494, 44.9537]]], [[[-62.3741, 44.8696], [-62.3742, 44.8698], [-62.3745, 44.8698], [-62.3741, 44.8696]]], [[[-62.2147, 44.9617], [-62.2144, 44.9618], [-62.2147, 44.9619], [-62.2147, 44.9617]]], [[[-62.7244, 44.7313], [-62.7242, 44.7318], [-62.7244, 44.7317], [-62.7244, 44.7313]]], [[[-62.742, 44.7131], [-62.7417, 44.7133], [-62.7422, 44.7132], [-62.742, 44.7131]]], [[[-62.6027, 44.7922], [-62.6025, 44.7924], [-62.6032, 44.7923], [-62.6027, 44.7922]]], [[[-62.2412, 44.949], [-62.2411, 44.9492], [-62.2415, 44.9491], [-62.2412, 44.949]]], [[[-62.8563, 44.7066], [-62.8559, 44.707], [-62.8564, 44.7068], [-62.8563, 44.7066]]], [[[-63.107, 44.6952], [-63.107, 44.6954], [-63.1075, 44.6954], [-63.107, 44.6952]]], [[[-62.7023, 44.7446], [-62.7023, 44.7448], [-62.7027, 44.7446], [-62.7023, 44.7446]]], [[[-62.1662, 44.9358], [-62.1659, 44.936], [-62.1663, 44.9361], [-62.1662, 44.9358]]], [[[-62.8256, 44.6919], [-62.8255, 44.692], [-62.8259, 44.6921], [-62.8256, 44.6919]]], [[[-62.2848, 44.9167], [-62.2846, 44.917], [-62.285, 44.9169], [-62.2848, 44.9167]]], [[[-63.0914, 44.7031], [-63.0914, 44.7033], [-63.0918, 44.7033], [-63.0914, 44.7031]]], [[[-62.4295, 44.863], [-62.4295, 44.8632], [-62.4299, 44.8629], [-62.4295, 44.863]]], [[[-62.1635, 44.9692], [-62.1633, 44.9695], [-62.1636, 44.9694], [-62.1635, 44.9692]]], [[[-62.2498, 44.9199], [-62.2495, 44.92], [-62.25, 44.92], [-62.2498, 44.9199]]], [[[-62.7566, 44.7286], [-62.7562, 44.7288], [-62.7567, 44.7287], [-62.7566, 44.7286]]], [[[-62.335, 44.8915], [-62.3351, 44.8918], [-62.3353, 44.8916], [-62.335, 44.8915]]], [[[-63.0738, 44.7172], [-63.0739, 44.7175], [-63.0741, 44.7175], [-63.0738, 44.7172]]], [[[-62.6098, 44.7814], [-62.6093, 44.7817], [-62.6099, 44.7816], [-62.6098, 44.7814]]], [[[-62.2378, 44.9246], [-62.2373, 44.9247], [-62.238, 44.9246], [-62.2378, 44.9246]]], [[[-62.1901, 44.8928], [-62.1898, 44.893], [-62.1903, 44.8928], [-62.1901, 44.8928]]], [[[-62.2438, 44.9514], [-62.2437, 44.9516], [-62.2441, 44.9517], [-62.2438, 44.9514]]], [[[-62.1383, 44.9266], [-62.1381, 44.9268], [-62.1385, 44.9268], [-62.1383, 44.9266]]], [[[-63.1151, 44.7388], [-63.1157, 44.7393], [-63.1151, 44.7388]]], [[[-63.8702, 44.498], [-63.8709, 44.4983], [-63.8702, 44.498]]], [[[-62.1787, 44.9311], [-62.1788, 44.9314], [-62.1791, 44.9313], [-62.1787, 44.9311]]], [[[-63.8447, 44.5121], [-63.845, 44.5125], [-63.8451, 44.5123], [-63.8447, 44.5121]]], [[[-63.1011, 44.7063], [-63.1009, 44.7068], [-63.1012, 44.7066], [-63.1011, 44.7063]]], [[[-63.1174, 44.6953], [-63.117, 44.6955], [-63.118, 44.6952], [-63.1174, 44.6953]]], [[[-62.6417, 44.796], [-62.6414, 44.7964], [-62.642, 44.796], [-62.6417, 44.796]]], [[[-62.3251, 44.8932], [-62.3248, 44.8934], [-62.3253, 44.8933], [-62.3251, 44.8932]]], [[[-62.3374, 44.8704], [-62.3375, 44.8706], [-62.338, 44.8705], [-62.3374, 44.8704]]], [[[-63.9059, 44.6609], [-63.9056, 44.661], [-63.9064, 44.6609], [-63.9059, 44.6609]]], [[[-62.8661, 44.6576], [-62.8661, 44.6578], [-62.8664, 44.6578], [-62.8661, 44.6576]]], [[[-63.1044, 44.7172], [-63.1046, 44.7175], [-63.1049, 44.7173], [-63.1044, 44.7172]]], [[[-62.8477, 44.6951], [-62.8473, 44.6954], [-62.8478, 44.6952], [-62.8477, 44.6951]]], [[[-62.1736, 44.9222], [-62.1733, 44.9223], [-62.1739, 44.9224], [-62.1736, 44.9222]]], [[[-62.2843, 44.9164], [-62.2841, 44.9167], [-62.2846, 44.9165], [-62.2843, 44.9164]]], [[[-62.8787, 44.8139], [-62.8787, 44.8142], [-62.8791, 44.8142], [-62.8787, 44.8139]]], [[[-62.7577, 44.715], [-62.7576, 44.7153], [-62.758, 44.7151], [-62.7577, 44.715]]], [[[-63.0291, 44.7564], [-63.029, 44.7566], [-63.0294, 44.7566], [-63.0291, 44.7564]]], [[[-62.3458, 44.9203], [-62.3455, 44.9205], [-62.3461, 44.9204], [-62.3458, 44.9203]]], [[[-62.8593, 44.6911], [-62.8591, 44.6913], [-62.8595, 44.6913], [-62.8593, 44.6911]]], [[[-63.0931, 44.7026], [-63.0936, 44.7028], [-63.0936, 44.7026], [-63.0931, 44.7026]]], [[[-62.18, 44.9299], [-62.1801, 44.9301], [-62.1806, 44.9301], [-62.18, 44.9299]]], [[[-62.2541, 44.9676], [-62.2542, 44.9681], [-62.2543, 44.9678], [-62.2541, 44.9676]]], [[[-62.4697, 44.8548], [-62.4697, 44.855], [-62.4702, 44.8551], [-62.4697, 44.8548]]], [[[-62.8578, 44.692], [-62.8576, 44.6922], [-62.858, 44.6923], [-62.8578, 44.692]]], [[[-63.1261, 44.7108], [-63.1262, 44.7112], [-63.1264, 44.7111], [-63.1261, 44.7108]]], [[[-63.8785, 44.5057], [-63.8791, 44.5059], [-63.8789, 44.5057], [-63.8785, 44.5057]]], [[[-62.1982, 44.8967], [-62.1981, 44.8969], [-62.1986, 44.8968], [-62.1982, 44.8967]]], [[[-63.8602, 44.4952], [-63.8603, 44.4954], [-63.8608, 44.4952], [-63.8602, 44.4952]]], [[[-62.6254, 44.807], [-62.6254, 44.8072], [-62.6258, 44.807], [-62.6254, 44.807]]], [[[-62.1694, 44.922], [-62.1692, 44.9222], [-62.1697, 44.9222], [-62.1694, 44.922]]], [[[-62.7039, 44.8027], [-62.7037, 44.8029], [-62.704, 44.803], [-62.7039, 44.8027]]], [[[-63.0719, 44.7052], [-63.0719, 44.7055], [-63.0722, 44.7054], [-63.0719, 44.7052]]], [[[-62.3511, 44.8683], [-62.3509, 44.8684], [-62.3515, 44.8684], [-62.3511, 44.8683]]], [[[-62.8152, 44.7271], [-62.8153, 44.7273], [-62.8157, 44.727], [-62.8152, 44.7271]]], [[[-62.4143, 44.8659], [-62.4144, 44.8662], [-62.4147, 44.8661], [-62.4143, 44.8659]]], [[[-63.1115, 44.741], [-63.1118, 44.7415], [-63.112, 44.7415], [-63.1115, 44.741]]], [[[-63.1118, 44.7177], [-63.112, 44.7181], [-63.1121, 44.7178], [-63.1118, 44.7177]]], [[[-62.1693, 44.9528], [-62.1688, 44.9531], [-62.1695, 44.9529], [-62.1693, 44.9528]]], [[[-62.3906, 44.8416], [-62.3903, 44.8419], [-62.3907, 44.8418], [-62.3906, 44.8416]]], [[[-63.7197, 44.4438], [-63.7197, 44.444], [-63.7202, 44.4438], [-63.7197, 44.4438]]], [[[-63.1599, 44.7394], [-63.1598, 44.7397], [-63.1602, 44.7396], [-63.1599, 44.7394]]], [[[-62.6169, 44.7933], [-62.6165, 44.7934], [-62.6171, 44.7933], [-62.6169, 44.7933]]], [[[-62.7278, 44.744], [-62.7277, 44.7443], [-62.7281, 44.7441], [-62.7278, 44.744]]], [[[-62.293, 44.896], [-62.2928, 44.8961], [-62.2934, 44.8961], [-62.293, 44.896]]], [[[-63.9442, 44.5254], [-63.9443, 44.5258], [-63.9445, 44.5256], [-63.9442, 44.5254]]], [[[-62.1558, 44.9433], [-62.1558, 44.9436], [-62.1562, 44.9435], [-62.1558, 44.9433]]], [[[-62.8821, 44.6984], [-62.8819, 44.6987], [-62.8824, 44.6986], [-62.8821, 44.6984]]], [[[-63.7277, 44.4627], [-63.728, 44.4629], [-63.728, 44.4626], [-63.7277, 44.4627]]], [[[-62.1343, 44.885], [-62.134, 44.8851], [-62.1347, 44.8852], [-62.1343, 44.885]]], [[[-63.7282, 44.46], [-63.7285, 44.4603], [-63.7285, 44.4599], [-63.7282, 44.46]]], [[[-63.8683, 44.5055], [-63.8685, 44.5059], [-63.8688, 44.5057], [-63.8683, 44.5055]]], [[[-62.8539, 44.6863], [-62.8538, 44.6865], [-62.8542, 44.6865], [-62.8539, 44.6863]]], [[[-62.1674, 44.9349], [-62.1672, 44.9352], [-62.1677, 44.9351], [-62.1674, 44.9349]]], [[[-63.7304, 44.4568], [-63.7307, 44.4571], [-63.731, 44.4569], [-63.7304, 44.4568]]], [[[-63.126, 44.7096], [-63.1259, 44.7099], [-63.1264, 44.7096], [-63.126, 44.7096]]], [[[-63.2128, 44.6796], [-63.2126, 44.6797], [-63.2129, 44.6799], [-63.2128, 44.6796]]], [[[-62.6208, 44.8076], [-62.6205, 44.8077], [-62.6213, 44.8076], [-62.6208, 44.8076]]], [[[-62.4043, 44.8664], [-62.4039, 44.8665], [-62.4045, 44.8665], [-62.4043, 44.8664]]], [[[-63.7311, 44.4549], [-63.7308, 44.4553], [-63.7314, 44.4551], [-63.7311, 44.4549]]], [[[-63.8366, 44.487], [-63.8364, 44.4872], [-63.8369, 44.4872], [-63.8366, 44.487]]], [[[-62.7281, 44.7488], [-62.7281, 44.7492], [-62.7285, 44.749], [-62.7281, 44.7488]]], [[[-62.4284, 44.8483], [-62.428, 44.8485], [-62.4287, 44.8483], [-62.4284, 44.8483]]], [[[-63.0923, 44.7041], [-63.0928, 44.7045], [-63.0928, 44.7043], [-63.0923, 44.7041]]], [[[-62.2499, 44.968], [-62.2502, 44.9685], [-62.2503, 44.9682], [-62.2499, 44.968]]], [[[-63.0923, 44.7061], [-63.0926, 44.7063], [-63.0924, 44.7056], [-63.0923, 44.7061]]], [[[-62.5225, 44.8306], [-62.5222, 44.8309], [-62.5227, 44.8308], [-62.5225, 44.8306]]], [[[-63.7207, 44.457], [-63.7207, 44.4573], [-63.7212, 44.4572], [-63.7207, 44.457]]], [[[-62.3443, 44.871], [-62.3442, 44.8713], [-62.3446, 44.8712], [-62.3443, 44.871]]], [[[-63.1246, 44.7807], [-63.1249, 44.7812], [-63.1248, 44.7808], [-63.1246, 44.7807]]], [[[-63.1625, 44.7596], [-63.1621, 44.7598], [-63.1627, 44.7597], [-63.1625, 44.7596]]], [[[-62.4474, 44.8221], [-62.4481, 44.8222], [-62.4479, 44.822], [-62.4474, 44.8221]]], [[[-62.8385, 44.6857], [-62.8384, 44.686], [-62.8387, 44.6859], [-62.8385, 44.6857]]], [[[-62.6112, 44.8012], [-62.6111, 44.8015], [-62.6116, 44.8014], [-62.6112, 44.8012]]], [[[-62.4648, 44.8527], [-62.4648, 44.853], [-62.4652, 44.8528], [-62.4648, 44.8527]]], [[[-62.5088, 44.838], [-62.5088, 44.8382], [-62.5094, 44.8379], [-62.5088, 44.838]]], [[[-62.5135, 44.83], [-62.5134, 44.8302], [-62.5141, 44.8301], [-62.5135, 44.83]]], [[[-62.1797, 44.9314], [-62.1794, 44.9316], [-62.1801, 44.9316], [-62.1797, 44.9314]]], [[[-62.7058, 44.7446], [-62.7056, 44.7447], [-62.7063, 44.7446], [-62.7058, 44.7446]]], [[[-62.5977, 44.7939], [-62.5971, 44.7942], [-62.598, 44.7939], [-62.5977, 44.7939]]], [[[-62.8308, 44.6926], [-62.8305, 44.6929], [-62.831, 44.6928], [-62.8308, 44.6926]]], [[[-63.1078, 44.7343], [-63.1083, 44.7347], [-63.1083, 44.7345], [-63.1078, 44.7343]]], [[[-62.834, 44.687], [-62.8339, 44.6875], [-62.8342, 44.6873], [-62.834, 44.687]]], [[[-62.4287, 44.8328], [-62.4283, 44.833], [-62.429, 44.8329], [-62.4287, 44.8328]]], [[[-62.4142, 44.8035], [-62.4139, 44.8038], [-62.4145, 44.8036], [-62.4142, 44.8035]]], [[[-62.1604, 44.9249], [-62.1603, 44.9252], [-62.1608, 44.925], [-62.1604, 44.9249]]], [[[-62.6476, 44.7813], [-62.6472, 44.7816], [-62.6476, 44.7816], [-62.6476, 44.7813]]], [[[-62.8506, 44.682], [-62.8502, 44.6824], [-62.8507, 44.6823], [-62.8506, 44.682]]], [[[-62.3364, 44.8705], [-62.337, 44.8704], [-62.3364, 44.8703], [-62.3364, 44.8705]]], [[[-63.12, 44.7154], [-63.12, 44.7156], [-63.1203, 44.7155], [-63.12, 44.7154]]], [[[-63.6772, 44.4542], [-63.6772, 44.4544], [-63.6778, 44.4545], [-63.6772, 44.4542]]], [[[-63.4164, 44.6774], [-63.4165, 44.6777], [-63.4171, 44.6776], [-63.4164, 44.6774]]], [[[-63.1003, 44.698], [-63.1, 44.6983], [-63.1005, 44.6981], [-63.1003, 44.698]]], [[[-63.0933, 44.7071], [-63.0933, 44.7075], [-63.0937, 44.7075], [-63.0933, 44.7071]]], [[[-63.8654, 44.51], [-63.8654, 44.5104], [-63.8656, 44.5105], [-63.8654, 44.51]]], [[[-62.7205, 44.7449], [-62.7202, 44.7452], [-62.7206, 44.7452], [-62.7205, 44.7449]]], [[[-62.8067, 44.6836], [-62.8065, 44.684], [-62.8069, 44.6838], [-62.8067, 44.6836]]], [[[-63.1552, 44.7411], [-63.156, 44.7412], [-63.1552, 44.7411]]], [[[-63.0952, 44.7064], [-63.0952, 44.7069], [-63.0955, 44.7067], [-63.0952, 44.7064]]], [[[-62.7222, 44.7322], [-62.7223, 44.7325], [-62.7227, 44.7325], [-62.7222, 44.7322]]], [[[-62.7465, 44.7618], [-62.7462, 44.7621], [-62.747, 44.7618], [-62.7465, 44.7618]]], [[[-62.1372, 44.9298], [-62.1369, 44.93], [-62.1375, 44.9299], [-62.1372, 44.9298]]], [[[-63.4122, 44.6778], [-63.4118, 44.6782], [-63.4123, 44.6781], [-63.4122, 44.6778]]], [[[-63.0523, 44.7847], [-63.053, 44.785], [-63.0523, 44.7847]]], [[[-62.2437, 44.908], [-62.2433, 44.9083], [-62.244, 44.908], [-62.2437, 44.908]]], [[[-62.1501, 44.9085], [-62.1496, 44.9086], [-62.1504, 44.9087], [-62.1501, 44.9085]]], [[[-63.0939, 44.7078], [-63.094, 44.7081], [-63.0944, 44.7083], [-63.0939, 44.7078]]], [[[-62.7478, 44.7611], [-62.7472, 44.7616], [-62.7478, 44.7611]]], [[[-62.7055, 44.7799], [-62.7063, 44.7798], [-62.7055, 44.7799]]], [[[-63.7473, 44.482], [-63.7472, 44.4821], [-63.7476, 44.4825], [-63.7473, 44.482]]], [[[-62.7432, 44.7189], [-62.7431, 44.7192], [-62.7434, 44.7193], [-62.7432, 44.7189]]], [[[-63.7307, 44.4443], [-63.731, 44.4446], [-63.7312, 44.4443], [-63.7307, 44.4443]]], [[[-62.3873, 44.8308], [-62.3872, 44.8311], [-62.3876, 44.831], [-62.3873, 44.8308]]], [[[-62.6521, 44.7834], [-62.6518, 44.7837], [-62.6524, 44.7836], [-62.6521, 44.7834]]], [[[-62.8022, 44.7166], [-62.8017, 44.7168], [-62.8025, 44.7167], [-62.8022, 44.7166]]], [[[-62.1027, 44.8932], [-62.1031, 44.8929], [-62.1024, 44.893], [-62.1027, 44.8932]]], [[[-63.4431, 44.6603], [-63.444, 44.6605], [-63.4431, 44.6603]]], [[[-62.1308, 44.9287], [-62.1301, 44.9288], [-62.1311, 44.9289], [-62.1308, 44.9287]]], [[[-62.2452, 44.954], [-62.245, 44.9541], [-62.2455, 44.9543], [-62.2452, 44.954]]], [[[-62.3289, 44.8922], [-62.329, 44.8924], [-62.3296, 44.8923], [-62.3289, 44.8922]]], [[[-62.3732, 44.8695], [-62.3734, 44.87], [-62.3737, 44.8699], [-62.3732, 44.8695]]], [[[-63.5188, 44.5035], [-63.5189, 44.5038], [-63.5193, 44.5036], [-63.5188, 44.5035]]], [[[-63.0138, 44.7572], [-63.0128, 44.7574], [-63.0138, 44.7572]]], [[[-63.6498, 44.4699], [-63.6496, 44.4702], [-63.6502, 44.4699], [-63.6498, 44.4699]]], [[[-62.83, 44.7107], [-62.8295, 44.7109], [-62.8304, 44.7108], [-62.83, 44.7107]]], [[[-62.2911, 44.8964], [-62.2909, 44.8966], [-62.2915, 44.8967], [-62.2911, 44.8964]]], [[[-63.7371, 44.4507], [-63.7368, 44.4508], [-63.7376, 44.4507], [-63.7371, 44.4507]]], [[[-62.9036, 44.6848], [-62.9034, 44.6849], [-62.904, 44.6851], [-62.9036, 44.6848]]], [[[-62.9693, 44.6835], [-62.9687, 44.6836], [-62.9694, 44.6836], [-62.9693, 44.6835]]], [[[-62.658, 44.7983], [-62.6578, 44.7985], [-62.6587, 44.7984], [-62.658, 44.7983]]], [[[-62.6253, 44.8075], [-62.6251, 44.8078], [-62.6256, 44.8076], [-62.6253, 44.8075]]], [[[-63.5999, 44.4757], [-63.5999, 44.476], [-63.6005, 44.4757], [-63.5999, 44.4757]]], [[[-63.6865, 44.4608], [-63.6862, 44.461], [-63.687, 44.461], [-63.6865, 44.4608]]], [[[-62.8274, 44.7825], [-62.8279, 44.7827], [-62.8279, 44.7825], [-62.8274, 44.7825]]], [[[-63.6708, 44.4556], [-63.6707, 44.4559], [-63.6713, 44.4557], [-63.6708, 44.4556]]], [[[-63.0307, 44.7561], [-63.0304, 44.7562], [-63.0312, 44.7563], [-63.0307, 44.7561]]], [[[-62.6565, 44.7991], [-62.6556, 44.7993], [-62.6565, 44.7991]]], [[[-62.7373, 44.7557], [-62.7377, 44.7561], [-62.7379, 44.756], [-62.7373, 44.7557]]], [[[-62.7683, 44.7271], [-62.7677, 44.7274], [-62.7684, 44.7274], [-62.7683, 44.7271]]], [[[-62.6086, 44.7973], [-62.6083, 44.7976], [-62.6091, 44.7974], [-62.6086, 44.7973]]], [[[-62.5226, 44.8507], [-62.5227, 44.851], [-62.5231, 44.8508], [-62.5226, 44.8507]]], [[[-62.7594, 44.7388], [-62.759, 44.739], [-62.7597, 44.7389], [-62.7594, 44.7388]]], [[[-63.1291, 44.7103], [-63.129, 44.7109], [-63.1293, 44.7105], [-63.1291, 44.7103]]], [[[-62.7601, 44.739], [-62.7597, 44.7394], [-62.76, 44.7394], [-62.7601, 44.739]]], [[[-62.1679, 44.9237], [-62.1677, 44.9239], [-62.1685, 44.9239], [-62.1679, 44.9237]]], [[[-63.1054, 44.6959], [-63.1052, 44.6963], [-63.1056, 44.6964], [-63.1054, 44.6959]]], [[[-63.724, 44.4472], [-63.724, 44.4475], [-63.7245, 44.4475], [-63.724, 44.4472]]], [[[-62.6083, 44.7965], [-62.6091, 44.7965], [-62.6083, 44.7965]]], [[[-62.7515, 44.7365], [-62.7509, 44.7368], [-62.7516, 44.7367], [-62.7515, 44.7365]]], [[[-63.6095, 44.6801], [-63.6102, 44.6801], [-63.6097, 44.6799], [-63.6095, 44.6801]]], [[[-62.8051, 44.7153], [-62.8043, 44.7155], [-62.8051, 44.7153]]], [[[-62.9017, 44.6841], [-62.9017, 44.6845], [-62.9022, 44.6844], [-62.9017, 44.6841]]], [[[-62.75, 44.7385], [-62.7497, 44.7388], [-62.7501, 44.7388], [-62.75, 44.7385]]], [[[-62.8294, 44.69], [-62.8292, 44.6903], [-62.8299, 44.6902], [-62.8294, 44.69]]], [[[-63.8418, 44.4939], [-63.842, 44.4943], [-63.8422, 44.4942], [-63.8418, 44.4939]]], [[[-63.6588, 44.4474], [-63.6592, 44.4477], [-63.6591, 44.4473], [-63.6588, 44.4474]]], [[[-62.974, 44.6841], [-62.9741, 44.6844], [-62.9745, 44.6842], [-62.974, 44.6841]]], [[[-62.1631, 44.9687], [-62.1625, 44.9688], [-62.1631, 44.9689], [-62.1631, 44.9687]]], [[[-62.614, 44.844], [-62.6138, 44.8445], [-62.6143, 44.8443], [-62.614, 44.844]]], [[[-62.7175, 44.7488], [-62.7172, 44.7492], [-62.7178, 44.7488], [-62.7175, 44.7488]]], [[[-63.4406, 44.6568], [-63.4413, 44.6571], [-63.4406, 44.6568]]], [[[-62.8081, 44.7111], [-62.8078, 44.7114], [-62.8084, 44.7112], [-62.8081, 44.7111]]], [[[-62.2681, 44.9189], [-62.2688, 44.9189], [-62.2687, 44.9188], [-62.2681, 44.9189]]], [[[-62.3923, 44.8428], [-62.3923, 44.8431], [-62.3929, 44.8431], [-62.3923, 44.8428]]], [[[-62.3035, 44.9104], [-62.3037, 44.9108], [-62.3038, 44.9103], [-62.3035, 44.9104]]], [[[-63.134, 44.6988], [-63.1341, 44.6994], [-63.1343, 44.6992], [-63.134, 44.6988]]], [[[-62.2727, 44.9169], [-62.2727, 44.9171], [-62.2734, 44.917], [-62.2727, 44.9169]]], [[[-63.8483, 44.4902], [-63.849, 44.4906], [-63.8483, 44.4902]]], [[[-62.6648, 44.7644], [-62.6657, 44.7645], [-62.6648, 44.7644]]], [[[-62.1658, 44.9685], [-62.1656, 44.9688], [-62.1662, 44.9685], [-62.1658, 44.9685]]], [[[-62.1808, 44.9171], [-62.1805, 44.9173], [-62.1814, 44.9173], [-62.1808, 44.9171]]], [[[-62.6541, 44.7872], [-62.654, 44.7875], [-62.6545, 44.7875], [-62.6541, 44.7872]]], [[[-62.3442, 44.8704], [-62.344, 44.8706], [-62.3448, 44.8706], [-62.3442, 44.8704]]], [[[-63.7378, 44.4514], [-63.7376, 44.4515], [-63.7378, 44.4519], [-63.7378, 44.4514]]], [[[-63.1789, 44.7092], [-63.1793, 44.7097], [-63.1792, 44.7092], [-63.1789, 44.7092]]], [[[-62.705, 44.739], [-62.7046, 44.7393], [-62.7052, 44.7392], [-62.705, 44.739]]], [[[-62.3069, 44.8725], [-62.307, 44.8728], [-62.3076, 44.8727], [-62.3069, 44.8725]]], [[[-62.7161, 44.7835], [-62.7159, 44.7838], [-62.7164, 44.7838], [-62.7161, 44.7835]]], [[[-62.8338, 44.7065], [-62.8334, 44.7068], [-62.8341, 44.7067], [-62.8338, 44.7065]]], [[[-63.2795, 44.637], [-63.2802, 44.6383], [-63.2795, 44.637]]], [[[-62.7677, 44.7762], [-62.7681, 44.7765], [-62.7683, 44.7762], [-62.7677, 44.7762]]], [[[-63.7871, 44.4683], [-63.7877, 44.4688], [-63.7871, 44.4683]]], [[[-62.8038, 44.7339], [-62.8037, 44.7344], [-62.804, 44.734], [-62.8038, 44.7339]]], [[[-63.1272, 44.7334], [-63.1273, 44.7338], [-63.1277, 44.7334], [-63.1272, 44.7334]]], [[[-63.4345, 44.6532], [-63.4341, 44.6534], [-63.435, 44.6533], [-63.4345, 44.6532]]], [[[-63.9074, 44.4897], [-63.9083, 44.4898], [-63.9074, 44.4897]]], [[[-63.5795, 44.4717], [-63.5795, 44.472], [-63.58, 44.4719], [-63.5795, 44.4717]]], [[[-62.3766, 44.8428], [-62.3763, 44.843], [-62.3771, 44.8431], [-62.3766, 44.8428]]], [[[-62.8881, 44.6904], [-62.8873, 44.6909], [-62.8881, 44.6904]]], [[[-62.6095, 44.7823], [-62.6094, 44.7827], [-62.6099, 44.7825], [-62.6095, 44.7823]]], [[[-62.2759, 44.9235], [-62.2764, 44.9237], [-62.2762, 44.9234], [-62.2759, 44.9235]]], [[[-62.5828, 44.7886], [-62.5823, 44.7888], [-62.5831, 44.7887], [-62.5828, 44.7886]]], [[[-63.1172, 44.7026], [-63.1172, 44.703], [-63.1177, 44.7028], [-63.1172, 44.7026]]], [[[-63.7848, 44.4752], [-63.7847, 44.4755], [-63.7852, 44.4755], [-63.7848, 44.4752]]], [[[-63.4193, 44.6782], [-63.42, 44.6783], [-63.42, 44.678], [-63.4193, 44.6782]]], [[[-62.1883, 44.893], [-62.1877, 44.8933], [-62.1882, 44.8934], [-62.1883, 44.893]]], [[[-63.7242, 44.4516], [-63.7245, 44.452], [-63.7249, 44.4518], [-63.7242, 44.4516]]], [[[-62.8468, 44.6956], [-62.8462, 44.696], [-62.8468, 44.6958], [-62.8468, 44.6956]]], [[[-63.6105, 44.6787], [-63.6113, 44.679], [-63.6105, 44.6787]]], [[[-63.1078, 44.6956], [-63.1075, 44.6959], [-63.1082, 44.6959], [-63.1078, 44.6956]]], [[[-63.6259, 44.4403], [-63.6258, 44.4408], [-63.6261, 44.4408], [-63.6259, 44.4403]]], [[[-62.8329, 44.6878], [-62.8332, 44.688], [-62.8335, 44.6878], [-62.8329, 44.6878]]], [[[-62.7983, 44.6977], [-62.7979, 44.6982], [-62.7985, 44.698], [-62.7983, 44.6977]]], [[[-63.1334, 44.6978], [-63.1329, 44.698], [-63.1337, 44.6979], [-63.1334, 44.6978]]], [[[-63.9504, 44.6515], [-63.9499, 44.6517], [-63.9503, 44.6518], [-63.9504, 44.6515]]], [[[-63.8655, 44.4923], [-63.8662, 44.4926], [-63.8655, 44.4923]]], [[[-62.3483, 44.8695], [-62.3492, 44.8696], [-62.3483, 44.8695]]], [[[-62.5139, 44.8232], [-62.5135, 44.8235], [-62.5145, 44.8233], [-62.5139, 44.8232]]], [[[-63.843, 44.5109], [-63.843, 44.5114], [-63.8432, 44.5115], [-63.843, 44.5109]]], [[[-63.441, 44.6607], [-63.4419, 44.6608], [-63.441, 44.6607]]], [[[-63.73, 44.4525], [-63.7298, 44.4527], [-63.7303, 44.4528], [-63.73, 44.4525]]], [[[-63.7878, 44.4494], [-63.7884, 44.4496], [-63.7882, 44.4492], [-63.7878, 44.4494]]], [[[-62.1762, 44.916], [-62.1761, 44.9164], [-62.1766, 44.9162], [-62.1762, 44.916]]], [[[-63.777, 44.4453], [-63.7769, 44.4457], [-63.7772, 44.4457], [-63.777, 44.4453]]], [[[-63.7888, 44.5244], [-63.789, 44.525], [-63.7892, 44.5245], [-63.7888, 44.5244]]], [[[-63.4494, 44.6637], [-63.4491, 44.6639], [-63.4498, 44.6639], [-63.4494, 44.6637]]], [[[-62.7051, 44.7867], [-62.7046, 44.7868], [-62.7057, 44.7867], [-62.7051, 44.7867]]], [[[-63.7356, 44.443], [-63.7353, 44.4431], [-63.736, 44.4433], [-63.7356, 44.443]]], [[[-63.7771, 44.4448], [-63.777, 44.4451], [-63.7776, 44.445], [-63.7771, 44.4448]]], [[[-62.557, 44.783], [-62.5565, 44.7834], [-62.5572, 44.7831], [-62.557, 44.783]]], [[[-63.6669, 44.7105], [-63.667, 44.711], [-63.6675, 44.7109], [-63.6669, 44.7105]]], [[[-62.7493, 44.7723], [-62.75, 44.7725], [-62.7496, 44.7721], [-62.7493, 44.7723]]], [[[-62.3327, 44.8897], [-62.3321, 44.8899], [-62.333, 44.8896], [-62.3327, 44.8897]]], [[[-62.5721, 44.814], [-62.5721, 44.8146], [-62.5726, 44.8145], [-62.5721, 44.814]]], [[[-62.8025, 44.7047], [-62.8024, 44.705], [-62.8028, 44.7053], [-62.8025, 44.7047]]], [[[-63.4414, 44.6565], [-63.4421, 44.6567], [-63.4421, 44.6564], [-63.4414, 44.6565]]], [[[-63.9453, 44.5243], [-63.9457, 44.5248], [-63.9458, 44.5244], [-63.9453, 44.5243]]], [[[-63.705, 44.4611], [-63.7048, 44.4615], [-63.7053, 44.4615], [-63.705, 44.4611]]], [[[-62.1689, 44.9483], [-62.1689, 44.9488], [-62.1694, 44.9485], [-62.1689, 44.9483]]], [[[-63.0703, 44.7112], [-63.0703, 44.7119], [-63.0707, 44.7116], [-63.0703, 44.7112]]], [[[-62.8291, 44.7851], [-62.8287, 44.7853], [-62.8295, 44.7853], [-62.8291, 44.7851]]], [[[-62.1388, 44.9269], [-62.1385, 44.9272], [-62.1393, 44.927], [-62.1388, 44.9269]]], [[[-63.418, 44.6783], [-63.4177, 44.6786], [-63.4181, 44.6788], [-63.418, 44.6783]]], [[[-63.7993, 44.5247], [-63.7994, 44.5255], [-63.7993, 44.5247]]], [[[-63.7617, 44.4432], [-63.7624, 44.4436], [-63.7617, 44.4432]]], [[[-63.7234, 44.4901], [-63.7234, 44.4905], [-63.7239, 44.4904], [-63.7234, 44.4901]]], [[[-62.5163, 44.8135], [-62.5162, 44.8139], [-62.5168, 44.8138], [-62.5163, 44.8135]]], [[[-63.4532, 44.6656], [-63.4541, 44.6656], [-63.4532, 44.6656]]], [[[-63.0122, 44.7581], [-63.0118, 44.7583], [-63.0124, 44.7585], [-63.0122, 44.7581]]], [[[-63.779, 44.4477], [-63.779, 44.448], [-63.7795, 44.4481], [-63.779, 44.4477]]], [[[-62.8299, 44.6929], [-62.8292, 44.6931], [-62.8295, 44.6932], [-62.8299, 44.6929]]], [[[-62.8287, 44.6951], [-62.8284, 44.6954], [-62.8291, 44.6952], [-62.8287, 44.6951]]], [[[-62.992, 44.6591], [-62.9915, 44.6593], [-62.9923, 44.6592], [-62.992, 44.6591]]], [[[-62.1849, 44.9512], [-62.1848, 44.9515], [-62.1854, 44.9513], [-62.1849, 44.9512]]], [[[-63.6621, 44.7168], [-63.6621, 44.7173], [-63.6624, 44.717], [-63.6621, 44.7168]]], [[[-62.253, 44.9245], [-62.2527, 44.9247], [-62.2536, 44.9247], [-62.253, 44.9245]]], [[[-63.135, 44.6947], [-63.1348, 44.6952], [-63.1353, 44.695], [-63.135, 44.6947]]], [[[-62.6373, 44.803], [-62.6373, 44.8034], [-62.6378, 44.8032], [-62.6373, 44.803]]], [[[-63.919, 44.5734], [-63.9197, 44.5737], [-63.919, 44.5734]]], [[[-62.8411, 44.6976], [-62.841, 44.698], [-62.8416, 44.6978], [-62.8411, 44.6976]]], [[[-63.1221, 44.7262], [-63.1221, 44.727], [-63.1221, 44.7262]]], [[[-63.1161, 44.7324], [-63.1162, 44.7333], [-63.1161, 44.7324]]], [[[-62.8228, 44.7092], [-62.8223, 44.7094], [-62.8234, 44.7091], [-62.8228, 44.7092]]], [[[-63.4199, 44.663], [-63.4198, 44.6632], [-63.4206, 44.6631], [-63.4199, 44.663]], [[-63.363, 44.649], [-63.3621, 44.6492], [-63.363, 44.649]]], [[[-62.1621, 44.912], [-62.1609, 44.9122], [-62.1621, 44.912]]], [[[-62.9015, 44.6716], [-62.9013, 44.672], [-62.9019, 44.6715], [-62.9015, 44.6716]]], [[[-63.135, 44.7011], [-63.1343, 44.7015], [-63.135, 44.7011]]], [[[-62.8678, 44.7181], [-62.8674, 44.7184], [-62.8682, 44.7182], [-62.8678, 44.7181]]], [[[-63.5686, 44.444], [-63.5681, 44.4444], [-63.5689, 44.4443], [-63.5686, 44.444]]], [[[-63.112, 44.699], [-63.1124, 44.6995], [-63.1124, 44.6991], [-63.112, 44.699]]], [[[-63.1168, 44.7337], [-63.117, 44.7341], [-63.1169, 44.7332], [-63.1168, 44.7337]]], [[[-63.1165, 44.7012], [-63.117, 44.7018], [-63.1165, 44.7012]]], [[[-63.05, 44.781], [-63.0496, 44.7814], [-63.0505, 44.7812], [-63.05, 44.781]]], [[[-63.1576, 44.7616], [-63.1574, 44.7619], [-63.1581, 44.7618], [-63.1576, 44.7616]]], [[[-62.1647, 44.9445], [-62.1641, 44.9449], [-62.1647, 44.9448], [-62.1647, 44.9445]]], [[[-62.1666, 44.9475], [-62.1665, 44.9479], [-62.1669, 44.9478], [-62.1666, 44.9475]]], [[[-62.748, 44.7546], [-62.7474, 44.7551], [-62.748, 44.7546]]], [[[-62.1984, 44.9272], [-62.1979, 44.9274], [-62.1987, 44.9273], [-62.1984, 44.9272]]], [[[-63.0959, 44.6883], [-63.0952, 44.6885], [-63.0957, 44.6887], [-63.0959, 44.6883]]], [[[-62.8278, 44.6934], [-62.8274, 44.6936], [-62.8282, 44.6936], [-62.8278, 44.6934]]], [[[-63.7625, 44.4433], [-63.7635, 44.4436], [-63.7625, 44.4433]]], [[[-62.4138, 44.8644], [-62.4147, 44.8644], [-62.4138, 44.8644]]], [[[-63.879, 44.4991], [-63.8797, 44.4995], [-63.879, 44.4991]]], [[[-62.3045, 44.9165], [-62.3045, 44.917], [-62.3049, 44.9169], [-62.3045, 44.9165]]], [[[-63.7865, 44.4668], [-63.786, 44.4672], [-63.7869, 44.467], [-63.7865, 44.4668]]], [[[-62.1908, 44.8918], [-62.1901, 44.8922], [-62.1908, 44.8918]]], [[[-62.3561, 44.8197], [-62.3556, 44.8202], [-62.3564, 44.8198], [-62.3561, 44.8197]]], [[[-63.0299, 44.7598], [-63.0293, 44.76], [-63.0305, 44.7599], [-63.0299, 44.7598]]], [[[-62.7442, 44.7678], [-62.7429, 44.7684], [-62.7442, 44.7678]]], [[[-63.4159, 44.678], [-63.4155, 44.6783], [-63.4159, 44.6784], [-63.4159, 44.678]]], [[[-63.4398, 44.6559], [-63.4395, 44.6562], [-63.4402, 44.6562], [-63.4398, 44.6559]]], [[[-62.7504, 44.739], [-62.7503, 44.7395], [-62.7507, 44.7392], [-62.7504, 44.739]]], [[[-63.8937, 44.6699], [-63.8939, 44.6703], [-63.8944, 44.6701], [-63.8937, 44.6699]]], [[[-62.5732, 44.8145], [-62.573, 44.8149], [-62.5737, 44.8146], [-62.5732, 44.8145]]], [[[-63.7315, 44.4402], [-63.7311, 44.4404], [-63.732, 44.4404], [-63.7315, 44.4402]]], [[[-63.5687, 44.4437], [-63.5695, 44.4438], [-63.5687, 44.4437]]], [[[-62.6228, 44.7999], [-62.6236, 44.7997], [-62.6228, 44.7999]]], [[[-62.7046, 44.7397], [-62.7042, 44.74], [-62.705, 44.7399], [-62.7046, 44.7397]]], [[[-62.2466, 44.9584], [-62.2473, 44.9581], [-62.2466, 44.9584]]], [[[-63.0165, 44.7507], [-63.0168, 44.7511], [-63.0172, 44.7509], [-63.0165, 44.7507]]], [[[-63.0976, 44.6982], [-63.0976, 44.6986], [-63.0981, 44.6985], [-63.0976, 44.6982]]], [[[-62.6049, 44.8096], [-62.604, 44.8099], [-62.6049, 44.8096]]], [[[-62.5471, 44.8491], [-62.5463, 44.8496], [-62.5471, 44.8491]]], [[[-62.7927, 44.7313], [-62.7919, 44.7318], [-62.7927, 44.7313]]], [[[-62.8893, 44.6915], [-62.888, 44.6922], [-62.8893, 44.6915]]], [[[-63.7716, 44.4389], [-63.771, 44.4392], [-63.7719, 44.4393], [-63.7716, 44.4389]]], [[[-62.5615, 44.8552], [-62.562, 44.8556], [-62.5622, 44.8552], [-62.5615, 44.8552]]], [[[-62.1763, 44.9153], [-62.1754, 44.9155], [-62.1763, 44.9153]]], [[[-63.8591, 44.4825], [-63.8598, 44.4829], [-63.8591, 44.4825]]], [[[-63.1221, 44.7378], [-63.1232, 44.7386], [-63.1221, 44.7378]]], [[[-62.5593, 44.8316], [-62.5583, 44.8319], [-62.5593, 44.8316]]], [[[-62.5889, 44.8125], [-62.5888, 44.8129], [-62.5895, 44.8128], [-62.5889, 44.8125]]], [[[-63.4494, 44.6631], [-63.4485, 44.6635], [-63.4494, 44.6631]]], [[[-63.5837, 44.6642], [-63.5843, 44.6647], [-63.5837, 44.6642]]], [[[-63.8872, 44.4882], [-63.8881, 44.4885], [-63.8872, 44.4882]]], [[[-63.9187, 44.5845], [-63.9189, 44.5853], [-63.9187, 44.5845]]], [[[-62.8306, 44.6932], [-62.8297, 44.6936], [-62.8306, 44.6932]]], [[[-63.0727, 44.7155], [-63.0732, 44.716], [-63.0733, 44.7156], [-63.0727, 44.7155]]], [[[-62.2518, 44.9707], [-62.2515, 44.9712], [-62.2522, 44.9711], [-62.2518, 44.9707]]], [[[-62.8691, 44.6791], [-62.8687, 44.6797], [-62.8694, 44.6796], [-62.8691, 44.6791]]], [[[-62.9834, 44.6707], [-62.9831, 44.6708], [-62.984, 44.6709], [-62.9834, 44.6707]]], [[[-62.738, 44.7702], [-62.7378, 44.7706], [-62.7386, 44.7706], [-62.738, 44.7702]]], [[[-63.8426, 44.5124], [-63.842, 44.5118], [-63.8426, 44.5124]]], [[[-63.7765, 44.4929], [-63.7772, 44.4928], [-63.7765, 44.4925], [-63.7765, 44.4929]]], [[[-63.7174, 44.4756], [-63.718, 44.4762], [-63.7174, 44.4756]]], [[[-63.4488, 44.6623], [-63.4498, 44.6626], [-63.4488, 44.6623]]], [[[-62.5397, 44.8082], [-62.5395, 44.8087], [-62.5403, 44.8085], [-62.5397, 44.8082]]], [[[-62.1553, 44.9314], [-62.1549, 44.9317], [-62.1558, 44.9317], [-62.1553, 44.9314]]], [[[-63.7258, 44.4457], [-63.7253, 44.4462], [-63.7262, 44.4459], [-63.7258, 44.4457]]], [[[-63.6696, 44.4562], [-63.6695, 44.4566], [-63.6702, 44.4565], [-63.6696, 44.4562]]], [[[-62.7199, 44.7411], [-62.7192, 44.7417], [-62.7199, 44.7411]]], [[[-63.1081, 44.7841], [-63.1081, 44.7845], [-63.1086, 44.7844], [-63.1081, 44.7841]]], [[[-62.7489, 44.7367], [-62.7487, 44.7374], [-62.7492, 44.737], [-62.7489, 44.7367]]], [[[-62.8036, 44.7536], [-62.8044, 44.7531], [-62.8036, 44.7536]]], [[[-62.4598, 44.8283], [-62.461, 44.8283], [-62.4598, 44.8283]]], [[[-62.3691, 44.895], [-62.3685, 44.8955], [-62.3691, 44.895]]], [[[-62.1302, 44.9292], [-62.1312, 44.9293], [-62.1302, 44.9292]]], [[[-63.0681, 44.7118], [-63.0689, 44.7119], [-63.0681, 44.7118]]], [[[-62.9489, 44.7022], [-62.9491, 44.7026], [-62.9496, 44.7023], [-62.9489, 44.7022]]], [[[-62.8034, 44.7044], [-62.8036, 44.7052], [-62.8034, 44.7044]]], [[[-62.3918, 44.8393], [-62.3923, 44.8393], [-62.3912, 44.8391], [-62.3918, 44.8393]]], [[[-62.1894, 44.949], [-62.1904, 44.9488], [-62.1894, 44.949]]], [[[-62.6521, 44.7824], [-62.6524, 44.7831], [-62.6521, 44.7824]]], [[[-62.8799, 44.7228], [-62.8793, 44.7232], [-62.8799, 44.7232], [-62.8799, 44.7228]]], [[[-62.8464, 44.7141], [-62.847, 44.7135], [-62.8464, 44.7141]]], [[[-63.1243, 44.788], [-63.1241, 44.7883], [-63.1245, 44.7886], [-63.1243, 44.788]]], [[[-62.7031, 44.7447], [-62.7027, 44.7454], [-62.7031, 44.7447]]], [[[-63.1646, 44.6889], [-63.1642, 44.6891], [-63.1646, 44.6894], [-63.1646, 44.6889]]], [[[-62.5176, 44.8142], [-62.5185, 44.8148], [-62.5176, 44.8142]]], [[[-62.2524, 44.9673], [-62.253, 44.9678], [-62.2524, 44.9673]]], [[[-63.7658, 44.4596], [-63.7649, 44.4599], [-63.7658, 44.4596]]], [[[-63.1174, 44.7542], [-63.1186, 44.7543], [-63.1174, 44.7542]]], [[[-63.5687, 44.4306], [-63.5681, 44.4311], [-63.5687, 44.4306]]], [[[-63.6805, 44.4576], [-63.6812, 44.458], [-63.6805, 44.4576]]], [[[-63.5953, 44.4652], [-63.5955, 44.4659], [-63.5958, 44.4656], [-63.5953, 44.4652]]], [[[-62.706, 44.7394], [-62.7056, 44.7399], [-62.7063, 44.7395], [-62.706, 44.7394]]], [[[-63.0015, 44.714], [-63.0001, 44.7148], [-63.0015, 44.714]]], [[[-63.7256, 44.445], [-63.7264, 44.4452], [-63.7256, 44.445]]], [[[-62.4352, 44.8567], [-62.4342, 44.8569], [-62.4352, 44.8567]]], [[[-63.0944, 44.7103], [-63.0952, 44.7118], [-63.0944, 44.7103]]], [[[-62.2496, 44.921], [-62.2509, 44.9209], [-62.2496, 44.921]]], [[[-63.1232, 44.7098], [-63.1229, 44.7103], [-63.1238, 44.7098], [-63.1232, 44.7098]]], [[[-62.7657, 44.7262], [-62.7651, 44.7265], [-62.7664, 44.7264], [-62.7657, 44.7262]]], [[[-62.347, 44.9028], [-62.3467, 44.903], [-62.3475, 44.9032], [-62.347, 44.9028]]], [[[-62.2466, 44.9219], [-62.246, 44.9222], [-62.2471, 44.9219], [-62.2466, 44.9219]]], [[[-63.1518, 44.7714], [-63.1526, 44.772], [-63.1518, 44.7714]]], [[[-63.7192, 44.4373], [-63.7188, 44.4375], [-63.7195, 44.4378], [-63.7192, 44.4373]]], [[[-63.7177, 44.4418], [-63.7174, 44.4423], [-63.7179, 44.4424], [-63.7177, 44.4418]]], [[[-62.7752, 44.7492], [-62.7746, 44.7498], [-62.7752, 44.7492]]], [[[-63.9397, 44.5119], [-63.9409, 44.5124], [-63.9397, 44.5119]]], [[[-63.1169, 44.7765], [-63.1177, 44.7768], [-63.1169, 44.7765]]], [[[-62.1501, 44.9098], [-62.1493, 44.9101], [-62.1501, 44.9098]]], [[[-62.7292, 44.7593], [-62.7288, 44.7597], [-62.7296, 44.7597], [-62.7292, 44.7593]]], [[[-63.2122, 44.6789], [-63.2119, 44.6793], [-63.2127, 44.6793], [-63.2122, 44.6789]]], [[[-62.4682, 44.853], [-62.4673, 44.8535], [-62.4682, 44.853]]], [[[-63.1115, 44.7396], [-63.1123, 44.7402], [-63.1115, 44.7396]]], [[[-63.751, 44.4648], [-63.7518, 44.4652], [-63.751, 44.4648]]], [[[-62.5846, 44.815], [-62.5857, 44.8148], [-62.5846, 44.815]]], [[[-62.3198, 44.8984], [-62.3185, 44.8985], [-62.3198, 44.8984]]], [[[-63.0705, 44.7141], [-63.0702, 44.7145], [-63.0707, 44.7147], [-63.0705, 44.7141]]], [[[-63.7254, 44.4643], [-63.7261, 44.465], [-63.7254, 44.4643]]], [[[-62.7089, 44.7926], [-62.708, 44.793], [-62.7089, 44.7926]]], [[[-62.3269, 44.8949], [-62.3262, 44.8951], [-62.3275, 44.8953], [-62.3269, 44.8949]]], [[[-63.646, 44.4601], [-63.6468, 44.4604], [-63.646, 44.4601]]], [[[-62.7481, 44.7684], [-62.7487, 44.7691], [-62.7481, 44.7684]]], [[[-62.8813, 44.6833], [-62.8806, 44.684], [-62.8813, 44.6833]]], [[[-62.5199, 44.8463], [-62.5187, 44.8466], [-62.5199, 44.8463]]], [[[-63.7305, 44.4708], [-63.7306, 44.4716], [-63.7305, 44.4708]]], [[[-62.1371, 44.929], [-62.136, 44.9291], [-62.1371, 44.929]]], [[[-62.4712, 44.8513], [-62.4723, 44.8514], [-62.4712, 44.8513]]], [[[-63.8947, 44.4877], [-63.8956, 44.4882], [-63.8947, 44.4877]]], [[[-63.0693, 44.7144], [-63.0701, 44.7149], [-63.0693, 44.7144]]], [[[-63.8465, 44.5218], [-63.846, 44.5222], [-63.8467, 44.5224], [-63.8465, 44.5218]]], [[[-62.8394, 44.6859], [-62.8386, 44.6865], [-62.8394, 44.6859]]], [[[-62.8429, 44.6958], [-62.8437, 44.6957], [-62.8429, 44.6958]]], [[[-63.7353, 44.468], [-63.736, 44.4684], [-63.7353, 44.468]]], [[[-63.0561, 44.7639], [-63.0558, 44.7643], [-63.0565, 44.7645], [-63.0561, 44.7639]]], [[[-62.7495, 44.7357], [-62.7487, 44.7352], [-62.7495, 44.7357]]], [[[-63.9139, 44.5815], [-63.9144, 44.5823], [-63.9139, 44.5815]]], [[[-62.7836, 44.7561], [-62.7828, 44.7565], [-62.7836, 44.7561]]], [[[-63.6714, 44.4661], [-63.6723, 44.4665], [-63.6714, 44.4661]]], [[[-62.8894, 44.7083], [-62.8891, 44.7089], [-62.8897, 44.7087], [-62.8894, 44.7083]]], [[[-63.7161, 44.4742], [-63.7161, 44.4733], [-63.7161, 44.4742]]], [[[-62.902, 44.686], [-62.9027, 44.6864], [-62.902, 44.686]]], [[[-63.1215, 44.7163], [-63.1222, 44.7168], [-63.1215, 44.7163]]], [[[-62.2693, 44.9132], [-62.2706, 44.9134], [-62.2693, 44.9132]]], [[[-62.8266, 44.8033], [-62.826, 44.8039], [-62.8266, 44.8033]]], [[[-62.8463, 44.7148], [-62.846, 44.7152], [-62.8466, 44.7152], [-62.8463, 44.7148]]], [[[-63.5999, 44.4858], [-63.5995, 44.486], [-63.6004, 44.4863], [-63.5999, 44.4858]]], [[[-63.0768, 44.7151], [-63.0762, 44.7155], [-63.0774, 44.7153], [-63.0768, 44.7151]]], [[[-62.7476, 44.7709], [-62.7486, 44.7707], [-62.7476, 44.7709]]], [[[-63.0707, 44.7126], [-63.0699, 44.7122], [-63.0707, 44.7126]]], [[[-62.8624, 44.6646], [-62.8622, 44.6653], [-62.8628, 44.665], [-62.8624, 44.6646]]], [[[-62.771, 44.7242], [-62.7697, 44.7244], [-62.771, 44.7242]]], [[[-62.8903, 44.6933], [-62.8892, 44.6941], [-62.8903, 44.6933]]], [[[-62.7929, 44.7503], [-62.7938, 44.7501], [-62.7929, 44.7503]]], [[[-63.0719, 44.7092], [-63.0731, 44.7096], [-63.0719, 44.7092]]], [[[-62.8325, 44.692], [-62.8314, 44.6926], [-62.8325, 44.692]]], [[[-62.6061, 44.791], [-62.6053, 44.7916], [-62.6061, 44.791]]], [[[-62.7554, 44.7129], [-62.7547, 44.7134], [-62.7554, 44.7129]]], [[[-62.9013, 44.6707], [-62.9011, 44.6715], [-62.9013, 44.6707]]], [[[-62.5485, 44.8335], [-62.5495, 44.8337], [-62.5485, 44.8335]]], [[[-62.7534, 44.7734], [-62.7524, 44.7738], [-62.7534, 44.7734]]], [[[-62.6897, 44.7781], [-62.6886, 44.7785], [-62.6897, 44.7781]]], [[[-62.2453, 44.9558], [-62.2445, 44.956], [-62.2453, 44.9558]]], [[[-62.832, 44.6946], [-62.8312, 44.6951], [-62.832, 44.6946]]], [[[-62.3071, 44.8919], [-62.3063, 44.8921], [-62.3071, 44.8919]]], [[[-63.8318, 44.5148], [-63.8309, 44.5141], [-63.8318, 44.5148]]], [[[-62.4563, 44.8301], [-62.4556, 44.8304], [-62.4563, 44.8301]]], [[[-62.8577, 44.705], [-62.8565, 44.7061], [-62.8577, 44.705]]], [[[-62.9086, 44.6779], [-62.9099, 44.6782], [-62.9086, 44.6779]]], [[[-62.8191, 44.7045], [-62.818, 44.7049], [-62.8191, 44.7045]]], [[[-63.7231, 44.4474], [-63.7237, 44.448], [-63.7231, 44.4474]]], [[[-63.1242, 44.7223], [-63.1237, 44.7232], [-63.1242, 44.7223]]], [[[-63.7393, 44.453], [-63.7396, 44.4539], [-63.7393, 44.453]]], [[[-62.9839, 44.6757], [-62.9849, 44.6753], [-62.9839, 44.6757]]], [[[-63.0367, 44.7549], [-63.0375, 44.7546], [-63.0367, 44.7549]]], [[[-63.0414, 44.7562], [-63.0417, 44.7571], [-63.0414, 44.7562]]], [[[-63.1621, 44.7602], [-63.1628, 44.7608], [-63.1621, 44.7602]]], [[[-62.8675, 44.6563], [-62.8682, 44.6566], [-62.8675, 44.6563]]], [[[-63.4113, 44.6668], [-63.4121, 44.6672], [-63.4113, 44.6668]]], [[[-62.2538, 44.9686], [-62.2534, 44.9689], [-62.2545, 44.9686], [-62.2538, 44.9686]]], [[[-63.8728, 44.5039], [-63.8739, 44.5043], [-63.8728, 44.5039]]], [[[-62.1856, 44.9523], [-62.1863, 44.9528], [-62.1856, 44.9523]]], [[[-62.3993, 44.8956], [-62.4006, 44.8956], [-62.3993, 44.8956]]], [[[-63.6117, 44.4675], [-63.612, 44.4686], [-63.6117, 44.4675]]], [[[-62.4537, 44.8217], [-62.4556, 44.8217], [-62.4537, 44.8217]]], [[[-63.5691, 44.4428], [-63.5697, 44.4434], [-63.5691, 44.4428]]], [[[-63.1561, 44.7543], [-63.1562, 44.7554], [-63.1561, 44.7543]]], [[[-62.5116, 44.8534], [-62.5124, 44.8536], [-62.5116, 44.8534]]], [[[-62.846, 44.6965], [-62.8448, 44.6974], [-62.846, 44.6965]]], [[[-62.2964, 44.8904], [-62.2958, 44.8909], [-62.2964, 44.8904]]], [[[-63.7395, 44.4481], [-63.7403, 44.4486], [-63.7395, 44.4481]]], [[[-62.535, 44.8347], [-62.5343, 44.8349], [-62.5356, 44.8349], [-62.535, 44.8347]]], [[[-62.687, 44.7791], [-62.6856, 44.7795], [-62.687, 44.7791]]], [[[-63.8791, 44.5006], [-63.8797, 44.5013], [-63.8791, 44.5006]]], [[[-63.9499, 44.5316], [-63.9508, 44.5318], [-63.9499, 44.5316]]], [[[-63.5686, 44.4312], [-63.5682, 44.4318], [-63.5693, 44.4313], [-63.5686, 44.4312]]], [[[-63.7856, 44.4683], [-63.7867, 44.4683], [-63.7856, 44.4683]]], [[[-63.452, 44.6649], [-63.4511, 44.6651], [-63.452, 44.6649]]], [[[-62.6062, 44.7902], [-62.6069, 44.7897], [-62.6062, 44.7902]]], [[[-62.8466, 44.6968], [-62.8455, 44.6976], [-62.8466, 44.6968]]], [[[-62.8611, 44.6595], [-62.8608, 44.6602], [-62.8611, 44.6595]]], [[[-63.7874, 44.4666], [-63.7879, 44.4672], [-63.7874, 44.4666]]], [[[-62.161, 44.8814], [-62.1596, 44.8819], [-62.161, 44.8814]]], [[[-62.6565, 44.7536], [-62.6573, 44.754], [-62.6565, 44.7536]]], [[[-63.9171, 44.5763], [-63.9168, 44.5774], [-63.9171, 44.5763]]], [[[-62.7054, 44.7858], [-62.7043, 44.7862], [-62.7054, 44.7858]]], [[[-63.0938, 44.7061], [-63.094, 44.7071], [-63.0938, 44.7061]]], [[[-63.4098, 44.6676], [-63.4106, 44.6673], [-63.4098, 44.6676]]], [[[-62.4542, 44.8234], [-62.4557, 44.8236], [-62.4542, 44.8234]]], [[[-62.3237, 44.8972], [-62.3233, 44.8981], [-62.3237, 44.8972]]], [[[-62.4516, 44.783], [-62.4523, 44.7839], [-62.4516, 44.783]]], [[[-62.7539, 44.7661], [-62.7531, 44.7665], [-62.7539, 44.7661]]], [[[-62.8574, 44.6917], [-62.8558, 44.693], [-62.8574, 44.6917]]], [[[-63.8228, 44.4865], [-63.8223, 44.4865], [-63.8226, 44.4872], [-63.8228, 44.4865]]], [[[-62.745, 44.7185], [-62.7458, 44.7196], [-62.745, 44.7185]]], [[[-62.849, 44.6837], [-62.8482, 44.6847], [-62.849, 44.6837]]], [[[-63.8478, 44.4895], [-63.8472, 44.4886], [-63.8478, 44.4895]]], [[[-62.3226, 44.8965], [-62.3236, 44.8965], [-62.3226, 44.8965]]], [[[-63.1275, 44.7112], [-63.1267, 44.7121], [-63.1275, 44.7112]]], [[[-62.7477, 44.7179], [-62.7481, 44.7187], [-62.7477, 44.7179]]], [[[-63.7328, 44.4448], [-63.7316, 44.4449], [-63.7328, 44.4448]]], [[[-63.8421, 44.5108], [-63.8425, 44.5117], [-63.8421, 44.5108]]], [[[-62.76, 44.7693], [-62.7611, 44.7692], [-62.76, 44.7693]]], [[[-62.1764, 44.9254], [-62.1751, 44.9255], [-62.1764, 44.9254]]], [[[-63.0292, 44.7328], [-63.0289, 44.7336], [-63.0292, 44.7328]]], [[[-63.7747, 44.4926], [-63.7747, 44.4935], [-63.7747, 44.4926]]], [[[-62.3233, 44.8865], [-62.3248, 44.8867], [-62.3233, 44.8865]]], [[[-63.5986, 44.4473], [-63.5989, 44.4481], [-63.5986, 44.4473]]], [[[-63.44, 44.6564], [-63.439, 44.6565], [-63.44, 44.6564]]], [[[-63.0821, 44.7008], [-63.0827, 44.7024], [-63.0821, 44.7008]]], [[[-62.186, 44.9212], [-62.1851, 44.9214], [-62.186, 44.9212]], [[-63.4161, 44.68], [-63.4168, 44.6806], [-63.4161, 44.68]]], [[[-63.7907, 44.4686], [-63.7897, 44.4691], [-63.7907, 44.4686]]], [[[-63.1804, 44.7047], [-63.1796, 44.7039], [-63.1804, 44.7047]]], [[[-62.6598, 44.764], [-62.6606, 44.7646], [-62.6598, 44.764]]], [[[-63.2249, 44.6741], [-63.2248, 44.676], [-63.2249, 44.6741]]], [[[-62.8556, 44.6933], [-62.8541, 44.6947], [-62.8556, 44.6933]]], [[[-62.5684, 44.8671], [-62.5693, 44.8678], [-62.5684, 44.8671]]], [[[-62.5145, 44.8126], [-62.515, 44.8134], [-62.5145, 44.8126]]], [[[-62.286, 44.8965], [-62.2875, 44.8967], [-62.286, 44.8965]]], [[[-63.0724, 44.7129], [-63.0712, 44.7135], [-63.0724, 44.7129]]], [[[-62.6959, 44.7785], [-62.695, 44.7789], [-62.6959, 44.7785]]], [[[-62.8618, 44.6983], [-62.861, 44.699], [-62.8618, 44.6983]]], [[[-63.7095, 44.4722], [-63.7084, 44.4723], [-63.7095, 44.4722]]], [[[-63.7694, 44.5206], [-63.7697, 44.5216], [-63.7694, 44.5206]]], [[[-62.5074, 44.8261], [-62.5049, 44.8267], [-62.5074, 44.8261]]], [[[-63.5685, 44.6101], [-63.5674, 44.6106], [-63.5685, 44.6101]]], [[[-63.7239, 44.4349], [-63.7245, 44.4356], [-63.7239, 44.4349]]], [[[-63.3679, 44.6393], [-63.3679, 44.6403], [-63.3679, 44.6393]]], [[[-62.4692, 44.8516], [-62.4674, 44.8522], [-62.4692, 44.8516]]], [[[-62.7662, 44.7676], [-62.766, 44.7682], [-62.7666, 44.768], [-62.7662, 44.7676]]], [[[-62.7563, 44.7724], [-62.7572, 44.7728], [-62.7563, 44.7724]]], [[[-63.9461, 44.5196], [-63.9448, 44.5196], [-63.9461, 44.5196]]], [[[-62.9637, 44.6844], [-62.9645, 44.6851], [-62.9637, 44.6844]]], [[[-63.1254, 44.696], [-63.1269, 44.6962], [-63.1254, 44.696]]], [[[-63.1646, 44.7442], [-63.1657, 44.7443], [-63.1646, 44.7442]]], [[[-63.0712, 44.7086], [-63.0728, 44.708], [-63.0712, 44.7086]]], [[[-62.7211, 44.7422], [-62.7198, 44.7428], [-62.7211, 44.7422]]], [[[-62.8613, 44.7085], [-62.8609, 44.7092], [-62.8621, 44.7087], [-62.8613, 44.7085]]], [[[-63.7711, 44.4395], [-63.772, 44.4403], [-63.7711, 44.4395]]], [[[-62.8133, 44.7194], [-62.8117, 44.7203], [-62.8133, 44.7194]]], [[[-62.5188, 44.8264], [-62.5175, 44.827], [-62.5188, 44.8264]]], [[[-62.8822, 44.6822], [-62.8833, 44.682], [-62.8822, 44.6822]]], [[[-63.2154, 44.6917], [-63.2152, 44.6925], [-63.2154, 44.6917]]], [[[-62.1723, 44.9508], [-62.1739, 44.9506], [-62.1723, 44.9508]]], [[[-63.0075, 44.7915], [-63.0088, 44.792], [-63.0075, 44.7915]]], [[[-63.9026, 44.4964], [-63.9039, 44.4965], [-63.9026, 44.4964]]], [[[-62.1953, 44.895], [-62.1931, 44.8959], [-62.1953, 44.895]]], [[[-62.2983, 44.8922], [-62.2965, 44.8926], [-62.2983, 44.8922]]], [[[-63.0702, 44.7105], [-63.0719, 44.7103], [-63.0702, 44.7105]]], [[[-62.1926, 44.9492], [-62.1942, 44.9493], [-62.1926, 44.9492]]], [[[-63.8905, 44.4861], [-63.8911, 44.4867], [-63.8905, 44.4861]]], [[[-62.808, 44.7101], [-62.8061, 44.7105], [-62.808, 44.7101]]], [[[-62.8135, 44.7034], [-62.8124, 44.7039], [-62.8135, 44.7034]]], [[[-62.7711, 44.7498], [-62.7695, 44.7504], [-62.7711, 44.7498]]], [[[-62.747, 44.7554], [-62.7458, 44.7562], [-62.747, 44.7554]]], [[[-62.1445, 44.93], [-62.1426, 44.9303], [-62.1445, 44.93]]], [[[-63.7564, 44.4519], [-63.7551, 44.451], [-63.7564, 44.4519]]], [[[-63.6168, 44.6963], [-63.6179, 44.6973], [-63.6168, 44.6963]]], [[[-62.5163, 44.8142], [-62.5174, 44.8151], [-62.5163, 44.8142]]], [[[-62.4155, 44.8035], [-62.4151, 44.804], [-62.416, 44.803], [-62.4155, 44.8035]]], [[[-63.1065, 44.7311], [-63.1069, 44.7322], [-63.1065, 44.7311]]], [[[-62.4055, 44.8656], [-62.4047, 44.8659], [-62.4055, 44.8656]]], [[[-62.7449, 44.757], [-62.7461, 44.7566], [-62.7449, 44.757]]], [[[-62.1832, 44.9303], [-62.1841, 44.931], [-62.1832, 44.9303]]], [[[-63.4245, 44.6827], [-63.4257, 44.6828], [-63.4245, 44.6827]]], [[[-62.1606, 44.8735], [-62.1594, 44.8736], [-62.1606, 44.8735]]], [[[-62.279, 44.8649], [-62.2779, 44.8658], [-62.279, 44.8649]]], [[[-62.6492, 44.8006], [-62.6476, 44.8012], [-62.6492, 44.8006]]], [[[-63.8766, 44.4998], [-63.8775, 44.5006], [-63.8766, 44.4998]]], [[[-62.3203, 44.8985], [-62.3222, 44.8986], [-62.3203, 44.8985]]], [[[-63.9392, 44.5353], [-63.9395, 44.5364], [-63.9409, 44.5355], [-63.9392, 44.5353]]], [[[-62.9075, 44.6777], [-62.9068, 44.677], [-62.9075, 44.6777]]], [[[-62.1495, 44.9423], [-62.1486, 44.9432], [-62.1495, 44.9423]]], [[[-63.7324, 44.4755], [-63.7333, 44.4761], [-63.7324, 44.4755]]], [[[-63.0976, 44.6891], [-63.0963, 44.6902], [-63.0976, 44.6891]]], [[[-62.7047, 44.7875], [-62.7034, 44.788], [-62.7047, 44.7875]]], [[[-62.4747, 44.8594], [-62.4764, 44.8594], [-62.4747, 44.8594]]], [[[-63.5229, 44.4934], [-63.5239, 44.493], [-63.5231, 44.4924], [-63.5229, 44.4934]]], [[[-62.5407, 44.8317], [-62.539, 44.8322], [-62.5407, 44.8317]]], [[[-62.4292, 44.854], [-62.4283, 44.8549], [-62.4302, 44.8545], [-62.4292, 44.854]]], [[[-63.0514, 44.7531], [-63.05, 44.7531], [-63.0514, 44.7531]]], [[[-63.0701, 44.708], [-63.0717, 44.7075], [-63.0701, 44.708]]], [[[-63.4081, 44.6781], [-63.4093, 44.678], [-63.4081, 44.6781]]], [[[-62.3289, 44.8952], [-62.3305, 44.896], [-62.3289, 44.8952]]], [[[-63.0863, 44.7019], [-63.0829, 44.7024], [-63.0863, 44.7019]]], [[[-62.329, 44.8969], [-62.3311, 44.8969], [-62.329, 44.8969]]], [[[-63.1133, 44.7378], [-63.1148, 44.7392], [-63.1133, 44.7378]]], [[[-62.8884, 44.6906], [-62.8876, 44.6917], [-62.8884, 44.6906]]], [[[-62.5134, 44.8547], [-62.512, 44.8554], [-62.5134, 44.8547]]], [[[-63.6945, 44.4553], [-63.6941, 44.4565], [-63.6945, 44.4553]]], [[[-62.6347, 44.8099], [-62.6363, 44.8101], [-62.6347, 44.8099]]], [[[-63.8572, 44.4821], [-63.8587, 44.4827], [-63.8572, 44.4821]]], [[[-63.0971, 44.6872], [-63.0964, 44.6883], [-63.0971, 44.6872]]], [[[-63.8544, 44.4776], [-63.8551, 44.4786], [-63.8544, 44.4776]]], [[[-62.1667, 44.925], [-62.1679, 44.9253], [-62.1667, 44.925]]], [[[-62.1933, 44.9303], [-62.1932, 44.9311], [-62.1945, 44.9305], [-62.1933, 44.9303]]], [[[-63.6745, 44.4547], [-63.6731, 44.4553], [-63.6745, 44.4547]]], [[[-63.1373, 44.7073], [-63.1385, 44.7076], [-63.1373, 44.7073]]], [[[-63.8917, 44.4872], [-63.8937, 44.4877], [-63.8917, 44.4872]]], [[[-63.7286, 44.4684], [-63.7301, 44.4689], [-63.7286, 44.4684]]], [[[-63.0735, 44.7137], [-63.0758, 44.7137], [-63.0735, 44.7137]]], [[[-62.3632, 44.836], [-62.3619, 44.8369], [-62.3632, 44.836]]], [[[-63.6128, 44.4689], [-63.6121, 44.4694], [-63.6128, 44.4689]]], [[[-63.676, 44.4544], [-63.6774, 44.4551], [-63.676, 44.4544]]], [[[-63.7642, 44.4551], [-63.7638, 44.456], [-63.7651, 44.4555], [-63.7642, 44.4551]]], [[[-62.2273, 44.9244], [-62.2284, 44.9246], [-62.2273, 44.9244]]], [[[-63.6101, 44.6979], [-63.6116, 44.6979], [-63.6101, 44.6979]]], [[[-63.1353, 44.6968], [-63.1368, 44.6971], [-63.1353, 44.6968]]], [[[-62.8596, 44.6599], [-62.8587, 44.6608], [-62.8596, 44.6599]]], [[[-62.2459, 44.9532], [-62.244, 44.9536], [-62.2459, 44.9532]]], [[[-62.3911, 44.8427], [-62.3891, 44.8429], [-62.3911, 44.8427]]], [[[-63.876, 44.4824], [-63.8773, 44.4821], [-63.876, 44.4824]]], [[[-62.7322, 44.7822], [-62.7322, 44.7835], [-62.7322, 44.7822]]], [[[-63.9098, 44.6764], [-63.9099, 44.6774], [-63.9098, 44.6764]]], [[[-62.3764, 44.8569], [-62.3773, 44.857], [-62.3764, 44.8569]]], [[[-63.7557, 44.4726], [-63.7554, 44.4738], [-63.7557, 44.4726]]], [[[-62.6538, 44.782], [-62.6531, 44.7827], [-62.6551, 44.7821], [-62.6538, 44.782]]], [[[-63.0684, 44.7698], [-63.068, 44.7709], [-63.0689, 44.7708], [-63.0684, 44.7698]]], [[[-62.4282, 44.856], [-62.4299, 44.8562], [-62.4282, 44.856]]], [[[-62.7491, 44.7727], [-62.7478, 44.7736], [-62.7491, 44.7727]]], [[[-62.2147, 44.9597], [-62.2143, 44.9604], [-62.2157, 44.9606], [-62.2147, 44.9597]]], [[[-62.1462, 44.8852], [-62.1484, 44.8851], [-62.1462, 44.8852]]], [[[-62.8863, 44.6961], [-62.8852, 44.6972], [-62.8863, 44.6961]]], [[[-62.7896, 44.7537], [-62.7908, 44.7537], [-62.7898, 44.7527], [-62.7896, 44.7537]]], [[[-62.7011, 44.781], [-62.7025, 44.7812], [-62.7011, 44.781]]], [[[-62.9671, 44.6823], [-62.9688, 44.6821], [-62.9671, 44.6823]]], [[[-63.8342, 44.5169], [-63.8351, 44.518], [-63.8342, 44.5169]]], [[[-62.8948, 44.7053], [-62.8941, 44.7066], [-62.8953, 44.7061], [-62.8948, 44.7053]]], [[[-62.3042, 44.8919], [-62.302, 44.8921], [-62.3042, 44.8919]]], [[[-62.1435, 44.8842], [-62.144, 44.8856], [-62.1435, 44.8842]]], [[[-63.2782, 44.6396], [-63.2803, 44.6392], [-63.2782, 44.6396]]], [[[-63.3642, 44.6492], [-63.3659, 44.6492], [-63.3642, 44.6492]]], [[[-63.8721, 44.5043], [-63.8739, 44.5051], [-63.8721, 44.5043]]], [[[-62.6981, 44.7887], [-62.699, 44.7894], [-62.6981, 44.7887]]], [[[-63.0375, 44.7575], [-63.0392, 44.7577], [-63.0375, 44.7575]]], [[[-63.5097, 44.5896], [-63.5108, 44.5936], [-63.5097, 44.5896]]], [[[-63.4371, 44.6594], [-63.4348, 44.6599], [-63.4371, 44.6594]]], [[[-62.8393, 44.6935], [-62.8376, 44.6948], [-62.8393, 44.6935]]], [[[-63.7547, 44.4755], [-63.7557, 44.4765], [-63.7547, 44.4755]]], [[[-63.7741, 44.477], [-63.773, 44.4759], [-63.7741, 44.477]]], [[[-62.5605, 44.8142], [-62.5575, 44.8155], [-62.5605, 44.8142]]], [[[-62.3915, 44.842], [-62.3927, 44.8422], [-62.3915, 44.842]]], [[[-62.8415, 44.7029], [-62.8407, 44.7036], [-62.8423, 44.7035], [-62.8415, 44.7029]]], [[[-62.1459, 44.9269], [-62.1477, 44.9274], [-62.1459, 44.9269]]], [[[-63.2252, 44.7047], [-63.2246, 44.7035], [-63.2252, 44.7047]]], [[[-62.6401, 44.8047], [-62.6418, 44.8051], [-62.6401, 44.8047]]], [[[-63.6788, 44.4576], [-63.6772, 44.4581], [-63.6788, 44.4576]]], [[[-63.1092, 44.695], [-63.1111, 44.6949], [-63.1092, 44.695]]], [[[-62.1715, 44.9129], [-62.1688, 44.9135], [-62.1715, 44.9129]]], [[[-63.6524, 44.4623], [-63.6539, 44.4621], [-63.6524, 44.4623]]], [[[-63.1589, 44.7443], [-63.1577, 44.745], [-63.1589, 44.7443]]], [[[-63.8688, 44.4951], [-63.8708, 44.495], [-63.8688, 44.4951]]], [[[-62.1582, 44.8851], [-62.1601, 44.8845], [-62.1582, 44.8851]]], [[[-63.9561, 44.6439], [-63.956, 44.6458], [-63.9561, 44.6439]]], [[[-63.5227, 44.4969], [-63.5219, 44.4979], [-63.5231, 44.4979], [-63.5227, 44.4969]]], [[[-62.2166, 44.9511], [-62.2176, 44.9518], [-62.2166, 44.9511]]], [[[-63.057, 44.7639], [-63.0591, 44.7638], [-63.057, 44.7639]]], [[[-62.3572, 44.8243], [-62.3552, 44.825], [-62.3572, 44.8243]]], [[[-62.4541, 44.8274], [-62.4561, 44.8278], [-62.4541, 44.8274]]], [[[-62.982, 44.6747], [-62.9848, 44.6747], [-62.982, 44.6747]]], [[[-62.2423, 44.9542], [-62.244, 44.9546], [-62.2423, 44.9542]]], [[[-62.8475, 44.715], [-62.8463, 44.7163], [-62.8475, 44.715]]], [[[-62.5622, 44.8543], [-62.5639, 44.8536], [-62.5629, 44.853], [-62.5622, 44.8543]]], [[[-62.4077, 44.8653], [-62.4064, 44.866], [-62.4077, 44.8653]]], [[[-63.9452, 44.6324], [-63.9453, 44.6346], [-63.9452, 44.6324]]], [[[-63.7321, 44.4689], [-63.7314, 44.4698], [-63.7326, 44.4702], [-63.7321, 44.4689]]], [[[-63.1231, 44.7249], [-63.1229, 44.7228], [-63.1231, 44.7249]]], [[[-63.0752, 44.7143], [-63.0733, 44.7151], [-63.0752, 44.7143]]], [[[-62.8898, 44.6917], [-62.8881, 44.6928], [-62.8894, 44.6929], [-62.8898, 44.6917]]], [[[-63.6187, 44.6983], [-63.6207, 44.699], [-63.6187, 44.6983]]], [[[-62.8634, 44.6584], [-62.8649, 44.6575], [-62.8634, 44.6584]]], [[[-62.3837, 44.8159], [-62.3824, 44.8165], [-62.3837, 44.8159]]], [[[-62.9649, 44.6848], [-62.9664, 44.6843], [-62.9649, 44.6848]]], [[[-63.9378, 44.6174], [-63.939, 44.6178], [-63.9389, 44.6163], [-63.9378, 44.6174]]], [[[-63.7853, 44.4658], [-63.7855, 44.4669], [-63.7867, 44.4665], [-63.7853, 44.4658]]], [[[-62.1338, 44.9274], [-62.1353, 44.9272], [-62.1332, 44.9267], [-62.1338, 44.9274]]], [[[-62.7812, 44.7274], [-62.779, 44.7281], [-62.7812, 44.7274]]], [[[-63.2697, 44.6275], [-63.2694, 44.6286], [-63.271, 44.6279], [-63.2697, 44.6275]]], [[[-62.3334, 44.9011], [-62.3359, 44.9019], [-62.3334, 44.9011]]], [[[-63.7231, 44.4497], [-63.7238, 44.4513], [-63.7231, 44.4497]]], [[[-62.1512, 44.9431], [-62.1501, 44.9449], [-62.1519, 44.9434], [-62.1512, 44.9431]]], [[[-62.3543, 44.8693], [-62.351, 44.8695], [-62.3543, 44.8693]]], [[[-62.8038, 44.7436], [-62.8058, 44.7435], [-62.8038, 44.7436]]], [[[-63.1159, 44.7408], [-63.1174, 44.7401], [-63.1165, 44.7395], [-63.1159, 44.7408]]], [[[-62.6464, 44.7795], [-62.6466, 44.7804], [-62.6482, 44.78], [-62.6464, 44.7795]]], [[[-62.1789, 44.9245], [-62.1767, 44.925], [-62.1789, 44.9245]]], [[[-62.379, 44.8584], [-62.3781, 44.8591], [-62.3799, 44.8593], [-62.379, 44.8584]]], [[[-62.6161, 44.841], [-62.6184, 44.8415], [-62.618, 44.8406], [-62.6161, 44.841]]], [[[-63.7873, 44.475], [-63.787, 44.4761], [-63.7885, 44.4754], [-63.7873, 44.475]]], [[[-63.8039, 44.4714], [-63.804, 44.4704], [-63.8026, 44.4702], [-63.8039, 44.4714]]], [[[-62.728, 44.7448], [-62.7267, 44.7458], [-62.7285, 44.7456], [-62.728, 44.7448]]], [[[-62.8684, 44.6785], [-62.867, 44.6799], [-62.8684, 44.6785]]], [[[-62.4565, 44.8285], [-62.4546, 44.8298], [-62.4565, 44.8285]]], [[[-62.1306, 44.928], [-62.132, 44.9273], [-62.1299, 44.9272], [-62.1306, 44.928]]], [[[-62.191, 44.9259], [-62.1904, 44.9265], [-62.1928, 44.9266], [-62.191, 44.9259]]], [[[-62.4809, 44.8806], [-62.4791, 44.8817], [-62.4804, 44.8818], [-62.4809, 44.8806]]], [[[-62.3538, 44.8338], [-62.3512, 44.8349], [-62.3533, 44.8349], [-62.3538, 44.8338]]], [[[-62.4498, 44.7892], [-62.4478, 44.7906], [-62.4498, 44.7892]]], [[[-62.29, 44.8964], [-62.288, 44.8971], [-62.29, 44.8964]]], [[[-62.8031, 44.7448], [-62.8028, 44.7457], [-62.8049, 44.7452], [-62.8031, 44.7448]]], [[[-63.1373, 44.6976], [-63.1366, 44.6983], [-63.1381, 44.6988], [-63.1373, 44.6976]]], [[[-62.2682, 44.9201], [-62.2668, 44.9206], [-62.2682, 44.9201]]], [[[-63.8462, 44.5195], [-63.8471, 44.5215], [-63.8462, 44.5195]]], [[[-63.9409, 44.5165], [-63.9407, 44.5177], [-63.9422, 44.5181], [-63.9409, 44.5165]]], [[[-63.4177, 44.68], [-63.4173, 44.6809], [-63.419, 44.6809], [-63.4177, 44.68]]], [[[-62.6042, 44.7826], [-62.6066, 44.7826], [-62.6042, 44.7826]]], [[[-62.6986, 44.7755], [-62.6977, 44.7765], [-62.6997, 44.7762], [-62.6986, 44.7755]]], [[[-62.3025, 44.9045], [-62.301, 44.9062], [-62.3031, 44.905], [-62.3025, 44.9045]]], [[[-62.7762, 44.7492], [-62.7749, 44.7505], [-62.7766, 44.75], [-62.7762, 44.7492]], [[-63.2258, 44.6956], [-63.2265, 44.6966], [-63.2258, 44.6956]]], [[[-63.1263, 44.7107], [-63.1286, 44.7097], [-63.1263, 44.7107]]], [[[-62.2918, 44.9205], [-62.2944, 44.9198], [-62.2918, 44.9205]]], [[[-62.2814, 44.8668], [-62.2802, 44.8676], [-62.281, 44.8681], [-62.2814, 44.8668]]], [[[-63.8363, 44.4876], [-63.8375, 44.4879], [-63.8386, 44.4866], [-63.8363, 44.4876]]], [[[-62.1729, 44.9281], [-62.1722, 44.9289], [-62.1745, 44.929], [-62.1729, 44.9281]]], [[[-63.1053, 44.7017], [-63.1038, 44.7007], [-63.1053, 44.7017]]], [[[-62.7621, 44.7656], [-62.7592, 44.7668], [-62.7621, 44.7656]]], [[[-63.9061, 44.4918], [-63.9045, 44.4932], [-63.9061, 44.493], [-63.9061, 44.4918]]], [[[-63.0191, 44.7291], [-63.018, 44.73], [-63.0194, 44.7303], [-63.0191, 44.7291]]], [[[-63.8175, 44.4907], [-63.8164, 44.4922], [-63.8176, 44.492], [-63.8175, 44.4907]]], [[[-63.1199, 44.7782], [-63.1181, 44.7788], [-63.1199, 44.7782]]], [[[-63.8343, 44.5046], [-63.8351, 44.5036], [-63.8332, 44.5038], [-63.8343, 44.5046]]], [[[-62.4933, 44.8302], [-62.4911, 44.8308], [-62.4933, 44.8302]]], [[[-62.1677, 44.948], [-62.1646, 44.9499], [-62.1677, 44.948]]], [[[-63.0544, 44.7536], [-63.0571, 44.7543], [-63.0544, 44.7536]]], [[[-62.6056, 44.7948], [-62.6044, 44.7965], [-62.6063, 44.7953], [-62.6056, 44.7948]]], [[[-62.175, 44.9293], [-62.1724, 44.9296], [-62.1767, 44.9299], [-62.175, 44.9293]]], [[[-63.7287, 44.4747], [-63.7316, 44.4756], [-63.7287, 44.4747]]], [[[-63.1111, 44.7307], [-63.1112, 44.7296], [-63.1094, 44.7293], [-63.1111, 44.7307]]], [[[-62.3261, 44.897], [-62.328, 44.8963], [-62.3259, 44.896], [-62.3261, 44.897]]], [[[-62.1509, 44.9393], [-62.151, 44.941], [-62.1522, 44.9399], [-62.1509, 44.9393]]], [[[-62.8476, 44.6849], [-62.8461, 44.6868], [-62.8476, 44.6849]]], [[[-63.949, 44.6101], [-63.9476, 44.612], [-63.949, 44.6101]]], [[[-62.8048, 44.7465], [-62.8047, 44.7474], [-62.8065, 44.7469], [-62.8048, 44.7465]]], [[[-63.8613, 44.4835], [-63.8593, 44.4839], [-63.8613, 44.4835]]], [[[-62.7709, 44.7716], [-62.7682, 44.7729], [-62.7709, 44.7716]]], [[[-62.2771, 44.8655], [-62.2761, 44.8672], [-62.2774, 44.8665], [-62.2771, 44.8655]]], [[[-63.1543, 44.7733], [-63.1543, 44.772], [-63.1531, 44.7722], [-63.1543, 44.7733]]], [[[-63.5698, 44.4358], [-63.5673, 44.4371], [-63.5698, 44.4358]]], [[[-63.249, 44.7268], [-63.2496, 44.7293], [-63.249, 44.7268]]], [[[-62.4256, 44.8381], [-62.4232, 44.8384], [-62.4256, 44.8381]]], [[[-62.3764, 44.8475], [-62.38, 44.8488], [-62.3764, 44.8475]]], [[[-63.7575, 44.4721], [-63.7561, 44.4726], [-63.7569, 44.4736], [-63.7575, 44.4721]]], [[[-63.112, 44.6976], [-63.1117, 44.6987], [-63.1132, 44.6979], [-63.112, 44.6976]]], [[[-62.1934, 44.9449], [-62.1952, 44.9437], [-62.1925, 44.9442], [-62.1934, 44.9449]]], [[[-63.8326, 44.515], [-63.8328, 44.5161], [-63.8342, 44.5158], [-63.8326, 44.515]]], [[[-62.1528, 44.9414], [-62.1541, 44.9411], [-62.153, 44.9403], [-62.1528, 44.9414]]], [[[-63.8266, 44.5162], [-63.8262, 44.5175], [-63.8273, 44.5176], [-63.8266, 44.5162]]], [[[-62.7554, 44.7273], [-62.7534, 44.7282], [-62.7563, 44.728], [-62.7554, 44.7273]]], [[[-63.9449, 44.5883], [-63.9451, 44.59], [-63.9449, 44.5883]]], [[[-62.4351, 44.8538], [-62.4341, 44.8556], [-62.4363, 44.8551], [-62.4351, 44.8538]]], [[[-62.3623, 44.8232], [-62.3593, 44.824], [-62.3623, 44.8232]]], [[[-62.8129, 44.7019], [-62.8112, 44.7029], [-62.8129, 44.7019]]], [[[-62.7038, 44.7731], [-62.7008, 44.7745], [-62.7038, 44.7731]]], [[[-63.4237, 44.681], [-63.4221, 44.6801], [-63.4237, 44.681]]], [[[-62.2781, 44.8692], [-62.2793, 44.8693], [-62.2798, 44.8673], [-62.2781, 44.8692]]], [[[-63.7196, 44.4445], [-63.7211, 44.446], [-63.7209, 44.4446], [-63.7196, 44.4445]]], [[[-62.3458, 44.9209], [-62.3451, 44.9218], [-62.3479, 44.9215], [-62.3458, 44.9209]]], [[[-62.886, 44.6843], [-62.8832, 44.6866], [-62.886, 44.6843]]], [[[-62.7938, 44.699], [-62.7913, 44.7012], [-62.7938, 44.699]]], [[[-62.2014, 44.9013], [-62.1984, 44.9022], [-62.2014, 44.9013]]], [[[-63.1332, 44.6998], [-63.1322, 44.7019], [-63.134, 44.701], [-63.1332, 44.6998]]], [[[-62.8065, 44.7059], [-62.8035, 44.7073], [-62.8065, 44.7059]]], [[[-62.2891, 44.888], [-62.2912, 44.8904], [-62.2891, 44.888]]], [[[-63.7389, 44.4762], [-63.7377, 44.4753], [-63.7389, 44.4762]]], [[[-63.8637, 44.4915], [-63.8603, 44.4899], [-63.8637, 44.4915]]], [[[-62.1612, 44.9246], [-62.1657, 44.9242], [-62.1612, 44.9246]]], [[[-62.6589, 44.7543], [-62.6606, 44.7536], [-62.6589, 44.7532], [-62.6589, 44.7543]]], [[[-62.8083, 44.7486], [-62.806, 44.7496], [-62.8087, 44.7494], [-62.8083, 44.7486]]], [[[-63.8392, 44.4865], [-63.8417, 44.4862], [-63.8385, 44.4856], [-63.8392, 44.4865]]], [[[-62.8098, 44.6816], [-62.8071, 44.6834], [-62.8098, 44.6816]]], [[[-63.0114, 44.6623], [-63.0088, 44.6636], [-63.0114, 44.6623]]], [[[-62.864, 44.706], [-62.8622, 44.708], [-62.864, 44.7073], [-62.864, 44.706]]], [[[-63.9504, 44.6458], [-63.9527, 44.6471], [-63.9524, 44.6459], [-63.9504, 44.6458]]], [[[-62.8263, 44.7953], [-62.8251, 44.7964], [-62.8271, 44.7966], [-62.8263, 44.7953]]], [[[-62.7601, 44.7706], [-62.7564, 44.7721], [-62.7601, 44.7706]]], [[[-63.7292, 44.4611], [-63.7321, 44.4605], [-63.7299, 44.4597], [-63.7292, 44.4611]]], [[[-62.238, 44.95], [-62.2404, 44.9488], [-62.2392, 44.9484], [-62.238, 44.95]]], [[[-63.7822, 44.4664], [-63.7837, 44.4677], [-63.7849, 44.467], [-63.7822, 44.4664]]], [[[-63.1183, 44.7338], [-63.12, 44.7373], [-63.1183, 44.7338]]], [[[-63.151, 44.775], [-63.1521, 44.7728], [-63.1501, 44.7741], [-63.151, 44.775]]], [[[-62.2881, 44.8978], [-62.2874, 44.8985], [-62.2904, 44.8982], [-62.2881, 44.8978]]], [[[-62.8073, 44.7472], [-62.8045, 44.7484], [-62.8073, 44.7472]]], [[[-63.9321, 44.654], [-63.9334, 44.6553], [-63.9348, 44.655], [-63.9321, 44.654]]], [[[-62.5047, 44.8393], [-62.5084, 44.8381], [-62.5047, 44.8393]]], [[[-62.156, 44.9546], [-62.1559, 44.9561], [-62.1585, 44.9548], [-62.156, 44.9546]]], [[[-62.6069, 44.7808], [-62.6093, 44.781], [-62.6063, 44.7797], [-62.6069, 44.7808]]], [[[-62.1649, 44.9327], [-62.168, 44.9337], [-62.1649, 44.9327]]], [[[-62.1525, 44.8982], [-62.1481, 44.8992], [-62.1525, 44.8982]]], [[[-63.0284, 44.7574], [-63.0317, 44.7573], [-63.0284, 44.7574]]], [[[-62.1576, 44.8715], [-62.1617, 44.8722], [-62.1576, 44.8715]]], [[[-62.9793, 44.6919], [-62.9819, 44.6919], [-62.9793, 44.6919]]], [[[-62.3408, 44.8713], [-62.3439, 44.8708], [-62.3408, 44.8713]]], [[[-62.205, 44.9377], [-62.2084, 44.9362], [-62.205, 44.9377]]], [[[-62.2981, 44.8899], [-62.3017, 44.8908], [-62.2981, 44.8899]]], [[[-62.7249, 44.7454], [-62.7211, 44.747], [-62.7249, 44.7454]]], [[[-62.377, 44.8469], [-62.3813, 44.8469], [-62.377, 44.8469]]], [[[-62.198, 44.9449], [-62.1973, 44.9471], [-62.1989, 44.9466], [-62.198, 44.9449]]], [[[-63.0274, 44.7342], [-63.0276, 44.7358], [-63.0296, 44.7344], [-63.0274, 44.7342]]], [[[-62.7425, 44.7621], [-62.7464, 44.7603], [-62.7425, 44.7621]]], [[[-62.5006, 44.8398], [-62.5037, 44.8388], [-62.5006, 44.8398]]], [[[-63.7139, 44.4479], [-63.7119, 44.449], [-63.715, 44.4491], [-63.7139, 44.4479]]], [[[-63.0942, 44.6972], [-63.0879, 44.7015], [-63.0942, 44.6972]]], [[[-62.4503, 44.8554], [-62.4565, 44.8555], [-62.4503, 44.8554]]], [[[-63.7359, 44.4542], [-63.7377, 44.4547], [-63.7386, 44.4533], [-63.7359, 44.4542]]], [[[-62.3302, 44.8918], [-62.3347, 44.8915], [-62.3302, 44.8918]]], [[[-63.7414, 44.4528], [-63.7416, 44.4538], [-63.7443, 44.453], [-63.7414, 44.4528]]], [[[-62.3816, 44.8816], [-62.3805, 44.8833], [-62.3818, 44.8843], [-62.3816, 44.8816]]], [[[-63.7522, 44.4707], [-63.751, 44.471], [-63.7538, 44.4724], [-63.7522, 44.4707]]], [[[-63.2314, 44.7003], [-63.2321, 44.7043], [-63.2314, 44.7003]]], [[[-62.1965, 44.9304], [-62.2014, 44.929], [-62.1965, 44.9304]]], [[[-62.1934, 44.8922], [-62.1962, 44.892], [-62.195, 44.8906], [-62.1934, 44.8922]]], [[[-62.4775, 44.8621], [-62.4752, 44.864], [-62.4788, 44.8623], [-62.4775, 44.8621]]], [[[-62.6949, 44.7771], [-62.6936, 44.7785], [-62.6973, 44.7776], [-62.6949, 44.7771]]], [[[-63.6499, 44.459], [-63.6525, 44.4612], [-63.6499, 44.459]]], [[[-62.843, 44.698], [-62.8455, 44.6963], [-62.843, 44.698]]], [[[-62.862, 44.6641], [-62.866, 44.6637], [-62.862, 44.6641]]], [[[-62.3973, 44.8926], [-62.3943, 44.8945], [-62.3973, 44.8926]]], [[[-62.2634, 44.9225], [-62.2654, 44.9211], [-62.2622, 44.9216], [-62.2634, 44.9225]]], [[[-62.6812, 44.7963], [-62.6842, 44.7956], [-62.6812, 44.7963]]], [[[-63.2225, 44.6804], [-63.2243, 44.676], [-63.2225, 44.6804]]], [[[-63.0841, 44.6939], [-63.0812, 44.6922], [-63.0841, 44.6939]]], [[[-63.8295, 44.5083], [-63.8319, 44.507], [-63.8301, 44.5066], [-63.8295, 44.5083]]], [[[-62.7925, 44.753], [-62.7946, 44.7538], [-62.795, 44.752], [-62.7925, 44.753]]], [[[-62.2732, 44.8937], [-62.2781, 44.8939], [-62.2732, 44.8937]]], [[[-62.2003, 44.9419], [-62.1959, 44.9437], [-62.2003, 44.9419]]], [[[-63.919, 44.576], [-63.9193, 44.5742], [-63.9174, 44.5744], [-63.919, 44.576]]], [[[-63.1215, 44.736], [-63.1203, 44.7321], [-63.1215, 44.736]]], [[[-62.5197, 44.8511], [-62.5187, 44.8538], [-62.5208, 44.8529], [-62.5197, 44.8511]]], [[[-63.7766, 44.4498], [-63.7735, 44.4503], [-63.7766, 44.4498]]], [[[-62.4602, 44.8548], [-62.4661, 44.854], [-62.4602, 44.8548]]], [[[-63.8668, 44.4858], [-63.8704, 44.4856], [-63.8668, 44.4858]]], [[[-63.6748, 44.4614], [-63.6795, 44.4613], [-63.6748, 44.4614]]], [[[-63.885, 44.4873], [-63.889, 44.4879], [-63.885, 44.4873]]], [[[-62.1577, 44.8821], [-62.1518, 44.8833], [-62.1577, 44.8821]]], [[[-63.7517, 44.4643], [-63.754, 44.4619], [-63.7517, 44.4643]]], [[[-62.5208, 44.8422], [-62.5258, 44.8412], [-62.5208, 44.8422]], [[-62.7853, 44.7546], [-62.7823, 44.7545], [-62.7853, 44.7546]]], [[[-63.7776, 44.4692], [-63.7804, 44.4697], [-63.7786, 44.4678], [-63.7776, 44.4692]]], [[[-62.3256, 44.8926], [-62.3291, 44.8934], [-62.3256, 44.8926]]], [[[-63.1576, 44.7475], [-63.1608, 44.7445], [-63.1576, 44.7475]], [[-63.2689, 44.6306], [-63.2719, 44.6331], [-63.2689, 44.6306]]], [[[-63.0368, 44.7552], [-63.0369, 44.7575], [-63.0395, 44.7562], [-63.0368, 44.7552]]], [[[-63.7336, 44.4453], [-63.7369, 44.4456], [-63.7336, 44.4453]]], [[[-62.3241, 44.8726], [-62.3201, 44.873], [-62.3241, 44.8726]]], [[[-62.2577, 44.9073], [-62.2605, 44.9065], [-62.2558, 44.9062], [-62.2577, 44.9073]]], [[[-62.8079, 44.6942], [-62.8098, 44.6916], [-62.8079, 44.6942]]], [[[-62.8028, 44.6974], [-62.8053, 44.6963], [-62.8014, 44.697], [-62.8028, 44.6974]]], [[[-63.7247, 44.4491], [-63.7297, 44.4502], [-63.7247, 44.4491]]], [[[-62.1666, 44.9287], [-62.1711, 44.929], [-62.1666, 44.9287]]], [[[-62.9364, 44.7012], [-62.9391, 44.701], [-62.9359, 44.6995], [-62.9364, 44.7012]]], [[[-62.1556, 44.94], [-62.1601, 44.9367], [-62.1556, 44.94]]], [[[-62.754, 44.7689], [-62.7604, 44.7684], [-62.754, 44.7689]]], [[[-62.6643, 44.7555], [-62.6614, 44.7534], [-62.6643, 44.7555]]], [[[-62.3804, 44.82], [-62.3784, 44.8222], [-62.383, 44.8206], [-62.3804, 44.82]]], [[[-62.3226, 44.8686], [-62.3295, 44.8699], [-62.3226, 44.8686]]], [[[-62.1988, 44.8977], [-62.2059, 44.8976], [-62.1988, 44.8977]]], [[[-63.5585, 44.6399], [-63.5615, 44.6423], [-63.5585, 44.6399]]], [[[-62.7521, 44.7728], [-62.7562, 44.7706], [-62.7521, 44.7728]]], [[[-63.2761, 44.6205], [-63.2807, 44.6191], [-63.2761, 44.6205]]], [[[-63.8426, 44.4891], [-63.8476, 44.49], [-63.8426, 44.4891]]], [[[-62.3001, 44.9177], [-62.2943, 44.919], [-62.3001, 44.9177]]], [[[-63.7849, 44.4777], [-63.789, 44.4789], [-63.7849, 44.4777]]], [[[-62.4538, 44.8474], [-62.4487, 44.8494], [-62.4538, 44.8474]]], [[[-63.7604, 44.4642], [-63.7578, 44.4612], [-63.7604, 44.4642]]], [[[-62.1369, 44.8839], [-62.1429, 44.8853], [-62.1369, 44.8839]]], [[[-63.8552, 44.4839], [-63.853, 44.4817], [-63.8552, 44.4839]]], [[[-63.1155, 44.738], [-63.1171, 44.735], [-63.1155, 44.738]]], [[[-63.222, 44.6731], [-63.22, 44.6702], [-63.222, 44.6731]]], [[[-62.4882, 44.8428], [-62.492, 44.8412], [-62.4882, 44.8428]]], [[[-63.4367, 44.6615], [-63.4413, 44.6617], [-63.4367, 44.6615]]], [[[-62.1596, 44.9425], [-62.1637, 44.9406], [-62.1596, 44.9425]]], [[[-62.8168, 44.6963], [-62.8197, 44.6974], [-62.8168, 44.6963]]], [[[-63.9586, 44.639], [-63.9579, 44.6425], [-63.9586, 44.639]]], [[[-62.7991, 44.7006], [-62.8012, 44.6974], [-62.7991, 44.7006]]], [[[-62.7954, 44.7478], [-62.801, 44.7456], [-62.7954, 44.7478]]], [[[-62.337, 44.9042], [-62.3388, 44.9093], [-62.337, 44.9042]]], [[[-63.585, 44.4759], [-63.5845, 44.48], [-63.585, 44.4759]]], [[[-62.7069, 44.7458], [-62.7117, 44.7467], [-62.7069, 44.7458]]], [[[-63.8328, 44.5079], [-63.8379, 44.5085], [-63.8328, 44.5079]]], [[[-62.3413, 44.8241], [-62.3373, 44.8249], [-62.3413, 44.8241]]], [[[-63.7846, 44.4534], [-63.7854, 44.45], [-63.7846, 44.4534]]], [[[-62.7247, 44.7851], [-62.7309, 44.784], [-62.7247, 44.7851]]], [[[-62.3452, 44.8233], [-62.3513, 44.8229], [-62.3452, 44.8233]]], [[[-62.398, 44.8898], [-62.3934, 44.8923], [-62.398, 44.8898]]], [[[-62.3241, 44.8877], [-62.3202, 44.8892], [-62.3241, 44.8877]]], [[[-62.2363, 44.9303], [-62.2426, 44.9294], [-62.2363, 44.9303]]], [[[-62.6414, 44.8016], [-62.6477, 44.8001], [-62.6414, 44.8016]]], [[[-62.383, 44.8892], [-62.384, 44.8935], [-62.383, 44.8892]]], [[[-63.9379, 44.577], [-63.9401, 44.58], [-63.9379, 44.577]]], [[[-62.6859, 44.7939], [-62.69, 44.7935], [-62.6859, 44.7939]]], [[[-62.4197, 44.8663], [-62.4242, 44.8656], [-62.4197, 44.8663]]], [[[-62.0945, 44.8932], [-62.1041, 44.8941], [-62.0945, 44.8932]]], [[[-62.2023, 44.9309], [-62.2097, 44.9281], [-62.2023, 44.9309]]], [[[-62.1529, 44.9469], [-62.1568, 44.948], [-62.1529, 44.9469]]], [[[-63.5935, 44.4803], [-63.5974, 44.4791], [-63.5935, 44.4803]]], [[[-62.4047, 44.8464], [-62.4083, 44.8493], [-62.4047, 44.8464]]], [[[-62.1655, 44.9385], [-62.164, 44.9424], [-62.1655, 44.9385]]], [[[-62.7586, 44.715], [-62.7606, 44.7114], [-62.7586, 44.715]]], [[[-63.9088, 44.6787], [-63.9092, 44.6844], [-63.9088, 44.6787]]], [[[-62.6476, 44.7957], [-62.6515, 44.7953], [-62.6476, 44.7957]]], [[[-62.6456, 44.7731], [-62.6523, 44.772], [-62.6456, 44.7731]]], [[[-62.1704, 44.9327], [-62.1742, 44.9339], [-62.1704, 44.9327]]], [[[-62.1965, 44.8917], [-62.205, 44.8895], [-62.1965, 44.8917]]], [[[-63.6663, 44.4632], [-63.6715, 44.4627], [-63.6663, 44.4632]]], [[[-63.442, 44.6131], [-63.4434, 44.6176], [-63.442, 44.6131]]], [[[-62.4082, 44.894], [-62.4134, 44.893], [-62.4082, 44.894]]], [[[-62.3754, 44.8448], [-62.3834, 44.8458], [-62.3754, 44.8448]]], [[[-63.1072, 44.7009], [-63.1096, 44.6982], [-63.1055, 44.6979], [-63.1072, 44.7009]]], [[[-63.244, 44.72], [-63.245, 44.7254], [-63.244, 44.72]]], [[[-63.9384, 44.6339], [-63.9407, 44.6313], [-63.9384, 44.6339]]], [[[-63.778, 44.4946], [-63.783, 44.4953], [-63.778, 44.4946]]], [[[-62.3577, 44.836], [-62.3653, 44.8339], [-62.3577, 44.836]]], [[[-62.1954, 44.9385], [-62.2041, 44.9372], [-62.1954, 44.9385]]], [[[-62.5118, 44.8156], [-62.5102, 44.8119], [-62.5118, 44.8156]]], [[[-63.8368, 44.5052], [-63.8426, 44.504], [-63.8368, 44.5052]]], [[[-63.4593, 44.58], [-63.4584, 44.5854], [-63.4593, 44.58]]], [[[-63.5639, 44.4398], [-63.5672, 44.4366], [-63.5616, 44.4367], [-63.5639, 44.4398]]], [[[-62.333, 44.8693], [-62.347, 44.8698], [-62.333, 44.8693]]], [[[-62.1938, 44.9365], [-62.2055, 44.9338], [-62.1938, 44.9365]]], [[[-62.5187, 44.8281], [-62.5259, 44.8276], [-62.5187, 44.8281]]], [[[-63.935, 44.5841], [-63.9311, 44.5904], [-63.935, 44.5841]]], [[[-63.9497, 44.5263], [-63.9451, 44.522], [-63.9497, 44.5263]]], [[[-62.9721, 44.69], [-62.9791, 44.6876], [-62.9721, 44.69]]], [[[-62.4525, 44.8263], [-62.4444, 44.8239], [-62.4525, 44.8263]]], [[[-63.8732, 44.503], [-63.8756, 44.4996], [-63.8697, 44.4986], [-63.8732, 44.503]]], [[[-62.1989, 44.9249], [-62.2073, 44.9265], [-62.1989, 44.9249]]], [[[-63.7646, 44.4693], [-63.768, 44.4662], [-63.761, 44.4652], [-63.7646, 44.4693]]], [[[-62.432, 44.8377], [-62.4369, 44.8445], [-62.432, 44.8377]]], [[[-62.3095, 44.9082], [-62.3168, 44.9099], [-62.3095, 44.9082]]], [[[-62.6862, 44.7781], [-62.6941, 44.7759], [-62.6862, 44.7781]]], [[[-63.235, 44.7036], [-63.2392, 44.7099], [-63.235, 44.7036]]], [[[-62.828, 44.6915], [-62.8382, 44.6869], [-62.828, 44.6915]]], [[[-63.9025, 44.6682], [-63.9038, 44.6632], [-63.8993, 44.6655], [-63.9025, 44.6682]]], [[[-62.2717, 44.922], [-62.2778, 44.9205], [-62.2717, 44.922]]], [[[-62.268, 44.9247], [-62.2739, 44.9257], [-62.268, 44.9247]]], [[[-63.8584, 44.4938], [-63.8521, 44.4902], [-63.8584, 44.4938]]], [[[-63.5822, 44.4542], [-63.595, 44.4548], [-63.5822, 44.4542]]], [[[-63.2386, 44.7007], [-63.2337, 44.6924], [-63.2386, 44.7007]]], [[[-63.7252, 44.4485], [-63.7383, 44.4486], [-63.7252, 44.4485]]], [[[-62.5405, 44.8406], [-62.5466, 44.847], [-62.5405, 44.8406]]], [[[-62.8003, 44.7145], [-62.8076, 44.7124], [-62.8003, 44.7145]]], [[[-62.5968, 44.7925], [-62.5997, 44.7895], [-62.5937, 44.7864], [-62.5968, 44.7925]]], [[[-63.7759, 44.4945], [-63.778, 44.5041], [-63.7759, 44.4945]]], [[[-63.9418, 44.5963], [-63.9466, 44.5947], [-63.94, 44.5891], [-63.9418, 44.5963]]], [[[-62.2593, 44.9196], [-62.2713, 44.9148], [-62.2593, 44.9196]]], [[[-62.1177, 44.8858], [-62.133, 44.8845], [-62.1177, 44.8858]]], [[[-62.1557, 44.9231], [-62.1636, 44.9217], [-62.1557, 44.9231]]], [[[-62.8341, 44.7932], [-62.8386, 44.7929], [-62.8302, 44.7852], [-62.8341, 44.7932]]], [[[-63.8606, 44.4825], [-63.8751, 44.4836], [-63.8606, 44.4825]]], [[[-63.1161, 44.7001], [-63.1266, 44.6967], [-63.122, 44.694], [-63.1161, 44.7001]]], [[[-63.7482, 44.4693], [-63.7597, 44.4695], [-63.7482, 44.4693]]], [[[-62.5202, 44.8243], [-62.5239, 44.8179], [-62.5171, 44.8219], [-62.5202, 44.8243]]], [[[-62.5131, 44.8357], [-62.5264, 44.8313], [-62.5131, 44.8357]]], [[[-63.1183, 44.7059], [-63.1273, 44.7042], [-63.1236, 44.7004], [-63.1183, 44.7059]]], [[[-62.5303, 44.8296], [-62.5409, 44.8291], [-62.5303, 44.8296]]], [[[-63.7912, 44.533], [-63.7979, 44.5246], [-63.7912, 44.533]]], [[[-63.0964, 44.7084], [-63.1022, 44.7004], [-63.0948, 44.6993], [-63.0964, 44.7084]]], [[[-63.6597, 44.455], [-63.6663, 44.448], [-63.6607, 44.448], [-63.6597, 44.455]]], [[[-63.2471, 44.7172], [-63.2545, 44.7192], [-63.2429, 44.708], [-63.2471, 44.7172]]], [[[-62.8337, 44.6953], [-62.8459, 44.687], [-62.8337, 44.6953]]], [[[-63.92, 44.5834], [-63.9292, 44.586], [-63.9176, 44.5777], [-63.92, 44.5834]]], [[[-62.4254, 44.8474], [-62.428, 44.8402], [-62.42, 44.8434], [-62.4254, 44.8474]]], [[[-63.96, 44.5522], [-63.9527, 44.5427], [-63.96, 44.5522]]], [[[-62.8455, 44.6936], [-62.8522, 44.6954], [-62.8568, 44.6877], [-62.8455, 44.6936]]], [[[-62.3774, 44.8557], [-62.379, 44.8512], [-62.3694, 44.8471], [-62.3774, 44.8557]]], [[[-63.4983, 44.6055], [-63.4877, 44.5989], [-63.4983, 44.6055]]], [[[-63.7207, 44.4428], [-63.7349, 44.4445], [-63.7248, 44.4362], [-63.7207, 44.4428]]], [[[-62.5364, 44.807], [-62.5491, 44.8072], [-62.5381, 44.8011], [-62.5364, 44.807]]], [[[-62.2916, 44.9158], [-62.2948, 44.9011], [-62.2916, 44.9158]]], [[[-62.9027, 44.6839], [-62.9086, 44.6826], [-62.9038, 44.6712], [-62.9027, 44.6839]]], [[[-63.8385, 44.5171], [-63.8445, 44.5196], [-63.8409, 44.5058], [-63.8334, 44.5106], [-63.8385, 44.5171]]], [[[-62.1557, 44.9085], [-62.1742, 44.9057], [-62.1557, 44.9085]]], [[[-62.6542, 44.7587], [-62.669, 44.7611], [-62.6616, 44.7557], [-62.6542, 44.7587]]], [[[-62.3169, 44.9094], [-62.3305, 44.9067], [-62.3176, 44.8998], [-62.3237, 44.9028], [-62.3169, 44.9094]]], [[[-62.6547, 44.7867], [-62.6652, 44.7798], [-62.6598, 44.7728], [-62.6486, 44.7784], [-62.659, 44.7768], [-62.6547, 44.7867]]], [[[-62.5394, 44.8457], [-62.5423, 44.833], [-62.5269, 44.8397], [-62.5394, 44.8457]]], [[[-63.7566, 44.4527], [-63.77, 44.4395], [-63.7566, 44.4527]]], [[[-62.694, 44.7839], [-62.7043, 44.7859], [-62.6979, 44.7814], [-62.7062, 44.7783], [-62.6859, 44.7806], [-62.694, 44.7839]]], [[[-62.7902, 44.7425], [-62.8033, 44.7343], [-62.7902, 44.7425]]], [[[-63.7419, 44.4665], [-63.7525, 44.457], [-63.7355, 44.4586], [-63.7419, 44.4665]]], [[[-62.6796, 44.7758], [-62.6912, 44.7635], [-62.6796, 44.7758]]], [[[-62.6075, 44.7921], [-62.6259, 44.791], [-62.6111, 44.7757], [-62.6075, 44.7921]]], [[[-62.7207, 44.7691], [-62.7412, 44.753], [-62.7106, 44.748], [-62.7207, 44.7691]]], [[[-63.1171, 44.7247], [-63.1145, 44.7001], [-63.0874, 44.7129], [-63.1171, 44.7247]]], [[[-62.6054, 44.8089], [-62.6424, 44.7953], [-62.6054, 44.8089]]], [[[-62.7562, 44.7486], [-62.7779, 44.728], [-62.7576, 44.7253], [-62.7562, 44.7486]]], [[[-63.5297, 44.6271], [-63.5341, 44.6021], [-63.5017, 44.5876], [-63.5297, 44.6271]]], [[[-62.4518, 44.8507], [-62.4863, 44.844], [-62.4558, 44.8224], [-62.4518, 44.8507]]], [[[-59.9734, 43.9254], [-59.8089, 43.9439], [-59.6707, 44.0337], [-59.8631, 43.9408], [-60.0618, 43.9368], [-60.1653, 43.9769], [-60.0758, 43.9368], [-59.9734, 43.9254]]], [[[-62.4754, 45.1472], [-62.7173, 45.2753], [-63.3558, 45.0292], [-63.4209, 45.0582], [-63.4331, 45.0014], [-63.5306, 44.9322], [-63.5557, 44.9434], [-63.5706, 44.9254], [-63.5919, 44.9496], [-63.7031, 44.9196], [-63.7558, 44.8937], [-63.848, 44.7882], [-64.2372, 44.7609], [-64.0533, 44.6293], [-63.9981, 44.6593], [-63.9816, 44.6438], [-63.9664, 44.673], [-63.9585, 44.6537], [-63.9125, 44.6625], [-63.9211, 44.6794], [-63.8895, 44.6916], [-63.9364, 44.6351], [-63.9103, 44.6412], [-63.9392, 44.6232], [-63.9125, 44.5823], [-63.9419, 44.5566], [-63.9384, 44.5055], [-63.872, 44.4875], [-63.8866, 44.5041], [-63.8651, 44.5124], [-63.8405, 44.4907], [-63.8513, 44.5266], [-63.8247, 44.5234], [-63.8191, 44.4977], [-63.7876, 44.542], [-63.816, 44.4809], [-63.7734, 44.4743], [-63.7862, 44.4963], [-63.7639, 44.5259], [-63.7719, 44.4844], [-63.7249, 44.4732], [-63.7282, 44.4518], [-63.7051, 44.4607], [-63.7367, 44.5058], [-63.7158, 44.474], [-63.6272, 44.4754], [-63.6475, 44.4326], [-63.5958, 44.475], [-63.612, 44.4927], [-63.5714, 44.4803], [-63.5769, 44.4575], [-63.5188, 44.502], [-63.5596, 44.5578], [-63.5517, 44.5985], [-63.6183, 44.6344], [-63.5667, 44.6177], [-63.5699, 44.6495], [-63.6589, 44.6822], [-63.6623, 44.7303], [-63.4512, 44.5891], [-63.4498, 44.6226], [-63.4197, 44.6114], [-63.4132, 44.652], [-63.4595, 44.6659], [-63.4543, 44.682], [-63.3968, 44.6751], [-63.4115, 44.6478], [-63.3621, 44.6445], [-63.3821, 44.6471], [-63.3746, 44.6649], [-63.3743, 44.6476], [-63.2817, 44.6279], [-63.2856, 44.6549], [-63.2738, 44.6352], [-63.2376, 44.6805], [-63.2581, 44.7382], [-63.2362, 44.7461], [-63.2475, 44.7336], [-63.2093, 44.6871], [-63.2237, 44.6731], [-63.2076, 44.6748], [-63.178, 44.692], [-63.1547, 44.7798], [-63.1666, 44.7054], [-63.1479, 44.6882], [-63.1701, 44.6826], [-63.0926, 44.6856], [-63.1459, 44.6915], [-63.1168, 44.7415], [-63.1251, 44.7905], [-63.1039, 44.7839], [-63.1124, 44.7388], [-63.0628, 44.7141], [-63.0771, 44.701], [-63.0486, 44.6728], [-63.0047, 44.7219], [-63.073, 44.7692], [-63.0394, 44.7578], [-63.0392, 44.7793], [-63.0849, 44.7984], [-63.033, 44.7754], [-63.0069, 44.7931], [-62.9991, 44.6967], [-62.9585, 44.7233], [-62.8907, 44.7249], [-62.9021, 44.7421], [-62.8375, 44.7038], [-62.7992, 44.7207], [-62.839, 44.7455], [-62.7982, 44.7658], [-62.8848, 44.8156], [-62.763, 44.7715], [-62.7659, 44.7864], [-62.703, 44.7918], [-62.7133, 44.8147], [-62.6565, 44.7866], [-62.677, 44.8079], [-62.6255, 44.8105], [-62.6183, 44.8473], [-62.5451, 44.7879], [-62.5754, 44.8318], [-62.5706, 44.8689], [-62.5334, 44.8449], [-62.4892, 44.8901], [-62.5451, 44.9261], [-62.4748, 44.8941], [-62.471, 44.8555], [-62.4514, 44.876], [-62.4411, 44.854], [-62.4194, 44.8781], [-62.3968, 44.8705], [-62.417, 44.9003], [-62.3815, 44.9143], [-62.3454, 44.8838], [-62.3468, 44.9287], [-62.3343, 44.9062], [-62.2445, 44.9435], [-62.2558, 44.9736], [-62.1728, 44.9358], [-62.1592, 44.9599], [-62.1762, 44.9884], [-62.4754, 45.1472]]]]}}, {"type": "Feature", "properties": {"osm_type": "relation", "osm_id": 388469742, "name": "Colchester", "admin_level": "6", "kind": "subdivision_2", "parent_osm_id": 390558, "parent_name": "Nova Scotia", "parent_iso": "CA-NS"}, "geometry": {"type": "MultiPolygon", "coordinates": [[[[-64.0612, 45.4069], [-64.0612, 45.4072], [-64.0616, 45.4074], [-64.0612, 45.4069]]], [[[-64.0626, 45.3885], [-64.0623, 45.3888], [-64.063, 45.3888], [-64.0626, 45.3885]]], [[[-63.2941, 45.7339], [-63.2935, 45.7342], [-63.2948, 45.734], [-63.2941, 45.7339]]], [[[-63.1812, 45.7599], [-63.1808, 45.7614], [-63.1812, 45.7599]]], [[[-63.8049, 45.399], [-63.8058, 45.3997], [-63.8049, 45.399]]], [[[-63.2053, 45.7433], [-63.2057, 45.744], [-63.2053, 45.7433]]], [[[-64.0497, 45.4015], [-64.049, 45.4024], [-64.0504, 45.4021], [-64.0497, 45.4015]]], [[[-63.9465, 45.3425], [-63.9478, 45.3434], [-63.9465, 45.3425]]], [[[-63.6696, 45.3934], [-63.6696, 45.3942], [-63.671, 45.3935], [-63.6696, 45.3934]]], [[[-63.2062, 45.7422], [-63.2085, 45.7425], [-63.2062, 45.7422]]], [[[-63.7125, 45.3932], [-63.7102, 45.3941], [-63.712, 45.3945], [-63.7125, 45.3932]]], [[[-64.072, 45.3869], [-64.0929, 45.3833], [-64.072, 45.3869]]], [[[-63.1761, 45.7652], [-63.2652, 45.7326], [-63.2534, 45.7525], [-63.2699, 45.7518], [-63.2961, 45.7273], [-63.4025, 45.7623], [-63.4797, 45.6884], [-63.4524, 45.6281], [-63.5484, 45.5512], [-63.7171, 45.4919], [-63.7374, 45.4903], [-63.7671, 45.5427], [-64.1337, 45.548], [-64.1126, 45.4931], [-64.1247, 45.4394], [-64.0856, 45.4033], [-64.0321, 45.4114], [-64.062, 45.3946], [-64.0383, 45.383], [-63.948, 45.3964], [-63.905, 45.3498], [-63.7785, 45.4029], [-63.3502, 45.3717], [-63.484, 45.3161], [-63.4727, 45.2723], [-63.395, 45.1975], [-63.4011, 45.0386], [-63.3558, 45.0292], [-62.7141, 45.2759], [-63.0085, 45.4861], [-63.1536, 45.7513], [-63.2173, 45.7397], [-63.1761, 45.7652]]]]}}, {"type": "Feature", "properties": {"osm_type": "relation", "osm_id": 501120309, "name": "Cumberland", "admin_level": "6", "kind": "subdivision_2", "parent_osm_id": 390558, "parent_name": "Nova Scotia", "parent_iso": "CA-NS"}, "geometry": {"type": "MultiPolygon", "coordinates": [[[[-64.1271, 45.3788], [-64.127, 45.379], [-64.1273, 45.3791], [-64.1271, 45.3788]]], [[[-64.1253, 45.3784], [-64.1251, 45.3785], [-64.1255, 45.3785], [-64.1253, 45.3784]]], [[[-64.1243, 45.3782], [-64.1246, 45.3784], [-64.1248, 45.3784], [-64.1243, 45.3782]]], [[[-64.2498, 45.3779], [-64.2498, 45.3781], [-64.2501, 45.3781], [-64.2498, 45.3779]]], [[[-64.5503, 45.4119], [-64.5503, 45.4121], [-64.5507, 45.4122], [-64.5503, 45.4119]]], [[[-63.4143, 45.8479], [-63.4142, 45.8483], [-63.4145, 45.848], [-63.4143, 45.8479]]], [[[-63.5077, 45.8157], [-63.5075, 45.8158], [-63.5082, 45.816], [-63.5077, 45.8157]]], [[[-63.5094, 45.8158], [-63.5089, 45.8161], [-63.5098, 45.816], [-63.5094, 45.8158]]], [[[-64.13, 45.3793], [-64.1294, 45.3796], [-64.1303, 45.3795], [-64.13, 45.3793]]], [[[-63.5319, 45.8282], [-63.5317, 45.8285], [-63.5324, 45.8285], [-63.5319, 45.8282]]], [[[-64.1205, 45.3782], [-64.1219, 45.3786], [-64.1205, 45.3782]]], [[[-64.412, 45.3664], [-64.4111, 45.3659], [-64.412, 45.3664]]], [[[-63.6516, 45.8458], [-63.6525, 45.8463], [-63.6516, 45.8458]]], [[[-63.5344, 45.8287], [-63.5353, 45.8292], [-63.5344, 45.8287]]], [[[-63.4121, 45.8388], [-63.4143, 45.84], [-63.4121, 45.8388]]], [[[-64.3164, 45.3866], [-64.3178, 45.3883], [-64.3164, 45.3866]]], [[[-64.0975, 45.3802], [-64.0962, 45.3809], [-64.0986, 45.381], [-64.0975, 45.3802]]], [[[-64.2118, 45.3833], [-64.2135, 45.3824], [-64.2125, 45.3815], [-64.2118, 45.3833]]], [[[-63.4831, 45.8206], [-63.4876, 45.8211], [-63.4831, 45.8206]]], [[[-63.5351, 45.8255], [-63.5378, 45.8282], [-63.5351, 45.8255]]], [[[-64.1262, 45.3789], [-64.1238, 45.3798], [-64.1266, 45.3803], [-64.1262, 45.3789]]], [[[-64.6924, 45.3295], [-64.6907, 45.3312], [-64.6937, 45.3302], [-64.6924, 45.3295]]], [[[-63.5025, 45.8294], [-63.5079, 45.8285], [-63.5025, 45.8294]]], [[[-63.5532, 45.8322], [-63.5466, 45.8334], [-63.5532, 45.8322]]], [[[-64.1048, 45.3813], [-64.1113, 45.3815], [-64.1048, 45.3813]]], [[[-64.2156, 45.3893], [-64.2142, 45.386], [-64.2156, 45.3893]]], [[[-63.4214, 45.845], [-63.4308, 45.8456], [-63.4214, 45.845]]], [[[-63.6653, 45.842], [-63.6709, 45.842], [-63.6653, 45.842]]], [[[-63.2449, 45.8143], [-63.2587, 45.8145], [-63.2449, 45.8143]]], [[[-63.3862, 45.8458], [-63.4139, 45.8441], [-63.3862, 45.8458]]], [[[-65.0053, 45.2479], [-64.9877, 45.2537], [-65.0053, 45.2479]]], [[[-63.2473, 45.8067], [-63.3593, 45.7979], [-63.4144, 45.8182], [-63.4311, 45.7998], [-63.6055, 45.8233], [-63.5575, 45.8397], [-63.4257, 45.8238], [-63.486, 45.8513], [-63.4138, 45.8493], [-63.4667, 45.8783], [-63.6707, 45.876], [-63.6649, 45.8478], [-63.6417, 45.854], [-63.6793, 45.8271], [-63.6898, 45.8389], [-63.6595, 45.8469], [-63.7985, 45.8971], [-63.8122, 45.8823], [-63.8189, 45.9196], [-63.8695, 45.9338], [-63.8631, 45.9627], [-63.9096, 45.9829], [-64.0258, 46.0052], [-64.0468, 45.9768], [-64.1494, 45.9802], [-64.2607, 45.8715], [-64.2744, 45.8368], [-64.2444, 45.8228], [-64.3051, 45.7668], [-64.3415, 45.7677], [-64.2995, 45.8214], [-64.382, 45.7955], [-64.375, 45.7706], [-64.4491, 45.7362], [-64.434, 45.7174], [-64.4526, 45.6851], [-64.5757, 45.5964], [-64.6286, 45.5931], [-64.6751, 45.5398], [-64.8495, 45.479], [-64.7885, 45.4685], [-64.8655, 45.4624], [-64.9141, 45.4301], [-64.9447, 45.3279], [-64.8347, 45.3532], [-64.7679, 45.3281], [-64.7864, 45.3178], [-64.7748, 45.2895], [-64.7056, 45.3162], [-64.71, 45.357], [-64.6881, 45.3778], [-64.5525, 45.4138], [-64.5065, 45.3913], [-64.4276, 45.4046], [-64.4586, 45.3933], [-64.3923, 45.3644], [-64.3311, 45.3659], [-64.3262, 45.4028], [-64.2539, 45.378], [-64.115, 45.4026], [-64.0983, 45.4138], [-64.1247, 45.4394], [-64.1126, 45.4931], [-64.1337, 45.548], [-63.7671, 45.5427], [-63.7374, 45.4903], [-63.7171, 45.4919], [-63.5484, 45.5512], [-63.4524, 45.6281], [-63.4797, 45.6884], [-63.4025, 45.7623], [-63.3464, 45.7516], [-63.2473, 45.8067]]]]}}, {"type": "Feature", "properties": {"osm_type": "relation", "osm_id": 836683259, "name": "Pictou", "admin_level": "6", "kind": "subdivision_2", "parent_osm_id": 390558, "parent_name": "Nova Scotia", "parent_iso": "CA-NS"}, "geometry": {"type": "MultiPolygon", "coordinates": [[[[-62.7331, 45.728], [-62.7331, 45.7283], [-62.7334, 45.7282], [-62.7331, 45.728]]], [[[-62.6531, 45.5799], [-62.6532, 45.5803], [-62.6533, 45.5801], [-62.6531, 45.5799]]], [[[-62.5753, 45.6607], [-62.5751, 45.661], [-62.5757, 45.6607], [-62.5753, 45.6607]]], [[[-62.6511, 45.5662], [-62.6512, 45.5666], [-62.6516, 45.5666], [-62.6511, 45.5662]]], [[[-62.5154, 45.6029], [-62.5152, 45.6032], [-62.5156, 45.603], [-62.5154, 45.6029]]], [[[-62.7103, 45.76], [-62.7103, 45.7603], [-62.7107, 45.7603], [-62.7103, 45.76]]], [[[-62.6419, 45.6692], [-62.6416, 45.6696], [-62.6421, 45.6694], [-62.6419, 45.6692]]], [[[-62.4432, 45.6461], [-62.4439, 45.6462], [-62.4435, 45.646], [-62.4432, 45.6461]], [[-62.6558, 45.6357], [-62.656, 45.6361], [-62.6554, 45.6355], [-62.6558, 45.6357]]], [[[-62.6516, 45.5758], [-62.6514, 45.5765], [-62.6519, 45.5759], [-62.6516, 45.5758]]], [[[-62.7439, 45.6562], [-62.744, 45.6568], [-62.7444, 45.6566], [-62.7439, 45.6562]]], [[[-62.3603, 45.669], [-62.3603, 45.6693], [-62.361, 45.669], [-62.3603, 45.669]]], [[[-62.856, 45.5527], [-62.8553, 45.554], [-62.856, 45.5527]]], [[[-62.6579, 45.7354], [-62.6572, 45.7357], [-62.6579, 45.7354]]], [[[-62.4438, 45.6471], [-62.4447, 45.6475], [-62.4438, 45.6471]]], [[[-62.6847, 45.6406], [-62.6859, 45.6407], [-62.6847, 45.6406]]], [[[-62.6505, 45.5836], [-62.6491, 45.5851], [-62.6505, 45.5836]]], [[[-62.4698, 45.6315], [-62.4704, 45.6322], [-62.4698, 45.6315]]], [[[-62.6485, 45.6371], [-62.6497, 45.6384], [-62.6485, 45.6371]]], [[[-63.1777, 45.8348], [-63.1764, 45.8354], [-63.1777, 45.8348]]], [[[-62.6495, 45.6191], [-62.6502, 45.6205], [-62.6495, 45.6191]]], [[[-62.7709, 45.6705], [-62.7708, 45.6717], [-62.7709, 45.6705]]], [[[-62.5681, 45.6736], [-62.5697, 45.6741], [-62.5681, 45.6736]]], [[[-62.5598, 45.6492], [-62.5608, 45.6497], [-62.5598, 45.6492]]], [[[-62.6467, 45.6138], [-62.6487, 45.6143], [-62.6467, 45.6138]]], [[[-62.4869, 45.6297], [-62.4854, 45.63], [-62.4869, 45.6297]]], [[[-62.6507, 45.6238], [-62.6497, 45.6219], [-62.6507, 45.6238]]], [[[-62.5713, 45.6718], [-62.5706, 45.6728], [-62.572, 45.6733], [-62.5713, 45.6718]]], [[[-62.7922, 45.6335], [-62.7934, 45.6335], [-62.7934, 45.6314], [-62.7922, 45.6335]]], [[[-62.4907, 45.6293], [-62.4886, 45.6301], [-62.4901, 45.6308], [-62.4907, 45.6293]]], [[[-62.7068, 45.7486], [-62.7061, 45.7498], [-62.7084, 45.75], [-62.7068, 45.7486]]], [[[-62.4479, 45.6465], [-62.4455, 45.6477], [-62.4488, 45.6481], [-62.4479, 45.6465]]], [[[-62.4989, 45.6205], [-62.503, 45.6208], [-62.4989, 45.6205]]], [[[-62.5512, 45.6549], [-62.5426, 45.6545], [-62.5512, 45.6549]]], [[[-62.48, 45.6284], [-62.4886, 45.624], [-62.48, 45.6284]]], [[[-62.402, 45.6605], [-62.4088, 45.6598], [-62.402, 45.6605]]], [[[-62.391, 45.6663], [-62.3999, 45.6642], [-62.391, 45.6663]]], [[[-62.6708, 45.745], [-62.6805, 45.7464], [-62.6735, 45.7409], [-62.6708, 45.745]]], [[[-62.4985, 45.6308], [-62.5047, 45.6258], [-62.491, 45.6261], [-62.4985, 45.6308]]], [[[-62.449, 45.6385], [-62.4837, 45.6323], [-62.449, 45.6385]]], [[[-62.6606, 45.7439], [-62.6563, 45.7293], [-62.6606, 45.7439]]], [[[-62.5115, 45.8226], [-62.6031, 45.8039], [-62.5115, 45.8226]]], [[[-62.2241, 45.6968], [-62.2364, 45.722], [-62.4418, 45.6676], [-62.4526, 45.6441], [-62.3351, 45.6847], [-62.3476, 45.6629], [-62.4715, 45.6255], [-62.5007, 45.5874], [-62.5223, 45.6154], [-62.479, 45.6522], [-62.5368, 45.6619], [-62.5, 45.6507], [-62.5468, 45.6436], [-62.5799, 45.662], [-62.5483, 45.6711], [-62.6236, 45.6857], [-62.6525, 45.6569], [-62.6385, 45.6758], [-62.6643, 45.6873], [-62.6522, 45.6776], [-62.6946, 45.6628], [-62.6749, 45.6389], [-62.637, 45.6422], [-62.6549, 45.6289], [-62.6393, 45.6254], [-62.65, 45.5593], [-62.6512, 45.6234], [-62.7452, 45.6616], [-62.7866, 45.6498], [-62.8753, 45.5423], [-62.7941, 45.6304], [-62.7883, 45.6663], [-62.7039, 45.674], [-62.6387, 45.7146], [-62.6878, 45.74], [-62.7668, 45.7265], [-62.7462, 45.7449], [-62.7781, 45.7604], [-62.7227, 45.7461], [-62.6803, 45.7647], [-63.1095, 45.8076], [-63.1291, 45.804], [-63.0707, 45.7569], [-63.1536, 45.7513], [-63.0085, 45.4861], [-62.7145, 45.2761], [-62.0914, 45.3837], [-62.2241, 45.6968]]]]}}, {"type": "Feature", "properties": {"osm_type": "relation", "osm_id": 264288559, "name": "Guysborough", "admin_level": "6", "kind": "subdivision_2", "parent_osm_id": 390558, "parent_name": "Nova Scotia", "parent_iso": "CA-NS"}, "geometry": {"type": "MultiPolygon", "coordinates": [[[[-61.1441, 45.1981], [-61.144, 45.1983], [-61.1442, 45.1984], [-61.1441, 45.1981]]], [[[-61.3742, 45.5852], [-61.3741, 45.5853], [-61.3745, 45.5855], [-61.3742, 45.5852]]], [[[-60.9615, 45.3442], [-60.9615, 45.3444], [-60.9618, 45.3443], [-60.9615, 45.3442]]], [[[-62.1642, 44.974], [-62.1643, 44.9742], [-62.1646, 44.9742], [-62.1642, 44.974]]], [[[-61.0472, 45.2982], [-61.0473, 45.2984], [-61.0475, 45.2983], [-61.0472, 45.2982]]], [[[-62.1074, 44.9353], [-62.1074, 44.9355], [-62.1078, 44.9354], [-62.1074, 44.9353]]], [[[-62.0683, 44.9739], [-62.0682, 44.974], [-62.0685, 44.9741], [-62.0683, 44.9739]]], [[[-61.1488, 45.2484], [-61.1489, 45.2487], [-61.149, 45.2484], [-61.1488, 45.2484]]], [[[-61.5315, 45.1602], [-61.5316, 45.1604], [-61.5319, 45.1603], [-61.5315, 45.1602]]], [[[-62.07, 44.9449], [-62.0701, 44.9452], [-62.0703, 44.9451], [-62.07, 44.9449]]], [[[-61.6287, 45.1042], [-61.6284, 45.1043], [-61.6289, 45.1043], [-61.6287, 45.1042]]], [[[-61.1676, 45.2305], [-61.1675, 45.2307], [-61.1678, 45.2308], [-61.1676, 45.2305]]], [[[-61.5258, 45.1597], [-61.5259, 45.16], [-61.5261, 45.16], [-61.5258, 45.1597]]], [[[-61.0358, 45.2534], [-61.0356, 45.2536], [-61.0359, 45.2536], [-61.0358, 45.2534]]], [[[-61.1478, 45.241], [-61.1476, 45.2413], [-61.1478, 45.2414], [-61.1478, 45.241]]], [[[-62.066, 44.9729], [-62.0663, 44.9731], [-62.0664, 44.9729], [-62.066, 44.9729]]], [[[-61.0043, 45.3506], [-61.0042, 45.3508], [-61.0046, 45.3508], [-61.0043, 45.3506]]], [[[-62.1624, 44.9688], [-62.1622, 44.969], [-62.1626, 44.969], [-62.1624, 44.9688]]], [[[-62.1086, 44.9498], [-62.1086, 44.95], [-62.1089, 44.95], [-62.1086, 44.9498]]], [[[-61.5506, 45.154], [-61.5507, 45.1542], [-61.5509, 45.1541], [-61.5506, 45.154]]], [[[-62.0755, 44.937], [-62.0755, 44.9372], [-62.0759, 44.9372], [-62.0755, 44.937]]], [[[-62.0825, 44.9008], [-62.0827, 44.901], [-62.0827, 44.9008], [-62.0825, 44.9008]]], [[[-61.1468, 45.2367], [-61.1467, 45.2369], [-61.1471, 45.2368], [-61.1468, 45.2367]]], [[[-61.1764, 45.1984], [-61.1762, 45.1987], [-61.1766, 45.1986], [-61.1764, 45.1984]]], [[[-61.0514, 45.2967], [-61.0513, 45.2969], [-61.0516, 45.2969], [-61.0514, 45.2967]]], [[[-61.0978, 45.3561], [-61.0973, 45.3563], [-61.0977, 45.3562], [-61.0978, 45.3561]]], [[[-61.0481, 45.2436], [-61.0478, 45.2437], [-61.0483, 45.2437], [-61.0481, 45.2436]]], [[[-61.1047, 45.221], [-61.1051, 45.2213], [-61.1051, 45.221], [-61.1047, 45.221]]], [[[-62.1078, 44.9363], [-62.1075, 44.9365], [-62.108, 44.9365], [-62.1078, 44.9363]]], [[[-61.5389, 45.159], [-61.5388, 45.1591], [-61.5392, 45.1593], [-61.5389, 45.159]]], [[[-62.0315, 44.9207], [-62.0315, 44.9209], [-62.0319, 44.9208], [-62.0315, 44.9207]]], [[[-62.1078, 44.9356], [-62.1078, 44.9358], [-62.1082, 44.9358], [-62.1078, 44.9356]]], [[[-61.4097, 45.1617], [-61.4098, 45.1619], [-61.4104, 45.1617], [-61.4097, 45.1617]]], [[[-61.1597, 45.2068], [-61.1596, 45.2071], [-61.1598, 45.207], [-61.1597, 45.2068]]], [[[-61.7609, 45.0971], [-61.7609, 45.0974], [-61.7612, 45.0973], [-61.7609, 45.0971]]], [[[-61.048, 45.2975], [-61.0481, 45.2978], [-61.0484, 45.2976], [-61.048, 45.2975]]], [[[-62.0756, 44.9377], [-62.0753, 44.9379], [-62.0759, 44.9378], [-62.0756, 44.9377]]], [[[-62.1184, 44.9669], [-62.1181, 44.967], [-62.1186, 44.967], [-62.1184, 44.9669]]], [[[-62.1036, 44.9308], [-62.1035, 44.9309], [-62.1041, 44.9309], [-62.1036, 44.9308]]], [[[-61.9278, 44.9863], [-61.9276, 44.9864], [-61.9281, 44.9864], [-61.9278, 44.9863]]], [[[-61.7671, 45.1077], [-61.7671, 45.108], [-61.7674, 45.1079], [-61.7671, 45.1077]]], [[[-61.0359, 45.2949], [-61.0361, 45.2954], [-61.0361, 45.295], [-61.0359, 45.2949]]], [[[-61.1709, 45.2906], [-61.1711, 45.291], [-61.1712, 45.2907], [-61.1709, 45.2906]]], [[[-62.0211, 44.9976], [-62.0207, 44.9978], [-62.0212, 44.9978], [-62.0211, 44.9976]]], [[[-60.9757, 45.3014], [-60.9756, 45.3018], [-60.976, 45.3016], [-60.9757, 45.3014]]], [[[-60.9965, 45.2922], [-60.9965, 45.2926], [-60.9967, 45.2924], [-60.9965, 45.2922]]], [[[-61.0483, 45.2966], [-61.0481, 45.2969], [-61.0485, 45.2967], [-61.0483, 45.2966]]], [[[-61.3433, 45.1839], [-61.3431, 45.1843], [-61.3436, 45.184], [-61.3433, 45.1839]]], [[[-60.9748, 45.3503], [-60.9745, 45.3504], [-60.9751, 45.3504], [-60.9748, 45.3503]]], [[[-60.9759, 45.3008], [-60.9761, 45.3012], [-60.9763, 45.3009], [-60.9759, 45.3008]]], [[[-60.9845, 45.285], [-60.9844, 45.2855], [-60.9847, 45.2852], [-60.9845, 45.285]]], [[[-61.722, 45.0893], [-61.7219, 45.0895], [-61.7224, 45.0894], [-61.722, 45.0893]]], [[[-61.049, 45.2532], [-61.0488, 45.2534], [-61.049, 45.2535], [-61.049, 45.2532]]], [[[-61.7645, 45.1028], [-61.7645, 45.103], [-61.7649, 45.1028], [-61.7645, 45.1028]]], [[[-60.9782, 45.2764], [-60.9784, 45.2768], [-60.9784, 45.2765], [-60.9782, 45.2764]]], [[[-61.1272, 45.2754], [-61.127, 45.2756], [-61.1275, 45.2756], [-61.1272, 45.2754]]], [[[-60.9715, 45.3067], [-60.9715, 45.307], [-60.9718, 45.3068], [-60.9715, 45.3067]]], [[[-61.1396, 45.1993], [-61.1396, 45.1996], [-61.1399, 45.1996], [-61.1396, 45.1993]]], [[[-61.5345, 45.1602], [-61.5346, 45.1604], [-61.535, 45.1603], [-61.5345, 45.1602]]], [[[-61.5759, 45.1597], [-61.576, 45.1599], [-61.5764, 45.1599], [-61.5759, 45.1597]]], [[[-60.9774, 45.3006], [-60.9774, 45.3009], [-60.9779, 45.3008], [-60.9774, 45.3006]]], [[[-61.197, 45.2191], [-61.1969, 45.2194], [-61.1972, 45.2196], [-61.197, 45.2191]]], [[[-60.989, 45.249], [-60.9894, 45.2494], [-60.9893, 45.249], [-60.989, 45.249]]], [[[-60.9693, 45.3512], [-60.9691, 45.3515], [-60.9696, 45.3514], [-60.9693, 45.3512]]], [[[-61.144, 45.2559], [-61.1438, 45.256], [-61.1445, 45.256], [-61.144, 45.2559]]], [[[-62.0015, 44.9427], [-62.0014, 44.9428], [-62.0019, 44.943], [-62.0015, 44.9427]]], [[[-60.9915, 45.2534], [-60.9913, 45.2536], [-60.9917, 45.2538], [-60.9915, 45.2534]]], [[[-60.9322, 45.327], [-60.9319, 45.3271], [-60.9327, 45.3272], [-60.9322, 45.327]]], [[[-61.1505, 45.2097], [-61.1508, 45.2102], [-61.1509, 45.2101], [-61.1505, 45.2097]]], [[[-61.9308, 45.0101], [-61.9304, 45.0103], [-61.9309, 45.0104], [-61.9308, 45.0101]]], [[[-61.0501, 45.2539], [-61.0503, 45.2542], [-61.0507, 45.2541], [-61.0501, 45.2539]]], [[[-61.4114, 45.1616], [-61.411, 45.1617], [-61.4119, 45.1616], [-61.4114, 45.1616]]], [[[-62.0215, 45.0092], [-62.0214, 45.0095], [-62.0219, 45.0094], [-62.0215, 45.0092]]], [[[-61.1037, 45.2207], [-61.1039, 45.2211], [-61.1041, 45.221], [-61.1037, 45.2207]]], [[[-61.153, 45.2663], [-61.153, 45.2666], [-61.1533, 45.2666], [-61.153, 45.2663]]], [[[-62.1038, 44.9316], [-62.1038, 44.9319], [-62.1043, 44.9317], [-62.1038, 44.9316]]], [[[-62.0169, 45.01], [-62.0167, 45.0102], [-62.0172, 45.0101], [-62.0169, 45.01]]], [[[-61.9846, 44.9899], [-61.9844, 44.99], [-61.9852, 44.9901], [-61.9846, 44.9899]]], [[[-61.6275, 45.1035], [-61.6272, 45.1037], [-61.6279, 45.1037], [-61.6275, 45.1035]]], [[[-60.9994, 45.284], [-60.9996, 45.2845], [-60.9998, 45.284], [-60.9994, 45.284]]], [[[-61.0499, 45.2456], [-61.0497, 45.2459], [-61.0502, 45.2457], [-61.0499, 45.2456]]], [[[-62.0698, 44.9736], [-62.0697, 44.9739], [-62.0703, 44.9736], [-62.0698, 44.9736]]], [[[-61.15, 45.2486], [-61.1499, 45.2488], [-61.1503, 45.2488], [-61.15, 45.2486]]], [[[-61.1402, 45.2575], [-61.14, 45.2579], [-61.1404, 45.2576], [-61.1402, 45.2575]]], [[[-61.0433, 45.2417], [-61.0432, 45.242], [-61.0437, 45.242], [-61.0433, 45.2417]]], [[[-62.1057, 44.9503], [-62.1054, 44.9506], [-62.106, 44.9505], [-62.1057, 44.9503]]], [[[-61.1058, 45.2212], [-61.1059, 45.2216], [-61.1061, 45.2217], [-61.1058, 45.2212]]], [[[-62.0698, 44.9744], [-62.0699, 44.9746], [-62.0705, 44.9746], [-62.0698, 44.9744]]], [[[-61.0584, 45.2244], [-61.0582, 45.2248], [-61.0586, 45.2247], [-61.0584, 45.2244]]], [[[-61.0412, 45.2949], [-61.0413, 45.2951], [-61.0418, 45.295], [-61.0412, 45.2949]]], [[[-62.1, 44.9411], [-62.0998, 44.9413], [-62.1004, 44.9415], [-62.1, 44.9411]]], [[[-61.1454, 45.2099], [-61.1451, 45.2103], [-61.1456, 45.2102], [-61.1454, 45.2099]]], [[[-61.826, 45.0771], [-61.8256, 45.0773], [-61.8263, 45.0773], [-61.826, 45.0771]]], [[[-60.9897, 45.3419], [-60.9897, 45.3422], [-60.9902, 45.3421], [-60.9897, 45.3419]]], [[[-61.5301, 45.1632], [-61.5296, 45.1634], [-61.5303, 45.1632], [-61.5301, 45.1632]]], [[[-61.1487, 45.1969], [-61.1483, 45.1972], [-61.1488, 45.1972], [-61.1487, 45.1969]]], [[[-61.0005, 45.2911], [-61.0003, 45.2915], [-61.0007, 45.2913], [-61.0005, 45.2911]]], [[[-60.9389, 45.3423], [-60.9389, 45.3428], [-60.9392, 45.3426], [-60.9389, 45.3423]]], [[[-62.0695, 44.9075], [-62.0693, 44.9078], [-62.07, 44.9077], [-62.0695, 44.9075]]], [[[-60.9753, 45.2866], [-60.9755, 45.287], [-60.9758, 45.2869], [-60.9753, 45.2866]]], [[[-61.7732, 45.092], [-61.7733, 45.0923], [-61.7737, 45.0923], [-61.7732, 45.092]]], [[[-61.0402, 45.2932], [-61.0402, 45.2936], [-61.0405, 45.2936], [-61.0402, 45.2932]]], [[[-61.0024, 45.2928], [-61.0021, 45.2929], [-61.0028, 45.2932], [-61.0024, 45.2928]]], [[[-61.0172, 45.3546], [-61.0173, 45.355], [-61.0175, 45.3548], [-61.0172, 45.3546]]], [[[-61.1642, 45.2476], [-61.1637, 45.2483], [-61.1642, 45.2476]]], [[[-61.1298, 45.2071], [-61.1303, 45.2069], [-61.1296, 45.2069], [-61.1298, 45.2071]]], [[[-61.0283, 45.2823], [-61.0282, 45.2828], [-61.0285, 45.2828], [-61.0283, 45.2823]]], [[[-61.3267, 45.1998], [-61.3263, 45.2], [-61.3271, 45.2], [-61.3267, 45.1998]]], [[[-61.572, 45.1573], [-61.5719, 45.1577], [-61.5723, 45.1576], [-61.572, 45.1573]]], [[[-61.9732, 45.1197], [-61.973, 45.1201], [-61.9734, 45.1202], [-61.9732, 45.1197]]], [[[-61.0286, 45.2917], [-61.0287, 45.2922], [-61.0291, 45.292], [-61.0286, 45.2917]]], [[[-61.0063, 45.2821], [-61.0065, 45.2826], [-61.0066, 45.2822], [-61.0063, 45.2821]]], [[[-61.1421, 45.2526], [-61.1423, 45.2531], [-61.1426, 45.253], [-61.1421, 45.2526]]], [[[-61.0363, 45.2941], [-61.036, 45.2946], [-61.0365, 45.2942], [-61.0363, 45.2941]]], [[[-61.7269, 45.1049], [-61.7268, 45.1053], [-61.7272, 45.1053], [-61.7269, 45.1049]]], [[[-61.2469, 45.2158], [-61.2466, 45.2161], [-61.2471, 45.2161], [-61.2469, 45.2158]]], [[[-62.0946, 44.9426], [-62.0943, 44.9429], [-62.0951, 44.9428], [-62.0946, 44.9426]]], [[[-61.9231, 44.9851], [-61.9228, 44.9853], [-61.9235, 44.9854], [-61.9231, 44.9851]]], [[[-60.9837, 45.3148], [-60.9835, 45.315], [-60.9844, 45.3148], [-60.9837, 45.3148]]], [[[-61.2697, 45.2608], [-61.2693, 45.261], [-61.2699, 45.2611], [-61.2697, 45.2608]]], [[[-61.1477, 45.2547], [-61.148, 45.2553], [-61.148, 45.2548], [-61.1477, 45.2547]]], [[[-60.999, 45.2822], [-60.9989, 45.2829], [-60.9992, 45.2825], [-60.999, 45.2822]]], [[[-61.1199, 45.2099], [-61.1194, 45.2101], [-61.1202, 45.21], [-61.1199, 45.2099]]], [[[-60.9861, 45.2417], [-60.986, 45.242], [-60.9864, 45.2422], [-60.9861, 45.2417]]], [[[-61.1513, 45.2494], [-61.1514, 45.2491], [-61.1509, 45.249], [-61.1513, 45.2494]]], [[[-61.0413, 45.2412], [-61.0409, 45.2417], [-61.0415, 45.2415], [-61.0413, 45.2412]]], [[[-60.9839, 45.3154], [-60.9832, 45.3157], [-60.9839, 45.3154]]], [[[-62.1323, 44.9446], [-62.1319, 44.945], [-62.1326, 44.9448], [-62.1323, 44.9446]]], [[[-61.9582, 45.0516], [-61.9581, 45.0519], [-61.9587, 45.0517], [-61.9582, 45.0516]]], [[[-62.0161, 44.9425], [-62.0159, 44.9429], [-62.0165, 44.9428], [-62.0161, 44.9425]]], [[[-61.3165, 45.2511], [-61.3172, 45.2514], [-61.3165, 45.2511]]], [[[-61.0489, 45.2983], [-61.0496, 45.2986], [-61.0489, 45.2983]]], [[[-60.9841, 45.2825], [-60.9844, 45.2828], [-60.9846, 45.2826], [-60.9841, 45.2825]]], [[[-61.1569, 45.2066], [-61.1571, 45.2071], [-61.1573, 45.2068], [-61.1569, 45.2066]]], [[[-61.0516, 45.257], [-61.0518, 45.2576], [-61.052, 45.2574], [-61.0516, 45.257]]], [[[-61.518, 45.1603], [-61.5177, 45.1605], [-61.5186, 45.1605], [-61.518, 45.1603]]], [[[-61.2698, 45.2437], [-61.2698, 45.2446], [-61.2698, 45.2437]]], [[[-60.9401, 45.2922], [-60.9396, 45.2928], [-60.9401, 45.2922]]], [[[-61.9947, 45.0168], [-61.9949, 45.0174], [-61.9951, 45.0171], [-61.9947, 45.0168]]], [[[-61.0262, 45.2815], [-61.026, 45.2819], [-61.0267, 45.2819], [-61.0262, 45.2815]]], [[[-61.1321, 45.2692], [-61.1318, 45.2696], [-61.1325, 45.2695], [-61.1321, 45.2692]]], [[[-61.1715, 45.2153], [-61.1717, 45.216], [-61.1718, 45.2155], [-61.1715, 45.2153]]], [[[-61.1508, 45.2551], [-61.1503, 45.2555], [-61.1509, 45.2554], [-61.1508, 45.2551]]], [[[-61.3534, 45.1826], [-61.3531, 45.183], [-61.3536, 45.1831], [-61.3534, 45.1826]]], [[[-62.0304, 44.9207], [-62.0302, 44.921], [-62.031, 44.9209], [-62.0304, 44.9207]]], [[[-60.9814, 45.3077], [-60.9807, 45.3081], [-60.9814, 45.3077]]], [[[-61.1754, 45.2039], [-61.1751, 45.2044], [-61.1757, 45.2045], [-61.1754, 45.2039]]], [[[-60.9983, 45.3423], [-60.9989, 45.3429], [-60.9983, 45.3423]]], [[[-62.0276, 44.9207], [-62.027, 44.9208], [-62.0281, 44.9207], [-62.0276, 44.9207]]], [[[-62.0951, 44.9332], [-62.0947, 44.9335], [-62.0954, 44.9335], [-62.0951, 44.9332]]], [[[-61.9936, 45.0163], [-61.9929, 45.0166], [-61.9936, 45.0163]]], [[[-61.275, 45.208], [-61.2747, 45.2083], [-61.275, 45.2086], [-61.275, 45.208]]], [[[-61.1589, 45.2705], [-61.1585, 45.2706], [-61.1594, 45.271], [-61.1589, 45.2705]]], [[[-61.9895, 45.0161], [-61.9892, 45.0164], [-61.9898, 45.0166], [-61.9895, 45.0161]]], [[[-61.1958, 45.2423], [-61.1965, 45.2426], [-61.1958, 45.2423]]], [[[-62.1009, 45.0197], [-62.102, 45.02], [-62.1009, 45.0197]]], [[[-61.5713, 45.1505], [-61.5711, 45.1509], [-61.5717, 45.1509], [-61.5713, 45.1505]]], [[[-61.5374, 45.1628], [-61.5379, 45.1634], [-61.5374, 45.1628]]], [[[-61.0123, 45.2852], [-61.0118, 45.2853], [-61.0126, 45.2856], [-61.0123, 45.2852]]], [[[-61.7223, 45.098], [-61.7217, 45.0984], [-61.7225, 45.0982], [-61.7223, 45.098]]], [[[-60.9847, 45.2486], [-60.9852, 45.2492], [-60.9847, 45.2486]]], [[[-61.3553, 45.1887], [-61.3551, 45.189], [-61.3556, 45.1893], [-61.3553, 45.1887]]], [[[-61.5722, 45.161], [-61.5729, 45.1607], [-61.5722, 45.161]]], [[[-61.6061, 45.1459], [-61.6057, 45.1463], [-61.6065, 45.146], [-61.6061, 45.1459]]], [[[-61.0162, 45.3538], [-61.0172, 45.354], [-61.0162, 45.3538]]], [[[-61.5935, 45.1464], [-61.5935, 45.1469], [-61.5939, 45.147], [-61.5935, 45.1464]]], [[[-60.9993, 45.2809], [-60.9994, 45.2818], [-60.9993, 45.2809]]], [[[-61.1399, 45.2605], [-61.1396, 45.261], [-61.1403, 45.2608], [-61.1399, 45.2605]]], [[[-61.1577, 45.1937], [-61.1574, 45.193], [-61.1577, 45.1937]]], [[[-61.7657, 45.1054], [-61.7654, 45.1061], [-61.7657, 45.1054]]], [[[-62.1556, 44.9604], [-62.1553, 44.9609], [-62.1563, 44.9604], [-62.1556, 44.9604]]], [[[-60.9626, 45.291], [-60.9626, 45.2915], [-60.9631, 45.2914], [-60.9626, 45.291]]], [[[-61.3362, 45.1849], [-61.3354, 45.1857], [-61.3362, 45.1849]]], [[[-61.7436, 45.2232], [-61.7437, 45.224], [-61.7436, 45.2232]]], [[[-62.0968, 44.931], [-62.0964, 44.9313], [-62.0972, 44.9314], [-62.0968, 44.931]]], [[[-61.0501, 45.2358], [-61.0492, 45.2361], [-61.0501, 45.2358]]], [[[-61.8965, 45.0513], [-61.8973, 45.0522], [-61.8965, 45.0513]]], [[[-61.1653, 45.2133], [-61.1656, 45.2142], [-61.1653, 45.2133]]], [[[-60.9794, 45.278], [-60.9789, 45.2786], [-60.9794, 45.278]]], [[[-61.4142, 45.1614], [-61.4128, 45.1615], [-61.4142, 45.1614]]], [[[-61.1681, 45.3105], [-61.1687, 45.311], [-61.1681, 45.3105]]], [[[-61.9882, 45.0195], [-61.9876, 45.0199], [-61.9882, 45.02], [-61.9882, 45.0195]]], [[[-60.9408, 45.3423], [-60.9404, 45.3424], [-60.9407, 45.343], [-60.9408, 45.3423]]], [[[-61.0023, 45.2856], [-61.0025, 45.2862], [-61.0027, 45.2856], [-61.0023, 45.2856]]], [[[-62.1078, 44.934], [-62.1076, 44.9346], [-62.1085, 44.934], [-62.1078, 44.934]]], [[[-60.9786, 45.277], [-60.9789, 45.2777], [-60.9786, 45.277]]], [[[-60.9903, 45.3506], [-60.9894, 45.3509], [-60.9903, 45.3506]]], [[[-61.33, 45.186], [-61.3296, 45.1862], [-61.3299, 45.1867], [-61.33, 45.186]]], [[[-61.5513, 45.1512], [-61.5518, 45.152], [-61.5513, 45.1512]]], [[[-60.9689, 45.29], [-60.9689, 45.2905], [-60.9696, 45.2901], [-60.9689, 45.29]]], [[[-60.9551, 45.2955], [-60.9546, 45.2961], [-60.9551, 45.2955]]], [[[-61.9152, 44.9833], [-61.9164, 44.9835], [-61.9152, 44.9833]]], [[[-60.967, 45.2843], [-60.9665, 45.2846], [-60.9673, 45.2848], [-60.967, 45.2843]]], [[[-62.0455, 44.9577], [-62.045, 44.958], [-62.046, 44.958], [-62.0455, 44.9577]]], [[[-61.3829, 45.1733], [-61.3829, 45.1739], [-61.3836, 45.1735], [-61.3829, 45.1733]]], [[[-61.0114, 45.2776], [-61.0112, 45.2782], [-61.012, 45.278], [-61.0114, 45.2776]]], [[[-61.1175, 45.2071], [-61.1169, 45.2073], [-61.1177, 45.2076], [-61.1175, 45.2071]]], [[[-60.968, 45.3506], [-60.9678, 45.3511], [-60.9686, 45.3509], [-60.968, 45.3506]]], [[[-62.0898, 44.9396], [-62.0894, 44.9402], [-62.09, 44.9403], [-62.0898, 44.9396]]], [[[-62.0269, 45.0057], [-62.0276, 45.0061], [-62.0269, 45.0057]]], [[[-62.0348, 44.9101], [-62.0343, 44.9106], [-62.0354, 44.9103], [-62.0348, 44.9101]]], [[[-61.7636, 45.2335], [-61.7649, 45.2338], [-61.7636, 45.2335]]], [[[-61.2394, 45.2251], [-61.2389, 45.2255], [-61.2399, 45.2255], [-61.2394, 45.2251]]], [[[-62.0785, 44.9384], [-62.0777, 44.9388], [-62.0785, 44.9384]]], [[[-60.9898, 45.246], [-60.9906, 45.2464], [-60.9898, 45.246]]], [[[-60.9848, 45.2839], [-60.984, 45.2844], [-60.9848, 45.2839]]], [[[-61.1675, 45.2278], [-61.1668, 45.2274], [-61.1675, 45.2278]]], [[[-61.0565, 45.2223], [-61.0572, 45.2228], [-61.0565, 45.2223]]], [[[-61.8873, 45.0205], [-61.888, 45.0212], [-61.8873, 45.0205]]], [[[-62.0065, 44.9417], [-62.0073, 44.9421], [-62.0065, 44.9417]]], [[[-60.947, 45.3559], [-60.9482, 45.3557], [-60.947, 45.3559]]], [[[-61.0822, 45.2137], [-61.0812, 45.2144], [-61.0822, 45.2137]]], [[[-61.9992, 45.018], [-61.9985, 45.0182], [-61.9993, 45.0185], [-61.9992, 45.018]]], [[[-61.9763, 45.0676], [-61.9769, 45.0681], [-61.9763, 45.0676]]], [[[-61.7747, 45.2377], [-61.7743, 45.2381], [-61.7751, 45.2383], [-61.7747, 45.2377]]], [[[-61.0587, 45.225], [-61.0585, 45.2259], [-61.0587, 45.225]]], [[[-60.959, 45.3519], [-60.958, 45.352], [-60.959, 45.3519]]], [[[-60.9713, 45.348], [-60.9723, 45.3483], [-60.9713, 45.348]]], [[[-61.0909, 45.2139], [-61.09, 45.2143], [-61.0909, 45.2139]]], [[[-61.0127, 45.2805], [-61.0137, 45.2803], [-61.0127, 45.2805]]], [[[-61.0022, 45.28], [-61.003, 45.2802], [-61.0022, 45.28]]], [[[-60.9745, 45.3485], [-60.9736, 45.3491], [-60.9745, 45.3485]]], [[[-61.362, 45.1733], [-61.3609, 45.1727], [-61.362, 45.1733]]], [[[-60.9772, 45.276], [-60.9772, 45.277], [-60.9772, 45.276]]], [[[-60.9524, 45.2961], [-60.9515, 45.2961], [-60.9524, 45.2961]]], [[[-61.5747, 45.1545], [-61.5742, 45.1549], [-61.5753, 45.1548], [-61.5747, 45.1545]]], [[[-61.5739, 45.1532], [-61.5743, 45.1541], [-61.5739, 45.1532]]], [[[-61.1312, 45.2071], [-61.1323, 45.2076], [-61.1312, 45.2071]]], [[[-61.9688, 45.0087], [-61.9684, 45.0093], [-61.9691, 45.0092], [-61.9688, 45.0087]]], [[[-61.7196, 45.0955], [-61.7204, 45.096], [-61.7196, 45.0955]]], [[[-60.9738, 45.3475], [-60.9731, 45.348], [-60.9738, 45.3475]]], [[[-61.7051, 45.0601], [-61.7054, 45.0609], [-61.7051, 45.0601]]], [[[-62.0202, 45.0128], [-62.0196, 45.0133], [-62.0202, 45.0128]]], [[[-60.9798, 45.2458], [-60.9807, 45.2465], [-60.9798, 45.2458]]], [[[-60.9855, 45.2834], [-60.9858, 45.2846], [-60.9855, 45.2834]]], [[[-61.0392, 45.294], [-61.0394, 45.295], [-61.0392, 45.294]]], [[[-61.0164, 45.2892], [-61.0169, 45.2899], [-61.0164, 45.2892]]], [[[-61.0165, 45.2857], [-61.0176, 45.2863], [-61.0165, 45.2857]]], [[[-60.9964, 45.3462], [-60.9973, 45.3469], [-60.9964, 45.3462]]], [[[-61.6846, 45.115], [-61.6868, 45.1151], [-61.6846, 45.115]]], [[[-61.1847, 45.2142], [-61.1863, 45.2146], [-61.1847, 45.2142]]], [[[-61.2022, 45.2222], [-61.2015, 45.2228], [-61.2022, 45.2222]]], [[[-61.0974, 45.214], [-61.0962, 45.2142], [-61.0974, 45.214]]], [[[-60.9464, 45.352], [-60.9478, 45.3521], [-60.9464, 45.352]]], [[[-60.9419, 45.3174], [-60.941, 45.3164], [-60.9419, 45.3174]]], [[[-61.7659, 45.1064], [-61.7657, 45.1077], [-61.7659, 45.1064]]], [[[-61.0803, 45.2146], [-61.0802, 45.2139], [-61.0797, 45.2144], [-61.0803, 45.2146]]], [[[-60.9567, 45.3506], [-60.956, 45.351], [-60.9567, 45.3506]]], [[[-62.0162, 45.0199], [-62.0165, 45.0207], [-62.0162, 45.0199]]], [[[-62.1123, 44.9639], [-62.1114, 44.9643], [-62.1123, 44.9639]]], [[[-60.95, 45.3113], [-60.9481, 45.3114], [-60.95, 45.3113]]], [[[-61.9625, 45.0608], [-61.9618, 45.0612], [-61.9625, 45.0608]]], [[[-61.0437, 45.2505], [-61.0448, 45.2514], [-61.0437, 45.2505]]], [[[-61.1342, 45.2023], [-61.135, 45.203], [-61.1342, 45.2023]]], [[[-60.979, 45.2923], [-60.9792, 45.2935], [-60.979, 45.2923]]], [[[-60.9876, 45.2544], [-60.9885, 45.255], [-60.9876, 45.2544]]], [[[-62.0963, 45.0007], [-62.0962, 45.0014], [-62.097, 45.0009], [-62.0963, 45.0007]]], [[[-61.0085, 45.2825], [-61.0076, 45.2827], [-61.0085, 45.2825]]], [[[-61.3831, 45.4127], [-61.3837, 45.4142], [-61.3831, 45.4127]]], [[[-60.9394, 45.3539], [-60.9411, 45.3544], [-60.9394, 45.3539]]], [[[-61.1433, 45.2555], [-61.1421, 45.2558], [-61.1433, 45.2555]]], [[[-60.9772, 45.2737], [-60.9775, 45.2749], [-60.9772, 45.2737]]], [[[-61.6538, 45.0526], [-61.6556, 45.0527], [-61.6538, 45.0526]]], [[[-61.0532, 45.2977], [-61.0541, 45.2985], [-61.0532, 45.2977]]], [[[-61.5177, 45.1549], [-61.5168, 45.1551], [-61.5177, 45.1549]]], [[[-61.6073, 45.1453], [-61.6082, 45.1458], [-61.6073, 45.1453]]], [[[-60.9531, 45.356], [-60.9518, 45.3564], [-60.9531, 45.356]]], [[[-62.0241, 45.0066], [-62.0255, 45.0068], [-62.0241, 45.0066]]], [[[-61.5673, 45.1511], [-61.5694, 45.1518], [-61.5673, 45.1511]]], [[[-61.0036, 45.2795], [-61.0035, 45.2806], [-61.0036, 45.2795]]], [[[-61.1731, 45.2381], [-61.172, 45.2383], [-61.1731, 45.2381]]], [[[-61.0897, 45.2133], [-61.0914, 45.2137], [-61.0897, 45.2133]]], [[[-61.935, 45.0789], [-61.9333, 45.0778], [-61.935, 45.0789]]], [[[-61.1496, 45.2034], [-61.1491, 45.2041], [-61.1503, 45.2044], [-61.1496, 45.2034]]], [[[-61.7787, 45.092], [-61.7768, 45.0918], [-61.7787, 45.092]]], [[[-61.5755, 45.1045], [-61.5753, 45.1056], [-61.5755, 45.1045]]], [[[-62.0403, 44.957], [-62.0388, 44.9574], [-62.0403, 44.957]]], [[[-60.9917, 45.2486], [-60.9923, 45.2498], [-60.9917, 45.2486]]], [[[-61.285, 45.2144], [-61.2845, 45.2156], [-61.285, 45.2144]]], [[[-61.0039, 45.2777], [-61.0035, 45.2788], [-61.0039, 45.2777]]], [[[-61.9907, 45.0168], [-61.9919, 45.0171], [-61.9907, 45.0168]]], [[[-60.9905, 45.2484], [-60.9912, 45.2498], [-60.9905, 45.2484]]], [[[-61.0013, 45.2691], [-61.0018, 45.2706], [-61.0013, 45.2691]]], [[[-60.9943, 45.2477], [-60.9953, 45.2476], [-60.9943, 45.2477]]], [[[-60.9843, 45.2417], [-60.9847, 45.243], [-60.9843, 45.2417]]], [[[-60.9759, 45.2873], [-60.9749, 45.2883], [-60.9759, 45.2873]]], [[[-60.9594, 45.3556], [-60.9582, 45.3557], [-60.9594, 45.3556]]], [[[-61.1605, 45.2302], [-61.16, 45.231], [-61.1605, 45.2302]]], [[[-61.0048, 45.2694], [-61.0051, 45.2709], [-61.0048, 45.2694]]], [[[-61.0425, 45.253], [-61.0416, 45.2521], [-61.0425, 45.253]]], [[[-61.0186, 45.3531], [-61.0178, 45.3542], [-61.0186, 45.3531]]], [[[-61.0149, 45.2773], [-61.0153, 45.2785], [-61.0149, 45.2773]]], [[[-61.1457, 45.2003], [-61.145, 45.1997], [-61.1457, 45.2003]]], [[[-61.0252, 45.3434], [-61.0242, 45.3426], [-61.0252, 45.3434]]], [[[-61.2765, 45.2617], [-61.2769, 45.2626], [-61.2765, 45.2617]]], [[[-61.0736, 45.237], [-61.0731, 45.2383], [-61.0736, 45.237]]], [[[-62.0765, 44.9377], [-62.0753, 44.9382], [-62.0777, 44.9382], [-62.0765, 44.9377]]], [[[-62.0953, 44.9325], [-62.0968, 44.9323], [-62.0953, 44.9325]]], [[[-60.9951, 45.2484], [-60.9951, 45.2494], [-60.9961, 45.2492], [-60.9951, 45.2484]]], [[[-60.9439, 45.2911], [-60.9444, 45.2921], [-60.9439, 45.2911]]], [[[-60.9505, 45.3554], [-60.9496, 45.3559], [-60.9512, 45.356], [-60.9505, 45.3554]]], [[[-61.2073, 45.353], [-61.2084, 45.354], [-61.2073, 45.353]]], [[[-62.1087, 44.937], [-62.1108, 44.9366], [-62.1087, 44.937]]], [[[-61.9928, 45.1362], [-61.9938, 45.1374], [-61.9928, 45.1362]]], [[[-62.0456, 44.9304], [-62.0465, 44.9313], [-62.0456, 44.9304]]], [[[-60.9443, 45.2924], [-60.9444, 45.2933], [-60.9456, 45.293], [-60.9443, 45.2924]]], [[[-60.9546, 45.2943], [-60.9558, 45.2948], [-60.9546, 45.2943]]], [[[-61.1045, 45.2157], [-61.1053, 45.217], [-61.1045, 45.2157]]], [[[-61.5429, 45.1611], [-61.5424, 45.1617], [-61.5441, 45.1617], [-61.5429, 45.1611]]], [[[-61.3393, 45.24], [-61.3376, 45.24], [-61.3382, 45.241], [-61.3393, 45.24]]], [[[-61.1989, 45.2372], [-61.2007, 45.2374], [-61.1989, 45.2372]]], [[[-61.1914, 45.2074], [-61.1903, 45.2078], [-61.1917, 45.2084], [-61.1914, 45.2074]]], [[[-60.9813, 45.3121], [-60.9816, 45.314], [-60.9813, 45.3121]]], [[[-61.3696, 45.2158], [-61.3711, 45.2157], [-61.3699, 45.2147], [-61.3696, 45.2158]]], [[[-60.9515, 45.2938], [-60.9533, 45.2939], [-60.9515, 45.2938]]], [[[-62.0816, 44.9009], [-62.0783, 44.9009], [-62.0816, 44.9009]]], [[[-61.1533, 45.1964], [-61.1547, 45.1968], [-61.1541, 45.1956], [-61.1533, 45.1964]]], [[[-61.6935, 45.0897], [-61.6949, 45.0899], [-61.6935, 45.0897]]], [[[-61.0155, 45.3549], [-61.0142, 45.354], [-61.0155, 45.3549]]], [[[-61.2277, 45.2219], [-61.226, 45.2224], [-61.2277, 45.2219]]], [[[-61.2161, 45.2269], [-61.2174, 45.2274], [-61.2169, 45.2262], [-61.2161, 45.2269]]], [[[-60.9837, 45.2846], [-60.9839, 45.2859], [-60.9837, 45.2846]]], [[[-61.0856, 45.2246], [-61.0846, 45.2262], [-61.0861, 45.2255], [-61.0856, 45.2246]]], [[[-61.2474, 45.2217], [-61.2451, 45.2225], [-61.2474, 45.2217]]], [[[-61.0462, 45.2433], [-61.0452, 45.2424], [-61.0462, 45.2433]]], [[[-61.2128, 45.2306], [-61.2143, 45.2309], [-61.2128, 45.2306]]], [[[-61.5741, 45.1562], [-61.5755, 45.1568], [-61.5741, 45.1562]]], [[[-61.5471, 45.1069], [-61.5465, 45.1083], [-61.5477, 45.1079], [-61.5471, 45.1069]]], [[[-61.0954, 45.2165], [-61.0963, 45.2169], [-61.0969, 45.2157], [-61.0954, 45.2165]]], [[[-61.1627, 45.2236], [-61.1617, 45.2237], [-61.1633, 45.2244], [-61.1627, 45.2236]]], [[[-61.1485, 45.1963], [-61.1492, 45.1957], [-61.1477, 45.1955], [-61.1485, 45.1963]]], [[[-61.164, 45.2439], [-61.1623, 45.2453], [-61.164, 45.2439]]], [[[-61.1282, 45.2052], [-61.1282, 45.2065], [-61.1296, 45.2066], [-61.1282, 45.2052]]], [[[-61.2712, 45.3481], [-61.2729, 45.3476], [-61.2712, 45.3481]]], [[[-61.8729, 45.0073], [-61.8749, 45.0086], [-61.8729, 45.0073]]], [[[-61.0994, 45.2136], [-61.1009, 45.2142], [-61.0989, 45.2121], [-61.0994, 45.2136]]], [[[-61.1398, 45.2671], [-61.1383, 45.2681], [-61.1401, 45.268], [-61.1398, 45.2671]]], [[[-61.1642, 45.245], [-61.1638, 45.2463], [-61.1642, 45.245]]], [[[-60.9998, 45.2821], [-61.0009, 45.2824], [-61.0006, 45.281], [-60.9998, 45.2821]]], [[[-61.016, 45.2825], [-61.018, 45.282], [-61.016, 45.2825]]], [[[-61.1627, 45.246], [-61.1603, 45.2468], [-61.1627, 45.246]]], [[[-61.1365, 45.2679], [-61.1357, 45.2688], [-61.1376, 45.2685], [-61.1365, 45.2679]]], [[[-61.1502, 45.2567], [-61.1489, 45.2571], [-61.1502, 45.2567]]], [[[-61.0042, 45.3511], [-61.0061, 45.3522], [-61.0042, 45.3511]]], [[[-60.9779, 45.3545], [-60.9806, 45.3537], [-60.9779, 45.3545]]], [[[-60.9648, 45.3544], [-60.9661, 45.3549], [-60.9648, 45.3544]]], [[[-61.0183, 45.2775], [-61.0203, 45.2784], [-61.0183, 45.2775]]], [[[-62.0128, 45.0196], [-62.0133, 45.0212], [-62.0128, 45.0196]]], [[[-61.1751, 45.2083], [-61.1758, 45.2092], [-61.1769, 45.2083], [-61.1751, 45.2083]]], [[[-61.003, 45.35], [-61.0021, 45.3509], [-61.0038, 45.3511], [-61.003, 45.35]]], [[[-60.9935, 45.2535], [-60.9953, 45.256], [-60.9935, 45.2535]]], [[[-61.3797, 45.2078], [-61.3791, 45.2094], [-61.3803, 45.2085], [-61.3797, 45.2078]]], [[[-61.5193, 45.1514], [-61.5213, 45.1521], [-61.5203, 45.1508], [-61.5193, 45.1514]]], [[[-60.9654, 45.3515], [-60.9654, 45.3523], [-60.9674, 45.3518], [-60.9654, 45.3515]]], [[[-62.0664, 44.9713], [-62.0657, 44.9719], [-62.0675, 44.9727], [-62.0664, 44.9713]]], [[[-60.98, 45.2815], [-60.9812, 45.2818], [-60.98, 45.2815]]], [[[-61.5733, 45.1575], [-61.5749, 45.159], [-61.5733, 45.1575]]], [[[-62.0261, 45.007], [-62.0262, 45.0082], [-62.0278, 45.0075], [-62.0261, 45.007]]], [[[-60.9528, 45.2945], [-60.9513, 45.295], [-60.9525, 45.2959], [-60.9528, 45.2945]]], [[[-60.9785, 45.2608], [-60.9783, 45.2624], [-60.9795, 45.2619], [-60.9785, 45.2608]]], [[[-61.9413, 45.0818], [-61.9389, 45.082], [-61.9402, 45.0828], [-61.9413, 45.0818]]], [[[-61.1232, 45.2031], [-61.1251, 45.2033], [-61.1225, 45.2022], [-61.1232, 45.2031]]], [[[-60.9657, 45.2919], [-60.9664, 45.2932], [-60.9669, 45.2915], [-60.9657, 45.2919]]], [[[-61.1257, 45.2071], [-61.1244, 45.2082], [-61.1262, 45.2082], [-61.1257, 45.2071]]], [[[-62.0925, 44.9512], [-62.0921, 44.9524], [-62.0935, 44.9516], [-62.0925, 44.9512]]], [[[-60.946, 45.2966], [-60.9471, 45.296], [-60.9454, 45.296], [-60.946, 45.2966]]], [[[-61.7523, 45.0687], [-61.7513, 45.0718], [-61.7523, 45.0687]]], [[[-61.0299, 45.3539], [-61.0321, 45.3533], [-61.0299, 45.3539]]], [[[-60.9292, 45.3423], [-60.9304, 45.3432], [-60.9319, 45.3423], [-60.9292, 45.3423]]], [[[-61.4968, 45.3954], [-61.4949, 45.3957], [-61.4949, 45.3966], [-61.4968, 45.3954]]], [[[-61.1195, 45.211], [-61.1174, 45.212], [-61.1188, 45.2123], [-61.1195, 45.211]], [[-61.2395, 45.2191], [-61.2418, 45.2184], [-61.2395, 45.2191]]], [[[-61.3401, 45.1872], [-61.3414, 45.1872], [-61.3407, 45.1862], [-61.3401, 45.1872]]], [[[-60.9909, 45.3434], [-60.991, 45.3448], [-60.9924, 45.3452], [-60.9909, 45.3434]]], [[[-61.0495, 45.2544], [-61.0513, 45.2562], [-61.0513, 45.2549], [-61.0495, 45.2544]]], [[[-61.1579, 45.246], [-61.158, 45.247], [-61.16, 45.2446], [-61.1579, 45.246]]], [[[-61.0087, 45.2755], [-61.0105, 45.2773], [-61.0104, 45.2754], [-61.0087, 45.2755]]], [[[-60.9545, 45.3451], [-60.9555, 45.3447], [-60.9538, 45.3431], [-60.9545, 45.3451]]], [[[-61.3428, 45.2393], [-61.3408, 45.2398], [-61.3428, 45.2403], [-61.3428, 45.2393]]], [[[-61.3207, 45.2464], [-61.3216, 45.2489], [-61.3207, 45.2464]]], [[[-61.6466, 45.1657], [-61.6459, 45.1685], [-61.6469, 45.1683], [-61.6466, 45.1657]]], [[[-60.981, 45.2458], [-60.9818, 45.2453], [-60.9803, 45.2435], [-60.981, 45.2458]]], [[[-60.9476, 45.3536], [-60.9448, 45.3538], [-60.9476, 45.3536]]], [[[-61.2369, 45.2173], [-61.2387, 45.2181], [-61.2396, 45.2167], [-61.2369, 45.2173]]], [[[-61.7225, 45.0958], [-61.7236, 45.0954], [-61.7206, 45.0945], [-61.7225, 45.0958]]], [[[-60.9668, 45.3122], [-60.969, 45.3128], [-60.9678, 45.3112], [-60.9668, 45.3122]]], [[[-60.9963, 45.2538], [-60.9975, 45.2528], [-60.9957, 45.2525], [-60.9963, 45.2538]]], [[[-61.1281, 45.1985], [-61.1276, 45.1997], [-61.13, 45.1992], [-61.1281, 45.1985]]], [[[-61.0141, 45.2834], [-61.0146, 45.2853], [-61.0161, 45.2843], [-61.0141, 45.2834]]], [[[-61.1446, 45.2564], [-61.1438, 45.2576], [-61.1465, 45.257], [-61.1446, 45.2564]]], [[[-61.1956, 45.2438], [-61.1951, 45.2454], [-61.1967, 45.2447], [-61.1956, 45.2438]]], [[[-61.2711, 45.2194], [-61.2718, 45.22], [-61.2731, 45.2181], [-61.2711, 45.2194]]], [[[-60.9564, 45.3531], [-60.9597, 45.3527], [-60.9564, 45.3531]]], [[[-61.5251, 45.1549], [-61.5216, 45.1554], [-61.5251, 45.1549]]], [[[-61.1451, 45.202], [-61.1486, 45.2029], [-61.1451, 45.202]]], [[[-61.1437, 45.2545], [-61.1456, 45.254], [-61.1431, 45.2532], [-61.1437, 45.2545]]], [[[-61.1953, 45.2462], [-61.1933, 45.2487], [-61.1953, 45.2462]]], [[[-61.2411, 45.2244], [-61.2435, 45.2236], [-61.2409, 45.2234], [-61.2411, 45.2244]], [[-60.9746, 45.3509], [-60.9718, 45.3511], [-60.9746, 45.3509]]], [[[-62.0326, 44.91], [-62.0305, 44.9111], [-62.0341, 44.9103], [-62.0326, 44.91]]], [[[-60.9394, 45.3062], [-60.9417, 45.306], [-60.9379, 45.3054], [-60.9394, 45.3062]]], [[[-61.7253, 45.0962], [-61.7226, 45.0972], [-61.7241, 45.098], [-61.7253, 45.0962]]], [[[-60.9573, 45.3454], [-60.9594, 45.3467], [-60.9584, 45.3449], [-60.9573, 45.3454]]], [[[-60.9765, 45.3126], [-60.9787, 45.3128], [-60.9769, 45.3113], [-60.9765, 45.3126]]], [[[-60.9886, 45.3429], [-60.9905, 45.3438], [-60.9876, 45.3415], [-60.9886, 45.3429]]], [[[-61.3771, 45.1714], [-61.3812, 45.1723], [-61.3771, 45.1714]]], [[[-62.0927, 45.0009], [-62.0921, 45.0023], [-62.0949, 45.0016], [-62.0927, 45.0009]]], [[[-61.4876, 45.3989], [-61.4903, 45.401], [-61.4876, 45.3989]]], [[[-61.3158, 45.2485], [-61.3148, 45.2499], [-61.3181, 45.2493], [-61.3158, 45.2485]]], [[[-60.9873, 45.2516], [-60.9891, 45.2529], [-60.988, 45.2498], [-60.9873, 45.2516]]], [[[-61.0325, 45.2948], [-61.0357, 45.2943], [-61.0325, 45.2948]]], [[[-61.0604, 45.224], [-61.0617, 45.2273], [-61.0604, 45.224]]], [[[-60.9446, 45.3409], [-60.9449, 45.3438], [-60.9462, 45.3421], [-60.9446, 45.3409]]], [[[-61.174, 45.2027], [-61.1757, 45.2013], [-61.1722, 45.2013], [-61.174, 45.2027]]], [[[-62.0799, 44.947], [-62.0829, 44.9482], [-62.0799, 44.947]]], [[[-61.0054, 45.2768], [-61.0065, 45.2734], [-61.0054, 45.2768]]], [[[-61.2153, 45.2404], [-61.2148, 45.2438], [-61.2153, 45.2404]]], [[[-61.0048, 45.279], [-61.004, 45.2821], [-61.0048, 45.279]]], [[[-60.9314, 45.3298], [-60.9349, 45.3314], [-60.9314, 45.3298]], [[-62.1059, 44.9414], [-62.1019, 44.9408], [-62.1059, 44.9414]]], [[[-60.9773, 45.3535], [-60.9805, 45.3527], [-60.9773, 45.3535]]], [[[-60.9616, 45.2823], [-60.9648, 45.2808], [-60.9616, 45.2823]]], [[[-61.0731, 45.2329], [-61.071, 45.2343], [-61.0754, 45.2345], [-61.0731, 45.2329]]], [[[-61.0173, 45.288], [-61.0141, 45.2862], [-61.0173, 45.288]]], [[[-61.3779, 45.1703], [-61.3852, 45.1704], [-61.3779, 45.1703]]], [[[-61.2654, 45.2203], [-61.2613, 45.2229], [-61.2654, 45.2203]]], [[[-61.1701, 45.2175], [-61.1678, 45.2123], [-61.1701, 45.2175]]], [[[-62.0197, 45.0138], [-62.0235, 45.015], [-62.0197, 45.0138]]], [[[-61.9657, 45.0069], [-61.9635, 45.0086], [-61.9676, 45.009], [-61.9657, 45.0069]]], [[[-61.2447, 45.2262], [-61.2503, 45.2248], [-61.2447, 45.2262]]], [[[-60.9701, 45.3544], [-60.9753, 45.3546], [-60.9701, 45.3544]]], [[[-61.2392, 45.2282], [-61.2425, 45.2267], [-61.2392, 45.2282]]], [[[-61.1132, 45.2106], [-61.1195, 45.2094], [-61.1132, 45.2106]]], [[[-60.9252, 45.3269], [-60.9293, 45.3276], [-60.9252, 45.3269]]], [[[-61.1629, 45.2281], [-61.1663, 45.2271], [-61.1629, 45.2281]]], [[[-61.9531, 45.0515], [-61.9593, 45.0538], [-61.9531, 45.0515]]], [[[-60.9585, 45.3436], [-60.9542, 45.3407], [-60.9585, 45.3436]]], [[[-60.9841, 45.2561], [-60.9857, 45.253], [-60.9812, 45.2539], [-60.9841, 45.2561]]], [[[-61.1599, 45.2095], [-61.1631, 45.2109], [-61.1603, 45.2063], [-61.1599, 45.2095]]], [[[-61.277, 45.2141], [-61.274, 45.2181], [-61.277, 45.2141]]], [[[-60.9506, 45.291], [-60.9546, 45.2884], [-60.9506, 45.291]]], [[[-60.9998, 45.2848], [-61.0046, 45.2842], [-60.9998, 45.2848]]], [[[-61.2442, 45.2202], [-61.248, 45.2175], [-61.2442, 45.2202]]], [[[-61.2231, 45.2392], [-61.224, 45.2448], [-61.2231, 45.2392]]], [[[-61.0256, 45.287], [-61.0204, 45.2835], [-61.0256, 45.287]]], [[[-62.0225, 45.0098], [-62.0287, 45.0093], [-62.0225, 45.0098]]], [[[-60.9528, 45.3547], [-60.9605, 45.3544], [-60.9528, 45.3547]]], [[[-61.8175, 45.059], [-61.8239, 45.0612], [-61.8175, 45.059]]], [[[-61.9129, 45.0119], [-61.9174, 45.0196], [-61.9129, 45.0119]]], [[[-60.9934, 45.2572], [-60.9887, 45.2535], [-60.9934, 45.2572]]], [[[-61.1996, 45.244], [-61.2029, 45.2406], [-61.1996, 45.244]]], [[[-61.1104, 45.2016], [-61.1142, 45.2021], [-61.1104, 45.2016]]], [[[-62.0907, 45.0056], [-62.0975, 45.0047], [-62.0907, 45.0056]]], [[[-61.0075, 45.2887], [-61.014, 45.2901], [-61.0128, 45.286], [-61.0075, 45.2887]]], [[[-61.053, 45.2577], [-61.0526, 45.2509], [-61.053, 45.2577]]], [[[-61.7058, 45.0864], [-61.7134, 45.0893], [-61.7058, 45.0864]]], [[[-61.0849, 45.221], [-61.0901, 45.217], [-61.0859, 45.2154], [-61.0849, 45.221]]], [[[-61.0861, 45.3564], [-61.0984, 45.3547], [-61.0861, 45.3564]]], [[[-61.5393, 45.1019], [-61.5468, 45.1025], [-61.5393, 45.1019]]], [[[-61.0401, 45.2478], [-61.0493, 45.247], [-61.0401, 45.2478]]], [[[-61.2203, 45.2317], [-61.226, 45.2274], [-61.2203, 45.2317]]], [[[-61.1792, 45.2179], [-61.1812, 45.2115], [-61.1737, 45.2122], [-61.1792, 45.2179]]], [[[-61.137, 45.2037], [-61.137, 45.1958], [-61.1302, 45.1971], [-61.137, 45.2037]]], [[[-62.0721, 44.9528], [-62.0849, 44.9571], [-62.0776, 44.9491], [-62.0721, 44.9528]]], [[[-60.984, 45.3489], [-60.9892, 45.346], [-60.9762, 45.3388], [-60.984, 45.3489]]], [[[-61.1466, 45.2542], [-61.1641, 45.2513], [-61.1466, 45.2542]]], [[[-61.157, 45.2397], [-61.1708, 45.2314], [-61.157, 45.2397]]], [[[-62.0987, 44.9399], [-62.0905, 44.9267], [-62.0987, 44.9399]]], [[[-61.527, 45.1549], [-61.5461, 45.1547], [-61.527, 45.1549]]], [[[-61.0417, 45.2324], [-61.0678, 45.2328], [-61.0417, 45.2324]]], [[[-60.9651, 45.3472], [-60.9769, 45.3368], [-60.9651, 45.3472]]], [[[-61.6002, 45.1341], [-61.6183, 45.1378], [-61.6002, 45.1341]]], [[[-60.9917, 45.2728], [-60.9812, 45.2556], [-60.9917, 45.2728]]], [[[-61.9684, 45.0173], [-61.9946, 45.0099], [-61.9684, 45.0173]]], [[[-62.0586, 44.9474], [-62.0956, 44.9389], [-62.0586, 44.9474]]], [[[-61.0083, 45.3527], [-61.0313, 45.3498], [-61.0083, 45.3527]]], [[[-61.5695, 45.1295], [-61.5758, 45.1069], [-61.5695, 45.1295]]], [[[-62.0293, 44.9497], [-62.0486, 44.9329], [-62.0293, 44.9497]]], [[[-60.9454, 45.3087], [-60.971, 45.2923], [-60.9454, 45.3087]]], [[[-61.9419, 44.9936], [-61.9717, 45.0021], [-61.9419, 44.9936]]], [[[-61.4247, 45.6411], [-61.7395, 45.5262], [-61.7337, 45.4911], [-61.9442, 45.3994], [-62.7145, 45.2761], [-62.35, 45.0883], [-62.1518, 44.957], [-62.1006, 44.9488], [-62.1274, 44.9664], [-62.0651, 44.9615], [-62.0756, 44.9773], [-62.0525, 44.9571], [-61.9791, 44.9793], [-62.0987, 44.9995], [-62.1052, 45.032], [-62.0835, 45.0038], [-62.0398, 45.0029], [-62.0308, 45.028], [-62.0092, 45.0046], [-61.9975, 45.03], [-61.9476, 45.0101], [-61.9796, 45.0706], [-61.8838, 45.0275], [-62.0003, 45.1373], [-61.9761, 45.1497], [-62.0, 45.1937], [-61.9503, 45.0848], [-61.8528, 45.0363], [-61.8429, 45.0511], [-61.8726, 45.0735], [-61.8264, 45.0623], [-61.8184, 45.0786], [-61.843, 45.1072], [-61.7442, 45.0704], [-61.7845, 45.0937], [-61.7625, 45.0962], [-61.7698, 45.1126], [-61.7529, 45.0917], [-61.7229, 45.0891], [-61.7302, 45.1078], [-61.6545, 45.0901], [-61.7151, 45.1183], [-61.6455, 45.1234], [-61.7362, 45.2168], [-61.8028, 45.2464], [-61.7255, 45.2204], [-61.6842, 45.1616], [-61.6518, 45.1717], [-61.6732, 45.2039], [-61.607, 45.1472], [-61.5417, 45.1694], [-61.4702, 45.1486], [-61.4564, 45.1795], [-61.4136, 45.1623], [-61.3108, 45.191], [-61.3878, 45.2014], [-61.3796, 45.23], [-61.3222, 45.2339], [-61.3282, 45.2528], [-61.277, 45.2657], [-61.2617, 45.2638], [-61.2758, 45.2462], [-61.1954, 45.2531], [-61.2118, 45.226], [-61.1913, 45.2089], [-61.1849, 45.2563], [-61.1543, 45.2658], [-61.167, 45.3146], [-61.1574, 45.2703], [-61.1146, 45.2824], [-61.1616, 45.223], [-61.1284, 45.2071], [-61.0769, 45.2274], [-61.0917, 45.2487], [-61.0447, 45.2383], [-61.0588, 45.256], [-61.0237, 45.2717], [-61.0528, 45.304], [-60.9784, 45.2723], [-60.9901, 45.2925], [-60.971, 45.3076], [-60.9911, 45.3162], [-60.9595, 45.3214], [-60.9842, 45.3373], [-61.1487, 45.3585], [-61.379, 45.3425], [-61.4928, 45.3679], [-61.5053, 45.3996], [-61.4765, 45.4003], [-61.488, 45.3791], [-61.4331, 45.4024], [-61.4179, 45.4184], [-61.4333, 45.4215], [-61.3782, 45.4262], [-61.3784, 45.4106], [-61.2293, 45.4827], [-61.2487, 45.5221], [-61.3847, 45.5826], [-61.3884, 45.6173], [-61.4247, 45.6411]]]]}}, {"type": "Feature", "properties": {"osm_type": "relation", "osm_id": 761567937, "name": "Antigonish", "admin_level": "6", "kind": "subdivision_2", "parent_osm_id": 390558, "parent_name": "Nova Scotia", "parent_iso": "CA-NS"}, "geometry": {"type": "MultiPolygon", "coordinates": [[[[-61.7979, 45.6216], [-61.7978, 45.622], [-61.798, 45.6217], [-61.7979, 45.6216]]], [[[-61.9325, 45.6383], [-61.9322, 45.6386], [-61.9326, 45.6385], [-61.9325, 45.6383]]], [[[-61.8042, 45.6071], [-61.804, 45.6072], [-61.8045, 45.6071], [-61.8042, 45.6071]]], [[[-61.8916, 45.6638], [-61.8916, 45.664], [-61.8918, 45.6641], [-61.8916, 45.6638]]], [[[-61.5851, 45.6405], [-61.5851, 45.6407], [-61.5855, 45.6406], [-61.5851, 45.6405]]], [[[-61.8888, 45.6638], [-61.8882, 45.6642], [-61.8888, 45.664], [-61.8888, 45.6638]]], [[[-61.9751, 45.8758], [-61.9746, 45.876], [-61.9754, 45.8759], [-61.9751, 45.8758]]], [[[-61.8999, 45.6597], [-61.9, 45.66], [-61.9003, 45.6598], [-61.8999, 45.6597]]], [[[-61.917, 45.6077], [-61.9168, 45.6079], [-61.9174, 45.6079], [-61.917, 45.6077]]], [[[-61.4381, 45.6506], [-61.4381, 45.6508], [-61.4386, 45.6508], [-61.4381, 45.6506]]], [[[-61.9153, 45.6219], [-61.9154, 45.6224], [-61.9156, 45.622], [-61.9153, 45.6219]]], [[[-61.6341, 45.6272], [-61.634, 45.6274], [-61.6345, 45.6274], [-61.6341, 45.6272]]], [[[-61.8004, 45.6018], [-61.8004, 45.6022], [-61.8007, 45.6021], [-61.8004, 45.6018]]], [[[-61.5854, 45.6583], [-61.5861, 45.6586], [-61.5854, 45.6583]]], [[[-61.7943, 45.613], [-61.794, 45.6135], [-61.7944, 45.6135], [-61.7943, 45.613]]], [[[-61.8946, 45.6688], [-61.8947, 45.6692], [-61.8952, 45.669], [-61.8946, 45.6688]]], [[[-61.8275, 45.6572], [-61.827, 45.658], [-61.8275, 45.6572]]], [[[-61.6201, 45.6133], [-61.6206, 45.614], [-61.6201, 45.6133]]], [[[-61.8907, 45.686], [-61.891, 45.6855], [-61.8903, 45.6855], [-61.8907, 45.686]]], [[[-61.63, 45.6221], [-61.629, 45.6223], [-61.63, 45.6221]]], [[[-61.6356, 45.6277], [-61.6365, 45.6281], [-61.6356, 45.6277]]], [[[-61.9031, 45.6645], [-61.903, 45.6653], [-61.9031, 45.6645]]], [[[-61.8251, 45.6547], [-61.8248, 45.656], [-61.8251, 45.6547]]], [[[-61.8892, 45.6652], [-61.8893, 45.6641], [-61.8892, 45.6652]]], [[[-61.8047, 45.6132], [-61.8041, 45.6138], [-61.8047, 45.6132]]], [[[-61.9162, 45.6296], [-61.9166, 45.6303], [-61.9162, 45.6296]]], [[[-61.6385, 45.633], [-61.6381, 45.6335], [-61.6389, 45.6334], [-61.6385, 45.633]]], [[[-61.5894, 45.6434], [-61.5898, 45.6444], [-61.5894, 45.6434]]], [[[-61.8274, 45.6528], [-61.8277, 45.6544], [-61.8274, 45.6528]]], [[[-61.889, 45.6959], [-61.89, 45.6962], [-61.889, 45.6959]]], [[[-61.6321, 45.6399], [-61.6313, 45.6391], [-61.6321, 45.6399]]], [[[-61.5967, 45.6497], [-61.5981, 45.6497], [-61.5967, 45.6497]]], [[[-61.8009, 45.6129], [-61.8002, 45.6139], [-61.8014, 45.6135], [-61.8009, 45.6129]]], [[[-61.9247, 45.6368], [-61.9244, 45.6378], [-61.9247, 45.6368]]], [[[-61.9204, 45.6368], [-61.9194, 45.6374], [-61.9204, 45.6368]]], [[[-61.923, 45.634], [-61.9223, 45.6334], [-61.923, 45.634]]], [[[-61.6553, 45.6422], [-61.6542, 45.6427], [-61.6553, 45.6422]]], [[[-61.9148, 45.6179], [-61.9164, 45.6184], [-61.9148, 45.6179]]], [[[-61.8, 45.6158], [-61.7995, 45.6171], [-61.8, 45.6158]]], [[[-61.5832, 45.6522], [-61.584, 45.6541], [-61.5832, 45.6522]]], [[[-61.8058, 45.61], [-61.8057, 45.6109], [-61.8071, 45.6104], [-61.8058, 45.61]]], [[[-61.9155, 45.628], [-61.9156, 45.6293], [-61.9155, 45.628]]], [[[-61.7963, 45.6214], [-61.7964, 45.6229], [-61.7963, 45.6214]]], [[[-61.9386, 45.6433], [-61.9369, 45.6441], [-61.9386, 45.6433]]], [[[-61.6377, 45.6399], [-61.6381, 45.6406], [-61.6386, 45.6397], [-61.6377, 45.6399]]], [[[-61.887, 45.6812], [-61.8862, 45.6823], [-61.8876, 45.6822], [-61.887, 45.6812]], [[-61.9168, 45.6063], [-61.9161, 45.6051], [-61.9168, 45.6063]]], [[[-61.633, 45.6244], [-61.6311, 45.6233], [-61.633, 45.6244]]], [[[-61.655, 45.6435], [-61.6574, 45.6439], [-61.655, 45.6435]]], [[[-61.9109, 45.6839], [-61.9096, 45.6853], [-61.9109, 45.6852], [-61.9109, 45.6839]]], [[[-61.797, 45.6144], [-61.796, 45.6153], [-61.7983, 45.615], [-61.797, 45.6144]]], [[[-61.9227, 45.6394], [-61.9229, 45.6378], [-61.9218, 45.6386], [-61.9227, 45.6394]]], [[[-61.7926, 45.6369], [-61.7922, 45.6383], [-61.794, 45.6373], [-61.7926, 45.6369]]], [[[-61.8879, 45.6666], [-61.8872, 45.6676], [-61.8886, 45.6688], [-61.8879, 45.6666]]], [[[-61.8371, 45.6405], [-61.8405, 45.6406], [-61.8371, 45.6405]]], [[[-61.8372, 45.6567], [-61.8358, 45.6585], [-61.8378, 45.6581], [-61.8372, 45.6567]]], [[[-61.6641, 45.6398], [-61.6622, 45.6397], [-61.6651, 45.6422], [-61.6641, 45.6398]]], [[[-61.9207, 45.6402], [-61.9188, 45.6426], [-61.9207, 45.6402]]], [[[-61.5167, 45.6812], [-61.515, 45.6817], [-61.5174, 45.6837], [-61.5167, 45.6812]]], [[[-61.8968, 45.686], [-61.9013, 45.6872], [-61.8968, 45.686]]], [[[-61.914, 45.6412], [-61.9118, 45.6443], [-61.914, 45.6412]]], [[[-61.9157, 45.6375], [-61.9204, 45.6357], [-61.9157, 45.6375]]], [[[-61.8313, 45.6566], [-61.8334, 45.6536], [-61.8313, 45.6566]]], [[[-61.7501, 45.6524], [-61.7471, 45.658], [-61.7501, 45.6524]]], [[[-61.908, 45.6412], [-61.9115, 45.6386], [-61.9062, 45.6369], [-61.908, 45.6412]]], [[[-61.8404, 45.6316], [-61.8408, 45.6384], [-61.846, 45.6347], [-61.8404, 45.6316]]], [[[-61.6347, 45.6475], [-61.6819, 45.6364], [-61.6347, 45.6475]]], [[[-61.9096, 45.882], [-61.9772, 45.8747], [-62.0862, 45.7871], [-62.2352, 45.722], [-62.0914, 45.3837], [-61.9442, 45.3994], [-61.7337, 45.4911], [-61.7395, 45.5262], [-61.597, 45.5852], [-61.5832, 45.57], [-61.4364, 45.6483], [-61.4881, 45.6928], [-61.5201, 45.6929], [-61.5188, 45.6754], [-61.5687, 45.6923], [-61.5938, 45.6724], [-61.584, 45.6368], [-61.6263, 45.6461], [-61.6165, 45.6102], [-61.6565, 45.6435], [-61.7346, 45.6267], [-61.7566, 45.6494], [-61.795, 45.6336], [-61.7979, 45.5982], [-61.816, 45.6158], [-61.8015, 45.6378], [-61.8518, 45.6377], [-61.8333, 45.6619], [-61.8299, 45.6432], [-61.7864, 45.6438], [-61.8876, 45.6918], [-61.8698, 45.6802], [-61.9114, 45.6526], [-61.8902, 45.6352], [-61.9165, 45.6036], [-61.9283, 45.6388], [-61.9647, 45.6214], [-61.8924, 45.6726], [-61.9166, 45.6771], [-61.9008, 45.7044], [-61.8896, 45.6918], [-61.9253, 45.8434], [-61.8954, 45.8723], [-61.9096, 45.882]]]]}}, {"type": "Feature", "properties": {"osm_type": "relation", "osm_id": 258388373, "name": "Inverness", "admin_level": "6", "kind": "subdivision_2", "parent_osm_id": 390558, "parent_name": "Nova Scotia", "parent_iso": "CA-NS"}, "geometry": {"type": "MultiPolygon", "coordinates": [[[[-61.0687, 46.5336], [-61.0685, 46.5338], [-61.0689, 46.5336], [-61.0687, 46.5336]]], [[[-60.9065, 46.764], [-60.9064, 46.7643], [-60.9068, 46.764], [-60.9065, 46.764]]], [[[-61.093, 45.8716], [-61.0931, 45.8715], [-61.0927, 45.8712], [-61.093, 45.8716]]], [[[-61.0888, 45.8637], [-61.0894, 45.8638], [-61.0888, 45.8635], [-61.0888, 45.8637]]], [[[-61.4275, 45.6669], [-61.4275, 45.6672], [-61.4279, 45.6672], [-61.4275, 45.6669]]], [[[-60.959, 46.6643], [-60.9585, 46.6646], [-60.9592, 46.6645], [-60.959, 46.6643]]], [[[-60.9911, 45.9451], [-60.9907, 45.9456], [-60.9913, 45.9453], [-60.9911, 45.9451]]], [[[-61.4247, 45.6607], [-61.4239, 45.6611], [-61.4247, 45.6607]]], [[[-60.9559, 46.6617], [-60.9561, 46.6623], [-60.9564, 46.6615], [-60.9559, 46.6617]]], [[[-61.1293, 45.7259], [-61.1293, 45.7264], [-61.1299, 45.7259], [-61.1293, 45.7259]]], [[[-61.0814, 45.8817], [-61.081, 45.8818], [-61.0817, 45.8822], [-61.0814, 45.8817]]], [[[-60.9839, 45.868], [-60.9831, 45.8681], [-60.9839, 45.868]]], [[[-61.123, 45.954], [-61.1238, 45.9542], [-61.123, 45.954]]], [[[-60.9597, 45.8715], [-60.9591, 45.8721], [-60.9597, 45.8715]]], [[[-61.4212, 46.0594], [-61.4214, 46.0603], [-61.4212, 46.0594]]], [[[-60.99, 45.9066], [-60.9899, 45.9074], [-60.99, 45.9066]]], [[[-61.4936, 45.8975], [-61.493, 45.8978], [-61.4938, 45.8982], [-61.4936, 45.8975]]], [[[-60.9902, 45.9194], [-60.9894, 45.9202], [-60.9902, 45.9194]]], [[[-61.0756, 45.9006], [-61.0744, 45.9012], [-61.0756, 45.9006]]], [[[-61.0798, 46.4109], [-61.0808, 46.4122], [-61.0798, 46.4109]]], [[[-60.9589, 46.6632], [-60.9597, 46.6641], [-60.9589, 46.6632]]], [[[-61.0686, 45.781], [-61.0671, 45.7817], [-61.0686, 45.781]]], [[[-61.0094, 45.824], [-61.0085, 45.8247], [-61.0094, 45.824]]], [[[-61.1633, 45.711], [-61.1656, 45.7112], [-61.1633, 45.711]]], [[[-61.0662, 45.7962], [-61.0647, 45.7969], [-61.0662, 45.7962]]], [[[-60.9772, 45.891], [-60.977, 45.8922], [-60.9772, 45.891]]], [[[-61.0773, 45.874], [-61.0762, 45.8744], [-61.0782, 45.8747], [-61.0773, 45.874]]], [[[-61.0444, 45.8009], [-61.0423, 45.8021], [-61.0444, 45.8009]]], [[[-60.9222, 45.8704], [-60.9217, 45.872], [-60.9231, 45.8714], [-60.9222, 45.8704]]], [[[-61.1428, 45.7597], [-61.1411, 45.7607], [-61.1428, 45.7597]]], [[[-61.1282, 45.9672], [-61.1291, 45.9681], [-61.1303, 45.9666], [-61.1282, 45.9672]]], [[[-61.4927, 45.8934], [-61.4925, 45.8952], [-61.4927, 45.8934]]], [[[-61.064, 45.9408], [-61.0618, 45.9415], [-61.065, 45.9413], [-61.064, 45.9408]]], [[[-61.4251, 45.6644], [-61.4253, 45.6657], [-61.4264, 45.6657], [-61.4251, 45.6644]]], [[[-60.9623, 45.8754], [-60.9634, 45.8761], [-60.9638, 45.8747], [-60.9623, 45.8754]]], [[[-61.0553, 45.9482], [-61.0529, 45.9492], [-61.0562, 45.9488], [-61.0553, 45.9482]]], [[[-60.9244, 45.875], [-60.9269, 45.8763], [-60.9267, 45.875], [-60.9244, 45.875]]], [[[-60.927, 45.8573], [-60.9263, 45.8587], [-60.9286, 45.8582], [-60.927, 45.8573]]], [[[-61.08, 46.4125], [-61.0832, 46.4152], [-61.08, 46.4125]]], [[[-61.1092, 45.7625], [-61.1069, 45.7636], [-61.1098, 45.7635], [-61.1092, 45.7625]]], [[[-61.4659, 46.0828], [-61.4689, 46.0828], [-61.4659, 46.0828]]], [[[-61.0123, 45.7988], [-61.0127, 45.8007], [-61.0135, 45.7994], [-61.0123, 45.7988]]], [[[-61.0667, 45.8714], [-61.071, 45.871], [-61.0667, 45.8714]]], [[[-61.493, 45.8904], [-61.4921, 45.8932], [-61.4936, 45.8926], [-61.493, 45.8904]]], [[[-60.9368, 45.833], [-60.9356, 45.8347], [-60.9365, 45.8359], [-60.9368, 45.833]]], [[[-61.4225, 46.059], [-61.4294, 46.0565], [-61.4225, 46.059]]], [[[-60.9308, 45.8485], [-60.9287, 45.8505], [-60.9309, 45.8505], [-60.9308, 45.8485]]], [[[-60.993, 45.8292], [-60.9904, 45.8324], [-60.993, 45.8292]]], [[[-60.9327, 45.8716], [-60.9359, 45.8712], [-60.9327, 45.8716]]], [[[-61.06, 45.8722], [-61.0563, 45.8735], [-61.06, 45.8722]]], [[[-60.9572, 46.6621], [-60.9615, 46.6596], [-60.9572, 46.6621]]], [[[-60.9445, 45.8957], [-60.9532, 45.8952], [-60.9445, 45.8957]]], [[[-60.983, 45.9063], [-60.9876, 45.9072], [-60.983, 45.9063]]], [[[-61.0226, 45.8011], [-61.0286, 45.8027], [-61.0226, 45.8011]]], [[[-61.034, 45.8012], [-61.0424, 45.801], [-61.034, 45.8012]], [[-61.0404, 45.7927], [-61.0444, 45.794], [-61.0404, 45.7927]]], [[[-61.096, 45.9466], [-61.1, 45.948], [-61.096, 45.9466]]], [[[-61.0659, 45.7603], [-61.0723, 45.7624], [-61.0659, 45.7603]]], [[[-61.0487, 45.7982], [-61.05, 45.793], [-61.0453, 45.7949], [-61.0487, 45.7982]]], [[[-61.0054, 45.8122], [-61.0264, 45.8165], [-61.0054, 45.8122]]], [[[-61.0823, 45.8797], [-61.0896, 45.8692], [-61.0796, 45.8752], [-61.0823, 45.8797]]], [[[-61.0567, 45.7907], [-61.065, 45.7913], [-61.0507, 45.7863], [-61.0567, 45.7907]]], [[[-61.094, 45.7484], [-61.0922, 45.7581], [-61.1004, 45.7488], [-61.094, 45.7484]]], [[[-61.4203, 46.0667], [-61.4328, 46.0639], [-61.4254, 46.0589], [-61.4203, 46.0667]]], [[[-60.9866, 45.9956], [-60.9854, 46.006], [-60.9961, 45.9972], [-60.9866, 45.9956]]], [[[-61.0495, 45.9528], [-61.0813, 45.9475], [-61.0495, 45.9528]]], [[[-61.1086, 45.9576], [-61.1204, 45.9617], [-61.1233, 45.955], [-61.1151, 45.9473], [-61.1086, 45.9576]]], [[[-61.0836, 45.7534], [-61.0795, 45.7651], [-61.0909, 45.7512], [-61.0836, 45.7534]]], [[[-61.2543, 46.3667], [-61.2687, 46.3529], [-61.2543, 46.3667]]], [[[-61.5944, 45.9816], [-61.5969, 45.9898], [-61.6024, 45.9739], [-61.5911, 45.9731], [-61.5944, 45.9816]]], [[[-61.5568, 46.0182], [-61.5819, 46.0002], [-61.5577, 45.989], [-61.5568, 46.0182]]], [[[-60.56, 47.032], [-60.6157, 47.0324], [-60.7044, 46.9018], [-60.7948, 46.8284], [-60.8744, 46.8044], [-60.9616, 46.6886], [-60.9556, 46.6604], [-60.9987, 46.6519], [-61.0255, 46.61], [-61.0111, 46.5976], [-61.0357, 46.6039], [-61.0278, 46.65], [-61.0591, 46.6036], [-61.0318, 46.5978], [-61.0353, 46.5398], [-61.0766, 46.5241], [-61.1118, 46.4425], [-61.0763, 46.4087], [-61.1282, 46.4415], [-61.3118, 46.2262], [-61.4199, 46.1905], [-61.4657, 46.1367], [-61.4838, 46.0931], [-61.3951, 46.0699], [-61.4388, 46.0459], [-61.4327, 46.0756], [-61.4758, 46.0877], [-61.5527, 46.0413], [-61.5278, 45.9587], [-61.5093, 45.9728], [-61.5329, 45.9577], [-61.5243, 45.924], [-61.483, 45.9015], [-61.5048, 45.8622], [-61.4961, 45.8027], [-61.4192, 45.6447], [-61.3939, 45.6498], [-61.3471, 45.6056], [-61.1149, 45.7374], [-61.1203, 45.7631], [-61.1422, 45.7413], [-61.16, 45.7534], [-61.1026, 45.7922], [-61.0214, 45.8321], [-60.9892, 45.8181], [-61.0042, 45.8235], [-60.9757, 45.8542], [-60.9315, 45.8447], [-60.9936, 45.8794], [-60.9139, 45.868], [-60.9644, 45.9018], [-61.0169, 45.903], [-60.9706, 45.8886], [-61.0952, 45.8582], [-61.1113, 45.8919], [-61.0284, 45.8945], [-61.094, 45.903], [-61.0548, 45.9156], [-60.9952, 45.9066], [-60.99, 45.9536], [-61.0412, 45.9539], [-61.0733, 45.9276], [-61.1433, 45.9434], [-61.12, 45.9731], [-61.0781, 45.9611], [-60.9857, 45.9927], [-61.0511, 46.1148], [-60.7473, 46.5052], [-60.56, 47.032]]]]}}, {"type": "Feature", "properties": {"osm_type": "relation", "osm_id": 393794178, "name": "Richmond", "admin_level": "6", "kind": "subdivision_2", "parent_osm_id": 390558, "parent_name": "Nova Scotia", "parent_iso": "CA-NS"}, "geometry": {"type": "MultiPolygon", "coordinates": [[[[-61.1619, 45.7058], [-61.162, 45.7061], [-61.1622, 45.7061], [-61.1619, 45.7058]]], [[[-60.2951, 45.7131], [-60.2953, 45.7133], [-60.2955, 45.7131], [-60.2951, 45.7131]]], [[[-60.9698, 45.4956], [-60.9696, 45.4958], [-60.9701, 45.4957], [-60.9698, 45.4956]]], [[[-60.9214, 45.49], [-60.9218, 45.4902], [-60.9216, 45.4899], [-60.9214, 45.49]]], [[[-60.972, 45.4954], [-60.9718, 45.4955], [-60.9721, 45.4956], [-60.972, 45.4954]]], [[[-60.9059, 45.577], [-60.9063, 45.5772], [-60.9062, 45.5771], [-60.9059, 45.577]]], [[[-60.9045, 45.5785], [-60.9045, 45.5788], [-60.9048, 45.5787], [-60.9045, 45.5785]]], [[[-60.9089, 45.5788], [-60.9093, 45.5788], [-60.9091, 45.5786], [-60.9089, 45.5788]]], [[[-60.9557, 45.5333], [-60.9561, 45.5334], [-60.9563, 45.5333], [-60.9557, 45.5333]]], [[[-60.4879, 45.644], [-60.4877, 45.6442], [-60.4881, 45.6442], [-60.4879, 45.644]]], [[[-60.9058, 45.5805], [-60.9057, 45.5807], [-60.9061, 45.5807], [-60.9058, 45.5805]]], [[[-60.9117, 45.5639], [-60.9117, 45.5641], [-60.912, 45.5641], [-60.9117, 45.5639]]], [[[-60.9317, 45.4946], [-60.9314, 45.4948], [-60.9318, 45.4948], [-60.9317, 45.4946]]], [[[-60.9776, 45.539], [-60.9779, 45.5392], [-60.978, 45.5391], [-60.9776, 45.539]]], [[[-60.9083, 45.5795], [-60.908, 45.5796], [-60.9086, 45.5796], [-60.9083, 45.5795]]], [[[-60.2306, 45.7204], [-60.2302, 45.7207], [-60.2307, 45.7206], [-60.2306, 45.7204]]], [[[-60.9116, 45.5774], [-60.9116, 45.5777], [-60.9119, 45.5778], [-60.9116, 45.5774]]], [[[-60.9098, 45.5692], [-60.9097, 45.5694], [-60.9101, 45.5695], [-60.9098, 45.5692]]], [[[-60.8555, 45.6658], [-60.8556, 45.6662], [-60.8558, 45.6662], [-60.8555, 45.6658]]], [[[-60.9745, 45.4957], [-60.9748, 45.496], [-60.9747, 45.4958], [-60.9745, 45.4957]]], [[[-60.494, 45.6534], [-60.4944, 45.6537], [-60.4945, 45.6536], [-60.494, 45.6534]]], [[[-60.8999, 45.571], [-60.9002, 45.5713], [-60.9, 45.5709], [-60.8999, 45.571]]], [[[-61.2031, 45.5683], [-61.203, 45.5686], [-61.2035, 45.5684], [-61.2031, 45.5683]]], [[[-60.9593, 45.5324], [-60.9589, 45.5326], [-60.9593, 45.5326], [-60.9593, 45.5324]]], [[[-60.276, 45.7191], [-60.2756, 45.7195], [-60.2762, 45.7193], [-60.276, 45.7191]]], [[[-60.2966, 45.7234], [-60.2965, 45.7237], [-60.2969, 45.7236], [-60.2966, 45.7234]]], [[[-61.1615, 45.7118], [-61.1608, 45.7124], [-61.1615, 45.7118]]], [[[-61.1042, 45.6952], [-61.1044, 45.6955], [-61.1046, 45.6952], [-61.1042, 45.6952]]], [[[-60.9602, 45.534], [-60.9597, 45.5342], [-60.9605, 45.5341], [-60.9602, 45.534]]], [[[-60.9221, 45.5082], [-60.9219, 45.5083], [-60.9224, 45.5086], [-60.9221, 45.5082]]], [[[-60.7791, 45.7223], [-60.7791, 45.7226], [-60.7794, 45.7225], [-60.7791, 45.7223]]], [[[-60.9091, 45.5679], [-60.9087, 45.5682], [-60.9093, 45.5681], [-60.9091, 45.5679]]], [[[-60.9135, 45.5648], [-60.9131, 45.565], [-60.9137, 45.565], [-60.9135, 45.5648]]], [[[-60.9511, 45.6148], [-60.9507, 45.6151], [-60.9513, 45.615], [-60.9511, 45.6148]]], [[[-60.7675, 45.7075], [-60.7681, 45.7078], [-60.7679, 45.7075], [-60.7675, 45.7075]]], [[[-60.4959, 45.6553], [-60.4959, 45.6557], [-60.4964, 45.6555], [-60.4959, 45.6553]]], [[[-60.9559, 45.5319], [-60.9555, 45.5322], [-60.9563, 45.5319], [-60.9559, 45.5319]]], [[[-60.2157, 45.7221], [-60.2152, 45.7224], [-60.2159, 45.7222], [-60.2157, 45.7221]]], [[[-60.9183, 45.58], [-60.9186, 45.5802], [-60.919, 45.5799], [-60.9183, 45.58]]], [[[-61.2937, 45.5484], [-61.2936, 45.5487], [-61.2941, 45.5487], [-61.2937, 45.5484]]], [[[-61.2079, 45.5683], [-61.2074, 45.5685], [-61.2082, 45.5686], [-61.2079, 45.5683]]], [[[-60.5053, 45.6465], [-60.5054, 45.6468], [-60.5058, 45.6468], [-60.5053, 45.6465]]], [[[-61.2115, 45.567], [-61.2106, 45.5671], [-61.2115, 45.567]]], [[[-60.9614, 45.4957], [-60.9613, 45.4958], [-60.962, 45.4959], [-60.9614, 45.4957]]], [[[-60.2169, 45.722], [-60.2168, 45.7224], [-60.2172, 45.7222], [-60.2169, 45.722]]], [[[-60.2806, 45.7022], [-60.2804, 45.7025], [-60.2811, 45.7023], [-60.2806, 45.7022]]], [[[-60.8575, 45.6353], [-60.8568, 45.6353], [-60.8576, 45.6355], [-60.8575, 45.6353]]], [[[-60.8495, 45.6749], [-60.8496, 45.6754], [-60.8499, 45.6753], [-60.8495, 45.6749]]], [[[-60.4941, 45.6186], [-60.4939, 45.6188], [-60.4944, 45.6191], [-60.4941, 45.6186]]], [[[-61.2144, 45.5973], [-61.2151, 45.5977], [-61.2144, 45.5973]]], [[[-60.7359, 45.7346], [-60.7367, 45.7351], [-60.7359, 45.7346]]], [[[-60.9701, 45.5914], [-60.9698, 45.592], [-60.9702, 45.5917], [-60.9701, 45.5914]]], [[[-60.896, 45.4762], [-60.8954, 45.4765], [-60.8959, 45.4766], [-60.896, 45.4762]]], [[[-60.9215, 45.5083], [-60.9207, 45.5079], [-60.9215, 45.5083]]], [[[-61.2116, 45.5658], [-61.2112, 45.5662], [-61.2119, 45.5659], [-61.2116, 45.5658]]], [[[-60.9084, 45.566], [-60.9084, 45.5665], [-60.909, 45.5663], [-60.9084, 45.566]]], [[[-60.435, 45.6404], [-60.4357, 45.6409], [-60.435, 45.6404]]], [[[-61.2076, 45.5674], [-61.2063, 45.5677], [-61.2076, 45.5674]]], [[[-60.8524, 45.6641], [-60.8521, 45.6646], [-60.8528, 45.6647], [-60.8524, 45.6641]]], [[[-60.7355, 45.7299], [-60.7355, 45.7304], [-60.7361, 45.7303], [-60.7355, 45.7299]]], [[[-60.7979, 45.6933], [-60.7991, 45.6941], [-60.7979, 45.6933]]], [[[-61.0368, 45.4972], [-61.0384, 45.4975], [-61.0368, 45.4972]]], [[[-60.9946, 45.5941], [-60.9955, 45.5947], [-60.9946, 45.5941]]], [[[-60.6567, 45.5739], [-60.6558, 45.5741], [-60.6567, 45.5739]]], [[[-60.2468, 45.7184], [-60.2463, 45.7186], [-60.247, 45.719], [-60.2468, 45.7184]]], [[[-60.9514, 45.5154], [-60.9505, 45.5157], [-60.9514, 45.5154]]], [[[-60.9061, 45.5661], [-60.907, 45.5666], [-60.9061, 45.5661]]], [[[-61.0967, 45.6877], [-61.095, 45.6877], [-61.0967, 45.6877]]], [[[-61.0415, 45.7259], [-61.042, 45.7266], [-61.0415, 45.7259]]], [[[-61.0683, 45.6016], [-61.0688, 45.6025], [-61.0683, 45.6016]]], [[[-61.0397, 45.4961], [-61.0388, 45.4962], [-61.0397, 45.4961]]], [[[-60.9462, 45.5154], [-60.9475, 45.5158], [-60.9462, 45.5154]]], [[[-60.645, 45.5913], [-60.6445, 45.5924], [-60.645, 45.5913]]], [[[-61.1935, 45.5999], [-61.1919, 45.6001], [-61.1935, 45.5999]]], [[[-61.0673, 45.5996], [-61.0689, 45.5996], [-61.0673, 45.5996]]], [[[-60.2991, 45.7132], [-60.2982, 45.7126], [-60.2991, 45.7132]]], [[[-60.904, 45.5776], [-60.9053, 45.578], [-60.904, 45.5776]]], [[[-60.7991, 45.7106], [-60.8004, 45.7108], [-60.7991, 45.7106]]], [[[-61.0574, 45.5063], [-61.0563, 45.5066], [-61.0574, 45.5063]]], [[[-60.2994, 45.7127], [-60.3, 45.7115], [-60.2987, 45.7123], [-60.2994, 45.7127]]], [[[-61.0981, 45.6883], [-61.0986, 45.6909], [-61.0981, 45.6883]]], [[[-60.9153, 45.5788], [-60.9163, 45.5793], [-60.9153, 45.5788]]], [[[-60.9582, 45.532], [-60.9554, 45.5327], [-60.9582, 45.532]]], [[[-61.0703, 45.5894], [-61.0705, 45.5904], [-61.0703, 45.5894]]], [[[-61.0007, 45.5873], [-61.0001, 45.5883], [-61.0012, 45.588], [-61.0007, 45.5873]]], [[[-60.494, 45.6434], [-60.4933, 45.6446], [-60.4946, 45.644], [-60.494, 45.6434]]], [[[-60.9623, 45.5331], [-60.9632, 45.533], [-60.9617, 45.5323], [-60.9623, 45.5331]]], [[[-61.0872, 45.7052], [-61.0867, 45.706], [-61.0884, 45.7061], [-61.0872, 45.7052]]], [[[-60.2148, 45.7224], [-60.2131, 45.7234], [-60.2148, 45.7224]]], [[[-60.2792, 45.7017], [-60.282, 45.702], [-60.2792, 45.7017]]], [[[-61.1028, 45.5487], [-61.1036, 45.5499], [-61.1028, 45.5487]]], [[[-60.8974, 45.6324], [-60.8966, 45.6328], [-60.8986, 45.6332], [-60.8974, 45.6324]], [[-61.0826, 45.7066], [-61.081, 45.7061], [-61.0826, 45.7066]]], [[[-60.774, 45.7126], [-60.7734, 45.7135], [-60.7746, 45.7137], [-60.774, 45.7126]]], [[[-60.6449, 45.5798], [-60.6425, 45.5805], [-60.6449, 45.5798]]], [[[-60.6503, 45.5759], [-60.6507, 45.577], [-60.6521, 45.5764], [-60.6503, 45.5759]]], [[[-60.7734, 45.7148], [-60.7746, 45.7161], [-60.7734, 45.7148]]], [[[-60.7404, 45.5683], [-60.742, 45.5688], [-60.7404, 45.5683]]], [[[-60.2924, 45.7164], [-60.2902, 45.7177], [-60.2924, 45.7164]]], [[[-60.957, 45.5335], [-60.96, 45.5331], [-60.957, 45.5335]]], [[[-61.215, 45.5889], [-61.2137, 45.5891], [-61.2149, 45.5901], [-61.215, 45.5889]]], [[[-60.734, 45.73], [-60.7333, 45.7306], [-60.7352, 45.7309], [-60.734, 45.73]]], [[[-61.1324, 45.5476], [-61.1343, 45.5484], [-61.1324, 45.5476]]], [[[-61.0445, 45.4953], [-61.0455, 45.4959], [-61.047, 45.4948], [-61.0445, 45.4953]]], [[[-60.7809, 45.7233], [-60.7819, 45.7246], [-60.7833, 45.7237], [-60.7809, 45.7233]]], [[[-61.2174, 45.5656], [-61.2132, 45.5658], [-61.2174, 45.5656]]], [[[-61.0605, 45.5061], [-61.0588, 45.5072], [-61.0607, 45.507], [-61.0605, 45.5061]]], [[[-60.273, 45.7191], [-60.2756, 45.719], [-60.2733, 45.7182], [-60.273, 45.7191]]], [[[-60.2947, 45.7093], [-60.2934, 45.7098], [-60.2934, 45.7112], [-60.2947, 45.7093]]], [[[-60.4961, 45.6378], [-60.4976, 45.6378], [-60.4954, 45.637], [-60.4961, 45.6378]]], [[[-61.0779, 45.5798], [-61.0756, 45.5799], [-61.0784, 45.5806], [-61.0779, 45.5798]]], [[[-60.2983, 45.7141], [-60.2955, 45.7147], [-60.2983, 45.7141]]], [[[-60.6497, 45.5785], [-60.649, 45.5804], [-60.6498, 45.5807], [-60.6497, 45.5785]]], [[[-60.9355, 45.6196], [-60.9392, 45.6212], [-60.9355, 45.6196]]], [[[-61.0535, 45.5848], [-61.0573, 45.5849], [-61.0535, 45.5848]]], [[[-60.7742, 45.754], [-60.7739, 45.7571], [-60.7742, 45.754]]], [[[-61.1587, 45.7134], [-61.1535, 45.716], [-61.1587, 45.7134]]], [[[-60.9113, 45.5149], [-60.9142, 45.5156], [-60.9119, 45.5141], [-60.9113, 45.5149]]], [[[-61.1174, 45.5299], [-61.1201, 45.5317], [-61.1174, 45.5299]]], [[[-60.9574, 45.6091], [-60.9561, 45.6097], [-60.9582, 45.6111], [-60.9574, 45.6091]]], [[[-61.0781, 45.5841], [-61.0741, 45.585], [-61.0781, 45.5841]]], [[[-60.7376, 45.7949], [-60.7394, 45.7971], [-60.7405, 45.7949], [-60.7376, 45.7949]]], [[[-60.9794, 45.4902], [-60.9817, 45.4894], [-60.9792, 45.4888], [-60.9794, 45.4902]]], [[[-60.9976, 45.6114], [-60.9956, 45.612], [-60.9964, 45.6136], [-60.9976, 45.6114]]], [[[-61.1004, 45.5279], [-61.1, 45.5299], [-61.1022, 45.5299], [-61.1004, 45.5279]]], [[[-60.9004, 45.767], [-60.901, 45.7699], [-60.9023, 45.7673], [-60.9004, 45.767]]], [[[-61.0222, 45.613], [-61.0196, 45.6144], [-61.0217, 45.6156], [-61.0222, 45.613]]], [[[-61.1056, 45.5464], [-61.1095, 45.5478], [-61.1056, 45.5464]]], [[[-60.4904, 45.6414], [-60.493, 45.6438], [-60.4904, 45.6414]]], [[[-60.7907, 45.6923], [-60.7939, 45.6961], [-60.7907, 45.6923]]], [[[-60.8056, 45.6979], [-60.8097, 45.6997], [-60.8056, 45.6979]]], [[[-61.1518, 45.5236], [-61.1574, 45.5246], [-61.1518, 45.5236]]], [[[-61.223, 45.5807], [-61.2261, 45.5814], [-61.223, 45.5807]]], [[[-60.2916, 45.7144], [-60.2992, 45.7137], [-60.2916, 45.7144]]], [[[-61.0824, 45.5764], [-61.0882, 45.5773], [-61.0824, 45.5764]]], [[[-61.1515, 45.554], [-61.1557, 45.5545], [-61.1515, 45.554]]], [[[-61.0819, 45.5852], [-61.08, 45.5823], [-61.0819, 45.5852]]], [[[-60.488, 45.6221], [-60.4935, 45.6194], [-60.488, 45.6221]]], [[[-61.231, 45.6203], [-61.2351, 45.6219], [-61.231, 45.6203]]], [[[-60.7288, 45.7322], [-60.7326, 45.7306], [-60.7288, 45.7322]]], [[[-60.2309, 45.7164], [-60.2339, 45.7183], [-60.2309, 45.7164]]], [[[-61.1931, 45.5714], [-61.2028, 45.5704], [-61.1931, 45.5714]]], [[[-60.9239, 45.5835], [-60.9272, 45.5826], [-60.9239, 45.5835]]], [[[-60.7621, 45.709], [-60.7574, 45.7066], [-60.7621, 45.709]]], [[[-61.0084, 45.5928], [-61.0136, 45.5928], [-61.0084, 45.5928]]], [[[-60.9816, 45.7599], [-60.9894, 45.762], [-60.9878, 45.7569], [-60.9816, 45.7599]]], [[[-60.9966, 45.5905], [-61.0015, 45.5925], [-60.9966, 45.5905]]], [[[-60.793, 45.7091], [-60.7883, 45.7064], [-60.793, 45.7091]]], [[[-60.7678, 45.8042], [-60.7746, 45.8064], [-60.7678, 45.8042]]], [[[-60.8962, 45.4793], [-60.9042, 45.4781], [-60.8962, 45.4793]]], [[[-60.8144, 45.7], [-60.8085, 45.6963], [-60.8144, 45.7]]], [[[-60.7682, 45.7162], [-60.7645, 45.712], [-60.7682, 45.7162]]], [[[-60.9718, 45.6109], [-60.9792, 45.6098], [-60.9718, 45.6109]]], [[[-60.9968, 45.6186], [-61.0023, 45.6155], [-60.9968, 45.6186]]], [[[-60.919, 45.59], [-60.9113, 45.5843], [-60.919, 45.59]]], [[[-60.9578, 45.5943], [-60.976, 45.5939], [-60.9578, 45.5943]]], [[[-61.1357, 45.5451], [-61.1403, 45.5464], [-61.1429, 45.5386], [-61.1357, 45.5451]]], [[[-60.8648, 45.6603], [-60.8596, 45.6614], [-60.865, 45.6651], [-60.8648, 45.6603]]], [[[-60.833, 45.6768], [-60.8483, 45.6765], [-60.833, 45.6768]]], [[[-60.9066, 45.5814], [-60.9231, 45.5841], [-60.9066, 45.5814]]], [[[-61.1077, 45.5325], [-61.1282, 45.5355], [-61.1077, 45.5325]]], [[[-61.1891, 45.5805], [-61.1975, 45.5825], [-61.1838, 45.5745], [-61.1891, 45.5805]]], [[[-61.1987, 45.5627], [-61.2267, 45.561], [-61.1987, 45.5627]]], [[[-61.0586, 45.4988], [-61.0377, 45.4958], [-61.0586, 45.4988]]], [[[-60.7867, 45.7188], [-60.7746, 45.7082], [-60.7867, 45.7188]]], [[[-60.7582, 45.7694], [-60.7716, 45.7584], [-60.7582, 45.7694]]], [[[-60.8037, 45.5963], [-60.8062, 45.6036], [-60.8175, 45.5963], [-60.8037, 45.5963]]], [[[-61.19, 45.5852], [-61.2183, 45.5836], [-61.19, 45.5852]]], [[[-61.0913, 45.5206], [-61.1378, 45.5301], [-61.0913, 45.5206]]], [[[-60.9997, 45.6038], [-61.0237, 45.6008], [-60.9997, 45.6038]]], [[[-61.0822, 45.5109], [-61.1046, 45.5088], [-61.0822, 45.5109]]], [[[-61.2144, 45.5782], [-61.2363, 45.5748], [-61.2144, 45.5782]]], [[[-60.9158, 45.5151], [-60.9478, 45.5194], [-60.9616, 45.4847], [-60.9275, 45.4834], [-60.9158, 45.5151]]], [[[-61.1457, 45.5484], [-61.2003, 45.5267], [-61.1398, 45.5301], [-61.1457, 45.5484]]], [[[-60.8906, 45.5769], [-61.0224, 45.5944], [-61.137, 45.5541], [-61.1032, 45.5573], [-61.1175, 45.5374], [-61.0819, 45.5339], [-61.0918, 45.5137], [-60.9894, 45.5124], [-61.0344, 45.4816], [-61.0078, 45.4669], [-60.9524, 45.5156], [-60.9841, 45.5181], [-60.9877, 45.5385], [-60.897, 45.5578], [-60.9212, 45.5659], [-60.8906, 45.5769]]], [[[-60.2271, 45.7268], [-60.6774, 45.8216], [-60.748, 45.7892], [-60.7439, 45.7516], [-60.768, 45.7577], [-60.7388, 45.7424], [-60.78, 45.7487], [-60.7236, 45.731], [-60.7467, 45.7314], [-60.74, 45.6887], [-60.7776, 45.706], [-60.7828, 45.681], [-60.8532, 45.6688], [-60.827, 45.6547], [-60.8786, 45.6618], [-60.8003, 45.7019], [-60.8296, 45.7282], [-60.81, 45.7347], [-60.9404, 45.7717], [-61.0922, 45.6854], [-61.1076, 45.6947], [-61.0895, 45.7021], [-61.1633, 45.711], [-61.3735, 45.6047], [-61.2878, 45.548], [-61.2949, 45.5784], [-61.2245, 45.5887], [-61.2423, 45.5902], [-61.2396, 45.6267], [-61.2213, 45.5996], [-61.1568, 45.5919], [-61.2012, 45.5687], [-61.1661, 45.5648], [-61.0693, 45.5914], [-61.0801, 45.6052], [-61.026, 45.5985], [-61.013, 45.6095], [-61.0395, 45.6361], [-60.9896, 45.6147], [-60.9482, 45.6262], [-60.9772, 45.6391], [-60.9227, 45.6219], [-60.8938, 45.6382], [-60.9184, 45.6641], [-60.8469, 45.6348], [-60.8641, 45.6425], [-60.8721, 45.6198], [-60.764, 45.6085], [-60.7467, 45.573], [-60.6861, 45.5661], [-60.685, 45.5882], [-60.6233, 45.6133], [-60.4967, 45.6313], [-60.5125, 45.6459], [-60.4931, 45.6602], [-60.4967, 45.6321], [-60.4008, 45.6518], [-60.2967, 45.7078], [-60.3089, 45.7334], [-60.2671, 45.7192], [-60.2979, 45.7067], [-60.2787, 45.7027], [-60.2271, 45.7268]]]]}}, {"type": "Feature", "properties": {"osm_type": "relation", "osm_id": 296217643, "name": "Cape Breton", "admin_level": "6", "kind": "subdivision_2", "parent_osm_id": 390558, "parent_name": "Nova Scotia", "parent_iso": "CA-NS"}, "geometry": {"type": "MultiPolygon", "coordinates": [[[[-59.9553, 45.906], [-59.9553, 45.9062], [-59.9555, 45.9062], [-59.9553, 45.906]]], [[[-59.8364, 45.9437], [-59.8363, 45.9439], [-59.8367, 45.9438], [-59.8364, 45.9437]]], [[[-59.9531, 45.908], [-59.953, 45.9082], [-59.9533, 45.9082], [-59.9531, 45.908]]], [[[-59.9299, 45.9137], [-59.9298, 45.9139], [-59.93, 45.914], [-59.9299, 45.9137]]], [[[-59.7644, 45.999], [-59.7641, 45.9993], [-59.7644, 45.9993], [-59.7644, 45.999]]], [[[-60.0957, 45.8179], [-60.0958, 45.8181], [-60.0961, 45.818], [-60.0957, 45.8179]]], [[[-59.9536, 45.9084], [-59.9533, 45.9086], [-59.9536, 45.9086], [-59.9536, 45.9084]]], [[[-59.937, 45.9158], [-59.9368, 45.916], [-59.937, 45.916], [-59.937, 45.9158]]], [[[-59.8869, 46.0805], [-59.8866, 46.0807], [-59.887, 46.0806], [-59.8869, 46.0805]]], [[[-59.9587, 45.8947], [-59.9586, 45.895], [-59.9589, 45.895], [-59.9587, 45.8947]]], [[[-59.9299, 45.9152], [-59.9297, 45.9154], [-59.9301, 45.9154], [-59.9299, 45.9152]]], [[[-60.2278, 45.7652], [-60.2278, 45.7655], [-60.2281, 45.7655], [-60.2278, 45.7652]]], [[[-59.9076, 45.9291], [-59.9075, 45.9294], [-59.9078, 45.9293], [-59.9076, 45.9291]]], [[[-60.0729, 45.7951], [-60.0728, 45.7955], [-60.0732, 45.7953], [-60.0729, 45.7951]]], [[[-59.7886, 45.9439], [-59.7891, 45.9442], [-59.7891, 45.944], [-59.7886, 45.9439]]], [[[-60.1946, 45.7422], [-60.1948, 45.7425], [-60.195, 45.7421], [-60.1946, 45.7422]]], [[[-60.2455, 45.7346], [-60.2453, 45.7349], [-60.2458, 45.7346], [-60.2455, 45.7346]]], [[[-59.6976, 45.9942], [-59.6975, 45.9945], [-59.6979, 45.9945], [-59.6976, 45.9942]]], [[[-59.698, 45.9954], [-59.6977, 45.9957], [-59.6983, 45.9956], [-59.698, 45.9954]]], [[[-59.7984, 46.0078], [-59.798, 46.008], [-59.7987, 46.008], [-59.7984, 46.0078]]], [[[-59.968, 45.8988], [-59.9679, 45.899], [-59.9684, 45.899], [-59.968, 45.8988]]], [[[-59.8322, 45.9432], [-59.8323, 45.9434], [-59.8328, 45.9434], [-59.8322, 45.9432]]], [[[-60.1937, 45.7425], [-60.1939, 45.7427], [-60.1943, 45.7424], [-60.1937, 45.7425]]], [[[-59.9192, 45.9182], [-59.9188, 45.9185], [-59.9194, 45.9183], [-59.9192, 45.9182]]], [[[-60.2798, 46.3146], [-60.2802, 46.3149], [-60.2802, 46.3147], [-60.2798, 46.3146]]], [[[-60.2871, 46.2899], [-60.2869, 46.2902], [-60.2871, 46.2904], [-60.2871, 46.2899]]], [[[-60.1074, 45.769], [-60.1074, 45.7694], [-60.1076, 45.7692], [-60.1074, 45.769]]], [[[-59.841, 45.9482], [-59.8408, 45.9487], [-59.8412, 45.9482], [-59.841, 45.9482]]], [[[-59.9686, 45.8918], [-59.9693, 45.8919], [-59.969, 45.8917], [-59.9686, 45.8918]]], [[[-59.9864, 45.882], [-59.9861, 45.8822], [-59.9866, 45.8823], [-59.9864, 45.882]]], [[[-60.1962, 45.7428], [-60.196, 45.7432], [-60.1965, 45.7427], [-60.1962, 45.7428]]], [[[-59.7662, 45.9981], [-59.7654, 45.9983], [-59.7662, 45.9981]]], [[[-59.9171, 45.9259], [-59.9169, 45.9264], [-59.9173, 45.926], [-59.9171, 45.9259]]], [[[-59.7166, 45.9976], [-59.7164, 45.998], [-59.7169, 45.9978], [-59.7166, 45.9976]]], [[[-59.7123, 45.9951], [-59.7124, 45.9957], [-59.7126, 45.9955], [-59.7123, 45.9951]]], [[[-59.68, 46.0254], [-59.6795, 46.0256], [-59.6803, 46.0256], [-59.68, 46.0254]]], [[[-59.6973, 45.9975], [-59.6971, 45.9977], [-59.6977, 45.9977], [-59.6973, 45.9975]]], [[[-59.7875, 45.9507], [-59.7871, 45.9513], [-59.7876, 45.9509], [-59.7875, 45.9507]]], [[[-59.8341, 45.9423], [-59.8339, 45.9425], [-59.8343, 45.9428], [-59.8341, 45.9423]]], [[[-59.6971, 45.9938], [-59.697, 45.9943], [-59.6974, 45.9941], [-59.6971, 45.9938]]], [[[-59.791, 45.9597], [-59.7907, 45.9602], [-59.791, 45.9602], [-59.791, 45.9597]]], [[[-60.2923, 46.2883], [-60.2914, 46.2889], [-60.2923, 46.2883]]], [[[-59.7009, 45.9919], [-59.7004, 45.9919], [-59.7009, 45.9923], [-59.7009, 45.9919]]], [[[-59.7321, 45.9963], [-59.7318, 45.9965], [-59.7326, 45.9965], [-59.7321, 45.9963]]], [[[-59.6985, 45.9935], [-59.6987, 45.9941], [-59.6988, 45.9936], [-59.6985, 45.9935]]], [[[-59.8383, 45.9444], [-59.8381, 45.9449], [-59.8385, 45.9446], [-59.8383, 45.9444]]], [[[-60.2172, 45.7633], [-60.2168, 45.7636], [-60.2175, 45.7634], [-60.2172, 45.7633]]], [[[-60.146, 45.8398], [-60.1462, 45.8403], [-60.1465, 45.84], [-60.146, 45.8398]]], [[[-59.8329, 45.9421], [-59.8328, 45.9427], [-59.8332, 45.9424], [-59.8329, 45.9421]]], [[[-59.7698, 45.9971], [-59.7702, 45.9979], [-59.7698, 45.9971]]], [[[-59.8503, 45.9442], [-59.85, 45.9447], [-59.8506, 45.9444], [-59.8503, 45.9442]]], [[[-59.9081, 45.9293], [-59.9078, 45.9298], [-59.9083, 45.9298], [-59.9081, 45.9293]]], [[[-59.7078, 45.9929], [-59.7076, 45.9931], [-59.7082, 45.9935], [-59.7078, 45.9929]]], [[[-59.8036, 45.9439], [-59.8032, 45.9444], [-59.8037, 45.9443], [-59.8036, 45.9439]]], [[[-60.2877, 46.3], [-60.2877, 46.3008], [-60.2877, 46.3]]], [[[-60.2279, 45.7543], [-60.2283, 45.7551], [-60.2279, 45.7543]]], [[[-59.8122, 45.9419], [-59.8129, 45.9423], [-59.8122, 45.9419]]], [[[-60.0736, 45.7966], [-60.0729, 45.7969], [-60.0736, 45.7966]]], [[[-60.1954, 45.7433], [-60.195, 45.7437], [-60.1961, 45.7434], [-60.1954, 45.7433]]], [[[-60.149, 45.8754], [-60.1484, 45.8756], [-60.1495, 45.8757], [-60.149, 45.8754]]], [[[-59.7914, 45.9392], [-59.7902, 45.9393], [-59.7914, 45.9392]]], [[[-60.2193, 46.1594], [-60.2194, 46.16], [-60.2199, 46.1595], [-60.2193, 46.1594]]], [[[-59.8368, 45.9441], [-59.8361, 45.9443], [-59.8367, 45.9446], [-59.8368, 45.9441]]], [[[-60.3146, 46.3311], [-60.315, 46.3318], [-60.3146, 46.3311]]], [[[-60.2158, 45.7393], [-60.2152, 45.7396], [-60.216, 45.7397], [-60.2158, 45.7393]]], [[[-59.7194, 45.9963], [-59.7189, 45.9964], [-59.7193, 45.997], [-59.7194, 45.9963]]], [[[-59.6979, 45.9993], [-59.6972, 45.9996], [-59.6979, 45.9993]]], [[[-59.6986, 45.995], [-59.6983, 45.9952], [-59.699, 45.9956], [-59.6986, 45.995]]], [[[-59.6645, 46.0385], [-59.664, 46.0388], [-59.6649, 46.0388], [-59.6645, 46.0385]]], [[[-60.0614, 45.8038], [-60.0617, 45.8044], [-60.0619, 45.8039], [-60.0614, 45.8038]]], [[[-60.2394, 45.7447], [-60.2398, 45.7455], [-60.2394, 45.7447]]], [[[-59.8622, 45.9449], [-59.8624, 45.9457], [-59.8622, 45.9449]]], [[[-60.1662, 45.7525], [-60.1669, 45.7528], [-60.1662, 45.7525]]], [[[-60.2842, 46.3068], [-60.2839, 46.3076], [-60.2842, 46.3068]]], [[[-60.0611, 45.8051], [-60.061, 45.8057], [-60.0616, 45.8056], [-60.0611, 45.8051]]], [[[-60.0886, 45.7979], [-60.0881, 45.7982], [-60.0884, 45.7986], [-60.0886, 45.7979]]], [[[-59.8505, 45.9481], [-59.85, 45.9491], [-59.8505, 45.9481]]], [[[-59.7136, 45.9965], [-59.7147, 45.9971], [-59.7136, 45.9965]]], [[[-59.7102, 46.0181], [-59.7107, 46.0187], [-59.7102, 46.0181]]], [[[-60.6043, 45.8793], [-60.6028, 45.8801], [-60.6043, 45.8793]]], [[[-60.0709, 45.8055], [-60.0707, 45.8062], [-60.0715, 45.8057], [-60.0709, 45.8055]]], [[[-59.698, 45.9983], [-59.6991, 45.9991], [-59.698, 45.9983]]], [[[-60.0735, 45.7958], [-60.0724, 45.7966], [-60.0735, 45.7958]]], [[[-60.116, 45.7808], [-60.1148, 45.7817], [-60.116, 45.7808]]], [[[-59.8598, 45.9452], [-59.8591, 45.946], [-59.8598, 45.9452]]], [[[-59.7903, 45.9385], [-59.7922, 45.939], [-59.7903, 45.9385]]], [[[-59.8041, 45.9428], [-59.8056, 45.9431], [-59.8041, 45.9428]]], [[[-59.7733, 46.1776], [-59.7724, 46.1785], [-59.7733, 46.1776]]], [[[-60.2294, 45.7546], [-60.2294, 45.7556], [-60.2302, 45.7551], [-60.2294, 45.7546]]], [[[-59.7328, 45.9955], [-59.7323, 45.9961], [-59.7328, 45.9955]]], [[[-60.0612, 45.8664], [-60.0601, 45.8657], [-60.0612, 45.8664]]], [[[-59.7415, 45.9929], [-59.7418, 45.9939], [-59.7415, 45.9929]]], [[[-59.8266, 45.9938], [-59.8255, 45.9943], [-59.8266, 45.9938]]], [[[-60.1059, 45.7681], [-60.1074, 45.7683], [-60.1059, 45.7681]]], [[[-59.8882, 46.0907], [-59.8869, 46.0913], [-59.8882, 46.0907]]], [[[-60.2057, 45.7499], [-60.2049, 45.7512], [-60.2057, 45.7499]]], [[[-59.7909, 45.9373], [-59.7894, 45.9379], [-59.7912, 45.9381], [-59.7909, 45.9373]]], [[[-60.0603, 45.8671], [-60.0596, 45.8663], [-60.0603, 45.8671]]], [[[-60.105, 45.7674], [-60.1033, 45.7683], [-60.105, 45.7674]]], [[[-60.0614, 45.8651], [-60.0623, 45.8658], [-60.0614, 45.8651]]], [[[-60.111, 45.7665], [-60.1116, 45.7658], [-60.1105, 45.7657], [-60.111, 45.7665]]], [[[-60.1483, 45.8639], [-60.1476, 45.865], [-60.1483, 45.8639]]], [[[-60.075, 45.7967], [-60.0738, 45.7973], [-60.075, 45.7967]]], [[[-59.6613, 46.0369], [-59.662, 46.038], [-59.6613, 46.0369]]], [[[-59.8906, 46.1081], [-59.891, 46.109], [-59.8906, 46.1081]]], [[[-60.1428, 45.7519], [-60.1419, 45.7529], [-60.1434, 45.7525], [-60.1428, 45.7519]]], [[[-59.7896, 45.9384], [-59.7888, 45.939], [-59.7907, 45.9389], [-59.7896, 45.9384]]], [[[-60.3956, 46.0143], [-60.3932, 46.0155], [-60.3956, 46.0143]]], [[[-60.1946, 45.7319], [-60.1964, 45.7314], [-60.1946, 45.7319]]], [[[-59.7748, 45.9983], [-59.7737, 45.9983], [-59.7738, 45.9995], [-59.7748, 45.9983]]], [[[-59.8891, 45.9345], [-59.8879, 45.9354], [-59.8897, 45.9351], [-59.8891, 45.9345]]], [[[-59.89, 46.1114], [-59.8894, 46.113], [-59.89, 46.1114]]], [[[-59.973, 45.8954], [-59.9727, 45.8974], [-59.9738, 45.8965], [-59.973, 45.8954]]], [[[-60.2899, 46.3396], [-60.2915, 46.3414], [-60.2899, 46.3396]]], [[[-59.9597, 45.898], [-59.9598, 45.8989], [-59.9619, 45.8986], [-59.9597, 45.898]]], [[[-59.8296, 45.9431], [-59.8309, 45.942], [-59.8293, 45.9422], [-59.8296, 45.9431]]], [[[-59.6951, 46.0149], [-59.6943, 46.0169], [-59.6951, 46.0149]]], [[[-59.9668, 45.8988], [-59.9643, 45.8999], [-59.9668, 45.8988]]], [[[-60.0655, 45.817], [-60.0684, 45.8177], [-60.0655, 45.817]]], [[[-59.8043, 45.9896], [-59.8078, 45.9891], [-59.8043, 45.9896]]], [[[-59.7684, 46.1804], [-59.7714, 46.1804], [-59.7684, 46.1804]]], [[[-59.6737, 46.0348], [-59.6716, 46.036], [-59.6745, 46.0357], [-59.6737, 46.0348]]], [[[-59.9952, 45.8725], [-59.9938, 45.8728], [-59.9952, 45.8751], [-59.9952, 45.8725]]], [[[-60.607, 45.9362], [-60.6109, 45.9376], [-60.607, 45.9362]]], [[[-59.9595, 45.8949], [-59.9625, 45.8947], [-59.9595, 45.8949]]], [[[-60.6214, 45.934], [-60.6251, 45.9297], [-60.6214, 45.934]]], [[[-60.3975, 46.1971], [-60.3937, 46.1993], [-60.3975, 46.1971]]], [[[-59.7931, 45.961], [-59.7922, 45.9628], [-59.7955, 45.9626], [-59.7931, 45.961]]], [[[-60.2224, 45.7475], [-60.2168, 45.7527], [-60.2224, 45.7475]]], [[[-60.5522, 45.9497], [-60.5477, 45.9529], [-60.5522, 45.9497]]], [[[-60.5432, 45.9537], [-60.5458, 45.9588], [-60.5432, 45.9537]]], [[[-60.1082, 45.7682], [-60.1166, 45.7653], [-60.1082, 45.7682]]], [[[-59.684, 46.0218], [-59.6891, 46.0213], [-59.684, 46.0218]]], [[[-60.2177, 45.7529], [-60.2228, 45.7552], [-60.2177, 45.7529]]], [[[-60.5665, 45.9551], [-60.5821, 45.9536], [-60.5665, 45.9551]]], [[[-60.5556, 45.9591], [-60.5621, 45.951], [-60.5514, 45.9542], [-60.5556, 45.9591]]], [[[-60.4215, 46.1623], [-60.4026, 46.1977], [-60.4215, 46.1623]]], [[[-59.8017, 46.1244], [-59.8827, 46.111], [-59.8848, 46.0723], [-59.8017, 46.1244]]], [[[-59.6742, 46.0341], [-59.7965, 46.0054], [-59.6995, 45.992], [-59.7124, 46.0221], [-59.6742, 46.0341]]], [[[-60.2865, 46.3096], [-60.2919, 46.3371], [-60.3451, 46.3229], [-60.3812, 46.2684], [-60.5059, 46.1902], [-60.4822, 46.1702], [-60.3782, 46.2402], [-60.3262, 46.2312], [-60.295, 46.2524], [-60.3063, 46.2821], [-60.2865, 46.3096]]], [[[-59.8158, 46.1795], [-59.8811, 46.192], [-59.9349, 46.1816], [-59.9151, 46.1775], [-59.9551, 46.1542], [-59.9341, 46.1843], [-59.9594, 46.1895], [-59.953, 46.2172], [-60.0428, 46.2289], [-60.0308, 46.2129], [-60.0867, 46.2061], [-60.0276, 46.2427], [-60.1266, 46.2675], [-60.2139, 46.2045], [-60.1979, 46.2105], [-60.2064, 46.154], [-60.1839, 46.1441], [-60.203, 46.1505], [-60.198, 46.1284], [-60.2443, 46.1034], [-60.2039, 46.137], [-60.23, 46.1476], [-60.2285, 46.1875], [-60.2707, 46.1707], [-60.2654, 46.1554], [-60.3226, 46.1395], [-60.3021, 46.1613], [-60.3273, 46.1577], [-60.2052, 46.2515], [-60.2665, 46.2678], [-60.279, 46.3145], [-60.32, 46.2093], [-60.36, 46.1896], [-60.3426, 46.2121], [-60.3886, 46.2024], [-60.432, 46.1427], [-60.8015, 45.9402], [-60.7447, 45.9338], [-60.7197, 45.8993], [-60.6642, 45.9068], [-60.6078, 45.9435], [-60.5432, 45.943], [-60.5889, 45.9554], [-60.3568, 46.03], [-60.6765, 45.8217], [-60.228, 45.7278], [-60.2225, 45.7473], [-60.252, 45.7348], [-60.2203, 45.7514], [-60.2412, 45.7516], [-60.2298, 45.7663], [-60.2149, 45.7506], [-60.0809, 45.804], [-60.0755, 45.8194], [-60.1246, 45.8235], [-60.1323, 45.8437], [-60.168, 45.8411], [-60.1505, 45.8784], [-59.9921, 45.8752], [-59.9799, 45.918], [-59.9225, 45.9156], [-59.9295, 45.934], [-59.8672, 45.9409], [-59.8661, 45.9585], [-59.7883, 45.951], [-59.8466, 45.9933], [-59.8297, 46.0136], [-59.9286, 46.006], [-59.9684, 46.0348], [-59.8904, 46.0589], [-59.8835, 46.0893], [-59.9137, 46.1051], [-59.8158, 46.1795]]]]}}, {"type": "Feature", "properties": {"osm_type": "relation", "osm_id": 432027046, "name": "Victoria", "admin_level": "6", "kind": "subdivision_2", "parent_osm_id": 390558, "parent_name": "Nova Scotia", "parent_iso": "CA-NS"}, "geometry": {"type": "MultiPolygon", "coordinates": [[[[-60.435, 47.0281], [-60.4349, 47.0283], [-60.4352, 47.0283], [-60.435, 47.0281]]], [[[-60.4489, 46.8959], [-60.4489, 46.8961], [-60.4491, 46.8962], [-60.4489, 46.8959]]], [[[-60.4572, 46.8897], [-60.4571, 46.8899], [-60.4574, 46.8898], [-60.4572, 46.8897]]], [[[-60.3866, 46.3727], [-60.3867, 46.3731], [-60.3868, 46.3728], [-60.3866, 46.3727]]], [[[-60.615, 46.3022], [-60.6152, 46.3024], [-60.6153, 46.3021], [-60.615, 46.3022]]], [[[-60.5316, 46.2186], [-60.5315, 46.2188], [-60.5319, 46.2186], [-60.5316, 46.2186]]], [[[-60.4078, 47.0337], [-60.4077, 47.034], [-60.4081, 47.0338], [-60.4078, 47.0337]]], [[[-60.8697, 46.0896], [-60.8698, 46.0897], [-60.8703, 46.0897], [-60.8697, 46.0896]]], [[[-60.3176, 46.7825], [-60.3173, 46.7827], [-60.3177, 46.7827], [-60.3176, 46.7825]]], [[[-60.9289, 46.0527], [-60.9291, 46.053], [-60.9292, 46.0528], [-60.9289, 46.0527]]], [[[-60.357, 46.6878], [-60.3573, 46.6881], [-60.3573, 46.6878], [-60.357, 46.6878]]], [[[-60.4516, 46.4654], [-60.4513, 46.4658], [-60.4516, 46.4657], [-60.4516, 46.4654]]], [[[-60.3242, 46.7436], [-60.324, 46.7439], [-60.3243, 46.744], [-60.3242, 46.7436]]], [[[-60.3174, 46.8056], [-60.3179, 46.806], [-60.3181, 46.8057], [-60.3174, 46.8056]]], [[[-60.3829, 46.376], [-60.3827, 46.3761], [-60.3828, 46.3764], [-60.3829, 46.376]]], [[[-60.4654, 46.8678], [-60.4661, 46.8684], [-60.4654, 46.8678]]], [[[-60.3377, 46.6815], [-60.3376, 46.6818], [-60.3381, 46.6817], [-60.3377, 46.6815]]], [[[-60.4556, 46.871], [-60.4548, 46.8707], [-60.4556, 46.871]]], [[[-60.3171, 46.7834], [-60.3173, 46.7838], [-60.3175, 46.7833], [-60.3171, 46.7834]]], [[[-60.866, 46.0865], [-60.8659, 46.0868], [-60.8664, 46.0866], [-60.866, 46.0865]]], [[[-60.6155, 46.3023], [-60.6152, 46.3026], [-60.6159, 46.3026], [-60.6155, 46.3023]]], [[[-60.453, 46.873], [-60.453, 46.8735], [-60.4534, 46.8734], [-60.453, 46.873]]], [[[-60.5218, 46.2196], [-60.5211, 46.2198], [-60.5219, 46.2198], [-60.5218, 46.2196]]], [[[-60.1388, 47.2259], [-60.1387, 47.2265], [-60.139, 47.2262], [-60.1388, 47.2259]]], [[[-60.4305, 46.6301], [-60.4315, 46.6302], [-60.4305, 46.6301]]], [[[-60.5014, 46.9061], [-60.5017, 46.9066], [-60.5019, 46.9061], [-60.5014, 46.9061]]], [[[-60.1419, 47.1985], [-60.1418, 47.1989], [-60.1422, 47.199], [-60.1419, 47.1985]]], [[[-60.3234, 46.7494], [-60.3227, 46.7495], [-60.3237, 46.7494], [-60.3234, 46.7494]]], [[[-60.519, 46.223], [-60.5197, 46.223], [-60.5186, 46.2227], [-60.519, 46.223]]], [[[-60.488, 46.9034], [-60.4882, 46.9031], [-60.4876, 46.903], [-60.488, 46.9034]]], [[[-60.913, 45.9415], [-60.9127, 45.9419], [-60.9137, 45.9416], [-60.913, 45.9415]]], [[[-60.3689, 46.389], [-60.3687, 46.3892], [-60.3695, 46.3891], [-60.3689, 46.389]]], [[[-60.3157, 46.8069], [-60.3152, 46.807], [-60.316, 46.8072], [-60.3157, 46.8069]]], [[[-60.3365, 46.6872], [-60.3363, 46.6878], [-60.3368, 46.6875], [-60.3365, 46.6872]]], [[[-60.6159, 46.3013], [-60.6164, 46.3019], [-60.6159, 46.3013]]], [[[-60.3638, 46.3258], [-60.3643, 46.3252], [-60.3638, 46.3258]]], [[[-60.4806, 46.9113], [-60.4796, 46.9107], [-60.4806, 46.9113]]], [[[-60.4641, 46.875], [-60.4638, 46.8757], [-60.4641, 46.875]]], [[[-60.489, 46.9079], [-60.49, 46.9082], [-60.489, 46.9079]]], [[[-60.4702, 46.8861], [-60.4694, 46.8871], [-60.4702, 46.8861]]], [[[-60.8625, 46.0872], [-60.8623, 46.0882], [-60.8625, 46.0872]]], [[[-60.5069, 46.9081], [-60.5074, 46.9089], [-60.5069, 46.9081]]], [[[-60.3302, 46.686], [-60.3296, 46.6859], [-60.3299, 46.6865], [-60.3302, 46.686]]], [[[-60.778, 46.0698], [-60.7772, 46.0701], [-60.778, 46.0698]]], [[[-60.332, 46.6853], [-60.3327, 46.6857], [-60.332, 46.6853]]], [[[-60.8621, 46.0869], [-60.8615, 46.0884], [-60.8621, 46.0869]]], [[[-60.9576, 46.0293], [-60.9571, 46.0302], [-60.9576, 46.0293]]], [[[-60.3826, 46.6854], [-60.3832, 46.6859], [-60.3826, 46.6854]]], [[[-60.7369, 46.0798], [-60.738, 46.0801], [-60.7369, 46.0798]]], [[[-60.4915, 46.9081], [-60.4905, 46.9084], [-60.4915, 46.9081]]], [[[-60.863, 46.0893], [-60.8614, 46.0902], [-60.863, 46.0893]]], [[[-60.8672, 46.0897], [-60.8693, 46.09], [-60.8672, 46.0897]]], [[[-60.7137, 46.1193], [-60.7133, 46.1205], [-60.7137, 46.1193]]], [[[-60.9353, 46.0449], [-60.9341, 46.0454], [-60.9353, 46.0449]]], [[[-60.4936, 46.9132], [-60.4932, 46.9139], [-60.4942, 46.9138], [-60.4936, 46.9132]]], [[[-60.4576, 46.8901], [-60.4595, 46.89], [-60.4576, 46.8901]]], [[[-60.3513, 46.8847], [-60.3502, 46.8852], [-60.3513, 46.8847]]], [[[-60.6536, 46.0988], [-60.6526, 46.0999], [-60.6536, 46.0988]]], [[[-60.4127, 47.0363], [-60.4135, 47.0371], [-60.4127, 47.0363]]], [[[-60.9032, 46.0836], [-60.9015, 46.0841], [-60.9032, 46.0836]]], [[[-60.7347, 46.0788], [-60.7356, 46.0793], [-60.7347, 46.0788]]], [[[-60.4689, 46.9112], [-60.4695, 46.9123], [-60.4689, 46.9112]]], [[[-60.9891, 45.9571], [-60.9888, 45.9587], [-60.9891, 45.9571]]], [[[-60.4895, 46.9017], [-60.4896, 46.9029], [-60.4909, 46.9015], [-60.4895, 46.9017]]], [[[-60.4265, 46.631], [-60.4255, 46.6298], [-60.4265, 46.631]]], [[[-60.7513, 46.0773], [-60.7512, 46.0783], [-60.7523, 46.0782], [-60.7513, 46.0773]]], [[[-60.8731, 46.0857], [-60.8708, 46.0868], [-60.8731, 46.0857]]], [[[-60.8653, 46.0875], [-60.8613, 46.0894], [-60.8653, 46.0875]]], [[[-60.947, 46.0366], [-60.9451, 46.0376], [-60.947, 46.0366]]], [[[-60.3501, 46.655], [-60.349, 46.6556], [-60.3501, 46.655]]], [[[-60.7164, 46.1152], [-60.7152, 46.1171], [-60.7164, 46.1152]]], [[[-60.4717, 46.8854], [-60.4708, 46.8866], [-60.4728, 46.8856], [-60.4717, 46.8854]]], [[[-60.9497, 45.902], [-60.9492, 45.9034], [-60.9508, 45.9026], [-60.9497, 45.902]]], [[[-60.4624, 46.9219], [-60.4616, 46.9201], [-60.461, 46.9209], [-60.4624, 46.9219]]], [[[-60.9071, 46.077], [-60.9061, 46.0773], [-60.9086, 46.079], [-60.9071, 46.077]]], [[[-60.4804, 46.919], [-60.482, 46.9192], [-60.4791, 46.9177], [-60.4804, 46.919]]], [[[-60.4758, 46.9232], [-60.4727, 46.9245], [-60.4758, 46.9232]]], [[[-60.9378, 45.9099], [-60.9377, 45.9115], [-60.9399, 45.9111], [-60.9378, 45.9099]]], [[[-60.3514, 46.8857], [-60.3506, 46.8876], [-60.3523, 46.8874], [-60.3514, 46.8857]]], [[[-60.8411, 46.0505], [-60.8387, 46.052], [-60.8412, 46.0514], [-60.8411, 46.0505]]], [[[-60.8584, 46.0571], [-60.8545, 46.0587], [-60.8584, 46.0571]]], [[[-60.4938, 46.9032], [-60.4973, 46.9019], [-60.4938, 46.9032]]], [[[-60.4315, 46.8782], [-60.433, 46.8785], [-60.4318, 46.8759], [-60.4315, 46.8782]]], [[[-60.4285, 46.876], [-60.4306, 46.8754], [-60.4266, 46.8743], [-60.4285, 46.876]]], [[[-60.8664, 46.0524], [-60.862, 46.0548], [-60.8664, 46.0524]]], [[[-60.1399, 47.2275], [-60.1413, 47.2252], [-60.1389, 47.225], [-60.1399, 47.2275]]], [[[-60.4996, 46.2312], [-60.4968, 46.2345], [-60.4996, 46.2312]]], [[[-60.4944, 46.9047], [-60.5007, 46.9015], [-60.4944, 46.9047]]], [[[-60.4827, 46.9114], [-60.4873, 46.9144], [-60.4827, 46.9114]]], [[[-60.524, 46.2144], [-60.5306, 46.2128], [-60.524, 46.2144]]], [[[-60.9039, 46.0821], [-60.9092, 46.0809], [-60.9057, 46.0777], [-60.9039, 46.0821]]], [[[-60.3963, 46.3641], [-60.389, 46.3706], [-60.3963, 46.3641]]], [[[-60.495, 46.9114], [-60.5004, 46.907], [-60.4941, 46.907], [-60.495, 46.9114]]], [[[-60.3705, 46.3868], [-60.3825, 46.3766], [-60.3705, 46.3868]]], [[[-60.7417, 46.0978], [-60.7504, 46.0924], [-60.7417, 46.0978]]], [[[-60.9633, 45.9139], [-60.9695, 45.9099], [-60.9633, 45.9139]]], [[[-60.9425, 45.9103], [-60.9566, 45.9115], [-60.9473, 45.9055], [-60.9425, 45.9103]]], [[[-60.3382, 46.6853], [-60.3473, 46.6836], [-60.3382, 46.6853]]], [[[-60.4579, 46.9202], [-60.456, 46.9038], [-60.4579, 46.9202]]], [[[-60.1399, 47.2246], [-60.1629, 47.1836], [-60.1399, 47.2246]]], [[[-60.3516, 46.3252], [-60.5521, 46.1874], [-60.666, 46.0737], [-60.5979, 46.091], [-60.4822, 46.1702], [-60.5059, 46.1902], [-60.3812, 46.2684], [-60.3516, 46.3252]]], [[[-60.7495, 46.0752], [-60.8344, 46.05], [-60.8756, 46.0113], [-60.843, 46.0533], [-60.925, 46.0383], [-60.8868, 46.0253], [-60.9807, 45.9968], [-60.9941, 45.9373], [-60.97, 45.9148], [-60.9047, 45.9451], [-60.9417, 45.9224], [-60.9095, 45.9194], [-60.8135, 45.9461], [-60.8179, 45.9824], [-60.7396, 46.0585], [-60.7495, 46.0752]]], [[[-60.3921, 47.0298], [-60.4231, 47.0339], [-60.4697, 46.9953], [-60.5581, 47.0269], [-60.7473, 46.5052], [-61.0511, 46.1148], [-60.9818, 45.9996], [-60.8822, 46.0944], [-60.861, 46.0839], [-60.8909, 46.0647], [-60.7534, 46.0935], [-60.7071, 46.1297], [-60.7167, 46.0942], [-60.6383, 46.1212], [-60.6145, 46.1346], [-60.6398, 46.1484], [-60.5984, 46.1479], [-60.5313, 46.2219], [-60.4169, 46.2924], [-60.415, 46.3422], [-60.4479, 46.3457], [-60.5383, 46.2915], [-60.6029, 46.2022], [-60.5979, 46.2242], [-60.6212, 46.2066], [-60.5907, 46.2556], [-60.624, 46.264], [-60.6081, 46.2669], [-60.6168, 46.3029], [-60.6007, 46.2684], [-60.5467, 46.308], [-60.5412, 46.2897], [-60.5223, 46.3737], [-60.4581, 46.4307], [-60.4086, 46.5493], [-60.3512, 46.6151], [-60.4334, 46.6328], [-60.3494, 46.6536], [-60.405, 46.6749], [-60.3434, 46.7008], [-60.3663, 46.711], [-60.3252, 46.7441], [-60.3306, 46.8063], [-60.3029, 46.8505], [-60.3512, 46.8845], [-60.4651, 46.8674], [-60.464, 46.8845], [-60.4317, 46.8815], [-60.4801, 46.8847], [-60.4528, 46.9034], [-60.5213, 46.9014], [-60.4662, 46.936], [-60.4589, 46.9215], [-60.4606, 46.9504], [-60.3921, 47.0298]]]]}}]}