{"type": "FeatureCollection", "parent": {"osm_id": 408105, "name": "Nordland", "admin_level": "4", "kind": "subdivision_1", "child_kind": "subdivision_2", "iso": "NO-18"}, "features": [{"type": "Feature", "properties": {"osm_type": "relation", "osm_id": 827887244, "name": "Steigen nor", "admin_level": "6", "kind": "subdivision_2", "parent_osm_id": 408105, "parent_name": "Nordland", "parent_iso": "NO-18"}, "geometry": {"type": "MultiPolygon", "coordinates": [[[[15.112, 67.6677], [15.0333, 67.6581], [15.0535, 67.6545], [15.0219, 67.652], [15.0159, 67.6487], [15.0277, 67.6498], [15.0139, 67.6451], [15.0098, 67.6379], [15.0588, 67.6449], [15.0723, 67.6403], [15.0978, 67.6458], [15.1274, 67.6622], [15.1295, 67.667], [15.112, 67.6677]]], [[[15.6162, 67.762], [15.506, 67.7683], [15.5019, 67.7642], [15.4694, 67.7625], [15.4477, 67.7558], [15.4275, 67.7578], [15.4051, 67.7484], [15.4466, 67.7334], [15.4706, 67.7175], [15.5609, 67.7198], [15.6189, 67.6976], [15.6524, 67.6913], [15.6529, 67.687], [15.6207, 67.6886], [15.5552, 67.7091], [15.5391, 67.7099], [15.5032, 67.7021], [15.5165, 67.6912], [15.5352, 67.6856], [15.5378, 67.6825], [15.525, 67.6821], [15.4769, 67.6978], [15.4634, 67.6953], [15.403, 67.7052], [15.4011, 67.7128], [15.3891, 67.7205], [15.3112, 67.7383], [15.2957, 67.7351], [15.284, 67.7218], [15.2618, 67.7177], [15.2576, 67.7085], [15.2607, 67.7078], [15.2475, 67.7019], [15.3295, 67.6988], [15.3382, 67.6918], [15.3273, 67.6873], [15.2763, 67.6915], [15.2318, 67.6858], [15.2182, 67.6702], [15.1845, 67.6585], [15.1751, 67.6498], [15.1787, 67.646], [15.1608, 67.6325], [15.1705, 67.6304], [15.1977, 67.6447], [15.2358, 67.6423], [15.2595, 67.6577], [15.3081, 67.6563], [15.3269, 67.6495], [15.3364, 67.6381], [15.3458, 67.6368], [15.376, 67.6545], [15.3725, 67.6581], [15.3807, 67.6663], [15.4015, 67.6638], [15.4264, 67.6458], [15.471, 67.6366], [15.496, 67.6426], [15.5087, 67.6544], [15.5213, 67.657], [15.5565, 67.6436], [15.6293, 67.6741], [15.7233, 67.6673], [15.7128, 67.674], [15.7145, 67.6786], [15.7264, 67.6809], [15.7193, 67.6866], [15.7212, 67.6998], [15.7284, 67.7045], [15.6242, 67.7113], [15.6175, 67.724], [15.627, 67.7299], [15.6077, 67.7386], [15.6162, 67.762]]], [[[14.7156, 67.822], [14.6873, 67.8122], [14.667, 67.8117], [14.6718, 67.8091], [14.6678, 67.8073], [14.6563, 67.8086], [14.6597, 67.8073], [14.6536, 67.8063], [14.6533, 67.8019], [14.6759, 67.8079], [14.7026, 67.8074], [14.7002, 67.8105], [14.7066, 67.8089], [14.7156, 67.822]]], [[[15.8663, 67.7769], [15.8681, 67.7838], [15.9015, 67.7924], [15.9022, 67.8025], [15.9111, 67.805], [15.8703, 67.8134], [15.8655, 67.8163], [15.8688, 67.8264], [15.8391, 67.8288], [15.8188, 67.8413], [15.7994, 67.8379], [15.742, 67.8475], [15.7535, 67.8543], [15.7623, 67.8672], [15.7527, 67.8783], [15.7062, 67.8991], [15.7231, 67.9171], [15.7202, 67.9273], [15.7467, 67.9271], [15.7551, 67.9317], [15.7547, 67.9426], [15.7403, 67.9491], [15.7199, 67.9504], [15.7378, 67.9581], [15.7358, 67.9695], [15.6422, 67.9593], [15.6522, 67.9513], [15.6098, 67.9531], [15.5875, 67.9493], [15.588, 67.9315], [15.5475, 67.9251], [15.5508, 67.9213], [15.5452, 67.9146], [15.5295, 67.9093], [15.5326, 67.9152], [15.5404, 67.9149], [15.5355, 67.9188], [15.5427, 67.9251], [15.5613, 67.9343], [15.5458, 67.942], [15.4422, 67.9293], [15.4612, 67.9261], [15.3835, 67.9159], [15.3344, 67.9016], [15.3307, 67.9042], [15.3338, 67.9078], [15.3578, 67.919], [15.3279, 67.9173], [15.2808, 67.9], [15.2732, 67.8918], [15.2739, 67.8854], [15.1949, 67.8525], [15.1752, 67.8485], [15.1915, 67.86], [15.1943, 67.8679], [15.1896, 67.8692], [15.2099, 67.8705], [15.2562, 67.8877], [15.2501, 67.8875], [15.2488, 67.8923], [15.2189, 67.8873], [15.2081, 67.8932], [15.202, 67.8906], [15.202, 67.8965], [15.2319, 67.9039], [15.1919, 67.8993], [15.183, 67.9022], [15.1749, 67.8978], [15.1823, 67.8963], [15.1348, 67.8926], [15.1152, 67.8996], [15.0873, 67.8994], [15.089, 67.9043], [15.1016, 67.9078], [15.0099, 67.907], [14.8492, 67.8779], [14.8858, 67.8835], [14.8885, 67.8815], [14.8709, 67.8754], [14.8919, 67.8759], [14.8818, 67.8715], [14.9048, 67.8728], [14.8303, 67.8595], [14.9184, 67.8602], [14.9632, 67.868], [14.976, 67.8633], [15.0899, 67.8754], [15.1049, 67.8738], [15.1075, 67.8696], [15.1164, 67.8748], [15.1076, 67.8756], [15.1164, 67.8761], [15.1238, 67.8704], [15.1347, 67.8709], [15.1346, 67.8659], [15.1136, 67.8703], [15.1028, 67.8644], [15.102, 67.8529], [15.0973, 67.8524], [15.0838, 67.8552], [15.0906, 67.8616], [15.0682, 67.8593], [15.0733, 67.8639], [15.0567, 67.8674], [15.0221, 67.8614], [15.0079, 67.8544], [14.9431, 67.8535], [14.884, 67.8424], [14.8969, 67.8352], [14.8836, 67.8307], [14.8101, 67.8487], [14.8067, 67.8467], [14.8128, 67.8477], [14.8114, 67.8445], [14.7983, 67.8414], [14.809, 67.8385], [14.8102, 67.8339], [14.7826, 67.8347], [14.7717, 67.8297], [14.7873, 67.8258], [14.7704, 67.8198], [14.7825, 67.8183], [14.7571, 67.8044], [14.7825, 67.8097], [14.7571, 67.7996], [14.778, 67.8047], [14.774, 67.7996], [14.7855, 67.8006], [14.7771, 67.796], [14.7896, 67.7935], [14.8382, 67.8059], [14.8507, 67.8035], [14.8389, 67.7991], [14.8457, 67.7969], [14.8362, 67.7945], [14.843, 67.791], [14.8356, 67.7889], [14.8552, 67.7915], [14.8457, 67.7884], [14.8707, 67.7905], [14.866, 67.7872], [14.8755, 67.7869], [14.8343, 67.7795], [14.8229, 67.7749], [14.8229, 67.7709], [14.8341, 67.7738], [14.8276, 67.7705], [14.8849, 67.7804], [14.8991, 67.7872], [14.8782, 67.7764], [15.0512, 67.7947], [15.0099, 67.7826], [14.9977, 67.7755], [15.0045, 67.7739], [14.9917, 67.7698], [15.0372, 67.7706], [15.0389, 67.768], [15.0268, 67.7657], [15.0193, 67.7587], [15.0693, 67.7639], [15.1448, 67.7629], [15.0962, 67.7514], [15.0463, 67.7514], [15.0483, 67.7483], [15.0395, 67.744], [15.0132, 67.7463], [15.0119, 67.7507], [14.9687, 67.7513], [14.9209, 67.7445], [14.8906, 67.7345], [14.8744, 67.7383], [14.8157, 67.7356], [14.8123, 67.7393], [14.7887, 67.7388], [14.7653, 67.7262], [14.7794, 67.7311], [14.7868, 67.7296], [14.7768, 67.7234], [14.8057, 67.7291], [14.8087, 67.7265], [14.8054, 67.7232], [14.8145, 67.7222], [14.798, 67.7165], [14.8745, 67.722], [14.8903, 67.7182], [14.8954, 67.7115], [14.8403, 67.6966], [14.7509, 67.6825], [14.7355, 67.6753], [14.747, 67.673], [14.7363, 67.6686], [14.778, 67.6672], [14.7653, 67.6586], [14.8083, 67.6609], [14.8359, 67.6551], [14.9185, 67.6587], [14.9487, 67.6647], [14.9736, 67.6757], [15.0563, 67.6881], [15.1008, 67.7078], [15.1149, 67.7099], [15.1136, 67.7061], [15.1446, 67.7185], [15.152, 67.715], [15.1682, 67.7173], [15.2088, 67.7385], [15.1994, 67.7393], [15.2068, 67.7431], [15.1906, 67.7446], [15.1995, 67.755], [15.2394, 67.7617], [15.2475, 67.7676], [15.2854, 67.7767], [15.314, 67.7926], [15.3801, 67.8039], [15.3781, 67.8082], [15.3889, 67.8261], [15.3988, 67.834], [15.3804, 67.8417], [15.3786, 67.8573], [15.3729, 67.8629], [15.3757, 67.8701], [15.3639, 67.8755], [15.3654, 67.8788], [15.389, 67.8706], [15.3919, 67.8642], [15.3884, 67.857], [15.4, 67.8422], [15.4251, 67.8458], [15.4337, 67.8518], [15.4246, 67.8557], [15.4256, 67.8741], [15.4367, 67.8661], [15.4429, 67.8531], [15.455, 67.8525], [15.4512, 67.8469], [15.4549, 67.8428], [15.4486, 67.8331], [15.422, 67.8232], [15.4197, 67.8258], [15.4269, 67.8309], [15.4229, 67.8334], [15.4129, 67.8243], [15.4152, 67.8209], [15.4387, 67.8092], [15.4597, 67.8126], [15.4579, 67.806], [15.4629, 67.8031], [15.502, 67.7979], [15.5016, 67.7946], [15.5126, 67.7911], [15.5894, 67.7796], [15.6121, 67.7882], [15.6064, 67.784], [15.6155, 67.7794], [15.6648, 67.7725], [15.7219, 67.7518], [15.7378, 67.7615], [15.7323, 67.7688], [15.7244, 67.7703], [15.7286, 67.7793], [15.791, 67.7831], [15.7951, 67.7785], [15.829, 67.7724], [15.8663, 67.7769]]], [[[15.1068, 68.0013], [15.0993, 68.0022], [15.1054, 68.0001], [15.1006, 67.997], [15.1047, 67.9955], [15.0836, 67.9914], [15.0815, 67.9827], [15.059, 67.9822], [15.0559, 67.9769], [15.0668, 67.9733], [15.0508, 67.9672], [14.9895, 67.9754], [14.9521, 67.9667], [14.9844, 67.9659], [14.9773, 67.9603], [14.9885, 67.9544], [14.9596, 67.9537], [14.9494, 67.9493], [14.9739, 67.9362], [14.9756, 67.9309], [14.9685, 67.9291], [14.9719, 67.9275], [14.9668, 67.9217], [14.976, 67.9219], [14.9576, 67.9153], [14.9794, 67.9219], [14.9631, 67.9141], [15.0235, 67.9223], [15.0303, 67.9165], [15.1023, 67.9214], [15.1329, 67.9188], [15.1207, 67.914], [15.1322, 67.9132], [15.1254, 67.9096], [15.1689, 67.9103], [15.2505, 67.9232], [15.2518, 67.9192], [15.2429, 67.9154], [15.2552, 67.9168], [15.3165, 67.9321], [15.3227, 67.9382], [15.3112, 67.9411], [15.3095, 67.9449], [15.3147, 67.9444], [15.3099, 67.9462], [15.2956, 67.9471], [15.2724, 67.9393], [15.3071, 67.9398], [15.254, 67.9299], [15.2472, 67.932], [15.2513, 67.9389], [15.2616, 67.9411], [15.2582, 67.9453], [15.2633, 67.9468], [15.261, 67.9488], [15.2466, 67.9442], [15.2432, 67.9379], [15.2186, 67.9318], [15.2231, 67.941], [15.2395, 67.9409], [15.2296, 67.9435], [15.2303, 67.9478], [15.2439, 67.9478], [15.2365, 67.9517], [15.195, 67.9504], [15.1801, 67.9571], [15.1746, 67.9571], [15.178, 67.9522], [15.1236, 67.9569], [15.1403, 67.9607], [15.0955, 67.9804], [15.1272, 67.9929], [15.1238, 67.9988], [15.1068, 68.0013]]], [[[15.2252, 68.0452], [15.2135, 68.0353], [15.2292, 68.034], [15.2237, 68.0318], [15.2236, 68.0266], [15.2065, 68.0248], [15.1983, 68.0174], [15.1696, 68.0144], [15.1798, 68.0103], [15.1811, 68.0031], [15.1736, 68.0065], [15.1702, 68.0057], [15.1777, 68.0008], [15.1593, 68.0003], [15.1668, 67.9985], [15.1606, 67.9955], [15.1854, 67.9811], [15.1707, 67.9801], [15.1731, 67.9755], [15.184, 67.9742], [15.1768, 67.9707], [15.1972, 67.9671], [15.2129, 67.9715], [15.2094, 67.9682], [15.2203, 67.9674], [15.2401, 67.9734], [15.2387, 67.9665], [15.2432, 67.9658], [15.2401, 67.965], [15.253, 67.9652], [15.2605, 67.9706], [15.2891, 67.9669], [15.2932, 67.9723], [15.3021, 67.9712], [15.2948, 67.9851], [15.2879, 67.9845], [15.29, 67.9881], [15.2806, 67.9961], [15.2642, 67.9966], [15.2701, 67.9997], [15.2565, 68.0061], [15.2576, 68.0107], [15.2464, 68.0186], [15.2435, 68.0312], [15.2346, 68.0322], [15.2252, 68.0452]]]]}}, {"type": "Feature", "properties": {"osm_type": "relation", "osm_id": 963029025, "name": "Sørfold nor", "admin_level": "6", "kind": "subdivision_2", "parent_osm_id": 408105, "parent_name": "Nordland", "parent_iso": "NO-18"}, "geometry": {"type": "MultiPolygon", "coordinates": [[[[15.1607, 67.6174], [15.1372, 67.6159], [15.1362, 67.6095], [15.1479, 67.604], [15.2001, 67.5997], [15.2106, 67.6038], [15.1829, 67.6166], [15.1607, 67.6174]]], [[[15.1705, 67.6304], [15.2017, 67.6256], [15.2426, 67.6274], [15.2716, 67.6403], [15.2864, 67.6397], [15.2837, 67.6359], [15.2897, 67.6323], [15.3292, 67.6269], [15.3465, 67.6183], [15.38, 67.6166], [15.3815, 67.6117], [15.4068, 67.6067], [15.4383, 67.6115], [15.4267, 67.6023], [15.4554, 67.5948], [15.4455, 67.5844], [15.4464, 67.5798], [15.4397, 67.5783], [15.4398, 67.5877], [15.4331, 67.5852], [15.4327, 67.6003], [15.4005, 67.5988], [15.3651, 67.6043], [15.3063, 67.6209], [15.2412, 67.6167], [15.2378, 67.6147], [15.2405, 67.612], [15.2569, 67.6083], [15.2243, 67.604], [15.2149, 67.5987], [15.2289, 67.594], [15.2114, 67.5877], [15.2298, 67.5841], [15.2153, 67.5762], [15.2304, 67.5723], [15.2159, 67.5685], [15.2132, 67.5578], [15.2918, 67.5348], [15.3066, 67.5386], [15.3546, 67.5313], [15.3881, 67.5379], [15.4001, 67.5359], [15.4027, 67.5307], [15.4341, 67.5297], [15.4576, 67.536], [15.4555, 67.5325], [15.4729, 67.5306], [15.4727, 67.5245], [15.4968, 67.5224], [15.5192, 67.5103], [15.555, 67.5273], [15.6595, 67.5614], [15.7784, 67.5747], [15.7812, 67.5778], [15.7751, 67.5778], [15.7826, 67.5822], [15.8033, 67.5794], [15.8128, 67.584], [15.8477, 67.5861], [15.8479, 67.5905], [15.9184, 67.5944], [15.8832, 67.5929], [15.8585, 67.5863], [15.8563, 67.583], [15.8912, 67.5828], [15.889, 67.5782], [15.8775, 67.5756], [15.7977, 67.5728], [15.77, 67.564], [15.756, 67.5661], [15.674, 67.5529], [15.6394, 67.5357], [15.5835, 67.517], [15.5603, 67.4997], [15.5415, 67.4934], [15.5347, 67.4877], [15.5414, 67.4872], [15.5334, 67.487], [15.5265, 67.4798], [15.5543, 67.4713], [15.5943, 67.4795], [15.5642, 67.4659], [15.5158, 67.4594], [15.5171, 67.4454], [15.5532, 67.4338], [15.5539, 67.4243], [15.5781, 67.4169], [15.5753, 67.4124], [15.5815, 67.4097], [15.6361, 67.4115], [15.6653, 67.4208], [15.6601, 67.4262], [15.6652, 67.4304], [15.698, 67.4378], [15.7138, 67.4354], [15.7272, 67.441], [15.7159, 67.4349], [15.6936, 67.4349], [15.6897, 67.4298], [15.667, 67.4236], [15.6716, 67.4213], [15.6708, 67.4162], [15.6437, 67.4075], [15.7177, 67.3965], [15.7336, 67.3879], [15.752, 67.3855], [15.7663, 67.377], [15.76, 67.3732], [15.7683, 67.3676], [15.7506, 67.3688], [15.7638, 67.3639], [15.763, 67.3591], [15.7253, 67.3624], [15.7261, 67.3793], [15.7088, 67.3949], [15.6353, 67.4066], [15.5924, 67.3991], [15.6008, 67.3897], [15.6118, 67.3878], [15.6064, 67.3848], [15.6114, 67.3825], [15.6027, 67.3763], [15.6343, 67.3711], [15.6084, 67.3568], [15.5903, 67.3529], [15.5936, 67.3473], [15.5838, 67.3493], [15.5891, 67.3501], [15.5809, 67.3507], [15.5929, 67.3643], [15.5866, 67.3657], [15.5775, 67.358], [15.5855, 67.3683], [15.5824, 67.3756], [15.5445, 67.3715], [15.5493, 67.374], [15.5419, 67.3831], [15.5419, 67.4067], [15.5307, 67.4108], [15.5175, 67.4313], [15.4984, 67.4406], [15.491, 67.4373], [15.4745, 67.4445], [15.4746, 67.4511], [15.4793, 67.4516], [15.4748, 67.4578], [15.4789, 67.4794], [15.4574, 67.4794], [15.4544, 67.4916], [15.4488, 67.4941], [15.4082, 67.5004], [15.3788, 67.4997], [15.3745, 67.5015], [15.3762, 67.5053], [15.3682, 67.501], [15.3315, 67.502], [15.2842, 67.5096], [15.2815, 67.5076], [15.2894, 67.5019], [15.2787, 67.4968], [15.268, 67.4966], [15.2818, 67.5035], [15.2761, 67.506], [15.2641, 67.5017], [15.264, 67.4971], [15.24, 67.4966], [15.2199, 67.4887], [15.2261, 67.4793], [15.2037, 67.4642], [15.1523, 67.453], [15.1592, 67.4466], [15.1491, 67.4421], [15.1478, 67.4331], [15.1388, 67.4316], [15.1359, 67.4382], [15.1429, 67.4469], [15.1297, 67.4589], [15.1604, 67.4658], [15.1768, 67.4755], [15.1718, 67.485], [15.1445, 67.4906], [15.1442, 67.4947], [15.2418, 67.5079], [15.2008, 67.5156], [15.2052, 67.5245], [15.2012, 67.5299], [15.176, 67.5337], [15.1763, 67.5267], [15.1588, 67.5174], [15.1617, 67.515], [15.1412, 67.5149], [15.1314, 67.5027], [15.0669, 67.4894], [15.0636, 67.4842], [15.0871, 67.4766], [15.0776, 67.4711], [15.0833, 67.4604], [15.0914, 67.456], [15.0887, 67.4522], [15.1025, 67.4454], [15.0951, 67.4368], [15.0975, 67.4261], [15.0881, 67.4231], [15.1423, 67.4112], [15.2129, 67.4143], [15.2154, 67.4204], [15.1946, 67.4268], [15.2059, 67.4396], [15.2644, 67.4429], [15.2683, 67.4515], [15.2832, 67.4539], [15.3078, 67.4417], [15.3543, 67.4433], [15.3777, 67.4517], [15.4505, 67.4371], [15.487, 67.4127], [15.485, 67.4094], [15.4968, 67.3954], [15.4839, 67.3754], [15.4701, 67.3638], [15.5278, 67.3557], [15.5362, 67.3593], [15.5476, 67.3556], [15.5391, 67.3519], [15.5442, 67.3508], [15.536, 67.3432], [15.5779, 67.3434], [15.5889, 67.3366], [15.5931, 67.3202], [15.5711, 67.3129], [15.5721, 67.2942], [15.5943, 67.2883], [15.5713, 67.2646], [15.5824, 67.2566], [15.6093, 67.2568], [15.6525, 67.2702], [15.6891, 67.2758], [15.7404, 67.3081], [15.7825, 67.3148], [15.8265, 67.3099], [15.8224, 67.3038], [15.8388, 67.2977], [15.8373, 67.2848], [15.8705, 67.2886], [15.9886, 67.2862], [16.2494, 67.271], [16.3297, 67.2621], [16.0898, 67.4353], [16.1566, 67.5195], [16.4076, 67.534], [16.3169, 67.5645], [16.1486, 67.6426], [16.1658, 67.686], [16.1177, 67.7062], [16.0712, 67.7069], [16.1082, 67.7227], [16.107, 67.7291], [16.0715, 67.7181], [16.0652, 67.7222], [16.0512, 67.7217], [16.074, 67.7337], [16.057, 67.7374], [16.0319, 67.7218], [15.9925, 67.7128], [15.9867, 67.716], [15.9921, 67.7188], [15.9856, 67.7257], [16.009, 67.7397], [15.9842, 67.7495], [15.9799, 67.7551], [15.9826, 67.7589], [15.9703, 67.7657], [15.9544, 67.7684], [15.9356, 67.7599], [15.8889, 67.7664], [15.8663, 67.7769], [15.829, 67.7724], [15.7951, 67.7785], [15.791, 67.7831], [15.7286, 67.7793], [15.7244, 67.7703], [15.7323, 67.7688], [15.7378, 67.7615], [15.7219, 67.7518], [15.7692, 67.7455], [15.7872, 67.7385], [15.7907, 67.7319], [15.7831, 67.7186], [15.789, 67.7131], [15.8197, 67.7053], [15.8556, 67.7103], [15.8441, 67.7038], [15.8442, 67.6959], [15.8282, 67.6943], [15.8403, 67.6869], [15.8254, 67.6825], [15.8205, 67.6825], [15.8277, 67.6849], [15.8179, 67.6916], [15.8031, 67.6919], [15.796, 67.7007], [15.7725, 67.7033], [15.7601, 67.7146], [15.7579, 67.7313], [15.7007, 67.7327], [15.6345, 67.7517], [15.6162, 67.762], [15.6077, 67.7386], [15.627, 67.7299], [15.6175, 67.724], [15.6242, 67.7113], [15.7284, 67.7045], [15.7212, 67.6998], [15.7193, 67.6866], [15.7264, 67.6809], [15.7145, 67.6786], [15.7128, 67.674], [15.7233, 67.6673], [15.6293, 67.6741], [15.5565, 67.6436], [15.5213, 67.657], [15.5087, 67.6544], [15.496, 67.6426], [15.471, 67.6366], [15.4264, 67.6458], [15.4015, 67.6638], [15.3807, 67.6663], [15.3725, 67.6581], [15.376, 67.6545], [15.3458, 67.6368], [15.3364, 67.6381], [15.3269, 67.6495], [15.3081, 67.6563], [15.2595, 67.6577], [15.2358, 67.6423], [15.1977, 67.6447], [15.1705, 67.6304]]]]}}, {"type": "Feature", "properties": {"osm_type": "relation", "osm_id": 195119788, "name": "Andøy nor", "admin_level": "6", "kind": "subdivision_2", "parent_osm_id": 408105, "parent_name": "Nordland", "parent_iso": "NO-18"}, "geometry": {"type": "MultiPolygon", "coordinates": [[[[15.8488, 68.967], [15.7964, 68.9556], [15.7738, 68.9572], [15.7742, 68.9605], [15.7584, 68.9554], [15.732, 68.9616], [15.7305, 68.9655], [15.7353, 68.9655], [15.7377, 68.9714], [15.7218, 68.9723], [15.7191, 68.9634], [15.6195, 68.9527], [15.6222, 68.9482], [15.6422, 68.95], [15.6384, 68.9414], [15.6077, 68.9193], [15.6137, 68.9147], [15.6088, 68.9038], [15.6122, 68.9001], [15.602, 68.8956], [15.6115, 68.8895], [15.6356, 68.8861], [15.5948, 68.8839], [15.577, 68.8897], [15.5499, 68.8632], [15.5563, 68.8554], [15.6005, 68.8372], [15.6293, 68.8343], [15.6375, 68.8293], [15.6552, 68.8312], [15.6505, 68.8277], [15.6552, 68.8262], [15.6521, 68.8215], [15.6807, 68.8172], [15.7156, 68.8023], [15.7168, 68.7831], [15.7115, 68.7796], [15.7162, 68.7781], [15.7189, 68.7622], [15.7481, 68.7614], [15.7518, 68.7725], [15.7727, 68.7783], [15.7715, 68.7847], [15.7809, 68.79], [15.7965, 68.7915], [15.7755, 68.7975], [15.7537, 68.8122], [15.7865, 68.8242], [15.8048, 68.8185], [15.8253, 68.8193], [15.8193, 68.8298], [15.8348, 68.8396], [15.8422, 68.853], [15.8221, 68.8623], [15.8424, 68.8678], [15.8453, 68.8824], [15.8556, 68.8835], [15.8613, 68.8904], [15.8534, 68.8987], [15.8549, 68.9042], [15.8334, 68.9242], [15.8652, 68.9572], [15.8488, 68.967]]], [[[16.1364, 69.328], [16.1296, 69.322], [16.1164, 69.3243], [16.1197, 69.3278], [16.1096, 69.3145], [16.075, 69.3116], [16.0696, 69.3056], [16.0455, 69.2994], [16.015, 69.2953], [15.9902, 69.2983], [15.9942, 69.2942], [15.99, 69.2894], [15.9661, 69.2771], [15.895, 69.2641], [15.877, 69.2525], [15.8492, 69.2551], [15.8481, 69.2521], [15.864, 69.2476], [15.8407, 69.238], [15.8575, 69.2384], [15.8677, 69.2326], [15.8613, 69.227], [15.8378, 69.223], [15.8528, 69.2211], [15.8497, 69.2166], [15.8575, 69.2123], [15.8523, 69.2097], [15.8594, 69.2042], [15.8509, 69.1983], [15.8177, 69.1946], [15.8231, 69.1912], [15.7984, 69.1916], [15.8275, 69.187], [15.8112, 69.183], [15.8189, 69.1789], [15.8116, 69.1756], [15.8173, 69.1675], [15.7959, 69.1556], [15.7469, 69.1426], [15.728, 69.149], [15.7236, 69.1445], [15.7266, 69.1435], [15.7155, 69.1437], [15.7255, 69.138], [15.6846, 69.1376], [15.6846, 69.1419], [15.6784, 69.142], [15.6833, 69.1418], [15.6805, 69.1377], [15.664, 69.138], [15.6714, 69.1346], [15.6666, 69.1305], [15.6394, 69.1312], [15.6306, 69.1259], [15.6097, 69.1249], [15.6065, 69.1211], [15.61, 69.119], [15.5981, 69.118], [15.615, 69.1165], [15.6028, 69.1099], [15.5671, 69.1061], [15.5611, 69.0993], [15.5671, 69.0937], [15.5509, 69.0871], [15.5642, 69.0795], [15.5356, 69.0691], [15.5339, 69.0647], [15.5199, 69.0656], [15.5318, 69.0645], [15.5337, 69.0606], [15.5089, 69.0462], [15.5096, 69.0374], [15.4979, 69.0299], [15.5091, 69.0283], [15.4573, 69.0177], [15.4596, 69.0156], [15.4549, 69.0127], [15.4658, 69.003], [15.4309, 68.9859], [15.4344, 68.983], [15.4236, 68.9753], [15.4404, 68.9705], [15.4358, 68.969], [15.4408, 68.963], [15.4375, 68.9425], [15.4423, 68.9271], [15.428, 68.9037], [15.416, 68.8998], [15.4373, 68.8835], [15.4818, 68.8713], [15.5301, 68.8919], [15.5518, 68.906], [15.5723, 68.9234], [15.5892, 68.9525], [15.581, 68.9557], [15.5914, 68.9612], [15.5906, 68.9661], [15.6033, 68.9795], [15.5949, 68.9886], [15.5597, 68.9936], [15.5391, 69.0042], [15.584, 69.004], [15.6282, 68.9945], [15.623, 68.9905], [15.6293, 68.9858], [15.6254, 68.9841], [15.6378, 68.9855], [15.6391, 68.9819], [15.6178, 68.9751], [15.6228, 68.9681], [15.6324, 68.9659], [15.6447, 68.9699], [15.6392, 68.9721], [15.6502, 68.9804], [15.6411, 68.9812], [15.6501, 68.9848], [15.6658, 68.985], [15.668, 68.9813], [15.6636, 68.98], [15.6686, 68.9798], [15.6988, 68.9896], [15.6947, 68.9914], [15.7252, 68.9913], [15.7302, 68.9936], [15.7276, 68.9964], [15.7365, 68.9928], [15.7706, 69.012], [15.7816, 69.0089], [15.7784, 69.0112], [15.7818, 69.0123], [15.8133, 69.0127], [15.851, 69.0247], [15.8755, 69.0273], [15.8729, 69.0322], [15.8546, 69.0364], [15.8707, 69.041], [15.8706, 69.0502], [15.8832, 69.0461], [15.8856, 69.0526], [15.8957, 69.0525], [15.9075, 69.0647], [15.9004, 69.0655], [15.9044, 69.0673], [15.8981, 69.069], [15.9007, 69.0726], [15.9139, 69.0718], [15.9197, 69.0822], [15.9408, 69.0945], [15.9469, 69.0897], [15.9553, 69.0931], [15.9665, 69.109], [15.9962, 69.1178], [15.9999, 69.1227], [16.0132, 69.1216], [16.0085, 69.1289], [16.0465, 69.1355], [16.0644, 69.141], [16.0675, 69.1488], [16.0866, 69.1527], [16.1038, 69.1723], [16.0951, 69.1754], [16.0942, 69.1825], [16.0878, 69.1795], [16.0848, 69.188], [16.1104, 69.2055], [16.1014, 69.2067], [16.0965, 69.2137], [16.1114, 69.2229], [16.1194, 69.244], [16.1773, 69.2613], [16.1704, 69.2699], [16.1775, 69.2755], [16.1795, 69.2802], [16.1747, 69.2822], [16.1799, 69.2863], [16.1368, 69.3057], [16.1293, 69.3133], [16.1334, 69.3189], [16.1286, 69.3203], [16.1397, 69.3247], [16.1332, 69.3233], [16.1364, 69.328]]]]}}, {"type": "Feature", "properties": {"osm_type": "relation", "osm_id": 969507249, "name": "Vågan nor", "admin_level": "6", "kind": "subdivision_2", "parent_osm_id": 408105, "parent_name": "Nordland", "parent_iso": "NO-18"}, "geometry": {"type": "MultiPolygon", "coordinates": [[[[14.703, 68.1714], [14.6754, 68.1695], [14.6615, 68.1638], [14.6768, 68.1661], [14.654, 68.1595], [14.6718, 68.158], [14.6668, 68.1567], [14.6677, 68.1525], [14.6951, 68.1576], [14.7071, 68.1664], [14.7, 68.1702], [14.703, 68.1714]]], [[[14.7503, 68.2219], [14.7361, 68.2191], [14.7315, 68.2067], [14.7115, 68.1971], [14.7261, 68.1975], [14.7461, 68.1904], [14.7822, 68.1934], [14.7852, 68.1957], [14.7809, 68.1989], [14.7867, 68.1986], [14.8056, 68.216], [14.8172, 68.2103], [14.8062, 68.2035], [14.8189, 68.204], [14.8149, 68.2067], [14.833, 68.212], [14.8272, 68.2169], [14.7503, 68.2219]]], [[[15.0544, 68.3004], [15.0096, 68.2959], [14.9994, 68.292], [14.9805, 68.274], [15.0057, 68.2716], [14.9977, 68.2664], [15.0129, 68.2703], [15.005, 68.2655], [15.0136, 68.2651], [15.0504, 68.2741], [15.069, 68.2859], [15.0858, 68.2853], [15.0977, 68.2908], [15.0924, 68.2968], [15.0544, 68.3004]]], [[[14.9229, 68.3108], [14.8769, 68.302], [14.8695, 68.2952], [14.847, 68.2895], [14.8174, 68.2741], [14.8127, 68.2659], [14.7988, 68.2583], [14.8004, 68.2549], [14.7959, 68.2531], [14.8009, 68.2443], [14.7971, 68.2383], [14.8125, 68.2367], [14.8114, 68.2326], [14.8244, 68.2313], [14.8195, 68.2304], [14.8331, 68.2317], [14.8177, 68.2264], [14.8351, 68.2306], [14.8325, 68.2274], [14.8379, 68.2271], [14.8488, 68.2312], [14.8471, 68.2357], [14.8592, 68.2327], [14.8519, 68.2265], [14.8628, 68.2274], [14.8649, 68.2234], [14.8776, 68.2303], [14.8705, 68.2342], [14.8868, 68.248], [14.8841, 68.2504], [14.8921, 68.2536], [14.891, 68.2483], [14.9028, 68.2506], [14.8962, 68.2428], [14.9186, 68.2502], [14.9225, 68.2547], [14.9192, 68.2567], [14.9276, 68.2604], [14.9154, 68.2631], [14.9301, 68.2643], [14.9373, 68.2737], [14.8811, 68.2781], [14.9233, 68.2766], [14.9309, 68.28], [14.9357, 68.2764], [14.934, 68.2811], [14.9538, 68.2817], [14.9639, 68.2889], [14.9592, 68.297], [14.9453, 68.3034], [14.9382, 68.3017], [14.9323, 68.3061], [14.9415, 68.3062], [14.9229, 68.3108]]], [[[14.0869, 68.345], [14.0795, 68.3428], [14.0786, 68.3355], [14.1067, 68.3234], [14.0758, 68.3194], [14.0881, 68.3237], [14.0554, 68.3253], [14.0564, 68.3148], [14.0735, 68.3062], [14.0718, 68.3003], [14.0817, 68.3041], [14.0901, 68.2995], [14.1273, 68.3019], [14.1569, 68.308], [14.1468, 68.3011], [14.1507, 68.2986], [14.1449, 68.2962], [14.1505, 68.2952], [14.1306, 68.2916], [14.1528, 68.286], [14.132, 68.2853], [14.1657, 68.2719], [14.158, 68.2683], [14.2015, 68.257], [14.2387, 68.2613], [14.2719, 68.2861], [14.2727, 68.2994], [14.2512, 68.3103], [14.2439, 68.3214], [14.1872, 68.3271], [14.1682, 68.3343], [14.1719, 68.341], [14.16, 68.3384], [14.1532, 68.3457], [14.1042, 68.339], [14.0817, 68.3422], [14.0917, 68.3441], [14.0869, 68.345]]], [[[15.0341, 68.3371], [14.999, 68.3225], [14.9965, 68.3198], [15.001, 68.3194], [14.9804, 68.3158], [14.978, 68.3106], [14.9893, 68.3097], [14.9901, 68.3041], [15.0357, 68.2985], [15.0617, 68.311], [15.0557, 68.3045], [15.0679, 68.3086], [15.0614, 68.3009], [15.0827, 68.3032], [15.0984, 68.2993], [15.1021, 68.3044], [15.1075, 68.2993], [15.1291, 68.3082], [15.123, 68.3168], [15.1343, 68.3104], [15.1336, 68.3154], [15.1405, 68.3182], [15.1358, 68.3192], [15.1377, 68.3238], [15.1478, 68.3262], [15.1809, 68.3267], [15.1667, 68.3204], [15.184, 68.32], [15.174, 68.3173], [15.1718, 68.3134], [15.1775, 68.3133], [15.1988, 68.3311], [15.2181, 68.3346], [15.2232, 68.3398], [15.2226, 68.3359], [15.2277, 68.3362], [15.2493, 68.3544], [15.1145, 68.3489], [15.0943, 68.338], [15.0683, 68.3383], [15.0574, 68.3312], [15.0341, 68.3371]]], [[[14.553, 68.3949], [14.5362, 68.3962], [14.5186, 68.406], [14.481, 68.3936], [14.4375, 68.396], [14.4029, 68.389], [14.4179, 68.3858], [14.4032, 68.3855], [14.4093, 68.3815], [14.4039, 68.3825], [14.4019, 68.3795], [14.4081, 68.3802], [14.4028, 68.3777], [14.4084, 68.3793], [14.4033, 68.3773], [14.4179, 68.3776], [14.4068, 68.3755], [14.4421, 68.3763], [14.4352, 68.372], [14.4432, 68.3705], [14.4252, 68.3646], [14.4454, 68.3629], [14.4381, 68.3577], [14.4277, 68.3597], [14.4325, 68.3572], [14.4275, 68.3555], [14.4333, 68.3547], [14.4285, 68.3523], [14.4369, 68.355], [14.4376, 68.351], [14.442, 68.3552], [14.4436, 68.3522], [14.4377, 68.3501], [14.4416, 68.3478], [14.4594, 68.3514], [14.4833, 68.3475], [14.4849, 68.3519], [14.4579, 68.3611], [14.463, 68.3658], [14.4941, 68.351], [14.4813, 68.3442], [14.4991, 68.3339], [14.4911, 68.3311], [14.5092, 68.3289], [14.4841, 68.3286], [14.4987, 68.323], [14.4988, 68.3192], [14.4819, 68.3254], [14.4789, 68.3211], [14.4852, 68.3181], [14.4702, 68.3173], [14.4695, 68.3261], [14.4588, 68.328], [14.4701, 68.3335], [14.457, 68.3493], [14.4491, 68.3486], [14.4383, 68.3435], [14.4453, 68.3393], [14.4366, 68.3359], [14.4473, 68.3324], [14.4436, 68.3288], [14.4508, 68.3234], [14.4062, 68.3221], [14.4328, 68.3038], [14.4247, 68.3002], [14.3996, 68.3174], [14.4008, 68.327], [14.3892, 68.3343], [14.3683, 68.3414], [14.3321, 68.3419], [14.3253, 68.3283], [14.3079, 68.32], [14.3134, 68.3114], [14.3087, 68.3051], [14.3163, 68.2991], [14.3075, 68.2933], [14.3546, 68.2769], [14.3351, 68.2749], [14.3083, 68.28], [14.2854, 68.2762], [14.2776, 68.2703], [14.287, 68.2694], [14.2608, 68.2612], [14.2684, 68.2608], [14.2659, 68.2568], [14.271, 68.2545], [14.266, 68.2521], [14.2618, 68.2567], [14.2621, 68.2533], [14.2772, 68.2514], [14.2714, 68.2468], [14.281, 68.2468], [14.3876, 68.2628], [14.3243, 68.2492], [14.3284, 68.2479], [14.324, 68.2444], [14.2809, 68.246], [14.2749, 68.2438], [14.2809, 68.2443], [14.28, 68.2405], [14.2182, 68.2341], [14.21, 68.2285], [14.2163, 68.2266], [14.2122, 68.2143], [14.2212, 68.2114], [14.2208, 68.2056], [14.2344, 68.2034], [14.2146, 68.1957], [14.216, 68.1894], [14.2258, 68.1859], [14.2076, 68.1783], [14.2056, 68.1743], [14.2097, 68.1713], [14.2061, 68.1706], [14.2287, 68.1676], [14.2843, 68.1787], [14.34, 68.1802], [14.3478, 68.1833], [14.3385, 68.1893], [14.3566, 68.1886], [14.3344, 68.1953], [14.3425, 68.198], [14.3397, 68.2007], [14.3448, 68.2044], [14.3465, 68.1934], [14.3617, 68.1898], [14.3711, 68.195], [14.3679, 68.1884], [14.3842, 68.1915], [14.3787, 68.1968], [14.4044, 68.1944], [14.4032, 68.2007], [14.3902, 68.2009], [14.3988, 68.2047], [14.3912, 68.2049], [14.3985, 68.2064], [14.3939, 68.2108], [14.4028, 68.2095], [14.4022, 68.2147], [14.4162, 68.2087], [14.4313, 68.2088], [14.4185, 68.2019], [14.4332, 68.2043], [14.4432, 68.217], [14.4482, 68.2156], [14.4393, 68.2072], [14.4594, 68.2112], [14.4368, 68.2018], [14.4571, 68.2072], [14.4654, 68.2048], [14.4445, 68.2002], [14.4846, 68.2048], [14.4908, 68.2085], [14.483, 68.2074], [14.4787, 68.2122], [14.5, 68.2133], [14.4822, 68.2156], [14.5146, 68.2164], [14.5166, 68.2238], [14.5374, 68.219], [14.5348, 68.2218], [14.5426, 68.2277], [14.5351, 68.2315], [14.5459, 68.2378], [14.5331, 68.2396], [14.5571, 68.2414], [14.5558, 68.2453], [14.5629, 68.2492], [14.5753, 68.2443], [14.5495, 68.2363], [14.5564, 68.2357], [14.5516, 68.2295], [14.5588, 68.2324], [14.5512, 68.2272], [14.5561, 68.2233], [14.5567, 68.228], [14.5671, 68.2295], [14.5749, 68.2358], [14.5721, 68.2383], [14.5807, 68.2396], [14.5679, 68.2394], [14.5753, 68.2421], [14.5917, 68.2418], [14.5887, 68.2392], [14.632, 68.2457], [14.6335, 68.2354], [14.6375, 68.2348], [14.6471, 68.2379], [14.6448, 68.2435], [14.6543, 68.2444], [14.6475, 68.2359], [14.6644, 68.2366], [14.6708, 68.2401], [14.6719, 68.2472], [14.6627, 68.2499], [14.6563, 68.2457], [14.654, 68.2508], [14.627, 68.2555], [14.6364, 68.2616], [14.6411, 68.2617], [14.6392, 68.2581], [14.6451, 68.2611], [14.6425, 68.2635], [14.6543, 68.2641], [14.6483, 68.2686], [14.6537, 68.2694], [14.6595, 68.266], [14.6575, 68.2539], [14.6727, 68.2509], [14.6737, 68.2559], [14.6818, 68.2551], [14.6779, 68.2611], [14.6824, 68.267], [14.6778, 68.2683], [14.686, 68.2724], [14.6731, 68.2741], [14.6597, 68.2825], [14.6627, 68.2775], [14.6554, 68.2742], [14.6208, 68.2783], [14.632, 68.2865], [14.6471, 68.2837], [14.6497, 68.281], [14.6447, 68.28], [14.6483, 68.2794], [14.657, 68.2837], [14.6814, 68.2847], [14.6796, 68.2813], [14.6836, 68.2808], [14.6945, 68.2849], [14.6993, 68.2955], [14.7121, 68.3025], [14.7133, 68.3112], [14.7261, 68.3172], [14.701, 68.3227], [14.7223, 68.3222], [14.7079, 68.3254], [14.6614, 68.3204], [14.649, 68.3248], [14.6753, 68.3231], [14.7133, 68.3304], [14.7197, 68.3464], [14.7089, 68.3554], [14.7115, 68.3576], [14.7431, 68.3524], [14.7442, 68.3362], [14.7581, 68.3336], [14.7591, 68.3285], [14.8003, 68.3295], [14.7605, 68.3224], [14.7387, 68.313], [14.7504, 68.3131], [14.7301, 68.2971], [14.7329, 68.2893], [14.7254, 68.2803], [14.7147, 68.2778], [14.7289, 68.2764], [14.7207, 68.2737], [14.7263, 68.2709], [14.7199, 68.2686], [14.7261, 68.2617], [14.7221, 68.2574], [14.7276, 68.2616], [14.726, 68.2653], [14.7422, 68.2642], [14.7512, 68.2719], [14.7913, 68.2774], [14.8177, 68.2881], [14.8234, 68.2961], [14.8505, 68.2992], [14.8432, 68.2929], [14.8487, 68.2939], [14.8536, 68.3013], [14.8753, 68.3074], [14.8778, 68.3127], [14.9215, 68.3244], [14.8267, 68.3296], [14.8411, 68.3429], [14.836, 68.3465], [14.7557, 68.3607], [14.7258, 68.3725], [14.6638, 68.3688], [14.6505, 68.3599], [14.6272, 68.3575], [14.5915, 68.3639], [14.5688, 68.3801], [14.5645, 68.374], [14.5622, 68.3796], [14.5455, 68.3809], [14.5324, 68.3974], [14.553, 68.3949]]]]}}, {"type": "Feature", "properties": {"osm_type": "relation", "osm_id": 393227412, "name": "Tjeldsund nor", "admin_level": "6", "kind": "subdivision_2", "parent_osm_id": 408105, "parent_name": "Nordland", "parent_iso": "NO-18"}, "geometry": {"type": "MultiPolygon", "coordinates": [[[[16.3821, 68.5547], [16.337, 68.5568], [16.3062, 68.5529], [16.2917, 68.5443], [16.2624, 68.5483], [16.2328, 68.5452], [16.2174, 68.5318], [16.2216, 68.5313], [16.2226, 68.5248], [16.1775, 68.5151], [16.1844, 68.5104], [16.1749, 68.5081], [16.1764, 68.5043], [16.1708, 68.5064], [16.1685, 68.4998], [16.1799, 68.5001], [16.1465, 68.4955], [16.1487, 68.4901], [16.1442, 68.4885], [16.1496, 68.4803], [16.1636, 68.4759], [16.1289, 68.4727], [16.1247, 68.464], [16.1302, 68.4615], [16.1186, 68.455], [16.1182, 68.4495], [16.1193, 68.4462], [16.1407, 68.4505], [16.1554, 68.4462], [16.1877, 68.451], [16.2507, 68.4486], [16.221, 68.4433], [16.1845, 68.4471], [16.1411, 68.4447], [16.1274, 68.4401], [16.1344, 68.4357], [16.1228, 68.4255], [16.112, 68.4331], [16.1125, 68.4274], [16.0804, 68.4184], [16.0735, 68.4112], [16.1172, 68.4068], [16.0915, 68.3959], [16.1141, 68.4015], [16.1159, 68.3975], [16.1052, 68.3935], [16.1271, 68.3957], [16.1312, 68.3944], [16.1258, 68.3913], [16.1407, 68.391], [16.1239, 68.387], [16.1526, 68.3872], [16.1992, 68.3997], [16.2024, 68.4052], [16.2587, 68.4146], [16.2508, 68.417], [16.2652, 68.4226], [16.2994, 68.4177], [16.3337, 68.4189], [16.3236, 68.422], [16.3351, 68.4254], [16.3933, 68.4198], [16.4188, 68.4227], [16.4594, 68.4377], [16.4666, 68.4424], [16.4516, 68.4483], [16.4523, 68.4514], [16.423, 68.4564], [16.428, 68.464], [16.4795, 68.4684], [16.5128, 68.4661], [16.516, 68.4703], [16.5116, 68.4783], [16.4948, 68.4894], [16.434, 68.5088], [16.4506, 68.5148], [16.4606, 68.5266], [16.4337, 68.5325], [16.3821, 68.5547]]], [[[16.5813, 68.5418], [16.5572, 68.5511], [16.5535, 68.5577], [16.5221, 68.5605], [16.5007, 68.5516], [16.5146, 68.5502], [16.5041, 68.5465], [16.4746, 68.5402], [16.4618, 68.5419], [16.4701, 68.5377], [16.4644, 68.5349], [16.4727, 68.5233], [16.4507, 68.5074], [16.5021, 68.4982], [16.5307, 68.4827], [16.5242, 68.4641], [16.5128, 68.4581], [16.5164, 68.4532], [16.5011, 68.4467], [16.5472, 68.4511], [16.5576, 68.4473], [16.5669, 68.4548], [16.5531, 68.4597], [16.5609, 68.4678], [16.5526, 68.4759], [16.5537, 68.4903], [16.5678, 68.5016], [16.5769, 68.5031], [16.5566, 68.5242], [16.5648, 68.5366], [16.5813, 68.5418]]], [[[16.4569, 68.5572], [16.4542, 68.5633], [16.4578, 68.5675], [16.4298, 68.5803], [16.3957, 68.5797], [16.3623, 68.5868], [16.3546, 68.5941], [16.3291, 68.6025], [16.3058, 68.6027], [16.2681, 68.6311], [16.199, 68.6171], [16.1549, 68.6172], [16.1407, 68.6065], [16.1249, 68.6113], [16.1202, 68.6055], [16.0741, 68.6025], [16.0757, 68.5976], [16.0655, 68.593], [16.068, 68.5896], [16.063, 68.5836], [16.0243, 68.5771], [16.0301, 68.5679], [15.9967, 68.5557], [16.0066, 68.542], [16.052, 68.5302], [16.1151, 68.5389], [16.1167, 68.5455], [16.0881, 68.5524], [16.0902, 68.5576], [16.1102, 68.5549], [16.1294, 68.5484], [16.14, 68.5301], [16.1697, 68.5323], [16.1708, 68.5367], [16.1906, 68.5421], [16.2097, 68.5562], [16.246, 68.5648], [16.2861, 68.5563], [16.3188, 68.5598], [16.3096, 68.5617], [16.3141, 68.5653], [16.4044, 68.5685], [16.4569, 68.5572]]]]}}, {"type": "Feature", "properties": {"osm_type": "relation", "osm_id": 287907756, "name": "Beiarn nor", "admin_level": "6", "kind": "subdivision_2", "parent_osm_id": 408105, "parent_name": "Nordland", "parent_iso": "NO-18"}, "geometry": {"type": "Polygon", "coordinates": [[[15.0232, 66.9264], [14.9931, 66.9604], [14.9128, 67.0335], [14.7695, 67.0678], [14.7438, 67.0866], [14.7159, 67.0801], [14.7039, 67.0944], [14.6751, 67.1057], [14.6794, 67.1142], [14.661, 67.1274], [14.6242, 67.1169], [14.5924, 67.1158], [14.5465, 67.102], [14.4947, 67.1155], [14.4844, 67.1229], [14.4658, 67.118], [14.4452, 67.1193], [14.44, 67.1245], [14.4173, 67.1246], [14.3825, 67.138], [14.3671, 67.1235], [14.3462, 67.1144], [14.3379, 67.1044], [14.3373, 67.097], [14.3542, 67.0913], [14.3449, 67.0852], [14.3503, 67.0814], [14.3993, 67.096], [14.4244, 67.0902], [14.4264, 67.0861], [14.45, 67.0868], [14.4534, 67.084], [14.439, 67.0824], [14.4464, 67.0763], [14.4621, 67.0761], [14.4846, 67.068], [14.5021, 67.0764], [14.5841, 67.0714], [14.609, 67.0574], [14.6085, 67.0441], [14.6023, 67.042], [14.6106, 67.0385], [14.6116, 67.0328], [14.5782, 67.0294], [14.5566, 67.0183], [14.5719, 67.035], [14.5826, 67.0349], [14.5838, 67.0405], [14.5662, 67.0445], [14.5746, 67.0491], [14.5721, 67.0528], [14.5571, 67.0543], [14.5315, 67.0667], [14.5205, 67.063], [14.5222, 67.059], [14.5057, 67.0594], [14.4977, 67.0539], [14.4837, 67.0575], [14.4854, 67.0613], [14.4794, 67.0647], [14.4424, 67.0722], [14.4269, 67.081], [14.4298, 67.0851], [14.4243, 67.0851], [14.4163, 67.0763], [14.3912, 67.0791], [14.4085, 67.0842], [14.398, 67.092], [14.3885, 67.0863], [14.3937, 67.0816], [14.367, 67.0779], [14.3712, 67.0681], [14.4113, 67.0548], [14.3633, 67.0391], [14.3457, 67.0275], [14.3295, 67.0111], [14.3263, 66.982], [14.3117, 66.9756], [14.3083, 66.9693], [14.3301, 66.9621], [14.3272, 66.9522], [14.3149, 66.9421], [14.3422, 66.9215], [14.332, 66.908], [14.3322, 66.8947], [14.3394, 66.8726], [14.3489, 66.87], [14.3408, 66.8668], [14.3298, 66.8536], [14.3331, 66.8518], [14.3262, 66.8502], [14.3285, 66.8409], [14.3875, 66.8173], [14.3546, 66.7948], [14.3632, 66.7885], [14.3869, 66.7873], [14.3973, 66.7736], [14.3516, 66.7566], [14.3298, 66.7533], [14.3421, 66.7393], [14.3844, 66.726], [14.418, 66.7319], [14.4189, 66.715], [14.367, 66.6934], [14.3671, 66.6888], [14.4308, 66.6735], [14.4813, 66.6773], [14.5614, 66.696], [14.6165, 66.702], [14.6089, 66.7189], [14.6161, 66.7299], [14.6465, 66.7352], [14.678, 66.7517], [14.7014, 66.7546], [14.7187, 66.7504], [14.7263, 66.7323], [14.7145, 66.7223], [14.7178, 66.6948], [14.7337, 66.6873], [14.7594, 66.6591], [14.7436, 66.6513], [14.7819, 66.6461], [14.7861, 66.656], [14.8309, 66.6577], [14.8356, 66.6691], [14.8807, 66.6553], [14.9009, 66.6631], [14.9035, 66.6747], [14.9926, 66.6814], [14.9967, 66.6913], [14.99, 66.6989], [15.0023, 66.7105], [14.9809, 66.7739], [14.9921, 66.8213], [14.9699, 66.8451], [14.9885, 66.8633], [14.9808, 66.8781], [15.0066, 66.898], [15.0044, 66.9061], [15.0099, 66.9225], [15.0232, 66.9264]]]}}, {"type": "Feature", "properties": {"osm_type": "relation", "osm_id": 259402641, "name": "Rana nor", "admin_level": "6", "kind": "subdivision_2", "parent_osm_id": 408105, "parent_name": "Nordland", "parent_iso": "NO-18"}, "geometry": {"type": "Polygon", "coordinates": [[[13.2467, 66.3971], [13.2619, 66.3929], [13.2595, 66.3848], [13.221, 66.378], [13.2484, 66.3699], [13.2605, 66.3522], [13.2603, 66.3426], [13.2146, 66.34], [13.2091, 66.3237], [13.1883, 66.3192], [13.1916, 66.3046], [13.2356, 66.3068], [13.3321, 66.3216], [13.3616, 66.3281], [13.3719, 66.3363], [13.4063, 66.3363], [13.4358, 66.3493], [13.4579, 66.3417], [13.4865, 66.3459], [13.4295, 66.3313], [13.4467, 66.3204], [13.5065, 66.3206], [13.5612, 66.3089], [13.5621, 66.3044], [13.5009, 66.3074], [13.4581, 66.301], [13.3879, 66.3046], [13.2962, 66.2923], [13.311, 66.2645], [13.3087, 66.2575], [13.3189, 66.2499], [13.3572, 66.2499], [13.3853, 66.2369], [13.4658, 66.2467], [13.48, 66.254], [13.5583, 66.2711], [13.5599, 66.277], [13.5698, 66.281], [13.5701, 66.2861], [13.563, 66.2898], [13.5731, 66.2908], [13.6329, 66.2879], [13.5765, 66.2644], [13.572, 66.2536], [13.6158, 66.2412], [13.6487, 66.2437], [13.6893, 66.255], [13.7355, 66.2571], [13.7346, 66.2622], [13.7235, 66.2685], [13.7264, 66.2744], [13.7582, 66.278], [13.7534, 66.28], [13.7537, 66.2869], [13.7581, 66.2877], [13.7344, 66.2908], [13.7352, 66.2949], [13.7667, 66.2929], [13.7669, 66.2893], [13.7845, 66.2935], [13.7752, 66.2891], [13.8078, 66.2877], [13.7714, 66.2888], [13.7721, 66.2737], [13.7499, 66.273], [13.7312, 66.2655], [13.7416, 66.2617], [13.7374, 66.2577], [13.7579, 66.2583], [13.7481, 66.2587], [13.7766, 66.2725], [13.7869, 66.2686], [13.8196, 66.2767], [13.8305, 66.2735], [13.8723, 66.2764], [13.8954, 66.2695], [13.911, 66.2768], [13.9114, 66.2886], [13.921, 66.2963], [13.9417, 66.304], [13.9985, 66.311], [14.0254, 66.3067], [14.1217, 66.3318], [14.1179, 66.3342], [14.1241, 66.34], [14.1655, 66.3362], [14.1763, 66.3312], [14.1662, 66.3259], [14.1734, 66.3224], [14.1622, 66.3264], [14.1681, 66.3306], [14.1655, 66.3334], [14.1405, 66.3363], [14.1314, 66.3326], [14.1401, 66.3346], [14.1471, 66.3287], [14.123, 66.3166], [14.1296, 66.3084], [14.1113, 66.3058], [14.0773, 66.2909], [14.0454, 66.2898], [14.0434, 66.282], [14.0285, 66.2756], [13.9835, 66.2732], [13.9697, 66.2644], [13.9714, 66.257], [13.9617, 66.2542], [13.9721, 66.256], [13.9859, 66.2491], [13.9602, 66.2485], [13.9268, 66.2358], [13.8812, 66.232], [13.8905, 66.2258], [13.8902, 66.2143], [13.9021, 66.2124], [13.9328, 66.1926], [13.9688, 66.191], [13.9837, 66.1961], [14.0318, 66.1958], [14.0805, 66.2025], [14.1941, 66.1961], [14.2054, 66.1867], [14.236, 66.1807], [14.2694, 66.1629], [14.2546, 66.1323], [14.2734, 66.1162], [14.3112, 66.1191], [14.3494, 66.1084], [14.5284, 66.0956], [14.5163, 66.1326], [15.0357, 66.1536], [15.4847, 66.2825], [15.4304, 66.3922], [15.3772, 66.4843], [15.4511, 66.524], [15.5334, 66.5579], [15.3478, 66.5764], [15.3343, 66.5715], [15.2941, 66.5773], [15.2423, 66.5711], [15.2228, 66.5789], [15.2064, 66.59], [15.2068, 66.6], [15.2206, 66.6118], [15.2188, 66.6186], [15.1986, 66.6312], [15.1948, 66.6498], [15.1794, 66.6554], [15.1821, 66.66], [15.1518, 66.668], [15.1599, 66.681], [15.1597, 66.6915], [15.1502, 66.699], [15.1502, 66.7075], [15.2059, 66.7379], [15.1998, 66.7516], [15.158, 66.7805], [15.0497, 66.7839], [14.9809, 66.7739], [15.0023, 66.7105], [14.99, 66.6989], [14.9967, 66.6913], [14.9926, 66.6814], [14.9035, 66.6747], [14.9009, 66.6631], [14.8807, 66.6553], [14.8356, 66.6691], [14.8309, 66.6577], [14.7861, 66.656], [14.7819, 66.6461], [14.7436, 66.6513], [14.7594, 66.6591], [14.7337, 66.6873], [14.7178, 66.6948], [14.7145, 66.7223], [14.7263, 66.7323], [14.7187, 66.7504], [14.7014, 66.7546], [14.678, 66.7517], [14.6465, 66.7352], [14.6161, 66.7299], [14.6089, 66.7189], [14.6165, 66.702], [14.5614, 66.696], [14.4813, 66.6773], [14.4308, 66.6735], [14.3764, 66.6839], [14.3671, 66.6888], [14.367, 66.6934], [14.3455, 66.6838], [14.3476, 66.6681], [14.215, 66.6239], [14.2113, 66.6276], [14.2135, 66.6563], [14.1748, 66.6655], [14.1222, 66.6688], [14.092, 66.6683], [14.0023, 66.6282], [13.978, 66.6257], [13.9494, 66.6301], [13.9167, 66.6204], [13.8724, 66.6252], [13.7913, 66.569], [13.7954, 66.5594], [13.7743, 66.5431], [13.8116, 66.54], [13.8046, 66.5354], [13.829, 66.5244], [13.8189, 66.5132], [13.8247, 66.5078], [13.8156, 66.4943], [13.8324, 66.4839], [13.8132, 66.468], [13.7545, 66.4823], [13.7205, 66.4719], [13.6475, 66.4621], [13.6042, 66.4663], [13.5861, 66.4585], [13.5677, 66.459], [13.5389, 66.4518], [13.5274, 66.453], [13.5177, 66.4623], [13.4786, 66.4627], [13.412, 66.4438], [13.3871, 66.4416], [13.3833, 66.4362], [13.3528, 66.4283], [13.3442, 66.4204], [13.2966, 66.4117], [13.2902, 66.401], [13.2558, 66.4014], [13.2467, 66.3971]]]}}, {"type": "Feature", "properties": {"osm_type": "relation", "osm_id": 420691646, "name": "Bodø nor", "admin_level": "6", "kind": "subdivision_2", "parent_osm_id": 408105, "parent_name": "Nordland", "parent_iso": "NO-18"}, "geometry": {"type": "MultiPolygon", "coordinates": [[[[14.5116, 67.2046], [14.4929, 67.2038], [14.4933, 67.1992], [14.4842, 67.192], [14.4882, 67.1875], [14.501, 67.1876], [14.5175, 67.1929], [14.5088, 67.1972], [14.518, 67.2006], [14.5116, 67.2046]]], [[[14.594, 67.2384], [14.4824, 67.2316], [14.5106, 67.2386], [14.4968, 67.2387], [14.3524, 67.2085], [14.3629, 67.1957], [14.3555, 67.1905], [14.3719, 67.1891], [14.3605, 67.1864], [14.3759, 67.1841], [14.4323, 67.2007], [14.6146, 67.2245], [14.6015, 67.237], [14.594, 67.2384]]], [[[14.632, 67.2418], [14.6122, 67.2433], [14.6148, 67.2316], [14.6266, 67.2268], [14.7043, 67.225], [14.7243, 67.2373], [14.6924, 67.2427], [14.7, 67.241], [14.6903, 67.2387], [14.6651, 67.2372], [14.632, 67.2418]]], [[[15.0232, 66.9264], [15.0403, 66.9206], [15.0571, 66.9496], [15.0751, 66.9574], [15.1115, 66.9587], [15.1273, 66.9938], [15.1536, 67.0095], [15.1734, 67.0139], [15.1759, 67.0327], [15.1883, 67.0499], [15.1597, 67.0675], [15.2105, 67.0957], [15.2197, 67.0964], [15.2194, 67.1028], [15.2278, 67.111], [15.2202, 67.1179], [15.2363, 67.1379], [15.2979, 67.1699], [15.3271, 67.1693], [15.3377, 67.176], [15.3604, 67.1801], [15.3649, 67.1847], [15.3605, 67.1869], [15.2708, 67.1991], [15.2384, 67.2184], [15.2215, 67.2211], [15.1588, 67.2124], [15.1594, 67.2089], [15.1383, 67.2098], [15.1297, 67.2155], [15.124, 67.2281], [15.092, 67.2363], [15.0122, 67.2349], [15.0063, 67.2304], [15.0259, 67.2275], [14.9988, 67.2174], [15.0111, 67.2134], [14.9429, 67.1936], [14.9411, 67.1908], [14.9522, 67.1899], [14.9378, 67.1845], [14.9178, 67.1686], [14.9259, 67.1626], [14.976, 67.1562], [14.9774, 67.152], [14.97, 67.1453], [14.9764, 67.1468], [14.9774, 67.142], [14.9956, 67.1386], [14.9935, 67.1317], [14.9998, 67.1215], [14.9695, 67.1196], [14.947, 67.139], [14.9441, 67.1472], [14.9476, 67.1532], [14.9118, 67.1533], [14.8883, 67.1621], [14.8855, 67.1702], [14.951, 67.2072], [14.9711, 67.209], [14.9498, 67.2077], [14.9513, 67.2118], [14.9415, 67.2249], [14.9658, 67.2252], [15.0066, 67.2393], [14.9833, 67.24], [14.9799, 67.2432], [14.9826, 67.2463], [14.9718, 67.2496], [14.9082, 67.2303], [14.8851, 67.2284], [14.8437, 67.2279], [14.847, 67.2341], [14.8273, 67.2364], [14.8268, 67.2409], [14.7977, 67.24], [14.7511, 67.2294], [14.7533, 67.2262], [14.7382, 67.2226], [14.7369, 67.2187], [14.7083, 67.2115], [14.701, 67.2131], [14.7016, 67.2164], [14.6804, 67.2112], [14.6873, 67.2149], [14.6702, 67.2188], [14.6125, 67.2228], [14.5113, 67.2077], [14.5279, 67.2001], [14.5522, 67.2036], [14.549, 67.1985], [14.5779, 67.2039], [14.6201, 67.204], [14.6473, 67.1912], [14.67, 67.1979], [14.6783, 67.1891], [14.7468, 67.1901], [14.7056, 67.1857], [14.7219, 67.1843], [14.7144, 67.1811], [14.6422, 67.1807], [14.6323, 67.184], [14.6355, 67.1868], [14.6307, 67.1975], [14.6228, 67.1978], [14.5723, 67.1882], [14.5684, 67.1838], [14.5746, 67.1788], [14.5157, 67.182], [14.5077, 67.1875], [14.4597, 67.1806], [14.4852, 67.1958], [14.4667, 67.196], [14.4706, 67.1989], [14.4666, 67.2014], [14.4561, 67.1991], [14.4601, 67.196], [14.4515, 67.198], [14.4161, 67.19], [14.396, 67.1771], [14.3427, 67.1748], [14.3207, 67.1605], [14.3221, 67.1573], [14.3705, 67.1558], [14.3951, 67.1426], [14.3825, 67.138], [14.4173, 67.1246], [14.4658, 67.118], [14.4844, 67.1229], [14.4947, 67.1155], [14.5465, 67.102], [14.5924, 67.1158], [14.6242, 67.1169], [14.661, 67.1274], [14.6794, 67.1142], [14.6751, 67.1057], [14.7039, 67.0944], [14.7159, 67.0801], [14.7438, 67.0866], [14.7695, 67.0678], [14.9128, 67.0335], [14.9931, 66.9604], [15.0232, 66.9264]]], [[[14.0015, 67.29], [13.9554, 67.2861], [13.9497, 67.2784], [13.9364, 67.2806], [13.9226, 67.2726], [13.951, 67.275], [13.9474, 67.2717], [13.9553, 67.272], [13.9474, 67.2704], [13.9599, 67.2736], [13.9547, 67.271], [13.9594, 67.269], [13.9184, 67.2687], [13.9148, 67.2608], [13.9911, 67.2689], [14.0279, 67.2841], [14.0015, 67.29]]], [[[14.3501, 67.3044], [14.3527, 67.3071], [14.3479, 67.308], [14.3293, 67.3027], [14.3014, 67.2883], [14.2923, 67.29], [14.2835, 67.2817], [14.2957, 67.2858], [14.2905, 67.2812], [14.3149, 67.2834], [14.3561, 67.3017], [14.3501, 67.3044]]], [[[14.5548, 67.3812], [14.5403, 67.3778], [14.5167, 67.3611], [14.5669, 67.3771], [14.5695, 67.3809], [14.5548, 67.3812]]], [[[13.928, 67.4099], [13.893, 67.4048], [13.8807, 67.3971], [13.8874, 67.3969], [13.8742, 67.3945], [13.8786, 67.3944], [13.8679, 67.387], [13.928, 67.4099]]], [[[13.9169, 67.427], [13.8922, 67.4209], [13.889, 67.4178], [13.8964, 67.4176], [13.8807, 67.4121], [13.8887, 67.4112], [13.8564, 67.4043], [13.8528, 67.3969], [13.9012, 67.4146], [13.9067, 67.4209], [13.8963, 67.4194], [13.9122, 67.4207], [13.9169, 67.427]]], [[[13.982, 67.4376], [13.9661, 67.4352], [13.9505, 67.4264], [13.9644, 67.4283], [13.9441, 67.4207], [13.9752, 67.4258], [13.9907, 67.4354], [13.982, 67.4376]]], [[[14.3872, 67.4453], [14.3019, 67.423], [14.2889, 67.4129], [14.2668, 67.4075], [14.2719, 67.4065], [14.2633, 67.4021], [14.2643, 67.3941], [14.2562, 67.3949], [14.2581, 67.3992], [14.2522, 67.3977], [14.241, 67.3933], [14.2504, 67.3889], [14.2253, 67.3855], [14.2147, 67.3747], [14.2415, 67.3784], [14.2468, 67.3777], [14.2416, 67.3746], [14.2476, 67.3747], [14.2424, 67.3718], [14.2523, 67.373], [14.3083, 67.3882], [14.3435, 67.3863], [14.3932, 67.398], [14.3924, 67.4027], [14.412, 67.4129], [14.4124, 67.4198], [14.425, 67.4242], [14.413, 67.4234], [14.4103, 67.427], [14.3878, 67.4202], [14.3864, 67.4233], [14.4061, 67.4336], [14.3994, 67.4369], [14.402, 67.4389], [14.394, 67.4384], [14.3993, 67.4407], [14.386, 67.4409], [14.3872, 67.4453]]], [[[14.6631, 67.5673], [14.6491, 67.5649], [14.6933, 67.5645], [14.6559, 67.557], [14.688, 67.5576], [14.71, 67.5643], [14.6631, 67.5673]]], [[[15.176, 67.5337], [15.1541, 67.5325], [15.1006, 67.5165], [15.0926, 67.5103], [15.0512, 67.5104], [15.0264, 67.4963], [15.0124, 67.4958], [15.0144, 67.4909], [14.9964, 67.4863], [14.9304, 67.4895], [14.9504, 67.4958], [15.0118, 67.4971], [15.0258, 67.5114], [15.0799, 67.529], [15.0298, 67.5421], [15.0268, 67.5469], [15.0299, 67.5564], [14.9937, 67.5607], [15.0001, 67.5776], [15.0212, 67.5776], [15.0426, 67.5697], [15.0757, 67.5474], [15.1007, 67.5422], [15.1482, 67.5471], [15.154, 67.5634], [15.1265, 67.5693], [15.1206, 67.5666], [15.124, 67.5775], [15.1129, 67.5829], [15.0607, 67.5939], [14.9288, 67.5753], [14.9, 67.5675], [14.884, 67.5617], [14.8914, 67.5597], [14.876, 67.5553], [14.874, 67.551], [14.8493, 67.5507], [14.8333, 67.544], [14.84, 67.5402], [14.8159, 67.5381], [14.796, 67.5292], [14.8006, 67.5279], [14.7511, 67.5185], [14.7576, 67.5185], [14.75, 67.5169], [14.7563, 67.515], [14.7515, 67.5116], [14.7364, 67.5115], [14.7074, 67.5037], [14.7048, 67.4986], [14.6861, 67.4973], [14.6993, 67.4942], [14.6835, 67.4914], [14.6507, 67.4771], [14.6532, 67.4747], [14.6765, 67.471], [14.6825, 67.4647], [14.7149, 67.4546], [14.7103, 67.4524], [14.714, 67.4515], [14.7766, 67.4532], [14.8185, 67.4613], [14.9445, 67.4476], [15.0113, 67.4576], [15.0538, 67.4576], [15.0555, 67.4529], [14.9776, 67.449], [14.9482, 67.429], [14.9057, 67.4318], [14.8662, 67.4072], [14.8607, 67.398], [14.8678, 67.388], [14.8625, 67.3842], [14.8471, 67.3854], [14.85, 67.3899], [14.8458, 67.3904], [14.8156, 67.3862], [14.8553, 67.4071], [14.8562, 67.4213], [14.8695, 67.4313], [14.8598, 67.4363], [14.8051, 67.4475], [14.7927, 67.4458], [14.7936, 67.4387], [14.7616, 67.4389], [14.7521, 67.4374], [14.7612, 67.4363], [14.7559, 67.4347], [14.7255, 67.4364], [14.7515, 67.4394], [14.7456, 67.4423], [14.7103, 67.4385], [14.6826, 67.4461], [14.6709, 67.4405], [14.637, 67.4381], [14.6337, 67.4371], [14.6369, 67.4249], [14.6228, 67.4195], [14.6318, 67.419], [14.6317, 67.4131], [14.6088, 67.4084], [14.5822, 67.4106], [14.5733, 67.404], [14.6101, 67.3998], [14.6408, 67.4021], [14.6322, 67.3951], [14.6477, 67.3954], [14.6175, 67.3881], [14.6332, 67.3856], [14.5656, 67.3699], [14.57, 67.3679], [14.5604, 67.3643], [14.5704, 67.3643], [14.5718, 67.3602], [14.4854, 67.3353], [14.4916, 67.334], [14.4797, 67.3304], [14.4845, 67.3291], [14.4765, 67.3221], [14.4539, 67.3218], [14.4585, 67.3193], [14.4344, 67.3086], [14.391, 67.3079], [14.384, 67.3012], [14.3947, 67.3007], [14.3645, 67.2865], [14.3938, 67.297], [14.4023, 67.2946], [14.3951, 67.2884], [14.3701, 67.2803], [14.3642, 67.2846], [14.37, 67.2812], [14.3593, 67.2762], [14.3082, 67.2638], [14.3149, 67.2582], [14.3102, 67.2567], [14.3242, 67.257], [14.3157, 67.2535], [14.3239, 67.2535], [14.41, 67.2686], [14.4365, 67.2675], [14.4685, 67.2731], [14.5909, 67.2766], [14.6341, 67.2852], [14.6379, 67.2883], [14.603, 67.2856], [14.6108, 67.2896], [14.696, 67.2988], [14.7145, 67.3038], [14.7281, 67.3149], [14.7358, 67.3149], [14.7275, 67.3031], [14.7339, 67.3034], [14.7086, 67.2941], [14.7212, 67.2922], [14.7139, 67.2861], [14.7336, 67.2834], [14.7098, 67.2761], [14.7137, 67.2741], [14.7052, 67.2705], [14.7118, 67.2675], [14.7087, 67.2657], [14.7226, 67.2633], [14.6968, 67.2579], [14.6998, 67.2558], [14.6889, 67.2516], [14.7186, 67.2454], [14.711, 67.2445], [14.7114, 67.2401], [14.7443, 67.2459], [14.7873, 67.2624], [14.8575, 67.2731], [14.8698, 67.2831], [14.8588, 67.2877], [14.8266, 67.2888], [14.8297, 67.2864], [14.822, 67.2832], [14.7987, 67.2864], [14.7919, 67.2886], [14.8148, 67.293], [14.8625, 67.2931], [14.8614, 67.2969], [14.8734, 67.2982], [14.8963, 67.2973], [14.9104, 67.2916], [14.9728, 67.2953], [14.986, 67.2898], [15.0272, 67.2923], [15.0289, 67.2987], [15.0206, 67.2942], [14.9931, 67.2955], [14.9874, 67.3004], [15.02, 67.3122], [15.0302, 67.3204], [15.0501, 67.322], [15.0388, 67.3445], [15.0869, 67.3503], [15.0764, 67.3571], [15.0791, 67.3622], [15.1318, 67.3597], [15.15, 67.3718], [15.1696, 67.3757], [15.1638, 67.3859], [15.1795, 67.3945], [15.166, 67.4019], [15.1685, 67.4099], [15.1216, 67.4143], [15.0881, 67.4231], [15.0975, 67.4261], [15.0951, 67.4368], [15.1025, 67.4454], [15.0887, 67.4522], [15.0914, 67.456], [15.0833, 67.4604], [15.0776, 67.4711], [15.0871, 67.4766], [15.0636, 67.4842], [15.0669, 67.4894], [15.0954, 67.4976], [15.1314, 67.5027], [15.1412, 67.5149], [15.1617, 67.515], [15.1588, 67.5174], [15.1763, 67.5267], [15.176, 67.5337]]]]}}, {"type": "Feature", "properties": {"osm_type": "relation", "osm_id": 499965264, "name": "Vefsn nor", "admin_level": "6", "kind": "subdivision_2", "parent_osm_id": 408105, "parent_name": "Nordland", "parent_iso": "NO-18"}, "geometry": {"type": "Polygon", "coordinates": [[[13.5796, 66.1702], [13.5575, 66.1785], [13.5041, 66.1633], [13.4709, 66.1472], [13.3928, 66.1387], [13.3808, 66.1303], [13.3984, 66.1264], [13.3914, 66.1208], [13.3607, 66.1192], [13.3224, 66.1062], [13.267, 66.0975], [13.2524, 66.0887], [13.2544, 66.0829], [13.2609, 66.0817], [13.2591, 66.0789], [13.2415, 66.0709], [13.264, 66.0659], [13.2569, 66.0561], [13.2604, 66.048], [13.2227, 66.0426], [13.2135, 66.0452], [13.2025, 66.0338], [13.2042, 66.0241], [13.2131, 66.0164], [13.1833, 66.0007], [13.1542, 65.9962], [13.1271, 66.0006], [13.1314, 65.9972], [13.1262, 65.9937], [13.0988, 65.9994], [13.0701, 65.9976], [13.0538, 65.9887], [13.0375, 65.9865], [12.9856, 65.9975], [12.9071, 65.9749], [12.9019, 65.9702], [12.9278, 65.971], [12.9565, 65.9647], [12.9621, 65.9572], [12.985, 65.9482], [13.0519, 65.9479], [13.0661, 65.9418], [13.0638, 65.9396], [13.0698, 65.9351], [13.0906, 65.9319], [13.1456, 65.9505], [13.1313, 65.9443], [13.1329, 65.9371], [13.1211, 65.9352], [13.1312, 65.9312], [13.1338, 65.9206], [13.1402, 65.9172], [13.1703, 65.9101], [13.1553, 65.892], [13.1682, 65.8729], [13.191, 65.8647], [13.1811, 65.8626], [13.1935, 65.8549], [13.1917, 65.8505], [13.1823, 65.8506], [13.1874, 65.8395], [13.1788, 65.8407], [13.1799, 65.8463], [13.1697, 65.8465], [13.1402, 65.8722], [13.1265, 65.8961], [13.0937, 65.8873], [13.0814, 65.8887], [13.0576, 65.8966], [13.0512, 65.9036], [13.0507, 65.9175], [13.0304, 65.9254], [12.9812, 65.9295], [12.9421, 65.9255], [12.9469, 65.9279], [12.9389, 65.9296], [12.9423, 65.9386], [12.9188, 65.9423], [12.9157, 65.9497], [12.9023, 65.9523], [12.9069, 65.9573], [12.8915, 65.9613], [12.8699, 65.9573], [12.8711, 65.9737], [12.8538, 65.9728], [12.8545, 65.9683], [12.8502, 65.9679], [12.842, 65.9762], [12.7288, 65.9427], [12.725, 65.9393], [12.7306, 65.9366], [12.7162, 65.9289], [12.7124, 65.9319], [12.7231, 65.9377], [12.7087, 65.9365], [12.6674, 65.9221], [12.6416, 65.8964], [12.6445, 65.8844], [12.6389, 65.8815], [12.6339, 65.864], [12.6461, 65.8601], [12.6307, 65.8581], [12.6301, 65.8512], [12.6098, 65.8483], [12.6018, 65.8402], [12.5986, 65.8243], [12.6078, 65.816], [12.6165, 65.8161], [12.6281, 65.8252], [12.6474, 65.8264], [12.6673, 65.827], [12.6682, 65.8203], [12.6761, 65.8196], [12.6833, 65.8394], [12.6925, 65.8483], [12.6884, 65.8347], [12.695, 65.8381], [12.691, 65.8334], [12.6959, 65.8279], [12.6898, 65.8262], [12.6932, 65.8199], [12.7012, 65.8172], [12.7031, 65.8211], [12.7055, 65.8106], [12.7292, 65.8038], [12.7172, 65.7985], [12.6934, 65.8071], [12.6878, 65.7999], [12.7084, 65.7927], [12.7134, 65.7857], [12.7076, 65.7809], [12.7232, 65.7846], [12.7185, 65.7768], [12.7049, 65.7758], [12.6868, 65.7827], [12.6798, 65.7918], [12.6824, 65.8008], [12.6719, 65.8065], [12.6722, 65.814], [12.6484, 65.8147], [12.6341, 65.8072], [12.6046, 65.8027], [12.6128, 65.802], [12.6029, 65.7871], [12.6589, 65.7802], [12.6633, 65.7679], [12.692, 65.7624], [12.7017, 65.7528], [12.6997, 65.7479], [12.7204, 65.7389], [12.7183, 65.727], [12.7541, 65.7319], [12.8273, 65.7161], [12.8727, 65.717], [12.9045, 65.7084], [12.9081, 65.6994], [12.9187, 65.6942], [12.9171, 65.6868], [12.9073, 65.6815], [12.9898, 65.6751], [12.9955, 65.6465], [13.0179, 65.6437], [13.0108, 65.6248], [13.0191, 65.6151], [12.9969, 65.603], [13.0408, 65.5829], [13.0343, 65.5755], [13.0333, 65.5488], [13.0405, 65.5125], [13.0358, 65.4852], [13.0423, 65.4792], [13.0218, 65.4641], [13.0664, 65.4655], [13.1762, 65.4867], [13.2872, 65.5198], [13.3009, 65.5387], [13.2962, 65.5448], [13.224, 65.5707], [13.2156, 65.6132], [13.2097, 65.6288], [13.2023, 65.6317], [13.2135, 65.6364], [13.207, 65.647], [13.2045, 65.6695], [13.1925, 65.6837], [13.1996, 65.6925], [13.2669, 65.6896], [13.327, 65.6655], [13.3418, 65.6643], [13.3647, 65.6916], [13.3648, 65.7287], [13.3871, 65.7293], [13.4152, 65.7413], [13.4184, 65.7601], [13.4855, 65.7488], [13.4868, 65.7557], [13.5085, 65.7658], [13.5327, 65.7857], [13.5856, 65.7677], [13.6417, 65.7384], [13.6746, 65.7643], [13.7537, 65.7762], [13.7574, 65.7829], [13.7296, 65.806], [13.764, 65.8172], [13.7659, 65.8237], [13.7468, 65.8358], [13.6766, 65.8622], [13.6709, 65.8772], [13.6815, 65.8899], [13.6296, 65.8898], [13.6298, 65.895], [13.6191, 65.9023], [13.6288, 65.9132], [13.6032, 65.9356], [13.6869, 65.9243], [13.6946, 65.9416], [13.6913, 65.9509], [13.7043, 65.9537], [13.7067, 65.9804], [13.7136, 65.9803], [13.7141, 65.9942], [13.7352, 66.0178], [13.732, 66.0267], [13.7104, 66.0408], [13.6761, 66.0767], [13.679, 66.0974], [13.6872, 66.108], [13.6794, 66.1186], [13.7004, 66.1402], [13.6782, 66.1459], [13.6747, 66.1613], [13.6498, 66.1635], [13.5981, 66.1482], [13.5923, 66.1395], [13.5762, 66.134], [13.5645, 66.1229], [13.5607, 66.1059], [13.5501, 66.1038], [13.5493, 66.1081], [13.5405, 66.1068], [13.539, 66.1108], [13.5392, 66.1344], [13.5529, 66.1496], [13.579, 66.1637], [13.5796, 66.1702]]]}}, {"type": "Feature", "properties": {"osm_type": "relation", "osm_id": 537736716, "name": "Grane nor", "admin_level": "6", "kind": "subdivision_2", "parent_osm_id": 408105, "parent_name": "Nordland", "parent_iso": "NO-18"}, "geometry": {"type": "Polygon", "coordinates": [[[13.0854, 65.11], [13.1525, 65.1159], [13.304, 65.1021], [13.4112, 65.0991], [13.5298, 65.1167], [13.6289, 65.1053], [13.6611, 65.1083], [13.66, 65.1212], [13.6969, 65.1318], [13.7106, 65.1607], [13.766, 65.201], [13.7964, 65.2092], [13.7913, 65.2174], [13.7961, 65.229], [13.8244, 65.2405], [13.8415, 65.2411], [13.8728, 65.2574], [13.8594, 65.2639], [13.7817, 65.2632], [13.7858, 65.2776], [13.817, 65.2955], [13.8072, 65.3057], [13.76, 65.3158], [13.7952, 65.3328], [13.7874, 65.3513], [13.8057, 65.3702], [13.7852, 65.3843], [13.7874, 65.3932], [13.8054, 65.3995], [13.8412, 65.3988], [13.8638, 65.4148], [13.8338, 65.4235], [13.8234, 65.439], [13.823, 65.4505], [13.8349, 65.4604], [13.8536, 65.4617], [13.8619, 65.4716], [13.873, 65.4758], [13.8766, 65.4871], [13.8726, 65.4979], [13.8156, 65.5049], [13.8136, 65.5112], [13.7994, 65.5153], [13.7802, 65.5137], [13.7517, 65.5214], [13.7137, 65.5231], [13.769, 65.5546], [13.74, 65.5731], [13.7228, 65.5764], [13.7409, 65.5982], [13.7332, 65.6072], [13.6865, 65.6253], [13.6877, 65.6374], [13.6579, 65.6608], [13.6256, 65.7239], [13.6417, 65.7384], [13.5856, 65.7677], [13.5327, 65.7857], [13.5085, 65.7658], [13.4868, 65.7557], [13.4855, 65.7488], [13.4184, 65.7601], [13.4152, 65.7413], [13.3871, 65.7293], [13.3648, 65.7287], [13.3647, 65.6916], [13.3418, 65.6643], [13.327, 65.6655], [13.2669, 65.6896], [13.1996, 65.6925], [13.1925, 65.6837], [13.2045, 65.6695], [13.207, 65.647], [13.2135, 65.6364], [13.2023, 65.6317], [13.2097, 65.6288], [13.2156, 65.6132], [13.224, 65.5707], [13.2962, 65.5448], [13.3009, 65.5387], [13.2872, 65.5198], [13.1762, 65.4867], [13.0664, 65.4655], [13.0218, 65.4641], [12.9331, 65.3975], [13.0389, 65.3997], [13.052, 65.3807], [13.0697, 65.377], [13.0712, 65.372], [13.0516, 65.3421], [13.0779, 65.3417], [13.0763, 65.3335], [13.0978, 65.3253], [13.0811, 65.3178], [13.0888, 65.3121], [13.0894, 65.305], [13.106, 65.2991], [13.1056, 65.2892], [13.1569, 65.2839], [13.167, 65.2757], [13.1668, 65.2682], [13.1152, 65.2644], [13.058, 65.2445], [13.0594, 65.233], [13.085, 65.2271], [13.0872, 65.2063], [13.1002, 65.2058], [13.1197, 65.1902], [13.1301, 65.1749], [13.1282, 65.1593], [13.1567, 65.1488], [13.1445, 65.1381], [13.0854, 65.11]]]}}, {"type": "Feature", "properties": {"osm_type": "relation", "osm_id": 839382952, "name": "Hemnes nor", "admin_level": "6", "kind": "subdivision_2", "parent_osm_id": 408105, "parent_name": "Nordland", "parent_iso": "NO-18"}, "geometry": {"type": "MultiPolygon", "coordinates": [[[[13.5796, 66.1702], [13.599, 66.1784], [13.5965, 66.184], [13.6098, 66.2015], [13.5909, 66.198], [13.5598, 66.2006], [13.5072, 66.1903], [13.483, 66.1927], [13.5233, 66.196], [13.548, 66.2079], [13.574, 66.2077], [13.5864, 66.2172], [13.5801, 66.2217], [13.5809, 66.2306], [13.5708, 66.2298], [13.5826, 66.2345], [13.5611, 66.2336], [13.5219, 66.2421], [13.5048, 66.2307], [13.4778, 66.2304], [13.4902, 66.2196], [13.4867, 66.2168], [13.4905, 66.2079], [13.4432, 66.199], [13.4298, 66.1922], [13.4143, 66.1699], [13.3826, 66.1617], [13.3623, 66.15], [13.3734, 66.1447], [13.3338, 66.1112], [13.3607, 66.1192], [13.3914, 66.1208], [13.3984, 66.1264], [13.3808, 66.1303], [13.3928, 66.1387], [13.4709, 66.1472], [13.5041, 66.1633], [13.5575, 66.1785], [13.5796, 66.1702]]], [[[13.8817, 66.2316], [13.8567, 66.2287], [13.8488, 66.2228], [13.7925, 66.2065], [13.7824, 66.1966], [13.7891, 66.1944], [13.7873, 66.1909], [13.7659, 66.1933], [13.7717, 66.1999], [13.7695, 66.2031], [13.8021, 66.2181], [13.823, 66.2357], [13.7927, 66.2432], [13.7451, 66.2464], [13.743, 66.2431], [13.6888, 66.2406], [13.6653, 66.2345], [13.6683, 66.2321], [13.6616, 66.2273], [13.6492, 66.2289], [13.6448, 66.2342], [13.5995, 66.2241], [13.6388, 66.2224], [13.6411, 66.2196], [13.6284, 66.2122], [13.6495, 66.2133], [13.6531, 66.2096], [13.6196, 66.1952], [13.6128, 66.1867], [13.6141, 66.1793], [13.6567, 66.187], [13.664, 66.1932], [13.6835, 66.176], [13.7611, 66.1881], [13.7916, 66.1847], [13.8005, 66.1775], [13.8423, 66.1637], [13.8378, 66.1559], [13.8218, 66.1461], [13.8306, 66.1439], [13.8262, 66.1375], [13.8169, 66.1382], [13.8043, 66.1519], [13.8094, 66.1552], [13.7928, 66.1618], [13.8121, 66.1659], [13.777, 66.1609], [13.758, 66.1734], [13.7005, 66.1601], [13.6747, 66.1613], [13.6782, 66.1459], [13.7004, 66.1402], [13.6794, 66.1186], [13.6872, 66.108], [13.679, 66.0974], [13.6761, 66.0767], [13.7104, 66.0408], [13.732, 66.0267], [13.7352, 66.0178], [13.7141, 65.9942], [13.7136, 65.9803], [13.7067, 65.9804], [13.7043, 65.9537], [13.6913, 65.9509], [13.6946, 65.9416], [13.6869, 65.9243], [13.6032, 65.9356], [13.6288, 65.9132], [13.6191, 65.9023], [13.6298, 65.895], [13.6296, 65.8898], [13.6815, 65.8899], [13.6709, 65.8772], [13.6766, 65.8622], [13.7468, 65.8358], [13.7659, 65.8237], [13.764, 65.8172], [13.7296, 65.806], [13.7574, 65.7829], [13.7537, 65.7762], [13.7569, 65.7731], [13.7795, 65.7709], [13.7809, 65.779], [13.7913, 65.7833], [13.8298, 65.7844], [13.8708, 65.7658], [13.9416, 65.7853], [14.0066, 65.7763], [14.0761, 65.7836], [14.114, 65.7983], [14.126, 65.814], [14.1626, 65.8357], [14.1533, 65.8495], [14.1584, 65.8561], [14.1912, 65.8645], [14.2126, 65.8757], [14.3064, 65.8916], [14.364, 65.8731], [14.3733, 65.8617], [14.6023, 65.8622], [14.5843, 65.9014], [14.5732, 65.9577], [14.5284, 66.0956], [14.3494, 66.1084], [14.3112, 66.1191], [14.2734, 66.1162], [14.2546, 66.1323], [14.2694, 66.1629], [14.236, 66.1807], [14.2054, 66.1867], [14.1941, 66.1961], [14.0805, 66.2025], [14.0318, 66.1958], [13.9837, 66.1961], [13.9688, 66.191], [13.9328, 66.1926], [13.9021, 66.2124], [13.8902, 66.2143], [13.8905, 66.2258], [13.8817, 66.2316]]]]}}, {"type": "Feature", "properties": {"osm_type": "relation", "osm_id": 252691179, "name": "Vevelstad nor", "admin_level": "6", "kind": "subdivision_2", "parent_osm_id": 408105, "parent_name": "Nordland", "parent_iso": "NO-18"}, "geometry": {"type": "MultiPolygon", "coordinates": [[[[12.4511, 65.7266], [12.4009, 65.7102], [12.3929, 65.7013], [12.4054, 65.7027], [12.3905, 65.6948], [12.3707, 65.6937], [12.3795, 65.6925], [12.347, 65.6876], [12.3302, 65.6798], [12.3037, 65.6634], [12.3032, 65.6561], [12.3312, 65.6488], [12.3558, 65.6537], [12.3794, 65.6695], [12.3754, 65.6723], [12.3939, 65.6856], [12.411, 65.6892], [12.4104, 65.6941], [12.4509, 65.7186], [12.4476, 65.7216], [12.4511, 65.7266]]], [[[12.6029, 65.7871], [12.5825, 65.7726], [12.5865, 65.7699], [12.5802, 65.7656], [12.5369, 65.7534], [12.6065, 65.7221], [12.6021, 65.7196], [12.6095, 65.7165], [12.6114, 65.71], [12.6277, 65.7148], [12.6248, 65.7088], [12.629, 65.7], [12.6722, 65.6893], [12.6601, 65.6725], [12.6515, 65.6711], [12.6523, 65.6663], [12.6456, 65.6608], [12.6502, 65.6514], [12.7002, 65.6536], [12.7239, 65.6456], [12.7614, 65.6444], [12.7856, 65.6342], [12.7601, 65.6346], [12.7519, 65.6291], [12.7436, 65.6393], [12.7156, 65.6404], [12.7151, 65.646], [12.6979, 65.6447], [12.6976, 65.6411], [12.6722, 65.6482], [12.6358, 65.6461], [12.644, 65.6513], [12.6369, 65.6612], [12.6443, 65.6656], [12.6446, 65.672], [12.6312, 65.6693], [12.6115, 65.6509], [12.6097, 65.6583], [12.6047, 65.6575], [12.6057, 65.6635], [12.6009, 65.6619], [12.6121, 65.6651], [12.6065, 65.6686], [12.6475, 65.6849], [12.6402, 65.6868], [12.6377, 65.6937], [12.606, 65.6942], [12.5969, 65.6851], [12.5752, 65.6781], [12.5995, 65.6905], [12.6065, 65.7019], [12.592, 65.6976], [12.5953, 65.702], [12.5896, 65.7032], [12.5839, 65.7179], [12.5141, 65.7396], [12.494, 65.7349], [12.4749, 65.7197], [12.4297, 65.697], [12.4062, 65.6802], [12.4029, 65.6704], [12.3663, 65.6455], [12.3703, 65.6427], [12.3493, 65.6293], [12.3615, 65.6318], [12.3678, 65.6279], [12.3617, 65.6052], [12.3708, 65.5986], [12.3708, 65.5864], [12.3757, 65.5817], [12.3924, 65.5771], [12.4026, 65.5857], [12.4208, 65.5893], [12.4061, 65.5819], [12.4054, 65.5765], [12.381, 65.5674], [12.3936, 65.5468], [12.4606, 65.5666], [12.465, 65.5758], [12.457, 65.5818], [12.4727, 65.5864], [12.4812, 65.5967], [12.4326, 65.6067], [12.441, 65.6122], [12.476, 65.6118], [12.496, 65.6188], [12.5436, 65.6235], [12.5639, 65.6126], [12.6153, 65.6091], [12.632, 65.5928], [12.6956, 65.5947], [12.6872, 65.5919], [12.696, 65.5811], [12.6549, 65.573], [12.7029, 65.5488], [12.6746, 65.5419], [12.7038, 65.5313], [12.711, 65.5177], [12.8594, 65.522], [12.8953, 65.5348], [12.9626, 65.5407], [13.0365, 65.5392], [13.0343, 65.5755], [13.0408, 65.5829], [12.9969, 65.603], [13.0191, 65.6151], [13.0108, 65.6248], [13.0179, 65.6437], [12.9955, 65.6465], [12.9898, 65.6751], [12.9073, 65.6815], [12.9171, 65.6868], [12.9187, 65.6942], [12.9081, 65.6994], [12.9045, 65.7084], [12.8727, 65.717], [12.8273, 65.7161], [12.7541, 65.7319], [12.7183, 65.727], [12.7204, 65.7389], [12.6997, 65.7479], [12.7017, 65.7528], [12.692, 65.7624], [12.6633, 65.7679], [12.6589, 65.7802], [12.6029, 65.7871]]]]}}, {"type": "Feature", "properties": {"osm_type": "relation", "osm_id": 733055231, "name": "Sortland nor", "admin_level": "6", "kind": "subdivision_2", "parent_osm_id": 408105, "parent_name": "Nordland", "parent_iso": "NO-18"}, "geometry": {"type": "MultiPolygon", "coordinates": [[[[14.8131, 68.7171], [14.8168, 68.7191], [14.8126, 68.7145], [14.8278, 68.7084], [14.8204, 68.7038], [14.8219, 68.6969], [14.8093, 68.6948], [14.7918, 68.68], [14.8003, 68.679], [14.7975, 68.6751], [14.8123, 68.6746], [14.8144, 68.6641], [14.8537, 68.68], [14.8501, 68.6915], [14.8591, 68.7001], [14.8585, 68.6964], [14.8676, 68.6933], [14.8599, 68.69], [14.8708, 68.6839], [14.8652, 68.68], [14.874, 68.679], [14.9112, 68.6824], [14.9214, 68.6854], [14.9214, 68.6916], [14.9368, 68.6921], [14.9326, 68.6947], [14.9365, 68.6987], [14.9308, 68.6998], [14.9368, 68.7033], [14.922, 68.7056], [14.9343, 68.7139], [14.9646, 68.7182], [14.9681, 68.7223], [14.9547, 68.72], [14.9639, 68.7287], [14.9709, 68.7292], [14.9434, 68.7338], [14.9512, 68.7375], [14.9741, 68.7307], [14.9811, 68.7174], [14.9407, 68.7125], [14.9449, 68.7049], [14.9551, 68.7049], [14.9505, 68.7004], [14.9583, 68.7021], [14.9561, 68.7086], [14.9449, 68.7096], [14.9495, 68.7118], [14.9579, 68.712], [14.9611, 68.7069], [14.9765, 68.7105], [14.9822, 68.7085], [14.9765, 68.7028], [14.9878, 68.6993], [15.0117, 68.7016], [15.0033, 68.7031], [15.0296, 68.7118], [15.0388, 68.7243], [15.0596, 68.7332], [15.049, 68.7353], [15.0698, 68.7355], [15.0589, 68.7276], [15.0694, 68.7289], [15.0786, 68.7322], [15.0814, 68.7363], [15.0762, 68.7381], [15.0843, 68.7407], [15.0477, 68.743], [15.0522, 68.7463], [15.047, 68.7514], [15.0526, 68.7545], [15.0456, 68.7527], [15.0491, 68.7542], [15.0287, 68.7632], [15.0114, 68.7629], [14.9733, 68.7456], [14.9348, 68.7372], [14.9272, 68.7252], [14.862, 68.7246], [14.8184, 68.7316], [14.8113, 68.7232], [14.8131, 68.7171]]], [[[15.1985, 68.627], [15.2591, 68.6342], [15.2817, 68.6453], [15.3274, 68.6527], [15.3616, 68.6651], [15.3732, 68.6643], [15.386, 68.6763], [15.4204, 68.6906], [15.4192, 68.7041], [15.4102, 68.7133], [15.4068, 68.732], [15.3836, 68.7418], [15.2534, 68.756], [15.3008, 68.7619], [15.3037, 68.7695], [15.2988, 68.7741], [15.3141, 68.7788], [15.2936, 68.7901], [15.2671, 68.795], [15.2725, 68.7991], [15.3251, 68.7958], [15.3702, 68.8006], [15.3752, 68.8098], [15.3601, 68.8119], [15.368, 68.8231], [15.3837, 68.8324], [15.3826, 68.8371], [15.3924, 68.8422], [15.3919, 68.8534], [15.3542, 68.8555], [15.3549, 68.8591], [15.3429, 68.8668], [15.3235, 68.8674], [15.3259, 68.862], [15.3205, 68.8569], [15.3027, 68.8493], [15.2928, 68.8503], [15.2844, 68.8358], [15.2642, 68.8317], [15.2566, 68.8258], [15.2813, 68.8219], [15.2552, 68.8086], [15.2164, 68.8012], [15.2128, 68.7966], [15.2194, 68.7925], [15.2031, 68.7881], [15.2037, 68.7836], [15.1705, 68.7821], [15.1255, 68.7914], [15.1136, 68.785], [15.0813, 68.781], [15.0502, 68.7853], [15.0217, 68.7752], [15.0168, 68.7673], [15.0695, 68.7605], [15.0759, 68.755], [15.0893, 68.7534], [15.0924, 68.755], [15.0867, 68.7595], [15.1013, 68.7603], [15.1069, 68.7564], [15.14, 68.7568], [15.1503, 68.7529], [15.1343, 68.7529], [15.1417, 68.7475], [15.1344, 68.7423], [15.1389, 68.7371], [15.1263, 68.7338], [15.1549, 68.7187], [15.1386, 68.7076], [15.1765, 68.6993], [15.1729, 68.6955], [15.1534, 68.7004], [15.1469, 68.6967], [15.1443, 68.6991], [15.1503, 68.703], [15.1125, 68.7047], [15.131, 68.7074], [15.0997, 68.7133], [15.0512, 68.6907], [15.0505, 68.683], [15.0629, 68.6815], [15.0658, 68.6766], [15.048, 68.676], [15.0377, 68.6814], [15.0436, 68.678], [15.037, 68.677], [15.0558, 68.6689], [15.0363, 68.6467], [15.0401, 68.6452], [15.0344, 68.6329], [15.0271, 68.6298], [15.0793, 68.6408], [15.0783, 68.6461], [15.1107, 68.6463], [15.1318, 68.6567], [15.158, 68.6479], [15.1672, 68.6327], [15.1941, 68.6323], [15.1985, 68.627]]], [[[15.6807, 68.8172], [15.6599, 68.8131], [15.5602, 68.8265], [15.5306, 68.818], [15.5445, 68.8207], [15.5334, 68.8176], [15.5406, 68.8146], [15.5365, 68.8127], [15.5445, 68.8047], [15.5355, 68.8015], [15.5236, 68.8119], [15.5094, 68.8163], [15.489, 68.8131], [15.4761, 68.8155], [15.4758, 68.8193], [15.4701, 68.8134], [15.4596, 68.8143], [15.4725, 68.8047], [15.4674, 68.789], [15.488, 68.7847], [15.4759, 68.773], [15.4639, 68.7735], [15.4697, 68.772], [15.4607, 68.7669], [15.4658, 68.7588], [15.4628, 68.753], [15.5006, 68.7478], [15.5117, 68.7373], [15.517, 68.7395], [15.5224, 68.7282], [15.5596, 68.7388], [15.6181, 68.7466], [15.66, 68.7429], [15.6459, 68.7395], [15.652, 68.7272], [15.687, 68.7076], [15.7169, 68.697], [15.7129, 68.6929], [15.6928, 68.6988], [15.639, 68.7232], [15.6305, 68.7351], [15.6203, 68.7368], [15.5162, 68.7218], [15.4783, 68.7277], [15.4701, 68.7245], [15.4578, 68.7304], [15.4383, 68.7173], [15.4371, 68.7089], [15.4454, 68.6972], [15.4775, 68.6746], [15.464, 68.6639], [15.4827, 68.6581], [15.4892, 68.6541], [15.4865, 68.6521], [15.5152, 68.6427], [15.5781, 68.6364], [15.5996, 68.6208], [15.6248, 68.6214], [15.6315, 68.6172], [15.6067, 68.6148], [15.5849, 68.6197], [15.5928, 68.6147], [15.5801, 68.612], [15.57, 68.6194], [15.5724, 68.6321], [15.5637, 68.635], [15.5155, 68.6272], [15.4812, 68.6272], [15.461, 68.6321], [15.4536, 68.6273], [15.4296, 68.6258], [15.4754, 68.6054], [15.4434, 68.6052], [15.4385, 68.6105], [15.4423, 68.6148], [15.4272, 68.6151], [15.4328, 68.62], [15.4189, 68.621], [15.3958, 68.6119], [15.4014, 68.6104], [15.3804, 68.6017], [15.3837, 68.5982], [15.3676, 68.5984], [15.3747, 68.6003], [15.3583, 68.6038], [15.3526, 68.5968], [15.3094, 68.5913], [15.3119, 68.5852], [15.3381, 68.5747], [15.3464, 68.5659], [15.3618, 68.564], [15.3721, 68.5557], [15.4089, 68.5523], [15.4193, 68.5318], [15.4355, 68.5261], [15.452, 68.526], [15.4578, 68.537], [15.469, 68.5393], [15.5057, 68.5364], [15.5459, 68.5461], [15.5951, 68.535], [15.6196, 68.5468], [15.6132, 68.5482], [15.6067, 68.5574], [15.6084, 68.5632], [15.5932, 68.5703], [15.6146, 68.5763], [15.6328, 68.5756], [15.6674, 68.5866], [15.6746, 68.597], [15.6598, 68.6057], [15.6649, 68.609], [15.6626, 68.6142], [15.6501, 68.6231], [15.6455, 68.6326], [15.6651, 68.633], [15.701, 68.6484], [15.7401, 68.6409], [15.7774, 68.6518], [15.7901, 68.6678], [15.8041, 68.6766], [15.7899, 68.6785], [15.7775, 68.6869], [15.7927, 68.7013], [15.7841, 68.7093], [15.8835, 68.7098], [15.893, 68.7186], [15.8889, 68.7213], [15.8903, 68.7276], [15.9369, 68.7308], [15.9584, 68.7405], [15.9627, 68.7373], [15.9724, 68.7403], [15.9708, 68.745], [15.9762, 68.7488], [15.9724, 68.7502], [16.0067, 68.7556], [16.0071, 68.7832], [15.9999, 68.7837], [16.0007, 68.7881], [15.9936, 68.7928], [15.9772, 68.7921], [15.9569, 68.7982], [15.927, 68.7736], [15.8831, 68.7678], [15.8386, 68.7525], [15.8411, 68.7466], [15.8303, 68.7423], [15.7691, 68.7365], [15.8128, 68.7466], [15.8256, 68.755], [15.824, 68.7605], [15.8396, 68.765], [15.8477, 68.7732], [15.8639, 68.7753], [15.8838, 68.7878], [15.9081, 68.8421], [15.925, 68.8552], [15.9316, 68.8636], [15.9286, 68.8666], [15.9432, 68.8716], [15.9588, 68.8885], [15.9559, 68.8973], [15.9258, 68.9064], [15.9136, 68.919], [15.9084, 68.9361], [15.9156, 68.9553], [15.9062, 68.965], [15.8806, 68.9692], [15.8488, 68.967], [15.8652, 68.9572], [15.8334, 68.9242], [15.8549, 68.9042], [15.8534, 68.8987], [15.8613, 68.8904], [15.8556, 68.8835], [15.8453, 68.8824], [15.8424, 68.8678], [15.8221, 68.8623], [15.8422, 68.853], [15.8348, 68.8396], [15.8193, 68.8298], [15.8253, 68.8193], [15.8048, 68.8185], [15.7865, 68.8242], [15.7537, 68.8122], [15.7755, 68.7975], [15.7965, 68.7915], [15.7809, 68.79], [15.7715, 68.7847], [15.7727, 68.7783], [15.7518, 68.7725], [15.7481, 68.7614], [15.7189, 68.7622], [15.7162, 68.7781], [15.7115, 68.7796], [15.7168, 68.7831], [15.7156, 68.8023], [15.6807, 68.8172]]]]}}, {"type": "Feature", "properties": {"osm_type": "relation", "osm_id": 606884713, "name": "Ballangen nor", "admin_level": "6", "kind": "subdivision_2", "parent_osm_id": 408105, "parent_name": "Nordland", "parent_iso": "NO-18"}, "geometry": {"type": "MultiPolygon", "coordinates": [[[[16.1162, 68.3587], [16.0668, 68.3504], [16.0367, 68.3344], [16.0515, 68.3367], [16.0429, 68.3299], [16.1744, 68.3394], [16.1744, 68.3442], [16.1819, 68.3447], [16.1749, 68.3519], [16.1579, 68.357], [16.1162, 68.3587]]], [[[17.0663, 68.3836], [17.0437, 68.384], [17.0479, 68.3826], [17.046, 68.3795], [17.0345, 68.3781], [17.0414, 68.3677], [17.0256, 68.3553], [17.0026, 68.3594], [16.9611, 68.3549], [16.9567, 68.358], [16.9508, 68.353], [16.9439, 68.3554], [16.9399, 68.3509], [16.9093, 68.3451], [16.8971, 68.3479], [16.8997, 68.3514], [16.8709, 68.3404], [16.8398, 68.3386], [16.8351, 68.3426], [16.8669, 68.3503], [16.9034, 68.3677], [16.8951, 68.3739], [16.8999, 68.384], [16.8917, 68.3847], [16.897, 68.3872], [16.8509, 68.3975], [16.8058, 68.4011], [16.7991, 68.4055], [16.7727, 68.4021], [16.7727, 68.4064], [16.7863, 68.4127], [16.7643, 68.4139], [16.7625, 68.4207], [16.6965, 68.4185], [16.6686, 68.4053], [16.6591, 68.4064], [16.6569, 68.4164], [16.6437, 68.4165], [16.6398, 68.4193], [16.6439, 68.4218], [16.6392, 68.4233], [16.6028, 68.4185], [16.6028, 68.4226], [16.5913, 68.422], [16.5823, 68.414], [16.5972, 68.416], [16.5724, 68.4097], [16.5764, 68.4171], [16.5244, 68.4081], [16.4811, 68.4083], [16.4598, 68.4024], [16.4598, 68.3986], [16.4143, 68.3909], [16.4098, 68.3834], [16.4137, 68.3811], [16.4031, 68.3791], [16.3962, 68.3839], [16.3743, 68.3852], [16.3396, 68.3819], [16.3329, 68.3762], [16.311, 68.379], [16.2751, 68.3738], [16.2737, 68.3702], [16.2809, 68.3685], [16.2729, 68.3656], [16.297, 68.3624], [16.2688, 68.3617], [16.2752, 68.3542], [16.2902, 68.3523], [16.2809, 68.3483], [16.3115, 68.3541], [16.308, 68.3539], [16.3072, 68.3627], [16.3009, 68.3638], [16.3081, 68.3662], [16.3165, 68.365], [16.3301, 68.3548], [16.326, 68.3531], [16.3323, 68.3524], [16.3229, 68.3515], [16.327, 68.3465], [16.303, 68.3518], [16.296, 68.3426], [16.277, 68.3387], [16.3067, 68.3314], [16.2978, 68.3284], [16.31, 68.3272], [16.3182, 68.3318], [16.3072, 68.3325], [16.3305, 68.3371], [16.3485, 68.3358], [16.3409, 68.3349], [16.3462, 68.3342], [16.3424, 68.3318], [16.3582, 68.3281], [16.3926, 68.328], [16.343, 68.3262], [16.3498, 68.3215], [16.3833, 68.3201], [16.3757, 68.3189], [16.4077, 68.3115], [16.4455, 68.3138], [16.4503, 68.3102], [16.4463, 68.3051], [16.4511, 68.3029], [16.5088, 68.299], [16.5663, 68.2858], [16.6195, 68.2803], [16.6366, 68.2641], [16.6008, 68.2504], [16.6469, 68.2309], [16.6472, 68.2222], [16.6368, 68.2195], [16.6372, 68.2147], [16.7424, 68.1803], [16.7481, 68.1777], [16.7464, 68.1721], [16.8116, 68.1596], [16.8195, 68.1553], [16.816, 68.1513], [16.729, 68.1593], [16.7037, 68.1765], [16.6814, 68.1851], [16.604, 68.2015], [16.6158, 68.2272], [16.6054, 68.239], [16.5761, 68.2445], [16.5712, 68.2543], [16.5452, 68.2698], [16.5251, 68.2734], [16.5091, 68.2821], [16.477, 68.2885], [16.4407, 68.2836], [16.4043, 68.2914], [16.4571, 68.2881], [16.4428, 68.2932], [16.4553, 68.2936], [16.4493, 68.2954], [16.4509, 68.2981], [16.4211, 68.3003], [16.3584, 68.3155], [16.3651, 68.3127], [16.358, 68.3103], [16.3714, 68.3049], [16.3523, 68.3039], [16.3805, 68.2984], [16.3726, 68.2946], [16.3462, 68.2986], [16.3345, 68.3028], [16.3487, 68.311], [16.2946, 68.3217], [16.2992, 68.3191], [16.2843, 68.3193], [16.2912, 68.314], [16.2665, 68.3102], [16.2379, 68.324], [16.2461, 68.3283], [16.2718, 68.3266], [16.23, 68.3338], [16.223, 68.3325], [16.229, 68.3291], [16.2005, 68.3225], [16.202, 68.3182], [16.1952, 68.3226], [16.1714, 68.3227], [16.1781, 68.3209], [16.1695, 68.3189], [16.1735, 68.3185], [16.172, 68.3141], [16.157, 68.3063], [16.1625, 68.3007], [16.1405, 68.2921], [16.2087, 68.2857], [16.2601, 68.2906], [16.3031, 68.2844], [16.3062, 68.2803], [16.3024, 68.2776], [16.3734, 68.2735], [16.376, 68.267], [16.4266, 68.2469], [16.4705, 68.2549], [16.5094, 68.2512], [16.5075, 68.2372], [16.56, 68.2261], [16.5438, 68.2061], [16.5812, 68.1917], [16.6284, 68.1896], [16.6361, 68.1803], [16.6696, 68.1659], [16.6543, 68.1566], [16.6777, 68.1368], [16.7633, 68.129], [16.7712, 68.1195], [16.7872, 68.118], [16.7987, 68.1252], [16.8007, 68.1335], [16.9323, 68.1335], [16.9664, 68.1233], [16.9792, 68.1078], [17.0139, 68.1082], [17.0429, 68.096], [17.1207, 68.0786], [17.1696, 68.0632], [17.1803, 68.0507], [17.2858, 68.1217], [17.2837, 68.1268], [17.2884, 68.1313], [17.2181, 68.1465], [17.238, 68.1595], [17.2392, 68.1655], [17.2363, 68.1717], [17.2146, 68.1809], [17.2237, 68.1872], [17.2213, 68.196], [17.1964, 68.2089], [17.2336, 68.2316], [17.2223, 68.2421], [17.2364, 68.2459], [17.2403, 68.2526], [17.194, 68.2746], [17.1839, 68.2825], [17.1884, 68.284], [17.1854, 68.2919], [17.1718, 68.2971], [17.1685, 68.3006], [17.1715, 68.3044], [17.155, 68.3106], [17.1585, 68.3158], [17.0803, 68.3372], [17.0862, 68.3583], [17.0663, 68.3836]]]]}}, {"type": "Feature", "properties": {"osm_type": "relation", "osm_id": 904656382, "name": "Hattfjelldal nor", "admin_level": "6", "kind": "subdivision_2", "parent_osm_id": 408105, "parent_name": "Nordland", "parent_iso": "NO-18"}, "geometry": {"type": "Polygon", "coordinates": [[[13.6417, 65.7384], [13.6256, 65.7239], [13.6579, 65.6608], [13.6877, 65.6374], [13.6865, 65.6253], [13.7332, 65.6072], [13.7409, 65.5982], [13.7228, 65.5764], [13.74, 65.5731], [13.769, 65.5546], [13.7137, 65.5231], [13.8073, 65.5137], [13.8156, 65.5049], [13.8726, 65.4979], [13.8766, 65.4871], [13.873, 65.4758], [13.8619, 65.4716], [13.8536, 65.4617], [13.8349, 65.4604], [13.823, 65.4505], [13.8234, 65.439], [13.8338, 65.4235], [13.8638, 65.4148], [13.8412, 65.3988], [13.8054, 65.3995], [13.7874, 65.3932], [13.7852, 65.3843], [13.8057, 65.3702], [13.7874, 65.3513], [13.7952, 65.3328], [13.76, 65.3158], [13.8072, 65.3057], [13.817, 65.2955], [13.7858, 65.2776], [13.7817, 65.2632], [13.8594, 65.2639], [13.8728, 65.2574], [13.8415, 65.2411], [13.8244, 65.2405], [13.7961, 65.229], [13.7913, 65.2174], [13.7964, 65.2092], [13.766, 65.201], [13.7106, 65.1607], [13.6969, 65.1318], [13.66, 65.1212], [13.6611, 65.1083], [13.7097, 65.1126], [13.7805, 65.1106], [13.8341, 65.1183], [13.9316, 65.1187], [13.9489, 65.1268], [14.0122, 65.1295], [14.0639, 65.122], [14.1643, 65.1392], [14.1915, 65.1311], [14.2525, 65.1314], [14.2595, 65.1239], [14.2778, 65.1239], [14.2967, 65.1151], [14.3166, 65.1215], [14.3257, 65.119], [14.379, 65.248], [14.5057, 65.3099], [14.4968, 65.5174], [14.5295, 65.6822], [14.542, 65.7049], [14.624, 65.8142], [14.6023, 65.8622], [14.3733, 65.8617], [14.364, 65.8731], [14.3064, 65.8916], [14.2126, 65.8757], [14.1912, 65.8645], [14.1584, 65.8561], [14.1533, 65.8495], [14.1626, 65.8357], [14.126, 65.814], [14.114, 65.7983], [14.0761, 65.7836], [14.0066, 65.7763], [13.9416, 65.7853], [13.8708, 65.7658], [13.8298, 65.7844], [13.7913, 65.7833], [13.7809, 65.779], [13.7795, 65.7709], [13.7537, 65.7762], [13.6746, 65.7643], [13.6417, 65.7384]]]}}, {"type": "Feature", "properties": {"osm_type": "relation", "osm_id": 166191703, "name": "Moskenes nor", "admin_level": "6", "kind": "subdivision_2", "parent_osm_id": 408105, "parent_name": "Nordland", "parent_iso": "NO-18"}, "geometry": {"type": "Polygon", "coordinates": [[[13.1734, 67.9679], [13.1495, 67.9807], [13.1345, 67.9784], [13.1203, 67.9845], [13.058, 67.9775], [13.0459, 67.9868], [13.0501, 67.9971], [13.022, 68.0034], [13.0237, 68.008], [13.0171, 68.0164], [13.0192, 68.0317], [13.0015, 68.0456], [12.9845, 68.0344], [12.9896, 68.0298], [12.9867, 68.0276], [12.9969, 68.0273], [12.9909, 68.0205], [12.9583, 68.0299], [12.9716, 68.0182], [12.9508, 68.008], [12.9637, 68.0023], [12.9562, 67.9933], [12.9696, 67.9811], [12.9443, 67.978], [12.9236, 67.9809], [12.9052, 67.9671], [12.9139, 67.9604], [12.9057, 67.9567], [12.9138, 67.9547], [12.9066, 67.9485], [12.9158, 67.945], [12.8849, 67.9359], [12.8972, 67.9305], [12.8997, 67.9215], [12.8658, 67.9115], [12.8706, 67.9082], [12.8537, 67.9053], [12.8571, 67.9019], [12.8443, 67.9008], [12.8643, 67.8919], [12.8421, 67.8909], [12.8561, 67.8871], [12.8496, 67.8793], [12.8623, 67.8706], [12.8491, 67.8658], [12.8518, 67.8608], [12.8473, 67.8572], [12.8285, 67.8592], [12.8466, 67.8466], [12.7978, 67.8406], [12.8024, 67.836], [12.7977, 67.8352], [12.801, 67.832], [12.8048, 67.8359], [12.8205, 67.8352], [12.8142, 67.8307], [12.8211, 67.8305], [12.8087, 67.8253], [12.8729, 67.8284], [12.8698, 67.8295], [12.8792, 67.8401], [12.8907, 67.8414], [12.8888, 67.8483], [12.8997, 67.8483], [12.9001, 67.8533], [12.9055, 67.8548], [12.8956, 67.8585], [12.8999, 67.8642], [12.9301, 67.8626], [12.9265, 67.8673], [12.9297, 67.8702], [12.9629, 67.8731], [12.9677, 67.8796], [12.9766, 67.8748], [12.9894, 67.8803], [12.9807, 67.8822], [12.9996, 67.8833], [13.006, 67.8887], [13.0181, 67.8865], [13.0087, 67.883], [13.0317, 67.8819], [13.0417, 67.8883], [13.0216, 67.8883], [13.0387, 67.8934], [13.034, 67.8938], [13.0378, 67.8975], [13.0284, 67.8996], [13.0441, 67.9018], [13.0452, 67.897], [13.0401, 67.8972], [13.0454, 67.8959], [13.0614, 67.9035], [13.0526, 67.9073], [13.0768, 67.9131], [13.0417, 67.92], [13.0584, 67.9211], [13.082, 67.9146], [13.0795, 67.9227], [13.0853, 67.9279], [13.0939, 67.9254], [13.0923, 67.9308], [13.1027, 67.9365], [13.0855, 67.9357], [13.0881, 67.9308], [13.0838, 67.9289], [13.075, 67.9323], [13.0776, 67.9356], [13.0725, 67.9373], [13.077, 67.9397], [13.0125, 67.9494], [12.9762, 67.9409], [12.9899, 67.9538], [13.0084, 67.9588], [12.9858, 67.9665], [12.9852, 67.9713], [13.0055, 67.9614], [13.0272, 67.9594], [13.0166, 67.9785], [13.0058, 67.981], [13.0146, 67.9936], [13.0234, 67.9933], [13.0196, 67.9889], [13.0435, 67.9724], [13.045, 67.9621], [13.07, 67.9505], [13.0938, 67.9537], [13.0923, 67.9637], [13.1016, 67.9698], [13.1119, 67.9676], [13.1175, 67.9528], [13.1347, 67.9501], [13.137, 67.9463], [13.1295, 67.9473], [13.1344, 67.944], [13.1454, 67.9591], [13.1596, 67.9595], [13.1734, 67.9679]]]}}, {"type": "Feature", "properties": {"osm_type": "relation", "osm_id": 101120114, "name": "Lødingen nor", "admin_level": "6", "kind": "subdivision_2", "parent_osm_id": 408105, "parent_name": "Nordland", "parent_iso": "NO-18"}, "geometry": {"type": "Polygon", "coordinates": [[[15.2493, 68.3544], [15.2552, 68.3605], [15.2325, 68.3636], [15.2341, 68.3666], [15.2082, 68.3646], [15.1948, 68.3698], [15.192, 68.3682], [15.1968, 68.3656], [15.1832, 68.3644], [15.1802, 68.37], [15.1889, 68.3733], [15.2589, 68.3684], [15.3223, 68.3994], [15.328, 68.3984], [15.3255, 68.3958], [15.3391, 68.4034], [15.3338, 68.3958], [15.3641, 68.4071], [15.3718, 68.4121], [15.368, 68.4185], [15.374, 68.4207], [15.3674, 68.4217], [15.3751, 68.4258], [15.3696, 68.4304], [15.3832, 68.4297], [15.3807, 68.4203], [15.392, 68.4208], [15.3959, 68.4156], [15.4231, 68.4222], [15.4646, 68.4406], [15.4801, 68.4536], [15.4866, 68.4507], [15.5061, 68.4604], [15.5075, 68.4643], [15.498, 68.4678], [15.5327, 68.4734], [15.5605, 68.4906], [15.5649, 68.5014], [15.5752, 68.5051], [15.5509, 68.5108], [15.5533, 68.5138], [15.5303, 68.5152], [15.5434, 68.519], [15.5805, 68.5118], [15.5891, 68.5053], [15.5789, 68.4955], [15.6082, 68.4925], [15.6133, 68.4869], [15.5877, 68.4869], [15.569, 68.4815], [15.519, 68.4591], [15.4971, 68.4426], [15.5016, 68.4353], [15.4808, 68.4245], [15.3726, 68.3852], [15.3664, 68.3803], [15.3686, 68.3743], [15.3578, 68.3693], [15.376, 68.3705], [15.3608, 68.3638], [15.3572, 68.3545], [15.3575, 68.3657], [15.3276, 68.3621], [15.3328, 68.3571], [15.3303, 68.3551], [15.3351, 68.3547], [15.3317, 68.3501], [15.3628, 68.3427], [15.3704, 68.3441], [15.373, 68.352], [15.373, 68.3472], [15.3789, 68.349], [15.379, 68.3453], [15.3892, 68.3499], [15.3849, 68.3517], [15.3923, 68.3565], [15.397, 68.3524], [15.4032, 68.3566], [15.4002, 68.3535], [15.4053, 68.3518], [15.4103, 68.3582], [15.4171, 68.3552], [15.4141, 68.3508], [15.4288, 68.3521], [15.4267, 68.3489], [15.4359, 68.3441], [15.443, 68.3474], [15.4355, 68.3536], [15.4429, 68.3575], [15.4489, 68.3541], [15.4458, 68.3522], [15.4508, 68.3535], [15.4416, 68.3443], [15.4449, 68.3409], [15.4489, 68.3466], [15.4559, 68.3468], [15.455, 68.3431], [15.4709, 68.3406], [15.4769, 68.3448], [15.4717, 68.3465], [15.4823, 68.3547], [15.4919, 68.3533], [15.5078, 68.3622], [15.5015, 68.3537], [15.513, 68.3553], [15.5003, 68.345], [15.5069, 68.3435], [15.5138, 68.3337], [15.5365, 68.3399], [15.5268, 68.3334], [15.5391, 68.3329], [15.5531, 68.3398], [15.5484, 68.3343], [15.5552, 68.3326], [15.5496, 68.3315], [15.5695, 68.3355], [15.5734, 68.33], [15.5926, 68.3332], [15.5897, 68.3273], [15.6, 68.3269], [15.5727, 68.325], [15.569, 68.3206], [15.5733, 68.3198], [15.5686, 68.3194], [15.5725, 68.3181], [15.5564, 68.313], [15.5654, 68.316], [15.5669, 68.3126], [15.5832, 68.3207], [15.5792, 68.3132], [15.5894, 68.3147], [15.5819, 68.3091], [15.6052, 68.3139], [15.6218, 68.3127], [15.6142, 68.3088], [15.6275, 68.3066], [15.6464, 68.309], [15.667, 68.3146], [15.6461, 68.3187], [15.656, 68.3212], [15.637, 68.3206], [15.639, 68.3232], [15.633, 68.3241], [15.6535, 68.3262], [15.6409, 68.3303], [15.6444, 68.3334], [15.6927, 68.3352], [15.6867, 68.3378], [15.6956, 68.3401], [15.6879, 68.3413], [15.6965, 68.3432], [15.6929, 68.348], [15.7181, 68.349], [15.7119, 68.3568], [15.7182, 68.3585], [15.7161, 68.3627], [15.7242, 68.3688], [15.7029, 68.3704], [15.6869, 68.3658], [15.6991, 68.3707], [15.6591, 68.3736], [15.6658, 68.3759], [15.6591, 68.3768], [15.6916, 68.379], [15.7035, 68.3771], [15.6932, 68.376], [15.7019, 68.3739], [15.7205, 68.3756], [15.7092, 68.376], [15.7198, 68.3828], [15.7443, 68.3849], [15.7556, 68.3814], [15.7519, 68.3855], [15.7619, 68.3943], [15.7381, 68.3993], [15.7417, 68.4035], [15.7355, 68.4043], [15.7418, 68.4047], [15.739, 68.411], [15.7566, 68.4128], [15.7533, 68.4148], [15.7678, 68.4242], [15.7653, 68.4301], [15.773, 68.4358], [15.7823, 68.4329], [15.777, 68.4232], [15.7808, 68.4087], [15.7983, 68.4084], [15.791, 68.405], [15.8014, 68.402], [15.806, 68.4033], [15.8023, 68.4073], [15.8255, 68.4026], [15.8388, 68.4074], [15.8354, 68.412], [15.8428, 68.4195], [15.832, 68.4211], [15.8416, 68.4241], [15.833, 68.4239], [15.8543, 68.4314], [15.8455, 68.4333], [15.8545, 68.4328], [15.8639, 68.4435], [15.8706, 68.4447], [15.8767, 68.4521], [15.8728, 68.4529], [15.875, 68.4609], [15.8857, 68.4647], [15.869, 68.4724], [15.8755, 68.4869], [15.8661, 68.4976], [15.8709, 68.51], [15.8824, 68.5057], [15.878, 68.4984], [15.8862, 68.4922], [15.8863, 68.4812], [15.8812, 68.4784], [15.8847, 68.4663], [15.8965, 68.4662], [15.8979, 68.4583], [15.8911, 68.4487], [15.9106, 68.4475], [15.8801, 68.4409], [15.8782, 68.4349], [15.8903, 68.428], [15.8823, 68.4231], [15.8778, 68.4125], [15.8811, 68.4066], [15.8724, 68.4024], [15.8771, 68.4004], [15.8667, 68.3999], [15.8646, 68.395], [15.8689, 68.391], [15.8624, 68.3875], [15.8636, 68.3839], [15.8716, 68.3806], [15.9158, 68.3861], [15.9036, 68.3871], [15.9289, 68.3919], [15.9228, 68.396], [15.9268, 68.397], [15.9468, 68.3943], [15.9527, 68.3993], [15.9634, 68.3949], [15.9616, 68.3979], [15.9738, 68.3999], [15.9762, 68.4048], [15.9978, 68.4081], [16.0036, 68.4113], [15.9899, 68.4162], [16.0004, 68.4178], [15.991, 68.4217], [16.0105, 68.4321], [16.0061, 68.4393], [16.0145, 68.4396], [16.0078, 68.4446], [16.0144, 68.4473], [16.0104, 68.4479], [16.0302, 68.4531], [16.0226, 68.4541], [16.0446, 68.4647], [16.0743, 68.4697], [16.0935, 68.4856], [16.083, 68.4928], [16.097, 68.4935], [16.0964, 68.5029], [16.1026, 68.5047], [16.0976, 68.5072], [16.1068, 68.5139], [16.1238, 68.5124], [16.1276, 68.5112], [16.1245, 68.5087], [16.1359, 68.5119], [16.126, 68.5128], [16.1289, 68.5192], [16.1163, 68.5165], [16.1018, 68.5238], [16.1139, 68.5306], [16.1151, 68.5389], [16.052, 68.5302], [16.0066, 68.542], [15.9967, 68.5557], [16.0301, 68.5679], [16.0195, 68.5796], [15.9981, 68.5846], [16.0079, 68.5881], [16.0027, 68.5961], [15.9623, 68.6139], [15.9333, 68.601], [15.9276, 68.5913], [15.9289, 68.5832], [15.9102, 68.5723], [15.906, 68.5626], [15.8884, 68.5579], [15.8981, 68.549], [15.8911, 68.534], [15.8291, 68.5345], [15.8047, 68.5168], [15.782, 68.5106], [15.7807, 68.5056], [15.7551, 68.5019], [15.756, 68.4918], [15.7039, 68.4818], [15.6867, 68.4725], [15.6914, 68.4641], [15.6582, 68.4549], [15.6487, 68.4433], [15.6181, 68.453], [15.6151, 68.4592], [15.6336, 68.4659], [15.6324, 68.4706], [15.6539, 68.4739], [15.6754, 68.4857], [15.6626, 68.4981], [15.6707, 68.4999], [15.6643, 68.5067], [15.6676, 68.5114], [15.6556, 68.5151], [15.6532, 68.5254], [15.6284, 68.5298], [15.6297, 68.5368], [15.6237, 68.5411], [15.6032, 68.5417], [15.589, 68.534], [15.5459, 68.5461], [15.5057, 68.5364], [15.4578, 68.537], [15.452, 68.526], [15.4097, 68.5304], [15.4036, 68.5265], [15.4091, 68.5193], [15.4243, 68.5137], [15.4279, 68.5027], [15.4056, 68.4935], [15.4285, 68.4904], [15.4066, 68.477], [15.4265, 68.475], [15.4421, 68.4558], [15.4167, 68.4442], [15.3659, 68.4517], [15.3204, 68.4467], [15.3158, 68.4398], [15.3005, 68.4396], [15.2793, 68.4314], [15.2768, 68.4279], [15.2828, 68.4232], [15.2791, 68.4208], [15.2828, 68.4163], [15.2668, 68.4079], [15.24, 68.4045], [15.2283, 68.3945], [15.1919, 68.399], [15.1781, 68.3883], [15.1338, 68.3723], [15.1319, 68.3647], [15.1446, 68.3573], [15.1454, 68.3524], [15.1736, 68.3485], [15.2493, 68.3544]]]}}, {"type": "Feature", "properties": {"osm_type": "relation", "osm_id": 268387546, "name": "Saltdal nor", "admin_level": "6", "kind": "subdivision_2", "parent_osm_id": 408105, "parent_name": "Nordland", "parent_iso": "NO-18"}, "geometry": {"type": "Polygon", "coordinates": [[[14.9809, 66.7739], [15.0497, 66.7839], [15.158, 66.7805], [15.1998, 66.7516], [15.2059, 66.7379], [15.1502, 66.7075], [15.1502, 66.699], [15.1597, 66.6915], [15.1599, 66.681], [15.1518, 66.668], [15.1821, 66.66], [15.1794, 66.6554], [15.1948, 66.6498], [15.1986, 66.6312], [15.2188, 66.6186], [15.2206, 66.6118], [15.2068, 66.6], [15.2064, 66.59], [15.2423, 66.5711], [15.2941, 66.5773], [15.3343, 66.5715], [15.3478, 66.5764], [15.5334, 66.5579], [15.6258, 66.6058], [15.7739, 66.7167], [15.8057, 66.734], [15.9068, 66.8075], [16.0388, 66.9124], [16.194, 66.9826], [16.3064, 67.0188], [16.1682, 67.0162], [15.9935, 67.0495], [15.8955, 67.0882], [15.8482, 67.1009], [15.7112, 67.1234], [15.6745, 67.1337], [15.6711, 67.1575], [15.6389, 67.1744], [15.5904, 67.188], [15.589, 67.1983], [15.5448, 67.1972], [15.5039, 67.2048], [15.4569, 67.1957], [15.4816, 67.1842], [15.4718, 67.1737], [15.4848, 67.1633], [15.4704, 67.162], [15.4633, 67.1523], [15.4443, 67.1465], [15.4501, 67.1438], [15.4442, 67.1331], [15.4527, 67.1199], [15.4343, 67.1147], [15.4716, 67.0993], [15.4561, 67.0957], [15.433, 67.1053], [15.4143, 67.0924], [15.4081, 67.0934], [15.4177, 67.0964], [15.4189, 67.1041], [15.3889, 67.1041], [15.3892, 67.1131], [15.4155, 67.1358], [15.389, 67.1248], [15.3828, 67.1265], [15.4048, 67.1506], [15.4018, 67.1543], [15.4056, 67.1612], [15.418, 67.169], [15.4002, 67.1757], [15.4036, 67.1831], [15.3896, 67.189], [15.3574, 67.1894], [15.3521, 67.1878], [15.3649, 67.1847], [15.3604, 67.1801], [15.3377, 67.176], [15.3271, 67.1693], [15.2979, 67.1699], [15.2495, 67.1478], [15.2202, 67.1179], [15.2278, 67.111], [15.2194, 67.1028], [15.2197, 67.0964], [15.2105, 67.0957], [15.1597, 67.0675], [15.1883, 67.0499], [15.1759, 67.0327], [15.1734, 67.0139], [15.1536, 67.0095], [15.1273, 66.9938], [15.1115, 66.9587], [15.0751, 66.9574], [15.0571, 66.9496], [15.0403, 66.9206], [15.0232, 66.9264], [15.0099, 66.9225], [15.0044, 66.9061], [15.0066, 66.898], [14.9808, 66.8781], [14.9885, 66.8633], [14.9699, 66.8451], [14.9921, 66.8213], [14.9809, 66.7739]]]}}, {"type": "Feature", "properties": {"osm_type": "relation", "osm_id": 563779002, "name": "Evenes nor", "admin_level": "6", "kind": "subdivision_2", "parent_osm_id": 408105, "parent_name": "Nordland", "parent_iso": "NO-18"}, "geometry": {"type": "MultiPolygon", "coordinates": [[[[16.9618, 68.502], [16.937, 68.4954], [16.9035, 68.4765], [16.9571, 68.4804], [16.9721, 68.4884], [16.9731, 68.4939], [16.9628, 68.4968], [16.9656, 68.5004], [16.9618, 68.502]]], [[[16.5576, 68.4473], [16.6308, 68.4593], [16.6375, 68.4549], [16.6631, 68.4578], [16.674, 68.4528], [16.7106, 68.4591], [16.7146, 68.4579], [16.7086, 68.4529], [16.7934, 68.4676], [16.8729, 68.4694], [16.8854, 68.4741], [16.8881, 68.4798], [16.9118, 68.4855], [16.9169, 68.4961], [16.9089, 68.496], [16.937, 68.5037], [16.9368, 68.5073], [16.9271, 68.5071], [16.9378, 68.5148], [16.9958, 68.5261], [17.0038, 68.524], [16.9969, 68.5152], [17.0489, 68.5108], [17.0503, 68.5069], [17.0693, 68.5046], [17.0722, 68.5011], [17.0689, 68.4999], [17.0739, 68.5007], [17.0714, 68.4965], [17.1049, 68.4849], [17.1028, 68.4802], [17.0602, 68.4758], [17.0534, 68.4705], [17.0261, 68.4658], [17.0134, 68.4556], [17.0262, 68.4516], [17.2481, 68.4632], [17.3145, 68.4831], [17.2884, 68.4948], [17.2475, 68.4856], [17.2695, 68.5334], [17.2859, 68.5318], [17.3377, 68.5625], [17.1955, 68.5575], [16.8669, 68.5728], [16.7964, 68.5454], [16.7884, 68.5383], [16.766, 68.5358], [16.7452, 68.5265], [16.7464, 68.5219], [16.7143, 68.5108], [16.6289, 68.499], [16.5678, 68.5016], [16.5537, 68.4903], [16.5526, 68.4759], [16.5609, 68.4678], [16.5531, 68.4597], [16.5669, 68.4548], [16.5576, 68.4473]]]]}}, {"type": "Feature", "properties": {"osm_type": "relation", "osm_id": 682241099, "name": "Bø nor", "admin_level": "6", "kind": "subdivision_2", "parent_osm_id": 408105, "parent_name": "Nordland", "parent_iso": "NO-18"}, "geometry": {"type": "MultiPolygon", "coordinates": [[[[14.347, 68.6257], [14.3328, 68.6223], [14.3399, 68.6185], [14.3197, 68.6153], [14.3334, 68.6128], [14.3136, 68.6071], [14.3384, 68.6095], [14.347, 68.6257]]], [[[14.8162, 68.7113], [14.8091, 68.7114], [14.812, 68.7091], [14.8071, 68.703], [14.7986, 68.7068], [14.8131, 68.7171], [14.8113, 68.7232], [14.8184, 68.7316], [14.862, 68.7246], [14.8459, 68.7326], [14.8444, 68.7392], [14.8573, 68.7417], [14.8535, 68.7474], [14.8631, 68.7508], [14.8378, 68.7556], [14.8311, 68.7615], [14.78, 68.7663], [14.7789, 68.7709], [14.7581, 68.775], [14.753, 68.7607], [14.7491, 68.7614], [14.7501, 68.7706], [14.7431, 68.7691], [14.736, 68.7653], [14.7333, 68.755], [14.7101, 68.7535], [14.7073, 68.7522], [14.7116, 68.7504], [14.7045, 68.7492], [14.7003, 68.7527], [14.7101, 68.7547], [14.7044, 68.7545], [14.7033, 68.7593], [14.7123, 68.7612], [14.7117, 68.7647], [14.6839, 68.7659], [14.6954, 68.7705], [14.6978, 68.7793], [14.6893, 68.7808], [14.6903, 68.7866], [14.7081, 68.8005], [14.6989, 68.8002], [14.6978, 68.8051], [14.7107, 68.8135], [14.6934, 68.8158], [14.7047, 68.8196], [14.7025, 68.8242], [14.7063, 68.8268], [14.6915, 68.8258], [14.7069, 68.8357], [14.6899, 68.837], [14.6786, 68.8342], [14.6836, 68.8314], [14.6496, 68.8346], [14.6341, 68.8302], [14.6265, 68.8218], [14.6284, 68.8116], [14.6225, 68.8087], [14.6282, 68.8042], [14.6227, 68.8004], [14.6351, 68.7977], [14.6295, 68.7902], [14.6585, 68.7815], [14.6201, 68.7806], [14.621, 68.7747], [14.613, 68.7693], [14.6235, 68.7601], [14.6091, 68.7652], [14.6028, 68.7627], [14.6012, 68.7527], [14.609, 68.7515], [14.6078, 68.7433], [14.6462, 68.7429], [14.642, 68.7357], [14.6045, 68.7264], [14.6196, 68.7321], [14.6209, 68.7372], [14.6054, 68.7364], [14.5996, 68.7456], [14.5841, 68.7458], [14.5911, 68.7504], [14.5846, 68.7542], [14.587, 68.7586], [14.599, 68.7622], [14.584, 68.7713], [14.5906, 68.7757], [14.587, 68.7777], [14.5932, 68.7857], [14.5878, 68.7949], [14.5913, 68.7969], [14.5837, 68.8056], [14.5695, 68.8076], [14.5744, 68.812], [14.5574, 68.8132], [14.558, 68.8181], [14.5467, 68.817], [14.558, 68.8191], [14.5452, 68.8221], [14.541, 68.8195], [14.5499, 68.8191], [14.532, 68.8124], [14.549, 68.8113], [14.5501, 68.8081], [14.5343, 68.8042], [14.5407, 68.8006], [14.5154, 68.7924], [14.51, 68.7849], [14.4748, 68.7823], [14.4713, 68.7805], [14.4756, 68.7779], [14.465, 68.7768], [14.4696, 68.7787], [14.4613, 68.783], [14.4529, 68.7809], [14.4597, 68.7761], [14.4504, 68.7694], [14.4604, 68.7636], [14.4399, 68.7638], [14.4365, 68.7615], [14.4422, 68.7579], [14.4324, 68.7567], [14.4583, 68.7615], [14.4736, 68.7583], [14.4607, 68.7513], [14.4705, 68.7519], [14.4791, 68.7463], [14.5235, 68.7489], [14.5306, 68.7451], [14.5285, 68.7418], [14.5369, 68.7439], [14.5307, 68.7387], [14.5736, 68.742], [14.5839, 68.7361], [14.5519, 68.7362], [14.5435, 68.7334], [14.5503, 68.7288], [14.5479, 68.7245], [14.5414, 68.7316], [14.5282, 68.7265], [14.5245, 68.731], [14.4865, 68.7302], [14.4815, 68.7342], [14.4746, 68.7281], [14.441, 68.7216], [14.4244, 68.7121], [14.4355, 68.7019], [14.4676, 68.6964], [14.4092, 68.7003], [14.3695, 68.6853], [14.4167, 68.6805], [14.4207, 68.6785], [14.4181, 68.6763], [14.3886, 68.6736], [14.3964, 68.6721], [14.3924, 68.6637], [14.4245, 68.6636], [14.4419, 68.677], [14.4681, 68.6864], [14.4663, 68.6797], [14.4528, 68.6751], [14.458, 68.6728], [14.4553, 68.6709], [14.4658, 68.6713], [14.4589, 68.6684], [14.4654, 68.6646], [14.4235, 68.6561], [14.4386, 68.6544], [14.4217, 68.6464], [14.4316, 68.6421], [14.4331, 68.6388], [14.4271, 68.6372], [14.4434, 68.6324], [14.4209, 68.6203], [14.4437, 68.6213], [14.4337, 68.6169], [14.4441, 68.6179], [14.4396, 68.6148], [14.4445, 68.614], [14.4255, 68.6069], [14.4373, 68.6108], [14.4298, 68.6046], [14.4389, 68.6048], [14.4386, 68.6089], [14.4622, 68.6133], [14.4564, 68.6037], [14.4683, 68.6037], [14.4807, 68.6137], [14.4899, 68.6094], [14.4861, 68.605], [14.4914, 68.6056], [14.4831, 68.5982], [14.5212, 68.6084], [14.5256, 68.6002], [14.5394, 68.6099], [14.5498, 68.6107], [14.5587, 68.6214], [14.5785, 68.6225], [14.57, 68.6182], [14.5813, 68.6163], [14.5738, 68.6146], [14.5787, 68.6134], [14.5984, 68.6188], [14.5895, 68.6221], [14.6089, 68.6244], [14.6016, 68.617], [14.6107, 68.6165], [14.6204, 68.6201], [14.621, 68.6238], [14.6146, 68.6246], [14.6342, 68.6301], [14.6301, 68.6356], [14.6379, 68.6306], [14.6541, 68.6354], [14.6376, 68.6358], [14.6492, 68.6447], [14.6303, 68.6438], [14.6434, 68.6449], [14.6437, 68.6497], [14.6215, 68.645], [14.6287, 68.65], [14.6178, 68.6503], [14.6139, 68.6538], [14.6222, 68.6544], [14.6088, 68.6567], [14.63, 68.6625], [14.6281, 68.6579], [14.6356, 68.6576], [14.6273, 68.6546], [14.6341, 68.6525], [14.6493, 68.6548], [14.6517, 68.6571], [14.6448, 68.6572], [14.6453, 68.6606], [14.6509, 68.6582], [14.6556, 68.6631], [14.6678, 68.6615], [14.6544, 68.6518], [14.6722, 68.6563], [14.679, 68.6686], [14.6626, 68.6655], [14.6654, 68.6676], [14.6618, 68.669], [14.6709, 68.6688], [14.6733, 68.6744], [14.656, 68.6734], [14.671, 68.6749], [14.6759, 68.6844], [14.683, 68.6868], [14.6719, 68.6959], [14.6768, 68.6983], [14.6753, 68.7115], [14.6912, 68.7113], [14.6871, 68.6946], [14.7036, 68.6933], [14.7063, 68.7003], [14.7155, 68.7005], [14.7066, 68.6798], [14.7283, 68.685], [14.7273, 68.6806], [14.7361, 68.6791], [14.7263, 68.6791], [14.7295, 68.6755], [14.7215, 68.6714], [14.7144, 68.6737], [14.7235, 68.6755], [14.722, 68.6816], [14.7122, 68.6788], [14.7092, 68.6709], [14.7215, 68.6706], [14.7141, 68.662], [14.7239, 68.6645], [14.7204, 68.6604], [14.7261, 68.6589], [14.7408, 68.6625], [14.7342, 68.6548], [14.7472, 68.6552], [14.7496, 68.6587], [14.7422, 68.66], [14.7505, 68.6676], [14.7527, 68.662], [14.7607, 68.6641], [14.7576, 68.6605], [14.7735, 68.6612], [14.7682, 68.6567], [14.7825, 68.6628], [14.7751, 68.6672], [14.7848, 68.6779], [14.7771, 68.6761], [14.7778, 68.681], [14.7904, 68.6858], [14.7844, 68.6879], [14.7917, 68.6944], [14.8057, 68.6956], [14.8043, 68.7008], [14.819, 68.7066], [14.8162, 68.7113]]]]}}, {"type": "Feature", "properties": {"osm_type": "relation", "osm_id": 107110354, "name": "Vestvågøy nor", "admin_level": "6", "kind": "subdivision_2", "parent_osm_id": 408105, "parent_name": "Nordland", "parent_iso": "NO-18"}, "geometry": {"type": "Polygon", "coordinates": [[[13.9518, 68.3469], [13.9116, 68.3399], [13.9102, 68.3443], [13.9006, 68.344], [13.9189, 68.3372], [13.9131, 68.3359], [13.9197, 68.334], [13.9185, 68.327], [13.9087, 68.3227], [13.9088, 68.3259], [13.8883, 68.3264], [13.8959, 68.3299], [13.8871, 68.3366], [13.8959, 68.3334], [13.9028, 68.3366], [13.8904, 68.344], [13.8864, 68.3426], [13.8877, 68.338], [13.8633, 68.3366], [13.8643, 68.3309], [13.8875, 68.3338], [13.8914, 68.3289], [13.8776, 68.3291], [13.8729, 68.3256], [13.8801, 68.3221], [13.8711, 68.321], [13.8726, 68.3166], [13.8524, 68.3107], [13.8682, 68.3076], [13.8514, 68.3104], [13.8523, 68.3033], [13.8263, 68.3029], [13.8271, 68.2986], [13.8396, 68.2945], [13.8327, 68.2931], [13.83, 68.2867], [13.8073, 68.2888], [13.8141, 68.2837], [13.8021, 68.2788], [13.8091, 68.2858], [13.7932, 68.2848], [13.7857, 68.293], [13.7778, 68.2878], [13.7797, 68.2926], [13.7756, 68.2939], [13.7568, 68.2904], [13.7665, 68.296], [13.7476, 68.2899], [13.7508, 68.2864], [13.7437, 68.2846], [13.7476, 68.2823], [13.7354, 68.2801], [13.7436, 68.2756], [13.7606, 68.2801], [13.755, 68.2764], [13.7594, 68.2762], [13.7767, 68.2818], [13.7851, 68.2726], [13.7989, 68.269], [13.8015, 68.2631], [13.8306, 68.2566], [13.8187, 68.253], [13.8415, 68.2564], [13.8551, 68.2504], [13.8483, 68.247], [13.8539, 68.2439], [13.8022, 68.238], [13.7923, 68.24], [13.7951, 68.2426], [13.7808, 68.2413], [13.7872, 68.2448], [13.7808, 68.2494], [13.788, 68.2534], [13.7974, 68.2566], [13.816, 68.2534], [13.8197, 68.2585], [13.7901, 68.2607], [13.7796, 68.2569], [13.786, 68.2614], [13.7784, 68.2651], [13.7503, 68.2658], [13.7375, 68.2754], [13.7142, 68.2752], [13.7297, 68.2798], [13.7185, 68.2834], [13.7258, 68.2875], [13.7129, 68.2974], [13.7184, 68.2987], [13.685, 68.3107], [13.6555, 68.3099], [13.5984, 68.2894], [13.5705, 68.2871], [13.5631, 68.2817], [13.5822, 68.2714], [13.5805, 68.2684], [13.5377, 68.2632], [13.5412, 68.2614], [13.5365, 68.2578], [13.5092, 68.2468], [13.5592, 68.2461], [13.5668, 68.2413], [13.5861, 68.2465], [13.5932, 68.2424], [13.5923, 68.2454], [13.6486, 68.2533], [13.6414, 68.2474], [13.6145, 68.2462], [13.6038, 68.2414], [13.6177, 68.2427], [13.6158, 68.24], [13.6261, 68.237], [13.6399, 68.2403], [13.6488, 68.2354], [13.65, 68.2394], [13.6659, 68.2376], [13.6301, 68.2313], [13.6331, 68.2331], [13.6287, 68.2348], [13.5597, 68.2297], [13.5239, 68.2218], [13.504, 68.2109], [13.4784, 68.2046], [13.4877, 68.1984], [13.5264, 68.1989], [13.5376, 68.1902], [13.522, 68.182], [13.491, 68.1843], [13.4651, 68.176], [13.5049, 68.1748], [13.5147, 68.1702], [13.5525, 68.1744], [13.5401, 68.1665], [13.5177, 68.17], [13.5121, 68.1696], [13.5161, 68.167], [13.5135, 68.165], [13.4962, 68.1646], [13.4874, 68.1566], [13.4927, 68.1548], [13.472, 68.1522], [13.484, 68.1464], [13.5323, 68.1552], [13.5534, 68.1691], [13.5709, 68.1695], [13.5734, 68.1779], [13.5907, 68.1745], [13.5961, 68.1775], [13.5932, 68.1844], [13.6088, 68.1857], [13.6045, 68.1791], [13.608, 68.1773], [13.5937, 68.1746], [13.6198, 68.1703], [13.6157, 68.1666], [13.5871, 68.1708], [13.5864, 68.1672], [13.5802, 68.168], [13.5804, 68.16], [13.5751, 68.1575], [13.5487, 68.1612], [13.5555, 68.1587], [13.5334, 68.1546], [13.5376, 68.1505], [13.5274, 68.148], [13.5436, 68.1455], [13.5397, 68.143], [13.5423, 68.141], [13.5309, 68.1434], [13.5369, 68.1406], [13.5002, 68.1353], [13.48, 68.1243], [13.4832, 68.1205], [13.4765, 68.1159], [13.4825, 68.1109], [13.4746, 68.1], [13.465, 68.0957], [13.4675, 68.0908], [13.4615, 68.0822], [13.4944, 68.0659], [13.4881, 68.0619], [13.493, 68.0577], [13.5355, 68.0653], [13.5333, 68.0676], [13.5414, 68.0691], [13.5281, 68.0748], [13.5479, 68.0801], [13.5371, 68.0802], [13.5394, 68.0829], [13.5688, 68.0837], [13.5844, 68.0878], [13.5772, 68.0927], [13.5843, 68.091], [13.5807, 68.0941], [13.5876, 68.0952], [13.5732, 68.0975], [13.5854, 68.1053], [13.5503, 68.1059], [13.5664, 68.1105], [13.5621, 68.1154], [13.578, 68.114], [13.5771, 68.1179], [13.5813, 68.1184], [13.5518, 68.1201], [13.5467, 68.1223], [13.5531, 68.1249], [13.5483, 68.1244], [13.5502, 68.1268], [13.5611, 68.1325], [13.5615, 68.127], [13.5821, 68.1296], [13.5794, 68.1347], [13.5735, 68.1328], [13.5787, 68.1372], [13.6089, 68.1338], [13.6134, 68.1394], [13.6194, 68.1369], [13.6324, 68.1439], [13.6472, 68.1439], [13.6105, 68.1328], [13.6053, 68.128], [13.6149, 68.1276], [13.6041, 68.1233], [13.6267, 68.133], [13.6478, 68.1325], [13.628, 68.1246], [13.6392, 68.1242], [13.6325, 68.1209], [13.655, 68.1134], [13.6174, 68.1058], [13.6404, 68.1002], [13.6251, 68.0945], [13.6509, 68.1006], [13.6574, 68.0981], [13.6334, 68.0871], [13.6332, 68.0822], [13.6955, 68.0914], [13.7009, 68.0886], [13.6968, 68.0794], [13.711, 68.079], [13.7277, 68.0879], [13.7343, 68.0867], [13.7255, 68.0909], [13.7295, 68.0946], [13.7251, 68.0962], [13.7341, 68.108], [13.7103, 68.1103], [13.7173, 68.1126], [13.7146, 68.1175], [13.7447, 68.121], [13.7417, 68.1253], [13.7489, 68.1275], [13.7427, 68.1301], [13.7413, 68.1369], [13.7565, 68.1397], [13.7471, 68.1444], [13.7464, 68.1482], [13.7535, 68.1515], [13.7471, 68.1541], [13.7607, 68.1541], [13.7594, 68.1471], [13.7637, 68.1445], [13.7578, 68.1429], [13.7688, 68.1417], [13.7585, 68.1388], [13.7624, 68.1336], [13.7808, 68.1343], [13.7675, 68.1301], [13.7637, 68.1241], [13.782, 68.1251], [13.7795, 68.1173], [13.784, 68.1151], [13.7919, 68.1183], [13.8032, 68.1145], [13.8382, 68.1244], [13.8438, 68.1233], [13.8395, 68.1202], [13.8433, 68.1197], [13.8559, 68.1267], [13.8567, 68.1209], [13.8624, 68.1238], [13.8592, 68.1251], [13.8637, 68.1284], [13.8528, 68.13], [13.8619, 68.1316], [13.8513, 68.1326], [13.8559, 68.1366], [13.8368, 68.1424], [13.8426, 68.144], [13.8411, 68.1473], [13.8558, 68.1466], [13.8418, 68.1514], [13.8492, 68.1534], [13.8433, 68.1533], [13.8502, 68.1549], [13.8468, 68.1561], [13.8545, 68.1543], [13.8487, 68.152], [13.8699, 68.1472], [13.8533, 68.1535], [13.863, 68.1568], [13.7832, 68.1564], [13.7892, 68.1576], [13.7837, 68.1614], [13.8089, 68.163], [13.803, 68.1664], [13.8462, 68.1671], [13.8548, 68.1819], [13.8744, 68.1833], [13.8631, 68.1913], [13.8467, 68.1884], [13.8262, 68.1943], [13.8771, 68.1925], [13.8872, 68.1985], [13.8809, 68.2032], [13.8877, 68.2056], [13.8985, 68.2016], [13.8905, 68.1977], [13.8962, 68.1957], [13.8899, 68.188], [13.894, 68.1815], [13.9275, 68.1839], [13.938, 68.1929], [13.9486, 68.1904], [13.9442, 68.1889], [13.9467, 68.1849], [13.9531, 68.19], [13.9477, 68.1923], [13.9545, 68.1971], [13.9626, 68.194], [13.9582, 68.1871], [13.9653, 68.1867], [13.9794, 68.2012], [13.9951, 68.2006], [13.9916, 68.1979], [14.0165, 68.1904], [14.014, 68.1882], [14.0435, 68.1949], [14.0455, 68.1981], [14.0397, 68.2016], [14.055, 68.1991], [14.057, 68.2071], [14.0687, 68.2102], [14.062, 68.2131], [14.0688, 68.2147], [14.0651, 68.2172], [14.0778, 68.2151], [14.0702, 68.2187], [14.0773, 68.2219], [14.0871, 68.2182], [14.0837, 68.2208], [14.0898, 68.2258], [14.073, 68.2232], [14.0955, 68.2302], [14.1017, 68.2264], [14.0977, 68.2233], [14.1066, 68.2243], [14.1087, 68.2206], [14.103, 68.2111], [14.1123, 68.2114], [14.1155, 68.2171], [14.1254, 68.2196], [14.1206, 68.2264], [14.1255, 68.2296], [14.1201, 68.2331], [14.1248, 68.2414], [14.1511, 68.2481], [14.1697, 68.2586], [14.1157, 68.2857], [14.0895, 68.2885], [14.0604, 68.2756], [14.0436, 68.2769], [14.0389, 68.2716], [14.0482, 68.2674], [14.0443, 68.2647], [14.0141, 68.2616], [14.0393, 68.2596], [14.0317, 68.2577], [14.0162, 68.258], [14.0105, 68.2639], [13.993, 68.2626], [13.9846, 68.2694], [13.9794, 68.265], [13.9733, 68.2699], [13.9424, 68.2557], [13.9334, 68.2606], [13.9416, 68.2679], [13.9384, 68.2723], [13.9094, 68.2854], [13.8875, 68.2865], [13.8955, 68.2922], [13.9202, 68.2947], [13.9525, 68.278], [13.9389, 68.272], [13.957, 68.2685], [13.9633, 68.2731], [13.9665, 68.2691], [13.9775, 68.275], [13.994, 68.2746], [13.9901, 68.2793], [14.032, 68.2793], [14.0181, 68.2797], [14.0268, 68.2839], [14.0079, 68.2911], [14.0089, 68.2964], [14.0039, 68.2983], [14.0178, 68.3043], [14.0205, 68.3125], [13.9948, 68.3317], [13.9988, 68.3328], [13.9935, 68.3327], [13.9946, 68.3361], [13.9987, 68.3333], [13.9917, 68.3424], [13.9836, 68.3467], [13.9518, 68.3469]]]}}, {"type": "Feature", "properties": {"osm_type": "relation", "osm_id": 203597321, "name": "Flakstad nor", "admin_level": "6", "kind": "subdivision_2", "parent_osm_id": 408105, "parent_name": "Nordland", "parent_iso": "NO-18"}, "geometry": {"type": "MultiPolygon", "coordinates": [[[[13.1734, 67.9679], [13.1875, 67.977], [13.167, 67.9914], [13.1759, 68.0011], [13.18, 67.9972], [13.1772, 67.9941], [13.1862, 68.0001], [13.1785, 67.9999], [13.175, 68.0065], [13.1628, 68.0046], [13.174, 68.0078], [13.1675, 68.0106], [13.1784, 68.0177], [13.1727, 68.0224], [13.1597, 68.0225], [13.172, 68.0282], [13.163, 68.0307], [13.1684, 68.0325], [13.1626, 68.0447], [13.082, 68.016], [13.0774, 68.0171], [13.0841, 68.0215], [13.0826, 68.0261], [13.0491, 68.0327], [13.0577, 68.0365], [13.0933, 68.0338], [13.0859, 68.0363], [13.0948, 68.0425], [13.1132, 68.0411], [13.1207, 68.0436], [13.1175, 68.0469], [13.169, 68.0586], [13.1621, 68.0683], [13.1365, 68.0626], [13.1403, 68.0606], [13.1372, 68.0549], [13.1267, 68.0545], [13.1212, 68.0594], [13.136, 68.074], [13.1579, 68.0754], [13.1646, 68.082], [13.1734, 68.0817], [13.1683, 68.0818], [13.172, 68.0846], [13.1672, 68.0874], [13.1855, 68.0849], [13.1909, 68.091], [13.1855, 68.0933], [13.1898, 68.0996], [13.1367, 68.0978], [13.1438, 68.1115], [13.1386, 68.1141], [13.1168, 68.1127], [13.1058, 68.1074], [13.0731, 68.112], [13.0765, 68.1056], [13.0723, 68.1029], [13.0859, 68.0949], [13.0843, 68.0861], [13.0977, 68.0785], [13.0786, 68.072], [13.0471, 68.0752], [13.0412, 68.0648], [13.0146, 68.057], [13.0214, 68.0518], [13.0167, 68.0459], [13.0015, 68.0456], [13.0192, 68.0317], [13.0171, 68.0164], [13.0237, 68.008], [13.022, 68.0034], [13.0501, 67.9971], [13.0459, 67.9868], [13.058, 67.9775], [13.1203, 67.9845], [13.1345, 67.9784], [13.1495, 67.9807], [13.1734, 67.9679]]], [[[13.3245, 68.17], [13.3109, 68.158], [13.3154, 68.1565], [13.3144, 68.1406], [13.2958, 68.1308], [13.3407, 68.1179], [13.3441, 68.1028], [13.3371, 68.0967], [13.3417, 68.0838], [13.338, 68.0787], [13.3461, 68.074], [13.2942, 68.0798], [13.2952, 68.0848], [13.309, 68.0844], [13.3259, 68.1027], [13.3086, 68.1097], [13.2986, 68.1107], [13.2855, 68.1036], [13.2347, 68.1053], [13.2418, 68.0964], [13.2251, 68.095], [13.2221, 68.0932], [13.2282, 68.0909], [13.2186, 68.0879], [13.2284, 68.0887], [13.2196, 68.0869], [13.2305, 68.0851], [13.2262, 68.0818], [13.2365, 68.0791], [13.2389, 68.0738], [13.227, 68.0781], [13.1949, 68.0777], [13.2004, 68.0748], [13.1946, 68.065], [13.1656, 68.0447], [13.179, 68.0323], [13.1781, 68.0261], [13.1843, 68.0226], [13.1814, 68.0187], [13.201, 68.0191], [13.1914, 68.0123], [13.1996, 68.0108], [13.2019, 68.0057], [13.1967, 68.0052], [13.2014, 68.0015], [13.1985, 68.0047], [13.2144, 68.009], [13.207, 68.0012], [13.2125, 67.9994], [13.2262, 68.0133], [13.2275, 68.0232], [13.2233, 68.0266], [13.24, 68.0398], [13.2319, 68.0551], [13.2383, 68.0613], [13.25, 68.0543], [13.2494, 68.0463], [13.2628, 68.0407], [13.2579, 68.0318], [13.2629, 68.0256], [13.261, 67.9993], [13.3131, 68.0095], [13.3147, 68.0147], [13.3366, 68.0229], [13.3322, 68.0265], [13.358, 68.0274], [13.3448, 68.0315], [13.3507, 68.0331], [13.3475, 68.0391], [13.3541, 68.0497], [13.3551, 68.0389], [13.3648, 68.0291], [13.3921, 68.0317], [13.3904, 68.0363], [13.3978, 68.0425], [13.3938, 68.0444], [13.3998, 68.0463], [13.3963, 68.0536], [13.4017, 68.0562], [13.3865, 68.0628], [13.4058, 68.0657], [13.4013, 68.0677], [13.4169, 68.0761], [13.4223, 68.0888], [13.419, 68.0978], [13.4031, 68.0949], [13.4171, 68.0988], [13.4306, 68.116], [13.4434, 68.1234], [13.4407, 68.13], [13.4178, 68.1309], [13.4392, 68.1314], [13.4609, 68.1396], [13.4565, 68.1391], [13.4578, 68.1437], [13.4526, 68.1476], [13.4366, 68.1494], [13.4236, 68.1569], [13.3245, 68.17]]]]}}, {"type": "Feature", "properties": {"osm_type": "relation", "osm_id": 140524497, "name": "Brønnøy nor", "admin_level": "6", "kind": "subdivision_2", "parent_osm_id": 408105, "parent_name": "Nordland", "parent_iso": "NO-18"}, "geometry": {"type": "MultiPolygon", "coordinates": [[[[12.0191, 65.4036], [12.0043, 65.4013], [12.002, 65.3969], [12.0079, 65.3937], [11.9995, 65.3919], [12.0076, 65.3908], [12.0033, 65.3859], [12.0428, 65.4], [12.0191, 65.4036]]], [[[12.0613, 65.4654], [12.0215, 65.452], [12.0232, 65.4482], [12.0497, 65.4534], [12.0613, 65.4654]]], [[[12.3243, 65.479], [12.3266, 65.4836], [12.3069, 65.4718], [12.3053, 65.4754], [12.2965, 65.4727], [12.2737, 65.4595], [12.2978, 65.4632], [12.3039, 65.4706], [12.3243, 65.479]]], [[[12.1562, 65.4796], [12.1456, 65.4771], [12.1498, 65.4765], [12.1444, 65.4712], [12.1301, 65.4686], [12.1249, 65.4621], [12.1297, 65.4698], [12.1248, 65.4678], [12.1148, 65.4602], [12.1166, 65.4564], [12.101, 65.4485], [12.1107, 65.4481], [12.1254, 65.4621], [12.1172, 65.4497], [12.149, 65.4685], [12.1425, 65.4625], [12.1461, 65.4617], [12.1339, 65.4598], [12.1288, 65.4544], [12.1395, 65.4575], [12.12, 65.4494], [12.1013, 65.4281], [12.0904, 65.4252], [12.0897, 65.4303], [12.1089, 65.4471], [12.0878, 65.4404], [12.0837, 65.4374], [12.0907, 65.437], [12.0788, 65.436], [12.0699, 65.4309], [12.0745, 65.4293], [12.0532, 65.4278], [12.0668, 65.4268], [12.0374, 65.4204], [12.0459, 65.4124], [12.0421, 65.4086], [12.0484, 65.4078], [12.0487, 65.4024], [12.0401, 65.402], [12.0603, 65.4024], [12.0826, 65.4118], [12.084, 65.4223], [12.0877, 65.4221], [12.0914, 65.4127], [12.0709, 65.3956], [12.0766, 65.3943], [12.0721, 65.3941], [12.0768, 65.3923], [12.0725, 65.3892], [12.0925, 65.3909], [12.0645, 65.3824], [12.1038, 65.3925], [12.1103, 65.4064], [12.1142, 65.4067], [12.102, 65.4145], [12.1202, 65.4058], [12.1106, 65.4152], [12.1168, 65.4165], [12.117, 65.4124], [12.1241, 65.4106], [12.1244, 65.4202], [12.1309, 65.4226], [12.1362, 65.4165], [12.1541, 65.4339], [12.1523, 65.4402], [12.1308, 65.4228], [12.1073, 65.416], [12.1099, 65.4223], [12.1137, 65.418], [12.1219, 65.4228], [12.1166, 65.4248], [12.1289, 65.4376], [12.1222, 65.4406], [12.1326, 65.4381], [12.1345, 65.4417], [12.1293, 65.4411], [12.1437, 65.4479], [12.1569, 65.4643], [12.1716, 65.4721], [12.1746, 65.4688], [12.1615, 65.4629], [12.1576, 65.452], [12.1803, 65.4673], [12.1774, 65.4579], [12.2052, 65.4781], [12.1945, 65.4719], [12.1862, 65.4738], [12.1819, 65.4672], [12.1843, 65.4735], [12.1786, 65.468], [12.1795, 65.4743], [12.1643, 65.473], [12.1716, 65.4802], [12.1591, 65.4787], [12.1517, 65.4712], [12.1562, 65.4796]]], [[[12.1466, 65.5009], [12.1062, 65.4883], [12.0736, 65.4703], [12.0732, 65.4653], [12.1048, 65.4767], [12.0771, 65.4638], [12.0743, 65.4577], [12.097, 65.4641], [12.0913, 65.4606], [12.1052, 65.4622], [12.0936, 65.4548], [12.1162, 65.4718], [12.1204, 65.4727], [12.1149, 65.4668], [12.1547, 65.4886], [12.1597, 65.4925], [12.1578, 65.501], [12.1274, 65.4894], [12.1466, 65.5009]]], [[[12.1608, 65.5321], [12.1308, 65.5185], [12.1362, 65.519], [12.1304, 65.5153], [12.1358, 65.5182], [12.1231, 65.5098], [12.1298, 65.5105], [12.1182, 65.5078], [12.1118, 65.5018], [12.1178, 65.5027], [12.0898, 65.4931], [12.101, 65.4943], [12.0928, 65.4888], [12.1042, 65.4876], [12.1608, 65.5321]]], [[[13.058, 65.2445], [13.1152, 65.2644], [13.1668, 65.2682], [13.167, 65.2757], [13.1569, 65.2839], [13.1056, 65.2892], [13.106, 65.2991], [13.0894, 65.305], [13.0888, 65.3121], [13.0811, 65.3178], [13.0978, 65.3253], [13.0763, 65.3335], [13.0779, 65.3417], [13.0516, 65.3421], [13.0712, 65.372], [13.0697, 65.377], [13.052, 65.3807], [13.0389, 65.3997], [12.9331, 65.3975], [13.0423, 65.4792], [13.0358, 65.4852], [13.0405, 65.5125], [13.0336, 65.5343], [13.0365, 65.5392], [12.9626, 65.5407], [12.8953, 65.5348], [12.8594, 65.522], [12.711, 65.5177], [12.7038, 65.5313], [12.6746, 65.5419], [12.7029, 65.5488], [12.6549, 65.573], [12.696, 65.5811], [12.6872, 65.5919], [12.6956, 65.5947], [12.632, 65.5928], [12.6153, 65.6091], [12.5639, 65.6126], [12.5436, 65.6235], [12.496, 65.6188], [12.476, 65.6118], [12.441, 65.6122], [12.4326, 65.6067], [12.4812, 65.5967], [12.4727, 65.5864], [12.457, 65.5818], [12.465, 65.5758], [12.4606, 65.5666], [12.3936, 65.5468], [12.3981, 65.5447], [12.3945, 65.5431], [12.4365, 65.5249], [12.45, 65.5251], [12.4524, 65.5321], [12.5089, 65.5594], [12.5139, 65.5731], [12.5221, 65.5797], [12.5402, 65.5857], [12.5386, 65.5787], [12.5307, 65.5746], [12.5351, 65.5729], [12.5197, 65.5651], [12.5202, 65.5555], [12.5012, 65.551], [12.4578, 65.5209], [12.4633, 65.5155], [12.4923, 65.5088], [12.5083, 65.5095], [12.5339, 65.5191], [12.5553, 65.534], [12.5496, 65.5618], [12.5534, 65.5767], [12.562, 65.5812], [12.5623, 65.5876], [12.5728, 65.5847], [12.5666, 65.5751], [12.5742, 65.5658], [12.5671, 65.5562], [12.5852, 65.5342], [12.5777, 65.5321], [12.5908, 65.5236], [12.6275, 65.5272], [12.5951, 65.5172], [12.5719, 65.521], [12.5673, 65.5176], [12.571, 65.5174], [12.5695, 65.5135], [12.5498, 65.5068], [12.5719, 65.4982], [12.5845, 65.4856], [12.5825, 65.4799], [12.5941, 65.4742], [12.6473, 65.4849], [12.6655, 65.481], [12.6015, 65.4675], [12.6049, 65.4637], [12.6359, 65.4544], [12.7426, 65.4661], [12.782, 65.465], [12.7679, 65.4599], [12.6461, 65.4479], [12.6437, 65.4412], [12.6529, 65.4347], [12.6407, 65.4293], [12.6284, 65.4364], [12.6243, 65.4357], [12.6269, 65.4308], [12.6212, 65.4357], [12.6099, 65.4355], [12.6903, 65.3868], [12.7117, 65.3638], [12.6563, 65.4003], [12.6323, 65.4044], [12.6308, 65.4159], [12.6241, 65.4169], [12.6035, 65.437], [12.5877, 65.4428], [12.587, 65.4395], [12.5748, 65.4425], [12.5808, 65.4393], [12.584, 65.4284], [12.5825, 65.4197], [12.5766, 65.4172], [12.5917, 65.4061], [12.5781, 65.4057], [12.5671, 65.4133], [12.5489, 65.4044], [12.5635, 65.4149], [12.5574, 65.4236], [12.5653, 65.4255], [12.57, 65.4378], [12.5493, 65.4506], [12.5281, 65.4557], [12.514, 65.4539], [12.544, 65.4459], [12.5391, 65.444], [12.5227, 65.4483], [12.5086, 65.4447], [12.4947, 65.4525], [12.4724, 65.444], [12.4669, 65.446], [12.4679, 65.4509], [12.4989, 65.4559], [12.485, 65.4609], [12.4538, 65.4526], [12.4616, 65.4457], [12.4581, 65.4416], [12.4739, 65.4389], [12.4672, 65.4384], [12.4693, 65.4303], [12.4988, 65.4162], [12.4984, 65.4119], [12.4892, 65.4146], [12.4935, 65.4086], [12.5175, 65.4051], [12.5198, 65.402], [12.5145, 65.4019], [12.5208, 65.4001], [12.5306, 65.4044], [12.5099, 65.3898], [12.5147, 65.3817], [12.5083, 65.3867], [12.5013, 65.3854], [12.5149, 65.394], [12.5128, 65.3994], [12.4827, 65.4027], [12.4875, 65.4102], [12.4566, 65.4199], [12.4531, 65.4249], [12.4414, 65.417], [12.4377, 65.4203], [12.4466, 65.4219], [12.4424, 65.426], [12.4439, 65.4375], [12.4339, 65.4509], [12.4552, 65.4629], [12.4521, 65.4787], [12.3876, 65.5173], [12.3274, 65.5372], [12.3264, 65.5516], [12.3183, 65.5574], [12.3233, 65.5628], [12.3247, 65.5765], [12.2929, 65.5886], [12.2656, 65.5779], [12.2297, 65.5539], [12.2445, 65.5609], [12.2477, 65.5576], [12.2673, 65.5649], [12.2517, 65.5553], [12.2753, 65.5631], [12.2386, 65.5455], [12.2453, 65.5457], [12.2399, 65.5427], [12.2453, 65.5437], [12.2417, 65.5361], [12.2606, 65.5454], [12.2461, 65.5223], [12.2355, 65.5239], [12.2411, 65.5225], [12.2403, 65.5172], [12.2503, 65.5204], [12.2544, 65.5277], [12.2527, 65.5203], [12.2565, 65.521], [12.2444, 65.5156], [12.2462, 65.5123], [12.234, 65.5007], [12.2466, 65.5019], [12.2277, 65.4906], [12.2233, 65.4903], [12.2296, 65.4961], [12.2229, 65.4933], [12.22, 65.4885], [12.2236, 65.4877], [12.1991, 65.4691], [12.1969, 65.4623], [12.1891, 65.4618], [12.1946, 65.467], [12.187, 65.4616], [12.1975, 65.4606], [12.193, 65.4566], [12.2212, 65.4686], [12.2112, 65.4639], [12.2215, 65.4647], [12.2081, 65.4625], [12.1761, 65.4404], [12.2287, 65.4589], [12.2216, 65.4606], [12.2343, 65.4678], [12.2269, 65.4721], [12.2313, 65.4746], [12.2294, 65.4779], [12.2213, 65.4774], [12.2252, 65.4812], [12.2213, 65.4815], [12.2383, 65.4844], [12.2365, 65.4812], [12.2596, 65.4899], [12.2605, 65.4948], [12.2728, 65.4928], [12.3008, 65.5048], [12.2725, 65.4886], [12.2766, 65.4874], [12.2472, 65.4814], [12.2429, 65.4728], [12.2461, 65.4737], [12.2366, 65.4661], [12.2444, 65.468], [12.2407, 65.4648], [12.2454, 65.4645], [12.2778, 65.4792], [12.2622, 65.4662], [12.2734, 65.4675], [12.2998, 65.4753], [12.3133, 65.4917], [12.3051, 65.4779], [12.3452, 65.4941], [12.3283, 65.4777], [12.3315, 65.4759], [12.3269, 65.4686], [12.3534, 65.4674], [12.2981, 65.4439], [12.2718, 65.4413], [12.2042, 65.4182], [12.1995, 65.4158], [12.2026, 65.4134], [12.1579, 65.3883], [12.1691, 65.3904], [12.1618, 65.3867], [12.1683, 65.3876], [12.1643, 65.3829], [12.1732, 65.3843], [12.1788, 65.3802], [12.1772, 65.3755], [12.1684, 65.3752], [12.173, 65.3717], [12.2387, 65.3816], [12.2721, 65.3939], [12.2741, 65.3997], [12.2689, 65.4023], [12.2947, 65.4118], [12.3014, 65.4218], [12.3483, 65.4389], [12.3605, 65.4368], [12.3616, 65.4306], [12.3715, 65.4288], [12.3702, 65.4154], [12.3987, 65.4059], [12.3909, 65.3971], [12.3994, 65.3935], [12.3909, 65.3902], [12.4298, 65.3787], [12.4238, 65.3751], [12.4264, 65.3711], [12.4422, 65.3674], [12.4727, 65.3707], [12.4486, 65.3593], [12.4801, 65.3646], [12.4534, 65.3582], [12.4414, 65.3499], [12.4644, 65.3442], [12.4504, 65.3321], [12.4704, 65.3357], [12.4605, 65.3305], [12.4712, 65.3259], [12.4604, 65.3248], [12.4613, 65.3132], [12.4559, 65.3085], [12.4389, 65.3037], [12.4684, 65.3002], [12.4703, 65.2912], [12.4913, 65.2874], [12.4994, 65.2785], [12.5497, 65.2869], [12.552, 65.294], [12.5585, 65.2968], [12.5698, 65.2892], [12.5693, 65.2757], [12.5881, 65.2699], [12.5968, 65.2616], [12.644, 65.2592], [12.653, 65.2538], [12.6869, 65.2555], [12.6979, 65.2451], [12.7253, 65.2342], [12.7053, 65.2227], [12.6918, 65.2211], [12.6996, 65.2135], [12.7179, 65.2104], [12.7509, 65.2254], [12.7681, 65.2409], [12.8025, 65.2544], [12.8094, 65.2637], [12.8279, 65.2716], [12.8327, 65.2799], [12.8556, 65.2881], [12.8769, 65.3043], [12.9134, 65.3159], [12.9188, 65.3235], [12.9437, 65.3332], [12.9529, 65.3311], [12.9395, 65.3259], [12.9515, 65.3284], [12.9645, 65.3223], [12.96, 65.3213], [12.96, 65.3133], [12.9281, 65.3073], [12.9214, 65.3026], [12.927, 65.3009], [12.9162, 65.2946], [12.8903, 65.2893], [12.8609, 65.2762], [12.8288, 65.2514], [12.868, 65.2516], [12.875, 65.2473], [12.8772, 65.2368], [12.9191, 65.2321], [12.9359, 65.2168], [12.9617, 65.2241], [12.9598, 65.2274], [12.9886, 65.2312], [12.9933, 65.2355], [12.9806, 65.2455], [12.9827, 65.2554], [13.058, 65.2445]]]]}}, {"type": "Feature", "properties": {"osm_type": "relation", "osm_id": 992717856, "name": "Hábmer smj 2", "admin_level": "6", "kind": "subdivision_2", "parent_osm_id": 408105, "parent_name": "Nordland", "parent_iso": "NO-18"}, "geometry": {"type": "MultiPolygon", "coordinates": [[[[15.4618, 67.9912], [15.4495, 67.9898], [15.433, 67.9794], [15.471, 67.976], [15.4957, 67.9815], [15.4693, 67.9893], [15.4714, 67.9918], [15.4618, 67.9912]]], [[[15.4224, 68.0367], [15.4033, 68.0354], [15.4073, 68.031], [15.4577, 68.0256], [15.4609, 68.0299], [15.4483, 68.031], [15.4456, 68.0358], [15.4224, 68.0367]]], [[[15.6907, 68.034], [15.6764, 68.0366], [15.6632, 68.0288], [15.6347, 68.0333], [15.5538, 68.0197], [15.5231, 68.0199], [15.5148, 68.017], [15.5188, 68.0113], [15.5106, 68.0098], [15.5153, 68.0073], [15.503, 68.0037], [15.4989, 68.0053], [15.503, 68.0068], [15.4785, 68.0069], [15.4718, 68.0125], [15.4622, 68.0108], [15.4676, 68.0072], [15.4621, 68.0061], [15.4726, 68.0048], [15.4749, 68.0002], [15.5123, 67.9965], [15.5245, 67.9894], [15.5355, 67.9953], [15.5701, 67.9888], [15.6355, 67.9867], [15.6444, 67.991], [15.6484, 67.9875], [15.6758, 67.9903], [15.7006, 68.0003], [15.7052, 67.996], [15.7306, 68.0008], [15.728, 68.0057], [15.6911, 68.0024], [15.6837, 68.0059], [15.6922, 68.0138], [15.7237, 68.0191], [15.751, 68.0084], [15.7481, 68.0049], [15.7668, 68.0031], [15.7586, 68.0015], [15.785, 67.9962], [15.7842, 67.9929], [15.8256, 67.9879], [15.8492, 67.9794], [15.8785, 67.9797], [15.9171, 67.9933], [15.939, 67.9952], [15.931, 67.9993], [15.9359, 68.0031], [15.9244, 68.0045], [15.9307, 68.009], [15.9227, 68.0137], [15.9093, 68.019], [15.8942, 68.0166], [15.8889, 68.0208], [15.8924, 68.0228], [15.8755, 68.027], [15.8617, 68.0247], [15.821, 68.0311], [15.8058, 68.0271], [15.7799, 68.0314], [15.7628, 68.0251], [15.6907, 68.034]]], [[[15.8243, 68.1627], [15.7809, 68.1576], [15.7774, 68.1563], [15.7843, 68.1552], [15.7861, 68.1499], [15.7642, 68.1514], [15.7461, 68.1424], [15.7504, 68.1388], [15.746, 68.138], [15.7677, 68.1331], [15.7931, 68.134], [15.8072, 68.1245], [15.826, 68.1239], [15.8297, 68.126], [15.8218, 68.1284], [15.8273, 68.1295], [15.8153, 68.1304], [15.8375, 68.1368], [15.811, 68.1362], [15.8342, 68.1425], [15.83, 68.1487], [15.8151, 68.1532], [15.8235, 68.1571], [15.8408, 68.1537], [15.8476, 68.1598], [15.8255, 68.1576], [15.8243, 68.1627]]], [[[15.8663, 67.7769], [15.8889, 67.7664], [15.9356, 67.7599], [15.9544, 67.7684], [15.9703, 67.7657], [15.9826, 67.7589], [15.9799, 67.7551], [15.9842, 67.7495], [16.009, 67.7397], [15.9856, 67.7257], [15.9921, 67.7188], [15.9867, 67.716], [15.9925, 67.7128], [16.0319, 67.7218], [16.057, 67.7374], [16.074, 67.7337], [16.0512, 67.7217], [16.0652, 67.7222], [16.0715, 67.7181], [16.107, 67.7291], [16.1082, 67.7227], [16.0712, 67.7069], [16.1177, 67.7062], [16.1658, 67.686], [16.1486, 67.6426], [16.3169, 67.5645], [16.4076, 67.534], [16.4949, 67.5945], [16.5558, 67.6473], [16.524, 67.661], [16.522, 67.6769], [16.4872, 67.6996], [16.448, 67.6886], [16.3947, 67.6991], [16.4092, 67.706], [16.403, 67.7159], [16.3396, 67.7412], [16.3552, 67.7428], [16.3682, 67.7499], [16.3338, 67.7528], [16.2998, 67.7735], [16.2789, 67.7621], [16.2039, 67.7585], [16.1941, 67.7672], [16.1959, 67.7763], [16.1883, 67.7782], [16.1865, 67.7852], [16.1758, 67.7876], [16.1775, 67.808], [16.1593, 67.8192], [16.1604, 67.8286], [16.1454, 67.8364], [16.1423, 67.8443], [16.1163, 67.8499], [16.0905, 67.8666], [16.0542, 67.8738], [16.0598, 67.8812], [16.0584, 67.8908], [16.0938, 67.905], [16.0856, 67.9146], [16.0904, 67.9213], [16.0696, 67.9523], [16.0748, 67.9579], [16.0737, 67.9647], [16.0756, 67.9676], [16.1025, 67.9614], [16.107, 67.9681], [16.0475, 67.9996], [16.0125, 68.0302], [15.984, 68.0276], [15.9752, 68.0309], [15.9726, 68.0341], [15.9814, 68.0347], [15.9757, 68.0365], [15.9777, 68.0396], [15.9617, 68.0434], [15.9605, 68.0534], [15.9519, 68.0609], [15.9012, 68.0648], [15.8992, 68.0686], [15.9019, 68.0769], [15.9613, 68.0821], [15.9649, 68.0882], [15.9589, 68.0909], [16.0292, 68.1145], [16.0284, 68.1222], [16.0167, 68.1331], [16.0138, 68.1511], [16.0251, 68.1623], [15.9991, 68.1605], [15.9811, 68.1779], [15.972, 68.1804], [15.9871, 68.2], [15.9864, 68.208], [16.0082, 68.2117], [15.9602, 68.2254], [15.9649, 68.2225], [15.9545, 68.2129], [15.965, 68.2093], [15.9586, 68.2039], [15.938, 68.2056], [15.9358, 68.2023], [15.9426, 68.1997], [15.9087, 68.1955], [15.8923, 68.1982], [15.8974, 68.2061], [15.8742, 68.2087], [15.8774, 68.2046], [15.8525, 68.2007], [15.8536, 68.1925], [15.8481, 68.1917], [15.8485, 68.1846], [15.858, 68.182], [15.8575, 68.1774], [15.8893, 68.1726], [15.8897, 68.167], [15.8781, 68.1671], [15.8717, 68.1612], [15.9438, 68.1522], [15.9112, 68.1474], [15.8981, 68.1521], [15.8788, 68.1509], [15.8827, 68.1461], [15.8977, 68.1445], [15.8688, 68.1415], [15.8974, 68.1337], [15.8717, 68.1254], [15.8784, 68.1221], [15.8647, 68.1226], [15.8611, 68.1186], [15.8649, 68.1158], [15.8457, 68.1109], [15.807, 68.1183], [15.8192, 68.1144], [15.7971, 68.1107], [15.8077, 68.0999], [15.8062, 68.0966], [15.7652, 68.0996], [15.7607, 68.1081], [15.7491, 68.1089], [15.7562, 68.1055], [15.7537, 68.1032], [15.7252, 68.1008], [15.7324, 68.099], [15.7281, 68.0941], [15.7436, 68.0877], [15.6643, 68.088], [15.6635, 68.0842], [15.6463, 68.0802], [15.6638, 68.0712], [15.6623, 68.0668], [15.6485, 68.0643], [15.6594, 68.0615], [15.6531, 68.0569], [15.6312, 68.0565], [15.6286, 68.0616], [15.6375, 68.0623], [15.6432, 68.0684], [15.6206, 68.0683], [15.6176, 68.0703], [15.6214, 68.0716], [15.6085, 68.0739], [15.6546, 68.085], [15.6207, 68.0964], [15.643, 68.0994], [15.6038, 68.1067], [15.5985, 68.1118], [15.6077, 68.1153], [15.6169, 68.1084], [15.6204, 68.1117], [15.6292, 68.1079], [15.7127, 68.1065], [15.7192, 68.1164], [15.7289, 68.1192], [15.7134, 68.1282], [15.7163, 68.1341], [15.7075, 68.1354], [15.7192, 68.1364], [15.6906, 68.1439], [15.6928, 68.1493], [15.6859, 68.1501], [15.7195, 68.1478], [15.7258, 68.1499], [15.7198, 68.1583], [15.725, 68.1601], [15.7105, 68.1663], [15.7126, 68.1699], [15.7208, 68.1683], [15.7106, 68.1722], [15.6887, 68.1718], [15.6913, 68.1682], [15.6871, 68.1669], [15.6997, 68.1633], [15.6952, 68.1608], [15.685, 68.1634], [15.6831, 68.1685], [15.6659, 68.1668], [15.6873, 68.1713], [15.6687, 68.1706], [15.677, 68.1739], [15.6483, 68.1783], [15.6662, 68.177], [15.6739, 68.1844], [15.6627, 68.1842], [15.6681, 68.1865], [15.663, 68.188], [15.6415, 68.1834], [15.6482, 68.1875], [15.6369, 68.189], [15.5934, 68.1821], [15.6182, 68.1823], [15.6209, 68.179], [15.6129, 68.1774], [15.6338, 68.1745], [15.6138, 68.1734], [15.6289, 68.171], [15.6205, 68.1663], [15.6322, 68.1671], [15.6191, 68.1636], [15.6316, 68.1582], [15.6247, 68.1547], [15.6332, 68.1536], [15.6269, 68.1493], [15.6281, 68.1408], [15.5917, 68.142], [15.6017, 68.1448], [15.5988, 68.1499], [15.5816, 68.1492], [15.5847, 68.1476], [15.5801, 68.1438], [15.5672, 68.1472], [15.5595, 68.1434], [15.5849, 68.1418], [15.5807, 68.141], [15.5915, 68.133], [15.5675, 68.1316], [15.5777, 68.1303], [15.5735, 68.1281], [15.5606, 68.1298], [15.5672, 68.1224], [15.5631, 68.1209], [15.5593, 68.1324], [15.5312, 68.1345], [15.5328, 68.1291], [15.5228, 68.1277], [15.5275, 68.1233], [15.52, 68.1225], [15.5253, 68.1179], [15.5178, 68.1197], [15.5355, 68.1125], [15.521, 68.108], [15.4972, 68.1147], [15.494, 68.1265], [15.4806, 68.127], [15.5002, 68.1276], [15.4983, 68.1333], [15.5099, 68.1315], [15.51, 68.1387], [15.5028, 68.1395], [15.5135, 68.142], [15.5238, 68.1411], [15.5217, 68.138], [15.528, 68.1427], [15.5177, 68.1438], [15.5185, 68.1507], [15.489, 68.151], [15.4943, 68.1584], [15.5064, 68.1607], [15.5037, 68.1625], [15.4789, 68.16], [15.4733, 68.1554], [15.4891, 68.1538], [15.4754, 68.1546], [15.4794, 68.1516], [15.4465, 68.1506], [15.4615, 68.148], [15.4045, 68.1433], [15.4037, 68.1377], [15.4113, 68.1392], [15.4078, 68.1367], [15.4153, 68.1351], [15.4084, 68.1346], [15.4152, 68.1305], [15.3927, 68.1349], [15.3884, 68.126], [15.418, 68.1305], [15.4165, 68.1272], [15.4227, 68.1256], [15.4083, 68.1262], [15.3989, 68.1165], [15.3765, 68.1117], [15.3788, 68.1055], [15.3963, 68.104], [15.4097, 68.0904], [15.3967, 68.0871], [15.3796, 68.0915], [15.3797, 68.0981], [15.387, 68.0996], [15.3846, 68.1045], [15.3737, 68.1035], [15.371, 68.1094], [15.3587, 68.1079], [15.3394, 68.1023], [15.3435, 68.1003], [15.338, 68.0992], [15.3361, 68.0905], [15.3254, 68.0839], [15.3254, 68.0791], [15.3131, 68.0809], [15.3137, 68.0769], [15.3315, 68.079], [15.3281, 68.0755], [15.3321, 68.0734], [15.3225, 68.073], [15.3328, 68.0711], [15.3262, 68.0681], [15.3412, 68.0705], [15.3474, 68.0652], [15.2972, 68.0671], [15.278, 68.0613], [15.2827, 68.0597], [15.2758, 68.0508], [15.2788, 68.0457], [15.2992, 68.034], [15.2912, 68.0265], [15.3072, 68.0216], [15.3045, 68.0188], [15.3389, 68.0119], [15.3336, 68.0153], [15.3388, 68.0178], [15.3567, 68.0146], [15.3829, 68.0216], [15.3796, 68.0203], [15.385, 68.0189], [15.3778, 68.0184], [15.3831, 68.0166], [15.3819, 68.0111], [15.3776, 68.011], [15.383, 68.0081], [15.3687, 68.0059], [15.3856, 68.001], [15.4032, 68.0037], [15.4074, 67.9981], [15.4033, 67.9958], [15.4255, 68.0001], [15.4168, 68.0081], [15.4352, 68.0101], [15.4336, 68.0134], [15.4419, 68.0198], [15.4375, 68.0213], [15.4407, 68.0256], [15.4338, 68.0269], [15.4113, 68.0285], [15.4113, 68.0244], [15.4038, 68.0283], [15.41, 68.0298], [15.4018, 68.0293], [15.4046, 68.0342], [15.3975, 68.038], [15.4225, 68.039], [15.4281, 68.047], [15.441, 68.0433], [15.4732, 68.0473], [15.4685, 68.0516], [15.4773, 68.0511], [15.4705, 68.0529], [15.4754, 68.0547], [15.4891, 68.0551], [15.4924, 68.0544], [15.4883, 68.0511], [15.4958, 68.0502], [15.5068, 68.0546], [15.4898, 68.0562], [15.5, 68.0559], [15.4946, 68.0585], [15.5103, 68.057], [15.5172, 68.0612], [15.5123, 68.0566], [15.5212, 68.0561], [15.5405, 68.0619], [15.5337, 68.0673], [15.5268, 68.0642], [15.5276, 68.0683], [15.5134, 68.0763], [15.5312, 68.0752], [15.517, 68.0845], [15.5205, 68.0865], [15.5148, 68.0926], [15.5208, 68.1011], [15.5211, 68.0962], [15.5296, 68.0954], [15.5268, 68.0926], [15.5356, 68.0875], [15.5745, 68.0822], [15.5771, 68.0784], [15.5737, 68.0773], [15.5982, 68.0737], [15.5892, 68.0686], [15.5707, 68.07], [15.587, 68.0633], [15.5622, 68.0567], [15.5821, 68.0592], [15.5878, 68.0548], [15.5826, 68.0526], [15.5894, 68.0497], [15.577, 68.0449], [15.7102, 68.0472], [15.7162, 68.0426], [15.7418, 68.0422], [15.7365, 68.0356], [15.8136, 68.0345], [15.7944, 68.0322], [15.8053, 68.0296], [15.8255, 68.0334], [15.8177, 68.0349], [15.8295, 68.0395], [15.8044, 68.045], [15.7851, 68.0403], [15.7552, 68.0444], [15.771, 68.0476], [15.7677, 68.0497], [15.7788, 68.0558], [15.7997, 68.0474], [15.8349, 68.0554], [15.822, 68.0503], [15.8421, 68.0485], [15.8664, 68.0385], [15.8574, 68.0372], [15.9235, 68.0332], [15.9447, 68.0266], [15.9395, 68.0238], [15.9407, 68.0192], [15.9532, 68.024], [15.9501, 68.0163], [15.9753, 68.0147], [15.9792, 68.01], [15.9484, 68.0079], [15.9507, 67.9963], [16.0008, 67.9963], [15.9728, 67.9881], [15.9685, 67.9907], [15.9765, 67.9937], [15.9478, 67.9928], [15.9463, 67.9887], [15.9558, 67.9879], [15.9525, 67.9841], [15.9751, 67.9786], [15.9695, 67.9751], [15.9337, 67.9809], [15.9474, 67.9752], [15.9407, 67.9686], [15.9239, 67.9756], [15.9108, 67.9711], [15.9161, 67.9766], [15.9031, 67.9818], [15.8797, 67.9768], [15.8843, 67.9712], [15.9045, 67.967], [15.9094, 67.9711], [15.9286, 67.9648], [15.8902, 67.9489], [15.89, 67.9442], [15.8702, 67.9403], [15.8755, 67.9275], [15.8897, 67.9237], [15.8715, 67.9211], [15.871, 67.9168], [15.8809, 67.9183], [15.8841, 67.9142], [15.8766, 67.914], [15.8689, 67.9063], [15.8686, 67.9161], [15.8623, 67.9117], [15.8598, 67.9171], [15.8427, 67.9147], [15.8343, 67.9364], [15.8096, 67.9591], [15.7827, 67.9671], [15.7358, 67.9695], [15.7378, 67.9581], [15.7199, 67.9504], [15.7403, 67.9491], [15.7547, 67.9426], [15.7551, 67.9317], [15.7467, 67.9271], [15.7202, 67.9273], [15.7231, 67.9171], [15.7062, 67.8991], [15.7527, 67.8783], [15.7623, 67.8672], [15.7535, 67.8543], [15.742, 67.8475], [15.7994, 67.8379], [15.8188, 67.8413], [15.8391, 67.8288], [15.8688, 67.8264], [15.8655, 67.8163], [15.8703, 67.8134], [15.9111, 67.805], [15.9022, 67.8025], [15.9015, 67.7924], [15.8681, 67.7838], [15.8663, 67.7769]]]]}}, {"type": "Feature", "properties": {"osm_type": "relation", "osm_id": 380840313, "name": "Fuossko smj 2", "admin_level": "6", "kind": "subdivision_2", "parent_osm_id": 408105, "parent_name": "Nordland", "parent_iso": "NO-18"}, "geometry": {"type": "Polygon", "coordinates": [[[15.1685, 67.4099], [15.166, 67.4019], [15.1795, 67.3945], [15.1638, 67.3859], [15.1696, 67.3757], [15.15, 67.3718], [15.1318, 67.3597], [15.0791, 67.3622], [15.0764, 67.3571], [15.0869, 67.3503], [15.0388, 67.3445], [15.0501, 67.322], [15.08, 67.3201], [15.1725, 67.3299], [15.1754, 67.326], [15.1675, 67.3288], [15.1693, 67.3188], [15.1573, 67.3096], [15.1546, 67.2986], [15.1418, 67.2944], [15.1533, 67.2939], [15.1851, 67.3022], [15.1898, 67.3078], [15.1825, 67.3091], [15.1819, 67.3137], [15.2001, 67.319], [15.2055, 67.329], [15.2344, 67.3343], [15.2377, 67.3399], [15.2298, 67.342], [15.2318, 67.3445], [15.2471, 67.3448], [15.2495, 67.34], [15.2624, 67.3476], [15.2534, 67.338], [15.2593, 67.3379], [15.2608, 67.3279], [15.2541, 67.3228], [15.2597, 67.3159], [15.2281, 67.3063], [15.197, 67.307], [15.1625, 67.2897], [15.1334, 67.2917], [15.136, 67.2889], [15.1175, 67.2884], [15.1082, 67.2848], [15.1122, 67.2828], [15.0923, 67.2792], [15.0771, 67.284], [15.0378, 67.2724], [15.1141, 67.2742], [15.1425, 67.2679], [15.1451, 67.2649], [15.1402, 67.2641], [15.1438, 67.2615], [15.1708, 67.2536], [15.2224, 67.2569], [15.2303, 67.2597], [15.2347, 67.2689], [15.2536, 67.2709], [15.2812, 67.2633], [15.3355, 67.2669], [15.349, 67.264], [15.3522, 67.2548], [15.3379, 67.2472], [15.3147, 67.2424], [15.2678, 67.2439], [15.2466, 67.2379], [15.2472, 67.2332], [15.2802, 67.2337], [15.296, 67.2285], [15.3278, 67.2357], [15.3475, 67.2476], [15.3778, 67.2557], [15.4306, 67.2602], [15.4234, 67.2511], [15.4277, 67.248], [15.4144, 67.2407], [15.3905, 67.2379], [15.35, 67.2214], [15.3675, 67.2205], [15.3658, 67.2172], [15.4048, 67.223], [15.3915, 67.2187], [15.3948, 67.2149], [15.4346, 67.209], [15.4416, 67.1994], [15.4569, 67.1957], [15.5039, 67.2048], [15.5448, 67.1972], [15.589, 67.1983], [15.5904, 67.188], [15.6389, 67.1744], [15.6711, 67.1575], [15.6745, 67.1337], [15.7112, 67.1234], [15.8482, 67.1009], [15.8955, 67.0882], [15.9935, 67.0495], [16.1682, 67.0162], [16.3064, 67.0188], [16.3877, 67.0455], [16.404, 67.205], [16.3297, 67.2621], [16.2494, 67.271], [15.9886, 67.2862], [15.8705, 67.2886], [15.8373, 67.2848], [15.8388, 67.2977], [15.8224, 67.3038], [15.8265, 67.3099], [15.7825, 67.3148], [15.7404, 67.3081], [15.6891, 67.2758], [15.6525, 67.2702], [15.6093, 67.2568], [15.5824, 67.2566], [15.5713, 67.2646], [15.5943, 67.2883], [15.5721, 67.2942], [15.5711, 67.3129], [15.5931, 67.3202], [15.5889, 67.3366], [15.5779, 67.3434], [15.536, 67.3432], [15.5442, 67.3508], [15.5391, 67.3519], [15.5476, 67.3556], [15.5362, 67.3593], [15.5278, 67.3557], [15.4701, 67.3638], [15.4839, 67.3754], [15.4968, 67.3954], [15.485, 67.4094], [15.487, 67.4127], [15.4505, 67.4371], [15.3777, 67.4517], [15.3543, 67.4433], [15.3078, 67.4417], [15.2832, 67.4539], [15.2683, 67.4515], [15.2644, 67.4429], [15.2059, 67.4396], [15.1946, 67.4268], [15.2154, 67.4204], [15.2129, 67.4143], [15.1685, 67.4099]]]}}]}