{"type": "FeatureCollection", "parent": {"osm_id": 57963, "name": "Rio de Janeiro", "admin_level": "4", "kind": "subdivision_1", "child_kind": "subdivision_2", "iso": "BR-RJ"}, "features": [{"type": "Feature", "properties": {"osm_type": "relation", "osm_id": 369298239, "name": "Aperibé", "admin_level": "6", "kind": "subdivision_2", "parent_osm_id": 57963, "parent_name": "Rio de Janeiro", "parent_iso": "BR-RJ"}, "geometry": {"type": "Polygon", "coordinates": [[[-42.119, -21.6021], [-42.1397, -21.6061], [-42.1713, -21.6287], [-42.1887, -21.631], [-42.204, -21.6472], [-42.1953, -21.6554], [-42.1939, -21.6689], [-42.1834, -21.6816], [-42.1598, -21.6923], [-42.1497, -21.6924], [-42.1371, -21.7049], [-42.1187, -21.6975], [-42.1089, -21.6825], [-42.0683, -21.654], [-42.0577, -21.6372], [-42.0735, -21.6332], [-42.0769, -21.6271], [-42.0911, -21.6281], [-42.1153, -21.6118], [-42.119, -21.6021]]]}}, {"type": "Feature", "properties": {"osm_type": "relation", "osm_id": 926430128, "name": "Araruama", "admin_level": "6", "kind": "subdivision_2", "parent_osm_id": 57963, "parent_name": "Rio de Janeiro", "parent_iso": "BR-RJ"}, "geometry": {"type": "Polygon", "coordinates": [[[-42.1334, -22.6545], [-42.1828, -22.5517], [-42.192, -22.5583], [-42.1969, -22.5738], [-42.2149, -22.5911], [-42.2271, -22.5909], [-42.2293, -22.5974], [-42.2363, -22.6003], [-42.2333, -22.6034], [-42.2365, -22.6086], [-42.2465, -22.6123], [-42.2766, -22.6064], [-42.3016, -22.6297], [-42.3139, -22.6469], [-42.3314, -22.7032], [-42.3595, -22.7122], [-42.3687, -22.7237], [-42.3776, -22.7192], [-42.3935, -22.7217], [-42.3996, -22.7303], [-42.4102, -22.7297], [-42.418, -22.7358], [-42.4415, -22.7309], [-42.448, -22.8225], [-42.3698, -22.8354], [-42.3864, -22.891], [-42.3781, -22.9082], [-42.3803, -22.935], [-42.2807, -22.9381], [-42.2826, -22.9284], [-42.2751, -22.9123], [-42.2808, -22.8997], [-42.2372, -22.8629], [-42.2484, -22.8477], [-42.2395, -22.8402], [-42.2539, -22.792], [-42.2184, -22.7702], [-42.1651, -22.6789], [-42.1426, -22.6568], [-42.1334, -22.6545]]]}}, {"type": "Feature", "properties": {"osm_type": "relation", "osm_id": 181275260, "name": "Areal", "admin_level": "6", "kind": "subdivision_2", "parent_osm_id": 57963, "parent_name": "Rio de Janeiro", "parent_iso": "BR-RJ"}, "geometry": {"type": "Polygon", "coordinates": [[[-43.0487, -22.208], [-43.0576, -22.1888], [-43.0351, -22.1673], [-43.0381, -22.1635], [-43.055, -22.1657], [-43.0911, -22.1831], [-43.1079, -22.1991], [-43.1206, -22.1985], [-43.1303, -22.1914], [-43.1361, -22.1948], [-43.1583, -22.1925], [-43.176, -22.2611], [-43.1804, -22.3019], [-43.1729, -22.3095], [-43.1601, -22.3097], [-43.1465, -22.3046], [-43.1386, -22.294], [-43.1377, -22.2838], [-43.1266, -22.2762], [-43.1148, -22.2826], [-43.107, -22.2811], [-43.1016, -22.2672], [-43.0915, -22.2635], [-43.0913, -22.2398], [-43.0765, -22.2244], [-43.0487, -22.208]]]}}, {"type": "Feature", "properties": {"osm_type": "relation", "osm_id": 664215882, "name": "Armação dos Búzios", "admin_level": "6", "kind": "subdivision_2", "parent_osm_id": 57963, "parent_name": "Rio de Janeiro", "parent_iso": "BR-RJ"}, "geometry": {"type": "MultiPolygon", "coordinates": [[[[-41.8218, -22.7732], [-41.8254, -22.7754], [-41.8218, -22.7732]]], [[[-41.9677, -22.8219], [-41.9396, -22.8098], [-41.928, -22.8127], [-41.929, -22.7979], [-41.9102, -22.779], [-41.8953, -22.7858], [-41.8865, -22.7779], [-41.8825, -22.7841], [-41.8866, -22.769], [-41.8781, -22.7744], [-41.8755, -22.7624], [-41.8738, -22.7655], [-41.8667, -22.762], [-41.8645, -22.7551], [-41.8731, -22.7539], [-41.8692, -22.7421], [-41.872, -22.7386], [-41.8814, -22.7407], [-41.8853, -22.7537], [-41.8986, -22.7502], [-41.9099, -22.7567], [-41.9099, -22.7677], [-41.9239, -22.7708], [-41.9417, -22.7589], [-41.9568, -22.7329], [-41.973, -22.7295], [-42.0086, -22.7766], [-42.0013, -22.7958], [-41.9677, -22.8219]]]]}}, {"type": "Feature", "properties": {"osm_type": "relation", "osm_id": 859648306, "name": "Barra do Piraí", "admin_level": "6", "kind": "subdivision_2", "parent_osm_id": 57963, "parent_name": "Rio de Janeiro", "parent_iso": "BR-RJ"}, "geometry": {"type": "Polygon", "coordinates": [[[-43.749, -22.4024], [-43.7654, -22.3888], [-43.7754, -22.3677], [-43.7838, -22.3615], [-43.7968, -22.3624], [-43.7987, -22.3555], [-43.8094, -22.3521], [-43.8199, -22.3672], [-43.8353, -22.3761], [-43.8371, -22.3853], [-43.8448, -22.3837], [-43.8482, -22.3686], [-43.8576, -22.3732], [-43.8498, -22.3368], [-43.8402, -22.325], [-43.8292, -22.3199], [-43.8276, -22.3133], [-43.8348, -22.3095], [-43.8578, -22.3155], [-43.8858, -22.3301], [-43.8922, -22.344], [-43.9118, -22.3502], [-43.9105, -22.3598], [-43.9509, -22.349], [-43.9612, -22.3398], [-43.9658, -22.342], [-43.9723, -22.3138], [-43.9887, -22.3084], [-44.0098, -22.309], [-44.0225, -22.295], [-44.0258, -22.3072], [-44.0629, -22.3342], [-44.0683, -22.3532], [-44.0842, -22.3733], [-44.0817, -22.3828], [-44.004, -22.4078], [-44.0443, -22.4358], [-44.0703, -22.4603], [-44.0592, -22.4652], [-44.0562, -22.4771], [-44.0317, -22.4993], [-44.0276, -22.4865], [-44.0198, -22.4846], [-44.006, -22.4979], [-44.0012, -22.512], [-43.9927, -22.5172], [-43.9546, -22.5194], [-43.9428, -22.5156], [-43.8676, -22.528], [-43.8541, -22.5163], [-43.8543, -22.5072], [-43.8437, -22.5026], [-43.8398, -22.5099], [-43.8229, -22.5172], [-43.8118, -22.5118], [-43.8057, -22.52], [-43.8196, -22.5332], [-43.8186, -22.5467], [-43.8077, -22.5539], [-43.7973, -22.5515], [-43.7894, -22.5354], [-43.7777, -22.5312], [-43.7699, -22.5179], [-43.7652, -22.4588], [-43.7582, -22.4586], [-43.7611, -22.4489], [-43.7777, -22.4415], [-43.7776, -22.438], [-43.7608, -22.4234], [-43.749, -22.4024]]]}}, {"type": "Feature", "properties": {"osm_type": "relation", "osm_id": 550836411, "name": "Barra Mansa", "admin_level": "6", "kind": "subdivision_2", "parent_osm_id": 57963, "parent_name": "Rio de Janeiro", "parent_iso": "BR-RJ"}, "geometry": {"type": "Polygon", "coordinates": [[[-44.0255, -22.2978], [-44.0472, -22.3062], [-44.0519, -22.3131], [-44.096, -22.3296], [-44.1162, -22.3292], [-44.1248, -22.3386], [-44.1691, -22.3279], [-44.1557, -22.3719], [-44.2065, -22.3865], [-44.2123, -22.4202], [-44.2237, -22.4438], [-44.2203, -22.4515], [-44.2254, -22.4552], [-44.2187, -22.4643], [-44.2227, -22.4781], [-44.232, -22.4775], [-44.241, -22.4852], [-44.2534, -22.4843], [-44.2592, -22.4752], [-44.2837, -22.4629], [-44.2941, -22.4513], [-44.3024, -22.45], [-44.3109, -22.4543], [-44.3194, -22.4693], [-44.3346, -22.4681], [-44.3379, -22.4717], [-44.3302, -22.4851], [-44.3324, -22.4939], [-44.3232, -22.4995], [-44.3196, -22.5088], [-44.3278, -22.5199], [-44.3211, -22.5493], [-44.3286, -22.5725], [-44.3462, -22.5743], [-44.3424, -22.5879], [-44.2951, -22.6004], [-44.2849, -22.609], [-44.2681, -22.6004], [-44.2569, -22.6111], [-44.2266, -22.6052], [-44.2177, -22.6173], [-44.2077, -22.6131], [-44.2044, -22.6256], [-44.1849, -22.6378], [-44.1902, -22.6483], [-44.172, -22.6589], [-44.1645, -22.6718], [-44.1475, -22.6491], [-44.1162, -22.6436], [-44.0885, -22.6486], [-44.0844, -22.643], [-44.0888, -22.6344], [-44.0894, -22.605], [-44.0966, -22.5949], [-44.0913, -22.5821], [-44.0974, -22.5768], [-44.087, -22.5546], [-44.0906, -22.53], [-44.1368, -22.5369], [-44.1546, -22.5181], [-44.1544, -22.4633], [-44.142, -22.4353], [-44.1322, -22.4267], [-44.1092, -22.4214], [-44.0877, -22.4062], [-44.004, -22.4078], [-44.0846, -22.3807], [-44.0744, -22.3564], [-44.0683, -22.3532], [-44.0629, -22.3342], [-44.0258, -22.3072], [-44.0255, -22.2978]]]}}, {"type": "Feature", "properties": {"osm_type": "relation", "osm_id": 110271905, "name": "Belford Roxo", "admin_level": "6", "kind": "subdivision_2", "parent_osm_id": 57963, "parent_name": "Rio de Janeiro", "parent_iso": "BR-RJ"}, "geometry": {"type": "Polygon", "coordinates": [[[-43.3297, -22.7551], [-43.3279, -22.727], [-43.3208, -22.7089], [-43.327, -22.7054], [-43.3285, -22.6953], [-43.3477, -22.6984], [-43.3651, -22.6838], [-43.3715, -22.6942], [-43.3874, -22.6906], [-43.4305, -22.7029], [-43.4275, -22.7159], [-43.4321, -22.728], [-43.4229, -22.7487], [-43.4142, -22.7556], [-43.4132, -22.7678], [-43.398, -22.7785], [-43.3847, -22.7664], [-43.3297, -22.7551]]]}}, {"type": "Feature", "properties": {"osm_type": "relation", "osm_id": 838237390, "name": "Bom Jardim", "admin_level": "6", "kind": "subdivision_2", "parent_osm_id": 57963, "parent_name": "Rio de Janeiro", "parent_iso": "BR-RJ"}, "geometry": {"type": "Polygon", "coordinates": [[[-42.2917, -22.1139], [-42.3033, -22.1197], [-42.3158, -22.1101], [-42.3246, -22.1191], [-42.3394, -22.1242], [-42.347, -22.1087], [-42.3717, -22.1154], [-42.3897, -22.1292], [-42.3961, -22.1202], [-42.4262, -22.1146], [-42.4405, -22.1215], [-42.4676, -22.1115], [-42.4717, -22.1161], [-42.4659, -22.1309], [-42.5226, -22.1594], [-42.4717, -22.2118], [-42.4715, -22.226], [-42.372, -22.2926], [-42.3449, -22.3037], [-42.3058, -22.2934], [-42.2979, -22.2953], [-42.288, -22.2924], [-42.2943, -22.2862], [-42.2906, -22.2802], [-42.2525, -22.2548], [-42.2491, -22.2372], [-42.2344, -22.226], [-42.2647, -22.2165], [-42.2849, -22.2019], [-42.279, -22.193], [-42.2971, -22.1507], [-42.2909, -22.1399], [-42.2797, -22.1408], [-42.2781, -22.1276], [-42.2917, -22.1139]]]}}, {"type": "Feature", "properties": {"osm_type": "relation", "osm_id": 577120915, "name": "Bom Jesus do Itabapoana", "admin_level": "6", "kind": "subdivision_2", "parent_osm_id": 57963, "parent_name": "Rio de Janeiro", "parent_iso": "BR-RJ"}, "geometry": {"type": "Polygon", "coordinates": [[[-41.6444, -21.143], [-41.665, -21.1317], [-41.6628, -21.1256], [-41.679, -21.1317], [-41.6774, -21.1247], [-41.6942, -21.1156], [-41.7054, -21.1219], [-41.705, -21.1258], [-41.7165, -21.1252], [-41.7182, -21.1173], [-41.7055, -21.1107], [-41.7072, -21.1073], [-41.7163, -21.1034], [-41.7278, -21.1068], [-41.7354, -21.1014], [-41.7219, -21.0714], [-41.7311, -21.0664], [-41.7287, -21.0499], [-41.7228, -21.0548], [-41.7173, -21.0505], [-41.7249, -21.0335], [-41.7157, -21.0214], [-41.7158, -21.0147], [-41.722, -21.0099], [-41.7207, -21.0009], [-41.7104, -20.9908], [-41.7176, -20.9535], [-41.7327, -20.9439], [-41.737, -20.9298], [-41.7221, -20.9191], [-41.7186, -20.8999], [-41.7253, -20.8914], [-41.7186, -20.8755], [-41.7122, -20.8716], [-41.7229, -20.8646], [-41.7302, -20.8706], [-41.7498, -20.8707], [-41.7844, -20.9044], [-41.8113, -20.9419], [-41.8073, -20.9566], [-41.7903, -20.9658], [-41.7938, -20.9833], [-41.8014, -20.9865], [-41.8082, -20.9991], [-41.8073, -21.0094], [-41.8293, -21.0352], [-41.8384, -21.0554], [-41.8498, -21.0622], [-41.8394, -21.0823], [-41.8173, -21.1035], [-41.8295, -21.1213], [-41.8016, -21.1204], [-41.8031, -21.143], [-41.7674, -21.1507], [-41.7607, -21.1767], [-41.7455, -21.1695], [-41.7285, -21.169], [-41.7177, -21.195], [-41.7273, -21.2201], [-41.7208, -21.2232], [-41.7064, -21.2197], [-41.699, -21.2376], [-41.682, -21.2564], [-41.6613, -21.2454], [-41.6379, -21.247], [-41.6303, -21.2537], [-41.6372, -21.2613], [-41.6236, -21.2655], [-41.6189, -21.276], [-41.6093, -21.2775], [-41.6052, -21.2924], [-41.5896, -21.3028], [-41.5857, -21.3151], [-41.5838, -21.3095], [-41.5526, -21.2952], [-41.5288, -21.2771], [-41.5191, -21.2643], [-41.5024, -21.2618], [-41.4956, -21.2451], [-41.4717, -21.2323], [-41.471, -21.2021], [-41.4786, -21.1941], [-41.4793, -21.1843], [-41.4863, -21.1807], [-41.4967, -21.1848], [-41.5115, -21.1759], [-41.5206, -21.1869], [-41.532, -21.1803], [-41.5489, -21.1823], [-41.5571, -21.1729], [-41.5639, -21.1827], [-41.5702, -21.1719], [-41.5839, -21.1641], [-41.588, -21.1498], [-41.6089, -21.1558], [-41.6242, -21.1462], [-41.6444, -21.143]]]}}, {"type": "Feature", "properties": {"osm_type": "relation", "osm_id": 173449933, "name": "Cabo Frio", "admin_level": "6", "kind": "subdivision_2", "parent_osm_id": 57963, "parent_name": "Rio de Janeiro", "parent_iso": "BR-RJ"}, "geometry": {"type": "MultiPolygon", "coordinates": [[[[-41.977, -22.8999], [-41.9803, -22.8919], [-41.9874, -22.8922], [-41.9804, -22.9011], [-41.977, -22.8999]]], [[[-41.9403, -22.8729], [-41.9369, -22.8639], [-41.9455, -22.8643], [-41.9466, -22.8743], [-41.9403, -22.8729]]], [[[-41.9034, -22.8564], [-41.9049, -22.8523], [-41.9088, -22.8582], [-41.9034, -22.8564]]], [[[-42.1334, -22.6545], [-42.0257, -22.7954], [-42.0409, -22.865], [-42.0597, -22.866], [-42.0747, -22.8597], [-42.0859, -22.8651], [-42.1007, -22.8629], [-42.1082, -22.8686], [-42.1043, -22.8826], [-42.1098, -22.9032], [-42.1211, -22.9085], [-42.1035, -22.9261], [-42.0875, -22.9327], [-42.0407, -22.9331], [-42.0331, -22.9066], [-42.0227, -22.8911], [-42.0104, -22.8828], [-42.0026, -22.8897], [-41.9806, -22.8723], [-41.9861, -22.8517], [-41.9767, -22.8304], [-41.9677, -22.8219], [-42.0013, -22.7958], [-42.0086, -22.7766], [-41.973, -22.7295], [-41.9881, -22.71], [-41.9976, -22.6663], [-41.9978, -22.6096], [-41.9912, -22.5977], [-41.9957, -22.5909], [-41.9916, -22.5786], [-41.9975, -22.575], [-42.0035, -22.5833], [-42.0117, -22.5718], [-42.0188, -22.5782], [-42.0211, -22.5699], [-42.0283, -22.5707], [-42.0366, -22.5609], [-42.0423, -22.5683], [-42.0497, -22.5615], [-42.0611, -22.5607], [-42.0624, -22.5725], [-42.0724, -22.5678], [-42.0801, -22.5747], [-42.0841, -22.5697], [-42.093, -22.5712], [-42.0948, -22.5616], [-42.1057, -22.5609], [-42.1112, -22.5669], [-42.1234, -22.564], [-42.1217, -22.5547], [-42.1295, -22.5571], [-42.1361, -22.5415], [-42.145, -22.5416], [-42.1426, -22.5482], [-42.1525, -22.5554], [-42.1516, -22.5484], [-42.1762, -22.5461], [-42.1828, -22.5517], [-42.1334, -22.6545]]]]}}, {"type": "Feature", "properties": {"osm_type": "relation", "osm_id": 458837480, "name": "Cachoeiras de Macacu", "admin_level": "6", "kind": "subdivision_2", "parent_osm_id": 57963, "parent_name": "Rio de Janeiro", "parent_iso": "BR-RJ"}, "geometry": {"type": "Polygon", "coordinates": [[[-42.5494, -22.4555], [-42.5602, -22.4482], [-42.5714, -22.448], [-42.5738, -22.4396], [-42.5571, -22.4237], [-42.5577, -22.4005], [-42.5516, -22.3874], [-42.5627, -22.3612], [-42.5849, -22.3557], [-42.5978, -22.3693], [-42.6098, -22.3745], [-42.6153, -22.3844], [-42.6504, -22.3958], [-42.6599, -22.3859], [-42.6798, -22.3922], [-42.6932, -22.3889], [-42.7094, -22.3771], [-42.7102, -22.3622], [-42.7257, -22.3547], [-42.7396, -22.3622], [-42.7426, -22.3723], [-42.7688, -22.3838], [-42.7932, -22.3762], [-42.8025, -22.3792], [-42.8041, -22.3869], [-42.8137, -22.3903], [-42.8101, -22.4045], [-42.8268, -22.4123], [-42.8478, -22.415], [-42.8509, -22.4246], [-42.867, -22.4309], [-42.8745, -22.4486], [-42.898, -22.458], [-42.9187, -22.4522], [-42.9206, -22.4765], [-42.9047, -22.4991], [-42.8891, -22.5064], [-42.8908, -22.5143], [-42.898, -22.5191], [-42.8859, -22.5463], [-42.8655, -22.5703], [-42.8803, -22.58], [-42.8885, -22.5922], [-42.9073, -22.6023], [-42.9102, -22.6184], [-42.8996, -22.6382], [-42.9051, -22.6543], [-42.846, -22.6366], [-42.7979, -22.6386], [-42.7907, -22.635], [-42.7476, -22.6862], [-42.7092, -22.6697], [-42.6915, -22.6536], [-42.6908, -22.6422], [-42.6677, -22.6379], [-42.6616, -22.6436], [-42.6418, -22.6425], [-42.6269, -22.6568], [-42.5852, -22.6255], [-42.5718, -22.6258], [-42.5648, -22.6206], [-42.6004, -22.5404], [-42.588, -22.523], [-42.5772, -22.4937], [-42.5661, -22.484], [-42.5638, -22.4687], [-42.5543, -22.4661], [-42.5494, -22.4555]]]}}, {"type": "Feature", "properties": {"osm_type": "relation", "osm_id": 429451335, "name": "Cambuci", "admin_level": "6", "kind": "subdivision_2", "parent_osm_id": 57963, "parent_name": "Rio de Janeiro", "parent_iso": "BR-RJ"}, "geometry": {"type": "MultiPolygon", "coordinates": [[[[-42.1162, -21.6043], [-42.119, -21.6021], [-42.1162, -21.6043]]], [[[-42.0577, -21.6372], [-42.0222, -21.6289], [-42.0089, -21.6395], [-41.9016, -21.5759], [-41.8778, -21.5789], [-41.8702, -21.5725], [-41.8709, -21.5562], [-41.8245, -21.5124], [-41.8166, -21.4904], [-41.8244, -21.4832], [-41.7099, -21.4563], [-41.7796, -21.3999], [-41.7871, -21.3995], [-41.7788, -21.3908], [-41.8167, -21.3274], [-41.8313, -21.3385], [-41.8552, -21.3456], [-41.868, -21.3658], [-41.8984, -21.3819], [-41.8978, -21.3932], [-41.9054, -21.4025], [-41.951, -21.4334], [-41.9702, -21.4703], [-42.0017, -21.4952], [-42.0311, -21.5077], [-42.0537, -21.5257], [-42.0548, -21.5471], [-42.1049, -21.6014], [-42.1162, -21.6043], [-42.1153, -21.6118], [-42.0911, -21.6281], [-42.0769, -21.6271], [-42.0735, -21.6332], [-42.0577, -21.6372]]]]}}, {"type": "Feature", "properties": {"osm_type": "relation", "osm_id": 314488858, "name": "Carapebus", "admin_level": "6", "kind": "subdivision_2", "parent_osm_id": 57963, "parent_name": "Rio de Janeiro", "parent_iso": "BR-RJ"}, "geometry": {"type": "Polygon", "coordinates": [[[-41.5425, -22.234], [-41.5396, -22.2287], [-41.5462, -22.2245], [-41.5526, -22.2024], [-41.54, -22.1975], [-41.5395, -22.1899], [-41.5469, -22.1834], [-41.5546, -22.158], [-41.5728, -22.1395], [-41.692, -22.1086], [-41.7711, -22.1809], [-41.7079, -22.2484], [-41.7051, -22.2766], [-41.6896, -22.2997], [-41.5425, -22.234]]]}}, {"type": "Feature", "properties": {"osm_type": "relation", "osm_id": 828727087, "name": "Comendador Levy Gasparian", "admin_level": "6", "kind": "subdivision_2", "parent_osm_id": 57963, "parent_name": "Rio de Janeiro", "parent_iso": "BR-RJ"}, "geometry": {"type": "Polygon", "coordinates": [[[-43.3463, -22.0051], [-43.3448, -22.0523], [-43.3368, -22.0512], [-43.3159, -22.0652], [-43.2835, -22.0676], [-43.2736, -22.0758], [-43.2549, -22.0567], [-43.258, -22.1021], [-43.2136, -22.0703], [-43.1422, -22.045], [-43.1301, -22.0362], [-43.1289, -22.0296], [-43.1537, -22.0326], [-43.1704, -22.0221], [-43.2018, -22.037], [-43.205, -22.0353], [-43.2022, -22.026], [-43.2199, -22.0334], [-43.2362, -22.0236], [-43.2344, -22.0141], [-43.2466, -22.0067], [-43.2561, -22.0118], [-43.2616, -22.0081], [-43.2782, -22.0111], [-43.3033, -22.0204], [-43.3164, -22.0164], [-43.3167, -22.0075], [-43.3212, -22.0055], [-43.3304, -22.0108], [-43.3463, -22.0051]]]}}, {"type": "Feature", "properties": {"osm_type": "relation", "osm_id": 924801001, "name": "Campos dos Goytacazes", "admin_level": "6", "kind": "subdivision_2", "parent_osm_id": 57963, "parent_name": "Rio de Janeiro", "parent_iso": "BR-RJ"}, "geometry": {"type": "Polygon", "coordinates": [[[-41.471, -21.2021], [-41.4717, -21.2323], [-41.4956, -21.2451], [-41.5024, -21.2618], [-41.5191, -21.2643], [-41.5526, -21.2952], [-41.5838, -21.3095], [-41.5852, -21.3189], [-41.5512, -21.4296], [-41.449, -21.3993], [-41.4439, -21.4097], [-41.4315, -21.4141], [-41.4128, -21.4405], [-41.4128, -21.4635], [-41.3903, -21.4793], [-41.3765, -21.4984], [-41.372, -21.5202], [-41.3606, -21.5429], [-41.3648, -21.5561], [-41.379, -21.5606], [-41.4008, -21.5827], [-41.4022, -21.6003], [-41.407, -21.6067], [-41.4256, -21.6117], [-41.491, -21.6739], [-41.5163, -21.6378], [-41.5385, -21.6218], [-41.5529, -21.63], [-41.5559, -21.6397], [-41.5689, -21.6407], [-41.5913, -21.6625], [-41.6106, -21.6649], [-41.6177, -21.6706], [-41.6375, -21.6699], [-41.6559, -21.6935], [-41.6817, -21.7033], [-41.6951, -21.7141], [-41.7036, -21.7468], [-41.738, -21.7678], [-41.751, -21.7816], [-41.747, -21.7876], [-41.7743, -21.789], [-41.789, -21.7819], [-41.7956, -21.7843], [-41.7981, -21.7958], [-41.8062, -21.7967], [-41.8209, -21.8136], [-41.8344, -21.821], [-41.8404, -21.835], [-41.8833, -21.8579], [-41.888, -21.8637], [-41.8877, -21.8775], [-41.8422, -21.8874], [-41.7996, -21.8777], [-41.7885, -21.8874], [-41.7749, -21.8904], [-41.7047, -21.8908], [-41.7154, -21.9105], [-41.7141, -21.9231], [-41.7207, -21.9443], [-41.7146, -21.9586], [-41.7203, -21.9699], [-41.7192, -21.9876], [-41.7541, -22.0151], [-41.7624, -22.0182], [-41.7645, -22.0091], [-41.7816, -22.0134], [-41.7893, -22.0217], [-41.7758, -22.0224], [-41.7644, -22.0351], [-41.7613, -22.0642], [-41.7558, -22.0687], [-41.7521, -22.0859], [-41.7417, -22.0863], [-41.7174, -22.06], [-41.7019, -22.0514], [-41.6604, -22.0571], [-41.6172, -22.0462], [-41.5454, -22.0547], [-41.5142, -22.0152], [-41.4386, -21.9869], [-41.2776, -22.0653], [-41.2562, -22.099], [-41.2032, -22.0967], [-41.1956, -22.1032], [-41.1758, -22.0967], [-41.161, -22.1012], [-41.1583, -22.0944], [-41.1447, -22.0981], [-41.1429, -22.0916], [-41.1353, -22.0934], [-41.0753, -22.0569], [-41.0102, -22.0248], [-40.9891, -22.0082], [-40.9749, -21.9643], [-40.9822, -21.9096], [-41.1277, -21.9116], [-41.1593, -21.8698], [-41.1538, -21.8596], [-41.149, -21.8196], [-41.1771, -21.7768], [-41.1719, -21.7497], [-41.1935, -21.7257], [-41.1787, -21.7217], [-41.1689, -21.7098], [-41.146, -21.695], [-41.135, -21.6775], [-41.1399, -21.6719], [-41.1565, -21.6746], [-41.1774, -21.6887], [-41.196, -21.6827], [-41.1855, -21.6364], [-41.1825, -21.5926], [-41.1983, -21.592], [-41.2339, -21.5642], [-41.2521, -21.557], [-41.2453, -21.5003], [-41.2599, -21.4911], [-41.2559, -21.4458], [-41.258, -21.4211], [-41.2658, -21.4085], [-41.2571, -21.3897], [-41.2445, -21.388], [-41.2375, -21.3821], [-41.2374, -21.3751], [-41.2436, -21.3671], [-41.2642, -21.363], [-41.269, -21.3521], [-41.2634, -21.333], [-41.2517, -21.3209], [-41.2493, -21.3114], [-41.2947, -21.3156], [-41.2992, -21.3111], [-41.3119, -21.3115], [-41.2918, -21.2766], [-41.286, -21.2549], [-41.2729, -21.2463], [-41.2762, -21.2401], [-41.2954, -21.2344], [-41.3113, -21.2196], [-41.3164, -21.2218], [-41.317, -21.2138], [-41.3292, -21.2168], [-41.3373, -21.2072], [-41.3713, -21.2035], [-41.3795, -21.1958], [-41.3932, -21.2017], [-41.416, -21.2003], [-41.4356, -21.2157], [-41.4467, -21.2149], [-41.471, -21.2021]]]}}, {"type": "Feature", "properties": {"osm_type": "relation", "osm_id": 945585602, "name": "Cantagalo", "admin_level": "6", "kind": "subdivision_2", "parent_osm_id": 57963, "parent_name": "Rio de Janeiro", "parent_iso": "BR-RJ"}, "geometry": {"type": "Polygon", "coordinates": [[[-42.4603, -21.7862], [-42.4686, -21.7979], [-42.4611, -21.812], [-42.4408, -21.8286], [-42.4462, -21.8326], [-42.4412, -21.8408], [-42.4525, -21.8513], [-42.4319, -21.8713], [-42.4381, -21.8783], [-42.4574, -21.8792], [-42.4703, -21.8908], [-42.5077, -21.9074], [-42.4137, -22.037], [-42.3999, -22.0252], [-42.4011, -22.0188], [-42.3937, -22.0156], [-42.3848, -21.9998], [-42.3562, -22.0087], [-42.3161, -21.998], [-42.3001, -21.9748], [-42.279, -21.9858], [-42.2564, -21.9887], [-42.2501, -21.9771], [-42.2405, -21.9712], [-42.242, -21.9519], [-42.2333, -21.9366], [-42.221, -21.9184], [-42.2113, -21.9184], [-42.2133, -21.9101], [-42.2207, -21.9079], [-42.2109, -21.8813], [-42.1833, -21.8745], [-42.1808, -21.868], [-42.1715, -21.8662], [-42.1671, -21.8595], [-42.2069, -21.7837], [-42.2357, -21.6975], [-42.2596, -21.7126], [-42.305, -21.7286], [-42.3149, -21.7382], [-42.3344, -21.7459], [-42.3583, -21.7409], [-42.38, -21.7478], [-42.3956, -21.7616], [-42.4603, -21.7862]]]}}, {"type": "Feature", "properties": {"osm_type": "relation", "osm_id": 392434970, "name": "Cardoso Moreira", "admin_level": "6", "kind": "subdivision_2", "parent_osm_id": 57963, "parent_name": "Rio de Janeiro", "parent_iso": "BR-RJ"}, "geometry": {"type": "Polygon", "coordinates": [[[-41.5512, -21.4296], [-41.5742, -21.4466], [-41.5818, -21.4614], [-41.6003, -21.4803], [-41.6189, -21.472], [-41.657, -21.4791], [-41.6262, -21.5956], [-41.5422, -21.5611], [-41.5434, -21.6167], [-41.5163, -21.6378], [-41.491, -21.6739], [-41.4256, -21.6117], [-41.407, -21.6067], [-41.4022, -21.6003], [-41.4008, -21.5827], [-41.379, -21.5606], [-41.3648, -21.5561], [-41.3606, -21.5429], [-41.372, -21.5202], [-41.3765, -21.4984], [-41.3903, -21.4793], [-41.4128, -21.4635], [-41.4128, -21.4405], [-41.4315, -21.4141], [-41.4439, -21.4097], [-41.449, -21.3993], [-41.5512, -21.4296]]]}}, {"type": "Feature", "properties": {"osm_type": "relation", "osm_id": 572554678, "name": "Carmo", "admin_level": "6", "kind": "subdivision_2", "parent_osm_id": 57963, "parent_name": "Rio de Janeiro", "parent_iso": "BR-RJ"}, "geometry": {"type": "Polygon", "coordinates": [[[-42.6641, -21.8731], [-42.6638, -21.8894], [-42.6687, -21.8978], [-42.6629, -21.9118], [-42.6787, -21.9455], [-42.6986, -21.9599], [-42.689, -21.9651], [-42.6914, -21.9697], [-42.5568, -21.9994], [-42.5487, -21.9991], [-42.5474, -21.9849], [-42.5577, -21.9573], [-42.5459, -21.9436], [-42.5463, -21.9314], [-42.5395, -21.9285], [-42.5338, -21.9103], [-42.5266, -21.907], [-42.5113, -21.911], [-42.4703, -21.8908], [-42.4574, -21.8792], [-42.4381, -21.8783], [-42.4319, -21.8713], [-42.4525, -21.8513], [-42.4412, -21.8408], [-42.4462, -21.8326], [-42.4408, -21.8286], [-42.4611, -21.812], [-42.4686, -21.7979], [-42.4602, -21.7894], [-42.4641, -21.7848], [-42.6056, -21.8472], [-42.6132, -21.8551], [-42.6641, -21.8731]]]}}, {"type": "Feature", "properties": {"osm_type": "relation", "osm_id": 581822237, "name": "Casimiro de Abreu", "admin_level": "6", "kind": "subdivision_2", "parent_osm_id": 57963, "parent_name": "Rio de Janeiro", "parent_iso": "BR-RJ"}, "geometry": {"type": "Polygon", "coordinates": [[[-42.1828, -22.5517], [-42.1762, -22.5461], [-42.1618, -22.5452], [-42.1516, -22.5484], [-42.1525, -22.5554], [-42.1426, -22.5482], [-42.145, -22.5416], [-42.1361, -22.5415], [-42.1295, -22.5571], [-42.1217, -22.5547], [-42.1234, -22.564], [-42.1112, -22.5669], [-42.1057, -22.5609], [-42.0948, -22.5616], [-42.093, -22.5712], [-42.0841, -22.5697], [-42.0801, -22.5747], [-42.0724, -22.5678], [-42.0624, -22.5725], [-42.0611, -22.5607], [-42.0497, -22.5615], [-42.0423, -22.5683], [-42.0366, -22.5609], [-42.0324, -22.5619], [-42.0283, -22.5707], [-42.0211, -22.5699], [-42.0188, -22.5782], [-42.0117, -22.5718], [-42.0035, -22.5833], [-41.9946, -22.5754], [-41.9916, -22.5786], [-41.9951, -22.5955], [-41.9912, -22.5977], [-41.9797, -22.5636], [-41.9896, -22.5311], [-41.987, -22.5194], [-41.992, -22.5023], [-42.0166, -22.4812], [-42.0261, -22.4667], [-42.0271, -22.4549], [-42.0176, -22.4489], [-42.0208, -22.4412], [-42.0178, -22.4284], [-42.0635, -22.4224], [-42.0649, -22.4344], [-42.0729, -22.4311], [-42.0945, -22.4387], [-42.1049, -22.435], [-42.0974, -22.4083], [-42.1175, -22.4034], [-42.1264, -22.4124], [-42.1364, -22.413], [-42.1403, -22.4242], [-42.1471, -22.4275], [-42.1526, -22.4211], [-42.1614, -22.4272], [-42.171, -22.4222], [-42.1899, -22.4332], [-42.2003, -22.4304], [-42.2065, -22.4243], [-42.2047, -22.4137], [-42.219, -22.4054], [-42.2072, -22.3869], [-42.2119, -22.3813], [-42.215, -22.3831], [-42.2152, -22.375], [-42.2049, -22.3712], [-42.2184, -22.3555], [-42.2254, -22.3529], [-42.2229, -22.3576], [-42.2575, -22.3675], [-42.2771, -22.3798], [-42.2932, -22.3932], [-42.2866, -22.4052], [-42.2703, -22.4021], [-42.2934, -22.4303], [-42.3039, -22.4568], [-42.3005, -22.4658], [-42.2895, -22.4658], [-42.2705, -22.4878], [-42.262, -22.5047], [-42.2646, -22.5218], [-42.2514, -22.5442], [-42.215, -22.5385], [-42.1869, -22.5533], [-42.1828, -22.5517]]]}}, {"type": "Feature", "properties": {"osm_type": "relation", "osm_id": 866671298, "name": "Conceição de Macabu", "admin_level": "6", "kind": "subdivision_2", "parent_osm_id": 57963, "parent_name": "Rio de Janeiro", "parent_iso": "BR-RJ"}, "geometry": {"type": "Polygon", "coordinates": [[[-41.692, -22.1086], [-41.7172, -22.0865], [-41.7163, -22.0822], [-41.6823, -22.0683], [-41.6641, -22.0674], [-41.6604, -22.0571], [-41.7019, -22.0514], [-41.7174, -22.06], [-41.7417, -22.0863], [-41.7676, -22.0854], [-41.7871, -22.0991], [-41.8142, -22.1006], [-41.821, -22.098], [-41.8379, -22.072], [-41.8501, -22.0697], [-41.8698, -22.0516], [-41.8776, -22.0537], [-41.8873, -22.0495], [-41.9027, -22.0578], [-41.9105, -22.0682], [-41.9354, -22.058], [-41.9436, -22.0707], [-41.9625, -22.0797], [-41.9586, -22.1184], [-41.9716, -22.1346], [-41.9737, -22.1632], [-41.9672, -22.1542], [-41.9594, -22.1521], [-41.9345, -22.1635], [-41.9191, -22.1644], [-41.9191, -22.17], [-41.9093, -22.1747], [-41.9108, -22.1859], [-41.9015, -22.1891], [-41.9066, -22.2055], [-41.9167, -22.2122], [-41.9154, -22.2297], [-41.9027, -22.2314], [-41.9007, -22.2386], [-41.9054, -22.2418], [-41.8958, -22.2468], [-41.8812, -22.2734], [-41.8632, -22.273], [-41.8388, -22.1979], [-41.8201, -22.1869], [-41.8247, -22.146], [-41.7711, -22.1809], [-41.692, -22.1086]]]}}, {"type": "Feature", "properties": {"osm_type": "relation", "osm_id": 836293013, "name": "Cordeiro", "admin_level": "6", "kind": "subdivision_2", "parent_osm_id": 57963, "parent_name": "Rio de Janeiro", "parent_iso": "BR-RJ"}, "geometry": {"type": "Polygon", "coordinates": [[[-42.2917, -22.1139], [-42.2679, -22.1215], [-42.2633, -22.1178], [-42.2679, -22.1055], [-42.273, -22.1053], [-42.2761, -22.0919], [-42.3028, -22.0799], [-42.3117, -22.0683], [-42.3109, -22.057], [-42.2974, -22.0409], [-42.2975, -22.0316], [-42.3109, -22.0302], [-42.3161, -21.998], [-42.3562, -22.0087], [-42.3848, -21.9998], [-42.3937, -22.0156], [-42.4011, -22.0188], [-42.3999, -22.0252], [-42.4137, -22.037], [-42.3984, -22.0599], [-42.3496, -22.1025], [-42.3394, -22.1242], [-42.3246, -22.1191], [-42.3158, -22.1101], [-42.3033, -22.1197], [-42.2917, -22.1139]]]}}, {"type": "Feature", "properties": {"osm_type": "relation", "osm_id": 944371766, "name": "Duas Barras", "admin_level": "6", "kind": "subdivision_2", "parent_osm_id": 57963, "parent_name": "Rio de Janeiro", "parent_iso": "BR-RJ"}, "geometry": {"type": "Polygon", "coordinates": [[[-42.347, -22.1087], [-42.3984, -22.0599], [-42.5077, -21.9074], [-42.5176, -21.9124], [-42.5266, -21.907], [-42.5338, -21.9103], [-42.5395, -21.9285], [-42.5463, -21.9314], [-42.5459, -21.9436], [-42.5577, -21.9573], [-42.5474, -21.9849], [-42.5487, -21.9991], [-42.5604, -22.0], [-42.5703, -22.0098], [-42.5757, -22.0259], [-42.5634, -22.0302], [-42.5661, -22.0424], [-42.5788, -22.0494], [-42.5743, -22.0634], [-42.5875, -22.075], [-42.5989, -22.0783], [-42.6055, -22.088], [-42.6038, -22.0965], [-42.596, -22.0987], [-42.5927, -22.106], [-42.6032, -22.1113], [-42.609, -22.1205], [-42.6072, -22.1263], [-42.6173, -22.1339], [-42.6098, -22.1402], [-42.5771, -22.1422], [-42.5724, -22.1628], [-42.5564, -22.1631], [-42.5452, -22.1562], [-42.5226, -22.1594], [-42.4659, -22.1309], [-42.4717, -22.1161], [-42.4676, -22.1115], [-42.4405, -22.1215], [-42.4262, -22.1146], [-42.3961, -22.1202], [-42.3897, -22.1292], [-42.3717, -22.1154], [-42.347, -22.1087]]]}}, {"type": "Feature", "properties": {"osm_type": "relation", "osm_id": 780226052, "name": "Duque de Caxias", "admin_level": "6", "kind": "subdivision_2", "parent_osm_id": 57963, "parent_name": "Rio de Janeiro", "parent_iso": "BR-RJ"}, "geometry": {"type": "Polygon", "coordinates": [[[-43.3297, -22.7551], [-43.3308, -22.8014], [-43.3079, -22.7998], [-43.2894, -22.8089], [-43.2736, -22.8089], [-43.2711, -22.796], [-43.2775, -22.7806], [-43.2645, -22.7603], [-43.212, -22.7323], [-43.2196, -22.7256], [-43.2217, -22.7154], [-43.2149, -22.7022], [-43.2154, -22.6926], [-43.2238, -22.6744], [-43.2173, -22.6524], [-43.1943, -22.6243], [-43.2249, -22.5648], [-43.2555, -22.5728], [-43.2608, -22.5613], [-43.2452, -22.5269], [-43.2328, -22.5235], [-43.2276, -22.5292], [-43.226, -22.5174], [-43.2975, -22.4751], [-43.2998, -22.4824], [-43.3319, -22.5132], [-43.3319, -22.519], [-43.3684, -22.5262], [-43.3756, -22.5208], [-43.3846, -22.5304], [-43.4018, -22.5335], [-43.4032, -22.5418], [-43.4096, -22.5447], [-43.3903, -22.5598], [-43.3875, -22.5744], [-43.4164, -22.5962], [-43.4108, -22.6104], [-43.3897, -22.6147], [-43.3821, -22.6234], [-43.3828, -22.6309], [-43.4012, -22.6519], [-43.398, -22.6617], [-43.3708, -22.6737], [-43.3477, -22.6984], [-43.3402, -22.6947], [-43.3263, -22.6983], [-43.327, -22.7054], [-43.3208, -22.7089], [-43.3279, -22.727], [-43.3297, -22.7551]]]}}, {"type": "Feature", "properties": {"osm_type": "relation", "osm_id": 159457720, "name": "Engenheiro Paulo de Frontin", "admin_level": "6", "kind": "subdivision_2", "parent_osm_id": 57963, "parent_name": "Rio de Janeiro", "parent_iso": "BR-RJ"}, "geometry": {"type": "Polygon", "coordinates": [[[-43.5618, -22.5], [-43.5721, -22.4611], [-43.5824, -22.4568], [-43.6875, -22.46], [-43.7019, -22.5426], [-43.7112, -22.5497], [-43.7113, -22.5609], [-43.7083, -22.5639], [-43.6995, -22.5605], [-43.6886, -22.5519], [-43.6816, -22.5561], [-43.6906, -22.5682], [-43.6895, -22.5757], [-43.6659, -22.5853], [-43.6598, -22.58], [-43.6615, -22.5757], [-43.6733, -22.5689], [-43.6646, -22.5566], [-43.6677, -22.5482], [-43.6245, -22.5399], [-43.5974, -22.5672], [-43.5618, -22.5]]]}}, {"type": "Feature", "properties": {"osm_type": "relation", "osm_id": 849350116, "name": "Guapimirim", "admin_level": "6", "kind": "subdivision_2", "parent_osm_id": 57963, "parent_name": "Rio de Janeiro", "parent_iso": "BR-RJ"}, "geometry": {"type": "Polygon", "coordinates": [[[-42.9187, -22.4522], [-42.9258, -22.4533], [-42.9306, -22.4484], [-42.9717, -22.4707], [-42.9872, -22.4622], [-43.0, -22.4598], [-43.0168, -22.4658], [-43.0405, -22.4574], [-43.0539, -22.4671], [-43.0554, -22.4799], [-43.0625, -22.4843], [-43.0273, -22.5006], [-43.0279, -22.5124], [-43.0224, -22.5172], [-43.0163, -22.5472], [-43.0111, -22.6356], [-43.0205, -22.6495], [-43.0222, -22.6635], [-43.0362, -22.6806], [-43.038, -22.6924], [-43.0311, -22.7047], [-43.0344, -22.7147], [-43.026, -22.7251], [-43.0157, -22.7253], [-43.0077, -22.7149], [-42.9987, -22.7187], [-42.9944, -22.7268], [-42.9724, -22.7304], [-42.9593, -22.7161], [-42.9455, -22.7098], [-42.9339, -22.6978], [-42.9353, -22.6936], [-42.9196, -22.6823], [-42.9118, -22.6691], [-42.9117, -22.6568], [-42.9051, -22.6543], [-42.8996, -22.6382], [-42.9102, -22.6184], [-42.9073, -22.6023], [-42.8885, -22.5922], [-42.8803, -22.58], [-42.8655, -22.5703], [-42.8859, -22.5463], [-42.898, -22.5191], [-42.8908, -22.5143], [-42.8891, -22.5064], [-42.9047, -22.4991], [-42.9206, -22.4765], [-42.9187, -22.4522]]]}}, {"type": "Feature", "properties": {"osm_type": "relation", "osm_id": 962597222, "name": "Iguaba Grande", "admin_level": "6", "kind": "subdivision_2", "parent_osm_id": 57963, "parent_name": "Rio de Janeiro", "parent_iso": "BR-RJ"}, "geometry": {"type": "Polygon", "coordinates": [[[-42.2372, -22.8629], [-42.2306, -22.8728], [-42.2107, -22.8781], [-42.1766, -22.8276], [-42.1923, -22.82], [-42.1949, -22.7999], [-42.2003, -22.7952], [-42.1927, -22.7892], [-42.1969, -22.7847], [-42.205, -22.7813], [-42.2539, -22.792], [-42.2395, -22.8402], [-42.2484, -22.8477], [-42.2372, -22.8629]]]}}, {"type": "Feature", "properties": {"osm_type": "relation", "osm_id": 588437976, "name": "Itaboraí", "admin_level": "6", "kind": "subdivision_2", "parent_osm_id": 57963, "parent_name": "Rio de Janeiro", "parent_iso": "BR-RJ"}, "geometry": {"type": "Polygon", "coordinates": [[[-42.9051, -22.6543], [-42.9117, -22.6568], [-42.9118, -22.6691], [-42.9196, -22.6823], [-42.9353, -22.6936], [-42.9339, -22.6978], [-42.9455, -22.7098], [-42.9593, -22.7161], [-42.9633, -22.7244], [-42.967, -22.723], [-42.9724, -22.7304], [-42.9874, -22.7286], [-43.0077, -22.7149], [-43.0157, -22.7253], [-43.0292, -22.7267], [-43.0323, -22.7475], [-43.0225, -22.7404], [-43.0183, -22.7434], [-42.9962, -22.7349], [-42.9885, -22.7498], [-42.9442, -22.7703], [-42.9388, -22.8014], [-42.9208, -22.8188], [-42.9073, -22.8173], [-42.8866, -22.8668], [-42.8785, -22.8702], [-42.8568, -22.8766], [-42.7942, -22.8491], [-42.7636, -22.8436], [-42.7499, -22.8521], [-42.7359, -22.8447], [-42.7342, -22.8366], [-42.747, -22.8229], [-42.7363, -22.8078], [-42.7547, -22.7977], [-42.7879, -22.8028], [-42.8028, -22.7946], [-42.7838, -22.7795], [-42.7902, -22.7708], [-42.7881, -22.7572], [-42.7906, -22.7535], [-42.7987, -22.7551], [-42.8009, -22.7362], [-42.7634, -22.739], [-42.7594, -22.7199], [-42.7468, -22.7039], [-42.7476, -22.6862], [-42.7837, -22.6405], [-42.7907, -22.635], [-42.7979, -22.6386], [-42.846, -22.6366], [-42.9051, -22.6543]]]}}, {"type": "Feature", "properties": {"osm_type": "relation", "osm_id": 186601059, "name": "Itaguaí", "admin_level": "6", "kind": "subdivision_2", "parent_osm_id": 57963, "parent_name": "Rio de Janeiro", "parent_iso": "BR-RJ"}, "geometry": {"type": "MultiPolygon", "coordinates": [[[[-43.6671, -23.0428], [-43.7069, -23.0545], [-43.6665, -23.0529], [-43.6671, -23.0428]]], [[[-43.8579, -22.9543], [-43.8575, -22.9506], [-43.8636, -22.9493], [-43.8622, -22.9553], [-43.8579, -22.9543]]], [[[-43.8824, -22.9477], [-43.8756, -22.9477], [-43.8777, -22.9399], [-43.8683, -22.9268], [-43.8708, -22.9244], [-43.8839, -22.927], [-43.8824, -22.9477]]], [[[-43.7517, -22.7003], [-43.7849, -22.6928], [-43.8324, -22.73], [-43.838, -22.7585], [-43.829, -22.7668], [-43.8139, -22.7711], [-43.8158, -22.7745], [-43.839, -22.7975], [-43.8748, -22.8094], [-43.8936, -22.8297], [-43.906, -22.8305], [-43.9121, -22.836], [-43.9126, -22.8488], [-43.9273, -22.8706], [-43.9389, -22.8791], [-43.9352, -22.8922], [-43.9229, -22.8937], [-43.9121, -22.8846], [-43.8894, -22.8836], [-43.8808, -22.9115], [-43.8651, -22.9035], [-43.8423, -22.9018], [-43.8391, -22.9104], [-43.8531, -22.9186], [-43.849, -22.9297], [-43.8337, -22.9312], [-43.8094, -22.9178], [-43.8084, -22.9232], [-43.8024, -22.924], [-43.8008, -22.9173], [-43.7954, -22.9181], [-43.7912, -22.9127], [-43.7947, -22.9038], [-43.7855, -22.9026], [-43.7734, -22.8927], [-43.7672, -22.895], [-43.7534, -22.8892], [-43.7474, -22.8778], [-43.7339, -22.8776], [-43.7118, -22.8673], [-43.6736, -22.8629], [-43.7582, -22.8131], [-43.7747, -22.8083], [-43.7907, -22.7935], [-43.7878, -22.7715], [-43.7761, -22.7698], [-43.773, -22.7585], [-43.7661, -22.7561], [-43.773, -22.7533], [-43.7643, -22.7295], [-43.7525, -22.73], [-43.738, -22.7082], [-43.7517, -22.7003]]]]}}, {"type": "Feature", "properties": {"osm_type": "relation", "osm_id": 488797161, "name": "Italva", "admin_level": "6", "kind": "subdivision_2", "parent_osm_id": 57963, "parent_name": "Rio de Janeiro", "parent_iso": "BR-RJ"}, "geometry": {"type": "Polygon", "coordinates": [[[-41.7427, -21.4643], [-41.6794, -21.5161], [-41.6262, -21.5956], [-41.657, -21.4791], [-41.6189, -21.472], [-41.6003, -21.4803], [-41.5818, -21.4614], [-41.5742, -21.4466], [-41.5512, -21.4296], [-41.5852, -21.3189], [-41.589, -21.3254], [-41.6226, -21.341], [-41.622, -21.3575], [-41.648, -21.3477], [-41.6504, -21.3577], [-41.6727, -21.3463], [-41.699, -21.3613], [-41.7042, -21.3733], [-41.7218, -21.368], [-41.7688, -21.3979], [-41.7796, -21.3999], [-41.7099, -21.4563], [-41.7427, -21.4643]]]}}, {"type": "Feature", "properties": {"osm_type": "relation", "osm_id": 563804335, "name": "Itaocara", "admin_level": "6", "kind": "subdivision_2", "parent_osm_id": 57963, "parent_name": "Rio de Janeiro", "parent_iso": "BR-RJ"}, "geometry": {"type": "Polygon", "coordinates": [[[-42.1834, -21.6816], [-42.2357, -21.6975], [-42.2069, -21.7837], [-42.1671, -21.8595], [-42.1468, -21.8603], [-42.1395, -21.8548], [-42.1453, -21.8427], [-42.1375, -21.8382], [-42.1206, -21.8489], [-42.1176, -21.8456], [-42.1177, -21.8373], [-42.1267, -21.8282], [-42.1245, -21.8242], [-42.1137, -21.8247], [-42.1032, -21.8107], [-42.0931, -21.8136], [-42.0843, -21.8012], [-42.0602, -21.8001], [-42.062, -21.7923], [-42.0546, -21.7813], [-42.0479, -21.7792], [-42.0437, -21.7833], [-42.0324, -21.7671], [-42.0139, -21.771], [-42.0219, -21.7553], [-42.0093, -21.7448], [-41.9858, -21.734], [-41.9766, -21.7386], [-41.9525, -21.729], [-41.9365, -21.7416], [-41.9383, -21.5978], [-42.0089, -21.6395], [-42.0222, -21.6289], [-42.0577, -21.6372], [-42.0683, -21.654], [-42.1089, -21.6825], [-42.1187, -21.6975], [-42.1328, -21.7042], [-42.1371, -21.7049], [-42.1497, -21.6924], [-42.1598, -21.6923], [-42.1834, -21.6816]]]}}, {"type": "Feature", "properties": {"osm_type": "relation", "osm_id": 592849229, "name": "Itaperuna", "admin_level": "6", "kind": "subdivision_2", "parent_osm_id": 57963, "parent_name": "Rio de Janeiro", "parent_iso": "BR-RJ"}, "geometry": {"type": "Polygon", "coordinates": [[[-42.1187, -21.074], [-42.1327, -21.0806], [-42.1403, -21.1032], [-42.1638, -21.1015], [-42.1707, -21.1281], [-42.1924, -21.1495], [-42.1945, -21.1574], [-42.1877, -21.1621], [-42.1905, -21.1646], [-42.1849, -21.1756], [-42.1782, -21.1781], [-42.1722, -21.1755], [-42.1699, -21.1595], [-42.1648, -21.1596], [-42.1646, -21.1715], [-42.1494, -21.1608], [-42.1224, -21.1676], [-42.1226, -21.1715], [-42.1288, -21.1704], [-42.1331, -21.1804], [-42.1204, -21.1953], [-42.1247, -21.2033], [-42.1109, -21.2141], [-42.1062, -21.2093], [-42.1111, -21.2033], [-42.1059, -21.1995], [-42.1032, -21.1862], [-42.0888, -21.1935], [-42.0803, -21.1778], [-42.0481, -21.1812], [-42.053, -21.1922], [-42.0425, -21.1939], [-42.0322, -21.213], [-42.0535, -21.2271], [-42.0544, -21.2339], [-42.0297, -21.243], [-42.0478, -21.2548], [-42.0548, -21.254], [-42.0603, -21.2653], [-42.0728, -21.2678], [-42.0797, -21.2751], [-42.0761, -21.2798], [-42.0796, -21.3001], [-42.0882, -21.3078], [-42.075, -21.3147], [-42.0765, -21.3244], [-42.0841, -21.325], [-42.0852, -21.3366], [-42.0955, -21.3474], [-42.0922, -21.3507], [-42.0741, -21.3552], [-42.0494, -21.3538], [-42.0343, -21.3449], [-42.0258, -21.3316], [-41.9998, -21.3285], [-41.9886, -21.3227], [-41.9851, -21.3135], [-41.9613, -21.3087], [-41.9563, -21.3137], [-41.9404, -21.3093], [-41.9312, -21.3117], [-41.9187, -21.2959], [-41.8994, -21.3036], [-41.888, -21.296], [-41.8698, -21.3042], [-41.8595, -21.303], [-41.8402, -21.289], [-41.7788, -21.3908], [-41.7871, -21.3995], [-41.7759, -21.4003], [-41.7218, -21.368], [-41.7042, -21.3733], [-41.699, -21.3613], [-41.6727, -21.3463], [-41.6504, -21.3577], [-41.648, -21.3477], [-41.622, -21.3575], [-41.6226, -21.341], [-41.589, -21.3254], [-41.5852, -21.3189], [-41.5896, -21.3028], [-41.6052, -21.2924], [-41.6093, -21.2775], [-41.6189, -21.276], [-41.6236, -21.2655], [-41.6372, -21.2613], [-41.6303, -21.2537], [-41.6379, -21.247], [-41.6613, -21.2454], [-41.682, -21.2564], [-41.699, -21.2376], [-41.7064, -21.2197], [-41.7208, -21.2232], [-41.7273, -21.2201], [-41.7177, -21.195], [-41.7266, -21.1791], [-41.726, -21.1718], [-41.7353, -21.1682], [-41.7572, -21.1768], [-41.7639, -21.1747], [-41.7674, -21.1507], [-41.8031, -21.143], [-41.8016, -21.1204], [-41.8295, -21.1213], [-41.8173, -21.1035], [-41.8394, -21.0823], [-41.872, -21.1025], [-41.8788, -21.1164], [-41.8948, -21.1177], [-41.8991, -21.1343], [-41.916, -21.133], [-41.9139, -21.1361], [-41.9208, -21.1385], [-41.9302, -21.1552], [-41.9442, -21.1515], [-41.9658, -21.1346], [-41.9768, -21.133], [-41.9777, -21.1218], [-41.9999, -21.1254], [-42.0093, -21.1224], [-42.0158, -21.1322], [-42.0239, -21.1354], [-42.036, -21.114], [-42.0237, -21.1005], [-42.0181, -21.0823], [-42.0238, -21.0732], [-42.0394, -21.0746], [-42.0478, -21.0392], [-42.0814, -21.0299], [-42.081, -21.0357], [-42.0982, -21.0362], [-42.1054, -21.0554], [-42.12, -21.0688], [-42.1187, -21.074]]]}}, {"type": "Feature", "properties": {"osm_type": "relation", "osm_id": 767662895, "name": "Itatiaia", "admin_level": "6", "kind": "subdivision_2", "parent_osm_id": 57963, "parent_name": "Rio de Janeiro", "parent_iso": "BR-RJ"}, "geometry": {"type": "Polygon", "coordinates": [[[-44.6613, -22.3801], [-44.6617, -22.3997], [-44.6507, -22.405], [-44.6378, -22.4355], [-44.6496, -22.4519], [-44.6475, -22.4687], [-44.6607, -22.484], [-44.6207, -22.5089], [-44.6265, -22.5343], [-44.6164, -22.5556], [-44.6045, -22.5645], [-44.5951, -22.5658], [-44.5873, -22.5607], [-44.5802, -22.5428], [-44.5634, -22.532], [-44.5776, -22.5246], [-44.5688, -22.5091], [-44.5492, -22.4965], [-44.5359, -22.4952], [-44.5292, -22.4865], [-44.513, -22.4835], [-44.5128, -22.4732], [-44.4882, -22.4672], [-44.489, -22.463], [-44.4796, -22.4569], [-44.4868, -22.4369], [-44.5983, -22.3984], [-44.6263, -22.3727], [-44.6107, -22.3801], [-44.5777, -22.3589], [-44.5567, -22.3648], [-44.5493, -22.3554], [-44.5505, -22.3449], [-44.5423, -22.3354], [-44.5454, -22.3256], [-44.5633, -22.3318], [-44.5728, -22.325], [-44.5808, -22.3277], [-44.588, -22.3207], [-44.6213, -22.3319], [-44.6275, -22.3443], [-44.6417, -22.3538], [-44.6613, -22.3801]]]}}, {"type": "Feature", "properties": {"osm_type": "relation", "osm_id": 282667531, "name": "Japeri", "admin_level": "6", "kind": "subdivision_2", "parent_osm_id": 57963, "parent_name": "Rio de Janeiro", "parent_iso": "BR-RJ"}, "geometry": {"type": "Polygon", "coordinates": [[[-43.555, -22.6812], [-43.5536, -22.6742], [-43.5349, -22.6556], [-43.5482, -22.6536], [-43.5599, -22.6364], [-43.5721, -22.6339], [-43.5703, -22.6102], [-43.6232, -22.641], [-43.6594, -22.6196], [-43.6648, -22.6224], [-43.6713, -22.6524], [-43.6606, -22.6596], [-43.6399, -22.6516], [-43.6333, -22.6616], [-43.6377, -22.6706], [-43.6458, -22.6714], [-43.6519, -22.6809], [-43.6386, -22.7205], [-43.6287, -22.721], [-43.6088, -22.6928], [-43.5968, -22.6857], [-43.5848, -22.6926], [-43.5608, -22.6903], [-43.555, -22.6812]]]}}, {"type": "Feature", "properties": {"osm_type": "relation", "osm_id": 274908973, "name": "Laje do Muriaé", "admin_level": "6", "kind": "subdivision_2", "parent_osm_id": 57963, "parent_name": "Rio de Janeiro", "parent_iso": "BR-RJ"}, "geometry": {"type": "Polygon", "coordinates": [[[-42.2241, -21.3365], [-42.2052, -21.3263], [-42.1973, -21.3159], [-42.1615, -21.3181], [-42.1433, -21.3064], [-42.139, -21.3123], [-42.131, -21.3092], [-42.1314, -21.3177], [-42.1255, -21.3198], [-42.1189, -21.3333], [-42.09, -21.3427], [-42.0841, -21.325], [-42.0765, -21.3244], [-42.075, -21.3147], [-42.0882, -21.3078], [-42.0796, -21.3001], [-42.0761, -21.2798], [-42.0797, -21.2751], [-42.0728, -21.2678], [-42.0603, -21.2653], [-42.0548, -21.254], [-42.0478, -21.2548], [-42.0297, -21.243], [-42.0544, -21.2339], [-42.0535, -21.2271], [-42.0322, -21.213], [-42.0425, -21.1939], [-42.053, -21.1922], [-42.0481, -21.1812], [-42.0803, -21.1778], [-42.0888, -21.1935], [-42.1032, -21.1862], [-42.1059, -21.1995], [-42.1111, -21.2033], [-42.1062, -21.2093], [-42.1109, -21.2141], [-42.1247, -21.2033], [-42.1204, -21.1953], [-42.1331, -21.1804], [-42.1288, -21.1704], [-42.1226, -21.1715], [-42.1224, -21.1676], [-42.1494, -21.1608], [-42.1646, -21.1715], [-42.1648, -21.1596], [-42.1699, -21.1595], [-42.1722, -21.1755], [-42.1782, -21.1781], [-42.1849, -21.1756], [-42.1905, -21.1646], [-42.1877, -21.1621], [-42.1945, -21.1574], [-42.1939, -21.1637], [-42.2079, -21.1785], [-42.1953, -21.2029], [-42.202, -21.2093], [-42.2028, -21.2199], [-42.1994, -21.2252], [-42.1926, -21.2233], [-42.1883, -21.2306], [-42.1948, -21.2387], [-42.1902, -21.2489], [-42.2105, -21.2704], [-42.2198, -21.2724], [-42.228, -21.2813], [-42.2293, -21.308], [-42.2375, -21.3183], [-42.2241, -21.3365]]]}}, {"type": "Feature", "properties": {"osm_type": "relation", "osm_id": 159184134, "name": "Macaé", "admin_level": "6", "kind": "subdivision_2", "parent_osm_id": 57963, "parent_name": "Rio de Janeiro", "parent_iso": "BR-RJ"}, "geometry": {"type": "MultiPolygon", "coordinates": [[[[-41.7006, -22.4179], [-41.7028, -22.4052], [-41.7104, -22.4141], [-41.7026, -22.4206], [-41.7006, -22.4179]]], [[[-41.6915, -22.4034], [-41.6931, -22.398], [-41.6953, -22.4042], [-41.6915, -22.4034]]], [[[-41.7711, -22.1809], [-41.8247, -22.146], [-41.8201, -22.1869], [-41.8388, -22.1979], [-41.8606, -22.2701], [-41.8775, -22.2745], [-41.8861, -22.2686], [-41.8861, -22.2602], [-41.8927, -22.2564], [-41.8958, -22.2468], [-41.9054, -22.2418], [-41.9007, -22.2386], [-41.9027, -22.2314], [-41.9154, -22.2297], [-41.9175, -22.2235], [-41.9167, -22.2122], [-41.9066, -22.2055], [-41.9015, -22.1891], [-41.9108, -22.1859], [-41.9093, -22.1747], [-41.9191, -22.17], [-41.9213, -22.1623], [-41.9345, -22.1635], [-41.9527, -22.1531], [-41.9672, -22.1542], [-41.9737, -22.1632], [-41.9716, -22.1346], [-41.982, -22.1277], [-42.0205, -22.1487], [-42.0273, -22.1574], [-42.0832, -22.1679], [-42.0965, -22.1843], [-42.0927, -22.2009], [-42.1065, -22.2078], [-42.1584, -22.215], [-42.1842, -22.2447], [-42.1977, -22.247], [-42.227, -22.274], [-42.234, -22.2873], [-42.244, -22.2901], [-42.2535, -22.3099], [-42.2632, -22.3155], [-42.2165, -22.3411], [-42.2049, -22.3712], [-42.2152, -22.375], [-42.215, -22.3831], [-42.2119, -22.3813], [-42.2072, -22.3869], [-42.219, -22.4054], [-42.2047, -22.4137], [-42.2065, -22.4243], [-42.2003, -22.4304], [-42.1899, -22.4332], [-42.171, -22.4222], [-42.1614, -22.4272], [-42.1526, -22.4211], [-42.1471, -22.4275], [-42.1403, -22.4242], [-42.1364, -22.413], [-42.1264, -22.4124], [-42.1175, -22.4034], [-42.0974, -22.4083], [-42.1049, -22.435], [-42.0873, -22.4388], [-42.0729, -22.4311], [-42.0649, -22.4344], [-42.062, -22.4187], [-42.0248, -22.3894], [-41.9967, -22.3995], [-41.9707, -22.39], [-41.946, -22.3881], [-41.9372, -22.3778], [-41.9405, -22.3914], [-41.9367, -22.3944], [-41.9082, -22.3995], [-41.8797, -22.4174], [-41.864, -22.4189], [-41.855, -22.4116], [-41.8269, -22.4088], [-41.816, -22.4157], [-41.768, -22.3888], [-41.7672, -22.3767], [-41.7759, -22.3724], [-41.7703, -22.3597], [-41.6896, -22.2997], [-41.7051, -22.2766], [-41.7079, -22.2484], [-41.7711, -22.1809]]]]}}, {"type": "Feature", "properties": {"osm_type": "relation", "osm_id": 389157946, "name": "Macuco", "admin_level": "6", "kind": "subdivision_2", "parent_osm_id": 57963, "parent_name": "Rio de Janeiro", "parent_iso": "BR-RJ"}, "geometry": {"type": "Polygon", "coordinates": [[[-42.3161, -21.998], [-42.3109, -22.0302], [-42.2975, -22.0316], [-42.2974, -22.0409], [-42.3109, -22.057], [-42.309, -22.0743], [-42.2761, -22.0919], [-42.2691, -22.0889], [-42.266, -22.0792], [-42.2694, -22.0684], [-42.2618, -22.0641], [-42.2611, -22.0479], [-42.2501, -22.0443], [-42.2404, -22.0334], [-42.2495, -22.0285], [-42.2412, -22.0239], [-42.2343, -22.0281], [-42.2204, -22.0092], [-42.2243, -22.0034], [-42.2205, -21.994], [-42.2292, -21.9767], [-42.2501, -21.9771], [-42.2564, -21.9887], [-42.279, -21.9858], [-42.3001, -21.9748], [-42.3161, -21.998]]]}}, {"type": "Feature", "properties": {"osm_type": "relation", "osm_id": 550120110, "name": "Magé", "admin_level": "6", "kind": "subdivision_2", "parent_osm_id": 57963, "parent_name": "Rio de Janeiro", "parent_iso": "BR-RJ"}, "geometry": {"type": "Polygon", "coordinates": [[[-43.2156, -22.7274], [-43.1819, -22.7207], [-43.1522, -22.708], [-43.1276, -22.7146], [-43.118, -22.7072], [-43.1148, -22.6961], [-43.0837, -22.6781], [-43.0665, -22.6879], [-43.0543, -22.6861], [-43.0505, -22.6928], [-43.038, -22.6924], [-43.0362, -22.6806], [-43.0222, -22.6635], [-43.0205, -22.6495], [-43.0111, -22.6356], [-43.0107, -22.6207], [-43.0163, -22.5472], [-43.0224, -22.5172], [-43.0279, -22.5124], [-43.0273, -22.5006], [-43.0364, -22.4932], [-43.0625, -22.4843], [-43.0765, -22.4867], [-43.0804, -22.4893], [-43.0727, -22.4957], [-43.0731, -22.505], [-43.1083, -22.5339], [-43.1228, -22.5313], [-43.2249, -22.5648], [-43.1943, -22.6243], [-43.2173, -22.6524], [-43.2238, -22.6744], [-43.2154, -22.6926], [-43.2149, -22.7022], [-43.2217, -22.7154], [-43.2156, -22.7274]]]}}, {"type": "Feature", "properties": {"osm_type": "relation", "osm_id": 597348637, "name": "Maricá", "admin_level": "6", "kind": "subdivision_2", "parent_osm_id": 57963, "parent_name": "Rio de Janeiro", "parent_iso": "BR-RJ"}, "geometry": {"type": "MultiPolygon", "coordinates": [[[[-42.9197, -23.0166], [-42.9189, -23.0132], [-42.9197, -23.0166]]], [[[-42.8866, -22.8668], [-42.9018, -22.8778], [-42.928, -22.8827], [-42.9557, -22.8949], [-42.9543, -22.908], [-42.9741, -22.9186], [-42.9821, -22.9315], [-43.0214, -22.9605], [-43.023, -22.9703], [-43.0171, -22.9763], [-43.008, -22.9699], [-42.9182, -22.9749], [-42.8707, -22.9656], [-42.729, -22.9562], [-42.699, -22.9571], [-42.6917, -22.9618], [-42.6828, -22.9572], [-42.6792, -22.9455], [-42.6401, -22.9367], [-42.6355, -22.9227], [-42.6512, -22.9052], [-42.6789, -22.9094], [-42.6746, -22.9038], [-42.6787, -22.8957], [-42.6771, -22.8785], [-42.6604, -22.8601], [-42.6714, -22.8557], [-42.698, -22.8557], [-42.7, -22.8513], [-42.7167, -22.853], [-42.7327, -22.8404], [-42.7499, -22.8521], [-42.7636, -22.8436], [-42.7942, -22.8491], [-42.8568, -22.8766], [-42.8866, -22.8668]]]]}}, {"type": "Feature", "properties": {"osm_type": "relation", "osm_id": 573456015, "name": "Mendes", "admin_level": "6", "kind": "subdivision_2", "parent_osm_id": 57963, "parent_name": "Rio de Janeiro", "parent_iso": "BR-RJ"}, "geometry": {"type": "Polygon", "coordinates": [[[-43.7973, -22.5515], [-43.7888, -22.5511], [-43.7766, -22.5672], [-43.7723, -22.6054], [-43.7704, -22.5951], [-43.7239, -22.5636], [-43.7237, -22.5575], [-43.7019, -22.5426], [-43.6869, -22.4634], [-43.6959, -22.46], [-43.7067, -22.463], [-43.7148, -22.4557], [-43.7356, -22.4829], [-43.75, -22.4701], [-43.7504, -22.4626], [-43.7652, -22.4588], [-43.7699, -22.5179], [-43.7777, -22.5312], [-43.7894, -22.5354], [-43.7973, -22.5515]]]}}, {"type": "Feature", "properties": {"osm_type": "relation", "osm_id": 998331793, "name": "Mesquita", "admin_level": "6", "kind": "subdivision_2", "parent_osm_id": 57963, "parent_name": "Rio de Janeiro", "parent_iso": "BR-RJ"}, "geometry": {"type": "Polygon", "coordinates": [[[-43.4132, -22.7678], [-43.4311, -22.7668], [-43.4716, -22.7876], [-43.5019, -22.7939], [-43.4923, -22.8021], [-43.4959, -22.8126], [-43.4824, -22.8304], [-43.4685, -22.84], [-43.398, -22.7785], [-43.4132, -22.7678]]]}}, {"type": "Feature", "properties": {"osm_type": "relation", "osm_id": 519863779, "name": "Miguel Pereira", "admin_level": "6", "kind": "subdivision_2", "parent_osm_id": 57963, "parent_name": "Rio de Janeiro", "parent_iso": "BR-RJ"}, "geometry": {"type": "Polygon", "coordinates": [[[-43.2975, -22.4751], [-43.301, -22.4727], [-43.2971, -22.4649], [-43.2885, -22.4612], [-43.2985, -22.4515], [-43.321, -22.4585], [-43.3518, -22.449], [-43.3731, -22.4522], [-43.4038, -22.469], [-43.421, -22.4692], [-43.4339, -22.4751], [-43.4404, -22.4687], [-43.4358, -22.4598], [-43.4417, -22.4437], [-43.4937, -22.4181], [-43.5074, -22.4262], [-43.5059, -22.4351], [-43.5152, -22.4443], [-43.5307, -22.4428], [-43.5393, -22.4507], [-43.555, -22.5255], [-43.5618, -22.5], [-43.6027, -22.5746], [-43.6594, -22.6196], [-43.6232, -22.641], [-43.6262, -22.622], [-43.5906, -22.5942], [-43.5818, -22.5804], [-43.5599, -22.578], [-43.5586, -22.5672], [-43.5514, -22.572], [-43.5411, -22.566], [-43.5092, -22.5705], [-43.4914, -22.549], [-43.4453, -22.5274], [-43.4192, -22.5375], [-43.3846, -22.5304], [-43.3756, -22.5208], [-43.3684, -22.5262], [-43.3319, -22.519], [-43.3319, -22.5132], [-43.2998, -22.4824], [-43.2975, -22.4751]]]}}, {"type": "Feature", "properties": {"osm_type": "relation", "osm_id": 865540162, "name": "Miracema", "admin_level": "6", "kind": "subdivision_2", "parent_osm_id": 57963, "parent_name": "Rio de Janeiro", "parent_iso": "BR-RJ"}, "geometry": {"type": "Polygon", "coordinates": [[[-42.2375, -21.3442], [-42.2293, -21.3517], [-42.2301, -21.3667], [-42.2412, -21.372], [-42.2423, -21.3792], [-42.2509, -21.386], [-42.2492, -21.3906], [-42.2387, -21.3921], [-42.2369, -21.4004], [-42.2539, -21.4094], [-42.2685, -21.4001], [-42.2749, -21.404], [-42.2755, -21.428], [-42.2022, -21.4686], [-42.1352, -21.4699], [-42.1248, -21.4739], [-42.1068, -21.453], [-42.0926, -21.4522], [-42.0875, -21.4475], [-42.0805, -21.4502], [-42.0579, -21.4336], [-42.041, -21.4009], [-42.0302, -21.3894], [-42.0291, -21.3766], [-42.0392, -21.3645], [-42.0343, -21.3449], [-42.0494, -21.3538], [-42.0741, -21.3552], [-42.0922, -21.3507], [-42.099, -21.3382], [-42.1094, -21.3388], [-42.1189, -21.3333], [-42.1255, -21.3198], [-42.1314, -21.3177], [-42.131, -21.3092], [-42.139, -21.3123], [-42.1433, -21.3064], [-42.1615, -21.3181], [-42.1973, -21.3159], [-42.2052, -21.3263], [-42.2375, -21.3442]]]}}, {"type": "Feature", "properties": {"osm_type": "relation", "osm_id": 617354985, "name": "Natividade", "admin_level": "6", "kind": "subdivision_2", "parent_osm_id": 57963, "parent_name": "Rio de Janeiro", "parent_iso": "BR-RJ"}, "geometry": {"type": "Polygon", "coordinates": [[[-42.0814, -21.0299], [-42.0478, -21.0392], [-42.0394, -21.0746], [-42.0238, -21.0732], [-42.0181, -21.0823], [-42.0237, -21.1005], [-42.036, -21.114], [-42.0239, -21.1354], [-42.0158, -21.1322], [-42.0093, -21.1224], [-41.9999, -21.1254], [-41.9777, -21.1218], [-41.9768, -21.133], [-41.9658, -21.1346], [-41.9442, -21.1515], [-41.9302, -21.1552], [-41.9208, -21.1385], [-41.9139, -21.1361], [-41.916, -21.133], [-41.8991, -21.1343], [-41.8948, -21.1177], [-41.8788, -21.1164], [-41.872, -21.1025], [-41.8394, -21.0823], [-41.8498, -21.0622], [-41.8384, -21.0554], [-41.8293, -21.0352], [-41.8073, -21.0094], [-41.8082, -20.9991], [-41.8014, -20.9865], [-41.8167, -20.9739], [-41.8129, -20.9654], [-41.8236, -20.9533], [-41.8359, -20.956], [-41.8548, -20.9518], [-41.8613, -20.9701], [-41.8936, -20.9727], [-41.915, -20.9547], [-41.9178, -20.947], [-41.9121, -20.9282], [-41.9302, -20.9381], [-41.9318, -20.9441], [-41.9492, -20.9404], [-41.9529, -20.9569], [-41.9826, -20.9571], [-41.9988, -20.9666], [-42.0027, -21.011], [-42.0519, -21.0235], [-42.063, -21.0224], [-42.0701, -21.0276], [-42.0831, -21.0236], [-42.0814, -21.0299]]]}}, {"type": "Feature", "properties": {"osm_type": "relation", "osm_id": 318967692, "name": "Nilópolis", "admin_level": "6", "kind": "subdivision_2", "parent_osm_id": 57963, "parent_name": "Rio de Janeiro", "parent_iso": "BR-RJ"}, "geometry": {"type": "Polygon", "coordinates": [[[-43.4685, -22.84], [-43.4585, -22.8487], [-43.4385, -22.8421], [-43.4256, -22.8355], [-43.4151, -22.822], [-43.3918, -22.8137], [-43.4116, -22.7923], [-43.4359, -22.8082], [-43.4477, -22.8248], [-43.4685, -22.84]]]}}, {"type": "Feature", "properties": {"osm_type": "relation", "osm_id": 329192795, "name": "Niterói", "admin_level": "6", "kind": "subdivision_2", "parent_osm_id": 57963, "parent_name": "Rio de Janeiro", "parent_iso": "BR-RJ"}, "geometry": {"type": "MultiPolygon", "coordinates": [[[[-43.0819, -22.9862], [-43.088, -22.9883], [-43.0819, -22.9862]]], [[[-43.1318, -22.8728], [-43.1373, -22.8704], [-43.1371, -22.875], [-43.1318, -22.8728]]], [[[-43.1179, -22.8588], [-43.1273, -22.862], [-43.1198, -22.8635], [-43.1179, -22.8588]]], [[[-42.9573, -22.9009], [-42.9847, -22.9077], [-42.9901, -22.8893], [-43.0096, -22.8906], [-43.0293, -22.8756], [-43.0671, -22.8695], [-43.104, -22.8568], [-43.112, -22.8682], [-43.1171, -22.8659], [-43.1339, -22.881], [-43.1249, -22.8936], [-43.1366, -22.9029], [-43.1299, -22.909], [-43.1161, -22.905], [-43.1108, -22.914], [-43.0957, -22.9164], [-43.1018, -22.9341], [-43.1133, -22.9328], [-43.1206, -22.9233], [-43.1296, -22.9379], [-43.1166, -22.9381], [-43.1192, -22.9449], [-43.1037, -22.956], [-43.1001, -22.9529], [-43.0761, -22.9561], [-43.0509, -22.9641], [-43.0467, -22.973], [-43.0539, -22.9803], [-43.0506, -22.9813], [-43.0403, -22.9753], [-43.0304, -22.9757], [-43.0286, -22.9803], [-43.0171, -22.9763], [-43.023, -22.9703], [-43.0214, -22.9605], [-42.9821, -22.9315], [-42.9741, -22.9186], [-42.9543, -22.908], [-42.9573, -22.9009]], [[-43.1207, -22.8776], [-43.1167, -22.8764], [-43.1155, -22.8809], [-43.1207, -22.8776]]]]}}, {"type": "Feature", "properties": {"osm_type": "relation", "osm_id": 921887077, "name": "Nova Friburgo", "admin_level": "6", "kind": "subdivision_2", "parent_osm_id": 57963, "parent_name": "Rio de Janeiro", "parent_iso": "BR-RJ"}, "geometry": {"type": "Polygon", "coordinates": [[[-42.5226, -22.1594], [-42.5498, -22.1574], [-42.5564, -22.1631], [-42.5559, -22.1715], [-42.5609, -22.1713], [-42.5639, -22.1776], [-42.5922, -22.1786], [-42.6117, -22.1961], [-42.6288, -22.187], [-42.6408, -22.1872], [-42.6436, -22.2105], [-42.6505, -22.2136], [-42.6589, -22.2097], [-42.6615, -22.2184], [-42.6704, -22.2227], [-42.6779, -22.2422], [-42.7138, -22.2661], [-42.7172, -22.2765], [-42.7116, -22.2881], [-42.7244, -22.3137], [-42.7191, -22.331], [-42.7259, -22.3373], [-42.7257, -22.3547], [-42.7102, -22.3622], [-42.7094, -22.3771], [-42.6932, -22.3889], [-42.6798, -22.3922], [-42.6599, -22.3859], [-42.6504, -22.3958], [-42.6429, -22.3949], [-42.6153, -22.3844], [-42.6098, -22.3745], [-42.5978, -22.3693], [-42.5849, -22.3557], [-42.5627, -22.3612], [-42.5516, -22.3874], [-42.5577, -22.4005], [-42.5571, -22.4237], [-42.5738, -22.4396], [-42.5714, -22.448], [-42.5366, -22.4574], [-42.5124, -22.4353], [-42.4923, -22.4359], [-42.4724, -22.4491], [-42.4568, -22.4428], [-42.45, -22.4342], [-42.4167, -22.427], [-42.4062, -22.4287], [-42.3899, -22.4219], [-42.3739, -22.4244], [-42.367, -22.4195], [-42.3529, -22.4289], [-42.3447, -22.4247], [-42.329, -22.4281], [-42.3234, -22.4221], [-42.3144, -22.4236], [-42.294, -22.4126], [-42.2866, -22.4052], [-42.2932, -22.3932], [-42.2575, -22.3675], [-42.2229, -22.3576], [-42.2254, -22.3529], [-42.2085, -22.3645], [-42.2165, -22.3411], [-42.2616, -22.3194], [-42.2632, -22.3155], [-42.2516, -22.3072], [-42.2563, -22.3033], [-42.2638, -22.3067], [-42.2736, -22.3014], [-42.2775, -22.2932], [-42.3058, -22.2934], [-42.3449, -22.3037], [-42.372, -22.2926], [-42.4715, -22.226], [-42.4717, -22.2118], [-42.5226, -22.1594]]]}}, {"type": "Feature", "properties": {"osm_type": "relation", "osm_id": 470973298, "name": "Nova Iguaçu", "admin_level": "6", "kind": "subdivision_2", "parent_osm_id": 57963, "parent_name": "Rio de Janeiro", "parent_iso": "BR-RJ"}, "geometry": {"type": "Polygon", "coordinates": [[[-43.3651, -22.6838], [-43.3708, -22.6737], [-43.398, -22.6617], [-43.4012, -22.6519], [-43.3828, -22.6309], [-43.3821, -22.6234], [-43.3897, -22.6147], [-43.4108, -22.6104], [-43.4164, -22.5962], [-43.3875, -22.5744], [-43.3903, -22.5598], [-43.4096, -22.5447], [-43.4032, -22.5418], [-43.4018, -22.5335], [-43.4192, -22.5375], [-43.4453, -22.5274], [-43.4914, -22.549], [-43.5092, -22.5705], [-43.5411, -22.566], [-43.5514, -22.572], [-43.5586, -22.5672], [-43.5599, -22.578], [-43.5779, -22.578], [-43.5906, -22.5942], [-43.6147, -22.6098], [-43.6281, -22.6245], [-43.6232, -22.641], [-43.5703, -22.6102], [-43.5721, -22.6339], [-43.5599, -22.6364], [-43.5482, -22.6536], [-43.5349, -22.6556], [-43.5536, -22.6742], [-43.555, -22.6812], [-43.5431, -22.6803], [-43.5338, -22.6887], [-43.5138, -22.6926], [-43.5344, -22.7033], [-43.5411, -22.7137], [-43.5407, -22.7361], [-43.5326, -22.7392], [-43.5362, -22.7516], [-43.5476, -22.7577], [-43.5926, -22.7542], [-43.6035, -22.7478], [-43.614, -22.7497], [-43.6162, -22.7622], [-43.6267, -22.7741], [-43.6241, -22.781], [-43.6346, -22.7821], [-43.6227, -22.8259], [-43.6543, -22.8482], [-43.6679, -22.8514], [-43.6736, -22.8629], [-43.6621, -22.8644], [-43.6443, -22.8559], [-43.6218, -22.8626], [-43.5927, -22.8588], [-43.5884, -22.8391], [-43.5594, -22.8288], [-43.4937, -22.8156], [-43.4923, -22.8021], [-43.5019, -22.7939], [-43.4716, -22.7876], [-43.4311, -22.7668], [-43.4132, -22.7678], [-43.4142, -22.7556], [-43.4229, -22.7487], [-43.4321, -22.728], [-43.4275, -22.7159], [-43.4305, -22.7029], [-43.3874, -22.6906], [-43.3715, -22.6942], [-43.3651, -22.6838]]]}}, {"type": "Feature", "properties": {"osm_type": "relation", "osm_id": 535250244, "name": "Paracambi", "admin_level": "6", "kind": "subdivision_2", "parent_osm_id": 57963, "parent_name": "Rio de Janeiro", "parent_iso": "BR-RJ"}, "geometry": {"type": "Polygon", "coordinates": [[[-43.7112, -22.5497], [-43.7237, -22.5575], [-43.7239, -22.5636], [-43.7704, -22.5951], [-43.7775, -22.6109], [-43.7882, -22.6121], [-43.7996, -22.6267], [-43.8394, -22.6484], [-43.8184, -22.6659], [-43.8195, -22.6789], [-43.8147, -22.6854], [-43.7517, -22.7003], [-43.7495, -22.6876], [-43.7116, -22.648], [-43.7124, -22.6422], [-43.7087, -22.6402], [-43.6917, -22.6497], [-43.6773, -22.6477], [-43.6713, -22.6524], [-43.6648, -22.6224], [-43.6027, -22.5746], [-43.5974, -22.5672], [-43.6245, -22.5399], [-43.6677, -22.5482], [-43.6646, -22.5566], [-43.6733, -22.5689], [-43.6615, -22.5757], [-43.6598, -22.58], [-43.6659, -22.5853], [-43.6895, -22.5757], [-43.6906, -22.5682], [-43.6816, -22.5561], [-43.6886, -22.5519], [-43.7083, -22.5639], [-43.7112, -22.5497]]]}}, {"type": "Feature", "properties": {"osm_type": "relation", "osm_id": 196061149, "name": "Paraíba do Sul", "admin_level": "6", "kind": "subdivision_2", "parent_osm_id": 57963, "parent_name": "Rio de Janeiro", "parent_iso": "BR-RJ"}, "geometry": {"type": "Polygon", "coordinates": [[[-43.437, -22.0613], [-43.4018, -22.2156], [-43.3249, -22.2799], [-43.2881, -22.3703], [-43.2675, -22.3338], [-43.2631, -22.3338], [-43.262, -22.32], [-43.2442, -22.3048], [-43.2334, -22.3101], [-43.2102, -22.2997], [-43.2005, -22.3035], [-43.1804, -22.3019], [-43.176, -22.2611], [-43.1583, -22.1925], [-43.1983, -22.2007], [-43.2007, -22.1779], [-43.2427, -22.1317], [-43.258, -22.1021], [-43.2549, -22.0567], [-43.2736, -22.0758], [-43.2835, -22.0676], [-43.3159, -22.0652], [-43.3368, -22.0512], [-43.3448, -22.0523], [-43.3463, -22.0051], [-43.3495, -22.0036], [-43.3505, -22.0076], [-43.3653, -22.0111], [-43.368, -22.0194], [-43.3995, -22.0411], [-43.437, -22.0613]]]}}, {"type": "Feature", "properties": {"osm_type": "relation", "osm_id": 943163374, "name": "Paty do Alferes", "admin_level": "6", "kind": "subdivision_2", "parent_osm_id": 57963, "parent_name": "Rio de Janeiro", "parent_iso": "BR-RJ"}, "geometry": {"type": "Polygon", "coordinates": [[[-43.3702, -22.4519], [-43.3749, -22.4432], [-43.3733, -22.4341], [-43.3603, -22.4198], [-43.3415, -22.4165], [-43.3151, -22.3807], [-43.2989, -22.3709], [-43.2881, -22.3703], [-43.3249, -22.2799], [-43.5039, -22.3128], [-43.5068, -22.3332], [-43.5034, -22.3468], [-43.4965, -22.3673], [-43.4881, -22.3737], [-43.5066, -22.4001], [-43.4975, -22.4155], [-43.4417, -22.4437], [-43.4358, -22.4598], [-43.4404, -22.4687], [-43.4339, -22.4751], [-43.421, -22.4692], [-43.4038, -22.469], [-43.3702, -22.4519]]]}}, {"type": "Feature", "properties": {"osm_type": "relation", "osm_id": 526014821, "name": "Petrópolis", "admin_level": "6", "kind": "subdivision_2", "parent_osm_id": 57963, "parent_name": "Rio de Janeiro", "parent_iso": "BR-RJ"}, "geometry": {"type": "Polygon", "coordinates": [[[-43.1804, -22.3019], [-43.2005, -22.3035], [-43.2102, -22.2997], [-43.2334, -22.3101], [-43.2442, -22.3048], [-43.262, -22.32], [-43.2631, -22.3338], [-43.2675, -22.3338], [-43.2881, -22.3703], [-43.2989, -22.3709], [-43.3151, -22.3807], [-43.3272, -22.4016], [-43.335, -22.4036], [-43.338, -22.4139], [-43.3603, -22.4198], [-43.3733, -22.4341], [-43.3749, -22.4432], [-43.3662, -22.4533], [-43.3518, -22.449], [-43.321, -22.4585], [-43.2985, -22.4515], [-43.2885, -22.4612], [-43.2971, -22.4649], [-43.301, -22.4727], [-43.2371, -22.5143], [-43.226, -22.5174], [-43.2249, -22.5275], [-43.2328, -22.5235], [-43.2452, -22.5269], [-43.2542, -22.543], [-43.2608, -22.5613], [-43.2555, -22.5728], [-43.1981, -22.5531], [-43.1639, -22.5477], [-43.1228, -22.5313], [-43.1083, -22.5339], [-43.0731, -22.505], [-43.0727, -22.4957], [-43.0804, -22.4893], [-43.0554, -22.4799], [-43.0562, -22.4719], [-43.0475, -22.4609], [-43.0405, -22.4574], [-43.0288, -22.4601], [-43.0254, -22.4538], [-43.0234, -22.4409], [-43.0331, -22.4307], [-43.0323, -22.4199], [-43.0373, -22.4154], [-43.0287, -22.3955], [-43.0329, -22.3901], [-43.0291, -22.3779], [-43.0335, -22.3698], [-43.0234, -22.3548], [-43.0318, -22.3303], [-43.046, -22.3227], [-43.0347, -22.3076], [-43.014, -22.3009], [-43.014, -22.2885], [-42.9894, -22.2777], [-42.9856, -22.2661], [-42.9788, -22.2622], [-42.9803, -22.2494], [-42.9965, -22.2271], [-43.0092, -22.2194], [-43.0174, -22.2231], [-43.0291, -22.2029], [-43.0487, -22.208], [-43.0765, -22.2244], [-43.0913, -22.2398], [-43.0915, -22.2635], [-43.1016, -22.2672], [-43.107, -22.2811], [-43.1148, -22.2826], [-43.1266, -22.2762], [-43.1377, -22.2838], [-43.1386, -22.294], [-43.1465, -22.3046], [-43.1601, -22.3097], [-43.1729, -22.3095], [-43.1804, -22.3019]]]}}, {"type": "Feature", "properties": {"osm_type": "relation", "osm_id": 772451706, "name": "Pinheiral", "admin_level": "6", "kind": "subdivision_2", "parent_osm_id": 57963, "parent_name": "Rio de Janeiro", "parent_iso": "BR-RJ"}, "geometry": {"type": "Polygon", "coordinates": [[[-44.0317, -22.4993], [-44.0283, -22.5073], [-44.0352, -22.5316], [-44.0323, -22.538], [-44.0415, -22.5516], [-44.0545, -22.5526], [-44.0678, -22.5917], [-44.0385, -22.5822], [-44.0246, -22.581], [-44.0111, -22.586], [-43.9822, -22.5779], [-43.9919, -22.5623], [-43.986, -22.5539], [-43.9547, -22.5685], [-43.9126, -22.5208], [-43.9428, -22.5156], [-43.9546, -22.5194], [-43.9927, -22.5172], [-44.0012, -22.512], [-44.006, -22.4979], [-44.0198, -22.4846], [-44.0276, -22.4865], [-44.0317, -22.4993]]]}}, {"type": "Feature", "properties": {"osm_type": "relation", "osm_id": 587568333, "name": "Piraí", "admin_level": "6", "kind": "subdivision_2", "parent_osm_id": 57963, "parent_name": "Rio de Janeiro", "parent_iso": "BR-RJ"}, "geometry": {"type": "Polygon", "coordinates": [[[-43.9126, -22.5208], [-43.9547, -22.5685], [-43.986, -22.5539], [-43.9919, -22.5623], [-43.9822, -22.5779], [-44.0111, -22.586], [-44.0246, -22.581], [-44.0385, -22.5822], [-44.0678, -22.5917], [-44.0866, -22.6402], [-44.0797, -22.6482], [-44.0847, -22.6531], [-44.085, -22.6682], [-44.0788, -22.6787], [-44.0793, -22.6651], [-44.0514, -22.642], [-44.0181, -22.6408], [-43.9889, -22.6686], [-43.9701, -22.662], [-43.9611, -22.6645], [-43.9582, -22.6827], [-43.9451, -22.6944], [-43.9435, -22.7105], [-43.9312, -22.7085], [-43.9206, -22.6986], [-43.9125, -22.7133], [-43.8817, -22.7036], [-43.8812, -22.7275], [-43.8987, -22.7353], [-43.9027, -22.7484], [-43.9022, -22.7528], [-43.8857, -22.7575], [-43.8914, -22.7661], [-43.8906, -22.7744], [-43.8956, -22.7764], [-43.891, -22.7907], [-43.8751, -22.801], [-43.8748, -22.8094], [-43.839, -22.7975], [-43.8139, -22.7711], [-43.829, -22.7668], [-43.838, -22.7585], [-43.8324, -22.73], [-43.7849, -22.6928], [-43.8147, -22.6854], [-43.8195, -22.6789], [-43.8184, -22.6659], [-43.8394, -22.6484], [-43.7996, -22.6267], [-43.7882, -22.6121], [-43.7775, -22.6109], [-43.7723, -22.6054], [-43.7759, -22.5976], [-43.7715, -22.5896], [-43.7781, -22.5808], [-43.7766, -22.5672], [-43.7864, -22.5533], [-43.7924, -22.55], [-43.8077, -22.5539], [-43.8186, -22.5467], [-43.8196, -22.5332], [-43.8057, -22.52], [-43.8118, -22.5118], [-43.8229, -22.5172], [-43.8398, -22.5099], [-43.8437, -22.5026], [-43.8543, -22.5072], [-43.8541, -22.5163], [-43.8676, -22.528], [-43.9126, -22.5208]]]}}, {"type": "Feature", "properties": {"osm_type": "relation", "osm_id": 434926590, "name": "Porciúncula", "admin_level": "6", "kind": "subdivision_2", "parent_osm_id": 57963, "parent_name": "Rio de Janeiro", "parent_iso": "BR-RJ"}, "geometry": {"type": "Polygon", "coordinates": [[[-42.0831, -21.0236], [-42.0701, -21.0276], [-42.063, -21.0224], [-42.0519, -21.0235], [-42.0027, -21.011], [-41.9988, -20.9666], [-41.9826, -20.9571], [-41.9529, -20.9569], [-41.9492, -20.9404], [-41.9318, -20.9441], [-41.9302, -20.9381], [-41.9121, -20.9282], [-41.9144, -20.9211], [-41.9019, -20.8978], [-41.9046, -20.8817], [-41.8973, -20.8709], [-41.9049, -20.8593], [-41.8899, -20.8568], [-41.8613, -20.8626], [-41.8577, -20.856], [-41.8357, -20.8478], [-41.8122, -20.8306], [-41.7766, -20.7993], [-41.7938, -20.7985], [-41.799, -20.8048], [-41.8126, -20.8041], [-41.8099, -20.8], [-41.8271, -20.7968], [-41.8256, -20.7885], [-41.8561, -20.7636], [-41.8753, -20.7657], [-41.874, -20.7708], [-41.8812, -20.7813], [-41.9048, -20.7971], [-41.929, -20.7936], [-41.9262, -20.8008], [-41.935, -20.8278], [-41.9274, -20.8373], [-41.9334, -20.8523], [-41.9517, -20.863], [-41.9505, -20.8751], [-41.9667, -20.8995], [-41.967, -20.9171], [-41.9791, -20.9236], [-41.9776, -20.9345], [-41.9992, -20.9267], [-42.0042, -20.9317], [-42.0235, -20.9256], [-42.0658, -20.9389], [-42.0964, -20.9364], [-42.1144, -20.9506], [-42.1151, -20.9585], [-42.1259, -20.9561], [-42.146, -20.9662], [-42.1516, -20.9755], [-42.1399, -20.9887], [-42.1413, -20.9922], [-42.1265, -21.0024], [-42.1192, -21.0005], [-42.1147, -21.0113], [-42.0831, -21.0236]]]}}, {"type": "Feature", "properties": {"osm_type": "relation", "osm_id": 446683716, "name": "Porto Real", "admin_level": "6", "kind": "subdivision_2", "parent_osm_id": 57963, "parent_name": "Rio de Janeiro", "parent_iso": "BR-RJ"}, "geometry": {"type": "Polygon", "coordinates": [[[-44.3024, -22.45], [-44.2786, -22.4204], [-44.2745, -22.4054], [-44.3095, -22.3977], [-44.324, -22.4135], [-44.3501, -22.4139], [-44.3538, -22.4424], [-44.3698, -22.4533], [-44.3725, -22.4603], [-44.3506, -22.4917], [-44.3324, -22.4939], [-44.3302, -22.4851], [-44.3379, -22.4717], [-44.3305, -22.4675], [-44.3194, -22.4693], [-44.3109, -22.4543], [-44.3024, -22.45]]]}}, {"type": "Feature", "properties": {"osm_type": "relation", "osm_id": 993499111, "name": "Quatis", "admin_level": "6", "kind": "subdivision_2", "parent_osm_id": 57963, "parent_name": "Rio de Janeiro", "parent_iso": "BR-RJ"}, "geometry": {"type": "Polygon", "coordinates": [[[-44.2605, -22.2672], [-44.2591, -22.3012], [-44.2545, -22.3071], [-44.2717, -22.3115], [-44.2741, -22.3202], [-44.2918, -22.3197], [-44.3201, -22.3354], [-44.3286, -22.3327], [-44.3316, -22.3549], [-44.3407, -22.3604], [-44.3415, -22.3786], [-44.3308, -22.3944], [-44.3153, -22.4026], [-44.3062, -22.3979], [-44.2745, -22.4054], [-44.2786, -22.4204], [-44.3024, -22.45], [-44.2941, -22.4513], [-44.2837, -22.4629], [-44.2592, -22.4752], [-44.2534, -22.4843], [-44.241, -22.4852], [-44.232, -22.4775], [-44.2227, -22.4781], [-44.2187, -22.4643], [-44.2254, -22.4552], [-44.2203, -22.4515], [-44.2237, -22.4438], [-44.2123, -22.4202], [-44.2065, -22.3865], [-44.1557, -22.3719], [-44.1691, -22.3279], [-44.1468, -22.3319], [-44.1476, -22.3214], [-44.1576, -22.3124], [-44.1458, -22.3001], [-44.1504, -22.2934], [-44.1474, -22.2809], [-44.1675, -22.2715], [-44.1569, -22.2526], [-44.1838, -22.2393], [-44.2015, -22.2506], [-44.2132, -22.2469], [-44.2224, -22.2529], [-44.2239, -22.26], [-44.2349, -22.2654], [-44.2432, -22.2674], [-44.2505, -22.2611], [-44.2605, -22.2672]], [[-44.2545, -22.3071], [-44.2362, -22.3158], [-44.2429, -22.3169], [-44.2545, -22.3071]]]}}, {"type": "Feature", "properties": {"osm_type": "relation", "osm_id": 709063789, "name": "Queimados", "admin_level": "6", "kind": "subdivision_2", "parent_osm_id": 57963, "parent_name": "Rio de Janeiro", "parent_iso": "BR-RJ"}, "geometry": {"type": "Polygon", "coordinates": [[[-43.6386, -22.7205], [-43.6448, -22.7454], [-43.6324, -22.7761], [-43.6346, -22.7821], [-43.6284, -22.7828], [-43.6241, -22.781], [-43.6267, -22.7741], [-43.6112, -22.7479], [-43.5595, -22.7574], [-43.5476, -22.7577], [-43.5362, -22.7516], [-43.5326, -22.7392], [-43.5407, -22.7361], [-43.5411, -22.7137], [-43.5344, -22.7033], [-43.5138, -22.6926], [-43.5338, -22.6887], [-43.5431, -22.6803], [-43.555, -22.6812], [-43.5608, -22.6903], [-43.5848, -22.6926], [-43.5968, -22.6857], [-43.6088, -22.6928], [-43.6287, -22.721], [-43.6386, -22.7205]]]}}, {"type": "Feature", "properties": {"osm_type": "relation", "osm_id": 114523270, "name": "Quissamã", "admin_level": "6", "kind": "subdivision_2", "parent_osm_id": 57963, "parent_name": "Rio de Janeiro", "parent_iso": "BR-RJ"}, "geometry": {"type": "Polygon", "coordinates": [[[-41.5425, -22.234], [-41.451, -22.2022], [-41.2223, -22.1397], [-41.1643, -22.1142], [-41.1349, -22.0972], [-41.1353, -22.0934], [-41.1429, -22.0916], [-41.1447, -22.0981], [-41.1499, -22.0983], [-41.1583, -22.0944], [-41.161, -22.1012], [-41.1758, -22.0967], [-41.1956, -22.1032], [-41.2032, -22.0967], [-41.2562, -22.099], [-41.2776, -22.0653], [-41.4386, -21.9869], [-41.5142, -22.0152], [-41.5454, -22.0547], [-41.6172, -22.0462], [-41.6458, -22.0512], [-41.6604, -22.0571], [-41.6641, -22.0674], [-41.6823, -22.0683], [-41.7163, -22.0822], [-41.7172, -22.0865], [-41.692, -22.1086], [-41.5728, -22.1395], [-41.5546, -22.158], [-41.5469, -22.1834], [-41.5395, -22.1899], [-41.54, -22.1975], [-41.5526, -22.2024], [-41.5462, -22.2245], [-41.5396, -22.2287], [-41.5425, -22.234]]]}}, {"type": "Feature", "properties": {"osm_type": "relation", "osm_id": 573017517, "name": "Resende", "admin_level": "6", "kind": "subdivision_2", "parent_osm_id": 57963, "parent_name": "Rio de Janeiro", "parent_iso": "BR-RJ"}, "geometry": {"type": "MultiPolygon", "coordinates": [[[[-44.2545, -22.3071], [-44.2429, -22.3169], [-44.2362, -22.3158], [-44.2545, -22.3071]]], [[[-44.5445, -22.3319], [-44.5423, -22.3354], [-44.5505, -22.3449], [-44.5493, -22.3554], [-44.5567, -22.3648], [-44.5777, -22.3589], [-44.6107, -22.3801], [-44.6263, -22.3727], [-44.5983, -22.3984], [-44.4868, -22.4369], [-44.4796, -22.4569], [-44.489, -22.463], [-44.4882, -22.4672], [-44.5128, -22.4732], [-44.513, -22.4835], [-44.5292, -22.4865], [-44.5359, -22.4952], [-44.5492, -22.4965], [-44.5688, -22.5091], [-44.5776, -22.5246], [-44.5634, -22.532], [-44.5802, -22.5428], [-44.5873, -22.5607], [-44.5951, -22.5658], [-44.6133, -22.5582], [-44.6218, -22.5452], [-44.6265, -22.5343], [-44.6207, -22.5089], [-44.6607, -22.484], [-44.6475, -22.4687], [-44.6496, -22.4519], [-44.6405, -22.4434], [-44.6379, -22.4317], [-44.6507, -22.405], [-44.6617, -22.3997], [-44.665, -22.3732], [-44.6959, -22.3714], [-44.7291, -22.3604], [-44.7451, -22.3756], [-44.7575, -22.3753], [-44.7931, -22.3872], [-44.8041, -22.3946], [-44.8062, -22.4031], [-44.7546, -22.416], [-44.7336, -22.4345], [-44.7191, -22.4644], [-44.724, -22.4829], [-44.7199, -22.492], [-44.7113, -22.497], [-44.7163, -22.5115], [-44.6996, -22.5124], [-44.6704, -22.5376], [-44.6771, -22.5475], [-44.6762, -22.5615], [-44.6621, -22.5512], [-44.6438, -22.5564], [-44.6462, -22.604], [-44.6403, -22.6077], [-44.6234, -22.6056], [-44.611, -22.6172], [-44.6023, -22.6082], [-44.5922, -22.6222], [-44.5837, -22.6247], [-44.5731, -22.6019], [-44.5622, -22.6118], [-44.5499, -22.6052], [-44.5271, -22.6208], [-44.5375, -22.6339], [-44.5354, -22.6375], [-44.5324, -22.6391], [-44.5315, -22.6305], [-44.5157, -22.6306], [-44.5098, -22.6404], [-44.4845, -22.6049], [-44.4776, -22.6129], [-44.4671, -22.6156], [-44.4477, -22.6104], [-44.4325, -22.5991], [-44.4023, -22.6062], [-44.3996, -22.604], [-44.4079, -22.589], [-44.3904, -22.5736], [-44.361, -22.581], [-44.3693, -22.5902], [-44.3609, -22.5924], [-44.3609, -22.6123], [-44.3499, -22.6092], [-44.3512, -22.5995], [-44.3424, -22.5879], [-44.3462, -22.5743], [-44.3286, -22.5725], [-44.3211, -22.5493], [-44.3278, -22.5199], [-44.3196, -22.5088], [-44.3232, -22.4995], [-44.3324, -22.4939], [-44.3506, -22.4917], [-44.3725, -22.4603], [-44.3698, -22.4533], [-44.3538, -22.4424], [-44.3501, -22.4139], [-44.3292, -22.4154], [-44.3153, -22.4026], [-44.3308, -22.3944], [-44.3415, -22.3786], [-44.3407, -22.3604], [-44.3316, -22.3549], [-44.3314, -22.3357], [-44.3253, -22.3322], [-44.3201, -22.3354], [-44.2918, -22.3197], [-44.2741, -22.3202], [-44.2717, -22.3115], [-44.2545, -22.3071], [-44.2591, -22.3012], [-44.2567, -22.291], [-44.2636, -22.2439], [-44.292, -22.2433], [-44.3026, -22.2531], [-44.3221, -22.2599], [-44.3244, -22.2558], [-44.3377, -22.2578], [-44.3446, -22.2537], [-44.3515, -22.2571], [-44.3624, -22.2527], [-44.377, -22.2679], [-44.3873, -22.2716], [-44.3943, -22.2593], [-44.4062, -22.2561], [-44.4334, -22.2519], [-44.4378, -22.2561], [-44.4551, -22.2573], [-44.4621, -22.2663], [-44.4603, -22.2797], [-44.468, -22.28], [-44.497, -22.3034], [-44.5149, -22.3102], [-44.5316, -22.3285], [-44.5445, -22.3319]]]]}}, {"type": "Feature", "properties": {"osm_type": "relation", "osm_id": 698209668, "name": "Rio Bonito", "admin_level": "6", "kind": "subdivision_2", "parent_osm_id": 57963, "parent_name": "Rio de Janeiro", "parent_iso": "BR-RJ"}, "geometry": {"type": "Polygon", "coordinates": [[[-42.4415, -22.7309], [-42.4585, -22.7192], [-42.4986, -22.7256], [-42.5305, -22.7166], [-42.5266, -22.6916], [-42.5297, -22.6299], [-42.5523, -22.6194], [-42.5852, -22.6255], [-42.6269, -22.6568], [-42.6418, -22.6425], [-42.6616, -22.6436], [-42.6677, -22.6379], [-42.6908, -22.6422], [-42.6915, -22.6536], [-42.7092, -22.6697], [-42.7476, -22.6862], [-42.6998, -22.7279], [-42.6896, -22.7618], [-42.6762, -22.7707], [-42.6877, -22.7849], [-42.687, -22.7927], [-42.6599, -22.8014], [-42.6693, -22.8146], [-42.6668, -22.8221], [-42.6567, -22.8289], [-42.6674, -22.8447], [-42.6477, -22.8457], [-42.6436, -22.853], [-42.6342, -22.8471], [-42.6356, -22.8408], [-42.6302, -22.8343], [-42.5846, -22.8072], [-42.5708, -22.8044], [-42.5539, -22.8146], [-42.5324, -22.8088], [-42.515, -22.8256], [-42.4995, -22.8301], [-42.4826, -22.8286], [-42.4719, -22.8203], [-42.448, -22.8225], [-42.4415, -22.7309]]]}}, {"type": "Feature", "properties": {"osm_type": "relation", "osm_id": 976747960, "name": "Rio Claro", "admin_level": "6", "kind": "subdivision_2", "parent_osm_id": 57963, "parent_name": "Rio de Janeiro", "parent_iso": "BR-RJ"}, "geometry": {"type": "Polygon", "coordinates": [[[-44.1921, -22.9279], [-44.1751, -22.9275], [-44.1672, -22.9066], [-44.1551, -22.901], [-44.1405, -22.8812], [-44.1245, -22.8742], [-44.117, -22.8607], [-44.0884, -22.883], [-44.0553, -22.8781], [-44.0416, -22.8831], [-44.0194, -22.8712], [-44.0033, -22.8579], [-43.9988, -22.8454], [-43.9905, -22.843], [-43.9751, -22.8537], [-43.9797, -22.8643], [-43.9661, -22.8849], [-43.9535, -22.8875], [-43.9388, -22.8832], [-43.9126, -22.8488], [-43.9121, -22.836], [-43.906, -22.8305], [-43.8936, -22.8297], [-43.8748, -22.8094], [-43.8751, -22.801], [-43.891, -22.7907], [-43.8956, -22.7764], [-43.8906, -22.7744], [-43.8914, -22.7661], [-43.8857, -22.7575], [-43.9022, -22.7528], [-43.9027, -22.7484], [-43.8987, -22.7353], [-43.8812, -22.7275], [-43.8817, -22.7036], [-43.9125, -22.7133], [-43.9206, -22.6986], [-43.9312, -22.7085], [-43.9435, -22.7105], [-43.9451, -22.6944], [-43.9582, -22.6827], [-43.9611, -22.6645], [-43.9701, -22.662], [-43.9889, -22.6686], [-44.0181, -22.6408], [-44.0514, -22.642], [-44.0793, -22.6651], [-44.0788, -22.6787], [-44.085, -22.6682], [-44.0847, -22.6531], [-44.0797, -22.6482], [-44.0844, -22.643], [-44.094, -22.6493], [-44.1162, -22.6436], [-44.1475, -22.6491], [-44.1645, -22.6718], [-44.1684, -22.6878], [-44.1764, -22.6927], [-44.176, -22.7053], [-44.2025, -22.7162], [-44.2007, -22.735], [-44.2271, -22.7339], [-44.2423, -22.7493], [-44.2391, -22.7553], [-44.2505, -22.7581], [-44.2558, -22.7655], [-44.2563, -22.7859], [-44.2483, -22.7906], [-44.2425, -22.7882], [-44.2441, -22.8012], [-44.2591, -22.8054], [-44.2734, -22.8319], [-44.2832, -22.8351], [-44.287, -22.8286], [-44.2952, -22.8281], [-44.3169, -22.8394], [-44.3035, -22.8532], [-44.2879, -22.8422], [-44.26, -22.8481], [-44.2493, -22.8568], [-44.2446, -22.8681], [-44.2321, -22.8709], [-44.2412, -22.9023], [-44.2376, -22.9049], [-44.2395, -22.9162], [-44.2137, -22.9318], [-44.1921, -22.9279]]]}}, {"type": "Feature", "properties": {"osm_type": "relation", "osm_id": 127658034, "name": "Rio das Flores", "admin_level": "6", "kind": "subdivision_2", "parent_osm_id": 57963, "parent_name": "Rio de Janeiro", "parent_iso": "BR-RJ"}, "geometry": {"type": "Polygon", "coordinates": [[[-43.5921, -22.0556], [-43.5985, -22.0592], [-43.604, -22.0721], [-43.6114, -22.0724], [-43.6131, -22.0818], [-43.6198, -22.0837], [-43.6222, -22.0767], [-43.6465, -22.065], [-43.6664, -22.0764], [-43.6597, -22.1049], [-43.6625, -22.1554], [-43.6735, -22.167], [-43.6582, -22.1805], [-43.6585, -22.196], [-43.6527, -22.2022], [-43.6347, -22.2078], [-43.6234, -22.2224], [-43.6083, -22.2257], [-43.6108, -22.2405], [-43.6036, -22.2465], [-43.6099, -22.2529], [-43.6083, -22.2585], [-43.5878, -22.2653], [-43.5913, -22.2668], [-43.5868, -22.2763], [-43.5945, -22.2847], [-43.5797, -22.2852], [-43.5625, -22.2653], [-43.5241, -22.2755], [-43.5178, -22.263], [-43.5192, -22.2429], [-43.5145, -22.2365], [-43.4802, -22.2488], [-43.4688, -22.2152], [-43.4572, -22.217], [-43.4264, -22.2358], [-43.4179, -22.2234], [-43.4018, -22.2156], [-43.437, -22.0613], [-43.4614, -22.0719], [-43.4774, -22.07], [-43.5041, -22.075], [-43.5119, -22.0594], [-43.5266, -22.0727], [-43.5653, -22.088], [-43.5682, -22.078], [-43.5825, -22.0703], [-43.585, -22.0528], [-43.5921, -22.0556]]]}}, {"type": "Feature", "properties": {"osm_type": "relation", "osm_id": 918992093, "name": "Rio das Ostras", "admin_level": "6", "kind": "subdivision_2", "parent_osm_id": 57963, "parent_name": "Rio de Janeiro", "parent_iso": "BR-RJ"}, "geometry": {"type": "Polygon", "coordinates": [[[-41.9797, -22.5636], [-41.9597, -22.5328], [-41.9451, -22.5281], [-41.9321, -22.536], [-41.8922, -22.4876], [-41.8781, -22.4875], [-41.8626, -22.4753], [-41.8527, -22.4467], [-41.8194, -22.4163], [-41.8269, -22.4088], [-41.855, -22.4116], [-41.864, -22.4189], [-41.8797, -22.4174], [-41.9082, -22.3995], [-41.9367, -22.3944], [-41.9405, -22.3914], [-41.9372, -22.3778], [-41.946, -22.3881], [-41.9707, -22.39], [-41.9967, -22.3995], [-42.0248, -22.3894], [-42.0449, -22.4029], [-42.0635, -22.4224], [-42.0178, -22.4284], [-42.0208, -22.4412], [-42.0176, -22.4489], [-42.0271, -22.4549], [-42.0261, -22.4667], [-42.0166, -22.4812], [-41.992, -22.5023], [-41.987, -22.5194], [-41.9896, -22.5311], [-41.9797, -22.5636]]]}}, {"type": "Feature", "properties": {"osm_type": "relation", "osm_id": 388906375, "name": "Rio de Janeiro", "admin_level": "6", "kind": "subdivision_2", "parent_osm_id": 57963, "parent_name": "Rio de Janeiro", "parent_iso": "BR-RJ"}, "geometry": {"type": "MultiPolygon", "coordinates": [[[[-43.1921, -23.0725], [-43.1972, -23.0684], [-43.1984, -23.0714], [-43.1921, -23.0725]]], [[[-43.5089, -23.0648], [-43.5121, -23.0623], [-43.5089, -23.0648]]], [[[-43.1449, -23.0626], [-43.1486, -23.0604], [-43.1449, -23.0626]]], [[[-43.4699, -23.0342], [-43.4679, -23.0368], [-43.4699, -23.0342]]], [[[-43.1764, -22.8961], [-43.1678, -22.8964], [-43.1747, -22.8931], [-43.1764, -22.8961]]], [[[-43.2246, -22.8412], [-43.2218, -22.8477], [-43.2246, -22.8412]]], [[[-43.1621, -22.8116], [-43.1648, -22.8125], [-43.1621, -22.8145], [-43.1621, -22.8116]]], [[[-43.3308, -22.8014], [-43.3588, -22.8029], [-43.4105, -22.8203], [-43.4256, -22.8355], [-43.4585, -22.8487], [-43.4824, -22.8304], [-43.49, -22.8155], [-43.5594, -22.8288], [-43.5884, -22.8391], [-43.5927, -22.8588], [-43.6218, -22.8626], [-43.6443, -22.8559], [-43.6621, -22.8644], [-43.6971, -22.8649], [-43.7339, -22.8776], [-43.7474, -22.8778], [-43.7534, -22.8892], [-43.7672, -22.895], [-43.7734, -22.8927], [-43.7855, -22.9026], [-43.7947, -22.9038], [-43.7912, -22.9127], [-43.7954, -22.9181], [-43.7255, -22.9602], [-43.7182, -22.9702], [-43.7097, -22.9717], [-43.6998, -22.9858], [-43.6903, -22.9893], [-43.6746, -22.9805], [-43.6521, -23.0014], [-43.6237, -23.0084], [-43.5991, -23.0246], [-43.6043, -23.0307], [-43.6671, -23.0428], [-43.6665, -23.0529], [-43.599, -23.0512], [-43.5775, -23.0559], [-43.5669, -23.0631], [-43.5654, -23.075], [-43.5501, -23.0732], [-43.5475, -23.0604], [-43.5343, -23.0504], [-43.5098, -23.0478], [-43.498, -23.0376], [-43.4744, -23.0317], [-43.4699, -23.0342], [-43.4463, -23.023], [-43.3919, -23.0135], [-43.3391, -23.0111], [-43.2877, -23.0152], [-43.2753, -23.0028], [-43.2432, -23.0008], [-43.2239, -22.9878], [-43.1906, -22.9893], [-43.1844, -22.9734], [-43.1679, -22.9641], [-43.1608, -22.9649], [-43.1638, -22.9552], [-43.1513, -22.9498], [-43.1531, -22.9396], [-43.1704, -22.9517], [-43.1797, -22.9474], [-43.1698, -22.9404], [-43.1678, -22.9223], [-43.1725, -22.9163], [-43.1591, -22.9137], [-43.1621, -22.9048], [-43.1946, -22.892], [-43.211, -22.8965], [-43.215, -22.8854], [-43.2033, -22.8715], [-43.2138, -22.8695], [-43.2155, -22.8575], [-43.2269, -22.8557], [-43.2316, -22.8488], [-43.2246, -22.8412], [-43.2269, -22.8379], [-43.2422, -22.8382], [-43.2415, -22.8448], [-43.2638, -22.8271], [-43.2736, -22.8089], [-43.2894, -22.8089], [-43.3079, -22.7998], [-43.3308, -22.8014]], [[-43.5669, -23.0631], [-43.5672, -23.0529], [-43.564, -23.0529], [-43.5669, -23.0631]], [[-43.2138, -22.8695], [-43.2182, -22.8748], [-43.2252, -22.8744], [-43.2257, -22.8701], [-43.2138, -22.8695]], [[-43.2324, -22.8646], [-43.2289, -22.867], [-43.2324, -22.8646]], [[-43.5814, -23.0465], [-43.577, -23.0469], [-43.5814, -23.0465]]], [[[-43.1738, -22.7773], [-43.1887, -22.7845], [-43.1892, -22.795], [-43.2065, -22.795], [-43.219, -22.7853], [-43.2292, -22.7841], [-43.2353, -22.7914], [-43.2569, -22.7981], [-43.2653, -22.8114], [-43.2401, -22.8337], [-43.2265, -22.8206], [-43.2123, -22.8162], [-43.1931, -22.8195], [-43.1839, -22.8315], [-43.1726, -22.8261], [-43.1707, -22.8311], [-43.1655, -22.8216], [-43.1747, -22.8189], [-43.1778, -22.8048], [-43.1561, -22.7829], [-43.1605, -22.778], [-43.1698, -22.7815], [-43.1738, -22.7773]]], [[[-43.1548, -22.7743], [-43.1604, -22.7708], [-43.1548, -22.7743]]], [[[-43.1158, -22.7567], [-43.1191, -22.7578], [-43.1158, -22.7567]]], [[[-43.1075, -22.7605], [-43.1029, -22.7519], [-43.109, -22.7493], [-43.1133, -22.7677], [-43.1073, -22.7687], [-43.102, -22.763], [-43.1075, -22.7605]]]]}}, {"type": "Feature", "properties": {"osm_type": "relation", "osm_id": 267672931, "name": "Santa Maria Madalena", "admin_level": "6", "kind": "subdivision_2", "parent_osm_id": 57963, "parent_name": "Rio de Janeiro", "parent_iso": "BR-RJ"}, "geometry": {"type": "Polygon", "coordinates": [[[-41.8848, -21.8725], [-41.9012, -21.8778], [-41.9372, -21.8714], [-41.9524, -21.8548], [-41.9564, -21.836], [-41.9644, -21.8283], [-41.9707, -21.8029], [-41.9735, -21.8044], [-42.0042, -21.837], [-42.0044, -21.8456], [-42.0239, -21.8612], [-42.0228, -21.8677], [-42.0293, -21.8722], [-42.0351, -21.8871], [-42.0424, -21.8897], [-42.059, -21.9146], [-42.0628, -21.9185], [-42.0765, -21.9157], [-42.0761, -21.9359], [-42.0831, -21.9359], [-42.0938, -21.9253], [-42.1001, -21.9278], [-42.09, -21.9364], [-42.093, -21.9435], [-42.0826, -21.9532], [-42.0891, -21.9597], [-42.0948, -21.955], [-42.1016, -21.9571], [-42.1024, -21.9685], [-42.0976, -21.9769], [-42.1119, -21.9833], [-42.1213, -22.0017], [-42.1303, -22.0066], [-42.1303, -22.0189], [-42.1368, -22.0233], [-42.137, -22.0324], [-42.1018, -22.0297], [-42.0982, -22.032], [-42.1031, -22.0477], [-42.0725, -22.0552], [-41.9895, -22.0577], [-41.9604, -22.0771], [-41.9436, -22.0707], [-41.9354, -22.058], [-41.9105, -22.0682], [-41.9027, -22.0578], [-41.8873, -22.0495], [-41.8776, -22.0537], [-41.8698, -22.0516], [-41.8501, -22.0697], [-41.8379, -22.072], [-41.821, -22.098], [-41.8142, -22.1006], [-41.7871, -22.0991], [-41.7676, -22.0854], [-41.7521, -22.0859], [-41.7558, -22.0687], [-41.7613, -22.0642], [-41.7644, -22.0351], [-41.7758, -22.0224], [-41.7893, -22.0217], [-41.7816, -22.0134], [-41.7645, -22.0091], [-41.7624, -22.0182], [-41.7541, -22.0151], [-41.7192, -21.9876], [-41.7203, -21.9699], [-41.7146, -21.9586], [-41.7207, -21.9443], [-41.7141, -21.9231], [-41.7154, -21.9105], [-41.7047, -21.8908], [-41.7749, -21.8904], [-41.7885, -21.8874], [-41.7996, -21.8777], [-41.8422, -21.8874], [-41.8861, -21.8803], [-41.8848, -21.8725]]]}}, {"type": "Feature", "properties": {"osm_type": "relation", "osm_id": 235831886, "name": "Santo Antônio de Pádua", "admin_level": "6", "kind": "subdivision_2", "parent_osm_id": 57963, "parent_name": "Rio de Janeiro", "parent_iso": "BR-RJ"}, "geometry": {"type": "Polygon", "coordinates": [[[-42.3446, -21.5811], [-42.3621, -21.6036], [-42.3687, -21.6194], [-42.3572, -21.6261], [-42.3693, -21.6392], [-42.3636, -21.6463], [-42.3476, -21.6437], [-42.3378, -21.6608], [-42.3017, -21.6555], [-42.2849, -21.6686], [-42.2821, -21.6801], [-42.2738, -21.6776], [-42.2658, -21.6928], [-42.2719, -21.7019], [-42.269, -21.7111], [-42.2596, -21.7126], [-42.2357, -21.6975], [-42.1834, -21.6816], [-42.1939, -21.6689], [-42.1953, -21.6554], [-42.204, -21.6472], [-42.1887, -21.631], [-42.1713, -21.6287], [-42.127, -21.6017], [-42.1113, -21.6047], [-42.0868, -21.5789], [-42.0786, -21.5757], [-42.0548, -21.5471], [-42.0537, -21.5257], [-42.0311, -21.5077], [-42.0017, -21.4952], [-41.997, -21.4881], [-42.0067, -21.4768], [-42.0035, -21.4677], [-41.9946, -21.4637], [-41.9987, -21.4421], [-42.0098, -21.4291], [-42.0286, -21.4366], [-42.0483, -21.4378], [-42.0579, -21.4336], [-42.0805, -21.4502], [-42.0875, -21.4475], [-42.0926, -21.4522], [-42.1068, -21.453], [-42.1248, -21.4739], [-42.1352, -21.4699], [-42.2022, -21.4686], [-42.2755, -21.428], [-42.2914, -21.4589], [-42.2687, -21.4688], [-42.2688, -21.4767], [-42.2545, -21.4865], [-42.2603, -21.4964], [-42.2738, -21.5048], [-42.2857, -21.528], [-42.2976, -21.5237], [-42.3057, -21.529], [-42.3037, -21.5402], [-42.3098, -21.5519], [-42.3268, -21.5577], [-42.3297, -21.5603], [-42.3255, -21.5685], [-42.3446, -21.5811]]]}}, {"type": "Feature", "properties": {"osm_type": "relation", "osm_id": 323741570, "name": "São Francisco de Itabapoana", "admin_level": "6", "kind": "subdivision_2", "parent_osm_id": 57963, "parent_name": "Rio de Janeiro", "parent_iso": "BR-RJ"}, "geometry": {"type": "MultiPolygon", "coordinates": [[[[-41.0476, -21.5882], [-41.052, -21.581], [-41.0476, -21.5882]]], [[[-41.2762, -21.2401], [-41.2729, -21.2463], [-41.286, -21.2549], [-41.2918, -21.2766], [-41.3119, -21.3115], [-41.2992, -21.3111], [-41.2947, -21.3156], [-41.2493, -21.3114], [-41.2517, -21.3209], [-41.2634, -21.333], [-41.269, -21.3521], [-41.2642, -21.363], [-41.2436, -21.3671], [-41.2374, -21.3751], [-41.2375, -21.3821], [-41.2445, -21.388], [-41.2571, -21.3897], [-41.2658, -21.4085], [-41.258, -21.4211], [-41.2559, -21.4458], [-41.2599, -21.4911], [-41.2453, -21.5003], [-41.2521, -21.557], [-41.2339, -21.5642], [-41.1983, -21.592], [-41.1825, -21.5926], [-41.1855, -21.6364], [-41.196, -21.6827], [-41.1774, -21.6887], [-41.1565, -21.6746], [-41.1014, -21.6747], [-41.0958, -21.6519], [-41.0719, -21.6288], [-41.0475, -21.6147], [-41.0165, -21.6125], [-41.0439, -21.586], [-41.0482, -21.5992], [-41.0511, -21.5972], [-41.0732, -21.5149], [-41.0573, -21.4792], [-41.0203, -21.4408], [-40.9963, -21.398], [-40.9839, -21.392], [-40.9694, -21.3751], [-40.9619, -21.3594], [-40.9644, -21.338], [-40.9594, -21.301], [-40.9803, -21.2884], [-40.9788, -21.2805], [-40.9849, -21.2871], [-40.997, -21.2843], [-41.0057, -21.2521], [-41.0251, -21.2462], [-41.0406, -21.2549], [-41.0592, -21.2348], [-41.091, -21.2198], [-41.1034, -21.2192], [-41.1215, -21.2302], [-41.1386, -21.2274], [-41.1411, -21.2382], [-41.1619, -21.2444], [-41.1825, -21.2374], [-41.1912, -21.247], [-41.2405, -21.2209], [-41.2569, -21.226], [-41.2619, -21.2356], [-41.2688, -21.2328], [-41.2762, -21.2401]]]]}}, {"type": "Feature", "properties": {"osm_type": "relation", "osm_id": 607711427, "name": "São Fidélis", "admin_level": "6", "kind": "subdivision_2", "parent_osm_id": 57963, "parent_name": "Rio de Janeiro", "parent_iso": "BR-RJ"}, "geometry": {"type": "Polygon", "coordinates": [[[-41.9383, -21.5978], [-41.9365, -21.7416], [-41.9314, -21.7452], [-41.9376, -21.7522], [-41.9348, -21.7669], [-41.9522, -21.7718], [-41.9596, -21.7926], [-41.9707, -21.8029], [-41.9699, -21.8145], [-41.9564, -21.836], [-41.9524, -21.8548], [-41.9372, -21.8714], [-41.9012, -21.8778], [-41.8848, -21.8725], [-41.888, -21.8637], [-41.8833, -21.8579], [-41.8404, -21.835], [-41.8344, -21.821], [-41.8209, -21.8136], [-41.8062, -21.7967], [-41.7981, -21.7958], [-41.7956, -21.7843], [-41.789, -21.7819], [-41.7743, -21.789], [-41.747, -21.7876], [-41.751, -21.7816], [-41.738, -21.7678], [-41.7036, -21.7468], [-41.6951, -21.7141], [-41.6817, -21.7033], [-41.6559, -21.6935], [-41.6424, -21.6731], [-41.5913, -21.6625], [-41.5689, -21.6407], [-41.5559, -21.6397], [-41.5529, -21.63], [-41.5385, -21.6218], [-41.5434, -21.6167], [-41.5422, -21.5611], [-41.6262, -21.5956], [-41.6794, -21.5161], [-41.7427, -21.4643], [-41.8244, -21.4832], [-41.8166, -21.4904], [-41.8245, -21.5124], [-41.8709, -21.5562], [-41.8718, -21.5755], [-41.885, -21.5799], [-41.9016, -21.5759], [-41.9383, -21.5978]]]}}, {"type": "Feature", "properties": {"osm_type": "relation", "osm_id": 540621239, "name": "São Gonçalo", "admin_level": "6", "kind": "subdivision_2", "parent_osm_id": 57963, "parent_name": "Rio de Janeiro", "parent_iso": "BR-RJ"}, "geometry": {"type": "MultiPolygon", "coordinates": [[[[-43.1051, -22.8355], [-43.1134, -22.8327], [-43.1073, -22.8397], [-43.1051, -22.8355]]], [[[-43.097, -22.8268], [-43.1006, -22.824], [-43.1023, -22.8285], [-43.097, -22.8268]]], [[[-43.0935, -22.8232], [-43.0953, -22.8198], [-43.097, -22.8232], [-43.0935, -22.8232]]], [[[-43.0323, -22.7475], [-43.0628, -22.7647], [-43.0689, -22.7794], [-43.081, -22.7887], [-43.0788, -22.7984], [-43.0661, -22.803], [-43.0825, -22.8203], [-43.097, -22.8268], [-43.097, -22.84], [-43.105, -22.8474], [-43.1006, -22.8499], [-43.104, -22.8568], [-43.0671, -22.8695], [-43.0293, -22.8756], [-43.0096, -22.8906], [-42.9901, -22.8893], [-42.9847, -22.9077], [-42.9807, -22.9088], [-42.9573, -22.9009], [-42.9557, -22.8949], [-42.928, -22.8827], [-42.9018, -22.8778], [-42.8866, -22.8668], [-42.9073, -22.8173], [-42.9208, -22.8188], [-42.9388, -22.8014], [-42.9442, -22.7703], [-42.9885, -22.7498], [-42.9962, -22.7349], [-43.0183, -22.7434], [-43.0225, -22.7404], [-43.0323, -22.7475]]]]}}, {"type": "Feature", "properties": {"osm_type": "relation", "osm_id": 960215415, "name": "São João da Barra", "admin_level": "6", "kind": "subdivision_2", "parent_osm_id": 57963, "parent_name": "Rio de Janeiro", "parent_iso": "BR-RJ"}, "geometry": {"type": "Polygon", "coordinates": [[[-40.9822, -21.9096], [-41.0236, -21.7345], [-41.0229, -21.6879], [-41.0128, -21.6215], [-41.0521, -21.6178], [-41.0719, -21.6288], [-41.0958, -21.6519], [-41.1014, -21.6747], [-41.135, -21.6775], [-41.146, -21.695], [-41.1689, -21.7098], [-41.1787, -21.7217], [-41.1935, -21.7257], [-41.1719, -21.7497], [-41.1771, -21.7768], [-41.149, -21.8196], [-41.1538, -21.8596], [-41.1593, -21.8698], [-41.1277, -21.9116], [-40.9822, -21.9096]]]}}, {"type": "Feature", "properties": {"osm_type": "relation", "osm_id": 544993659, "name": "São João de Meriti", "admin_level": "6", "kind": "subdivision_2", "parent_osm_id": 57963, "parent_name": "Rio de Janeiro", "parent_iso": "BR-RJ"}, "geometry": {"type": "Polygon", "coordinates": [[[-43.398, -22.7785], [-43.4116, -22.7923], [-43.3918, -22.8137], [-43.3588, -22.8029], [-43.3308, -22.8014], [-43.3297, -22.7551], [-43.3847, -22.7664], [-43.398, -22.7785]]]}}, {"type": "Feature", "properties": {"osm_type": "relation", "osm_id": 341555710, "name": "São José de Ubá", "admin_level": "6", "kind": "subdivision_2", "parent_osm_id": 57963, "parent_name": "Rio de Janeiro", "parent_iso": "BR-RJ"}, "geometry": {"type": "Polygon", "coordinates": [[[-41.8167, -21.3274], [-41.8402, -21.289], [-41.8595, -21.303], [-41.8698, -21.3042], [-41.888, -21.296], [-41.8994, -21.3036], [-41.9187, -21.2959], [-41.9312, -21.3117], [-41.9404, -21.3093], [-41.9563, -21.3137], [-41.9613, -21.3087], [-41.9851, -21.3135], [-41.9886, -21.3227], [-41.9998, -21.3285], [-42.0211, -21.3294], [-42.0304, -21.3366], [-42.0392, -21.3645], [-42.0291, -21.3766], [-42.0302, -21.3894], [-42.041, -21.4009], [-42.0579, -21.4336], [-42.0483, -21.4378], [-42.0286, -21.4366], [-42.0098, -21.4291], [-42.0026, -21.4334], [-41.9939, -21.459], [-42.0067, -21.4768], [-41.997, -21.4881], [-41.9702, -21.4703], [-41.951, -21.4334], [-41.9054, -21.4025], [-41.8978, -21.3932], [-41.8984, -21.3819], [-41.868, -21.3658], [-41.8552, -21.3456], [-41.8313, -21.3385], [-41.8167, -21.3274]]]}}, {"type": "Feature", "properties": {"osm_type": "relation", "osm_id": 385562156, "name": "São José do Vale do Rio Preto", "admin_level": "6", "kind": "subdivision_2", "parent_osm_id": 57963, "parent_name": "Rio de Janeiro", "parent_iso": "BR-RJ"}, "geometry": {"type": "Polygon", "coordinates": [[[-42.9788, -22.2622], [-42.9666, -22.253], [-42.9571, -22.2535], [-42.9311, -22.2281], [-42.9046, -22.2222], [-42.8911, -22.1899], [-42.878, -22.1868], [-42.8696, -22.191], [-42.8487, -22.1761], [-42.814, -22.1627], [-42.7774, -22.131], [-42.7461, -22.124], [-42.7551, -22.118], [-42.7687, -22.1234], [-42.794, -22.1233], [-42.8206, -22.1463], [-42.8282, -22.1433], [-42.8526, -22.1618], [-42.8637, -22.1648], [-42.8739, -22.1548], [-42.865, -22.1265], [-42.873, -22.1016], [-42.8834, -22.1], [-42.8975, -22.111], [-42.9056, -22.1117], [-42.9172, -22.0991], [-42.9294, -22.1021], [-42.9349, -22.0949], [-42.9488, -22.0935], [-42.9554, -22.0851], [-42.9695, -22.0882], [-42.9724, -22.0987], [-42.9558, -22.1374], [-43.0015, -22.1538], [-43.013, -22.1473], [-43.0172, -22.1493], [-43.0487, -22.208], [-43.0291, -22.2029], [-43.0174, -22.2231], [-43.0092, -22.2194], [-42.9965, -22.2271], [-42.9803, -22.2494], [-42.9788, -22.2622]]]}}, {"type": "Feature", "properties": {"osm_type": "relation", "osm_id": 230363893, "name": "São Pedro da Aldeia", "admin_level": "6", "kind": "subdivision_2", "parent_osm_id": 57963, "parent_name": "Rio de Janeiro", "parent_iso": "BR-RJ"}, "geometry": {"type": "Polygon", "coordinates": [[[-42.2539, -22.792], [-42.205, -22.7813], [-42.1969, -22.7847], [-42.1927, -22.7892], [-42.2003, -22.7952], [-42.1949, -22.7999], [-42.1923, -22.82], [-42.1766, -22.8276], [-42.2107, -22.8781], [-42.1715, -22.8737], [-42.1502, -22.8947], [-42.1211, -22.9085], [-42.1098, -22.9032], [-42.1043, -22.8826], [-42.1082, -22.8686], [-42.1007, -22.8629], [-42.0859, -22.8651], [-42.0747, -22.8597], [-42.0597, -22.866], [-42.0409, -22.865], [-42.0257, -22.7954], [-42.1334, -22.6545], [-42.1426, -22.6568], [-42.1651, -22.6789], [-42.2184, -22.7702], [-42.2539, -22.792]]]}}, {"type": "Feature", "properties": {"osm_type": "relation", "osm_id": 227845147, "name": "São Sebastião do Alto", "admin_level": "6", "kind": "subdivision_2", "parent_osm_id": 57963, "parent_name": "Rio de Janeiro", "parent_iso": "BR-RJ"}, "geometry": {"type": "Polygon", "coordinates": [[[-42.2437, -21.9744], [-42.2292, -21.9767], [-42.2205, -21.994], [-42.2243, -22.0034], [-42.2204, -22.0092], [-42.1872, -22.017], [-42.1767, -22.0053], [-42.1691, -22.0047], [-42.1537, -22.0111], [-42.1468, -22.0238], [-42.1322, -22.0215], [-42.1303, -22.0066], [-42.1213, -22.0017], [-42.1119, -21.9833], [-42.0976, -21.9769], [-42.1024, -21.9685], [-42.1016, -21.9571], [-42.0948, -21.955], [-42.0891, -21.9597], [-42.0826, -21.9532], [-42.093, -21.9435], [-42.09, -21.9364], [-42.1001, -21.9278], [-42.0938, -21.9253], [-42.0831, -21.9359], [-42.0761, -21.9359], [-42.0765, -21.9157], [-42.0628, -21.9185], [-42.059, -21.9146], [-42.0424, -21.8897], [-42.0351, -21.8871], [-42.0293, -21.8722], [-42.0228, -21.8677], [-42.0239, -21.8612], [-42.0044, -21.8456], [-42.0042, -21.837], [-41.9968, -21.8276], [-41.9596, -21.7926], [-41.9522, -21.7718], [-41.9348, -21.7669], [-41.9376, -21.7522], [-41.9314, -21.7418], [-41.9525, -21.729], [-41.9766, -21.7386], [-41.9858, -21.734], [-41.9992, -21.7393], [-42.0208, -21.7523], [-42.0139, -21.771], [-42.0324, -21.7671], [-42.0437, -21.7833], [-42.0479, -21.7792], [-42.0546, -21.7813], [-42.062, -21.7923], [-42.0602, -21.8001], [-42.0843, -21.8012], [-42.0931, -21.8136], [-42.1032, -21.8107], [-42.1137, -21.8247], [-42.1245, -21.8242], [-42.1267, -21.8282], [-42.1177, -21.8373], [-42.1206, -21.8489], [-42.1375, -21.8382], [-42.1453, -21.8427], [-42.1395, -21.8548], [-42.1468, -21.8603], [-42.1671, -21.8595], [-42.1715, -21.8662], [-42.1808, -21.868], [-42.1833, -21.8745], [-42.2109, -21.8813], [-42.2207, -21.9079], [-42.2133, -21.9101], [-42.2113, -21.9184], [-42.221, -21.9184], [-42.2333, -21.9366], [-42.242, -21.9519], [-42.2437, -21.9744]]]}}, {"type": "Feature", "properties": {"osm_type": "relation", "osm_id": 915501628, "name": "Sapucaia", "admin_level": "6", "kind": "subdivision_2", "parent_osm_id": 57963, "parent_name": "Rio de Janeiro", "parent_iso": "BR-RJ"}, "geometry": {"type": "Polygon", "coordinates": [[[-42.9085, -21.9894], [-42.9604, -22.0149], [-42.9695, -22.0153], [-42.9933, -22.0356], [-43.0039, -22.0323], [-43.0089, -22.0388], [-43.0051, -22.0479], [-43.0127, -22.086], [-42.9654, -22.089], [-42.9554, -22.0851], [-42.9488, -22.0935], [-42.9349, -22.0949], [-42.9294, -22.1021], [-42.9172, -22.0991], [-42.9056, -22.1117], [-42.8975, -22.111], [-42.8834, -22.1], [-42.873, -22.1016], [-42.865, -22.1265], [-42.8739, -22.1548], [-42.8637, -22.1648], [-42.8526, -22.1618], [-42.8282, -22.1433], [-42.8206, -22.1463], [-42.794, -22.1233], [-42.7687, -22.1234], [-42.7551, -22.118], [-42.7598, -22.1025], [-42.736, -22.0956], [-42.7329, -22.0895], [-42.7348, -22.0669], [-42.7421, -22.0485], [-42.7184, -22.0522], [-42.7114, -22.0329], [-42.7146, -22.0266], [-42.708, -22.0223], [-42.7088, -22.0146], [-42.6994, -22.003], [-42.698, -21.9795], [-42.689, -21.9651], [-42.6986, -21.9599], [-42.6787, -21.9455], [-42.6643, -21.9161], [-42.6635, -21.9038], [-42.6687, -21.8978], [-42.6638, -21.8894], [-42.6641, -21.8731], [-42.7879, -21.9293], [-42.8775, -21.9576], [-42.8821, -21.9616], [-42.8786, -21.9651], [-42.9085, -21.9894]]]}}, {"type": "Feature", "properties": {"osm_type": "relation", "osm_id": 747437956, "name": "Saquarema", "admin_level": "6", "kind": "subdivision_2", "parent_osm_id": 57963, "parent_name": "Rio de Janeiro", "parent_iso": "BR-RJ"}, "geometry": {"type": "Polygon", "coordinates": [[[-42.448, -22.8225], [-42.4719, -22.8203], [-42.4826, -22.8286], [-42.4995, -22.8301], [-42.515, -22.8256], [-42.5324, -22.8088], [-42.5539, -22.8146], [-42.5708, -22.8044], [-42.5846, -22.8072], [-42.6302, -22.8343], [-42.6392, -22.853], [-42.6604, -22.8601], [-42.6746, -22.8745], [-42.6787, -22.8957], [-42.6746, -22.9038], [-42.6789, -22.9094], [-42.6704, -22.9107], [-42.6561, -22.9045], [-42.6471, -22.9078], [-42.6356, -22.919], [-42.6401, -22.9367], [-42.5667, -22.9327], [-42.4742, -22.9381], [-42.3803, -22.935], [-42.3781, -22.9082], [-42.3864, -22.891], [-42.3698, -22.8354], [-42.448, -22.8225]]]}}, {"type": "Feature", "properties": {"osm_type": "relation", "osm_id": 673960460, "name": "Seropédica", "admin_level": "6", "kind": "subdivision_2", "parent_osm_id": 57963, "parent_name": "Rio de Janeiro", "parent_iso": "BR-RJ"}, "geometry": {"type": "Polygon", "coordinates": [[[-43.6736, -22.8629], [-43.6679, -22.8514], [-43.6543, -22.8482], [-43.6227, -22.8259], [-43.6312, -22.8001], [-43.6324, -22.7761], [-43.6448, -22.7454], [-43.6371, -22.7175], [-43.6519, -22.6809], [-43.6458, -22.6714], [-43.6377, -22.6706], [-43.6333, -22.6616], [-43.6399, -22.6516], [-43.6606, -22.6596], [-43.6773, -22.6477], [-43.6917, -22.6497], [-43.7087, -22.6402], [-43.7495, -22.6876], [-43.7517, -22.7003], [-43.738, -22.7082], [-43.7525, -22.73], [-43.7643, -22.7295], [-43.773, -22.7533], [-43.7661, -22.7561], [-43.773, -22.7585], [-43.7761, -22.7698], [-43.7878, -22.7715], [-43.7918, -22.7888], [-43.7747, -22.8083], [-43.7582, -22.8131], [-43.6736, -22.8629]]]}}, {"type": "Feature", "properties": {"osm_type": "relation", "osm_id": 420561963, "name": "Silva Jardim", "admin_level": "6", "kind": "subdivision_2", "parent_osm_id": 57963, "parent_name": "Rio de Janeiro", "parent_iso": "BR-RJ"}, "geometry": {"type": "Polygon", "coordinates": [[[-42.1869, -22.5533], [-42.215, -22.5385], [-42.2514, -22.5442], [-42.2646, -22.5218], [-42.262, -22.5047], [-42.2705, -22.4878], [-42.2895, -22.4658], [-42.3005, -22.4658], [-42.3039, -22.4568], [-42.2934, -22.4303], [-42.2703, -22.4021], [-42.2734, -22.4012], [-42.329, -22.4281], [-42.3447, -22.4247], [-42.3529, -22.4289], [-42.367, -22.4195], [-42.3739, -22.4244], [-42.3899, -22.4219], [-42.4062, -22.4287], [-42.4167, -22.427], [-42.45, -22.4342], [-42.4568, -22.4428], [-42.4724, -22.4491], [-42.4923, -22.4359], [-42.5124, -22.4353], [-42.5366, -22.4574], [-42.5494, -22.4555], [-42.5543, -22.4661], [-42.5638, -22.4687], [-42.5661, -22.484], [-42.5772, -22.4937], [-42.588, -22.523], [-42.6004, -22.5404], [-42.5648, -22.6206], [-42.5523, -22.6194], [-42.5297, -22.6299], [-42.5266, -22.6916], [-42.5305, -22.7166], [-42.4986, -22.7256], [-42.4585, -22.7192], [-42.4383, -22.7326], [-42.418, -22.7358], [-42.4102, -22.7297], [-42.3996, -22.7303], [-42.3935, -22.7217], [-42.3776, -22.7192], [-42.3687, -22.7237], [-42.3595, -22.7122], [-42.3314, -22.7032], [-42.3139, -22.6469], [-42.3016, -22.6297], [-42.2766, -22.6064], [-42.2465, -22.6123], [-42.2365, -22.6086], [-42.2333, -22.6034], [-42.2363, -22.6003], [-42.2293, -22.5974], [-42.2271, -22.5909], [-42.2149, -22.5911], [-42.1969, -22.5738], [-42.1869, -22.5533]]]}}, {"type": "Feature", "properties": {"osm_type": "relation", "osm_id": 421435254, "name": "Sumidouro", "admin_level": "6", "kind": "subdivision_2", "parent_osm_id": 57963, "parent_name": "Rio de Janeiro", "parent_iso": "BR-RJ"}, "geometry": {"type": "Polygon", "coordinates": [[[-42.6914, -21.9697], [-42.698, -21.9795], [-42.6994, -22.003], [-42.7088, -22.0146], [-42.708, -22.0223], [-42.7146, -22.0266], [-42.7114, -22.0329], [-42.7184, -22.0522], [-42.7421, -22.0485], [-42.7348, -22.0669], [-42.7329, -22.0895], [-42.736, -22.0956], [-42.7571, -22.1003], [-42.7602, -22.1055], [-42.7551, -22.118], [-42.7461, -22.124], [-42.7558, -22.1511], [-42.7458, -22.1762], [-42.7509, -22.1902], [-42.744, -22.1939], [-42.7329, -22.214], [-42.7356, -22.2265], [-42.7423, -22.2332], [-42.721, -22.2491], [-42.7109, -22.2664], [-42.6779, -22.2422], [-42.6704, -22.2227], [-42.6615, -22.2184], [-42.6589, -22.2097], [-42.6505, -22.2136], [-42.6436, -22.2105], [-42.6408, -22.1872], [-42.6288, -22.187], [-42.6117, -22.1961], [-42.5922, -22.1786], [-42.5745, -22.1805], [-42.5559, -22.1715], [-42.5595, -22.1609], [-42.5724, -22.1628], [-42.5771, -22.1422], [-42.6098, -22.1402], [-42.6173, -22.1339], [-42.6072, -22.1263], [-42.609, -22.1205], [-42.6032, -22.1113], [-42.5945, -22.1102], [-42.5945, -22.1016], [-42.6038, -22.0965], [-42.6055, -22.088], [-42.5989, -22.0783], [-42.5875, -22.075], [-42.5743, -22.0634], [-42.5788, -22.0494], [-42.5661, -22.0424], [-42.5634, -22.0302], [-42.5757, -22.0259], [-42.575, -22.0216], [-42.5703, -22.0098], [-42.5568, -21.9994], [-42.6914, -21.9697]]]}}, {"type": "Feature", "properties": {"osm_type": "relation", "osm_id": 845958458, "name": "Tanguá", "admin_level": "6", "kind": "subdivision_2", "parent_osm_id": 57963, "parent_name": "Rio de Janeiro", "parent_iso": "BR-RJ"}, "geometry": {"type": "Polygon", "coordinates": [[[-42.7327, -22.8404], [-42.7167, -22.853], [-42.7, -22.8513], [-42.698, -22.8557], [-42.6714, -22.8557], [-42.6604, -22.8601], [-42.6436, -22.853], [-42.644, -22.8479], [-42.6674, -22.8447], [-42.6567, -22.8289], [-42.6668, -22.8221], [-42.6693, -22.8146], [-42.6599, -22.8014], [-42.687, -22.7927], [-42.6877, -22.7849], [-42.6762, -22.7707], [-42.6896, -22.7618], [-42.6998, -22.7279], [-42.7476, -22.6862], [-42.7468, -22.7039], [-42.7594, -22.7199], [-42.7634, -22.739], [-42.8009, -22.7362], [-42.7987, -22.7551], [-42.7906, -22.7535], [-42.7881, -22.7572], [-42.7902, -22.7708], [-42.7838, -22.7795], [-42.8028, -22.7946], [-42.7879, -22.8028], [-42.7584, -22.7975], [-42.7401, -22.8051], [-42.7374, -22.8116], [-42.747, -22.8229], [-42.7327, -22.8404]]]}}, {"type": "Feature", "properties": {"osm_type": "relation", "osm_id": 358609519, "name": "Teresópolis", "admin_level": "6", "kind": "subdivision_2", "parent_osm_id": 57963, "parent_name": "Rio de Janeiro", "parent_iso": "BR-RJ"}, "geometry": {"type": "Polygon", "coordinates": [[[-42.7257, -22.3547], [-42.7259, -22.3373], [-42.7191, -22.331], [-42.7244, -22.3137], [-42.7116, -22.2881], [-42.7172, -22.2765], [-42.7163, -22.2549], [-42.7423, -22.2332], [-42.7356, -22.2265], [-42.7329, -22.214], [-42.744, -22.1939], [-42.7509, -22.1902], [-42.7458, -22.1762], [-42.7558, -22.1511], [-42.7461, -22.124], [-42.7774, -22.131], [-42.814, -22.1627], [-42.8487, -22.1761], [-42.8696, -22.191], [-42.878, -22.1868], [-42.8911, -22.1899], [-42.9046, -22.2222], [-42.9311, -22.2281], [-42.9571, -22.2535], [-42.9666, -22.253], [-42.9743, -22.2624], [-42.9836, -22.2638], [-42.9894, -22.2777], [-43.014, -22.2885], [-43.014, -22.3009], [-43.0347, -22.3076], [-43.046, -22.3227], [-43.0318, -22.3303], [-43.0234, -22.3548], [-43.0335, -22.3698], [-43.0291, -22.3779], [-43.0329, -22.3901], [-43.0287, -22.3955], [-43.0373, -22.4154], [-43.0323, -22.4199], [-43.0331, -22.4307], [-43.0234, -22.4409], [-43.0288, -22.4601], [-43.0168, -22.4658], [-43.0, -22.4598], [-42.9872, -22.4622], [-42.9764, -22.4705], [-42.9563, -22.4641], [-42.9511, -22.4568], [-42.9396, -22.4564], [-42.9306, -22.4484], [-42.9258, -22.4533], [-42.8904, -22.4568], [-42.8745, -22.4486], [-42.867, -22.4309], [-42.8509, -22.4246], [-42.8478, -22.415], [-42.8268, -22.4123], [-42.8101, -22.4045], [-42.8137, -22.3903], [-42.8041, -22.3869], [-42.8025, -22.3792], [-42.7932, -22.3762], [-42.7688, -22.3838], [-42.7426, -22.3723], [-42.7396, -22.3622], [-42.7257, -22.3547]]]}}, {"type": "Feature", "properties": {"osm_type": "relation", "osm_id": 627005876, "name": "Trajano de Moraes", "admin_level": "6", "kind": "subdivision_2", "parent_osm_id": 57963, "parent_name": "Rio de Janeiro", "parent_iso": "BR-RJ"}, "geometry": {"type": "Polygon", "coordinates": [[[-42.288, -22.2924], [-42.2775, -22.2932], [-42.2736, -22.3014], [-42.2638, -22.3067], [-42.2563, -22.3033], [-42.2516, -22.3072], [-42.244, -22.2901], [-42.234, -22.2873], [-42.227, -22.274], [-42.1977, -22.247], [-42.1842, -22.2447], [-42.1584, -22.215], [-42.138, -22.2107], [-42.1298, -22.2134], [-42.0927, -22.2009], [-42.0965, -22.1843], [-42.0832, -22.1679], [-42.0273, -22.1574], [-42.0205, -22.1487], [-41.982, -22.1277], [-41.9716, -22.1346], [-41.9586, -22.1184], [-41.9604, -22.0771], [-41.9895, -22.0577], [-42.0534, -22.0583], [-42.1031, -22.0477], [-42.0982, -22.032], [-42.137, -22.0324], [-42.1384, -22.0196], [-42.1468, -22.0238], [-42.1537, -22.0111], [-42.1691, -22.0047], [-42.1767, -22.0053], [-42.1872, -22.017], [-42.2204, -22.0092], [-42.2343, -22.0281], [-42.2412, -22.0239], [-42.2495, -22.0285], [-42.2404, -22.0334], [-42.2421, -22.038], [-42.2611, -22.0479], [-42.2618, -22.0641], [-42.2694, -22.0684], [-42.2663, -22.0831], [-42.2771, -22.096], [-42.273, -22.1053], [-42.2655, -22.1088], [-42.2642, -22.1212], [-42.2917, -22.1139], [-42.2781, -22.1276], [-42.2797, -22.1408], [-42.2909, -22.1399], [-42.2971, -22.1507], [-42.279, -22.193], [-42.2849, -22.2019], [-42.2647, -22.2165], [-42.2344, -22.226], [-42.2491, -22.2372], [-42.2482, -22.2453], [-42.2547, -22.2572], [-42.2935, -22.283], [-42.288, -22.2924]]]}}, {"type": "Feature", "properties": {"osm_type": "relation", "osm_id": 891699135, "name": "Três Rios", "admin_level": "6", "kind": "subdivision_2", "parent_osm_id": 57963, "parent_name": "Rio de Janeiro", "parent_iso": "BR-RJ"}, "geometry": {"type": "Polygon", "coordinates": [[[-43.1301, -22.0362], [-43.1456, -22.0465], [-43.2136, -22.0703], [-43.258, -22.1021], [-43.2427, -22.1317], [-43.2007, -22.1779], [-43.1983, -22.2007], [-43.1538, -22.1915], [-43.1361, -22.1948], [-43.1303, -22.1914], [-43.1206, -22.1985], [-43.1079, -22.1991], [-43.0911, -22.1831], [-43.055, -22.1657], [-43.0381, -22.1635], [-43.0351, -22.1673], [-43.0576, -22.1888], [-43.0487, -22.208], [-43.0172, -22.1493], [-43.013, -22.1473], [-43.0015, -22.1538], [-42.9558, -22.1374], [-42.9724, -22.0987], [-42.9695, -22.0882], [-43.0143, -22.0833], [-43.0083, -22.0727], [-43.0092, -22.0555], [-43.0051, -22.0479], [-43.0089, -22.0388], [-43.0039, -22.0323], [-43.0371, -22.0438], [-43.0339, -22.0666], [-43.0662, -22.0898], [-43.073, -22.0927], [-43.0761, -22.0841], [-43.0884, -22.0878], [-43.1114, -22.0837], [-43.1223, -22.0906], [-43.1266, -22.103], [-43.1363, -22.1095], [-43.1541, -22.0778], [-43.1335, -22.0577], [-43.1285, -22.0453], [-43.1301, -22.0362]]]}}, {"type": "Feature", "properties": {"osm_type": "relation", "osm_id": 219817799, "name": "Valença", "admin_level": "6", "kind": "subdivision_2", "parent_osm_id": 57963, "parent_name": "Rio de Janeiro", "parent_iso": "BR-RJ"}, "geometry": {"type": "Polygon", "coordinates": [[[-44.1875, -22.24], [-44.1569, -22.2526], [-44.1599, -22.2619], [-44.1682, -22.2679], [-44.1474, -22.2809], [-44.1504, -22.2934], [-44.1458, -22.3001], [-44.1576, -22.3124], [-44.1476, -22.3214], [-44.1468, -22.3319], [-44.1408, -22.3377], [-44.1248, -22.3386], [-44.1162, -22.3292], [-44.096, -22.3296], [-44.0519, -22.3131], [-44.0472, -22.3062], [-44.0225, -22.295], [-44.0098, -22.309], [-43.9887, -22.3084], [-43.9723, -22.3138], [-43.9658, -22.342], [-43.9612, -22.3398], [-43.9509, -22.349], [-43.9105, -22.3598], [-43.9118, -22.3502], [-43.8922, -22.344], [-43.8858, -22.3301], [-43.8578, -22.3155], [-43.8348, -22.3095], [-43.8276, -22.3133], [-43.8292, -22.3199], [-43.8402, -22.325], [-43.8498, -22.3368], [-43.8576, -22.3732], [-43.8482, -22.3686], [-43.8448, -22.3837], [-43.8371, -22.3853], [-43.8353, -22.3761], [-43.8199, -22.3672], [-43.8094, -22.3521], [-43.7987, -22.3555], [-43.7968, -22.3624], [-43.7838, -22.3615], [-43.7754, -22.3677], [-43.7654, -22.3888], [-43.749, -22.4024], [-43.7392, -22.3971], [-43.7288, -22.3767], [-43.7206, -22.3761], [-43.7068, -22.3874], [-43.7031, -22.3859], [-43.692, -22.3704], [-43.6911, -22.3601], [-43.6749, -22.3575], [-43.6793, -22.3462], [-43.6632, -22.3423], [-43.6679, -22.334], [-43.6657, -22.3217], [-43.6562, -22.314], [-43.6378, -22.317], [-43.625, -22.3051], [-43.6048, -22.3066], [-43.5912, -22.2906], [-43.5945, -22.2847], [-43.5868, -22.2763], [-43.5913, -22.2668], [-43.5878, -22.2653], [-43.6083, -22.2585], [-43.6099, -22.2529], [-43.6036, -22.2465], [-43.6108, -22.2405], [-43.6083, -22.2257], [-43.6234, -22.2224], [-43.6347, -22.2078], [-43.6527, -22.2022], [-43.6585, -22.196], [-43.6582, -22.1805], [-43.6735, -22.167], [-43.6625, -22.1554], [-43.6614, -22.0927], [-43.6667, -22.0876], [-43.6733, -22.0895], [-43.6812, -22.0732], [-43.6906, -22.0711], [-43.6982, -22.0772], [-43.7201, -22.0813], [-43.7324, -22.0965], [-43.7407, -22.0949], [-43.7583, -22.0822], [-43.7567, -22.0765], [-43.7635, -22.0727], [-43.7661, -22.0633], [-43.7998, -22.0826], [-43.8178, -22.086], [-43.8431, -22.0995], [-43.8581, -22.0953], [-43.8708, -22.1039], [-43.8795, -22.101], [-43.8799, -22.1135], [-43.8921, -22.114], [-43.9423, -22.1328], [-43.9538, -22.1422], [-43.9654, -22.1401], [-44.0021, -22.161], [-44.0255, -22.1514], [-44.0486, -22.1615], [-44.0655, -22.1615], [-44.0873, -22.1826], [-44.0916, -22.176], [-44.1005, -22.174], [-44.104, -22.1832], [-44.123, -22.1884], [-44.1211, -22.2078], [-44.1325, -22.2102], [-44.1417, -22.2199], [-44.1483, -22.2135], [-44.1537, -22.2269], [-44.1803, -22.2289], [-44.1875, -22.24]]]}}, {"type": "Feature", "properties": {"osm_type": "relation", "osm_id": 112816502, "name": "Varre-Sai", "admin_level": "6", "kind": "subdivision_2", "parent_osm_id": 57963, "parent_name": "Rio de Janeiro", "parent_iso": "BR-RJ"}, "geometry": {"type": "Polygon", "coordinates": [[[-41.7766, -20.7993], [-41.8122, -20.8306], [-41.8357, -20.8478], [-41.8577, -20.856], [-41.8613, -20.8626], [-41.8899, -20.8568], [-41.9049, -20.8593], [-41.8973, -20.8709], [-41.9046, -20.8817], [-41.9019, -20.8978], [-41.9144, -20.9211], [-41.9125, -20.9372], [-41.9178, -20.947], [-41.9066, -20.9652], [-41.8936, -20.9727], [-41.8682, -20.973], [-41.8613, -20.9701], [-41.8548, -20.9518], [-41.8359, -20.956], [-41.8236, -20.9533], [-41.8129, -20.9654], [-41.8167, -20.9739], [-41.809, -20.9825], [-41.7964, -20.9867], [-41.7903, -20.9658], [-41.8073, -20.9566], [-41.8113, -20.9419], [-41.7689, -20.8882], [-41.7498, -20.8707], [-41.742, -20.8716], [-41.7445, -20.8507], [-41.7368, -20.837], [-41.7404, -20.8189], [-41.7766, -20.7993]]]}}, {"type": "Feature", "properties": {"osm_type": "relation", "osm_id": 798951477, "name": "Vassouras", "admin_level": "6", "kind": "subdivision_2", "parent_osm_id": 57963, "parent_name": "Rio de Janeiro", "parent_iso": "BR-RJ"}, "geometry": {"type": "Polygon", "coordinates": [[[-43.7582, -22.4586], [-43.7356, -22.4829], [-43.7148, -22.4557], [-43.7067, -22.463], [-43.6959, -22.46], [-43.6869, -22.4634], [-43.6875, -22.46], [-43.6776, -22.4583], [-43.5824, -22.4568], [-43.5721, -22.4611], [-43.555, -22.5255], [-43.5393, -22.4507], [-43.5307, -22.4428], [-43.5152, -22.4443], [-43.5059, -22.4351], [-43.5074, -22.4262], [-43.4937, -22.4181], [-43.5066, -22.4001], [-43.4881, -22.3737], [-43.4965, -22.3673], [-43.5034, -22.3468], [-43.5068, -22.3332], [-43.5039, -22.3128], [-43.3249, -22.2799], [-43.4018, -22.2156], [-43.4179, -22.2234], [-43.4264, -22.2358], [-43.4572, -22.217], [-43.4688, -22.2152], [-43.4802, -22.2488], [-43.5145, -22.2365], [-43.5192, -22.2429], [-43.5178, -22.263], [-43.5241, -22.2755], [-43.5625, -22.2653], [-43.5797, -22.2852], [-43.5901, -22.2875], [-43.6048, -22.3066], [-43.625, -22.3051], [-43.6378, -22.317], [-43.6562, -22.314], [-43.6657, -22.3217], [-43.6679, -22.334], [-43.6632, -22.3423], [-43.6793, -22.3462], [-43.6769, -22.3601], [-43.6911, -22.3601], [-43.6953, -22.3762], [-43.7068, -22.3874], [-43.7206, -22.3761], [-43.7288, -22.3767], [-43.7392, -22.3971], [-43.749, -22.4024], [-43.7608, -22.4234], [-43.7776, -22.438], [-43.7777, -22.4415], [-43.7611, -22.4489], [-43.7582, -22.4586]]]}}, {"type": "Feature", "properties": {"osm_type": "relation", "osm_id": 627092941, "name": "Volta Redonda", "admin_level": "6", "kind": "subdivision_2", "parent_osm_id": 57963, "parent_name": "Rio de Janeiro", "parent_iso": "BR-RJ"}, "geometry": {"type": "Polygon", "coordinates": [[[-44.004, -22.4078], [-44.0877, -22.4062], [-44.1092, -22.4214], [-44.1322, -22.4267], [-44.1512, -22.4526], [-44.1546, -22.5181], [-44.1368, -22.5369], [-44.0906, -22.53], [-44.087, -22.5546], [-44.0974, -22.5768], [-44.0913, -22.5821], [-44.0966, -22.5949], [-44.0894, -22.605], [-44.0866, -22.6402], [-44.0545, -22.5526], [-44.0415, -22.5516], [-44.0323, -22.538], [-44.0352, -22.5316], [-44.0283, -22.5073], [-44.0562, -22.4771], [-44.0569, -22.4677], [-44.0703, -22.4603], [-44.0443, -22.4358], [-44.004, -22.4078]]]}}]}