{"type": "FeatureCollection", "parent": {"osm_id": 77665, "name": "Volgograd Oblast", "admin_level": "4", "kind": "subdivision_1", "child_kind": "subdivision_2", "iso": "RU-VGG"}, "features": [{"type": "Feature", "properties": {"osm_type": "relation", "osm_id": 850456068, "name": "Kletsky District", "admin_level": "6", "kind": "subdivision_2", "parent_osm_id": 77665, "parent_name": "Volgograd Oblast", "parent_iso": "RU-VGG"}, "geometry": {"type": "Polygon", "coordinates": [[[42.3814, 49.1093], [42.3872, 49.0622], [42.3596, 49.0608], [42.3504, 49.0504], [42.3941, 49.0119], [42.388, 49.0087], [42.406, 49.0067], [42.4061, 48.9996], [42.4165, 49.0033], [42.4308, 48.9999], [42.437, 49.007], [42.4644, 49.0103], [42.475, 49.003], [42.49, 49.0105], [42.5028, 49.0095], [42.546, 48.9779], [42.5649, 48.9693], [42.6376, 48.9596], [42.6816, 48.9376], [42.6824, 48.9199], [42.674, 48.9031], [42.7556, 48.9018], [42.8005, 48.955], [42.8147, 48.9489], [42.8634, 48.9424], [42.8705, 48.9342], [42.868, 48.9086], [42.8783, 48.8985], [42.877, 48.8906], [42.8819, 48.8846], [42.8684, 48.8721], [42.8709, 48.8582], [42.9415, 48.8606], [42.9371, 48.8741], [43.0034, 48.8818], [43.0897, 48.9577], [43.1009, 48.9526], [43.1382, 48.9512], [43.1464, 48.9401], [43.1369, 48.9274], [43.1537, 48.9164], [43.2031, 48.945], [43.2453, 48.9447], [43.2952, 48.9773], [43.341, 48.997], [43.3816, 48.995], [43.447, 49.0002], [43.4079, 49.0448], [43.3903, 49.0547], [43.4056, 49.0732], [43.4261, 49.0807], [43.4195, 49.1157], [43.3729, 49.1325], [43.3648, 49.1421], [43.3818, 49.1519], [43.4023, 49.1514], [43.3872, 49.2942], [43.3899, 49.3074], [43.478, 49.3816], [43.497, 49.4071], [43.5337, 49.4413], [43.5407, 49.4548], [43.5337, 49.4593], [43.5486, 49.4753], [43.5613, 49.4695], [43.5712, 49.4826], [43.5906, 49.4841], [43.5958, 49.4742], [43.6045, 49.4721], [43.6135, 49.4815], [43.5662, 49.516], [43.5409, 49.5119], [43.5267, 49.5147], [43.5099, 49.5035], [43.4771, 49.5193], [43.4479, 49.51], [43.4396, 49.5136], [43.4351, 49.5112], [43.4374, 49.5027], [43.4198, 49.4911], [43.3729, 49.4901], [43.3474, 49.4829], [43.3429, 49.457], [43.3365, 49.4464], [43.3343, 49.4198], [43.3153, 49.4019], [43.3163, 49.3798], [43.299, 49.3716], [43.2384, 49.3665], [43.1898, 49.3346], [43.1446, 49.3217], [43.1387, 49.3411], [43.1296, 49.3472], [43.1112, 49.3441], [43.1034, 49.3463], [43.0993, 49.3555], [43.0824, 49.3579], [43.0775, 49.3719], [43.0814, 49.3871], [43.0605, 49.388], [43.0591, 49.3931], [43.0517, 49.3937], [43.02, 49.3911], [43.0327, 49.4066], [43.0348, 49.415], [43.03, 49.421], [42.972, 49.4279], [42.8774, 49.427], [42.8377, 49.4474], [42.8287, 49.4651], [42.819, 49.4664], [42.8128, 49.441], [42.8187, 49.4403], [42.8155, 49.425], [42.81, 49.4204], [42.8095, 49.409], [42.7889, 49.3877], [42.7892, 49.377], [42.7739, 49.3647], [42.7692, 49.3542], [42.769, 49.3273], [42.6944, 49.3291], [42.6994, 49.3232], [42.6397, 49.3282], [42.635, 49.3163], [42.5795, 49.3145], [42.577, 49.308], [42.5564, 49.3089], [42.5513, 49.2969], [42.5361, 49.3046], [42.5166, 49.3045], [42.5158, 49.2997], [42.5341, 49.2927], [42.5412, 49.2847], [42.5068, 49.2853], [42.4888, 49.2816], [42.4834, 49.275], [42.4969, 49.2661], [42.472, 49.1925], [42.4401, 49.1901], [42.4358, 49.1827], [42.4134, 49.1894], [42.3968, 49.1856], [42.396, 49.1889], [42.3802, 49.1897], [42.3811, 49.1539], [42.3872, 49.148], [42.3816, 49.1447], [42.3814, 49.1093]]]}}, {"type": "Feature", "properties": {"osm_type": "relation", "osm_id": 736000936, "name": "Volzhsky", "admin_level": "6", "kind": "subdivision_2", "parent_osm_id": 77665, "parent_name": "Volgograd Oblast", "parent_iso": "RU-VGG"}, "geometry": {"type": "Polygon", "coordinates": [[[44.6589, 48.8279], [44.6629, 48.8182], [44.6599, 48.8096], [44.6387, 48.7941], [44.6285, 48.7573], [44.6961, 48.7785], [44.7376, 48.7671], [44.7644, 48.7654], [44.7819, 48.7557], [44.7842, 48.7462], [44.8369, 48.7237], [44.8478, 48.7329], [44.8291, 48.7428], [44.8509, 48.7549], [44.8437, 48.7635], [44.8516, 48.7679], [44.8628, 48.7556], [44.8694, 48.7586], [44.8515, 48.7702], [44.8587, 48.7875], [44.8713, 48.786], [44.886, 48.7971], [44.8814, 48.8028], [44.8931, 48.819], [44.8752, 48.824], [44.879, 48.8291], [44.8687, 48.8362], [44.8732, 48.8385], [44.8681, 48.8421], [44.8708, 48.8454], [44.8426, 48.8551], [44.8311, 48.8415], [44.8194, 48.8438], [44.8174, 48.8414], [44.8264, 48.836], [44.8077, 48.8406], [44.8116, 48.8331], [44.7978, 48.8381], [44.8042, 48.8446], [44.7931, 48.8532], [44.77, 48.8526], [44.7783, 48.8744], [44.7878, 48.8728], [44.7954, 48.88], [44.8127, 48.8742], [44.8083, 48.8693], [44.8253, 48.8625], [44.8375, 48.8775], [44.8276, 48.8817], [44.822, 48.8744], [44.789, 48.8875], [44.8171, 48.9186], [44.8308, 48.9133], [44.834, 48.9169], [44.8055, 48.9344], [44.7477, 48.9377], [44.6822, 48.8632], [44.6676, 48.8675], [44.6586, 48.8307], [44.6543, 48.8293], [44.6589, 48.8279]]]}}, {"type": "Feature", "properties": {"osm_type": "relation", "osm_id": 736869018, "name": "Danilovsky District", "admin_level": "6", "kind": "subdivision_2", "parent_osm_id": 77665, "parent_name": "Volgograd Oblast", "parent_iso": "RU-VGG"}, "geometry": {"type": "Polygon", "coordinates": [[[43.7316, 50.5598], [43.694, 50.5472], [43.6745, 50.5455], [43.6658, 50.5347], [43.6654, 50.5218], [43.6552, 50.5201], [43.6687, 50.5098], [43.6721, 50.5017], [43.6657, 50.4966], [43.6981, 50.4781], [43.6966, 50.4729], [43.7095, 50.4602], [43.7493, 50.444], [43.7699, 50.4424], [43.7164, 50.4086], [43.6509, 50.4156], [43.661, 50.3924], [43.6526, 50.3903], [43.7277, 50.329], [43.7217, 50.3265], [43.7177, 50.3131], [43.7283, 50.2928], [43.7217, 50.2908], [43.7304, 50.2866], [43.7475, 50.2476], [43.7409, 50.2353], [43.7536, 50.235], [43.7493, 50.23], [43.755, 50.2253], [43.7375, 50.2119], [43.7454, 50.2075], [43.737, 50.1897], [43.7413, 50.1895], [43.7413, 50.1809], [43.7232, 50.1807], [43.7214, 50.1446], [43.7417, 50.1375], [43.7645, 50.1409], [43.7641, 50.1368], [43.7727, 50.1343], [43.7819, 50.1405], [43.7868, 50.1373], [43.7949, 50.1409], [43.7944, 50.1459], [43.8132, 50.1444], [43.8219, 50.1588], [43.8392, 50.1639], [43.8455, 50.177], [43.8574, 50.1843], [43.8535, 50.1922], [43.8369, 50.1977], [43.8338, 50.1999], [43.8372, 50.2031], [43.8306, 50.2028], [43.8323, 50.2096], [43.8668, 50.2119], [43.8787, 50.2181], [43.8983, 50.2137], [43.9087, 50.2199], [43.9143, 50.2167], [43.9008, 50.2109], [43.9249, 50.2105], [43.9263, 50.2174], [43.9365, 50.2229], [43.9687, 50.2079], [43.9533, 50.2009], [43.9627, 50.1969], [43.9625, 50.193], [43.9826, 50.1916], [43.9792, 50.1943], [43.9828, 50.197], [43.9884, 50.1901], [43.996, 50.1907], [43.9933, 50.1846], [44.0041, 50.1849], [43.9909, 50.1243], [44.0331, 50.1215], [44.0633, 50.0998], [44.1564, 50.0915], [44.1902, 50.0928], [44.1902, 50.1007], [44.1982, 50.1012], [44.2052, 50.0924], [44.2055, 50.0834], [44.1717, 50.0796], [44.1929, 50.064], [44.2175, 50.0592], [44.2414, 50.0609], [44.2902, 50.055], [44.276, 50.0854], [44.2597, 50.0935], [44.3027, 50.0941], [44.2918, 50.1073], [44.3787, 50.1576], [44.4068, 50.1613], [44.4014, 50.1644], [44.4011, 50.1715], [44.4048, 50.1823], [44.4107, 50.1854], [44.3972, 50.191], [44.4073, 50.203], [44.3936, 50.2078], [44.4136, 50.2285], [44.4203, 50.2266], [44.4763, 50.2866], [44.4664, 50.2914], [44.426, 50.2927], [44.4236, 50.3031], [44.4836, 50.3687], [44.5065, 50.3609], [44.5025, 50.3551], [44.5159, 50.3554], [44.5322, 50.3431], [44.5433, 50.3447], [44.5496, 50.3343], [44.557, 50.334], [44.5929, 50.37], [44.6034, 50.3731], [44.594, 50.3902], [44.5992, 50.3975], [44.5535, 50.4149], [44.5798, 50.4414], [44.5889, 50.4313], [44.602, 50.4296], [44.6304, 50.4612], [44.6114, 50.4747], [44.5933, 50.4772], [44.5955, 50.483], [44.5891, 50.4824], [44.5833, 50.4941], [44.567, 50.5044], [44.5671, 50.5096], [44.5553, 50.5173], [44.5467, 50.5339], [44.5415, 50.5341], [44.5418, 50.5391], [44.5248, 50.543], [44.5236, 50.5534], [44.5282, 50.5582], [44.5132, 50.5639], [44.5129, 50.5692], [44.4937, 50.5658], [44.4964, 50.5588], [44.4875, 50.557], [44.4893, 50.554], [44.4836, 50.5574], [44.4761, 50.5505], [44.4773, 50.5537], [44.4677, 50.5538], [44.4561, 50.5343], [44.4155, 50.5291], [44.3735, 50.5308], [44.3452, 50.5358], [44.3449, 50.5416], [44.3277, 50.5487], [44.311, 50.5506], [44.1657, 50.6068], [44.1271, 50.612], [44.133, 50.6298], [44.0893, 50.6359], [44.0924, 50.6452], [44.0641, 50.6492], [44.0682, 50.6841], [44.0571, 50.6881], [44.056, 50.6961], [44.0479, 50.703], [44.0384, 50.7013], [44.0268, 50.7105], [44.0279, 50.7161], [44.0242, 50.7166], [44.0313, 50.7234], [44.0269, 50.7249], [44.0122, 50.7248], [44.0125, 50.7083], [43.9987, 50.6981], [43.9374, 50.7005], [43.9354, 50.7128], [43.925, 50.7058], [43.9103, 50.7061], [43.8884, 50.6937], [43.8482, 50.6501], [43.8445, 50.6425], [43.8509, 50.6011], [43.835, 50.5953], [43.8138, 50.5725], [43.7961, 50.568], [43.7817, 50.5606], [43.7821, 50.5564], [43.748, 50.5431], [43.7316, 50.5598]]]}}, {"type": "Feature", "properties": {"osm_type": "relation", "osm_id": 588750392, "name": "Volgograd", "admin_level": "6", "kind": "subdivision_2", "parent_osm_id": 77665, "parent_name": "Volgograd Oblast", "parent_iso": "RU-VGG"}, "geometry": {"type": "Polygon", "coordinates": [[[44.6676, 48.8675], [44.6488, 48.8762], [44.6263, 48.8776], [44.6186, 48.8825], [44.6188, 48.8891], [44.5879, 48.8791], [44.5999, 48.8758], [44.5971, 48.867], [44.6011, 48.8633], [44.5971, 48.8599], [44.5728, 48.8421], [44.5535, 48.8475], [44.554, 48.8438], [44.5228, 48.8221], [44.5173, 48.8118], [44.4934, 48.7996], [44.4893, 48.7901], [44.4773, 48.7889], [44.4505, 48.7709], [44.4269, 48.7713], [44.4345, 48.776], [44.4214, 48.7768], [44.406, 48.785], [44.4015, 48.7903], [44.4065, 48.7937], [44.3865, 48.7898], [44.3748, 48.8023], [44.3606, 48.7964], [44.3533, 48.8045], [44.3377, 48.7949], [44.3415, 48.7929], [44.3198, 48.793], [44.3258, 48.7796], [44.3079, 48.7706], [44.3417, 48.7792], [44.3696, 48.7705], [44.356, 48.7636], [44.3751, 48.7636], [44.3816, 48.7681], [44.3944, 48.7605], [44.4203, 48.7584], [44.4117, 48.7509], [44.4173, 48.7436], [44.4117, 48.7183], [44.3895, 48.718], [44.378, 48.6995], [44.3394, 48.7095], [44.326, 48.7086], [44.3176, 48.6944], [44.3074, 48.6912], [44.3023, 48.6949], [44.2931, 48.6831], [44.2834, 48.679], [44.2381, 48.6717], [44.2577, 48.6718], [44.2513, 48.6444], [44.244, 48.6406], [44.2145, 48.6326], [44.2109, 48.6381], [44.146, 48.6314], [44.1313, 48.6226], [44.1231, 48.6283], [44.1096, 48.6229], [44.1192, 48.618], [44.1208, 48.6058], [44.1572, 48.5956], [44.15, 48.5872], [44.141, 48.5915], [44.1592, 48.5728], [44.1713, 48.5773], [44.2259, 48.5771], [44.1892, 48.5687], [44.1651, 48.5383], [44.1721, 48.5196], [44.1912, 48.5134], [44.1913, 48.5078], [44.196, 48.5075], [44.1959, 48.5015], [44.2057, 48.4934], [44.2313, 48.4925], [44.2805, 48.4802], [44.2899, 48.4831], [44.2882, 48.5513], [44.3121, 48.5593], [44.3116, 48.5934], [44.2994, 48.6035], [44.3427, 48.6163], [44.3264, 48.5897], [44.333, 48.5853], [44.3649, 48.5962], [44.375, 48.5805], [44.3682, 48.5799], [44.3792, 48.5579], [44.3677, 48.5559], [44.3457, 48.5686], [44.3392, 48.564], [44.3923, 48.5338], [44.382, 48.5311], [44.4293, 48.504], [44.4586, 48.4973], [44.4503, 48.4956], [44.4688, 48.4857], [44.4913, 48.4833], [44.4846, 48.4768], [44.5027, 48.4747], [44.506, 48.4656], [44.5107, 48.4655], [44.5183, 48.4762], [44.5451, 48.4818], [44.52, 48.4563], [44.5039, 48.4295], [44.4972, 48.4343], [44.499, 48.43], [44.4936, 48.4251], [44.4411, 48.4368], [44.446, 48.4392], [44.4306, 48.4448], [44.4274, 48.4394], [44.4986, 48.425], [44.5193, 48.4547], [44.5532, 48.4886], [44.567, 48.4846], [44.5729, 48.4898], [44.5919, 48.4675], [44.6, 48.471], [44.6081, 48.4648], [44.6151, 48.467], [44.6249, 48.455], [44.5762, 48.4366], [44.5813, 48.4194], [44.5754, 48.4171], [44.5367, 48.4204], [44.4961, 48.4164], [44.4888, 48.4213], [44.4562, 48.4072], [44.4228, 48.4224], [44.4263, 48.4274], [44.4354, 48.4246], [44.4364, 48.4276], [44.4233, 48.4291], [44.4224, 48.4223], [44.4493, 48.4079], [44.4626, 48.4079], [44.4795, 48.4169], [44.4901, 48.4133], [44.5079, 48.4193], [44.5753, 48.4169], [44.5816, 48.4192], [44.5767, 48.4366], [44.6252, 48.4546], [44.6286, 48.4505], [44.6421, 48.4549], [44.6387, 48.4594], [44.6439, 48.4628], [44.6602, 48.4515], [44.6666, 48.4533], [44.6806, 48.4623], [44.6789, 48.487], [44.6641, 48.4913], [44.6639, 48.502], [44.6899, 48.5161], [44.6459, 48.5421], [44.6131, 48.5522], [44.604, 48.5715], [44.6202, 48.5861], [44.6341, 48.5913], [44.6197, 48.6136], [44.5925, 48.6255], [44.5274, 48.6184], [44.516, 48.6242], [44.5202, 48.6475], [44.5356, 48.6727], [44.5441, 48.714], [44.5872, 48.764], [44.6256, 48.7932], [44.6334, 48.7931], [44.6596, 48.8185], [44.655, 48.8241], [44.6589, 48.8279], [44.6543, 48.8293], [44.6586, 48.8307], [44.6676, 48.8675]]]}}, {"type": "Feature", "properties": {"osm_type": "relation", "osm_id": 721205419, "name": "Gorodishchensky District", "admin_level": "6", "kind": "subdivision_2", "parent_osm_id": 77665, "parent_name": "Volgograd Oblast", "parent_iso": "RU-VGG"}, "geometry": {"type": "Polygon", "coordinates": [[[44.7477, 48.9377], [44.6638, 48.96], [44.659, 48.955], [44.5849, 48.9983], [44.5634, 49.0126], [44.5129, 49.0653], [44.4774, 49.0829], [44.4879, 49.0965], [44.461, 49.1097], [44.4514, 49.0978], [44.4536, 49.0944], [44.4242, 49.0964], [44.3597, 49.1167], [44.3112, 49.1025], [44.2809, 49.0884], [44.2772, 49.0824], [44.3038, 49.0749], [44.3005, 49.0676], [44.3042, 49.0631], [44.3226, 49.0653], [44.3275, 49.044], [44.3135, 49.0288], [44.287, 49.034], [44.2841, 49.0296], [44.2459, 49.0288], [44.2222, 49.0401], [44.211, 49.025], [44.2114, 49.0162], [44.2035, 49.0133], [44.11, 49.0609], [44.111, 49.0547], [44.0678, 49.0598], [44.0634, 49.0651], [44.0623, 49.0951], [44.0431, 49.0983], [44.0313, 49.0946], [44.0279, 49.0769], [44.0224, 49.0771], [44.0224, 49.0717], [44.0144, 49.072], [44.0104, 49.0798], [43.9975, 49.0767], [43.9987, 49.0868], [43.9942, 49.0858], [43.9947, 49.0798], [43.9848, 49.0842], [43.9859, 49.08], [43.9735, 49.077], [43.969, 49.0808], [43.9435, 49.0814], [43.935, 49.0866], [43.9395, 49.0424], [43.9269, 49.0247], [43.9253, 49.0012], [43.9092, 48.9918], [43.9001, 48.9636], [43.8598, 48.9561], [43.8362, 48.9344], [43.8263, 48.9311], [43.8022, 48.9402], [43.7699, 48.9384], [43.7909, 48.926], [43.7957, 48.9183], [43.7901, 48.9088], [43.7675, 48.9033], [43.8915, 48.7887], [43.8821, 48.7807], [43.883, 48.7737], [43.8661, 48.7646], [43.9396, 48.7316], [43.9485, 48.7071], [43.9321, 48.7], [43.9358, 48.6942], [43.932, 48.6934], [43.9344, 48.6783], [43.9913, 48.6779], [44.0122, 48.668], [44.0517, 48.6305], [44.0826, 48.6374], [44.1231, 48.6283], [44.1313, 48.6226], [44.146, 48.6314], [44.2109, 48.6381], [44.2145, 48.6326], [44.244, 48.6406], [44.2513, 48.6444], [44.2577, 48.6718], [44.2381, 48.6717], [44.2834, 48.679], [44.2931, 48.6831], [44.3023, 48.6949], [44.3074, 48.6912], [44.3176, 48.6944], [44.326, 48.7086], [44.3394, 48.7095], [44.378, 48.6995], [44.3895, 48.718], [44.4117, 48.7183], [44.4173, 48.7436], [44.4117, 48.7509], [44.4203, 48.7584], [44.3944, 48.7605], [44.3816, 48.7681], [44.3751, 48.7636], [44.356, 48.7636], [44.3696, 48.7705], [44.3417, 48.7792], [44.3079, 48.7706], [44.3258, 48.7796], [44.3198, 48.793], [44.3415, 48.7929], [44.3377, 48.7949], [44.3533, 48.8045], [44.3606, 48.7964], [44.3748, 48.8023], [44.3865, 48.7898], [44.4065, 48.7937], [44.4015, 48.7903], [44.406, 48.785], [44.4214, 48.7768], [44.4345, 48.776], [44.4269, 48.7713], [44.4505, 48.7709], [44.4773, 48.7889], [44.4893, 48.7901], [44.4934, 48.7996], [44.5173, 48.8118], [44.5228, 48.8221], [44.554, 48.8438], [44.5535, 48.8475], [44.5728, 48.8421], [44.5971, 48.8599], [44.6011, 48.8633], [44.5971, 48.867], [44.5999, 48.8758], [44.5879, 48.8791], [44.6188, 48.8891], [44.6186, 48.8825], [44.6263, 48.8776], [44.6488, 48.8762], [44.6822, 48.8632], [44.7477, 48.9377]]]}}, {"type": "Feature", "properties": {"osm_type": "relation", "osm_id": 555400221, "name": "Svetloyarsky District", "admin_level": "6", "kind": "subdivision_2", "parent_osm_id": 77665, "parent_name": "Volgograd Oblast", "parent_iso": "RU-VGG"}, "geometry": {"type": "Polygon", "coordinates": [[[45.0641, 48.4622], [45.0292, 48.4428], [45.0097, 48.4385], [44.9745, 48.4431], [44.9739, 48.4546], [44.9987, 48.5135], [45.0155, 48.5134], [45.0035, 48.5283], [44.984, 48.5294], [44.9744, 48.5214], [44.9888, 48.5141], [44.9545, 48.4975], [44.9314, 48.4959], [44.9261, 48.5083], [44.9495, 48.5297], [44.9462, 48.5467], [44.9364, 48.5511], [44.936, 48.5722], [44.9014, 48.5588], [44.8711, 48.5579], [44.8532, 48.5653], [44.8352, 48.5647], [44.8266, 48.5634], [44.8375, 48.548], [44.8317, 48.5357], [44.8498, 48.5277], [44.8171, 48.5264], [44.8185, 48.5346], [44.8106, 48.5374], [44.784, 48.5328], [44.7477, 48.5406], [44.738, 48.5336], [44.7187, 48.5393], [44.6985, 48.5376], [44.6902, 48.5345], [44.6899, 48.5161], [44.6639, 48.502], [44.6641, 48.4913], [44.6789, 48.487], [44.6806, 48.4623], [44.6666, 48.4533], [44.6602, 48.4515], [44.6439, 48.4628], [44.6387, 48.4594], [44.6421, 48.4549], [44.6286, 48.4505], [44.6252, 48.4546], [44.5767, 48.4366], [44.5816, 48.4192], [44.5753, 48.4169], [44.5079, 48.4193], [44.4901, 48.4133], [44.4795, 48.4169], [44.4626, 48.4079], [44.4493, 48.4079], [44.4224, 48.4223], [44.4233, 48.4291], [44.4364, 48.4276], [44.4354, 48.4246], [44.4263, 48.4274], [44.4228, 48.4224], [44.4562, 48.4072], [44.4888, 48.4213], [44.4961, 48.4164], [44.5367, 48.4204], [44.5754, 48.4171], [44.5813, 48.4194], [44.5762, 48.4366], [44.6249, 48.455], [44.6151, 48.467], [44.6081, 48.4648], [44.6, 48.471], [44.5919, 48.4675], [44.5729, 48.4898], [44.567, 48.4846], [44.5532, 48.4886], [44.5193, 48.4547], [44.4986, 48.425], [44.4274, 48.4394], [44.4306, 48.4448], [44.446, 48.4392], [44.4411, 48.4368], [44.4936, 48.4251], [44.499, 48.43], [44.4972, 48.4343], [44.5039, 48.4295], [44.52, 48.4563], [44.5451, 48.4818], [44.5183, 48.4762], [44.5107, 48.4655], [44.506, 48.4656], [44.5027, 48.4747], [44.4846, 48.4768], [44.4913, 48.4833], [44.4688, 48.4857], [44.4503, 48.4956], [44.4586, 48.4973], [44.4293, 48.504], [44.382, 48.5311], [44.3923, 48.5338], [44.3392, 48.564], [44.3457, 48.5686], [44.3677, 48.5559], [44.3792, 48.5579], [44.3682, 48.5799], [44.375, 48.5805], [44.3649, 48.5962], [44.333, 48.5853], [44.3264, 48.5897], [44.3427, 48.6163], [44.2994, 48.6035], [44.3116, 48.5934], [44.3121, 48.5593], [44.2882, 48.5513], [44.2899, 48.4831], [44.2805, 48.4802], [44.2313, 48.4925], [44.2057, 48.4934], [44.1959, 48.5015], [44.1363, 48.4779], [44.0926, 48.474], [44.0557, 48.4403], [44.0206, 48.4601], [43.9659, 48.4071], [43.9711, 48.3933], [43.9625, 48.3867], [43.9729, 48.3605], [43.8517, 48.1972], [43.9032, 48.1763], [43.9184, 48.1639], [43.9519, 48.1664], [43.955, 48.1249], [43.901, 48.1184], [43.8947, 48.09], [43.9832, 48.0936], [43.9913, 48.0847], [44.1062, 48.1348], [44.119, 48.1313], [44.1262, 48.1484], [44.3264, 48.1522], [44.3264, 48.2388], [44.3811, 48.2504], [44.3824, 48.2336], [44.4373, 48.2297], [44.4358, 48.2062], [44.478, 48.202], [44.5046, 48.1848], [44.5442, 48.1881], [44.5411, 48.0505], [44.649, 48.0538], [44.663, 48.058], [44.6631, 48.0863], [44.8098, 48.0506], [44.9257, 48.1202], [44.9144, 48.1714], [44.9375, 48.1947], [44.9097, 48.2194], [44.9836, 48.2931], [44.9918, 48.3592], [45.0259, 48.3577], [45.0259, 48.3831], [45.0211, 48.3833], [45.0147, 48.4249], [45.0529, 48.4267], [45.0799, 48.4516], [45.0695, 48.4547], [45.0641, 48.4622]]]}}, {"type": "Feature", "properties": {"osm_type": "relation", "osm_id": 776088896, "name": "Kikvidzensky District", "admin_level": "6", "kind": "subdivision_2", "parent_osm_id": 77665, "parent_name": "Volgograd Oblast", "parent_iso": "RU-VGG"}, "geometry": {"type": "Polygon", "coordinates": [[[43.1159, 51.1337], [43.1195, 51.1235], [43.1125, 51.113], [43.1636, 51.1048], [43.1617, 51.0945], [43.1527, 51.0885], [43.1562, 51.0809], [43.1518, 51.0678], [43.13, 51.0308], [43.125, 51.0013], [43.1164, 50.9921], [43.1228, 50.9783], [43.1105, 50.9711], [43.0932, 50.9795], [43.0861, 50.9684], [43.0693, 50.9639], [43.0606, 50.954], [43.0554, 50.9585], [43.0482, 50.9541], [43.0279, 50.9561], [43.0131, 50.9622], [42.9662, 50.9605], [42.9761, 50.9403], [42.942, 50.9371], [42.942, 50.9293], [42.9283, 50.9345], [42.9188, 50.9329], [42.917, 50.9176], [42.9253, 50.9155], [42.9243, 50.9022], [42.8988, 50.9051], [42.9122, 50.8924], [42.8803, 50.8953], [42.8757, 50.8861], [42.842, 50.886], [42.8419, 50.8765], [42.87, 50.8765], [42.8746, 50.8653], [42.8734, 50.8514], [42.8835, 50.8467], [42.8317, 50.8176], [42.8389, 50.8117], [42.8351, 50.8073], [42.8425, 50.8062], [42.8326, 50.7999], [42.8665, 50.7939], [42.8641, 50.7785], [42.8784, 50.7813], [42.8884, 50.7761], [42.8774, 50.7658], [42.9014, 50.7613], [42.8891, 50.7511], [42.8944, 50.7436], [42.8847, 50.7366], [42.8981, 50.7324], [42.8859, 50.7287], [42.8782, 50.714], [42.8683, 50.7181], [42.8489, 50.708], [42.8363, 50.7067], [42.8385, 50.7127], [42.822, 50.7028], [42.8166, 50.7062], [42.82, 50.709], [42.8117, 50.7046], [42.8171, 50.6913], [42.8359, 50.6786], [42.8551, 50.6842], [42.8694, 50.6798], [42.8957, 50.6528], [42.8917, 50.6513], [42.8924, 50.6381], [42.949, 50.6396], [42.9558, 50.5495], [42.9698, 50.5499], [42.9713, 50.5313], [43.0166, 50.5328], [43.0099, 50.5225], [43.0134, 50.5099], [43.0079, 50.5073], [43.0135, 50.5053], [43.0106, 50.5001], [43.0166, 50.4963], [43.0543, 50.5056], [43.0664, 50.4945], [43.1043, 50.4964], [43.117, 50.4903], [43.2351, 50.5193], [43.2691, 50.4899], [43.3264, 50.4934], [43.3286, 50.483], [43.3379, 50.4778], [43.3637, 50.4786], [43.3587, 50.4927], [43.3708, 50.4926], [43.3657, 50.5408], [43.3951, 50.5352], [43.4316, 50.5656], [43.4665, 50.5765], [43.5093, 50.6105], [43.4907, 50.6341], [43.4505, 50.705], [43.4134, 50.7166], [43.425, 50.7323], [43.4062, 50.7389], [43.4129, 50.7421], [43.4121, 50.7488], [43.403, 50.7543], [43.4099, 50.7713], [43.405, 50.787], [43.3987, 50.7895], [43.4026, 50.8089], [43.4104, 50.8092], [43.4166, 50.8158], [43.4123, 50.8266], [43.4205, 50.8431], [43.4076, 50.8482], [43.4309, 50.8546], [43.44, 50.8643], [43.4847, 50.8724], [43.4668, 50.8814], [43.4256, 50.8793], [43.3957, 50.8651], [43.3475, 50.8757], [43.3229, 50.8882], [43.3344, 50.8997], [43.3164, 50.9082], [43.3406, 50.9286], [43.3731, 50.9462], [43.3806, 50.9418], [43.3983, 50.9622], [43.4183, 50.9687], [43.4035, 50.9788], [43.4068, 50.9861], [43.4221, 50.991], [43.4111, 51.0032], [43.4127, 51.0094], [43.4018, 51.0159], [43.3585, 50.9987], [43.3236, 51.0136], [43.1947, 51.1106], [43.1159, 51.1337]]]}}, {"type": "Feature", "properties": {"osm_type": "relation", "osm_id": 339679225, "name": "Kotovsky District", "admin_level": "6", "kind": "subdivision_2", "parent_osm_id": 77665, "parent_name": "Volgograd Oblast", "parent_iso": "RU-VGG"}, "geometry": {"type": "Polygon", "coordinates": [[[44.4068, 50.1613], [44.4251, 50.1553], [44.428, 50.1525], [44.423, 50.1513], [44.4239, 50.1468], [44.4536, 50.14], [44.4708, 50.1444], [44.4905, 50.1384], [44.4917, 50.1327], [44.5003, 50.1307], [44.4969, 50.113], [44.5748, 50.0821], [44.6308, 50.0805], [44.6425, 50.0848], [44.6695, 50.0765], [44.6734, 50.094], [44.6975, 50.1191], [44.741, 50.1432], [44.7663, 50.1229], [44.7646, 50.1013], [44.786, 50.087], [44.7933, 50.0942], [44.8153, 50.099], [44.8291, 50.1101], [44.8202, 50.1136], [44.8328, 50.1273], [44.8876, 50.1076], [44.8996, 50.1113], [44.9078, 50.1212], [44.9015, 50.1266], [44.9085, 50.1313], [44.916, 50.1282], [44.9273, 50.1336], [44.9419, 50.1299], [44.939, 50.1279], [44.9487, 50.121], [44.9488, 50.1157], [44.9574, 50.1129], [45.0373, 50.1452], [45.0653, 50.1367], [45.0655, 50.1446], [45.0787, 50.1532], [45.0731, 50.1562], [45.0856, 50.1623], [45.1249, 50.1648], [45.1227, 50.1725], [45.1766, 50.2041], [45.1972, 50.2236], [45.1727, 50.2695], [45.171, 50.2846], [45.1813, 50.2882], [45.1786, 50.297], [45.1846, 50.3026], [45.1861, 50.3338], [45.173, 50.3393], [45.1826, 50.3471], [45.2095, 50.3438], [45.2065, 50.3554], [45.1821, 50.3825], [45.1391, 50.3678], [45.138, 50.3761], [45.1279, 50.3808], [45.1238, 50.3895], [45.0988, 50.387], [45.0824, 50.3776], [45.0576, 50.3811], [45.0464, 50.3731], [45.024, 50.3834], [45.0523, 50.4029], [45.0387, 50.4106], [45.0537, 50.4728], [45.1033, 50.4732], [45.1519, 50.5114], [45.138, 50.5266], [45.137, 50.5354], [45.1485, 50.5386], [45.1408, 50.5461], [45.1446, 50.5503], [45.1367, 50.5553], [45.1328, 50.5672], [45.1045, 50.5683], [45.0813, 50.5752], [45.058, 50.5731], [45.0209, 50.5938], [45.0096, 50.5932], [44.9968, 50.5995], [44.9749, 50.6003], [44.9635, 50.5752], [44.9371, 50.5764], [44.9402, 50.5699], [44.9171, 50.5722], [44.9248, 50.5885], [44.9188, 50.597], [44.9223, 50.6012], [44.8958, 50.6121], [44.892, 50.6091], [44.8942, 50.5928], [44.8845, 50.5803], [44.8649, 50.588], [44.857, 50.5987], [44.7909, 50.5892], [44.7945, 50.6075], [44.742, 50.6013], [44.7191, 50.6137], [44.7105, 50.6466], [44.6948, 50.6439], [44.6938, 50.6383], [44.673, 50.6347], [44.6644, 50.6253], [44.6504, 50.6212], [44.6269, 50.6345], [44.612, 50.6564], [44.6035, 50.661], [44.6046, 50.6578], [44.5509, 50.6547], [44.54, 50.6627], [44.5256, 50.6558], [44.5159, 50.6585], [44.5106, 50.6551], [44.5129, 50.6437], [44.5084, 50.6358], [44.5138, 50.6281], [44.4932, 50.6203], [44.4859, 50.6097], [44.4769, 50.6091], [44.4786, 50.604], [44.4693, 50.5999], [44.4724, 50.5944], [44.4634, 50.595], [44.4707, 50.5851], [44.4661, 50.581], [44.478, 50.5743], [44.4835, 50.5647], [44.4727, 50.5617], [44.4677, 50.5538], [44.4773, 50.5537], [44.4761, 50.5505], [44.4836, 50.5574], [44.4893, 50.554], [44.4875, 50.557], [44.4964, 50.5588], [44.4937, 50.5658], [44.5129, 50.5692], [44.5132, 50.5639], [44.5282, 50.5582], [44.5236, 50.5534], [44.5248, 50.543], [44.5418, 50.5391], [44.5415, 50.5341], [44.5467, 50.5339], [44.5553, 50.5173], [44.5671, 50.5096], [44.567, 50.5044], [44.5833, 50.4941], [44.5891, 50.4824], [44.5955, 50.483], [44.5933, 50.4772], [44.6114, 50.4747], [44.6304, 50.4612], [44.602, 50.4296], [44.5889, 50.4313], [44.5798, 50.4414], [44.5535, 50.4149], [44.5992, 50.3975], [44.594, 50.3902], [44.6034, 50.3731], [44.5929, 50.37], [44.557, 50.334], [44.5496, 50.3343], [44.5433, 50.3447], [44.5322, 50.3431], [44.5159, 50.3554], [44.5025, 50.3551], [44.5065, 50.3609], [44.4836, 50.3687], [44.4236, 50.3031], [44.426, 50.2927], [44.4664, 50.2914], [44.4763, 50.2866], [44.4203, 50.2266], [44.4136, 50.2285], [44.3936, 50.2078], [44.4073, 50.203], [44.3972, 50.191], [44.4107, 50.1854], [44.4048, 50.1823], [44.4011, 50.1715], [44.4014, 50.1644], [44.4068, 50.1613]]]}}, {"type": "Feature", "properties": {"osm_type": "relation", "osm_id": 486331184, "name": "Ilovlinsky District", "admin_level": "6", "kind": "subdivision_2", "parent_osm_id": 77665, "parent_name": "Volgograd Oblast", "parent_iso": "RU-VGG"}, "geometry": {"type": "Polygon", "coordinates": [[[43.4006, 49.1727], [43.483, 49.1537], [43.5144, 49.1353], [43.515, 49.1268], [43.5263, 49.1147], [43.5465, 49.1022], [43.6069, 49.0849], [43.6282, 49.0853], [43.6152, 49.0722], [43.6198, 49.0579], [43.6143, 49.0467], [43.6215, 49.0418], [43.6119, 49.0403], [43.6114, 49.0341], [43.6049, 49.0329], [43.6041, 49.0168], [43.6936, 49.0077], [43.714, 48.9969], [43.739, 48.9919], [43.7474, 48.9698], [43.7101, 48.9692], [43.7147, 48.9602], [43.7105, 48.9514], [43.7135, 48.943], [43.8022, 48.9402], [43.8263, 48.9311], [43.8362, 48.9344], [43.8598, 48.9561], [43.9001, 48.9636], [43.9092, 48.9918], [43.9253, 49.0012], [43.9269, 49.0247], [43.9395, 49.0424], [43.935, 49.0866], [43.9435, 49.0814], [43.969, 49.0808], [43.9735, 49.077], [43.9859, 49.08], [43.9848, 49.0842], [43.9947, 49.0798], [43.9942, 49.0858], [43.9987, 49.0868], [43.9975, 49.0767], [44.0104, 49.0798], [44.0144, 49.072], [44.0224, 49.0717], [44.0224, 49.0771], [44.0279, 49.0769], [44.0313, 49.0946], [44.0431, 49.0983], [44.0623, 49.0951], [44.0634, 49.0651], [44.0678, 49.0598], [44.111, 49.0547], [44.11, 49.0609], [44.2035, 49.0133], [44.2114, 49.0162], [44.211, 49.025], [44.2222, 49.0401], [44.2459, 49.0288], [44.2841, 49.0296], [44.287, 49.034], [44.3135, 49.0288], [44.3275, 49.044], [44.3226, 49.0653], [44.3042, 49.0631], [44.3005, 49.0676], [44.3038, 49.0749], [44.2772, 49.0824], [44.2809, 49.0884], [44.3112, 49.1025], [44.3597, 49.1167], [44.3887, 49.1076], [44.3997, 49.1412], [44.3546, 49.1654], [44.3588, 49.1691], [44.3541, 49.1711], [44.3691, 49.18], [44.3668, 49.1894], [44.3908, 49.1963], [44.3986, 49.2051], [44.3903, 49.2227], [44.3608, 49.2484], [44.3873, 49.2642], [44.3752, 49.2739], [44.3706, 49.2912], [44.3549, 49.3073], [44.3645, 49.3156], [44.3505, 49.3438], [44.3342, 49.3408], [44.3332, 49.3541], [44.3612, 49.3607], [44.3592, 49.367], [44.4475, 49.3941], [44.4483, 49.4629], [44.4872, 49.4571], [44.4928, 49.476], [44.5014, 49.4751], [44.4991, 49.485], [44.5173, 49.5502], [44.5067, 49.5751], [44.4045, 49.5873], [44.4078, 49.6151], [44.3322, 49.6194], [44.325, 49.6132], [44.3283, 49.611], [44.3235, 49.6067], [44.3277, 49.6023], [44.3202, 49.6005], [44.3224, 49.5958], [44.3153, 49.5855], [44.3073, 49.5856], [44.305, 49.5756], [44.2953, 49.5719], [44.3013, 49.5694], [44.2987, 49.5643], [44.2849, 49.562], [44.289, 49.5549], [44.2812, 49.5598], [44.2746, 49.5567], [44.2753, 49.5511], [44.26, 49.5502], [44.2349, 49.5658], [44.2041, 49.5641], [44.1943, 49.5747], [44.1839, 49.5724], [44.1803, 49.5805], [44.1577, 49.5962], [44.1669, 49.6311], [44.1276, 49.636], [44.0982, 49.6287], [44.0939, 49.6496], [44.0085, 49.6558], [43.9819, 49.6501], [43.9908, 49.6282], [43.9647, 49.6025], [43.9453, 49.6111], [43.9566, 49.6269], [43.9529, 49.6295], [43.927, 49.6369], [43.8821, 49.6328], [43.8677, 49.6106], [43.8875, 49.602], [43.8942, 49.591], [43.8901, 49.5752], [43.8171, 49.5745], [43.8161, 49.5787], [43.8281, 49.5806], [43.8227, 49.5854], [43.7797, 49.5769], [43.7814, 49.5425], [43.7774, 49.5291], [43.7499, 49.5373], [43.7319, 49.5319], [43.7242, 49.5187], [43.7026, 49.5292], [43.6789, 49.5282], [43.6297, 49.5383], [43.6247, 49.5332], [43.6301, 49.5291], [43.6255, 49.5133], [43.6137, 49.5108], [43.6162, 49.5038], [43.6014, 49.4973], [43.613, 49.4786], [43.6045, 49.4721], [43.5958, 49.4742], [43.5906, 49.4841], [43.5712, 49.4826], [43.5613, 49.4695], [43.5486, 49.4753], [43.5337, 49.4593], [43.5407, 49.4548], [43.5337, 49.4413], [43.497, 49.4071], [43.478, 49.3816], [43.3899, 49.3074], [43.3872, 49.2942], [43.4006, 49.1727]]]}}, {"type": "Feature", "properties": {"osm_type": "relation", "osm_id": 928300613, "name": "городской округ Михайловка", "admin_level": "6", "kind": "subdivision_2", "parent_osm_id": 77665, "parent_name": "Volgograd Oblast", "parent_iso": "RU-VGG"}, "geometry": {"type": "Polygon", "coordinates": [[[43.7316, 50.5598], [43.7093, 50.5828], [43.7001, 50.581], [43.6789, 50.5878], [43.5855, 50.573], [43.5693, 50.548], [43.5415, 50.5227], [43.5514, 50.5191], [43.5545, 50.5242], [43.5662, 50.5212], [43.5672, 50.5158], [43.5258, 50.4743], [43.4694, 50.4921], [43.4828, 50.5147], [43.3657, 50.5408], [43.3708, 50.4926], [43.3587, 50.4927], [43.3637, 50.4786], [43.3379, 50.4778], [43.354, 50.4685], [43.3501, 50.4627], [43.3754, 50.4324], [43.4128, 50.4453], [43.4312, 50.4217], [43.4122, 50.4002], [43.4135, 50.3967], [43.4231, 50.3836], [43.4478, 50.378], [43.4402, 50.3721], [43.4209, 50.3687], [43.4117, 50.3776], [43.3496, 50.3564], [43.3224, 50.3605], [43.328, 50.3465], [43.2966, 50.3074], [43.221, 50.3317], [43.2379, 50.3527], [43.1998, 50.3652], [43.1739, 50.3319], [43.1404, 50.3433], [43.076, 50.3317], [43.0634, 50.3226], [43.0693, 50.3192], [43.0241, 50.2877], [42.9869, 50.3352], [42.9312, 50.3497], [42.9209, 50.33], [42.9147, 50.3285], [42.9214, 50.3154], [42.9197, 50.3059], [42.8902, 50.3094], [42.8848, 50.2741], [42.8814, 50.2782], [42.8687, 50.2772], [42.8628, 50.2532], [42.7813, 50.2672], [42.7611, 50.2267], [42.7496, 50.229], [42.7369, 50.2414], [42.7126, 50.2375], [42.7139, 50.234], [42.7077, 50.2331], [42.7161, 50.2286], [42.7029, 50.2262], [42.6996, 50.2187], [42.7072, 50.2182], [42.7186, 50.2091], [42.6979, 50.1874], [42.7282, 50.1692], [42.7389, 50.1692], [42.7341, 50.1641], [42.7191, 50.1648], [42.7017, 50.1591], [42.6994, 50.1524], [42.6916, 50.1532], [42.6822, 50.1419], [42.689, 50.1376], [42.6756, 50.1381], [42.6811, 50.1353], [42.6781, 50.1321], [42.6825, 50.1278], [42.672, 50.1294], [42.6722, 50.1248], [42.6642, 50.1227], [42.6672, 50.1169], [42.6534, 50.1195], [42.6489, 50.1135], [42.6558, 50.1124], [42.6494, 50.1037], [42.7103, 50.0873], [42.7175, 50.0787], [42.7289, 50.0792], [42.7542, 50.0704], [42.7555, 50.064], [42.7735, 50.066], [42.7807, 50.0355], [42.8457, 50.0178], [42.8334, 49.994], [42.8271, 49.9907], [42.893, 49.9855], [42.8934, 49.9517], [42.912, 49.9315], [42.8996, 49.924], [42.9, 49.9075], [42.9129, 49.8961], [42.9398, 49.8894], [42.9463, 49.8815], [42.9605, 49.881], [42.9786, 49.8635], [42.982, 49.8426], [43.0187, 49.8559], [43.0488, 49.8529], [43.0986, 49.8676], [43.1103, 49.8834], [43.1535, 49.877], [43.1762, 49.8863], [43.2093, 49.8775], [43.2149, 49.8806], [43.2724, 49.8265], [43.3192, 49.8245], [43.3425, 49.8348], [43.3691, 49.8249], [43.3932, 49.8485], [43.3822, 49.8533], [43.4033, 49.8734], [43.4278, 49.8677], [43.453, 49.8842], [43.442, 49.904], [43.4625, 49.8954], [43.4749, 49.9036], [43.5084, 49.8914], [43.5441, 49.8996], [43.5354, 49.9186], [43.5653, 49.9256], [43.5522, 49.9442], [43.5533, 49.9542], [43.5438, 49.9707], [43.5852, 49.9747], [43.5991, 49.9952], [43.5915, 49.999], [43.5996, 50.0109], [43.599, 50.0176], [43.6312, 50.0215], [43.6342, 50.031], [43.6176, 50.0354], [43.5972, 50.0311], [43.593, 50.0448], [43.6262, 50.0495], [43.6301, 50.0639], [43.6717, 50.0517], [43.7002, 50.0816], [43.6954, 50.1561], [43.7071, 50.1508], [43.7157, 50.1529], [43.7214, 50.1446], [43.7232, 50.1807], [43.7413, 50.1809], [43.7413, 50.1895], [43.737, 50.1897], [43.7454, 50.2075], [43.7375, 50.2119], [43.755, 50.2253], [43.7493, 50.23], [43.7536, 50.235], [43.7409, 50.2353], [43.7475, 50.2476], [43.7304, 50.2866], [43.7217, 50.2908], [43.7283, 50.2928], [43.7177, 50.3131], [43.7217, 50.3265], [43.7277, 50.329], [43.6526, 50.3903], [43.661, 50.3924], [43.6509, 50.4156], [43.7164, 50.4086], [43.7699, 50.4424], [43.7493, 50.444], [43.7095, 50.4602], [43.6966, 50.4729], [43.6981, 50.4781], [43.6657, 50.4966], [43.6721, 50.5017], [43.6687, 50.5098], [43.6552, 50.5201], [43.6654, 50.5218], [43.6658, 50.5347], [43.6745, 50.5455], [43.694, 50.5472], [43.7316, 50.5598]]]}}, {"type": "Feature", "properties": {"osm_type": "relation", "osm_id": 770827780, "name": "Zhirnovsky District", "admin_level": "6", "kind": "subdivision_2", "parent_osm_id": 77665, "parent_name": "Volgograd Oblast", "parent_iso": "RU-VGG"}, "geometry": {"type": "Polygon", "coordinates": [[[44.211, 51.1444], [44.2614, 51.1375], [44.2264, 51.0996], [44.2136, 51.047], [44.269, 51.0527], [44.2684, 51.0495], [44.2849, 51.0514], [44.2941, 51.0474], [44.2942, 51.0578], [44.3198, 51.0668], [44.3704, 51.0706], [44.3645, 51.0977], [44.3925, 51.099], [44.409, 51.0922], [44.4294, 51.0966], [44.4595, 51.091], [44.4761, 51.0852], [44.4793, 51.0761], [44.4917, 51.07], [44.4885, 51.0645], [44.4928, 51.0619], [44.4777, 51.0552], [44.4903, 51.0555], [44.4829, 51.0479], [44.4923, 51.0433], [44.4868, 51.0329], [44.5022, 51.013], [44.4971, 51.0065], [44.5105, 51.0014], [44.5069, 50.9959], [44.5091, 50.9814], [44.5039, 50.9795], [44.5114, 50.9774], [44.5072, 50.9733], [44.5122, 50.9649], [44.5086, 50.9494], [44.5209, 50.9431], [44.5381, 50.9451], [44.5387, 50.9403], [44.5459, 50.941], [44.5425, 50.9311], [44.5341, 50.9254], [44.5497, 50.9223], [44.5443, 50.9162], [44.5487, 50.9103], [44.5633, 50.9196], [44.5643, 50.929], [44.5963, 50.9424], [44.6093, 50.955], [44.6617, 50.8789], [44.6717, 50.8575], [44.6939, 50.8504], [44.7006, 50.8397], [44.6875, 50.8283], [44.6916, 50.8236], [44.6699, 50.8121], [44.6695, 50.8059], [44.6782, 50.8059], [44.6733, 50.8025], [44.6776, 50.7997], [44.6672, 50.7866], [44.6777, 50.7814], [44.6729, 50.7765], [44.6832, 50.777], [44.6803, 50.7694], [44.6766, 50.7733], [44.671, 50.7692], [44.6644, 50.7717], [44.6631, 50.7664], [44.6674, 50.7629], [44.6621, 50.7602], [44.6945, 50.7432], [44.691, 50.7367], [44.6993, 50.7112], [44.7109, 50.716], [44.724, 50.7086], [44.7162, 50.6958], [44.7035, 50.6922], [44.6887, 50.6763], [44.6713, 50.6813], [44.6653, 50.6745], [44.6536, 50.6817], [44.6493, 50.6783], [44.6593, 50.6677], [44.6419, 50.6662], [44.6415, 50.6742], [44.6307, 50.6758], [44.6318, 50.6696], [44.6252, 50.6685], [44.6223, 50.6759], [44.6042, 50.6745], [44.5845, 50.6639], [44.5792, 50.6569], [44.6046, 50.6578], [44.6035, 50.661], [44.612, 50.6564], [44.6269, 50.6345], [44.6504, 50.6212], [44.6644, 50.6253], [44.673, 50.6347], [44.6938, 50.6383], [44.6948, 50.6439], [44.7105, 50.6466], [44.7191, 50.6137], [44.742, 50.6013], [44.7945, 50.6075], [44.7909, 50.5892], [44.857, 50.5987], [44.8649, 50.588], [44.8845, 50.5803], [44.8942, 50.5928], [44.892, 50.6091], [44.8958, 50.6121], [44.9223, 50.6012], [44.9188, 50.597], [44.9248, 50.5885], [44.9171, 50.5722], [44.9402, 50.5699], [44.9371, 50.5764], [44.9635, 50.5752], [44.9749, 50.6003], [45.0209, 50.5938], [45.058, 50.5731], [45.0813, 50.5752], [45.1045, 50.5683], [45.1218, 50.5687], [45.1326, 50.5896], [45.1608, 50.5844], [45.1934, 50.5852], [45.1993, 50.6265], [45.2195, 50.6588], [45.2065, 50.6627], [45.2207, 50.6687], [45.2161, 50.673], [45.2313, 50.698], [45.191, 50.6981], [45.1872, 50.7006], [45.1957, 50.7036], [45.1852, 50.7103], [45.1959, 50.716], [45.2117, 50.7022], [45.276, 50.7214], [45.2851, 50.7659], [45.3101, 50.8049], [45.3258, 50.8623], [45.3209, 50.8673], [45.3224, 50.8748], [45.3069, 50.8863], [45.3108, 50.8912], [45.3017, 50.9058], [45.3036, 50.914], [45.2683, 50.9274], [45.2455, 50.9184], [45.2238, 50.9354], [45.2506, 50.9335], [45.2575, 50.9371], [45.2185, 50.9494], [45.2041, 50.9685], [45.2148, 50.9781], [45.2153, 50.985], [45.1996, 50.996], [45.2031, 51.0205], [45.2166, 51.0295], [45.221, 51.0403], [45.1924, 51.0434], [45.1483, 51.0649], [45.0839, 51.0772], [45.0727, 51.093], [45.0775, 51.0997], [45.0707, 51.1064], [45.0685, 51.1192], [45.0445, 51.1327], [45.0329, 51.128], [44.9931, 51.1456], [44.9426, 51.1082], [44.9281, 51.1087], [44.8992, 51.1155], [44.8933, 51.1283], [44.8966, 51.1629], [44.8669, 51.1708], [44.8566, 51.165], [44.8485, 51.1688], [44.8516, 51.1639], [44.8428, 51.1591], [44.8249, 51.1646], [44.8223, 51.1576], [44.8102, 51.1609], [44.7892, 51.1485], [44.7646, 51.1537], [44.7594, 51.1499], [44.743, 51.1518], [44.6438, 51.1783], [44.6303, 51.1682], [44.6156, 51.1667], [44.6141, 51.162], [44.6301, 51.1339], [44.6272, 51.126], [44.5929, 51.1195], [44.5692, 51.125], [44.5504, 51.1438], [44.5481, 51.1531], [44.5166, 51.1795], [44.5091, 51.1989], [44.4975, 51.2065], [44.4848, 51.2052], [44.4774, 51.2114], [44.455, 51.2065], [44.4495, 51.199], [44.4507, 51.1917], [44.4251, 51.1798], [44.4015, 51.1885], [44.3781, 51.189], [44.3454, 51.1743], [44.315, 51.177], [44.3011, 51.1853], [44.2815, 51.1852], [44.224, 51.1987], [44.2109, 51.1818], [44.2154, 51.1647], [44.2081, 51.15], [44.211, 51.1444]]]}}, {"type": "Feature", "properties": {"osm_type": "relation", "osm_id": 835830213, "name": "Serafimovichsky District", "admin_level": "6", "kind": "subdivision_2", "parent_osm_id": 77665, "parent_name": "Volgograd Oblast", "parent_iso": "RU-VGG"}, "geometry": {"type": "Polygon", "coordinates": [[[43.4396, 49.5136], [43.4392, 49.5253], [43.4152, 49.5341], [43.4145, 49.5427], [43.4277, 49.558], [43.3679, 49.6396], [43.3236, 49.6901], [43.3093, 49.6923], [43.2957, 49.706], [43.2893, 49.7192], [43.303, 49.7265], [43.3011, 49.7321], [43.2789, 49.736], [43.2395, 49.7616], [43.2437, 49.7773], [43.2344, 49.7853], [43.2506, 49.7898], [43.2572, 49.7829], [43.2717, 49.7841], [43.259, 49.7949], [43.2812, 49.8221], [43.2622, 49.8344], [43.2149, 49.8806], [43.2093, 49.8775], [43.1762, 49.8863], [43.1535, 49.877], [43.1103, 49.8834], [43.0986, 49.8676], [43.0488, 49.8529], [43.0282, 49.8565], [42.9907, 49.8489], [42.9468, 49.8259], [42.9458, 49.8208], [42.9549, 49.8139], [42.9425, 49.8103], [42.9387, 49.8014], [42.8966, 49.7982], [42.8724, 49.7809], [42.8499, 49.7833], [42.8464, 49.7777], [42.8497, 49.766], [42.8407, 49.7637], [42.8348, 49.7661], [42.8342, 49.7725], [42.8231, 49.772], [42.8188, 49.7608], [42.803, 49.7536], [42.8045, 49.7406], [42.8007, 49.7387], [42.7831, 49.7454], [42.776, 49.7376], [42.7552, 49.7303], [42.7456, 49.7148], [42.7255, 49.7145], [42.7137, 49.707], [42.6962, 49.7087], [42.6818, 49.6962], [42.6617, 49.6903], [42.6538, 49.6815], [42.6349, 49.677], [42.6363, 49.6686], [42.6258, 49.673], [42.6299, 49.6636], [42.6212, 49.658], [42.6207, 49.6523], [42.6353, 49.6473], [42.6627, 49.6118], [42.6601, 49.6052], [42.651, 49.6029], [42.6565, 49.5944], [42.6482, 49.5935], [42.6495, 49.585], [42.6399, 49.5752], [42.6278, 49.5953], [42.6091, 49.6101], [42.6003, 49.6055], [42.5924, 49.5917], [42.5842, 49.5891], [42.5495, 49.59], [42.4975, 49.5819], [42.465, 49.5869], [42.4553, 49.5943], [42.4613, 49.5965], [42.4605, 49.6037], [42.4662, 49.6108], [42.437, 49.613], [42.4067, 49.6083], [42.3642, 49.631], [42.3426, 49.6339], [42.3425, 49.6379], [42.3514, 49.6388], [42.3408, 49.6429], [42.3326, 49.6544], [42.3235, 49.6519], [42.3219, 49.6402], [42.3083, 49.6376], [42.311, 49.6321], [42.2983, 49.6362], [42.3041, 49.6212], [42.3215, 49.6158], [42.3208, 49.6096], [42.3072, 49.606], [42.2867, 49.6085], [42.218, 49.5874], [42.1682, 49.5922], [42.1411, 49.5864], [42.1243, 49.5927], [42.1186, 49.5538], [42.1033, 49.517], [42.0815, 49.5125], [42.0811, 49.501], [42.0715, 49.4886], [42.0805, 49.4803], [42.0599, 49.4666], [42.0645, 49.4647], [42.0642, 49.4508], [42.0602, 49.4477], [42.0639, 49.4447], [42.0553, 49.4375], [42.0606, 49.436], [42.0532, 49.4212], [42.0443, 49.4188], [42.0495, 49.4157], [42.0468, 49.4104], [42.0371, 49.4069], [42.0455, 49.3871], [42.0373, 49.3871], [42.0414, 49.3791], [42.0323, 49.3712], [42.0374, 49.3682], [42.0369, 49.362], [42.0277, 49.3587], [42.0336, 49.3527], [42.0272, 49.348], [42.03, 49.3422], [42.0781, 49.341], [42.0713, 49.3118], [42.1016, 49.3171], [42.0757, 49.2867], [42.1064, 49.2723], [42.0854, 49.2573], [42.0681, 49.2673], [42.0469, 49.2131], [42.0987, 49.1954], [42.0815, 49.1705], [42.0758, 49.1724], [42.0653, 49.1602], [42.0322, 49.1474], [42.0211, 49.1338], [42.0633, 49.126], [42.0669, 49.1301], [42.0905, 49.1319], [42.0987, 49.1271], [42.1036, 49.1318], [42.1089, 49.1272], [42.1893, 49.1223], [42.3398, 49.1393], [42.3592, 49.1288], [42.3583, 49.1178], [42.3647, 49.1044], [42.3814, 49.1093], [42.3816, 49.1447], [42.3872, 49.148], [42.3811, 49.1539], [42.3802, 49.1897], [42.396, 49.1889], [42.3968, 49.1856], [42.4134, 49.1894], [42.4358, 49.1827], [42.4401, 49.1901], [42.472, 49.1925], [42.4969, 49.2661], [42.4834, 49.275], [42.4888, 49.2816], [42.5068, 49.2853], [42.5412, 49.2847], [42.5341, 49.2927], [42.5158, 49.2997], [42.5166, 49.3045], [42.5361, 49.3046], [42.5513, 49.2969], [42.5564, 49.3089], [42.577, 49.308], [42.5795, 49.3145], [42.635, 49.3163], [42.6397, 49.3282], [42.6994, 49.3232], [42.6944, 49.3291], [42.769, 49.3273], [42.7692, 49.3542], [42.7739, 49.3647], [42.7892, 49.377], [42.7889, 49.3877], [42.8095, 49.409], [42.81, 49.4204], [42.8155, 49.425], [42.8187, 49.4403], [42.8128, 49.441], [42.819, 49.4664], [42.8287, 49.4651], [42.8377, 49.4474], [42.8774, 49.427], [42.972, 49.4279], [43.03, 49.421], [43.0348, 49.415], [43.0327, 49.4066], [43.02, 49.3911], [43.0517, 49.3937], [43.0591, 49.3931], [43.0605, 49.388], [43.0814, 49.3871], [43.0775, 49.3719], [43.0824, 49.3579], [43.0993, 49.3555], [43.1034, 49.3463], [43.1112, 49.3441], [43.1296, 49.3472], [43.1387, 49.3411], [43.1446, 49.3217], [43.1898, 49.3346], [43.2384, 49.3665], [43.31, 49.3753], [43.3182, 49.3834], [43.3153, 49.4019], [43.3343, 49.4198], [43.3365, 49.4464], [43.3429, 49.457], [43.3474, 49.4829], [43.3729, 49.4901], [43.4198, 49.4911], [43.4374, 49.5027], [43.4351, 49.5112], [43.4396, 49.5136]]]}}, {"type": "Feature", "properties": {"osm_type": "relation", "osm_id": 759261605, "name": "Frolovsky District", "admin_level": "6", "kind": "subdivision_2", "parent_osm_id": 77665, "parent_name": "Volgograd Oblast", "parent_iso": "RU-VGG"}, "geometry": {"type": "Polygon", "coordinates": [[[43.6028, 49.4907], [43.6014, 49.4973], [43.6162, 49.5038], [43.6137, 49.5108], [43.6255, 49.5133], [43.6301, 49.5291], [43.6247, 49.5332], [43.6297, 49.5383], [43.6789, 49.5282], [43.7026, 49.5292], [43.7242, 49.5187], [43.7319, 49.5319], [43.7499, 49.5373], [43.7774, 49.5291], [43.7814, 49.5425], [43.7797, 49.5769], [43.8227, 49.5854], [43.8281, 49.5806], [43.8161, 49.5787], [43.8171, 49.5745], [43.8901, 49.5752], [43.8942, 49.591], [43.8875, 49.602], [43.8677, 49.6106], [43.8821, 49.6328], [43.927, 49.6369], [43.9529, 49.6295], [43.9566, 49.6269], [43.9453, 49.6111], [43.9647, 49.6025], [43.9908, 49.6282], [43.9819, 49.6501], [44.0043, 49.6558], [44.0994, 49.6522], [44.1024, 49.6745], [44.0993, 49.6789], [44.1594, 49.714], [44.1433, 49.7779], [44.1575, 49.7815], [44.1622, 49.7738], [44.1847, 49.771], [44.1878, 49.7916], [44.1971, 49.8031], [44.2658, 49.8206], [44.2711, 49.8284], [44.2656, 49.8354], [44.2177, 49.8666], [44.1802, 49.8832], [44.1875, 49.8881], [44.137, 49.9038], [44.1742, 49.9537], [44.2051, 49.9677], [44.2015, 49.9812], [44.2084, 49.9842], [44.206, 49.9887], [44.2189, 49.9919], [44.219, 50.0009], [44.2571, 50.01], [44.2464, 50.022], [44.2563, 50.0255], [44.2512, 50.0306], [44.2309, 50.036], [44.2329, 50.0423], [44.2209, 50.0443], [44.2163, 50.0513], [44.1749, 50.0737], [44.1717, 50.0796], [44.2055, 50.0834], [44.2052, 50.0924], [44.1982, 50.1012], [44.1902, 50.1007], [44.1902, 50.0928], [44.1564, 50.0915], [44.0633, 50.0998], [44.0331, 50.1215], [43.9909, 50.1243], [44.0041, 50.1849], [43.9933, 50.1846], [43.996, 50.1907], [43.9884, 50.1901], [43.9828, 50.197], [43.9792, 50.1943], [43.9826, 50.1916], [43.9625, 50.193], [43.9627, 50.1969], [43.9533, 50.2009], [43.9687, 50.2079], [43.9365, 50.2229], [43.9263, 50.2174], [43.9249, 50.2105], [43.9008, 50.2109], [43.9143, 50.2167], [43.9087, 50.2199], [43.8983, 50.2137], [43.8787, 50.2181], [43.8668, 50.2119], [43.8323, 50.2096], [43.8306, 50.2028], [43.8372, 50.2031], [43.8338, 50.1999], [43.8369, 50.1977], [43.8535, 50.1922], [43.8574, 50.1843], [43.8455, 50.177], [43.8392, 50.1639], [43.8219, 50.1588], [43.8132, 50.1444], [43.7944, 50.1459], [43.7949, 50.1409], [43.7868, 50.1373], [43.7819, 50.1405], [43.7727, 50.1343], [43.7641, 50.1368], [43.7645, 50.1409], [43.7417, 50.1375], [43.7214, 50.1446], [43.7157, 50.1529], [43.7071, 50.1508], [43.6954, 50.1561], [43.7002, 50.0816], [43.6717, 50.0517], [43.6301, 50.0639], [43.6262, 50.0495], [43.593, 50.0448], [43.5972, 50.0311], [43.6176, 50.0354], [43.6342, 50.031], [43.6312, 50.0215], [43.599, 50.0176], [43.5996, 50.0109], [43.5915, 49.999], [43.5991, 49.9952], [43.5852, 49.9747], [43.5438, 49.9707], [43.5533, 49.9542], [43.5522, 49.9442], [43.5653, 49.9256], [43.5354, 49.9186], [43.5441, 49.8996], [43.5084, 49.8914], [43.4749, 49.9036], [43.4625, 49.8954], [43.442, 49.904], [43.453, 49.8842], [43.4278, 49.8677], [43.4033, 49.8734], [43.3822, 49.8533], [43.3932, 49.8485], [43.3691, 49.8249], [43.3425, 49.8348], [43.3192, 49.8245], [43.2724, 49.8265], [43.2812, 49.8221], [43.2792, 49.8171], [43.259, 49.7949], [43.2717, 49.7841], [43.2572, 49.7829], [43.2506, 49.7898], [43.2344, 49.7853], [43.2437, 49.7773], [43.2395, 49.7616], [43.2789, 49.736], [43.3011, 49.7321], [43.303, 49.7265], [43.2893, 49.7192], [43.2957, 49.706], [43.3093, 49.6923], [43.3236, 49.6901], [43.3679, 49.6396], [43.4277, 49.558], [43.4145, 49.5427], [43.4152, 49.5341], [43.4361, 49.5279], [43.4396, 49.5136], [43.4479, 49.51], [43.4771, 49.5193], [43.5099, 49.5035], [43.5267, 49.5147], [43.5409, 49.5119], [43.5662, 49.516], [43.5833, 49.5003], [43.6028, 49.4907]], [[43.5764, 49.7785], [43.5782, 49.7835], [43.6029, 49.7787], [43.6172, 49.7814], [43.6154, 49.7886], [43.6064, 49.7889], [43.6046, 49.7979], [43.5913, 49.8009], [43.5844, 49.7978], [43.5896, 49.8042], [43.6137, 49.8004], [43.6346, 49.8049], [43.6409, 49.7942], [43.6432, 49.8011], [43.6374, 49.8021], [43.645, 49.8042], [43.649, 49.7858], [43.6546, 49.7853], [43.6685, 49.7874], [43.6615, 49.7921], [43.6664, 49.7945], [43.6773, 49.7913], [43.6762, 49.7859], [43.6817, 49.7876], [43.6924, 49.7993], [43.7143, 49.7956], [43.7373, 49.8004], [43.7479, 49.7897], [43.7359, 49.7836], [43.7507, 49.7787], [43.7678, 49.7638], [43.7511, 49.7585], [43.7414, 49.77], [43.7163, 49.764], [43.7044, 49.7481], [43.7108, 49.7419], [43.6882, 49.7301], [43.6913, 49.7248], [43.6698, 49.73], [43.6564, 49.741], [43.642, 49.7426], [43.6358, 49.7538], [43.6288, 49.7479], [43.6105, 49.7625], [43.5791, 49.7734], [43.5764, 49.7785]]]}}, {"type": "Feature", "properties": {"osm_type": "relation", "osm_id": 405005661, "name": "Oktyabrsky District", "admin_level": "6", "kind": "subdivision_2", "parent_osm_id": 77665, "parent_name": "Volgograd Oblast", "parent_iso": "RU-VGG"}, "geometry": {"type": "Polygon", "coordinates": [[[43.8603, 48.2088], [43.7346, 48.226], [43.7361, 48.2348], [43.7291, 48.236], [43.6939, 48.2289], [43.683, 48.2483], [43.6505, 48.2777], [43.5966, 48.2899], [43.5811, 48.2457], [43.5476, 48.2072], [43.5387, 48.2081], [43.5436, 48.2122], [43.5363, 48.2225], [43.4696, 48.2338], [43.4677, 48.2373], [43.4721, 48.2392], [43.4681, 48.2407], [43.4751, 48.2432], [43.4725, 48.2454], [43.462, 48.2408], [43.4229, 48.2601], [43.405, 48.2603], [43.4031, 48.2685], [43.3976, 48.2609], [43.3895, 48.2619], [43.3901, 48.268], [43.3821, 48.2654], [43.3817, 48.27], [43.3765, 48.2702], [43.3782, 48.2843], [43.3392, 48.2923], [43.3222, 48.2914], [43.3212, 48.2944], [43.3294, 48.2956], [43.3278, 48.3024], [43.319, 48.3031], [43.3205, 48.3129], [43.3098, 48.3104], [43.3104, 48.316], [43.3038, 48.3151], [43.301, 48.3292], [43.2941, 48.3263], [43.2976, 48.3233], [43.2839, 48.3228], [43.2054, 48.3518], [43.1577, 48.3163], [43.0731, 48.2151], [42.9878, 48.1492], [42.9611, 48.0259], [43.0137, 48.0106], [43.0639, 48.0388], [43.0782, 48.0415], [43.1479, 48.037], [43.168, 48.0285], [43.1796, 48.0321], [43.1723, 48.0324], [43.1707, 48.0374], [43.1785, 48.0404], [43.1932, 48.0343], [43.1914, 48.0313], [43.1995, 48.0249], [43.2114, 48.0293], [43.2086, 48.0344], [43.2188, 48.0339], [43.2194, 48.0258], [43.2069, 48.0206], [43.2271, 48.0252], [43.2281, 48.0138], [43.2387, 48.0167], [43.2335, 48.0087], [43.2445, 48.0136], [43.2527, 48.0078], [43.2513, 48.0015], [43.2553, 47.9993], [43.2623, 47.9972], [43.2737, 48.0042], [43.2758, 47.9979], [43.263, 47.9866], [43.2671, 47.984], [43.2767, 47.9905], [43.2902, 47.9866], [43.2834, 47.9834], [43.2862, 47.9762], [43.2972, 47.9822], [43.2976, 47.9917], [43.3041, 47.9943], [43.3224, 47.9949], [43.3273, 47.9882], [43.3407, 47.9992], [43.3745, 47.9962], [43.3733, 47.9826], [43.397, 47.965], [43.392, 47.9581], [43.3993, 47.9524], [43.3838, 47.9045], [43.3822, 47.8827], [43.5411, 47.8862], [43.5509, 47.8997], [43.7161, 47.8753], [43.7227, 47.8806], [43.7438, 47.8771], [43.7243, 47.8483], [43.7307, 47.8429], [43.7058, 47.7618], [43.7284, 47.7572], [43.7148, 47.7176], [43.7521, 47.7331], [43.7811, 47.7331], [43.8062, 47.7459], [43.8714, 47.7608], [43.9458, 47.7531], [44.0302, 47.8234], [44.0137, 47.8399], [44.0826, 47.8994], [44.1573, 47.8875], [44.153, 47.8745], [44.1678, 47.8749], [44.1714, 47.8842], [44.3591, 47.8516], [44.392, 47.8895], [44.3929, 47.9183], [44.4232, 47.9557], [44.4239, 48.0424], [44.3251, 48.0413], [44.3264, 48.1522], [44.1262, 48.1484], [44.119, 48.1313], [44.1062, 48.1348], [43.9913, 48.0847], [43.9832, 48.0936], [43.8947, 48.09], [43.901, 48.1184], [43.955, 48.1249], [43.9519, 48.1664], [43.9184, 48.1639], [43.9032, 48.1763], [43.8517, 48.1972], [43.8603, 48.2088]]]}}, {"type": "Feature", "properties": {"osm_type": "relation", "osm_id": 356496565, "name": "Sredneakhtubinsky District", "admin_level": "6", "kind": "subdivision_2", "parent_osm_id": 77665, "parent_name": "Volgograd Oblast", "parent_iso": "RU-VGG"}, "geometry": {"type": "Polygon", "coordinates": [[[44.6589, 48.8279], [44.655, 48.8241], [44.6596, 48.8185], [44.6334, 48.7931], [44.6256, 48.7932], [44.5872, 48.764], [44.5441, 48.714], [44.5356, 48.6727], [44.5202, 48.6475], [44.516, 48.6242], [44.5274, 48.6184], [44.5925, 48.6255], [44.6197, 48.6136], [44.6341, 48.5913], [44.6202, 48.5861], [44.604, 48.5715], [44.6131, 48.5522], [44.6459, 48.5421], [44.6899, 48.5161], [44.6902, 48.5345], [44.7113, 48.5395], [44.738, 48.5336], [44.7477, 48.5406], [44.784, 48.5328], [44.8106, 48.5374], [44.8185, 48.5346], [44.8171, 48.5264], [44.8498, 48.5277], [44.8317, 48.5357], [44.8375, 48.548], [44.8266, 48.5634], [44.8532, 48.5653], [44.8711, 48.5579], [44.9014, 48.5588], [44.936, 48.5722], [44.9376, 48.5548], [44.961, 48.5624], [44.9732, 48.5597], [44.9883, 48.5697], [45.0618, 48.5749], [45.045, 48.5873], [45.0482, 48.5938], [45.0392, 48.5946], [45.0311, 48.6022], [45.0242, 48.5975], [45.0243, 48.6008], [45.0131, 48.5995], [45.0173, 48.6009], [45.0106, 48.6032], [45.0097, 48.6202], [45.0018, 48.6168], [44.9953, 48.6198], [45.0002, 48.6313], [44.9949, 48.6357], [45.0, 48.638], [44.9927, 48.6461], [44.9985, 48.6458], [45.0, 48.6554], [45.0101, 48.6543], [45.0112, 48.6632], [44.996, 48.6674], [44.9884, 48.6753], [44.971, 48.6776], [44.9639, 48.6895], [44.9553, 48.6907], [44.9569, 48.7017], [44.9625, 48.701], [44.9767, 48.7206], [45.0181, 48.743], [45.0136, 48.761], [45.0709, 48.7651], [45.0848, 48.7794], [45.0676, 48.8084], [45.0168, 48.827], [45.0221, 48.8328], [45.0298, 48.8325], [45.0297, 48.8871], [45.1775, 48.887], [45.1788, 48.8783], [45.2742, 48.8779], [45.2694, 48.9283], [45.4154, 48.9319], [45.4106, 49.0013], [45.3619, 49.0553], [45.3679, 49.0574], [45.3318, 49.1147], [45.3263, 49.1118], [45.2319, 49.1266], [45.2263, 49.1431], [45.1401, 49.1466], [45.0575, 49.1151], [45.045, 49.1224], [45.0167, 49.1142], [45.0144, 49.1048], [45.0069, 49.0999], [44.9899, 49.1061], [44.9334, 49.1112], [44.9215, 49.0759], [44.7477, 48.9377], [44.8055, 48.9344], [44.834, 48.9169], [44.8308, 48.9133], [44.8171, 48.9186], [44.789, 48.8875], [44.822, 48.8744], [44.8276, 48.8817], [44.8375, 48.8775], [44.8253, 48.8625], [44.8083, 48.8693], [44.8127, 48.8742], [44.7954, 48.88], [44.7878, 48.8728], [44.7783, 48.8744], [44.77, 48.8526], [44.7931, 48.8532], [44.8042, 48.8446], [44.7978, 48.8381], [44.8116, 48.8331], [44.8077, 48.8406], [44.8264, 48.836], [44.8174, 48.8414], [44.8194, 48.8438], [44.8311, 48.8415], [44.8426, 48.8551], [44.8708, 48.8454], [44.8681, 48.8421], [44.8732, 48.8385], [44.8687, 48.8362], [44.879, 48.8291], [44.8752, 48.824], [44.8931, 48.819], [44.8814, 48.8028], [44.886, 48.7971], [44.8713, 48.786], [44.8587, 48.7875], [44.8515, 48.7702], [44.8694, 48.7586], [44.8628, 48.7556], [44.8516, 48.7679], [44.8437, 48.7635], [44.8509, 48.7549], [44.8291, 48.7428], [44.8478, 48.7329], [44.8369, 48.7237], [44.7842, 48.7462], [44.7819, 48.7557], [44.7644, 48.7654], [44.7376, 48.7671], [44.6961, 48.7785], [44.6285, 48.7573], [44.6387, 48.7941], [44.6599, 48.8096], [44.6629, 48.8182], [44.6589, 48.8279]]]}}, {"type": "Feature", "properties": {"osm_type": "relation", "osm_id": 963177658, "name": "Staropoltavsky District", "admin_level": "6", "kind": "subdivision_2", "parent_osm_id": 77665, "parent_name": "Volgograd Oblast", "parent_iso": "RU-VGG"}, "geometry": {"type": "Polygon", "coordinates": [[[46.9167, 50.523], [46.8708, 50.5237], [46.8708, 50.5772], [46.7991, 50.5785], [46.8079, 50.581], [46.8029, 50.5842], [46.8107, 50.5853], [46.8079, 50.5901], [46.8144, 50.5924], [46.8092, 50.5977], [46.8165, 50.6008], [46.8129, 50.6076], [46.852, 50.624], [46.8572, 50.6418], [46.7754, 50.6427], [46.7421, 50.6587], [46.7274, 50.7039], [46.7185, 50.7115], [46.719, 50.705], [46.7009, 50.6997], [46.6975, 50.6942], [46.6869, 50.6975], [46.68, 50.6893], [46.6257, 50.6809], [46.6119, 50.6862], [46.5834, 50.7123], [46.5709, 50.6999], [46.5681, 50.6905], [46.5685, 50.6148], [46.5604, 50.6153], [46.5658, 50.6216], [46.5589, 50.6228], [46.5466, 50.6133], [46.5383, 50.6444], [46.5195, 50.642], [46.5271, 50.6235], [46.5106, 50.6246], [46.4916, 50.6176], [46.4903, 50.6208], [46.4979, 50.6251], [46.4916, 50.6347], [46.4584, 50.6172], [46.459, 50.6123], [46.4656, 50.6106], [46.4611, 50.5985], [46.4424, 50.5844], [46.4505, 50.5823], [46.4482, 50.5684], [46.4605, 50.553], [46.4674, 50.5579], [46.4748, 50.5534], [46.493, 50.5571], [46.4958, 50.553], [46.4842, 50.5471], [46.4254, 50.5468], [46.3898, 50.5557], [46.3476, 50.5554], [46.3482, 50.5732], [46.2779, 50.5729], [46.2784, 50.5277], [46.0615, 50.5262], [46.0615, 50.5316], [46.0672, 50.5315], [46.0651, 50.6047], [46.0942, 50.6175], [46.0932, 50.6649], [46.0354, 50.6652], [46.0353, 50.6877], [45.9898, 50.6882], [45.9865, 50.6989], [45.9655, 50.7014], [45.9649, 50.7056], [45.893, 50.75], [45.8423, 50.7562], [45.7442, 50.7573], [45.7156, 50.7377], [45.6859, 50.6916], [45.6786, 50.667], [45.7021, 50.6053], [45.706, 50.5823], [45.7402, 50.5957], [45.8952, 50.4391], [45.8954, 50.4126], [45.8851, 50.3769], [45.8819, 50.3314], [45.8909, 50.2985], [45.9089, 50.2806], [45.9458, 50.2893], [45.9802, 50.2769], [46.0044, 50.2815], [46.0335, 50.2785], [46.0548, 50.2878], [46.1886, 50.2885], [46.2054, 50.2951], [46.2259, 50.2944], [46.248, 50.2803], [46.2726, 50.2748], [46.3216, 50.2337], [46.3488, 50.2348], [46.3496, 50.228], [46.3602, 50.2226], [46.3548, 50.2144], [46.3679, 50.2113], [46.3584, 50.1964], [46.3622, 50.1908], [46.3476, 50.1833], [46.354, 50.1725], [46.4211, 50.1556], [46.4229, 50.147], [46.4516, 50.1463], [46.4497, 50.1361], [46.4649, 50.137], [46.4685, 50.166], [46.4908, 50.1668], [46.4814, 50.1758], [46.4819, 50.1818], [46.5018, 50.183], [46.5112, 50.189], [46.512, 50.2002], [46.5485, 50.1995], [46.5574, 50.3179], [46.5732, 50.3157], [46.5771, 50.3084], [46.5847, 50.3063], [46.7527, 50.2999], [46.749, 50.2564], [46.8044, 50.2534], [46.7988, 50.1816], [46.8838, 50.1784], [46.8857, 50.2026], [47.0307, 50.1961], [47.0311, 50.2463], [47.193, 50.255], [47.1894, 50.251], [47.1969, 50.2464], [47.1873, 50.2441], [47.1826, 50.2297], [47.2029, 50.2183], [47.2064, 50.2091], [47.2113, 50.2103], [47.2104, 50.2156], [47.2264, 50.229], [47.2374, 50.2466], [47.2497, 50.2496], [47.2513, 50.2569], [47.269, 50.2661], [47.2678, 50.2709], [47.2767, 50.2695], [47.2715, 50.2746], [47.2823, 50.2969], [47.2976, 50.3046], [47.3049, 50.3036], [47.3066, 50.3091], [47.3249, 50.3174], [47.3399, 50.332], [47.3471, 50.3281], [47.3736, 50.3329], [47.3831, 50.3281], [47.4067, 50.3364], [47.4187, 50.3651], [47.4315, 50.3779], [47.2722, 50.3791], [47.2721, 50.3714], [47.2352, 50.3712], [47.2368, 50.4295], [47.2046, 50.4299], [47.2056, 50.5092], [47.0382, 50.5097], [47.0386, 50.4891], [46.9124, 50.4897], [46.9167, 50.523]]]}}, {"type": "Feature", "properties": {"osm_type": "relation", "osm_id": 983618756, "name": "Новоаннинский район", "admin_level": "6", "kind": "subdivision_2", "parent_osm_id": 77665, "parent_name": "Volgograd Oblast", "parent_iso": "RU-VGG"}, "geometry": {"type": "Polygon", "coordinates": [[[42.8317, 50.8176], [42.824, 50.8189], [42.8274, 50.8255], [42.8041, 50.8284], [42.8028, 50.8325], [42.8197, 50.8403], [42.8026, 50.8388], [42.8038, 50.8503], [42.7753, 50.8516], [42.7802, 50.8622], [42.7856, 50.8636], [42.7791, 50.8689], [42.7547, 50.8663], [42.748, 50.87], [42.7215, 50.8587], [42.7025, 50.8617], [42.6735, 50.8472], [42.6498, 50.8474], [42.6484, 50.8376], [42.656, 50.8204], [42.6958, 50.8184], [42.6795, 50.8059], [42.7017, 50.8012], [42.6895, 50.7951], [42.6908, 50.7763], [42.664, 50.7545], [42.6425, 50.7504], [42.6222, 50.7556], [42.6069, 50.7681], [42.6363, 50.7799], [42.6256, 50.787], [42.6025, 50.7914], [42.5888, 50.8051], [42.5662, 50.7946], [42.5661, 50.7892], [42.5387, 50.7903], [42.5155, 50.8006], [42.4958, 50.7933], [42.4913, 50.7802], [42.4811, 50.7816], [42.4822, 50.7755], [42.4705, 50.7687], [42.4741, 50.764], [42.4649, 50.7636], [42.4692, 50.7573], [42.4614, 50.7554], [42.469, 50.7501], [42.465, 50.7443], [42.4534, 50.7445], [42.4386, 50.7178], [42.3998, 50.7186], [42.3871, 50.7049], [42.347, 50.7113], [42.3423, 50.7181], [42.3418, 50.7118], [42.3226, 50.7181], [42.32, 50.6829], [42.3312, 50.6793], [42.3398, 50.6676], [42.3533, 50.6606], [42.3516, 50.6559], [42.3607, 50.6494], [42.3585, 50.6392], [42.3693, 50.6329], [42.3695, 50.6114], [42.317, 50.6168], [42.3172, 50.624], [42.2787, 50.6341], [42.2164, 50.634], [42.2167, 50.6414], [42.2093, 50.6434], [42.2089, 50.6776], [42.1503, 50.6769], [42.15, 50.6439], [42.1333, 50.6508], [42.1271, 50.6507], [42.1256, 50.6458], [42.1364, 50.6295], [42.1318, 50.6175], [42.1315, 50.5335], [42.1456, 50.5334], [42.1455, 50.5245], [42.1885, 50.5246], [42.1885, 50.5076], [42.2191, 50.5008], [42.2172, 50.4971], [42.2348, 50.5029], [42.2444, 50.4973], [42.2398, 50.4783], [42.2535, 50.4762], [42.2543, 50.4725], [42.2441, 50.4703], [42.2394, 50.4518], [42.2546, 50.4516], [42.2767, 50.4385], [42.2744, 50.4312], [42.2828, 50.4281], [42.3376, 50.4308], [42.3386, 50.4209], [42.3527, 50.4217], [42.3537, 50.4127], [42.3678, 50.4133], [42.3694, 50.3984], [42.3839, 50.399], [42.3835, 50.3884], [42.3967, 50.3838], [42.4064, 50.37], [42.4692, 50.3738], [42.4689, 50.3916], [42.5533, 50.4154], [42.5559, 50.3924], [42.5412, 50.3788], [42.5928, 50.3771], [42.5849, 50.3589], [42.5984, 50.3425], [42.5713, 50.3408], [42.5711, 50.297], [42.5622, 50.297], [42.562, 50.277], [42.5855, 50.2439], [42.6433, 50.2191], [42.664, 50.2293], [42.6894, 50.2184], [42.6996, 50.2187], [42.7029, 50.2262], [42.7161, 50.2286], [42.7077, 50.2331], [42.7139, 50.234], [42.7126, 50.2375], [42.7249, 50.2416], [42.7369, 50.2414], [42.7496, 50.229], [42.7611, 50.2267], [42.7813, 50.2672], [42.8628, 50.2532], [42.8687, 50.2772], [42.8814, 50.2782], [42.8848, 50.2741], [42.8902, 50.3094], [42.9197, 50.3059], [42.9214, 50.3154], [42.9147, 50.3285], [42.9209, 50.33], [42.9312, 50.3497], [42.9869, 50.3352], [43.0241, 50.2877], [43.0693, 50.3192], [43.0634, 50.3226], [43.076, 50.3317], [43.1404, 50.3433], [43.1739, 50.3319], [43.1998, 50.3652], [43.2379, 50.3527], [43.221, 50.3317], [43.2966, 50.3074], [43.328, 50.3465], [43.3224, 50.3605], [43.3496, 50.3564], [43.4117, 50.3776], [43.4209, 50.3687], [43.4402, 50.3721], [43.4478, 50.378], [43.4231, 50.3836], [43.4135, 50.3967], [43.4122, 50.4002], [43.4312, 50.4217], [43.4128, 50.4453], [43.3754, 50.4324], [43.3501, 50.4627], [43.354, 50.4685], [43.3286, 50.483], [43.3264, 50.4934], [43.2691, 50.4899], [43.2351, 50.5193], [43.117, 50.4903], [43.1043, 50.4964], [43.0664, 50.4945], [43.0543, 50.5056], [43.0291, 50.4973], [43.0106, 50.5001], [43.0135, 50.5053], [43.0079, 50.5073], [43.0149, 50.5156], [43.0099, 50.5225], [43.0166, 50.5328], [42.9713, 50.5313], [42.9698, 50.5499], [42.9558, 50.5495], [42.949, 50.6396], [42.8924, 50.6381], [42.8917, 50.6513], [42.8957, 50.6528], [42.8694, 50.6798], [42.8551, 50.6842], [42.8359, 50.6786], [42.8171, 50.6913], [42.8117, 50.7046], [42.8165, 50.7092], [42.822, 50.7028], [42.8385, 50.7127], [42.8363, 50.7067], [42.8489, 50.708], [42.8683, 50.7181], [42.8782, 50.714], [42.8859, 50.7287], [42.8981, 50.7324], [42.8847, 50.7366], [42.8944, 50.7436], [42.8891, 50.7511], [42.9014, 50.7613], [42.8789, 50.7629], [42.8884, 50.7761], [42.8784, 50.7813], [42.8641, 50.7785], [42.8665, 50.7939], [42.8326, 50.7999], [42.8425, 50.8062], [42.8351, 50.8073], [42.8389, 50.8117], [42.8317, 50.8176]]]}}, {"type": "Feature", "properties": {"osm_type": "relation", "osm_id": 537062158, "name": "Bykovsky District", "admin_level": "6", "kind": "subdivision_2", "parent_osm_id": 77665, "parent_name": "Volgograd Oblast", "parent_iso": "RU-VGG"}, "geometry": {"type": "Polygon", "coordinates": [[[45.3318, 49.1147], [45.3952, 49.1491], [45.385, 49.159], [45.4215, 49.1742], [45.4311, 49.1647], [45.4549, 49.1834], [45.4661, 49.1834], [45.4879, 49.1966], [45.5014, 49.1952], [45.5329, 49.2109], [45.5732, 49.2421], [45.5388, 49.2638], [45.577, 49.2861], [45.565, 49.2929], [45.5747, 49.2999], [45.6644, 49.2985], [45.6775, 49.4017], [45.6665, 49.5339], [45.6551, 49.5784], [45.6567, 49.632], [45.9276, 49.6244], [45.9256, 49.6183], [45.9419, 49.6176], [45.9423, 49.6237], [46.0252, 49.6218], [46.0253, 49.6298], [46.053, 49.6298], [46.0526, 49.7158], [45.7257, 49.7165], [45.7197, 49.774], [45.7695, 49.7837], [45.7702, 49.7999], [45.7742, 49.8021], [45.7652, 49.8116], [45.717, 49.7924], [45.644, 49.8777], [45.6294, 49.8764], [45.6308, 49.8683], [45.6236, 49.8676], [45.6027, 49.8892], [45.5951, 49.8865], [45.5827, 49.8992], [45.5606, 49.894], [45.4589, 49.9357], [45.4066, 49.9437], [45.3682, 49.9401], [45.3458, 49.891], [45.3451, 49.8161], [45.3237, 49.7763], [45.1748, 49.6017], [45.0532, 49.4306], [45.0337, 49.3926], [45.0054, 49.3018], [44.9845, 49.2587], [44.9334, 49.1112], [44.9899, 49.1061], [45.0069, 49.0999], [45.0144, 49.1048], [45.0167, 49.1142], [45.045, 49.1224], [45.0575, 49.1151], [45.1401, 49.1466], [45.2263, 49.1431], [45.2319, 49.1266], [45.3263, 49.1118], [45.3318, 49.1147]]]}}, {"type": "Feature", "properties": {"osm_type": "relation", "osm_id": 629052722, "name": "Dubovsky District", "admin_level": "6", "kind": "subdivision_2", "parent_osm_id": 77665, "parent_name": "Volgograd Oblast", "parent_iso": "RU-VGG"}, "geometry": {"type": "Polygon", "coordinates": [[[44.7477, 48.9377], [44.9215, 49.0759], [44.9845, 49.2587], [45.0054, 49.3018], [45.0337, 49.3926], [45.0532, 49.4306], [45.1748, 49.6017], [45.303, 49.751], [45.2253, 49.7715], [45.1891, 49.7683], [45.1803, 49.7732], [45.1607, 49.7658], [45.1627, 49.7618], [45.1539, 49.7575], [45.1544, 49.7522], [45.1441, 49.7544], [45.1306, 49.7066], [45.1385, 49.703], [45.1355, 49.7004], [45.1037, 49.7007], [45.0756, 49.7258], [45.0779, 49.7311], [45.0647, 49.7372], [45.0101, 49.6814], [44.9823, 49.688], [44.9426, 49.6802], [44.9445, 49.6526], [44.8617, 49.6669], [44.8299, 49.6431], [44.8159, 49.6404], [44.8195, 49.6327], [44.808, 49.6304], [44.798, 49.6209], [44.7894, 49.6244], [44.7853, 49.5932], [44.716, 49.5565], [44.6872, 49.5798], [44.6373, 49.5536], [44.6062, 49.5673], [44.5713, 49.567], [44.5495, 49.4788], [44.5361, 49.4801], [44.5339, 49.4881], [44.5015, 49.4939], [44.5014, 49.4751], [44.4928, 49.476], [44.4872, 49.4571], [44.4483, 49.4629], [44.4475, 49.3941], [44.3592, 49.367], [44.3612, 49.3607], [44.3332, 49.3541], [44.3342, 49.3408], [44.3505, 49.3438], [44.3645, 49.3156], [44.3549, 49.3073], [44.3706, 49.2912], [44.3752, 49.2739], [44.3873, 49.2642], [44.3608, 49.2484], [44.3903, 49.2227], [44.3986, 49.2051], [44.3908, 49.1963], [44.3668, 49.1894], [44.3691, 49.18], [44.3541, 49.1711], [44.3588, 49.1691], [44.3546, 49.1654], [44.3997, 49.1412], [44.3887, 49.1076], [44.4242, 49.0964], [44.4536, 49.0944], [44.4514, 49.0978], [44.461, 49.1097], [44.4879, 49.0965], [44.4774, 49.0829], [44.5129, 49.0653], [44.5634, 49.0126], [44.5849, 48.9983], [44.659, 48.955], [44.6638, 48.96], [44.7477, 48.9377]]]}}, {"type": "Feature", "properties": {"osm_type": "relation", "osm_id": 868301191, "name": "Frolovo", "admin_level": "6", "kind": "subdivision_2", "parent_osm_id": 77665, "parent_name": "Volgograd Oblast", "parent_iso": "RU-VGG"}, "geometry": {"type": "Polygon", "coordinates": [[[43.5764, 49.7785], [43.5791, 49.7734], [43.6105, 49.7625], [43.6288, 49.7479], [43.6358, 49.7538], [43.642, 49.7426], [43.6564, 49.741], [43.6698, 49.73], [43.6913, 49.7248], [43.6882, 49.7301], [43.7108, 49.7419], [43.7044, 49.7481], [43.7163, 49.764], [43.7414, 49.77], [43.7511, 49.7585], [43.7678, 49.7638], [43.7507, 49.7787], [43.7359, 49.7836], [43.7479, 49.7897], [43.7373, 49.8004], [43.7143, 49.7956], [43.6924, 49.7993], [43.6817, 49.7876], [43.6762, 49.7859], [43.6773, 49.7913], [43.6664, 49.7945], [43.6615, 49.7921], [43.6685, 49.7874], [43.6546, 49.7853], [43.649, 49.7858], [43.645, 49.8042], [43.6374, 49.8021], [43.6432, 49.8011], [43.6409, 49.7942], [43.6346, 49.8049], [43.6137, 49.8004], [43.5896, 49.8042], [43.5844, 49.7978], [43.5913, 49.8009], [43.6046, 49.7979], [43.6064, 49.7889], [43.6154, 49.7886], [43.6172, 49.7814], [43.6029, 49.7787], [43.5782, 49.7835], [43.5764, 49.7785]]]}}, {"type": "Feature", "properties": {"osm_type": "relation", "osm_id": 233899666, "name": "Kamyshin", "admin_level": "6", "kind": "subdivision_2", "parent_osm_id": 77665, "parent_name": "Volgograd Oblast", "parent_iso": "RU-VGG"}, "geometry": {"type": "Polygon", "coordinates": [[[45.5028, 50.1139], [45.4684, 50.1336], [45.4416, 50.138], [45.4225, 50.1369], [45.4141, 50.1243], [45.4013, 50.1269], [45.3808, 50.1195], [45.3346, 50.1369], [45.3314, 50.1337], [45.3385, 50.1251], [45.3713, 50.1123], [45.3308, 50.1081], [45.3422, 50.0911], [45.3394, 50.0843], [45.3302, 50.0779], [45.2943, 50.0852], [45.2877, 50.0756], [45.2892, 50.0659], [45.2975, 50.0705], [45.3003, 50.0673], [45.3186, 50.0703], [45.3172, 50.0646], [45.2991, 50.0628], [45.3205, 50.0622], [45.3221, 50.0561], [45.3111, 50.0545], [45.321, 50.047], [45.3111, 50.0384], [45.313, 50.0292], [45.3291, 50.0233], [45.3287, 50.0313], [45.3222, 50.033], [45.3322, 50.0395], [45.3503, 50.0322], [45.3418, 50.0141], [45.3929, 49.9933], [45.4602, 50.0748], [45.5028, 50.1139]]]}}, {"type": "Feature", "properties": {"osm_type": "relation", "osm_id": 879733254, "name": "Kamyshinsky District", "admin_level": "6", "kind": "subdivision_2", "parent_osm_id": 77665, "parent_name": "Volgograd Oblast", "parent_iso": "RU-VGG"}, "geometry": {"type": "Polygon", "coordinates": [[[45.1934, 50.5852], [45.1608, 50.5844], [45.1326, 50.5896], [45.1218, 50.5687], [45.1328, 50.5672], [45.1367, 50.5553], [45.1446, 50.5503], [45.1408, 50.5461], [45.1485, 50.5386], [45.137, 50.5354], [45.138, 50.5266], [45.1519, 50.5114], [45.1033, 50.4732], [45.0537, 50.4728], [45.0387, 50.4106], [45.0523, 50.4029], [45.024, 50.3834], [45.0464, 50.3731], [45.0576, 50.3811], [45.0824, 50.3776], [45.0988, 50.387], [45.1238, 50.3895], [45.1279, 50.3808], [45.138, 50.3761], [45.1391, 50.3678], [45.1821, 50.3825], [45.1923, 50.373], [45.2065, 50.3554], [45.2095, 50.3438], [45.1826, 50.3471], [45.173, 50.3393], [45.1861, 50.3338], [45.186, 50.3167], [45.1846, 50.3026], [45.1786, 50.297], [45.1813, 50.2882], [45.171, 50.2846], [45.1796, 50.2525], [45.1972, 50.2236], [45.1766, 50.2041], [45.1227, 50.1725], [45.1249, 50.1648], [45.0856, 50.1623], [45.0731, 50.1562], [45.0787, 50.1532], [45.0655, 50.1446], [45.0653, 50.1367], [45.0373, 50.1452], [44.9574, 50.1129], [44.9488, 50.1157], [44.9487, 50.121], [44.939, 50.1279], [44.9419, 50.1299], [44.9273, 50.1336], [44.916, 50.1282], [44.9085, 50.1313], [44.9015, 50.1266], [44.9078, 50.1212], [44.8996, 50.1113], [44.8876, 50.1076], [44.8328, 50.1273], [44.8202, 50.1136], [44.8291, 50.1101], [44.8153, 50.099], [44.7933, 50.0942], [44.7855, 50.0832], [44.7918, 50.0787], [44.789, 50.071], [44.7931, 50.0425], [44.8003, 50.0374], [44.7939, 50.0287], [44.8, 50.0125], [44.8239, 50.008], [44.8156, 49.9968], [44.8175, 49.9913], [44.8354, 49.9957], [44.8475, 49.9923], [44.8769, 49.9572], [44.8755, 49.9483], [44.8904, 49.9217], [44.8892, 49.9104], [44.8686, 49.8969], [44.9901, 49.8477], [45.1743, 49.8162], [45.1757, 49.7758], [45.1891, 49.7683], [45.2253, 49.7715], [45.303, 49.751], [45.3237, 49.7763], [45.3451, 49.8161], [45.3458, 49.891], [45.3929, 49.9933], [45.3418, 50.0141], [45.3503, 50.0322], [45.3322, 50.0395], [45.3222, 50.033], [45.3287, 50.0313], [45.3291, 50.0233], [45.313, 50.0292], [45.3111, 50.0384], [45.321, 50.047], [45.3111, 50.0545], [45.3221, 50.0561], [45.3205, 50.0622], [45.2991, 50.0628], [45.3172, 50.0646], [45.3186, 50.0703], [45.3003, 50.0673], [45.2975, 50.0705], [45.2892, 50.0659], [45.2877, 50.0756], [45.2943, 50.0852], [45.3302, 50.0779], [45.3394, 50.0843], [45.3422, 50.0911], [45.3308, 50.1081], [45.3713, 50.1123], [45.3385, 50.1251], [45.3314, 50.1337], [45.3346, 50.1369], [45.3486, 50.1344], [45.3808, 50.1195], [45.4013, 50.1269], [45.4141, 50.1243], [45.4225, 50.1369], [45.4416, 50.138], [45.4684, 50.1336], [45.5028, 50.1139], [45.5466, 50.154], [45.754, 50.309], [45.8154, 50.3166], [45.8819, 50.3314], [45.8851, 50.3769], [45.8954, 50.4126], [45.8952, 50.4391], [45.7402, 50.5957], [45.6843, 50.5756], [45.641, 50.5771], [45.6061, 50.5906], [45.5664, 50.5896], [45.5558, 50.5863], [45.5624, 50.5697], [45.5523, 50.558], [45.5556, 50.5552], [45.5362, 50.5509], [45.5186, 50.5711], [45.4946, 50.5881], [45.4968, 50.5933], [45.4897, 50.6049], [45.4787, 50.6067], [45.4312, 50.6058], [45.4051, 50.6133], [45.3955, 50.6094], [45.3864, 50.5899], [45.1934, 50.5852]]]}}, {"type": "Feature", "properties": {"osm_type": "relation", "osm_id": 146132606, "name": "Nikolayevsky District", "admin_level": "6", "kind": "subdivision_2", "parent_osm_id": 77665, "parent_name": "Volgograd Oblast", "parent_iso": "RU-VGG"}, "geometry": {"type": "Polygon", "coordinates": [[[45.8819, 50.3314], [45.8154, 50.3166], [45.754, 50.309], [45.6384, 50.225], [45.5466, 50.154], [45.4602, 50.0748], [45.3877, 49.9862], [45.3682, 49.9401], [45.4066, 49.9437], [45.4589, 49.9357], [45.5606, 49.894], [45.5827, 49.8992], [45.5951, 49.8865], [45.6027, 49.8892], [45.6236, 49.8676], [45.6308, 49.8683], [45.6294, 49.8764], [45.644, 49.8777], [45.717, 49.7924], [45.7652, 49.8116], [45.7742, 49.8021], [45.7702, 49.7999], [45.7695, 49.7837], [45.7197, 49.774], [45.7257, 49.7165], [46.0526, 49.7158], [46.0527, 49.7369], [46.1504, 49.7378], [46.1504, 49.7558], [46.2194, 49.756], [46.2211, 49.935], [46.3325, 49.9345], [46.3333, 49.9705], [46.3048, 49.9705], [46.3058, 50.0119], [46.4418, 50.0115], [46.442, 50.0145], [46.5239, 50.0169], [46.5202, 50.0222], [46.528, 50.0341], [46.5251, 50.0392], [46.5302, 50.0415], [46.5218, 50.0503], [46.5116, 50.052], [46.5181, 50.0598], [46.5111, 50.0671], [46.5154, 50.0781], [46.4998, 50.0801], [46.4986, 50.0871], [46.4892, 50.0947], [46.49, 50.1024], [46.4792, 50.1182], [46.4798, 50.1393], [46.4668, 50.1419], [46.4624, 50.1357], [46.4497, 50.1361], [46.4516, 50.1463], [46.4229, 50.147], [46.4211, 50.1556], [46.354, 50.1725], [46.3476, 50.1833], [46.3622, 50.1908], [46.3584, 50.1964], [46.3679, 50.2113], [46.3548, 50.2144], [46.3602, 50.2226], [46.3496, 50.228], [46.351, 50.2327], [46.3442, 50.2375], [46.3268, 50.2313], [46.3216, 50.2337], [46.2726, 50.2748], [46.248, 50.2803], [46.2259, 50.2944], [46.2054, 50.2951], [46.1886, 50.2885], [46.0548, 50.2878], [46.0335, 50.2785], [46.0044, 50.2815], [45.9802, 50.2769], [45.9458, 50.2893], [45.9089, 50.2806], [45.8909, 50.2985], [45.8819, 50.3314]]]}}, {"type": "Feature", "properties": {"osm_type": "relation", "osm_id": 538686384, "name": "Pallasovsky District", "admin_level": "6", "kind": "subdivision_2", "parent_osm_id": 77665, "parent_name": "Volgograd Oblast", "parent_iso": "RU-VGG"}, "geometry": {"type": "Polygon", "coordinates": [[[46.4668, 50.1419], [46.4798, 50.1393], [46.4792, 50.1182], [46.4998, 50.0801], [46.5154, 50.0781], [46.5111, 50.0671], [46.5181, 50.0598], [46.5116, 50.052], [46.5218, 50.0503], [46.5302, 50.0415], [46.5251, 50.0392], [46.528, 50.0341], [46.5202, 50.0222], [46.5239, 50.0169], [46.442, 50.0145], [46.4418, 50.0115], [46.3058, 50.0119], [46.3048, 49.9705], [46.3333, 49.9705], [46.3325, 49.9345], [46.2211, 49.935], [46.2194, 49.756], [46.1504, 49.7558], [46.1504, 49.7378], [46.0527, 49.7369], [46.053, 49.6298], [46.0253, 49.6298], [46.0252, 49.6218], [45.9423, 49.6237], [45.9419, 49.6176], [45.9256, 49.6183], [45.9276, 49.6244], [45.6567, 49.632], [45.6551, 49.5784], [45.6665, 49.5339], [45.6775, 49.4017], [45.6625, 49.2985], [45.6638, 49.2825], [45.6577, 49.2827], [45.655, 49.2326], [45.6602, 49.2327], [45.655, 49.2305], [45.6519, 49.166], [45.6652, 49.1725], [45.6669, 49.0167], [45.6542, 48.9839], [45.6396, 48.9622], [45.6207, 48.6297], [45.6425, 48.6225], [45.6852, 48.6453], [45.7396, 48.6516], [45.7479, 48.6611], [45.8059, 48.6828], [45.8609, 48.7212], [45.8788, 48.7284], [45.8865, 48.7443], [45.9321, 48.7864], [45.9434, 48.8054], [45.9454, 48.8431], [45.9855, 48.843], [46.0172, 48.8616], [46.0384, 48.8636], [46.3243, 48.8374], [46.3082, 48.8212], [46.428, 48.7597], [46.4369, 48.7621], [46.6217, 48.6681], [46.7792, 48.9514], [46.8926, 48.9821], [46.9719, 49.0274], [47.0287, 49.0893], [47.0511, 49.1656], [46.9961, 49.2324], [46.9145, 49.2828], [46.838, 49.3191], [46.7821, 49.3398], [46.8058, 49.4293], [46.8293, 49.5657], [46.8389, 49.5658], [46.8371, 49.6066], [46.8443, 49.6066], [46.8578, 49.6436], [46.8701, 49.7429], [46.9025, 49.8639], [46.9296, 49.8748], [46.9574, 49.8714], [47.1824, 49.935], [47.3526, 50.094], [47.3168, 50.1524], [47.2573, 50.1918], [47.335, 50.238], [47.3007, 50.2632], [47.2915, 50.2827], [47.3001, 50.3033], [47.2823, 50.2969], [47.2715, 50.2746], [47.2767, 50.2695], [47.2678, 50.2709], [47.269, 50.2661], [47.2513, 50.2569], [47.2497, 50.2496], [47.2374, 50.2466], [47.2264, 50.229], [47.2104, 50.2156], [47.2113, 50.2103], [47.2064, 50.2091], [47.2029, 50.2183], [47.1826, 50.2297], [47.1873, 50.2441], [47.1969, 50.2464], [47.1894, 50.251], [47.193, 50.255], [47.0311, 50.2463], [47.0307, 50.1961], [46.8857, 50.2026], [46.8838, 50.1784], [46.7988, 50.1816], [46.8044, 50.2534], [46.749, 50.2564], [46.7527, 50.2999], [46.5847, 50.3063], [46.5771, 50.3084], [46.5732, 50.3157], [46.5574, 50.3179], [46.5485, 50.1995], [46.512, 50.2002], [46.5112, 50.189], [46.5018, 50.183], [46.4819, 50.1818], [46.4814, 50.1758], [46.4908, 50.1668], [46.4685, 50.166], [46.4668, 50.1419]]]}}, {"type": "Feature", "properties": {"osm_type": "relation", "osm_id": 681047729, "name": "Rudnyansky District", "admin_level": "6", "kind": "subdivision_2", "parent_osm_id": 77665, "parent_name": "Volgograd Oblast", "parent_iso": "RU-VGG"}, "geometry": {"type": "Polygon", "coordinates": [[[44.4677, 50.5538], [44.4727, 50.5617], [44.4835, 50.5647], [44.478, 50.5743], [44.4661, 50.581], [44.4707, 50.5851], [44.4634, 50.595], [44.4724, 50.5944], [44.4693, 50.5999], [44.4786, 50.604], [44.4769, 50.6091], [44.4859, 50.6097], [44.4932, 50.6203], [44.5138, 50.6281], [44.5084, 50.6358], [44.5129, 50.6437], [44.5106, 50.6551], [44.5159, 50.6585], [44.5256, 50.6558], [44.54, 50.6627], [44.5509, 50.6547], [44.5792, 50.6569], [44.6042, 50.6745], [44.6223, 50.6759], [44.6252, 50.6685], [44.6318, 50.6696], [44.6307, 50.6758], [44.6415, 50.6742], [44.6419, 50.6662], [44.6593, 50.6677], [44.6493, 50.6783], [44.6536, 50.6817], [44.6653, 50.6745], [44.6713, 50.6813], [44.6887, 50.6763], [44.7035, 50.6922], [44.7162, 50.6958], [44.724, 50.7086], [44.7209, 50.7134], [44.7109, 50.716], [44.6993, 50.7112], [44.691, 50.7367], [44.6945, 50.7432], [44.6621, 50.7602], [44.6674, 50.7629], [44.6631, 50.7664], [44.6644, 50.7717], [44.671, 50.7692], [44.6766, 50.7733], [44.6803, 50.7694], [44.6832, 50.777], [44.6729, 50.7765], [44.6777, 50.7814], [44.6672, 50.7866], [44.6776, 50.7997], [44.6733, 50.8025], [44.6782, 50.8059], [44.6695, 50.8059], [44.6699, 50.8121], [44.6916, 50.8236], [44.6875, 50.8283], [44.7006, 50.8397], [44.6939, 50.8504], [44.6717, 50.8575], [44.6617, 50.8789], [44.6093, 50.955], [44.5963, 50.9424], [44.5643, 50.929], [44.5633, 50.9196], [44.5487, 50.9103], [44.5443, 50.9162], [44.5497, 50.9223], [44.5341, 50.9254], [44.5425, 50.9311], [44.5459, 50.941], [44.5387, 50.9403], [44.5381, 50.9451], [44.5209, 50.9431], [44.5086, 50.9494], [44.5122, 50.9649], [44.5072, 50.9733], [44.5114, 50.9774], [44.5039, 50.9795], [44.5091, 50.9814], [44.5069, 50.9959], [44.5105, 51.0014], [44.4971, 51.0065], [44.5022, 51.013], [44.4868, 51.0329], [44.4923, 51.0433], [44.4829, 51.0479], [44.4903, 51.0555], [44.4777, 51.0552], [44.4928, 51.0619], [44.4885, 51.0645], [44.4917, 51.07], [44.4793, 51.0761], [44.4761, 51.0852], [44.4294, 51.0966], [44.409, 51.0922], [44.3925, 51.099], [44.3645, 51.0977], [44.3704, 51.0706], [44.3198, 51.0668], [44.2942, 51.0578], [44.2941, 51.0474], [44.2849, 51.0514], [44.2684, 51.0495], [44.269, 51.0527], [44.2136, 51.047], [44.2178, 51.0128], [44.2126, 51.0049], [44.1955, 51.0109], [44.1892, 51.0035], [44.1719, 50.9991], [44.178, 50.9885], [44.1801, 50.9673], [44.147, 50.9154], [44.1078, 50.8744], [44.0827, 50.879], [44.0748, 50.8729], [44.0743, 50.8651], [44.0808, 50.8598], [44.0753, 50.8545], [44.0702, 50.8609], [44.0581, 50.8573], [44.053, 50.8658], [44.0442, 50.8665], [44.0385, 50.8617], [44.0271, 50.7378], [44.0305, 50.7359], [44.0269, 50.7249], [44.0313, 50.7234], [44.0242, 50.7166], [44.0279, 50.7161], [44.0268, 50.7105], [44.0384, 50.7013], [44.0479, 50.703], [44.056, 50.6961], [44.0571, 50.6881], [44.0682, 50.6841], [44.0641, 50.6492], [44.0924, 50.6452], [44.0893, 50.6359], [44.133, 50.6298], [44.1271, 50.612], [44.1657, 50.6068], [44.311, 50.5506], [44.3277, 50.5487], [44.3549, 50.5331], [44.4363, 50.53], [44.4561, 50.5343], [44.4677, 50.5538]]]}}, {"type": "Feature", "properties": {"osm_type": "relation", "osm_id": 235468205, "name": "городской округ Урюпинск", "admin_level": "6", "kind": "subdivision_2", "parent_osm_id": 77665, "parent_name": "Volgograd Oblast", "parent_iso": "RU-VGG"}, "geometry": {"type": "Polygon", "coordinates": [[[41.9487, 50.775], [42.0095, 50.758], [42.0093, 50.7631], [42.0511, 50.7869], [42.0837, 50.7703], [42.0943, 50.7752], [42.0957, 50.7807], [42.0844, 50.7835], [42.0792, 50.7953], [42.0809, 50.8063], [42.0909, 50.8055], [42.0896, 50.8181], [42.0302, 50.8157], [42.011, 50.8177], [42.0074, 50.8229], [41.9799, 50.818], [41.9769, 50.8107], [41.9853, 50.8061], [41.9786, 50.8066], [41.9824, 50.8009], [41.9715, 50.7878], [41.9781, 50.7775], [41.968, 50.7817], [41.9487, 50.775]]]}}, {"type": "Feature", "properties": {"osm_type": "relation", "osm_id": 971101476, "name": "Новониколаевский район", "admin_level": "6", "kind": "subdivision_2", "parent_osm_id": 77665, "parent_name": "Volgograd Oblast", "parent_iso": "RU-VGG"}, "geometry": {"type": "Polygon", "coordinates": [[[43.0865, 51.1457], [42.8553, 51.2447], [42.75, 51.2364], [42.7084, 51.2476], [42.6776, 51.2375], [42.6479, 51.2187], [42.5955, 51.1531], [42.553, 51.1447], [42.4347, 51.1452], [42.4228, 51.1609], [42.2805, 51.1375], [42.2864, 51.1236], [42.2649, 51.1239], [42.2616, 51.122], [42.2645, 51.1138], [42.2535, 51.1076], [42.2488, 51.1142], [42.2398, 51.1165], [42.2338, 51.1113], [42.2446, 51.0935], [42.2424, 51.0884], [42.2264, 51.0805], [42.1969, 51.0782], [42.189, 51.0814], [42.1839, 51.0781], [42.1945, 51.069], [42.2233, 51.0736], [42.2261, 51.069], [42.2008, 51.0641], [42.2042, 51.0609], [42.1941, 51.057], [42.1774, 51.0399], [42.1914, 51.0265], [42.2027, 51.04], [42.2152, 51.042], [42.2578, 51.0314], [42.2597, 50.978], [42.2313, 50.9776], [42.2335, 50.9325], [42.2191, 50.932], [42.2201, 50.9171], [42.1754, 50.9172], [42.1856, 50.9001], [42.1832, 50.8961], [42.1878, 50.8953], [42.1883, 50.8832], [42.2022, 50.8881], [42.2593, 50.8869], [42.2594, 50.8805], [42.2709, 50.8848], [42.273, 50.8753], [42.3014, 50.8771], [42.3047, 50.8613], [42.3009, 50.8589], [42.3133, 50.8533], [42.323, 50.8546], [42.3237, 50.8514], [42.3074, 50.8503], [42.3106, 50.8443], [42.3322, 50.8432], [42.3329, 50.8368], [42.2926, 50.8352], [42.3003, 50.8095], [42.3132, 50.7977], [42.3142, 50.7814], [42.3911, 50.7907], [42.4028, 50.7762], [42.4123, 50.7737], [42.4119, 50.7592], [42.402, 50.7497], [42.3379, 50.7498], [42.3331, 50.7425], [42.3755, 50.7064], [42.3871, 50.7049], [42.3998, 50.7186], [42.4386, 50.7178], [42.4534, 50.7445], [42.465, 50.7443], [42.469, 50.7501], [42.4614, 50.7554], [42.4692, 50.7573], [42.4649, 50.7636], [42.4741, 50.764], [42.4705, 50.7687], [42.4822, 50.7755], [42.4811, 50.7816], [42.4913, 50.7802], [42.4926, 50.7894], [42.5032, 50.7941], [42.5051, 50.7995], [42.5264, 50.7985], [42.5387, 50.7903], [42.5661, 50.7892], [42.5662, 50.7946], [42.5888, 50.8051], [42.6025, 50.7914], [42.6256, 50.787], [42.6363, 50.7799], [42.6069, 50.7681], [42.6222, 50.7556], [42.6425, 50.7504], [42.664, 50.7545], [42.6908, 50.7763], [42.6895, 50.7951], [42.7017, 50.8012], [42.6795, 50.8059], [42.6958, 50.8184], [42.656, 50.8204], [42.6484, 50.8376], [42.6498, 50.8474], [42.6735, 50.8472], [42.7025, 50.8617], [42.7215, 50.8587], [42.748, 50.87], [42.7547, 50.8663], [42.7791, 50.8689], [42.7856, 50.8636], [42.7802, 50.8622], [42.7753, 50.8516], [42.8038, 50.8503], [42.8026, 50.8388], [42.8197, 50.8403], [42.8028, 50.8325], [42.8041, 50.8284], [42.8274, 50.8255], [42.824, 50.8189], [42.8317, 50.8176], [42.8835, 50.8467], [42.8734, 50.8514], [42.8746, 50.8653], [42.87, 50.8765], [42.8419, 50.8765], [42.842, 50.886], [42.8757, 50.8861], [42.8803, 50.8953], [42.9122, 50.8924], [42.8988, 50.9051], [42.9243, 50.9022], [42.9253, 50.9155], [42.917, 50.9176], [42.9188, 50.9329], [42.9283, 50.9345], [42.942, 50.9293], [42.942, 50.9371], [42.9761, 50.9403], [42.9662, 50.9605], [43.0131, 50.9622], [43.0279, 50.9561], [43.0482, 50.9541], [43.0554, 50.9585], [43.0606, 50.954], [43.0693, 50.9639], [43.0861, 50.9684], [43.0932, 50.9795], [43.1105, 50.9711], [43.1228, 50.9783], [43.1164, 50.9921], [43.125, 51.0013], [43.13, 51.0308], [43.1518, 51.0678], [43.1562, 51.0809], [43.1527, 51.0885], [43.1617, 51.0945], [43.1636, 51.1048], [43.1125, 51.113], [43.1195, 51.1235], [43.1159, 51.1337], [43.0865, 51.1457]]]}}, {"type": "Feature", "properties": {"osm_type": "relation", "osm_id": 989443602, "name": "Чернышковский район", "admin_level": "6", "kind": "subdivision_2", "parent_osm_id": 77665, "parent_name": "Volgograd Oblast", "parent_iso": "RU-VGG"}, "geometry": {"type": "Polygon", "coordinates": [[[42.1807, 48.4541], [42.0857, 48.4157], [42.1247, 48.3686], [42.181, 48.2769], [42.0628, 48.2656], [42.0631, 48.2341], [42.0887, 48.2338], [42.1291, 48.1409], [42.0808, 48.1361], [42.0745, 48.1205], [42.0316, 48.1062], [42.0397, 48.1014], [42.0196, 48.0886], [42.0246, 48.0802], [42.0221, 48.0733], [42.0304, 48.0731], [42.03, 48.0555], [42.0177, 48.0476], [42.0243, 48.037], [42.0381, 48.0342], [42.0181, 48.0239], [42.0428, 48.0232], [42.0479, 48.027], [42.0533, 48.0123], [42.0697, 48.0226], [42.0791, 48.0167], [42.0837, 48.0215], [42.0919, 48.0182], [42.0974, 48.023], [42.095, 48.0271], [42.1179, 48.0171], [42.1321, 48.0251], [42.1598, 48.0144], [42.1626, 48.0108], [42.1586, 48.0054], [42.173, 48.0079], [42.1831, 48.0173], [42.2161, 48.0327], [42.3384, 48.0273], [42.3522, 48.0374], [42.3525, 48.045], [42.3614, 48.0452], [42.3665, 48.0505], [42.37, 48.0477], [42.3643, 48.0402], [42.3728, 48.0295], [42.371, 48.0233], [42.3832, 48.023], [42.381, 48.0145], [42.3916, 48.0093], [42.4469, 48.0235], [42.5252, 48.0186], [42.5472, 47.9718], [42.6296, 47.9088], [42.7202, 47.8759], [42.7547, 47.7767], [42.806, 47.8284], [42.8737, 47.8736], [42.93, 47.9375], [42.9406, 47.9566], [42.9611, 48.0259], [42.9878, 48.1492], [42.8813, 48.2169], [42.9008, 48.2345], [42.925, 48.2346], [42.9559, 48.2475], [42.9401, 48.2602], [42.9111, 48.2625], [42.9116, 48.2677], [42.9301, 48.2832], [42.9297, 48.2899], [42.938, 48.294], [42.9388, 48.3017], [42.9299, 48.309], [42.8762, 48.3145], [42.831, 48.2971], [42.7354, 48.3225], [42.7069, 48.3241], [42.669, 48.2784], [42.6641, 48.2836], [42.668, 48.2881], [42.6642, 48.2935], [42.6569, 48.2925], [42.6596, 48.2986], [42.6538, 48.3064], [42.5634, 48.2989], [42.5509, 48.3055], [42.5473, 48.3456], [42.5663, 48.3492], [42.5809, 48.3761], [42.5787, 48.3889], [42.5569, 48.4053], [42.5719, 48.4155], [42.5899, 48.4111], [42.624, 48.3911], [42.6254, 48.3852], [42.6326, 48.3847], [42.6348, 48.3952], [42.6524, 48.4136], [42.6491, 48.4606], [42.5892, 48.4622], [42.5809, 48.4739], [42.5635, 48.4695], [42.5491, 48.4573], [42.5398, 48.4576], [42.5384, 48.482], [42.5068, 48.4855], [42.4916, 48.5049], [42.4784, 48.5062], [42.4723, 48.5135], [42.4548, 48.5045], [42.4521, 48.5168], [42.4467, 48.5161], [42.4371, 48.5032], [42.4312, 48.504], [42.4351, 48.5092], [42.4305, 48.5135], [42.4041, 48.5045], [42.4111, 48.5146], [42.3961, 48.5186], [42.3876, 48.5125], [42.3932, 48.51], [42.3911, 48.5034], [42.3803, 48.5053], [42.3647, 48.4969], [42.3528, 48.5122], [42.3464, 48.503], [42.3372, 48.5017], [42.3327, 48.5037], [42.3392, 48.5112], [42.3354, 48.5144], [42.3228, 48.5108], [42.3184, 48.5159], [42.3113, 48.5152], [42.2773, 48.5066], [42.2206, 48.4819], [42.2141, 48.4669], [42.1807, 48.4541]]]}}, {"type": "Feature", "properties": {"osm_type": "relation", "osm_id": 906201572, "name": "Kalachyovsky District", "admin_level": "6", "kind": "subdivision_2", "parent_osm_id": 77665, "parent_name": "Volgograd Oblast", "parent_iso": "RU-VGG"}, "geometry": {"type": "Polygon", "coordinates": [[[43.283, 48.9673], [43.3309, 48.9475], [43.3155, 48.9355], [43.3056, 48.9126], [43.3144, 48.8909], [43.318, 48.8872], [43.3176, 48.8903], [43.3242, 48.8892], [43.3236, 48.8841], [43.3388, 48.8745], [43.3315, 48.8474], [43.3164, 48.8372], [43.3149, 48.8217], [43.2974, 48.8163], [43.3014, 48.7996], [43.2874, 48.7897], [43.2682, 48.788], [43.2595, 48.7966], [43.2525, 48.7814], [43.2668, 48.7667], [43.2547, 48.7468], [43.2385, 48.7401], [43.2389, 48.7281], [43.2317, 48.7239], [43.231, 48.7119], [43.2251, 48.7094], [43.2361, 48.7066], [43.2364, 48.6789], [43.2952, 48.6699], [43.2982, 48.658], [43.3142, 48.6547], [43.3169, 48.6371], [43.2829, 48.6369], [43.2839, 48.6324], [43.2724, 48.6272], [43.3004, 48.6187], [43.2648, 48.594], [43.2794, 48.5941], [43.2878, 48.5875], [43.2926, 48.5903], [43.306, 48.5819], [43.318, 48.5817], [43.3352, 48.5737], [43.3392, 48.5627], [43.3907, 48.5545], [43.3876, 48.5496], [43.4037, 48.5425], [43.441, 48.5389], [43.3749, 48.4716], [43.2846, 48.3976], [43.2293, 48.3731], [43.2061, 48.3504], [43.2839, 48.3228], [43.2976, 48.3233], [43.2941, 48.3263], [43.301, 48.3292], [43.3038, 48.3151], [43.3104, 48.316], [43.3098, 48.3104], [43.3205, 48.3129], [43.319, 48.3031], [43.3278, 48.3024], [43.3294, 48.2956], [43.3212, 48.2944], [43.3222, 48.2914], [43.3392, 48.2923], [43.3782, 48.2843], [43.3765, 48.2702], [43.3817, 48.27], [43.3821, 48.2654], [43.3901, 48.268], [43.3895, 48.2619], [43.3976, 48.2609], [43.4031, 48.2685], [43.405, 48.2603], [43.4229, 48.2601], [43.462, 48.2408], [43.4725, 48.2454], [43.4751, 48.2432], [43.4681, 48.2407], [43.4721, 48.2392], [43.4677, 48.2373], [43.4696, 48.2338], [43.5363, 48.2225], [43.5436, 48.2122], [43.5387, 48.2081], [43.5476, 48.2072], [43.5811, 48.2457], [43.5966, 48.2899], [43.6505, 48.2777], [43.683, 48.2483], [43.6939, 48.2289], [43.7291, 48.236], [43.7361, 48.2348], [43.7346, 48.226], [43.8603, 48.2088], [43.9729, 48.3605], [43.9625, 48.3867], [43.9711, 48.3933], [43.9659, 48.4071], [44.0206, 48.4601], [44.0557, 48.4403], [44.0926, 48.474], [44.1363, 48.4779], [44.1959, 48.5015], [44.1912, 48.5134], [44.1721, 48.5196], [44.1651, 48.5383], [44.1892, 48.5687], [44.2259, 48.5771], [44.1713, 48.5773], [44.1592, 48.5728], [44.141, 48.5915], [44.15, 48.5872], [44.1572, 48.5956], [44.1208, 48.6058], [44.1192, 48.618], [44.1096, 48.6229], [44.1169, 48.6276], [44.0826, 48.6374], [44.0517, 48.6305], [44.0122, 48.668], [43.9913, 48.6779], [43.9344, 48.6783], [43.932, 48.6934], [43.9358, 48.6942], [43.9321, 48.7], [43.9485, 48.7071], [43.9433, 48.7157], [43.9442, 48.7253], [43.9311, 48.7369], [43.8661, 48.7646], [43.883, 48.7737], [43.8821, 48.7807], [43.8915, 48.7887], [43.7675, 48.9033], [43.7901, 48.9088], [43.7957, 48.9183], [43.7909, 48.926], [43.7699, 48.9384], [43.7135, 48.943], [43.7105, 48.9514], [43.7147, 48.9602], [43.7101, 48.9692], [43.7474, 48.9698], [43.739, 48.9919], [43.714, 48.9969], [43.6936, 49.0077], [43.6041, 49.0168], [43.6049, 49.0329], [43.6114, 49.0341], [43.6119, 49.0403], [43.6215, 49.0418], [43.6143, 49.0467], [43.6198, 49.0579], [43.6152, 49.0722], [43.6282, 49.0853], [43.6069, 49.0849], [43.5465, 49.1022], [43.5263, 49.1147], [43.515, 49.1268], [43.5144, 49.1353], [43.483, 49.1537], [43.4006, 49.1727], [43.4023, 49.1514], [43.3818, 49.1519], [43.3648, 49.1421], [43.3729, 49.1325], [43.4195, 49.1157], [43.4261, 49.0807], [43.4056, 49.0732], [43.3903, 49.0547], [43.4079, 49.0448], [43.447, 49.0002], [43.3816, 48.995], [43.341, 48.997], [43.2952, 48.9773], [43.283, 48.9673]]]}}, {"type": "Feature", "properties": {"osm_type": "relation", "osm_id": 223619899, "name": "Yelansky District", "admin_level": "6", "kind": "subdivision_2", "parent_osm_id": 77665, "parent_name": "Volgograd Oblast", "parent_iso": "RU-VGG"}, "geometry": {"type": "Polygon", "coordinates": [[[43.4018, 51.0159], [43.4127, 51.0094], [43.4111, 51.0032], [43.4221, 50.991], [43.4068, 50.9861], [43.4035, 50.9788], [43.4183, 50.9687], [43.3983, 50.9622], [43.3806, 50.9418], [43.3731, 50.9462], [43.3406, 50.9286], [43.3164, 50.9082], [43.3344, 50.8997], [43.3229, 50.8882], [43.3475, 50.8757], [43.3727, 50.8699], [43.3957, 50.8651], [43.4256, 50.8793], [43.4668, 50.8814], [43.4847, 50.8724], [43.44, 50.8643], [43.4309, 50.8546], [43.4076, 50.8482], [43.4205, 50.8431], [43.4123, 50.8266], [43.4166, 50.8158], [43.4104, 50.8092], [43.4026, 50.8089], [43.3987, 50.7895], [43.405, 50.787], [43.4099, 50.7713], [43.403, 50.7543], [43.4121, 50.7488], [43.4129, 50.7421], [43.4062, 50.7389], [43.425, 50.7323], [43.4134, 50.7166], [43.4505, 50.705], [43.4907, 50.6341], [43.5093, 50.6105], [43.4665, 50.5765], [43.4316, 50.5656], [43.3951, 50.5352], [43.4828, 50.5147], [43.4694, 50.4921], [43.5258, 50.4743], [43.5672, 50.5158], [43.5662, 50.5212], [43.5545, 50.5242], [43.5514, 50.5191], [43.5415, 50.5227], [43.5693, 50.548], [43.5855, 50.573], [43.6789, 50.5878], [43.7001, 50.581], [43.7093, 50.5828], [43.748, 50.5431], [43.7821, 50.5564], [43.7817, 50.5606], [43.7961, 50.568], [43.8138, 50.5725], [43.835, 50.5953], [43.8509, 50.6011], [43.8445, 50.6425], [43.8884, 50.6937], [43.9103, 50.7061], [43.925, 50.7058], [43.9354, 50.7128], [43.9374, 50.7005], [43.9987, 50.6981], [44.0125, 50.7083], [44.0122, 50.7248], [44.0269, 50.7249], [44.0305, 50.7359], [44.0271, 50.7378], [44.0385, 50.8617], [44.0442, 50.8665], [44.053, 50.8658], [44.0581, 50.8573], [44.0702, 50.8609], [44.0753, 50.8545], [44.0808, 50.8598], [44.0743, 50.8651], [44.0748, 50.8729], [44.0827, 50.879], [44.1078, 50.8744], [44.147, 50.9154], [44.1801, 50.9673], [44.178, 50.9885], [44.1719, 50.9991], [44.1892, 51.0035], [44.1955, 51.0109], [44.2126, 51.0049], [44.2178, 51.0128], [44.2136, 51.047], [44.2264, 51.0996], [44.2614, 51.1375], [44.211, 51.1444], [44.2153, 51.1286], [44.185, 51.0932], [44.1313, 51.1067], [44.1418, 51.1193], [44.1179, 51.1251], [44.0943, 51.0971], [44.0476, 51.1073], [44.0388, 51.1055], [44.0475, 51.1029], [44.0547, 51.0898], [44.051, 51.0721], [44.0185, 51.0722], [44.0184, 51.1176], [44.0225, 51.1245], [44.0188, 51.1254], [44.0185, 51.1592], [43.9789, 51.1552], [43.9624, 51.1458], [43.9226, 51.1617], [43.8838, 51.1103], [43.8497, 51.0997], [43.8211, 51.1123], [43.8084, 51.1132], [43.8062, 51.1179], [43.7873, 51.1208], [43.7533, 51.1195], [43.7314, 51.1113], [43.6945, 51.1076], [43.6741, 51.1199], [43.6721, 51.116], [43.6677, 51.1187], [43.6618, 51.1141], [43.6747, 51.1125], [43.6829, 51.1052], [43.6732, 51.0983], [43.6927, 51.0989], [43.6861, 51.0911], [43.6772, 51.0922], [43.6891, 51.0853], [43.6827, 51.0835], [43.6897, 51.0806], [43.6845, 51.075], [43.6868, 51.0675], [43.6814, 51.0684], [43.6823, 51.0644], [43.6627, 51.0555], [43.5617, 51.0606], [43.5624, 51.0574], [43.53, 51.0486], [43.5155, 51.0508], [43.436, 51.0275], [43.4241, 51.0348], [43.4018, 51.0159]]]}}, {"type": "Feature", "properties": {"osm_type": "relation", "osm_id": 288780042, "name": "Surovikinsky District", "admin_level": "6", "kind": "subdivision_2", "parent_osm_id": 77665, "parent_name": "Volgograd Oblast", "parent_iso": "RU-VGG"}, "geometry": {"type": "Polygon", "coordinates": [[[42.674, 48.9031], [42.6815, 48.8751], [42.7303, 48.844], [42.7478, 48.8225], [42.7451, 48.7743], [42.6655, 48.7246], [42.658, 48.7006], [42.6726, 48.6711], [42.6702, 48.6603], [42.6869, 48.6432], [42.6958, 48.6401], [42.6956, 48.6324], [42.7087, 48.6132], [42.7021, 48.6131], [42.7045, 48.5867], [42.6691, 48.5856], [42.6618, 48.5907], [42.6407, 48.569], [42.6469, 48.5586], [42.6285, 48.5577], [42.6209, 48.5517], [42.6251, 48.5462], [42.6221, 48.5432], [42.6098, 48.5446], [42.6056, 48.5493], [42.6089, 48.5568], [42.5991, 48.5576], [42.5962, 48.5456], [42.5752, 48.5371], [42.5699, 48.538], [42.5722, 48.5442], [42.5604, 48.5425], [42.5262, 48.5208], [42.505, 48.5245], [42.4902, 48.5155], [42.4876, 48.5227], [42.4817, 48.5153], [42.4723, 48.5135], [42.4784, 48.5062], [42.4916, 48.5049], [42.5068, 48.4855], [42.5384, 48.482], [42.5398, 48.4576], [42.5491, 48.4573], [42.5635, 48.4695], [42.5809, 48.4739], [42.5892, 48.4622], [42.6491, 48.4606], [42.6524, 48.4136], [42.6348, 48.3952], [42.6326, 48.3847], [42.6254, 48.3852], [42.624, 48.3911], [42.5899, 48.4111], [42.5719, 48.4155], [42.5569, 48.4053], [42.5787, 48.3889], [42.5809, 48.3761], [42.5663, 48.3492], [42.5473, 48.3456], [42.5509, 48.3055], [42.5634, 48.2989], [42.6538, 48.3064], [42.6596, 48.2986], [42.6569, 48.2925], [42.6642, 48.2935], [42.668, 48.2881], [42.6641, 48.2836], [42.669, 48.2784], [42.7069, 48.3241], [42.7354, 48.3225], [42.831, 48.2971], [42.8762, 48.3145], [42.9299, 48.309], [42.9388, 48.3017], [42.938, 48.294], [42.9297, 48.2899], [42.9301, 48.2832], [42.9116, 48.2677], [42.9111, 48.2625], [42.9401, 48.2602], [42.9559, 48.2475], [42.925, 48.2346], [42.9008, 48.2345], [42.8813, 48.2169], [42.9878, 48.1492], [43.0731, 48.2151], [43.1577, 48.3163], [43.2293, 48.3731], [43.2846, 48.3976], [43.3749, 48.4716], [43.441, 48.5389], [43.4037, 48.5425], [43.3876, 48.5496], [43.3907, 48.5545], [43.3392, 48.5627], [43.3352, 48.5737], [43.318, 48.5817], [43.306, 48.5819], [43.2926, 48.5903], [43.2878, 48.5875], [43.2794, 48.5941], [43.2648, 48.594], [43.3004, 48.6187], [43.2724, 48.6272], [43.2839, 48.6324], [43.2829, 48.6369], [43.3169, 48.6371], [43.3142, 48.6547], [43.2982, 48.658], [43.2952, 48.6699], [43.2364, 48.6789], [43.2361, 48.7066], [43.2251, 48.7094], [43.231, 48.7119], [43.2317, 48.7239], [43.2389, 48.7281], [43.2385, 48.7401], [43.2547, 48.7468], [43.2668, 48.7667], [43.2525, 48.7814], [43.2595, 48.7966], [43.2682, 48.788], [43.2874, 48.7897], [43.3014, 48.7996], [43.2974, 48.8163], [43.3149, 48.8217], [43.3164, 48.8372], [43.3315, 48.8474], [43.3388, 48.8745], [43.3236, 48.8841], [43.3242, 48.8892], [43.3176, 48.8903], [43.318, 48.8872], [43.3144, 48.8909], [43.3056, 48.9126], [43.3155, 48.9355], [43.3309, 48.9475], [43.283, 48.9673], [43.2453, 48.9447], [43.2031, 48.945], [43.1537, 48.9164], [43.1369, 48.9274], [43.1464, 48.9401], [43.1382, 48.9512], [43.1009, 48.9526], [43.0897, 48.9577], [43.0034, 48.8818], [42.9371, 48.8741], [42.9415, 48.8606], [42.8709, 48.8582], [42.8684, 48.8721], [42.8819, 48.8846], [42.877, 48.8906], [42.8783, 48.8985], [42.868, 48.9086], [42.8705, 48.9342], [42.8634, 48.9424], [42.8147, 48.9489], [42.8005, 48.955], [42.7556, 48.9018], [42.674, 48.9031]]]}}, {"type": "Feature", "properties": {"osm_type": "relation", "osm_id": 737157758, "name": "Olkhovsky District", "admin_level": "6", "kind": "subdivision_2", "parent_osm_id": 77665, "parent_name": "Volgograd Oblast", "parent_iso": "RU-VGG"}, "geometry": {"type": "Polygon", "coordinates": [[[44.1969, 50.0635], [44.2209, 50.0443], [44.2329, 50.0423], [44.2309, 50.036], [44.2512, 50.0306], [44.2563, 50.0255], [44.2464, 50.022], [44.2571, 50.01], [44.219, 50.0009], [44.2189, 49.9919], [44.206, 49.9887], [44.2084, 49.9842], [44.2015, 49.9812], [44.2051, 49.9677], [44.1742, 49.9537], [44.137, 49.9038], [44.1875, 49.8881], [44.1802, 49.8832], [44.2177, 49.8666], [44.2711, 49.8284], [44.2598, 49.8167], [44.1971, 49.8031], [44.1878, 49.7916], [44.1847, 49.771], [44.1622, 49.7738], [44.1575, 49.7815], [44.1433, 49.7779], [44.1594, 49.714], [44.0993, 49.6789], [44.1024, 49.6745], [44.0994, 49.6522], [44.0927, 49.6432], [44.0982, 49.6287], [44.1276, 49.636], [44.1669, 49.6311], [44.1577, 49.5962], [44.1803, 49.5805], [44.1852, 49.5712], [44.1943, 49.5747], [44.2041, 49.5641], [44.2349, 49.5658], [44.26, 49.5502], [44.2753, 49.5511], [44.2763, 49.5579], [44.2812, 49.5598], [44.289, 49.5549], [44.2849, 49.562], [44.2987, 49.5643], [44.3013, 49.5694], [44.2953, 49.5719], [44.305, 49.5756], [44.3073, 49.5856], [44.3153, 49.5855], [44.3224, 49.5958], [44.3202, 49.6005], [44.3277, 49.6023], [44.3235, 49.6067], [44.3283, 49.611], [44.325, 49.6132], [44.3322, 49.6194], [44.4078, 49.6151], [44.4045, 49.5873], [44.5067, 49.5751], [44.5173, 49.5502], [44.5015, 49.4939], [44.5339, 49.4881], [44.5361, 49.4801], [44.5495, 49.4788], [44.5713, 49.567], [44.6062, 49.5673], [44.6373, 49.5536], [44.6872, 49.5798], [44.716, 49.5565], [44.7853, 49.5932], [44.7894, 49.6244], [44.798, 49.6209], [44.808, 49.6304], [44.8195, 49.6327], [44.8159, 49.6404], [44.8299, 49.6431], [44.8617, 49.6669], [44.9445, 49.6526], [44.9426, 49.6802], [44.9823, 49.688], [45.0101, 49.6814], [45.0647, 49.7372], [45.0779, 49.7311], [45.0756, 49.7258], [45.1037, 49.7007], [45.1355, 49.7004], [45.1385, 49.703], [45.1306, 49.7066], [45.1441, 49.7544], [45.1544, 49.7522], [45.1539, 49.7575], [45.1627, 49.7618], [45.1607, 49.7658], [45.1803, 49.7732], [45.1757, 49.7758], [45.1743, 49.8162], [44.9901, 49.8477], [44.8686, 49.8969], [44.8892, 49.9104], [44.8904, 49.9217], [44.8755, 49.9483], [44.8769, 49.9572], [44.8475, 49.9923], [44.8354, 49.9957], [44.8175, 49.9913], [44.8156, 49.9968], [44.8239, 50.008], [44.8, 50.0125], [44.7939, 50.0287], [44.8003, 50.0374], [44.7931, 50.0425], [44.7907, 50.0529], [44.7918, 50.0787], [44.7646, 50.1013], [44.7663, 50.1229], [44.741, 50.1432], [44.6975, 50.1191], [44.6734, 50.094], [44.6695, 50.0765], [44.6425, 50.0848], [44.6308, 50.0805], [44.5748, 50.0821], [44.4969, 50.113], [44.5003, 50.1307], [44.4917, 50.1327], [44.4905, 50.1384], [44.4708, 50.1444], [44.4536, 50.14], [44.4239, 50.1468], [44.423, 50.1513], [44.428, 50.1525], [44.4138, 50.1602], [44.3787, 50.1576], [44.2918, 50.1073], [44.3027, 50.0941], [44.2597, 50.0935], [44.276, 50.0854], [44.2902, 50.055], [44.1969, 50.0635]]]}}, {"type": "Feature", "properties": {"osm_type": "relation", "osm_id": 302558015, "name": "Alexeyevsky district", "admin_level": "6", "kind": "subdivision_2", "parent_osm_id": 77665, "parent_name": "Volgograd Oblast", "parent_iso": "RU-VGG"}, "geometry": {"type": "Polygon", "coordinates": [[[42.6996, 50.2187], [42.6894, 50.2184], [42.664, 50.2293], [42.6433, 50.2191], [42.5855, 50.2439], [42.562, 50.277], [42.5622, 50.297], [42.5711, 50.297], [42.5713, 50.3408], [42.5984, 50.3425], [42.5849, 50.3589], [42.5928, 50.3771], [42.5412, 50.3788], [42.5559, 50.3924], [42.5533, 50.4154], [42.4689, 50.3916], [42.4692, 50.3738], [42.4064, 50.37], [42.3967, 50.3838], [42.3835, 50.3884], [42.3839, 50.399], [42.3694, 50.3984], [42.3678, 50.4133], [42.3537, 50.4127], [42.3527, 50.4217], [42.3386, 50.4209], [42.3376, 50.4308], [42.2828, 50.4281], [42.2744, 50.4312], [42.2767, 50.4385], [42.2546, 50.4516], [42.2394, 50.4518], [42.2441, 50.4703], [42.2543, 50.4725], [42.2535, 50.4762], [42.2398, 50.4783], [42.2444, 50.4973], [42.2348, 50.5029], [42.2172, 50.4971], [42.2191, 50.5008], [42.1885, 50.5076], [42.1885, 50.5246], [42.1455, 50.5245], [42.1456, 50.5334], [42.1315, 50.5335], [42.1311, 50.5032], [42.0775, 50.5035], [42.0791, 50.4273], [41.9888, 50.4064], [41.9611, 50.3955], [41.9593, 50.3869], [41.9719, 50.3899], [41.976, 50.3798], [41.9828, 50.3857], [41.9896, 50.3848], [41.9821, 50.3729], [42.0057, 50.3785], [42.0348, 50.3611], [42.0034, 50.3578], [41.9914, 50.3511], [41.9946, 50.3431], [42.0097, 50.3398], [42.0076, 50.3363], [41.9871, 50.3412], [41.9729, 50.3324], [41.995, 50.3213], [41.9787, 50.3119], [41.9789, 50.2853], [42.0129, 50.2529], [42.001, 50.239], [42.0147, 50.2315], [41.9978, 50.2117], [41.9943, 50.2156], [41.9868, 50.2135], [41.9736, 50.2013], [41.9841, 50.1954], [41.9797, 50.1909], [41.993, 50.1863], [41.9839, 50.1767], [41.9934, 50.1786], [41.9884, 50.1675], [41.9808, 50.1649], [41.9806, 50.1601], [41.9465, 50.1737], [41.9236, 50.1617], [41.9097, 50.1672], [41.8876, 50.1501], [41.9017, 50.1447], [41.9142, 50.1319], [41.8808, 50.1092], [41.8393, 50.1288], [41.8118, 50.1238], [41.8046, 50.108], [41.7936, 50.1042], [41.7987, 50.0622], [41.7836, 50.048], [41.7593, 50.0732], [41.7238, 50.072], [41.7212, 50.076], [41.7003, 50.054], [41.6863, 50.023], [41.6947, 50.019], [41.6531, 49.9542], [41.7221, 49.944], [41.7514, 49.9185], [41.8139, 49.9123], [41.834, 49.9174], [41.8319, 49.9228], [41.8485, 49.9427], [41.8429, 49.9456], [41.8459, 49.9555], [41.834, 49.9584], [41.8355, 49.974], [41.8926, 49.9655], [41.959, 49.9799], [41.9672, 49.9857], [41.9583, 49.9916], [41.9723, 49.9957], [41.9553, 50.023], [41.9691, 50.0269], [41.9726, 50.0335], [42.0075, 50.0332], [42.0383, 50.0461], [42.0777, 50.0176], [42.1941, 50.0199], [42.2378, 50.0272], [42.2991, 50.0284], [42.4077, 50.0059], [42.405, 50.0146], [42.4164, 50.0169], [42.4094, 50.0243], [42.4274, 50.0355], [42.433, 50.0468], [42.4498, 50.0426], [42.4543, 50.0462], [42.4449, 50.0541], [42.4222, 50.0596], [42.3958, 50.08], [42.4108, 50.0903], [42.389, 50.0972], [42.3921, 50.1125], [42.3979, 50.117], [42.4603, 50.1178], [42.475, 50.1377], [42.5262, 50.127], [42.5247, 50.1068], [42.6447, 50.099], [42.6558, 50.1124], [42.6489, 50.1135], [42.6534, 50.1195], [42.6672, 50.1169], [42.6642, 50.1227], [42.6722, 50.1248], [42.672, 50.1294], [42.6825, 50.1278], [42.6781, 50.1321], [42.6811, 50.1353], [42.6756, 50.1381], [42.689, 50.1376], [42.6822, 50.1419], [42.6916, 50.1532], [42.6994, 50.1524], [42.7017, 50.1591], [42.7191, 50.1648], [42.7341, 50.1641], [42.7389, 50.1692], [42.7282, 50.1692], [42.6979, 50.1874], [42.7186, 50.2091], [42.7072, 50.2182], [42.6996, 50.2187]]]}}, {"type": "Feature", "properties": {"osm_type": "relation", "osm_id": 394172006, "name": "Leninsky District", "admin_level": "6", "kind": "subdivision_2", "parent_osm_id": 77665, "parent_name": "Volgograd Oblast", "parent_iso": "RU-VGG"}, "geometry": {"type": "Polygon", "coordinates": [[[45.3575, 48.5506], [45.3617, 48.549], [45.3687, 48.5583], [45.3848, 48.5619], [45.3817, 48.5697], [45.3904, 48.5722], [45.3888, 48.5761], [45.3936, 48.5667], [45.4233, 48.571], [45.4249, 48.5778], [45.4327, 48.5806], [45.4338, 48.5902], [45.4452, 48.5859], [45.4468, 48.579], [45.4546, 48.5847], [45.4523, 48.5873], [45.4624, 48.5827], [45.4698, 48.5834], [45.4696, 48.5883], [45.5071, 48.575], [45.5252, 48.5931], [45.5337, 48.5908], [45.5326, 48.5949], [45.54, 48.5952], [45.5585, 48.5857], [45.5704, 48.606], [45.604, 48.6027], [45.6444, 48.6219], [45.6207, 48.6297], [45.6396, 48.9622], [45.6542, 48.9839], [45.6669, 49.0167], [45.6652, 49.1725], [45.6519, 49.166], [45.655, 49.2305], [45.6602, 49.2327], [45.655, 49.2326], [45.6577, 49.2827], [45.6638, 49.2825], [45.6625, 49.2985], [45.5747, 49.2999], [45.565, 49.2929], [45.577, 49.2861], [45.5388, 49.2638], [45.5732, 49.2421], [45.5329, 49.2109], [45.5014, 49.1952], [45.4879, 49.1966], [45.4661, 49.1834], [45.4549, 49.1834], [45.4311, 49.1647], [45.4215, 49.1742], [45.385, 49.159], [45.3952, 49.1491], [45.3318, 49.1147], [45.3679, 49.0574], [45.3619, 49.0553], [45.4106, 49.0013], [45.4154, 48.9319], [45.2694, 48.9283], [45.2742, 48.8779], [45.1788, 48.8783], [45.1775, 48.887], [45.0297, 48.8871], [45.0298, 48.8325], [45.0221, 48.8328], [45.0168, 48.827], [45.0676, 48.8084], [45.0848, 48.7794], [45.0709, 48.7651], [45.0136, 48.761], [45.0181, 48.743], [44.9767, 48.7206], [44.9625, 48.701], [44.9569, 48.7017], [44.9553, 48.6907], [44.9639, 48.6895], [44.971, 48.6776], [44.9884, 48.6753], [44.996, 48.6674], [45.0112, 48.6632], [45.0101, 48.6543], [45.0, 48.6554], [44.9985, 48.6458], [44.9927, 48.6461], [45.0, 48.638], [44.9949, 48.6357], [45.0002, 48.6313], [44.9953, 48.6198], [45.0018, 48.6168], [45.0097, 48.6202], [45.0106, 48.6032], [45.0173, 48.6009], [45.0131, 48.5995], [45.0243, 48.6008], [45.0242, 48.5975], [45.0311, 48.6022], [45.0392, 48.5946], [45.0482, 48.5938], [45.045, 48.5873], [45.0618, 48.5749], [44.9883, 48.5697], [44.9732, 48.5597], [44.961, 48.5624], [44.9376, 48.5548], [44.9364, 48.5511], [44.9462, 48.5467], [44.9495, 48.5297], [44.9261, 48.5083], [44.9314, 48.4959], [44.9545, 48.4975], [44.9888, 48.5141], [44.9744, 48.5214], [44.984, 48.5294], [45.0035, 48.5283], [45.0155, 48.5134], [44.9987, 48.5135], [44.9739, 48.4546], [44.9745, 48.4431], [45.0097, 48.4385], [45.0292, 48.4428], [45.0641, 48.4622], [45.1295, 48.4729], [45.1902, 48.4693], [45.1895, 48.4817], [45.1799, 48.4836], [45.1855, 48.4937], [45.1744, 48.5122], [45.213, 48.5141], [45.2212, 48.5094], [45.216, 48.506], [45.2037, 48.5111], [45.2134, 48.4939], [45.2001, 48.4859], [45.2439, 48.4838], [45.3034, 48.4478], [45.3294, 48.4497], [45.332, 48.4335], [45.3369, 48.4314], [45.3444, 48.436], [45.3418, 48.4483], [45.3471, 48.4568], [45.384, 48.4735], [45.3957, 48.4848], [45.4174, 48.492], [45.374, 48.5018], [45.3548, 48.5], [45.3408, 48.4923], [45.3483, 48.4805], [45.3244, 48.4832], [45.318, 48.4992], [45.327, 48.5138], [45.3158, 48.5159], [45.3141, 48.5201], [45.3057, 48.5072], [45.2871, 48.5164], [45.2696, 48.5158], [45.2661, 48.5223], [45.2325, 48.5131], [45.2186, 48.5284], [45.2236, 48.5333], [45.2058, 48.532], [45.2007, 48.5402], [45.2168, 48.5492], [45.217, 48.5533], [45.2128, 48.5527], [45.2157, 48.5561], [45.2475, 48.5538], [45.2518, 48.558], [45.2442, 48.5613], [45.2461, 48.567], [45.2677, 48.5632], [45.3027, 48.5731], [45.3034, 48.5574], [45.3204, 48.5575], [45.3284, 48.5496], [45.3388, 48.554], [45.3337, 48.5597], [45.3422, 48.5613], [45.3437, 48.5561], [45.3442, 48.5602], [45.348, 48.5583], [45.3474, 48.5525], [45.3541, 48.5556], [45.3575, 48.5506]]]}}, {"type": "Feature", "properties": {"osm_type": "relation", "osm_id": 466722091, "name": "Kumylzhensky District", "admin_level": "6", "kind": "subdivision_2", "parent_osm_id": 77665, "parent_name": "Volgograd Oblast", "parent_iso": "RU-VGG"}, "geometry": {"type": "Polygon", "coordinates": [[[42.6494, 50.1037], [42.6447, 50.099], [42.5247, 50.1068], [42.5262, 50.127], [42.475, 50.1377], [42.4603, 50.1178], [42.3979, 50.117], [42.3921, 50.1125], [42.389, 50.0972], [42.4108, 50.0903], [42.3958, 50.08], [42.4222, 50.0596], [42.4449, 50.0541], [42.4543, 50.0462], [42.4498, 50.0426], [42.433, 50.0468], [42.4274, 50.0355], [42.4094, 50.0243], [42.4164, 50.0169], [42.405, 50.0146], [42.4077, 50.0059], [42.2991, 50.0284], [42.2378, 50.0272], [42.1941, 50.0199], [42.0777, 50.0176], [42.0383, 50.0461], [42.0075, 50.0332], [41.9726, 50.0335], [41.9691, 50.0269], [41.9553, 50.023], [41.9723, 49.9957], [41.9583, 49.9916], [41.9672, 49.9857], [41.959, 49.9799], [41.8926, 49.9655], [41.8355, 49.974], [41.834, 49.9584], [41.8459, 49.9555], [41.8429, 49.9456], [41.8485, 49.9427], [41.8319, 49.9228], [41.834, 49.9174], [41.8777, 49.9073], [41.9208, 49.8501], [41.9849, 49.8351], [42.0647, 49.7702], [42.1243, 49.7413], [42.1676, 49.7041], [42.1844, 49.6757], [42.1271, 49.5922], [42.1411, 49.5864], [42.1682, 49.5922], [42.218, 49.5874], [42.2867, 49.6085], [42.3072, 49.606], [42.3208, 49.6096], [42.3215, 49.6158], [42.3041, 49.6212], [42.2983, 49.6362], [42.311, 49.6321], [42.3083, 49.6376], [42.3219, 49.6402], [42.3235, 49.6519], [42.3326, 49.6544], [42.3408, 49.6429], [42.3514, 49.6388], [42.3425, 49.6379], [42.3426, 49.6339], [42.3642, 49.631], [42.4067, 49.6083], [42.437, 49.613], [42.4662, 49.6108], [42.4605, 49.6037], [42.4613, 49.5965], [42.4553, 49.5943], [42.465, 49.5869], [42.4975, 49.5819], [42.5495, 49.59], [42.5842, 49.5891], [42.5924, 49.5917], [42.6003, 49.6055], [42.6091, 49.6101], [42.6278, 49.5953], [42.6399, 49.5752], [42.6495, 49.585], [42.6482, 49.5935], [42.6565, 49.5944], [42.651, 49.6029], [42.6601, 49.6052], [42.6627, 49.6118], [42.6353, 49.6473], [42.6207, 49.6523], [42.6212, 49.658], [42.6299, 49.6636], [42.6258, 49.673], [42.6363, 49.6686], [42.6349, 49.677], [42.6538, 49.6815], [42.6617, 49.6903], [42.6818, 49.6962], [42.6962, 49.7087], [42.7137, 49.707], [42.7255, 49.7145], [42.7456, 49.7148], [42.7552, 49.7303], [42.776, 49.7376], [42.7831, 49.7454], [42.8007, 49.7387], [42.8045, 49.7406], [42.803, 49.7536], [42.8188, 49.7608], [42.8231, 49.772], [42.8342, 49.7725], [42.8348, 49.7661], [42.8407, 49.7637], [42.8497, 49.766], [42.8464, 49.7777], [42.8499, 49.7833], [42.8724, 49.7809], [42.8966, 49.7982], [42.9387, 49.8014], [42.9425, 49.8103], [42.9549, 49.8139], [42.9458, 49.8208], [42.9468, 49.8259], [42.982, 49.8426], [42.9786, 49.8635], [42.9605, 49.881], [42.9463, 49.8815], [42.9398, 49.8894], [42.9129, 49.8961], [42.9, 49.9075], [42.8996, 49.924], [42.912, 49.9315], [42.8934, 49.9517], [42.893, 49.9855], [42.8271, 49.9907], [42.8334, 49.994], [42.8457, 50.0178], [42.7807, 50.0355], [42.7735, 50.066], [42.7555, 50.064], [42.7542, 50.0704], [42.7289, 50.0792], [42.7175, 50.0787], [42.7103, 50.0873], [42.6494, 50.1037]]]}}, {"type": "Feature", "properties": {"osm_type": "relation", "osm_id": 975573527, "name": "Kotelnikovsky District", "admin_level": "6", "kind": "subdivision_2", "parent_osm_id": 77665, "parent_name": "Volgograd Oblast", "parent_iso": "RU-VGG"}, "geometry": {"type": "Polygon", "coordinates": [[[43.4369, 47.472], [43.5872, 47.4857], [43.6403, 47.4611], [43.6575, 47.4437], [43.6632, 47.4539], [43.6867, 47.4502], [43.6868, 47.4564], [43.6939, 47.4607], [43.6878, 47.4665], [43.6942, 47.4675], [43.6909, 47.4722], [43.6999, 47.4659], [43.7139, 47.4678], [43.6676, 47.5489], [43.7284, 47.7572], [43.7058, 47.7618], [43.7307, 47.8429], [43.7243, 47.8483], [43.7438, 47.8771], [43.7227, 47.8806], [43.7161, 47.8753], [43.5509, 47.8997], [43.5411, 47.8862], [43.3822, 47.8827], [43.3838, 47.9045], [43.3993, 47.9524], [43.392, 47.9581], [43.397, 47.965], [43.3733, 47.9826], [43.3745, 47.9962], [43.3407, 47.9992], [43.3273, 47.9882], [43.3224, 47.9949], [43.3041, 47.9943], [43.2976, 47.9917], [43.2972, 47.9822], [43.2862, 47.9762], [43.2834, 47.9834], [43.2902, 47.9866], [43.2767, 47.9905], [43.2671, 47.984], [43.263, 47.9866], [43.2758, 47.9979], [43.2737, 48.0042], [43.2623, 47.9972], [43.2513, 48.0015], [43.2527, 48.0078], [43.2445, 48.0136], [43.2335, 48.0087], [43.2387, 48.0167], [43.2281, 48.0138], [43.2271, 48.0252], [43.2069, 48.0206], [43.2194, 48.0258], [43.2188, 48.0339], [43.2086, 48.0344], [43.2114, 48.0293], [43.1995, 48.0249], [43.1914, 48.0313], [43.1932, 48.0343], [43.1785, 48.0404], [43.1707, 48.0374], [43.1723, 48.0324], [43.1796, 48.0321], [43.168, 48.0285], [43.1479, 48.037], [43.0782, 48.0415], [43.0639, 48.0388], [43.0137, 48.0106], [42.9611, 48.0259], [42.9406, 47.9566], [42.93, 47.9375], [42.8737, 47.8736], [42.806, 47.8284], [42.7547, 47.7767], [42.7591, 47.7612], [42.7927, 47.7129], [42.8034, 47.7099], [42.8464, 47.6717], [42.8432, 47.6442], [42.851, 47.6441], [42.8688, 47.6332], [42.9255, 47.5191], [42.925, 47.5074], [42.9966, 47.5079], [43.0282, 47.5343], [43.0526, 47.5437], [43.0499, 47.5536], [43.1644, 47.5537], [43.1727, 47.5439], [43.1454, 47.5286], [43.1559, 47.5206], [43.16, 47.5038], [43.1501, 47.4764], [43.1547, 47.4661], [43.2511, 47.4474], [43.3146, 47.4476], [43.4021, 47.4701], [43.4369, 47.472]]]}}, {"type": "Feature", "properties": {"osm_type": "relation", "osm_id": 218482400, "name": "Uryupinsky District", "admin_level": "6", "kind": "subdivision_2", "parent_osm_id": 77665, "parent_name": "Volgograd Oblast", "parent_iso": "RU-VGG"}, "geometry": {"type": "Polygon", "coordinates": [[[41.2452, 50.798], [41.1681, 50.7745], [41.2059, 50.769], [41.2752, 50.7495], [41.3467, 50.7116], [41.4131, 50.6419], [41.421, 50.6516], [41.4403, 50.6558], [41.4468, 50.649], [41.5126, 50.6792], [41.5044, 50.6895], [41.5103, 50.6908], [41.5284, 50.6845], [41.5276, 50.6769], [41.5361, 50.6689], [41.5289, 50.65], [41.5372, 50.6419], [41.553, 50.6387], [41.5634, 50.6308], [41.6022, 50.6309], [41.5938, 50.6249], [41.5973, 50.6172], [41.6047, 50.6142], [41.6257, 50.6219], [41.6199, 50.6282], [41.6551, 50.6231], [41.6516, 50.6177], [41.6453, 50.6183], [41.6552, 50.6115], [41.6602, 50.5983], [41.7458, 50.5952], [41.7869, 50.6188], [41.8647, 50.6243], [41.8885, 50.621], [41.8853, 50.6158], [41.8888, 50.6069], [41.8788, 50.602], [41.8864, 50.5917], [41.8813, 50.5802], [41.9407, 50.5615], [41.9371, 50.5563], [41.9243, 50.5555], [41.9096, 50.5383], [41.9069, 50.5276], [41.9134, 50.5111], [41.9397, 50.4971], [41.933, 50.4842], [41.9498, 50.4639], [41.9381, 50.4596], [41.9462, 50.4531], [41.9412, 50.4476], [41.9486, 50.4414], [41.9352, 50.434], [41.9305, 50.4237], [41.9181, 50.433], [41.9097, 50.4301], [41.9321, 50.4095], [41.9611, 50.3955], [41.9888, 50.4064], [42.0791, 50.4273], [42.0775, 50.5035], [42.1311, 50.5032], [42.1318, 50.6175], [42.1364, 50.6295], [42.1256, 50.6458], [42.1271, 50.6507], [42.1333, 50.6508], [42.15, 50.6439], [42.1503, 50.6769], [42.2089, 50.6776], [42.2093, 50.6434], [42.2167, 50.6414], [42.2164, 50.634], [42.2787, 50.6341], [42.3172, 50.624], [42.317, 50.6168], [42.3695, 50.6114], [42.3693, 50.6329], [42.3585, 50.6392], [42.3607, 50.6494], [42.3516, 50.6559], [42.3533, 50.6606], [42.3398, 50.6676], [42.3312, 50.6793], [42.32, 50.6829], [42.3226, 50.7181], [42.3418, 50.7118], [42.3423, 50.7181], [42.347, 50.7113], [42.3755, 50.7064], [42.3331, 50.7425], [42.3379, 50.7498], [42.402, 50.7497], [42.4119, 50.7592], [42.4123, 50.7737], [42.4028, 50.7762], [42.3911, 50.7907], [42.3142, 50.7814], [42.3132, 50.7977], [42.3003, 50.8095], [42.2926, 50.8352], [42.3329, 50.8368], [42.3322, 50.8432], [42.3106, 50.8443], [42.3074, 50.8503], [42.3237, 50.8514], [42.323, 50.8546], [42.3133, 50.8533], [42.3009, 50.8589], [42.3047, 50.8613], [42.3014, 50.8771], [42.273, 50.8753], [42.2709, 50.8848], [42.2594, 50.8805], [42.2593, 50.8869], [42.2022, 50.8881], [42.1883, 50.8832], [42.1878, 50.8953], [42.1832, 50.8961], [42.1856, 50.9001], [42.1754, 50.9172], [42.2201, 50.9171], [42.2191, 50.932], [42.2335, 50.9325], [42.2313, 50.9776], [42.2597, 50.978], [42.2578, 51.0314], [42.2152, 51.042], [42.2027, 51.04], [42.1914, 51.0265], [42.1774, 51.0399], [42.1941, 51.057], [42.2042, 51.0609], [42.2008, 51.0641], [42.2261, 51.069], [42.2233, 51.0736], [42.1945, 51.069], [42.1839, 51.0781], [42.189, 51.0814], [42.1969, 51.0782], [42.2264, 51.0805], [42.2424, 51.0884], [42.2446, 51.0935], [42.2338, 51.1113], [42.2398, 51.1165], [42.2488, 51.1142], [42.2535, 51.1076], [42.2645, 51.1138], [42.2616, 51.122], [42.2649, 51.1239], [42.2864, 51.1236], [42.2805, 51.1375], [42.1747, 51.1359], [42.0873, 51.148], [42.0246, 51.1707], [41.9842, 51.177], [41.9773, 51.1901], [41.965, 51.1955], [41.9433, 51.1967], [41.9281, 51.1941], [41.8578, 51.159], [41.82, 51.1184], [41.7964, 51.0801], [41.7878, 51.0463], [41.7924, 51.0411], [41.7879, 51.0337], [41.7772, 51.0325], [41.7655, 51.0223], [41.7737, 51.0204], [41.7744, 51.0161], [41.7508, 51.0062], [41.7333, 51.003], [41.7093, 51.0059], [41.6861, 50.9955], [41.6129, 50.9835], [41.5373, 50.9587], [41.5338, 50.9485], [41.5252, 50.9462], [41.5092, 50.9548], [41.4711, 50.9499], [41.4283, 50.9159], [41.4272, 50.899], [41.4185, 50.8899], [41.4249, 50.8673], [41.4205, 50.8323], [41.3928, 50.8424], [41.3558, 50.827], [41.2452, 50.798]], [[41.9487, 50.775], [41.968, 50.7817], [41.9781, 50.7775], [41.9715, 50.7878], [41.9824, 50.8009], [41.9786, 50.8066], [41.9853, 50.8061], [41.9769, 50.8107], [41.9799, 50.818], [42.0074, 50.8229], [42.011, 50.8177], [42.0302, 50.8157], [42.0896, 50.8181], [42.0909, 50.8055], [42.0809, 50.8063], [42.0792, 50.7953], [42.0844, 50.7835], [42.0957, 50.7807], [42.0943, 50.7752], [42.0837, 50.7703], [42.0511, 50.7869], [42.0093, 50.7631], [42.0095, 50.758], [41.9487, 50.775]]]}}, {"type": "Feature", "properties": {"osm_type": "relation", "osm_id": 853164262, "name": "Nekhayevsky District", "admin_level": "6", "kind": "subdivision_2", "parent_osm_id": 77665, "parent_name": "Volgograd Oblast", "parent_iso": "RU-VGG"}, "geometry": {"type": "Polygon", "coordinates": [[[41.6174, 49.9596], [41.6531, 49.9542], [41.6947, 50.019], [41.6863, 50.023], [41.7003, 50.054], [41.7212, 50.076], [41.7238, 50.072], [41.7593, 50.0732], [41.7836, 50.048], [41.7987, 50.0622], [41.7936, 50.1042], [41.8046, 50.108], [41.8118, 50.1238], [41.8393, 50.1288], [41.8808, 50.1092], [41.9142, 50.1319], [41.9017, 50.1447], [41.8876, 50.1501], [41.9097, 50.1672], [41.9236, 50.1617], [41.9465, 50.1737], [41.9806, 50.1601], [41.9808, 50.1649], [41.9884, 50.1675], [41.9934, 50.1786], [41.9839, 50.1767], [41.993, 50.1863], [41.9797, 50.1909], [41.9841, 50.1954], [41.9736, 50.2013], [41.9868, 50.2135], [41.9943, 50.2156], [41.9978, 50.2117], [42.0147, 50.2315], [42.001, 50.239], [42.0129, 50.2529], [41.9789, 50.2853], [41.9787, 50.3119], [41.995, 50.3213], [41.9729, 50.3324], [41.9871, 50.3412], [42.0076, 50.3363], [42.0097, 50.3398], [41.9946, 50.3431], [41.9914, 50.3511], [42.0034, 50.3578], [42.0348, 50.3611], [42.0057, 50.3785], [41.9821, 50.3729], [41.9896, 50.3848], [41.9828, 50.3857], [41.976, 50.3798], [41.9719, 50.3899], [41.9593, 50.3869], [41.9575, 50.3993], [41.9321, 50.4095], [41.9097, 50.4301], [41.9181, 50.433], [41.9305, 50.4237], [41.9352, 50.434], [41.9486, 50.4414], [41.9412, 50.4476], [41.9462, 50.4531], [41.9381, 50.4596], [41.9498, 50.4639], [41.933, 50.4842], [41.9397, 50.4971], [41.9134, 50.5111], [41.9069, 50.5276], [41.9096, 50.5383], [41.9243, 50.5555], [41.9371, 50.5563], [41.9407, 50.5615], [41.8813, 50.5802], [41.8864, 50.5917], [41.8788, 50.602], [41.8888, 50.6069], [41.8853, 50.6158], [41.8885, 50.621], [41.8647, 50.6243], [41.7869, 50.6188], [41.7458, 50.5952], [41.6602, 50.5983], [41.6552, 50.6115], [41.6453, 50.6183], [41.6516, 50.6177], [41.6551, 50.6231], [41.6199, 50.6282], [41.6257, 50.6219], [41.6047, 50.6142], [41.5973, 50.6172], [41.5938, 50.6249], [41.6022, 50.6309], [41.5634, 50.6308], [41.553, 50.6387], [41.5372, 50.6419], [41.5289, 50.65], [41.5361, 50.6689], [41.5276, 50.6769], [41.5284, 50.6845], [41.5103, 50.6908], [41.5044, 50.6895], [41.5126, 50.6792], [41.4468, 50.649], [41.4403, 50.6558], [41.421, 50.6516], [41.4131, 50.6419], [41.4478, 50.6062], [41.5173, 50.609], [41.5391, 50.5744], [41.4878, 50.5637], [41.4205, 50.4989], [41.4964, 50.4199], [41.5222, 50.3626], [41.4176, 50.2428], [41.3822, 50.2272], [41.4565, 50.1312], [41.4847, 50.1027], [41.4938, 50.0812], [41.5086, 50.0849], [41.5163, 50.0752], [41.5746, 50.061], [41.6108, 50.0415], [41.6002, 50.0333], [41.591, 50.0086], [41.5765, 49.9924], [41.6174, 49.9596]]]}}]}