{"type": "FeatureCollection", "parent": {"osm_id": 77677, "name": "Bashkortostan", "admin_level": "4", "kind": "subdivision_1", "child_kind": "subdivision_2", "iso": "RU-BA"}, "features": [{"type": "Feature", "properties": {"osm_type": "relation", "osm_id": 453716306, "name": "Bakalinsky District", "admin_level": "6", "kind": "subdivision_2", "parent_osm_id": 77677, "parent_name": "Bashkortostan", "parent_iso": "RU-BA"}, "geometry": {"type": "Polygon", "coordinates": [[[53.8029, 55.3484], [53.7732, 55.3404], [53.7725, 55.3482], [53.7228, 55.3263], [53.6904, 55.3271], [53.6856, 55.3193], [53.6888, 55.2967], [53.6759, 55.292], [53.6829, 55.2878], [53.678, 55.2853], [53.6856, 55.277], [53.6731, 55.2884], [53.6023, 55.2626], [53.6279, 55.2274], [53.6166, 55.2143], [53.5164, 55.214], [53.5081, 55.2194], [53.4829, 55.2166], [53.4666, 55.2285], [53.427, 55.23], [53.3622, 55.2021], [53.3647, 55.1977], [53.3982, 55.1919], [53.3713, 55.1731], [53.3684, 55.1792], [53.3187, 55.1622], [53.255, 55.1753], [53.2414, 55.1746], [53.208, 55.1588], [53.1583, 55.1657], [53.1611, 55.114], [53.1703, 55.1052], [53.2595, 55.1024], [53.2648, 55.0984], [53.263, 55.0884], [53.2695, 55.0781], [53.294, 55.0707], [53.2695, 55.0487], [53.2764, 55.041], [53.2985, 55.0463], [53.3173, 55.0447], [53.3258, 55.0341], [53.3143, 55.0262], [53.3184, 55.0219], [53.3723, 55.025], [53.3807, 55.0201], [53.3797, 55.0167], [53.3851, 55.0186], [53.3831, 55.0125], [53.3948, 55.015], [53.4062, 55.0101], [53.4023, 55.0044], [53.4122, 55.0054], [53.4377, 54.9907], [53.4427, 54.9946], [53.4751, 54.9783], [53.4731, 54.9758], [53.4846, 54.9669], [53.4786, 54.9663], [53.481, 54.9603], [53.4687, 54.9616], [53.475, 54.9513], [53.4882, 54.9487], [53.4913, 54.9403], [53.5149, 54.9316], [53.5182, 54.925], [53.5079, 54.9223], [53.5081, 54.9133], [53.5426, 54.8986], [53.5417, 54.8867], [53.5506, 54.8854], [53.5534, 54.8785], [53.5884, 54.8859], [53.5948, 54.8928], [53.6147, 54.8985], [53.6171, 54.9062], [53.6377, 54.9108], [53.6731, 54.9478], [53.6559, 54.9548], [53.6608, 54.9698], [53.7015, 54.9883], [53.7173, 54.98], [53.7456, 54.9838], [53.7442, 54.9943], [53.7513, 54.9949], [53.7657, 54.9865], [53.8107, 55.0113], [53.8639, 55.0088], [53.9061, 54.9989], [53.9136, 54.9915], [53.9366, 55.0093], [53.9605, 55.0101], [53.9732, 55.0034], [53.9665, 54.988], [54.0169, 55.0039], [54.0409, 55.0241], [54.0385, 55.0293], [54.0457, 55.0315], [54.1017, 55.0193], [54.096, 54.9998], [54.1656, 54.9896], [54.1654, 55.0004], [54.1927, 54.9941], [54.1943, 55.0068], [54.1707, 55.0087], [54.1737, 55.0241], [54.2082, 55.0214], [54.2083, 55.0278], [54.2277, 55.0442], [54.208, 55.0536], [54.2151, 55.079], [54.2258, 55.0777], [54.2285, 55.0828], [54.2186, 55.0869], [54.2307, 55.0961], [54.2302, 55.1055], [54.1735, 55.1028], [54.1616, 55.1146], [54.1756, 55.1213], [54.1596, 55.1332], [54.1826, 55.1459], [54.2095, 55.1742], [54.2193, 55.1913], [54.1984, 55.2025], [54.2085, 55.2176], [54.2025, 55.2373], [54.2052, 55.2486], [54.2003, 55.2559], [54.1879, 55.2599], [54.1516, 55.2339], [54.1304, 55.2449], [54.1372, 55.2494], [54.1194, 55.2723], [54.1342, 55.2802], [54.1076, 55.2968], [54.0912, 55.2969], [54.0885, 55.3031], [54.0806, 55.3056], [54.0842, 55.3219], [54.0154, 55.3162], [54.0031, 55.3211], [53.9822, 55.3206], [53.9789, 55.3273], [53.9671, 55.3259], [53.9716, 55.3342], [53.9528, 55.3434], [53.9404, 55.348], [53.9209, 55.3453], [53.862, 55.3659], [53.8262, 55.3507], [53.8248, 55.3459], [53.8029, 55.3484]]]}}, {"type": "Feature", "properties": {"osm_type": "relation", "osm_id": 164092389, "name": "Tatyshlinsky District", "admin_level": "6", "kind": "subdivision_2", "parent_osm_id": 77677, "parent_name": "Bashkortostan", "parent_iso": "RU-BA"}, "geometry": {"type": "Polygon", "coordinates": [[[55.3511, 56.3179], [55.3332, 56.2845], [55.3583, 56.2733], [55.362, 56.2597], [55.3788, 56.2371], [55.4299, 56.2448], [55.4729, 56.2162], [55.4608, 56.2033], [55.4406, 56.1951], [55.4534, 56.1715], [55.4415, 56.1339], [55.4459, 56.123], [55.4355, 56.098], [55.4477, 56.0903], [55.4866, 56.0815], [55.4844, 56.0788], [55.4969, 56.0688], [55.5531, 56.0857], [55.5676, 56.0814], [55.6111, 56.0884], [55.6788, 56.0896], [55.6794, 56.0949], [55.7015, 56.0934], [55.7183, 56.1094], [55.7428, 56.107], [55.788, 56.1229], [55.8369, 56.1242], [55.8452, 56.1353], [55.8724, 56.1223], [55.8781, 56.1435], [55.8991, 56.1543], [55.9212, 56.154], [55.9422, 56.134], [55.9775, 56.1404], [55.9908, 56.1471], [55.9912, 56.1621], [56.0015, 56.1604], [56.0144, 56.15], [56.0212, 56.1302], [56.033, 56.1294], [56.0538, 56.1481], [56.0831, 56.1435], [56.083, 56.1514], [56.0964, 56.1497], [56.1041, 56.1573], [56.1074, 56.1516], [56.1222, 56.1587], [56.1221, 56.1662], [56.1339, 56.1672], [56.1329, 56.1751], [56.1544, 56.169], [56.1483, 56.1757], [56.1562, 56.1793], [56.1462, 56.1869], [56.158, 56.1972], [56.1628, 56.1922], [56.1672, 56.1939], [56.1718, 56.2093], [56.1768, 56.2078], [56.1652, 56.2203], [56.1837, 56.2289], [56.1694, 56.2362], [56.2025, 56.2788], [56.2014, 56.2853], [56.1871, 56.2822], [56.191, 56.291], [56.2044, 56.2966], [56.1948, 56.3025], [56.202, 56.3167], [56.1623, 56.3172], [56.1631, 56.3133], [56.1226, 56.3102], [56.1201, 56.3075], [56.1274, 56.3033], [56.1128, 56.2997], [56.1133, 56.2948], [56.0758, 56.2909], [56.0794, 56.2951], [56.0511, 56.3142], [56.0546, 56.32], [56.049, 56.3292], [56.0404, 56.3328], [56.0421, 56.3399], [56.0175, 56.3397], [55.9782, 56.3608], [55.9772, 56.3656], [55.9525, 56.3738], [55.9503, 56.3832], [55.9415, 56.3887], [55.9472, 56.3964], [55.9465, 56.4066], [55.932, 56.4194], [55.9199, 56.4495], [55.9085, 56.4561], [55.8792, 56.4567], [55.8752, 56.4545], [55.8762, 56.4485], [55.867, 56.443], [55.8776, 56.4408], [55.8748, 56.4327], [55.8368, 56.4206], [55.7894, 56.4356], [55.7743, 56.4459], [55.739, 56.4305], [55.7073, 56.4357], [55.692, 56.4085], [55.6696, 56.4097], [55.6677, 56.4022], [55.6493, 56.4019], [55.6333, 56.3958], [55.6279, 56.4007], [55.5736, 56.3918], [55.5373, 56.38], [55.522, 56.3807], [55.5092, 56.3606], [55.4933, 56.3555], [55.4596, 56.3316], [55.4221, 56.331], [55.4048, 56.3267], [55.4024, 56.32], [55.3852, 56.3171], [55.3683, 56.3237], [55.3511, 56.3179]]]}}, {"type": "Feature", "properties": {"osm_type": "relation", "osm_id": 970240768, "name": "Zianchurinsky District", "admin_level": "6", "kind": "subdivision_2", "parent_osm_id": 77677, "parent_name": "Bashkortostan", "parent_iso": "RU-BA"}, "geometry": {"type": "Polygon", "coordinates": [[[56.426, 52.2926], [56.4028, 52.2831], [56.3592, 52.2805], [56.3141, 52.2561], [56.3241, 52.2475], [56.286, 52.2388], [56.2739, 52.2312], [56.2809, 52.2241], [56.2609, 52.2033], [56.2379, 52.2187], [56.2005, 52.1653], [56.2014, 52.1402], [56.2682, 52.1219], [56.2938, 52.129], [56.3408, 52.1298], [56.3485, 52.1321], [56.3468, 52.1521], [56.3517, 52.1589], [56.3816, 52.1607], [56.3858, 52.1722], [56.4106, 52.185], [56.4167, 52.183], [56.4266, 52.1911], [56.4204, 52.1942], [56.4278, 52.2007], [56.4723, 52.2139], [56.474, 52.1986], [56.4371, 52.1964], [56.4347, 52.1904], [56.4465, 52.19], [56.4489, 52.1842], [56.3985, 52.1609], [56.4267, 52.1453], [56.4386, 52.1479], [56.4709, 52.1688], [56.4867, 52.1622], [56.4979, 52.166], [56.5179, 52.1578], [56.5376, 52.1576], [56.5443, 52.1485], [56.6149, 52.1298], [56.6224, 52.1242], [56.6178, 52.0996], [56.5855, 52.0788], [56.6031, 52.0648], [56.6083, 52.0699], [56.6064, 52.0807], [56.6276, 52.0857], [56.6252, 52.0898], [56.6331, 52.092], [56.6295, 52.096], [56.644, 52.0972], [56.6667, 52.0856], [56.6828, 52.0671], [56.7046, 52.0601], [56.6832, 52.0319], [56.6787, 52.0159], [56.6818, 52.0123], [56.6591, 51.9857], [56.6626, 51.9799], [56.6489, 51.9607], [56.6826, 51.959], [56.6812, 51.9523], [56.6945, 51.9532], [56.6972, 51.943], [56.7211, 51.9461], [56.7261, 51.9265], [56.739, 51.9253], [56.738, 51.9119], [56.7235, 51.8971], [56.7028, 51.9032], [56.7055, 51.9065], [56.6349, 51.8985], [56.6402, 51.8802], [56.6281, 51.8777], [56.623, 51.8695], [56.6125, 51.8346], [56.6919, 51.8102], [56.7408, 51.7783], [56.7613, 51.7803], [56.8067, 51.7426], [56.7732, 51.734], [56.7458, 51.7359], [56.7512, 51.7174], [56.767, 51.6937], [56.7682, 51.6848], [56.7592, 51.6764], [56.7734, 51.6729], [56.7521, 51.6318], [56.7311, 51.6152], [56.7312, 51.5868], [56.8141, 51.5875], [56.8179, 51.5919], [56.8923, 51.6064], [56.8952, 51.6472], [56.8854, 51.6514], [56.8861, 51.6771], [56.8743, 51.6852], [56.8654, 51.7013], [56.8009, 51.7507], [56.8153, 51.7591], [56.8208, 51.7555], [56.8425, 51.7648], [56.864, 51.743], [56.8782, 51.7376], [56.8944, 51.7418], [56.8988, 51.7352], [56.9435, 51.734], [56.9585, 51.7458], [56.9693, 51.7362], [56.9693, 51.7238], [56.9969, 51.7205], [56.9927, 51.7106], [56.9969, 51.7076], [56.9977, 51.6836], [56.9933, 51.6824], [57.0027, 51.667], [57.0397, 51.6632], [57.0478, 51.6668], [57.0956, 51.667], [57.1605, 51.5757], [57.1982, 51.5696], [57.2205, 51.5757], [57.2254, 51.5902], [57.3058, 51.6071], [57.2936, 51.6295], [57.3319, 51.6498], [57.3605, 51.6533], [57.4061, 51.6891], [57.3959, 51.7273], [57.4002, 51.747], [57.3855, 51.7597], [57.3558, 51.7622], [57.3535, 51.7802], [57.3457, 51.7831], [57.3097, 51.7745], [57.3012, 51.7915], [57.3012, 51.8027], [57.3327, 51.822], [57.3548, 51.8438], [57.3455, 51.8584], [57.3566, 51.873], [57.3567, 51.8841], [57.3403, 51.891], [57.3372, 51.9002], [57.349, 51.8997], [57.3607, 51.8924], [57.3647, 51.8977], [57.3467, 51.908], [57.3255, 51.909], [57.3217, 51.9279], [57.3486, 51.9497], [57.3354, 51.9735], [57.3252, 51.977], [57.3029, 51.9738], [57.3011, 51.9824], [57.1541, 51.9944], [57.138, 51.9912], [57.1396, 52.0032], [57.123, 52.0079], [57.1357, 52.0171], [57.1523, 52.0194], [57.1293, 52.0271], [57.1291, 52.0333], [57.1165, 52.0346], [57.1078, 52.0455], [57.1189, 52.0466], [57.1141, 52.051], [57.1238, 52.05], [57.1173, 52.0651], [57.1242, 52.0752], [57.1447, 52.0865], [57.1454, 52.1055], [57.1052, 52.13], [57.116, 52.144], [57.0941, 52.1385], [57.0948, 52.1448], [57.0845, 52.1473], [57.0373, 52.1351], [57.0226, 52.1386], [57.0242, 52.1444], [57.041, 52.1531], [57.0467, 52.1654], [57.0334, 52.1884], [57.0164, 52.1918], [57.0089, 52.1878], [56.9945, 52.2195], [56.9508, 52.2094], [56.9525, 52.2443], [57.0281, 52.2535], [57.0399, 52.2494], [57.049, 52.2537], [57.0468, 52.2601], [57.0618, 52.2784], [57.0566, 52.2989], [57.0701, 52.3232], [57.064, 52.33], [56.9648, 52.3446], [56.9689, 52.3762], [56.9422, 52.436], [56.8646, 52.443], [56.8624, 52.4266], [56.8312, 52.4281], [56.8268, 52.4112], [56.7991, 52.4122], [56.7959, 52.3977], [56.7664, 52.3978], [56.7661, 52.3804], [56.7321, 52.3819], [56.7232, 52.3513], [56.6474, 52.3543], [56.644, 52.3316], [56.6505, 52.3254], [56.6455, 52.3032], [56.6126, 52.2912], [56.5747, 52.2694], [56.5625, 52.2594], [56.5613, 52.2436], [56.5133, 52.2337], [56.4716, 52.2336], [56.4756, 52.2593], [56.4405, 52.2638], [56.4378, 52.2717], [56.4224, 52.2742], [56.4266, 52.277], [56.4206, 52.2825], [56.426, 52.2926]]]}}, {"type": "Feature", "properties": {"osm_type": "relation", "osm_id": 459602240, "name": "Ishimbaysky District", "admin_level": "6", "kind": "subdivision_2", "parent_osm_id": 77677, "parent_name": "Bashkortostan", "parent_iso": "RU-BA"}, "geometry": {"type": "Polygon", "coordinates": [[[55.99, 53.3216], [56.0027, 53.2777], [55.9719, 53.2491], [55.9543, 53.2459], [55.9653, 53.2314], [56.2015, 53.2331], [56.1938, 53.2232], [56.1982, 53.2204], [56.2016, 53.2248], [56.2341, 53.2266], [56.2431, 53.2172], [56.2167, 53.2196], [56.2011, 53.2042], [56.1857, 53.2066], [56.1843, 53.2036], [56.1922, 53.1994], [56.1756, 53.1764], [56.196, 53.1645], [56.2105, 53.1707], [56.227, 53.1698], [56.2799, 53.1542], [56.3194, 53.1232], [56.3366, 53.1215], [56.3386, 53.1145], [56.3465, 53.1136], [56.3478, 53.1231], [56.3689, 53.1188], [56.3927, 53.1283], [56.4293, 53.1285], [56.4326, 53.1423], [56.4598, 53.1527], [56.4656, 53.1613], [56.4873, 53.2246], [56.4113, 53.2321], [56.4034, 53.2383], [56.4062, 53.2803], [56.6477, 53.2548], [56.8218, 53.2302], [56.8478, 53.2209], [56.8383, 53.2858], [56.8628, 53.2853], [56.8711, 53.3073], [56.9069, 53.3129], [56.9152, 53.3314], [56.9088, 53.3364], [56.9107, 53.3561], [56.9461, 53.3567], [56.9485, 53.3697], [56.9982, 53.37], [56.9982, 53.4026], [57.0174, 53.4023], [57.0193, 53.4132], [57.0621, 53.4141], [57.0621, 53.4193], [57.0543, 53.4249], [57.0587, 53.4299], [57.0828, 53.422], [57.0946, 53.4281], [57.1064, 53.4258], [57.1094, 53.4378], [57.0912, 53.4514], [57.0947, 53.4652], [57.0849, 53.4622], [57.0829, 53.4661], [57.0996, 53.4702], [57.0962, 53.4734], [57.1208, 53.4769], [57.1302, 53.4869], [57.145, 53.4884], [57.1396, 53.4934], [57.1456, 53.5054], [57.1426, 53.5092], [57.1574, 53.5118], [57.1609, 53.5242], [57.1768, 53.5386], [57.2, 53.5435], [57.2016, 53.5723], [57.2086, 53.59], [57.2032, 53.5947], [57.1686, 53.5915], [57.1593, 53.6121], [57.1693, 53.6538], [57.1491, 53.6562], [57.1651, 53.6952], [57.1687, 53.737], [57.1102, 53.7412], [57.1032, 53.7356], [57.07, 53.7385], [56.9288, 53.728], [56.9302, 53.7424], [56.9431, 53.7606], [56.9376, 53.7697], [56.9401, 53.7882], [56.9743, 53.8282], [56.9673, 53.8338], [56.9693, 53.8411], [56.9599, 53.8467], [56.9291, 53.8479], [56.8638, 53.8171], [56.7802, 53.8292], [56.719, 53.8187], [56.6611, 53.804], [56.6573, 53.798], [56.6455, 53.7967], [56.6109, 53.8058], [56.5783, 53.8011], [56.5708, 53.8045], [56.5546, 53.7796], [56.5993, 53.7718], [56.6175, 53.7755], [56.6152, 53.7696], [56.6476, 53.763], [56.6247, 53.7259], [56.6096, 53.7279], [56.5638, 53.6993], [56.5438, 53.703], [56.5495, 53.7142], [56.539, 53.7192], [56.5336, 53.7469], [56.5131, 53.7424], [56.5031, 53.7488], [56.502, 53.7538], [56.5114, 53.7569], [56.5127, 53.7654], [56.5033, 53.7664], [56.4954, 53.7604], [56.4972, 53.7525], [56.4893, 53.7388], [56.4917, 53.7188], [56.4715, 53.7055], [56.4744, 53.7017], [56.467, 53.6927], [56.4301, 53.6938], [56.4198, 53.6835], [56.4015, 53.6867], [56.3874, 53.6988], [56.3959, 53.7011], [56.3848, 53.7119], [56.4004, 53.7105], [56.3947, 53.7151], [56.404, 53.7286], [56.378, 53.7266], [56.3719, 53.7309], [56.376, 53.7332], [56.3474, 53.7342], [56.3403, 53.7196], [56.3427, 53.703], [56.2818, 53.6871], [56.2643, 53.6663], [56.2656, 53.6626], [56.2398, 53.6578], [56.2284, 53.6499], [56.1782, 53.6567], [56.1876, 53.6844], [56.1613, 53.6861], [56.1649, 53.7017], [56.1565, 53.6966], [56.159, 53.6834], [56.1243, 53.6875], [56.1277, 53.7162], [56.0963, 53.7125], [56.0649, 53.7185], [56.065, 53.7131], [56.075, 53.7075], [56.0757, 53.6997], [56.0668, 53.6867], [56.0855, 53.6812], [56.0799, 53.6651], [56.0709, 53.6654], [56.0669, 53.6766], [56.0599, 53.6772], [56.0472, 53.6691], [56.0504, 53.6597], [55.9931, 53.6597], [55.9952, 53.6423], [56.018, 53.6314], [56.0228, 53.6235], [56.0475, 53.6268], [56.0583, 53.6184], [56.0533, 53.6074], [56.0212, 53.6073], [56.0197, 53.6039], [56.036, 53.5978], [56.0449, 53.5823], [56.0191, 53.5753], [56.0198, 53.5711], [56.0284, 53.5698], [56.0456, 53.5779], [56.0489, 53.5716], [56.0346, 53.5673], [56.0318, 53.5606], [56.0387, 53.5581], [56.053, 53.5627], [56.0605, 53.5574], [56.0553, 53.5523], [56.0354, 53.5483], [56.0479, 53.5406], [56.0451, 53.5345], [55.9962, 53.5302], [55.9955, 53.5175], [55.9822, 53.5178], [55.9696, 53.511], [55.9869, 53.4952], [56.0175, 53.4953], [56.0218, 53.4914], [56.0187, 53.4866], [56.0022, 53.4832], [55.9951, 53.4731], [56.0022, 53.461], [55.9782, 53.4586], [55.9774, 53.4492], [55.9648, 53.4315], [55.9767, 53.4274], [55.9761, 53.4227], [55.9915, 53.4139], [55.9841, 53.4035], [55.9946, 53.4009], [55.9862, 53.395], [55.9944, 53.384], [55.9839, 53.3777], [55.9907, 53.3732], [55.9925, 53.3575], [56.001, 53.3549], [56.0009, 53.3471], [55.9716, 53.3424], [55.9918, 53.329], [55.9937, 53.324], [55.99, 53.3216]], [[56.0875, 53.6838], [56.0964, 53.69], [56.1035, 53.682], [56.0981, 53.6795], [56.0875, 53.6838]]]}}, {"type": "Feature", "properties": {"osm_type": "relation", "osm_id": 328163727, "name": "Blagoveshchensky District", "admin_level": "6", "kind": "subdivision_2", "parent_osm_id": 77677, "parent_name": "Bashkortostan", "parent_iso": "RU-BA"}, "geometry": {"type": "Polygon", "coordinates": [[[55.7204, 55.1713], [55.707, 55.1615], [55.7061, 55.1379], [55.7339, 55.0966], [55.7307, 55.0907], [55.6994, 55.0823], [55.693, 55.071], [55.6996, 55.0591], [55.7292, 55.0484], [55.7443, 55.0525], [55.7431, 55.036], [55.759, 55.0316], [55.8129, 55.0535], [55.8225, 55.0516], [55.8248, 55.0303], [55.8347, 55.0375], [55.8587, 55.0219], [55.8483, 55.0125], [55.8508, 55.0067], [55.9025, 54.9833], [55.9114, 54.9879], [55.9543, 54.9671], [55.9693, 54.9752], [55.9855, 54.9947], [55.9796, 54.9702], [55.9542, 54.9419], [55.9667, 54.9275], [55.9635, 54.9265], [55.9697, 54.9165], [55.9928, 54.9067], [56.0148, 54.9209], [56.0143, 54.9294], [56.0395, 54.9307], [56.0499, 54.9497], [56.0665, 54.9505], [56.0704, 54.9556], [56.0757, 54.9382], [56.0989, 54.9405], [56.1005, 54.9519], [56.1323, 54.9599], [56.1439, 54.9539], [56.1521, 54.9552], [56.1412, 54.9486], [56.1518, 54.946], [56.1554, 54.94], [56.1522, 54.938], [56.2184, 54.9668], [56.243, 54.9665], [56.259, 54.9751], [56.2808, 54.9633], [56.2942, 54.966], [56.3028, 54.9619], [56.3098, 54.9705], [56.3182, 54.9698], [56.3246, 54.9598], [56.3312, 54.9614], [56.3373, 54.9475], [56.3268, 54.9485], [56.3269, 54.9419], [56.3443, 54.9403], [56.3651, 54.931], [56.3768, 54.9321], [56.3852, 54.9404], [56.3571, 54.9524], [56.3529, 54.961], [56.3988, 54.972], [56.4203, 54.9958], [56.3873, 55.0234], [56.3849, 55.0273], [56.3912, 55.0393], [56.4034, 55.0439], [56.4077, 55.055], [56.4175, 55.0608], [56.4661, 55.061], [56.4644, 55.0669], [56.4424, 55.0661], [56.4382, 55.0707], [56.4422, 55.076], [56.4633, 55.0778], [56.4527, 55.0959], [56.4648, 55.1077], [56.4849, 55.1092], [56.4839, 55.1178], [56.49, 55.1232], [56.5085, 55.1209], [56.5243, 55.1269], [56.5339, 55.1364], [56.5511, 55.1323], [56.5668, 55.1373], [56.5668, 55.1435], [56.5483, 55.1567], [56.5544, 55.1628], [56.5657, 55.1615], [56.5622, 55.1735], [56.5307, 55.1779], [56.5398, 55.1941], [56.5763, 55.2139], [56.5664, 55.2233], [56.563, 55.2339], [56.5439, 55.2412], [56.5488, 55.246], [56.5429, 55.2561], [56.5231, 55.257], [56.5208, 55.2704], [56.5389, 55.2859], [56.5299, 55.2935], [56.5594, 55.3078], [56.5665, 55.3052], [56.5775, 55.2893], [56.5877, 55.2881], [56.6205, 55.2988], [56.6578, 55.2867], [56.6814, 55.2867], [56.6925, 55.2901], [56.7075, 55.3077], [56.709, 55.3238], [56.6965, 55.3392], [56.6671, 55.34], [56.6448, 55.3468], [56.6422, 55.3558], [56.6763, 55.3672], [56.6789, 55.3748], [56.6728, 55.3765], [56.6701, 55.3725], [56.6597, 55.3749], [56.6619, 55.3787], [56.6174, 55.3889], [56.6143, 55.4159], [56.6092, 55.4213], [56.5931, 55.4209], [56.5523, 55.4035], [56.535, 55.4099], [56.5061, 55.4466], [56.5071, 55.4524], [56.5423, 55.4645], [56.5611, 55.465], [56.5737, 55.4764], [56.547, 55.5119], [56.5446, 55.5291], [56.5117, 55.5306], [56.3773, 55.5535], [56.3551, 55.5417], [56.3577, 55.5299], [56.3682, 55.5263], [56.3644, 55.515], [56.3372, 55.5149], [56.3322, 55.5289], [56.3378, 55.5298], [56.3363, 55.5407], [56.3072, 55.54], [56.2871, 55.4944], [56.3012, 55.4743], [56.3202, 55.4688], [56.3201, 55.4635], [56.3112, 55.4585], [56.3159, 55.4515], [56.3046, 55.4452], [56.3035, 55.4259], [56.2836, 55.4266], [56.2762, 55.4348], [56.2776, 55.4421], [56.2629, 55.4518], [56.2491, 55.4492], [56.238, 55.4364], [56.2636, 55.4371], [56.2624, 55.4138], [56.2534, 55.3985], [56.1553, 55.3989], [56.1382, 55.3858], [56.1475, 55.3692], [56.107, 55.3363], [56.1039, 55.3173], [56.0706, 55.3249], [56.0602, 55.3321], [56.0512, 55.3166], [56.0434, 55.3126], [56.0333, 55.3155], [56.0304, 55.3248], [55.9671, 55.3262], [55.9546, 55.3074], [55.9599, 55.2985], [55.9341, 55.2899], [55.9266, 55.2775], [55.9143, 55.2705], [55.9163, 55.2433], [55.9406, 55.2229], [55.877, 55.2116], [55.8066, 55.2242], [55.7965, 55.2138], [55.8019, 55.2051], [55.7942, 55.2006], [55.7858, 55.2105], [55.7465, 55.2012], [55.7475, 55.1961], [55.7363, 55.1966], [55.7267, 55.187], [55.7296, 55.1785], [55.7204, 55.1713]]]}}, {"type": "Feature", "properties": {"osm_type": "relation", "osm_id": 317986737, "name": "Nurimanovsky District", "admin_level": "6", "kind": "subdivision_2", "parent_osm_id": 77677, "parent_name": "Bashkortostan", "parent_iso": "RU-BA"}, "geometry": {"type": "Polygon", "coordinates": [[[56.3886, 54.9683], [56.4023, 54.9587], [56.4349, 54.982], [56.487, 54.9766], [56.4994, 54.9637], [56.5895, 54.9386], [56.6292, 54.9478], [56.623, 54.9729], [56.6519, 54.9702], [56.6533, 54.9821], [56.7349, 54.969], [56.7801, 55.013], [56.802, 55.0182], [56.8069, 55.015], [56.8047, 55.0104], [56.8972, 55.0202], [56.9394, 55.0443], [56.9561, 55.0752], [56.9715, 55.0767], [56.9322, 55.1055], [56.9733, 55.1149], [56.9806, 55.1121], [56.9929, 55.1185], [57.0507, 55.0975], [57.0611, 55.103], [57.0592, 55.1133], [57.0633, 55.1223], [57.0919, 55.1242], [57.1039, 55.1297], [57.1155, 55.1262], [57.1091, 55.114], [57.1131, 55.0965], [57.122, 55.0959], [57.1229, 55.1021], [57.1429, 55.1036], [57.1564, 55.1272], [57.1698, 55.1249], [57.1715, 55.1302], [57.2107, 55.1351], [57.2415, 55.1496], [57.2641, 55.1701], [57.2547, 55.1718], [57.2599, 55.179], [57.233, 55.1797], [57.2126, 55.2008], [57.212, 55.2302], [57.2205, 55.2366], [57.2398, 55.2149], [57.2633, 55.2192], [57.2326, 55.2464], [57.2462, 55.266], [57.2924, 55.2665], [57.3039, 55.2575], [57.3156, 55.2567], [57.326, 55.2596], [57.3399, 55.2797], [57.3808, 55.2946], [57.3893, 55.3153], [57.4201, 55.3162], [57.4697, 55.3259], [57.4793, 55.4108], [57.3791, 55.413], [57.305, 55.438], [57.3305, 55.5048], [57.3088, 55.532], [57.2828, 55.5449], [57.291, 55.5599], [57.2884, 55.5686], [57.2725, 55.5737], [57.2686, 55.5628], [57.2497, 55.565], [57.2421, 55.5675], [57.2329, 55.5851], [57.2238, 55.5872], [57.2297, 55.5664], [57.2254, 55.5633], [57.2034, 55.5697], [57.191, 55.5773], [57.206, 55.5922], [57.2002, 55.5958], [57.1886, 55.5947], [57.1826, 55.5781], [57.1522, 55.5693], [57.1517, 55.563], [57.144, 55.5594], [57.1381, 55.5304], [57.1554, 55.5255], [57.1278, 55.5039], [57.1134, 55.5085], [57.0979, 55.505], [57.0906, 55.4762], [57.0641, 55.4768], [57.0438, 55.4913], [57.026, 55.4911], [57.0212, 55.4839], [57.0048, 55.485], [57.0226, 55.4757], [57.0067, 55.476], [57.0024, 55.4623], [56.9816, 55.473], [56.9855, 55.49], [56.9512, 55.4894], [56.9363, 55.4831], [56.9117, 55.4861], [56.9145, 55.5003], [56.7325, 55.5228], [56.6605, 55.5229], [56.6331, 55.5132], [56.608, 55.5132], [56.5595, 55.5305], [56.5467, 55.5239], [56.547, 55.5119], [56.5722, 55.4815], [56.5692, 55.4691], [56.5136, 55.4577], [56.5061, 55.4466], [56.5439, 55.4046], [56.5523, 55.4035], [56.5691, 55.4123], [56.5739, 55.4098], [56.5931, 55.4209], [56.6092, 55.4213], [56.6143, 55.4159], [56.6174, 55.3889], [56.6619, 55.3787], [56.6597, 55.3749], [56.6701, 55.3725], [56.6728, 55.3765], [56.6789, 55.3748], [56.6763, 55.3672], [56.6422, 55.3558], [56.6448, 55.3468], [56.6671, 55.34], [56.6965, 55.3392], [56.709, 55.3238], [56.71, 55.3137], [56.6952, 55.2925], [56.6814, 55.2867], [56.6578, 55.2867], [56.6205, 55.2988], [56.5877, 55.2881], [56.5775, 55.2893], [56.5665, 55.3052], [56.5594, 55.3078], [56.5299, 55.2935], [56.5389, 55.2859], [56.5208, 55.2704], [56.5231, 55.257], [56.5429, 55.2561], [56.5488, 55.246], [56.5439, 55.2412], [56.563, 55.2339], [56.5664, 55.2233], [56.5763, 55.2139], [56.5398, 55.1941], [56.5307, 55.1779], [56.5622, 55.1735], [56.5657, 55.1615], [56.5544, 55.1628], [56.5483, 55.1567], [56.5668, 55.1435], [56.5668, 55.1373], [56.5511, 55.1323], [56.5339, 55.1364], [56.5243, 55.1269], [56.5085, 55.1209], [56.49, 55.1232], [56.4839, 55.1178], [56.4849, 55.1092], [56.4648, 55.1077], [56.4527, 55.0959], [56.4633, 55.0778], [56.4422, 55.076], [56.4382, 55.0707], [56.4424, 55.0661], [56.4644, 55.0669], [56.4661, 55.061], [56.4175, 55.0608], [56.4077, 55.055], [56.4034, 55.0439], [56.3912, 55.0393], [56.3849, 55.0273], [56.4203, 54.9958], [56.4049, 54.9771], [56.3886, 54.9683]]]}}, {"type": "Feature", "properties": {"osm_type": "relation", "osm_id": 595541203, "name": "Tuymazinsky District", "admin_level": "6", "kind": "subdivision_2", "parent_osm_id": 77677, "parent_name": "Bashkortostan", "parent_iso": "RU-BA"}, "geometry": {"type": "Polygon", "coordinates": [[[53.4295, 54.4305], [53.4233, 54.4228], [53.3876, 54.4194], [53.3891, 54.4136], [53.404, 54.4138], [53.4126, 54.4049], [53.4083, 54.3982], [53.4126, 54.398], [53.3986, 54.3826], [53.3818, 54.3748], [53.4203, 54.3594], [53.4064, 54.3544], [53.412, 54.353], [53.4051, 54.3513], [53.4064, 54.3471], [53.3997, 54.3502], [53.4021, 54.345], [53.4269, 54.336], [53.4321, 54.3283], [53.423, 54.3092], [53.4258, 54.3064], [53.4198, 54.3076], [53.4203, 54.2986], [53.4648, 54.2909], [53.4618, 54.2855], [53.4899, 54.2923], [53.4928, 54.2985], [53.5078, 54.2978], [53.5053, 54.2893], [53.5087, 54.2877], [53.5032, 54.2868], [53.5165, 54.2821], [53.5253, 54.2824], [53.5301, 54.2891], [53.5509, 54.2915], [53.5769, 54.3015], [53.5841, 54.3307], [53.5911, 54.3296], [53.5855, 54.307], [53.5927, 54.304], [53.596, 54.311], [53.5972, 54.3047], [53.6032, 54.3038], [53.6183, 54.3161], [53.6179, 54.3259], [53.6293, 54.3258], [53.6288, 54.3157], [53.6327, 54.3129], [53.6212, 54.3067], [53.6298, 54.2987], [53.6351, 54.3026], [53.6391, 54.2927], [53.6486, 54.2908], [53.6543, 54.287], [53.6505, 54.2861], [53.6788, 54.2879], [53.6788, 54.2776], [53.6875, 54.274], [53.6924, 54.2761], [53.6907, 54.2841], [53.6818, 54.2829], [53.6888, 54.2884], [53.6991, 54.2862], [53.6929, 54.2801], [53.699, 54.2744], [53.7059, 54.285], [53.7051, 54.2763], [53.7386, 54.2742], [53.7517, 54.2915], [53.7843, 54.2972], [53.7538, 54.2853], [53.7481, 54.2735], [53.7722, 54.2718], [53.7706, 54.265], [53.7806, 54.2626], [53.8056, 54.2777], [53.8223, 54.2756], [53.8193, 54.2823], [53.8238, 54.2909], [53.8334, 54.2964], [53.8465, 54.293], [53.8545, 54.297], [53.8561, 54.304], [53.8935, 54.302], [53.8976, 54.3203], [53.9442, 54.3173], [53.9351, 54.3237], [53.9396, 54.3344], [53.9353, 54.337], [53.9998, 54.3314], [54.0045, 54.3345], [54.0071, 54.3272], [54.0203, 54.3179], [53.9854, 54.3001], [54.0215, 54.3077], [54.0329, 54.2997], [54.0298, 54.2895], [54.0407, 54.2887], [54.0377, 54.2687], [54.0917, 54.2644], [54.0953, 54.268], [54.092, 54.2789], [54.1579, 54.2858], [54.1703, 54.3145], [54.1906, 54.3274], [54.1722, 54.3301], [54.1738, 54.3414], [54.181, 54.3411], [54.1856, 54.3468], [54.1806, 54.3594], [54.1923, 54.3662], [54.2076, 54.355], [54.1963, 54.3322], [54.2005, 54.3277], [54.2126, 54.341], [54.2239, 54.3341], [54.2339, 54.3353], [54.2409, 54.3375], [54.2294, 54.3396], [54.2311, 54.3434], [54.227, 54.3452], [54.2395, 54.35], [54.2535, 54.3679], [54.2709, 54.3724], [54.2692, 54.3861], [54.31, 54.3982], [54.2984, 54.4017], [54.2985, 54.4067], [54.2888, 54.4103], [54.2864, 54.4199], [54.2805, 54.4204], [54.2869, 54.4288], [54.2664, 54.4325], [54.2626, 54.4378], [54.3062, 54.4716], [54.3069, 54.4805], [54.3132, 54.4853], [54.3011, 54.5001], [54.3042, 54.5111], [54.2945, 54.5093], [54.285, 54.5149], [54.287, 54.5201], [54.2818, 54.5264], [54.2932, 54.5403], [54.2845, 54.5549], [54.2975, 54.5732], [54.3235, 54.5941], [54.2837, 54.6017], [54.2914, 54.6085], [54.2998, 54.6058], [54.3186, 54.6162], [54.3413, 54.6177], [54.3363, 54.624], [54.3378, 54.6304], [54.2825, 54.6499], [54.2992, 54.6585], [54.2884, 54.6648], [54.2625, 54.6617], [54.224, 54.6758], [54.2346, 54.6835], [54.182, 54.7106], [54.1877, 54.714], [54.2015, 54.7117], [54.2017, 54.7165], [54.2116, 54.7187], [54.2291, 54.7179], [54.2199, 54.7271], [54.1961, 54.7298], [54.1682, 54.7251], [54.1689, 54.7205], [54.1483, 54.7081], [54.1431, 54.6821], [54.1229, 54.6762], [54.0727, 54.6795], [54.0366, 54.6745], [54.0213, 54.6805], [54.0077, 54.6677], [54.0035, 54.669], [54.0053, 54.6819], [54.0189, 54.6897], [54.0351, 54.7109], [53.8712, 54.7122], [53.8613, 54.7219], [53.8438, 54.7078], [53.8297, 54.7303], [53.8224, 54.7297], [53.8463, 54.7525], [53.8228, 54.7574], [53.7787, 54.7392], [53.7753, 54.7436], [53.7676, 54.7359], [53.7528, 54.7315], [53.7248, 54.7333], [53.693, 54.741], [53.6995, 54.7589], [53.7073, 54.7579], [53.7107, 54.767], [53.7253, 54.7662], [53.7202, 54.7743], [53.7063, 54.7747], [53.7006, 54.7861], [53.6263, 54.8001], [53.6228, 54.7935], [53.6129, 54.7896], [53.6173, 54.7868], [53.6175, 54.7652], [53.6392, 54.7473], [53.6349, 54.7415], [53.6281, 54.7417], [53.6316, 54.7287], [53.6248, 54.7264], [53.6292, 54.7247], [53.6245, 54.7221], [53.6286, 54.72], [53.6271, 54.7115], [53.6201, 54.7097], [53.6242, 54.7051], [53.6172, 54.7043], [53.6177, 54.697], [53.6046, 54.6957], [53.5948, 54.6814], [53.5756, 54.6781], [53.6091, 54.6724], [53.6033, 54.6638], [53.5978, 54.6647], [53.602, 54.6696], [53.5849, 54.6726], [53.5816, 54.6679], [53.5743, 54.6684], [53.5677, 54.6645], [53.5694, 54.661], [53.5597, 54.658], [53.5724, 54.654], [53.5705, 54.6403], [53.5607, 54.6366], [53.5497, 54.6417], [53.5207, 54.6173], [53.5048, 54.6148], [53.5068, 54.6101], [53.4899, 54.6016], [53.489, 54.5921], [53.4645, 54.5882], [53.4677, 54.5805], [53.4824, 54.5787], [53.47, 54.5774], [53.47, 54.5717], [53.4625, 54.5662], [53.4808, 54.5662], [53.4791, 54.563], [53.5033, 54.5673], [53.4997, 54.5598], [53.483, 54.5596], [53.472, 54.5481], [53.4707, 54.5531], [53.4627, 54.5538], [53.467, 54.5496], [53.4537, 54.5426], [53.4721, 54.5439], [53.4778, 54.5522], [53.4891, 54.5523], [53.492, 54.5396], [53.4862, 54.542], [53.4732, 54.5293], [53.4828, 54.5277], [53.4729, 54.5128], [53.476, 54.5103], [53.4893, 54.5212], [53.4853, 54.5126], [53.4906, 54.5112], [53.4875, 54.5147], [53.4922, 54.513], [53.4951, 54.5221], [53.5054, 54.5202], [53.5067, 54.5291], [53.5352, 54.5333], [53.5388, 54.5275], [53.5496, 54.5324], [53.5431, 54.5446], [53.5526, 54.5445], [53.5598, 54.5507], [53.5772, 54.5315], [53.5701, 54.5291], [53.5655, 54.5349], [53.5446, 54.5214], [53.5565, 54.5159], [53.553, 54.5014], [53.5712, 54.4961], [53.5895, 54.5079], [53.5877, 54.4891], [53.5349, 54.4594], [53.4997, 54.4599], [53.4933, 54.4521], [53.4735, 54.4455], [53.487, 54.4452], [53.4971, 54.4516], [53.5044, 54.4486], [53.5004, 54.4364], [53.4904, 54.4304], [53.4815, 54.4318], [53.4771, 54.4232], [53.4707, 54.4255], [53.4657, 54.4198], [53.4579, 54.4235], [53.4436, 54.4166], [53.4295, 54.4305]]]}}, {"type": "Feature", "properties": {"osm_type": "relation", "osm_id": 606494782, "name": "Karmaskalinsky District", "admin_level": "6", "kind": "subdivision_2", "parent_osm_id": 77677, "parent_name": "Bashkortostan", "parent_iso": "RU-BA"}, "geometry": {"type": "Polygon", "coordinates": [[[55.547, 54.3034], [55.5383, 54.2922], [55.531, 54.2938], [55.5261, 54.2845], [55.5334, 54.282], [55.5396, 54.2723], [55.5325, 54.269], [55.5335, 54.2592], [55.542, 54.2581], [55.5406, 54.2271], [55.5365, 54.2203], [55.5562, 54.218], [55.6256, 54.256], [55.6465, 54.2526], [55.6481, 54.2577], [55.6821, 54.2578], [55.6994, 54.2527], [55.7169, 54.2581], [55.7276, 54.246], [55.7421, 54.2474], [55.7445, 54.2433], [55.7636, 54.2493], [55.7739, 54.2431], [55.7908, 54.2544], [55.8241, 54.247], [55.8508, 54.2628], [55.8599, 54.2464], [55.883, 54.2477], [55.8815, 54.2634], [55.9013, 54.2729], [55.9012, 54.2791], [55.9556, 54.2829], [55.9725, 54.2795], [55.9883, 54.2871], [56.0105, 54.2792], [56.0085, 54.2698], [56.0152, 54.2657], [56.0047, 54.2608], [56.0111, 54.2564], [56.0309, 54.2563], [56.0584, 54.2474], [56.0684, 54.2504], [56.0628, 54.2401], [56.0739, 54.2296], [56.065, 54.224], [56.0948, 54.2175], [56.0837, 54.2008], [56.0931, 54.1977], [56.0861, 54.1859], [56.0628, 54.1677], [56.0779, 54.1615], [56.1024, 54.1555], [56.1551, 54.1727], [56.1689, 54.1546], [56.1823, 54.1521], [56.1927, 54.1376], [56.2103, 54.1456], [56.2054, 54.155], [56.2154, 54.1613], [56.273, 54.1632], [56.2949, 54.1722], [56.3157, 54.168], [56.3172, 54.1616], [56.31, 54.1515], [56.3214, 54.1492], [56.3284, 54.1418], [56.3734, 54.144], [56.3684, 54.1499], [56.3909, 54.189], [56.4349, 54.214], [56.4329, 54.2197], [56.4069, 54.2167], [56.4125, 54.2264], [56.4434, 54.2245], [56.4438, 54.2288], [56.4234, 54.2414], [56.4489, 54.2457], [56.4503, 54.2536], [56.4661, 54.2565], [56.4582, 54.2737], [56.4669, 54.2707], [56.4914, 54.2784], [56.4807, 54.2863], [56.4883, 54.2931], [56.4868, 54.3029], [56.467, 54.3023], [56.4607, 54.3051], [56.4649, 54.3125], [56.49, 54.3171], [56.5078, 54.3287], [56.505, 54.3533], [56.4867, 54.3646], [56.484, 54.3804], [56.4701, 54.3785], [56.4631, 54.3843], [56.4656, 54.3924], [56.4743, 54.3936], [56.5021, 54.3849], [56.5045, 54.4014], [56.4943, 54.408], [56.4641, 54.4082], [56.4697, 54.4152], [56.4638, 54.431], [56.4852, 54.4347], [56.4876, 54.4395], [56.4668, 54.4402], [56.4591, 54.4486], [56.461, 54.4534], [56.4748, 54.4578], [56.4702, 54.4692], [56.462, 54.4699], [56.4946, 54.4895], [56.521, 54.4962], [56.5253, 54.508], [56.5334, 54.512], [56.5429, 54.508], [56.5661, 54.521], [56.5486, 54.5377], [56.5407, 54.5393], [56.5373, 54.5291], [56.5131, 54.525], [56.5157, 54.5178], [56.506, 54.5126], [56.4869, 54.5131], [56.4845, 54.5041], [56.4036, 54.4747], [56.3796, 54.4583], [56.3679, 54.4579], [56.3497, 54.4657], [56.324, 54.4855], [56.3319, 54.4968], [56.3676, 54.5042], [56.369, 54.5088], [56.3528, 54.5181], [56.2761, 54.533], [56.2709, 54.5496], [56.2577, 54.553], [56.2359, 54.5502], [56.2074, 54.5536], [56.1779, 54.5482], [56.1662, 54.5387], [56.1575, 54.5378], [56.1443, 54.5518], [56.108, 54.5623], [56.1052, 54.5673], [56.1099, 54.574], [56.129, 54.5824], [56.1249, 54.5882], [56.103, 54.5945], [56.0889, 54.5931], [56.0801, 54.5885], [56.0842, 54.5715], [56.0784, 54.5672], [56.0638, 54.5708], [56.06, 54.5795], [56.0503, 54.5846], [56.0245, 54.5678], [56.0698, 54.5439], [56.0704, 54.5355], [56.0626, 54.5231], [55.9741, 54.5478], [55.9764, 54.5423], [55.9677, 54.5425], [55.9693, 54.5391], [55.9881, 54.5409], [55.9994, 54.5331], [56.0128, 54.5315], [56.0187, 54.523], [56.0142, 54.5131], [55.9514, 54.4787], [55.9584, 54.4753], [55.9179, 54.4471], [55.9078, 54.4492], [55.9012, 54.4575], [55.9136, 54.4625], [55.902, 54.47], [55.8947, 54.4684], [55.8941, 54.4745], [55.8652, 54.4673], [55.8598, 54.4694], [55.8699, 54.4773], [55.8619, 54.4747], [55.8491, 54.4836], [55.8312, 54.4827], [55.8304, 54.4781], [55.8224, 54.4788], [55.8282, 54.4736], [55.8219, 54.4722], [55.8266, 54.4711], [55.8211, 54.4704], [55.8214, 54.4659], [55.8117, 54.4629], [55.8051, 54.4663], [55.8068, 54.4598], [55.8163, 54.458], [55.8091, 54.4536], [55.8144, 54.4488], [55.8042, 54.4346], [55.8, 54.4352], [55.8008, 54.4309], [55.7754, 54.4274], [55.768, 54.4326], [55.7601, 54.4309], [55.7607, 54.422], [55.748, 54.4176], [55.7509, 54.4145], [55.7436, 54.4071], [55.6793, 54.3999], [55.6809, 54.3946], [55.6741, 54.3899], [55.6475, 54.3845], [55.6505, 54.3803], [55.6429, 54.3755], [55.6425, 54.3688], [55.6472, 54.3672], [55.6415, 54.36], [55.6529, 54.355], [55.6339, 54.321], [55.6062, 54.3015], [55.5893, 54.2981], [55.5871, 54.2909], [55.571, 54.2918], [55.571, 54.3031], [55.5669, 54.3046], [55.547, 54.3034]]]}}, {"type": "Feature", "properties": {"osm_type": "relation", "osm_id": 296847143, "name": "Krasnokamsky District", "admin_level": "6", "kind": "subdivision_2", "parent_osm_id": 77677, "parent_name": "Bashkortostan", "parent_iso": "RU-BA"}, "geometry": {"type": "MultiPolygon", "coordinates": [[[[53.6975, 55.9256], [53.7132, 55.9291], [53.7218, 55.9243], [53.7109, 55.908], [53.7141, 55.9067], [53.7102, 55.893], [53.7275, 55.8871], [53.7423, 55.9036], [53.7608, 55.9085], [53.7841, 55.8951], [53.8174, 55.8956], [53.8386, 55.8785], [53.841, 55.8672], [53.8466, 55.8661], [53.8541, 55.8691], [53.8593, 55.8859], [53.8795, 55.887], [53.8937, 55.8743], [53.8957, 55.8656], [53.8888, 55.8597], [53.8619, 55.8562], [53.8561, 55.8498], [53.9217, 55.8477], [53.9308, 55.8635], [53.9193, 55.877], [53.926, 55.8903], [53.901, 55.9001], [53.907, 55.9074], [53.956, 55.9097], [53.9971, 55.9181], [53.9784, 55.9262], [53.9791, 55.9331], [53.9839, 55.9351], [53.9863, 55.9263], [53.9999, 55.9253], [54.0018, 55.9298], [54.0105, 55.9264], [54.006, 55.9199], [54.0442, 55.9254], [54.0578, 55.9228], [54.0658, 55.9083], [54.0571, 55.8998], [54.0383, 55.8974], [54.0404, 55.9002], [54.0287, 55.9022], [54.0038, 55.8936], [54.0251, 55.8744], [54.0556, 55.8731], [54.0687, 55.8662], [54.0692, 55.8569], [54.0552, 55.8418], [54.045, 55.8401], [54.052, 55.8382], [54.0395, 55.8312], [53.9697, 55.8316], [53.9423, 55.8129], [53.9549, 55.7822], [53.9679, 55.7768], [54.003, 55.7947], [54.0487, 55.8089], [54.0588, 55.8051], [54.0652, 55.7896], [54.0439, 55.7792], [54.0516, 55.7749], [54.0644, 55.7809], [54.1184, 55.7763], [54.153, 55.7893], [54.1596, 55.7962], [54.1638, 55.8172], [54.1822, 55.8358], [54.1921, 55.8306], [54.1759, 55.807], [54.2029, 55.8048], [54.2069, 55.7994], [54.2006, 55.7977], [54.2041, 55.7914], [54.1846, 55.791], [54.1736, 55.7855], [54.1765, 55.7804], [54.2183, 55.7773], [54.2566, 55.7586], [54.2699, 55.7698], [54.2854, 55.7714], [54.2911, 55.7863], [54.3101, 55.7881], [54.32, 55.7807], [54.3123, 55.7767], [54.3051, 55.7644], [54.3219, 55.748], [54.3315, 55.7432], [54.3969, 55.7522], [54.4021, 55.757], [54.4065, 55.7466], [54.4203, 55.7509], [54.4322, 55.7475], [54.4635, 55.7288], [54.5142, 55.6857], [54.5281, 55.6959], [54.5246, 55.7047], [54.5298, 55.7101], [54.5647, 55.7051], [54.5916, 55.6911], [54.5907, 55.703], [54.5821, 55.7073], [54.5821, 55.7162], [54.6031, 55.7208], [54.6605, 55.7182], [54.6657, 55.7261], [54.6766, 55.7242], [54.6742, 55.7317], [54.7014, 55.728], [54.7055, 55.7311], [54.6886, 55.7484], [54.6794, 55.7489], [54.6806, 55.7632], [54.6732, 55.7659], [54.6749, 55.7725], [54.6469, 55.777], [54.6161, 55.771], [54.6147, 55.7779], [54.5901, 55.7821], [54.5763, 55.7934], [54.5551, 55.7916], [54.542, 55.7996], [54.5414, 55.8068], [54.5712, 55.8066], [54.5589, 55.825], [54.6862, 55.8303], [54.6868, 55.8514], [54.6515, 55.8519], [54.638, 55.8569], [54.603, 55.8534], [54.5862, 55.8449], [54.5046, 55.8503], [54.4995, 55.8309], [54.4899, 55.8361], [54.4987, 55.8559], [54.4885, 55.8589], [54.4709, 55.8512], [54.4656, 55.8435], [54.4708, 55.8338], [54.453, 55.8128], [54.4254, 55.8272], [54.4431, 55.8835], [54.4563, 55.8728], [54.4782, 55.8793], [54.4923, 55.8779], [54.4951, 55.8855], [54.4547, 55.8922], [54.4482, 55.9186], [54.4254, 55.9296], [54.4212, 55.9385], [54.4538, 55.9885], [54.4618, 55.9913], [54.4421, 55.9964], [54.4478, 56.0118], [54.4345, 56.0166], [54.4592, 56.0336], [54.4504, 56.0385], [54.4489, 56.053], [54.4576, 56.0636], [54.4335, 56.0657], [54.4317, 56.0706], [54.4193, 56.0739], [54.4196, 56.0837], [54.4032, 56.0981], [54.4212, 56.114], [54.4604, 56.1084], [54.4863, 56.1301], [54.4705, 56.1395], [54.4791, 56.146], [54.475, 56.1487], [54.4806, 56.1535], [54.5596, 56.1381], [54.5582, 56.133], [54.565, 56.1231], [54.5907, 56.1492], [54.6027, 56.1492], [54.6327, 56.1753], [54.6033, 56.1781], [54.6021, 56.1922], [54.5908, 56.1989], [54.592, 56.2107], [54.5542, 56.2015], [54.5439, 56.2072], [54.5239, 56.1971], [54.4736, 56.1907], [54.3667, 56.1977], [54.3366, 56.178], [54.3333, 56.18], [54.3763, 56.2262], [54.3599, 56.2353], [54.3597, 56.2399], [54.3284, 56.2483], [54.3362, 56.2354], [54.2965, 56.2276], [54.2706, 56.2147], [54.2468, 56.214], [54.2499, 56.2024], [54.2333, 56.198], [54.1952, 56.1982], [54.1992, 56.1942], [54.1838, 56.1887], [54.1784, 56.1729], [54.1478, 56.1449], [54.1186, 56.132], [54.0879, 56.1083], [54.0817, 56.0828], [54.068, 56.0692], [54.0557, 56.046], [54.0413, 56.0346], [54.0358, 56.0221], [54.0149, 56.0095], [53.9742, 56.0054], [53.8958, 56.0295], [53.8684, 56.0423], [53.8454, 56.0449], [53.8415, 56.0179], [53.8071, 56.0022], [53.8155, 55.9957], [53.8017, 55.9883], [53.8258, 55.9789], [53.8222, 55.9744], [53.802, 55.9676], [53.7911, 55.9726], [53.7089, 55.969], [53.7057, 55.933], [53.71, 55.9301], [53.6975, 55.9256]], [[54.1462, 56.1069], [54.1538, 56.1119], [54.1854, 56.1042], [54.1923, 56.0947], [54.2002, 56.0949], [54.2023, 56.0787], [54.2157, 56.0797], [54.2277, 56.0841], [54.2338, 56.0919], [54.2196, 56.0962], [54.2205, 56.1078], [54.2122, 56.1106], [54.2142, 56.1165], [54.2338, 56.1276], [54.2598, 56.1192], [54.2805, 56.128], [54.308, 56.1183], [54.3167, 56.1257], [54.3467, 56.1237], [54.357, 56.1285], [54.3916, 56.1004], [54.3593, 56.0835], [54.3112, 56.0903], [54.3091, 56.0859], [54.3452, 56.0714], [54.3195, 56.0624], [54.3018, 56.0685], [54.2971, 56.0561], [54.3049, 56.0569], [54.3335, 56.0403], [54.3685, 56.0372], [54.3252, 56.0315], [54.3114, 56.0351], [54.3113, 56.0275], [54.2664, 56.0301], [54.2657, 56.0386], [54.2218, 56.0389], [54.2223, 56.0299], [54.2065, 56.0356], [54.2273, 56.0462], [54.2285, 56.0554], [54.1984, 56.0764], [54.1898, 56.0754], [54.1819, 56.0671], [54.1855, 56.0792], [54.1935, 56.085], [54.1797, 56.1027], [54.1558, 56.102], [54.1462, 56.1069]]], [[[54.6633, 55.8669], [54.667, 55.8593], [54.6905, 55.859], [54.7234, 55.8857], [54.7112, 55.8923], [54.6948, 55.8751], [54.6783, 55.8759], [54.6633, 55.8669]]], [[[54.635, 55.8876], [54.6398, 55.8725], [54.6532, 55.8744], [54.6734, 55.8916], [54.6597, 55.8946], [54.635, 55.8876]]]]}}, {"type": "Feature", "properties": {"osm_type": "relation", "osm_id": 535437573, "name": "Yermekeyevsky District", "admin_level": "6", "kind": "subdivision_2", "parent_osm_id": 77677, "parent_name": "Bashkortostan", "parent_iso": "RU-BA"}, "geometry": {"type": "Polygon", "coordinates": [[[53.4326, 54.2938], [53.4353, 54.2879], [53.4276, 54.2889], [53.4256, 54.2846], [53.4461, 54.2586], [53.4358, 54.2557], [53.4289, 54.2589], [53.4211, 54.2538], [53.426, 54.2485], [53.4319, 54.25], [53.429, 54.2463], [53.4368, 54.2403], [53.4235, 54.2313], [53.426, 54.2216], [53.4366, 54.2224], [53.4311, 54.2053], [53.44, 54.1953], [53.4374, 54.1853], [53.4529, 54.1765], [53.4581, 54.164], [53.4525, 54.1544], [53.4697, 54.1432], [53.4665, 54.1417], [53.4698, 54.1385], [53.4627, 54.1382], [53.4687, 54.1291], [53.4636, 54.1216], [53.4685, 54.1209], [53.4655, 54.1176], [53.4725, 54.1125], [53.4666, 54.1087], [53.4732, 54.0966], [53.4665, 54.0887], [53.4887, 54.077], [53.4868, 54.0711], [53.4916, 54.0705], [53.4877, 54.0676], [53.4954, 54.058], [53.5167, 54.0488], [53.4987, 54.0244], [53.5198, 54.0145], [53.513, 54.0093], [53.5204, 54.0042], [53.5288, 54.0067], [53.5271, 54.0026], [53.5358, 53.996], [53.5296, 53.9885], [53.5332, 53.9819], [53.5298, 53.9823], [53.5293, 53.9761], [53.5469, 53.9715], [53.5488, 53.9597], [53.5544, 53.9609], [53.5558, 53.9539], [53.5691, 53.9465], [53.5632, 53.939], [53.5722, 53.9312], [53.5726, 53.9247], [53.5678, 53.9212], [53.5748, 53.9168], [53.5695, 53.914], [53.574, 53.9077], [53.5836, 53.9058], [53.5895, 53.897], [53.5877, 53.8913], [53.5919, 53.8901], [53.588, 53.8875], [53.5972, 53.884], [53.5938, 53.8789], [53.5806, 53.8769], [53.6001, 53.8683], [53.5968, 53.8574], [53.5998, 53.8497], [53.5942, 53.8474], [53.6, 53.8475], [53.5988, 53.8392], [53.6053, 53.8301], [53.6121, 53.8212], [53.621, 53.8212], [53.6203, 53.8154], [53.6274, 53.8091], [53.6242, 53.8082], [53.6303, 53.8066], [53.6222, 53.804], [53.629, 53.8007], [53.6281, 53.7873], [53.6389, 53.7832], [53.6344, 53.7735], [53.6444, 53.7627], [53.6448, 53.7531], [53.6721, 53.7494], [53.783, 53.7044], [53.7905, 53.7092], [53.8009, 53.7403], [53.7835, 53.7459], [53.7914, 53.7592], [53.8267, 53.7559], [53.8681, 53.7681], [53.9312, 53.8215], [53.9352, 53.8386], [53.9754, 53.8321], [53.9949, 53.8527], [54.0439, 53.8571], [54.0459, 53.8719], [54.0263, 53.873], [54.0321, 53.8833], [54.0315, 53.8875], [54.0254, 53.8862], [54.0304, 53.9098], [54.0182, 53.9157], [54.0061, 53.91], [53.9822, 53.925], [53.9604, 53.9133], [53.9643, 53.9102], [53.9549, 53.8962], [53.9665, 53.8861], [53.9593, 53.8782], [53.9373, 53.8748], [53.9192, 53.8813], [53.9287, 53.8901], [53.9093, 53.8994], [53.9127, 53.9047], [53.9062, 53.9096], [53.9202, 53.908], [53.9371, 53.9175], [53.9294, 53.925], [53.9314, 53.9353], [53.9238, 53.949], [53.8536, 53.9519], [53.8604, 53.9636], [53.8423, 53.9711], [53.8485, 53.9894], [53.8694, 53.9957], [53.8793, 53.9935], [53.8865, 54.0026], [53.8767, 54.0079], [53.8944, 54.0198], [53.8788, 54.0336], [53.8909, 54.0437], [53.8329, 54.0625], [53.8574, 54.1005], [53.8818, 54.1185], [53.8579, 54.1215], [53.8123, 54.1413], [53.8077, 54.1549], [53.8419, 54.1545], [53.8572, 54.18], [53.8616, 54.1781], [53.8625, 54.2134], [53.8278, 54.2165], [53.833, 54.2474], [53.8233, 54.2478], [53.8264, 54.2625], [53.8346, 54.2624], [53.8213, 54.272], [53.8025, 54.2533], [53.7706, 54.265], [53.7722, 54.2718], [53.7481, 54.2735], [53.7499, 54.2826], [53.776, 54.2914], [53.7817, 54.298], [53.7517, 54.2915], [53.7386, 54.2742], [53.7051, 54.2763], [53.7059, 54.285], [53.699, 54.2744], [53.6929, 54.2801], [53.6983, 54.287], [53.6831, 54.287], [53.6818, 54.2829], [53.6907, 54.2841], [53.6924, 54.2761], [53.6875, 54.274], [53.6788, 54.2776], [53.6788, 54.2879], [53.6505, 54.2861], [53.6543, 54.287], [53.6486, 54.2908], [53.6391, 54.2927], [53.6351, 54.3026], [53.6298, 54.2987], [53.6212, 54.3067], [53.6327, 54.3129], [53.6288, 54.3157], [53.6293, 54.3258], [53.6179, 54.3259], [53.6183, 54.3161], [53.6032, 54.3038], [53.5972, 54.3047], [53.596, 54.311], [53.5927, 54.304], [53.5855, 54.307], [53.5911, 54.3296], [53.5841, 54.3307], [53.5769, 54.3015], [53.5509, 54.2915], [53.5301, 54.2891], [53.5253, 54.2824], [53.5032, 54.2868], [53.5087, 54.2877], [53.5043, 54.2992], [53.4928, 54.2985], [53.4899, 54.2923], [53.4656, 54.2856], [53.4618, 54.2855], [53.4648, 54.2909], [53.4326, 54.2938]]]}}, {"type": "Feature", "properties": {"osm_type": "relation", "osm_id": 784504498, "name": "Kiginsky District", "admin_level": "6", "kind": "subdivision_2", "parent_osm_id": 77677, "parent_name": "Bashkortostan", "parent_iso": "RU-BA"}, "geometry": {"type": "Polygon", "coordinates": [[[58.4984, 55.419], [58.5251, 55.3836], [58.498, 55.369], [58.5077, 55.3647], [58.5041, 55.3609], [58.5188, 55.3465], [58.5055, 55.3393], [58.482, 55.3474], [58.4793, 55.3407], [58.4667, 55.3489], [58.4507, 55.3439], [58.4406, 55.3498], [58.4375, 55.3637], [58.418, 55.3789], [58.3424, 55.3666], [58.3196, 55.3676], [58.3227, 55.3649], [58.3143, 55.3568], [58.3156, 55.3508], [58.2883, 55.3418], [58.2883, 55.3324], [58.3076, 55.3245], [58.3095, 55.3309], [58.3368, 55.3401], [58.3306, 55.321], [58.3417, 55.3141], [58.3515, 55.3172], [58.3714, 55.3099], [58.3696, 55.3043], [58.3738, 55.3027], [58.3952, 55.3111], [58.4548, 55.3042], [58.4577, 55.2997], [58.4536, 55.2941], [58.4636, 55.2929], [58.4602, 55.2848], [58.4731, 55.275], [58.4496, 55.2692], [58.4464, 55.2642], [58.4561, 55.2575], [58.4611, 55.2411], [58.5014, 55.251], [58.5111, 55.2618], [58.5196, 55.258], [58.5327, 55.2611], [58.529, 55.2552], [58.5347, 55.2522], [58.5597, 55.2565], [58.563, 55.2532], [58.5612, 55.2334], [58.5432, 55.2105], [58.5528, 55.1971], [58.5821, 55.1953], [58.6027, 55.2022], [58.6434, 55.2], [58.6437, 55.1944], [58.6524, 55.1923], [58.6449, 55.1729], [58.6575, 55.1612], [58.6792, 55.1733], [58.6924, 55.1718], [58.693, 55.1507], [58.7239, 55.1386], [58.7284, 55.1429], [58.7266, 55.1521], [58.7554, 55.1637], [58.7569, 55.1802], [58.7656, 55.1891], [58.7731, 55.2126], [58.693, 55.2319], [58.7094, 55.2797], [58.7254, 55.2897], [58.8544, 55.2756], [58.9319, 55.272], [58.9389, 55.2837], [58.9333, 55.2945], [58.8657, 55.2904], [58.8378, 55.2934], [58.8469, 55.3268], [58.9114, 55.3264], [58.9306, 55.317], [58.9653, 55.316], [58.9664, 55.2625], [58.9846, 55.2619], [58.9855, 55.248], [58.9904, 55.2504], [58.9889, 55.2614], [59.0159, 55.2693], [59.0149, 55.2833], [59.0183, 55.2853], [59.0342, 55.2772], [59.0421, 55.2802], [59.0419, 55.2883], [59.0487, 55.2953], [59.0564, 55.2975], [59.0747, 55.2919], [59.0775, 55.3066], [59.0932, 55.3105], [59.0802, 55.3177], [59.0806, 55.3228], [59.0864, 55.3258], [59.1045, 55.3224], [59.1013, 55.3328], [59.1247, 55.3426], [59.1626, 55.3333], [59.1781, 55.3345], [59.16, 55.3424], [59.1769, 55.3635], [59.1843, 55.387], [59.1443, 55.4126], [59.15, 55.4258], [59.1703, 55.4238], [59.173, 55.4399], [59.183, 55.442], [59.1852, 55.4493], [59.1622, 55.4446], [59.1526, 55.4515], [59.0876, 55.4565], [59.0741, 55.4476], [59.0849, 55.4396], [59.071, 55.4363], [59.0678, 55.4459], [59.0512, 55.4494], [59.0485, 55.4579], [59.0555, 55.4606], [59.0538, 55.4634], [59.0367, 55.4694], [59.0336, 55.4691], [59.0352, 55.4517], [59.0088, 55.4702], [58.9845, 55.4692], [58.9791, 55.4608], [58.9433, 55.4797], [58.9236, 55.4709], [58.9046, 55.5026], [58.8756, 55.5076], [58.8758, 55.5376], [58.8926, 55.5367], [58.8928, 55.5413], [58.904, 55.5415], [58.899, 55.5281], [58.9243, 55.5351], [58.9325, 55.5258], [58.9409, 55.5313], [58.9393, 55.549], [58.8921, 55.5489], [58.8581, 55.555], [58.8501, 55.5631], [58.8411, 55.564], [58.8449, 55.5709], [58.8368, 55.5728], [58.8385, 55.576], [58.8293, 55.5828], [58.8324, 55.5912], [58.8289, 55.5986], [58.7954, 55.6188], [58.7659, 55.6087], [58.737, 55.6088], [58.7369, 55.6272], [58.6735, 55.6275], [58.6714, 55.6363], [58.5933, 55.6363], [58.5943, 55.6299], [58.5856, 55.6159], [58.5726, 55.6171], [58.5747, 55.609], [58.5659, 55.6059], [58.5605, 55.6123], [58.5499, 55.6132], [58.5495, 55.6174], [58.5596, 55.6198], [58.5636, 55.6268], [58.542, 55.632], [58.5617, 55.6424], [58.5418, 55.6588], [58.51, 55.6735], [58.4911, 55.6633], [58.4644, 55.6627], [58.462, 55.6568], [58.3847, 55.6531], [58.3142, 55.641], [58.3233, 55.6391], [58.3192, 55.6286], [58.3289, 55.6258], [58.3291, 55.6178], [58.3536, 55.6187], [58.3943, 55.6026], [58.3801, 55.5837], [58.3814, 55.5745], [58.3646, 55.5756], [58.3632, 55.5661], [58.3821, 55.5643], [58.3633, 55.5535], [58.4463, 55.5098], [58.4363, 55.5028], [58.4441, 55.495], [58.4535, 55.5005], [58.4625, 55.4782], [58.4803, 55.4774], [58.4797, 55.4605], [58.4531, 55.4587], [58.4503, 55.4424], [58.4682, 55.4422], [58.4681, 55.4265], [58.4838, 55.4269], [58.4984, 55.419]]]}}, {"type": "Feature", "properties": {"osm_type": "relation", "osm_id": 593499434, "name": "Yanaulsky District", "admin_level": "6", "kind": "subdivision_2", "parent_osm_id": 77677, "parent_name": "Bashkortostan", "parent_iso": "RU-BA"}, "geometry": {"type": "Polygon", "coordinates": [[[55.3511, 56.3179], [55.3327, 56.317], [55.3267, 56.3115], [55.3127, 56.3204], [55.2882, 56.3197], [55.2636, 56.3268], [55.2594, 56.3348], [55.2419, 56.337], [55.2385, 56.3446], [55.2053, 56.3722], [55.1879, 56.3581], [55.2013, 56.3245], [55.1965, 56.3075], [55.1858, 56.3048], [55.1395, 56.3111], [55.1447, 56.3185], [55.1386, 56.3309], [55.1418, 56.3364], [55.1136, 56.3539], [55.0988, 56.3517], [55.1017, 56.3455], [55.0901, 56.3489], [55.0706, 56.3452], [55.0738, 56.3406], [55.0677, 56.3397], [55.0716, 56.3372], [55.0498, 56.3441], [55.0457, 56.34], [55.0398, 56.3449], [55.0363, 56.3395], [55.0232, 56.3428], [55.0205, 56.3321], [55.0279, 56.3343], [55.0277, 56.3296], [55.0229, 56.3295], [55.0271, 56.3257], [55.0117, 56.3204], [55.0033, 56.3293], [54.9833, 56.3264], [54.9749, 56.3364], [54.9436, 56.3372], [54.9387, 56.3453], [54.9413, 56.3577], [54.9361, 56.361], [54.9387, 56.368], [54.9295, 56.3752], [54.9296, 56.3802], [54.8993, 56.3901], [54.8814, 56.3874], [54.8673, 56.3934], [54.8631, 56.4023], [54.8385, 56.4071], [54.848, 56.4202], [54.8303, 56.4141], [54.7884, 56.4264], [54.7949, 56.4351], [54.7338, 56.4304], [54.7124, 56.451], [54.7072, 56.4641], [54.6943, 56.4687], [54.6796, 56.4862], [54.6822, 56.5014], [54.6578, 56.4986], [54.6322, 56.5095], [54.6147, 56.5046], [54.6033, 56.5138], [54.6119, 56.5286], [54.6091, 56.5313], [54.5777, 56.5346], [54.5398, 56.5114], [54.5392, 56.4953], [54.5301, 56.4863], [54.5248, 56.468], [54.5025, 56.4604], [54.4937, 56.4467], [54.4979, 56.4325], [54.4864, 56.4107], [54.4627, 56.4003], [54.4603, 56.3877], [54.4466, 56.3748], [54.4575, 56.3571], [54.449, 56.3454], [54.45, 56.3395], [54.4301, 56.3269], [54.4338, 56.3241], [54.4249, 56.3184], [54.4229, 56.3106], [54.4161, 56.3112], [54.4099, 56.3026], [54.4023, 56.3017], [54.4047, 56.2955], [54.3922, 56.2906], [54.3967, 56.2861], [54.3924, 56.2848], [54.4015, 56.2811], [54.3862, 56.2723], [54.3923, 56.2675], [54.3973, 56.2694], [54.3978, 56.2644], [54.3923, 56.2583], [54.3843, 56.2612], [54.3641, 56.2562], [54.3781, 56.2484], [54.3893, 56.2487], [54.4067, 56.2369], [54.3983, 56.219], [54.3787, 56.218], [54.3816, 56.2201], [54.3762, 56.2222], [54.3333, 56.18], [54.3366, 56.178], [54.3667, 56.1977], [54.3816, 56.1995], [54.4484, 56.1897], [54.462, 56.1933], [54.4736, 56.1907], [54.5239, 56.1971], [54.5439, 56.2072], [54.5542, 56.2015], [54.592, 56.2107], [54.5908, 56.1989], [54.6021, 56.1922], [54.6033, 56.1781], [54.6327, 56.1753], [54.6027, 56.1492], [54.5907, 56.1492], [54.565, 56.1231], [54.6113, 56.1196], [54.615, 56.1142], [54.6242, 56.1131], [54.6286, 56.1044], [54.6356, 56.1059], [54.6479, 56.0996], [54.6701, 56.105], [54.6762, 56.1108], [54.7136, 56.1091], [54.7226, 56.1139], [54.7337, 56.108], [54.7389, 56.0926], [54.8293, 56.0937], [54.8258, 56.0865], [54.8376, 56.0832], [54.8341, 56.0739], [54.8548, 56.0736], [54.8607, 56.0623], [54.8732, 56.0581], [54.8844, 56.061], [54.8871, 56.0511], [54.8934, 56.0493], [54.9193, 56.0498], [54.9192, 56.0386], [54.9251, 56.0343], [54.9555, 56.0332], [54.9592, 56.0364], [54.9463, 56.0465], [54.9365, 56.0446], [54.9295, 56.0534], [54.9535, 56.0498], [54.974, 56.0551], [54.9783, 56.072], [54.9842, 56.0733], [54.9912, 56.0493], [54.9975, 56.043], [55.0244, 56.0455], [55.0327, 56.0509], [55.0452, 56.0414], [55.062, 56.0464], [55.0592, 55.999], [55.0676, 55.9988], [55.0724, 55.9917], [55.1375, 55.9956], [55.1587, 56.0092], [55.186, 56.0131], [55.1833, 56.0167], [55.1914, 56.0222], [55.1679, 56.0305], [55.1743, 56.0575], [55.1925, 56.0524], [55.2163, 56.0709], [55.242, 56.057], [55.2704, 56.0677], [55.3095, 56.0571], [55.3325, 56.0628], [55.3236, 56.053], [55.327, 56.0504], [55.3097, 56.0455], [55.3259, 56.0459], [55.3423, 56.0383], [55.3934, 56.0344], [55.3928, 56.0409], [55.4114, 56.0382], [55.4353, 56.0434], [55.4372, 56.0381], [55.4285, 56.0337], [55.4399, 56.0264], [55.4405, 56.02], [55.458, 56.0208], [55.4624, 56.0354], [55.4431, 56.0414], [55.4415, 56.048], [55.4592, 56.0642], [55.4781, 56.0627], [55.4969, 56.0688], [55.4844, 56.0788], [55.4866, 56.0815], [55.4477, 56.0903], [55.4355, 56.098], [55.4459, 56.123], [55.4415, 56.1339], [55.4534, 56.1715], [55.4406, 56.1951], [55.4608, 56.2033], [55.4729, 56.2162], [55.4299, 56.2448], [55.3788, 56.2371], [55.362, 56.2597], [55.3583, 56.2733], [55.3332, 56.2845], [55.3511, 56.3179]], [[54.4953, 56.2608], [54.497, 56.2647], [54.5176, 56.2582], [54.5573, 56.2765], [54.5673, 56.2672], [54.5975, 56.2715], [54.605, 56.2843], [54.6487, 56.2775], [54.675, 56.2903], [54.7017, 56.2882], [54.705, 56.292], [54.709, 56.286], [54.7175, 56.2882], [54.723, 56.287], [54.7223, 56.2833], [54.75, 56.2822], [54.7752, 56.2893], [54.778, 56.2843], [54.754, 56.284], [54.7493, 56.28], [54.7388, 56.284], [54.755, 56.2788], [54.751, 56.2767], [54.7575, 56.2735], [54.764, 56.2745], [54.7632, 56.271], [54.7657, 56.2737], [54.7617, 56.2702], [54.7308, 56.2845], [54.7188, 56.2788], [54.7238, 56.2755], [54.717, 56.2722], [54.713, 56.2728], [54.7148, 56.2765], [54.7022, 56.2735], [54.6995, 56.2792], [54.6942, 56.2725], [54.6767, 56.275], [54.6818, 56.272], [54.6793, 56.2695], [54.6611, 56.2575], [54.6379, 56.2529], [54.6402, 56.2478], [54.5844, 56.2427], [54.55, 56.2407], [54.5516, 56.2445], [54.5386, 56.2447], [54.5283, 56.2396], [54.5237, 56.2497], [54.4991, 56.2482], [54.4953, 56.2608]]]}}, {"type": "Feature", "properties": {"osm_type": "relation", "osm_id": 200279094, "name": "Iglinsky District", "admin_level": "6", "kind": "subdivision_2", "parent_osm_id": 77677, "parent_name": "Bashkortostan", "parent_iso": "RU-BA"}, "geometry": {"type": "Polygon", "coordinates": [[[56.3463, 54.9385], [56.3375, 54.9367], [56.3365, 54.9272], [56.3499, 54.9163], [56.3689, 54.9151], [56.371, 54.9091], [56.3518, 54.9069], [56.3371, 54.9151], [56.3253, 54.9078], [56.3462, 54.8987], [56.3648, 54.9006], [56.379, 54.8914], [56.349, 54.8894], [56.3194, 54.8694], [56.2936, 54.8767], [56.2828, 54.8713], [56.2986, 54.8542], [56.3215, 54.8518], [56.3214, 54.8343], [56.3454, 54.8317], [56.356, 54.8008], [56.3643, 54.8004], [56.3646, 54.7925], [56.3541, 54.7815], [56.3482, 54.7848], [56.3317, 54.7626], [56.2933, 54.7559], [56.2693, 54.7411], [56.2753, 54.7335], [56.2926, 54.7266], [56.3093, 54.7077], [56.3227, 54.7121], [56.3275, 54.6967], [56.2903, 54.6829], [56.2821, 54.6745], [56.2765, 54.6755], [56.2815, 54.6812], [56.2702, 54.6868], [56.2346, 54.6654], [56.2499, 54.6471], [56.2593, 54.6425], [56.2355, 54.6258], [56.2057, 54.6203], [56.1586, 54.6213], [56.1597, 54.6131], [56.1491, 54.6026], [56.103, 54.5945], [56.1207, 54.5903], [56.129, 54.5824], [56.1099, 54.574], [56.1052, 54.5673], [56.108, 54.5623], [56.1443, 54.5518], [56.1575, 54.5378], [56.1662, 54.5387], [56.1779, 54.5482], [56.2074, 54.5536], [56.2359, 54.5502], [56.2577, 54.553], [56.2709, 54.5496], [56.2761, 54.533], [56.3528, 54.5181], [56.369, 54.5088], [56.3676, 54.5042], [56.3319, 54.4968], [56.324, 54.4855], [56.3497, 54.4657], [56.3679, 54.4579], [56.3796, 54.4583], [56.4036, 54.4747], [56.4845, 54.5041], [56.4869, 54.5131], [56.506, 54.5126], [56.5157, 54.5178], [56.5131, 54.525], [56.5323, 54.5259], [56.5407, 54.5393], [56.5512, 54.5388], [56.555, 54.5466], [56.5711, 54.5494], [56.5685, 54.5365], [56.5941, 54.5432], [56.5939, 54.5552], [56.5859, 54.5645], [56.6015, 54.5708], [56.6037, 54.5762], [56.5969, 54.5817], [56.6054, 54.5855], [56.6075, 54.5953], [56.6245, 54.5938], [56.626, 54.6017], [56.6498, 54.613], [56.6278, 54.6216], [56.6374, 54.6244], [56.6336, 54.6352], [56.6375, 54.6435], [56.6355, 54.6586], [56.6549, 54.6496], [56.6509, 54.6607], [56.6774, 54.655], [56.6881, 54.6631], [56.7148, 54.6584], [56.7147, 54.6639], [56.7484, 54.6574], [56.7585, 54.6622], [56.7641, 54.671], [56.7551, 54.6868], [56.7329, 54.69], [56.7316, 54.708], [56.7455, 54.7139], [56.7309, 54.7172], [56.7569, 54.7202], [56.7606, 54.7268], [56.7823, 54.7004], [56.7975, 54.7023], [56.8247, 54.7232], [56.8145, 54.7265], [56.8189, 54.7438], [56.8062, 54.7511], [56.8087, 54.7596], [56.8341, 54.7633], [56.8468, 54.76], [56.848, 54.767], [56.839, 54.7875], [56.8505, 54.7912], [56.9255, 54.7663], [56.9224, 54.7343], [56.9922, 54.7307], [56.9909, 54.7226], [56.9529, 54.6749], [56.9928, 54.6631], [56.9928, 54.6554], [57.0137, 54.6661], [57.0568, 54.6782], [57.0828, 54.6682], [57.0955, 54.6712], [57.0955, 54.6818], [57.1374, 54.6917], [57.1406, 54.7027], [57.1615, 54.71], [57.1546, 54.7174], [57.1635, 54.7199], [57.149, 54.7464], [57.1286, 54.7435], [57.1451, 54.7189], [57.1026, 54.7332], [57.0817, 54.7648], [57.09, 54.7744], [57.0856, 54.7835], [57.2398, 54.7635], [57.2558, 54.7695], [57.245, 54.7725], [57.2164, 54.7953], [57.2177, 54.8019], [57.2013, 54.8045], [57.1628, 54.8488], [57.1411, 54.8524], [57.1413, 54.8569], [57.1556, 54.8635], [57.1566, 54.8703], [57.1888, 54.8876], [57.2511, 54.9407], [57.2607, 54.9545], [57.2596, 54.9605], [57.2141, 54.9722], [57.2045, 54.9827], [57.1913, 54.9731], [57.1877, 54.9771], [57.1933, 54.9863], [57.1894, 54.9899], [57.1898, 55.0046], [57.2056, 55.0057], [57.1777, 55.0137], [57.1824, 55.0206], [57.1792, 55.0232], [57.1828, 55.0234], [57.1785, 55.0302], [57.1839, 55.0349], [57.169, 55.0405], [57.1643, 55.0582], [57.1313, 55.085], [57.1429, 55.1036], [57.1229, 55.1021], [57.122, 55.0959], [57.1131, 55.0965], [57.1091, 55.114], [57.1155, 55.1262], [57.1117, 55.1287], [57.0633, 55.1223], [57.0592, 55.1133], [57.0611, 55.103], [57.0507, 55.0975], [56.9929, 55.1185], [56.9806, 55.1121], [56.9733, 55.1149], [56.9322, 55.1055], [56.9715, 55.0767], [56.9561, 55.0752], [56.9394, 55.0443], [56.8972, 55.0202], [56.8047, 55.0104], [56.8069, 55.015], [56.802, 55.0182], [56.7801, 55.013], [56.7349, 54.969], [56.6533, 54.9821], [56.6519, 54.9702], [56.623, 54.9729], [56.6292, 54.9478], [56.5895, 54.9386], [56.4994, 54.9637], [56.487, 54.9766], [56.4349, 54.982], [56.4023, 54.9587], [56.3886, 54.9683], [56.3529, 54.961], [56.3571, 54.9524], [56.3852, 54.9404], [56.3811, 54.9339], [56.3651, 54.931], [56.3463, 54.9385]]]}}, {"type": "Feature", "properties": {"osm_type": "relation", "osm_id": 783647564, "name": "Meleuzovsky District", "admin_level": "6", "kind": "subdivision_2", "parent_osm_id": 77677, "parent_name": "Bashkortostan", "parent_iso": "RU-BA"}, "geometry": {"type": "Polygon", "coordinates": [[[55.99, 53.3216], [55.9783, 53.3143], [55.9544, 53.3276], [55.9507, 53.3361], [55.8988, 53.3336], [55.8935, 53.33], [55.8957, 53.3263], [55.866, 53.3227], [55.8583, 53.3113], [55.854, 53.3163], [55.8527, 53.3372], [55.8404, 53.3597], [55.8151, 53.3707], [55.8207, 53.3787], [55.8396, 53.3815], [55.8472, 53.3934], [55.8021, 53.3838], [55.7475, 53.3842], [55.744, 53.3682], [55.7087, 53.3709], [55.7121, 53.3689], [55.6999, 53.3638], [55.6908, 53.3642], [55.6888, 53.3542], [55.6819, 53.351], [55.6878, 53.3477], [55.6688, 53.3399], [55.6579, 53.3434], [55.6452, 53.3383], [55.651, 53.3289], [55.6406, 53.3287], [55.6411, 53.3207], [55.5731, 53.3271], [55.5576, 53.3099], [55.5642, 53.2959], [55.5616, 53.2769], [55.5916, 53.2592], [55.5882, 53.2568], [55.5905, 53.2488], [55.5826, 53.2402], [55.5854, 53.2298], [55.5502, 53.215], [55.6254, 53.2035], [55.6582, 53.203], [55.656, 53.2001], [55.6734, 53.1916], [55.6662, 53.184], [55.6622, 53.1695], [55.6289, 53.1823], [55.6079, 53.1509], [55.6159, 53.1479], [55.606, 53.1166], [55.6221, 53.1153], [55.6184, 53.0993], [55.6269, 53.0951], [55.6781, 53.0895], [55.6606, 53.0851], [55.6655, 53.0816], [55.6621, 53.0765], [55.6526, 53.0743], [55.6603, 53.0602], [55.6332, 53.047], [55.6245, 53.0507], [55.6015, 53.0331], [55.5924, 53.0327], [55.6249, 53.0032], [55.6242, 52.9052], [55.6855, 52.8695], [55.6812, 52.8508], [55.7349, 52.8564], [55.7531, 52.8514], [55.7644, 52.858], [55.7569, 52.8612], [55.7507, 52.8899], [55.8078, 52.898], [55.8437, 52.9268], [55.8706, 52.9053], [55.8478, 52.8936], [55.8546, 52.8878], [55.9129, 52.8957], [55.914, 52.8874], [55.9718, 52.8899], [55.9745, 52.8851], [55.9938, 52.8828], [55.9957, 52.8769], [55.9799, 52.8699], [55.9967, 52.8549], [56.0095, 52.856], [56.0048, 52.8488], [56.0179, 52.8429], [56.0092, 52.8389], [56.0253, 52.8314], [56.0325, 52.8205], [56.0586, 52.8095], [56.0638, 52.8318], [56.0836, 52.8361], [56.074, 52.8464], [56.0773, 52.8541], [56.0945, 52.8437], [56.0941, 52.851], [56.104, 52.8533], [56.1053, 52.8488], [56.0989, 52.8417], [56.1028, 52.838], [56.133, 52.8477], [56.1343, 52.8581], [56.142, 52.861], [56.134, 52.8686], [56.1358, 52.8732], [56.1726, 52.8622], [56.1802, 52.8791], [56.1864, 52.8806], [56.2002, 52.8734], [56.2045, 52.8643], [56.2097, 52.8658], [56.2121, 52.8798], [56.2426, 52.8941], [56.2572, 52.8917], [56.2778, 52.8783], [56.2989, 52.8864], [56.3059, 52.8947], [56.3222, 52.895], [56.3304, 52.9007], [56.3541, 52.8971], [56.3722, 52.9078], [56.3583, 52.9176], [56.367, 52.9268], [56.3812, 52.9313], [56.3772, 52.9422], [56.3678, 52.9494], [56.4227, 52.9545], [56.4498, 52.948], [56.466, 52.9532], [56.4856, 52.9494], [56.4948, 52.9586], [56.5187, 52.968], [56.5036, 52.9735], [56.5076, 52.9939], [56.5486, 53.006], [56.595, 53.0003], [56.5893, 52.9937], [56.5892, 52.9749], [56.6039, 52.9684], [56.617, 52.9551], [56.6438, 52.9613], [56.6465, 52.9496], [56.6601, 52.9532], [56.6651, 52.9676], [56.6528, 52.9777], [56.6481, 52.9891], [56.7107, 52.9901], [56.7116, 52.9829], [56.7209, 52.979], [56.7195, 52.9692], [56.7447, 52.9627], [56.7718, 52.9331], [56.795, 52.9352], [56.787, 52.9225], [56.8108, 52.9119], [56.8134, 52.8981], [56.8267, 52.9024], [56.8565, 52.8998], [56.8883, 52.9199], [56.8839, 52.9281], [56.862, 52.9328], [56.8634, 52.9537], [56.8921, 52.9575], [56.877, 52.959], [56.8808, 52.9693], [56.8774, 52.9822], [56.8618, 52.9831], [56.8608, 52.9878], [56.8754, 52.9934], [56.8812, 53.0287], [56.8595, 53.1039], [56.8657, 53.148], [56.8627, 53.1524], [56.8686, 53.1553], [56.869, 53.1668], [56.8842, 53.1765], [56.889, 53.1903], [56.8841, 53.2015], [56.863, 53.2159], [56.8218, 53.2302], [56.6477, 53.2548], [56.4062, 53.2803], [56.4034, 53.2383], [56.4113, 53.2321], [56.4873, 53.2246], [56.4656, 53.1613], [56.4598, 53.1527], [56.4326, 53.1423], [56.4293, 53.1285], [56.3927, 53.1283], [56.3689, 53.1188], [56.3478, 53.1231], [56.3465, 53.1136], [56.3386, 53.1145], [56.3366, 53.1215], [56.3194, 53.1232], [56.2799, 53.1542], [56.227, 53.1698], [56.2105, 53.1707], [56.196, 53.1645], [56.1756, 53.1764], [56.1922, 53.1994], [56.1843, 53.2036], [56.1857, 53.2066], [56.2011, 53.2042], [56.2167, 53.2196], [56.2431, 53.2172], [56.2341, 53.2266], [56.2016, 53.2248], [56.1982, 53.2204], [56.1938, 53.2232], [56.2015, 53.2331], [55.9653, 53.2314], [55.9543, 53.2459], [55.9719, 53.2491], [56.0027, 53.2777], [55.99, 53.3216]]]}}, {"type": "Feature", "properties": {"osm_type": "relation", "osm_id": 267627493, "name": "Ilishevsky District", "admin_level": "6", "kind": "subdivision_2", "parent_osm_id": 77677, "parent_name": "Bashkortostan", "parent_iso": "RU-BA"}, "geometry": {"type": "MultiPolygon", "coordinates": [[[[54.1984, 55.2025], [54.2177, 55.2033], [54.287, 55.2208], [54.2965, 55.2099], [54.3298, 55.212], [54.3814, 55.2337], [54.419, 55.242], [54.4169, 55.2542], [54.4091, 55.2617], [54.4435, 55.2569], [54.4523, 55.2642], [54.4791, 55.2694], [54.4763, 55.2724], [54.482, 55.2743], [54.4959, 55.2605], [54.5084, 55.2663], [54.5226, 55.2623], [54.5402, 55.2677], [54.5607, 55.2554], [54.5733, 55.2621], [54.5902, 55.2558], [54.6351, 55.2948], [54.6518, 55.3006], [54.6521, 55.3047], [54.6357, 55.3065], [54.6329, 55.3288], [54.597, 55.3383], [54.5712, 55.3324], [54.5586, 55.3353], [54.5824, 55.3612], [54.5827, 55.376], [54.5874, 55.3796], [54.5688, 55.3912], [54.5915, 55.4002], [54.6288, 55.4015], [54.6179, 55.4203], [54.6392, 55.4265], [54.6356, 55.4358], [54.6444, 55.4346], [54.6629, 55.4719], [54.5958, 55.4877], [54.6011, 55.4988], [54.5861, 55.5153], [54.4908, 55.4933], [54.483, 55.5043], [54.5093, 55.5384], [54.5396, 55.5456], [54.516, 55.5565], [54.5276, 55.5652], [54.59, 55.5788], [54.5972, 55.5818], [54.5905, 55.5884], [54.6288, 55.6025], [54.6396, 55.5997], [54.6433, 55.5887], [54.6464, 55.5897], [54.6439, 55.6044], [54.68, 55.6233], [54.6738, 55.6354], [54.6927, 55.6362], [54.6797, 55.6387], [54.6794, 55.644], [54.6867, 55.6429], [54.6873, 55.6471], [54.6743, 55.6478], [54.6505, 55.6383], [54.6544, 55.6567], [54.6656, 55.6714], [54.677, 55.6606], [54.6854, 55.6676], [54.7126, 55.6751], [54.7078, 55.683], [54.6965, 55.6795], [54.6956, 55.6891], [54.6835, 55.6916], [54.6824, 55.6819], [54.5871, 55.6783], [54.5691, 55.6842], [54.554, 55.7046], [54.541, 55.7107], [54.5298, 55.7101], [54.5246, 55.7047], [54.5281, 55.6959], [54.5217, 55.6883], [54.5077, 55.6875], [54.4635, 55.7288], [54.4322, 55.7475], [54.4203, 55.7509], [54.4065, 55.7466], [54.4021, 55.757], [54.3969, 55.7522], [54.3315, 55.7432], [54.3219, 55.748], [54.3051, 55.7644], [54.3123, 55.7767], [54.32, 55.7807], [54.3101, 55.7881], [54.2911, 55.7863], [54.2854, 55.7714], [54.2699, 55.7698], [54.2566, 55.7586], [54.2183, 55.7773], [54.1765, 55.7804], [54.1736, 55.7855], [54.1846, 55.791], [54.2041, 55.7914], [54.2006, 55.7977], [54.2069, 55.7994], [54.2029, 55.8048], [54.1759, 55.807], [54.1921, 55.8306], [54.1822, 55.8358], [54.1734, 55.8305], [54.1638, 55.8172], [54.1596, 55.7962], [54.1299, 55.7805], [54.1352, 55.777], [54.1183, 55.766], [54.1156, 55.7607], [54.1191, 55.7545], [54.1634, 55.7387], [54.1709, 55.7309], [54.1723, 55.7161], [54.2087, 55.7027], [54.2209, 55.7013], [54.234, 55.7064], [54.2415, 55.7152], [54.2376, 55.7209], [54.2451, 55.7191], [54.2411, 55.7262], [54.2481, 55.7252], [54.2578, 55.7187], [54.2657, 55.7038], [54.2617, 55.6974], [54.25, 55.6981], [54.2577, 55.6952], [54.2552, 55.6916], [54.2597, 55.6868], [54.2483, 55.6871], [54.2414, 55.6771], [54.2235, 55.6787], [54.2273, 55.6715], [54.1987, 55.6609], [54.2016, 55.6501], [54.1957, 55.6446], [54.2054, 55.6436], [54.1952, 55.6371], [54.1879, 55.6399], [54.1756, 55.635], [54.1835, 55.6298], [54.1829, 55.6224], [54.1718, 55.62], [54.1659, 55.6253], [54.1565, 55.6152], [54.1653, 55.6128], [54.1423, 55.6094], [54.1288, 55.5985], [54.12, 55.5979], [54.1186, 55.5917], [54.1107, 55.59], [54.1063, 55.5829], [54.089, 55.5802], [54.083, 55.5824], [54.0874, 55.586], [54.0788, 55.5865], [54.0662, 55.5802], [54.0712, 55.5728], [54.0683, 55.5691], [54.0365, 55.5631], [54.0311, 55.5593], [54.0426, 55.5461], [54.0234, 55.5384], [54.0046, 55.5508], [53.9934, 55.5473], [53.9837, 55.5303], [53.9665, 55.531], [53.9632, 55.5195], [53.9722, 55.516], [53.977, 55.4991], [53.9879, 55.4921], [53.9784, 55.4828], [53.9668, 55.4886], [53.9588, 55.483], [53.9786, 55.4659], [53.9269, 55.4551], [53.9273, 55.4442], [53.9021, 55.4285], [53.9103, 55.4171], [53.8966, 55.4149], [53.8952, 55.4095], [53.9001, 55.4077], [53.8728, 55.3944], [53.8876, 55.3892], [53.8891, 55.3628], [53.8972, 55.3569], [53.895, 55.3542], [53.9209, 55.3453], [53.9404, 55.348], [53.9528, 55.3434], [53.9716, 55.3342], [53.9671, 55.3259], [53.9789, 55.3273], [53.9822, 55.3206], [54.0031, 55.3211], [54.0154, 55.3162], [54.0842, 55.3219], [54.0806, 55.3056], [54.0885, 55.3031], [54.0912, 55.2969], [54.1076, 55.2968], [54.1342, 55.2802], [54.1194, 55.2723], [54.1372, 55.2494], [54.1304, 55.2449], [54.1516, 55.2339], [54.1879, 55.2599], [54.2003, 55.2559], [54.2052, 55.2486], [54.2025, 55.2373], [54.2085, 55.2176], [54.1984, 55.2025]]], [[[54.7344, 55.5635], [54.7364, 55.5532], [54.7433, 55.5508], [54.7638, 55.5607], [54.7658, 55.5765], [54.7377, 55.5733], [54.7344, 55.5635]]], [[[54.7061, 55.5708], [54.7075, 55.564], [54.7248, 55.5638], [54.7219, 55.5809], [54.7156, 55.5819], [54.7061, 55.5708]]]]}}, {"type": "Feature", "properties": {"osm_type": "relation", "osm_id": 662676920, "name": "Belebeyevsky District", "admin_level": "6", "kind": "subdivision_2", "parent_osm_id": 77677, "parent_name": "Bashkortostan", "parent_iso": "RU-BA"}, "geometry": {"type": "Polygon", "coordinates": [[[53.7806, 54.2626], [53.8025, 54.2533], [53.8213, 54.272], [53.8346, 54.2624], [53.8264, 54.2625], [53.8233, 54.2478], [53.833, 54.2474], [53.8278, 54.2165], [53.8625, 54.2134], [53.8616, 54.1781], [53.8572, 54.18], [53.8419, 54.1545], [53.8077, 54.1549], [53.8123, 54.1413], [53.8579, 54.1215], [53.8818, 54.1185], [53.8574, 54.1005], [53.8329, 54.0625], [53.8909, 54.0437], [53.8788, 54.0336], [53.8944, 54.0198], [53.8767, 54.0079], [53.8865, 54.0026], [53.8793, 53.9935], [53.8694, 53.9957], [53.8485, 53.9894], [53.8423, 53.9711], [53.8604, 53.9636], [53.8536, 53.9519], [53.9238, 53.949], [53.9314, 53.9353], [53.9294, 53.925], [53.9371, 53.9175], [53.9202, 53.908], [53.9062, 53.9096], [53.9127, 53.9047], [53.9093, 53.8994], [53.9287, 53.8901], [53.9192, 53.8813], [53.9373, 53.8748], [53.9593, 53.8782], [53.9665, 53.8861], [53.9549, 53.8962], [53.9643, 53.9102], [53.9604, 53.9133], [53.9995, 53.9393], [54.0162, 53.9426], [54.0228, 53.9289], [54.0674, 53.939], [54.0832, 53.9299], [54.1211, 53.9311], [54.1167, 53.9655], [54.1388, 53.973], [54.1478, 53.9848], [54.172, 53.9895], [54.2065, 53.9864], [54.2212, 53.9561], [54.2184, 53.9508], [54.2222, 53.9449], [54.2479, 53.9456], [54.2977, 53.9382], [54.3412, 53.9574], [54.3565, 53.9705], [54.3744, 53.9687], [54.3834, 53.9472], [54.3762, 53.9423], [54.3866, 53.9298], [54.4081, 53.941], [54.4344, 53.93], [54.5018, 53.9565], [54.5069, 53.9615], [54.4933, 53.9668], [54.5178, 53.9762], [54.534, 53.9763], [54.5297, 53.9797], [54.5429, 53.9821], [54.5308, 53.9881], [54.5523, 53.999], [54.5725, 53.9837], [54.6243, 53.9909], [54.6115, 53.9941], [54.6098, 54.0068], [54.6051, 54.0098], [54.5975, 54.006], [54.5883, 54.0152], [54.5886, 54.0252], [54.6015, 54.0346], [54.5845, 54.0403], [54.5932, 54.0526], [54.5604, 54.105], [54.5588, 54.1239], [54.5464, 54.1227], [54.5219, 54.1351], [54.5502, 54.1469], [54.6175, 54.1588], [54.6182, 54.1702], [54.6009, 54.1806], [54.5728, 54.1771], [54.5596, 54.1933], [54.5246, 54.1877], [54.5048, 54.1948], [54.5019, 54.2078], [54.5087, 54.2135], [54.494, 54.23], [54.5117, 54.2391], [54.5082, 54.2391], [54.5275, 54.2772], [54.481, 54.2868], [54.4728, 54.306], [54.4527, 54.3083], [54.4412, 54.2946], [54.4185, 54.2991], [54.4268, 54.304], [54.4112, 54.3152], [54.4039, 54.3022], [54.396, 54.2994], [54.3675, 54.3179], [54.3513, 54.3147], [54.346, 54.3236], [54.3206, 54.3344], [54.3212, 54.3458], [54.3111, 54.352], [54.3195, 54.3688], [54.3346, 54.3739], [54.3536, 54.3893], [54.3458, 54.3972], [54.3486, 54.4002], [54.3349, 54.4052], [54.3314, 54.4171], [54.3222, 54.4179], [54.3168, 54.4256], [54.284, 54.4258], [54.2805, 54.4204], [54.2864, 54.4199], [54.2888, 54.4103], [54.31, 54.3982], [54.2692, 54.3861], [54.2709, 54.3724], [54.2535, 54.3679], [54.2395, 54.35], [54.227, 54.3452], [54.2311, 54.3434], [54.2294, 54.3396], [54.2409, 54.3375], [54.2239, 54.3341], [54.2126, 54.341], [54.2005, 54.3277], [54.1963, 54.3322], [54.2076, 54.355], [54.1923, 54.3662], [54.1806, 54.3594], [54.1856, 54.3468], [54.181, 54.3411], [54.1738, 54.3414], [54.1722, 54.3301], [54.1906, 54.3274], [54.1703, 54.3145], [54.1579, 54.2858], [54.092, 54.2789], [54.0953, 54.268], [54.0917, 54.2644], [54.0377, 54.2687], [54.0407, 54.2887], [54.0298, 54.2895], [54.0329, 54.2997], [54.0215, 54.3077], [53.9854, 54.3001], [54.0203, 54.3179], [54.0071, 54.3272], [54.0045, 54.3345], [53.9998, 54.3314], [53.9353, 54.337], [53.9396, 54.3344], [53.9351, 54.3237], [53.9442, 54.3173], [53.8976, 54.3203], [53.8935, 54.302], [53.8561, 54.304], [53.8545, 54.297], [53.8465, 54.293], [53.8334, 54.2964], [53.8238, 54.2909], [53.8193, 54.2823], [53.8223, 54.2756], [53.8056, 54.2777], [53.7806, 54.2626]]]}}, {"type": "Feature", "properties": {"osm_type": "relation", "osm_id": 713678042, "name": "Baymaksky District", "admin_level": "6", "kind": "subdivision_2", "parent_osm_id": 77677, "parent_name": "Bashkortostan", "parent_iso": "RU-BA"}, "geometry": {"type": "Polygon", "coordinates": [[[57.8291, 53.0019], [57.8902, 52.9999], [57.8802, 52.9637], [57.8513, 52.9664], [57.8375, 52.9745], [57.8414, 52.9625], [57.8341, 52.9545], [57.8446, 52.9486], [57.8377, 52.9255], [57.8706, 52.9232], [57.8762, 52.9384], [57.9082, 52.9358], [57.8992, 52.9024], [57.8649, 52.9045], [57.8517, 52.8646], [57.8231, 52.8691], [57.8173, 52.8503], [57.8742, 52.8441], [57.869, 52.8219], [57.9034, 52.8159], [57.8994, 52.7816], [57.8952, 52.773], [57.8734, 52.7684], [57.7863, 52.7824], [57.7933, 52.7727], [57.7571, 52.7711], [57.7607, 52.7942], [57.7454, 52.7871], [57.7349, 52.7928], [57.7199, 52.7604], [57.7015, 52.7634], [57.6831, 52.7492], [57.6786, 52.7378], [57.7024, 52.7337], [57.7034, 52.7288], [57.6872, 52.7065], [57.6909, 52.6708], [57.6812, 52.6707], [57.6694, 52.6567], [57.6697, 52.6334], [57.6856, 52.6298], [57.7138, 52.6511], [57.7073, 52.6558], [57.7172, 52.6595], [57.7976, 52.6475], [57.7791, 52.6439], [57.7858, 52.6335], [57.7579, 52.6344], [57.6996, 52.6233], [57.6787, 52.625], [57.6774, 52.5924], [57.6507, 52.5937], [57.6455, 52.5787], [57.6159, 52.5798], [57.5978, 52.5256], [57.5827, 52.5248], [57.5806, 52.5316], [57.5723, 52.5312], [57.5726, 52.525], [57.5628, 52.5268], [57.5586, 52.5077], [57.5266, 52.5092], [57.5127, 52.4642], [57.528, 52.4489], [57.5444, 52.4077], [57.5443, 52.3983], [57.5716, 52.3953], [57.5929, 52.4031], [57.6573, 52.4032], [57.6489, 52.3973], [57.7076, 52.3783], [57.7577, 52.4116], [57.8204, 52.3993], [57.8159, 52.3675], [57.9126, 52.3729], [57.9184, 52.4078], [58.0377, 52.4365], [58.0599, 52.4324], [58.0887, 52.4194], [58.0903, 52.4112], [58.0654, 52.4073], [58.0722, 52.389], [58.0702, 52.3806], [58.1623, 52.3837], [58.1821, 52.3987], [58.1951, 52.3727], [58.1898, 52.3617], [58.2097, 52.3617], [58.2447, 52.3447], [58.2617, 52.3433], [58.2767, 52.3634], [58.2702, 52.3795], [58.3711, 52.3798], [58.401, 52.3759], [58.3952, 52.3691], [58.4188, 52.3635], [58.4728, 52.3363], [58.5141, 52.3477], [58.5217, 52.3126], [58.5343, 52.3105], [58.5379, 52.3155], [58.5525, 52.3172], [58.5875, 52.308], [58.6977, 52.2971], [58.7426, 52.2587], [58.899, 52.2447], [58.8914, 52.2537], [58.8951, 52.2642], [58.9042, 52.2649], [58.9039, 52.2732], [58.9137, 52.274], [58.9211, 52.2817], [58.939, 52.2761], [58.9525, 52.2817], [58.9433, 52.3007], [58.9455, 52.3102], [58.9293, 52.3205], [58.9443, 52.3264], [58.9454, 52.3397], [58.9004, 52.3424], [58.837, 52.3558], [58.8549, 52.4258], [58.7961, 52.4318], [58.7978, 52.4686], [58.7702, 52.4712], [58.7812, 52.5204], [58.8383, 52.5208], [58.8389, 52.566], [58.8338, 52.566], [58.824, 52.5933], [58.7812, 52.5921], [58.781, 52.6106], [58.751, 52.611], [58.751, 52.6579], [58.7802, 52.6652], [58.7761, 52.6705], [58.7855, 52.6833], [58.7766, 52.6903], [58.8047, 52.6951], [58.7795, 52.7873], [58.7627, 52.8106], [58.7619, 52.8232], [58.7148, 52.8179], [58.6895, 52.8242], [58.6804, 52.8176], [58.6463, 52.8359], [58.657, 52.8436], [58.6323, 52.8478], [58.6334, 52.8566], [58.6513, 52.8709], [58.6512, 52.8774], [58.6677, 52.8828], [58.6664, 52.8887], [58.6871, 52.8905], [58.6878, 52.8997], [58.6821, 52.9034], [58.6944, 52.9211], [58.6867, 52.9539], [58.634, 52.962], [58.6258, 52.9678], [58.6272, 52.9845], [58.6205, 52.9905], [58.504, 53.016], [58.3899, 53.028], [58.3131, 53.0308], [58.3029, 53.1156], [58.3053, 53.1468], [58.3135, 53.1628], [58.1672, 53.2206], [58.1186, 53.2252], [58.1416, 53.156], [58.0691, 53.095], [58.0575, 53.0669], [58.0402, 53.0755], [57.989, 53.1163], [57.9595, 53.1243], [57.918, 53.1232], [57.9064, 53.1119], [57.8913, 53.1097], [57.8852, 53.1022], [57.8196, 53.0703], [57.8222, 53.062], [57.834, 53.0559], [57.8159, 53.0411], [57.8215, 53.0309], [57.8208, 53.0213], [57.8328, 53.0206], [57.8291, 53.0019]], [[58.5847, 52.69], [58.5956, 52.7083], [58.6175, 52.7155], [58.6151, 52.7212], [58.594, 52.7228], [58.5881, 52.7277], [58.5942, 52.7364], [58.6001, 52.7353], [58.6083, 52.7514], [58.6617, 52.7425], [58.6996, 52.7562], [58.7445, 52.7617], [58.7462, 52.7662], [58.7495, 52.76], [58.7664, 52.7607], [58.7625, 52.7603], [58.7617, 52.7357], [58.7684, 52.7227], [58.78, 52.7234], [58.7756, 52.7056], [58.7595, 52.7147], [58.7568, 52.7211], [58.7382, 52.7145], [58.7376, 52.7019], [58.6856, 52.7017], [58.6827, 52.6889], [58.705, 52.6827], [58.7066, 52.6741], [58.6603, 52.6754], [58.6639, 52.6639], [58.6122, 52.6693], [58.6169, 52.6719], [58.5892, 52.6785], [58.5847, 52.69]]]}}, {"type": "Feature", "properties": {"osm_type": "relation", "osm_id": 381800190, "name": "Alsheyevsky District", "admin_level": "6", "kind": "subdivision_2", "parent_osm_id": 77677, "parent_name": "Bashkortostan", "parent_iso": "RU-BA"}, "geometry": {"type": "Polygon", "coordinates": [[[54.3866, 53.9298], [54.3977, 53.923], [54.3911, 53.9153], [54.3653, 53.9237], [54.3585, 53.9178], [54.3761, 53.9059], [54.3743, 53.8988], [54.3837, 53.8968], [54.3786, 53.8911], [54.3678, 53.8996], [54.3618, 53.8935], [54.3651, 53.8865], [54.3695, 53.888], [54.3678, 53.8844], [54.3782, 53.8844], [54.3769, 53.8729], [54.404, 53.8679], [54.4014, 53.8613], [54.4225, 53.8651], [54.4277, 53.87], [54.4428, 53.8666], [54.4385, 53.8629], [54.4422, 53.8615], [54.4267, 53.8549], [54.4219, 53.8477], [54.431, 53.8444], [54.4417, 53.8491], [54.4628, 53.8472], [54.4658, 53.8367], [54.4439, 53.8298], [54.4777, 53.8249], [54.4918, 53.8035], [54.4814, 53.7956], [54.4866, 53.7927], [54.4859, 53.7875], [54.5011, 53.7857], [54.4995, 53.7792], [54.5112, 53.775], [54.5047, 53.7581], [54.5332, 53.7582], [54.5383, 53.7643], [54.5628, 53.7409], [54.5748, 53.7363], [54.589, 53.7451], [54.5841, 53.7471], [54.5892, 53.7511], [54.5786, 53.7506], [54.6063, 53.7566], [54.6043, 53.7614], [54.5976, 53.7588], [54.5916, 53.7666], [54.6137, 53.7722], [54.6264, 53.7667], [54.6486, 53.781], [54.6455, 53.788], [54.6538, 53.7924], [54.6456, 53.7919], [54.6665, 53.8003], [54.6652, 53.8056], [54.672, 53.8078], [54.6766, 53.802], [54.6796, 53.8051], [54.6969, 53.799], [54.694, 53.8055], [54.7061, 53.809], [54.712, 53.8048], [54.7128, 53.8102], [54.7191, 53.8101], [54.724, 53.818], [54.7557, 53.8243], [54.7628, 53.83], [54.7776, 53.8217], [54.8117, 53.8303], [54.8147, 53.8227], [54.8321, 53.8232], [54.8327, 53.83], [54.8539, 53.8305], [54.8512, 53.8254], [54.8584, 53.8206], [54.8943, 53.8205], [54.8951, 53.8255], [54.9134, 53.8181], [54.9382, 53.8258], [54.9383, 53.8123], [54.9589, 53.8004], [54.9733, 53.8021], [54.9768, 53.8145], [54.9904, 53.8205], [54.9913, 53.8267], [54.9851, 53.8285], [54.9932, 53.8347], [54.9815, 53.8406], [55.023, 53.846], [55.0256, 53.8486], [55.0115, 53.8614], [55.0124, 53.8664], [55.0322, 53.8773], [55.0416, 53.8727], [55.0408, 53.8676], [55.0509, 53.8561], [55.0969, 53.8437], [55.0852, 53.8346], [55.0925, 53.8284], [55.0888, 53.8044], [55.057, 53.7779], [55.0552, 53.7501], [55.0912, 53.7362], [55.1247, 53.7629], [55.1496, 53.7529], [55.1662, 53.7644], [55.1804, 53.7545], [55.1792, 53.7514], [55.2114, 53.7399], [55.195, 53.7281], [55.215, 53.718], [55.2057, 53.7086], [55.2235, 53.7021], [55.2326, 53.7112], [55.2494, 53.7047], [55.3416, 53.7073], [55.3547, 53.7236], [55.3543, 53.731], [55.3647, 53.738], [55.3658, 53.7509], [55.3717, 53.7546], [55.3742, 53.7815], [55.3258, 53.7738], [55.3238, 53.7906], [55.3576, 53.8143], [55.3965, 53.8022], [55.4091, 53.815], [55.4171, 53.8171], [55.4189, 53.8123], [55.4358, 53.8046], [55.4383, 53.8218], [55.4261, 53.8244], [55.43, 53.831], [55.3651, 53.8568], [55.3709, 53.8619], [55.32, 53.8823], [55.4054, 53.9573], [55.4899, 53.9279], [55.4811, 53.9454], [55.4833, 53.9727], [55.4651, 53.986], [55.4888, 54.04], [55.4367, 54.042], [55.4239, 54.0551], [55.399, 54.0483], [55.3893, 54.0556], [55.323, 54.041], [55.3262, 54.0483], [55.3042, 54.0486], [55.2756, 54.074], [55.2475, 54.0723], [55.2364, 54.0613], [55.2123, 54.0646], [55.2008, 54.0719], [55.1414, 54.0845], [55.1531, 54.105], [55.1227, 54.1202], [55.1174, 54.1331], [55.0996, 54.1353], [55.0801, 54.1357], [55.0735, 54.1254], [55.0385, 54.1361], [55.039, 54.0941], [55.0329, 54.0931], [54.9846, 54.1459], [54.9771, 54.1433], [54.9607, 54.1567], [54.9374, 54.149], [54.9204, 54.1657], [54.8884, 54.1626], [54.8707, 54.1793], [54.8437, 54.1751], [54.8387, 54.1692], [54.7976, 54.1551], [54.7836, 54.1727], [54.8535, 54.1961], [54.8406, 54.2058], [54.7861, 54.2178], [54.7773, 54.2158], [54.7741, 54.2204], [54.738, 54.2117], [54.7321, 54.2167], [54.7253, 54.2148], [54.7149, 54.2237], [54.671, 54.2088], [54.6236, 54.2243], [54.6242, 54.2286], [54.6062, 54.2288], [54.6016, 54.2265], [54.6046, 54.2202], [54.5648, 54.2448], [54.5584, 54.2428], [54.5303, 54.2529], [54.5182, 54.2513], [54.5117, 54.2391], [54.494, 54.23], [54.5087, 54.2135], [54.5019, 54.2078], [54.5048, 54.1948], [54.5246, 54.1877], [54.5596, 54.1933], [54.5728, 54.1771], [54.6009, 54.1806], [54.6182, 54.1702], [54.6175, 54.1588], [54.5502, 54.1469], [54.5219, 54.1351], [54.5464, 54.1227], [54.5588, 54.1239], [54.5604, 54.105], [54.5932, 54.0526], [54.5845, 54.0403], [54.6015, 54.0346], [54.5886, 54.0252], [54.5883, 54.0152], [54.5975, 54.006], [54.6051, 54.0098], [54.6098, 54.0068], [54.6115, 53.9941], [54.6243, 53.9909], [54.5725, 53.9837], [54.5523, 53.999], [54.5308, 53.9881], [54.5429, 53.9821], [54.5297, 53.9797], [54.534, 53.9763], [54.5178, 53.9762], [54.4933, 53.9668], [54.5069, 53.9615], [54.5018, 53.9565], [54.4344, 53.93], [54.4081, 53.941], [54.3866, 53.9298]]]}}, {"type": "Feature", "properties": {"osm_type": "relation", "osm_id": 992547702, "name": "Beloretsky District", "admin_level": "6", "kind": "subdivision_2", "parent_osm_id": 77677, "parent_name": "Bashkortostan", "parent_iso": "RU-BA"}, "geometry": {"type": "MultiPolygon", "coordinates": [[[[57.2016, 53.5623], [57.2381, 53.5629], [57.2385, 53.5543], [57.2588, 53.5505], [57.2687, 53.5563], [57.3032, 53.5512], [57.2867, 53.524], [57.3102, 53.5007], [57.355, 53.4956], [57.3785, 53.4758], [57.3619, 53.4338], [57.3423, 53.4389], [57.3388, 53.4353], [57.3548, 53.413], [57.3552, 53.3974], [57.3488, 53.3918], [57.3927, 53.3576], [57.4266, 53.3607], [57.4444, 53.3697], [57.4611, 53.3641], [57.5132, 53.3698], [57.521, 53.3597], [57.5843, 53.3947], [57.6094, 53.4307], [57.6286, 53.4309], [57.638, 53.4012], [57.7387, 53.3912], [57.7361, 53.4139], [57.7229, 53.416], [57.7352, 53.4465], [57.7291, 53.4601], [57.7608, 53.4722], [57.7516, 53.484], [57.7679, 53.4863], [57.7811, 53.4803], [57.7984, 53.482], [57.8119, 53.4889], [57.8641, 53.4887], [57.897, 53.5074], [57.9196, 53.4967], [57.95, 53.4971], [57.9642, 53.5154], [57.9741, 53.5692], [58.0123, 53.5748], [58.0215, 53.608], [58.0074, 53.6102], [58.0134, 53.6504], [58.0437, 53.6473], [58.0396, 53.6281], [58.0984, 53.6201], [58.1017, 53.6388], [58.1898, 53.6281], [58.1832, 53.6101], [58.325, 53.5964], [58.5773, 53.6129], [58.5792, 53.6338], [58.6315, 53.7133], [58.675, 53.7279], [58.6813, 53.7641], [58.6636, 53.7674], [58.6669, 53.7751], [58.6572, 53.7748], [58.6595, 53.7838], [58.6494, 53.7925], [58.6738, 53.7992], [58.6738, 53.8091], [58.6815, 53.8156], [58.7193, 53.8124], [58.7663, 53.7908], [58.7804, 53.8161], [58.788, 53.8215], [58.7887, 53.8285], [58.7561, 53.8396], [58.7568, 53.8479], [58.7767, 53.8777], [58.7624, 53.8885], [58.7468, 53.8848], [58.7092, 53.8896], [58.6538, 53.886], [58.6586, 53.9032], [58.6519, 53.9115], [58.6195, 53.9148], [58.6017, 53.9074], [58.599, 53.9141], [58.5768, 53.9232], [58.5605, 53.9197], [58.5411, 53.9275], [58.5351, 53.9584], [58.5561, 53.9724], [58.5544, 53.9807], [58.5611, 53.9891], [58.5809, 54.0006], [58.5901, 54.0128], [58.6089, 54.016], [58.6143, 54.0341], [58.6338, 54.0358], [58.6314, 54.049], [58.6479, 54.0756], [58.6593, 54.0719], [58.6633, 54.0962], [58.7153, 54.1214], [58.7405, 54.1619], [58.7675, 54.1606], [58.7906, 54.1843], [58.8126, 54.1849], [58.8355, 54.2136], [58.8381, 54.2398], [58.8587, 54.2395], [58.8892, 54.2487], [58.9107, 54.2795], [58.9248, 54.2799], [58.9732, 54.3052], [58.9652, 54.3148], [58.9822, 54.3559], [59.0401, 54.4282], [59.0227, 54.4432], [58.9863, 54.4305], [58.9634, 54.4356], [58.9619, 54.4468], [58.9882, 54.4593], [58.991, 54.4654], [58.9674, 54.4779], [58.9924, 54.4945], [59.0181, 54.4929], [59.0183, 54.5064], [59.0423, 54.5216], [58.9796, 54.552], [58.967, 54.5737], [58.9537, 54.5844], [58.9197, 54.5832], [58.9085, 54.5719], [58.8391, 54.567], [58.8059, 54.5506], [58.7746, 54.5525], [58.7392, 54.5369], [58.715, 54.4779], [58.6086, 54.4593], [58.5873, 54.464], [58.4361, 54.5439], [58.4368, 54.5531], [58.4219, 54.5588], [58.3876, 54.5569], [58.3853, 54.5601], [58.3499, 54.5512], [58.2571, 54.5145], [58.1635, 54.5102], [58.1692, 54.5026], [58.1183, 54.4601], [58.0121, 54.3968], [57.9836, 54.3964], [57.9013, 54.4207], [57.897, 54.4296], [57.8565, 54.457], [57.8265, 54.4855], [57.7534, 54.5017], [57.7512, 54.5166], [57.7556, 54.52], [57.7478, 54.5256], [57.7579, 54.5314], [57.7473, 54.544], [57.7634, 54.5629], [57.7396, 54.5736], [57.746, 54.5819], [57.6271, 54.6177], [57.6032, 54.6786], [57.5924, 54.6793], [57.5206, 54.6538], [57.5066, 54.6618], [57.4849, 54.6652], [57.4868, 54.6704], [57.5119, 54.6816], [57.5162, 54.6923], [57.4761, 54.71], [57.4382, 54.7179], [57.415, 54.6766], [57.4107, 54.6604], [57.2828, 54.6255], [57.2832, 54.6138], [57.214, 54.5619], [57.2155, 54.5548], [57.2024, 54.5504], [57.2069, 54.5443], [57.22, 54.5481], [57.2453, 54.5445], [57.2651, 54.5518], [57.2599, 54.5436], [57.2598, 54.5177], [57.2359, 54.4134], [57.2212, 54.3817], [57.1923, 54.3536], [57.1697, 54.3621], [57.1621, 54.3371], [57.1586, 54.3342], [57.147, 54.3383], [57.1248, 54.3301], [57.1213, 54.3207], [57.19, 54.2804], [57.1799, 54.276], [57.1767, 54.2369], [57.1667, 54.2275], [57.1531, 54.2234], [57.1436, 54.2367], [57.119, 54.2049], [57.1219, 54.1876], [57.0927, 54.1233], [57.1032, 54.1056], [57.1201, 54.0924], [57.1405, 54.0503], [57.1379, 54.0148], [57.1443, 54.003], [57.1268, 53.9886], [57.1506, 53.9574], [57.152, 53.933], [57.1639, 53.9136], [57.1661, 53.836], [57.1527, 53.8319], [57.1433, 53.8484], [57.1348, 53.8469], [57.1353, 53.8358], [57.1248, 53.8314], [57.1298, 53.8264], [57.1129, 53.8229], [57.107, 53.832], [57.1035, 53.8264], [57.0955, 53.8264], [57.0975, 53.8352], [57.0757, 53.8402], [57.0632, 53.8329], [57.0503, 53.8329], [57.0414, 53.8256], [57.0364, 53.8261], [57.0374, 53.8326], [57.0215, 53.8323], [57.0071, 53.8458], [56.9599, 53.8467], [56.9693, 53.8411], [56.9673, 53.8338], [56.9743, 53.8282], [56.9401, 53.7882], [56.9376, 53.7697], [56.9431, 53.7606], [56.9302, 53.7424], [56.9288, 53.728], [57.07, 53.7385], [57.1032, 53.7356], [57.1102, 53.7412], [57.1687, 53.737], [57.1651, 53.6952], [57.1491, 53.6562], [57.1693, 53.6538], [57.1593, 53.6121], [57.1686, 53.5915], [57.2032, 53.5947], [57.2086, 53.59], [57.2016, 53.5623]], [[57.7393, 54.0315], [57.7926, 54.0311], [57.7925, 54.0806], [57.7591, 54.0844], [57.7659, 54.1201], [57.7794, 54.1184], [57.7807, 54.1324], [57.8182, 54.1503], [57.797, 54.1658], [57.8202, 54.1768], [57.7974, 54.1931], [57.8209, 54.2036], [57.798, 54.22], [57.8167, 54.2367], [57.847, 54.215], [57.9198, 54.2506], [57.8997, 54.2656], [57.9357, 54.2695], [57.9546, 54.2555], [57.9822, 54.2662], [58.0542, 54.2148], [57.8614, 54.1206], [57.8835, 54.1042], [57.8601, 54.0923], [57.8743, 54.0768], [57.8712, 54.0591], [57.8584, 54.0571], [57.8468, 54.0242], [57.8165, 54.0263], [57.8111, 54.0077], [57.7782, 54.0111], [57.7791, 54.0141], [57.7501, 54.0217], [57.7393, 54.0315]], [[58.889, 54.4312], [58.9133, 54.4426], [58.9402, 54.4251], [58.9652, 54.4215], [58.9628, 54.4136], [58.9346, 54.4037], [58.9144, 54.4135], [58.8989, 54.4146], [58.889, 54.4312]]], [[[58.5666, 53.9766], [58.5745, 53.9763], [58.5718, 53.9778], [58.5847, 53.9886], [58.5666, 53.9766]]]]}}, {"type": "Feature", "properties": {"osm_type": "relation", "osm_id": 493125259, "name": "Burayevsky District", "admin_level": "6", "kind": "subdivision_2", "parent_osm_id": 77677, "parent_name": "Bashkortostan", "parent_iso": "RU-BA"}, "geometry": {"type": "Polygon", "coordinates": [[[55.4969, 56.0688], [55.4781, 56.0627], [55.4592, 56.0642], [55.4415, 56.048], [55.4431, 56.0414], [55.4624, 56.0354], [55.458, 56.0208], [55.4405, 56.02], [55.4399, 56.0264], [55.4285, 56.0337], [55.4372, 56.0381], [55.4353, 56.0434], [55.4114, 56.0382], [55.3928, 56.0409], [55.3934, 56.0344], [55.4116, 56.0296], [55.4031, 56.0199], [55.3924, 56.02], [55.4007, 56.0075], [55.3732, 55.9962], [55.3492, 56.0026], [55.3466, 55.9827], [55.3405, 55.9745], [55.3472, 55.9585], [55.311, 55.9506], [55.2914, 55.9703], [55.2945, 55.9745], [55.2734, 55.9786], [55.2707, 55.9749], [55.2613, 55.976], [55.2657, 55.9721], [55.2623, 55.9671], [55.2572, 55.9755], [55.2599, 55.9823], [55.2383, 55.9866], [55.2267, 55.9716], [55.2128, 55.9691], [55.2115, 55.9579], [55.2041, 55.9509], [55.2135, 55.9455], [55.2076, 55.933], [55.2161, 55.9334], [55.2218, 55.9265], [55.2097, 55.916], [55.2315, 55.9115], [55.2304, 55.8867], [55.202, 55.8791], [55.1976, 55.8711], [55.1794, 55.8784], [55.1816, 55.8758], [55.1645, 55.8686], [55.166, 55.8577], [55.1602, 55.8577], [55.1612, 55.8546], [55.1443, 55.8541], [55.1408, 55.8583], [55.1354, 55.8569], [55.1385, 55.8524], [55.1272, 55.8539], [55.1293, 55.8481], [55.1124, 55.8555], [55.109, 55.8583], [55.1132, 55.8594], [55.0805, 55.862], [55.0716, 55.8563], [55.0731, 55.8532], [55.0679, 55.8536], [55.0689, 55.8465], [55.0349, 55.8469], [55.0449, 55.87], [55.0425, 55.8756], [55.0178, 55.8646], [55.0112, 55.8674], [54.9965, 55.8602], [54.9841, 55.8605], [54.9934, 55.8548], [54.9652, 55.8343], [54.943, 55.8334], [54.9348, 55.8276], [54.9369, 55.8193], [54.9324, 55.812], [54.942, 55.7975], [54.9386, 55.7892], [54.9242, 55.7878], [54.9131, 55.795], [54.8894, 55.7857], [54.8643, 55.7889], [54.8724, 55.7733], [54.8837, 55.7725], [54.8798, 55.7671], [54.8862, 55.7626], [54.8834, 55.752], [54.875, 55.7504], [54.876, 55.745], [54.8899, 55.7425], [54.9136, 55.7485], [54.9719, 55.725], [54.9556, 55.7106], [54.9957, 55.7194], [54.9923, 55.6869], [55.0642, 55.6611], [55.0855, 55.6443], [55.0535, 55.6237], [55.0682, 55.5928], [55.0923, 55.6019], [55.1232, 55.6026], [55.1217, 55.6228], [55.1527, 55.6256], [55.209, 55.5752], [55.2219, 55.5388], [55.271, 55.5398], [55.2866, 55.5485], [55.3142, 55.5715], [55.3201, 55.5816], [55.339, 55.5873], [55.3474, 55.6195], [55.3843, 55.6118], [55.3941, 55.6218], [55.3835, 55.6234], [55.3888, 55.6297], [55.4194, 55.6241], [55.4174, 55.6308], [55.4115, 55.633], [55.415, 55.6365], [55.4092, 55.6359], [55.4155, 55.6436], [55.462, 55.647], [55.4782, 55.672], [55.478, 55.6845], [55.4879, 55.6841], [55.4951, 55.6925], [55.5237, 55.6898], [55.5556, 55.6775], [55.5621, 55.6892], [55.5859, 55.6932], [55.6062, 55.6889], [55.6116, 55.7101], [55.5718, 55.7095], [55.5638, 55.7196], [55.5646, 55.7266], [55.5741, 55.7345], [55.5731, 55.7488], [55.6096, 55.7416], [55.6015, 55.7484], [55.5983, 55.7593], [55.6432, 55.7583], [55.6625, 55.7457], [55.6485, 55.7247], [55.6256, 55.7214], [55.6216, 55.7283], [55.5934, 55.7175], [55.6433, 55.711], [55.6484, 55.7059], [55.6601, 55.7183], [55.6964, 55.7183], [55.7043, 55.7096], [55.7044, 55.7028], [55.69, 55.6988], [55.7021, 55.6952], [55.7076, 55.698], [55.7237, 55.6851], [55.7175, 55.6941], [55.7221, 55.7006], [55.7278, 55.6947], [55.7381, 55.7026], [55.7577, 55.6905], [55.7855, 55.694], [55.7809, 55.6985], [55.8066, 55.7061], [55.8121, 55.7119], [55.8088, 55.7173], [55.8182, 55.7206], [55.82, 55.7267], [55.8106, 55.7628], [55.8207, 55.7662], [55.8193, 55.7697], [55.7879, 55.777], [55.8078, 55.7904], [55.8231, 55.7895], [55.8286, 55.7989], [55.8232, 55.8096], [55.813, 55.8088], [55.8166, 55.7952], [55.7814, 55.8002], [55.8026, 55.8173], [55.7827, 55.82], [55.7785, 55.8135], [55.764, 55.808], [55.7544, 55.8097], [55.7514, 55.8032], [55.7403, 55.8102], [55.7404, 55.8278], [55.7627, 55.8273], [55.7596, 55.8463], [55.7811, 55.8497], [55.796, 55.8654], [55.7796, 55.8824], [55.7819, 55.9001], [55.7469, 55.901], [55.7449, 55.9209], [55.6935, 55.9211], [55.6634, 55.9441], [55.6333, 55.9592], [55.6109, 55.961], [55.5968, 55.9528], [55.5821, 55.956], [55.5936, 55.9625], [55.5787, 55.9664], [55.5793, 55.9709], [55.5673, 55.9706], [55.5718, 55.9829], [55.57, 55.9997], [55.5871, 56.0053], [55.6185, 56.0051], [55.6236, 55.9987], [55.6574, 55.9988], [55.6845, 56.007], [55.6635, 56.0273], [55.6603, 56.0367], [55.6567, 56.0552], [55.6758, 56.0674], [55.6605, 56.0893], [55.6111, 56.0884], [55.5676, 56.0814], [55.5531, 56.0857], [55.4969, 56.0688]]]}}, {"type": "Feature", "properties": {"osm_type": "relation", "osm_id": 416972611, "name": "Kuyurgazinsky District", "admin_level": "6", "kind": "subdivision_2", "parent_osm_id": 77677, "parent_name": "Bashkortostan", "parent_iso": "RU-BA"}, "geometry": {"type": "Polygon", "coordinates": [[[55.9486, 52.8889], [55.9495, 52.8804], [55.9641, 52.884], [55.9607, 52.881], [55.966, 52.8769], [55.9482, 52.8673], [55.9372, 52.8536], [55.9432, 52.8485], [55.9371, 52.8358], [55.9194, 52.8398], [55.8719, 52.7893], [55.8945, 52.7853], [55.8932, 52.7618], [55.8729, 52.7248], [55.7947, 52.7313], [55.7819, 52.7023], [55.7392, 52.7029], [55.704, 52.692], [55.6969, 52.6743], [55.7162, 52.6698], [55.673, 52.6659], [55.6372, 52.6678], [55.6305, 52.673], [55.6341, 52.6783], [55.6464, 52.6797], [55.6429, 52.6846], [55.6472, 52.6961], [55.6668, 52.695], [55.6881, 52.7013], [55.7072, 52.6998], [55.7039, 52.6943], [55.7436, 52.7053], [55.7733, 52.7062], [55.7748, 52.7223], [55.7809, 52.7295], [55.7671, 52.7288], [55.7631, 52.7385], [55.7394, 52.7411], [55.7457, 52.7536], [55.754, 52.755], [55.7492, 52.7648], [55.7532, 52.7897], [55.7628, 52.7884], [55.7678, 52.8022], [55.7756, 52.8028], [55.7754, 52.8099], [55.781, 52.8129], [55.8327, 52.8139], [55.8381, 52.854], [55.8251, 52.8531], [55.8303, 52.8375], [55.8206, 52.8397], [55.8132, 52.871], [55.8181, 52.8725], [55.8178, 52.8792], [55.8258, 52.8814], [55.8238, 52.8892], [55.8311, 52.8876], [55.8384, 52.8926], [55.8335, 52.8932], [55.8359, 52.8968], [55.8478, 52.8936], [55.8706, 52.9053], [55.8437, 52.9268], [55.8078, 52.898], [55.7507, 52.8899], [55.7569, 52.8612], [55.7644, 52.858], [55.7531, 52.8514], [55.7349, 52.8564], [55.6909, 52.8521], [55.6911, 52.8491], [55.6812, 52.8508], [55.6855, 52.8695], [55.628, 52.9019], [55.6244, 52.9183], [55.5751, 52.9132], [55.5752, 52.9072], [55.5477, 52.9069], [55.5442, 52.9006], [55.5259, 52.9018], [55.5307, 52.9126], [55.5313, 52.9358], [55.5122, 52.9342], [55.5074, 52.9222], [55.4966, 52.9238], [55.4863, 52.9121], [55.3807, 52.9101], [55.3485, 52.8981], [55.2855, 52.8955], [55.2881, 52.9018], [55.2483, 52.9026], [55.2675, 52.9484], [55.2641, 52.9511], [55.2411, 52.9426], [55.2067, 52.9585], [55.1928, 52.9574], [55.1814, 52.9493], [55.1543, 52.9596], [55.1086, 52.9225], [55.1227, 52.9144], [55.1337, 52.8973], [55.1234, 52.8826], [55.1232, 52.871], [55.1312, 52.8633], [55.1475, 52.8608], [55.1491, 52.8552], [55.2039, 52.87], [55.2179, 52.8809], [55.2398, 52.883], [55.2635, 52.8561], [55.2804, 52.8485], [55.3149, 52.8468], [55.3484, 52.8527], [55.3846, 52.8233], [55.4002, 52.8293], [55.3999, 52.8105], [55.424, 52.7921], [55.3949, 52.7845], [55.387, 52.7903], [55.3391, 52.7686], [55.3679, 52.7401], [55.4166, 52.7469], [55.4271, 52.7331], [55.3951, 52.6999], [55.3737, 52.7079], [55.3685, 52.704], [55.3604, 52.6896], [55.3673, 52.6831], [55.3155, 52.694], [55.3059, 52.7067], [55.3031, 52.731], [55.2769, 52.7181], [55.2663, 52.7384], [55.2337, 52.7413], [55.2216, 52.7402], [55.2189, 52.7237], [55.269, 52.7001], [55.264, 52.6451], [55.2806, 52.6304], [55.303, 52.6296], [55.3529, 52.6384], [55.3635, 52.6461], [55.3682, 52.6753], [55.4036, 52.6677], [55.4147, 52.6576], [55.4353, 52.649], [55.4507, 52.6323], [55.4639, 52.6246], [55.4708, 52.6255], [55.4555, 52.6162], [55.437, 52.5854], [55.4693, 52.5836], [55.5241, 52.6042], [55.53, 52.5759], [55.5081, 52.5677], [55.5101, 52.5552], [55.549, 52.5444], [55.5448, 52.5348], [55.4794, 52.5415], [55.4745, 52.5232], [55.51, 52.5202], [55.5252, 52.5139], [55.5196, 52.4964], [55.5015, 52.4988], [55.4958, 52.4725], [55.5019, 52.4701], [55.5, 52.462], [55.5395, 52.4573], [55.5336, 52.4565], [55.5332, 52.4514], [55.5431, 52.4526], [55.5424, 52.4438], [55.5285, 52.4311], [55.4962, 52.4169], [55.5251, 52.3876], [55.54, 52.3966], [55.5543, 52.3922], [55.5694, 52.4062], [55.5924, 52.3838], [55.6141, 52.3823], [55.6183, 52.3719], [55.675, 52.3679], [55.6656, 52.4013], [55.6732, 52.3983], [55.6779, 52.4044], [55.6832, 52.3998], [55.6994, 52.401], [55.7332, 52.3515], [55.7436, 52.3537], [55.7705, 52.3472], [55.7982, 52.3769], [55.8234, 52.365], [55.8578, 52.3895], [55.8821, 52.3962], [55.8866, 52.4086], [55.8714, 52.4147], [55.8482, 52.4703], [55.8518, 52.4816], [55.8661, 52.4883], [55.8632, 52.4961], [55.8722, 52.5345], [55.8664, 52.5349], [55.8676, 52.5458], [55.8853, 52.5444], [55.9081, 52.5599], [55.9221, 52.5528], [55.912, 52.5359], [55.9285, 52.5213], [55.9178, 52.5134], [55.9203, 52.5097], [55.937, 52.5101], [55.9636, 52.5416], [55.961, 52.5442], [55.9681, 52.5469], [55.9663, 52.5578], [55.9873, 52.5613], [56.0064, 52.5489], [56.0366, 52.5702], [56.0271, 52.5761], [56.0531, 52.5909], [56.0592, 52.6124], [56.0678, 52.6239], [56.0624, 52.6288], [56.0686, 52.6301], [56.0532, 52.6336], [56.036, 52.647], [56.0705, 52.6449], [56.1149, 52.6505], [56.1269, 52.6457], [56.1213, 52.6386], [56.098, 52.6364], [56.074, 52.6213], [56.1102, 52.6193], [56.1254, 52.6336], [56.1484, 52.6317], [56.1504, 52.6241], [56.1695, 52.6292], [56.1897, 52.6445], [56.1975, 52.6422], [56.1993, 52.6468], [56.1938, 52.6487], [56.191, 52.6618], [56.1788, 52.6657], [56.1863, 52.6684], [56.1836, 52.672], [56.1752, 52.6726], [56.1809, 52.6904], [56.1681, 52.6885], [56.1592, 52.6706], [56.1475, 52.6719], [56.1656, 52.7141], [56.1723, 52.7593], [56.1339, 52.7652], [56.1183, 52.7529], [56.0836, 52.752], [56.0737, 52.7605], [56.0752, 52.7793], [56.0823, 52.7817], [56.0778, 52.7964], [56.0541, 52.7901], [56.0529, 52.7654], [56.0484, 52.7639], [56.0206, 52.7681], [55.9872, 52.7637], [55.9762, 52.7688], [55.9886, 52.7865], [55.9986, 52.7834], [56.0325, 52.8205], [56.0253, 52.8314], [56.0092, 52.8389], [56.0179, 52.8429], [56.0048, 52.8488], [56.0095, 52.856], [55.9967, 52.8549], [55.9799, 52.8699], [55.9957, 52.8769], [55.9938, 52.8828], [55.9745, 52.8851], [55.9718, 52.8899], [55.9486, 52.8889]]]}}, {"type": "Feature", "properties": {"osm_type": "relation", "osm_id": 363013083, "name": "Sterlibashevsky District", "admin_level": "6", "kind": "subdivision_2", "parent_osm_id": 77677, "parent_name": "Bashkortostan", "parent_iso": "RU-BA"}, "geometry": {"type": "Polygon", "coordinates": [[[55.7087, 53.3709], [55.6691, 53.404], [55.6395, 53.3991], [55.6424, 53.3862], [55.6321, 53.3853], [55.6032, 53.4006], [55.5612, 53.3922], [55.5822, 53.3692], [55.5599, 53.3526], [55.5354, 53.3514], [55.5276, 53.3524], [55.5275, 53.3689], [55.5007, 53.3872], [55.4743, 53.3947], [55.4532, 53.3903], [55.4382, 53.4094], [55.4603, 53.4167], [55.458, 53.4204], [55.4872, 53.4261], [55.4762, 53.4412], [55.5057, 53.4489], [55.5265, 53.4742], [55.4961, 53.4832], [55.5029, 53.4899], [55.4989, 53.4936], [55.5149, 53.4985], [55.5195, 53.4936], [55.5455, 53.5112], [55.5208, 53.524], [55.507, 53.5175], [55.496, 53.5209], [55.4703, 53.542], [55.419, 53.5202], [55.3723, 53.5536], [55.4149, 53.5749], [55.3981, 53.5935], [55.3915, 53.5919], [55.4023, 53.6186], [55.3423, 53.6257], [55.3405, 53.6182], [55.3186, 53.6205], [55.3166, 53.6051], [55.29, 53.5963], [55.2307, 53.6315], [55.1679, 53.5995], [55.1122, 53.5635], [55.1053, 53.5567], [55.1124, 53.5425], [55.0974, 53.5379], [55.0934, 53.5135], [55.0785, 53.5121], [55.0757, 53.5002], [55.0607, 53.4948], [55.0652, 53.4826], [55.0833, 53.4735], [55.0766, 53.4667], [55.0386, 53.4565], [55.0225, 53.4335], [54.9772, 53.4104], [54.9572, 53.4084], [54.9571, 53.4206], [54.9359, 53.4189], [54.9411, 53.4091], [54.8333, 53.3828], [54.8131, 53.3663], [54.7566, 53.3723], [54.7262, 53.3634], [54.7138, 53.3686], [54.6513, 53.3578], [54.6615, 53.3473], [54.6464, 53.3414], [54.6314, 53.3473], [54.6323, 53.3538], [54.6238, 53.3507], [54.6196, 53.3575], [54.6023, 53.354], [54.5984, 53.3481], [54.5769, 53.35], [54.5587, 53.3457], [54.5713, 53.3193], [54.5633, 53.3003], [54.5669, 53.2992], [54.5657, 53.2903], [54.5517, 53.2632], [54.6269, 53.2588], [54.6247, 53.2501], [54.6294, 53.2495], [54.6376, 53.2362], [54.6102, 53.2271], [54.6147, 53.2251], [54.6144, 53.2186], [54.6213, 53.2167], [54.6276, 53.2214], [54.6513, 53.2137], [54.6768, 53.2199], [54.6797, 53.2227], [54.6754, 53.2253], [54.6827, 53.2277], [54.6884, 53.2238], [54.7025, 53.2293], [54.7084, 53.226], [54.7208, 53.2324], [54.7429, 53.2264], [54.7473, 53.228], [54.7462, 53.2343], [54.7919, 53.2412], [54.8017, 53.2503], [54.7972, 53.2553], [54.8317, 53.2751], [54.8367, 53.2737], [54.8409, 53.2522], [54.8698, 53.2355], [54.8976, 53.2637], [54.9931, 53.304], [54.9816, 53.3158], [54.9935, 53.3344], [55.0348, 53.3478], [55.0359, 53.3393], [55.0412, 53.3403], [55.0445, 53.3347], [55.059, 53.3416], [55.0791, 53.3387], [55.1091, 53.3509], [55.1105, 53.3415], [55.124, 53.3396], [55.1129, 53.3278], [55.1631, 53.3258], [55.2058, 53.3155], [55.2329, 53.3195], [55.2249, 53.2949], [55.2153, 53.2924], [55.2088, 53.2714], [55.198, 53.2569], [55.1769, 53.2492], [55.1707, 53.2393], [55.1835, 53.2406], [55.2163, 53.2586], [55.2244, 53.2535], [55.2234, 53.2447], [55.2345, 53.2443], [55.2597, 53.256], [55.2981, 53.2446], [55.4056, 53.2383], [55.4068, 53.2234], [55.3653, 53.2129], [55.37, 53.2097], [55.4618, 53.1996], [55.4501, 53.1881], [55.4893, 53.184], [55.4923, 53.1875], [55.5199, 53.1812], [55.5325, 53.1907], [55.5306, 53.2044], [55.5455, 53.2067], [55.5451, 53.2139], [55.5854, 53.2298], [55.5826, 53.2402], [55.5905, 53.2488], [55.5882, 53.2568], [55.5916, 53.2592], [55.5616, 53.2769], [55.5642, 53.2959], [55.5576, 53.3099], [55.5731, 53.3271], [55.6411, 53.3207], [55.6406, 53.3287], [55.651, 53.3289], [55.6452, 53.3383], [55.6579, 53.3434], [55.6688, 53.3399], [55.6878, 53.3477], [55.6819, 53.351], [55.6888, 53.3542], [55.6908, 53.3642], [55.6999, 53.3638], [55.7121, 53.3689], [55.7087, 53.3709]]]}}, {"type": "Feature", "properties": {"osm_type": "relation", "osm_id": 344207538, "name": "Duvansky District", "admin_level": "6", "kind": "subdivision_2", "parent_osm_id": 77677, "parent_name": "Bashkortostan", "parent_iso": "RU-BA"}, "geometry": {"type": "Polygon", "coordinates": [[[57.4793, 55.4108], [57.4857, 55.4438], [57.5625, 55.4422], [57.5626, 55.4252], [57.6352, 55.4232], [57.6359, 55.439], [57.6731, 55.4375], [57.6793, 55.5121], [57.7091, 55.5284], [57.726, 55.5303], [57.7428, 55.5184], [57.7694, 55.512], [57.8217, 55.5236], [57.83, 55.5077], [57.8641, 55.5172], [57.9074, 55.507], [57.8872, 55.4728], [57.904, 55.4681], [57.9056, 55.462], [57.9405, 55.4591], [57.9406, 55.4728], [58.0125, 55.4777], [58.0134, 55.46], [58.0309, 55.4509], [58.0657, 55.4446], [58.0781, 55.4361], [58.0951, 55.4414], [58.0832, 55.4554], [58.1677, 55.4562], [58.1738, 55.4503], [58.1875, 55.4542], [58.2189, 55.45], [58.2514, 55.454], [58.2514, 55.4428], [58.2433, 55.4352], [58.248, 55.4298], [58.2314, 55.4244], [58.2516, 55.3941], [58.2375, 55.3881], [58.238, 55.3823], [58.2536, 55.3789], [58.2603, 55.3724], [58.3052, 55.3763], [58.3078, 55.3899], [58.3136, 55.3932], [58.3287, 55.3887], [58.3469, 55.3927], [58.3409, 55.403], [58.3859, 55.4112], [58.3863, 55.42], [58.4984, 55.419], [58.4838, 55.4269], [58.4681, 55.4265], [58.4682, 55.4422], [58.4503, 55.4424], [58.4531, 55.4587], [58.4797, 55.4605], [58.4803, 55.4774], [58.4625, 55.4782], [58.4535, 55.5005], [58.4441, 55.495], [58.4363, 55.5028], [58.4463, 55.5098], [58.3633, 55.5535], [58.3821, 55.5643], [58.3632, 55.5661], [58.3646, 55.5756], [58.3814, 55.5745], [58.3801, 55.5837], [58.3943, 55.6026], [58.3536, 55.6187], [58.2779, 55.6177], [58.2733, 55.6451], [58.1758, 55.6427], [58.1439, 55.6553], [58.162, 55.6658], [58.1472, 55.6785], [58.1534, 55.7029], [58.2231, 55.7019], [58.2569, 55.7204], [58.2794, 55.7559], [58.2773, 55.7878], [58.2303, 55.7883], [58.2313, 55.8062], [58.1994, 55.8237], [58.1666, 55.8247], [58.1661, 55.8045], [58.0713, 55.8037], [58.0708, 55.8417], [58.0914, 55.8418], [58.0916, 55.8956], [58.0703, 55.8955], [58.069, 55.9451], [58.0483, 55.9451], [58.0474, 55.9499], [58.005, 55.949], [58.0046, 55.9353], [57.9894, 55.9195], [57.9787, 55.9182], [57.969, 55.9215], [57.9669, 55.9293], [57.9553, 55.9372], [57.9258, 55.9397], [57.9025, 55.9519], [57.903, 55.9653], [57.9217, 55.9752], [58.0056, 55.971], [58.0435, 55.9825], [58.0428, 55.991], [58.0615, 55.99], [58.0636, 55.9983], [58.0536, 56.0013], [58.0585, 56.0095], [58.0734, 56.0123], [58.0664, 56.0151], [58.0557, 56.0117], [58.0409, 56.0245], [58.0239, 56.0271], [58.0147, 56.0357], [58.0116, 56.0562], [57.9561, 56.0536], [57.9733, 56.0621], [57.9662, 56.0642], [57.9338, 56.0533], [57.9281, 56.0638], [57.9277, 56.0882], [57.9348, 56.095], [57.9386, 56.1101], [57.9139, 56.1072], [57.8957, 56.1221], [57.9123, 56.1313], [57.8938, 56.1416], [57.8607, 56.1488], [57.8016, 56.1415], [57.7742, 56.1454], [57.7613, 56.1372], [57.7222, 56.1275], [57.6862, 56.1366], [57.6593, 56.117], [57.6534, 56.096], [57.6111, 56.0953], [57.5976, 56.0854], [57.575, 56.0954], [57.5404, 56.0953], [57.5663, 56.0935], [57.5731, 56.0866], [57.5842, 56.0866], [57.583, 56.0813], [57.5687, 56.0696], [57.5559, 56.0685], [57.5414, 56.0535], [57.5151, 56.0555], [57.5042, 56.0494], [57.5041, 56.0433], [57.4809, 56.0437], [57.493, 56.0239], [57.4844, 56.0126], [57.4881, 56.0043], [57.5013, 55.9999], [57.5216, 56.0059], [57.5201, 56.0107], [57.7049, 55.9889], [57.6506, 55.8495], [57.6301, 55.8507], [57.6247, 55.8253], [57.6021, 55.8175], [57.5991, 55.8001], [57.5546, 55.7884], [57.5591, 55.7281], [57.5405, 55.7203], [57.446, 55.714], [57.3459, 55.6864], [57.3226, 55.6628], [57.3355, 55.6466], [57.2873, 55.6233], [57.3102, 55.611], [57.2725, 55.5737], [57.2884, 55.5686], [57.291, 55.5599], [57.2828, 55.5449], [57.3088, 55.532], [57.3305, 55.5048], [57.305, 55.438], [57.3791, 55.413], [57.4793, 55.4108]]]}}, {"type": "Feature", "properties": {"osm_type": "relation", "osm_id": 581373674, "name": "Sharansky District", "admin_level": "6", "kind": "subdivision_2", "parent_osm_id": 77677, "parent_name": "Bashkortostan", "parent_iso": "RU-BA"}, "geometry": {"type": "Polygon", "coordinates": [[[53.6377, 54.9108], [53.6493, 54.9066], [53.6456, 54.9003], [53.6365, 54.8995], [53.6374, 54.8803], [53.6228, 54.8785], [53.5978, 54.8192], [53.589, 54.8158], [53.592, 54.8093], [53.6213, 54.8134], [53.6226, 54.8095], [53.6288, 54.8106], [53.624, 54.807], [53.6263, 54.8001], [53.7006, 54.7861], [53.7063, 54.7747], [53.7202, 54.7743], [53.7253, 54.7662], [53.7107, 54.767], [53.7073, 54.7579], [53.6995, 54.7589], [53.693, 54.741], [53.7528, 54.7315], [53.7676, 54.7359], [53.7753, 54.7436], [53.7787, 54.7392], [53.8228, 54.7574], [53.8463, 54.7525], [53.8224, 54.7297], [53.8297, 54.7303], [53.8438, 54.7078], [53.8613, 54.7219], [53.8712, 54.7122], [54.0351, 54.7109], [54.0189, 54.6897], [54.0053, 54.6819], [54.0035, 54.669], [54.0077, 54.6677], [54.0213, 54.6805], [54.0366, 54.6745], [54.0727, 54.6795], [54.1175, 54.6754], [54.1431, 54.6821], [54.1483, 54.7081], [54.1689, 54.7205], [54.1682, 54.7251], [54.1961, 54.7298], [54.2199, 54.7271], [54.2246, 54.7193], [54.2418, 54.7194], [54.2527, 54.726], [54.2433, 54.731], [54.248, 54.7419], [54.2591, 54.7417], [54.2755, 54.7531], [54.2645, 54.7613], [54.2773, 54.7616], [54.2775, 54.776], [54.2836, 54.7799], [54.3056, 54.7733], [54.3254, 54.7734], [54.3316, 54.7941], [54.3133, 54.789], [54.299, 54.7937], [54.267, 54.7926], [54.3458, 54.8358], [54.3436, 54.8421], [54.3242, 54.8535], [54.3016, 54.8594], [54.303, 54.8645], [54.3221, 54.876], [54.33, 54.8886], [54.3492, 54.8991], [54.3737, 54.8986], [54.3772, 54.9047], [54.3333, 54.9268], [54.3466, 54.93], [54.341, 54.9359], [54.3303, 54.942], [54.3123, 54.9359], [54.3052, 54.9473], [54.338, 54.9543], [54.3481, 54.9486], [54.3662, 54.955], [54.3823, 54.9541], [54.4087, 54.9664], [54.3792, 54.9569], [54.3687, 54.9578], [54.3503, 54.9803], [54.3603, 54.9882], [54.332, 54.9906], [54.3278, 55.0016], [54.3012, 55.0127], [54.3192, 55.0318], [54.3051, 55.0522], [54.2947, 55.0422], [54.2846, 55.0437], [54.2494, 55.0229], [54.2083, 55.0278], [54.2082, 55.0214], [54.1737, 55.0241], [54.1707, 55.0087], [54.1943, 55.0068], [54.1927, 54.9941], [54.1654, 55.0004], [54.1656, 54.9896], [54.096, 54.9998], [54.1017, 55.0193], [54.0457, 55.0315], [54.0385, 55.0293], [54.0409, 55.0241], [54.0169, 55.0039], [53.9665, 54.988], [53.9732, 55.0034], [53.9605, 55.0101], [53.9366, 55.0093], [53.9136, 54.9915], [53.9061, 54.9989], [53.8373, 55.0121], [53.8107, 55.0113], [53.7657, 54.9865], [53.7513, 54.9949], [53.7442, 54.9943], [53.7456, 54.9838], [53.7173, 54.98], [53.7015, 54.9883], [53.6608, 54.9698], [53.6559, 54.9548], [53.6731, 54.9478], [53.6377, 54.9108]]]}}, {"type": "Feature", "properties": {"osm_type": "relation", "osm_id": 143243001, "name": "Gafuriysky District", "admin_level": "6", "kind": "subdivision_2", "parent_osm_id": 77677, "parent_name": "Bashkortostan", "parent_iso": "RU-BA"}, "geometry": {"type": "Polygon", "coordinates": [[[56.9599, 53.8467], [57.0071, 53.8458], [57.0215, 53.8323], [57.0374, 53.8326], [57.0364, 53.8261], [57.0414, 53.8256], [57.0503, 53.8329], [57.0632, 53.8329], [57.0757, 53.8402], [57.0975, 53.8352], [57.0955, 53.8264], [57.1035, 53.8264], [57.107, 53.832], [57.1129, 53.8229], [57.1298, 53.8264], [57.1248, 53.8314], [57.1353, 53.8358], [57.1348, 53.8469], [57.1433, 53.8484], [57.1527, 53.8319], [57.1661, 53.836], [57.1639, 53.9136], [57.152, 53.933], [57.1506, 53.9574], [57.1268, 53.9886], [57.1443, 54.003], [57.1379, 54.0148], [57.1405, 54.0503], [57.1201, 54.0924], [57.1032, 54.1056], [57.0927, 54.1233], [57.1219, 54.1876], [57.119, 54.2049], [57.1436, 54.2367], [57.075, 54.2217], [57.018, 54.2225], [57.0029, 54.217], [56.9729, 54.2162], [56.9735, 54.2221], [56.9509, 54.2291], [56.9284, 54.2261], [56.8516, 54.2524], [56.8417, 54.2384], [56.8395, 54.2263], [56.8326, 54.222], [56.8243, 54.2234], [56.8337, 54.239], [56.8402, 54.2407], [56.839, 54.2528], [56.8254, 54.258], [56.7884, 54.2568], [56.7742, 54.2289], [56.6857, 54.236], [56.6022, 54.2512], [56.6009, 54.2574], [56.5934, 54.2589], [56.5958, 54.2644], [56.609, 54.2677], [56.6064, 54.2754], [56.5944, 54.2769], [56.5969, 54.2817], [56.5485, 54.2914], [56.5621, 54.3058], [56.5394, 54.316], [56.5251, 54.306], [56.4965, 54.3213], [56.4649, 54.3125], [56.4607, 54.3051], [56.467, 54.3023], [56.4868, 54.3029], [56.4883, 54.2931], [56.4807, 54.2863], [56.4914, 54.2784], [56.4669, 54.2707], [56.4582, 54.2737], [56.4661, 54.2565], [56.4503, 54.2536], [56.4489, 54.2457], [56.4234, 54.2414], [56.4438, 54.2288], [56.4434, 54.2245], [56.4125, 54.2264], [56.4069, 54.2167], [56.4329, 54.2197], [56.4349, 54.214], [56.3909, 54.189], [56.3684, 54.1499], [56.3734, 54.144], [56.3721, 54.1209], [56.3666, 54.1194], [56.3635, 54.1285], [56.3565, 54.1289], [56.3529, 54.1236], [56.357, 54.1098], [56.3375, 54.1061], [56.3327, 54.0935], [56.3218, 54.0841], [56.3219, 54.0787], [56.3315, 54.072], [56.3302, 54.0646], [56.3061, 54.0595], [56.302, 54.0675], [56.2955, 54.0692], [56.3057, 54.0728], [56.3034, 54.0797], [56.2908, 54.0721], [56.252, 54.0712], [56.2245, 54.0438], [56.2121, 54.0493], [56.2061, 54.045], [56.2085, 54.0384], [56.1926, 54.0279], [56.223, 54.0334], [56.2315, 54.0423], [56.2436, 54.0393], [56.2301, 54.0196], [56.2122, 54.0194], [56.1921, 54.0122], [56.187, 54.0064], [56.1865, 53.9995], [56.1921, 53.9981], [56.1897, 53.9859], [56.1532, 53.9922], [56.1382, 53.9847], [56.1375, 53.9795], [56.1458, 53.9741], [56.1716, 53.9631], [56.2135, 53.968], [56.2224, 53.9619], [56.2171, 53.9524], [56.2463, 53.9436], [56.2444, 53.9392], [56.225, 53.9452], [56.2034, 53.9021], [56.1853, 53.9037], [56.1854, 53.8993], [56.178, 53.8992], [56.1772, 53.8954], [56.2419, 53.8713], [56.2401, 53.861], [56.2177, 53.8535], [56.2284, 53.8431], [56.2159, 53.8233], [56.2048, 53.8221], [56.2015, 53.8322], [56.1846, 53.8384], [56.1942, 53.8269], [56.1924, 53.8236], [56.1575, 53.8228], [56.1534, 53.8157], [56.1682, 53.806], [56.1618, 53.7984], [56.1505, 53.7992], [56.1422, 53.8097], [56.1332, 53.8097], [56.1254, 53.8053], [56.1297, 53.7975], [56.1249, 53.7889], [56.1157, 53.7855], [56.0961, 53.7887], [56.0932, 53.7845], [56.1134, 53.78], [56.1169, 53.7733], [56.1384, 53.7714], [56.1345, 53.7645], [56.1393, 53.7615], [56.1368, 53.7555], [56.1596, 53.7449], [56.1541, 53.731], [56.1732, 53.7277], [56.178, 53.7059], [56.1649, 53.7017], [56.1613, 53.6861], [56.1876, 53.6844], [56.1782, 53.6567], [56.2284, 53.6499], [56.2398, 53.6578], [56.2656, 53.6626], [56.2643, 53.6663], [56.2818, 53.6871], [56.3427, 53.703], [56.3403, 53.7196], [56.3474, 53.7342], [56.376, 53.7332], [56.3719, 53.7309], [56.378, 53.7266], [56.404, 53.7286], [56.3947, 53.7151], [56.4004, 53.7105], [56.3848, 53.7119], [56.3959, 53.7011], [56.3874, 53.6988], [56.4015, 53.6867], [56.4198, 53.6835], [56.4301, 53.6938], [56.467, 53.6927], [56.4744, 53.7017], [56.4715, 53.7055], [56.4917, 53.7188], [56.4893, 53.7388], [56.4972, 53.7525], [56.4954, 53.7604], [56.5033, 53.7664], [56.5127, 53.7654], [56.5114, 53.7569], [56.502, 53.7538], [56.5031, 53.7488], [56.5131, 53.7424], [56.5336, 53.7469], [56.539, 53.7192], [56.5495, 53.7142], [56.5438, 53.703], [56.5638, 53.6993], [56.6096, 53.7279], [56.6247, 53.7259], [56.6476, 53.763], [56.6152, 53.7696], [56.6175, 53.7755], [56.5993, 53.7718], [56.5546, 53.7796], [56.5708, 53.8045], [56.5783, 53.8011], [56.6109, 53.8058], [56.6455, 53.7967], [56.6573, 53.798], [56.6611, 53.804], [56.719, 53.8187], [56.7802, 53.8292], [56.8638, 53.8171], [56.9206, 53.8467], [56.9599, 53.8467]]]}}, {"type": "Feature", "properties": {"osm_type": "relation", "osm_id": 271653278, "name": "Chishminsky District", "admin_level": "6", "kind": "subdivision_2", "parent_osm_id": 77677, "parent_name": "Bashkortostan", "parent_iso": "RU-BA"}, "geometry": {"type": "Polygon", "coordinates": [[[55.8051, 54.4663], [55.8023, 54.4753], [55.8163, 54.4764], [55.808, 54.4797], [55.8132, 54.49], [55.7942, 54.5063], [55.8063, 54.5341], [55.786, 54.5401], [55.7613, 54.5396], [55.7292, 54.532], [55.7164, 54.5269], [55.7172, 54.5188], [55.7069, 54.5082], [55.6656, 54.5162], [55.7031, 54.5363], [55.7181, 54.5368], [55.7016, 54.5573], [55.697, 54.572], [55.7149, 54.5758], [55.6844, 54.5874], [55.6787, 54.597], [55.6815, 54.6059], [55.6336, 54.6049], [55.6331, 54.6128], [55.622, 54.6143], [55.6227, 54.6182], [55.633, 54.6193], [55.6216, 54.6286], [55.6183, 54.638], [55.6419, 54.6417], [55.6446, 54.6463], [55.6358, 54.6528], [55.6304, 54.6665], [55.6263, 54.6691], [55.6224, 54.6615], [55.6059, 54.665], [55.6002, 54.6613], [55.569, 54.6694], [55.567, 54.675], [55.5786, 54.688], [55.602, 54.6871], [55.6063, 54.72], [55.6148, 54.7261], [55.6097, 54.7323], [55.6026, 54.7319], [55.5913, 54.7185], [55.5744, 54.7145], [55.4826, 54.7103], [55.4707, 54.706], [55.4685, 54.7108], [55.4364, 54.7085], [55.4354, 54.7174], [55.4111, 54.7199], [55.3821, 54.7412], [55.3806, 54.7553], [55.391, 54.7588], [55.4225, 54.7908], [55.4208, 54.8012], [55.4091, 54.8073], [55.3494, 54.8166], [55.3318, 54.7911], [55.3186, 54.7863], [55.2628, 54.7917], [55.2557, 54.787], [55.2287, 54.7924], [55.2178, 54.788], [55.239, 54.7808], [55.2323, 54.7736], [55.2565, 54.7671], [55.2603, 54.7401], [55.231, 54.7375], [55.2254, 54.7285], [55.2146, 54.7272], [55.2095, 54.7121], [55.2297, 54.6862], [55.171, 54.6795], [55.1672, 54.6537], [55.1071, 54.645], [55.1126, 54.6311], [55.1406, 54.6245], [55.1396, 54.6129], [55.1316, 54.6081], [55.1022, 54.6019], [55.1128, 54.5915], [55.1074, 54.5882], [55.0857, 54.5929], [55.0828, 54.5984], [55.0622, 54.5936], [55.1198, 54.5561], [55.1184, 54.53], [55.1262, 54.5268], [55.1146, 54.5166], [55.1245, 54.5015], [55.1388, 54.4978], [55.1373, 54.4871], [55.1219, 54.4871], [55.1213, 54.4694], [55.0754, 54.4703], [55.0764, 54.4783], [55.0898, 54.4796], [55.0859, 54.4947], [55.0777, 54.5014], [55.0148, 54.4971], [55.0139, 54.4618], [54.8589, 54.4595], [54.8581, 54.4356], [54.878, 54.4266], [54.9096, 54.4263], [54.9094, 54.4168], [54.9281, 54.417], [54.9299, 54.4384], [54.9598, 54.4392], [54.9592, 54.4438], [54.9972, 54.4435], [55.0055, 54.4209], [55.0277, 54.4212], [55.0268, 54.3845], [55.1113, 54.3791], [55.119, 54.3751], [55.1459, 54.3792], [55.1712, 54.3734], [55.2527, 54.3344], [55.2502, 54.3292], [55.3053, 54.2942], [55.3197, 54.2947], [55.3243, 54.3057], [55.3621, 54.3029], [55.3625, 54.2915], [55.3983, 54.2909], [55.419, 54.2922], [55.4207, 54.3034], [55.4572, 54.3038], [55.4575, 54.2881], [55.4757, 54.2843], [55.4891, 54.2922], [55.4994, 54.2897], [55.5157, 54.2961], [55.5218, 54.3034], [55.5483, 54.3059], [55.571, 54.3031], [55.571, 54.2918], [55.5871, 54.2909], [55.5893, 54.2981], [55.6062, 54.3015], [55.6339, 54.321], [55.6529, 54.355], [55.6415, 54.36], [55.6472, 54.3672], [55.6425, 54.3688], [55.6429, 54.3755], [55.6505, 54.3803], [55.6475, 54.3845], [55.6741, 54.3899], [55.6809, 54.3946], [55.6793, 54.3999], [55.7436, 54.4071], [55.7509, 54.4145], [55.748, 54.4176], [55.7607, 54.422], [55.7601, 54.4309], [55.768, 54.4326], [55.7754, 54.4274], [55.8008, 54.4309], [55.8, 54.4352], [55.8042, 54.4346], [55.8144, 54.4488], [55.8091, 54.4536], [55.8163, 54.458], [55.8068, 54.4598], [55.8051, 54.4663]]]}}, {"type": "Feature", "properties": {"osm_type": "relation", "osm_id": 657264406, "name": "Buzdyaksky District", "admin_level": "6", "kind": "subdivision_2", "parent_osm_id": 77677, "parent_name": "Bashkortostan", "parent_iso": "RU-BA"}, "geometry": {"type": "Polygon", "coordinates": [[[54.2869, 54.4288], [54.3168, 54.4256], [54.3222, 54.4179], [54.3314, 54.4171], [54.3349, 54.4052], [54.3486, 54.4002], [54.3458, 54.3972], [54.3536, 54.3893], [54.3346, 54.3739], [54.3195, 54.3688], [54.3117, 54.3499], [54.3212, 54.3458], [54.3206, 54.3344], [54.346, 54.3236], [54.3513, 54.3147], [54.3675, 54.3179], [54.3788, 54.3096], [54.4076, 54.329], [54.4531, 54.3457], [54.461, 54.3422], [54.4938, 54.3589], [54.5116, 54.3766], [54.5391, 54.3744], [54.5526, 54.3894], [54.5417, 54.3925], [54.5773, 54.4269], [54.5897, 54.4231], [54.6244, 54.4606], [54.659, 54.4568], [54.6589, 54.4504], [54.7232, 54.4434], [54.7113, 54.4083], [54.7411, 54.4065], [54.7443, 54.4152], [54.7872, 54.4056], [54.8122, 54.4117], [54.8306, 54.4106], [54.8365, 54.4399], [54.8405, 54.4417], [54.7889, 54.4374], [54.7558, 54.4476], [54.7694, 54.4731], [54.7776, 54.4727], [54.7931, 54.492], [54.763, 54.5102], [54.7646, 54.5266], [54.7745, 54.5419], [54.6836, 54.5531], [54.6858, 54.5603], [54.6798, 54.5614], [54.655, 54.5576], [54.6503, 54.5738], [54.6709, 54.5702], [54.6988, 54.5886], [54.7015, 54.5966], [54.7094, 54.5985], [54.7208, 54.6323], [54.7218, 54.6527], [54.6552, 54.6545], [54.6502, 54.6797], [54.6833, 54.6873], [54.683, 54.6913], [54.6765, 54.6896], [54.6735, 54.6968], [54.6626, 54.6961], [54.6589, 54.7048], [54.6101, 54.7], [54.5368, 54.713], [54.5255, 54.7233], [54.5575, 54.7359], [54.5522, 54.7411], [54.5802, 54.7518], [54.5966, 54.7447], [54.6021, 54.7524], [54.6217, 54.75], [54.6459, 54.7561], [54.6594, 54.7527], [54.663, 54.7772], [54.6814, 54.7796], [54.6783, 54.7879], [54.6197, 54.7988], [54.6203, 54.8027], [54.5438, 54.8504], [54.5771, 54.8637], [54.6379, 54.8285], [54.6352, 54.8247], [54.6844, 54.815], [54.6914, 54.8262], [54.7329, 54.8182], [54.7416, 54.8428], [54.7488, 54.8415], [54.7461, 54.8488], [54.735, 54.8506], [54.7436, 54.8607], [54.7408, 54.868], [54.7201, 54.8727], [54.725, 54.8893], [54.7104, 54.8919], [54.6893, 54.8867], [54.6924, 54.8967], [54.6831, 54.8972], [54.6862, 54.9049], [54.7052, 54.9067], [54.7094, 54.9149], [54.705, 54.9213], [54.7131, 54.9274], [54.7615, 54.929], [54.7607, 54.9231], [54.7688, 54.9208], [54.8006, 54.9233], [54.7976, 54.9355], [54.7841, 54.9426], [54.7778, 54.935], [54.7305, 54.9337], [54.735, 54.9422], [54.7394, 54.9396], [54.7491, 54.9473], [54.7387, 54.9532], [54.7124, 54.9541], [54.7057, 54.9586], [54.7107, 54.9615], [54.6932, 54.9667], [54.6897, 54.9864], [54.6411, 54.9923], [54.6454, 54.9826], [54.6572, 54.9784], [54.6452, 54.9684], [54.5584, 54.9522], [54.5557, 54.9403], [54.513, 54.9462], [54.5152, 54.9279], [54.4988, 54.934], [54.5006, 54.9413], [54.4573, 54.9529], [54.4317, 54.9344], [54.3976, 54.9226], [54.3737, 54.8986], [54.3492, 54.8991], [54.33, 54.8886], [54.3221, 54.876], [54.303, 54.8645], [54.3016, 54.8594], [54.3242, 54.8535], [54.3436, 54.8421], [54.3458, 54.8358], [54.267, 54.7926], [54.299, 54.7937], [54.3133, 54.789], [54.3316, 54.7941], [54.3254, 54.7734], [54.3056, 54.7733], [54.2836, 54.7799], [54.2775, 54.776], [54.2773, 54.7616], [54.2645, 54.7613], [54.2755, 54.7531], [54.2591, 54.7417], [54.248, 54.7419], [54.2433, 54.731], [54.2527, 54.726], [54.2418, 54.7194], [54.2282, 54.7205], [54.2243, 54.7159], [54.2116, 54.7187], [54.2017, 54.7165], [54.2015, 54.7117], [54.1877, 54.714], [54.182, 54.7106], [54.2346, 54.6835], [54.224, 54.6758], [54.2625, 54.6617], [54.2884, 54.6648], [54.2992, 54.6585], [54.2825, 54.6499], [54.3378, 54.6304], [54.3363, 54.624], [54.3413, 54.6177], [54.3186, 54.6162], [54.2998, 54.6058], [54.2914, 54.6085], [54.2837, 54.6017], [54.3235, 54.5941], [54.2975, 54.5732], [54.2845, 54.5549], [54.2932, 54.5403], [54.2818, 54.5264], [54.287, 54.5201], [54.285, 54.5149], [54.2945, 54.5093], [54.3042, 54.5111], [54.3011, 54.5001], [54.3132, 54.4853], [54.3069, 54.4805], [54.3062, 54.4716], [54.2626, 54.4378], [54.2664, 54.4325], [54.2869, 54.4288]]]}}, {"type": "Feature", "properties": {"osm_type": "relation", "osm_id": 385956061, "name": "Birsky District", "admin_level": "6", "kind": "subdivision_2", "parent_osm_id": 77677, "parent_name": "Bashkortostan", "parent_iso": "RU-BA"}, "geometry": {"type": "Polygon", "coordinates": [[[55.9671, 55.3262], [55.9809, 55.351], [55.9918, 55.3592], [55.9901, 55.367], [55.9359, 55.3881], [55.9335, 55.3956], [55.9155, 55.4077], [55.9187, 55.4212], [55.9078, 55.4259], [55.912, 55.4372], [55.9075, 55.4449], [55.8719, 55.4333], [55.8662, 55.4275], [55.8427, 55.423], [55.8367, 55.4349], [55.839, 55.4707], [55.8247, 55.4789], [55.814, 55.4959], [55.7951, 55.4944], [55.7742, 55.4834], [55.7184, 55.4806], [55.7062, 55.4834], [55.7107, 55.4896], [55.7045, 55.5013], [55.6854, 55.5035], [55.6727, 55.5164], [55.6829, 55.5425], [55.6339, 55.5436], [55.6316, 55.535], [55.6181, 55.5362], [55.6131, 55.5267], [55.5487, 55.538], [55.5161, 55.5482], [55.5082, 55.5577], [55.476, 55.5527], [55.4737, 55.5601], [55.4836, 55.5619], [55.4718, 55.5769], [55.4018, 55.5749], [55.3893, 55.5663], [55.3805, 55.5679], [55.3914, 55.5828], [55.3695, 55.5899], [55.3309, 55.5866], [55.3201, 55.5816], [55.3142, 55.5715], [55.271, 55.5398], [55.2219, 55.5388], [55.2275, 55.511], [55.1895, 55.4869], [55.2268, 55.4825], [55.224, 55.4794], [55.244, 55.4768], [55.2565, 55.4628], [55.2737, 55.4616], [55.2223, 55.4389], [55.2268, 55.4314], [55.2707, 55.431], [55.2706, 55.4248], [55.2828, 55.4257], [55.2737, 55.4075], [55.2648, 55.4016], [55.2666, 55.3967], [55.273, 55.3963], [55.2562, 55.389], [55.225, 55.3892], [55.2247, 55.3829], [55.2151, 55.3827], [55.2151, 55.388], [55.1239, 55.3774], [55.1103, 55.3594], [55.1204, 55.3576], [55.1051, 55.3393], [55.1548, 55.3218], [55.121, 55.2838], [55.1018, 55.2847], [55.0764, 55.2744], [55.1044, 55.2398], [55.1563, 55.2549], [55.1739, 55.2293], [55.187, 55.2278], [55.1894, 55.2167], [55.2168, 55.2189], [55.2615, 55.2115], [55.2992, 55.1898], [55.3277, 55.1917], [55.3383, 55.1906], [55.3431, 55.1854], [55.3831, 55.1917], [55.3994, 55.1851], [55.3947, 55.183], [55.4008, 55.1748], [55.4002, 55.1538], [55.409, 55.1484], [55.4287, 55.1604], [55.465, 55.1655], [55.4924, 55.1536], [55.5309, 55.1686], [55.5476, 55.1686], [55.5964, 55.1826], [55.6266, 55.1806], [55.6632, 55.1903], [55.7204, 55.1713], [55.7296, 55.1785], [55.7267, 55.187], [55.7363, 55.1966], [55.7475, 55.1961], [55.7465, 55.2012], [55.7858, 55.2105], [55.7942, 55.2006], [55.8019, 55.2051], [55.7965, 55.2138], [55.8066, 55.2242], [55.877, 55.2116], [55.9406, 55.2229], [55.9163, 55.2433], [55.9143, 55.2705], [55.9266, 55.2775], [55.9341, 55.2899], [55.9599, 55.2985], [55.9546, 55.3074], [55.9671, 55.3262]], [[55.2914, 55.4261], [55.3701, 55.4547], [55.3924, 55.4474], [55.3762, 55.445], [55.3637, 55.4361], [55.3652, 55.422], [55.3517, 55.4245], [55.339, 55.4203], [55.3307, 55.424], [55.3034, 55.4141], [55.2914, 55.4261]]]}}, {"type": "Feature", "properties": {"osm_type": "relation", "osm_id": 394729739, "name": "Baltachevsky District", "admin_level": "6", "kind": "subdivision_2", "parent_osm_id": 77677, "parent_name": "Bashkortostan", "parent_iso": "RU-BA"}, "geometry": {"type": "Polygon", "coordinates": [[[55.6605, 56.0893], [55.6758, 56.0674], [55.6567, 56.0552], [55.6603, 56.0367], [55.6635, 56.0273], [55.6845, 56.007], [55.6574, 55.9988], [55.6236, 55.9987], [55.6185, 56.0051], [55.5871, 56.0053], [55.57, 55.9997], [55.5718, 55.9829], [55.5673, 55.9706], [55.5793, 55.9709], [55.5787, 55.9664], [55.5936, 55.9625], [55.5821, 55.956], [55.5968, 55.9528], [55.6109, 55.961], [55.6333, 55.9592], [55.6634, 55.9441], [55.6935, 55.9211], [55.7449, 55.9209], [55.7469, 55.901], [55.7819, 55.9001], [55.7796, 55.8824], [55.796, 55.8654], [55.7811, 55.8497], [55.7596, 55.8463], [55.7627, 55.8273], [55.7404, 55.8278], [55.7403, 55.8102], [55.7514, 55.8032], [55.7544, 55.8097], [55.764, 55.808], [55.7785, 55.8135], [55.7827, 55.82], [55.8026, 55.8173], [55.7814, 55.8002], [55.8166, 55.7952], [55.813, 55.8088], [55.8232, 55.8096], [55.8286, 55.7989], [55.8231, 55.7895], [55.8078, 55.7904], [55.7879, 55.777], [55.8193, 55.7697], [55.8207, 55.7662], [55.8106, 55.7628], [55.82, 55.7267], [55.8182, 55.7206], [55.8088, 55.7173], [55.8121, 55.7119], [55.8066, 55.7061], [55.7809, 55.6985], [55.7863, 55.6928], [55.8168, 55.7012], [55.831, 55.6989], [55.8488, 55.7108], [55.8533, 55.7201], [55.8793, 55.7248], [55.8925, 55.7217], [55.9374, 55.7438], [55.9955, 55.7161], [56.0198, 55.7173], [56.0421, 55.7071], [56.0522, 55.7167], [56.0386, 55.717], [56.0411, 55.7229], [56.037, 55.7246], [56.0281, 55.7219], [56.0266, 55.7259], [56.0372, 55.7285], [56.0273, 55.732], [56.0288, 55.7276], [56.0231, 55.7266], [55.9961, 55.7279], [56.0018, 55.7328], [55.9963, 55.7378], [56.0096, 55.7335], [56.0122, 55.7377], [56.0346, 55.7376], [56.031, 55.7319], [56.0581, 55.7296], [56.0618, 55.7328], [56.0587, 55.7351], [56.076, 55.7411], [56.0738, 55.7437], [56.0822, 55.7481], [56.0923, 55.7365], [56.0975, 55.7382], [56.0917, 55.7424], [56.1029, 55.7438], [56.0972, 55.7664], [56.1071, 55.7601], [56.1093, 55.7446], [56.1296, 55.7454], [56.1348, 55.7628], [56.1215, 55.7713], [56.123, 55.7764], [56.1584, 55.7826], [56.1752, 55.7753], [56.1778, 55.7825], [56.1703, 55.7951], [56.1739, 55.8031], [56.2191, 55.7924], [56.2643, 55.7942], [56.2765, 55.7731], [56.2913, 55.7679], [56.3073, 55.7701], [56.3081, 55.775], [56.3187, 55.7792], [56.3153, 55.7885], [56.3217, 55.7993], [56.3202, 55.8126], [56.3545, 55.8313], [56.351, 55.8394], [56.3773, 55.8561], [56.3898, 55.8567], [56.3841, 55.8629], [56.3897, 55.886], [56.3328, 55.9359], [56.3428, 55.9526], [56.3041, 55.9518], [56.3021, 55.958], [56.3169, 55.9556], [56.3145, 55.9694], [56.2812, 55.9744], [56.2849, 55.98], [56.2674, 55.9934], [56.269, 55.9981], [56.2549, 55.9998], [56.2529, 55.9911], [56.2453, 55.9884], [56.2455, 56.0066], [56.2659, 56.0213], [56.2847, 56.0179], [56.2816, 56.0286], [56.3187, 56.039], [56.312, 56.0454], [56.3048, 56.0417], [56.291, 56.0451], [56.2138, 56.0888], [56.2153, 56.1003], [56.2352, 56.1034], [56.2383, 56.0973], [56.2511, 56.1005], [56.2539, 56.1059], [56.2424, 56.1176], [56.2169, 56.1139], [56.2159, 56.1039], [56.1376, 56.1128], [56.1341, 56.1238], [56.1582, 56.1656], [56.1544, 56.169], [56.1329, 56.1751], [56.1339, 56.1672], [56.1221, 56.1662], [56.1222, 56.1587], [56.1074, 56.1516], [56.1041, 56.1573], [56.0964, 56.1497], [56.083, 56.1514], [56.0831, 56.1435], [56.0538, 56.1481], [56.033, 56.1294], [56.0212, 56.1302], [56.0144, 56.15], [56.0015, 56.1604], [55.9912, 56.1621], [55.9908, 56.1471], [55.9775, 56.1404], [55.9422, 56.134], [55.9212, 56.154], [55.8991, 56.1543], [55.8781, 56.1435], [55.8724, 56.1223], [55.8452, 56.1353], [55.8369, 56.1242], [55.788, 56.1229], [55.7428, 56.107], [55.7183, 56.1094], [55.7015, 56.0934], [55.6794, 56.0949], [55.6788, 56.0896], [55.6605, 56.0893]]]}}, {"type": "Feature", "properties": {"osm_type": "relation", "osm_id": 360166398, "name": "Sterlitamaksky District", "admin_level": "6", "kind": "subdivision_2", "parent_osm_id": 77677, "parent_name": "Bashkortostan", "parent_iso": "RU-BA"}, "geometry": {"type": "MultiPolygon", "coordinates": [[[[56.0236, 53.602], [56.0124, 53.5946], [55.9944, 53.5968], [55.9974, 53.6007], [55.9919, 53.6026], [55.9587, 53.5855], [55.9435, 53.5885], [55.9446, 53.5852], [55.9348, 53.5849], [55.9309, 53.5772], [55.9184, 53.5771], [55.9136, 53.5787], [55.9165, 53.5905], [55.9069, 53.6009], [55.9128, 53.6065], [55.8975, 53.6038], [55.8827, 53.6157], [55.8827, 53.6354], [55.8962, 53.6408], [55.8869, 53.6454], [55.8965, 53.6486], [55.8997, 53.6608], [55.9155, 53.6599], [55.9215, 53.6901], [55.939, 53.6896], [55.9378, 53.6965], [55.9466, 53.6972], [55.9462, 53.7049], [55.9523, 53.7048], [55.9509, 53.7149], [55.9625, 53.715], [55.9971, 53.7344], [56.0019, 53.7298], [55.9857, 53.7217], [56.0107, 53.7213], [56.0082, 53.7053], [56.0158, 53.7042], [56.0146, 53.6993], [56.0338, 53.6965], [56.03, 53.6893], [56.0507, 53.6899], [56.0526, 53.6803], [56.0669, 53.6766], [56.0709, 53.6654], [56.0799, 53.6651], [56.0855, 53.6812], [56.0668, 53.6867], [56.0757, 53.6997], [56.075, 53.7075], [56.065, 53.7131], [56.0649, 53.7185], [56.0963, 53.7125], [56.1277, 53.7162], [56.1243, 53.6875], [56.159, 53.6834], [56.1565, 53.6966], [56.178, 53.7059], [56.1732, 53.7277], [56.1541, 53.731], [56.1596, 53.7449], [56.1368, 53.7555], [56.1393, 53.7615], [56.1345, 53.7645], [56.1384, 53.7714], [56.1169, 53.7733], [56.1134, 53.78], [56.0932, 53.7845], [56.0961, 53.7887], [56.1157, 53.7855], [56.1249, 53.7889], [56.1297, 53.7975], [56.1254, 53.8053], [56.1332, 53.8097], [56.1422, 53.8097], [56.1505, 53.7992], [56.1618, 53.7984], [56.1682, 53.806], [56.1534, 53.8157], [56.1575, 53.8228], [56.1924, 53.8236], [56.1942, 53.8269], [56.1846, 53.8384], [56.2015, 53.8322], [56.2048, 53.8221], [56.2159, 53.8233], [56.2284, 53.8431], [56.2177, 53.8535], [56.2401, 53.861], [56.2419, 53.8713], [56.1772, 53.8954], [56.178, 53.8992], [56.1854, 53.8993], [56.1858, 53.9225], [56.1806, 53.9298], [56.15, 53.9112], [56.144, 53.9204], [56.1281, 53.9266], [56.1184, 53.9207], [56.075, 53.9255], [56.0672, 53.9116], [56.0711, 53.9041], [56.0596, 53.8905], [56.031, 53.8909], [56.0294, 53.9001], [55.9986, 53.8972], [55.9871, 53.889], [55.9845, 53.8961], [55.9733, 53.8943], [55.9559, 53.8884], [55.9616, 53.872], [55.9511, 53.8625], [55.944, 53.8648], [55.942, 53.8721], [55.9287, 53.8767], [55.9263, 53.8898], [55.9153, 53.8892], [55.9155, 53.8748], [55.8981, 53.8596], [55.8758, 53.8495], [55.8845, 53.8429], [55.8697, 53.8424], [55.8493, 53.815], [55.8436, 53.7969], [55.8481, 53.7951], [55.85, 53.7781], [55.8408, 53.7718], [55.8377, 53.7738], [55.843, 53.7747], [55.8357, 53.7757], [55.8324, 53.7833], [55.8296, 53.7789], [55.8233, 53.785], [55.829, 53.7759], [55.814, 53.7625], [55.8093, 53.7634], [55.8084, 53.7698], [55.7708, 53.7821], [55.7781, 53.7936], [55.776, 53.7981], [55.7679, 53.7842], [55.7623, 53.7859], [55.7607, 53.7774], [55.7492, 53.7803], [55.7599, 53.8083], [55.7537, 53.8084], [55.7348, 53.7839], [55.7034, 53.7876], [55.6822, 53.7727], [55.6403, 53.7827], [55.6504, 53.7919], [55.6411, 53.8034], [55.62, 53.801], [55.6241, 53.7782], [55.5351, 53.7684], [55.5331, 53.7989], [55.5403, 53.7987], [55.5405, 53.8087], [55.5501, 53.8275], [55.5759, 53.8236], [55.5696, 53.8327], [55.582, 53.8327], [55.5871, 53.8454], [55.5766, 53.8468], [55.5853, 53.8816], [55.566, 53.8847], [55.5756, 53.9023], [55.5535, 53.9101], [55.5221, 53.9099], [55.5171, 53.9264], [55.4878, 53.9262], [55.4054, 53.9573], [55.32, 53.8823], [55.3709, 53.8619], [55.3651, 53.8568], [55.43, 53.831], [55.4261, 53.8244], [55.4383, 53.8218], [55.439, 53.8065], [55.4189, 53.8123], [55.4171, 53.8171], [55.3915, 53.8021], [55.3576, 53.8143], [55.3238, 53.7906], [55.3258, 53.7738], [55.3742, 53.7815], [55.3717, 53.7546], [55.3658, 53.7509], [55.3647, 53.738], [55.3543, 53.731], [55.3547, 53.7236], [55.3276, 53.6939], [55.3399, 53.6919], [55.3273, 53.6773], [55.272, 53.66], [55.2307, 53.6315], [55.29, 53.5963], [55.3166, 53.6051], [55.3186, 53.6205], [55.3405, 53.6182], [55.3423, 53.6257], [55.4023, 53.6186], [55.3915, 53.5919], [55.3981, 53.5935], [55.4149, 53.5749], [55.3723, 53.5536], [55.419, 53.5202], [55.4703, 53.542], [55.496, 53.5209], [55.507, 53.5175], [55.5208, 53.524], [55.5455, 53.5112], [55.5195, 53.4936], [55.5149, 53.4985], [55.4989, 53.4936], [55.5029, 53.4899], [55.4961, 53.4832], [55.5265, 53.4742], [55.5057, 53.4489], [55.4762, 53.4412], [55.4872, 53.4261], [55.458, 53.4204], [55.4603, 53.4167], [55.4382, 53.4094], [55.4532, 53.3903], [55.4743, 53.3947], [55.5191, 53.3771], [55.5275, 53.3689], [55.5276, 53.3524], [55.5354, 53.3514], [55.5599, 53.3526], [55.5822, 53.3692], [55.5612, 53.3922], [55.6032, 53.4006], [55.6321, 53.3853], [55.6424, 53.3862], [55.6395, 53.3991], [55.6691, 53.404], [55.7087, 53.3709], [55.744, 53.3682], [55.7475, 53.3842], [55.8021, 53.3838], [55.8472, 53.3934], [55.8509, 53.3944], [55.8491, 53.4021], [55.8427, 53.4013], [55.8423, 53.4121], [55.8553, 53.4115], [55.8652, 53.4202], [55.8546, 53.4259], [55.8675, 53.4355], [55.8615, 53.4382], [55.8742, 53.4438], [55.8922, 53.4437], [55.8969, 53.4373], [55.9151, 53.4511], [55.9133, 53.4411], [55.9194, 53.4418], [55.9181, 53.4171], [55.9279, 53.4151], [55.9289, 53.4203], [55.9494, 53.4214], [55.9574, 53.4265], [55.9685, 53.416], [55.9758, 53.4169], [55.9767, 53.4274], [55.9648, 53.4315], [55.9774, 53.4492], [55.9782, 53.4586], [56.0022, 53.461], [55.9951, 53.4731], [56.0022, 53.4832], [56.0187, 53.4866], [56.0218, 53.4914], [56.0175, 53.4953], [55.9869, 53.4952], [55.9696, 53.511], [55.9822, 53.5178], [55.9955, 53.5175], [55.9962, 53.5302], [56.0451, 53.5345], [56.0479, 53.5406], [56.0354, 53.5483], [56.0553, 53.5523], [56.0605, 53.5574], [56.053, 53.5627], [56.0387, 53.5581], [56.0318, 53.5606], [56.0346, 53.5673], [56.0489, 53.5716], [56.0456, 53.5779], [56.0284, 53.5698], [56.0198, 53.5711], [56.0226, 53.5769], [56.0449, 53.5823], [56.036, 53.5978], [56.0236, 53.602]], [[55.9351, 53.58], [55.9376, 53.5779], [55.9351, 53.58]]], [[[56.0875, 53.6838], [56.0981, 53.6795], [56.1035, 53.682], [56.0964, 53.69], [56.0875, 53.6838]]], [[[56.0397, 53.6254], [56.042, 53.6217], [56.0354, 53.6178], [56.0328, 53.6074], [56.0533, 53.6074], [56.0583, 53.6184], [56.0475, 53.6268], [56.0397, 53.6254]]]]}}, {"type": "Feature", "properties": {"osm_type": "relation", "osm_id": 841482775, "name": "Salavatsky District", "admin_level": "6", "kind": "subdivision_2", "parent_osm_id": 77677, "parent_name": "Bashkortostan", "parent_iso": "RU-BA"}, "geometry": {"type": "Polygon", "coordinates": [[[57.4697, 55.3259], [57.5076, 55.3274], [57.5301, 55.337], [57.5681, 55.3194], [57.6413, 55.3015], [57.7213, 55.3042], [57.7805, 55.2981], [57.7922, 55.3023], [57.8829, 55.3023], [57.9408, 55.2957], [57.9553, 55.2917], [57.954, 55.2857], [57.9697, 55.2804], [58.0044, 55.2833], [58.0232, 55.2765], [58.0439, 55.2389], [58.0787, 55.2216], [58.1266, 55.2177], [58.1366, 55.2111], [58.1319, 55.194], [58.1177, 55.1917], [58.0413, 55.154], [58.0058, 55.1634], [57.9875, 55.1572], [57.9932, 55.1456], [58.0061, 55.1413], [57.9928, 55.1275], [57.9949, 55.1192], [57.9898, 55.1128], [58.0023, 55.1112], [58.0072, 55.1023], [57.9952, 55.1013], [57.9918, 55.0916], [58.0126, 55.0825], [58.0193, 55.074], [58.0322, 55.0712], [58.0304, 55.0686], [58.0404, 55.0682], [58.0402, 55.0627], [58.0294, 55.0598], [58.0234, 55.039], [58.0327, 55.0279], [58.0088, 54.9988], [58.027, 54.9913], [58.0042, 54.9843], [57.9993, 54.9779], [57.983, 54.9844], [57.9589, 54.9759], [57.9529, 54.9601], [57.9329, 54.9486], [57.9638, 54.9211], [57.9829, 54.9279], [58.0051, 54.9062], [58.0587, 54.92], [58.08, 54.93], [58.0828, 54.9465], [58.0987, 54.9478], [58.1173, 54.9386], [58.1215, 54.9403], [58.113, 54.9449], [58.129, 54.9484], [58.1319, 54.9522], [58.1232, 54.961], [58.1434, 54.9763], [58.1411, 54.9817], [58.127, 54.9834], [58.1305, 54.9761], [58.1256, 54.9755], [58.1015, 54.9842], [58.1034, 54.9904], [58.1335, 54.9979], [58.0875, 55.013], [58.1374, 55.0215], [58.149, 55.0185], [58.1458, 55.024], [58.1541, 55.0293], [58.179, 55.0306], [58.1813, 55.0381], [58.1773, 55.0402], [58.1522, 55.0374], [58.1527, 55.0434], [58.167, 55.0512], [58.1628, 55.0557], [58.1493, 55.0561], [58.1656, 55.0672], [58.1913, 55.0682], [58.2015, 55.092], [58.184, 55.0985], [58.1649, 55.0942], [58.1542, 55.0834], [58.1388, 55.0867], [58.1397, 55.098], [58.159, 55.1055], [58.143, 55.1173], [58.1293, 55.1199], [58.1297, 55.1271], [58.1486, 55.1326], [58.1691, 55.1312], [58.1946, 55.1491], [58.2092, 55.1422], [58.2193, 55.1448], [58.2346, 55.1537], [58.2381, 55.1583], [58.2354, 55.1625], [58.2487, 55.1708], [58.2715, 55.1715], [58.2723, 55.1673], [58.3184, 55.1588], [58.3616, 55.1423], [58.3726, 55.1212], [58.3469, 55.1038], [58.3733, 55.0959], [58.4004, 55.0795], [58.3808, 55.0705], [58.3793, 55.0658], [58.4297, 55.0663], [58.4395, 55.0481], [58.4389, 55.0388], [58.4221, 55.0179], [58.427, 55.0106], [58.4533, 54.9967], [58.4638, 55.0047], [58.4753, 55.0017], [58.5102, 55.024], [58.5485, 55.0267], [58.5464, 55.0185], [58.5256, 54.9952], [58.4926, 54.9833], [58.5045, 54.9763], [58.5668, 54.9709], [58.5977, 54.9563], [58.622, 54.9647], [58.6413, 54.9646], [58.6527, 54.9587], [58.695, 54.968], [58.7271, 54.9679], [58.7309, 54.9962], [58.8065, 55.0287], [58.8292, 55.0499], [58.7984, 55.0556], [58.7716, 55.0771], [58.7738, 55.0829], [58.7621, 55.0881], [58.7612, 55.0948], [58.7314, 55.1019], [58.7386, 55.1134], [58.7335, 55.1202], [58.6413, 55.1471], [58.6307, 55.142], [58.6243, 55.1443], [58.6241, 55.1405], [58.6149, 55.1451], [58.599, 55.143], [58.5885, 55.1467], [58.6003, 55.1563], [58.5753, 55.161], [58.5836, 55.1721], [58.581, 55.1784], [58.5897, 55.183], [58.6101, 55.1821], [58.6167, 55.1947], [58.6425, 55.192], [58.6434, 55.2], [58.6027, 55.2022], [58.5821, 55.1953], [58.5528, 55.1971], [58.5432, 55.2105], [58.5612, 55.2334], [58.563, 55.2532], [58.5597, 55.2565], [58.5347, 55.2522], [58.529, 55.2552], [58.5327, 55.2611], [58.5196, 55.258], [58.5111, 55.2618], [58.5014, 55.251], [58.4611, 55.2411], [58.4561, 55.2575], [58.4464, 55.2642], [58.4496, 55.2692], [58.4731, 55.275], [58.4602, 55.2848], [58.4636, 55.2929], [58.4536, 55.2941], [58.4577, 55.2997], [58.4548, 55.3042], [58.3952, 55.3111], [58.3738, 55.3027], [58.3696, 55.3043], [58.3714, 55.3099], [58.3515, 55.3172], [58.3417, 55.3141], [58.3306, 55.321], [58.3368, 55.3401], [58.3095, 55.3309], [58.3076, 55.3245], [58.2883, 55.3324], [58.2883, 55.3418], [58.3156, 55.3508], [58.3143, 55.3568], [58.3227, 55.3649], [58.3196, 55.3676], [58.3424, 55.3666], [58.418, 55.3789], [58.4375, 55.3637], [58.4406, 55.3498], [58.4507, 55.3439], [58.4667, 55.3489], [58.4793, 55.3407], [58.482, 55.3474], [58.5055, 55.3393], [58.5188, 55.3465], [58.5041, 55.3609], [58.5077, 55.3647], [58.498, 55.369], [58.5251, 55.3836], [58.4984, 55.419], [58.3863, 55.42], [58.3859, 55.4112], [58.3409, 55.403], [58.3469, 55.3927], [58.3287, 55.3887], [58.3136, 55.3932], [58.3078, 55.3899], [58.3052, 55.3763], [58.2603, 55.3724], [58.2536, 55.3789], [58.238, 55.3823], [58.2375, 55.3881], [58.2516, 55.3941], [58.2314, 55.4244], [58.248, 55.4298], [58.2433, 55.4352], [58.2514, 55.4428], [58.2514, 55.454], [58.2189, 55.45], [58.1875, 55.4542], [58.1738, 55.4503], [58.1677, 55.4562], [58.0832, 55.4554], [58.0951, 55.4414], [58.0781, 55.4361], [58.0657, 55.4446], [58.0309, 55.4509], [58.0134, 55.46], [58.0125, 55.4777], [57.9406, 55.4728], [57.9405, 55.4591], [57.9056, 55.462], [57.904, 55.4681], [57.8872, 55.4728], [57.9074, 55.507], [57.8641, 55.5172], [57.83, 55.5077], [57.8217, 55.5236], [57.7694, 55.512], [57.7428, 55.5184], [57.726, 55.5303], [57.7091, 55.5284], [57.6793, 55.5121], [57.6731, 55.4375], [57.6359, 55.439], [57.6352, 55.4232], [57.5626, 55.4252], [57.5625, 55.4422], [57.4857, 55.4438], [57.4697, 55.3259]]]}}, {"type": "Feature", "properties": {"osm_type": "relation", "osm_id": 109542530, "name": "городской округ Нефтекамск", "admin_level": "6", "kind": "subdivision_2", "parent_osm_id": 77677, "parent_name": "Bashkortostan", "parent_iso": "RU-BA"}, "geometry": {"type": "MultiPolygon", "coordinates": [[[[54.4953, 56.2608], [54.4991, 56.2482], [54.5237, 56.2497], [54.5283, 56.2396], [54.5386, 56.2447], [54.5516, 56.2445], [54.55, 56.2407], [54.5844, 56.2427], [54.6402, 56.2478], [54.6379, 56.2529], [54.6611, 56.2575], [54.6793, 56.2695], [54.6818, 56.272], [54.6767, 56.275], [54.6942, 56.2725], [54.6995, 56.2792], [54.7022, 56.2735], [54.7148, 56.2765], [54.713, 56.2728], [54.717, 56.2722], [54.7238, 56.2755], [54.7188, 56.2788], [54.7308, 56.2845], [54.7617, 56.2702], [54.7657, 56.2737], [54.7632, 56.271], [54.764, 56.2745], [54.7575, 56.2735], [54.751, 56.2767], [54.755, 56.2788], [54.7388, 56.284], [54.7493, 56.28], [54.754, 56.284], [54.778, 56.2843], [54.7752, 56.2893], [54.75, 56.2822], [54.7223, 56.2833], [54.723, 56.287], [54.7175, 56.2882], [54.709, 56.286], [54.705, 56.292], [54.7017, 56.2882], [54.675, 56.2903], [54.6487, 56.2775], [54.605, 56.2843], [54.5975, 56.2715], [54.5673, 56.2672], [54.5573, 56.2765], [54.5176, 56.2582], [54.497, 56.2647], [54.4953, 56.2608]]], [[[54.1462, 56.1069], [54.1558, 56.102], [54.1797, 56.1027], [54.1935, 56.085], [54.1855, 56.0792], [54.1819, 56.0671], [54.1898, 56.0754], [54.1984, 56.0764], [54.2285, 56.0554], [54.2273, 56.0462], [54.2065, 56.0356], [54.2223, 56.0299], [54.2218, 56.0389], [54.2657, 56.0386], [54.2664, 56.0301], [54.3113, 56.0275], [54.3114, 56.0351], [54.3252, 56.0315], [54.3685, 56.0372], [54.3335, 56.0403], [54.3049, 56.0569], [54.2971, 56.0561], [54.3018, 56.0685], [54.3195, 56.0624], [54.3452, 56.0714], [54.3091, 56.0859], [54.3112, 56.0903], [54.3593, 56.0835], [54.3916, 56.1004], [54.357, 56.1285], [54.3467, 56.1237], [54.3167, 56.1257], [54.308, 56.1183], [54.2805, 56.128], [54.2598, 56.1192], [54.2338, 56.1276], [54.2142, 56.1165], [54.2122, 56.1106], [54.2205, 56.1078], [54.2196, 56.0962], [54.2338, 56.0919], [54.2277, 56.0841], [54.2157, 56.0797], [54.2023, 56.0787], [54.2002, 56.0949], [54.1923, 56.0947], [54.1854, 56.1042], [54.1538, 56.1119], [54.1462, 56.1069]]], [[[54.3776, 56.3787], [54.3746, 56.3646], [54.359, 56.3529], [54.3569, 56.338], [54.3639, 56.3331], [54.3602, 56.3269], [54.3629, 56.312], [54.3814, 56.3146], [54.4229, 56.3106], [54.4249, 56.3184], [54.4338, 56.3241], [54.4301, 56.3269], [54.45, 56.3395], [54.449, 56.3454], [54.4382, 56.3505], [54.4334, 56.359], [54.4186, 56.3621], [54.4204, 56.3688], [54.414, 56.3758], [54.3942, 56.382], [54.3776, 56.3787]]], [[[54.3762, 56.2222], [54.3816, 56.2201], [54.3787, 56.218], [54.3983, 56.219], [54.4067, 56.2369], [54.3893, 56.2487], [54.3741, 56.2513], [54.341, 56.2466], [54.3402, 56.2434], [54.3597, 56.2399], [54.3599, 56.2353], [54.3763, 56.2262], [54.3762, 56.2222]]]]}}, {"type": "Feature", "properties": {"osm_type": "relation", "osm_id": 425385218, "name": "Belokataysky District", "admin_level": "6", "kind": "subdivision_2", "parent_osm_id": 77677, "parent_name": "Bashkortostan", "parent_iso": "RU-BA"}, "geometry": {"type": "Polygon", "coordinates": [[[59.1852, 55.4493], [59.1866, 55.4591], [59.1798, 55.464], [59.1832, 55.4684], [59.2814, 55.464], [59.3471, 55.4798], [59.3497, 55.484], [59.3729, 55.4781], [59.3725, 55.4851], [59.3861, 55.4859], [59.3735, 55.4883], [59.372, 55.4934], [59.3803, 55.4981], [59.4337, 55.494], [59.431, 55.477], [59.4641, 55.4736], [59.4732, 55.4825], [59.4742, 55.49], [59.481, 55.4908], [59.4838, 55.4996], [59.4921, 55.5034], [59.4981, 55.5006], [59.517, 55.5094], [59.5789, 55.5166], [59.5872, 55.5443], [59.5938, 55.5492], [59.6007, 55.5471], [59.6168, 55.5539], [59.6168, 55.5579], [59.6428, 55.5576], [59.6549, 55.5919], [59.6477, 55.5993], [59.6281, 55.5983], [59.6015, 55.6057], [59.5494, 55.5927], [59.5308, 55.5968], [59.4685, 55.5948], [59.4617, 55.6023], [59.4714, 55.6271], [59.4636, 55.6349], [59.4644, 55.6435], [59.391, 55.6447], [59.3829, 55.6207], [59.3354, 55.6096], [59.2758, 55.5798], [59.2496, 55.5815], [59.2505, 55.607], [59.2765, 55.6059], [59.2944, 55.6226], [59.3366, 55.6328], [59.3223, 55.6522], [59.3221, 55.6661], [59.3144, 55.6735], [59.3173, 55.6767], [59.2888, 55.678], [59.2986, 55.7015], [59.2756, 55.7091], [59.3186, 55.7584], [59.3184, 55.7671], [59.2988, 55.7697], [59.2898, 55.7836], [59.2629, 55.7914], [59.1998, 55.7886], [59.1789, 55.7938], [59.1378, 55.7887], [59.1334, 55.82], [59.1939, 55.8202], [59.1924, 55.8283], [59.2251, 55.8498], [59.2167, 55.8523], [59.2145, 55.862], [59.2075, 55.8651], [59.2043, 55.8855], [59.2097, 55.8932], [59.2344, 55.9034], [59.2377, 55.9153], [59.2485, 55.9242], [59.2453, 55.9327], [59.2494, 55.9421], [59.2459, 55.9508], [59.2162, 55.9518], [59.222, 55.9887], [59.1926, 56.0252], [59.2476, 56.0312], [59.2415, 56.036], [59.2522, 56.0326], [59.2784, 56.0352], [59.2771, 56.0418], [59.2818, 56.0435], [59.2865, 56.0347], [59.3082, 56.0463], [59.308, 56.0537], [59.3001, 56.0586], [59.3122, 56.0578], [59.3158, 56.0699], [59.3211, 56.0701], [59.3272, 56.0828], [59.3355, 56.0879], [59.3144, 56.0875], [59.3232, 56.1025], [59.3349, 56.1042], [59.327, 56.1088], [59.328, 56.1133], [59.3421, 56.1123], [59.3245, 56.1182], [59.319, 56.1291], [59.3258, 56.1361], [59.3158, 56.141], [59.3141, 56.1474], [59.3201, 56.1514], [59.326, 56.1433], [59.3324, 56.1446], [59.3356, 56.1531], [59.3326, 56.1647], [59.3299, 56.1598], [59.3141, 56.1574], [59.2796, 56.1595], [59.2826, 56.1502], [59.2649, 56.1453], [59.2671, 56.1325], [59.2586, 56.131], [59.1862, 56.1454], [59.1628, 56.1338], [59.1536, 56.1412], [59.1526, 56.1491], [59.0968, 56.1525], [59.0615, 56.1689], [59.0418, 56.1718], [59.0366, 56.1479], [59.0386, 56.1278], [59.029, 56.1228], [59.0142, 56.1039], [59.0047, 56.1022], [58.9842, 56.0802], [58.9606, 56.0652], [58.9005, 56.0532], [58.8803, 56.0736], [58.7322, 56.0656], [58.7146, 56.0542], [58.6951, 56.0538], [58.6851, 56.0419], [58.6591, 56.0387], [58.6439, 56.023], [58.62, 56.0244], [58.5758, 56.0084], [58.5619, 55.9768], [58.5285, 55.9754], [58.5274, 55.9151], [58.5341, 55.9086], [58.5228, 55.9109], [58.5176, 55.9071], [58.5047, 55.915], [58.4952, 55.9126], [58.5022, 55.8981], [58.4771, 55.898], [58.4718, 55.8907], [58.4391, 55.8903], [58.4395, 55.8681], [58.466, 55.8533], [58.4607, 55.8297], [58.4751, 55.8292], [58.4731, 55.8094], [58.495, 55.8092], [58.509, 55.8146], [58.5043, 55.8069], [58.5206, 55.8046], [58.5168, 55.7732], [58.5139, 55.763], [58.5082, 55.7596], [58.507, 55.7462], [58.5104, 55.7355], [58.5366, 55.7341], [58.5385, 55.7037], [58.5128, 55.7026], [58.5097, 55.6705], [58.5418, 55.6588], [58.5617, 55.6424], [58.542, 55.632], [58.5636, 55.6268], [58.5596, 55.6198], [58.5495, 55.6174], [58.5499, 55.6132], [58.5605, 55.6123], [58.5659, 55.6059], [58.5747, 55.609], [58.5726, 55.6171], [58.5856, 55.6159], [58.5943, 55.6299], [58.5933, 55.6363], [58.6714, 55.6363], [58.6735, 55.6275], [58.7369, 55.6272], [58.737, 55.6088], [58.7659, 55.6087], [58.7954, 55.6188], [58.8289, 55.5986], [58.8324, 55.5912], [58.8293, 55.5828], [58.8385, 55.576], [58.8368, 55.5728], [58.8449, 55.5709], [58.8411, 55.564], [58.8501, 55.5631], [58.8581, 55.555], [58.8921, 55.5489], [58.9393, 55.549], [58.9409, 55.5313], [58.9325, 55.5258], [58.9243, 55.5351], [58.899, 55.5281], [58.904, 55.5415], [58.8928, 55.5413], [58.8926, 55.5367], [58.8758, 55.5376], [58.8756, 55.5076], [58.9046, 55.5026], [58.9236, 55.4709], [58.9433, 55.4797], [58.9791, 55.4608], [58.9845, 55.4692], [59.0088, 55.4702], [59.0352, 55.4517], [59.0336, 55.4691], [59.0367, 55.4694], [59.0538, 55.4634], [59.0555, 55.4606], [59.0485, 55.4579], [59.0512, 55.4494], [59.0678, 55.4459], [59.071, 55.4363], [59.0849, 55.4396], [59.0741, 55.4476], [59.0876, 55.4565], [59.1526, 55.4515], [59.1622, 55.4446], [59.1852, 55.4493]]]}}, {"type": "Feature", "properties": {"osm_type": "relation", "osm_id": 179732461, "name": "Bizhbulyaksky District", "admin_level": "6", "kind": "subdivision_2", "parent_osm_id": 77677, "parent_name": "Bashkortostan", "parent_iso": "RU-BA"}, "geometry": {"type": "Polygon", "coordinates": [[[53.783, 53.7044], [53.8242, 53.6875], [53.8542, 53.687], [53.8508, 53.684], [53.9138, 53.6106], [53.9801, 53.5435], [54.0089, 53.5304], [54.0066, 53.5204], [54.0239, 53.4984], [54.0417, 53.5006], [54.0604, 53.457], [54.0748, 53.4417], [54.1517, 53.388], [54.2389, 53.3635], [54.2537, 53.3619], [54.2792, 53.3832], [54.2877, 53.403], [54.2962, 53.4059], [54.3008, 53.4017], [54.3168, 53.4037], [54.3439, 53.3884], [54.402, 53.3693], [54.4281, 53.3704], [54.4444, 53.3641], [54.4901, 53.363], [54.49, 53.4125], [54.4568, 53.4125], [54.4601, 53.4262], [54.4544, 53.4398], [54.4617, 53.4492], [54.4697, 53.4548], [54.5993, 53.4517], [54.6003, 53.4739], [54.6239, 53.4736], [54.6249, 53.5015], [54.603, 53.5019], [54.5964, 53.551], [54.5545, 53.5519], [54.5217, 53.5457], [54.5217, 53.5392], [54.4911, 53.5396], [54.4777, 53.5567], [54.4474, 53.5535], [54.4391, 53.5568], [54.4068, 53.5379], [54.4076, 53.5324], [54.3691, 53.5527], [54.3873, 53.5564], [54.3933, 53.5636], [54.3751, 53.5838], [54.3835, 53.5882], [54.3825, 53.594], [54.3695, 53.5914], [54.3471, 53.5983], [54.3712, 53.6117], [54.3829, 53.6012], [54.4521, 53.5895], [54.4553, 53.6051], [54.4347, 53.6377], [54.4607, 53.652], [54.4714, 53.6649], [54.4666, 53.6744], [54.4715, 53.6751], [54.449, 53.6805], [54.4758, 53.6998], [54.4696, 53.7027], [54.4725, 53.7075], [54.4686, 53.7151], [54.4857, 53.7263], [54.47, 53.7314], [54.4625, 53.751], [54.4814, 53.7956], [54.4918, 53.8035], [54.4777, 53.8249], [54.4439, 53.8298], [54.4658, 53.8367], [54.4628, 53.8472], [54.4417, 53.8491], [54.431, 53.8444], [54.4219, 53.8477], [54.4267, 53.8549], [54.4422, 53.8615], [54.4385, 53.8629], [54.4428, 53.8666], [54.4277, 53.87], [54.4225, 53.8651], [54.4014, 53.8613], [54.404, 53.8679], [54.3769, 53.8729], [54.3782, 53.8844], [54.3678, 53.8844], [54.3695, 53.888], [54.3626, 53.8892], [54.3678, 53.8996], [54.3786, 53.8911], [54.3837, 53.8968], [54.3743, 53.8988], [54.3761, 53.9059], [54.3585, 53.9178], [54.3653, 53.9237], [54.3911, 53.9153], [54.3977, 53.923], [54.3762, 53.9423], [54.3834, 53.9472], [54.3744, 53.9687], [54.3565, 53.9705], [54.3412, 53.9574], [54.2977, 53.9382], [54.2479, 53.9456], [54.2222, 53.9449], [54.2184, 53.9508], [54.2212, 53.9561], [54.2065, 53.9864], [54.172, 53.9895], [54.1478, 53.9848], [54.1388, 53.973], [54.1167, 53.9655], [54.1211, 53.9311], [54.0832, 53.9299], [54.0674, 53.939], [54.0228, 53.9289], [54.0162, 53.9426], [53.9995, 53.9393], [53.9764, 53.9257], [54.0061, 53.91], [54.0182, 53.9157], [54.0304, 53.9098], [54.0254, 53.8862], [54.0315, 53.8875], [54.0321, 53.8833], [54.0263, 53.873], [54.0459, 53.8719], [54.0439, 53.8571], [53.9949, 53.8527], [53.9754, 53.8321], [53.9352, 53.8386], [53.9312, 53.8215], [53.8681, 53.7681], [53.8267, 53.7559], [53.7914, 53.7592], [53.7835, 53.7459], [53.8009, 53.7403], [53.7905, 53.7092], [53.783, 53.7044]]]}}, {"type": "Feature", "properties": {"osm_type": "relation", "osm_id": 197302141, "name": "Abzelilovsky District", "admin_level": "6", "kind": "subdivision_2", "parent_osm_id": 77677, "parent_name": "Bashkortostan", "parent_iso": "RU-BA"}, "geometry": {"type": "MultiPolygon", "coordinates": [[[[58.909, 53.8567], [58.8723, 53.8541], [58.869, 53.8627], [58.8533, 53.8616], [58.7767, 53.8777], [58.7568, 53.8479], [58.7561, 53.8396], [58.7887, 53.8285], [58.788, 53.8215], [58.7804, 53.8161], [58.7663, 53.7908], [58.7193, 53.8124], [58.6815, 53.8156], [58.6738, 53.8091], [58.6738, 53.7992], [58.6494, 53.7925], [58.6595, 53.7838], [58.6572, 53.7748], [58.6669, 53.7751], [58.6636, 53.7674], [58.6813, 53.7641], [58.675, 53.7279], [58.6315, 53.7133], [58.5792, 53.6338], [58.5773, 53.6129], [58.325, 53.5964], [58.1832, 53.6101], [58.1898, 53.6281], [58.1017, 53.6388], [58.0984, 53.6201], [58.0396, 53.6281], [58.0437, 53.6473], [58.0134, 53.6504], [58.0074, 53.6102], [58.0215, 53.608], [58.0123, 53.5748], [57.9741, 53.5692], [57.9642, 53.5154], [57.95, 53.4971], [57.9196, 53.4967], [57.897, 53.5074], [57.8641, 53.4887], [57.8442, 53.4876], [57.845, 53.4737], [57.9485, 53.4696], [57.9944, 53.4605], [58.0147, 53.4679], [58.0488, 53.4708], [58.0689, 53.4976], [58.1675, 53.4853], [58.1805, 53.4904], [58.2014, 53.4802], [58.1831, 53.4532], [58.1841, 53.434], [58.1797, 53.4231], [58.1913, 53.4187], [58.1837, 53.3967], [58.1942, 53.3833], [58.1793, 53.3691], [58.1793, 53.355], [58.1711, 53.3487], [58.1306, 53.3458], [58.13, 53.3561], [58.1159, 53.3597], [58.102, 53.3366], [58.0788, 53.3461], [58.0649, 53.3358], [58.0455, 53.3088], [58.1008, 53.3023], [58.0972, 53.292], [58.067, 53.2864], [58.0606, 53.266], [58.0399, 53.2578], [58.0396, 53.2472], [58.0773, 53.228], [58.1672, 53.2206], [58.3135, 53.1628], [58.3053, 53.1468], [58.3029, 53.1156], [58.3131, 53.0308], [58.3899, 53.028], [58.504, 53.016], [58.6205, 52.9905], [58.6272, 52.9845], [58.6258, 52.9678], [58.634, 52.962], [58.7277, 52.9489], [58.7281, 52.9128], [58.7217, 52.8942], [58.7634, 52.8873], [58.7937, 52.889], [58.7691, 52.86], [58.8029, 52.897], [58.8151, 52.9275], [58.8108, 52.9309], [58.8123, 52.9403], [58.8611, 52.9444], [58.8391, 53.024], [58.9891, 53.0197], [58.9845, 53.0213], [58.9856, 53.0322], [58.9924, 53.0364], [58.9892, 53.0377], [58.9917, 53.042], [58.976, 53.0486], [58.9134, 53.0561], [58.9111, 53.1912], [58.9072, 53.1933], [58.9083, 53.2031], [58.9043, 53.2042], [58.9066, 53.2114], [58.8723, 53.2018], [58.8753, 53.2767], [58.9002, 53.2765], [58.8972, 53.4935], [58.907, 53.4938], [58.9064, 53.5477], [58.8138, 53.5486], [58.8134, 53.5916], [58.8258, 53.6023], [58.8221, 53.6083], [58.8398, 53.6114], [58.9069, 53.6425], [58.904, 53.6488], [58.9074, 53.6506], [58.904, 53.6511], [58.9114, 53.6567], [58.903, 53.6637], [58.9076, 53.6664], [58.9059, 53.6739], [58.9125, 53.6782], [58.9072, 53.6868], [58.9091, 53.6914], [58.8913, 53.7196], [58.8932, 53.7296], [58.8832, 53.7465], [58.904, 53.752], [58.9213, 53.7727], [58.9187, 53.775], [58.9255, 53.7848], [58.909, 53.8567]]], [[[58.1332, 53.4209], [58.138, 53.4209], [58.1332, 53.4209]]]]}}, {"type": "Feature", "properties": {"osm_type": "relation", "osm_id": 940483218, "name": "Arkhangelsky District", "admin_level": "6", "kind": "subdivision_2", "parent_osm_id": 77677, "parent_name": "Bashkortostan", "parent_iso": "RU-BA"}, "geometry": {"type": "Polygon", "coordinates": [[[56.4965, 54.3213], [56.5251, 54.306], [56.5394, 54.316], [56.5621, 54.3058], [56.5485, 54.2914], [56.5969, 54.2817], [56.5944, 54.2769], [56.6064, 54.2754], [56.609, 54.2677], [56.5958, 54.2644], [56.5934, 54.2589], [56.6009, 54.2574], [56.6022, 54.2512], [56.6857, 54.236], [56.7742, 54.2289], [56.7884, 54.2568], [56.8254, 54.258], [56.839, 54.2528], [56.8402, 54.2407], [56.8337, 54.239], [56.8243, 54.2234], [56.8326, 54.222], [56.8395, 54.2263], [56.8417, 54.2384], [56.8516, 54.2524], [56.8576, 54.2526], [56.9284, 54.2261], [56.9509, 54.2291], [56.9735, 54.2221], [56.9729, 54.2162], [57.0029, 54.217], [57.018, 54.2225], [57.075, 54.2217], [57.1346, 54.2367], [57.1436, 54.2367], [57.1531, 54.2234], [57.1667, 54.2275], [57.1767, 54.2369], [57.1799, 54.276], [57.19, 54.2804], [57.1213, 54.3207], [57.1248, 54.3301], [57.147, 54.3383], [57.1586, 54.3342], [57.1621, 54.3371], [57.1697, 54.3621], [57.1923, 54.3536], [57.2212, 54.3817], [57.2359, 54.4134], [57.2598, 54.5177], [57.2599, 54.5436], [57.2651, 54.5518], [57.2453, 54.5445], [57.22, 54.5481], [57.2069, 54.5443], [57.2024, 54.5504], [57.2155, 54.5548], [57.214, 54.5619], [57.2832, 54.6138], [57.2828, 54.6255], [57.4107, 54.6604], [57.415, 54.6766], [57.4382, 54.7179], [57.3958, 54.7199], [57.3846, 54.7352], [57.2558, 54.7695], [57.2398, 54.7635], [57.0856, 54.7835], [57.09, 54.7744], [57.0817, 54.7648], [57.1026, 54.7332], [57.1451, 54.7189], [57.1286, 54.7435], [57.149, 54.7464], [57.1635, 54.7199], [57.1546, 54.7174], [57.1615, 54.71], [57.1406, 54.7027], [57.1374, 54.6917], [57.0955, 54.6818], [57.0955, 54.6712], [57.0828, 54.6682], [57.0568, 54.6782], [57.0137, 54.6661], [56.9928, 54.6554], [56.9928, 54.6631], [56.9529, 54.6749], [56.9909, 54.7226], [56.9922, 54.7307], [56.9224, 54.7343], [56.9255, 54.7663], [56.8505, 54.7912], [56.839, 54.7875], [56.848, 54.767], [56.8468, 54.76], [56.8341, 54.7633], [56.8087, 54.7596], [56.8062, 54.7511], [56.8189, 54.7438], [56.8145, 54.7265], [56.8247, 54.7232], [56.7975, 54.7023], [56.7823, 54.7004], [56.7606, 54.7268], [56.7569, 54.7202], [56.7309, 54.7172], [56.7455, 54.7139], [56.7316, 54.708], [56.7329, 54.69], [56.7551, 54.6868], [56.7641, 54.671], [56.7585, 54.6622], [56.7484, 54.6574], [56.7147, 54.6639], [56.7148, 54.6584], [56.6881, 54.6631], [56.6774, 54.655], [56.6509, 54.6607], [56.6549, 54.6496], [56.6355, 54.6586], [56.6375, 54.6435], [56.6336, 54.6352], [56.6374, 54.6244], [56.6278, 54.6216], [56.6498, 54.613], [56.626, 54.6017], [56.6245, 54.5938], [56.6075, 54.5953], [56.6054, 54.5855], [56.5969, 54.5817], [56.6037, 54.5762], [56.6015, 54.5708], [56.5859, 54.5645], [56.5939, 54.5552], [56.5941, 54.5432], [56.5685, 54.5365], [56.5711, 54.5494], [56.555, 54.5466], [56.5486, 54.5377], [56.5661, 54.521], [56.5429, 54.508], [56.5334, 54.512], [56.5253, 54.508], [56.521, 54.4962], [56.4946, 54.4895], [56.462, 54.4699], [56.4702, 54.4692], [56.4748, 54.4578], [56.461, 54.4534], [56.4591, 54.4486], [56.4668, 54.4402], [56.4876, 54.4395], [56.4852, 54.4347], [56.4638, 54.431], [56.4697, 54.4152], [56.4641, 54.4082], [56.4943, 54.408], [56.5045, 54.4014], [56.5021, 54.3849], [56.4743, 54.3936], [56.4656, 54.3924], [56.4631, 54.3843], [56.4701, 54.3785], [56.484, 54.3804], [56.4867, 54.3646], [56.505, 54.3533], [56.5078, 54.3287], [56.4965, 54.3213]]]}}, {"type": "Feature", "properties": {"osm_type": "relation", "osm_id": 317688216, "name": "Blagovarsky District", "admin_level": "6", "kind": "subdivision_2", "parent_osm_id": 77677, "parent_name": "Bashkortostan", "parent_iso": "RU-BA"}, "geometry": {"type": "Polygon", "coordinates": [[[55.2287, 54.7924], [55.2536, 54.7978], [55.2785, 54.815], [55.2823, 54.8249], [55.273, 54.834], [55.2498, 54.822], [55.2514, 54.8517], [55.2573, 54.8594], [55.2562, 54.875], [55.2216, 54.9043], [55.186, 54.9168], [55.2094, 54.9364], [55.1661, 54.9288], [55.1279, 54.9481], [55.0509, 54.9481], [55.051, 54.9578], [55.0375, 54.9577], [55.0105, 54.9513], [54.9977, 54.9274], [54.9825, 54.9281], [54.9443, 54.9156], [54.9425, 54.9651], [54.9317, 54.9644], [54.8957, 54.9607], [54.886, 54.9526], [54.827, 54.9473], [54.7976, 54.9355], [54.8006, 54.9233], [54.7688, 54.9208], [54.7607, 54.9231], [54.7615, 54.929], [54.7131, 54.9274], [54.705, 54.9213], [54.7094, 54.9149], [54.7052, 54.9067], [54.6862, 54.9049], [54.6831, 54.8972], [54.6924, 54.8967], [54.6893, 54.8867], [54.7104, 54.8919], [54.725, 54.8893], [54.7201, 54.8727], [54.7408, 54.868], [54.7436, 54.8607], [54.735, 54.8506], [54.7461, 54.8488], [54.7488, 54.8415], [54.7416, 54.8428], [54.7329, 54.8182], [54.6914, 54.8262], [54.6844, 54.815], [54.6352, 54.8247], [54.6379, 54.8285], [54.5771, 54.8637], [54.5438, 54.8504], [54.6203, 54.8027], [54.6197, 54.7988], [54.6783, 54.7879], [54.6814, 54.7796], [54.663, 54.7772], [54.6594, 54.7527], [54.6459, 54.7561], [54.6217, 54.75], [54.6021, 54.7524], [54.5966, 54.7447], [54.5802, 54.7518], [54.5522, 54.7411], [54.5575, 54.7359], [54.5255, 54.7233], [54.5368, 54.713], [54.6101, 54.7], [54.6589, 54.7048], [54.6626, 54.6961], [54.6735, 54.6968], [54.6765, 54.6896], [54.683, 54.6913], [54.6833, 54.6873], [54.6502, 54.6797], [54.6552, 54.6545], [54.7218, 54.6527], [54.7208, 54.6323], [54.7094, 54.5985], [54.7015, 54.5966], [54.6988, 54.5886], [54.6709, 54.5702], [54.6489, 54.5716], [54.6553, 54.5671], [54.6579, 54.5553], [54.6798, 54.5614], [54.6858, 54.5603], [54.6836, 54.5531], [54.7745, 54.5419], [54.7646, 54.5266], [54.763, 54.5102], [54.7931, 54.492], [54.7776, 54.4727], [54.7694, 54.4731], [54.7558, 54.4476], [54.7696, 54.4451], [54.8146, 54.4833], [54.8431, 54.4734], [54.8425, 54.4565], [54.9106, 54.4597], [54.9085, 54.4627], [55.0139, 54.4618], [55.0148, 54.4971], [55.0588, 54.5025], [55.0777, 54.5014], [55.0859, 54.4947], [55.0898, 54.4796], [55.0764, 54.4783], [55.0754, 54.4703], [55.1213, 54.4694], [55.1219, 54.4871], [55.1373, 54.4871], [55.1388, 54.4978], [55.1245, 54.5015], [55.1146, 54.5166], [55.1262, 54.5268], [55.1184, 54.53], [55.1198, 54.5561], [55.0622, 54.5936], [55.0828, 54.5984], [55.0857, 54.5929], [55.1074, 54.5882], [55.1128, 54.5915], [55.1022, 54.6019], [55.1316, 54.6081], [55.1396, 54.6129], [55.1406, 54.6245], [55.1126, 54.6311], [55.1071, 54.645], [55.1672, 54.6537], [55.171, 54.6795], [55.2297, 54.6862], [55.2095, 54.7121], [55.2146, 54.7272], [55.2254, 54.7285], [55.231, 54.7375], [55.2603, 54.7401], [55.2565, 54.7671], [55.2323, 54.7736], [55.239, 54.7808], [55.2178, 54.788], [55.2287, 54.7924]]]}}, {"type": "Feature", "properties": {"osm_type": "relation", "osm_id": 301699102, "name": "Burzyansky District", "admin_level": "6", "kind": "subdivision_2", "parent_osm_id": 77677, "parent_name": "Bashkortostan", "parent_iso": "RU-BA"}, "geometry": {"type": "Polygon", "coordinates": [[[56.8478, 53.2209], [56.8841, 53.2015], [56.889, 53.1903], [56.8842, 53.1765], [56.869, 53.1668], [56.8686, 53.1553], [56.8627, 53.1524], [56.8657, 53.148], [56.8595, 53.1039], [56.8812, 53.0287], [56.8754, 52.9934], [56.8608, 52.9878], [56.8618, 52.9831], [56.8774, 52.9822], [56.8808, 52.9693], [56.877, 52.959], [56.8921, 52.9575], [56.8634, 52.9537], [56.862, 52.9328], [56.8839, 52.9281], [56.8883, 52.9199], [56.8656, 52.9055], [56.8876, 52.8903], [56.8926, 52.8578], [57.099, 52.8693], [57.0975, 52.9425], [57.1242, 52.9422], [57.1151, 52.9831], [57.1467, 52.9839], [57.1496, 52.9628], [57.1856, 52.9636], [57.1918, 52.9301], [57.3402, 52.9389], [57.352, 52.8874], [57.3866, 52.9029], [57.4581, 52.9032], [57.4798, 52.9287], [57.4866, 52.9298], [57.5107, 52.9521], [57.5238, 52.9514], [57.525, 52.9676], [57.5577, 52.9763], [57.5874, 52.972], [57.6413, 52.9941], [57.6707, 52.9769], [57.7165, 52.9766], [57.7675, 52.955], [57.8039, 52.9713], [57.8178, 52.9695], [57.8328, 53.0206], [57.8208, 53.0213], [57.8215, 53.0309], [57.8159, 53.0411], [57.834, 53.0559], [57.8222, 53.062], [57.8196, 53.0703], [57.837, 53.0765], [57.8468, 53.0864], [57.8852, 53.1022], [57.8913, 53.1097], [57.9064, 53.1119], [57.918, 53.1232], [57.9595, 53.1243], [57.9995, 53.1102], [58.0402, 53.0755], [58.0575, 53.0669], [58.0691, 53.095], [58.1416, 53.156], [58.1186, 53.2252], [58.0773, 53.228], [58.0396, 53.2472], [58.0399, 53.2578], [58.0606, 53.266], [58.067, 53.2864], [58.0972, 53.292], [58.1008, 53.3023], [58.0455, 53.3088], [58.0649, 53.3358], [58.0788, 53.3461], [58.102, 53.3366], [58.1159, 53.3597], [58.13, 53.3561], [58.1306, 53.3458], [58.1711, 53.3487], [58.1793, 53.355], [58.1793, 53.3691], [58.1942, 53.3833], [58.1837, 53.3967], [58.1913, 53.4187], [58.1797, 53.4231], [58.1841, 53.434], [58.1831, 53.4532], [58.2014, 53.4802], [58.1805, 53.4904], [58.1675, 53.4853], [58.0689, 53.4976], [58.0488, 53.4708], [58.0147, 53.4679], [57.9944, 53.4605], [57.9485, 53.4696], [57.845, 53.4737], [57.8442, 53.4876], [57.8119, 53.4889], [57.7984, 53.482], [57.7811, 53.4803], [57.7679, 53.4863], [57.7516, 53.484], [57.7608, 53.4722], [57.7291, 53.4601], [57.7352, 53.4465], [57.7229, 53.416], [57.7361, 53.4139], [57.7387, 53.3912], [57.638, 53.4012], [57.6286, 53.4309], [57.6094, 53.4307], [57.5843, 53.3947], [57.521, 53.3597], [57.5132, 53.3698], [57.4611, 53.3641], [57.4444, 53.3697], [57.4266, 53.3607], [57.3927, 53.3576], [57.3488, 53.3918], [57.3552, 53.3974], [57.3548, 53.413], [57.3388, 53.4353], [57.3423, 53.4389], [57.3619, 53.4338], [57.3785, 53.4758], [57.355, 53.4956], [57.3102, 53.5007], [57.2867, 53.524], [57.3032, 53.5512], [57.2687, 53.5563], [57.2588, 53.5505], [57.2385, 53.5543], [57.2381, 53.5629], [57.2016, 53.5623], [57.2, 53.5435], [57.1768, 53.5386], [57.1609, 53.5242], [57.1574, 53.5118], [57.1426, 53.5092], [57.1456, 53.5054], [57.1396, 53.4934], [57.145, 53.4884], [57.1302, 53.4869], [57.1208, 53.4769], [57.0962, 53.4734], [57.0996, 53.4702], [57.0829, 53.4661], [57.0849, 53.4622], [57.0947, 53.4652], [57.0912, 53.4514], [57.1094, 53.4378], [57.1064, 53.4258], [57.0946, 53.4281], [57.0828, 53.422], [57.0587, 53.4299], [57.0543, 53.4249], [57.0621, 53.4193], [57.0621, 53.4141], [57.0193, 53.4132], [57.0174, 53.4023], [56.9982, 53.4026], [56.9982, 53.37], [56.9485, 53.3697], [56.9461, 53.3567], [56.9107, 53.3561], [56.9088, 53.3364], [56.9152, 53.3314], [56.9069, 53.3129], [56.8711, 53.3073], [56.8628, 53.2853], [56.8383, 53.2858], [56.8478, 53.2209]], [[58.1332, 53.4209], [58.138, 53.4209], [58.1332, 53.4209]]]}}, {"type": "Feature", "properties": {"osm_type": "relation", "osm_id": 738143313, "name": "Chekmagushevsky District", "admin_level": "6", "kind": "subdivision_2", "parent_osm_id": 77677, "parent_name": "Bashkortostan", "parent_iso": "RU-BA"}, "geometry": {"type": "Polygon", "coordinates": [[[54.2083, 55.0278], [54.2494, 55.0229], [54.2846, 55.0437], [54.2947, 55.0422], [54.3051, 55.0522], [54.3192, 55.0318], [54.3012, 55.0127], [54.3278, 55.0016], [54.332, 54.9906], [54.3603, 54.9882], [54.3503, 54.9803], [54.3687, 54.9578], [54.3792, 54.9569], [54.4087, 54.9664], [54.3823, 54.9541], [54.3662, 54.955], [54.3481, 54.9486], [54.338, 54.9543], [54.3052, 54.9473], [54.3123, 54.9359], [54.3303, 54.942], [54.341, 54.9359], [54.3466, 54.93], [54.3333, 54.9268], [54.3772, 54.9047], [54.3976, 54.9226], [54.4317, 54.9344], [54.4573, 54.9529], [54.5006, 54.9413], [54.4988, 54.934], [54.5152, 54.9279], [54.513, 54.9462], [54.5557, 54.9403], [54.5584, 54.9522], [54.6452, 54.9684], [54.6572, 54.9784], [54.6454, 54.9826], [54.6411, 54.9923], [54.6897, 54.9864], [54.6932, 54.9667], [54.7107, 54.9615], [54.7057, 54.9586], [54.7124, 54.9541], [54.7387, 54.9532], [54.7491, 54.9473], [54.7394, 54.9396], [54.735, 54.9422], [54.7305, 54.9337], [54.7778, 54.935], [54.7841, 54.9426], [54.7976, 54.9355], [54.827, 54.9473], [54.886, 54.9526], [54.8957, 54.9607], [54.9317, 54.9644], [54.9293, 54.9951], [54.9162, 55.0109], [54.9217, 55.0185], [54.9211, 55.0531], [55.043, 55.0463], [55.0436, 55.0504], [55.0353, 55.0512], [55.0617, 55.0772], [55.0703, 55.0784], [55.0719, 55.086], [55.0785, 55.0849], [55.0809, 55.0776], [55.0887, 55.0832], [55.0708, 55.1025], [55.0766, 55.1062], [55.0734, 55.1113], [55.0859, 55.1215], [55.1092, 55.1265], [55.0509, 55.1525], [54.9961, 55.1558], [54.9421, 55.1495], [54.9381, 55.1568], [54.9562, 55.1839], [54.9375, 55.19], [54.9114, 55.1895], [54.9106, 55.2212], [54.9023, 55.239], [54.8695, 55.2504], [54.8676, 55.2397], [54.8487, 55.2226], [54.8307, 55.2315], [54.8262, 55.2436], [54.8344, 55.2441], [54.8313, 55.2546], [54.8402, 55.2527], [54.888, 55.262], [54.8832, 55.2742], [54.8204, 55.3038], [54.8218, 55.3095], [54.8538, 55.3139], [54.8491, 55.3285], [54.8069, 55.3416], [54.7813, 55.3314], [54.6444, 55.3549], [54.597, 55.3383], [54.6329, 55.3288], [54.6357, 55.3065], [54.6539, 55.3033], [54.6351, 55.2948], [54.5902, 55.2558], [54.5733, 55.2621], [54.5607, 55.2554], [54.5402, 55.2677], [54.5226, 55.2623], [54.5084, 55.2663], [54.4959, 55.2605], [54.482, 55.2743], [54.4763, 55.2724], [54.4791, 55.2694], [54.4523, 55.2642], [54.4435, 55.2569], [54.4091, 55.2617], [54.4169, 55.2542], [54.419, 55.242], [54.3814, 55.2337], [54.3298, 55.212], [54.2965, 55.2099], [54.287, 55.2208], [54.2177, 55.2033], [54.1984, 55.2025], [54.2193, 55.1913], [54.2095, 55.1742], [54.1826, 55.1459], [54.1596, 55.1332], [54.1756, 55.1213], [54.1616, 55.1146], [54.1735, 55.1028], [54.2302, 55.1055], [54.2307, 55.0961], [54.2186, 55.0869], [54.2285, 55.0828], [54.2258, 55.0777], [54.2151, 55.079], [54.208, 55.0536], [54.2277, 55.0442], [54.2083, 55.0278]]]}}, {"type": "Feature", "properties": {"osm_type": "relation", "osm_id": 649520283, "name": "Davlekanovsky District", "admin_level": "6", "kind": "subdivision_2", "parent_osm_id": 77677, "parent_name": "Bashkortostan", "parent_iso": "RU-BA"}, "geometry": {"type": "Polygon", "coordinates": [[[55.547, 54.3034], [55.5218, 54.3034], [55.5157, 54.2961], [55.4994, 54.2897], [55.4891, 54.2922], [55.4757, 54.2843], [55.4575, 54.2881], [55.4572, 54.3038], [55.4207, 54.3034], [55.419, 54.2922], [55.3983, 54.2909], [55.3625, 54.2915], [55.3621, 54.3029], [55.3243, 54.3057], [55.3197, 54.2947], [55.3053, 54.2942], [55.2502, 54.3292], [55.2527, 54.3344], [55.1712, 54.3734], [55.1459, 54.3792], [55.119, 54.3751], [55.1113, 54.3791], [55.0268, 54.3845], [55.0277, 54.4212], [55.0055, 54.4209], [54.9972, 54.4435], [54.9592, 54.4438], [54.9598, 54.4392], [54.9299, 54.4384], [54.9281, 54.417], [54.9094, 54.4168], [54.9096, 54.4263], [54.878, 54.4266], [54.8581, 54.4356], [54.8589, 54.4595], [54.8425, 54.4565], [54.8431, 54.4734], [54.8146, 54.4833], [54.7696, 54.4451], [54.7889, 54.4374], [54.8405, 54.4417], [54.8365, 54.4399], [54.8306, 54.4106], [54.8122, 54.4117], [54.7872, 54.4056], [54.7443, 54.4152], [54.7411, 54.4065], [54.7113, 54.4083], [54.7232, 54.4434], [54.6589, 54.4504], [54.659, 54.4568], [54.6244, 54.4606], [54.5897, 54.4231], [54.5773, 54.4269], [54.5417, 54.3925], [54.5526, 54.3894], [54.5391, 54.3744], [54.5116, 54.3766], [54.4938, 54.3589], [54.461, 54.3422], [54.4531, 54.3457], [54.4076, 54.329], [54.3788, 54.3096], [54.396, 54.2994], [54.4039, 54.3022], [54.4112, 54.3152], [54.4268, 54.304], [54.4185, 54.2991], [54.4412, 54.2946], [54.4527, 54.3083], [54.4728, 54.306], [54.481, 54.2868], [54.5275, 54.2772], [54.5082, 54.2391], [54.5182, 54.2513], [54.5303, 54.2529], [54.5584, 54.2428], [54.5648, 54.2448], [54.6046, 54.2202], [54.6016, 54.2265], [54.6062, 54.2288], [54.6242, 54.2286], [54.6236, 54.2243], [54.671, 54.2088], [54.7149, 54.2237], [54.7253, 54.2148], [54.7321, 54.2167], [54.738, 54.2117], [54.7741, 54.2204], [54.7773, 54.2158], [54.7861, 54.2178], [54.8406, 54.2058], [54.8535, 54.1961], [54.7836, 54.1727], [54.7976, 54.1551], [54.8387, 54.1692], [54.8437, 54.1751], [54.8707, 54.1793], [54.8884, 54.1626], [54.9204, 54.1657], [54.9374, 54.149], [54.9607, 54.1567], [54.9771, 54.1433], [54.9846, 54.1459], [55.0329, 54.0931], [55.039, 54.0941], [55.0385, 54.1361], [55.0735, 54.1254], [55.0801, 54.1357], [55.1174, 54.1331], [55.1227, 54.1202], [55.1531, 54.105], [55.1414, 54.0845], [55.2364, 54.0613], [55.2475, 54.0723], [55.2756, 54.074], [55.3042, 54.0486], [55.3262, 54.0483], [55.323, 54.041], [55.3893, 54.0556], [55.399, 54.0483], [55.4239, 54.0551], [55.4367, 54.042], [55.4888, 54.04], [55.478, 54.0138], [55.5178, 54.0216], [55.5089, 54.0296], [55.5126, 54.0335], [55.5103, 54.0394], [55.5155, 54.0418], [55.5086, 54.0446], [55.5131, 54.0591], [55.4934, 54.0799], [55.5046, 54.0874], [55.5443, 54.0835], [55.5537, 54.0864], [55.5529, 54.0928], [55.583, 54.094], [55.5796, 54.0967], [55.5886, 54.1265], [55.6048, 54.1413], [55.5865, 54.163], [55.5718, 54.1634], [55.5686, 54.1674], [55.5836, 54.1755], [55.5735, 54.1865], [55.592, 54.1963], [55.5733, 54.1999], [55.567, 54.1948], [55.5649, 54.2062], [55.5696, 54.2118], [55.5676, 54.2196], [55.5627, 54.2212], [55.5671, 54.2236], [55.5562, 54.218], [55.5365, 54.2203], [55.5406, 54.2271], [55.542, 54.2581], [55.5335, 54.2592], [55.5325, 54.269], [55.5396, 54.2723], [55.5334, 54.282], [55.5261, 54.2845], [55.531, 54.2938], [55.5383, 54.2922], [55.547, 54.3034]]]}}, {"type": "Feature", "properties": {"osm_type": "relation", "osm_id": 435136065, "name": "Dyurtyulinsky District", "admin_level": "6", "kind": "subdivision_2", "parent_osm_id": 77677, "parent_name": "Bashkortostan", "parent_iso": "RU-BA"}, "geometry": {"type": "MultiPolygon", "coordinates": [[[[54.554, 55.7046], [54.5691, 55.6842], [54.5871, 55.6783], [54.6824, 55.6819], [54.6835, 55.6916], [54.6956, 55.6891], [54.6965, 55.6795], [54.7078, 55.683], [54.7126, 55.6751], [54.6854, 55.6676], [54.677, 55.6606], [54.6656, 55.6714], [54.6544, 55.6567], [54.6505, 55.6383], [54.6743, 55.6478], [54.6873, 55.6471], [54.6867, 55.6429], [54.6794, 55.644], [54.6797, 55.6387], [54.6927, 55.6362], [54.6738, 55.6354], [54.68, 55.6233], [54.6439, 55.6044], [54.6464, 55.5897], [54.6433, 55.5887], [54.6396, 55.5997], [54.6288, 55.6025], [54.5905, 55.5884], [54.5972, 55.5818], [54.59, 55.5788], [54.5276, 55.5652], [54.516, 55.5565], [54.5396, 55.5456], [54.5093, 55.5384], [54.483, 55.5043], [54.4908, 55.4933], [54.5861, 55.5153], [54.6011, 55.4988], [54.5958, 55.4877], [54.6629, 55.4719], [54.6444, 55.4346], [54.6356, 55.4358], [54.6392, 55.4265], [54.6179, 55.4203], [54.6288, 55.4015], [54.5915, 55.4002], [54.5688, 55.3912], [54.5874, 55.3796], [54.5827, 55.376], [54.5824, 55.3612], [54.5586, 55.3353], [54.5712, 55.3324], [54.6072, 55.3449], [54.6243, 55.3448], [54.6444, 55.3549], [54.7813, 55.3314], [54.8069, 55.3416], [54.8491, 55.3285], [54.8538, 55.3139], [54.8218, 55.3095], [54.8204, 55.3038], [54.8832, 55.2742], [54.888, 55.262], [54.8402, 55.2527], [54.8313, 55.2546], [54.8344, 55.2441], [54.8262, 55.2436], [54.8307, 55.2315], [54.8487, 55.2226], [54.8676, 55.2397], [54.8695, 55.2504], [54.8807, 55.2465], [54.8937, 55.2596], [54.916, 55.25], [54.9768, 55.263], [54.988, 55.2572], [55.0051, 55.2616], [55.0037, 55.2646], [55.0112, 55.2653], [55.0101, 55.2782], [55.032, 55.2934], [55.0303, 55.3019], [55.0613, 55.2657], [55.1018, 55.2847], [55.121, 55.2838], [55.1548, 55.3218], [55.1051, 55.3393], [55.1204, 55.3576], [55.1103, 55.3594], [55.1239, 55.3774], [55.2151, 55.388], [55.2151, 55.3827], [55.2247, 55.3829], [55.225, 55.3892], [55.2562, 55.389], [55.273, 55.3963], [55.2666, 55.3967], [55.2648, 55.4016], [55.2737, 55.4075], [55.2828, 55.4257], [55.2706, 55.4248], [55.2707, 55.431], [55.2268, 55.4314], [55.2223, 55.4389], [55.2737, 55.4616], [55.2565, 55.4628], [55.244, 55.4768], [55.224, 55.4794], [55.2268, 55.4825], [55.1895, 55.4869], [55.2275, 55.511], [55.2281, 55.523], [55.209, 55.5752], [55.1527, 55.6256], [55.1217, 55.6228], [55.1232, 55.6026], [55.0923, 55.6019], [55.0682, 55.5928], [55.0535, 55.6237], [55.0855, 55.6443], [55.0642, 55.6611], [54.9923, 55.6869], [54.9957, 55.7194], [54.9556, 55.7106], [54.9719, 55.725], [54.9136, 55.7485], [54.8899, 55.7425], [54.8742, 55.7487], [54.8101, 55.7261], [54.758, 55.7315], [54.8056, 55.759], [54.7944, 55.7676], [54.785, 55.7638], [54.7851, 55.7588], [54.7722, 55.7551], [54.7649, 55.7571], [54.74, 55.7499], [54.7349, 55.7541], [54.707, 55.7479], [54.7112, 55.7413], [54.6992, 55.7376], [54.7055, 55.7311], [54.7014, 55.728], [54.6742, 55.7317], [54.6766, 55.7242], [54.6657, 55.7261], [54.6605, 55.7182], [54.6031, 55.7208], [54.5821, 55.7162], [54.5821, 55.7073], [54.5907, 55.703], [54.5916, 55.6911], [54.5647, 55.7051], [54.554, 55.7046]], [[54.7344, 55.5635], [54.7377, 55.5733], [54.7658, 55.5765], [54.7638, 55.5607], [54.7433, 55.5508], [54.7364, 55.5532], [54.7344, 55.5635]], [[54.7061, 55.5708], [54.7156, 55.5819], [54.7219, 55.5809], [54.7248, 55.5638], [54.7075, 55.564], [54.7061, 55.5708]]], [[[55.2914, 55.4261], [55.3034, 55.4141], [55.3307, 55.424], [55.339, 55.4203], [55.3517, 55.4245], [55.3652, 55.422], [55.3637, 55.4361], [55.3762, 55.445], [55.3924, 55.4474], [55.3701, 55.4547], [55.2914, 55.4261]]]]}}, {"type": "Feature", "properties": {"osm_type": "relation", "osm_id": 441439963, "name": "Fyodorovsky District", "admin_level": "6", "kind": "subdivision_2", "parent_osm_id": 77677, "parent_name": "Bashkortostan", "parent_iso": "RU-BA"}, "geometry": {"type": "MultiPolygon", "coordinates": [[[[55.5502, 53.215], [55.5451, 53.2139], [55.5455, 53.2067], [55.5306, 53.2044], [55.5325, 53.1907], [55.5199, 53.1812], [55.5064, 53.1818], [55.4923, 53.1875], [55.4893, 53.184], [55.4501, 53.1881], [55.4618, 53.1996], [55.37, 53.2097], [55.3653, 53.2129], [55.4068, 53.2234], [55.4056, 53.2383], [55.2981, 53.2446], [55.2597, 53.256], [55.2345, 53.2443], [55.2234, 53.2447], [55.2244, 53.2535], [55.2163, 53.2586], [55.1835, 53.2406], [55.1707, 53.2393], [55.1769, 53.2492], [55.198, 53.2569], [55.2088, 53.2714], [55.2153, 53.2924], [55.2249, 53.2949], [55.2329, 53.3195], [55.2058, 53.3155], [55.1631, 53.3258], [55.1129, 53.3278], [55.124, 53.3396], [55.1105, 53.3415], [55.1091, 53.3509], [55.0791, 53.3387], [55.059, 53.3416], [55.0445, 53.3347], [55.0412, 53.3403], [55.0359, 53.3393], [55.0348, 53.3478], [54.9935, 53.3344], [54.9816, 53.3158], [54.9931, 53.304], [54.8976, 53.2637], [54.8673, 53.2332], [54.9002, 53.2276], [54.9027, 53.2216], [54.9273, 53.2122], [54.9301, 53.1964], [54.9456, 53.1751], [54.9428, 53.159], [54.951, 53.1565], [54.9499, 53.145], [54.9432, 53.1446], [54.9439, 53.1375], [54.9543, 53.1366], [54.9565, 53.1191], [54.9422, 53.1114], [54.9413, 53.1014], [54.9739, 53.0803], [54.9654, 53.0686], [54.9948, 53.0582], [55.004, 53.0283], [55.0383, 52.9993], [55.0512, 52.9614], [55.064, 52.9479], [55.1086, 52.9225], [55.1543, 52.9596], [55.1814, 52.9493], [55.1928, 52.9574], [55.2067, 52.9585], [55.2411, 52.9426], [55.2641, 52.9511], [55.2675, 52.9484], [55.2483, 52.9026], [55.2881, 52.9018], [55.2855, 52.8955], [55.3485, 52.8981], [55.3807, 52.9101], [55.4863, 52.9121], [55.4966, 52.9238], [55.5074, 52.9222], [55.5122, 52.9342], [55.5313, 52.9358], [55.5307, 52.9126], [55.5259, 52.9018], [55.5442, 52.9006], [55.5477, 52.9069], [55.5752, 52.9072], [55.5751, 52.9132], [55.6244, 52.9183], [55.6249, 53.0032], [55.5924, 53.0327], [55.6015, 53.0331], [55.6245, 53.0507], [55.6332, 53.047], [55.6603, 53.0602], [55.6526, 53.0743], [55.6621, 53.0765], [55.6655, 53.0816], [55.6606, 53.0851], [55.6781, 53.0895], [55.6184, 53.0993], [55.6221, 53.1153], [55.606, 53.1166], [55.6159, 53.1479], [55.6079, 53.1509], [55.6289, 53.1823], [55.6622, 53.1695], [55.6662, 53.184], [55.6734, 53.1916], [55.656, 53.2001], [55.6582, 53.203], [55.6254, 53.2035], [55.5502, 53.215]]], [[[55.1491, 52.8552], [55.1551, 52.853], [55.155, 52.8482], [55.1274, 52.8495], [55.1368, 52.838], [55.1528, 52.8406], [55.1382, 52.8119], [55.1494, 52.8081], [55.1649, 52.8204], [55.175, 52.8179], [55.1899, 52.8382], [55.2422, 52.8203], [55.2657, 52.8375], [55.2562, 52.8527], [55.2635, 52.8561], [55.2398, 52.883], [55.2179, 52.8809], [55.2039, 52.87], [55.1491, 52.8552]]]]}}, {"type": "Feature", "properties": {"osm_type": "relation", "osm_id": 533011435, "name": "Karaidelsky District", "admin_level": "6", "kind": "subdivision_2", "parent_osm_id": 77677, "parent_name": "Bashkortostan", "parent_iso": "RU-BA"}, "geometry": {"type": "MultiPolygon", "coordinates": [[[[56.5467, 55.5239], [56.5595, 55.5305], [56.608, 55.5132], [56.6331, 55.5132], [56.6605, 55.5229], [56.7325, 55.5228], [56.9145, 55.5003], [56.9117, 55.4861], [56.9363, 55.4831], [56.9512, 55.4894], [56.9855, 55.49], [56.9816, 55.473], [57.0024, 55.4623], [57.0067, 55.476], [57.0226, 55.4757], [57.0048, 55.485], [57.0212, 55.4839], [57.026, 55.4911], [57.0438, 55.4913], [57.0641, 55.4768], [57.0906, 55.4762], [57.0979, 55.505], [57.1134, 55.5085], [57.1278, 55.5039], [57.1554, 55.5255], [57.1381, 55.5304], [57.144, 55.5594], [57.1517, 55.563], [57.1522, 55.5693], [57.1826, 55.5781], [57.1886, 55.5947], [57.206, 55.5922], [57.191, 55.5773], [57.2034, 55.5697], [57.2254, 55.5633], [57.2297, 55.5664], [57.2238, 55.5872], [57.2329, 55.5851], [57.2421, 55.5675], [57.2686, 55.5628], [57.2725, 55.5737], [57.2858, 55.5839], [57.2866, 55.5908], [57.3102, 55.611], [57.2873, 55.6233], [57.3355, 55.6466], [57.3226, 55.6628], [57.3459, 55.6864], [57.446, 55.714], [57.5405, 55.7203], [57.5591, 55.7281], [57.5546, 55.7884], [57.5991, 55.8001], [57.6021, 55.8175], [57.6247, 55.8253], [57.6301, 55.8507], [57.6506, 55.8495], [57.7049, 55.9889], [57.5201, 56.0107], [57.5216, 56.0059], [57.5013, 55.9999], [57.4881, 56.0043], [57.4844, 56.0126], [57.493, 56.0239], [57.4809, 56.0437], [57.4957, 56.0422], [57.4717, 56.0513], [57.4657, 56.0702], [57.4559, 56.0705], [57.4441, 56.0645], [57.4302, 56.0388], [57.4385, 56.0218], [57.4073, 56.0078], [57.3823, 56.0032], [57.3716, 55.9851], [57.3516, 55.9819], [57.2956, 56.0101], [57.2963, 56.0217], [57.3308, 56.0378], [57.3307, 56.0413], [57.3074, 56.0567], [57.3134, 56.0628], [57.2753, 56.0548], [57.2928, 56.0692], [57.2928, 56.0748], [57.2674, 56.0582], [57.2722, 56.0534], [57.2661, 56.0367], [57.2033, 56.0192], [57.2022, 56.0092], [57.1812, 56.0063], [57.1738, 55.9873], [57.181, 55.9699], [57.1971, 55.958], [57.1759, 55.9431], [57.1517, 55.9363], [57.1466, 55.9441], [57.147, 55.9386], [57.142, 55.9375], [57.1158, 55.9449], [57.1218, 55.9508], [57.1067, 55.9564], [57.098, 55.9551], [57.0864, 55.9455], [57.0541, 55.9432], [57.0434, 55.9327], [57.0408, 55.921], [56.999, 55.8911], [56.9907, 55.8946], [57.0001, 55.9132], [56.987, 55.9158], [56.978, 55.9247], [56.9782, 55.93], [56.9902, 55.9392], [56.9869, 55.9497], [56.9794, 55.949], [56.9762, 55.965], [56.9793, 55.9669], [56.9717, 55.9714], [56.959, 55.9666], [56.9512, 55.9524], [56.8638, 55.9695], [56.8337, 55.9657], [56.79, 55.9803], [56.7599, 55.9497], [56.7472, 55.9514], [56.7274, 55.9683], [56.7134, 55.9638], [56.7121, 55.9594], [56.6968, 55.9607], [56.6951, 55.9657], [56.66, 55.9452], [56.6481, 55.932], [56.6066, 55.9257], [56.5768, 55.9335], [56.5562, 55.926], [56.5605, 55.9149], [56.533, 55.9074], [56.4264, 55.9217], [56.419, 55.901], [56.3865, 55.8791], [56.3841, 55.8629], [56.3898, 55.8567], [56.3773, 55.8561], [56.351, 55.8394], [56.3545, 55.8313], [56.3202, 55.8126], [56.3217, 55.7993], [56.3153, 55.7885], [56.3187, 55.7792], [56.3081, 55.775], [56.3073, 55.7701], [56.285, 55.766], [56.2909, 55.7533], [56.2816, 55.7272], [56.2804, 55.7043], [56.2574, 55.6833], [56.2465, 55.6631], [56.2468, 55.649], [56.2324, 55.6222], [56.2375, 55.6098], [56.2472, 55.6066], [56.2323, 55.6004], [56.2435, 55.6012], [56.2425, 55.5978], [56.2475, 55.5968], [56.2792, 55.6012], [56.3221, 55.5947], [56.3226, 55.5878], [56.3072, 55.5785], [56.3026, 55.5803], [56.308, 55.5762], [56.3035, 55.5709], [56.3072, 55.564], [56.3009, 55.5594], [56.2972, 55.5626], [56.2968, 55.5587], [56.3109, 55.554], [56.3044, 55.5403], [56.3363, 55.5407], [56.3378, 55.5298], [56.3322, 55.5289], [56.3372, 55.5149], [56.3644, 55.515], [56.3682, 55.5263], [56.3577, 55.5299], [56.3551, 55.5417], [56.3773, 55.5535], [56.5117, 55.5306], [56.5446, 55.5291], [56.5467, 55.5239]]], [[[57.1824, 56.045], [57.189, 56.0332], [57.2036, 56.034], [57.2079, 56.0349], [57.2038, 56.0396], [57.2273, 56.0398], [57.2295, 56.049], [57.1902, 56.0501], [57.1824, 56.045]]]]}}, {"type": "Feature", "properties": {"osm_type": "relation", "osm_id": 648496985, "name": "Khaybullinsky District", "admin_level": "6", "kind": "subdivision_2", "parent_osm_id": 77677, "parent_name": "Bashkortostan", "parent_iso": "RU-BA"}, "geometry": {"type": "Polygon", "coordinates": [[[57.3985, 51.7273], [57.4813, 51.7259], [57.4939, 51.7205], [57.5294, 51.7324], [57.5506, 51.726], [57.5737, 51.7256], [57.5899, 51.7441], [57.6287, 51.7504], [57.64, 51.7607], [57.6408, 51.7672], [57.6109, 51.7851], [57.6138, 51.7945], [57.6416, 51.8083], [57.6453, 51.8198], [57.6698, 51.8304], [57.6587, 51.8467], [57.639, 51.8539], [57.6553, 51.8688], [57.671, 51.8672], [57.6772, 51.8599], [57.6844, 51.863], [57.7152, 51.86], [57.7252, 51.8343], [57.7544, 51.8254], [57.8438, 51.8262], [57.8444, 51.8379], [57.9067, 51.8371], [57.942, 51.8216], [57.9551, 51.8216], [57.9552, 51.7938], [58.0731, 51.7959], [58.1095, 51.7919], [58.1143, 51.7817], [58.126, 51.7786], [58.1182, 51.7737], [58.1144, 51.7617], [58.1265, 51.7596], [58.1312, 51.7513], [58.1428, 51.7491], [58.1445, 51.74], [58.1526, 51.7351], [58.1434, 51.7267], [58.154, 51.7191], [58.1647, 51.7184], [58.1842, 51.7261], [58.1856, 51.7349], [58.2573, 51.7335], [58.2587, 51.7508], [58.3134, 51.7523], [58.3207, 51.7794], [58.3291, 51.7786], [58.3292, 51.7702], [58.4035, 51.7714], [58.4033, 51.7786], [58.4468, 51.7794], [58.4894, 51.7793], [58.4899, 51.7708], [58.4985, 51.7702], [58.5749, 51.7717], [58.5747, 51.827], [58.6154, 51.8265], [58.6191, 51.8751], [58.6144, 51.8848], [58.6393, 51.885], [58.6556, 51.893], [58.6602, 51.9259], [58.6592, 52.0306], [58.6903, 52.0299], [58.7105, 52.0337], [58.7128, 52.038], [58.7131, 52.0797], [58.6527, 52.0788], [58.6515, 52.1301], [58.6167, 52.1366], [58.6612, 52.1995], [58.6534, 52.2153], [58.664, 52.2218], [58.6551, 52.2278], [58.6592, 52.2305], [58.66, 52.2631], [58.6684, 52.2986], [58.6246, 52.3068], [58.5875, 52.308], [58.5525, 52.3172], [58.5379, 52.3155], [58.5343, 52.3105], [58.5217, 52.3126], [58.5141, 52.3477], [58.4728, 52.3363], [58.4188, 52.3635], [58.3952, 52.3691], [58.401, 52.3759], [58.3711, 52.3798], [58.2702, 52.3795], [58.2767, 52.3634], [58.2617, 52.3433], [58.2447, 52.3447], [58.2097, 52.3617], [58.1898, 52.3617], [58.1632, 52.3227], [58.184, 52.2977], [58.1817, 52.272], [58.1484, 52.2679], [58.1453, 52.2422], [58.1136, 52.2404], [58.1089, 52.2261], [58.0523, 52.2234], [58.0244, 52.1948], [58.0014, 52.1926], [57.9992, 52.1285], [58.0036, 52.1124], [57.9991, 52.1054], [57.9632, 52.105], [57.9622, 52.0945], [57.9368, 52.0909], [57.933, 52.0753], [57.8009, 52.0722], [57.8011, 52.0591], [57.7904, 52.0572], [57.7915, 52.0543], [57.8108, 52.0512], [57.791, 52.047], [57.7995, 52.0355], [57.7977, 52.0241], [57.8051, 52.0197], [57.8057, 52.0129], [57.795, 52.0072], [57.7945, 52.0001], [57.658, 51.9997], [57.6698, 51.9742], [57.643, 51.9707], [57.6429, 51.9656], [57.5762, 51.9727], [57.5443, 52.0015], [57.5669, 52.0119], [57.5654, 52.0172], [57.5856, 52.0273], [57.5734, 52.0308], [57.5735, 52.0378], [57.5321, 52.0332], [57.5289, 52.0317], [57.5379, 52.0205], [57.5118, 52.0153], [57.4901, 52.0047], [57.4271, 52.0042], [57.4178, 52.0178], [57.4183, 52.0285], [57.4258, 52.0365], [57.3942, 52.067], [57.3682, 52.0646], [57.3541, 52.0722], [57.3438, 52.0683], [57.3283, 52.0519], [57.3291, 52.046], [57.3735, 52.0196], [57.368, 52.0147], [57.3467, 52.0114], [57.319, 51.9911], [57.3205, 51.976], [57.3354, 51.9735], [57.3486, 51.9497], [57.3217, 51.9279], [57.3255, 51.909], [57.3467, 51.908], [57.3647, 51.8977], [57.3607, 51.8924], [57.349, 51.8997], [57.3372, 51.9002], [57.3403, 51.891], [57.3567, 51.8841], [57.3566, 51.873], [57.3455, 51.8584], [57.3548, 51.8438], [57.3327, 51.822], [57.3012, 51.8027], [57.3012, 51.7915], [57.3097, 51.7745], [57.3457, 51.7831], [57.3535, 51.7802], [57.3558, 51.7622], [57.3855, 51.7597], [57.4002, 51.747], [57.3985, 51.7273]]]}}, {"type": "Feature", "properties": {"osm_type": "relation", "osm_id": 119805050, "name": "Mechetlinsky District", "admin_level": "6", "kind": "subdivision_2", "parent_osm_id": 77677, "parent_name": "Bashkortostan", "parent_iso": "RU-BA"}, "geometry": {"type": "Polygon", "coordinates": [[[58.51, 55.6735], [58.5128, 55.7026], [58.5385, 55.7037], [58.5366, 55.7341], [58.5104, 55.7355], [58.507, 55.7462], [58.5082, 55.7596], [58.5139, 55.763], [58.5168, 55.7732], [58.5206, 55.8046], [58.5043, 55.8069], [58.509, 55.8146], [58.495, 55.8092], [58.4731, 55.8094], [58.4751, 55.8292], [58.4607, 55.8297], [58.466, 55.8533], [58.4395, 55.8681], [58.4391, 55.8903], [58.4718, 55.8907], [58.4771, 55.898], [58.5022, 55.8981], [58.4952, 55.9126], [58.5047, 55.915], [58.5176, 55.9071], [58.5228, 55.9109], [58.5341, 55.9086], [58.5274, 55.9151], [58.5285, 55.9754], [58.5619, 55.9768], [58.5758, 56.0084], [58.62, 56.0244], [58.6439, 56.023], [58.6591, 56.0387], [58.6851, 56.0419], [58.6951, 56.0538], [58.7146, 56.0542], [58.7322, 56.0656], [58.8328, 56.0689], [58.8322, 56.0848], [58.7809, 56.0838], [58.7671, 56.0881], [58.7326, 56.0809], [58.7118, 56.0937], [58.7139, 56.1162], [58.6435, 56.1173], [58.6397, 56.13], [58.6285, 56.1355], [58.5976, 56.1375], [58.5877, 56.1474], [58.5828, 56.1652], [58.5581, 56.1732], [58.5525, 56.1669], [58.5111, 56.1707], [58.4937, 56.1575], [58.4825, 56.1334], [58.4698, 56.1218], [58.4215, 56.1217], [58.4106, 56.1011], [58.3959, 56.0957], [58.3845, 56.0818], [58.3456, 56.0845], [58.351, 56.1053], [58.3593, 56.1141], [58.3491, 56.1216], [58.3162, 56.1168], [58.306, 56.1046], [58.2571, 56.1048], [58.2429, 56.1182], [58.1854, 56.1261], [58.1645, 56.1407], [58.1293, 56.1323], [58.105, 56.1388], [58.0727, 56.1156], [58.011, 56.109], [57.933, 56.1091], [57.9386, 56.1101], [57.9348, 56.095], [57.9277, 56.0882], [57.9281, 56.0638], [57.9338, 56.0533], [57.9662, 56.0642], [57.9733, 56.0621], [57.9561, 56.0536], [58.0116, 56.0562], [58.0147, 56.0357], [58.0239, 56.0271], [58.0409, 56.0245], [58.0557, 56.0117], [58.0664, 56.0151], [58.0734, 56.0123], [58.0585, 56.0095], [58.0536, 56.0013], [58.0636, 55.9983], [58.0615, 55.99], [58.0428, 55.991], [58.0435, 55.9825], [58.0056, 55.971], [57.9217, 55.9752], [57.903, 55.9653], [57.9025, 55.9519], [57.9258, 55.9397], [57.9553, 55.9372], [57.9669, 55.9293], [57.969, 55.9215], [57.9787, 55.9182], [57.9894, 55.9195], [58.0046, 55.9353], [58.005, 55.949], [58.0474, 55.9499], [58.0483, 55.9451], [58.069, 55.9451], [58.0703, 55.8955], [58.0916, 55.8956], [58.0914, 55.8418], [58.0708, 55.8417], [58.0713, 55.8037], [58.1661, 55.8045], [58.1666, 55.8247], [58.1994, 55.8237], [58.2313, 55.8062], [58.2303, 55.7883], [58.2773, 55.7878], [58.2794, 55.7559], [58.2569, 55.7204], [58.2231, 55.7019], [58.1534, 55.7029], [58.1472, 55.6785], [58.162, 55.6658], [58.1439, 55.6553], [58.1758, 55.6427], [58.2733, 55.6451], [58.2779, 55.6177], [58.3291, 55.6197], [58.3289, 55.6258], [58.3192, 55.6286], [58.3233, 55.6391], [58.3142, 55.641], [58.3847, 55.6531], [58.462, 55.6568], [58.4644, 55.6627], [58.4911, 55.6633], [58.51, 55.6735]]]}}, {"type": "Feature", "properties": {"osm_type": "relation", "osm_id": 759087375, "name": "Uchalinsky District", "admin_level": "6", "kind": "subdivision_2", "parent_osm_id": 77677, "parent_name": "Bashkortostan", "parent_iso": "RU-BA"}, "geometry": {"type": "MultiPolygon", "coordinates": [[[[59.7072, 54.1576], [59.7054, 54.18], [59.7152, 54.1951], [59.7763, 54.2265], [59.7893, 54.2443], [59.755, 54.3143], [59.6718, 54.3397], [59.7259, 54.3849], [59.7361, 54.4007], [59.7399, 54.4557], [59.6703, 54.4693], [59.6705, 54.4747], [59.6465, 54.484], [59.6767, 54.4983], [59.6803, 54.5043], [59.6731, 54.5077], [59.6754, 54.5186], [59.7109, 54.5335], [59.7099, 54.5386], [59.7269, 54.5517], [59.7373, 54.5493], [59.7578, 54.5563], [59.8538, 54.609], [59.8972, 54.6846], [59.8976, 54.7052], [59.9469, 54.7699], [59.9291, 54.7889], [59.9383, 54.8179], [59.9836, 54.8463], [60.0018, 54.8641], [59.9153, 54.8699], [59.8755, 54.8384], [59.8668, 54.8421], [59.8687, 54.8455], [59.8591, 54.8542], [59.8425, 54.8418], [59.8301, 54.8495], [59.8046, 54.8521], [59.8046, 54.8582], [59.7767, 54.8604], [59.7639, 54.8732], [59.7369, 54.8857], [59.6884, 54.8885], [59.6594, 54.9028], [59.6603, 54.9079], [59.618, 54.9061], [59.6134, 54.8871], [59.6009, 54.867], [59.5368, 54.8414], [59.5362, 54.8294], [59.5253, 54.8188], [59.52, 54.7956], [59.5228, 54.7798], [59.4457, 54.7369], [59.4415, 54.7207], [59.381, 54.7026], [59.2888, 54.6582], [59.2916, 54.6367], [59.2633, 54.6169], [59.2663, 54.6115], [59.2352, 54.623], [59.1635, 54.6305], [59.1501, 54.6281], [59.0653, 54.6497], [59.0015, 54.6183], [58.9537, 54.5844], [58.967, 54.5737], [58.9796, 54.552], [59.0423, 54.5216], [59.0183, 54.5064], [59.0181, 54.4929], [58.9924, 54.4945], [58.9674, 54.4779], [58.991, 54.4654], [58.9882, 54.4593], [58.9619, 54.4468], [58.9634, 54.4356], [58.9863, 54.4305], [59.0227, 54.4432], [59.0401, 54.4282], [58.9822, 54.3559], [58.9652, 54.3148], [58.9732, 54.3052], [58.9248, 54.2799], [58.9107, 54.2795], [58.8892, 54.2487], [58.8587, 54.2395], [58.8381, 54.2398], [58.8355, 54.2136], [58.8126, 54.1849], [58.7906, 54.1843], [58.7675, 54.1606], [58.7405, 54.1619], [58.7153, 54.1214], [58.6633, 54.0962], [58.6593, 54.0719], [58.6479, 54.0756], [58.6314, 54.049], [58.6338, 54.0358], [58.6143, 54.0341], [58.6089, 54.016], [58.5901, 54.0128], [58.5809, 54.0006], [58.5611, 53.9891], [58.5544, 53.9807], [58.5561, 53.9724], [58.5351, 53.9584], [58.5411, 53.9275], [58.5605, 53.9197], [58.5768, 53.9232], [58.599, 53.9141], [58.6017, 53.9074], [58.6195, 53.9148], [58.6519, 53.9115], [58.6586, 53.9032], [58.6538, 53.886], [58.7092, 53.8896], [58.7468, 53.8848], [58.7624, 53.8885], [58.7767, 53.8777], [58.8533, 53.8616], [58.869, 53.8627], [58.8723, 53.8541], [58.909, 53.8567], [58.9077, 53.8627], [58.9366, 53.894], [58.9649, 53.9079], [58.9545, 53.9237], [58.9291, 53.9381], [58.934, 53.9315], [58.9106, 53.9288], [58.9281, 53.9484], [58.923, 53.9496], [58.9291, 53.9565], [58.9521, 53.9674], [59.0002, 53.9516], [59.0513, 53.9708], [59.0905, 53.9674], [59.1047, 53.9561], [59.1399, 53.965], [59.1405, 53.9697], [59.1452, 53.9697], [59.1409, 53.9727], [59.1882, 54.0036], [59.1922, 54.0245], [59.2248, 54.0652], [59.2365, 54.0697], [59.2848, 54.1499], [59.3093, 54.1624], [59.3257, 54.1878], [59.3491, 54.1774], [59.3789, 54.1729], [59.3991, 54.1836], [59.5268, 54.1874], [59.6005, 54.1597], [59.6558, 54.1504], [59.6618, 54.1425], [59.708, 54.1416], [59.7072, 54.1576]], [[58.5666, 53.9766], [58.5847, 53.9886], [58.5718, 53.9778], [58.5745, 53.9763], [58.5666, 53.9766]]], [[[58.889, 54.4312], [58.8989, 54.4146], [58.9144, 54.4135], [58.9346, 54.4037], [58.9628, 54.4136], [58.9652, 54.4215], [58.9402, 54.4251], [58.9133, 54.4426], [58.889, 54.4312]]]]}}, {"type": "Feature", "properties": {"osm_type": "relation", "osm_id": 647480398, "name": "Zilairsky District", "admin_level": "6", "kind": "subdivision_2", "parent_osm_id": 77677, "parent_name": "Bashkortostan", "parent_iso": "RU-BA"}, "geometry": {"type": "Polygon", "coordinates": [[[57.3205, 51.976], [57.319, 51.9911], [57.3325, 52.0027], [57.3735, 52.0196], [57.3291, 52.046], [57.3347, 52.0613], [57.3541, 52.0722], [57.3682, 52.0646], [57.3942, 52.067], [57.4258, 52.0365], [57.4183, 52.0285], [57.4178, 52.0178], [57.4271, 52.0042], [57.4901, 52.0047], [57.5118, 52.0153], [57.5379, 52.0205], [57.5289, 52.0317], [57.5321, 52.0332], [57.5735, 52.0378], [57.5734, 52.0308], [57.5856, 52.0273], [57.5654, 52.0172], [57.5669, 52.0119], [57.5443, 52.0015], [57.5762, 51.9727], [57.5959, 51.9729], [57.597, 51.968], [57.6429, 51.9656], [57.643, 51.9707], [57.6698, 51.9742], [57.658, 51.9997], [57.7945, 52.0001], [57.795, 52.0072], [57.8057, 52.0129], [57.8051, 52.0197], [57.7977, 52.0241], [57.7995, 52.0355], [57.791, 52.047], [57.8108, 52.0512], [57.7915, 52.0543], [57.7904, 52.0572], [57.8011, 52.0591], [57.8009, 52.0722], [57.933, 52.0753], [57.9368, 52.0909], [57.9622, 52.0945], [57.9632, 52.105], [57.9991, 52.1054], [58.0036, 52.1124], [57.9992, 52.1285], [58.0014, 52.1926], [58.0244, 52.1948], [58.0523, 52.2234], [58.1089, 52.2261], [58.1136, 52.2404], [58.1453, 52.2422], [58.1484, 52.2679], [58.1817, 52.272], [58.184, 52.2977], [58.1632, 52.3227], [58.1951, 52.3727], [58.1821, 52.3987], [58.1623, 52.3837], [58.0702, 52.3806], [58.0722, 52.389], [58.0654, 52.4073], [58.0903, 52.4112], [58.0887, 52.4194], [58.0599, 52.4324], [58.0377, 52.4365], [57.9184, 52.4078], [57.9126, 52.3729], [57.8159, 52.3675], [57.8204, 52.3993], [57.7577, 52.4116], [57.7076, 52.3783], [57.6489, 52.3973], [57.6573, 52.4032], [57.5929, 52.4031], [57.5716, 52.3953], [57.5443, 52.3983], [57.5444, 52.4077], [57.528, 52.4489], [57.5127, 52.4642], [57.5266, 52.5092], [57.5586, 52.5077], [57.5628, 52.5268], [57.5726, 52.525], [57.5723, 52.5312], [57.5806, 52.5316], [57.5827, 52.5248], [57.5978, 52.5256], [57.6159, 52.5798], [57.6455, 52.5787], [57.6507, 52.5937], [57.6774, 52.5924], [57.6787, 52.625], [57.6996, 52.6233], [57.7579, 52.6344], [57.7858, 52.6335], [57.7791, 52.6439], [57.7976, 52.6475], [57.7172, 52.6595], [57.7073, 52.6558], [57.7138, 52.6511], [57.6856, 52.6298], [57.6697, 52.6334], [57.6694, 52.6567], [57.6812, 52.6707], [57.6909, 52.6708], [57.6872, 52.7065], [57.7034, 52.7288], [57.7024, 52.7337], [57.6786, 52.7378], [57.6831, 52.7492], [57.7015, 52.7634], [57.7199, 52.7604], [57.7349, 52.7928], [57.7454, 52.7871], [57.7607, 52.7942], [57.7571, 52.7711], [57.7933, 52.7727], [57.7863, 52.7824], [57.8734, 52.7684], [57.8952, 52.773], [57.9034, 52.8159], [57.869, 52.8219], [57.8742, 52.8441], [57.8173, 52.8503], [57.8231, 52.8691], [57.8517, 52.8646], [57.8649, 52.9045], [57.8992, 52.9024], [57.9082, 52.9358], [57.8762, 52.9384], [57.8706, 52.9232], [57.8377, 52.9255], [57.8446, 52.9486], [57.8341, 52.9545], [57.8414, 52.9625], [57.8375, 52.9745], [57.8513, 52.9664], [57.8802, 52.9637], [57.8902, 52.9999], [57.8291, 53.0019], [57.8178, 52.9695], [57.8039, 52.9713], [57.7675, 52.955], [57.7165, 52.9766], [57.6707, 52.9769], [57.6413, 52.9941], [57.5874, 52.972], [57.5577, 52.9763], [57.525, 52.9676], [57.5238, 52.9514], [57.5107, 52.9521], [57.4866, 52.9298], [57.4798, 52.9287], [57.4581, 52.9032], [57.3866, 52.9029], [57.352, 52.8874], [57.3402, 52.9389], [57.1918, 52.9301], [57.1856, 52.9636], [57.1496, 52.9628], [57.1467, 52.9839], [57.1151, 52.9831], [57.1242, 52.9422], [57.0975, 52.9425], [57.1002, 52.8547], [57.1239, 52.8554], [57.1342, 52.7695], [57.1181, 52.7405], [57.1868, 52.7346], [57.174, 52.699], [57.1471, 52.7007], [57.1439, 52.6849], [57.103, 52.6878], [57.111, 52.6566], [57.1074, 52.6495], [56.9513, 52.6669], [56.9421, 52.633], [56.9043, 52.6332], [56.9023, 52.6069], [56.9517, 52.5995], [56.9382, 52.5882], [56.8902, 52.5834], [56.8906, 52.5781], [56.9353, 52.5622], [56.9651, 52.5608], [56.9381, 52.4636], [56.976, 52.46], [56.975, 52.4397], [56.9422, 52.436], [56.9689, 52.3762], [56.9648, 52.3446], [57.064, 52.33], [57.0701, 52.3232], [57.0566, 52.2989], [57.0618, 52.2784], [57.0468, 52.2601], [57.049, 52.2537], [57.0399, 52.2494], [57.0281, 52.2535], [56.9525, 52.2443], [56.9508, 52.2094], [56.9945, 52.2195], [57.0089, 52.1878], [57.0164, 52.1918], [57.0334, 52.1884], [57.0467, 52.1654], [57.041, 52.1531], [57.0242, 52.1444], [57.0226, 52.1386], [57.0373, 52.1351], [57.0845, 52.1473], [57.0948, 52.1448], [57.0941, 52.1385], [57.116, 52.144], [57.1052, 52.13], [57.1454, 52.1055], [57.1447, 52.0865], [57.1242, 52.0752], [57.1173, 52.0651], [57.1238, 52.05], [57.1141, 52.051], [57.1189, 52.0466], [57.1078, 52.0455], [57.1165, 52.0346], [57.1291, 52.0333], [57.1293, 52.0271], [57.1523, 52.0194], [57.1357, 52.0171], [57.123, 52.0079], [57.1396, 52.0032], [57.138, 51.9912], [57.1541, 51.9944], [57.3011, 51.9824], [57.3029, 51.9738], [57.3205, 51.976]]]}}, {"type": "Feature", "properties": {"osm_type": "relation", "osm_id": 772826158, "name": "городской округ Агидель", "admin_level": "6", "kind": "subdivision_2", "parent_osm_id": 77677, "parent_name": "Bashkortostan", "parent_iso": "RU-BA"}, "geometry": {"type": "Polygon", "coordinates": [[[53.9697, 55.8316], [54.0395, 55.8312], [54.052, 55.8382], [54.045, 55.8401], [54.0587, 55.845], [54.0692, 55.8569], [54.0687, 55.8662], [54.0556, 55.8731], [54.0251, 55.8744], [54.0038, 55.8936], [54.0287, 55.9022], [54.0404, 55.9002], [54.0383, 55.8974], [54.0571, 55.8998], [54.0658, 55.9083], [54.0642, 55.9171], [54.0442, 55.9254], [54.006, 55.9199], [54.0105, 55.9264], [54.0018, 55.9298], [53.9999, 55.9253], [53.9863, 55.9263], [53.9839, 55.9351], [53.9791, 55.9331], [53.9784, 55.9262], [53.9971, 55.9181], [53.956, 55.9097], [53.907, 55.9074], [53.901, 55.9001], [53.926, 55.8903], [53.9193, 55.877], [53.9308, 55.8635], [53.9217, 55.8477], [53.9918, 55.8474], [53.9697, 55.8316]]]}}, {"type": "Feature", "properties": {"osm_type": "relation", "osm_id": 281187212, "name": "городской округ Октябрьски", "admin_level": "6", "kind": "subdivision_2", "parent_osm_id": 77677, "parent_name": "Bashkortostan", "parent_iso": "RU-BA"}, "geometry": {"type": "Polygon", "coordinates": [[[53.4625, 54.5662], [53.4354, 54.5719], [53.4235, 54.566], [53.4307, 54.5609], [53.4353, 54.5434], [53.4301, 54.5305], [53.4237, 54.5317], [53.4224, 54.5276], [53.4301, 54.5207], [53.4266, 54.5102], [53.4168, 54.5025], [53.4237, 54.4923], [53.4335, 54.4928], [53.4291, 54.4899], [53.4346, 54.4809], [53.4144, 54.4699], [53.4235, 54.4552], [53.4148, 54.4573], [53.4033, 54.4507], [53.4166, 54.436], [53.4252, 54.4366], [53.4338, 54.4294], [53.4436, 54.4166], [53.4579, 54.4235], [53.4657, 54.4198], [53.4707, 54.4255], [53.4771, 54.4232], [53.4815, 54.4318], [53.4904, 54.4304], [53.5004, 54.4364], [53.5044, 54.4486], [53.4971, 54.4516], [53.487, 54.4452], [53.4735, 54.4455], [53.4933, 54.4521], [53.4997, 54.4599], [53.5349, 54.4594], [53.5877, 54.4891], [53.5895, 54.5079], [53.5712, 54.4961], [53.553, 54.5014], [53.5565, 54.5159], [53.5446, 54.5214], [53.5655, 54.5349], [53.5701, 54.5291], [53.5772, 54.5315], [53.5598, 54.5507], [53.5526, 54.5445], [53.5431, 54.5446], [53.5496, 54.5324], [53.5388, 54.5275], [53.5352, 54.5333], [53.5067, 54.5291], [53.5054, 54.5202], [53.4951, 54.5221], [53.4922, 54.513], [53.4875, 54.5147], [53.4906, 54.5112], [53.4853, 54.5126], [53.4893, 54.5212], [53.476, 54.5103], [53.4729, 54.5128], [53.4828, 54.5277], [53.4732, 54.5293], [53.4862, 54.542], [53.492, 54.5396], [53.4891, 54.5523], [53.4778, 54.5522], [53.4721, 54.5439], [53.4537, 54.5426], [53.467, 54.5496], [53.4627, 54.5538], [53.4707, 54.5531], [53.472, 54.5481], [53.483, 54.5596], [53.4997, 54.5598], [53.5033, 54.5673], [53.4791, 54.563], [53.4808, 54.5662], [53.4625, 54.5662]]]}}, {"type": "Feature", "properties": {"osm_type": "relation", "osm_id": 766412654, "name": "городской округ Салават", "admin_level": "6", "kind": "subdivision_2", "parent_osm_id": 77677, "parent_name": "Bashkortostan", "parent_iso": "RU-BA"}, "geometry": {"type": "Polygon", "coordinates": [[[55.9761, 53.4227], [55.9758, 53.4169], [55.9685, 53.416], [55.9574, 53.4265], [55.9494, 53.4214], [55.9289, 53.4203], [55.9279, 53.4151], [55.9181, 53.4171], [55.9194, 53.4418], [55.9133, 53.4411], [55.9151, 53.4511], [55.8969, 53.4373], [55.8922, 53.4437], [55.8742, 53.4438], [55.8615, 53.4382], [55.8675, 53.4355], [55.8546, 53.4259], [55.8652, 53.4202], [55.8553, 53.4115], [55.8423, 53.4121], [55.8427, 53.4013], [55.8491, 53.4021], [55.8509, 53.3944], [55.8396, 53.3815], [55.8207, 53.3787], [55.8151, 53.3707], [55.8404, 53.3597], [55.8527, 53.3372], [55.854, 53.3163], [55.8583, 53.3113], [55.866, 53.3227], [55.8957, 53.3263], [55.8935, 53.33], [55.8988, 53.3336], [55.9507, 53.3361], [55.9544, 53.3276], [55.9783, 53.3143], [55.9937, 53.324], [55.9716, 53.3424], [55.984, 53.3471], [55.9969, 53.3453], [56.0016, 53.3526], [55.9925, 53.3575], [55.9907, 53.3732], [55.9839, 53.3777], [55.9944, 53.384], [55.9862, 53.395], [55.9946, 53.4009], [55.9841, 53.4035], [55.9915, 53.4139], [55.9761, 53.4227]]]}}, {"type": "Feature", "properties": {"osm_type": "relation", "osm_id": 716175992, "name": "городской округ Сибай", "admin_level": "6", "kind": "subdivision_2", "parent_osm_id": 77677, "parent_name": "Bashkortostan", "parent_iso": "RU-BA"}, "geometry": {"type": "MultiPolygon", "coordinates": [[[[58.5847, 52.69], [58.5892, 52.6785], [58.6169, 52.6719], [58.6122, 52.6693], [58.6639, 52.6639], [58.6603, 52.6754], [58.7066, 52.6741], [58.705, 52.6827], [58.6827, 52.6889], [58.6856, 52.7017], [58.7376, 52.7019], [58.7382, 52.7145], [58.7568, 52.7211], [58.7595, 52.7147], [58.7756, 52.7056], [58.78, 52.7234], [58.7684, 52.7227], [58.7617, 52.7357], [58.7625, 52.7603], [58.7664, 52.7607], [58.7495, 52.76], [58.7462, 52.7662], [58.7445, 52.7617], [58.6996, 52.7562], [58.6617, 52.7425], [58.6083, 52.7514], [58.6001, 52.7353], [58.5942, 52.7364], [58.5881, 52.7277], [58.594, 52.7228], [58.6151, 52.7212], [58.6175, 52.7155], [58.5956, 52.7083], [58.5847, 52.69]]], [[[58.7619, 52.8232], [58.7608, 52.8496], [58.7937, 52.889], [58.7634, 52.8873], [58.7217, 52.8942], [58.7281, 52.9128], [58.7277, 52.9489], [58.6867, 52.9539], [58.6944, 52.9211], [58.6821, 52.9034], [58.6878, 52.8997], [58.6871, 52.8905], [58.6664, 52.8887], [58.6677, 52.8828], [58.6512, 52.8774], [58.6513, 52.8709], [58.6334, 52.8566], [58.6323, 52.8478], [58.657, 52.8436], [58.6463, 52.8359], [58.6804, 52.8176], [58.6895, 52.8242], [58.7148, 52.8179], [58.7619, 52.8232]]]]}}, {"type": "Feature", "properties": {"osm_type": "relation", "osm_id": 911431578, "name": "городской округ Стерлитама", "admin_level": "6", "kind": "subdivision_2", "parent_osm_id": 77677, "parent_name": "Bashkortostan", "parent_iso": "RU-BA"}, "geometry": {"type": "MultiPolygon", "coordinates": [[[[56.0328, 53.6074], [56.0354, 53.6178], [56.042, 53.6217], [56.0397, 53.6254], [56.0228, 53.6235], [56.018, 53.6314], [55.9952, 53.6423], [55.9931, 53.6597], [56.0504, 53.6597], [56.0472, 53.6691], [56.0599, 53.6772], [56.0526, 53.6803], [56.0507, 53.6899], [56.03, 53.6893], [56.0338, 53.6965], [56.0146, 53.6993], [56.0158, 53.7042], [56.0082, 53.7053], [56.0107, 53.7213], [55.9857, 53.7217], [56.0019, 53.7298], [55.9971, 53.7344], [55.9625, 53.715], [55.9509, 53.7149], [55.9523, 53.7048], [55.9462, 53.7049], [55.9466, 53.6972], [55.9378, 53.6965], [55.939, 53.6896], [55.9215, 53.6901], [55.9155, 53.6599], [55.8997, 53.6608], [55.8965, 53.6486], [55.8869, 53.6454], [55.8962, 53.6408], [55.8827, 53.6354], [55.8827, 53.6157], [55.8975, 53.6038], [55.9128, 53.6065], [55.9069, 53.6009], [55.9165, 53.5905], [55.9136, 53.5787], [55.9184, 53.5771], [55.9309, 53.5772], [55.9348, 53.5849], [55.9446, 53.5852], [55.9435, 53.5885], [55.9587, 53.5855], [55.9919, 53.6026], [55.9974, 53.6007], [55.9944, 53.5968], [56.0124, 53.5946], [56.0208, 53.5972], [56.0212, 53.6073], [56.0328, 53.6074]]], [[[55.9351, 53.58], [55.9376, 53.5779], [55.9351, 53.58]]]]}}, {"type": "Feature", "properties": {"osm_type": "relation", "osm_id": 618425848, "name": "Kumertau", "admin_level": "6", "kind": "subdivision_2", "parent_osm_id": 77677, "parent_name": "Bashkortostan", "parent_iso": "RU-BA"}, "geometry": {"type": "Polygon", "coordinates": [[[55.8478, 52.8936], [55.8359, 52.8968], [55.8335, 52.8932], [55.8384, 52.8926], [55.8342, 52.8891], [55.8238, 52.8892], [55.8258, 52.8814], [55.8178, 52.8792], [55.8181, 52.8725], [55.8132, 52.871], [55.8206, 52.8397], [55.8303, 52.8375], [55.8251, 52.8531], [55.8381, 52.854], [55.8327, 52.8139], [55.781, 52.8129], [55.7754, 52.8099], [55.7756, 52.8028], [55.7678, 52.8022], [55.7628, 52.7884], [55.7532, 52.7897], [55.7492, 52.7648], [55.754, 52.755], [55.7457, 52.7536], [55.7394, 52.7411], [55.7631, 52.7385], [55.7671, 52.7288], [55.7809, 52.7295], [55.7748, 52.7223], [55.7733, 52.7062], [55.7436, 52.7053], [55.7039, 52.6943], [55.7072, 52.6998], [55.6881, 52.7013], [55.6668, 52.695], [55.6472, 52.6961], [55.6429, 52.6846], [55.6464, 52.6797], [55.6341, 52.6783], [55.6305, 52.673], [55.6372, 52.6678], [55.673, 52.6659], [55.7162, 52.6698], [55.6969, 52.6743], [55.704, 52.692], [55.7392, 52.7029], [55.7819, 52.7023], [55.7947, 52.7313], [55.8729, 52.7248], [55.8932, 52.7618], [55.8945, 52.7853], [55.8719, 52.7893], [55.9194, 52.8398], [55.9371, 52.8358], [55.9432, 52.8485], [55.9372, 52.8536], [55.9482, 52.8673], [55.966, 52.8769], [55.9607, 52.881], [55.9641, 52.884], [55.9495, 52.8804], [55.9486, 52.8889], [55.914, 52.8874], [55.9129, 52.8957], [55.8546, 52.8878], [55.8478, 52.8936]]]}}, {"type": "Feature", "properties": {"osm_type": "relation", "osm_id": 118464979, "name": "ЗАТО Межгорье", "admin_level": "6", "kind": "subdivision_2", "parent_osm_id": 77677, "parent_name": "Bashkortostan", "parent_iso": "RU-BA"}, "geometry": {"type": "Polygon", "coordinates": [[[57.7393, 54.0315], [57.7501, 54.0217], [57.7791, 54.0141], [57.7782, 54.0111], [57.8111, 54.0077], [57.8165, 54.0263], [57.8468, 54.0242], [57.8584, 54.0571], [57.8712, 54.0591], [57.8743, 54.0768], [57.8601, 54.0923], [57.8835, 54.1042], [57.8614, 54.1206], [58.0542, 54.2148], [57.9822, 54.2662], [57.9546, 54.2555], [57.9357, 54.2695], [57.8997, 54.2656], [57.9198, 54.2506], [57.847, 54.215], [57.8167, 54.2367], [57.798, 54.22], [57.8209, 54.2036], [57.7974, 54.1931], [57.8202, 54.1768], [57.797, 54.1658], [57.8182, 54.1503], [57.7807, 54.1324], [57.7794, 54.1184], [57.7659, 54.1201], [57.7591, 54.0844], [57.7925, 54.0806], [57.7926, 54.0311], [57.7393, 54.0315]]]}}, {"type": "Feature", "properties": {"osm_type": "relation", "osm_id": 231829022, "name": "Aurgazinsky District", "admin_level": "6", "kind": "subdivision_2", "parent_osm_id": 77677, "parent_name": "Bashkortostan", "parent_iso": "RU-BA"}, "geometry": {"type": "Polygon", "coordinates": [[[55.5671, 54.2236], [55.5627, 54.2212], [55.5676, 54.2196], [55.5696, 54.2118], [55.5649, 54.2062], [55.567, 54.1948], [55.5733, 54.1999], [55.592, 54.1963], [55.5735, 54.1865], [55.5836, 54.1755], [55.5686, 54.1674], [55.5718, 54.1634], [55.5865, 54.163], [55.6048, 54.1413], [55.5886, 54.1265], [55.5796, 54.0967], [55.583, 54.094], [55.5529, 54.0928], [55.5537, 54.0864], [55.5443, 54.0835], [55.5046, 54.0874], [55.4934, 54.0799], [55.5131, 54.0591], [55.5086, 54.0446], [55.5155, 54.0418], [55.5103, 54.0394], [55.5126, 54.0335], [55.5089, 54.0296], [55.5178, 54.0216], [55.478, 54.0138], [55.4651, 53.986], [55.4833, 53.9727], [55.4811, 53.9454], [55.4899, 53.9279], [55.5171, 53.9264], [55.5221, 53.9099], [55.5535, 53.9101], [55.5733, 53.904], [55.566, 53.8847], [55.5853, 53.8816], [55.5766, 53.8468], [55.5871, 53.8454], [55.582, 53.8327], [55.5696, 53.8327], [55.5759, 53.8236], [55.5501, 53.8275], [55.5405, 53.8087], [55.5403, 53.7987], [55.5331, 53.7989], [55.5351, 53.7684], [55.6241, 53.7782], [55.62, 53.801], [55.6411, 53.8034], [55.6504, 53.7919], [55.6403, 53.7827], [55.6822, 53.7727], [55.7034, 53.7876], [55.7348, 53.7839], [55.7537, 53.8084], [55.7599, 53.8083], [55.7492, 53.7803], [55.7607, 53.7774], [55.7623, 53.7859], [55.7679, 53.7842], [55.776, 53.7981], [55.7781, 53.7936], [55.7708, 53.7821], [55.8084, 53.7698], [55.8093, 53.7634], [55.814, 53.7625], [55.829, 53.7759], [55.8233, 53.785], [55.8296, 53.7789], [55.8324, 53.7833], [55.8357, 53.7757], [55.843, 53.7747], [55.8377, 53.7738], [55.8408, 53.7718], [55.85, 53.7781], [55.8481, 53.7951], [55.8436, 53.7969], [55.8493, 53.815], [55.8697, 53.8424], [55.8845, 53.8429], [55.8758, 53.8495], [55.8981, 53.8596], [55.9155, 53.8748], [55.9153, 53.8892], [55.9263, 53.8898], [55.9287, 53.8767], [55.942, 53.8721], [55.944, 53.8648], [55.9511, 53.8625], [55.9616, 53.872], [55.9559, 53.8884], [55.9733, 53.8943], [55.9845, 53.8961], [55.9871, 53.889], [55.9986, 53.8972], [56.0294, 53.9001], [56.031, 53.8909], [56.0596, 53.8905], [56.0711, 53.9041], [56.0672, 53.9116], [56.0696, 53.9197], [56.0791, 53.9266], [56.1184, 53.9207], [56.1281, 53.9266], [56.144, 53.9204], [56.15, 53.9112], [56.1806, 53.9298], [56.1858, 53.9225], [56.1853, 53.9037], [56.2034, 53.9021], [56.225, 53.9452], [56.2444, 53.9392], [56.2463, 53.9436], [56.2171, 53.9524], [56.2224, 53.9619], [56.2135, 53.968], [56.1716, 53.9631], [56.1458, 53.9741], [56.1375, 53.9795], [56.1382, 53.9847], [56.1532, 53.9922], [56.1897, 53.9859], [56.1921, 53.9981], [56.1865, 53.9995], [56.187, 54.0064], [56.1921, 54.0122], [56.2122, 54.0194], [56.2301, 54.0196], [56.2436, 54.0393], [56.2315, 54.0423], [56.223, 54.0334], [56.1926, 54.0279], [56.2085, 54.0384], [56.2061, 54.045], [56.2121, 54.0493], [56.2245, 54.0438], [56.252, 54.0712], [56.2908, 54.0721], [56.3034, 54.0797], [56.3057, 54.0728], [56.2955, 54.0692], [56.302, 54.0675], [56.3061, 54.0595], [56.3302, 54.0646], [56.3315, 54.072], [56.3219, 54.0787], [56.3218, 54.0841], [56.3327, 54.0935], [56.3375, 54.1061], [56.357, 54.1098], [56.3529, 54.1236], [56.3565, 54.1289], [56.3635, 54.1285], [56.3666, 54.1194], [56.3721, 54.1209], [56.3734, 54.144], [56.3284, 54.1418], [56.3214, 54.1492], [56.31, 54.1515], [56.3172, 54.1616], [56.3157, 54.168], [56.3049, 54.1709], [56.2949, 54.1722], [56.273, 54.1632], [56.2154, 54.1613], [56.2054, 54.155], [56.2103, 54.1456], [56.1927, 54.1376], [56.1823, 54.1521], [56.1689, 54.1546], [56.1551, 54.1727], [56.1024, 54.1555], [56.0628, 54.1677], [56.0861, 54.1859], [56.0931, 54.1977], [56.0837, 54.2008], [56.0948, 54.2175], [56.065, 54.224], [56.0739, 54.2296], [56.0628, 54.2401], [56.0684, 54.2504], [56.0584, 54.2474], [56.0309, 54.2563], [56.0111, 54.2564], [56.0047, 54.2608], [56.0152, 54.2657], [56.0085, 54.2698], [56.0105, 54.2792], [55.9883, 54.2871], [55.9725, 54.2795], [55.9556, 54.2829], [55.9012, 54.2791], [55.9013, 54.2729], [55.8815, 54.2634], [55.883, 54.2477], [55.8599, 54.2464], [55.8508, 54.2628], [55.8241, 54.247], [55.7908, 54.2544], [55.7739, 54.2431], [55.7636, 54.2493], [55.7445, 54.2433], [55.7421, 54.2474], [55.7276, 54.246], [55.7169, 54.2581], [55.6994, 54.2527], [55.6821, 54.2578], [55.6481, 54.2577], [55.6465, 54.2526], [55.6256, 54.256], [55.5671, 54.2236]]]}}, {"type": "Feature", "properties": {"osm_type": "relation", "osm_id": 280286364, "name": "городской округ Уфа", "admin_level": "6", "kind": "subdivision_2", "parent_osm_id": 77677, "parent_name": "Bashkortostan", "parent_iso": "RU-BA"}, "geometry": {"type": "MultiPolygon", "coordinates": [[[[55.9928, 54.9067], [56.051, 54.8767], [56.0677, 54.8555], [56.0455, 54.851], [56.0457, 54.8422], [56.0512, 54.8426], [56.0389, 54.8315], [56.0481, 54.8285], [56.0172, 54.7902], [55.9909, 54.7799], [55.9717, 54.7816], [55.9795, 54.794], [55.961, 54.7961], [55.9669, 54.8092], [55.9504, 54.8145], [55.9357, 54.8093], [55.9215, 54.8169], [55.9049, 54.8138], [55.8902, 54.7957], [55.8748, 54.794], [55.8642, 54.799], [55.8416, 54.7937], [55.8416, 54.7879], [55.8479, 54.7852], [55.8633, 54.7874], [55.8361, 54.7627], [55.8093, 54.766], [55.8023, 54.7585], [55.7902, 54.7566], [55.7966, 54.7515], [55.7949, 54.7441], [55.8021, 54.7371], [55.8115, 54.7126], [55.7807, 54.7049], [55.7894, 54.6997], [55.7786, 54.6892], [55.7858, 54.6771], [55.805, 54.679], [55.7961, 54.6758], [55.8031, 54.6753], [55.7995, 54.6714], [55.8037, 54.6702], [55.812, 54.677], [55.8385, 54.6663], [55.8475, 54.6669], [55.8463, 54.673], [55.852, 54.672], [55.8568, 54.6694], [55.851, 54.6668], [55.8524, 54.6629], [55.8744, 54.6598], [55.8687, 54.6593], [55.8734, 54.6553], [55.867, 54.6533], [55.8743, 54.6511], [55.8833, 54.6504], [55.8824, 54.6568], [55.9325, 54.6445], [55.9329, 54.6511], [55.948, 54.6461], [55.9716, 54.6498], [55.976, 54.6579], [55.9983, 54.6508], [56.0025, 54.6373], [56.0363, 54.6382], [56.0144, 54.6222], [56.01, 54.6121], [56.0249, 54.6079], [56.0397, 54.5892], [56.06, 54.5795], [56.0638, 54.5708], [56.0784, 54.5672], [56.0842, 54.5715], [56.0801, 54.5885], [56.1152, 54.5995], [56.1491, 54.6026], [56.1597, 54.6131], [56.1586, 54.6213], [56.1628, 54.6218], [56.1589, 54.6434], [56.1185, 54.6533], [56.1599, 54.664], [56.1887, 54.662], [56.1977, 54.6654], [56.2047, 54.6822], [56.1804, 54.6819], [56.1762, 54.6855], [56.182, 54.6955], [56.1726, 54.7042], [56.2254, 54.7244], [56.2446, 54.7397], [56.2227, 54.7424], [56.2065, 54.7519], [56.2177, 54.7583], [56.2299, 54.7517], [56.2569, 54.7504], [56.2583, 54.7537], [56.2541, 54.754], [56.2626, 54.7662], [56.2529, 54.7803], [56.2513, 54.7948], [56.2295, 54.807], [56.2681, 54.8397], [56.2542, 54.8474], [56.2498, 54.8569], [56.2606, 54.86], [56.282, 54.8469], [56.2934, 54.8483], [56.2986, 54.8542], [56.2828, 54.8713], [56.2676, 54.8786], [56.274, 54.8788], [56.2682, 54.8941], [56.2571, 54.8966], [56.2616, 54.8999], [56.2091, 54.9008], [56.2018, 54.8961], [56.164, 54.8988], [56.1558, 54.8958], [56.1488, 54.8798], [56.133, 54.8701], [56.1286, 54.8771], [56.1591, 54.9008], [56.1481, 54.9059], [56.1601, 54.9149], [56.162, 54.9186], [56.1551, 54.9283], [56.1634, 54.9322], [56.1522, 54.938], [56.1554, 54.94], [56.1518, 54.946], [56.1412, 54.9486], [56.1521, 54.9552], [56.1439, 54.9539], [56.1323, 54.9599], [56.1005, 54.9519], [56.0989, 54.9405], [56.0757, 54.9382], [56.0704, 54.9556], [56.0665, 54.9505], [56.0499, 54.9497], [56.0395, 54.9307], [56.0143, 54.9294], [56.0148, 54.9209], [55.9928, 54.9067]]], [[[55.9741, 54.5478], [55.9704, 54.5601], [55.95, 54.567], [55.953, 54.5758], [55.9488, 54.5764], [55.9349, 54.57], [55.9192, 54.5747], [55.9018, 54.5709], [55.8975, 54.5671], [55.9038, 54.5655], [55.9075, 54.5573], [55.8963, 54.5583], [55.9071, 54.5513], [55.8959, 54.5477], [55.9038, 54.5397], [55.8936, 54.5427], [55.8831, 54.5531], [55.8741, 54.5497], [55.8914, 54.5377], [55.8837, 54.5308], [55.8826, 54.5215], [55.8851, 54.5142], [55.8994, 54.5108], [55.8926, 54.5008], [55.9109, 54.507], [55.9244, 54.5047], [55.9278, 54.517], [55.9472, 54.5229], [55.9444, 54.5259], [55.9591, 54.5353], [55.9622, 54.5433], [55.9741, 54.5478]]], [[[55.9255, 54.5992], [55.9272, 54.5936], [55.9531, 54.5988], [55.9434, 54.6056], [55.9262, 54.6048], [55.9255, 54.5992]]]]}}, {"type": "Feature", "properties": {"osm_type": "relation", "osm_id": 970031578, "name": "Kaltasinsky District", "admin_level": "6", "kind": "subdivision_2", "parent_osm_id": 77677, "parent_name": "Bashkortostan", "parent_iso": "RU-BA"}, "geometry": {"type": "Polygon", "coordinates": [[[54.6992, 55.7376], [54.7112, 55.7413], [54.707, 55.7479], [54.7349, 55.7541], [54.74, 55.7499], [54.7649, 55.7571], [54.7722, 55.7551], [54.7851, 55.7588], [54.785, 55.7638], [54.7944, 55.7676], [54.8056, 55.759], [54.758, 55.7315], [54.8101, 55.7261], [54.8514, 55.7432], [54.8658, 55.7432], [54.8834, 55.752], [54.8862, 55.7626], [54.8798, 55.7671], [54.8837, 55.7725], [54.8724, 55.7733], [54.8643, 55.7889], [54.8894, 55.7857], [54.9131, 55.795], [54.9242, 55.7878], [54.9386, 55.7892], [54.942, 55.7975], [54.9324, 55.812], [54.9369, 55.8193], [54.9348, 55.8276], [54.943, 55.8334], [54.9652, 55.8343], [54.9934, 55.8548], [54.9841, 55.8605], [54.9965, 55.8602], [55.0112, 55.8674], [55.0178, 55.8646], [55.0425, 55.8756], [55.0449, 55.87], [55.0349, 55.8469], [55.0689, 55.8465], [55.0679, 55.8536], [55.0731, 55.8532], [55.0716, 55.8563], [55.0805, 55.862], [55.1132, 55.8594], [55.109, 55.8583], [55.1124, 55.8555], [55.1293, 55.8481], [55.1272, 55.8539], [55.1385, 55.8524], [55.1354, 55.8569], [55.1408, 55.8583], [55.1443, 55.8541], [55.1612, 55.8546], [55.1602, 55.8577], [55.166, 55.8577], [55.1645, 55.8686], [55.1816, 55.8758], [55.1794, 55.8784], [55.1976, 55.8711], [55.202, 55.8791], [55.2304, 55.8867], [55.2315, 55.9115], [55.2097, 55.916], [55.2218, 55.9265], [55.2161, 55.9334], [55.2076, 55.933], [55.2135, 55.9455], [55.2041, 55.9509], [55.2115, 55.9579], [55.2128, 55.9691], [55.2267, 55.9716], [55.2383, 55.9866], [55.2599, 55.9823], [55.2572, 55.9755], [55.2623, 55.9671], [55.2657, 55.9721], [55.2613, 55.976], [55.2707, 55.9749], [55.2734, 55.9786], [55.2945, 55.9745], [55.2914, 55.9703], [55.311, 55.9506], [55.3472, 55.9585], [55.3405, 55.9745], [55.3466, 55.9827], [55.3492, 56.0026], [55.3732, 55.9962], [55.4007, 56.0075], [55.3924, 56.02], [55.4031, 56.0199], [55.4116, 56.0296], [55.3097, 56.0455], [55.327, 56.0504], [55.3236, 56.053], [55.3325, 56.0628], [55.3095, 56.0571], [55.2704, 56.0677], [55.242, 56.057], [55.2163, 56.0709], [55.1925, 56.0524], [55.1743, 56.0575], [55.1679, 56.0305], [55.1914, 56.0222], [55.1833, 56.0167], [55.186, 56.0131], [55.1587, 56.0092], [55.1375, 55.9956], [55.0724, 55.9917], [55.0676, 55.9988], [55.0592, 55.999], [55.062, 56.0464], [55.0452, 56.0414], [55.0327, 56.0509], [55.0244, 56.0455], [54.9975, 56.043], [54.9912, 56.0493], [54.9842, 56.0733], [54.9783, 56.072], [54.974, 56.0551], [54.9535, 56.0498], [54.9295, 56.0534], [54.9365, 56.0446], [54.9463, 56.0465], [54.9592, 56.0364], [54.9555, 56.0332], [54.9251, 56.0343], [54.9192, 56.0386], [54.9193, 56.0498], [54.8934, 56.0493], [54.8871, 56.0511], [54.8844, 56.061], [54.8732, 56.0581], [54.8607, 56.0623], [54.8548, 56.0736], [54.8341, 56.0739], [54.8376, 56.0832], [54.8258, 56.0865], [54.8293, 56.0937], [54.7389, 56.0926], [54.7337, 56.108], [54.7226, 56.1139], [54.7136, 56.1091], [54.6762, 56.1108], [54.6701, 56.105], [54.6479, 56.0996], [54.6356, 56.1059], [54.6286, 56.1044], [54.6242, 56.1131], [54.615, 56.1142], [54.6113, 56.1196], [54.565, 56.1231], [54.5582, 56.133], [54.5596, 56.1381], [54.4806, 56.1535], [54.475, 56.1487], [54.4791, 56.146], [54.4705, 56.1395], [54.4863, 56.1301], [54.4604, 56.1084], [54.4212, 56.114], [54.4032, 56.0981], [54.4196, 56.0837], [54.4193, 56.0739], [54.4317, 56.0706], [54.4335, 56.0657], [54.4576, 56.0636], [54.4489, 56.053], [54.4504, 56.0385], [54.4592, 56.0336], [54.4345, 56.0166], [54.4478, 56.0118], [54.4421, 55.9964], [54.4618, 55.9913], [54.4538, 55.9885], [54.4212, 55.9385], [54.4254, 55.9296], [54.4482, 55.9186], [54.4547, 55.8922], [54.4951, 55.8855], [54.4923, 55.8779], [54.4782, 55.8793], [54.4563, 55.8728], [54.4431, 55.8835], [54.4254, 55.8272], [54.453, 55.8128], [54.4708, 55.8338], [54.4656, 55.8435], [54.4709, 55.8512], [54.4885, 55.8589], [54.4987, 55.8559], [54.4899, 55.8361], [54.4995, 55.8309], [54.5046, 55.8503], [54.5862, 55.8449], [54.603, 55.8534], [54.638, 55.8569], [54.6515, 55.8519], [54.6868, 55.8514], [54.6862, 55.8303], [54.5589, 55.825], [54.5712, 55.8066], [54.5414, 55.8068], [54.542, 55.7996], [54.5551, 55.7916], [54.5763, 55.7934], [54.5901, 55.7821], [54.6147, 55.7779], [54.6161, 55.771], [54.6469, 55.777], [54.6749, 55.7725], [54.6732, 55.7659], [54.6806, 55.7632], [54.6794, 55.7489], [54.6886, 55.7484], [54.6992, 55.7376]], [[54.6633, 55.8669], [54.6783, 55.8759], [54.6948, 55.8751], [54.7112, 55.8923], [54.7234, 55.8857], [54.6905, 55.859], [54.667, 55.8593], [54.6633, 55.8669]], [[54.635, 55.8876], [54.6597, 55.8946], [54.6734, 55.8916], [54.6532, 55.8744], [54.6398, 55.8725], [54.635, 55.8876]]]}}, {"type": "Feature", "properties": {"osm_type": "relation", "osm_id": 692412116, "name": "Ufimsky District", "admin_level": "6", "kind": "subdivision_2", "parent_osm_id": 77677, "parent_name": "Bashkortostan", "parent_iso": "RU-BA"}, "geometry": {"type": "MultiPolygon", "coordinates": [[[[55.9279, 54.977], [55.9165, 54.9706], [55.8975, 54.971], [55.894, 54.9819], [55.8873, 54.9817], [55.8933, 54.9864], [55.881, 54.9922], [55.8666, 54.9773], [55.8521, 54.9791], [55.8487, 54.9711], [55.8243, 54.961], [55.83, 54.9527], [55.8254, 54.9192], [55.7929, 54.9176], [55.7771, 54.9114], [55.6904, 54.9385], [55.6654, 54.9387], [55.6559, 54.9209], [55.6241, 54.9126], [55.6196, 54.9041], [55.5967, 54.9106], [55.5322, 54.9477], [55.4982, 54.9404], [55.4869, 54.9326], [55.4616, 54.952], [55.4272, 54.9422], [55.4047, 54.9425], [55.4094, 54.9237], [55.3496, 54.9113], [55.3426, 54.9021], [55.3203, 54.8936], [55.3453, 54.8765], [55.3869, 54.8582], [55.4336, 54.8744], [55.438, 54.8708], [55.4604, 54.8774], [55.4932, 54.846], [55.5162, 54.8516], [55.4941, 54.8187], [55.4764, 54.8252], [55.4598, 54.8245], [55.4621, 54.8318], [55.4551, 54.8304], [55.4546, 54.8355], [55.4135, 54.8325], [55.4193, 54.823], [55.4091, 54.8073], [55.4208, 54.8012], [55.4225, 54.7908], [55.391, 54.7588], [55.3806, 54.7553], [55.3821, 54.7412], [55.4111, 54.7199], [55.4354, 54.7174], [55.4364, 54.7085], [55.4685, 54.7108], [55.4707, 54.706], [55.4826, 54.7103], [55.5744, 54.7145], [55.5913, 54.7185], [55.6026, 54.7319], [55.6097, 54.7323], [55.6148, 54.7261], [55.6063, 54.72], [55.602, 54.6871], [55.5786, 54.688], [55.567, 54.675], [55.569, 54.6694], [55.6002, 54.6613], [55.6059, 54.665], [55.6224, 54.6615], [55.6263, 54.6691], [55.6304, 54.6665], [55.6358, 54.6528], [55.6446, 54.6463], [55.6419, 54.6417], [55.6183, 54.638], [55.6216, 54.6286], [55.633, 54.6193], [55.6227, 54.6182], [55.622, 54.6143], [55.6331, 54.6128], [55.6336, 54.6049], [55.6815, 54.6059], [55.6787, 54.597], [55.6844, 54.5874], [55.7149, 54.5758], [55.697, 54.572], [55.7016, 54.5573], [55.7181, 54.5368], [55.7031, 54.5363], [55.6656, 54.5162], [55.7069, 54.5082], [55.7172, 54.5188], [55.7164, 54.5269], [55.7613, 54.5396], [55.786, 54.5401], [55.8063, 54.5341], [55.7942, 54.5063], [55.8116, 54.4933], [55.813, 54.4859], [55.808, 54.4797], [55.8163, 54.4764], [55.8023, 54.4753], [55.8025, 54.4665], [55.8117, 54.4629], [55.8214, 54.4659], [55.8211, 54.4704], [55.8266, 54.4711], [55.8219, 54.4722], [55.8282, 54.4736], [55.8224, 54.4788], [55.8491, 54.4836], [55.8619, 54.4747], [55.8699, 54.4773], [55.8598, 54.4694], [55.8652, 54.4673], [55.8941, 54.4745], [55.8947, 54.4684], [55.902, 54.47], [55.9136, 54.4625], [55.9012, 54.4575], [55.9078, 54.4492], [55.9179, 54.4471], [55.9584, 54.4753], [55.9514, 54.4787], [56.0142, 54.5131], [56.0187, 54.523], [56.0128, 54.5315], [55.9994, 54.5331], [55.9881, 54.5409], [55.9693, 54.5391], [55.9677, 54.5425], [55.9764, 54.5423], [55.9663, 54.5462], [55.9591, 54.5353], [55.9444, 54.5259], [55.9472, 54.5229], [55.9278, 54.517], [55.9244, 54.5047], [55.9109, 54.507], [55.8926, 54.5008], [55.8994, 54.5108], [55.8851, 54.5142], [55.8826, 54.5215], [55.8837, 54.5308], [55.8914, 54.5377], [55.8741, 54.5497], [55.8831, 54.5531], [55.8936, 54.5427], [55.9038, 54.5397], [55.8959, 54.5477], [55.9071, 54.5513], [55.8963, 54.5583], [55.9075, 54.5573], [55.9038, 54.5655], [55.8975, 54.5671], [55.9018, 54.5709], [55.9192, 54.5747], [55.9349, 54.57], [55.9381, 54.5742], [55.953, 54.5758], [55.95, 54.567], [55.9704, 54.5601], [55.9741, 54.5478], [56.0626, 54.5231], [56.0704, 54.5355], [56.0698, 54.5439], [56.0245, 54.5678], [56.0503, 54.5846], [56.0397, 54.5892], [56.0249, 54.6079], [56.01, 54.6121], [56.0144, 54.6222], [56.0363, 54.6382], [56.0025, 54.6373], [55.9983, 54.6508], [55.976, 54.6579], [55.9716, 54.6498], [55.948, 54.6461], [55.9329, 54.6511], [55.9325, 54.6445], [55.8824, 54.6568], [55.8833, 54.6504], [55.8743, 54.6511], [55.867, 54.6533], [55.8734, 54.6553], [55.8687, 54.6593], [55.8744, 54.6598], [55.8524, 54.6629], [55.851, 54.6668], [55.8568, 54.6694], [55.852, 54.672], [55.8463, 54.673], [55.8475, 54.6669], [55.8385, 54.6663], [55.812, 54.677], [55.8037, 54.6702], [55.7995, 54.6714], [55.8031, 54.6753], [55.7961, 54.6758], [55.805, 54.679], [55.7858, 54.6771], [55.7786, 54.6892], [55.7894, 54.6997], [55.7807, 54.7049], [55.8115, 54.7126], [55.8021, 54.7371], [55.7949, 54.7441], [55.7966, 54.7515], [55.7902, 54.7566], [55.8023, 54.7585], [55.8093, 54.766], [55.8361, 54.7627], [55.8633, 54.7874], [55.8479, 54.7852], [55.8416, 54.7879], [55.8416, 54.7937], [55.8642, 54.799], [55.8748, 54.794], [55.8902, 54.7957], [55.8958, 54.8058], [55.9138, 54.8168], [55.9357, 54.8093], [55.9569, 54.8144], [55.9669, 54.8092], [55.961, 54.7961], [55.9795, 54.794], [55.9717, 54.7816], [55.9909, 54.7799], [56.0172, 54.7902], [56.03, 54.8033], [56.0481, 54.8285], [56.0389, 54.8315], [56.0512, 54.8426], [56.0457, 54.8422], [56.0455, 54.851], [56.0677, 54.8555], [56.051, 54.8767], [55.9697, 54.9165], [55.9635, 54.9265], [55.9667, 54.9275], [55.9542, 54.9419], [55.9796, 54.9702], [55.9855, 54.9947], [55.9567, 54.9674], [55.9279, 54.977]], [[55.9255, 54.5992], [55.9262, 54.6048], [55.9434, 54.6056], [55.9531, 54.5988], [55.9272, 54.5936], [55.9255, 54.5992]]], [[[56.2986, 54.8542], [56.2934, 54.8483], [56.282, 54.8469], [56.2606, 54.86], [56.2498, 54.8569], [56.2542, 54.8474], [56.2681, 54.8397], [56.2295, 54.807], [56.2334, 54.802], [56.2477, 54.7999], [56.2625, 54.7632], [56.2541, 54.754], [56.2583, 54.7537], [56.2569, 54.7504], [56.2113, 54.7566], [56.2071, 54.7483], [56.2446, 54.7397], [56.2254, 54.7244], [56.1726, 54.7042], [56.182, 54.6955], [56.1762, 54.6855], [56.1804, 54.6819], [56.2047, 54.6822], [56.1977, 54.6654], [56.1887, 54.662], [56.1599, 54.664], [56.1185, 54.6533], [56.1589, 54.6434], [56.1628, 54.6218], [56.2057, 54.6203], [56.2355, 54.6258], [56.2593, 54.6425], [56.2499, 54.6471], [56.2346, 54.6654], [56.2702, 54.6868], [56.2815, 54.6812], [56.2765, 54.6755], [56.2821, 54.6745], [56.2903, 54.6829], [56.3275, 54.6967], [56.3227, 54.7121], [56.3093, 54.7077], [56.2926, 54.7266], [56.2753, 54.7335], [56.2693, 54.7411], [56.2933, 54.7559], [56.3317, 54.7626], [56.3482, 54.7848], [56.3541, 54.7815], [56.3646, 54.7925], [56.3643, 54.8004], [56.356, 54.8008], [56.3454, 54.8317], [56.3214, 54.8343], [56.3215, 54.8518], [56.2986, 54.8542]]], [[[56.1522, 54.938], [56.1634, 54.9322], [56.1551, 54.9283], [56.162, 54.9186], [56.1601, 54.9149], [56.1481, 54.9059], [56.1591, 54.9008], [56.1286, 54.8771], [56.133, 54.8701], [56.1488, 54.8798], [56.1558, 54.8958], [56.164, 54.8988], [56.2018, 54.8961], [56.2091, 54.9008], [56.2616, 54.8999], [56.2571, 54.8966], [56.2682, 54.8941], [56.274, 54.8788], [56.2676, 54.8786], [56.2828, 54.8713], [56.2936, 54.8767], [56.3094, 54.8692], [56.3232, 54.8702], [56.349, 54.8894], [56.379, 54.8914], [56.3648, 54.9006], [56.3462, 54.8987], [56.3253, 54.9078], [56.3371, 54.9151], [56.3518, 54.9069], [56.371, 54.9091], [56.3689, 54.9151], [56.3499, 54.9163], [56.3365, 54.9272], [56.3375, 54.9367], [56.3463, 54.9385], [56.3269, 54.9419], [56.3268, 54.9485], [56.3373, 54.9475], [56.3312, 54.9614], [56.3246, 54.9598], [56.3182, 54.9698], [56.3098, 54.9705], [56.3028, 54.9619], [56.2942, 54.966], [56.2808, 54.9633], [56.259, 54.9751], [56.243, 54.9665], [56.2184, 54.9668], [56.1522, 54.938]]]]}}, {"type": "Feature", "properties": {"osm_type": "relation", "osm_id": 240010554, "name": "Kushnarenkovsky District", "admin_level": "6", "kind": "subdivision_2", "parent_osm_id": 77677, "parent_name": "Bashkortostan", "parent_iso": "RU-BA"}, "geometry": {"type": "Polygon", "coordinates": [[[55.7204, 55.1713], [55.6632, 55.1903], [55.6266, 55.1806], [55.5964, 55.1826], [55.5476, 55.1686], [55.5309, 55.1686], [55.4924, 55.1536], [55.465, 55.1655], [55.4287, 55.1604], [55.409, 55.1484], [55.4002, 55.1538], [55.4008, 55.1748], [55.3947, 55.183], [55.3994, 55.1851], [55.3831, 55.1917], [55.3431, 55.1854], [55.3383, 55.1906], [55.3277, 55.1917], [55.2992, 55.1898], [55.2615, 55.2115], [55.2168, 55.2189], [55.1894, 55.2167], [55.187, 55.2278], [55.1739, 55.2293], [55.1563, 55.2549], [55.1044, 55.2398], [55.0786, 55.2717], [55.0613, 55.2657], [55.0303, 55.3019], [55.032, 55.2934], [55.0101, 55.2782], [55.0112, 55.2653], [55.0037, 55.2646], [55.0051, 55.2616], [54.988, 55.2572], [54.9768, 55.263], [54.916, 55.25], [54.8937, 55.2596], [54.8807, 55.2465], [54.9023, 55.239], [54.9106, 55.2212], [54.9114, 55.1895], [54.9375, 55.19], [54.9562, 55.1839], [54.9381, 55.1568], [54.9421, 55.1495], [54.9961, 55.1558], [55.0509, 55.1525], [55.1092, 55.1265], [55.0859, 55.1215], [55.0734, 55.1113], [55.0766, 55.1062], [55.0708, 55.1025], [55.0887, 55.0832], [55.0809, 55.0776], [55.0785, 55.0849], [55.0719, 55.086], [55.0703, 55.0784], [55.0617, 55.0772], [55.0353, 55.0512], [55.0436, 55.0504], [55.043, 55.0463], [54.9211, 55.0531], [54.9217, 55.0185], [54.9162, 55.0109], [54.9293, 54.9951], [54.9317, 54.9644], [54.9425, 54.9651], [54.9443, 54.9156], [54.9825, 54.9281], [54.9977, 54.9274], [55.0105, 54.9513], [55.0375, 54.9577], [55.051, 54.9578], [55.0509, 54.9481], [55.1279, 54.9481], [55.1661, 54.9288], [55.2094, 54.9364], [55.186, 54.9168], [55.2216, 54.9043], [55.2562, 54.875], [55.2573, 54.8594], [55.2514, 54.8517], [55.2498, 54.822], [55.273, 54.834], [55.2823, 54.8249], [55.2785, 54.815], [55.2536, 54.7978], [55.2287, 54.7924], [55.2557, 54.787], [55.2628, 54.7917], [55.3186, 54.7863], [55.3318, 54.7911], [55.3494, 54.8166], [55.4091, 54.8073], [55.4193, 54.823], [55.4135, 54.8325], [55.4546, 54.8355], [55.4551, 54.8304], [55.4621, 54.8318], [55.4598, 54.8245], [55.4764, 54.8252], [55.4941, 54.8187], [55.5162, 54.8516], [55.4932, 54.846], [55.4604, 54.8774], [55.438, 54.8708], [55.4336, 54.8744], [55.3869, 54.8582], [55.3453, 54.8765], [55.3203, 54.8936], [55.3426, 54.9021], [55.3496, 54.9113], [55.4094, 54.9237], [55.4047, 54.9425], [55.4272, 54.9422], [55.4616, 54.952], [55.4869, 54.9326], [55.4982, 54.9404], [55.5322, 54.9477], [55.5967, 54.9106], [55.6196, 54.9041], [55.6241, 54.9126], [55.6559, 54.9209], [55.6654, 54.9387], [55.6904, 54.9385], [55.7771, 54.9114], [55.7929, 54.9176], [55.8254, 54.9192], [55.83, 54.9527], [55.8243, 54.961], [55.8487, 54.9711], [55.8521, 54.9791], [55.8666, 54.9773], [55.881, 54.9922], [55.8933, 54.9864], [55.8873, 54.9817], [55.894, 54.9819], [55.8975, 54.971], [55.9226, 54.9718], [55.9279, 54.977], [55.9114, 54.9879], [55.9025, 54.9833], [55.8508, 55.0067], [55.8483, 55.0125], [55.8587, 55.0219], [55.8347, 55.0375], [55.8248, 55.0303], [55.8225, 55.0516], [55.8129, 55.0535], [55.759, 55.0316], [55.7431, 55.036], [55.7443, 55.0525], [55.7292, 55.0484], [55.6996, 55.0591], [55.693, 55.071], [55.6994, 55.0823], [55.7307, 55.0907], [55.7339, 55.0966], [55.7061, 55.1379], [55.707, 55.1615], [55.7204, 55.1713]]]}}, {"type": "Feature", "properties": {"osm_type": "relation", "osm_id": 496015413, "name": "Miyakinsky District", "admin_level": "6", "kind": "subdivision_2", "parent_osm_id": 77677, "parent_name": "Bashkortostan", "parent_iso": "RU-BA"}, "geometry": {"type": "Polygon", "coordinates": [[[54.4814, 53.7956], [54.4625, 53.751], [54.47, 53.7314], [54.4857, 53.7263], [54.4686, 53.7151], [54.4725, 53.7075], [54.4696, 53.7027], [54.4758, 53.6998], [54.449, 53.6805], [54.4715, 53.6751], [54.4666, 53.6744], [54.4714, 53.6649], [54.4607, 53.652], [54.4347, 53.6377], [54.4553, 53.6051], [54.4521, 53.5895], [54.3829, 53.6012], [54.3712, 53.6117], [54.3471, 53.5983], [54.3695, 53.5914], [54.3825, 53.594], [54.3835, 53.5882], [54.3751, 53.5838], [54.3933, 53.5636], [54.3873, 53.5564], [54.3691, 53.5527], [54.4076, 53.5324], [54.4068, 53.5379], [54.4391, 53.5568], [54.4474, 53.5535], [54.4777, 53.5567], [54.4911, 53.5396], [54.5217, 53.5392], [54.5217, 53.5457], [54.5545, 53.5519], [54.5964, 53.551], [54.603, 53.5019], [54.6249, 53.5015], [54.6239, 53.4736], [54.6003, 53.4739], [54.5993, 53.4517], [54.4697, 53.4548], [54.4544, 53.4398], [54.4601, 53.4262], [54.4568, 53.4125], [54.49, 53.4125], [54.4901, 53.363], [54.5476, 53.3552], [54.551, 53.3459], [54.5595, 53.3445], [54.5769, 53.35], [54.5984, 53.3481], [54.6023, 53.354], [54.6196, 53.3575], [54.6238, 53.3507], [54.6323, 53.3538], [54.6314, 53.3473], [54.6464, 53.3414], [54.6615, 53.3473], [54.6513, 53.3578], [54.6573, 53.3597], [54.7138, 53.3686], [54.7262, 53.3634], [54.7566, 53.3723], [54.8131, 53.3663], [54.8333, 53.3828], [54.9411, 53.4091], [54.9359, 53.4189], [54.9571, 53.4206], [54.9572, 53.4084], [54.9772, 53.4104], [55.0225, 53.4335], [55.0386, 53.4565], [55.0766, 53.4667], [55.0833, 53.4735], [55.0652, 53.4826], [55.0607, 53.4948], [55.0757, 53.5002], [55.0785, 53.5121], [55.0934, 53.5135], [55.0974, 53.5379], [55.1124, 53.5425], [55.1053, 53.5567], [55.1215, 53.5677], [55.1189, 53.5697], [55.2421, 53.6372], [55.272, 53.66], [55.3273, 53.6773], [55.3399, 53.6919], [55.3276, 53.6939], [55.3416, 53.7073], [55.2494, 53.7047], [55.2326, 53.7112], [55.2235, 53.7021], [55.2057, 53.7086], [55.215, 53.718], [55.195, 53.7281], [55.2114, 53.7399], [55.1792, 53.7514], [55.1804, 53.7545], [55.1662, 53.7644], [55.1496, 53.7529], [55.1247, 53.7629], [55.0912, 53.7362], [55.0552, 53.7501], [55.057, 53.7779], [55.0888, 53.8044], [55.0925, 53.8284], [55.0852, 53.8346], [55.0969, 53.8437], [55.0509, 53.8561], [55.0369, 53.8771], [55.0172, 53.8719], [55.0186, 53.8678], [55.0124, 53.8664], [55.0115, 53.8614], [55.0256, 53.8486], [55.023, 53.846], [54.9815, 53.8406], [54.9932, 53.8347], [54.9851, 53.8285], [54.9913, 53.8267], [54.9904, 53.8205], [54.9768, 53.8145], [54.9733, 53.8021], [54.9589, 53.8004], [54.9383, 53.8123], [54.9382, 53.8258], [54.9134, 53.8181], [54.8951, 53.8255], [54.8943, 53.8205], [54.8584, 53.8206], [54.8512, 53.8254], [54.8539, 53.8305], [54.8327, 53.83], [54.8321, 53.8232], [54.8147, 53.8227], [54.8117, 53.8303], [54.7776, 53.8217], [54.7628, 53.83], [54.7557, 53.8243], [54.724, 53.818], [54.7191, 53.8101], [54.7128, 53.8102], [54.712, 53.8048], [54.7061, 53.809], [54.694, 53.8055], [54.6969, 53.799], [54.6796, 53.8051], [54.6766, 53.802], [54.672, 53.8078], [54.6652, 53.8056], [54.6665, 53.8003], [54.6456, 53.7919], [54.6538, 53.7924], [54.6455, 53.788], [54.6486, 53.781], [54.6264, 53.7667], [54.6137, 53.7722], [54.5916, 53.7666], [54.5976, 53.7588], [54.6043, 53.7614], [54.6063, 53.7566], [54.5786, 53.7506], [54.5892, 53.7511], [54.5841, 53.7471], [54.589, 53.7451], [54.5748, 53.7363], [54.5628, 53.7409], [54.5383, 53.7643], [54.5332, 53.7582], [54.5047, 53.7581], [54.5112, 53.775], [54.4995, 53.7792], [54.5011, 53.7857], [54.4859, 53.7875], [54.4866, 53.7927], [54.4814, 53.7956]]]}}, {"type": "Feature", "properties": {"osm_type": "relation", "osm_id": 105485444, "name": "Mishkinsky District", "admin_level": "6", "kind": "subdivision_2", "parent_osm_id": 77677, "parent_name": "Bashkortostan", "parent_iso": "RU-BA"}, "geometry": {"type": "Polygon", "coordinates": [[[56.3072, 55.54], [56.3109, 55.554], [56.2968, 55.5587], [56.2972, 55.5626], [56.305, 55.5605], [56.3042, 55.5755], [56.308, 55.5762], [56.3026, 55.5803], [56.3072, 55.5785], [56.3226, 55.5878], [56.3221, 55.5947], [56.2792, 55.6012], [56.2475, 55.5968], [56.2425, 55.5978], [56.2435, 55.6012], [56.2323, 55.6004], [56.2472, 55.6066], [56.2375, 55.6098], [56.2324, 55.6222], [56.2468, 55.649], [56.2465, 55.6631], [56.2574, 55.6833], [56.2804, 55.7043], [56.2816, 55.7272], [56.2909, 55.7533], [56.285, 55.766], [56.2913, 55.7679], [56.2716, 55.7759], [56.2643, 55.7942], [56.2191, 55.7924], [56.1739, 55.8031], [56.1703, 55.7951], [56.1778, 55.7825], [56.1752, 55.7753], [56.1584, 55.7826], [56.123, 55.7764], [56.1215, 55.7713], [56.1348, 55.7628], [56.1296, 55.7454], [56.1093, 55.7446], [56.1071, 55.7601], [56.0972, 55.7664], [56.1029, 55.7438], [56.0917, 55.7424], [56.0975, 55.7382], [56.0923, 55.7365], [56.0822, 55.7481], [56.0738, 55.7437], [56.076, 55.7411], [56.0587, 55.7351], [56.0618, 55.7328], [56.0581, 55.7296], [56.031, 55.7319], [56.0346, 55.7376], [56.0122, 55.7377], [56.0096, 55.7335], [55.9963, 55.7378], [56.0018, 55.7328], [55.9961, 55.7279], [56.0231, 55.7266], [56.0288, 55.7276], [56.0273, 55.732], [56.0372, 55.7285], [56.0266, 55.7259], [56.0281, 55.7219], [56.037, 55.7246], [56.0411, 55.7229], [56.0386, 55.717], [56.0522, 55.7167], [56.0421, 55.7071], [56.0198, 55.7173], [55.9955, 55.7161], [55.9374, 55.7438], [55.8925, 55.7217], [55.8793, 55.7248], [55.8533, 55.7201], [55.8488, 55.7108], [55.831, 55.6989], [55.8168, 55.7012], [55.7577, 55.6905], [55.7381, 55.7026], [55.7278, 55.6947], [55.7221, 55.7006], [55.7175, 55.6941], [55.7237, 55.6851], [55.7076, 55.698], [55.7021, 55.6952], [55.69, 55.6988], [55.7044, 55.7028], [55.7043, 55.7096], [55.6964, 55.7183], [55.6601, 55.7183], [55.6484, 55.7059], [55.6433, 55.711], [55.5934, 55.7175], [55.6216, 55.7283], [55.6256, 55.7214], [55.6485, 55.7247], [55.6625, 55.7457], [55.6432, 55.7583], [55.5983, 55.7593], [55.6015, 55.7484], [55.6096, 55.7416], [55.5731, 55.7488], [55.5741, 55.7345], [55.5646, 55.7266], [55.5638, 55.7196], [55.5718, 55.7095], [55.6116, 55.7101], [55.6062, 55.6889], [55.5859, 55.6932], [55.5621, 55.6892], [55.5556, 55.6775], [55.5237, 55.6898], [55.4951, 55.6925], [55.4879, 55.6841], [55.478, 55.6845], [55.4782, 55.672], [55.462, 55.647], [55.4292, 55.646], [55.4095, 55.6399], [55.4194, 55.6241], [55.3888, 55.6297], [55.3835, 55.6234], [55.3941, 55.6218], [55.3843, 55.6118], [55.3474, 55.6195], [55.3478, 55.6091], [55.3367, 55.588], [55.3695, 55.5899], [55.3914, 55.5828], [55.3805, 55.5679], [55.3893, 55.5663], [55.4018, 55.5749], [55.4718, 55.5769], [55.4836, 55.5619], [55.4737, 55.5601], [55.476, 55.5527], [55.5082, 55.5577], [55.5161, 55.5482], [55.5487, 55.538], [55.6131, 55.5267], [55.6181, 55.5362], [55.6316, 55.535], [55.6339, 55.5436], [55.6829, 55.5425], [55.6727, 55.5164], [55.6854, 55.5035], [55.7045, 55.5013], [55.7107, 55.4896], [55.7062, 55.4834], [55.7184, 55.4806], [55.7742, 55.4834], [55.7951, 55.4944], [55.814, 55.4959], [55.8247, 55.4789], [55.839, 55.4707], [55.8367, 55.4349], [55.8427, 55.423], [55.8662, 55.4275], [55.8719, 55.4333], [55.9075, 55.4449], [55.912, 55.4372], [55.9078, 55.4259], [55.9187, 55.4212], [55.9155, 55.4077], [55.9335, 55.3956], [55.9359, 55.3881], [55.9901, 55.367], [55.9918, 55.3592], [55.9809, 55.351], [55.9671, 55.3262], [56.0304, 55.3248], [56.0333, 55.3155], [56.0434, 55.3126], [56.0512, 55.3166], [56.0602, 55.3321], [56.0706, 55.3249], [56.1039, 55.3173], [56.107, 55.3363], [56.1475, 55.3692], [56.1382, 55.3858], [56.1553, 55.3989], [56.2534, 55.3985], [56.2624, 55.4138], [56.2651, 55.4312], [56.2636, 55.4371], [56.238, 55.4364], [56.2491, 55.4492], [56.2629, 55.4518], [56.2776, 55.4421], [56.2762, 55.4348], [56.2836, 55.4266], [56.3035, 55.4259], [56.3046, 55.4452], [56.3159, 55.4515], [56.3112, 55.4585], [56.3201, 55.4635], [56.3202, 55.4688], [56.3012, 55.4743], [56.2871, 55.4944], [56.3072, 55.54]]]}}, {"type": "Feature", "properties": {"osm_type": "relation", "osm_id": 725516937, "name": "Kugarchinsky District", "admin_level": "6", "kind": "subdivision_2", "parent_osm_id": 77677, "parent_name": "Bashkortostan", "parent_iso": "RU-BA"}, "geometry": {"type": "Polygon", "coordinates": [[[56.9422, 52.436], [56.975, 52.4397], [56.976, 52.46], [56.9381, 52.4636], [56.9651, 52.5608], [56.9353, 52.5622], [56.8906, 52.5781], [56.8902, 52.5834], [56.9382, 52.5882], [56.9517, 52.5995], [56.9023, 52.6069], [56.9043, 52.6332], [56.9421, 52.633], [56.9513, 52.6669], [57.1074, 52.6495], [57.111, 52.6566], [57.103, 52.6878], [57.1439, 52.6849], [57.1471, 52.7007], [57.174, 52.699], [57.1868, 52.7346], [57.1181, 52.7405], [57.1342, 52.7695], [57.1239, 52.8554], [57.1002, 52.8547], [57.099, 52.8693], [56.8926, 52.8578], [56.8876, 52.8903], [56.8656, 52.9055], [56.8565, 52.8998], [56.8267, 52.9024], [56.8134, 52.8981], [56.8108, 52.9119], [56.787, 52.9225], [56.795, 52.9352], [56.7718, 52.9331], [56.7447, 52.9627], [56.7195, 52.9692], [56.7209, 52.979], [56.7116, 52.9829], [56.7107, 52.9901], [56.6481, 52.9891], [56.6528, 52.9777], [56.6651, 52.9676], [56.6601, 52.9532], [56.6465, 52.9496], [56.6438, 52.9613], [56.617, 52.9551], [56.6039, 52.9684], [56.5892, 52.9749], [56.5893, 52.9937], [56.595, 53.0003], [56.5486, 53.006], [56.5076, 52.9939], [56.5036, 52.9735], [56.5187, 52.968], [56.4948, 52.9586], [56.4856, 52.9494], [56.466, 52.9532], [56.4498, 52.948], [56.4227, 52.9545], [56.3678, 52.9494], [56.3772, 52.9422], [56.3812, 52.9313], [56.367, 52.9268], [56.3583, 52.9176], [56.3722, 52.9078], [56.3541, 52.8971], [56.3304, 52.9007], [56.3222, 52.895], [56.3059, 52.8947], [56.2989, 52.8864], [56.2778, 52.8783], [56.2572, 52.8917], [56.2426, 52.8941], [56.2121, 52.8798], [56.2097, 52.8658], [56.2045, 52.8643], [56.2002, 52.8734], [56.1864, 52.8806], [56.1802, 52.8791], [56.1726, 52.8622], [56.1358, 52.8732], [56.134, 52.8686], [56.142, 52.861], [56.1343, 52.8581], [56.133, 52.8477], [56.1028, 52.838], [56.0989, 52.8417], [56.1053, 52.8488], [56.104, 52.8533], [56.0941, 52.851], [56.0945, 52.8437], [56.0773, 52.8541], [56.074, 52.8464], [56.0836, 52.8361], [56.0638, 52.8318], [56.0581, 52.819], [56.0605, 52.8106], [56.0521, 52.8102], [56.0325, 52.8205], [55.9986, 52.7834], [55.9886, 52.7865], [55.9762, 52.7688], [55.9872, 52.7637], [56.0206, 52.7681], [56.0484, 52.7639], [56.0529, 52.7654], [56.0541, 52.7901], [56.0778, 52.7964], [56.0823, 52.7817], [56.0752, 52.7793], [56.0737, 52.7605], [56.0836, 52.752], [56.1183, 52.7529], [56.1339, 52.7652], [56.1723, 52.7593], [56.1656, 52.7141], [56.1475, 52.6719], [56.1592, 52.6706], [56.1681, 52.6885], [56.1809, 52.6904], [56.1752, 52.6726], [56.1836, 52.672], [56.1863, 52.6684], [56.1788, 52.6657], [56.191, 52.6618], [56.1938, 52.6487], [56.1993, 52.6468], [56.1975, 52.6422], [56.1897, 52.6445], [56.1695, 52.6292], [56.1504, 52.6241], [56.1539, 52.6094], [56.1632, 52.5988], [56.1545, 52.5912], [56.1841, 52.59], [56.189, 52.5981], [56.2097, 52.5858], [56.2326, 52.5618], [56.2641, 52.544], [56.3338, 52.5848], [56.3674, 52.5956], [56.4219, 52.6034], [56.447, 52.5916], [56.4428, 52.5863], [56.4453, 52.582], [56.4306, 52.5781], [56.4347, 52.5768], [56.406, 52.5597], [56.4293, 52.5437], [56.3762, 52.5274], [56.3748, 52.5164], [56.3815, 52.5091], [56.3511, 52.4969], [56.3827, 52.4199], [56.4324, 52.4284], [56.4308, 52.4452], [56.4434, 52.4455], [56.4432, 52.4723], [56.4656, 52.4703], [56.4866, 52.4512], [56.4831, 52.4437], [56.4908, 52.4436], [56.4927, 52.4354], [56.4867, 52.4381], [56.4763, 52.4294], [56.4637, 52.4314], [56.4571, 52.4103], [56.4407, 52.4069], [56.4327, 52.3752], [56.4427, 52.3733], [56.4444, 52.3513], [56.4403, 52.3445], [56.4445, 52.3432], [56.4341, 52.3311], [56.454, 52.3178], [56.455, 52.2981], [56.426, 52.2926], [56.4206, 52.2825], [56.4266, 52.277], [56.4224, 52.2742], [56.4378, 52.2717], [56.4405, 52.2638], [56.4756, 52.2593], [56.4716, 52.2336], [56.5133, 52.2337], [56.5613, 52.2436], [56.5625, 52.2594], [56.5747, 52.2694], [56.6126, 52.2912], [56.6455, 52.3032], [56.6505, 52.3254], [56.644, 52.3316], [56.6474, 52.3543], [56.7232, 52.3513], [56.7321, 52.3819], [56.7661, 52.3804], [56.7664, 52.3978], [56.7959, 52.3977], [56.7991, 52.4122], [56.8268, 52.4112], [56.8312, 52.4281], [56.8624, 52.4266], [56.8646, 52.443], [56.9422, 52.436]]]}}]}