{"type": "FeatureCollection", "parent": {"osm_id": 913109, "name": "Jiangxi", "admin_level": "4", "kind": "subdivision_1", "child_kind": "subdivision_2", "iso": "CN-JX"}, "features": [{"type": "Feature", "properties": {"osm_type": "relation", "osm_id": 406838501, "name": "Pengzexian", "admin_level": "6", "kind": "subdivision_2", "parent_osm_id": 913109, "parent_name": "Jiangxi", "parent_iso": "CN-JX"}, "geometry": {"type": "Polygon", "coordinates": [[[116.7481, 30.029], [116.6975, 30.0595], [116.6096, 30.0639], [116.5921, 30.0553], [116.5828, 30.0437], [116.5655, 29.9962], [116.5603, 29.9376], [116.5363, 29.9109], [116.3731, 29.8396], [116.3955, 29.8157], [116.4083, 29.7733], [116.4128, 29.7323], [116.4017, 29.6919], [116.3637, 29.6357], [116.3729, 29.6078], [116.4352, 29.6018], [116.4993, 29.6308], [116.5195, 29.61], [116.5654, 29.6023], [116.5972, 29.5825], [116.6405, 29.5805], [116.6928, 29.6044], [116.6685, 29.6626], [116.6526, 29.7222], [116.674, 29.7595], [116.731, 29.7824], [116.8056, 29.8464], [116.8468, 29.896], [116.8656, 29.9405], [116.8447, 29.9709], [116.8078, 29.9844], [116.7481, 30.029]]]}}, {"type": "Feature", "properties": {"osm_type": "relation", "osm_id": 920643709, "name": "Jingdezheshi", "admin_level": "6", "kind": "subdivision_2", "parent_osm_id": 913109, "parent_name": "Jiangxi", "parent_iso": "CN-JX"}, "geometry": {"type": "Polygon", "coordinates": [[[117.0641, 29.6859], [117.0698, 29.6638], [117.0466, 29.6378], [117.038, 29.5829], [117.0365, 29.5474], [117.042, 29.4975], [117.0581, 29.4491], [117.057, 29.4135], [117.0482, 29.3785], [117.0484, 29.3392], [117.0697, 29.2969], [117.1201, 29.2479], [117.1859, 29.2268], [117.2081, 29.196], [117.2024, 29.1668], [117.2274, 29.1445], [117.2877, 29.1836], [117.3552, 29.1822], [117.3829, 29.2167], [117.4124, 29.2431], [117.432, 29.2805], [117.4432, 29.3167], [117.4739, 29.338], [117.4806, 29.3657], [117.5078, 29.4109], [117.7346, 29.5709], [117.6626, 29.564], [117.6542, 29.5903], [117.6074, 29.594], [117.5594, 29.5807], [117.5268, 29.5924], [117.5016, 29.6179], [117.5037, 29.6588], [117.4491, 29.6825], [117.4155, 29.6674], [117.3877, 29.6868], [117.4066, 29.7428], [117.3971, 29.8102], [117.3642, 29.8326], [117.3322, 29.8121], [117.308, 29.8384], [117.2717, 29.8288], [117.2521, 29.8468], [117.212, 29.9141], [117.1651, 29.9327], [117.1062, 29.9029], [117.0748, 29.8448], [117.0486, 29.8302], [117.072, 29.8058], [117.0812, 29.7883], [117.084, 29.74], [117.0641, 29.6859]]]}}, {"type": "Feature", "properties": {"osm_type": "relation", "osm_id": 616963421, "name": "Hukouxian", "admin_level": "6", "kind": "subdivision_2", "parent_osm_id": 913109, "parent_name": "Jiangxi", "parent_iso": "CN-JX"}, "geometry": {"type": "Polygon", "coordinates": [[[116.2073, 29.7814], [116.1846, 29.771], [116.1775, 29.7532], [116.171, 29.7073], [116.1787, 29.6887], [116.1963, 29.6828], [116.2318, 29.6925], [116.1968, 29.6448], [116.1917, 29.6286], [116.195, 29.6119], [116.2234, 29.5855], [116.1813, 29.5828], [116.1789, 29.5764], [116.1969, 29.5407], [116.1781, 29.5467], [116.1566, 29.5709], [116.144, 29.5386], [116.1308, 29.5244], [116.1699, 29.5121], [116.2165, 29.5262], [116.2596, 29.5169], [116.2742, 29.5432], [116.3039, 29.562], [116.3387, 29.5528], [116.3783, 29.558], [116.4352, 29.6018], [116.3729, 29.6078], [116.3637, 29.6357], [116.4017, 29.6919], [116.4128, 29.7323], [116.4083, 29.7733], [116.3955, 29.8157], [116.3731, 29.8396], [116.2947, 29.7932], [116.2433, 29.7789], [116.2073, 29.7814]]]}}, {"type": "Feature", "properties": {"osm_type": "relation", "osm_id": 920006688, "name": "Jiujianxian", "admin_level": "6", "kind": "subdivision_2", "parent_osm_id": 913109, "parent_name": "Jiangxi", "parent_iso": "CN-JX"}, "geometry": {"type": "Polygon", "coordinates": [[[116.0782, 29.8001], [116.0562, 29.7618], [116.0398, 29.7495], [116.0309, 29.6965], [116.0751, 29.6562], [116.0997, 29.6401], [116.1119, 29.6394], [116.1174, 29.6259], [116.0772, 29.5867], [116.0961, 29.5527], [116.0608, 29.5153], [116.0655, 29.4678], [116.0375, 29.4423], [116.0163, 29.4376], [115.9661, 29.4103], [116.005, 29.3818], [116.0134, 29.3192], [116.0081, 29.3011], [115.9764, 29.2791], [115.9371, 29.2725], [115.8859, 29.2895], [115.8597, 29.2788], [115.8865, 29.2486], [115.9042, 29.1936], [115.9671, 29.1932], [115.952, 29.2171], [115.9542, 29.2492], [115.9717, 29.2598], [115.9863, 29.2389], [116.0629, 29.232], [116.0767, 29.191], [116.0242, 29.1966], [116.0262, 29.1671], [116.0633, 29.1329], [116.09, 29.1223], [116.089, 29.0809], [116.114, 29.102], [116.1282, 29.1047], [116.1436, 29.0953], [116.1497, 29.0777], [116.1486, 29.0622], [116.1175, 29.0206], [116.1195, 29.0102], [116.1786, 29.0433], [116.1845, 29.0136], [116.1817, 29.0016], [116.193, 28.982], [116.1934, 28.9595], [116.2222, 28.9701], [116.2554, 28.9492], [116.2922, 28.9507], [116.2357, 28.8985], [116.2543, 28.8784], [116.2887, 28.8748], [116.3172, 28.8819], [116.3409, 28.8944], [116.3346, 28.8637], [116.3222, 28.8591], [116.2422, 28.8601], [116.2521, 28.8301], [116.2912, 28.8453], [116.3019, 28.8274], [116.318, 28.8196], [116.3318, 28.8258], [116.3667, 28.874], [116.3832, 28.88], [116.4287, 28.9172], [116.4525, 28.9055], [116.4484, 28.8867], [116.4269, 28.8395], [116.4259, 28.8257], [116.4473, 28.8089], [116.4428, 28.7763], [116.4832, 28.781], [116.4665, 28.7456], [116.509, 28.7518], [116.5218, 28.7892], [116.5307, 28.7921], [116.5526, 28.7822], [116.5744, 28.7619], [116.5772, 28.7981], [116.5315, 28.8197], [116.513, 28.8485], [116.5532, 28.8427], [116.5584, 28.858], [116.5526, 28.8704], [116.532, 28.8889], [116.4755, 28.9094], [116.4897, 28.912], [116.5599, 28.9046], [116.5796, 28.8913], [116.5827, 28.8704], [116.5961, 28.8627], [116.5926, 28.9044], [116.6033, 28.9395], [116.6215, 28.9587], [116.6049, 28.9596], [116.5789, 28.9525], [116.5561, 28.9682], [116.54, 28.9241], [116.5108, 28.9258], [116.4988, 28.9351], [116.4804, 28.9742], [116.4644, 28.9924], [116.4697, 29.0013], [116.5252, 28.9924], [116.527, 29.0159], [116.5154, 29.031], [116.4936, 29.0265], [116.4823, 29.0444], [116.4806, 29.0744], [116.5112, 29.0911], [116.4937, 29.1065], [116.4795, 29.1402], [116.5181, 29.1553], [116.5439, 29.1596], [116.5966, 29.1566], [116.6099, 29.1644], [116.6103, 29.1702], [116.5801, 29.1869], [116.5261, 29.1899], [116.5155, 29.2176], [116.5043, 29.2298], [116.4926, 29.1803], [116.481, 29.1867], [116.4692, 29.1989], [116.4625, 29.2166], [116.4645, 29.243], [116.4783, 29.2664], [116.4654, 29.2642], [116.4273, 29.2836], [116.4285, 29.2375], [116.4116, 29.2355], [116.4261, 29.2054], [116.415, 29.1737], [116.385, 29.1754], [116.3959, 29.1506], [116.3619, 29.1439], [116.3508, 29.1652], [116.3364, 29.143], [116.328, 29.1377], [116.3261, 29.1666], [116.3445, 29.1892], [116.3763, 29.2116], [116.3703, 29.239], [116.3603, 29.2125], [116.3259, 29.2086], [116.308, 29.239], [116.2947, 29.2219], [116.2931, 29.2012], [116.2763, 29.1992], [116.2163, 29.2497], [116.177, 29.2346], [116.1747, 29.2583], [116.1662, 29.2616], [116.1112, 29.3181], [116.1254, 29.3381], [116.1495, 29.3184], [116.1982, 29.3336], [116.2079, 29.3475], [116.2376, 29.3395], [116.2353, 29.3633], [116.2191, 29.3814], [116.2251, 29.4076], [116.2426, 29.4273], [116.2116, 29.4169], [116.1865, 29.3762], [116.1685, 29.3686], [116.1526, 29.3809], [116.1347, 29.3554], [116.055, 29.3855], [116.0642, 29.4029], [116.0985, 29.4402], [116.129, 29.4443], [116.1253, 29.4589], [116.1307, 29.4771], [116.1455, 29.497], [116.1223, 29.5195], [116.144, 29.5386], [116.1566, 29.5709], [116.1781, 29.5467], [116.1969, 29.5407], [116.1789, 29.5764], [116.1813, 29.5828], [116.2234, 29.5855], [116.195, 29.6119], [116.1917, 29.6286], [116.1968, 29.6448], [116.2318, 29.6925], [116.1963, 29.6828], [116.1787, 29.6887], [116.171, 29.7073], [116.1775, 29.7532], [116.1846, 29.771], [116.2073, 29.7814], [116.1996, 29.7901], [116.166, 29.8084], [116.1316, 29.8146], [116.0971, 29.8104], [116.0782, 29.8001]]]}}, {"type": "Feature", "properties": {"osm_type": "relation", "osm_id": 419762738, "name": "Ruichangshi", "admin_level": "6", "kind": "subdivision_2", "parent_osm_id": 913109, "parent_name": "Jiangxi", "parent_iso": "CN-JX"}, "geometry": {"type": "Polygon", "coordinates": [[[115.4358, 29.8165], [115.4432, 29.7752], [115.4157, 29.7282], [115.3281, 29.6532], [115.2788, 29.6275], [115.2286, 29.6472], [115.1872, 29.655], [115.1482, 29.6475], [115.104, 29.6625], [115.0942, 29.6753], [115.1356, 29.5616], [115.1289, 29.5318], [115.1752, 29.4998], [115.208, 29.4915], [115.3027, 29.4944], [115.3254, 29.4529], [115.3144, 29.4212], [115.3394, 29.405], [115.4023, 29.4485], [115.4362, 29.4488], [115.4702, 29.5023], [115.4989, 29.5177], [115.5401, 29.5092], [115.5796, 29.5147], [115.631, 29.532], [115.6626, 29.5508], [115.6345, 29.6103], [115.6436, 29.6426], [115.7165, 29.6663], [115.7092, 29.6959], [115.6897, 29.7294], [115.7161, 29.7551], [115.726, 29.8045], [115.6946, 29.8191], [115.5423, 29.8101], [115.4358, 29.8165]]]}}, {"type": "Feature", "properties": {"osm_type": "relation", "osm_id": 300262880, "name": "Jiujiangxian", "admin_level": "6", "kind": "subdivision_2", "parent_osm_id": 913109, "parent_name": "Jiangxi", "parent_iso": "CN-JX"}, "geometry": {"type": "Polygon", "coordinates": [[[115.726, 29.8045], [115.7161, 29.7551], [115.6897, 29.7294], [115.7092, 29.6959], [115.7165, 29.6663], [115.6436, 29.6426], [115.6345, 29.6103], [115.6626, 29.5508], [115.7267, 29.5192], [115.7509, 29.5011], [115.774, 29.4669], [115.8081, 29.3626], [115.8573, 29.3595], [115.8531, 29.4148], [115.868, 29.4476], [115.8864, 29.4696], [115.9, 29.4979], [115.8862, 29.5228], [115.8972, 29.5581], [115.9273, 29.5844], [115.9342, 29.707], [115.8931, 29.7091], [115.7979, 29.742], [115.7653, 29.7651], [115.726, 29.8045]]]}}, {"type": "Feature", "properties": {"osm_type": "relation", "osm_id": 740918931, "name": "Jiujiangshi", "admin_level": "6", "kind": "subdivision_2", "parent_osm_id": 913109, "parent_name": "Jiangxi", "parent_iso": "CN-JX"}, "geometry": {"type": "Polygon", "coordinates": [[[115.9342, 29.707], [115.9273, 29.5844], [115.8972, 29.5581], [115.8862, 29.5228], [115.9, 29.4979], [115.928, 29.4813], [115.9667, 29.4895], [115.9754, 29.5153], [116.0114, 29.5278], [116.0521, 29.5285], [116.0654, 29.5196], [116.0961, 29.5527], [116.0772, 29.5867], [116.1174, 29.6259], [116.1119, 29.6394], [116.0997, 29.6401], [116.0751, 29.6562], [116.0309, 29.6965], [116.0398, 29.7495], [115.9948, 29.7254], [115.9342, 29.707]]]}}, {"type": "Feature", "properties": {"osm_type": "relation", "osm_id": 710186553, "name": "Boyangxian", "admin_level": "6", "kind": "subdivision_2", "parent_osm_id": 913109, "parent_name": "Jiangxi", "parent_iso": "CN-JX"}, "geometry": {"type": "Polygon", "coordinates": [[[116.6928, 29.6044], [116.6405, 29.5805], [116.5972, 29.5825], [116.5654, 29.6023], [116.5195, 29.61], [116.5047, 29.5629], [116.5205, 29.5387], [116.5264, 29.5092], [116.522, 29.4369], [116.5258, 29.4065], [116.5372, 29.3803], [116.5423, 29.3503], [116.5375, 29.2866], [116.5625, 29.2276], [116.5598, 29.2019], [116.5501, 29.188], [116.5801, 29.1869], [116.6103, 29.1702], [116.6099, 29.1644], [116.5966, 29.1566], [116.5439, 29.1596], [116.5181, 29.1553], [116.4795, 29.1402], [116.4937, 29.1065], [116.5112, 29.0911], [116.4806, 29.0744], [116.4823, 29.0444], [116.4936, 29.0265], [116.5154, 29.031], [116.527, 29.0159], [116.5252, 28.9924], [116.4697, 29.0013], [116.4644, 28.9924], [116.4804, 28.9742], [116.4988, 28.9351], [116.5108, 28.9258], [116.54, 28.9241], [116.5561, 28.9682], [116.5789, 28.9525], [116.6049, 28.9596], [116.6215, 28.9587], [116.6033, 28.9395], [116.5926, 28.9044], [116.5946, 28.8957], [116.682, 28.8861], [116.7129, 28.8659], [116.7591, 28.7918], [116.8194, 28.813], [116.8071, 28.8514], [116.808, 28.8809], [116.8799, 28.8601], [116.9101, 28.8732], [116.9611, 28.8695], [116.9532, 28.8983], [116.999, 28.9483], [117.0189, 28.9857], [117.0301, 29.0183], [117.0336, 29.0643], [117.0453, 29.0908], [117.0823, 29.0983], [117.108, 29.1237], [117.1721, 29.1482], [117.2024, 29.1668], [117.2081, 29.196], [117.1859, 29.2268], [117.1201, 29.2479], [117.0944, 29.2696], [117.0697, 29.2969], [117.0484, 29.3392], [117.0482, 29.3785], [117.057, 29.4135], [117.0581, 29.4491], [117.042, 29.4975], [117.0365, 29.5474], [117.038, 29.5829], [117.0466, 29.6378], [117.0698, 29.6638], [117.0641, 29.6859], [117.0334, 29.6767], [116.9435, 29.6628], [116.8807, 29.6179], [116.7898, 29.5717], [116.7609, 29.5768], [116.7552, 29.6003], [116.7009, 29.5852], [116.6928, 29.6044]]]}}, {"type": "Feature", "properties": {"osm_type": "relation", "osm_id": 784832333, "name": "Wuyuanxian", "admin_level": "6", "kind": "subdivision_2", "parent_osm_id": 913109, "parent_name": "Jiangxi", "parent_iso": "CN-JX"}, "geometry": {"type": "Polygon", "coordinates": [[[117.7346, 29.5709], [117.5078, 29.4109], [117.4806, 29.3657], [117.4739, 29.338], [117.4432, 29.3167], [117.432, 29.2805], [117.4124, 29.2431], [117.3829, 29.2167], [117.3552, 29.1822], [117.3665, 29.1521], [117.3894, 29.1296], [117.4325, 29.1342], [117.4589, 29.1548], [117.493, 29.1462], [117.4937, 29.0762], [117.5221, 29.0457], [117.5863, 29.0593], [117.6182, 29.0452], [117.6599, 29.0675], [117.7869, 29.0908], [117.8456, 29.1274], [117.8944, 29.136], [117.9288, 29.1578], [117.9964, 29.1758], [118.0054, 29.2121], [118.0511, 29.2361], [118.0436, 29.2714], [118.053, 29.2967], [118.1148, 29.3], [118.1633, 29.3193], [118.1834, 29.3599], [118.1948, 29.4074], [118.1792, 29.4325], [118.1286, 29.4268], [118.1029, 29.4445], [118.1223, 29.5013], [118.0734, 29.5409], [118.0504, 29.5406], [117.9854, 29.5625], [117.9457, 29.5631], [117.8731, 29.5443], [117.7955, 29.5534], [117.7583, 29.5717], [117.7346, 29.5709]]]}}, {"type": "Feature", "properties": {"osm_type": "relation", "osm_id": 543831156, "name": "Duchangxian", "admin_level": "6", "kind": "subdivision_2", "parent_osm_id": 913109, "parent_name": "Jiangxi", "parent_iso": "CN-JX"}, "geometry": {"type": "Polygon", "coordinates": [[[116.4352, 29.6018], [116.3783, 29.558], [116.3387, 29.5528], [116.3039, 29.562], [116.2742, 29.5432], [116.2596, 29.5169], [116.2165, 29.5262], [116.1699, 29.5121], [116.1308, 29.5244], [116.1223, 29.5195], [116.1455, 29.497], [116.1307, 29.4771], [116.1253, 29.4589], [116.129, 29.4443], [116.0985, 29.4402], [116.0642, 29.4029], [116.055, 29.3855], [116.1347, 29.3554], [116.1526, 29.3809], [116.1685, 29.3686], [116.1865, 29.3762], [116.2116, 29.4169], [116.2426, 29.4273], [116.2251, 29.4076], [116.2191, 29.3814], [116.2353, 29.3633], [116.2376, 29.3395], [116.2079, 29.3475], [116.1982, 29.3336], [116.1495, 29.3184], [116.1254, 29.3381], [116.1112, 29.3181], [116.1662, 29.2616], [116.1747, 29.2583], [116.177, 29.2346], [116.2163, 29.2497], [116.2763, 29.1992], [116.2931, 29.2012], [116.2947, 29.2219], [116.308, 29.239], [116.3259, 29.2086], [116.3603, 29.2125], [116.3703, 29.239], [116.3763, 29.2116], [116.3445, 29.1892], [116.3261, 29.1666], [116.328, 29.1377], [116.3364, 29.143], [116.3508, 29.1652], [116.3619, 29.1439], [116.3959, 29.1506], [116.385, 29.1754], [116.415, 29.1737], [116.4261, 29.2054], [116.4116, 29.2355], [116.4285, 29.2375], [116.4273, 29.2836], [116.4654, 29.2642], [116.4783, 29.2664], [116.4645, 29.243], [116.4625, 29.2166], [116.4692, 29.1989], [116.481, 29.1867], [116.4926, 29.1803], [116.5043, 29.2298], [116.5155, 29.2176], [116.5261, 29.1899], [116.5501, 29.188], [116.5598, 29.2019], [116.5625, 29.2276], [116.5375, 29.2866], [116.5423, 29.3503], [116.5372, 29.3803], [116.5258, 29.4065], [116.522, 29.4369], [116.5264, 29.5092], [116.5205, 29.5387], [116.5047, 29.5629], [116.5195, 29.61], [116.4993, 29.6308], [116.4352, 29.6018]]]}}, {"type": "Feature", "properties": {"osm_type": "relation", "osm_id": 462575395, "name": "Deanxian", "admin_level": "6", "kind": "subdivision_2", "parent_osm_id": 913109, "parent_name": "Jiangxi", "parent_iso": "CN-JX"}, "geometry": {"type": "Polygon", "coordinates": [[[115.3744, 29.4288], [115.3731, 29.3799], [115.3881, 29.3485], [115.4252, 29.3496], [115.4721, 29.3279], [115.5121, 29.3181], [115.6641, 29.2956], [115.7279, 29.2709], [115.7511, 29.2463], [115.8091, 29.2407], [115.8304, 29.2775], [115.824, 29.3167], [115.774, 29.4669], [115.7509, 29.5011], [115.7267, 29.5192], [115.6626, 29.5508], [115.631, 29.532], [115.5796, 29.5147], [115.5401, 29.5092], [115.4989, 29.5177], [115.4702, 29.5023], [115.4362, 29.4488], [115.4023, 29.4485], [115.3744, 29.4288]]]}}, {"type": "Feature", "properties": {"osm_type": "relation", "osm_id": 417661673, "name": "Xingzixian", "admin_level": "6", "kind": "subdivision_2", "parent_osm_id": 913109, "parent_name": "Jiangxi", "parent_iso": "CN-JX"}, "geometry": {"type": "Polygon", "coordinates": [[[116.0654, 29.5196], [116.0521, 29.5285], [116.0114, 29.5278], [115.9754, 29.5153], [115.9667, 29.4895], [115.928, 29.4813], [115.9, 29.4979], [115.8864, 29.4696], [115.868, 29.4476], [115.8531, 29.4148], [115.8573, 29.3595], [115.8081, 29.3626], [115.824, 29.3167], [115.8304, 29.2775], [115.8091, 29.2407], [115.8756, 29.2164], [115.8826, 29.2016], [115.8731, 29.1906], [115.8676, 29.1679], [115.8797, 29.1586], [115.8917, 29.158], [115.9262, 29.1735], [115.9646, 29.1773], [115.9958, 29.2015], [116.0099, 29.221], [116.0149, 29.2351], [115.9863, 29.2389], [115.9717, 29.2598], [115.9542, 29.2492], [115.952, 29.2171], [115.9671, 29.1932], [115.9042, 29.1936], [115.8865, 29.2486], [115.8597, 29.2788], [115.8859, 29.2895], [115.9371, 29.2725], [115.9764, 29.2791], [116.0081, 29.3011], [116.0134, 29.3192], [116.005, 29.3818], [115.9661, 29.4103], [116.0163, 29.4376], [116.0375, 29.4423], [116.0655, 29.4678], [116.0608, 29.5153], [116.0654, 29.5196]]]}}, {"type": "Feature", "properties": {"osm_type": "relation", "osm_id": 261002034, "name": "Wuningxian", "admin_level": "6", "kind": "subdivision_2", "parent_osm_id": 913109, "parent_name": "Jiangxi", "parent_iso": "CN-JX"}, "geometry": {"type": "Polygon", "coordinates": [[[114.9406, 29.5607], [114.9295, 29.5503], [114.9414, 29.5142], [114.9274, 29.5049], [114.8737, 29.5175], [114.8625, 29.5], [114.8561, 29.4735], [114.8638, 29.4599], [114.8988, 29.4738], [114.9039, 29.471], [114.9083, 29.4521], [114.8817, 29.4183], [114.8467, 29.4043], [114.7365, 29.3858], [114.6012, 29.4107], [114.5138, 29.3618], [114.5001, 29.3443], [114.5302, 29.3016], [114.523, 29.2659], [114.4895, 29.2454], [114.4935, 29.2059], [114.514, 29.1836], [114.5559, 29.1801], [114.6932, 29.1993], [114.7375, 29.1929], [114.7622, 29.1717], [114.7667, 29.1349], [114.7897, 29.1115], [114.8243, 29.1249], [114.837, 29.0868], [114.8238, 29.0158], [114.8254, 28.9834], [114.8548, 28.9476], [114.9307, 28.9092], [114.9631, 28.9139], [114.9823, 28.9799], [115.0002, 29.0076], [115.0402, 29.0327], [115.0754, 29.0483], [115.1604, 29.0777], [115.2446, 29.0956], [115.291, 29.0976], [115.3413, 29.0891], [115.3765, 29.0722], [115.431, 29.0788], [115.4291, 29.1418], [115.3995, 29.2721], [115.3881, 29.3485], [115.3731, 29.3799], [115.3744, 29.4288], [115.3394, 29.405], [115.3144, 29.4212], [115.3254, 29.4529], [115.3027, 29.4944], [115.208, 29.4915], [115.1752, 29.4998], [115.1289, 29.5318], [115.1239, 29.5148], [115.0751, 29.5192], [115.0456, 29.5559], [115.0096, 29.5661], [114.9596, 29.5688], [114.9406, 29.5607]]]}}, {"type": "Feature", "properties": {"osm_type": "relation", "osm_id": 815821491, "name": "Yongxiuxian", "admin_level": "6", "kind": "subdivision_2", "parent_osm_id": 913109, "parent_name": "Jiangxi", "parent_iso": "CN-JX"}, "geometry": {"type": "Polygon", "coordinates": [[[116.0149, 29.2351], [115.9958, 29.2015], [115.9646, 29.1773], [115.9262, 29.1735], [115.8917, 29.158], [115.8797, 29.1586], [115.8676, 29.1679], [115.8731, 29.1906], [115.883, 29.2074], [115.8756, 29.2164], [115.8555, 29.226], [115.8091, 29.2407], [115.7511, 29.2463], [115.7279, 29.2709], [115.6641, 29.2956], [115.5121, 29.3181], [115.4721, 29.3279], [115.4252, 29.3496], [115.3881, 29.3485], [115.3995, 29.2721], [115.4291, 29.1418], [115.431, 29.0788], [115.4468, 29.0297], [115.5064, 29.0063], [115.5733, 28.9606], [115.6085, 28.946], [115.647, 28.9479], [115.6785, 28.9385], [115.7419, 28.9041], [115.8072, 28.8975], [115.8301, 28.9338], [115.9188, 29.0393], [115.958, 29.0979], [115.9889, 29.1084], [116.0303, 29.1053], [116.0781, 29.1252], [116.0455, 29.146], [116.0262, 29.1671], [116.0242, 29.1966], [116.0767, 29.191], [116.0629, 29.232], [116.0149, 29.2351]]]}}, {"type": "Feature", "properties": {"osm_type": "relation", "osm_id": 707470460, "name": "Dexingshi", "admin_level": "6", "kind": "subdivision_2", "parent_osm_id": 913109, "parent_name": "Jiangxi", "parent_iso": "CN-JX"}, "geometry": {"type": "Polygon", "coordinates": [[[117.4937, 29.0762], [117.48, 29.0124], [117.4577, 28.9793], [117.4582, 28.9506], [117.4992, 28.934], [117.5229, 28.9043], [117.5383, 28.8573], [117.5385, 28.8211], [117.5094, 28.8034], [117.48, 28.8275], [117.4468, 28.8444], [117.4214, 28.8278], [117.3841, 28.7708], [117.385, 28.7077], [117.3924, 28.6807], [117.4146, 28.6461], [117.4563, 28.6378], [117.5568, 28.6504], [117.5651, 28.6846], [117.5873, 28.7167], [117.6214, 28.7159], [117.6932, 28.681], [117.7055, 28.712], [117.7108, 28.7464], [117.7016, 28.7754], [117.7062, 28.8066], [117.7231, 28.8317], [117.7649, 28.8353], [117.8358, 28.8064], [117.8768, 28.8069], [117.9193, 28.8331], [117.9092, 28.8622], [117.9239, 28.8967], [117.9608, 28.8914], [118.0365, 28.9066], [118.043, 28.9399], [118.0624, 28.9684], [118.1089, 28.9982], [118.0294, 29.0373], [118.0016, 29.1284], [117.9964, 29.1758], [117.9288, 29.1578], [117.8944, 29.136], [117.8456, 29.1274], [117.7869, 29.0908], [117.6599, 29.0675], [117.6182, 29.0452], [117.5863, 29.0593], [117.5221, 29.0457], [117.4937, 29.0762]]]}}, {"type": "Feature", "properties": {"osm_type": "relation", "osm_id": 945606225, "name": "Xiushuixian", "admin_level": "6", "kind": "subdivision_2", "parent_osm_id": 913109, "parent_name": "Jiangxi", "parent_iso": "CN-JX"}, "geometry": {"type": "Polygon", "coordinates": [[[114.3147, 29.3368], [114.2716, 29.3425], [114.2295, 29.3321], [114.232, 29.2875], [114.2236, 29.2592], [114.2076, 29.2472], [114.1322, 29.2057], [114.068, 29.2093], [114.0346, 29.2049], [114.0376, 29.1736], [114.0022, 29.1416], [113.9663, 29.123], [113.9383, 29.1255], [113.9115, 29.0406], [113.9229, 28.9788], [113.9539, 28.9467], [113.9824, 28.9344], [114.0397, 28.8864], [114.0865, 28.837], [114.1272, 28.8456], [114.1381, 28.8319], [114.1411, 28.8015], [114.1367, 28.7623], [114.1841, 28.7922], [114.2011, 28.8293], [114.269, 28.7932], [114.3049, 28.7322], [114.3346, 28.7085], [114.461, 28.6962], [114.4752, 28.7274], [114.5086, 28.7511], [114.5433, 28.7604], [114.5753, 28.7597], [114.5915, 28.7353], [114.6762, 28.6611], [114.7101, 28.6874], [114.7486, 28.7002], [114.7739, 28.7174], [114.7882, 28.7481], [114.8213, 28.756], [114.8638, 28.7583], [114.8904, 28.786], [114.9307, 28.9092], [114.8548, 28.9476], [114.8254, 28.9834], [114.8238, 29.0158], [114.837, 29.0868], [114.8243, 29.1249], [114.7897, 29.1115], [114.7667, 29.1349], [114.7622, 29.1717], [114.7375, 29.1929], [114.6932, 29.1993], [114.5559, 29.1801], [114.514, 29.1836], [114.4935, 29.2059], [114.4895, 29.2454], [114.523, 29.2659], [114.5302, 29.3016], [114.5001, 29.3443], [114.456, 29.3244], [114.4203, 29.3166], [114.3834, 29.3294], [114.3147, 29.3368]]]}}, {"type": "Feature", "properties": {"osm_type": "relation", "osm_id": 460518160, "name": "Lepingshi", "admin_level": "6", "kind": "subdivision_2", "parent_osm_id": 913109, "parent_name": "Jiangxi", "parent_iso": "CN-JX"}, "geometry": {"type": "Polygon", "coordinates": [[[117.2024, 29.1668], [117.1721, 29.1482], [117.108, 29.1237], [117.0823, 29.0983], [117.0453, 29.0908], [117.0336, 29.0643], [117.0301, 29.0183], [117.0189, 28.9857], [116.999, 28.9483], [116.9532, 28.8983], [116.9611, 28.8695], [116.9975, 28.8585], [117.0218, 28.8405], [117.0324, 28.8073], [117.0647, 28.7915], [117.1072, 28.7856], [117.1459, 28.7725], [117.1763, 28.7411], [117.2095, 28.7363], [117.2525, 28.7358], [117.2886, 28.7466], [117.3288, 28.7496], [117.3841, 28.7708], [117.4214, 28.8278], [117.4468, 28.8444], [117.48, 28.8275], [117.5094, 28.8034], [117.5385, 28.8211], [117.5383, 28.8573], [117.5229, 28.9043], [117.4992, 28.934], [117.4582, 28.9506], [117.4577, 28.9793], [117.48, 29.0124], [117.4882, 29.0391], [117.4937, 29.0762], [117.493, 29.1462], [117.4589, 29.1548], [117.4325, 29.1342], [117.3894, 29.1296], [117.3665, 29.1521], [117.3552, 29.1822], [117.2877, 29.1836], [117.2274, 29.1445], [117.2024, 29.1668]]]}}, {"type": "Feature", "properties": {"osm_type": "relation", "osm_id": 678069491, "name": "Xinjianxian", "admin_level": "6", "kind": "subdivision_2", "parent_osm_id": 913109, "parent_name": "Jiangxi", "parent_iso": "CN-JX"}, "geometry": {"type": "Polygon", "coordinates": [[[116.0781, 29.1252], [116.0303, 29.1053], [115.9889, 29.1084], [115.958, 29.0979], [115.9188, 29.0393], [115.8301, 28.9338], [115.8072, 28.8975], [115.8062, 28.8691], [115.8285, 28.7996], [115.8591, 28.7852], [115.8935, 28.8104], [115.942, 28.7878], [115.993, 28.8309], [116.0242, 28.8331], [116.0403, 28.8612], [116.0658, 28.8827], [116.1412, 28.8861], [116.2143, 28.9392], [116.2501, 28.9409], [116.2556, 28.9337], [116.2565, 28.9181], [116.2922, 28.9507], [116.2554, 28.9492], [116.2222, 28.9701], [116.1934, 28.9595], [116.193, 28.982], [116.1817, 29.0016], [116.1845, 29.0136], [116.1786, 29.0433], [116.1195, 29.0102], [116.1175, 29.0206], [116.1486, 29.0622], [116.1497, 29.0777], [116.1436, 29.0953], [116.1282, 29.1047], [116.114, 29.102], [116.089, 29.0809], [116.09, 29.1223], [116.0781, 29.1252]]]}}, {"type": "Feature", "properties": {"osm_type": "relation", "osm_id": 376547557, "name": "Yushanxian", "admin_level": "6", "kind": "subdivision_2", "parent_osm_id": 913109, "parent_name": "Jiangxi", "parent_iso": "CN-JX"}, "geometry": {"type": "Polygon", "coordinates": [[[118.1089, 28.9982], [118.0624, 28.9684], [118.043, 28.9399], [118.0365, 28.9066], [117.9608, 28.8914], [117.9239, 28.8967], [117.9092, 28.8622], [117.9193, 28.8331], [117.8768, 28.8069], [117.9047, 28.7531], [117.9316, 28.7148], [117.923, 28.638], [117.9546, 28.6271], [117.9894, 28.6498], [118.0174, 28.6243], [118.0147, 28.5911], [118.0595, 28.5999], [118.0927, 28.6158], [118.1437, 28.6036], [118.1825, 28.6185], [118.2169, 28.6063], [118.2216, 28.5554], [118.2544, 28.5368], [118.2916, 28.5462], [118.3283, 28.5366], [118.3522, 28.5025], [118.4135, 28.5049], [118.3969, 28.5453], [118.3895, 28.603], [118.3926, 28.6511], [118.3487, 28.8016], [118.303, 28.8484], [118.2631, 28.8554], [118.2591, 28.9048], [118.2088, 28.9233], [118.1753, 28.9084], [118.1674, 28.9375], [118.1679, 28.9554], [118.1564, 28.9793], [118.1089, 28.9982]]]}}, {"type": "Feature", "properties": {"osm_type": "relation", "osm_id": 154283823, "name": "Jinganxian", "admin_level": "6", "kind": "subdivision_2", "parent_osm_id": 913109, "parent_name": "Jiangxi", "parent_iso": "CN-JX"}, "geometry": {"type": "Polygon", "coordinates": [[[114.9307, 28.9092], [114.9031, 28.8168], [115.0014, 28.8156], [115.0313, 28.806], [115.0774, 28.8215], [115.112, 28.845], [115.1583, 28.848], [115.2866, 28.8309], [115.3136, 28.8173], [115.3619, 28.7802], [115.3926, 28.7756], [115.4117, 28.7981], [115.403, 28.8301], [115.4228, 28.8544], [115.4667, 28.8592], [115.4998, 28.8572], [115.5181, 28.8839], [115.4856, 28.9451], [115.4702, 28.9858], [115.4754, 29.016], [115.4468, 29.0297], [115.431, 29.0788], [115.3765, 29.0722], [115.3413, 29.0891], [115.291, 29.0976], [115.2446, 29.0956], [115.1604, 29.0777], [115.0402, 29.0327], [115.0002, 29.0076], [114.9823, 28.9799], [114.9631, 28.9139], [114.9307, 28.9092]]]}}, {"type": "Feature", "properties": {"osm_type": "relation", "osm_id": 575504554, "name": "Anyixian", "admin_level": "6", "kind": "subdivision_2", "parent_osm_id": 913109, "parent_name": "Jiangxi", "parent_iso": "CN-JX"}, "geometry": {"type": "Polygon", "coordinates": [[[115.4754, 29.016], [115.4702, 28.9858], [115.4856, 28.9451], [115.5181, 28.8839], [115.4787, 28.8164], [115.437, 28.7591], [115.4469, 28.7294], [115.495, 28.7154], [115.5296, 28.7296], [115.5566, 28.708], [115.5373, 28.6273], [115.5514, 28.5932], [115.5946, 28.6248], [115.6132, 28.6611], [115.6308, 28.6836], [115.6885, 28.7196], [115.7019, 28.7668], [115.7329, 28.8019], [115.7467, 28.8279], [115.7511, 28.8665], [115.7419, 28.9041], [115.6785, 28.9385], [115.647, 28.9479], [115.6085, 28.946], [115.5733, 28.9606], [115.5064, 29.0063], [115.4754, 29.016]]]}}, {"type": "Feature", "properties": {"osm_type": "relation", "osm_id": 551131520, "name": "Nanchangxian", "admin_level": "6", "kind": "subdivision_2", "parent_osm_id": 913109, "parent_name": "Jiangxi", "parent_iso": "CN-JX"}, "geometry": {"type": "Polygon", "coordinates": [[[116.2565, 28.9181], [116.2556, 28.9337], [116.2501, 28.9409], [116.2143, 28.9392], [116.1412, 28.8861], [116.0658, 28.8827], [116.0403, 28.8612], [116.0242, 28.8331], [115.993, 28.8309], [115.942, 28.7878], [115.96, 28.7501], [115.9626, 28.7222], [116.0016, 28.7183], [116.013, 28.6912], [115.9967, 28.6538], [115.9686, 28.6078], [115.9416, 28.5801], [115.8964, 28.6085], [115.8416, 28.609], [115.8033, 28.5558], [115.8016, 28.5167], [115.8211, 28.4436], [115.8168, 28.4153], [115.8057, 28.3848], [115.8127, 28.3523], [115.8419, 28.335], [115.8585, 28.3085], [115.8884, 28.2868], [115.958, 28.2567], [115.9954, 28.2594], [116.0292, 28.2729], [116.0736, 28.3009], [116.0163, 28.3865], [116.0201, 28.4414], [116.064, 28.4665], [116.087, 28.4928], [116.0889, 28.5202], [116.1119, 28.5465], [116.1339, 28.5591], [116.1761, 28.5568], [116.1981, 28.5694], [116.2432, 28.6082], [116.2452, 28.6356], [116.2271, 28.6778], [116.2732, 28.7303], [116.2996, 28.7719], [116.2786, 28.8072], [116.2693, 28.8373], [116.2521, 28.8301], [116.2422, 28.8601], [116.3222, 28.8591], [116.3346, 28.8637], [116.3409, 28.8944], [116.3172, 28.8819], [116.2887, 28.8748], [116.2543, 28.8784], [116.2357, 28.8985], [116.2565, 28.9181]]]}}, {"type": "Feature", "properties": {"osm_type": "relation", "osm_id": 462636648, "name": "Shangraoxian", "admin_level": "6", "kind": "subdivision_2", "parent_osm_id": 913109, "parent_name": "Jiangxi", "parent_iso": "CN-JX"}, "geometry": {"type": "Polygon", "coordinates": [[[117.6932, 28.681], [117.7386, 28.6254], [117.7372, 28.5945], [117.7031, 28.5624], [117.7201, 28.5235], [117.694, 28.4958], [117.7203, 28.4718], [117.721, 28.4292], [117.6839, 28.3837], [117.7113, 28.3316], [117.7372, 28.3053], [117.7554, 28.3361], [117.7867, 28.3357], [117.8404, 28.2972], [117.8553, 28.2724], [117.8147, 28.2429], [117.8493, 28.2301], [117.8908, 28.2008], [117.9095, 28.1766], [117.9351, 28.1555], [117.947, 28.1185], [117.953, 27.9895], [118.018, 27.9941], [118.0484, 27.9895], [118.0679, 27.9766], [118.0796, 27.9822], [118.0816, 28.0053], [118.1121, 28.0392], [118.1542, 28.0593], [118.1744, 28.1118], [118.1773, 28.1554], [118.1628, 28.256], [118.1688, 28.3229], [118.1088, 28.2968], [118.0668, 28.3082], [118.0309, 28.3638], [118.0181, 28.3947], [118.1284, 28.4409], [118.1454, 28.4849], [118.1119, 28.5538], [118.1102, 28.5837], [118.1437, 28.6036], [118.0927, 28.6158], [118.0595, 28.5999], [118.0147, 28.5911], [118.0174, 28.6243], [117.9894, 28.6498], [117.9546, 28.6271], [117.923, 28.638], [117.9316, 28.7148], [117.9047, 28.7531], [117.8768, 28.8069], [117.8358, 28.8064], [117.7649, 28.8353], [117.7231, 28.8317], [117.7062, 28.8066], [117.7016, 28.7754], [117.7108, 28.7464], [117.7055, 28.712], [117.6932, 28.681]], [[117.9946, 28.4987], [117.9911, 28.4492], [117.9831, 28.4201], [117.9482, 28.3645], [117.9204, 28.386], [117.9072, 28.4149], [117.8832, 28.4382], [117.8854, 28.4714], [117.9189, 28.5056], [117.9946, 28.4987]]]}}, {"type": "Feature", "properties": {"osm_type": "relation", "osm_id": 150488080, "name": "Yuganxian", "admin_level": "6", "kind": "subdivision_2", "parent_osm_id": 913109, "parent_name": "Jiangxi", "parent_iso": "CN-JX"}, "geometry": {"type": "Polygon", "coordinates": [[[116.2693, 28.8373], [116.2786, 28.8072], [116.2973, 28.7703], [116.427, 28.7073], [116.451, 28.6839], [116.4629, 28.6261], [116.4962, 28.539], [116.5421, 28.4694], [116.572, 28.3984], [116.6013, 28.3733], [116.6389, 28.3636], [116.6715, 28.3616], [116.704, 28.3682], [116.7733, 28.3553], [116.8442, 28.388], [116.8545, 28.4155], [116.8755, 28.439], [116.86, 28.4689], [116.8966, 28.4672], [116.9081, 28.5035], [116.878, 28.5237], [116.8525, 28.6053], [116.8281, 28.6288], [116.819, 28.6559], [116.8332, 28.6887], [116.8273, 28.7165], [116.8112, 28.7468], [116.7789, 28.7691], [116.7591, 28.7918], [116.7129, 28.8659], [116.682, 28.8861], [116.5946, 28.8957], [116.5961, 28.8627], [116.5827, 28.8704], [116.5796, 28.8913], [116.5599, 28.9046], [116.4897, 28.912], [116.4755, 28.9094], [116.5434, 28.8813], [116.5584, 28.858], [116.5532, 28.8427], [116.513, 28.8485], [116.5315, 28.8197], [116.5772, 28.7981], [116.5744, 28.7619], [116.5526, 28.7822], [116.5307, 28.7921], [116.5218, 28.7892], [116.509, 28.7518], [116.4665, 28.7456], [116.4832, 28.781], [116.4428, 28.7763], [116.4473, 28.8089], [116.4259, 28.8257], [116.4269, 28.8395], [116.4484, 28.8867], [116.4525, 28.9055], [116.4287, 28.9172], [116.3832, 28.88], [116.3667, 28.874], [116.3318, 28.8258], [116.318, 28.8196], [116.3019, 28.8274], [116.2912, 28.8453], [116.2693, 28.8373]]]}}, {"type": "Feature", "properties": {"osm_type": "relation", "osm_id": 982603296, "name": "Wannianxian", "admin_level": "6", "kind": "subdivision_2", "parent_osm_id": 913109, "parent_name": "Jiangxi", "parent_iso": "CN-JX"}, "geometry": {"type": "Polygon", "coordinates": [[[116.7591, 28.7918], [116.7789, 28.7691], [116.8112, 28.7468], [116.8273, 28.7165], [116.8332, 28.6887], [116.819, 28.6559], [116.8281, 28.6288], [116.8525, 28.6053], [116.878, 28.5237], [116.9081, 28.5035], [117.0044, 28.4984], [117.0526, 28.519], [117.0659, 28.5511], [117.0605, 28.5907], [117.0945, 28.6115], [117.1205, 28.5836], [117.154, 28.577], [117.1844, 28.5443], [117.2306, 28.6429], [117.2304, 28.6745], [117.2525, 28.7358], [117.1763, 28.7411], [117.1459, 28.7725], [117.1072, 28.7856], [117.0647, 28.7915], [117.0324, 28.8073], [117.0218, 28.8405], [116.9975, 28.8585], [116.9611, 28.8695], [116.9101, 28.8732], [116.8799, 28.8601], [116.808, 28.8809], [116.8071, 28.8514], [116.8194, 28.813], [116.7591, 28.7918]]]}}, {"type": "Feature", "properties": {"osm_type": "relation", "osm_id": 233832812, "name": "Nanchangshi", "admin_level": "6", "kind": "subdivision_2", "parent_osm_id": 913109, "parent_name": "Jiangxi", "parent_iso": "CN-JX"}, "geometry": {"type": "Polygon", "coordinates": [[[115.7419, 28.9041], [115.7511, 28.8665], [115.7467, 28.8279], [115.7329, 28.8019], [115.7019, 28.7668], [115.6885, 28.7196], [115.745, 28.7331], [115.7728, 28.7591], [115.8358, 28.7145], [115.8443, 28.6759], [115.8416, 28.609], [115.8964, 28.6085], [115.9416, 28.5801], [115.9686, 28.6078], [115.9967, 28.6538], [116.013, 28.6912], [116.0016, 28.7183], [115.9626, 28.7222], [115.96, 28.7501], [115.942, 28.7878], [115.8935, 28.8104], [115.8591, 28.7852], [115.8285, 28.7996], [115.8062, 28.8691], [115.8072, 28.8975], [115.7419, 28.9041]]]}}, {"type": "Feature", "properties": {"osm_type": "relation", "osm_id": 241300809, "name": "Yiyangxian", "admin_level": "6", "kind": "subdivision_2", "parent_osm_id": 913109, "parent_name": "Jiangxi", "parent_iso": "CN-JX"}, "geometry": {"type": "Polygon", "coordinates": [[[117.3841, 28.7708], [117.3288, 28.7496], [117.2886, 28.7466], [117.2525, 28.7358], [117.2304, 28.6745], [117.2306, 28.6429], [117.2634, 28.6038], [117.2812, 28.5723], [117.3192, 28.473], [117.3173, 28.4451], [117.3078, 28.4159], [117.3109, 28.3518], [117.2839, 28.3155], [117.2555, 28.2953], [117.2736, 28.2663], [117.2817, 28.2374], [117.2632, 28.2139], [117.2482, 28.1822], [117.2502, 28.1549], [117.2757, 28.1325], [117.383, 28.1085], [117.4146, 28.088], [117.4563, 28.083], [117.4657, 28.1124], [117.4892, 28.1545], [117.4761, 28.2137], [117.4598, 28.2527], [117.4324, 28.2923], [117.4523, 28.319], [117.475, 28.2996], [117.529, 28.3094], [117.5514, 28.3496], [117.5284, 28.3902], [117.4992, 28.4057], [117.4777, 28.4389], [117.5119, 28.4593], [117.5068, 28.488], [117.534, 28.531], [117.555, 28.5597], [117.5895, 28.5853], [117.6115, 28.61], [117.6053, 28.6434], [117.5568, 28.6504], [117.4563, 28.6378], [117.4146, 28.6461], [117.3924, 28.6807], [117.385, 28.7077], [117.3841, 28.7708]]]}}, {"type": "Feature", "properties": {"osm_type": "relation", "osm_id": 908978025, "name": "Fengxinxian", "admin_level": "6", "kind": "subdivision_2", "parent_osm_id": 913109, "parent_name": "Jiangxi", "parent_iso": "CN-JX"}, "geometry": {"type": "Polygon", "coordinates": [[[114.6762, 28.6611], [114.7296, 28.6215], [114.7681, 28.5811], [114.793, 28.5647], [114.8359, 28.5631], [114.9244, 28.5827], [115.0083, 28.5655], [115.0509, 28.5674], [115.1643, 28.6048], [115.1964, 28.5985], [115.2251, 28.5746], [115.2968, 28.5627], [115.3151, 28.5406], [115.3484, 28.5567], [115.373, 28.5819], [115.406, 28.5693], [115.4303, 28.5464], [115.4574, 28.5648], [115.4801, 28.5907], [115.5123, 28.5987], [115.5514, 28.5932], [115.5373, 28.6273], [115.5566, 28.708], [115.5296, 28.7296], [115.495, 28.7154], [115.4469, 28.7294], [115.437, 28.7591], [115.4787, 28.8164], [115.4998, 28.8572], [115.4667, 28.8592], [115.4228, 28.8544], [115.403, 28.8301], [115.4117, 28.7981], [115.3926, 28.7756], [115.3619, 28.7802], [115.3136, 28.8173], [115.2866, 28.8309], [115.1583, 28.848], [115.112, 28.845], [115.0774, 28.8215], [115.0313, 28.806], [115.0014, 28.8156], [114.9031, 28.8168], [114.8904, 28.786], [114.8638, 28.7583], [114.8213, 28.756], [114.7882, 28.7481], [114.7739, 28.7174], [114.7486, 28.7002], [114.7101, 28.6874], [114.6762, 28.6611]]]}}, {"type": "Feature", "properties": {"osm_type": "relation", "osm_id": 514711083, "name": "Hengfengxian", "admin_level": "6", "kind": "subdivision_2", "parent_osm_id": 913109, "parent_name": "Jiangxi", "parent_iso": "CN-JX"}, "geometry": {"type": "Polygon", "coordinates": [[[117.5568, 28.6504], [117.6053, 28.6434], [117.6115, 28.61], [117.5895, 28.5853], [117.555, 28.5597], [117.534, 28.531], [117.5068, 28.488], [117.5119, 28.4593], [117.4777, 28.4389], [117.4992, 28.4057], [117.5284, 28.3902], [117.5514, 28.3496], [117.529, 28.3094], [117.5675, 28.2681], [117.5987, 28.2844], [117.6004, 28.3166], [117.6313, 28.3227], [117.6349, 28.3567], [117.6839, 28.3837], [117.721, 28.4292], [117.7203, 28.4718], [117.694, 28.4958], [117.7201, 28.5235], [117.7031, 28.5624], [117.7372, 28.5945], [117.7386, 28.6254], [117.6932, 28.681], [117.6214, 28.7159], [117.5873, 28.7167], [117.5651, 28.6846], [117.5568, 28.6504]]]}}, {"type": "Feature", "properties": {"osm_type": "relation", "osm_id": 960018818, "name": "Jinxianxian", "admin_level": "6", "kind": "subdivision_2", "parent_osm_id": 913109, "parent_name": "Jiangxi", "parent_iso": "CN-JX"}, "geometry": {"type": "Polygon", "coordinates": [[[116.0736, 28.3009], [116.0808, 28.2475], [116.1108, 28.2301], [116.1905, 28.1661], [116.2115, 28.1649], [116.2344, 28.1912], [116.3247, 28.1921], [116.3808, 28.2182], [116.4245, 28.222], [116.4496, 28.2448], [116.4659, 28.2765], [116.4888, 28.2993], [116.4968, 28.3316], [116.5281, 28.3956], [116.5222, 28.4296], [116.5421, 28.4694], [116.4962, 28.539], [116.4629, 28.6261], [116.451, 28.6839], [116.427, 28.7073], [116.2973, 28.7703], [116.2732, 28.7303], [116.2271, 28.6778], [116.2452, 28.6356], [116.2432, 28.6082], [116.1981, 28.5694], [116.1761, 28.5568], [116.1339, 28.5591], [116.1119, 28.5465], [116.0889, 28.5202], [116.087, 28.4928], [116.064, 28.4665], [116.0201, 28.4414], [116.0163, 28.3865], [116.0736, 28.3009]]]}}, {"type": "Feature", "properties": {"osm_type": "relation", "osm_id": 421284168, "name": "Guangfengxian", "admin_level": "6", "kind": "subdivision_2", "parent_osm_id": 913109, "parent_name": "Jiangxi", "parent_iso": "CN-JX"}, "geometry": {"type": "Polygon", "coordinates": [[[118.1437, 28.6036], [118.1102, 28.5837], [118.1119, 28.5538], [118.1454, 28.4849], [118.1284, 28.4409], [118.0181, 28.3947], [118.0309, 28.3638], [118.0668, 28.3082], [118.1088, 28.2968], [118.1688, 28.3229], [118.1628, 28.256], [118.1773, 28.1554], [118.1744, 28.1118], [118.1542, 28.0593], [118.2295, 28.0809], [118.2893, 28.0833], [118.3423, 28.1013], [118.3509, 28.1428], [118.3342, 28.1878], [118.3072, 28.1967], [118.2898, 28.222], [118.313, 28.2411], [118.3362, 28.2718], [118.3742, 28.2819], [118.3944, 28.2676], [118.398, 28.283], [118.4355, 28.3118], [118.4431, 28.3525], [118.4367, 28.3735], [118.4377, 28.4209], [118.4447, 28.4652], [118.4135, 28.5049], [118.3522, 28.5025], [118.3283, 28.5366], [118.2916, 28.5462], [118.2544, 28.5368], [118.2216, 28.5554], [118.2169, 28.6063], [118.1825, 28.6185], [118.1437, 28.6036]]]}}, {"type": "Feature", "properties": {"osm_type": "relation", "osm_id": 874177291, "name": "Tongguxian", "admin_level": "6", "kind": "subdivision_2", "parent_osm_id": 913109, "parent_name": "Jiangxi", "parent_iso": "CN-JX"}, "geometry": {"type": "Polygon", "coordinates": [[[114.1367, 28.7623], [114.1294, 28.6805], [114.1085, 28.6186], [114.0783, 28.5811], [114.0814, 28.5534], [114.1478, 28.5095], [114.2, 28.5], [114.2012, 28.4785], [114.1839, 28.4567], [114.1577, 28.4432], [114.1723, 28.4195], [114.206, 28.4141], [114.2418, 28.3691], [114.2916, 28.3749], [114.4242, 28.4271], [114.4533, 28.4471], [114.47, 28.4856], [114.4986, 28.5073], [114.5344, 28.5287], [114.5808, 28.5467], [114.6624, 28.56], [114.6947, 28.5753], [114.7296, 28.6215], [114.614, 28.7142], [114.5915, 28.7353], [114.5753, 28.7597], [114.5433, 28.7604], [114.5086, 28.7511], [114.4752, 28.7274], [114.461, 28.6962], [114.3346, 28.7085], [114.3049, 28.7322], [114.269, 28.7932], [114.2011, 28.8293], [114.1841, 28.7922], [114.1367, 28.7623]]]}}, {"type": "Feature", "properties": {"osm_type": "relation", "osm_id": 906307761, "name": "Xinjianxian", "admin_level": "6", "kind": "subdivision_2", "parent_osm_id": 913109, "parent_name": "Jiangxi", "parent_iso": "CN-JX"}, "geometry": {"type": "Polygon", "coordinates": [[[115.5514, 28.5932], [115.5632, 28.5645], [115.5579, 28.5293], [115.5445, 28.4644], [115.5162, 28.3765], [115.5509, 28.3683], [115.5778, 28.3871], [115.6029, 28.3649], [115.6079, 28.3358], [115.6322, 28.3113], [115.6553, 28.3322], [115.6896, 28.3426], [115.73, 28.3308], [115.7714, 28.333], [115.8127, 28.3523], [115.8057, 28.3848], [115.8168, 28.4153], [115.8211, 28.4436], [115.8016, 28.5167], [115.8033, 28.5558], [115.8416, 28.609], [115.8443, 28.6759], [115.8358, 28.7145], [115.7728, 28.7591], [115.745, 28.7331], [115.6885, 28.7196], [115.6308, 28.6836], [115.6132, 28.6611], [115.5946, 28.6248], [115.5514, 28.5932]]]}}, {"type": "Feature", "properties": {"osm_type": "relation", "osm_id": 330266388, "name": "Guixixian", "admin_level": "6", "kind": "subdivision_2", "parent_osm_id": 913109, "parent_name": "Jiangxi", "parent_iso": "CN-JX"}, "geometry": {"type": "Polygon", "coordinates": [[[117.1844, 28.5443], [117.1264, 28.491], [117.0961, 28.4694], [117.0127, 28.4614], [116.979, 28.4477], [116.9721, 28.4198], [116.9812, 28.3861], [116.9769, 28.3412], [116.9675, 28.3143], [116.9866, 28.2887], [117.0398, 28.2672], [117.0655, 28.2857], [117.1001, 28.2715], [117.1291, 28.2062], [117.1112, 28.182], [117.0665, 28.1654], [117.0392, 28.1448], [116.9944, 28.1315], [116.9652, 28.1617], [116.9493, 28.1269], [116.9211, 28.0993], [116.9087, 28.0715], [116.9273, 28.0458], [116.9564, 28.0313], [116.9746, 27.9966], [117.0301, 27.9514], [117.0191, 27.9222], [116.9779, 27.8704], [116.9895, 27.8395], [117.0313, 27.8446], [117.0927, 27.9001], [117.1079, 27.8717], [117.1506, 27.8745], [117.191, 27.8836], [117.2287, 27.8748], [117.2561, 27.8583], [117.2681, 27.8823], [117.334, 27.8732], [117.3537, 27.9034], [117.4276, 27.9274], [117.423, 27.9424], [117.4395, 28.0005], [117.4452, 28.0556], [117.4563, 28.083], [117.4146, 28.088], [117.383, 28.1085], [117.2757, 28.1325], [117.2502, 28.1549], [117.2482, 28.1822], [117.2632, 28.2139], [117.2817, 28.2374], [117.2736, 28.2663], [117.2555, 28.2953], [117.2839, 28.3155], [117.3109, 28.3518], [117.3078, 28.4159], [117.3173, 28.4451], [117.3192, 28.473], [117.2812, 28.5723], [117.2634, 28.6038], [117.2306, 28.6429], [117.1844, 28.5443]]]}}, {"type": "Feature", "properties": {"osm_type": "relation", "osm_id": 160301415, "name": "Yujiangxian", "admin_level": "6", "kind": "subdivision_2", "parent_osm_id": 913109, "parent_name": "Jiangxi", "parent_iso": "CN-JX"}, "geometry": {"type": "Polygon", "coordinates": [[[116.7733, 28.3553], [116.7826, 28.3092], [116.7928, 28.2831], [116.7876, 28.249], [116.7576, 28.2353], [116.686, 28.2314], [116.6827, 28.1983], [116.7191, 28.17], [116.7516, 28.1638], [116.7853, 28.1701], [116.7958, 28.1158], [116.7888, 28.0833], [116.819, 28.0646], [116.8717, 28.051], [116.9087, 28.0715], [116.9211, 28.0993], [116.9493, 28.1269], [116.9652, 28.1617], [116.9611, 28.1925], [116.9646, 28.2234], [116.9866, 28.2887], [116.9675, 28.3143], [116.9769, 28.3412], [116.9812, 28.3861], [116.9721, 28.4198], [116.979, 28.4477], [117.0127, 28.4614], [117.0961, 28.4694], [117.1264, 28.491], [117.1844, 28.5443], [117.154, 28.577], [117.1205, 28.5836], [117.0945, 28.6115], [117.0605, 28.5907], [117.0659, 28.5511], [117.0526, 28.519], [117.0044, 28.4984], [116.9081, 28.5035], [116.8966, 28.4672], [116.86, 28.4689], [116.8755, 28.439], [116.8545, 28.4155], [116.8442, 28.388], [116.7733, 28.3553]]]}}, {"type": "Feature", "properties": {"osm_type": "relation", "osm_id": 699983982, "name": "Shangraoshi", "admin_level": "6", "kind": "subdivision_2", "parent_osm_id": 913109, "parent_name": "Jiangxi", "parent_iso": "CN-JX"}, "geometry": {"type": "Polygon", "coordinates": [[[117.9946, 28.4987], [117.9189, 28.5056], [117.8854, 28.4714], [117.8832, 28.4382], [117.9072, 28.4149], [117.9204, 28.386], [117.9482, 28.3645], [117.9831, 28.4201], [117.9911, 28.4492], [117.9946, 28.4987]]]}}, {"type": "Feature", "properties": {"osm_type": "relation", "osm_id": 454443181, "name": "Gaoanshi", "admin_level": "6", "kind": "subdivision_2", "parent_osm_id": 913109, "parent_name": "Jiangxi", "parent_iso": "CN-JX"}, "geometry": {"type": "Polygon", "coordinates": [[[115.0083, 28.5655], [114.9849, 28.494], [115.0172, 28.4677], [115.0963, 28.4448], [115.1129, 28.4214], [115.0876, 28.3833], [115.0602, 28.3662], [115.1092, 28.2979], [115.1277, 28.2558], [115.1059, 28.243], [115.0631, 28.2312], [115.0414, 28.2184], [115.0366, 28.1361], [115.0219, 28.0584], [115.0486, 28.0435], [115.1215, 28.0451], [115.1486, 28.0296], [115.1846, 28.0312], [115.212, 28.086], [115.2378, 28.0617], [115.2723, 28.0638], [115.3361, 28.1182], [115.37, 28.1079], [115.4012, 28.1179], [115.4316, 28.1116], [115.4622, 28.0959], [115.5646, 28.1112], [115.5271, 28.1335], [115.5299, 28.161], [115.5187, 28.1974], [115.4617, 28.244], [115.415, 28.2679], [115.4319, 28.2949], [115.5078, 28.3429], [115.5445, 28.4644], [115.5579, 28.5293], [115.5632, 28.5645], [115.5514, 28.5932], [115.5123, 28.5987], [115.4801, 28.5907], [115.4574, 28.5648], [115.4303, 28.5464], [115.406, 28.5693], [115.373, 28.5819], [115.3484, 28.5567], [115.3151, 28.5406], [115.2968, 28.5627], [115.2251, 28.5746], [115.1964, 28.5985], [115.1643, 28.6048], [115.0509, 28.5674], [115.0083, 28.5655]]]}}, {"type": "Feature", "properties": {"osm_type": "relation", "osm_id": 549522908, "name": "Shanggaoxian", "admin_level": "6", "kind": "subdivision_2", "parent_osm_id": 913109, "parent_name": "Jiangxi", "parent_iso": "CN-JX"}, "geometry": {"type": "Polygon", "coordinates": [[[114.7296, 28.6215], [114.6947, 28.5753], [114.6624, 28.56], [114.5808, 28.5467], [114.5344, 28.5287], [114.4986, 28.5073], [114.47, 28.4856], [114.4533, 28.4471], [114.4242, 28.4271], [114.3902, 28.4119], [114.446, 28.3681], [114.5619, 28.2944], [114.5835, 28.2656], [114.5906, 28.2329], [114.589, 28.2002], [114.6291, 28.1974], [114.6609, 28.2055], [114.6926, 28.2298], [114.7225, 28.2137], [114.7298, 28.1814], [114.7633, 28.1853], [114.8024, 28.216], [114.8126, 28.2445], [114.8697, 28.2953], [114.9011, 28.3143], [114.9398, 28.3218], [114.9752, 28.3387], [115.0127, 28.3434], [115.0602, 28.3662], [115.0876, 28.3833], [115.1129, 28.4214], [115.0963, 28.4448], [115.0172, 28.4677], [114.9849, 28.494], [115.0083, 28.5655], [114.9244, 28.5827], [114.8359, 28.5631], [114.793, 28.5647], [114.7681, 28.5811], [114.7296, 28.6215]]]}}, {"type": "Feature", "properties": {"osm_type": "relation", "osm_id": 893190588, "name": "Dongxiangxian", "admin_level": "6", "kind": "subdivision_2", "parent_osm_id": 913109, "parent_name": "Jiangxi", "parent_iso": "CN-JX"}, "geometry": {"type": "Polygon", "coordinates": [[[116.5421, 28.4694], [116.5222, 28.4296], [116.5281, 28.3956], [116.4968, 28.3316], [116.4888, 28.2993], [116.4659, 28.2765], [116.4496, 28.2448], [116.4245, 28.222], [116.3808, 28.2182], [116.3247, 28.1921], [116.3381, 28.1672], [116.352, 28.1091], [116.3659, 28.0804], [116.406, 28.074], [116.4364, 28.0483], [116.5166, 28.0514], [116.5507, 28.0319], [116.6046, 28.0381], [116.6387, 28.0221], [116.6741, 28.0419], [116.6865, 28.0724], [116.7653, 28.0264], [116.7967, 28.0301], [116.819, 28.0646], [116.7888, 28.0833], [116.7958, 28.1158], [116.7853, 28.1701], [116.7516, 28.1638], [116.7191, 28.17], [116.6827, 28.1983], [116.686, 28.2314], [116.7576, 28.2353], [116.7876, 28.249], [116.7928, 28.2831], [116.7826, 28.3092], [116.7733, 28.3553], [116.704, 28.3682], [116.6715, 28.3616], [116.6389, 28.3636], [116.6013, 28.3733], [116.572, 28.3984], [116.5421, 28.4694]]]}}, {"type": "Feature", "properties": {"osm_type": "relation", "osm_id": 174024564, "name": "Qianshanxian", "admin_level": "6", "kind": "subdivision_2", "parent_osm_id": 913109, "parent_name": "Jiangxi", "parent_iso": "CN-JX"}, "geometry": {"type": "Polygon", "coordinates": [[[117.6839, 28.3837], [117.6349, 28.3567], [117.6313, 28.3227], [117.6004, 28.3166], [117.5987, 28.2844], [117.5675, 28.2681], [117.529, 28.3094], [117.475, 28.2996], [117.4523, 28.319], [117.4324, 28.2923], [117.4598, 28.2527], [117.4761, 28.2137], [117.4892, 28.1545], [117.4657, 28.1124], [117.4452, 28.0556], [117.4395, 28.0005], [117.423, 27.9424], [117.4276, 27.9274], [117.445, 27.933], [117.4603, 27.959], [117.4965, 27.9909], [117.5498, 27.977], [117.5573, 27.9264], [117.6076, 27.8473], [117.689, 27.8398], [117.7406, 27.8456], [117.8305, 27.9324], [117.9146, 27.9845], [117.953, 27.9895], [117.947, 28.1185], [117.9351, 28.1555], [117.9095, 28.1766], [117.8908, 28.2008], [117.8493, 28.2301], [117.8147, 28.2429], [117.8553, 28.2724], [117.8404, 28.2972], [117.7867, 28.3357], [117.7554, 28.3361], [117.7372, 28.3053], [117.7113, 28.3316], [117.6839, 28.3837]]]}}, {"type": "Feature", "properties": {"osm_type": "relation", "osm_id": 638398581, "name": "Fengchengshi", "admin_level": "6", "kind": "subdivision_2", "parent_osm_id": 913109, "parent_name": "Jiangxi", "parent_iso": "CN-JX"}, "geometry": {"type": "Polygon", "coordinates": [[[115.8127, 28.3523], [115.7714, 28.333], [115.73, 28.3308], [115.6896, 28.3426], [115.6553, 28.3322], [115.6322, 28.3113], [115.6079, 28.3358], [115.6029, 28.3649], [115.5778, 28.3871], [115.5509, 28.3683], [115.5162, 28.3765], [115.5078, 28.3429], [115.4319, 28.2949], [115.415, 28.2679], [115.4617, 28.244], [115.5187, 28.1974], [115.5299, 28.161], [115.5271, 28.1335], [115.5646, 28.1112], [115.5945, 28.0731], [115.6239, 28.0619], [115.6609, 28.0612], [115.6769, 28.0371], [115.6843, 28.006], [115.6743, 27.9757], [115.6369, 27.9516], [115.6464, 27.9207], [115.6648, 27.896], [115.6649, 27.8626], [115.649, 27.827], [115.6302, 27.8055], [115.6581, 27.7891], [115.7377, 27.7228], [115.8294, 27.7166], [115.8476, 27.7467], [115.8491, 27.8033], [115.8544, 27.8315], [115.8747, 27.8521], [115.9005, 27.8688], [115.9388, 27.8798], [115.9692, 27.8762], [116.0033, 27.8845], [116.0618, 27.9261], [116.1216, 28.0501], [116.1201, 28.0879], [116.1103, 28.1218], [116.0728, 28.1327], [116.0616, 28.159], [116.0899, 28.1868], [116.1108, 28.2301], [116.0808, 28.2475], [116.0736, 28.3009], [116.0292, 28.2729], [115.9954, 28.2594], [115.958, 28.2567], [115.8884, 28.2868], [115.8585, 28.3085], [115.8419, 28.335], [115.8127, 28.3523]]]}}, {"type": "Feature", "properties": {"osm_type": "relation", "osm_id": 878252756, "name": "Yingtanshi", "admin_level": "6", "kind": "subdivision_2", "parent_osm_id": 913109, "parent_name": "Jiangxi", "parent_iso": "CN-JX"}, "geometry": {"type": "Polygon", "coordinates": [[[116.9866, 28.2887], [116.9646, 28.2234], [116.9611, 28.1925], [116.9652, 28.1617], [116.9944, 28.1315], [117.0392, 28.1448], [117.0665, 28.1654], [117.1112, 28.182], [117.1291, 28.2062], [117.1001, 28.2715], [117.0655, 28.2857], [117.0398, 28.2672], [116.9866, 28.2887]]]}}, {"type": "Feature", "properties": {"osm_type": "relation", "osm_id": 803595804, "name": "Wanzaixian", "admin_level": "6", "kind": "subdivision_2", "parent_osm_id": 913109, "parent_name": "Jiangxi", "parent_iso": "CN-JX"}, "geometry": {"type": "Polygon", "coordinates": [[[114.2418, 28.3691], [114.2473, 28.362], [114.195, 28.284], [114.1356, 28.2625], [114.0957, 28.2386], [114.052, 28.1934], [113.9723, 28.1742], [113.9708, 28.1626], [113.9921, 28.1245], [114.0279, 28.0931], [114.0236, 28.0769], [114.0928, 28.0097], [114.0784, 27.9835], [114.1131, 27.9669], [114.1485, 27.9604], [114.1945, 27.9957], [114.2563, 28.0069], [114.4189, 27.9949], [114.4871, 28.0086], [114.5177, 28.1173], [114.5241, 28.1833], [114.589, 28.2002], [114.5906, 28.2329], [114.5835, 28.2656], [114.5619, 28.2944], [114.446, 28.3681], [114.3902, 28.4119], [114.2916, 28.3749], [114.2418, 28.3691]]]}}, {"type": "Feature", "properties": {"osm_type": "relation", "osm_id": 212506502, "name": "Shanggaoxian", "admin_level": "6", "kind": "subdivision_2", "parent_osm_id": 913109, "parent_name": "Jiangxi", "parent_iso": "CN-JX"}, "geometry": {"type": "Polygon", "coordinates": [[[115.0602, 28.3662], [115.0127, 28.3434], [114.9752, 28.3387], [114.9398, 28.3218], [114.9011, 28.3143], [114.8697, 28.2953], [114.8126, 28.2445], [114.8024, 28.216], [114.7633, 28.1853], [114.7298, 28.1814], [114.7225, 28.2137], [114.6926, 28.2298], [114.6609, 28.2055], [114.6291, 28.1974], [114.589, 28.2002], [114.5241, 28.1833], [114.5177, 28.1173], [114.4871, 28.0086], [114.5545, 28.0265], [114.6034, 28.0543], [114.6868, 28.0702], [114.7223, 28.0727], [114.7569, 28.0657], [114.7853, 28.0108], [114.8504, 28.0107], [114.9332, 28.0542], [115.0219, 28.0584], [115.0366, 28.1361], [115.0414, 28.2184], [115.0631, 28.2312], [115.1059, 28.243], [115.1277, 28.2558], [115.1092, 28.2979], [115.0602, 28.3662]]]}}, {"type": "Feature", "properties": {"osm_type": "relation", "osm_id": 239403744, "name": "Linchanshi", "admin_level": "6", "kind": "subdivision_2", "parent_osm_id": 913109, "parent_name": "Jiangxi", "parent_iso": "CN-JX"}, "geometry": {"type": "Polygon", "coordinates": [[[116.1108, 28.2301], [116.0899, 28.1868], [116.0616, 28.159], [116.0728, 28.1327], [116.1103, 28.1218], [116.1201, 28.0879], [116.1216, 28.0501], [116.0618, 27.9261], [116.0968, 27.869], [116.1299, 27.8621], [116.1703, 27.8824], [116.2141, 27.8877], [116.2469, 27.866], [116.2453, 27.8029], [116.2209, 27.7266], [116.3052, 27.6795], [116.3297, 27.6532], [116.3715, 27.6496], [116.4039, 27.6203], [116.4204, 27.591], [116.4562, 27.5827], [116.4454, 27.5562], [116.4127, 27.5425], [116.4283, 27.5169], [116.4828, 27.5155], [116.5023, 27.5426], [116.501, 27.582], [116.4839, 27.652], [116.5049, 27.6862], [116.5368, 27.7026], [116.614, 27.7079], [116.6294, 27.7356], [116.6381, 27.7635], [116.6123, 27.7868], [116.6109, 27.8187], [116.5612, 27.8567], [116.5424, 27.8812], [116.5113, 27.8849], [116.4696, 27.9034], [116.4681, 27.9317], [116.4921, 27.9595], [116.4837, 27.9885], [116.4773, 28.0477], [116.4364, 28.0483], [116.406, 28.074], [116.3659, 28.0804], [116.352, 28.1091], [116.3381, 28.1672], [116.3247, 28.1921], [116.2344, 28.1912], [116.2115, 28.1649], [116.1905, 28.1661], [116.1108, 28.2301]]]}}, {"type": "Feature", "properties": {"osm_type": "relation", "osm_id": 641242601, "name": "Jinxixian", "admin_level": "6", "kind": "subdivision_2", "parent_osm_id": 913109, "parent_name": "Jiangxi", "parent_iso": "CN-JX"}, "geometry": {"type": "Polygon", "coordinates": [[[116.9087, 28.0715], [116.8717, 28.051], [116.819, 28.0646], [116.7967, 28.0301], [116.7653, 28.0264], [116.6865, 28.0724], [116.6741, 28.0419], [116.6387, 28.0221], [116.6046, 28.0381], [116.5507, 28.0319], [116.5166, 28.0514], [116.4773, 28.0477], [116.4837, 27.9885], [116.4921, 27.9595], [116.4681, 27.9317], [116.4696, 27.9034], [116.5113, 27.8849], [116.5424, 27.8812], [116.5612, 27.8567], [116.6109, 27.8187], [116.6123, 27.7868], [116.6381, 27.7635], [116.6294, 27.7356], [116.614, 27.7079], [116.6484, 27.6798], [116.724, 27.6959], [116.7695, 27.7578], [116.7705, 27.7936], [116.7776, 27.8203], [116.7977, 27.8482], [116.8427, 27.8559], [116.8782, 27.8501], [116.9147, 27.8353], [116.9548, 27.8319], [116.9895, 27.8395], [116.9779, 27.8704], [117.0191, 27.9222], [117.0301, 27.9514], [116.9746, 27.9966], [116.9564, 28.0313], [116.9273, 28.0458], [116.9087, 28.0715]]]}}, {"type": "Feature", "properties": {"osm_type": "relation", "osm_id": 292885386, "name": "Zhangshushi", "admin_level": "6", "kind": "subdivision_2", "parent_osm_id": 913109, "parent_name": "Jiangxi", "parent_iso": "CN-JX"}, "geometry": {"type": "Polygon", "coordinates": [[[115.1486, 28.0296], [115.1334, 27.9941], [115.1109, 27.9676], [115.1101, 27.9538], [115.0875, 27.9273], [115.0859, 27.8998], [115.1262, 27.8705], [115.1479, 27.8833], [115.1897, 27.8813], [115.2115, 27.8941], [115.2324, 27.8931], [115.3144, 27.8618], [115.3769, 27.8531], [115.3935, 27.9123], [115.4403, 27.8917], [115.494, 27.926], [115.5178, 27.9066], [115.5154, 27.8739], [115.5656, 27.8379], [115.6302, 27.8055], [115.649, 27.827], [115.6649, 27.8626], [115.6648, 27.896], [115.6464, 27.9207], [115.6369, 27.9516], [115.6743, 27.9757], [115.6843, 28.006], [115.6769, 28.0371], [115.6609, 28.0612], [115.6239, 28.0619], [115.5945, 28.0731], [115.5646, 28.1112], [115.4622, 28.0959], [115.4316, 28.1116], [115.4012, 28.1179], [115.37, 28.1079], [115.3361, 28.1182], [115.2723, 28.0638], [115.2378, 28.0617], [115.212, 28.086], [115.1846, 28.0312], [115.1486, 28.0296]]]}}, {"type": "Feature", "properties": {"osm_type": "relation", "osm_id": 510827759, "name": "Fenyixian", "admin_level": "6", "kind": "subdivision_2", "parent_osm_id": 913109, "parent_name": "Jiangxi", "parent_iso": "CN-JX"}, "geometry": {"type": "Polygon", "coordinates": [[[114.5545, 28.0265], [114.574, 27.9738], [114.5799, 27.9408], [114.5579, 27.9203], [114.5021, 27.8959], [114.4827, 27.8745], [114.4765, 27.847], [114.4856, 27.8121], [114.5185, 27.7968], [114.5499, 27.8069], [114.5719, 27.786], [114.5577, 27.6936], [114.5261, 27.6044], [114.5212, 27.575], [114.5506, 27.566], [114.6015, 27.5151], [114.6377, 27.5328], [114.6597, 27.5533], [114.6934, 27.5723], [114.7474, 27.571], [114.7574, 27.5969], [114.7916, 27.598], [114.8042, 27.6309], [114.7795, 27.66], [114.7599, 27.6932], [114.758, 27.7215], [114.7275, 27.749], [114.7409, 27.7751], [114.7644, 27.7966], [114.784, 27.8253], [114.7654, 27.8971], [114.7841, 27.9306], [114.846, 27.9749], [114.8504, 28.0107], [114.7853, 28.0108], [114.7569, 28.0657], [114.7223, 28.0727], [114.6034, 28.0543], [114.5545, 28.0265]]]}}, {"type": "Feature", "properties": {"osm_type": "relation", "osm_id": 999147376, "name": "Xinyushi", "admin_level": "6", "kind": "subdivision_2", "parent_osm_id": 913109, "parent_name": "Jiangxi", "parent_iso": "CN-JX"}, "geometry": {"type": "Polygon", "coordinates": [[[115.0219, 28.0584], [114.9332, 28.0542], [114.8504, 28.0107], [114.846, 27.9749], [114.7841, 27.9306], [114.7654, 27.8971], [114.784, 27.8253], [114.7644, 27.7966], [114.7409, 27.7751], [114.7275, 27.749], [114.758, 27.7215], [114.7599, 27.6932], [114.7795, 27.66], [114.8042, 27.6309], [114.7916, 27.598], [114.8211, 27.5795], [114.8804, 27.5671], [114.8972, 27.6052], [114.9201, 27.6263], [114.9645, 27.65], [115.0335, 27.6647], [115.0646, 27.6868], [115.1394, 27.6924], [115.2146, 27.7238], [115.2506, 27.7331], [115.3273, 27.7861], [115.3479, 27.8074], [115.3769, 27.8531], [115.3144, 27.8618], [115.2324, 27.8931], [115.2115, 27.8941], [115.1897, 27.8813], [115.1479, 27.8833], [115.1262, 27.8705], [115.0859, 27.8998], [115.0875, 27.9273], [115.1101, 27.9538], [115.1109, 27.9676], [115.1334, 27.9941], [115.1486, 28.0296], [115.1215, 28.0451], [115.0486, 28.0435], [115.0219, 28.0584]]]}}, {"type": "Feature", "properties": {"osm_type": "relation", "osm_id": 876856272, "name": "Yichunshi", "admin_level": "6", "kind": "subdivision_2", "parent_osm_id": 913109, "parent_name": "Jiangxi", "parent_iso": "CN-JX"}, "geometry": {"type": "Polygon", "coordinates": [[[113.8403, 27.9967], [113.9652, 27.9314], [113.9822, 27.901], [113.9551, 27.8733], [113.8992, 27.8327], [113.8963, 27.8048], [113.9276, 27.7831], [113.9487, 27.7601], [113.9544, 27.7315], [113.9853, 27.7177], [114.0287, 27.7153], [114.1103, 27.7289], [114.1423, 27.7181], [114.1952, 27.6743], [114.2033, 27.6418], [114.2033, 27.614], [114.217, 27.5841], [114.2507, 27.5616], [114.2832, 27.5467], [114.3242, 27.5431], [114.3605, 27.5497], [114.3838, 27.5252], [114.4142, 27.5152], [114.4481, 27.5388], [114.5212, 27.575], [114.5261, 27.6044], [114.5577, 27.6936], [114.5719, 27.786], [114.5499, 27.8069], [114.5185, 27.7968], [114.4856, 27.8121], [114.4765, 27.847], [114.4827, 27.8745], [114.5021, 27.8959], [114.5579, 27.9203], [114.5799, 27.9408], [114.574, 27.9738], [114.5545, 28.0265], [114.4189, 27.9949], [114.2563, 28.0069], [114.1945, 27.9957], [114.1485, 27.9604], [114.1131, 27.9669], [114.0784, 27.9835], [114.0928, 28.0097], [114.0236, 28.0769], [114.0208, 28.0665], [114.0058, 28.0491], [113.9827, 28.0336], [113.9331, 28.0198], [113.8982, 28.0171], [113.8865, 28.0049], [113.8403, 27.9967]]]}}, {"type": "Feature", "properties": {"osm_type": "relation", "osm_id": 451542685, "name": "Zixixian", "admin_level": "6", "kind": "subdivision_2", "parent_osm_id": 913109, "parent_name": "Jiangxi", "parent_iso": "CN-JX"}, "geometry": {"type": "Polygon", "coordinates": [[[116.9895, 27.8395], [116.9548, 27.8319], [116.9147, 27.8353], [116.8782, 27.8501], [116.8427, 27.8559], [116.7977, 27.8482], [116.7776, 27.8203], [116.7705, 27.7936], [116.7695, 27.7578], [116.8144, 27.732], [116.8558, 27.7206], [116.8684, 27.6879], [116.8056, 27.6503], [116.8388, 27.6124], [116.8691, 27.5978], [116.8817, 27.5672], [116.8569, 27.5426], [116.8553, 27.514], [116.9006, 27.5158], [116.9284, 27.4963], [116.9601, 27.4879], [116.9886, 27.515], [117.0136, 27.5665], [117.0087, 27.5706], [116.9912, 27.6271], [117.0108, 27.644], [117.0537, 27.63], [117.0987, 27.6446], [117.0549, 27.6765], [117.1838, 27.7061], [117.2613, 27.7609], [117.2712, 27.7988], [117.2537, 27.8535], [117.2561, 27.8583], [117.2287, 27.8748], [117.191, 27.8836], [117.1506, 27.8745], [117.1079, 27.8717], [117.0927, 27.9001], [117.0313, 27.8446], [116.9895, 27.8395]]]}}, {"type": "Feature", "properties": {"osm_type": "relation", "osm_id": 361177177, "name": "Chongrenxian", "admin_level": "6", "kind": "subdivision_2", "parent_osm_id": 913109, "parent_name": "Jiangxi", "parent_iso": "CN-JX"}, "geometry": {"type": "Polygon", "coordinates": [[[115.8294, 27.7166], [115.8454, 27.6702], [115.8777, 27.6859], [115.9088, 27.6821], [115.9272, 27.6584], [115.9422, 27.6276], [115.95, 27.5926], [115.9453, 27.553], [115.9111, 27.4888], [115.922, 27.4563], [115.9563, 27.4362], [116.0305, 27.4103], [116.0664, 27.4115], [116.0884, 27.4399], [116.1464, 27.4895], [116.1425, 27.5174], [116.1064, 27.5203], [116.0818, 27.5403], [116.107, 27.5597], [116.137, 27.5717], [116.1458, 27.6036], [116.1779, 27.6035], [116.2026, 27.5848], [116.2316, 27.608], [116.2318, 27.6407], [116.2691, 27.6968], [116.2209, 27.7266], [116.2453, 27.8029], [116.2469, 27.866], [116.2141, 27.8877], [116.1703, 27.8824], [116.1299, 27.8621], [116.0968, 27.869], [116.0618, 27.9261], [116.0033, 27.8845], [115.9692, 27.8762], [115.9388, 27.8798], [115.9005, 27.8688], [115.8747, 27.8521], [115.8544, 27.8315], [115.8491, 27.8033], [115.8476, 27.7467], [115.8294, 27.7166]]]}}, {"type": "Feature", "properties": {"osm_type": "relation", "osm_id": 591801497, "name": "Pingxiangshi", "admin_level": "6", "kind": "subdivision_2", "parent_osm_id": 913109, "parent_name": "Jiangxi", "parent_iso": "CN-JX"}, "geometry": {"type": "Polygon", "coordinates": [[[113.6978, 27.8645], [113.7165, 27.844], [113.7218, 27.817], [113.7002, 27.7809], [113.6417, 27.7073], [113.621, 27.663], [113.5878, 27.6111], [113.5714, 27.6097], [113.5477, 27.5995], [113.559, 27.5348], [113.5748, 27.5184], [113.5923, 27.5224], [113.5937, 27.5036], [113.5858, 27.476], [113.567, 27.4622], [113.5766, 27.4422], [113.5935, 27.4284], [113.602, 27.4076], [113.587, 27.382], [113.6305, 27.3407], [113.6579, 27.3382], [113.7484, 27.3726], [113.8343, 27.3883], [113.8538, 27.3788], [113.8812, 27.3894], [113.9052, 27.4215], [113.9439, 27.4197], [113.9717, 27.4076], [114.0078, 27.4013], [114.0429, 27.4017], [114.1066, 27.4136], [114.148, 27.427], [114.1772, 27.4535], [114.2032, 27.5121], [114.2507, 27.5616], [114.217, 27.5841], [114.2033, 27.614], [114.2033, 27.6418], [114.1952, 27.6743], [114.1423, 27.7181], [114.1103, 27.7289], [114.0287, 27.7153], [113.9853, 27.7177], [113.9544, 27.7315], [113.9487, 27.7601], [113.9276, 27.7831], [113.8963, 27.8048], [113.8992, 27.8327], [113.9551, 27.8733], [113.9822, 27.901], [113.9652, 27.9314], [113.8403, 27.9967], [113.8257, 27.994], [113.7833, 27.9817], [113.7293, 27.9572], [113.7096, 27.9175], [113.6978, 27.8645]]]}}, {"type": "Feature", "properties": {"osm_type": "relation", "osm_id": 339866441, "name": "Xinganxian", "admin_level": "6", "kind": "subdivision_2", "parent_osm_id": 913109, "parent_name": "Jiangxi", "parent_iso": "CN-JX"}, "geometry": {"type": "Polygon", "coordinates": [[[115.6302, 27.8055], [115.5656, 27.8379], [115.5154, 27.8739], [115.5178, 27.9066], [115.494, 27.926], [115.4403, 27.8917], [115.3935, 27.9123], [115.3769, 27.8531], [115.3479, 27.8074], [115.3046, 27.7669], [115.2506, 27.7331], [115.2957, 27.6907], [115.3052, 27.6138], [115.3402, 27.6063], [115.379, 27.608], [115.4196, 27.598], [115.4623, 27.5445], [115.482, 27.5036], [115.5108, 27.4785], [115.5552, 27.48], [115.5822, 27.5132], [115.5994, 27.5751], [115.6254, 27.6108], [115.6988, 27.6703], [115.7228, 27.6973], [115.7377, 27.7228], [115.6581, 27.7891], [115.6302, 27.8055]]]}}, {"type": "Feature", "properties": {"osm_type": "relation", "osm_id": 318811000, "name": "Nanchengxian", "admin_level": "6", "kind": "subdivision_2", "parent_osm_id": 913109, "parent_name": "Jiangxi", "parent_iso": "CN-JX"}, "geometry": {"type": "Polygon", "coordinates": [[[116.4828, 27.5155], [116.4289, 27.4503], [116.4031, 27.3849], [116.384, 27.313], [116.4345, 27.2766], [116.4677, 27.2687], [116.5306, 27.3051], [116.5421, 27.3311], [116.5782, 27.3115], [116.6061, 27.2894], [116.6469, 27.3112], [116.67, 27.3449], [116.7234, 27.3655], [116.7588, 27.3933], [116.7887, 27.4257], [116.8253, 27.4265], [116.8588, 27.3987], [116.8821, 27.3643], [116.9122, 27.3568], [116.926, 27.3813], [116.91, 27.4383], [116.9284, 27.4963], [116.9006, 27.5158], [116.8553, 27.514], [116.8569, 27.5426], [116.8817, 27.5672], [116.8691, 27.5978], [116.8388, 27.6124], [116.8056, 27.6503], [116.8684, 27.6879], [116.8558, 27.7206], [116.8144, 27.732], [116.7695, 27.7578], [116.724, 27.6959], [116.6484, 27.6798], [116.614, 27.7079], [116.5368, 27.7026], [116.5049, 27.6862], [116.4839, 27.652], [116.501, 27.582], [116.5023, 27.5426], [116.4828, 27.5155]]]}}, {"type": "Feature", "properties": {"osm_type": "relation", "osm_id": 955797833, "name": "Yihuangxian", "admin_level": "6", "kind": "subdivision_2", "parent_osm_id": 913109, "parent_name": "Jiangxi", "parent_iso": "CN-JX"}, "geometry": {"type": "Polygon", "coordinates": [[[116.2691, 27.6968], [116.2318, 27.6407], [116.2316, 27.608], [116.2026, 27.5848], [116.1779, 27.6035], [116.1458, 27.6036], [116.137, 27.5717], [116.107, 27.5597], [116.0818, 27.5403], [116.1064, 27.5203], [116.1425, 27.5174], [116.1464, 27.4895], [116.0884, 27.4399], [116.0664, 27.4115], [116.0363, 27.3355], [116.0172, 27.2695], [116.0146, 27.1729], [116.0463, 27.1255], [116.0901, 27.1299], [116.1212, 27.1092], [116.137, 27.0679], [116.1393, 27.0395], [116.1902, 27.0505], [116.2847, 27.1849], [116.3413, 27.2322], [116.3666, 27.2641], [116.3958, 27.3476], [116.4031, 27.3849], [116.4289, 27.4503], [116.4828, 27.5155], [116.4283, 27.5169], [116.4127, 27.5425], [116.4454, 27.5562], [116.4562, 27.5827], [116.4204, 27.591], [116.4039, 27.6203], [116.3715, 27.6496], [116.3297, 27.6532], [116.3052, 27.6795], [116.2691, 27.6968]]]}}, {"type": "Feature", "properties": {"osm_type": "relation", "osm_id": 261880515, "name": "Leanxian", "admin_level": "6", "kind": "subdivision_2", "parent_osm_id": 913109, "parent_name": "Jiangxi", "parent_iso": "CN-JX"}, "geometry": {"type": "Polygon", "coordinates": [[[115.7377, 27.7228], [115.7228, 27.6973], [115.6988, 27.6703], [115.6254, 27.6108], [115.5994, 27.5751], [115.5822, 27.5132], [115.623, 27.4595], [115.6513, 27.4441], [115.6888, 27.4414], [115.7175, 27.4224], [115.6663, 27.3724], [115.6676, 27.3412], [115.6862, 27.2769], [115.6329, 27.2261], [115.6335, 27.193], [115.6445, 27.1637], [115.6849, 27.1107], [115.7186, 27.0923], [115.7952, 27.1041], [115.8209, 27.0783], [115.8401, 27.0397], [115.878, 26.9906], [115.9223, 26.9602], [115.9529, 26.9874], [115.9937, 27.04], [116.0084, 27.0965], [116.0463, 27.1255], [116.0146, 27.1729], [116.0172, 27.2695], [116.0363, 27.3355], [116.0664, 27.4115], [116.0305, 27.4103], [115.9563, 27.4362], [115.922, 27.4563], [115.9111, 27.4888], [115.9453, 27.553], [115.95, 27.5926], [115.9422, 27.6276], [115.9272, 27.6584], [115.9088, 27.6821], [115.8777, 27.6859], [115.8454, 27.6702], [115.8294, 27.7166], [115.7377, 27.7228]]]}}, {"type": "Feature", "properties": {"osm_type": "relation", "osm_id": 271273033, "name": "Xiajiangxian", "admin_level": "6", "kind": "subdivision_2", "parent_osm_id": 913109, "parent_name": "Jiangxi", "parent_iso": "CN-JX"}, "geometry": {"type": "Polygon", "coordinates": [[[114.8804, 27.5671], [114.8853, 27.5292], [114.9575, 27.4979], [114.9882, 27.4754], [115.1024, 27.4418], [115.1261, 27.4646], [115.1476, 27.4963], [115.1806, 27.4767], [115.2186, 27.4825], [115.2529, 27.5], [115.2993, 27.4377], [115.4393, 27.4383], [115.4775, 27.4502], [115.5108, 27.4785], [115.482, 27.5036], [115.4623, 27.5445], [115.4196, 27.598], [115.379, 27.608], [115.3402, 27.6063], [115.3052, 27.6138], [115.2957, 27.6907], [115.2506, 27.7331], [115.2146, 27.7238], [115.1394, 27.6924], [115.0646, 27.6868], [115.0335, 27.6647], [114.9645, 27.65], [114.9201, 27.6263], [114.8972, 27.6052], [114.8804, 27.5671]]]}}, {"type": "Feature", "properties": {"osm_type": "relation", "osm_id": 346952906, "name": "Lichuanxian", "admin_level": "6", "kind": "subdivision_2", "parent_osm_id": 913109, "parent_name": "Jiangxi", "parent_iso": "CN-JX"}, "geometry": {"type": "Polygon", "coordinates": [[[117.0136, 27.5665], [116.9886, 27.515], [116.9601, 27.4879], [116.9284, 27.4963], [116.91, 27.4383], [116.926, 27.3813], [116.9122, 27.3568], [116.8821, 27.3643], [116.8588, 27.3987], [116.8253, 27.4265], [116.7887, 27.4257], [116.7588, 27.3933], [116.7234, 27.3655], [116.67, 27.3449], [116.7022, 27.3079], [116.7355, 27.2263], [116.7039, 27.2149], [116.7013, 27.1854], [116.708, 27.1493], [116.7069, 27.1174], [116.7175, 27.0874], [116.7032, 27.0381], [116.7094, 26.999], [116.728, 27.0137], [116.7851, 27.034], [116.9192, 27.0519], [116.9733, 27.0867], [117.0985, 27.2511], [117.1298, 27.2762], [117.1374, 27.3269], [117.113, 27.3561], [117.0772, 27.3679], [117.0768, 27.3913], [117.1051, 27.4462], [117.0873, 27.4982], [117.0717, 27.5367], [117.0271, 27.5553], [117.0136, 27.5665]]]}}, {"type": "Feature", "properties": {"osm_type": "relation", "osm_id": 378561888, "name": "Jianshi", "admin_level": "6", "kind": "subdivision_2", "parent_osm_id": 913109, "parent_name": "Jiangxi", "parent_iso": "CN-JX"}, "geometry": {"type": "Polygon", "coordinates": [[[114.7474, 27.571], [114.7176, 27.5036], [114.732, 27.4438], [114.7484, 27.4162], [114.774, 27.3893], [114.7827, 27.3587], [114.769, 27.3304], [114.768, 27.3008], [114.7533, 27.2693], [114.7005, 27.2202], [114.6272, 27.1982], [114.6227, 27.1295], [114.6064, 27.1056], [114.5654, 27.0882], [114.5061, 27.0792], [114.4679, 27.0672], [114.4331, 27.0691], [114.4565, 27.0386], [114.4564, 27.0019], [114.4185, 26.9133], [114.4283, 26.8754], [114.4534, 26.8475], [114.51, 26.8304], [114.5615, 26.8341], [114.6028, 26.8478], [114.6722, 26.8961], [114.7589, 26.9233], [114.7907, 26.9523], [114.8273, 26.9561], [114.8727, 26.9022], [114.8987, 26.8926], [114.9194, 26.8917], [114.9623, 26.9174], [114.9933, 26.9482], [115.0265, 26.9502], [115.0528, 26.9358], [115.0854, 26.8877], [115.1319, 26.8445], [115.2848, 26.7386], [115.3107, 26.6812], [115.3543, 26.659], [115.3884, 26.6542], [115.4093, 26.6743], [115.4424, 26.6914], [115.4801, 26.7015], [115.4876, 26.728], [115.4639, 26.7584], [115.4342, 26.7735], [115.4098, 26.7952], [115.37, 26.8091], [115.3613, 26.8474], [115.315, 26.8711], [115.2758, 26.8673], [115.2536, 26.8863], [115.2343, 26.9161], [115.2071, 26.9356], [115.0507, 27.0119], [115.0312, 27.0504], [114.9775, 27.0395], [114.9424, 27.039], [114.9207, 27.0593], [114.9088, 27.1], [114.926, 27.1301], [114.9524, 27.1447], [115.0641, 27.1529], [115.0934, 27.1851], [115.0543, 27.1967], [115.0297, 27.2257], [115.0257, 27.2636], [114.9907, 27.2643], [114.9549, 27.2413], [114.9339, 27.3181], [114.9157, 27.3498], [114.9181, 27.3775], [114.8953, 27.4061], [114.8636, 27.4608], [114.8783, 27.4886], [114.8853, 27.5292], [114.8804, 27.5671], [114.8211, 27.5795], [114.7916, 27.598], [114.7574, 27.5969], [114.7474, 27.571]]]}}, {"type": "Feature", "properties": {"osm_type": "relation", "osm_id": 581698968, "name": "Anfuxian", "admin_level": "6", "kind": "subdivision_2", "parent_osm_id": 913109, "parent_name": "Jiangxi", "parent_iso": "CN-JX"}, "geometry": {"type": "Polygon", "coordinates": [[[114.5212, 27.575], [114.4481, 27.5388], [114.4142, 27.5152], [114.3838, 27.5252], [114.3605, 27.5497], [114.3242, 27.5431], [114.2832, 27.5467], [114.2507, 27.5616], [114.2032, 27.5121], [114.1772, 27.4535], [114.148, 27.427], [114.1066, 27.4136], [114.0429, 27.4017], [114.0254, 27.3692], [114.0475, 27.3413], [114.122, 27.292], [114.1377, 27.2648], [114.1381, 27.2356], [114.1057, 27.1721], [114.1467, 27.1482], [114.1935, 27.1594], [114.2427, 27.1633], [114.276, 27.1601], [114.3015, 27.144], [114.3197, 27.1195], [114.3719, 27.0687], [114.4679, 27.0672], [114.5061, 27.0792], [114.5654, 27.0882], [114.6064, 27.1056], [114.6227, 27.1295], [114.6272, 27.1982], [114.7005, 27.2202], [114.7533, 27.2693], [114.768, 27.3008], [114.769, 27.3304], [114.7827, 27.3587], [114.774, 27.3893], [114.7484, 27.4162], [114.732, 27.4438], [114.7176, 27.5036], [114.7474, 27.571], [114.6934, 27.5723], [114.6597, 27.5533], [114.6377, 27.5328], [114.6015, 27.5151], [114.5506, 27.566], [114.5212, 27.575]]]}}, {"type": "Feature", "properties": {"osm_type": "relation", "osm_id": 329942518, "name": "Yongfengxian", "admin_level": "6", "kind": "subdivision_2", "parent_osm_id": 913109, "parent_name": "Jiangxi", "parent_iso": "CN-JX"}, "geometry": {"type": "Polygon", "coordinates": [[[115.5108, 27.4785], [115.4775, 27.4502], [115.4393, 27.4383], [115.2993, 27.4377], [115.3254, 27.3841], [115.3065, 27.3591], [115.273, 27.3511], [115.2582, 27.3251], [115.299, 27.2235], [115.3439, 27.165], [115.3805, 27.153], [115.4656, 27.1375], [115.5011, 27.0859], [115.5795, 27.0686], [115.5964, 27.035], [115.5921, 27.0036], [115.6056, 26.9732], [115.5995, 26.9455], [115.5612, 26.9203], [115.5411, 26.8961], [115.5081, 26.8766], [115.4771, 26.8836], [115.454, 26.9017], [115.4145, 26.8836], [115.3796, 26.8799], [115.3613, 26.8474], [115.37, 26.8091], [115.4098, 26.7952], [115.4342, 26.7735], [115.4639, 26.7584], [115.4876, 26.728], [115.4801, 26.7015], [115.5329, 26.6725], [115.5561, 26.6478], [115.5898, 26.6497], [115.6238, 26.6593], [115.6556, 26.6491], [115.6831, 26.6714], [115.6957, 26.6962], [115.6969, 26.738], [115.6779, 26.7816], [115.6738, 26.8173], [115.7032, 26.8332], [115.7607, 26.8083], [115.7849, 26.8319], [115.8118, 26.8698], [115.844, 26.89], [115.8926, 26.938], [115.9223, 26.9602], [115.878, 26.9906], [115.8401, 27.0397], [115.8209, 27.0783], [115.7952, 27.1041], [115.7186, 27.0923], [115.6849, 27.1107], [115.6445, 27.1637], [115.6335, 27.193], [115.6329, 27.2261], [115.6862, 27.2769], [115.6676, 27.3412], [115.6663, 27.3724], [115.7175, 27.4224], [115.6888, 27.4414], [115.6513, 27.4441], [115.623, 27.4595], [115.5822, 27.5132], [115.5552, 27.48], [115.5108, 27.4785]]]}}, {"type": "Feature", "properties": {"osm_type": "relation", "osm_id": 438310475, "name": "Jishuixian", "admin_level": "6", "kind": "subdivision_2", "parent_osm_id": 913109, "parent_name": "Jiangxi", "parent_iso": "CN-JX"}, "geometry": {"type": "Polygon", "coordinates": [[[114.8853, 27.5292], [114.8783, 27.4886], [114.8636, 27.4608], [114.8953, 27.4061], [114.9181, 27.3775], [114.9157, 27.3498], [114.9339, 27.3181], [114.9549, 27.2413], [114.9907, 27.2643], [115.0257, 27.2636], [115.0297, 27.2257], [115.0543, 27.1967], [115.0934, 27.1851], [115.0641, 27.1529], [115.0496, 27.1012], [115.0522, 27.0738], [115.0312, 27.0504], [115.0507, 27.0119], [115.2071, 26.9356], [115.2343, 26.9161], [115.2536, 26.8863], [115.2758, 26.8673], [115.315, 26.8711], [115.3613, 26.8474], [115.3796, 26.8799], [115.4145, 26.8836], [115.454, 26.9017], [115.4771, 26.8836], [115.5081, 26.8766], [115.5411, 26.8961], [115.5612, 26.9203], [115.5995, 26.9455], [115.6056, 26.9732], [115.5921, 27.0036], [115.5964, 27.035], [115.5795, 27.0686], [115.5011, 27.0859], [115.4656, 27.1375], [115.3805, 27.153], [115.3439, 27.165], [115.299, 27.2235], [115.2582, 27.3251], [115.273, 27.3511], [115.3065, 27.3591], [115.3254, 27.3841], [115.2993, 27.4377], [115.2529, 27.5], [115.2186, 27.4825], [115.1806, 27.4767], [115.1476, 27.4963], [115.1261, 27.4646], [115.1024, 27.4418], [114.9882, 27.4754], [114.9575, 27.4979], [114.8853, 27.5292]]]}}, {"type": "Feature", "properties": {"osm_type": "relation", "osm_id": 923744634, "name": "Nanfengxian", "admin_level": "6", "kind": "subdivision_2", "parent_osm_id": 913109, "parent_name": "Jiangxi", "parent_iso": "CN-JX"}, "geometry": {"type": "Polygon", "coordinates": [[[116.384, 27.313], [116.3666, 27.2641], [116.3413, 27.2322], [116.2847, 27.1849], [116.1902, 27.0505], [116.161, 26.9719], [116.2076, 26.93], [116.2353, 26.9156], [116.2749, 26.9175], [116.3385, 26.9549], [116.3832, 26.9462], [116.4152, 26.9478], [116.4582, 26.9674], [116.4936, 26.9756], [116.4973, 26.9481], [116.4915, 26.9137], [116.5092, 26.8817], [116.5311, 26.8641], [116.5832, 26.9368], [116.6156, 26.9522], [116.6365, 26.9942], [116.697, 26.9893], [116.7094, 26.999], [116.7032, 27.0381], [116.7175, 27.0874], [116.7069, 27.1174], [116.708, 27.1493], [116.7013, 27.1854], [116.7039, 27.2149], [116.7355, 27.2263], [116.7022, 27.3079], [116.67, 27.3449], [116.6469, 27.3112], [116.6061, 27.2894], [116.5782, 27.3115], [116.5421, 27.3311], [116.5306, 27.3051], [116.4677, 27.2687], [116.4345, 27.2766], [116.384, 27.313]]]}}, {"type": "Feature", "properties": {"osm_type": "relation", "osm_id": 706861113, "name": "Lianhuaxian", "admin_level": "6", "kind": "subdivision_2", "parent_osm_id": 913109, "parent_name": "Jiangxi", "parent_iso": "CN-JX"}, "geometry": {"type": "Polygon", "coordinates": [[[113.8538, 27.3788], [113.8614, 27.3751], [113.8546, 27.3564], [113.822, 27.3206], [113.832, 27.2854], [113.8349, 27.2522], [113.8002, 27.2137], [113.7648, 27.1538], [113.7479, 27.1022], [113.7744, 27.0729], [113.8014, 27.0641], [113.8575, 26.982], [113.8742, 26.9672], [113.8838, 26.9471], [113.912, 26.9585], [113.9267, 26.9921], [113.9805, 27.0558], [114.0149, 27.1172], [114.0447, 27.1508], [114.0906, 27.1756], [114.1057, 27.1721], [114.1381, 27.2356], [114.1377, 27.2648], [114.122, 27.292], [114.0475, 27.3413], [114.0254, 27.3692], [114.0429, 27.4017], [114.0078, 27.4013], [113.9717, 27.4076], [113.9439, 27.4197], [113.9052, 27.4215], [113.8812, 27.3894], [113.8538, 27.3788]]]}}, {"type": "Feature", "properties": {"osm_type": "relation", "osm_id": 764789316, "name": "Ningduxian", "admin_level": "6", "kind": "subdivision_2", "parent_osm_id": 913109, "parent_name": "Jiangxi", "parent_iso": "CN-JX"}, "geometry": {"type": "Polygon", "coordinates": [[[116.0463, 27.1255], [116.0084, 27.0965], [115.9937, 27.04], [115.9529, 26.9874], [115.8926, 26.938], [115.844, 26.89], [115.8118, 26.8698], [115.7849, 26.8319], [115.7607, 26.8083], [115.7032, 26.8332], [115.6738, 26.8173], [115.6779, 26.7816], [115.6969, 26.738], [115.6957, 26.6962], [115.6831, 26.6714], [115.71, 26.6532], [115.7107, 26.6218], [115.7483, 26.6185], [115.7675, 26.5817], [115.7933, 26.5626], [115.8303, 26.5674], [115.854, 26.5438], [115.8508, 26.5057], [115.8268, 26.4727], [115.7934, 26.457], [115.7911, 26.3905], [115.7213, 26.3407], [115.77, 26.2991], [115.8131, 26.3036], [115.8803, 26.2801], [115.8961, 26.2508], [115.8999, 26.2215], [115.89, 26.1791], [115.8898, 26.1494], [115.8992, 26.1225], [115.9293, 26.0987], [115.9627, 26.1053], [115.9967, 26.1272], [116.0335, 26.1292], [116.1064, 26.1211], [116.1037, 26.1504], [116.1595, 26.1846], [116.1818, 26.21], [116.2209, 26.2092], [116.2522, 26.2333], [116.2581, 26.2732], [116.2233, 26.3044], [116.2093, 26.3382], [116.2221, 26.3638], [116.2532, 26.3839], [116.2609, 26.4192], [116.2194, 26.4795], [116.2018, 26.5133], [116.2201, 26.5379], [116.2471, 26.5545], [116.263, 26.5801], [116.2534, 26.6119], [116.1778, 26.6799], [116.1366, 26.697], [116.1158, 26.7268], [116.1328, 26.7887], [116.1344, 26.8246], [116.1542, 26.8815], [116.144, 26.9105], [116.161, 26.9719], [116.1902, 27.0505], [116.1393, 27.0395], [116.137, 27.0679], [116.1212, 27.1092], [116.0901, 27.1299], [116.0463, 27.1255]]]}}, {"type": "Feature", "properties": {"osm_type": "relation", "osm_id": 293498955, "name": "Jianshi", "admin_level": "6", "kind": "subdivision_2", "parent_osm_id": 913109, "parent_name": "Jiangxi", "parent_iso": "CN-JX"}, "geometry": {"type": "Polygon", "coordinates": [[[115.0312, 27.0504], [115.0522, 27.0738], [115.0496, 27.1012], [115.0641, 27.1529], [114.9524, 27.1447], [114.926, 27.1301], [114.9088, 27.1], [114.9207, 27.0593], [114.9424, 27.039], [114.9775, 27.0395], [115.0312, 27.0504]]]}}, {"type": "Feature", "properties": {"osm_type": "relation", "osm_id": 742495004, "name": "Yongxinxian", "admin_level": "6", "kind": "subdivision_2", "parent_osm_id": 913109, "parent_name": "Jiangxi", "parent_iso": "CN-JX"}, "geometry": {"type": "Polygon", "coordinates": [[[114.4331, 27.0691], [114.3719, 27.0687], [114.3197, 27.1195], [114.3015, 27.144], [114.276, 27.1601], [114.2427, 27.1633], [114.1935, 27.1594], [114.1467, 27.1482], [114.1057, 27.1721], [114.0906, 27.1756], [114.0447, 27.1508], [114.0149, 27.1172], [113.9805, 27.0558], [113.9267, 26.9921], [113.912, 26.9585], [113.8838, 26.9471], [113.8903, 26.9336], [113.8844, 26.9096], [113.8684, 26.8822], [113.8569, 26.8404], [113.837, 26.8203], [113.8275, 26.7734], [113.8584, 26.7659], [113.8874, 26.7838], [113.9191, 26.7603], [113.9503, 26.755], [113.9819, 26.7725], [114.0679, 26.795], [114.0992, 26.7873], [114.1551, 26.7252], [114.2036, 26.7477], [114.2268, 26.7695], [114.273, 26.7777], [114.3258, 26.8011], [114.3582, 26.8037], [114.3934, 26.8189], [114.4243, 26.8198], [114.4534, 26.8475], [114.4283, 26.8754], [114.4185, 26.9133], [114.4564, 27.0019], [114.4565, 27.0386], [114.4331, 27.0691]]]}}, {"type": "Feature", "properties": {"osm_type": "relation", "osm_id": 209216020, "name": "Guangchangxian", "admin_level": "6", "kind": "subdivision_2", "parent_osm_id": 913109, "parent_name": "Jiangxi", "parent_iso": "CN-JX"}, "geometry": {"type": "Polygon", "coordinates": [[[116.161, 26.9719], [116.144, 26.9105], [116.1542, 26.8815], [116.1344, 26.8246], [116.1328, 26.7887], [116.1158, 26.7268], [116.1366, 26.697], [116.1778, 26.6799], [116.2534, 26.6119], [116.263, 26.5801], [116.2471, 26.5545], [116.2988, 26.5052], [116.33, 26.5046], [116.3674, 26.528], [116.3876, 26.5494], [116.4576, 26.5973], [116.486, 26.581], [116.5067, 26.5605], [116.5394, 26.5697], [116.5309, 26.6074], [116.5402, 26.6428], [116.5243, 26.6786], [116.4808, 26.7096], [116.4856, 26.7219], [116.5167, 26.75], [116.5186, 26.8441], [116.5311, 26.8641], [116.5092, 26.8817], [116.4915, 26.9137], [116.4973, 26.9481], [116.4936, 26.9756], [116.4582, 26.9674], [116.4152, 26.9478], [116.3832, 26.9462], [116.3385, 26.9549], [116.2749, 26.9175], [116.2353, 26.9156], [116.2076, 26.93], [116.161, 26.9719]]]}}, {"type": "Feature", "properties": {"osm_type": "relation", "osm_id": 108417354, "name": "Taihexian", "admin_level": "6", "kind": "subdivision_2", "parent_osm_id": 913109, "parent_name": "Jiangxi", "parent_iso": "CN-JX"}, "geometry": {"type": "Polygon", "coordinates": [[[114.4534, 26.8475], [114.4243, 26.8198], [114.3934, 26.8189], [114.3582, 26.8037], [114.3258, 26.8011], [114.3282, 26.7391], [114.296, 26.6933], [114.3514, 26.6799], [114.4845, 26.693], [114.5193, 26.6906], [114.5679, 26.7141], [114.6074, 26.7251], [114.6357, 26.7116], [114.6389, 26.6815], [114.6631, 26.6492], [114.6999, 26.6702], [114.7158, 26.6959], [114.7527, 26.6993], [114.7758, 26.6643], [114.8364, 26.6991], [114.8617, 26.6703], [114.8716, 26.6314], [114.8992, 26.5922], [114.9168, 26.5567], [114.9796, 26.5265], [115.0056, 26.4988], [115.0618, 26.4732], [115.1223, 26.5116], [115.1522, 26.5191], [115.1865, 26.521], [115.2151, 26.5334], [115.256, 26.5866], [115.3107, 26.6812], [115.2848, 26.7386], [115.1319, 26.8445], [115.0854, 26.8877], [115.0528, 26.9358], [115.0265, 26.9502], [114.9933, 26.9482], [114.9623, 26.9174], [114.9194, 26.8917], [114.8987, 26.8926], [114.8727, 26.9022], [114.8273, 26.9561], [114.7907, 26.9523], [114.7589, 26.9233], [114.6722, 26.8961], [114.6028, 26.8478], [114.5615, 26.8341], [114.51, 26.8304], [114.4534, 26.8475]]]}}, {"type": "Feature", "properties": {"osm_type": "relation", "osm_id": 317678690, "name": "Jinggangshanshi", "admin_level": "6", "kind": "subdivision_2", "parent_osm_id": 913109, "parent_name": "Jiangxi", "parent_iso": "CN-JX"}, "geometry": {"type": "Polygon", "coordinates": [[[114.1551, 26.7252], [114.1809, 26.6866], [114.1411, 26.6276], [114.1297, 26.5881], [114.0694, 26.5707], [114.0886, 26.5344], [114.1, 26.4874], [114.0683, 26.4444], [114.0447, 26.4225], [114.1005, 26.4188], [114.1328, 26.4069], [114.158, 26.3887], [114.2117, 26.3677], [114.2487, 26.3793], [114.29, 26.4015], [114.2883, 26.5133], [114.2538, 26.5196], [114.2258, 26.547], [114.2536, 26.5712], [114.2609, 26.6002], [114.2475, 26.6278], [114.2616, 26.6621], [114.296, 26.6933], [114.3282, 26.7391], [114.3258, 26.8011], [114.273, 26.7777], [114.2268, 26.7695], [114.2036, 26.7477], [114.1551, 26.7252]]]}}, {"type": "Feature", "properties": {"osm_type": "relation", "osm_id": 664601789, "name": "Ninggangxian", "admin_level": "6", "kind": "subdivision_2", "parent_osm_id": 913109, "parent_name": "Jiangxi", "parent_iso": "CN-JX"}, "geometry": {"type": "Polygon", "coordinates": [[[113.8275, 26.7734], [113.8194, 26.7437], [113.8201, 26.672], [113.8261, 26.6395], [113.848, 26.6291], [113.8874, 26.6325], [113.9184, 26.6254], [113.974, 26.6301], [114.0243, 26.5982], [114.065, 26.5791], [114.0694, 26.5707], [114.1297, 26.5881], [114.1411, 26.6276], [114.1809, 26.6866], [114.1551, 26.7252], [114.0992, 26.7873], [114.0679, 26.795], [113.9819, 26.7725], [113.9503, 26.755], [113.9191, 26.7603], [113.8874, 26.7838], [113.8584, 26.7659], [113.8275, 26.7734]]]}}, {"type": "Feature", "properties": {"osm_type": "relation", "osm_id": 390599330, "name": "Xingguoxian", "admin_level": "6", "kind": "subdivision_2", "parent_osm_id": 913109, "parent_name": "Jiangxi", "parent_iso": "CN-JX"}, "geometry": {"type": "Polygon", "coordinates": [[[115.3107, 26.6812], [115.256, 26.5866], [115.2151, 26.5334], [115.1865, 26.521], [115.1522, 26.5191], [115.1223, 26.5116], [115.0618, 26.4732], [115.0311, 26.4119], [115.0269, 26.3815], [115.0399, 26.316], [115.054, 26.2841], [115.1187, 26.267], [115.1508, 26.2681], [115.1669, 26.2417], [115.1944, 26.2272], [115.2366, 26.2304], [115.2552, 26.1894], [115.3048, 26.1548], [115.3433, 26.1507], [115.3411, 26.1119], [115.3631, 26.0807], [115.3855, 26.1068], [115.4131, 26.1233], [115.455, 26.1224], [115.4897, 26.1423], [115.4859, 26.1753], [115.4943, 26.2017], [115.5317, 26.2378], [115.5464, 26.2662], [115.5688, 26.2872], [115.6079, 26.2997], [115.6402, 26.3029], [115.7213, 26.3407], [115.7911, 26.3905], [115.7934, 26.457], [115.8268, 26.4727], [115.8508, 26.5057], [115.854, 26.5438], [115.8303, 26.5674], [115.7933, 26.5626], [115.7675, 26.5817], [115.7483, 26.6185], [115.7107, 26.6218], [115.71, 26.6532], [115.6831, 26.6714], [115.6556, 26.6491], [115.6238, 26.6593], [115.5898, 26.6497], [115.5561, 26.6478], [115.5329, 26.6725], [115.4801, 26.7015], [115.4424, 26.6914], [115.4093, 26.6743], [115.3884, 26.6542], [115.3543, 26.659], [115.3107, 26.6812]]]}}, {"type": "Feature", "properties": {"osm_type": "relation", "osm_id": 857843080, "name": "Wananxian", "admin_level": "6", "kind": "subdivision_2", "parent_osm_id": 913109, "parent_name": "Jiangxi", "parent_iso": "CN-JX"}, "geometry": {"type": "Polygon", "coordinates": [[[114.5193, 26.6906], [114.5372, 26.6625], [114.5498, 26.5991], [114.5404, 26.5728], [114.523, 26.5475], [114.524, 26.5134], [114.5485, 26.4878], [114.5863, 26.4737], [114.6215, 26.4713], [114.6435, 26.4484], [114.6576, 26.4139], [114.6772, 26.3929], [114.7556, 26.3914], [114.7612, 26.3575], [114.7226, 26.2839], [114.6851, 26.2351], [114.6497, 26.2059], [114.7034, 26.1713], [114.8376, 26.2039], [114.888, 26.211], [114.9307, 26.211], [114.9746, 26.2024], [115.0536, 26.1477], [115.083, 26.1703], [115.0591, 26.1888], [115.038, 26.2144], [115.0569, 26.2499], [115.054, 26.2841], [115.0399, 26.316], [115.0269, 26.3815], [115.0311, 26.4119], [115.0618, 26.4732], [115.0056, 26.4988], [114.9796, 26.5265], [114.9168, 26.5567], [114.8992, 26.5922], [114.8716, 26.6314], [114.8617, 26.6703], [114.8364, 26.6991], [114.7758, 26.6643], [114.7527, 26.6993], [114.7158, 26.6959], [114.6999, 26.6702], [114.6631, 26.6492], [114.6389, 26.6815], [114.6357, 26.7116], [114.6074, 26.7251], [114.5679, 26.7141], [114.5193, 26.6906]]]}}, {"type": "Feature", "properties": {"osm_type": "relation", "osm_id": 312113873, "name": "Shichengxian", "admin_level": "6", "kind": "subdivision_2", "parent_osm_id": 913109, "parent_name": "Jiangxi", "parent_iso": "CN-JX"}, "geometry": {"type": "Polygon", "coordinates": [[[116.1064, 26.1211], [116.1323, 26.0941], [116.1992, 26.0762], [116.2408, 26.0542], [116.2808, 26.0407], [116.3202, 26.0362], [116.3567, 26.0411], [116.3839, 26.0693], [116.4646, 26.1246], [116.4797, 26.1427], [116.4807, 26.175], [116.4506, 26.1909], [116.3796, 26.1801], [116.3678, 26.2337], [116.3824, 26.2744], [116.5046, 26.4129], [116.5206, 26.395], [116.5745, 26.4039], [116.6152, 26.4737], [116.5996, 26.497], [116.5702, 26.5111], [116.5394, 26.5697], [116.5067, 26.5605], [116.486, 26.581], [116.4576, 26.5973], [116.3876, 26.5494], [116.3674, 26.528], [116.33, 26.5046], [116.2988, 26.5052], [116.2471, 26.5545], [116.2201, 26.5379], [116.2018, 26.5133], [116.2194, 26.4795], [116.2609, 26.4192], [116.2532, 26.3839], [116.2221, 26.3638], [116.2093, 26.3382], [116.2233, 26.3044], [116.2581, 26.2732], [116.2522, 26.2333], [116.2209, 26.2092], [116.1818, 26.21], [116.1595, 26.1846], [116.1037, 26.1504], [116.1064, 26.1211]]]}}, {"type": "Feature", "properties": {"osm_type": "relation", "osm_id": 588810337, "name": "Suichuanxian", "admin_level": "6", "kind": "subdivision_2", "parent_osm_id": 913109, "parent_name": "Jiangxi", "parent_iso": "CN-JX"}, "geometry": {"type": "Polygon", "coordinates": [[[114.296, 26.6933], [114.2616, 26.6621], [114.2475, 26.6278], [114.2609, 26.6002], [114.2536, 26.5712], [114.2258, 26.547], [114.2538, 26.5196], [114.2883, 26.5133], [114.29, 26.4015], [114.2487, 26.3793], [114.2117, 26.3677], [114.158, 26.3887], [114.1328, 26.4069], [114.1005, 26.4188], [114.0447, 26.4225], [114.036, 26.413], [114.0337, 26.3449], [114.0256, 26.3137], [113.9858, 26.2672], [113.9558, 26.2402], [113.9427, 26.2101], [113.9367, 26.1788], [113.9613, 26.1664], [114.0096, 26.1705], [114.0692, 26.1822], [114.1021, 26.2037], [114.215, 26.2183], [114.2259, 26.1875], [114.2124, 26.1475], [114.1654, 26.1237], [114.1048, 26.112], [114.0559, 26.0892], [113.9912, 26.0416], [114.0035, 26.0215], [114.0116, 25.9889], [114.0719, 25.9975], [114.1405, 26.0261], [114.1762, 26.0341], [114.2181, 26.0285], [114.2519, 26.0382], [114.2772, 26.0687], [114.3037, 26.0862], [114.3409, 26.103], [114.3792, 26.1089], [114.405, 26.1318], [114.4144, 26.1613], [114.4466, 26.1787], [114.4785, 26.1713], [114.5232, 26.2309], [114.5606, 26.2411], [114.6497, 26.2059], [114.6851, 26.2351], [114.7059, 26.2604], [114.7612, 26.3575], [114.7556, 26.3914], [114.6772, 26.3929], [114.6576, 26.4139], [114.6435, 26.4484], [114.6215, 26.4713], [114.5863, 26.4737], [114.5485, 26.4878], [114.524, 26.5134], [114.523, 26.5475], [114.5404, 26.5728], [114.5498, 26.5991], [114.5372, 26.6625], [114.5193, 26.6906], [114.4845, 26.693], [114.3514, 26.6799], [114.296, 26.6933]]]}}, {"type": "Feature", "properties": {"osm_type": "relation", "osm_id": 643886207, "name": "Yuduxian", "admin_level": "6", "kind": "subdivision_2", "parent_osm_id": 913109, "parent_name": "Jiangxi", "parent_iso": "CN-JX"}, "geometry": {"type": "Polygon", "coordinates": [[[115.7213, 26.3407], [115.6402, 26.3029], [115.6079, 26.2997], [115.5688, 26.2872], [115.5464, 26.2662], [115.5317, 26.2378], [115.4943, 26.2017], [115.4859, 26.1753], [115.4897, 26.1423], [115.455, 26.1224], [115.4131, 26.1233], [115.3855, 26.1068], [115.3631, 26.0807], [115.3086, 26.0438], [115.2816, 25.983], [115.2472, 25.9772], [115.2169, 25.9843], [115.1815, 25.9645], [115.172, 25.9354], [115.1752, 25.8985], [115.1902, 25.8698], [115.2172, 25.8403], [115.2381, 25.8083], [115.2402, 25.7812], [115.2333, 25.7543], [115.219, 25.7275], [115.2357, 25.7027], [115.2121, 25.6848], [115.2023, 25.6435], [115.2167, 25.5944], [115.2475, 25.5905], [115.2731, 25.6102], [115.3419, 25.6429], [115.3697, 25.626], [115.3551, 25.5925], [115.3802, 25.5698], [115.4268, 25.5716], [115.4791, 25.581], [115.4938, 25.6173], [115.5254, 25.6264], [115.5496, 25.6064], [115.5797, 25.6157], [115.575, 25.6772], [115.5874, 25.7193], [115.5757, 25.7539], [115.5439, 25.7836], [115.5499, 25.8515], [115.5888, 25.8478], [115.6209, 25.8389], [115.6346, 25.8065], [115.6776, 25.8067], [115.6846, 25.8719], [115.7003, 25.9016], [115.6993, 25.9381], [115.6875, 25.9677], [115.6901, 25.9951], [115.7191, 26.0191], [115.7247, 25.9856], [115.756, 25.9659], [115.7925, 25.9662], [115.8057, 25.9937], [115.7859, 26.024], [115.7534, 26.0375], [115.7223, 26.0613], [115.7179, 26.1024], [115.7525, 26.1995], [115.8101, 26.269], [115.8131, 26.3036], [115.77, 26.2991], [115.7213, 26.3407]]]}}, {"type": "Feature", "properties": {"osm_type": "relation", "osm_id": 783752762, "name": "Ruijinshi", "admin_level": "6", "kind": "subdivision_2", "parent_osm_id": 913109, "parent_name": "Jiangxi", "parent_iso": "CN-JX"}, "geometry": {"type": "Polygon", "coordinates": [[[115.8131, 26.3036], [115.8101, 26.269], [115.7525, 26.1995], [115.7179, 26.1024], [115.7223, 26.0613], [115.7534, 26.0375], [115.7859, 26.024], [115.8057, 25.9937], [115.7925, 25.9662], [115.756, 25.9659], [115.7247, 25.9856], [115.7191, 26.0191], [115.6901, 25.9951], [115.6875, 25.9677], [115.6993, 25.9381], [115.735, 25.9239], [115.7757, 25.9277], [115.8027, 25.9044], [115.8234, 25.8714], [115.8596, 25.8523], [115.8652, 25.8197], [115.8337, 25.8062], [115.812, 25.7317], [115.7911, 25.6958], [115.7664, 25.6659], [115.7757, 25.6368], [115.8135, 25.6343], [115.8501, 25.6499], [115.8589, 25.6231], [115.8858, 25.5984], [115.9546, 25.6075], [115.9647, 25.577], [116.0384, 25.5798], [116.0388, 25.5921], [116.0227, 25.6252], [116.0257, 25.6422], [116.06, 25.7198], [116.1113, 25.7597], [116.1526, 25.7667], [116.16, 25.7897], [116.1531, 25.8081], [116.0994, 25.8484], [116.123, 25.8932], [116.1816, 25.9209], [116.2661, 25.9267], [116.2885, 25.9328], [116.302, 25.9583], [116.33, 25.9911], [116.3443, 26.0281], [116.3567, 26.0411], [116.3202, 26.0362], [116.2808, 26.0407], [116.2408, 26.0542], [116.1992, 26.0762], [116.1323, 26.0941], [116.1064, 26.1211], [116.0335, 26.1292], [115.9967, 26.1272], [115.9627, 26.1053], [115.9293, 26.0987], [115.8992, 26.1225], [115.8898, 26.1494], [115.89, 26.1791], [115.8999, 26.2215], [115.8961, 26.2508], [115.8803, 26.2801], [115.8131, 26.3036]]]}}, {"type": "Feature", "properties": {"osm_type": "relation", "osm_id": 450908489, "name": "Ganxian", "admin_level": "6", "kind": "subdivision_2", "parent_osm_id": 913109, "parent_name": "Jiangxi", "parent_iso": "CN-JX"}, "geometry": {"type": "Polygon", "coordinates": [[[115.054, 26.2841], [115.0569, 26.2499], [115.038, 26.2144], [115.0591, 26.1888], [115.083, 26.1703], [115.0536, 26.1477], [114.9746, 26.2024], [114.9307, 26.211], [114.888, 26.211], [114.8376, 26.2039], [114.7034, 26.1713], [114.7144, 26.1387], [114.7316, 26.1106], [114.7576, 26.0925], [114.7779, 26.0692], [114.7831, 25.9696], [114.8932, 25.976], [114.93, 25.9542], [114.9562, 25.9316], [114.9548, 25.9037], [114.9946, 25.8664], [115.0661, 25.8662], [115.0757, 25.8385], [115.0599, 25.8127], [115.0288, 25.7922], [115.0054, 25.7607], [114.9638, 25.7196], [114.9149, 25.7184], [114.8973, 25.6863], [114.8606, 25.6637], [114.8277, 25.6157], [114.8211, 25.5771], [114.8448, 25.5518], [114.8928, 25.5274], [114.9575, 25.514], [115.0329, 25.5205], [115.0654, 25.5071], [115.0769, 25.4798], [115.0783, 25.4464], [115.1387, 25.4612], [115.1669, 25.4816], [115.2139, 25.5007], [115.2475, 25.5905], [115.2167, 25.5944], [115.2023, 25.6435], [115.2121, 25.6848], [115.2357, 25.7027], [115.219, 25.7275], [115.2333, 25.7543], [115.2402, 25.7812], [115.2381, 25.8083], [115.2172, 25.8403], [115.1902, 25.8698], [115.1752, 25.8985], [115.172, 25.9354], [115.1815, 25.9645], [115.2169, 25.9843], [115.2472, 25.9772], [115.2816, 25.983], [115.3086, 26.0438], [115.3631, 26.0807], [115.3411, 26.1119], [115.3433, 26.1507], [115.3048, 26.1548], [115.2552, 26.1894], [115.2366, 26.2304], [115.1944, 26.2272], [115.1669, 26.2417], [115.1508, 26.2681], [115.1187, 26.267], [115.054, 26.2841]]]}}, {"type": "Feature", "properties": {"osm_type": "relation", "osm_id": 486910253, "name": "Nankangshi", "admin_level": "6", "kind": "subdivision_2", "parent_osm_id": 913109, "parent_name": "Jiangxi", "parent_iso": "CN-JX"}, "geometry": {"type": "Polygon", "coordinates": [[[114.6497, 26.2059], [114.5606, 26.2411], [114.5232, 26.2309], [114.4785, 26.1713], [114.4846, 26.1393], [114.4983, 26.1113], [114.5213, 26.0925], [114.5546, 26.0797], [114.5601, 26.0464], [114.5845, 26.0226], [114.6163, 26.0309], [114.6329, 25.996], [114.6061, 25.9385], [114.5613, 25.892], [114.562, 25.8623], [114.6091, 25.8235], [114.6136, 25.7874], [114.6034, 25.7592], [114.6075, 25.7294], [114.5866, 25.6997], [114.5272, 25.6615], [114.5055, 25.6299], [114.5268, 25.607], [114.6094, 25.6047], [114.6402, 25.5861], [114.671, 25.526], [114.692, 25.4724], [114.7488, 25.4781], [114.8046, 25.4959], [114.8448, 25.5518], [114.8211, 25.5771], [114.8277, 25.6157], [114.8606, 25.6637], [114.8973, 25.6863], [114.9149, 25.7184], [114.8608, 25.8016], [114.8369, 25.8232], [114.7898, 25.8988], [114.7821, 25.9385], [114.7779, 26.0692], [114.7576, 26.0925], [114.7316, 26.1106], [114.7144, 26.1387], [114.7034, 26.1713], [114.6497, 26.2059]]]}}, {"type": "Feature", "properties": {"osm_type": "relation", "osm_id": 875301847, "name": "Shangyouxian", "admin_level": "6", "kind": "subdivision_2", "parent_osm_id": 913109, "parent_name": "Jiangxi", "parent_iso": "CN-JX"}, "geometry": {"type": "Polygon", "coordinates": [[[114.0116, 25.9889], [114.0167, 25.9681], [114.0043, 25.9281], [113.9981, 25.9217], [114.07, 25.8886], [114.1021, 25.878], [114.1295, 25.8979], [114.2093, 25.872], [114.2721, 25.8822], [114.3151, 25.88], [114.3488, 25.8672], [114.388, 25.8124], [114.3972, 25.7793], [114.3966, 25.718], [114.4248, 25.7017], [114.4579, 25.7079], [114.5253, 25.7395], [114.6034, 25.7592], [114.6136, 25.7874], [114.6091, 25.8235], [114.562, 25.8623], [114.5613, 25.892], [114.6061, 25.9385], [114.6329, 25.996], [114.6163, 26.0309], [114.5845, 26.0226], [114.5601, 26.0464], [114.5546, 26.0797], [114.5213, 26.0925], [114.4983, 26.1113], [114.4846, 26.1393], [114.4785, 26.1713], [114.4466, 26.1787], [114.4144, 26.1613], [114.405, 26.1318], [114.3792, 26.1089], [114.3409, 26.103], [114.3037, 26.0862], [114.2772, 26.0687], [114.2519, 26.0382], [114.2181, 26.0285], [114.1762, 26.0341], [114.1405, 26.0261], [114.0719, 25.9975], [114.0116, 25.9889]]]}}, {"type": "Feature", "properties": {"osm_type": "relation", "osm_id": 228351924, "name": "Huichangxian", "admin_level": "6", "kind": "subdivision_2", "parent_osm_id": 913109, "parent_name": "Jiangxi", "parent_iso": "CN-JX"}, "geometry": {"type": "Polygon", "coordinates": [[[115.4791, 25.581], [115.493, 25.5541], [115.5355, 25.5495], [115.5549, 25.5252], [115.5538, 25.4852], [115.5671, 25.4593], [115.5953, 25.446], [115.6245, 25.4547], [115.6348, 25.4166], [115.6242, 25.3885], [115.6042, 25.3589], [115.5812, 25.3307], [115.556, 25.3101], [115.5358, 25.2755], [115.5628, 25.2541], [115.5537, 25.2246], [115.5794, 25.1996], [115.6088, 25.1889], [115.6335, 25.2116], [115.6777, 25.159], [115.7193, 25.1564], [115.7567, 25.1743], [115.826, 25.1812], [115.8244, 25.1885], [115.9148, 25.261], [115.9694, 25.3134], [115.9763, 25.3491], [115.9975, 25.3887], [115.9836, 25.4443], [116.0376, 25.5534], [116.0384, 25.5798], [115.9647, 25.577], [115.9546, 25.6075], [115.8858, 25.5984], [115.8589, 25.6231], [115.8501, 25.6499], [115.8135, 25.6343], [115.7757, 25.6368], [115.7664, 25.6659], [115.7911, 25.6958], [115.812, 25.7317], [115.8337, 25.8062], [115.8652, 25.8197], [115.8596, 25.8523], [115.8234, 25.8714], [115.8027, 25.9044], [115.7757, 25.9277], [115.735, 25.9239], [115.6993, 25.9381], [115.7003, 25.9016], [115.6846, 25.8719], [115.6776, 25.8067], [115.6346, 25.8065], [115.6209, 25.8389], [115.5888, 25.8478], [115.5499, 25.8515], [115.5439, 25.7836], [115.5757, 25.7539], [115.5874, 25.7193], [115.575, 25.6772], [115.5797, 25.6157], [115.5496, 25.6064], [115.5254, 25.6264], [115.4938, 25.6173], [115.4791, 25.581]]]}}, {"type": "Feature", "properties": {"osm_type": "relation", "osm_id": 186479179, "name": "Ganzhoushi", "admin_level": "6", "kind": "subdivision_2", "parent_osm_id": 913109, "parent_name": "Jiangxi", "parent_iso": "CN-JX"}, "geometry": {"type": "Polygon", "coordinates": [[[114.7831, 25.9696], [114.7821, 25.9385], [114.7898, 25.8988], [114.8369, 25.8232], [114.8608, 25.8016], [114.9149, 25.7184], [114.9638, 25.7196], [115.0054, 25.7607], [115.0288, 25.7922], [115.0599, 25.8127], [115.0757, 25.8385], [115.0661, 25.8662], [114.9946, 25.8664], [114.9548, 25.9037], [114.9562, 25.9316], [114.93, 25.9542], [114.8932, 25.976], [114.7831, 25.9696]]]}}, {"type": "Feature", "properties": {"osm_type": "relation", "osm_id": 987706040, "name": "Chongyixian", "admin_level": "6", "kind": "subdivision_2", "parent_osm_id": 913109, "parent_name": "Jiangxi", "parent_iso": "CN-JX"}, "geometry": {"type": "Polygon", "coordinates": [[[114.6034, 25.7592], [114.5253, 25.7395], [114.4579, 25.7079], [114.4248, 25.7017], [114.3966, 25.718], [114.3972, 25.7793], [114.388, 25.8124], [114.3488, 25.8672], [114.3151, 25.88], [114.2721, 25.8822], [114.2093, 25.872], [114.1295, 25.8979], [114.1021, 25.878], [113.9981, 25.9217], [113.972, 25.8894], [113.9656, 25.8465], [113.9461, 25.8021], [113.8979, 25.7629], [113.8815, 25.7202], [113.8763, 25.6826], [113.902, 25.645], [113.9272, 25.6227], [113.9455, 25.5736], [113.9486, 25.5475], [113.9321, 25.4696], [113.9732, 25.4393], [114.0047, 25.452], [114.1349, 25.4514], [114.1639, 25.4609], [114.1821, 25.4945], [114.1818, 25.5266], [114.2121, 25.5446], [114.2348, 25.5149], [114.2345, 25.4801], [114.263, 25.4639], [114.3007, 25.4741], [114.3272, 25.5007], [114.3415, 25.5338], [114.3484, 25.5679], [114.3761, 25.5981], [114.411, 25.6105], [114.4672, 25.6184], [114.5055, 25.6299], [114.5272, 25.6615], [114.5866, 25.6997], [114.6075, 25.7294], [114.6034, 25.7592]]]}}, {"type": "Feature", "properties": {"osm_type": "relation", "osm_id": 310859030, "name": "Anyuanxian", "admin_level": "6", "kind": "subdivision_2", "parent_osm_id": 913109, "parent_name": "Jiangxi", "parent_iso": "CN-JX"}, "geometry": {"type": "Polygon", "coordinates": [[[115.2475, 25.5905], [115.2139, 25.5007], [115.2528, 25.4737], [115.2818, 25.4668], [115.3099, 25.4468], [115.2909, 25.4175], [115.3054, 25.3812], [115.2989, 25.3422], [115.2467, 25.2448], [115.1792, 25.157], [115.1707, 25.1237], [115.1743, 25.0961], [115.1974, 25.0394], [115.1928, 25.0047], [115.1601, 25.0069], [115.1533, 24.9268], [115.1711, 24.8979], [115.2843, 24.891], [115.3286, 24.8822], [115.3662, 24.8962], [115.3957, 24.8923], [115.4278, 24.9074], [115.4815, 25.0011], [115.4979, 25.0721], [115.5107, 25.0984], [115.5371, 25.1149], [115.544, 25.1522], [115.5381, 25.1925], [115.5628, 25.2541], [115.5358, 25.2755], [115.556, 25.3101], [115.5812, 25.3307], [115.6042, 25.3589], [115.6242, 25.3885], [115.6348, 25.4166], [115.6245, 25.4547], [115.5953, 25.446], [115.5671, 25.4593], [115.5538, 25.4852], [115.5549, 25.5252], [115.5355, 25.5495], [115.493, 25.5541], [115.4791, 25.581], [115.4268, 25.5716], [115.3802, 25.5698], [115.3551, 25.5925], [115.3697, 25.626], [115.3419, 25.6429], [115.2731, 25.6102], [115.2475, 25.5905]]]}}, {"type": "Feature", "properties": {"osm_type": "relation", "osm_id": 897103919, "name": "Dayuxian", "admin_level": "6", "kind": "subdivision_2", "parent_osm_id": 913109, "parent_name": "Jiangxi", "parent_iso": "CN-JX"}, "geometry": {"type": "Polygon", "coordinates": [[[114.5055, 25.6299], [114.4672, 25.6184], [114.411, 25.6105], [114.3761, 25.5981], [114.3484, 25.5679], [114.3415, 25.5338], [114.3272, 25.5007], [114.3007, 25.4741], [114.263, 25.4639], [114.2345, 25.4801], [114.2348, 25.5149], [114.2121, 25.5446], [114.1818, 25.5266], [114.1821, 25.4945], [114.1639, 25.4609], [114.1349, 25.4514], [114.0047, 25.452], [113.9732, 25.4393], [113.9905, 25.4302], [114.0184, 25.4042], [114.0277, 25.3841], [114.0297, 25.3273], [114.0124, 25.3143], [114.0161, 25.2773], [114.0479, 25.2764], [114.1236, 25.3138], [114.1927, 25.3009], [114.2207, 25.3054], [114.2652, 25.3005], [114.2811, 25.3252], [114.3305, 25.3191], [114.3586, 25.3254], [114.3908, 25.3352], [114.429, 25.3727], [114.4698, 25.3993], [114.5238, 25.4065], [114.5376, 25.4028], [114.692, 25.4724], [114.671, 25.526], [114.6402, 25.5861], [114.6094, 25.6047], [114.5268, 25.607], [114.5055, 25.6299]]]}}, {"type": "Feature", "properties": {"osm_type": "relation", "osm_id": 592570884, "name": "Xinfengxian", "admin_level": "6", "kind": "subdivision_2", "parent_osm_id": 913109, "parent_name": "Jiangxi", "parent_iso": "CN-JX"}, "geometry": {"type": "Polygon", "coordinates": [[[114.8448, 25.5518], [114.8046, 25.4959], [114.7488, 25.4781], [114.692, 25.4724], [114.5376, 25.4028], [114.5513, 25.3992], [114.6044, 25.3587], [114.6203, 25.333], [114.6376, 25.3198], [114.65, 25.331], [114.6757, 25.3274], [114.7031, 25.2941], [114.7122, 25.2721], [114.6983, 25.2483], [114.6693, 25.2196], [114.6682, 25.1935], [114.7036, 25.1607], [114.7088, 25.1443], [114.7034, 25.1329], [114.7371, 25.114], [114.7583, 25.0924], [114.8209, 25.0668], [114.847, 25.0414], [114.8552, 25.0001], [114.9387, 25.0212], [114.9713, 25.0215], [115.0262, 25.052], [115.0664, 25.0547], [115.0943, 25.0284], [115.1254, 25.0227], [115.1601, 25.0069], [115.1928, 25.0047], [115.1974, 25.0394], [115.1743, 25.0961], [115.1707, 25.1237], [115.1792, 25.157], [115.2467, 25.2448], [115.2989, 25.3422], [115.3054, 25.3812], [115.2909, 25.4175], [115.3099, 25.4468], [115.2818, 25.4668], [115.2528, 25.4737], [115.2139, 25.5007], [115.1669, 25.4816], [115.1387, 25.4612], [115.0783, 25.4464], [115.0769, 25.4798], [115.0654, 25.5071], [115.0329, 25.5205], [114.9575, 25.514], [114.8928, 25.5274], [114.8448, 25.5518]]]}}, {"type": "Feature", "properties": {"osm_type": "relation", "osm_id": 524032684, "name": "Xunwuxian", "admin_level": "6", "kind": "subdivision_2", "parent_osm_id": 913109, "parent_name": "Jiangxi", "parent_iso": "CN-JX"}, "geometry": {"type": "Polygon", "coordinates": [[[115.5537, 25.2246], [115.5381, 25.1925], [115.544, 25.1522], [115.5371, 25.1149], [115.5107, 25.0984], [115.4979, 25.0721], [115.4815, 25.0011], [115.4278, 24.9074], [115.3957, 24.8923], [115.3662, 24.8962], [115.3286, 24.8822], [115.3607, 24.8399], [115.3527, 24.7963], [115.3578, 24.7744], [115.3607, 24.7785], [115.3889, 24.7701], [115.4604, 24.7382], [115.4608, 24.7256], [115.5251, 24.6678], [115.5653, 24.6046], [115.6587, 24.5798], [115.7406, 24.5436], [115.7671, 24.6146], [115.7548, 24.682], [115.7239, 24.7511], [115.7549, 24.8327], [115.7958, 24.8958], [115.8585, 24.865], [115.8702, 24.8854], [115.8528, 24.9239], [115.8841, 24.9531], [115.8623, 25.0092], [115.8611, 25.0408], [115.9148, 25.0626], [115.8925, 25.0898], [115.8574, 25.1005], [115.8308, 25.1594], [115.826, 25.1812], [115.7567, 25.1743], [115.7193, 25.1564], [115.6777, 25.159], [115.6335, 25.2116], [115.6088, 25.1889], [115.5794, 25.1996], [115.5537, 25.2246]]]}}, {"type": "Feature", "properties": {"osm_type": "relation", "osm_id": 760812335, "name": "Quannanxian", "admin_level": "6", "kind": "subdivision_2", "parent_osm_id": 913109, "parent_name": "Jiangxi", "parent_iso": "CN-JX"}, "geometry": {"type": "Polygon", "coordinates": [[[114.7034, 25.1329], [114.6979, 25.1195], [114.6368, 25.0811], [114.595, 25.0753], [114.5627, 25.0854], [114.4973, 25.0371], [114.4755, 25.0117], [114.4582, 24.9997], [114.4404, 24.9723], [114.3933, 24.9585], [114.3772, 24.9248], [114.3932, 24.8783], [114.3903, 24.8531], [114.3376, 24.7926], [114.3236, 24.7615], [114.2708, 24.7217], [114.2448, 24.7117], [114.2131, 24.709], [114.1858, 24.6909], [114.1635, 24.6736], [114.1572, 24.662], [114.1597, 24.6493], [114.2154, 24.635], [114.2367, 24.6244], [114.2699, 24.5873], [114.3014, 24.5863], [114.3423, 24.5723], [114.3618, 24.546], [114.3806, 24.571], [114.4387, 24.613], [114.5285, 24.6513], [114.5548, 24.6774], [114.5932, 24.7269], [114.5982, 24.7656], [114.5705, 24.7824], [114.5775, 24.8383], [114.5723, 24.8654], [114.5859, 24.8918], [114.6667, 24.9485], [114.7092, 24.9635], [114.7406, 24.9673], [114.8029, 24.9611], [114.8552, 25.0001], [114.847, 25.0414], [114.8209, 25.0668], [114.7583, 25.0924], [114.7371, 25.114], [114.7034, 25.1329]]]}}, {"type": "Feature", "properties": {"osm_type": "relation", "osm_id": 136591918, "name": "Dingnanxian", "admin_level": "6", "kind": "subdivision_2", "parent_osm_id": 913109, "parent_name": "Jiangxi", "parent_iso": "CN-JX"}, "geometry": {"type": "Polygon", "coordinates": [[[115.1601, 25.0069], [115.1254, 25.0227], [115.0943, 25.0284], [115.0664, 25.0547], [115.0262, 25.052], [114.9713, 25.0215], [114.9387, 25.0212], [114.938, 24.9722], [114.9737, 24.9142], [114.9572, 24.8789], [114.968, 24.8471], [114.983, 24.8229], [114.9806, 24.794], [114.8731, 24.739], [114.8443, 24.7161], [114.8244, 24.6929], [114.8086, 24.6561], [114.7984, 24.586], [114.8089, 24.5816], [114.8372, 24.5526], [114.8616, 24.5688], [114.8794, 24.6178], [114.8916, 24.6264], [114.8902, 24.6382], [114.8986, 24.6496], [114.9266, 24.6594], [114.9878, 24.6598], [115.0088, 24.6662], [115.0216, 24.6883], [115.0648, 24.683], [115.0848, 24.6651], [115.1238, 24.678], [115.1553, 24.6758], [115.1747, 24.7103], [115.2055, 24.7144], [115.2676, 24.7327], [115.2971, 24.7504], [115.3163, 24.7406], [115.3405, 24.7496], [115.3578, 24.7744], [115.3527, 24.7963], [115.3607, 24.8399], [115.3286, 24.8822], [115.2843, 24.891], [115.1711, 24.8979], [115.1533, 24.9268], [115.1601, 25.0069]]]}}, {"type": "Feature", "properties": {"osm_type": "relation", "osm_id": 628464369, "name": "Longnanxian", "admin_level": "6", "kind": "subdivision_2", "parent_osm_id": 913109, "parent_name": "Jiangxi", "parent_iso": "CN-JX"}, "geometry": {"type": "Polygon", "coordinates": [[[114.8552, 25.0001], [114.8029, 24.9611], [114.7406, 24.9673], [114.7092, 24.9635], [114.6667, 24.9485], [114.5859, 24.8918], [114.5723, 24.8654], [114.5775, 24.8383], [114.5705, 24.7824], [114.5982, 24.7656], [114.5932, 24.7269], [114.5548, 24.6774], [114.5285, 24.6513], [114.4387, 24.613], [114.3806, 24.571], [114.3618, 24.546], [114.3928, 24.5012], [114.4452, 24.5058], [114.4627, 24.5269], [114.4904, 24.5296], [114.5104, 24.5379], [114.5357, 24.5289], [114.5554, 24.5301], [114.5846, 24.5444], [114.603, 24.5609], [114.6287, 24.5627], [114.6603, 24.5409], [114.6971, 24.5477], [114.7231, 24.5811], [114.7456, 24.601], [114.7984, 24.586], [114.8086, 24.6561], [114.8244, 24.6929], [114.8443, 24.7161], [114.8731, 24.739], [114.9806, 24.794], [114.983, 24.8229], [114.968, 24.8471], [114.9572, 24.8789], [114.9737, 24.9142], [114.938, 24.9722], [114.9387, 25.0212], [114.8552, 25.0001]]]}}]}