{"type": "FeatureCollection", "features": [{"type": "Feature", "properties": {"osm_type": "relation", "osm_id": 1154756, "name": "Ceuta", "admin_level": "4", "iso": "ES-CE", "parent_iso": "ES", "parent_osm_id": 1311341}, "geometry": {"type": "Polygon", "coordinates": [[[-5.3407, 35.8474], [-5.3784, 35.8817], [-5.3989, 35.9245], [-5.3662, 35.9248], [-5.3093, 35.9008], [-5.2831, 35.9117], [-5.2919, 35.8905], [-5.3356, 35.8624], [-5.3407, 35.8474]]]}}, {"type": "Feature", "properties": {"osm_type": "relation", "osm_id": 1154757, "name": "Melilla", "admin_level": "4", "iso": "ES-ML", "parent_iso": "ES", "parent_osm_id": 1311341}, "geometry": {"type": "Polygon", "coordinates": [[[-2.943, 35.2679], [-2.9638, 35.2862], [-2.9669, 35.3139], [-2.9478, 35.3298], [-2.9129, 35.2769], [-2.943, 35.2679]]]}}, {"type": "Feature", "properties": {"osm_type": "relation", "osm_id": 6429242, "name": "Navarre", "admin_level": "6", "iso": "ES-NA", "parent_iso": "ES", "parent_osm_id": 1311341}, "geometry": {"type": "MultiPolygon", "coordinates": [[[[-1.7497, 43.2948], [-1.683, 43.3049], [-1.6549, 43.2975], [-1.645, 43.2924], [-1.639, 43.2557], [-1.6219, 43.247], [-1.5876, 43.2516], [-1.574, 43.2774], [-1.559, 43.2841], [-1.5081, 43.2768], [-1.4664, 43.2608], [-1.4322, 43.265], [-1.4035, 43.2433], [-1.3997, 43.2067], [-1.4258, 43.1353], [-1.4878, 43.0818], [-1.4753, 43.0601], [-1.435, 43.0357], [-1.3661, 43.0333], [-1.3483, 43.0931], [-1.3086, 43.1136], [-1.286, 43.1092], [-1.3151, 43.0829], [-1.3106, 43.0695], [-1.2749, 43.0468], [-1.2169, 43.0393], [-1.1499, 43.0057], [-1.1124, 43.0083], [-1.0797, 42.9934], [-1.0285, 42.9867], [-0.9815, 42.957], [-0.9432, 42.9479], [-0.8635, 42.9431], [-0.7864, 42.9533], [-0.7597, 42.9465], [-0.745, 42.9187], [-0.7714, 42.9184], [-0.8062, 42.9044], [-0.8192, 42.8761], [-0.8504, 42.8405], [-0.8569, 42.7869], [-0.867, 42.7699], [-0.8964, 42.755], [-0.9044, 42.7426], [-0.9645, 42.7103], [-1.0246, 42.6961], [-1.0445, 42.65], [-1.145, 42.6414], [-1.1555, 42.6186], [-1.1723, 42.6135], [-1.1548, 42.6018], [-1.1958, 42.5753], [-1.2053, 42.5581], [-1.228, 42.5494], [-1.2574, 42.5532], [-1.2782, 42.532], [-1.2845, 42.5166], [-1.2727, 42.4876], [-1.342, 42.4148], [-1.3491, 42.3792], [-1.331, 42.358], [-1.384, 42.3004], [-1.4164, 42.2206], [-1.4154, 42.2049], [-1.3966, 42.178], [-1.3925, 42.1208], [-1.3507, 42.0727], [-1.3165, 42.0628], [-1.316, 42.0371], [-1.3612, 41.9838], [-1.3831, 41.9437], [-1.4193, 41.9089], [-1.4907, 41.9227], [-1.5559, 41.9116], [-1.6394, 41.9576], [-1.6572, 41.9622], [-1.7042, 41.9551], [-1.732, 41.9647], [-1.7677, 41.9906], [-1.8524, 42.0012], [-1.8906, 42.0253], [-1.9013, 42.0456], [-1.8999, 42.0694], [-1.8234, 42.1456], [-1.7827, 42.1393], [-1.7446, 42.1466], [-1.7131, 42.1361], [-1.6882, 42.1431], [-1.6971, 42.2158], [-1.8293, 42.2776], [-1.8573, 42.2776], [-1.8635, 42.3049], [-1.9013, 42.3254], [-1.9767, 42.393], [-2.0556, 42.3991], [-2.0696, 42.4148], [-2.0553, 42.4284], [-2.0765, 42.4426], [-2.1914, 42.4429], [-2.2784, 42.4899], [-2.3433, 42.483], [-2.4061, 42.4971], [-2.394, 42.565], [-2.4007, 42.5907], [-2.4213, 42.5988], [-2.4501, 42.576], [-2.4933, 42.5953], [-2.4927, 42.6093], [-2.418, 42.6575], [-2.391, 42.6586], [-2.3659, 42.6379], [-2.3481, 42.6381], [-2.2927, 42.6631], [-2.2959, 42.6779], [-2.312, 42.6829], [-2.3204, 42.729], [-2.2794, 42.7509], [-2.2744, 42.791], [-2.2423, 42.8392], [-2.2391, 42.8583], [-2.253, 42.9001], [-2.2317, 42.9352], [-2.2008, 42.9516], [-2.1741, 42.944], [-2.1228, 42.9496], [-2.0947, 42.9755], [-2.0494, 42.9882], [-2.0396, 43.0043], [-2.0406, 43.0276], [-2.0146, 43.067], [-1.9379, 43.1056], [-1.9125, 43.1351], [-1.9193, 43.1845], [-1.9085, 43.2183], [-1.8837, 43.212], [-1.8727, 43.2277], [-1.8573, 43.2229], [-1.8337, 43.2295], [-1.7913, 43.2774], [-1.7497, 43.2948]]], [[[-1.1639, 42.4409], [-1.1581, 42.426], [-1.1656, 42.4119], [-1.1904, 42.4028], [-1.1945, 42.4243], [-1.1639, 42.4409]]], [[[-1.1061, 42.483], [-1.0986, 42.4822], [-1.0945, 42.4632], [-1.0672, 42.4458], [-1.0672, 42.4367], [-1.087, 42.4334], [-1.1342, 42.4467], [-1.1242, 42.4731], [-1.1061, 42.483]]]]}}, {"type": "Feature", "properties": {"osm_type": "relation", "osm_id": 349015, "name": "Gipuzkoa", "admin_level": "6", "iso": "ES-SS", "parent_iso": "ES", "parent_osm_id": 1311341}, "geometry": {"type": "Polygon", "coordinates": [[[-1.7941, 43.386], [-1.7969, 43.3411], [-1.7682, 43.3309], [-1.7558, 43.3185], [-1.7497, 43.2948], [-1.7913, 43.2774], [-1.8337, 43.2295], [-1.8573, 43.2229], [-1.8727, 43.2277], [-1.8837, 43.212], [-1.9085, 43.2183], [-1.9193, 43.1845], [-1.9125, 43.1351], [-1.9267, 43.1144], [-2.0146, 43.067], [-2.0406, 43.0276], [-2.0427, 42.9945], [-2.0947, 42.9755], [-2.1228, 42.9496], [-2.1741, 42.944], [-2.2141, 42.9496], [-2.253, 42.9001], [-2.2812, 42.901], [-2.3084, 42.9286], [-2.3547, 42.9501], [-2.5031, 42.9606], [-2.5352, 42.9734], [-2.559, 42.9628], [-2.6028, 42.9824], [-2.5889, 43.0101], [-2.5337, 43.0345], [-2.5465, 43.088], [-2.514, 43.0932], [-2.5017, 43.1032], [-2.5071, 43.1615], [-2.4889, 43.1837], [-2.4905, 43.2224], [-2.4594, 43.2273], [-2.4182, 43.2675], [-2.4402, 43.2881], [-2.4068, 43.3293], [-2.3271, 43.3068], [-2.2847, 43.3035], [-2.1963, 43.3148], [-2.1745, 43.2974], [-2.1448, 43.3011], [-2.1278, 43.2874], [-2.0989, 43.3041], [-1.9604, 43.3431], [-1.9456, 43.3426], [-1.9187, 43.321], [-1.9047, 43.3284], [-1.9257, 43.3426], [-1.8113, 43.3951], [-1.7941, 43.386]]]}}, {"type": "Feature", "properties": {"osm_type": "relation", "osm_id": 349022, "name": "Huesca", "admin_level": "6", "iso": "ES-HU", "parent_iso": "ES", "parent_osm_id": 1311341}, "geometry": {"type": "Polygon", "coordinates": [[[-0.745, 42.9187], [-0.7403, 42.8848], [-0.7301, 42.8775], [-0.7004, 42.8764], [-0.6483, 42.8498], [-0.6095, 42.8114], [-0.6102, 42.7991], [-0.5829, 42.7958], [-0.5787, 42.7773], [-0.569, 42.7726], [-0.5356, 42.7842], [-0.5339, 42.808], [-0.5084, 42.8075], [-0.4545, 42.7889], [-0.4239, 42.7907], [-0.3517, 42.8292], [-0.3352, 42.825], [-0.3228, 42.8425], [-0.247, 42.8048], [-0.2351, 42.7862], [-0.2084, 42.7839], [-0.1614, 42.7953], [-0.1578, 42.7607], [-0.1231, 42.7304], [-0.119, 42.7169], [-0.0389, 42.6851], [0.1692, 42.7265], [0.2384, 42.7104], [0.2754, 42.6687], [0.2902, 42.6703], [0.336, 42.7127], [0.3542, 42.7175], [0.3818, 42.7001], [0.3893, 42.6851], [0.4093, 42.6823], [0.4669, 42.6904], [0.6436, 42.6845], [0.6634, 42.6962], [0.6756, 42.6887], [0.7163, 42.6257], [0.7689, 42.6056], [0.7598, 42.5647], [0.7306, 42.5197], [0.7303, 42.5007], [0.7044, 42.4928], [0.7014, 42.4843], [0.7151, 42.4431], [0.7329, 42.4269], [0.7464, 42.3905], [0.7513, 42.3287], [0.7417, 42.264], [0.7194, 42.2268], [0.7055, 42.1784], [0.7031, 42.1203], [0.6549, 42.027], [0.6516, 42.0019], [0.5661, 41.9389], [0.5933, 41.9137], [0.5936, 41.8675], [0.5422, 41.8267], [0.5009, 41.8124], [0.4646, 41.7674], [0.4059, 41.753], [0.3285, 41.6774], [0.3515, 41.6072], [0.3652, 41.5983], [0.424, 41.5929], [0.4412, 41.5461], [0.3974, 41.4943], [0.3512, 41.4776], [0.3485, 41.4332], [0.3383, 41.4059], [0.2407, 41.4285], [0.219, 41.4034], [0.1827, 41.3945], [0.1638, 41.4065], [0.1291, 41.3877], [0.1061, 41.3509], [0.0191, 41.3603], [-0.0147, 41.3834], [-0.0699, 41.3729], [-0.1033, 41.4754], [-0.1524, 41.5282], [-0.1671, 41.569], [-0.1855, 41.591], [-0.2098, 41.5946], [-0.2392, 41.5768], [-0.2583, 41.5782], [-0.3138, 41.6228], [-0.3442, 41.6312], [-0.3807, 41.6847], [-0.4888, 41.7355], [-0.5031, 41.7549], [-0.5249, 41.8398], [-0.5537, 41.8676], [-0.6071, 41.8882], [-0.6521, 41.9458], [-0.668, 41.9553], [-0.7782, 41.9573], [-0.8537, 41.9967], [-0.8661, 42.0272], [-0.8481, 42.0727], [-0.8192, 42.0821], [-0.7817, 42.0566], [-0.7675, 42.0613], [-0.7479, 42.0865], [-0.7574, 42.2585], [-0.7344, 42.2907], [-0.7314, 42.3086], [-0.7455, 42.3853], [-0.7802, 42.3919], [-0.7727, 42.3449], [-0.8083, 42.2792], [-0.8225, 42.2738], [-0.8615, 42.2826], [-0.8777, 42.2735], [-0.8929, 42.2498], [-0.9229, 42.2623], [-0.9225, 42.2716], [-0.8347, 42.3807], [-0.8423, 42.4075], [-0.9013, 42.436], [-0.8888, 42.4718], [-0.8968, 42.4943], [-0.9048, 42.6131], [-0.9247, 42.6514], [-0.8845, 42.6691], [-0.8798, 42.6791], [-0.9113, 42.7153], [-0.8964, 42.755], [-0.867, 42.7699], [-0.8569, 42.7869], [-0.8462, 42.8495], [-0.8192, 42.8761], [-0.8062, 42.9044], [-0.7714, 42.9184], [-0.745, 42.9187]]]}}, {"type": "Feature", "properties": {"osm_type": "relation", "osm_id": 348990, "name": "Lleida", "admin_level": "6", "iso": "ES-L", "parent_iso": "ES", "parent_osm_id": 1311341}, "geometry": {"type": "Polygon", "coordinates": [[[0.7068, 42.8466], [0.8129, 42.8316], [0.9211, 42.7844], [0.9503, 42.7961], [0.9829, 42.7804], [1.0891, 42.7713], [1.1067, 42.7596], [1.1343, 42.716], [1.1515, 42.7067], [1.1959, 42.7136], [1.3426, 42.7087], [1.3382, 42.6944], [1.3611, 42.6867], [1.4293, 42.5954], [1.418, 42.5698], [1.4263, 42.5618], [1.4065, 42.5292], [1.429, 42.5315], [1.4466, 42.5199], [1.45, 42.5041], [1.4076, 42.4868], [1.4364, 42.4535], [1.4364, 42.441], [1.5166, 42.4295], [1.5444, 42.4504], [1.6395, 42.4664], [1.654, 42.4965], [1.6863, 42.4906], [1.707, 42.5028], [1.7288, 42.4468], [1.7428, 42.4362], [1.8072, 42.4185], [1.8111, 42.3836], [1.8365, 42.3507], [1.8336, 42.3272], [1.8425, 42.3063], [1.7156, 42.2881], [1.6863, 42.2621], [1.6906, 42.2124], [1.7321, 42.1894], [1.7372, 42.1683], [1.7082, 42.1389], [1.7157, 42.1048], [1.6901, 42.0847], [1.6888, 42.0419], [1.6578, 42.0117], [1.6691, 41.9976], [1.7073, 42.0032], [1.7158, 41.9879], [1.7047, 41.9738], [1.6625, 41.9703], [1.6462, 41.9616], [1.6432, 41.9292], [1.6156, 41.8957], [1.6332, 41.8487], [1.6302, 41.8291], [1.5602, 41.7678], [1.5434, 41.7637], [1.5105, 41.7813], [1.4822, 41.7768], [1.4446, 41.802], [1.4122, 41.7893], [1.4068, 41.7042], [1.4385, 41.6435], [1.4368, 41.6368], [1.3742, 41.6193], [1.37, 41.6029], [1.4071, 41.5905], [1.3927, 41.575], [1.3718, 41.5654], [1.201, 41.5704], [1.178, 41.5445], [1.1675, 41.4866], [1.1304, 41.4732], [1.0651, 41.4808], [1.062, 41.4516], [1.0455, 41.4267], [1.0237, 41.4063], [0.9895, 41.3983], [0.9577, 41.3545], [0.879, 41.342], [0.8335, 41.3585], [0.805, 41.3313], [0.7585, 41.3313], [0.7364, 41.3184], [0.6208, 41.2987], [0.5959, 41.3034], [0.5619, 41.3239], [0.5209, 41.2889], [0.5, 41.2918], [0.4728, 41.3283], [0.4544, 41.3346], [0.4381, 41.3248], [0.4332, 41.2761], [0.3858, 41.2789], [0.3604, 41.2328], [0.3524, 41.2792], [0.3773, 41.3214], [0.374, 41.3389], [0.3517, 41.3625], [0.3273, 41.3701], [0.3242, 41.3902], [0.3485, 41.4332], [0.3512, 41.4776], [0.3974, 41.4943], [0.4412, 41.5461], [0.424, 41.5929], [0.3652, 41.5983], [0.3515, 41.6072], [0.3285, 41.6774], [0.4059, 41.753], [0.4646, 41.7674], [0.5009, 41.8124], [0.5422, 41.8267], [0.5936, 41.8675], [0.5933, 41.9137], [0.5661, 41.9389], [0.6516, 42.0019], [0.6549, 42.027], [0.7031, 42.1203], [0.7055, 42.1784], [0.7194, 42.2268], [0.7434, 42.2707], [0.7513, 42.3287], [0.7464, 42.3905], [0.7329, 42.4269], [0.7151, 42.4431], [0.7014, 42.4843], [0.7044, 42.4928], [0.7303, 42.5007], [0.7306, 42.5197], [0.7598, 42.5647], [0.7689, 42.6056], [0.7163, 42.6257], [0.6756, 42.6887], [0.6634, 42.6962], [0.6664, 42.7148], [0.6596, 42.7299], [0.6335, 42.7448], [0.6507, 42.7634], [0.6397, 42.7747], [0.6537, 42.8027], [0.6563, 42.8384], [0.7068, 42.8466]]]}}, {"type": "Feature", "properties": {"osm_type": "relation", "osm_id": 349023, "name": "Girona", "admin_level": "6", "iso": "ES-GI", "parent_iso": "ES", "parent_osm_id": 1311341}, "geometry": {"type": "MultiPolygon", "coordinates": [[[[1.7122, 42.4937], [1.7927, 42.4817], [1.8698, 42.4468], [1.9275, 42.4369], [1.9637, 42.3672], [2.0092, 42.3471], [2.0633, 42.3579], [2.104, 42.3848], [2.121, 42.4106], [2.137, 42.4162], [2.1842, 42.4118], [2.2774, 42.4286], [2.3755, 42.3893], [2.4225, 42.3837], [2.4456, 42.352], [2.5148, 42.3257], [2.532, 42.3308], [2.5481, 42.3522], [2.6622, 42.339], [2.6403, 42.3728], [2.6904, 42.4062], [2.7081, 42.4129], [2.7886, 42.412], [2.8508, 42.4484], [2.9008, 42.4513], [2.9337, 42.4702], [2.9661, 42.461], [2.9831, 42.4693], [3.0296, 42.4657], [3.0536, 42.4376], [3.0861, 42.4272], [3.181, 42.4315], [3.1702, 42.3966], [3.1745, 42.3638], [3.1873, 42.3495], [3.2042, 42.3396], [3.2498, 42.3432], [3.263, 42.3292], [3.2937, 42.335], [3.3177, 42.323], [3.294, 42.288], [3.287, 42.2629], [3.263, 42.2399], [3.2472, 42.2457], [3.2101, 42.2397], [3.1787, 42.2497], [3.1702, 42.2597], [3.1516, 42.2568], [3.1303, 42.2397], [3.1188, 42.2183], [3.1165, 42.1584], [3.1225, 42.1405], [3.1731, 42.112], [3.2145, 42.0683], [3.1959, 42.0331], [3.2079, 41.99], [3.2357, 41.9655], [3.2322, 41.946], [3.1949, 41.8883], [3.1502, 41.8454], [3.1168, 41.8476], [3.0786, 41.8266], [3.0691, 41.7991], [2.9509, 41.7343], [2.933, 41.7125], [2.8402, 41.6946], [2.8132, 41.6703], [2.792, 41.669], [2.7785, 41.6456], [2.7608, 41.6735], [2.7596, 41.6828], [2.774, 41.7004], [2.7678, 41.7213], [2.7479, 41.7357], [2.684, 41.7497], [2.637, 41.7332], [2.5474, 41.7192], [2.4366, 41.8029], [2.3627, 41.7987], [2.346, 41.8079], [2.3179, 41.8462], [2.3153, 41.8648], [2.3317, 41.8867], [2.3829, 41.8715], [2.4244, 41.889], [2.4428, 41.8876], [2.4623, 41.9106], [2.463, 41.9209], [2.4399, 41.9494], [2.4894, 41.9909], [2.5026, 42.0259], [2.4784, 42.0638], [2.4591, 42.0734], [2.4195, 42.0732], [2.3659, 42.1213], [2.3078, 42.113], [2.2802, 42.1435], [2.2313, 42.1422], [2.2042, 42.128], [2.1293, 42.1196], [2.098, 42.1373], [2.0655, 42.1372], [2.0556, 42.153], [2.0509, 42.1968], [2.0239, 42.2273], [2.0292, 42.2513], [2.0467, 42.2727], [2.0407, 42.2935], [2.016, 42.2994], [1.9731, 42.295], [1.9382, 42.3143], [1.9139, 42.3184], [1.8425, 42.3063], [1.8336, 42.3272], [1.8365, 42.3507], [1.8111, 42.3836], [1.8072, 42.4185], [1.7428, 42.4362], [1.7288, 42.4468], [1.7122, 42.4937]]], [[[1.968, 42.4857], [1.9995, 42.4439], [1.9606, 42.4437], [1.9475, 42.4512], [1.9456, 42.4638], [1.9566, 42.4818], [1.968, 42.4857]]]]}}, {"type": "Feature", "properties": {"osm_type": "relation", "osm_id": 348994, "name": "Badajoz", "admin_level": "6", "iso": "ES-BA", "parent_iso": "ES", "parent_osm_id": 1311341}, "geometry": {"type": "Polygon", "coordinates": [[[-7.2704, 38.6177], [-7.2909, 38.6382], [-7.293, 38.6563], [-7.2841, 38.7132], [-7.2704, 38.7375], [-7.1797, 38.7909], [-7.151, 38.8193], [-7.1049, 38.8272], [-7.0561, 38.8551], [-7.0522, 38.885], [-7.066, 38.9046], [-7.0221, 38.9429], [-6.9733, 39.014], [-6.9863, 39.0301], [-6.9794, 39.0472], [-6.9857, 39.0668], [-7.0158, 39.0968], [-7.0649, 39.1148], [-7.1273, 39.0975], [-7.1572, 39.1054], [-7.1689, 39.1219], [-7.1558, 39.1515], [-7.1681, 39.1706], [-7.2441, 39.1956], [-7.2658, 39.2314], [-7.2643, 39.2523], [-7.2508, 39.2706], [-7.204, 39.2658], [-7.155, 39.3189], [-7.1705, 39.3434], [-7.1637, 39.3584], [-7.1183, 39.38], [-7.073, 39.3806], [-7.0783, 39.3354], [-7.0729, 39.316], [-7.045, 39.3149], [-7.0216, 39.3821], [-7.0352, 39.4005], [-7.0671, 39.4144], [-7.0492, 39.4367], [-6.8888, 39.3835], [-6.8336, 39.3892], [-6.7995, 39.377], [-6.7802, 39.3417], [-6.76, 39.3292], [-6.7517, 39.3027], [-6.7621, 39.2782], [-6.8008, 39.2394], [-6.7695, 39.1906], [-6.681, 39.1773], [-6.6597, 39.1989], [-6.5853, 39.1818], [-6.5707, 39.1588], [-6.555, 39.1538], [-6.5286, 39.1741], [-6.3715, 39.1629], [-6.3193, 39.1845], [-6.3122, 39.1159], [-6.2938, 39.1003], [-6.2489, 39.0988], [-6.2308, 39.0898], [-6.2056, 39.0611], [-6.168, 39.0589], [-6.1422, 39.0315], [-6.0897, 39.0847], [-6.0214, 39.1276], [-6.012, 39.0688], [-6.0031, 39.0633], [-5.9861, 39.0655], [-5.9418, 39.1087], [-5.9247, 39.0833], [-5.8581, 39.1031], [-5.8286, 39.1192], [-5.8104, 39.1447], [-5.7678, 39.1368], [-5.6899, 39.0829], [-5.646, 39.1022], [-5.6144, 39.1016], [-5.5899, 39.1171], [-5.5779, 39.1376], [-5.578, 39.1479], [-5.6128, 39.1885], [-5.5417, 39.2142], [-5.5175, 39.2091], [-5.4445, 39.1586], [-5.4104, 39.1638], [-5.3713, 39.1949], [-5.3472, 39.2288], [-5.3551, 39.2631], [-5.3396, 39.3236], [-5.3214, 39.3283], [-5.2472, 39.3102], [-5.1788, 39.31], [-5.1228, 39.3394], [-5.1132, 39.3873], [-5.0987, 39.3984], [-5.0568, 39.3633], [-4.9919, 39.3709], [-4.9444, 39.3919], [-4.8801, 39.3669], [-4.767, 39.4046], [-4.6927, 39.4498], [-4.6779, 39.4176], [-4.7109, 39.3441], [-4.7494, 39.3246], [-4.7562, 39.3062], [-4.7157, 39.2321], [-4.6584, 39.1739], [-4.7273, 39.1965], [-4.8068, 39.1988], [-4.847, 39.1655], [-4.8674, 39.1061], [-4.864, 39.0816], [-4.8336, 39.0629], [-4.8347, 39.0476], [-4.8773, 39.0326], [-4.9286, 39.0515], [-4.9541, 39.0456], [-4.9206, 38.9641], [-4.8401, 38.9396], [-4.8363, 38.9285], [-4.8457, 38.892], [-4.9047, 38.886], [-4.9273, 38.8703], [-4.9908, 38.7393], [-5.0799, 38.7194], [-5.1705, 38.7138], [-5.1673, 38.6934], [-5.1808, 38.666], [-5.2558, 38.6344], [-5.2881, 38.6125], [-5.3068, 38.5855], [-5.3624, 38.5839], [-5.4003, 38.5491], [-5.4196, 38.5158], [-5.4498, 38.5004], [-5.4882, 38.4646], [-5.5493, 38.4408], [-5.5694, 38.4253], [-5.5758, 38.3943], [-5.56, 38.3724], [-5.5671, 38.3363], [-5.547, 38.3161], [-5.5229, 38.2707], [-5.5178, 38.2376], [-5.5197, 38.2089], [-5.5382, 38.1624], [-5.581, 38.1351], [-5.6235, 38.1369], [-5.6936, 38.0913], [-5.7109, 38.0887], [-5.7282, 38.0954], [-5.7347, 38.1234], [-5.7284, 38.1343], [-5.6917, 38.1538], [-5.7138, 38.18], [-5.7404, 38.1902], [-5.8371, 38.1743], [-5.8671, 38.1448], [-5.9154, 38.1141], [-5.9228, 38.0928], [-5.9107, 38.0735], [-5.9137, 38.0596], [-5.9411, 38.0183], [-5.963, 38.0026], [-6.1141, 37.9786], [-6.1833, 37.939], [-6.2003, 37.952], [-6.3563, 38.0], [-6.3724, 38.0312], [-6.424, 38.0568], [-6.4496, 38.0514], [-6.4848, 38.0164], [-6.5717, 38.0239], [-6.5844, 38.0568], [-6.6173, 38.0868], [-6.6774, 38.096], [-6.7488, 38.0936], [-6.8019, 38.1087], [-6.8131, 38.1188], [-6.7924, 38.1583], [-6.7979, 38.1729], [-6.9338, 38.2093], [-6.9506, 38.1984], [-6.9642, 38.2061], [-7.0264, 38.1996], [-7.0387, 38.1862], [-7.0631, 38.1775], [-7.1035, 38.1736], [-7.1269, 38.1909], [-7.1672, 38.2721], [-7.1963, 38.2922], [-7.2114, 38.3175], [-7.3171, 38.4246], [-7.3592, 38.4464], [-7.3352, 38.4694], [-7.3341, 38.481], [-7.3456, 38.4941], [-7.3177, 38.5563], [-7.2704, 38.6177]]]}}, {"type": "Feature", "properties": {"osm_type": "relation", "osm_id": 349017, "name": "C\u00e1diz", "admin_level": "6", "iso": "ES-CA", "parent_iso": "ES", "parent_osm_id": 1311341}, "geometry": {"type": "Polygon", "coordinates": [[[-5.3388, 36.1411], [-5.3584, 36.1411], [-5.3666, 36.1632], [-5.3825, 36.1723], [-5.4254, 36.1798], [-5.4423, 36.1488], [-5.4287, 36.0808], [-5.4386, 36.0628], [-5.6118, 36.0065], [-5.6297, 36.0368], [-5.6894, 36.0671], [-5.7131, 36.06], [-5.7961, 36.0855], [-5.8328, 36.1224], [-5.9172, 36.1841], [-5.9836, 36.177], [-6.0368, 36.1895], [-6.1047, 36.2807], [-6.1595, 36.3043], [-6.1842, 36.3707], [-6.2184, 36.4025], [-6.2796, 36.5113], [-6.31, 36.5341], [-6.2894, 36.5373], [-6.2575, 36.5138], [-6.249, 36.5047], [-6.2541, 36.4963], [-6.2315, 36.4727], [-6.2115, 36.4805], [-6.1794, 36.5135], [-6.2244, 36.5108], [-6.2325, 36.5262], [-6.226, 36.5567], [-6.2349, 36.5758], [-6.2832, 36.6124], [-6.3798, 36.6243], [-6.3947, 36.6369], [-6.407, 36.6767], [-6.4379, 36.7333], [-6.4333, 36.7512], [-6.4145, 36.7676], [-6.3456, 36.795], [-6.3352, 36.8183], [-6.3437, 36.8599], [-6.3382, 36.8837], [-6.3044, 36.9072], [-6.2316, 36.9028], [-6.1577, 36.886], [-6.1052, 36.8575], [-5.9731, 36.8441], [-5.9415, 36.852], [-5.891, 36.8421], [-5.8662, 36.897], [-5.8434, 36.9111], [-5.8064, 36.9206], [-5.717, 36.9196], [-5.6926, 36.9527], [-5.6691, 36.9652], [-5.6422, 36.9585], [-5.5869, 36.9224], [-5.5446, 36.927], [-5.5067, 36.9548], [-5.4932, 36.9881], [-5.4945, 37.0338], [-5.4715, 37.0455], [-5.4452, 37.0427], [-5.4262, 37.0251], [-5.4283, 37.008], [-5.4478, 36.977], [-5.4467, 36.9585], [-5.4367, 36.9488], [-5.315, 37.0164], [-5.2962, 37.0129], [-5.2504, 36.9567], [-5.2365, 36.9493], [-5.1965, 36.9583], [-5.1422, 37.0037], [-5.097, 36.9559], [-5.0847, 36.9254], [-5.0881, 36.8936], [-5.1055, 36.8663], [-5.1311, 36.8438], [-5.1618, 36.83], [-5.1941, 36.8291], [-5.2627, 36.8739], [-5.3049, 36.8651], [-5.3414, 36.8256], [-5.3327, 36.8057], [-5.2974, 36.7707], [-5.3007, 36.7503], [-5.321, 36.7287], [-5.3393, 36.6663], [-5.3837, 36.6346], [-5.4449, 36.6182], [-5.4835, 36.5731], [-5.5927, 36.5386], [-5.6078, 36.5197], [-5.5857, 36.499], [-5.5502, 36.4932], [-5.4771, 36.5218], [-5.4262, 36.5181], [-5.3915, 36.4658], [-5.3554, 36.4337], [-5.3351, 36.3953], [-5.32, 36.3249], [-5.2778, 36.3369], [-5.2537, 36.2971], [-5.2906, 36.2774], [-5.2853, 36.2608], [-5.3341, 36.1878], [-5.3388, 36.1411]]]}}, {"type": "Feature", "properties": {"osm_type": "relation", "osm_id": 348988, "name": "Ourense", "admin_level": "6", "iso": "ES-OR", "parent_iso": "ES", "parent_osm_id": 1311341}, "geometry": {"type": "Polygon", "coordinates": [[[-8.1913, 42.0621], [-8.204, 42.0696], [-8.2043, 42.1288], [-8.2224, 42.1536], [-8.1834, 42.1731], [-8.1796, 42.2099], [-8.1649, 42.2459], [-8.2356, 42.2318], [-8.2684, 42.2567], [-8.2755, 42.2785], [-8.262, 42.3152], [-8.2864, 42.3238], [-8.3181, 42.3608], [-8.3186, 42.3892], [-8.3423, 42.4325], [-8.3406, 42.4923], [-8.3028, 42.4903], [-8.2489, 42.5314], [-8.2141, 42.54], [-8.1738, 42.5719], [-8.1467, 42.5486], [-8.0671, 42.552], [-8.0187, 42.5421], [-7.9926, 42.5702], [-7.9582, 42.5685], [-7.9308, 42.5785], [-7.8944, 42.5464], [-7.8968, 42.5057], [-7.8615, 42.504], [-7.7815, 42.4721], [-7.7527, 42.4511], [-7.7154, 42.4511], [-7.6173, 42.4021], [-7.5771, 42.4077], [-7.5209, 42.395], [-7.4183, 42.4332], [-7.4064, 42.4443], [-7.362, 42.4195], [-7.3202, 42.425], [-7.2693, 42.4147], [-7.2557, 42.4062], [-7.2026, 42.3255], [-7.1508, 42.4272], [-7.1032, 42.4578], [-7.071, 42.5035], [-6.9831, 42.4948], [-6.92, 42.5128], [-6.8926, 42.4998], [-6.8211, 42.4851], [-6.8088, 42.464], [-6.813, 42.4389], [-6.8391, 42.4101], [-6.7554, 42.3627], [-6.7357, 42.3411], [-6.7406, 42.2982], [-6.7994, 42.2384], [-6.8055, 42.2179], [-6.8668, 42.217], [-6.8984, 42.2002], [-6.9406, 42.1653], [-6.9556, 42.1322], [-6.9869, 42.1141], [-7.0247, 42.0757], [-7.0281, 42.068], [-7.0198, 42.0562], [-6.9848, 42.0512], [-6.966, 42.033], [-6.9865, 41.9892], [-6.9835, 41.963], [-6.9924, 41.9664], [-7.0513, 41.942], [-7.1454, 41.9875], [-7.1597, 41.9857], [-7.1999, 41.9637], [-7.1979, 41.9015], [-7.2187, 41.879], [-7.3225, 41.8454], [-7.3919, 41.842], [-7.4427, 41.806], [-7.4694, 41.8525], [-7.5158, 41.865], [-7.5316, 41.8402], [-7.5467, 41.832], [-7.6061, 41.8255], [-7.6222, 41.8323], [-7.6228, 41.8417], [-7.6074, 41.8732], [-7.6612, 41.8749], [-7.722, 41.8993], [-7.7501, 41.8884], [-7.8497, 41.8758], [-7.8648, 41.8579], [-7.8966, 41.8579], [-7.9061, 41.9139], [-7.9258, 41.9082], [-7.9448, 41.867], [-7.9936, 41.8637], [-8.0486, 41.8164], [-8.0935, 41.8067], [-8.1796, 41.8107], [-8.177, 41.8499], [-8.2204, 41.8682], [-8.2317, 41.886], [-8.2302, 41.9047], [-8.1821, 41.9654], [-8.108, 42.0109], [-8.0951, 42.0409], [-8.1032, 42.0558], [-8.1376, 42.0729], [-8.1913, 42.0621]]]}}, {"type": "Feature", "properties": {"osm_type": "relation", "osm_id": 1863380, "name": "C\u00e1ceres", "admin_level": "6", "iso": "ES-CC", "parent_iso": "ES", "parent_osm_id": 1311341}, "geometry": {"type": "Polygon", "coordinates": [[[-7.2508, 39.2706], [-7.3267, 39.3413], [-7.3319, 39.3847], [-7.3136, 39.4361], [-7.3209, 39.4674], [-7.3842, 39.484], [-7.3994, 39.4937], [-7.4176, 39.5242], [-7.4681, 39.5502], [-7.5158, 39.5938], [-7.5573, 39.6798], [-7.3414, 39.6718], [-7.2358, 39.6865], [-7.2141, 39.6762], [-7.1829, 39.6751], [-7.0211, 39.694], [-7.0096, 39.7155], [-7.0133, 39.7389], [-6.993, 39.7742], [-7.0003, 39.8025], [-6.9852, 39.8211], [-6.9528, 39.8329], [-6.9277, 39.8619], [-6.9252, 39.9179], [-6.9095, 39.932], [-6.9016, 39.9765], [-6.8797, 40.0092], [-6.9557, 40.1029], [-7.0158, 40.1191], [-7.0277, 40.1326], [-7.0431, 40.1814], [-7.0158, 40.2255], [-6.9547, 40.2534], [-6.8964, 40.2555], [-6.8781, 40.2652], [-6.8745, 40.2792], [-6.8443, 40.2558], [-6.8147, 40.2444], [-6.7588, 40.2448], [-6.7176, 40.2589], [-6.6886, 40.2497], [-6.571, 40.2765], [-6.5532, 40.2939], [-6.558, 40.3216], [-6.5155, 40.3524], [-6.4423, 40.3759], [-6.4128, 40.3974], [-6.3724, 40.4054], [-6.3335, 40.4416], [-6.2241, 40.4803], [-6.118, 40.4338], [-6.1077, 40.4155], [-6.0691, 40.4002], [-6.0932, 40.3537], [-5.9256, 40.2815], [-5.8965, 40.29], [-5.8751, 40.3217], [-5.8042, 40.343], [-5.795, 40.3418], [-5.7816, 40.3234], [-5.7918, 40.296], [-5.7836, 40.2861], [-5.7277, 40.294], [-5.6869, 40.2815], [-5.627, 40.244], [-5.6038, 40.2194], [-5.5398, 40.1974], [-5.4863, 40.2013], [-5.4236, 40.2431], [-5.3546, 40.2552], [-5.35, 40.2455], [-5.3647, 40.2097], [-5.3615, 40.1648], [-5.328, 40.1159], [-5.3576, 40.1053], [-5.365, 40.0933], [-5.3741, 39.9948], [-5.391, 39.9204], [-5.3862, 39.881], [-5.3215, 39.8875], [-5.2893, 39.8617], [-5.3078, 39.8269], [-5.3143, 39.7934], [-5.3169, 39.7719], [-5.3081, 39.7583], [-5.2603, 39.7523], [-5.2087, 39.7927], [-5.1681, 39.7929], [-5.1592, 39.7718], [-5.1654, 39.7472], [-5.1406, 39.7124], [-5.1574, 39.6497], [-5.1976, 39.5996], [-5.1964, 39.5877], [-5.0792, 39.4928], [-5.0392, 39.4781], [-4.9844, 39.421], [-4.9444, 39.3919], [-4.9919, 39.3709], [-5.0568, 39.3633], [-5.0987, 39.3984], [-5.1132, 39.3873], [-5.1228, 39.3394], [-5.1788, 39.31], [-5.2472, 39.3102], [-5.3214, 39.3283], [-5.3396, 39.3236], [-5.3551, 39.2631], [-5.3472, 39.2288], [-5.3964, 39.1716], [-5.4445, 39.1586], [-5.5175, 39.2091], [-5.5417, 39.2142], [-5.5663, 39.2091], [-5.6128, 39.1885], [-5.578, 39.1479], [-5.5779, 39.1376], [-5.5899, 39.1171], [-5.6144, 39.1016], [-5.646, 39.1022], [-5.6899, 39.0829], [-5.7678, 39.1368], [-5.8104, 39.1447], [-5.8286, 39.1192], [-5.8581, 39.1031], [-5.9247, 39.0833], [-5.9418, 39.1087], [-5.9861, 39.0655], [-6.0031, 39.0633], [-6.012, 39.0688], [-6.0214, 39.1276], [-6.0897, 39.0847], [-6.1422, 39.0315], [-6.168, 39.0589], [-6.2056, 39.0611], [-6.2308, 39.0898], [-6.2489, 39.0988], [-6.2938, 39.1003], [-6.3122, 39.1159], [-6.3193, 39.1845], [-6.3715, 39.1629], [-6.5286, 39.1741], [-6.555, 39.1538], [-6.5707, 39.1588], [-6.5853, 39.1818], [-6.6597, 39.1989], [-6.681, 39.1773], [-6.7695, 39.1906], [-6.8008, 39.2394], [-6.7621, 39.2782], [-6.7517, 39.3027], [-6.76, 39.3292], [-6.7802, 39.3417], [-6.7995, 39.377], [-6.8151, 39.3878], [-6.8888, 39.3835], [-7.0492, 39.4367], [-7.0671, 39.4144], [-7.0352, 39.4005], [-7.0216, 39.3821], [-7.045, 39.3149], [-7.0729, 39.316], [-7.0783, 39.3354], [-7.073, 39.3806], [-7.1183, 39.38], [-7.1637, 39.3584], [-7.1705, 39.3434], [-7.155, 39.3189], [-7.204, 39.2658], [-7.2508, 39.2706]]]}}, {"type": "Feature", "properties": {"osm_type": "relation", "osm_id": 349029, "name": "Salamanca", "admin_level": "6", "iso": "ES-SA", "parent_iso": "ES", "parent_osm_id": 1311341}, "geometry": {"type": "Polygon", "coordinates": [[[-6.8745, 40.2792], [-6.8702, 40.2955], [-6.812, 40.3323], [-6.7944, 40.3564], [-6.8281, 40.3806], [-6.8513, 40.4095], [-6.8571, 40.4421], [-6.8125, 40.5146], [-6.8181, 40.5319], [-6.8484, 40.5648], [-6.8505, 40.5822], [-6.8143, 40.6472], [-6.8391, 40.7575], [-6.8367, 40.8402], [-6.8203, 40.8442], [-6.8162, 40.8568], [-6.8212, 40.8701], [-6.8553, 40.8872], [-6.8852, 40.9489], [-6.9404, 41.0034], [-6.9425, 41.016], [-6.9279, 41.0479], [-6.9068, 41.0561], [-6.8453, 41.0519], [-6.818, 41.0541], [-6.8044, 41.0644], [-6.7648, 41.1089], [-6.7552, 41.1588], [-6.7069, 41.1943], [-6.6466, 41.2676], [-6.5635, 41.2707], [-6.4821, 41.303], [-6.3219, 41.2805], [-6.1287, 41.1972], [-6.1093, 41.2126], [-6.0314, 41.2007], [-6.0226, 41.19], [-6.0276, 41.165], [-5.9995, 41.1492], [-5.9697, 41.1631], [-5.959, 41.145], [-5.9468, 41.1411], [-5.9205, 41.1515], [-5.9147, 41.1627], [-5.9208, 41.2052], [-5.9081, 41.233], [-5.8892, 41.2353], [-5.8113, 41.2166], [-5.7119, 41.2285], [-5.6733, 41.2454], [-5.6605, 41.2441], [-5.6305, 41.2162], [-5.6112, 41.2087], [-5.5491, 41.2067], [-5.4967, 41.1773], [-5.4075, 41.1855], [-5.4017, 41.1478], [-5.3626, 41.1439], [-5.3291, 41.1178], [-5.2963, 41.1245], [-5.2888, 41.1821], [-5.2531, 41.1968], [-5.2228, 41.1703], [-5.1745, 41.1654], [-5.1251, 41.132], [-5.1515, 41.0833], [-5.1472, 41.0502], [-5.1045, 41.0281], [-5.0974, 40.9854], [-5.1275, 40.9542], [-5.1114, 40.9148], [-5.1625, 40.8681], [-5.1615, 40.8185], [-5.1796, 40.7929], [-5.2175, 40.7724], [-5.2439, 40.74], [-5.363, 40.6744], [-5.3855, 40.6197], [-5.4135, 40.5995], [-5.4474, 40.5865], [-5.5173, 40.5829], [-5.5118, 40.5483], [-5.4365, 40.5478], [-5.4672, 40.4685], [-5.4784, 40.4601], [-5.5154, 40.4557], [-5.5091, 40.4286], [-5.5204, 40.4192], [-5.5494, 40.4265], [-5.5733, 40.4481], [-5.5752, 40.4668], [-5.5905, 40.4736], [-5.617, 40.4677], [-5.6877, 40.4246], [-5.6946, 40.4141], [-5.6751, 40.3588], [-5.7277, 40.294], [-5.7836, 40.2861], [-5.7918, 40.296], [-5.7816, 40.3234], [-5.795, 40.3418], [-5.8042, 40.343], [-5.8751, 40.3217], [-5.8965, 40.29], [-5.9124, 40.2807], [-5.9515, 40.2891], [-6.023, 40.3278], [-6.0932, 40.3537], [-6.0691, 40.4002], [-6.1077, 40.4155], [-6.118, 40.4338], [-6.2241, 40.4803], [-6.3335, 40.4416], [-6.3724, 40.4054], [-6.4128, 40.3974], [-6.4423, 40.3759], [-6.5155, 40.3524], [-6.5531, 40.3278], [-6.5561, 40.2871], [-6.5851, 40.272], [-6.6886, 40.2497], [-6.7176, 40.2589], [-6.7588, 40.2448], [-6.8147, 40.2444], [-6.8443, 40.2558], [-6.8745, 40.2792]]]}}, {"type": "Feature", "properties": {"osm_type": "relation", "osm_id": 348987, "name": "Zamora", "admin_level": "6", "iso": "ES-ZA", "parent_iso": "ES", "parent_osm_id": 1311341}, "geometry": {"type": "Polygon", "coordinates": [[[-6.4821, 41.303], [-6.431, 41.339], [-6.3996, 41.3775], [-6.3792, 41.3775], [-6.3792, 41.3973], [-6.3523, 41.4093], [-6.3211, 41.411], [-6.2829, 41.4656], [-6.2859, 41.4869], [-6.2795, 41.497], [-6.2059, 41.5703], [-6.2722, 41.6282], [-6.3659, 41.6636], [-6.4608, 41.6766], [-6.503, 41.6531], [-6.5415, 41.6589], [-6.5553, 41.6749], [-6.5774, 41.7397], [-6.5601, 41.7669], [-6.5242, 41.8674], [-6.5758, 41.8829], [-6.5676, 41.9261], [-6.5717, 41.9426], [-6.5851, 41.9547], [-6.6095, 41.9623], [-6.6228, 41.941], [-6.728, 41.9309], [-6.7579, 41.9376], [-6.7944, 41.9797], [-6.8249, 41.9838], [-6.8312, 41.954], [-6.855, 41.9429], [-6.9451, 41.9434], [-6.9835, 41.963], [-6.9865, 41.9892], [-6.966, 42.033], [-6.9779, 42.0479], [-7.0127, 42.0522], [-7.0281, 42.068], [-6.9869, 42.1141], [-6.9556, 42.1322], [-6.9329, 42.1741], [-6.8825, 42.2096], [-6.8446, 42.2209], [-6.8055, 42.2179], [-6.7994, 42.2384], [-6.7832, 42.2529], [-6.6906, 42.2136], [-6.5578, 42.2071], [-6.4906, 42.1842], [-6.4278, 42.202], [-6.3395, 42.2001], [-6.3115, 42.2081], [-6.2795, 42.1778], [-6.2037, 42.1483], [-6.045, 42.1577], [-5.9559, 42.1258], [-5.893, 42.1505], [-5.8694, 42.122], [-5.8382, 42.1186], [-5.7551, 42.1368], [-5.7431, 42.1135], [-5.6769, 42.1203], [-5.6796, 42.1402], [-5.6433, 42.1287], [-5.6251, 42.1112], [-5.6247, 42.0836], [-5.5534, 42.063], [-5.5417, 42.098], [-5.5208, 42.097], [-5.5077, 42.0575], [-5.4717, 42.0064], [-5.4847, 41.9844], [-5.4384, 41.9673], [-5.4216, 42.0308], [-5.3763, 42.0414], [-5.2805, 41.9789], [-5.3039, 41.9553], [-5.2969, 41.9091], [-5.3079, 41.8712], [-5.2796, 41.8133], [-5.3912, 41.761], [-5.3692, 41.7194], [-5.3269, 41.6703], [-5.323, 41.6308], [-5.314, 41.6142], [-5.2789, 41.5972], [-5.2944, 41.5725], [-5.2898, 41.563], [-5.2287, 41.5284], [-5.2644, 41.5034], [-5.3197, 41.4923], [-5.3386, 41.466], [-5.3393, 41.4332], [-5.3212, 41.4114], [-5.3279, 41.3435], [-5.3024, 41.3055], [-5.2944, 41.2528], [-5.3083, 41.2182], [-5.3403, 41.1941], [-5.3255, 41.178], [-5.2888, 41.1821], [-5.3011, 41.1199], [-5.3291, 41.1178], [-5.3626, 41.1439], [-5.4017, 41.1478], [-5.4075, 41.1855], [-5.4967, 41.1773], [-5.5491, 41.2067], [-5.6112, 41.2087], [-5.6305, 41.2162], [-5.6605, 41.2441], [-5.6733, 41.2454], [-5.7119, 41.2285], [-5.8113, 41.2166], [-5.8892, 41.2353], [-5.9081, 41.233], [-5.9208, 41.2052], [-5.9147, 41.1627], [-5.9205, 41.1515], [-5.9468, 41.1411], [-5.9761, 41.1642], [-5.9995, 41.1492], [-6.0276, 41.165], [-6.0226, 41.19], [-6.0314, 41.2007], [-6.1093, 41.2126], [-6.1287, 41.1972], [-6.3219, 41.2805], [-6.4821, 41.303]]]}}, {"type": "Feature", "properties": {"osm_type": "relation", "osm_id": 348986, "name": "Pontevedra", "admin_level": "6", "iso": "ES-PO", "parent_iso": "ES", "parent_osm_id": 1311341}, "geometry": {"type": "Polygon", "coordinates": [[[-8.2224, 42.1536], [-8.2523, 42.1376], [-8.2954, 42.1301], [-8.3467, 42.1017], [-8.5012, 42.0831], [-8.5728, 42.0544], [-8.6269, 42.051], [-8.6526, 42.0314], [-8.6708, 41.9998], [-8.7508, 41.969], [-8.7771, 41.9372], [-8.8328, 41.914], [-8.8647, 41.8889], [-8.8813, 41.8933], [-8.8955, 42.1191], [-8.8846, 42.126], [-8.8265, 42.1305], [-8.8191, 42.1397], [-8.8237, 42.1476], [-8.847, 42.1608], [-8.816, 42.1745], [-8.8058, 42.1975], [-8.772, 42.2222], [-8.6252, 42.3019], [-8.6217, 42.3408], [-8.6265, 42.3483], [-8.6499, 42.3356], [-8.6748, 42.299], [-8.785, 42.2601], [-8.8675, 42.2564], [-8.8533, 42.3048], [-8.833, 42.2891], [-8.8272, 42.2967], [-8.8307, 42.3416], [-8.772, 42.3427], [-8.7269, 42.3887], [-8.6625, 42.4269], [-8.6553, 42.4414], [-8.6945, 42.4396], [-8.7576, 42.4072], [-8.8436, 42.4037], [-8.8675, 42.4147], [-8.888, 42.4556], [-8.9426, 42.4693], [-8.9167, 42.4876], [-8.8813, 42.4966], [-8.8608, 42.485], [-8.8612, 42.4756], [-8.8743, 42.4693], [-8.8265, 42.4619], [-8.8251, 42.4949], [-8.8129, 42.5028], [-8.8252, 42.5374], [-8.823, 42.5695], [-8.7755, 42.6047], [-8.7163, 42.7065], [-8.6454, 42.7255], [-8.6087, 42.7178], [-8.5941, 42.7384], [-8.5781, 42.7459], [-8.5023, 42.7561], [-8.4723, 42.7432], [-8.4454, 42.7443], [-8.4216, 42.7568], [-8.392, 42.7895], [-8.3533, 42.7802], [-8.3422, 42.784], [-8.3334, 42.8014], [-8.3396, 42.8369], [-8.3293, 42.8457], [-8.3153, 42.8439], [-8.2988, 42.8216], [-8.2897, 42.82], [-8.2521, 42.8363], [-8.2099, 42.8307], [-8.1744, 42.853], [-8.0492, 42.8345], [-7.9998, 42.8489], [-7.9645, 42.8424], [-7.9816, 42.7951], [-7.9785, 42.7812], [-7.9323, 42.74], [-7.8681, 42.7132], [-7.8682, 42.6982], [-7.8909, 42.6676], [-7.893, 42.6353], [-7.9308, 42.5785], [-7.9582, 42.5685], [-7.9926, 42.5702], [-8.0187, 42.5421], [-8.0671, 42.552], [-8.1467, 42.5486], [-8.1738, 42.5719], [-8.2141, 42.54], [-8.2489, 42.5314], [-8.3028, 42.4903], [-8.3406, 42.4923], [-8.3423, 42.4325], [-8.3186, 42.3892], [-8.3181, 42.3608], [-8.2864, 42.3238], [-8.262, 42.3152], [-8.2755, 42.2785], [-8.2684, 42.2567], [-8.2356, 42.2318], [-8.1649, 42.2459], [-8.1796, 42.2099], [-8.1834, 42.1731], [-8.2224, 42.1536]]]}}, {"type": "Feature", "properties": {"osm_type": "relation", "osm_id": 348995, "name": "Huelva", "admin_level": "6", "iso": "ES-H", "parent_iso": "ES", "parent_osm_id": 1311341}, "geometry": {"type": "Polygon", "coordinates": [[[-7.4144, 37.1928], [-7.4342, 37.2593], [-7.4276, 37.2745], [-7.445, 37.3868], [-7.4623, 37.4179], [-7.4689, 37.4756], [-7.4759, 37.4943], [-7.5063, 37.5181], [-7.5291, 37.5567], [-7.5297, 37.5672], [-7.5125, 37.5904], [-7.5143, 37.6014], [-7.4716, 37.6369], [-7.444, 37.7302], [-7.4263, 37.7506], [-7.3344, 37.8119], [-7.3069, 37.8508], [-7.2686, 37.9492], [-7.2727, 37.977], [-7.2233, 37.9938], [-7.1853, 37.9887], [-7.1597, 37.9968], [-7.1233, 38.04], [-7.0494, 38.0202], [-7.024, 38.0226], [-6.9576, 38.1682], [-6.9506, 38.1984], [-6.9338, 38.2093], [-6.7979, 38.1729], [-6.7924, 38.1583], [-6.8131, 38.1188], [-6.8019, 38.1087], [-6.7488, 38.0936], [-6.6774, 38.096], [-6.6173, 38.0868], [-6.5844, 38.0568], [-6.5717, 38.0239], [-6.4848, 38.0164], [-6.4427, 38.0554], [-6.4131, 38.0537], [-6.3724, 38.0312], [-6.3563, 38.0], [-6.2003, 37.952], [-6.1833, 37.939], [-6.167, 37.909], [-6.1271, 37.9072], [-6.1467, 37.8485], [-6.1244, 37.8047], [-6.1471, 37.7937], [-6.185, 37.8034], [-6.2029, 37.7991], [-6.2153, 37.7833], [-6.2142, 37.7438], [-6.222, 37.7294], [-6.2475, 37.734], [-6.2556, 37.7569], [-6.2662, 37.7643], [-6.3111, 37.7648], [-6.4489, 37.7344], [-6.469, 37.7247], [-6.5033, 37.6775], [-6.5277, 37.658], [-6.5314, 37.6317], [-6.5058, 37.6217], [-6.4432, 37.6234], [-6.3941, 37.6042], [-6.4013, 37.5754], [-6.3753, 37.5462], [-6.356, 37.4961], [-6.3152, 37.4382], [-6.3177, 37.4203], [-6.3596, 37.4068], [-6.3597, 37.3598], [-6.3804, 37.3394], [-6.3788, 37.3281], [-6.3461, 37.3039], [-6.3392, 37.2896], [-6.3553, 37.2356], [-6.3441, 37.1767], [-6.354, 37.146], [-6.3529, 37.1141], [-6.3754, 37.0843], [-6.3816, 37.0615], [-6.3543, 36.9852], [-6.3783, 36.934], [-6.3391, 36.9047], [-6.3524, 36.8803], [-6.3467, 36.8199], [-6.3524, 36.8086], [-6.388, 36.8082], [-6.4162, 36.8378], [-6.4711, 36.9356], [-6.4996, 36.9597], [-6.7449, 37.1014], [-6.8118, 37.1237], [-6.8929, 37.1666], [-6.9109, 37.189], [-6.9176, 37.2151], [-6.8527, 37.2952], [-6.9311, 37.2339], [-6.9626, 37.2338], [-6.9285, 37.1723], [-6.9416, 37.1711], [-7.101, 37.2243], [-7.1273, 37.2147], [-7.0856, 37.2065], [-7.3279, 37.2016], [-7.3629, 37.1817], [-7.3814, 37.1799], [-7.4144, 37.1928]]]}}, {"type": "Feature", "properties": {"osm_type": "relation", "osm_id": 349035, "name": "Barcelona", "admin_level": "6", "iso": "ES-B", "parent_iso": "ES", "parent_osm_id": 1311341}, "geometry": {"type": "Polygon", "coordinates": [[[2.7785, 41.6456], [2.4495, 41.5352], [2.3713, 41.4892], [2.2967, 41.4653], [2.2673, 41.4486], [2.2404, 41.421], [2.1633, 41.3266], [2.1305, 41.3037], [2.0603, 41.2746], [1.9513, 41.2607], [1.854, 41.236], [1.8198, 41.2371], [1.6244, 41.1922], [1.6242, 41.2232], [1.5739, 41.2344], [1.579, 41.2492], [1.6122, 41.2648], [1.6139, 41.2818], [1.5861, 41.301], [1.5661, 41.3341], [1.5596, 41.3663], [1.5368, 41.3852], [1.4853, 41.4075], [1.4719, 41.4266], [1.4828, 41.4766], [1.4047, 41.5067], [1.3974, 41.5213], [1.4277, 41.5524], [1.4366, 41.5667], [1.4311, 41.574], [1.3927, 41.575], [1.4071, 41.5905], [1.37, 41.6029], [1.3742, 41.6193], [1.3894, 41.6285], [1.4368, 41.6368], [1.4385, 41.6435], [1.4068, 41.7042], [1.4122, 41.7893], [1.4446, 41.802], [1.4822, 41.7768], [1.5105, 41.7813], [1.5434, 41.7637], [1.5602, 41.7678], [1.6302, 41.8291], [1.6332, 41.8487], [1.6156, 41.8957], [1.6432, 41.9292], [1.6462, 41.9616], [1.7124, 41.98], [1.7144, 41.996], [1.7073, 42.0032], [1.6691, 41.9976], [1.6578, 42.0117], [1.6888, 42.0419], [1.6901, 42.0847], [1.7157, 42.1048], [1.7082, 42.1389], [1.7372, 42.1683], [1.7321, 42.1894], [1.6906, 42.2124], [1.6863, 42.2621], [1.7156, 42.2881], [1.9139, 42.3184], [1.9382, 42.3143], [1.9731, 42.295], [2.016, 42.2994], [2.0407, 42.2935], [2.0467, 42.2727], [2.0292, 42.2513], [2.0239, 42.2273], [2.0509, 42.1968], [2.0556, 42.153], [2.0655, 42.1372], [2.098, 42.1373], [2.1293, 42.1196], [2.2042, 42.128], [2.2313, 42.1422], [2.2802, 42.1435], [2.3078, 42.113], [2.3659, 42.1213], [2.4195, 42.0732], [2.4591, 42.0734], [2.4784, 42.0638], [2.5026, 42.0259], [2.4894, 41.9909], [2.4399, 41.9494], [2.463, 41.9209], [2.4623, 41.9106], [2.4428, 41.8876], [2.4244, 41.889], [2.3829, 41.8715], [2.3317, 41.8867], [2.3153, 41.8648], [2.3297, 41.8255], [2.3627, 41.7987], [2.4366, 41.8029], [2.5474, 41.7192], [2.637, 41.7332], [2.684, 41.7497], [2.7479, 41.7357], [2.7678, 41.7213], [2.774, 41.7004], [2.7596, 41.6828], [2.7608, 41.6735], [2.7785, 41.6456]]]}}, {"type": "Feature", "properties": {"osm_type": "relation", "osm_id": 348985, "name": "Tarragona", "admin_level": "6", "iso": "ES-T", "parent_iso": "ES", "parent_osm_id": 1311341}, "geometry": {"type": "Polygon", "coordinates": [[[1.6244, 41.1922], [1.5392, 41.1874], [1.2881, 41.1163], [1.2178, 41.1047], [1.1729, 41.0587], [1.1417, 41.0717], [1.0977, 41.0709], [1.0557, 41.0649], [0.9904, 41.0397], [0.8775, 40.9548], [0.8228, 40.8996], [0.7142, 40.8152], [0.6948, 40.786], [0.7502, 40.7656], [0.7673, 40.771], [0.7502, 40.786], [0.7805, 40.7795], [0.8418, 40.7321], [0.8737, 40.7279], [0.8724, 40.7071], [0.8483, 40.6754], [0.784, 40.661], [0.7564, 40.6422], [0.707, 40.5834], [0.6771, 40.5652], [0.6159, 40.5535], [0.5925, 40.5821], [0.6406, 40.5869], [0.6632, 40.5747], [0.6962, 40.5904], [0.7327, 40.6337], [0.6822, 40.6342], [0.5802, 40.6037], [0.5485, 40.5723], [0.5238, 40.5262], [0.4561, 40.5492], [0.4184, 40.5908], [0.2931, 40.6321], [0.2762, 40.6543], [0.2877, 40.6838], [0.2438, 40.703], [0.2193, 40.7305], [0.173, 40.7309], [0.1675, 40.7432], [0.2274, 40.7717], [0.2713, 40.8214], [0.2496, 40.8886], [0.2604, 40.9221], [0.2855, 40.9593], [0.2897, 40.9825], [0.2742, 41.0189], [0.2278, 41.0432], [0.2053, 41.0969], [0.2089, 41.1196], [0.2931, 41.1583], [0.3133, 41.2069], [0.3604, 41.2328], [0.3858, 41.2789], [0.4332, 41.2761], [0.4381, 41.3248], [0.4452, 41.3318], [0.4641, 41.3334], [0.5, 41.2918], [0.5209, 41.2889], [0.5619, 41.3239], [0.5959, 41.3034], [0.6208, 41.2987], [0.7364, 41.3184], [0.7585, 41.3313], [0.805, 41.3313], [0.8335, 41.3585], [0.879, 41.342], [0.9577, 41.3545], [0.9895, 41.3983], [1.0237, 41.4063], [1.0455, 41.4267], [1.062, 41.4516], [1.0651, 41.4808], [1.1304, 41.4732], [1.1675, 41.4866], [1.178, 41.5445], [1.201, 41.5704], [1.3718, 41.5654], [1.3927, 41.575], [1.4311, 41.574], [1.4366, 41.5667], [1.4277, 41.5524], [1.3974, 41.5213], [1.4047, 41.5067], [1.4828, 41.4766], [1.4719, 41.4266], [1.4853, 41.4075], [1.5368, 41.3852], [1.5596, 41.3663], [1.5661, 41.3341], [1.5861, 41.301], [1.6086, 41.2885], [1.6155, 41.2724], [1.6055, 41.259], [1.579, 41.2492], [1.5739, 41.2344], [1.6242, 41.2232], [1.6244, 41.1922]]]}}, {"type": "Feature", "properties": {"osm_type": "relation", "osm_id": 349020, "name": "Castell\u00f3 / Castell\u00f3n", "admin_level": "6", "iso": "ES-CS", "parent_iso": "ES", "parent_osm_id": 1311341}, "geometry": {"type": "Polygon", "coordinates": [[[0.5238, 40.5262], [0.5013, 40.4842], [0.4526, 40.4341], [0.4461, 40.4084], [0.4203, 40.3883], [0.3506, 40.2849], [0.2988, 40.2468], [0.2647, 40.2098], [0.2053, 40.1715], [0.1445, 40.0788], [0.117, 40.0563], [0.0662, 40.0319], [-0.0029, 39.932], [-0.0913, 39.8479], [-0.1945, 39.7154], [-0.272, 39.7511], [-0.3092, 39.7874], [-0.3454, 39.7975], [-0.3793, 39.7829], [-0.4096, 39.7453], [-0.4327, 39.7295], [-0.4559, 39.7229], [-0.4782, 39.7281], [-0.5331, 39.7962], [-0.57, 39.7802], [-0.6014, 39.7508], [-0.6345, 39.7485], [-0.6466, 39.7579], [-0.6447, 39.7916], [-0.656, 39.8359], [-0.691, 39.8523], [-0.7127, 39.817], [-0.737, 39.8208], [-0.7737, 39.8698], [-0.7913, 39.8775], [-0.8325, 39.9194], [-0.8391, 39.9458], [-0.8312, 39.9748], [-0.7751, 40.0014], [-0.7539, 40.0398], [-0.6839, 40.0444], [-0.6143, 40.0717], [-0.6177, 40.1071], [-0.57, 40.1535], [-0.5442, 40.2401], [-0.4955, 40.2305], [-0.4059, 40.2511], [-0.3914, 40.2639], [-0.3909, 40.2956], [-0.3317, 40.3457], [-0.2865, 40.3717], [-0.2891, 40.3892], [-0.3355, 40.4278], [-0.3399, 40.4427], [-0.3237, 40.457], [-0.2722, 40.4757], [-0.2806, 40.4999], [-0.2979, 40.5137], [-0.2944, 40.6058], [-0.334, 40.6053], [-0.3746, 40.6182], [-0.3773, 40.6602], [-0.3458, 40.6739], [-0.3045, 40.6633], [-0.2341, 40.6948], [-0.2234, 40.7453], [-0.1948, 40.776], [-0.1522, 40.7749], [-0.0745, 40.7308], [0.0182, 40.7261], [0.0362, 40.6967], [0.0932, 40.7195], [0.2193, 40.7305], [0.2438, 40.703], [0.2877, 40.6838], [0.2762, 40.6543], [0.2931, 40.6321], [0.4184, 40.5908], [0.4561, 40.5492], [0.5238, 40.5262]]]}}, {"type": "Feature", "properties": {"osm_type": "relation", "osm_id": 349000, "name": "Valencia", "admin_level": "6", "iso": "ES-V", "parent_iso": "ES", "parent_osm_id": 1311341}, "geometry": {"type": "MultiPolygon", "coordinates": [[[[-0.1945, 39.7154], [-0.2089, 39.6641], [-0.2574, 39.6162], [-0.2815, 39.5694], [-0.3234, 39.5162], [-0.3306, 39.4804], [-0.3207, 39.3881], [-0.3013, 39.322], [-0.2155, 39.1818], [-0.2422, 39.1663], [-0.21, 39.0787], [-0.1207, 38.9511], [-0.031, 38.8828], [-0.2305, 38.8534], [-0.3108, 38.8815], [-0.4166, 38.8192], [-0.5953, 38.795], [-0.5658, 38.7556], [-0.5329, 38.7626], [-0.5071, 38.7429], [-0.6155, 38.6938], [-0.7301, 38.7527], [-0.8164, 38.7408], [-0.8669, 38.7743], [-0.9161, 38.7734], [-0.9306, 38.7855], [-0.9205, 38.7918], [-0.9126, 38.8198], [-0.9262, 38.8553], [-0.9209, 38.8862], [-0.9592, 38.94], [-0.9711, 38.9463], [-0.9911, 38.9512], [-1.0379, 38.9373], [-1.121, 38.9326], [-1.1515, 38.9485], [-1.2484, 39.0381], [-1.2621, 39.0737], [-1.2313, 39.1399], [-1.2018, 39.1704], [-1.1812, 39.2132], [-1.1715, 39.2961], [-1.1777, 39.3041], [-1.3291, 39.3379], [-1.4062, 39.3706], [-1.4457, 39.3669], [-1.4555, 39.3942], [-1.487, 39.4196], [-1.501, 39.422], [-1.5174, 39.4411], [-1.5075, 39.4868], [-1.4984, 39.4961], [-1.5032, 39.5529], [-1.4632, 39.5902], [-1.4215, 39.6514], [-1.372, 39.6836], [-1.3017, 39.671], [-1.2699, 39.6868], [-1.267, 39.7435], [-1.2256, 39.7963], [-1.2029, 39.8633], [-1.1968, 39.9182], [-1.2066, 39.9386], [-1.1962, 39.9506], [-1.1455, 39.9723], [-1.1294, 39.964], [-1.0535, 39.9788], [-1.0003, 39.9792], [-0.9231, 39.956], [-0.9048, 39.9346], [-0.9121, 39.9064], [-0.8969, 39.8597], [-0.8598, 39.8531], [-0.7913, 39.8775], [-0.7737, 39.8698], [-0.737, 39.8208], [-0.7127, 39.817], [-0.691, 39.8523], [-0.656, 39.8359], [-0.6447, 39.7916], [-0.6466, 39.7579], [-0.6345, 39.7485], [-0.6014, 39.7508], [-0.57, 39.7802], [-0.5331, 39.7962], [-0.4782, 39.7281], [-0.4559, 39.7229], [-0.4327, 39.7295], [-0.4096, 39.7453], [-0.3793, 39.7829], [-0.3454, 39.7975], [-0.3092, 39.7874], [-0.272, 39.7511], [-0.1945, 39.7154]]], [[[-1.3008, 40.2032], [-1.2715, 40.1627], [-1.2461, 40.1449], [-1.2347, 40.123], [-1.1511, 40.1101], [-1.1258, 40.0979], [-1.08, 40.0658], [-1.0788, 40.0451], [-1.1391, 40.0162], [-1.243, 39.9974], [-1.3783, 40.0221], [-1.4129, 40.1048], [-1.4523, 40.1307], [-1.4485, 40.1498], [-1.3641, 40.1396], [-1.3245, 40.1493], [-1.32, 40.1874], [-1.3008, 40.2032]]]]}}, {"type": "Feature", "properties": {"osm_type": "relation", "osm_id": 349012, "name": "Alacant / Alicante", "admin_level": "6", "iso": "ES-A", "parent_iso": "ES", "parent_osm_id": 1311341}, "geometry": {"type": "Polygon", "coordinates": [[[-0.031, 38.8828], [-0.0098, 38.8697], [0.111, 38.8499], [0.154, 38.831], [0.1853, 38.8035], [0.1709, 38.7961], [0.2179, 38.7681], [0.2277, 38.7702], [0.2345, 38.7423], [0.2277, 38.7346], [0.1768, 38.724], [0.145, 38.6863], [0.1186, 38.6828], [0.083, 38.661], [0.0731, 38.6452], [0.0806, 38.631], [0.0604, 38.6348], [-0.0148, 38.6244], [-0.043, 38.6117], [-0.0548, 38.5953], [-0.06, 38.5527], [-0.0754, 38.5399], [-0.177, 38.5272], [-0.3294, 38.47], [-0.3952, 38.4138], [-0.4137, 38.3648], [-0.4602, 38.3601], [-0.4744, 38.3367], [-0.5098, 38.3384], [-0.5188, 38.2987], [-0.504, 38.2072], [-0.5155, 38.1955], [-0.5914, 38.1896], [-0.6237, 38.1624], [-0.645, 38.116], [-0.6545, 37.9893], [-0.7089, 37.9563], [-0.7586, 37.8633], [-0.7606, 37.8459], [-0.7871, 37.8443], [-0.8387, 37.868], [-0.8887, 37.908], [-0.9231, 37.9413], [-1.02, 38.0685], [-1.0308, 38.0971], [-1.0281, 38.1353], [-0.986, 38.1952], [-0.9694, 38.2587], [-0.9836, 38.3109], [-1.0119, 38.3348], [-1.0767, 38.3497], [-1.084, 38.3746], [-1.0821, 38.4311], [-1.024, 38.4834], [-1.0165, 38.4984], [-1.0188, 38.5216], [-1.0054, 38.5903], [-1.0221, 38.6545], [-0.9571, 38.6588], [-0.9035, 38.6851], [-0.9489, 38.7433], [-0.9491, 38.7773], [-0.9306, 38.7855], [-0.9083, 38.7704], [-0.8669, 38.7743], [-0.8164, 38.7408], [-0.7301, 38.7527], [-0.6155, 38.6938], [-0.5071, 38.7429], [-0.5329, 38.7626], [-0.5658, 38.7556], [-0.5953, 38.795], [-0.4166, 38.8192], [-0.3108, 38.8815], [-0.2305, 38.8534], [-0.031, 38.8828]]]}}, {"type": "Feature", "properties": {"osm_type": "relation", "osm_id": 6427907, "name": "Region of Murcia", "admin_level": "6", "iso": "ES-MU", "parent_iso": "ES", "parent_osm_id": 1311341}, "geometry": {"type": "MultiPolygon", "coordinates": [[[[-0.7606, 37.8459], [-0.7607, 37.7961], [-0.788, 37.8228], [-0.8124, 37.7701], [-0.8478, 37.7561], [-0.8561, 37.7425], [-0.8526, 37.7238], [-0.8099, 37.6669], [-0.7548, 37.6413], [-0.7349, 37.6394], [-0.7265, 37.6515], [-0.708, 37.643], [-0.7012, 37.6313], [-0.7053, 37.6195], [-0.7279, 37.6034], [-0.7545, 37.6043], [-0.8364, 37.5764], [-0.8867, 37.5743], [-0.9252, 37.5559], [-0.9735, 37.5764], [-1.0878, 37.5809], [-1.1034, 37.5764], [-1.12, 37.559], [-1.1058, 37.5321], [-1.1671, 37.5438], [-1.1786, 37.5639], [-1.2427, 37.5792], [-1.2617, 37.5577], [-1.3237, 37.562], [-1.3692, 37.5414], [-1.4137, 37.5065], [-1.4709, 37.4822], [-1.4884, 37.4332], [-1.4969, 37.4278], [-1.515, 37.4332], [-1.5437, 37.415], [-1.6416, 37.381], [-1.7324, 37.4384], [-1.7927, 37.4507], [-1.8057, 37.4375], [-1.8264, 37.4454], [-2.0007, 37.6538], [-2.0044, 37.7045], [-1.9952, 37.7355], [-2.0028, 37.788], [-1.9917, 37.8412], [-1.9757, 37.8659], [-2.077, 37.8811], [-2.1255, 37.8987], [-2.1718, 37.8964], [-2.2322, 37.9264], [-2.2962, 38.0006], [-2.3385, 38.0265], [-2.3242, 38.0624], [-2.2505, 38.1363], [-2.2119, 38.1959], [-2.1703, 38.2238], [-2.1274, 38.2352], [-2.0429, 38.2984], [-2.0234, 38.299], [-1.9928, 38.2795], [-1.9262, 38.291], [-1.7957, 38.3539], [-1.7911, 38.3669], [-1.7505, 38.3803], [-1.6909, 38.3702], [-1.6819, 38.3576], [-1.6819, 38.3316], [-1.6546, 38.3147], [-1.6267, 38.3114], [-1.5673, 38.3262], [-1.481, 38.3883], [-1.4857, 38.4837], [-1.502, 38.5349], [-1.4851, 38.5629], [-1.4543, 38.5897], [-1.4503, 38.6277], [-1.4336, 38.6558], [-1.3715, 38.7027], [-1.3342, 38.6867], [-1.2782, 38.7116], [-1.2432, 38.7381], [-1.1742, 38.7541], [-1.1199, 38.7401], [-1.1053, 38.7075], [-1.0221, 38.6545], [-1.0054, 38.5903], [-1.0194, 38.4906], [-1.0756, 38.4421], [-1.0844, 38.4157], [-1.0767, 38.3497], [-0.9947, 38.3249], [-0.9692, 38.2708], [-0.986, 38.1952], [-1.0281, 38.1353], [-1.0329, 38.1169], [-1.0258, 38.0789], [-0.9231, 37.9413], [-0.8887, 37.908], [-0.8387, 37.868], [-0.7871, 37.8443], [-0.7606, 37.8459]]], [[[-0.7327, 37.7477], [-0.7419, 37.7255], [-0.7401, 37.7025], [-0.7265, 37.6652], [-0.7469, 37.6838], [-0.7512, 37.7133], [-0.7545, 37.7744], [-0.7327, 37.7477]]]]}}, {"type": "Feature", "properties": {"osm_type": "relation", "osm_id": 348997, "name": "Almeria", "admin_level": "6", "iso": "ES-AL", "parent_iso": "ES", "parent_osm_id": 1311341}, "geometry": {"type": "Polygon", "coordinates": [[[-1.6416, 37.381], [-1.6528, 37.3613], [-1.6709, 37.3633], [-1.6802, 37.3544], [-1.699, 37.3164], [-1.7285, 37.2824], [-1.8127, 37.2071], [-1.8552, 37.0766], [-1.9061, 36.9876], [-1.9003, 36.9412], [-1.9414, 36.9299], [-1.9889, 36.9005], [-2.0028, 36.887], [-2.0131, 36.8458], [-2.0569, 36.8101], [-2.0712, 36.7753], [-2.1008, 36.7652], [-2.1111, 36.7461], [-2.1267, 36.7364], [-2.1661, 36.7276], [-2.2036, 36.7371], [-2.2828, 36.8101], [-2.3183, 36.8279], [-2.3617, 36.8368], [-2.4331, 36.8163], [-2.4814, 36.8299], [-2.5769, 36.8113], [-2.6172, 36.7284], [-2.6589, 36.6948], [-2.6844, 36.686], [-2.7362, 36.6874], [-2.7567, 36.6804], [-2.821, 36.7139], [-2.8483, 36.7002], [-2.914, 36.7503], [-2.9877, 36.7371], [-3.0765, 36.7498], [-3.1282, 36.7464], [-3.1402, 36.7878], [-3.029, 36.8445], [-3.0434, 36.8791], [-3.0727, 36.9023], [-3.0677, 36.9147], [-2.9969, 36.9706], [-2.9908, 36.9862], [-3.0088, 37.0361], [-3.0111, 37.0851], [-2.9977, 37.0955], [-2.9523, 37.1008], [-2.9279, 37.1574], [-2.8847, 37.1794], [-2.8548, 37.2671], [-2.8349, 37.273], [-2.8044, 37.2685], [-2.7569, 37.2324], [-2.7104, 37.2296], [-2.6601, 37.212], [-2.6656, 37.2844], [-2.6526, 37.3123], [-2.6421, 37.3832], [-2.4902, 37.4894], [-2.3585, 37.5222], [-2.376, 37.6121], [-2.3159, 37.6221], [-2.3215, 37.6977], [-2.2824, 37.7641], [-2.2905, 37.8206], [-2.2859, 37.8648], [-2.2716, 37.8817], [-2.2097, 37.9157], [-2.1718, 37.8964], [-2.1255, 37.8987], [-2.077, 37.8811], [-1.9757, 37.8659], [-1.9917, 37.8412], [-2.0028, 37.788], [-1.9952, 37.7355], [-2.0044, 37.7045], [-2.0007, 37.6538], [-1.8264, 37.4454], [-1.8057, 37.4375], [-1.7927, 37.4507], [-1.7324, 37.4384], [-1.6416, 37.381]]]}}, {"type": "Feature", "properties": {"osm_type": "relation", "osm_id": 349026, "name": "Granada", "admin_level": "6", "iso": "ES-GR", "parent_iso": "ES", "parent_osm_id": 1311341}, "geometry": {"type": "Polygon", "coordinates": [[[-3.1282, 36.7464], [-3.2279, 36.7548], [-3.3296, 36.7449], [-3.4152, 36.6955], [-3.4776, 36.6961], [-3.516, 36.721], [-3.5498, 36.7124], [-3.5864, 36.7266], [-3.6011, 36.7426], [-3.6657, 36.7394], [-3.6798, 36.7288], [-3.7313, 36.7241], [-3.7772, 36.7358], [-3.7823, 36.7645], [-3.7682, 36.8019], [-3.8272, 36.8555], [-3.8756, 36.853], [-4.1485, 36.9485], [-4.2733, 37.038], [-4.2871, 37.1197], [-4.3203, 37.1866], [-4.2552, 37.2295], [-4.2634, 37.2604], [-4.2371, 37.2964], [-4.2355, 37.3272], [-4.2251, 37.3435], [-4.2092, 37.3524], [-4.1547, 37.3489], [-4.0764, 37.4035], [-4.0009, 37.4021], [-3.9508, 37.3784], [-3.8413, 37.3863], [-3.7919, 37.4663], [-3.6831, 37.5181], [-3.6272, 37.5294], [-3.5071, 37.6133], [-3.4915, 37.6164], [-3.4683, 37.6063], [-3.424, 37.5685], [-3.3993, 37.5641], [-3.3151, 37.5778], [-3.2518, 37.633], [-3.2234, 37.6393], [-3.1873, 37.6359], [-3.0908, 37.596], [-3.0513, 37.6129], [-2.9834, 37.6015], [-2.9762, 37.6327], [-2.9021, 37.6657], [-2.9002, 37.7482], [-2.8897, 37.7743], [-2.7863, 37.9124], [-2.6996, 37.9726], [-2.6708, 37.9615], [-2.5983, 38.0057], [-2.6025, 38.062], [-2.5474, 38.0806], [-2.4658, 38.0494], [-2.3612, 38.0243], [-2.3385, 38.0265], [-2.3043, 38.0064], [-2.2614, 37.9535], [-2.2097, 37.9157], [-2.2716, 37.8817], [-2.2859, 37.8648], [-2.2905, 37.8206], [-2.2824, 37.7641], [-2.3215, 37.6977], [-2.3159, 37.6221], [-2.376, 37.6121], [-2.3585, 37.5222], [-2.4902, 37.4894], [-2.6421, 37.3832], [-2.6526, 37.3123], [-2.6656, 37.2844], [-2.6601, 37.212], [-2.7104, 37.2296], [-2.7569, 37.2324], [-2.8044, 37.2685], [-2.8349, 37.273], [-2.8548, 37.2671], [-2.8847, 37.1794], [-2.9279, 37.1574], [-2.9523, 37.1008], [-2.9977, 37.0955], [-3.0111, 37.0851], [-3.0088, 37.0361], [-2.9908, 36.9862], [-2.9969, 36.9706], [-3.0677, 36.9147], [-3.0727, 36.9023], [-3.0434, 36.8791], [-3.029, 36.8445], [-3.1402, 36.7878], [-3.1282, 36.7464]]]}}, {"type": "Feature", "properties": {"osm_type": "relation", "osm_id": 5275848, "name": "Malaga", "admin_level": "6", "iso": "ES-MA", "parent_iso": "ES", "parent_osm_id": 1311341}, "geometry": {"type": "Polygon", "coordinates": [[[-3.7772, 36.7358], [-3.8385, 36.752], [-3.961, 36.7268], [-4.0567, 36.748], [-4.1102, 36.7257], [-4.2247, 36.7124], [-4.4203, 36.7199], [-4.4805, 36.6512], [-4.5248, 36.5807], [-4.5878, 36.5738], [-4.615, 36.5306], [-4.6498, 36.5121], [-4.7228, 36.493], [-4.9027, 36.5065], [-4.9942, 36.4571], [-5.0625, 36.4522], [-5.1087, 36.429], [-5.1737, 36.4174], [-5.1997, 36.3972], [-5.2271, 36.3579], [-5.2537, 36.2971], [-5.2778, 36.3369], [-5.32, 36.3249], [-5.3351, 36.3953], [-5.3554, 36.4337], [-5.3915, 36.4658], [-5.4262, 36.5181], [-5.4771, 36.5218], [-5.5502, 36.4932], [-5.5857, 36.499], [-5.6078, 36.5197], [-5.5927, 36.5386], [-5.4835, 36.5731], [-5.4449, 36.6182], [-5.3837, 36.6346], [-5.3393, 36.6663], [-5.321, 36.7287], [-5.3007, 36.7503], [-5.2974, 36.7707], [-5.3327, 36.8057], [-5.3414, 36.8256], [-5.3049, 36.8651], [-5.2627, 36.8739], [-5.1941, 36.8291], [-5.1618, 36.83], [-5.1311, 36.8438], [-5.1055, 36.8663], [-5.0881, 36.8936], [-5.0847, 36.9254], [-5.097, 36.9559], [-5.1422, 37.0037], [-4.9166, 37.113], [-4.9021, 37.1342], [-4.9464, 37.1553], [-4.9569, 37.1668], [-4.9522, 37.1728], [-4.9208, 37.1796], [-4.8702, 37.1668], [-4.8481, 37.1927], [-4.7964, 37.1585], [-4.7773, 37.1622], [-4.7217, 37.1956], [-4.7184, 37.2146], [-4.7356, 37.2449], [-4.7198, 37.2597], [-4.6138, 37.2552], [-4.5963, 37.2216], [-4.5393, 37.2113], [-4.4806, 37.2388], [-4.4449, 37.2775], [-4.3835, 37.2775], [-4.3722, 37.2155], [-4.3263, 37.2027], [-4.2871, 37.1197], [-4.2806, 37.0567], [-4.261, 37.024], [-4.1485, 36.9485], [-3.8756, 36.853], [-3.8272, 36.8555], [-3.7682, 36.8019], [-3.7823, 36.7645], [-3.7772, 36.7358]]]}}, {"type": "Feature", "properties": {"osm_type": "relation", "osm_id": 349008, "name": "Sevilla", "admin_level": "6", "iso": "ES-SE", "parent_iso": "ES", "parent_osm_id": 1311341}, "geometry": {"type": "Polygon", "coordinates": [[[-6.2316, 36.9028], [-6.2233, 36.9023], [-6.1948, 36.9321], [-6.2397, 36.9134], [-6.265, 36.9129], [-6.2836, 36.9259], [-6.3391, 36.9047], [-6.3783, 36.934], [-6.3543, 36.9852], [-6.3816, 37.0615], [-6.3754, 37.0843], [-6.3529, 37.1141], [-6.354, 37.146], [-6.3441, 37.1767], [-6.3553, 37.2356], [-6.3392, 37.2896], [-6.3461, 37.3039], [-6.3788, 37.3281], [-6.3804, 37.3394], [-6.3597, 37.3598], [-6.3596, 37.4068], [-6.3177, 37.4203], [-6.3152, 37.4382], [-6.356, 37.4961], [-6.3753, 37.5462], [-6.4013, 37.5754], [-6.3941, 37.6042], [-6.4432, 37.6234], [-6.5058, 37.6217], [-6.5314, 37.6317], [-6.5277, 37.658], [-6.5033, 37.6775], [-6.469, 37.7247], [-6.4489, 37.7344], [-6.3111, 37.7648], [-6.2662, 37.7643], [-6.2556, 37.7569], [-6.2475, 37.734], [-6.222, 37.7294], [-6.2142, 37.7438], [-6.2153, 37.7833], [-6.2029, 37.7991], [-6.185, 37.8034], [-6.1471, 37.7937], [-6.1244, 37.8047], [-6.1467, 37.8485], [-6.1271, 37.9072], [-6.167, 37.909], [-6.1833, 37.939], [-6.1141, 37.9786], [-5.9521, 38.008], [-5.9109, 38.0665], [-5.9228, 38.0928], [-5.9154, 38.1141], [-5.8671, 38.1448], [-5.8463, 38.1686], [-5.8072, 38.183], [-5.7275, 38.1883], [-5.698, 38.1659], [-5.696, 38.1485], [-5.7341, 38.1297], [-5.722, 38.0902], [-5.6936, 38.0913], [-5.6235, 38.1369], [-5.581, 38.1351], [-5.5818, 38.1156], [-5.4961, 38.0428], [-5.4786, 37.9813], [-5.4218, 37.9407], [-5.4045, 37.8668], [-5.3601, 37.8418], [-5.3496, 37.8306], [-5.3412, 37.7923], [-5.3097, 37.7734], [-5.3111, 37.6979], [-5.39, 37.6976], [-5.414, 37.6739], [-5.401, 37.631], [-5.3801, 37.6118], [-5.3444, 37.61], [-5.2768, 37.6245], [-5.1911, 37.6696], [-5.1525, 37.6619], [-5.1294, 37.6656], [-5.105, 37.6909], [-5.0524, 37.7083], [-5.0021, 37.704], [-4.9665, 37.6709], [-4.9555, 37.648], [-4.9552, 37.6184], [-4.9323, 37.6025], [-4.928, 37.5837], [-4.9439, 37.5202], [-4.9083, 37.4948], [-4.8875, 37.4626], [-4.8849, 37.4381], [-4.8499, 37.4107], [-4.8221, 37.3582], [-4.7838, 37.3304], [-4.7634, 37.3288], [-4.7106, 37.3616], [-4.6919, 37.3546], [-4.6772, 37.3408], [-4.6707, 37.2991], [-4.6581, 37.2774], [-4.6532, 37.2559], [-4.7198, 37.2597], [-4.7356, 37.2449], [-4.7184, 37.2146], [-4.7217, 37.1956], [-4.7773, 37.1622], [-4.7964, 37.1585], [-4.8481, 37.1927], [-4.8702, 37.1668], [-4.9208, 37.1796], [-4.9522, 37.1728], [-4.9569, 37.1668], [-4.9464, 37.1553], [-4.9021, 37.1342], [-4.9166, 37.113], [-5.1422, 37.0037], [-5.1766, 36.9708], [-5.219, 36.9496], [-5.2504, 36.9567], [-5.3063, 37.0176], [-5.4367, 36.9488], [-5.4467, 36.9585], [-5.4478, 36.977], [-5.4283, 37.008], [-5.4262, 37.0251], [-5.4452, 37.0427], [-5.4715, 37.0455], [-5.4945, 37.0338], [-5.4932, 36.9881], [-5.5067, 36.9548], [-5.5446, 36.927], [-5.5869, 36.9224], [-5.6422, 36.9585], [-5.6691, 36.9652], [-5.6926, 36.9527], [-5.717, 36.9196], [-5.8064, 36.9206], [-5.8434, 36.9111], [-5.8662, 36.897], [-5.891, 36.8421], [-5.9415, 36.852], [-5.9731, 36.8441], [-6.1052, 36.8575], [-6.1577, 36.886], [-6.2316, 36.9028]]]}}, {"type": "Feature", "properties": {"osm_type": "relation", "osm_id": 349021, "name": "A Coru\u00f1a", "admin_level": "6", "iso": "ES-C", "parent_iso": "ES", "parent_osm_id": 1311341}, "geometry": {"type": "Polygon", "coordinates": [[[-8.7309, 42.6884], [-8.7372, 42.6884], [-8.7539, 42.6569], [-8.785, 42.6406], [-8.8038, 42.6459], [-8.8395, 42.6824], [-8.857, 42.6491], [-8.847, 42.6406], [-8.8688, 42.6175], [-8.8805, 42.6118], [-8.8948, 42.6201], [-8.8895, 42.6306], [-8.9034, 42.6255], [-8.9364, 42.6064], [-8.9222, 42.5937], [-8.9699, 42.5792], [-8.9808, 42.5512], [-9.0115, 42.5307], [-9.0264, 42.5431], [-9.0334, 42.5781], [-9.0709, 42.5961], [-9.0657, 42.6203], [-9.0388, 42.6611], [-9.0301, 42.7077], [-9.0063, 42.7338], [-8.9631, 42.7513], [-8.9222, 42.7881], [-8.8983, 42.7923], [-8.8849, 42.815], [-8.8877, 42.8311], [-8.9084, 42.8395], [-8.9126, 42.8166], [-8.951, 42.7951], [-9.0489, 42.7947], [-9.0456, 42.778], [-9.0687, 42.7597], [-9.1003, 42.7575], [-9.1134, 42.7661], [-9.135, 42.8128], [-9.1132, 42.8164], [-9.1003, 42.8333], [-9.1084, 42.8448], [-9.1412, 42.8574], [-9.1487, 42.8845], [-9.1375, 42.8961], [-9.1345, 42.9175], [-9.1679, 42.9268], [-9.1959, 42.9493], [-9.19, 42.9324], [-9.1958, 42.9266], [-9.2101, 42.9257], [-9.2143, 42.939], [-9.2242, 42.9402], [-9.2443, 42.9288], [-9.2731, 42.8933], [-9.292, 42.9288], [-9.251, 43.0168], [-9.2721, 43.0313], [-9.2795, 43.055], [-9.2579, 43.0609], [-9.2457, 43.088], [-9.2223, 43.1027], [-9.2176, 43.1144], [-9.1898, 43.1023], [-9.1623, 43.1144], [-9.1412, 43.1349], [-9.1077, 43.1411], [-9.1077, 43.1485], [-9.1633, 43.1398], [-9.1623, 43.1485], [-9.2084, 43.1379], [-9.2176, 43.1553], [-9.1701, 43.1887], [-9.1379, 43.2015], [-9.1004, 43.1895], [-9.0524, 43.1964], [-9.027, 43.2101], [-9.0115, 43.2388], [-8.9857, 43.2269], [-8.9325, 43.2353], [-8.9153, 43.245], [-8.9482, 43.2499], [-8.9631, 43.2723], [-8.988, 43.283], [-8.83, 43.3412], [-8.7856, 43.3124], [-8.6931, 43.2934], [-8.5925, 43.3242], [-8.5584, 43.3132], [-8.506, 43.3315], [-8.4861, 43.3543], [-8.4557, 43.3633], [-8.443, 43.3753], [-8.3883, 43.3859], [-8.3757, 43.363], [-8.3536, 43.3486], [-8.3408, 43.3599], [-8.3399, 43.3927], [-8.3307, 43.4057], [-8.2672, 43.3859], [-8.2506, 43.3549], [-8.2173, 43.3283], [-8.2102, 43.3132], [-8.2025, 43.3293], [-8.2096, 43.3907], [-8.1754, 43.4163], [-8.2648, 43.4273], [-8.3052, 43.4511], [-8.2865, 43.462], [-8.1788, 43.4733], [-8.1686, 43.492], [-8.2573, 43.4777], [-8.2437, 43.4852], [-8.2573, 43.492], [-8.2692, 43.4789], [-8.289, 43.473], [-8.3331, 43.4715], [-8.3166, 43.5229], [-8.3052, 43.5194], [-8.2921, 43.5329], [-8.3082, 43.5463], [-8.3127, 43.5671], [-8.261, 43.5645], [-8.2322, 43.5755], [-8.0867, 43.6565], [-8.0746, 43.6396], [-8.0519, 43.6428], [-8.0655, 43.6428], [-8.0519, 43.6565], [-8.0712, 43.6679], [-8.074, 43.6785], [-8.0593, 43.7094], [-7.9812, 43.7178], [-7.953, 43.7301], [-7.9086, 43.7663], [-7.8808, 43.7633], [-7.8465, 43.718], [-7.8465, 43.7117], [-7.8676, 43.718], [-7.8793, 43.7005], [-7.8738, 43.6845], [-7.8841, 43.6786], [-7.8949, 43.6845], [-7.9086, 43.6702], [-7.8584, 43.6682], [-7.8492, 43.6756], [-7.8676, 43.6975], [-7.8439, 43.7038], [-7.8192, 43.6975], [-7.826, 43.7117], [-7.812, 43.7231], [-7.7128, 43.7607], [-7.6855, 43.7934], [-7.6783, 43.7905], [-7.6683, 43.7725], [-7.6956, 43.7459], [-7.7095, 43.6742], [-7.6909, 43.6539], [-7.7236, 43.6258], [-7.7266, 43.5865], [-7.7584, 43.5548], [-7.7448, 43.5263], [-7.7802, 43.4491], [-7.8073, 43.4374], [-7.8246, 43.4066], [-7.8821, 43.4075], [-7.8893, 43.3415], [-7.9368, 43.2932], [-7.9284, 43.2552], [-7.9614, 43.19], [-7.9247, 43.0922], [-7.9348, 43.0518], [-7.9064, 42.9876], [-7.9118, 42.9367], [-7.9356, 42.9034], [-7.9753, 42.883], [-7.9998, 42.8489], [-8.0328, 42.8365], [-8.1744, 42.853], [-8.2099, 42.8307], [-8.2521, 42.8363], [-8.2897, 42.82], [-8.2988, 42.8216], [-8.3153, 42.8439], [-8.3293, 42.8457], [-8.3396, 42.8369], [-8.3334, 42.8014], [-8.3422, 42.784], [-8.3533, 42.7802], [-8.392, 42.7895], [-8.4216, 42.7568], [-8.4583, 42.742], [-8.5023, 42.7561], [-8.5781, 42.7459], [-8.5941, 42.7384], [-8.6035, 42.7194], [-8.6454, 42.7255], [-8.7163, 42.7065], [-8.7309, 42.6884]]]}}, {"type": "Feature", "properties": {"osm_type": "relation", "osm_id": 348992, "name": "Lugo", "admin_level": "6", "iso": "ES-LU", "parent_iso": "ES", "parent_osm_id": 1311341}, "geometry": {"type": "Polygon", "coordinates": [[[-7.6962, 43.7315], [-7.6752, 43.7316], [-7.6725, 43.7438], [-7.641, 43.7527], [-7.613, 43.7043], [-7.616, 43.6885], [-7.5864, 43.718], [-7.5743, 43.7145], [-7.5414, 43.7316], [-7.4901, 43.7253], [-7.3671, 43.6801], [-7.3041, 43.5986], [-7.2567, 43.5816], [-7.2711, 43.5686], [-7.2711, 43.5611], [-7.2577, 43.5567], [-7.2301, 43.5686], [-7.157, 43.5593], [-7.0959, 43.561], [-7.0793, 43.5686], [-7.0323, 43.553], [-7.0309, 43.5332], [-7.0536, 43.4965], [-7.0489, 43.4779], [-7.1127, 43.4293], [-7.1609, 43.4291], [-7.1701, 43.3908], [-7.13, 43.3786], [-7.1216, 43.3368], [-7.1084, 43.319], [-7.0713, 43.2977], [-7.0628, 43.2549], [-7.051, 43.2373], [-6.9656, 43.195], [-6.9738, 43.1592], [-6.9593, 43.1388], [-6.9434, 43.1326], [-6.9267, 43.138], [-6.8912, 43.1532], [-6.88, 43.1706], [-6.8663, 43.1753], [-6.8322, 43.1399], [-6.8315, 43.1202], [-6.869, 43.0953], [-6.9452, 43.0767], [-6.9634, 43.0426], [-6.9796, 43.0366], [-6.9885, 43.0193], [-6.9664, 42.9943], [-6.9549, 43.0016], [-6.9536, 43.0238], [-6.9452, 43.0246], [-6.9137, 42.9947], [-6.8689, 42.9887], [-6.8369, 42.9627], [-6.8283, 42.9148], [-6.8605, 42.8745], [-6.8575, 42.8181], [-6.9286, 42.7501], [-6.9657, 42.747], [-7.0328, 42.7063], [-7.0362, 42.6759], [-7.0143, 42.6413], [-7.0443, 42.6171], [-7.0428, 42.5776], [-7.0601, 42.5486], [-7.062, 42.522], [-7.1032, 42.4578], [-7.1508, 42.4272], [-7.2026, 42.3255], [-7.2557, 42.4062], [-7.2693, 42.4147], [-7.3202, 42.425], [-7.362, 42.4195], [-7.4064, 42.4443], [-7.4183, 42.4332], [-7.5209, 42.395], [-7.5771, 42.4077], [-7.6173, 42.4021], [-7.7154, 42.4511], [-7.7527, 42.4511], [-7.7815, 42.4721], [-7.8615, 42.504], [-7.8968, 42.5057], [-7.8944, 42.5464], [-7.9308, 42.5785], [-7.893, 42.6353], [-7.8909, 42.6676], [-7.8682, 42.6982], [-7.8681, 42.7132], [-7.9323, 42.74], [-7.9785, 42.7812], [-7.9816, 42.7951], [-7.9645, 42.8424], [-7.9998, 42.8489], [-7.9753, 42.883], [-7.9356, 42.9034], [-7.9118, 42.9367], [-7.9066, 42.9619], [-7.9064, 42.9876], [-7.9348, 43.0518], [-7.9247, 43.0922], [-7.9614, 43.19], [-7.9284, 43.2552], [-7.9368, 43.2932], [-7.8893, 43.3415], [-7.8821, 43.4075], [-7.8246, 43.4066], [-7.8073, 43.4374], [-7.7802, 43.4491], [-7.7448, 43.5263], [-7.7584, 43.5548], [-7.7266, 43.5865], [-7.7236, 43.6258], [-7.6909, 43.6539], [-7.7095, 43.6742], [-7.6962, 43.7315]]]}}, {"type": "Feature", "properties": {"osm_type": "relation", "osm_id": 6428094, "name": "Asturias", "admin_level": "6", "iso": "ES-O", "parent_iso": "ES", "parent_osm_id": 1311341}, "geometry": {"type": "Polygon", "coordinates": [[[-7.0469, 43.4837], [-7.0383, 43.4792], [-7.0238, 43.5258], [-7.0104, 43.5332], [-7.0014, 43.5567], [-6.944, 43.566], [-6.7708, 43.5686], [-6.7037, 43.5576], [-6.6487, 43.579], [-6.5977, 43.5752], [-6.5101, 43.5475], [-6.463, 43.555], [-6.4691, 43.5754], [-6.4176, 43.5611], [-6.3146, 43.5686], [-6.2228, 43.5959], [-6.178, 43.5754], [-6.0692, 43.5697], [-6.0235, 43.5884], [-5.9074, 43.5884], [-5.9022, 43.5975], [-5.9131, 43.6129], [-5.9006, 43.6232], [-5.9074, 43.6368], [-5.8635, 43.6414], [-5.8522, 43.663], [-5.8038, 43.6505], [-5.7089, 43.5686], [-5.702, 43.5686], [-5.6968, 43.5828], [-5.6775, 43.5611], [-5.6256, 43.555], [-5.4242, 43.5611], [-5.3939, 43.5552], [-5.3907, 43.5413], [-5.4208, 43.5134], [-5.4139, 43.5065], [-5.3724, 43.5202], [-5.3568, 43.5386], [-5.2999, 43.5377], [-5.1779, 43.4894], [-5.0917, 43.4863], [-5.0677, 43.4814], [-5.057, 43.4686], [-5.045, 43.4743], [-4.9752, 43.4588], [-4.941, 43.4717], [-4.8365, 43.4498], [-4.7349, 43.4171], [-4.5138, 43.4028], [-4.5133, 43.3844], [-4.5373, 43.3483], [-4.5187, 43.306], [-4.5235, 43.2879], [-4.5372, 43.2772], [-4.5512, 43.2792], [-4.5635, 43.2942], [-4.5926, 43.2982], [-4.6432, 43.2722], [-4.7157, 43.2647], [-4.7236, 43.252], [-4.7279, 43.2078], [-4.7427, 43.1921], [-4.8319, 43.1887], [-4.8594, 43.2234], [-4.879, 43.2352], [-4.9085, 43.2373], [-5.0083, 43.1929], [-5.0629, 43.1788], [-5.0824, 43.158], [-5.0955, 43.1283], [-5.1181, 43.1086], [-5.1596, 43.1132], [-5.212, 43.094], [-5.3075, 43.0855], [-5.374, 43.0897], [-5.3985, 43.0565], [-5.4734, 43.0511], [-5.4908, 43.0286], [-5.541, 43.0218], [-5.6652, 43.0483], [-5.7052, 43.0488], [-5.73, 43.0406], [-5.7787, 42.9747], [-5.8048, 42.9706], [-5.8448, 42.9717], [-5.9187, 42.9988], [-5.9547, 43.0176], [-5.9713, 43.0514], [-5.9878, 43.0623], [-6.0168, 43.0573], [-6.0791, 43.0651], [-6.0883, 43.0621], [-6.1024, 43.0348], [-6.122, 43.0279], [-6.1997, 43.041], [-6.2128, 43.0389], [-6.2217, 43.0201], [-6.2344, 43.0144], [-6.3649, 43.0514], [-6.3928, 43.0422], [-6.4187, 43.0005], [-6.4803, 42.9879], [-6.4763, 42.9769], [-6.4504, 42.9681], [-6.4448, 42.9577], [-6.5016, 42.9297], [-6.5621, 42.9167], [-6.6357, 42.9273], [-6.7011, 42.9245], [-6.7635, 42.8928], [-6.7953, 42.9109], [-6.8283, 42.9148], [-6.8369, 42.9627], [-6.8689, 42.9887], [-6.9137, 42.9947], [-6.9513, 43.0251], [-6.9549, 43.0016], [-6.9664, 42.9943], [-6.9885, 43.0193], [-6.9796, 43.0366], [-6.9634, 43.0426], [-6.9452, 43.0767], [-6.8772, 43.0918], [-6.8315, 43.1202], [-6.8322, 43.1399], [-6.8476, 43.1592], [-6.8738, 43.1746], [-6.8985, 43.1491], [-6.9434, 43.1326], [-6.9593, 43.1388], [-6.9738, 43.1592], [-6.9656, 43.195], [-7.051, 43.2373], [-7.0628, 43.2549], [-7.0713, 43.2977], [-7.1084, 43.319], [-7.1216, 43.3368], [-7.13, 43.3786], [-7.1701, 43.3908], [-7.1609, 43.4291], [-7.1127, 43.4293], [-7.0469, 43.4837]]]}}, {"type": "Feature", "properties": {"osm_type": "relation", "osm_id": 6426101, "name": "Cantabria", "admin_level": "6", "iso": "ES-S", "parent_iso": "ES", "parent_osm_id": 1311341}, "geometry": {"type": "MultiPolygon", "coordinates": [[[[-4.5138, 43.4028], [-4.4817, 43.3836], [-4.4608, 43.3987], [-4.4325, 43.4026], [-4.3793, 43.3836], [-4.3594, 43.3997], [-4.3128, 43.3958], [-4.1886, 43.4054], [-4.161, 43.4212], [-4.0977, 43.4356], [-4.0292, 43.4383], [-4.0128, 43.4525], [-3.9814, 43.4383], [-3.961, 43.4451], [-3.9746, 43.4588], [-3.9401, 43.4771], [-3.8938, 43.4849], [-3.8859, 43.4792], [-3.8267, 43.497], [-3.7692, 43.4792], [-3.8443, 43.4451], [-3.8238, 43.4308], [-3.8313, 43.4246], [-3.8202, 43.4243], [-3.7965, 43.4308], [-3.7723, 43.4525], [-3.745, 43.4383], [-3.743, 43.4514], [-3.7555, 43.4717], [-3.7289, 43.4655], [-3.7214, 43.4717], [-3.7289, 43.4792], [-3.7179, 43.4827], [-3.6884, 43.4842], [-3.6561, 43.5007], [-3.5794, 43.5183], [-3.5544, 43.5169], [-3.5563, 43.4997], [-3.5391, 43.499], [-3.5054, 43.4792], [-3.4366, 43.4705], [-3.4283, 43.4617], [-3.4286, 43.4468], [-3.47, 43.4542], [-3.5017, 43.4308], [-3.4818, 43.428], [-3.4611, 43.4125], [-3.447, 43.4308], [-3.4362, 43.419], [-3.3925, 43.4246], [-3.2105, 43.3898], [-3.1769, 43.3662], [-3.1506, 43.3602], [-3.1495, 43.3244], [-3.1602, 43.3078], [-3.2035, 43.2923], [-3.3229, 43.3001], [-3.4309, 43.2435], [-3.445, 43.2242], [-3.4238, 43.1406], [-3.5001, 43.1407], [-3.6478, 43.1762], [-3.7211, 43.118], [-3.7662, 43.0934], [-3.8383, 43.0847], [-3.8427, 43.0573], [-3.8549, 43.0477], [-3.8961, 43.0332], [-3.9526, 42.9992], [-3.9848, 42.9258], [-3.9658, 42.9073], [-3.9461, 42.9044], [-3.902, 42.9204], [-3.8813, 42.9439], [-3.8646, 42.9479], [-3.8485, 42.941], [-3.8341, 42.9216], [-3.8697, 42.9], [-3.8982, 42.8986], [-3.9092, 42.8803], [-3.9046, 42.8615], [-3.8853, 42.8512], [-3.8621, 42.872], [-3.8314, 42.8723], [-3.8158, 42.81], [-3.8309, 42.7999], [-3.883, 42.7971], [-3.9174, 42.7735], [-3.9652, 42.7625], [-4.0002, 42.7698], [-4.0028, 42.8236], [-4.0189, 42.8163], [-4.0472, 42.7701], [-4.0858, 42.7631], [-4.1104, 42.786], [-4.1586, 42.7935], [-4.1852, 42.812], [-4.1847, 42.8235], [-4.1355, 42.8395], [-4.1412, 42.8588], [-4.1745, 42.857], [-4.2013, 42.8423], [-4.2214, 42.8502], [-4.2399, 42.9502], [-4.3566, 42.9854], [-4.4096, 43.0383], [-4.4629, 43.0509], [-4.5524, 43.0239], [-4.7269, 43.0159], [-4.7387, 43.0481], [-4.7705, 43.0786], [-4.8279, 43.1081], [-4.836, 43.1351], [-4.8319, 43.1887], [-4.7345, 43.1969], [-4.7157, 43.2647], [-4.6432, 43.2722], [-4.5926, 43.2982], [-4.5635, 43.2942], [-4.5452, 43.2758], [-4.5298, 43.2817], [-4.5187, 43.306], [-4.5373, 43.3483], [-4.5133, 43.3844], [-4.5138, 43.4028]]], [[[-3.3042, 43.2607], [-3.2861, 43.2564], [-3.2674, 43.2274], [-3.2992, 43.2169], [-3.3042, 43.2607]]]]}}, {"type": "Feature", "properties": {"osm_type": "relation", "osm_id": 349034, "name": "Biscay", "admin_level": "6", "iso": "ES-BI", "parent_iso": "ES", "parent_osm_id": 1311341}, "geometry": {"type": "Polygon", "coordinates": [[[-3.1506, 43.3602], [-3.1124, 43.3541], [-3.0895, 43.3669], [-3.0082, 43.3209], [-3.0293, 43.3762], [-2.9399, 43.4171], [-2.9467, 43.4308], [-2.9053, 43.4399], [-2.807, 43.4417], [-2.7686, 43.4525], [-2.7152, 43.4245], [-2.691, 43.3675], [-2.6778, 43.4062], [-2.6612, 43.4119], [-2.4835, 43.3706], [-2.4644, 43.3492], [-2.4068, 43.3293], [-2.4402, 43.2881], [-2.4182, 43.2675], [-2.4594, 43.2273], [-2.4905, 43.2224], [-2.4889, 43.1837], [-2.5071, 43.1615], [-2.5017, 43.1032], [-2.514, 43.0932], [-2.5465, 43.088], [-2.6002, 43.0815], [-2.6374, 43.0855], [-2.6587, 43.0729], [-2.6352, 43.0471], [-2.6331, 43.0249], [-2.6979, 43.0206], [-2.7384, 43.0332], [-2.7819, 43.0267], [-2.8512, 43.0469], [-2.8954, 43.0475], [-2.9568, 43.096], [-2.9359, 43.1469], [-2.9705, 43.1933], [-2.9993, 43.205], [-3.0218, 43.1917], [-3.0315, 43.1609], [-3.1041, 43.1452], [-3.1418, 43.1651], [-3.1515, 43.1814], [-3.2297, 43.187], [-3.2595, 43.2012], [-3.4238, 43.1406], [-3.445, 43.2242], [-3.4309, 43.2435], [-3.3229, 43.3001], [-3.2035, 43.2923], [-3.1602, 43.3078], [-3.1495, 43.3244], [-3.1506, 43.3602]], [[-3.2992, 43.2169], [-3.2674, 43.2274], [-3.2861, 43.2564], [-3.3042, 43.2607], [-3.2992, 43.2169]]]}}, {"type": "Feature", "properties": {"osm_type": "relation", "osm_id": 349014, "name": "Santa Cruz de Tenerife", "admin_level": "6", "iso": "ES-TF", "parent_iso": "ES", "parent_osm_id": 1311341}, "geometry": {"type": "MultiPolygon", "coordinates": [[[[-17.9339, 27.852], [-17.8965, 27.8403], [-17.8793, 27.8145], [-17.9264, 27.7428], [-17.9302, 27.7187], [-17.9652, 27.687], [-17.9795, 27.6425], [-18.0158, 27.6535], [-18.0531, 27.6912], [-18.1269, 27.7003], [-18.1604, 27.7224], [-18.1672, 27.7576], [-18.1405, 27.7688], [-18.0568, 27.7565], [-18.0032, 27.7988], [-17.9899, 27.8237], [-17.9339, 27.852]]], [[[-17.3097, 28.2071], [-17.2592, 28.2177], [-17.2127, 28.2054], [-17.1161, 28.1462], [-17.0984, 28.1008], [-17.1139, 28.081], [-17.185, 28.0316], [-17.2327, 28.0191], [-17.2579, 28.0246], [-17.3101, 28.0535], [-17.3432, 28.0977], [-17.3388, 28.171], [-17.3097, 28.2071]]], [[[-16.4277, 28.1497], [-16.5215, 28.0576], [-16.5458, 28.024], [-16.5797, 28.0303], [-16.6763, 27.9971], [-16.6927, 27.9998], [-16.7036, 28.0137], [-16.7041, 28.035], [-16.7211, 28.0445], [-16.7279, 28.0786], [-16.7806, 28.1279], [-16.7954, 28.1653], [-16.8371, 28.209], [-16.8472, 28.2625], [-16.9161, 28.355], [-16.8374, 28.3911], [-16.7942, 28.3691], [-16.7701, 28.3663], [-16.6642, 28.4007], [-16.5846, 28.4011], [-16.5645, 28.4153], [-16.5071, 28.4241], [-16.4204, 28.4906], [-16.4083, 28.5198], [-16.3634, 28.543], [-16.3227, 28.5535], [-16.3164, 28.5721], [-16.2027, 28.564], [-16.1413, 28.5834], [-16.1177, 28.5721], [-16.1271, 28.5438], [-16.2314, 28.4884], [-16.248, 28.4611], [-16.2961, 28.4178], [-16.3555, 28.3812], [-16.3658, 28.3625], [-16.3581, 28.3146], [-16.38, 28.2883], [-16.4192, 28.2114], [-16.4277, 28.1497]]], [[[-17.7558, 28.8185], [-17.7506, 28.7748], [-17.7414, 28.7579], [-17.7219, 28.749], [-17.721, 28.7306], [-17.7653, 28.6775], [-17.7456, 28.6219], [-17.7599, 28.5768], [-17.7833, 28.5486], [-17.8309, 28.4554], [-17.8371, 28.4554], [-17.8651, 28.4754], [-17.8797, 28.5437], [-17.9631, 28.6715], [-17.9761, 28.7282], [-18.0022, 28.7496], [-17.9968, 28.7801], [-17.9707, 28.8132], [-17.9111, 28.8556], [-17.8905, 28.8439], [-17.8417, 28.8354], [-17.8014, 28.8493], [-17.7815, 28.8423], [-17.7558, 28.8185]]]]}}, {"type": "Feature", "properties": {"osm_type": "relation", "osm_id": 349031, "name": "Las Palmas", "admin_level": "6", "iso": "ES-GC", "parent_iso": "ES", "parent_osm_id": 1311341}, "geometry": {"type": "MultiPolygon", "coordinates": [[[[-15.3916, 28.0302], [-15.3636, 28.0097], [-15.3767, 27.9575], [-15.3636, 27.9346], [-15.3819, 27.9212], [-15.3916, 27.8998], [-15.376, 27.8676], [-15.3778, 27.8523], [-15.407, 27.8383], [-15.453, 27.7912], [-15.5397, 27.7656], [-15.578, 27.7344], [-15.6072, 27.7503], [-15.6857, 27.7633], [-15.7397, 27.8043], [-15.786, 27.8442], [-15.8212, 27.9218], [-15.8161, 27.996], [-15.7498, 28.036], [-15.7084, 28.0819], [-15.7137, 28.1059], [-15.7021, 28.1151], [-15.6981, 28.133], [-15.7062, 28.1674], [-15.6508, 28.1639], [-15.597, 28.1475], [-15.5213, 28.1475], [-15.4587, 28.1342], [-15.435, 28.1409], [-15.4387, 28.1749], [-15.4093, 28.1798], [-15.4001, 28.1572], [-15.4156, 28.1415], [-15.4149, 28.1145], [-15.3916, 28.0302]]], [[[-13.9726, 28.7359], [-13.8987, 28.7539], [-13.8646, 28.7442], [-13.8355, 28.7155], [-13.8244, 28.6818], [-13.8287, 28.5516], [-13.8566, 28.479], [-13.8566, 28.4349], [-13.8429, 28.4069], [-13.8696, 28.3769], [-13.8752, 28.3491], [-13.9337, 28.2442], [-13.9668, 28.228], [-14.1186, 28.2005], [-14.152, 28.18], [-14.1916, 28.1708], [-14.2122, 28.1605], [-14.3013, 28.0679], [-14.3432, 28.0507], [-14.369, 28.0508], [-14.4286, 28.0712], [-14.5071, 28.0712], [-14.4969, 28.1025], [-14.436, 28.1005], [-14.3412, 28.1345], [-14.2701, 28.176], [-14.2244, 28.2186], [-14.2074, 28.2544], [-14.2019, 28.3039], [-14.1713, 28.3524], [-14.1409, 28.4349], [-14.0983, 28.4866], [-14.0756, 28.5361], [-14.0361, 28.5874], [-13.9999, 28.7167], [-13.9726, 28.7359]]], [[[-13.483, 29.2399], [-13.4654, 29.2433], [-13.4178, 29.2089], [-13.4388, 29.159], [-13.4587, 29.1474], [-13.4624, 29.1321], [-13.4519, 29.086], [-13.4656, 29.0581], [-13.4656, 29.0239], [-13.482, 28.9995], [-13.543, 28.9617], [-13.59, 28.9514], [-13.6076, 28.9326], [-13.7093, 28.9147], [-13.7361, 28.8965], [-13.7746, 28.8396], [-13.7915, 28.8535], [-13.8673, 28.8649], [-13.8763, 28.8888], [-13.8429, 28.9215], [-13.8321, 29.0004], [-13.7985, 29.0481], [-13.7668, 29.074], [-13.6902, 29.0909], [-13.6368, 29.1269], [-13.5372, 29.1383], [-13.483, 29.2399]]], [[[-13.4867, 29.2846], [-13.4779, 29.2663], [-13.492, 29.2427], [-13.5171, 29.2263], [-13.5412, 29.2294], [-13.5082, 29.2895], [-13.4867, 29.2846]]]]}}, {"type": "Feature", "properties": {"osm_type": "relation", "osm_id": 6426656, "name": "Balearic Islands", "admin_level": "6", "iso": "ES-PM", "parent_iso": "ES", "parent_osm_id": 1311341}, "geometry": {"type": "MultiPolygon", "coordinates": [[[[1.5264, 38.6778], [1.5657, 38.6915], [1.5824, 38.6749], [1.5814, 38.6531], [1.5234, 38.6494], [1.4581, 38.6813], [1.4128, 38.6464], [1.397, 38.6386], [1.3829, 38.6421], [1.3835, 38.6804], [1.3937, 38.7042], [1.3828, 38.7116], [1.401, 38.7303], [1.4181, 38.7279], [1.4313, 38.7549], [1.4861, 38.6946], [1.5264, 38.6778]]], [[[1.606, 39.0913], [1.6008, 39.0824], [1.6231, 39.0292], [1.5933, 39.0202], [1.5762, 38.9858], [1.5412, 38.9678], [1.5098, 38.9302], [1.4587, 38.9001], [1.445, 38.9132], [1.4147, 38.8906], [1.4031, 38.8323], [1.3706, 38.8318], [1.3608, 38.8519], [1.3435, 38.8624], [1.3078, 38.8579], [1.3003, 38.8705], [1.2835, 38.8746], [1.2666, 38.8703], [1.2599, 38.8579], [1.2166, 38.8851], [1.2122, 38.9032], [1.2275, 38.942], [1.2184, 38.9541], [1.2368, 38.9652], [1.2599, 38.9609], [1.301, 38.9678], [1.2928, 39.0333], [1.3568, 39.0776], [1.3722, 39.0714], [1.3919, 39.0833], [1.4033, 39.0776], [1.4507, 39.1018], [1.4995, 39.1049], [1.5227, 39.1189], [1.5897, 39.1028], [1.606, 39.0913]]], [[[3.3545, 39.7844], [3.4398, 39.752], [3.4744, 39.7497], [3.4685, 39.7393], [3.4744, 39.7155], [3.4614, 39.7001], [3.4675, 39.6876], [3.4539, 39.6597], [3.4432, 39.6458], [3.4131, 39.6351], [3.4019, 39.6232], [3.3987, 39.6077], [3.406, 39.592], [3.3233, 39.5239], [3.2918, 39.4758], [3.2825, 39.4201], [3.2688, 39.4276], [3.2526, 39.3862], [3.221, 39.3599], [3.1294, 39.3157], [3.0608, 39.2691], [3.0293, 39.3046], [3.0013, 39.3177], [2.9914, 39.3473], [2.9588, 39.3632], [2.8255, 39.3636], [2.7866, 39.3759], [2.7617, 39.4002], [2.7512, 39.4548], [2.7366, 39.4621], [2.7549, 39.5026], [2.7435, 39.5234], [2.6817, 39.5587], [2.6553, 39.5647], [2.5691, 39.5315], [2.5557, 39.52], [2.5449, 39.493], [2.5202, 39.4728], [2.4927, 39.4702], [2.469, 39.5059], [2.4806, 39.5162], [2.4539, 39.5374], [2.4382, 39.5252], [2.426, 39.5374], [2.3919, 39.5237], [2.3556, 39.5587], [2.3508, 39.5765], [2.3577, 39.6119], [2.4683, 39.6594], [2.5176, 39.7001], [2.5697, 39.7131], [2.6177, 39.7497], [2.6314, 39.7701], [2.6519, 39.7701], [2.7106, 39.8185], [2.7474, 39.8316], [2.8132, 39.8726], [2.8436, 39.8726], [2.9333, 39.9145], [3.0757, 39.9361], [3.1795, 39.9688], [3.1931, 39.9551], [3.2013, 39.9605], [3.2142, 39.9551], [3.1409, 39.9281], [3.1155, 39.9088], [3.0969, 39.9135], [3.0947, 39.8812], [3.1302, 39.8764], [3.2068, 39.893], [3.1872, 39.8544], [3.1263, 39.8319], [3.1248, 39.8111], [3.1365, 39.7888], [3.1626, 39.7691], [3.2239, 39.7497], [3.2925, 39.7497], [3.3545, 39.7844]]], [[[4.3029, 39.9255], [4.3371, 39.8672], [4.3029, 39.8876], [4.3001, 39.8218], [4.2481, 39.8165], [3.9814, 39.9361], [3.8693, 39.9255], [3.8307, 39.9361], [3.8391, 39.9756], [3.8505, 39.9839], [3.8129, 40.0012], [3.8032, 40.0181], [3.8219, 40.0476], [3.8915, 40.0596], [3.9155, 40.052], [4.052, 40.0582], [4.1051, 40.0794], [4.1078, 40.0676], [4.1391, 40.0459], [4.1354, 40.0282], [4.1423, 40.0248], [4.1658, 40.0459], [4.1638, 40.0606], [4.1705, 40.0646], [4.1786, 40.0388], [4.2649, 39.9864], [4.2724, 39.9553], [4.2546, 39.9497], [4.298, 39.942], [4.3029, 39.9255]]], [[[2.9854, 39.1662], [2.9823, 39.1392], [2.9622, 39.1161], [2.9309, 39.1182], [2.9136, 39.152], [2.9404, 39.1719], [2.9806, 39.1856], [2.9854, 39.1662]]]]}}, {"type": "Feature", "properties": {"osm_type": "relation", "osm_id": 349030, "name": "Zaragoza", "admin_level": "6", "iso": "ES-Z", "parent_iso": "ES", "parent_osm_id": 1311341}, "geometry": {"type": "Polygon", "coordinates": [[[-1.0757, 42.6454], [-1.0445, 42.65], [-1.0246, 42.6961], [-0.9645, 42.7103], [-0.9044, 42.7426], [-0.9092, 42.7069], [-0.8798, 42.6791], [-0.8845, 42.6691], [-0.9247, 42.6514], [-0.9048, 42.6131], [-0.8968, 42.4943], [-0.8888, 42.4718], [-0.9013, 42.436], [-0.8423, 42.4075], [-0.8347, 42.3807], [-0.9225, 42.2716], [-0.916, 42.2541], [-0.8929, 42.2498], [-0.8777, 42.2735], [-0.8615, 42.2826], [-0.8225, 42.2738], [-0.8083, 42.2792], [-0.7727, 42.3449], [-0.7825, 42.389], [-0.7554, 42.3917], [-0.7401, 42.3753], [-0.7316, 42.2978], [-0.7574, 42.2585], [-0.7479, 42.0865], [-0.7675, 42.0613], [-0.7817, 42.0566], [-0.8192, 42.0821], [-0.8481, 42.0727], [-0.8661, 42.0272], [-0.8537, 41.9967], [-0.7782, 41.9573], [-0.668, 41.9553], [-0.6521, 41.9458], [-0.6071, 41.8882], [-0.5537, 41.8676], [-0.5249, 41.8398], [-0.5031, 41.7549], [-0.4888, 41.7355], [-0.3807, 41.6847], [-0.3442, 41.6312], [-0.3138, 41.6228], [-0.2583, 41.5782], [-0.2392, 41.5768], [-0.2098, 41.5946], [-0.1855, 41.591], [-0.1671, 41.569], [-0.1524, 41.5282], [-0.1033, 41.4754], [-0.0699, 41.3729], [-0.0147, 41.3834], [0.0191, 41.3603], [0.1061, 41.3509], [0.1291, 41.3877], [0.1638, 41.4065], [0.1827, 41.3945], [0.219, 41.4034], [0.2407, 41.4285], [0.3383, 41.4059], [0.3242, 41.3902], [0.3273, 41.3701], [0.3651, 41.3526], [0.3773, 41.3214], [0.3524, 41.2792], [0.3604, 41.2328], [0.3133, 41.2069], [0.2931, 41.1583], [0.2584, 41.1464], [0.2424, 41.132], [0.2137, 41.1258], [0.2053, 41.0969], [0.2165, 41.0706], [0.167, 41.0651], [0.1192, 41.0764], [0.0725, 41.0771], [0.0396, 41.0486], [0.021, 41.0542], [-0.0169, 41.1217], [-0.0362, 41.1341], [-0.2686, 41.215], [-0.3132, 41.2555], [-0.3372, 41.2415], [-0.4059, 41.2724], [-0.4402, 41.3143], [-0.4708, 41.3222], [-0.4799, 41.3454], [-0.493, 41.3543], [-0.5505, 41.353], [-0.5625, 41.3465], [-0.5594, 41.3247], [-0.5093, 41.25], [-0.5167, 41.228], [-0.5326, 41.2325], [-0.6015, 41.3196], [-0.6198, 41.326], [-0.6289, 41.3204], [-0.6255, 41.2483], [-0.6426, 41.2384], [-0.6101, 41.1917], [-0.694, 41.1126], [-0.7512, 41.1626], [-0.7725, 41.1519], [-0.8012, 41.0936], [-0.8236, 41.0929], [-0.8835, 41.1303], [-0.9457, 41.0794], [-0.989, 41.0922], [-1.0006, 41.1148], [-1.0865, 41.1593], [-1.1061, 41.1591], [-1.1225, 41.1364], [-1.1587, 41.1223], [-1.236, 41.1367], [-1.2547, 41.1282], [-1.2665, 41.1079], [-1.254, 41.0714], [-1.2702, 41.0542], [-1.3292, 41.0547], [-1.3697, 41.0733], [-1.4033, 41.0641], [-1.4227, 41.0325], [-1.4582, 41.0139], [-1.4492, 40.9702], [-1.4644, 40.9513], [-1.4751, 40.949], [-1.4944, 40.9553], [-1.5559, 40.9438], [-1.6219, 40.9468], [-1.7328, 41.026], [-1.7673, 41.065], [-1.9449, 41.1644], [-1.9719, 41.1699], [-2.0532, 41.1504], [-2.0837, 41.1719], [-2.1451, 41.1866], [-2.1592, 41.2692], [-2.1734, 41.2946], [-2.1719, 41.3278], [-2.1598, 41.3532], [-2.128, 41.3768], [-2.1163, 41.4314], [-2.0997, 41.4426], [-2.0521, 41.435], [-2.041, 41.4249], [-2.0408, 41.3947], [-2.0306, 41.3854], [-1.9459, 41.4155], [-1.9562, 41.4668], [-1.9753, 41.4911], [-1.9759, 41.5427], [-1.9902, 41.5818], [-1.9883, 41.5955], [-1.9646, 41.6087], [-1.9235, 41.603], [-1.8543, 41.6526], [-1.8159, 41.6617], [-1.7882, 41.7057], [-1.7855, 41.7193], [-1.8085, 41.7375], [-1.8459, 41.7907], [-1.8216, 41.8278], [-1.816, 41.8517], [-1.8369, 41.8741], [-1.8516, 41.9061], [-1.8577, 41.9548], [-1.8445, 41.982], [-1.8524, 42.0012], [-1.7677, 41.9906], [-1.732, 41.9647], [-1.7042, 41.9551], [-1.6572, 41.9622], [-1.6394, 41.9576], [-1.5559, 41.9116], [-1.4907, 41.9227], [-1.4147, 41.9108], [-1.3224, 42.0278], [-1.3124, 42.0543], [-1.3239, 42.0673], [-1.3507, 42.0727], [-1.3925, 42.1208], [-1.3966, 42.178], [-1.417, 42.2119], [-1.384, 42.3004], [-1.331, 42.358], [-1.3491, 42.3792], [-1.342, 42.4148], [-1.2727, 42.4876], [-1.2845, 42.5166], [-1.265, 42.5485], [-1.2197, 42.5506], [-1.2053, 42.5581], [-1.1958, 42.5753], [-1.1548, 42.6018], [-1.1723, 42.6135], [-1.1555, 42.6186], [-1.145, 42.6414], [-1.0757, 42.6454]], [[-1.1904, 42.4028], [-1.1656, 42.4119], [-1.1581, 42.4367], [-1.1639, 42.4409], [-1.1945, 42.4243], [-1.1904, 42.4028]], [[-1.0755, 42.4326], [-1.0672, 42.4458], [-1.0945, 42.4632], [-1.0986, 42.4822], [-1.1242, 42.4731], [-1.1342, 42.4467], [-1.0755, 42.4326]]]}}, {"type": "Feature", "properties": {"osm_type": "relation", "osm_id": 6426654, "name": "Rioja", "admin_level": "6", "iso": "ES-LO", "parent_iso": "ES", "parent_osm_id": 1311341}, "geometry": {"type": "Polygon", "coordinates": [[[-2.4061, 42.4971], [-2.3433, 42.483], [-2.2784, 42.4899], [-2.1914, 42.4429], [-2.0765, 42.4426], [-2.0553, 42.4284], [-2.0696, 42.4148], [-2.0556, 42.3991], [-1.9767, 42.393], [-1.9013, 42.3254], [-1.8635, 42.3049], [-1.8573, 42.2776], [-1.8293, 42.2776], [-1.6971, 42.2158], [-1.6882, 42.1431], [-1.7131, 42.1361], [-1.7446, 42.1466], [-1.7827, 42.1393], [-1.8146, 42.1469], [-1.8291, 42.1408], [-1.8961, 42.0761], [-1.9015, 42.0619], [-1.8906, 42.0253], [-1.8524, 42.0012], [-1.8445, 41.982], [-1.8577, 41.9548], [-1.9439, 41.9205], [-1.9779, 41.9205], [-2.0234, 41.9413], [-2.1054, 41.9571], [-2.1172, 41.9849], [-2.1041, 42.0013], [-2.1067, 42.0092], [-2.1494, 42.0508], [-2.149, 42.0648], [-2.1232, 42.0837], [-2.1278, 42.0967], [-2.1718, 42.1055], [-2.2563, 42.0894], [-2.2722, 42.1019], [-2.2812, 42.1299], [-2.2961, 42.1378], [-2.4105, 42.1386], [-2.4815, 42.1082], [-2.5084, 42.1103], [-2.5157, 42.0688], [-2.5421, 42.0464], [-2.5729, 42.0001], [-2.6718, 42.0005], [-2.7013, 42.0149], [-2.7436, 42.0225], [-2.7443, 42.0434], [-2.7123, 42.094], [-2.7172, 42.1142], [-2.7354, 42.1201], [-2.7622, 42.1181], [-2.7859, 42.1011], [-2.7975, 42.0778], [-2.7963, 42.056], [-2.8128, 42.0381], [-2.8709, 42.0147], [-2.9102, 42.0234], [-2.9176, 42.0572], [-2.9342, 42.0827], [-3.0263, 42.088], [-3.0552, 42.1253], [-3.0778, 42.1377], [-3.1204, 42.1963], [-3.1022, 42.2178], [-3.0879, 42.27], [-3.1079, 42.349], [-3.072, 42.3594], [-3.056, 42.3803], [-3.0582, 42.4259], [-3.0492, 42.4523], [-3.0832, 42.4915], [-3.07, 42.5291], [-3.0778, 42.5398], [-3.1152, 42.5408], [-3.0605, 42.5994], [-3.0758, 42.6257], [-3.0721, 42.6321], [-3.0142, 42.6409], [-2.9067, 42.6263], [-2.8373, 42.6441], [-2.836, 42.6215], [-2.8299, 42.6138], [-2.8162, 42.6202], [-2.8127, 42.6111], [-2.8268, 42.596], [-2.821, 42.5843], [-2.78, 42.5856], [-2.7618, 42.6145], [-2.734, 42.6157], [-2.6891, 42.5895], [-2.6847, 42.5378], [-2.6321, 42.5125], [-2.6179, 42.5077], [-2.5951, 42.5175], [-2.5851, 42.512], [-2.5835, 42.4967], [-2.5577, 42.5108], [-2.522, 42.5104], [-2.5288, 42.5172], [-2.524, 42.5251], [-2.5015, 42.5377], [-2.4917, 42.5201], [-2.462, 42.5073], [-2.4061, 42.4971]]]}}, {"type": "Feature", "properties": {"osm_type": "relation", "osm_id": 349011, "name": "\u00c1lava", "admin_level": "6", "iso": "ES-VI", "parent_iso": "ES", "parent_osm_id": 1311341}, "geometry": {"type": "Polygon", "coordinates": [[[-2.8299, 42.6138], [-2.8417, 42.6558], [-2.8525, 42.6654], [-3.0314, 42.7727], [-3.0635, 42.7853], [-3.1363, 42.7699], [-3.129, 42.7863], [-3.1477, 42.8037], [-3.1512, 42.8176], [-3.1125, 42.8683], [-3.1142, 42.8869], [-3.1302, 42.8886], [-3.1591, 42.8646], [-3.1957, 42.8603], [-3.2174, 42.8297], [-3.2801, 42.8804], [-3.2703, 42.9009], [-3.2241, 42.9438], [-3.1661, 42.9429], [-3.141, 42.9161], [-3.0847, 42.9055], [-3.0292, 42.9102], [-2.9791, 42.9336], [-2.9834, 42.951], [-3.0123, 42.9585], [-3.0396, 42.978], [-3.0394, 42.987], [-2.9993, 42.9895], [-2.9874, 43.0089], [-3.0229, 43.0313], [-3.0286, 43.0473], [-3.0553, 43.0431], [-3.0735, 43.014], [-3.0849, 43.0107], [-3.1651, 43.0267], [-3.1485, 43.0504], [-3.1418, 43.1041], [-3.1651, 43.1165], [-3.1726, 43.1314], [-3.1595, 43.1549], [-3.1418, 43.1651], [-3.1041, 43.1452], [-3.0433, 43.1547], [-3.0253, 43.1704], [-3.0154, 43.1998], [-2.9843, 43.2018], [-2.9504, 43.1735], [-2.9359, 43.1469], [-2.9568, 43.096], [-2.9483, 43.0839], [-2.8954, 43.0475], [-2.8512, 43.0469], [-2.7819, 43.0267], [-2.7384, 43.0332], [-2.6979, 43.0206], [-2.6679, 43.0272], [-2.6366, 43.0228], [-2.6298, 43.0355], [-2.6568, 43.0758], [-2.6225, 43.0877], [-2.6002, 43.0815], [-2.5465, 43.088], [-2.5337, 43.0345], [-2.5889, 43.0101], [-2.6028, 42.9824], [-2.559, 42.9628], [-2.5352, 42.9734], [-2.5031, 42.9606], [-2.3547, 42.9501], [-2.3084, 42.9286], [-2.2812, 42.901], [-2.253, 42.9001], [-2.2391, 42.8583], [-2.2423, 42.8392], [-2.2744, 42.791], [-2.2794, 42.7509], [-2.3204, 42.729], [-2.312, 42.6829], [-2.2959, 42.6779], [-2.2927, 42.6631], [-2.3481, 42.6381], [-2.3659, 42.6379], [-2.3853, 42.6561], [-2.4087, 42.6602], [-2.4927, 42.6093], [-2.4881, 42.5899], [-2.4501, 42.576], [-2.4213, 42.5988], [-2.4007, 42.5907], [-2.394, 42.565], [-2.4061, 42.4971], [-2.462, 42.5073], [-2.4917, 42.5201], [-2.5015, 42.5377], [-2.524, 42.5251], [-2.5288, 42.5172], [-2.522, 42.5104], [-2.5577, 42.5108], [-2.5835, 42.4967], [-2.5851, 42.512], [-2.5951, 42.5175], [-2.6179, 42.5077], [-2.6847, 42.5378], [-2.6891, 42.5895], [-2.734, 42.6157], [-2.7618, 42.6145], [-2.78, 42.5856], [-2.813, 42.5808], [-2.8268, 42.5902], [-2.8127, 42.6111], [-2.8162, 42.6202], [-2.8299, 42.6138]], [[-2.6263, 42.7732], [-2.7261, 42.7951], [-2.8166, 42.794], [-2.8329, 42.7873], [-2.8702, 42.7447], [-2.8141, 42.7029], [-2.7524, 42.6818], [-2.6341, 42.6548], [-2.5569, 42.6534], [-2.526, 42.6447], [-2.5129, 42.6534], [-2.5258, 42.6895], [-2.5661, 42.6745], [-2.6008, 42.7044], [-2.5982, 42.7132], [-2.5713, 42.7252], [-2.5561, 42.7564], [-2.6015, 42.7761], [-2.6263, 42.7732]]]}}, {"type": "Feature", "properties": {"osm_type": "relation", "osm_id": 348989, "name": "Albacete", "admin_level": "6", "iso": "ES-AB", "parent_iso": "ES", "parent_osm_id": 1311341}, "geometry": {"type": "Polygon", "coordinates": [[[-1.0221, 38.6545], [-1.1053, 38.7075], [-1.1199, 38.7401], [-1.1742, 38.7541], [-1.2432, 38.7381], [-1.2782, 38.7116], [-1.3342, 38.6867], [-1.3453, 38.6866], [-1.3635, 38.7013], [-1.3858, 38.6969], [-1.4336, 38.6558], [-1.4503, 38.6277], [-1.4543, 38.5897], [-1.4851, 38.5629], [-1.502, 38.5349], [-1.4857, 38.4837], [-1.481, 38.3883], [-1.5673, 38.3262], [-1.6267, 38.3114], [-1.6546, 38.3147], [-1.6819, 38.3316], [-1.6819, 38.3576], [-1.6909, 38.3702], [-1.7505, 38.3803], [-1.7911, 38.3669], [-1.7957, 38.3539], [-1.9262, 38.291], [-1.9928, 38.2795], [-2.0234, 38.299], [-2.0429, 38.2984], [-2.1274, 38.2352], [-2.1703, 38.2238], [-2.2119, 38.1959], [-2.2505, 38.1363], [-2.3242, 38.0624], [-2.3385, 38.0265], [-2.3612, 38.0243], [-2.4658, 38.0494], [-2.5474, 38.0806], [-2.4448, 38.1882], [-2.4489, 38.2223], [-2.4373, 38.2331], [-2.4303, 38.2588], [-2.4401, 38.2828], [-2.4776, 38.3081], [-2.4887, 38.3987], [-2.5572, 38.4145], [-2.5715, 38.4276], [-2.5738, 38.502], [-2.6263, 38.5108], [-2.6752, 38.5002], [-2.756, 38.5331], [-2.7469, 38.5469], [-2.7655, 38.5737], [-2.751, 38.6055], [-2.7285, 38.6246], [-2.6793, 38.6355], [-2.6453, 38.7074], [-2.6438, 38.7261], [-2.6818, 38.7771], [-2.7318, 38.7901], [-2.7492, 38.8113], [-2.7624, 38.8808], [-2.7995, 38.9079], [-2.8478, 38.9055], [-2.8706, 38.9121], [-2.8821, 38.9313], [-2.8798, 38.9455], [-2.8074, 39.0538], [-2.8098, 39.0845], [-2.8427, 39.1344], [-2.7222, 39.2686], [-2.7421, 39.318], [-2.6622, 39.3218], [-2.6193, 39.34], [-2.5678, 39.3269], [-2.5294, 39.3276], [-2.5112, 39.342], [-2.3739, 39.2329], [-2.3492, 39.2789], [-2.3211, 39.2837], [-2.2888, 39.2267], [-2.1684, 39.281], [-2.049, 39.2668], [-2.0907, 39.3595], [-2.0208, 39.352], [-2.029, 39.3379], [-1.9899, 39.2937], [-1.887, 39.3046], [-1.8451, 39.2861], [-1.77, 39.2806], [-1.7394, 39.3211], [-1.501, 39.422], [-1.487, 39.4196], [-1.4555, 39.3942], [-1.4457, 39.3669], [-1.4062, 39.3706], [-1.3291, 39.3379], [-1.1777, 39.3041], [-1.1703, 39.2883], [-1.1786, 39.2206], [-1.2018, 39.1704], [-1.2269, 39.1468], [-1.255, 39.0961], [-1.2621, 39.0737], [-1.2558, 39.0473], [-1.1344, 38.938], [-1.121, 38.9326], [-1.0379, 38.9373], [-0.9813, 38.9495], [-0.9592, 38.94], [-0.9265, 38.8955], [-0.9209, 38.8862], [-0.9262, 38.8553], [-0.9126, 38.8198], [-0.9205, 38.7918], [-0.9491, 38.7773], [-0.9537, 38.7626], [-0.9423, 38.7312], [-0.9035, 38.6851], [-0.9571, 38.6588], [-1.0221, 38.6545]]]}}, {"type": "Feature", "properties": {"osm_type": "relation", "osm_id": 349002, "name": "Teruel", "admin_level": "6", "iso": "ES-TE", "parent_iso": "ES", "parent_osm_id": 1311341}, "geometry": {"type": "Polygon", "coordinates": [[[-1.1455, 39.9723], [-1.1627, 40.0115], [-1.0841, 40.0393], [-1.0767, 40.059], [-1.093, 40.077], [-1.1511, 40.1101], [-1.2347, 40.123], [-1.2461, 40.1449], [-1.2715, 40.1627], [-1.3008, 40.2032], [-1.32, 40.1874], [-1.3245, 40.1493], [-1.3641, 40.1396], [-1.4485, 40.1498], [-1.4373, 40.1788], [-1.4444, 40.1967], [-1.5417, 40.1979], [-1.6601, 40.283], [-1.6852, 40.2933], [-1.719, 40.2898], [-1.7206, 40.3354], [-1.7793, 40.3922], [-1.8083, 40.402], [-1.7414, 40.4673], [-1.6998, 40.4933], [-1.6986, 40.5424], [-1.6778, 40.5853], [-1.6369, 40.5843], [-1.5957, 40.5698], [-1.5699, 40.5781], [-1.5512, 40.5951], [-1.5542, 40.6258], [-1.5374, 40.663], [-1.5371, 40.6841], [-1.5567, 40.7354], [-1.5388, 40.7768], [-1.5414, 40.8098], [-1.5936, 40.8508], [-1.6088, 40.8719], [-1.6102, 40.9277], [-1.6219, 40.9468], [-1.4644, 40.9513], [-1.4492, 40.9702], [-1.4582, 41.0139], [-1.4227, 41.0325], [-1.3933, 41.0703], [-1.3697, 41.0733], [-1.3292, 41.0547], [-1.2702, 41.0542], [-1.254, 41.0714], [-1.2665, 41.1079], [-1.2469, 41.1339], [-1.2144, 41.1371], [-1.1587, 41.1223], [-1.1225, 41.1364], [-1.1008, 41.1611], [-1.0006, 41.1148], [-0.9952, 41.0969], [-0.9543, 41.079], [-0.9383, 41.0824], [-0.8835, 41.1303], [-0.8236, 41.0929], [-0.8012, 41.0936], [-0.7622, 41.1613], [-0.7403, 41.1563], [-0.694, 41.1126], [-0.6101, 41.1917], [-0.6426, 41.2384], [-0.6255, 41.2483], [-0.6289, 41.3204], [-0.6198, 41.326], [-0.6015, 41.3196], [-0.5326, 41.2325], [-0.5167, 41.228], [-0.5102, 41.2373], [-0.5218, 41.2765], [-0.5644, 41.3363], [-0.5625, 41.3465], [-0.5505, 41.353], [-0.4856, 41.3518], [-0.4708, 41.3222], [-0.4402, 41.3143], [-0.4059, 41.2724], [-0.3372, 41.2415], [-0.3132, 41.2555], [-0.2686, 41.215], [-0.0362, 41.1341], [-0.0169, 41.1217], [0.021, 41.0542], [0.0396, 41.0486], [0.0725, 41.0771], [0.1192, 41.0764], [0.167, 41.0651], [0.2165, 41.0706], [0.2278, 41.0432], [0.2742, 41.0189], [0.2897, 40.9825], [0.2855, 40.9593], [0.2604, 40.9221], [0.2496, 40.8886], [0.2713, 40.8214], [0.2274, 40.7717], [0.1675, 40.7432], [0.173, 40.7309], [0.0932, 40.7195], [0.0362, 40.6967], [0.0182, 40.7261], [-0.0745, 40.7308], [-0.1522, 40.7749], [-0.1839, 40.7794], [-0.2234, 40.7453], [-0.2341, 40.6948], [-0.3045, 40.6633], [-0.3458, 40.6739], [-0.3773, 40.6602], [-0.3746, 40.6182], [-0.334, 40.6053], [-0.2944, 40.6058], [-0.2979, 40.5137], [-0.2806, 40.4999], [-0.2722, 40.4757], [-0.3237, 40.457], [-0.3399, 40.4427], [-0.3355, 40.4278], [-0.2891, 40.3892], [-0.2865, 40.3717], [-0.3317, 40.3457], [-0.3909, 40.2956], [-0.3914, 40.2639], [-0.4059, 40.2511], [-0.4955, 40.2305], [-0.5344, 40.2404], [-0.55, 40.2351], [-0.5523, 40.2003], [-0.57, 40.1535], [-0.6177, 40.1071], [-0.6143, 40.0717], [-0.6839, 40.0444], [-0.7539, 40.0398], [-0.7751, 40.0014], [-0.8244, 39.9815], [-0.8387, 39.9526], [-0.8325, 39.9194], [-0.7913, 39.8775], [-0.847, 39.8553], [-0.8781, 39.8522], [-0.9024, 39.8654], [-0.9121, 39.9064], [-0.9048, 39.9346], [-0.9231, 39.956], [-1.0003, 39.9792], [-1.0535, 39.9788], [-1.1294, 39.964], [-1.1455, 39.9723]]]}}, {"type": "Feature", "properties": {"osm_type": "relation", "osm_id": 349024, "name": "Cuenca", "admin_level": "6", "iso": "ES-CU", "parent_iso": "ES", "parent_osm_id": 1311341}, "geometry": {"type": "Polygon", "coordinates": [[[-1.1627, 40.0115], [-1.1455, 39.9723], [-1.1962, 39.9506], [-1.2066, 39.9386], [-1.1968, 39.9182], [-1.2029, 39.8633], [-1.2256, 39.7963], [-1.267, 39.7435], [-1.2655, 39.6938], [-1.2759, 39.6806], [-1.3017, 39.671], [-1.372, 39.6836], [-1.4275, 39.6452], [-1.4632, 39.5902], [-1.5032, 39.5529], [-1.4984, 39.4961], [-1.5075, 39.4868], [-1.5183, 39.446], [-1.501, 39.422], [-1.7394, 39.3211], [-1.77, 39.2806], [-1.8451, 39.2861], [-1.887, 39.3046], [-1.9899, 39.2937], [-2.029, 39.3379], [-2.0208, 39.352], [-2.0907, 39.3595], [-2.049, 39.2668], [-2.1684, 39.281], [-2.2888, 39.2267], [-2.3211, 39.2837], [-2.3492, 39.2789], [-2.3739, 39.2329], [-2.5112, 39.342], [-2.5294, 39.3276], [-2.5678, 39.3269], [-2.6193, 39.34], [-2.6622, 39.3218], [-2.7421, 39.318], [-2.7891, 39.3976], [-2.8307, 39.3551], [-2.8825, 39.351], [-2.8966, 39.3667], [-2.8698, 39.3904], [-2.9072, 39.4302], [-2.9312, 39.4714], [-2.9254, 39.6018], [-2.9082, 39.6423], [-2.9995, 39.7219], [-3.0153, 39.7645], [-3.0407, 39.7875], [-3.0596, 39.8376], [-3.0963, 39.8691], [-3.1251, 39.8781], [-3.097, 39.9333], [-3.0966, 39.9868], [-3.1426, 39.9851], [-3.1701, 40.0483], [-3.1635, 40.0662], [-3.0938, 40.0726], [-3.0687, 40.0906], [-3.0622, 40.1053], [-3.087, 40.1547], [-3.0637, 40.1684], [-3.0143, 40.1553], [-3.0198, 40.1931], [-2.9981, 40.2092], [-2.947, 40.1698], [-2.9128, 40.1576], [-2.8923, 40.1647], [-2.8662, 40.1979], [-2.8163, 40.2099], [-2.801, 40.2665], [-2.8154, 40.3254], [-2.8077, 40.4069], [-2.7699, 40.4213], [-2.7229, 40.3973], [-2.6795, 40.4332], [-2.6269, 40.4531], [-2.5753, 40.4479], [-2.5074, 40.4208], [-2.5019, 40.4431], [-2.535, 40.4698], [-2.5287, 40.4989], [-2.5488, 40.5267], [-2.5414, 40.5405], [-2.5278, 40.5441], [-2.5005, 40.5162], [-2.488, 40.513], [-2.4321, 40.5356], [-2.3979, 40.5287], [-2.3876, 40.5392], [-2.3901, 40.5502], [-2.4166, 40.5891], [-2.4004, 40.6108], [-2.3202, 40.5724], [-2.2929, 40.5948], [-2.287, 40.6442], [-2.1947, 40.6238], [-2.1694, 40.6338], [-2.157, 40.6588], [-2.1457, 40.6598], [-2.0857, 40.6411], [-2.0311, 40.5994], [-1.9935, 40.5875], [-1.9555, 40.5991], [-1.9299, 40.5927], [-1.8916, 40.533], [-1.8564, 40.4288], [-1.7621, 40.3783], [-1.7206, 40.3354], [-1.719, 40.2898], [-1.6852, 40.2933], [-1.6601, 40.283], [-1.5417, 40.1979], [-1.4444, 40.1967], [-1.4381, 40.1716], [-1.4523, 40.1307], [-1.4129, 40.1048], [-1.3783, 40.0221], [-1.3695, 40.0163], [-1.243, 39.9974], [-1.1627, 40.0115]]]}}, {"type": "Feature", "properties": {"osm_type": "relation", "osm_id": 348982, "name": "Toledo", "admin_level": "6", "iso": "ES-TO", "parent_iso": "ES", "parent_osm_id": 1311341}, "geometry": {"type": "Polygon", "coordinates": [[[-5.3862, 39.881], [-5.391, 39.9204], [-5.3741, 39.9948], [-5.3704, 40.0683], [-5.3576, 40.1053], [-5.328, 40.1159], [-5.2303, 40.1065], [-5.1906, 40.0894], [-5.1668, 40.0888], [-5.1412, 40.0948], [-5.0696, 40.1435], [-5.0213, 40.1552], [-5.0031, 40.1171], [-4.9662, 40.1179], [-4.9224, 40.1403], [-4.9035, 40.174], [-4.827, 40.2176], [-4.8008, 40.2657], [-4.7108, 40.2758], [-4.6949, 40.2695], [-4.6869, 40.2243], [-4.672, 40.2067], [-4.6255, 40.1976], [-4.5719, 40.212], [-4.5493, 40.2006], [-4.5206, 40.1988], [-4.4397, 40.2392], [-4.3659, 40.3095], [-4.3499, 40.2983], [-4.3512, 40.2694], [-4.341, 40.2493], [-4.296, 40.2208], [-4.2729, 40.2314], [-4.2341, 40.2689], [-4.1747, 40.2837], [-4.1326, 40.2518], [-4.098, 40.2455], [-4.0573, 40.2583], [-4.0266, 40.2468], [-3.999, 40.2216], [-3.8536, 40.1827], [-3.828, 40.1642], [-3.7938, 40.165], [-3.7587, 40.1378], [-3.6733, 40.1319], [-3.6141, 40.1065], [-3.6116, 40.0816], [-3.6337, 40.0434], [-3.6706, 40.0275], [-3.7171, 39.9894], [-3.7786, 39.9537], [-3.853, 39.9379], [-3.8739, 39.9267], [-3.8257, 39.8954], [-3.7977, 39.896], [-3.7359, 39.939], [-3.6387, 39.9683], [-3.6327, 39.9917], [-3.5267, 40.0232], [-3.5021, 40.0487], [-3.4062, 40.0456], [-3.3718, 40.0574], [-3.3419, 40.0446], [-3.2882, 40.0532], [-3.1873, 40.0884], [-3.1694, 40.0804], [-3.1635, 40.0662], [-3.1701, 40.0483], [-3.1426, 39.9851], [-3.0966, 39.9868], [-3.097, 39.9333], [-3.1251, 39.8781], [-3.0963, 39.8691], [-3.0596, 39.8376], [-3.0407, 39.7875], [-3.0153, 39.7645], [-2.9995, 39.7219], [-2.9082, 39.6423], [-2.9254, 39.6018], [-2.9312, 39.4714], [-2.9779, 39.4446], [-3.0225, 39.457], [-3.0695, 39.4501], [-3.1433, 39.4954], [-3.1845, 39.4879], [-3.1852, 39.4742], [-3.2942, 39.4707], [-3.3055, 39.4625], [-3.3267, 39.4102], [-3.3988, 39.405], [-3.4703, 39.3722], [-3.4769, 39.3431], [-3.5561, 39.2991], [-3.5867, 39.3077], [-3.679, 39.295], [-3.7222, 39.2699], [-3.7358, 39.2696], [-3.7804, 39.2944], [-3.8143, 39.2845], [-3.8416, 39.2597], [-3.876, 39.2621], [-3.9024, 39.2803], [-3.9669, 39.2985], [-3.9721, 39.3523], [-4.0733, 39.3654], [-4.1062, 39.3423], [-4.1458, 39.3679], [-4.1278, 39.409], [-4.1183, 39.457], [-4.0798, 39.4519], [-4.0606, 39.4736], [-4.0632, 39.4912], [-4.0783, 39.5097], [-4.0755, 39.5221], [-4.0415, 39.5389], [-4.0417, 39.5754], [-4.1244, 39.5637], [-4.1587, 39.5768], [-4.1927, 39.4982], [-4.2421, 39.4779], [-4.4268, 39.5088], [-4.4509, 39.4893], [-4.4761, 39.4862], [-4.499, 39.5027], [-4.5122, 39.5485], [-4.5384, 39.5481], [-4.5538, 39.5394], [-4.5678, 39.4975], [-4.6002, 39.4829], [-4.6182, 39.4543], [-4.6927, 39.4498], [-4.7036, 39.4384], [-4.753, 39.4182], [-4.7661, 39.4344], [-4.7421, 39.4777], [-4.754, 39.5022], [-4.7749, 39.5194], [-4.8627, 39.556], [-4.8985, 39.517], [-4.9444, 39.3919], [-4.9844, 39.421], [-5.0392, 39.4781], [-5.0792, 39.4928], [-5.1964, 39.5877], [-5.1976, 39.5996], [-5.1574, 39.6497], [-5.1406, 39.7124], [-5.1654, 39.7472], [-5.1592, 39.7718], [-5.1681, 39.7929], [-5.2087, 39.7927], [-5.2603, 39.7523], [-5.3081, 39.7583], [-5.3169, 39.7719], [-5.3143, 39.7934], [-5.3078, 39.8269], [-5.2893, 39.8617], [-5.3215, 39.8875], [-5.3862, 39.881]]]}}, {"type": "Feature", "properties": {"osm_type": "relation", "osm_id": 349010, "name": "Le\u00f3n", "admin_level": "6", "iso": "ES-LE", "parent_iso": "ES", "parent_osm_id": 1311341}, "geometry": {"type": "Polygon", "coordinates": [[[-4.8984, 43.2385], [-4.8594, 43.2234], [-4.8319, 43.1887], [-4.836, 43.1351], [-4.8279, 43.1081], [-4.7705, 43.0786], [-4.7387, 43.0481], [-4.7269, 43.0159], [-4.7892, 42.9898], [-4.8003, 42.9752], [-4.8134, 42.9257], [-4.8476, 42.9024], [-4.8657, 42.8605], [-4.8902, 42.8626], [-4.9003, 42.8546], [-4.9037, 42.7796], [-4.9321, 42.74], [-4.881, 42.7048], [-4.8981, 42.6691], [-4.8953, 42.6216], [-4.9144, 42.5448], [-4.888, 42.5369], [-4.9113, 42.3815], [-4.9727, 42.3743], [-4.9796, 42.3379], [-4.9425, 42.3465], [-4.9549, 42.296], [-5.0022, 42.2892], [-5.0383, 42.297], [-5.0417, 42.2675], [-5.064, 42.2737], [-5.0938, 42.3094], [-5.1124, 42.3062], [-5.1704, 42.2679], [-5.1948, 42.2621], [-5.2298, 42.2693], [-5.2653, 42.2182], [-5.3092, 42.2041], [-5.3612, 42.225], [-5.3815, 42.2148], [-5.3872, 42.1952], [-5.3769, 42.1343], [-5.3874, 42.083], [-5.3763, 42.0414], [-5.4216, 42.0308], [-5.5208, 42.097], [-5.5417, 42.098], [-5.5534, 42.063], [-5.6247, 42.0836], [-5.6251, 42.1112], [-5.6433, 42.1287], [-5.6796, 42.1402], [-5.6769, 42.1203], [-5.7431, 42.1135], [-5.7551, 42.1368], [-5.8382, 42.1186], [-5.8694, 42.122], [-5.893, 42.1505], [-5.9036, 42.1511], [-5.9153, 42.1375], [-5.9559, 42.1258], [-6.045, 42.1577], [-6.2147, 42.1505], [-6.2795, 42.1778], [-6.3115, 42.2081], [-6.3395, 42.2001], [-6.4278, 42.202], [-6.4906, 42.1842], [-6.5578, 42.2071], [-6.6163, 42.2056], [-6.6442, 42.2156], [-6.7056, 42.2172], [-6.7832, 42.2529], [-6.7406, 42.2982], [-6.7357, 42.3411], [-6.7554, 42.3627], [-6.8391, 42.4101], [-6.813, 42.4389], [-6.8088, 42.464], [-6.8211, 42.4851], [-6.8926, 42.4998], [-6.92, 42.5128], [-6.9831, 42.4948], [-7.071, 42.5035], [-7.0601, 42.5486], [-7.0428, 42.5776], [-7.0443, 42.6171], [-7.0143, 42.6413], [-7.0362, 42.6759], [-7.0377, 42.6982], [-7.0212, 42.7181], [-6.9657, 42.747], [-6.9286, 42.7501], [-6.8633, 42.8084], [-6.8539, 42.8294], [-6.8605, 42.8745], [-6.8283, 42.9148], [-6.7953, 42.9109], [-6.7635, 42.8928], [-6.7011, 42.9245], [-6.6357, 42.9273], [-6.5621, 42.9167], [-6.5016, 42.9297], [-6.4448, 42.9577], [-6.4504, 42.9681], [-6.4763, 42.9769], [-6.4803, 42.9879], [-6.4187, 43.0005], [-6.3928, 43.0422], [-6.3649, 43.0514], [-6.2344, 43.0144], [-6.2217, 43.0201], [-6.2128, 43.0389], [-6.1997, 43.041], [-6.122, 43.0279], [-6.1024, 43.0348], [-6.0883, 43.0621], [-6.0791, 43.0651], [-6.0168, 43.0573], [-5.9878, 43.0623], [-5.9713, 43.0514], [-5.9547, 43.0176], [-5.9187, 42.9988], [-5.8448, 42.9717], [-5.7893, 42.9724], [-5.7699, 42.9816], [-5.73, 43.0406], [-5.7052, 43.0488], [-5.6652, 43.0483], [-5.541, 43.0218], [-5.4908, 43.0286], [-5.4734, 43.0511], [-5.3985, 43.0565], [-5.374, 43.0897], [-5.3075, 43.0855], [-5.212, 43.094], [-5.1596, 43.1132], [-5.1181, 43.1086], [-5.0955, 43.1283], [-5.0824, 43.158], [-5.0629, 43.1788], [-5.0083, 43.1929], [-4.8984, 43.2385]], [[-5.3193, 42.245], [-5.3032, 42.2521], [-5.3092, 42.2932], [-5.3483, 42.2782], [-5.3484, 42.261], [-5.3372, 42.2466], [-5.3193, 42.245]]]}}, {"type": "Feature", "properties": {"osm_type": "relation", "osm_id": 349005, "name": "Soria", "admin_level": "6", "iso": "ES-SO", "parent_iso": "ES", "parent_osm_id": 1311341}, "geometry": {"type": "Polygon", "coordinates": [[[-1.8577, 41.9548], [-1.8516, 41.9061], [-1.8369, 41.8741], [-1.816, 41.8517], [-1.8216, 41.8278], [-1.8459, 41.7907], [-1.8085, 41.7375], [-1.7855, 41.7193], [-1.7882, 41.7057], [-1.8159, 41.6617], [-1.8543, 41.6526], [-1.9235, 41.603], [-1.9646, 41.6087], [-1.9883, 41.5955], [-1.9902, 41.5818], [-1.9759, 41.5427], [-1.9753, 41.4911], [-1.9562, 41.4668], [-1.9459, 41.4155], [-2.0306, 41.3854], [-2.0408, 41.3947], [-2.0452, 41.4308], [-2.0997, 41.4426], [-2.1196, 41.4237], [-2.128, 41.3768], [-2.1598, 41.3532], [-2.1719, 41.3278], [-2.1734, 41.2946], [-2.1592, 41.2692], [-2.1451, 41.1866], [-2.0837, 41.1719], [-2.0532, 41.1504], [-2.0618, 41.11], [-2.0573, 41.085], [-2.0653, 41.0769], [-2.1371, 41.1183], [-2.1776, 41.0907], [-2.237, 41.089], [-2.2884, 41.0675], [-2.3269, 41.0652], [-2.3645, 41.0807], [-2.4225, 41.0654], [-2.4604, 41.0797], [-2.4814, 41.1138], [-2.5056, 41.1247], [-2.5228, 41.1526], [-2.5321, 41.1572], [-2.5672, 41.1456], [-2.5863, 41.1496], [-2.5795, 41.1724], [-2.61, 41.1917], [-2.5886, 41.21], [-2.5919, 41.222], [-2.6183, 41.2201], [-2.6558, 41.2409], [-2.6981, 41.248], [-2.7281, 41.2728], [-2.7518, 41.2739], [-2.7813, 41.261], [-2.8059, 41.2599], [-2.8441, 41.2679], [-2.8639, 41.2787], [-2.8796, 41.3146], [-2.8972, 41.3214], [-2.9298, 41.3163], [-2.96, 41.2914], [-3.0489, 41.2809], [-3.1988, 41.3012], [-3.3437, 41.388], [-3.341, 41.4571], [-3.4147, 41.4796], [-3.4244, 41.5122], [-3.4374, 41.5246], [-3.4565, 41.5304], [-3.4828, 41.5228], [-3.5236, 41.5407], [-3.5417, 41.5778], [-3.5409, 41.6009], [-3.5277, 41.6075], [-3.4597, 41.5894], [-3.3935, 41.6907], [-3.3585, 41.6934], [-3.3544, 41.7373], [-3.2795, 41.7673], [-3.2864, 41.8552], [-3.2721, 41.8654], [-3.253, 41.8637], [-3.2287, 41.8404], [-3.1948, 41.8269], [-3.1714, 41.7929], [-3.0754, 41.8832], [-3.0168, 41.8868], [-2.9991, 41.9264], [-2.9738, 41.9308], [-2.9643, 41.9625], [-2.9323, 42.0181], [-2.9102, 42.0234], [-2.8709, 42.0147], [-2.8128, 42.0381], [-2.7963, 42.056], [-2.7975, 42.0778], [-2.7859, 42.1011], [-2.7622, 42.1181], [-2.7252, 42.1178], [-2.7126, 42.1013], [-2.7157, 42.0799], [-2.7342, 42.0641], [-2.7475, 42.036], [-2.7436, 42.0225], [-2.7013, 42.0149], [-2.6718, 42.0005], [-2.5729, 42.0001], [-2.5421, 42.0464], [-2.5157, 42.0688], [-2.5084, 42.1103], [-2.4815, 42.1082], [-2.4105, 42.1386], [-2.2961, 42.1378], [-2.2812, 42.1299], [-2.2722, 42.1019], [-2.2563, 42.0894], [-2.1718, 42.1055], [-2.1278, 42.0967], [-2.1232, 42.0837], [-2.149, 42.0648], [-2.1494, 42.0508], [-2.1067, 42.0092], [-2.1161, 41.9781], [-2.1106, 41.9634], [-2.0952, 41.9527], [-2.0234, 41.9413], [-1.9679, 41.9184], [-1.9225, 41.9257], [-1.8577, 41.9548]]]}}, {"type": "Feature", "properties": {"osm_type": "relation", "osm_id": 349004, "name": "Burgos", "admin_level": "6", "iso": "ES-BU", "parent_iso": "ES", "parent_osm_id": 1311341}, "geometry": {"type": "MultiPolygon", "coordinates": [[[[-2.8373, 42.6441], [-2.9067, 42.6263], [-3.0142, 42.6409], [-3.0721, 42.6321], [-3.0758, 42.6257], [-3.0605, 42.5994], [-3.1139, 42.5484], [-3.1107, 42.5368], [-3.0724, 42.5352], [-3.0707, 42.521], [-3.0832, 42.4915], [-3.0492, 42.4523], [-3.0582, 42.4259], [-3.056, 42.3803], [-3.072, 42.3594], [-3.1094, 42.3435], [-3.0996, 42.3325], [-3.0879, 42.27], [-3.1022, 42.2178], [-3.1204, 42.1963], [-3.0778, 42.1377], [-3.0552, 42.1253], [-3.0263, 42.088], [-2.9342, 42.0827], [-2.9176, 42.0572], [-2.9102, 42.0234], [-2.9323, 42.0181], [-2.9643, 41.9625], [-2.9738, 41.9308], [-2.9991, 41.9264], [-3.0168, 41.8868], [-3.0754, 41.8832], [-3.1714, 41.7929], [-3.1948, 41.8269], [-3.2287, 41.8404], [-3.253, 41.8637], [-3.2721, 41.8654], [-3.2864, 41.8552], [-3.2795, 41.7673], [-3.3544, 41.7373], [-3.3585, 41.6934], [-3.3935, 41.6907], [-3.4597, 41.5894], [-3.5277, 41.6075], [-3.5409, 41.6009], [-3.5417, 41.5778], [-3.5729, 41.5654], [-3.6233, 41.5736], [-3.6728, 41.5592], [-3.6909, 41.5359], [-3.7272, 41.5141], [-3.7291, 41.4577], [-3.7699, 41.4601], [-3.786, 41.5021], [-3.8358, 41.4999], [-3.889, 41.5471], [-3.9806, 41.5832], [-3.993, 41.6087], [-4.0304, 41.6306], [-4.0314, 41.7011], [-4.0558, 41.7408], [-4.0379, 41.7898], [-4.0901, 41.831], [-4.0887, 41.8705], [-4.0533, 41.8697], [-3.9981, 41.8857], [-3.9859, 41.8973], [-3.9761, 41.9301], [-3.9011, 41.9506], [-3.8932, 41.9628], [-3.8962, 41.9843], [-3.9151, 41.9929], [-4.006, 41.9573], [-4.0246, 41.9575], [-4.029, 41.9765], [-3.9727, 42.0308], [-3.9783, 42.0485], [-4.0799, 42.0401], [-4.1042, 42.0616], [-4.1203, 42.1282], [-4.2054, 42.1347], [-4.191, 42.1811], [-4.2381, 42.2144], [-4.235, 42.2291], [-4.2727, 42.3856], [-4.3175, 42.3825], [-4.327, 42.3907], [-4.3306, 42.4387], [-4.3159, 42.4563], [-4.3025, 42.4594], [-4.2439, 42.4553], [-4.2462, 42.492], [-4.2632, 42.536], [-4.3042, 42.5688], [-4.2826, 42.576], [-4.2939, 42.6052], [-4.274, 42.6169], [-4.285, 42.676], [-4.2668, 42.7054], [-4.2452, 42.6924], [-4.2184, 42.7047], [-4.1855, 42.7363], [-4.1459, 42.7516], [-4.1171, 42.7374], [-4.1034, 42.7388], [-4.0858, 42.7631], [-4.0472, 42.7701], [-4.0189, 42.8163], [-4.0028, 42.8236], [-4.0002, 42.7698], [-3.9652, 42.7625], [-3.9174, 42.7735], [-3.883, 42.7971], [-3.8309, 42.7999], [-3.8158, 42.81], [-3.8314, 42.8723], [-3.8621, 42.872], [-3.8853, 42.8512], [-3.9046, 42.8615], [-3.9092, 42.8803], [-3.8982, 42.8986], [-3.8697, 42.9], [-3.8341, 42.9216], [-3.8485, 42.941], [-3.8646, 42.9479], [-3.8813, 42.9439], [-3.902, 42.9204], [-3.9461, 42.9044], [-3.9807, 42.9185], [-3.9836, 42.9403], [-3.9511, 43.0006], [-3.8961, 43.0332], [-3.8549, 43.0477], [-3.8427, 43.0573], [-3.8383, 43.0847], [-3.7662, 43.0934], [-3.7211, 43.118], [-3.6478, 43.1762], [-3.519, 43.1438], [-3.452, 43.1389], [-3.3624, 43.1579], [-3.2683, 43.1999], [-3.2525, 43.2004], [-3.2297, 43.187], [-3.1515, 43.1814], [-3.1418, 43.1651], [-3.1595, 43.1549], [-3.1726, 43.1314], [-3.1651, 43.1165], [-3.1418, 43.1041], [-3.1485, 43.0504], [-3.1651, 43.0267], [-3.0849, 43.0107], [-3.0735, 43.014], [-3.0553, 43.0431], [-3.0286, 43.0473], [-3.0229, 43.0313], [-2.9874, 43.0089], [-2.9993, 42.9895], [-3.0394, 42.987], [-3.0396, 42.978], [-3.0123, 42.9585], [-2.9834, 42.951], [-2.9791, 42.9336], [-3.0292, 42.9102], [-3.0847, 42.9055], [-3.141, 42.9161], [-3.1661, 42.9429], [-3.2241, 42.9438], [-3.2703, 42.9009], [-3.2801, 42.8804], [-3.2174, 42.8297], [-3.1957, 42.8603], [-3.1591, 42.8646], [-3.1302, 42.8886], [-3.1142, 42.8869], [-3.1125, 42.8683], [-3.1512, 42.8176], [-3.1477, 42.8037], [-3.129, 42.7863], [-3.1363, 42.7699], [-3.0635, 42.7853], [-3.0314, 42.7727], [-2.8525, 42.6654], [-2.8373, 42.6441]], [[-4.0738, 42.1338], [-4.054, 42.1395], [-4.0544, 42.1573], [-4.0707, 42.172], [-4.0931, 42.1724], [-4.103, 42.1601], [-4.1, 42.1452], [-4.0738, 42.1338]]], [[[-2.7528, 42.797], [-2.6389, 42.7742], [-2.6015, 42.7761], [-2.5781, 42.7605], [-2.5592, 42.7594], [-2.5578, 42.7482], [-2.5713, 42.7252], [-2.5982, 42.7132], [-2.6008, 42.7044], [-2.5661, 42.6745], [-2.5258, 42.6895], [-2.5153, 42.6493], [-2.5382, 42.6434], [-2.5569, 42.6534], [-2.6341, 42.6548], [-2.7524, 42.6818], [-2.8408, 42.7178], [-2.8702, 42.7447], [-2.8329, 42.7873], [-2.7528, 42.797]]]]}}, {"type": "Feature", "properties": {"osm_type": "relation", "osm_id": 349009, "name": "\u00c1vila", "admin_level": "6", "iso": "ES-AV", "parent_iso": "ES", "parent_osm_id": 1311341}, "geometry": {"type": "Polygon", "coordinates": [[[-4.6394, 40.1971], [-4.6841, 40.2171], [-4.7, 40.2756], [-4.8008, 40.2657], [-4.827, 40.2176], [-4.9035, 40.174], [-4.9224, 40.1403], [-4.9517, 40.1228], [-5.0031, 40.1171], [-5.0145, 40.1509], [-5.0323, 40.1548], [-5.0696, 40.1435], [-5.1412, 40.0948], [-5.1906, 40.0894], [-5.2303, 40.1065], [-5.328, 40.1159], [-5.3615, 40.1648], [-5.3647, 40.2097], [-5.35, 40.2455], [-5.3546, 40.2552], [-5.4236, 40.2431], [-5.4863, 40.2013], [-5.5398, 40.1974], [-5.6038, 40.2194], [-5.6586, 40.2659], [-5.7277, 40.294], [-5.6751, 40.3588], [-5.6946, 40.4141], [-5.6877, 40.4246], [-5.617, 40.4677], [-5.5905, 40.4736], [-5.5752, 40.4668], [-5.5733, 40.4481], [-5.5494, 40.4265], [-5.5204, 40.4192], [-5.5091, 40.4286], [-5.5154, 40.4557], [-5.4784, 40.4601], [-5.4672, 40.4685], [-5.4365, 40.5478], [-5.5118, 40.5483], [-5.5173, 40.5829], [-5.4474, 40.5865], [-5.4135, 40.5995], [-5.3855, 40.6197], [-5.363, 40.6744], [-5.2439, 40.74], [-5.2175, 40.7724], [-5.1796, 40.7929], [-5.1615, 40.8185], [-5.1625, 40.8681], [-5.1114, 40.9148], [-5.1275, 40.9542], [-5.0974, 40.9854], [-5.1045, 41.0281], [-5.1472, 41.0502], [-5.1515, 41.0833], [-5.1251, 41.132], [-5.0937, 41.1439], [-5.0599, 41.1385], [-4.9986, 41.1608], [-4.8566, 41.0975], [-4.7941, 41.136], [-4.7015, 41.155], [-4.7139, 41.0906], [-4.6994, 41.068], [-4.6427, 41.029], [-4.6018, 40.9676], [-4.5636, 40.9463], [-4.5455, 40.8757], [-4.5598, 40.8306], [-4.5467, 40.824], [-4.5108, 40.8329], [-4.4874, 40.824], [-4.4751, 40.7831], [-4.4446, 40.7514], [-4.4195, 40.6334], [-4.3439, 40.6469], [-4.3219, 40.6579], [-4.2584, 40.6616], [-4.2763, 40.6927], [-4.261, 40.6989], [-4.1852, 40.6957], [-4.1613, 40.6873], [-4.1713, 40.6299], [-4.1844, 40.6164], [-4.2421, 40.6028], [-4.2663, 40.6114], [-4.2789, 40.6276], [-4.2903, 40.6216], [-4.2845, 40.5841], [-4.2933, 40.5659], [-4.319, 40.544], [-4.3152, 40.4693], [-4.3287, 40.4326], [-4.3248, 40.4133], [-4.3749, 40.4047], [-4.4012, 40.4095], [-4.4188, 40.4025], [-4.4315, 40.3893], [-4.4403, 40.3502], [-4.4695, 40.3201], [-4.4964, 40.3165], [-4.5321, 40.3384], [-4.538, 40.325], [-4.5298, 40.2967], [-4.5497, 40.2631], [-4.5581, 40.2292], [-4.5719, 40.212], [-4.6394, 40.1971]]]}}, {"type": "Feature", "properties": {"osm_type": "relation", "osm_id": 349032, "name": "Palencia", "admin_level": "6", "iso": "ES-P", "parent_iso": "ES", "parent_osm_id": 1311341}, "geometry": {"type": "MultiPolygon", "coordinates": [[[[-4.0858, 42.7631], [-4.1034, 42.7388], [-4.1171, 42.7374], [-4.1459, 42.7516], [-4.1591, 42.7488], [-4.1855, 42.7363], [-4.2184, 42.7047], [-4.2452, 42.6924], [-4.2668, 42.7054], [-4.2829, 42.686], [-4.274, 42.6169], [-4.2939, 42.6052], [-4.2826, 42.576], [-4.3042, 42.5688], [-4.2632, 42.536], [-4.2462, 42.492], [-4.2439, 42.4553], [-4.3159, 42.4563], [-4.3306, 42.4387], [-4.3308, 42.4056], [-4.3175, 42.3825], [-4.2727, 42.3856], [-4.235, 42.2291], [-4.2381, 42.2144], [-4.191, 42.1811], [-4.2054, 42.1347], [-4.1203, 42.1282], [-4.1042, 42.0616], [-4.0799, 42.0401], [-3.9885, 42.0515], [-3.9709, 42.0398], [-4.029, 41.9765], [-4.0246, 41.9575], [-4.006, 41.9573], [-3.9151, 41.9929], [-3.8962, 41.9843], [-3.8932, 41.9628], [-3.9011, 41.9506], [-3.9761, 41.9301], [-3.9859, 41.8973], [-3.9981, 41.8857], [-4.0533, 41.8697], [-4.0887, 41.8705], [-4.0901, 41.831], [-4.0379, 41.7898], [-4.041, 41.7682], [-4.0994, 41.7744], [-4.123, 41.8074], [-4.1515, 41.7984], [-4.2401, 41.8043], [-4.3121, 41.7716], [-4.3997, 41.781], [-4.4435, 41.7633], [-4.4937, 41.7802], [-4.492, 41.8386], [-4.5211, 41.8231], [-4.5723, 41.8159], [-4.6326, 41.8633], [-4.6406, 41.8865], [-4.6601, 41.8974], [-4.6934, 41.8897], [-4.7586, 41.8259], [-4.7891, 41.818], [-4.8382, 41.8986], [-4.8691, 41.9316], [-4.9278, 41.9151], [-4.9497, 41.934], [-4.9868, 41.9134], [-5.005, 41.938], [-4.9639, 42.0066], [-4.9441, 42.0183], [-4.9455, 42.0543], [-4.928, 42.0716], [-4.9221, 42.0919], [-4.9274, 42.1502], [-5.027, 42.154], [-5.0145, 42.1846], [-5.0191, 42.2303], [-5.0022, 42.2892], [-4.9549, 42.296], [-4.9425, 42.3465], [-4.9796, 42.3379], [-4.9727, 42.3743], [-4.9113, 42.3815], [-4.8881, 42.518], [-4.888, 42.5369], [-4.9144, 42.5448], [-4.8953, 42.6216], [-4.8981, 42.6691], [-4.881, 42.7048], [-4.9321, 42.74], [-4.9037, 42.7796], [-4.9003, 42.8546], [-4.8902, 42.8626], [-4.8657, 42.8605], [-4.8476, 42.9024], [-4.8134, 42.9257], [-4.8003, 42.9752], [-4.7892, 42.9898], [-4.7269, 43.0159], [-4.5524, 43.0239], [-4.4629, 43.0509], [-4.434, 43.048], [-4.4008, 43.0333], [-4.3704, 42.9928], [-4.3566, 42.9854], [-4.2399, 42.9502], [-4.2214, 42.8502], [-4.2013, 42.8423], [-4.1745, 42.857], [-4.1412, 42.8588], [-4.1355, 42.8395], [-4.1847, 42.8235], [-4.1852, 42.812], [-4.1586, 42.7935], [-4.1104, 42.786], [-4.0858, 42.7631]]], [[[-4.083, 42.1745], [-4.0599, 42.166], [-4.054, 42.1395], [-4.0738, 42.1338], [-4.0968, 42.1411], [-4.103, 42.1601], [-4.083, 42.1745]]]]}}, {"type": "Feature", "properties": {"osm_type": "relation", "osm_id": 349019, "name": "Ciudad Real", "admin_level": "6", "iso": "ES-CR", "parent_iso": "ES", "parent_osm_id": 1311341}, "geometry": {"type": "MultiPolygon", "coordinates": [[[[-2.7421, 39.318], [-2.7222, 39.2686], [-2.8427, 39.1344], [-2.8098, 39.0845], [-2.8074, 39.0538], [-2.8798, 38.9455], [-2.8821, 38.9313], [-2.8706, 38.9121], [-2.8478, 38.9055], [-2.7995, 38.9079], [-2.7624, 38.8808], [-2.7492, 38.8113], [-2.7318, 38.7901], [-2.6818, 38.7771], [-2.6507, 38.7422], [-2.6453, 38.7074], [-2.6793, 38.6355], [-2.7285, 38.6246], [-2.751, 38.6055], [-2.7655, 38.5737], [-2.7469, 38.5469], [-2.756, 38.5331], [-2.879, 38.4606], [-2.9131, 38.4747], [-2.9508, 38.4745], [-2.9927, 38.452], [-3.0009, 38.4301], [-3.0606, 38.4826], [-3.1373, 38.4528], [-3.2596, 38.4667], [-3.3228, 38.4824], [-3.3619, 38.4733], [-3.3959, 38.4264], [-3.4573, 38.4048], [-3.5191, 38.4133], [-3.5381, 38.4436], [-3.5536, 38.4502], [-3.5768, 38.4435], [-3.5887, 38.4077], [-3.6071, 38.4017], [-3.7784, 38.4273], [-3.8231, 38.4152], [-3.8397, 38.3926], [-3.8937, 38.3816], [-4.1776, 38.3906], [-4.2561, 38.4028], [-4.2748, 38.388], [-4.2755, 38.3509], [-4.3018, 38.3501], [-4.4601, 38.4009], [-4.5431, 38.4729], [-4.6105, 38.497], [-4.6327, 38.5235], [-4.704, 38.5594], [-4.728, 38.5798], [-4.8493, 38.6149], [-4.8659, 38.635], [-4.8735, 38.6807], [-4.946, 38.6837], [-4.9792, 38.6944], [-5.0366, 38.7284], [-4.9979, 38.7358], [-4.9814, 38.7496], [-4.9475, 38.8394], [-4.9197, 38.8772], [-4.8958, 38.8881], [-4.8457, 38.892], [-4.8363, 38.9285], [-4.8401, 38.9396], [-4.9206, 38.9641], [-4.9541, 39.0456], [-4.9286, 39.0515], [-4.8773, 39.0326], [-4.8347, 39.0476], [-4.8336, 39.0629], [-4.864, 39.0816], [-4.8674, 39.1061], [-4.847, 39.1655], [-4.8068, 39.1988], [-4.7273, 39.1965], [-4.6584, 39.1739], [-4.7157, 39.2321], [-4.7536, 39.2974], [-4.7568, 39.3165], [-4.7109, 39.3441], [-4.6814, 39.4001], [-4.6779, 39.4176], [-4.6927, 39.4498], [-4.6182, 39.4543], [-4.6002, 39.4829], [-4.5678, 39.4975], [-4.5538, 39.5394], [-4.5384, 39.5481], [-4.5122, 39.5485], [-4.499, 39.5027], [-4.4761, 39.4862], [-4.4509, 39.4893], [-4.4268, 39.5088], [-4.2421, 39.4779], [-4.1927, 39.4982], [-4.1587, 39.5768], [-4.1244, 39.5637], [-4.0417, 39.5754], [-4.0415, 39.5389], [-4.0755, 39.5221], [-4.0783, 39.5097], [-4.0632, 39.4912], [-4.0606, 39.4736], [-4.0798, 39.4519], [-4.1183, 39.457], [-4.1278, 39.409], [-4.1458, 39.3679], [-4.1062, 39.3423], [-4.0733, 39.3654], [-3.9721, 39.3523], [-3.9669, 39.2985], [-3.9024, 39.2803], [-3.876, 39.2621], [-3.8416, 39.2597], [-3.8143, 39.2845], [-3.7804, 39.2944], [-3.7358, 39.2696], [-3.7222, 39.2699], [-3.679, 39.295], [-3.5867, 39.3077], [-3.5561, 39.2991], [-3.4769, 39.3431], [-3.4703, 39.3722], [-3.3988, 39.405], [-3.3267, 39.4102], [-3.3055, 39.4625], [-3.2942, 39.4707], [-3.1852, 39.4742], [-3.1845, 39.4879], [-3.1433, 39.4954], [-3.0695, 39.4501], [-3.0225, 39.457], [-2.9779, 39.4446], [-2.9312, 39.4714], [-2.9072, 39.4302], [-2.8698, 39.3904], [-2.8966, 39.3667], [-2.8825, 39.351], [-2.8307, 39.3551], [-2.7891, 39.3976], [-2.7421, 39.318]]], [[[-4.8627, 39.556], [-4.7749, 39.5194], [-4.754, 39.5022], [-4.7421, 39.4777], [-4.7661, 39.4344], [-4.753, 39.4182], [-4.767, 39.4046], [-4.8801, 39.3669], [-4.9444, 39.3919], [-4.8985, 39.517], [-4.8627, 39.556]]]]}}, {"type": "Feature", "properties": {"osm_type": "relation", "osm_id": 349016, "name": "C\u00f3rdoba", "admin_level": "6", "iso": "ES-CO", "parent_iso": "ES", "parent_osm_id": 1311341}, "geometry": {"type": "Polygon", "coordinates": [[[-4.0009, 37.4021], [-4.0764, 37.4035], [-4.1547, 37.3489], [-4.2172, 37.3504], [-4.2355, 37.3272], [-4.2371, 37.2964], [-4.2634, 37.2604], [-4.2552, 37.2295], [-4.3203, 37.1866], [-4.3263, 37.2027], [-4.3722, 37.2155], [-4.3835, 37.2775], [-4.4449, 37.2775], [-4.4806, 37.2388], [-4.5393, 37.2113], [-4.5963, 37.2216], [-4.6138, 37.2552], [-4.6532, 37.2559], [-4.6707, 37.2991], [-4.6772, 37.3408], [-4.6919, 37.3546], [-4.7106, 37.3616], [-4.7634, 37.3288], [-4.7838, 37.3304], [-4.8221, 37.3582], [-4.8499, 37.4107], [-4.8849, 37.4381], [-4.8875, 37.4626], [-4.9083, 37.4948], [-4.9439, 37.5202], [-4.928, 37.5837], [-4.9323, 37.6025], [-4.9552, 37.6184], [-4.9555, 37.648], [-4.9665, 37.6709], [-5.0021, 37.704], [-5.0524, 37.7083], [-5.105, 37.6909], [-5.1294, 37.6656], [-5.1525, 37.6619], [-5.1911, 37.6696], [-5.2768, 37.6245], [-5.3444, 37.61], [-5.3801, 37.6118], [-5.401, 37.631], [-5.414, 37.6739], [-5.39, 37.6976], [-5.3111, 37.6979], [-5.3097, 37.7734], [-5.3412, 37.7923], [-5.3496, 37.8306], [-5.3601, 37.8418], [-5.4045, 37.8668], [-5.4218, 37.9407], [-5.4786, 37.9813], [-5.4961, 38.0428], [-5.5818, 38.1156], [-5.581, 38.1351], [-5.5334, 38.1676], [-5.5173, 38.2229], [-5.5229, 38.2707], [-5.547, 38.3161], [-5.5671, 38.3363], [-5.56, 38.3724], [-5.5758, 38.3943], [-5.5694, 38.4253], [-5.5493, 38.4408], [-5.4882, 38.4646], [-5.4498, 38.5004], [-5.4196, 38.5158], [-5.4003, 38.5491], [-5.3624, 38.5839], [-5.3068, 38.5855], [-5.2881, 38.6125], [-5.2558, 38.6344], [-5.1808, 38.666], [-5.1673, 38.6934], [-5.1705, 38.7138], [-5.0366, 38.7284], [-4.9792, 38.6944], [-4.946, 38.6837], [-4.8735, 38.6807], [-4.8659, 38.635], [-4.8493, 38.6149], [-4.728, 38.5798], [-4.704, 38.5594], [-4.6327, 38.5235], [-4.6105, 38.497], [-4.5431, 38.4729], [-4.4601, 38.4009], [-4.4057, 38.3796], [-4.2435, 38.3393], [-4.2146, 38.2893], [-4.21, 38.235], [-4.168, 38.1808], [-4.1683, 38.1368], [-4.193, 38.1276], [-4.2503, 38.0611], [-4.2638, 38.0191], [-4.2843, 38.0037], [-4.261, 37.9635], [-4.2838, 37.8205], [-4.2688, 37.799], [-4.2307, 37.7746], [-4.2282, 37.7333], [-4.2198, 37.7161], [-4.172, 37.6972], [-4.1712, 37.6794], [-4.209, 37.6408], [-4.2131, 37.6263], [-4.1822, 37.6125], [-4.156, 37.5776], [-4.1101, 37.5378], [-4.0866, 37.4865], [-4.0375, 37.4563], [-4.0009, 37.4021]]]}}, {"type": "Feature", "properties": {"osm_type": "relation", "osm_id": 349025, "name": "Guadalajara", "admin_level": "6", "iso": "ES-GU", "parent_iso": "ES", "parent_osm_id": 1311341}, "geometry": {"type": "Polygon", "coordinates": [[[-1.9828, 40.5872], [-2.0311, 40.5994], [-2.0857, 40.6411], [-2.1457, 40.6598], [-2.157, 40.6588], [-2.1694, 40.6338], [-2.1947, 40.6238], [-2.287, 40.6442], [-2.2929, 40.5948], [-2.3202, 40.5724], [-2.4004, 40.6108], [-2.4136, 40.5985], [-2.4161, 40.5801], [-2.3901, 40.5502], [-2.3915, 40.5311], [-2.4321, 40.5356], [-2.488, 40.513], [-2.5005, 40.5162], [-2.5278, 40.5441], [-2.5454, 40.5372], [-2.5445, 40.5164], [-2.5287, 40.4989], [-2.535, 40.4698], [-2.5019, 40.4431], [-2.5074, 40.4208], [-2.5753, 40.4479], [-2.6269, 40.4531], [-2.6795, 40.4332], [-2.7229, 40.3973], [-2.7699, 40.4213], [-2.8077, 40.4069], [-2.8154, 40.3254], [-2.801, 40.2665], [-2.8163, 40.2099], [-2.8237, 40.2041], [-2.8662, 40.1979], [-2.8923, 40.1647], [-2.9128, 40.1576], [-2.947, 40.1698], [-2.9981, 40.2092], [-3.0198, 40.1931], [-3.0143, 40.1553], [-3.0637, 40.1684], [-3.0728, 40.1576], [-3.0831, 40.2277], [-3.1038, 40.2699], [-3.1248, 40.2749], [-3.1711, 40.2425], [-3.1859, 40.2495], [-3.1879, 40.2743], [-3.178, 40.3126], [-3.1531, 40.3362], [-3.1387, 40.3947], [-3.1571, 40.4254], [-3.1965, 40.4435], [-3.2045, 40.513], [-3.2485, 40.5415], [-3.293, 40.5355], [-3.288, 40.5537], [-3.2931, 40.5685], [-3.326, 40.5978], [-3.3182, 40.6463], [-3.3555, 40.6497], [-3.3892, 40.6864], [-3.4046, 40.6773], [-3.4343, 40.6755], [-3.4588, 40.695], [-3.4397, 40.7232], [-3.4464, 40.7614], [-3.4599, 40.7788], [-3.4887, 40.7855], [-3.4984, 40.7962], [-3.48, 40.8232], [-3.4698, 40.863], [-3.4474, 40.8805], [-3.4516, 40.907], [-3.4123, 40.9892], [-3.4098, 41.0122], [-3.4365, 41.0774], [-3.484, 41.095], [-3.5416, 41.1442], [-3.5458, 41.1618], [-3.5196, 41.1622], [-3.4421, 41.2065], [-3.4113, 41.2136], [-3.4065, 41.244], [-3.4169, 41.2641], [-3.3398, 41.2536], [-3.2492, 41.2666], [-3.2198, 41.293], [-3.1988, 41.3012], [-3.0838, 41.2808], [-2.9823, 41.2872], [-2.944, 41.2991], [-2.9298, 41.3163], [-2.9097, 41.3221], [-2.8796, 41.3146], [-2.8639, 41.2787], [-2.8441, 41.2679], [-2.8059, 41.2599], [-2.7813, 41.261], [-2.7518, 41.2739], [-2.7281, 41.2728], [-2.6981, 41.248], [-2.6558, 41.2409], [-2.6183, 41.2201], [-2.5919, 41.222], [-2.5886, 41.21], [-2.61, 41.1917], [-2.5795, 41.1724], [-2.5863, 41.1496], [-2.5672, 41.1456], [-2.5321, 41.1572], [-2.5228, 41.1526], [-2.5056, 41.1247], [-2.4814, 41.1138], [-2.4604, 41.0797], [-2.4225, 41.0654], [-2.3645, 41.0807], [-2.3269, 41.0652], [-2.2884, 41.0675], [-2.237, 41.089], [-2.1776, 41.0907], [-2.1371, 41.1183], [-2.0653, 41.0769], [-2.0573, 41.085], [-2.0618, 41.11], [-2.0532, 41.1504], [-1.9719, 41.1699], [-1.9449, 41.1644], [-1.7673, 41.065], [-1.7328, 41.026], [-1.6219, 40.9468], [-1.6102, 40.9277], [-1.6088, 40.8719], [-1.5936, 40.8508], [-1.5414, 40.8098], [-1.5388, 40.7768], [-1.557, 40.7252], [-1.5397, 40.6944], [-1.5374, 40.663], [-1.5542, 40.6258], [-1.5512, 40.5951], [-1.5699, 40.5781], [-1.5957, 40.5698], [-1.6369, 40.5843], [-1.6778, 40.5853], [-1.6986, 40.5424], [-1.6998, 40.4933], [-1.7414, 40.4673], [-1.8083, 40.402], [-1.8564, 40.4288], [-1.8916, 40.533], [-1.9299, 40.5927], [-1.9555, 40.5991], [-1.9828, 40.5872]]]}}, {"type": "Feature", "properties": {"osm_type": "relation", "osm_id": 348998, "name": "Ja\u00e9n", "admin_level": "6", "iso": "ES-J", "parent_iso": "ES", "parent_osm_id": 1311341}, "geometry": {"type": "Polygon", "coordinates": [[[-2.5474, 38.0806], [-2.6025, 38.062], [-2.5983, 38.0057], [-2.6708, 37.9615], [-2.6996, 37.9726], [-2.7863, 37.9124], [-2.8897, 37.7743], [-2.9002, 37.7482], [-2.9021, 37.6657], [-2.9762, 37.6327], [-2.9834, 37.6015], [-3.0513, 37.6129], [-3.0908, 37.596], [-3.1873, 37.6359], [-3.2234, 37.6393], [-3.2518, 37.633], [-3.3151, 37.5778], [-3.3993, 37.5641], [-3.424, 37.5685], [-3.4683, 37.6063], [-3.4915, 37.6164], [-3.5071, 37.6133], [-3.6272, 37.5294], [-3.6831, 37.5181], [-3.7919, 37.4663], [-3.8413, 37.3863], [-3.9508, 37.3784], [-4.0009, 37.4021], [-4.0375, 37.4563], [-4.0866, 37.4865], [-4.1101, 37.5378], [-4.156, 37.5776], [-4.1822, 37.6125], [-4.2131, 37.6263], [-4.209, 37.6408], [-4.1712, 37.6794], [-4.172, 37.6972], [-4.2198, 37.7161], [-4.2282, 37.7333], [-4.2307, 37.7746], [-4.2688, 37.799], [-4.2838, 37.8205], [-4.261, 37.9635], [-4.2843, 38.0037], [-4.2638, 38.0191], [-4.2503, 38.0611], [-4.193, 38.1276], [-4.1683, 38.1368], [-4.168, 38.1808], [-4.21, 38.235], [-4.2146, 38.2893], [-4.2412, 38.3376], [-4.2755, 38.3509], [-4.2748, 38.388], [-4.2561, 38.4028], [-4.1776, 38.3906], [-3.8937, 38.3816], [-3.8397, 38.3926], [-3.8231, 38.4152], [-3.7784, 38.4273], [-3.6071, 38.4017], [-3.5887, 38.4077], [-3.5768, 38.4435], [-3.5536, 38.4502], [-3.5381, 38.4436], [-3.5191, 38.4133], [-3.4573, 38.4048], [-3.3959, 38.4264], [-3.3619, 38.4733], [-3.3228, 38.4824], [-3.2596, 38.4667], [-3.1373, 38.4528], [-3.0606, 38.4826], [-3.0009, 38.4301], [-2.9927, 38.452], [-2.9666, 38.4686], [-2.9235, 38.4763], [-2.879, 38.4606], [-2.756, 38.5331], [-2.6752, 38.5002], [-2.5988, 38.5099], [-2.5714, 38.4999], [-2.574, 38.4346], [-2.5674, 38.4228], [-2.4887, 38.3987], [-2.4776, 38.3081], [-2.4401, 38.2828], [-2.4306, 38.2656], [-2.4348, 38.2389], [-2.4489, 38.2223], [-2.4448, 38.1882], [-2.5474, 38.0806]]]}}, {"type": "Feature", "properties": {"osm_type": "relation", "osm_id": 6426653, "name": "Community of Madrid", "admin_level": "6", "iso": "ES-M", "parent_iso": "ES", "parent_osm_id": 1311341}, "geometry": {"type": "MultiPolygon", "coordinates": [[[[-4.2763, 40.6927], [-4.2584, 40.6616], [-4.3219, 40.6579], [-4.3185, 40.6824], [-4.2993, 40.6962], [-4.2763, 40.6927]]], [[[-3.0728, 40.1576], [-3.0841, 40.1586], [-3.0857, 40.1457], [-3.063, 40.0981], [-3.0938, 40.0726], [-3.1635, 40.0662], [-3.1694, 40.0804], [-3.1873, 40.0884], [-3.2882, 40.0532], [-3.3419, 40.0446], [-3.3718, 40.0574], [-3.4062, 40.0456], [-3.5021, 40.0487], [-3.5267, 40.0232], [-3.6327, 39.9917], [-3.6387, 39.9683], [-3.7359, 39.939], [-3.8097, 39.8935], [-3.8573, 39.9109], [-3.8739, 39.9267], [-3.853, 39.9379], [-3.7786, 39.9537], [-3.7171, 39.9894], [-3.6706, 40.0275], [-3.6337, 40.0434], [-3.6104, 40.0868], [-3.6104, 40.1016], [-3.6245, 40.1132], [-3.6733, 40.1319], [-3.7587, 40.1378], [-3.7938, 40.165], [-3.828, 40.1642], [-3.8536, 40.1827], [-3.999, 40.2216], [-4.0266, 40.2468], [-4.0573, 40.2583], [-4.098, 40.2455], [-4.1326, 40.2518], [-4.1747, 40.2837], [-4.2341, 40.2689], [-4.2729, 40.2314], [-4.296, 40.2208], [-4.341, 40.2493], [-4.3512, 40.2694], [-4.3499, 40.2983], [-4.3659, 40.3095], [-4.4397, 40.2392], [-4.5112, 40.2028], [-4.533, 40.198], [-4.5719, 40.212], [-4.5316, 40.2893], [-4.5376, 40.3341], [-4.525, 40.339], [-4.4964, 40.3165], [-4.4695, 40.3201], [-4.4403, 40.3502], [-4.4315, 40.3893], [-4.4188, 40.4025], [-4.4012, 40.4095], [-4.3749, 40.4047], [-4.3248, 40.4133], [-4.3287, 40.4326], [-4.3152, 40.4693], [-4.319, 40.544], [-4.2886, 40.5729], [-4.286, 40.6268], [-4.2421, 40.6028], [-4.174, 40.6229], [-4.1613, 40.6873], [-4.0901, 40.7691], [-4.0598, 40.7841], [-4.0187, 40.7794], [-3.9841, 40.7887], [-3.9499, 40.8731], [-3.9479, 40.9083], [-3.9021, 40.9585], [-3.7962, 40.9915], [-3.743, 41.0518], [-3.6849, 41.0847], [-3.6239, 41.1394], [-3.5922, 41.1541], [-3.5458, 41.1618], [-3.5416, 41.1442], [-3.484, 41.095], [-3.4365, 41.0774], [-3.4098, 41.0122], [-3.4123, 40.9892], [-3.4516, 40.907], [-3.4474, 40.8805], [-3.4698, 40.863], [-3.48, 40.8232], [-3.4984, 40.7962], [-3.4887, 40.7855], [-3.4599, 40.7788], [-3.4464, 40.7614], [-3.4397, 40.7232], [-3.4588, 40.695], [-3.4343, 40.6755], [-3.4046, 40.6773], [-3.3892, 40.6864], [-3.3555, 40.6497], [-3.3182, 40.6463], [-3.326, 40.5978], [-3.2931, 40.5685], [-3.288, 40.5537], [-3.293, 40.5355], [-3.2485, 40.5415], [-3.2045, 40.513], [-3.1965, 40.4435], [-3.1571, 40.4254], [-3.1387, 40.3947], [-3.1531, 40.3362], [-3.178, 40.3126], [-3.1879, 40.2743], [-3.1859, 40.2495], [-3.1711, 40.2425], [-3.1248, 40.2749], [-3.1038, 40.2699], [-3.0831, 40.2277], [-3.0728, 40.1576]]]]}}, {"type": "Feature", "properties": {"osm_type": "relation", "osm_id": 349007, "name": "Segovia", "admin_level": "6", "iso": "ES-SG", "parent_iso": "ES", "parent_osm_id": 1311341}, "geometry": {"type": "Polygon", "coordinates": [[[-4.1613, 40.6873], [-4.2458, 40.7008], [-4.2763, 40.6927], [-4.2993, 40.6962], [-4.3185, 40.6824], [-4.3219, 40.6579], [-4.3439, 40.6469], [-4.4195, 40.6334], [-4.4446, 40.7514], [-4.4751, 40.7831], [-4.4874, 40.824], [-4.5108, 40.8329], [-4.5467, 40.824], [-4.5598, 40.8306], [-4.5455, 40.8757], [-4.5636, 40.9463], [-4.6018, 40.9676], [-4.6427, 41.029], [-4.6994, 41.068], [-4.7139, 41.0906], [-4.7015, 41.155], [-4.6505, 41.1999], [-4.6508, 41.2216], [-4.5791, 41.2788], [-4.607, 41.298], [-4.597, 41.3207], [-4.5575, 41.3025], [-4.5342, 41.3194], [-4.4714, 41.2916], [-4.4723, 41.3092], [-4.4956, 41.3411], [-4.4961, 41.364], [-4.5149, 41.4096], [-4.4865, 41.4089], [-4.4075, 41.4419], [-4.365, 41.4388], [-4.3242, 41.451], [-4.2524, 41.452], [-4.0149, 41.5139], [-3.9915, 41.5402], [-3.9806, 41.5832], [-3.889, 41.5471], [-3.8358, 41.4999], [-3.786, 41.5021], [-3.7699, 41.4601], [-3.7291, 41.4577], [-3.7272, 41.5141], [-3.6909, 41.5359], [-3.6728, 41.5592], [-3.6233, 41.5736], [-3.5729, 41.5654], [-3.5417, 41.5778], [-3.5236, 41.5407], [-3.4828, 41.5228], [-3.4565, 41.5304], [-3.4374, 41.5246], [-3.4244, 41.5122], [-3.4147, 41.4796], [-3.341, 41.4571], [-3.3437, 41.388], [-3.1988, 41.3012], [-3.2198, 41.293], [-3.2492, 41.2666], [-3.3398, 41.2536], [-3.4169, 41.2641], [-3.4065, 41.244], [-3.4113, 41.2136], [-3.4421, 41.2065], [-3.5196, 41.1622], [-3.5922, 41.1541], [-3.6239, 41.1394], [-3.6849, 41.0847], [-3.743, 41.0518], [-3.7871, 40.9968], [-3.9021, 40.9585], [-3.9479, 40.9083], [-3.9499, 40.8731], [-3.9841, 40.7887], [-4.0187, 40.7794], [-4.0598, 40.7841], [-4.0796, 40.7765], [-4.1613, 40.6873]]]}}, {"type": "Feature", "properties": {"osm_type": "relation", "osm_id": 349001, "name": "Valladolid", "admin_level": "6", "iso": "ES-VA", "parent_iso": "ES", "parent_osm_id": 1311341}, "geometry": {"type": "MultiPolygon", "coordinates": [[[[-5.5208, 42.097], [-5.4216, 42.0308], [-5.4384, 41.9673], [-5.4847, 41.9844], [-5.4717, 42.0064], [-5.5077, 42.0575], [-5.5208, 42.097]]], [[[-5.3092, 42.2932], [-5.3032, 42.2521], [-5.3372, 42.2466], [-5.3484, 42.261], [-5.3483, 42.2782], [-5.3092, 42.2932]]], [[[-3.9806, 41.5832], [-3.9915, 41.5402], [-4.0149, 41.5139], [-4.2524, 41.452], [-4.3242, 41.451], [-4.365, 41.4388], [-4.4075, 41.4419], [-4.4865, 41.4089], [-4.5149, 41.4096], [-4.4961, 41.364], [-4.4956, 41.3411], [-4.4723, 41.3092], [-4.4714, 41.2916], [-4.5342, 41.3194], [-4.5575, 41.3025], [-4.597, 41.3207], [-4.607, 41.298], [-4.5791, 41.2788], [-4.6508, 41.2216], [-4.6505, 41.1999], [-4.7015, 41.155], [-4.7941, 41.136], [-4.8566, 41.0975], [-4.9986, 41.1608], [-5.0599, 41.1385], [-5.0937, 41.1439], [-5.1251, 41.132], [-5.1745, 41.1654], [-5.2228, 41.1703], [-5.2531, 41.1968], [-5.2888, 41.1821], [-5.3255, 41.178], [-5.3403, 41.1941], [-5.3083, 41.2182], [-5.2944, 41.2528], [-5.3024, 41.3055], [-5.3279, 41.3435], [-5.3212, 41.4114], [-5.3393, 41.4332], [-5.3386, 41.466], [-5.3197, 41.4923], [-5.2644, 41.5034], [-5.2287, 41.5284], [-5.2898, 41.563], [-5.2944, 41.5725], [-5.2789, 41.5972], [-5.314, 41.6142], [-5.323, 41.6308], [-5.3269, 41.6703], [-5.3692, 41.7194], [-5.3912, 41.761], [-5.2796, 41.8133], [-5.3079, 41.8712], [-5.2969, 41.9091], [-5.3039, 41.9553], [-5.2805, 41.9789], [-5.3763, 42.0414], [-5.3874, 42.083], [-5.3769, 42.1343], [-5.3872, 42.1952], [-5.3815, 42.2148], [-5.3612, 42.225], [-5.3092, 42.2041], [-5.2653, 42.2182], [-5.2298, 42.2693], [-5.1948, 42.2621], [-5.1704, 42.2679], [-5.1124, 42.3062], [-5.0938, 42.3094], [-5.064, 42.2737], [-5.0417, 42.2675], [-5.0383, 42.297], [-5.0022, 42.2892], [-5.0191, 42.2303], [-5.0145, 42.1846], [-5.027, 42.154], [-4.9274, 42.1502], [-4.9221, 42.0919], [-4.928, 42.0716], [-4.9455, 42.0543], [-4.9441, 42.0183], [-4.9639, 42.0066], [-5.005, 41.938], [-4.9868, 41.9134], [-4.9497, 41.934], [-4.9278, 41.9151], [-4.8691, 41.9316], [-4.8382, 41.8986], [-4.7891, 41.818], [-4.7586, 41.8259], [-4.6934, 41.8897], [-4.6601, 41.8974], [-4.6406, 41.8865], [-4.6326, 41.8633], [-4.5723, 41.8159], [-4.5211, 41.8231], [-4.492, 41.8386], [-4.4937, 41.7802], [-4.4435, 41.7633], [-4.3997, 41.781], [-4.3121, 41.7716], [-4.2401, 41.8043], [-4.1515, 41.7984], [-4.123, 41.8074], [-4.0994, 41.7744], [-4.041, 41.7682], [-4.0558, 41.7408], [-4.0314, 41.7011], [-4.0304, 41.6306], [-3.993, 41.6087], [-3.9806, 41.5832]]]]}}]}