{"type": "FeatureCollection", "features": [{"type": "Feature", "properties": {"osm_type": "relation", "osm_id": 2502058, "name": "French Guiana", "admin_level": "4", "iso": "FR-GF", "parent_iso": "FR", "parent_osm_id": 2202162}, "geometry": {"type": "Polygon", "coordinates": [[[-54.2112, 3.1274], [-54.1766, 3.2006], [-54.1143, 3.2854], [-54.0802, 3.3097], [-54.0557, 3.3777], [-54.0194, 3.4154], [-54.003, 3.4554], [-54.0063, 3.531], [-53.9888, 3.611], [-54.0179, 3.6415], [-54.0501, 3.6345], [-54.074, 3.6761], [-54.0944, 3.7471], [-54.1255, 3.7887], [-54.1874, 3.8147], [-54.2145, 3.8582], [-54.2411, 3.8764], [-54.2658, 3.9225], [-54.2931, 3.9498], [-54.3102, 3.9942], [-54.3539, 4.0417], [-54.3552, 4.0665], [-54.3347, 4.1317], [-54.3386, 4.1523], [-54.3949, 4.1779], [-54.4106, 4.2086], [-54.3932, 4.2444], [-54.3941, 4.2698], [-54.403, 4.3129], [-54.4334, 4.3764], [-54.4508, 4.4842], [-54.448, 4.5095], [-54.4235, 4.5634], [-54.4235, 4.6043], [-54.4377, 4.6487], [-54.4355, 4.7094], [-54.4473, 4.7279], [-54.4754, 4.7417], [-54.4787, 4.7552], [-54.4787, 4.8787], [-54.4867, 4.903], [-54.4508, 4.9367], [-54.4576, 4.9913], [-54.4486, 5.0243], [-54.3756, 5.1149], [-54.3654, 5.1388], [-54.3436, 5.1564], [-54.332, 5.1962], [-54.3113, 5.2258], [-54.171, 5.3484], [-54.1067, 5.3812], [-54.0611, 5.4365], [-54.0072, 5.5582], [-53.9919, 5.6613], [-53.9444, 5.7446], [-53.8589, 5.7338], [-53.8083, 5.7148], [-53.8324, 5.7317], [-53.8103, 5.7311], [-53.6956, 5.6635], [-53.5826, 5.6178], [-53.5173, 5.5808], [-53.4482, 5.5609], [-53.4078, 5.5618], [-53.3027, 5.5355], [-53.2775, 5.5382], [-53.2301, 5.4953], [-53.2079, 5.5023], [-53.2078, 5.514], [-53.2252, 5.5171], [-53.2648, 5.5458], [-53.2895, 5.5489], [-53.2812, 5.5619], [-53.2715, 5.5604], [-53.1302, 5.5048], [-53.0825, 5.4722], [-53.0058, 5.4508], [-52.9946, 5.4576], [-52.8965, 5.4057], [-52.8291, 5.3419], [-52.7832, 5.3169], [-52.7529, 5.2674], [-52.5261, 5.0707], [-52.5267, 5.0536], [-52.505, 5.0536], [-52.4797, 5.0396], [-52.4023, 4.9738], [-52.38, 4.9368], [-52.389, 4.8959], [-52.3707, 4.9072], [-52.3451, 4.9429], [-52.3237, 4.9506], [-52.2791, 4.9312], [-52.2586, 4.8925], [-52.343, 4.7612], [-52.3405, 4.7246], [-52.3138, 4.7619], [-52.3002, 4.8134], [-52.2427, 4.8562], [-52.2319, 4.8754], [-52.1929, 4.8497], [-52.1595, 4.7956], [-52.0941, 4.7581], [-52.0245, 4.6935], [-51.9963, 4.6523], [-51.9508, 4.454], [-51.9618, 4.4084], [-52.0199, 4.367], [-52.0463, 4.3336], [-51.9514, 4.3707], [-51.9365, 4.3919], [-51.9228, 4.4471], [-51.9313, 4.5904], [-51.9254, 4.6262], [-51.9092, 4.6557], [-51.8964, 4.6647], [-51.8648, 4.6648], [-51.7931, 4.6011], [-51.8008, 4.5897], [-51.7735, 4.552], [-51.758, 4.4778], [-51.7475, 4.4572], [-51.731, 4.4571], [-51.7447, 4.4366], [-51.7384, 4.413], [-51.7309, 4.3994], [-51.6976, 4.3931], [-51.6901, 4.3851], [-51.7123, 4.3537], [-51.7168, 4.3336], [-51.7085, 4.3004], [-51.6693, 4.2421], [-51.6507, 4.19], [-51.6525, 4.1221], [-51.6722, 4.0608], [-51.6832, 4.0394], [-51.7579, 4.0025], [-51.7832, 3.9809], [-51.8062, 3.9175], [-51.8354, 3.8675], [-51.8997, 3.7967], [-51.9387, 3.7736], [-51.9401, 3.734], [-51.9487, 3.7251], [-51.9728, 3.7217], [-51.9884, 3.7046], [-52.0128, 3.6191], [-52.0742, 3.5166], [-52.0936, 3.5069], [-52.0928, 3.4814], [-52.2279, 3.2601], [-52.2512, 3.2431], [-52.2795, 3.2425], [-52.2991, 3.2253], [-52.3194, 3.1776], [-52.3553, 3.1516], [-52.3611, 3.1093], [-52.3516, 3.066], [-52.4222, 2.9275], [-52.4093, 2.8973], [-52.4416, 2.8813], [-52.4553, 2.865], [-52.5333, 2.6899], [-52.543, 2.6515], [-52.5758, 2.6337], [-52.5519, 2.5866], [-52.5904, 2.5047], [-52.6192, 2.4635], [-52.6561, 2.4309], [-52.6906, 2.373], [-52.8197, 2.2915], [-52.8627, 2.2742], [-52.8802, 2.2604], [-52.9003, 2.2141], [-52.9172, 2.1957], [-52.9391, 2.1957], [-52.9597, 2.1752], [-52.9809, 2.1733], [-53.0612, 2.1863], [-53.0922, 2.2119], [-53.1134, 2.2193], [-53.2685, 2.1957], [-53.2797, 2.205], [-53.2722, 2.22], [-53.2347, 2.2413], [-53.2342, 2.251], [-53.2974, 2.3037], [-53.3226, 2.3386], [-53.3441, 2.3496], [-53.3785, 2.3076], [-53.4621, 2.259], [-53.5318, 2.247], [-53.579, 2.2704], [-53.646, 2.2785], [-53.7132, 2.3074], [-53.7422, 2.3085], [-53.7482, 2.3193], [-53.7374, 2.3491], [-53.7483, 2.3647], [-53.7648, 2.3687], [-53.801, 2.3538], [-53.8309, 2.3101], [-53.8668, 2.3049], [-53.9012, 2.2645], [-53.9329, 2.2696], [-53.9461, 2.222], [-53.9639, 2.2093], [-54.028, 2.1786], [-54.0485, 2.1888], [-54.0767, 2.1837], [-54.0984, 2.128], [-54.1114, 2.1143], [-54.1481, 2.1144], [-54.1945, 2.1631], [-54.2638, 2.1482], [-54.314, 2.1549], [-54.3739, 2.1965], [-54.4025, 2.1971], [-54.4927, 2.2227], [-54.5458, 2.2686], [-54.5491, 2.2794], [-54.5264, 2.2827], [-54.5443, 2.3002], [-54.5882, 2.3244], [-54.6153, 2.3263], [-54.5992, 2.3458], [-54.5848, 2.3483], [-54.5512, 2.3381], [-54.5316, 2.3402], [-54.5203, 2.3489], [-54.4934, 2.4171], [-54.4726, 2.4287], [-54.4235, 2.4359], [-54.3756, 2.4838], [-54.2853, 2.678], [-54.2125, 2.7764], [-54.1889, 2.8383], [-54.1702, 2.8531], [-54.1913, 2.8773], [-54.163, 2.956], [-54.1634, 2.9697], [-54.1851, 2.9978], [-54.1692, 3.0107], [-54.177, 3.0489], [-54.1907, 3.0591], [-54.177, 3.0728], [-54.1771, 3.1166], [-54.188, 3.131], [-54.2112, 3.1274]]]}}, {"type": "Feature", "properties": {"osm_type": "relation", "osm_id": 7400, "name": "Nord", "admin_level": "6", "iso": "FR-59", "parent_iso": "FR", "parent_osm_id": 2202162}, "geometry": {"type": "MultiPolygon", "coordinates": [[[[2.5218, 51.0875], [2.537, 51.0646], [2.557, 51.0012], [2.6084, 50.9611], [2.6117, 50.9412], [2.5769, 50.9115], [2.5967, 50.8676], [2.5867, 50.8454], [2.6204, 50.8165], [2.6919, 50.8088], [2.7066, 50.7888], [2.7438, 50.7662], [2.7682, 50.7332], [2.8869, 50.6966], [2.9302, 50.7362], [2.9714, 50.7578], [3.1033, 50.7841], [3.1292, 50.7791], [3.1462, 50.7689], [3.189, 50.7151], [3.2244, 50.7052], [3.2324, 50.6959], [3.2438, 50.6721], [3.2298, 50.6554], [3.2643, 50.5702], [3.271, 50.5269], [3.2999, 50.5075], [3.3611, 50.4898], [3.4292, 50.5018], [3.4771, 50.5199], [3.498, 50.5119], [3.4867, 50.4927], [3.4991, 50.4868], [3.5637, 50.4865], [3.6083, 50.4765], [3.6444, 50.4455], [3.6617, 50.3193], [3.6969, 50.2982], [3.7334, 50.3372], [3.755, 50.3463], [3.8402, 50.3452], [3.8959, 50.3253], [4.0033, 50.3441], [4.0979, 50.2948], [4.1253, 50.2571], [4.1437, 50.2516], [4.151, 50.2563], [4.1503, 50.2695], [4.1628, 50.273], [4.1976, 50.2585], [4.2013, 50.2415], [4.1679, 50.2225], [4.1527, 50.2045], [4.1258, 50.1282], [4.1806, 50.1272], [4.21, 50.0602], [4.1373, 50.0251], [4.1282, 50.0058], [4.1396, 49.9745], [4.0994, 49.969], [3.9909, 49.9946], [3.9841, 50.0037], [3.9835, 50.0371], [3.9621, 50.0426], [3.8958, 50.0198], [3.8539, 50.043], [3.6969, 50.0601], [3.6162, 50.0367], [3.5547, 50.0495], [3.4779, 50.0191], [3.4486, 50.0154], [3.362, 50.0324], [3.3162, 50.0183], [3.2259, 50.029], [3.157, 50.0187], [3.0883, 50.05], [3.0891, 50.0738], [3.1261, 50.183], [3.1644, 50.217], [3.1684, 50.2326], [3.1167, 50.2676], [3.0795, 50.2697], [3.043, 50.2569], [3.0198, 50.2674], [3.0291, 50.2893], [3.0625, 50.3164], [3.0444, 50.3467], [3.0019, 50.3813], [3.0068, 50.3999], [3.0555, 50.4263], [3.0588, 50.4426], [3.0149, 50.4535], [2.9935, 50.4948], [2.9726, 50.5065], [2.9108, 50.5039], [2.8771, 50.531], [2.8242, 50.525], [2.8067, 50.5278], [2.7906, 50.542], [2.7885, 50.5553], [2.806, 50.578], [2.8112, 50.6104], [2.8386, 50.6258], [2.8698, 50.6312], [2.8395, 50.6566], [2.8031, 50.6684], [2.7263, 50.6258], [2.4892, 50.6333], [2.4251, 50.6668], [2.3715, 50.6743], [2.3627, 50.6893], [2.3691, 50.7095], [2.3522, 50.7268], [2.3535, 50.7373], [2.3934, 50.7708], [2.3624, 50.7867], [2.2733, 50.7852], [2.2223, 50.8057], [2.1874, 50.8784], [2.1057, 50.9837], [2.0633, 51.0143], [2.134, 51.02], [2.3161, 51.059], [2.3845, 51.0553], [2.4661, 51.0688], [2.5218, 51.0875]]], [[[3.0627, 50.1739], [3.0724, 50.1308], [3.0014, 50.1234], [3.0037, 50.1501], [3.0365, 50.1541], [3.0627, 50.1739]]]]}}, {"type": "Feature", "properties": {"osm_type": "relation", "osm_id": 7395, "name": "Ardennes", "admin_level": "6", "iso": "FR-08", "parent_iso": "FR", "parent_osm_id": 2202162}, "geometry": {"type": "Polygon", "coordinates": [[[4.8156, 50.1613], [4.8201, 50.1464], [4.8627, 50.1476], [4.8719, 50.1398], [4.8629, 50.0841], [4.846, 50.0907], [4.8272, 50.0641], [4.8267, 50.036], [4.7839, 49.9583], [4.7973, 49.9443], [4.8446, 49.9317], [4.8602, 49.9133], [4.8594, 49.8917], [4.8349, 49.853], [4.8492, 49.8316], [4.849, 49.7942], [4.8842, 49.7841], [4.971, 49.7971], [5.0263, 49.7667], [5.0819, 49.7527], [5.1364, 49.7053], [5.1694, 49.6872], [5.1925, 49.6828], [5.2592, 49.6913], [5.2994, 49.6625], [5.3064, 49.6475], [5.2938, 49.6405], [5.2907, 49.6264], [5.2979, 49.6133], [5.3217, 49.6126], [5.3411, 49.6251], [5.3912, 49.6088], [5.3899, 49.5933], [5.2832, 49.543], [5.255, 49.5614], [5.1935, 49.5611], [5.1395, 49.585], [5.1055, 49.5699], [5.0947, 49.5208], [5.0711, 49.4989], [5.0824, 49.4718], [5.0996, 49.4615], [5.1139, 49.4218], [5.1102, 49.4115], [5.0919, 49.3787], [5.0371, 49.3233], [5.0495, 49.2798], [4.9787, 49.2357], [4.9404, 49.2545], [4.9075, 49.2541], [4.8362, 49.2361], [4.7231, 49.2525], [4.6365, 49.235], [4.5773, 49.2844], [4.4489, 49.2761], [4.4138, 49.2821], [4.3749, 49.3187], [4.3343, 49.3189], [4.1966, 49.3946], [4.0553, 49.4073], [4.0472, 49.4218], [4.0339, 49.4267], [4.0435, 49.4403], [4.0722, 49.4476], [4.043, 49.4874], [4.0485, 49.5052], [4.0719, 49.5226], [4.0656, 49.5498], [4.0732, 49.5673], [4.0464, 49.6257], [4.0634, 49.6377], [4.1176, 49.6487], [4.141, 49.6739], [4.2212, 49.7202], [4.2349, 49.7367], [4.2285, 49.7614], [4.2098, 49.7782], [4.2174, 49.8135], [4.2479, 49.8545], [4.2502, 49.8702], [4.217, 49.9168], [4.2159, 49.9544], [4.2776, 49.9602], [4.4351, 49.9323], [4.6042, 49.9802], [4.6458, 49.9845], [4.6567, 49.9891], [4.6729, 50.0164], [4.6806, 50.0483], [4.6734, 50.0662], [4.6819, 50.0839], [4.7886, 50.1534], [4.8156, 50.1613]]]}}, {"type": "Feature", "properties": {"osm_type": "relation", "osm_id": 7411, "name": "Aisne", "admin_level": "6", "iso": "FR-02", "parent_iso": "FR", "parent_osm_id": 2202162}, "geometry": {"type": "Polygon", "coordinates": [[[4.1317, 49.975], [4.1877, 49.9555], [4.2159, 49.9544], [4.217, 49.9168], [4.2502, 49.8702], [4.2479, 49.8545], [4.2174, 49.8135], [4.2098, 49.7782], [4.2285, 49.7614], [4.2349, 49.7367], [4.2212, 49.7202], [4.141, 49.6739], [4.1176, 49.6487], [4.0634, 49.6377], [4.0464, 49.6257], [4.0732, 49.5673], [4.0656, 49.5498], [4.0719, 49.5226], [4.042, 49.4961], [4.0722, 49.4476], [4.0435, 49.4403], [4.0339, 49.4267], [4.0472, 49.4218], [4.0553, 49.4073], [4.0466, 49.3668], [4.032, 49.3598], [3.996, 49.3707], [3.9636, 49.3621], [3.9144, 49.3797], [3.8779, 49.381], [3.859, 49.3712], [3.8575, 49.3473], [3.7034, 49.3245], [3.6501, 49.3028], [3.6657, 49.273], [3.6753, 49.21], [3.7052, 49.2017], [3.7467, 49.1697], [3.7237, 49.1494], [3.6492, 49.1506], [3.6255, 49.1384], [3.6261, 49.0903], [3.5864, 49.0603], [3.5848, 49.0413], [3.6042, 49.0318], [3.657, 49.033], [3.6713, 49.0243], [3.6708, 49.0155], [3.5906, 48.959], [3.5741, 48.9335], [3.5118, 48.8927], [3.4779, 48.8501], [3.4352, 48.8484], [3.3831, 48.8708], [3.3632, 48.9205], [3.3199, 48.9199], [3.1691, 49.0103], [3.1656, 49.0237], [3.1756, 49.0461], [3.159, 49.0781], [3.1409, 49.0931], [3.0797, 49.1062], [3.1231, 49.1407], [3.1307, 49.156], [3.1176, 49.1811], [3.0675, 49.1971], [2.9852, 49.1874], [2.9697, 49.2009], [2.9652, 49.2244], [3.0066, 49.2435], [3.0198, 49.2629], [3.0108, 49.2842], [2.9642, 49.3213], [2.9916, 49.3353], [3.0416, 49.3377], [3.0705, 49.3508], [3.1004, 49.4189], [3.1189, 49.4288], [3.1543, 49.4206], [3.1694, 49.4373], [3.1613, 49.4598], [3.1355, 49.4717], [3.1229, 49.4918], [3.1323, 49.5802], [3.1074, 49.6262], [3.1213, 49.6969], [3.1052, 49.754], [3.0949, 49.7694], [3.0568, 49.7785], [3.057, 49.7883], [3.085, 49.8143], [3.0841, 49.8611], [3.1175, 49.8827], [3.1533, 49.9413], [3.1931, 49.9756], [3.157, 50.0187], [3.2259, 50.029], [3.3162, 50.0183], [3.362, 50.0324], [3.4646, 50.0164], [3.5547, 50.0495], [3.6162, 50.0367], [3.6969, 50.0601], [3.8539, 50.043], [3.8958, 50.0198], [3.9425, 50.0384], [3.9749, 50.0414], [3.9859, 50.0306], [3.9841, 50.0037], [3.9909, 49.9946], [4.0811, 49.9709], [4.1317, 49.975]]]}}, {"type": "Feature", "properties": {"osm_type": "relation", "osm_id": 7382, "name": "Meuse", "admin_level": "6", "iso": "FR-55", "parent_iso": "FR", "parent_osm_id": 2202162}, "geometry": {"type": "Polygon", "coordinates": [[[5.3912, 49.6088], [5.4502, 49.5458], [5.4499, 49.5078], [5.4561, 49.4989], [5.4777, 49.4952], [5.4641, 49.4646], [5.4891, 49.4178], [5.5099, 49.4092], [5.581, 49.4126], [5.6436, 49.4358], [5.6647, 49.4284], [5.7179, 49.3823], [5.7291, 49.3574], [5.727, 49.3207], [5.7595, 49.3003], [5.728, 49.2593], [5.7224, 49.2114], [5.7597, 49.1939], [5.762, 49.1808], [5.7496, 49.1513], [5.7601, 49.1091], [5.8095, 49.1121], [5.8208, 49.1039], [5.8425, 49.0463], [5.8185, 48.9909], [5.8495, 48.9601], [5.8434, 48.9432], [5.7972, 48.9452], [5.7622, 48.9192], [5.7586, 48.9066], [5.7764, 48.8732], [5.7758, 48.8231], [5.7602, 48.7793], [5.7257, 48.7415], [5.7239, 48.73], [5.7521, 48.7012], [5.7579, 48.6273], [5.748, 48.6004], [5.7228, 48.5875], [5.7161, 48.5698], [5.7238, 48.5553], [5.7593, 48.5395], [5.7652, 48.4966], [5.7361, 48.4668], [5.6689, 48.4663], [5.6149, 48.4405], [5.5538, 48.4396], [5.4792, 48.4119], [5.4552, 48.4192], [5.3563, 48.4814], [5.3448, 48.5004], [5.2686, 48.5108], [5.187, 48.5419], [5.0359, 48.6181], [5.0046, 48.6554], [4.9828, 48.75], [4.9127, 48.7906], [4.9069, 48.8048], [4.9302, 48.8322], [4.9212, 48.8674], [4.9288, 48.8978], [4.9452, 48.9157], [5.0085, 48.9347], [5.0191, 48.9554], [5.0202, 48.9913], [5.0341, 49.006], [5.0267, 49.021], [4.9918, 49.0369], [4.9848, 49.1028], [4.9554, 49.1731], [4.98, 49.2098], [4.9787, 49.2357], [5.0495, 49.2798], [5.0371, 49.3233], [5.0919, 49.3787], [5.1102, 49.4115], [5.1139, 49.4218], [5.0996, 49.4615], [5.0824, 49.4718], [5.0711, 49.4989], [5.0947, 49.5208], [5.1008, 49.5635], [5.1131, 49.5764], [5.1395, 49.585], [5.1935, 49.5611], [5.255, 49.5614], [5.2832, 49.543], [5.3899, 49.5933], [5.3912, 49.6088]]]}}, {"type": "Feature", "properties": {"osm_type": "relation", "osm_id": 51856, "name": "Meurthe-et-Moselle", "admin_level": "6", "iso": "FR-54", "parent_iso": "FR", "parent_osm_id": 2202162}, "geometry": {"type": "Polygon", "coordinates": [[[5.7463, 49.5494], [5.7907, 49.5378], [5.8396, 49.4999], [5.9281, 49.4823], [5.9422, 49.4303], [5.9241, 49.3765], [5.953, 49.353], [5.9701, 49.3178], [5.9961, 49.3048], [6.0197, 49.2443], [6.0197, 49.2323], [5.9865, 49.2007], [6.0155, 49.152], [6.0094, 49.1309], [5.9347, 49.0986], [5.935, 49.084], [5.9674, 49.0415], [6.0344, 49.0201], [6.0518, 48.9811], [6.1085, 48.9663], [6.1432, 48.9346], [6.2875, 48.9313], [6.3087, 48.9246], [6.3226, 48.9022], [6.2987, 48.8706], [6.3023, 48.8471], [6.3715, 48.7802], [6.4332, 48.7891], [6.5207, 48.7545], [6.5576, 48.755], [6.5989, 48.7157], [6.6665, 48.6948], [6.7069, 48.6681], [6.8684, 48.6201], [6.9254, 48.6264], [6.9704, 48.611], [7.0887, 48.5234], [7.0547, 48.5184], [6.8874, 48.4194], [6.8645, 48.4356], [6.8072, 48.396], [6.7364, 48.4163], [6.6639, 48.4231], [6.6489, 48.433], [6.6355, 48.4706], [6.6062, 48.4693], [6.5018, 48.4145], [6.433, 48.4105], [6.4026, 48.3938], [6.3874, 48.3921], [6.3899, 48.4078], [6.331, 48.4063], [6.3042, 48.4169], [6.2842, 48.4378], [6.2568, 48.4037], [6.1736, 48.3994], [6.1474, 48.4078], [6.1492, 48.3715], [6.1172, 48.3613], [5.9769, 48.3575], [5.9487, 48.3653], [5.955, 48.3874], [5.874, 48.4142], [5.902, 48.4599], [5.8959, 48.4876], [5.842, 48.502], [5.7795, 48.4862], [5.7652, 48.4966], [5.7593, 48.5395], [5.7238, 48.5553], [5.7161, 48.5698], [5.7228, 48.5875], [5.748, 48.6004], [5.7579, 48.6273], [5.7521, 48.7012], [5.7239, 48.73], [5.7257, 48.7415], [5.7602, 48.7793], [5.7758, 48.8231], [5.7764, 48.8732], [5.7586, 48.9066], [5.7622, 48.9192], [5.7972, 48.9452], [5.8475, 48.9474], [5.8476, 48.9656], [5.8185, 48.9909], [5.8415, 49.0556], [5.8208, 49.1039], [5.8095, 49.1121], [5.7741, 49.1063], [5.7536, 49.1178], [5.7496, 49.1513], [5.762, 49.1808], [5.7597, 49.1939], [5.7324, 49.2018], [5.7209, 49.2223], [5.728, 49.2593], [5.7595, 49.3003], [5.727, 49.3207], [5.725, 49.3704], [5.6993, 49.4026], [5.6436, 49.4358], [5.581, 49.4126], [5.4985, 49.4121], [5.4853, 49.4223], [5.4641, 49.4646], [5.4777, 49.4952], [5.5288, 49.518], [5.5476, 49.5234], [5.6023, 49.5137], [5.6197, 49.5355], [5.6446, 49.5438], [5.7103, 49.5311], [5.7463, 49.5494]]]}}, {"type": "Feature", "properties": {"osm_type": "relation", "osm_id": 51854, "name": "Moselle", "admin_level": "6", "iso": "FR-57", "parent_iso": "FR", "parent_osm_id": 2202162}, "geometry": {"type": "Polygon", "coordinates": [[[6.3453, 49.4553], [6.4027, 49.4655], [6.5117, 49.4247], [6.5188, 49.4022], [6.5777, 49.3558], [6.5734, 49.3477], [6.5556, 49.3472], [6.5501, 49.338], [6.5564, 49.3264], [6.6397, 49.2712], [6.6403, 49.2528], [6.6638, 49.2439], [6.6806, 49.2075], [6.7025, 49.2136], [6.7088, 49.1978], [6.701, 49.1729], [6.7138, 49.1589], [6.8218, 49.1478], [6.839, 49.1628], [6.8277, 49.1956], [6.8335, 49.2095], [6.9144, 49.2067], [7.0095, 49.1817], [7.009, 49.1464], [7.0205, 49.119], [7.0425, 49.1076], [7.0732, 49.1203], [7.0708, 49.1361], [7.0799, 49.142], [7.155, 49.1144], [7.2412, 49.1139], [7.2744, 49.105], [7.2971, 49.1281], [7.334, 49.1342], [7.351, 49.1592], [7.4105, 49.1689], [7.4148, 49.1578], [7.4761, 49.1515], [7.4827, 49.1371], [7.471, 49.1283], [7.5209, 49.0837], [7.6086, 49.062], [7.6257, 49.043], [7.6449, 49.0363], [7.5896, 48.9612], [7.5641, 48.9396], [7.5452, 48.938], [7.4907, 48.9589], [7.3417, 48.9434], [7.3018, 48.9547], [7.2844, 48.9775], [7.1454, 49.0099], [7.1127, 49.0619], [7.0787, 49.0602], [7.0825, 49.0353], [7.047, 49.0002], [7.0429, 48.9773], [6.9851, 48.9369], [6.9771, 48.9175], [6.9811, 48.9049], [7.0152, 48.8823], [7.0964, 48.858], [7.0749, 48.8245], [7.111, 48.7891], [7.1293, 48.7931], [7.1467, 48.8127], [7.1839, 48.8246], [7.1916, 48.8474], [7.2044, 48.8542], [7.214, 48.8468], [7.2163, 48.8298], [7.2476, 48.8184], [7.3041, 48.7755], [7.3177, 48.7559], [7.3133, 48.7408], [7.2649, 48.6849], [7.2688, 48.672], [7.3004, 48.6556], [7.2629, 48.5758], [7.2137, 48.5532], [7.193, 48.5335], [7.0887, 48.5234], [6.9704, 48.611], [6.9254, 48.6264], [6.8684, 48.6201], [6.7069, 48.6681], [6.6665, 48.6948], [6.5989, 48.7157], [6.5576, 48.755], [6.5207, 48.7545], [6.4332, 48.7891], [6.3715, 48.7802], [6.3023, 48.8471], [6.2987, 48.8706], [6.3226, 48.9022], [6.3087, 48.9246], [6.2875, 48.9313], [6.1432, 48.9346], [6.1085, 48.9663], [6.0518, 48.9811], [6.0344, 49.0201], [5.9674, 49.0415], [5.9543, 49.0526], [5.935, 49.084], [5.9347, 49.0986], [6.0094, 49.1309], [6.0155, 49.152], [5.9865, 49.2007], [6.0197, 49.2323], [6.0197, 49.2443], [5.9961, 49.3048], [5.9701, 49.3178], [5.953, 49.353], [5.9241, 49.3765], [5.9422, 49.4303], [5.9281, 49.4823], [5.947, 49.47], [5.9607, 49.4413], [6.078, 49.452], [6.0998, 49.4646], [6.1073, 49.4825], [6.1426, 49.4861], [6.1361, 49.4953], [6.1936, 49.4994], [6.2494, 49.4903], [6.2988, 49.4662], [6.3453, 49.4553]]]}}, {"type": "Feature", "properties": {"osm_type": "relation", "osm_id": 7385, "name": "Maritime Alps", "admin_level": "6", "iso": "FR-06", "parent_iso": "FR", "parent_osm_id": 2202162}, "geometry": {"type": "Polygon", "coordinates": [[[7.6879, 44.0908], [7.6899, 44.0673], [7.6534, 44.0397], [7.6309, 43.9935], [7.5569, 43.9441], [7.4779, 43.8655], [7.5023, 43.7922], [7.4764, 43.7845], [7.4764, 43.7646], [7.4375, 43.7434], [7.407, 43.7635], [7.3875, 43.7579], [7.3305, 43.6864], [7.2573, 43.6916], [7.2285, 43.6742], [7.2318, 43.6635], [7.2038, 43.6444], [7.1967, 43.6569], [7.1516, 43.6548], [7.1366, 43.6412], [7.1262, 43.6058], [7.1389, 43.554], [7.1255, 43.5478], [7.1129, 43.5645], [7.0884, 43.5687], [7.0372, 43.5363], [7.0306, 43.5479], [6.9756, 43.5469], [6.9452, 43.5273], [6.9409, 43.5125], [6.9543, 43.5001], [6.9332, 43.4803], [6.89, 43.501], [6.8787, 43.5179], [6.9135, 43.5832], [6.912, 43.5983], [6.9002, 43.6093], [6.8531, 43.6063], [6.8367, 43.6131], [6.7752, 43.6551], [6.7683, 43.6668], [6.7708, 43.7015], [6.7574, 43.7309], [6.7494, 43.7382], [6.6654, 43.7526], [6.6481, 43.7656], [6.6364, 43.7889], [6.7012, 43.8062], [6.7037, 43.8184], [6.6923, 43.8452], [6.7074, 43.871], [6.7598, 43.8776], [6.8094, 43.9124], [6.8437, 43.9127], [6.893, 43.8925], [6.9423, 43.8972], [6.8582, 43.9555], [6.8186, 44.0067], [6.7576, 44.0373], [6.7454, 44.0998], [6.695, 44.1531], [6.7023, 44.1885], [6.7433, 44.2631], [6.7708, 44.2829], [6.799, 44.3184], [6.8784, 44.3546], [6.9212, 44.3022], [6.9592, 44.2773], [6.9828, 44.2417], [7.0461, 44.2403], [7.145, 44.2072], [7.2513, 44.16], [7.3093, 44.1475], [7.331, 44.1253], [7.3808, 44.1229], [7.5836, 44.1607], [7.6247, 44.1801], [7.6556, 44.1761], [7.6419, 44.1436], [7.6879, 44.0908]]]}}, {"type": "Feature", "properties": {"osm_type": "relation", "osm_id": 7380, "name": "Alpes-de-Haute-Provence", "admin_level": "6", "iso": "FR-04", "parent_iso": "FR", "parent_osm_id": 2202162}, "geometry": {"type": "Polygon", "coordinates": [[[6.9383, 44.658], [6.9343, 44.6467], [6.9456, 44.6254], [6.8973, 44.5754], [6.8464, 44.5475], [6.8357, 44.534], [6.8388, 44.5029], [6.8613, 44.4749], [6.9178, 44.4363], [6.8772, 44.4144], [6.8661, 44.3721], [6.8784, 44.3546], [6.799, 44.3184], [6.7708, 44.2829], [6.7433, 44.2631], [6.7023, 44.1885], [6.695, 44.1531], [6.7454, 44.0998], [6.7576, 44.0373], [6.8186, 44.0067], [6.8582, 43.9555], [6.9423, 43.8972], [6.893, 43.8925], [6.8437, 43.9127], [6.8094, 43.9124], [6.7598, 43.8776], [6.7164, 43.8751], [6.7, 43.8639], [6.6923, 43.8452], [6.7037, 43.8184], [6.7012, 43.8062], [6.6364, 43.7889], [6.6169, 43.8065], [6.5498, 43.791], [6.5239, 43.8023], [6.4273, 43.7938], [6.386, 43.741], [6.3545, 43.7364], [6.2436, 43.8011], [6.2132, 43.7915], [6.1407, 43.7375], [6.0734, 43.7156], [6.0282, 43.6716], [6.0104, 43.6757], [5.9891, 43.7066], [5.9295, 43.7495], [5.9103, 43.7486], [5.8824, 43.7251], [5.8553, 43.7255], [5.7786, 43.7582], [5.7538, 43.7321], [5.6628, 43.8121], [5.6094, 43.835], [5.5447, 43.8176], [5.5474, 43.8382], [5.5894, 43.9043], [5.5768, 43.9362], [5.5171, 43.9469], [5.508, 43.9578], [5.5385, 44.0212], [5.544, 44.0498], [5.5377, 44.0609], [5.5026, 44.0634], [5.5062, 44.1218], [5.6038, 44.181], [5.6382, 44.1722], [5.6494, 44.1538], [5.6641, 44.1488], [5.6751, 44.1566], [5.671, 44.1811], [5.6789, 44.1907], [5.7063, 44.1887], [5.8051, 44.2107], [5.89, 44.1914], [5.9008, 44.1999], [5.8914, 44.2137], [5.8281, 44.2632], [5.8231, 44.2765], [5.8353, 44.3005], [5.8639, 44.2965], [5.9143, 44.2685], [5.9196, 44.306], [5.9038, 44.3254], [5.9661, 44.4057], [6.032, 44.4344], [6.0735, 44.4676], [6.1349, 44.4721], [6.1625, 44.4344], [6.1835, 44.428], [6.2171, 44.3893], [6.236, 44.3847], [6.2606, 44.4006], [6.2697, 44.4222], [6.2587, 44.4678], [6.297, 44.4767], [6.3247, 44.4936], [6.3652, 44.5347], [6.4326, 44.4785], [6.4674, 44.4589], [6.5128, 44.4492], [6.6129, 44.4468], [6.6304, 44.4524], [6.6462, 44.4819], [6.669, 44.5036], [6.684, 44.5406], [6.7137, 44.5434], [6.7919, 44.5995], [6.8739, 44.6292], [6.919, 44.6609], [6.9383, 44.658]]]}}, {"type": "Feature", "properties": {"osm_type": "relation", "osm_id": 7436, "name": "Hautes-Alpes", "admin_level": "6", "iso": "FR-05", "parent_iso": "FR", "parent_osm_id": 2202162}, "geometry": {"type": "Polygon", "coordinates": [[[7.0388, 44.7121], [7.0552, 44.6849], [6.9828, 44.6922], [6.9599, 44.6832], [6.9383, 44.658], [6.919, 44.6609], [6.8739, 44.6292], [6.7919, 44.5995], [6.7137, 44.5434], [6.684, 44.5406], [6.669, 44.5036], [6.6462, 44.4819], [6.6304, 44.4524], [6.6129, 44.4468], [6.5128, 44.4492], [6.4674, 44.4589], [6.4326, 44.4785], [6.3652, 44.5347], [6.3247, 44.4936], [6.297, 44.4767], [6.2587, 44.4678], [6.2697, 44.4222], [6.2606, 44.4006], [6.236, 44.3847], [6.2171, 44.3893], [6.1835, 44.428], [6.1625, 44.4344], [6.1349, 44.4721], [6.0735, 44.4676], [6.032, 44.4344], [5.9661, 44.4057], [5.9373, 44.3624], [5.9086, 44.337], [5.9065, 44.3165], [5.9196, 44.306], [5.9143, 44.2685], [5.8639, 44.2965], [5.8353, 44.3005], [5.8231, 44.2765], [5.8281, 44.2632], [5.8914, 44.2137], [5.9008, 44.1999], [5.89, 44.1914], [5.8051, 44.2107], [5.7063, 44.1887], [5.6789, 44.1907], [5.684, 44.2594], [5.6232, 44.3033], [5.627, 44.3297], [5.5643, 44.33], [5.4967, 44.3482], [5.4593, 44.3703], [5.4498, 44.3956], [5.4267, 44.4194], [5.4393, 44.4288], [5.4848, 44.4227], [5.5004, 44.431], [5.4978, 44.4418], [5.4686, 44.4649], [5.4657, 44.479], [5.4724, 44.4893], [5.5253, 44.4876], [5.5956, 44.4706], [5.6513, 44.4959], [5.6593, 44.5025], [5.6582, 44.5137], [5.6081, 44.5558], [5.6514, 44.6175], [5.6579, 44.6414], [5.7229, 44.6415], [5.8005, 44.6586], [5.8296, 44.6834], [5.8286, 44.6969], [5.812, 44.7121], [5.845, 44.7497], [5.9578, 44.7652], [5.9725, 44.7768], [5.9685, 44.8012], [5.9964, 44.822], [6.0316, 44.8337], [6.0773, 44.8299], [6.1385, 44.8576], [6.2339, 44.855], [6.2961, 44.868], [6.3568, 44.8579], [6.3651, 44.8682], [6.3697, 44.9119], [6.3635, 44.928], [6.3354, 44.9536], [6.3253, 44.9995], [6.305, 45.0074], [6.2462, 45.0015], [6.2271, 45.0067], [6.2223, 45.0173], [6.2395, 45.0997], [6.2664, 45.1248], [6.2924, 45.1128], [6.3571, 45.1078], [6.3786, 45.0958], [6.3937, 45.0704], [6.4594, 45.0536], [6.4808, 45.0579], [6.4955, 45.0708], [6.5109, 45.1007], [6.5609, 45.1048], [6.5978, 45.121], [6.6294, 45.1235], [6.6027, 45.1035], [6.6366, 45.0745], [6.6397, 45.0504], [6.6517, 45.0356], [6.6972, 45.0269], [6.7235, 45.0134], [6.7279, 44.9287], [6.7454, 44.9078], [6.8471, 44.8591], [6.9327, 44.8617], [6.9828, 44.847], [7.0049, 44.828], [6.9984, 44.7938], [7.019, 44.7389], [7.0388, 44.7121]]]}}, {"type": "Feature", "properties": {"osm_type": "relation", "osm_id": 7425, "name": "Savoy", "admin_level": "6", "iso": "FR-73", "parent_iso": "FR", "parent_osm_id": 2202162}, "geometry": {"type": "Polygon", "coordinates": [[[7.0754, 45.4663], [7.0968, 45.4354], [7.1607, 45.4109], [7.1508, 45.3832], [7.0926, 45.324], [7.1084, 45.2592], [7.0812, 45.2431], [7.0555, 45.2137], [7.0297, 45.2282], [6.9587, 45.2098], [6.9138, 45.1702], [6.8735, 45.1659], [6.8682, 45.1575], [6.8767, 45.1412], [6.8441, 45.1301], [6.7364, 45.1573], [6.7022, 45.1412], [6.6674, 45.1396], [6.5609, 45.1048], [6.52, 45.104], [6.4808, 45.0579], [6.4594, 45.0536], [6.3937, 45.0704], [6.3786, 45.0958], [6.3571, 45.1078], [6.2828, 45.1153], [6.2664, 45.1248], [6.2566, 45.143], [6.1601, 45.155], [6.1309, 45.2612], [6.1329, 45.2802], [6.1443, 45.2984], [6.1895, 45.3299], [6.1948, 45.3522], [6.1875, 45.3776], [6.1689, 45.4001], [6.1254, 45.4351], [6.045, 45.4435], [5.9839, 45.4833], [5.9482, 45.4895], [5.9153, 45.4765], [5.9108, 45.3942], [5.7562, 45.4393], [5.6237, 45.6133], [5.6005, 45.6556], [5.6199, 45.6437], [5.6409, 45.6458], [5.7129, 45.7001], [5.7624, 45.7242], [5.776, 45.7516], [5.7841, 45.7973], [5.8319, 45.8982], [5.8404, 45.9388], [5.8577, 45.9353], [5.8673, 45.9226], [5.8836, 45.8353], [5.8973, 45.8229], [5.9544, 45.8141], [5.9695, 45.8047], [5.9928, 45.7577], [6.0494, 45.7419], [6.0736, 45.7434], [6.1049, 45.7595], [6.1368, 45.7591], [6.1958, 45.7302], [6.2544, 45.6836], [6.3072, 45.6909], [6.3302, 45.7039], [6.3488, 45.723], [6.3679, 45.7705], [6.4164, 45.7974], [6.4628, 45.867], [6.5229, 45.9084], [6.5441, 45.9023], [6.5622, 45.8855], [6.5418, 45.8437], [6.5529, 45.8256], [6.6027, 45.7966], [6.6497, 45.7928], [6.68, 45.7803], [6.6978, 45.7585], [6.6895, 45.7281], [6.7113, 45.7275], [6.7839, 45.765], [6.7959, 45.7181], [6.8161, 45.6968], [6.9634, 45.6407], [6.9695, 45.6258], [6.9529, 45.5943], [6.9698, 45.567], [6.9828, 45.5111], [7.0754, 45.4663]]]}}, {"type": "Feature", "properties": {"osm_type": "relation", "osm_id": 7407, "name": "Upper Savoy", "admin_level": "6", "iso": "FR-74", "parent_iso": "FR", "parent_osm_id": 2202162}, "geometry": {"type": "Polygon", "coordinates": [[[7.0221, 45.9253], [6.9972, 45.9113], [6.9692, 45.8698], [6.949, 45.8578], [6.8735, 45.8448], [6.8644, 45.8269], [6.8434, 45.8386], [6.8008, 45.8265], [6.7827, 45.7953], [6.7839, 45.765], [6.7113, 45.7275], [6.6895, 45.7281], [6.6978, 45.7585], [6.68, 45.7803], [6.6497, 45.7928], [6.6027, 45.7966], [6.5529, 45.8256], [6.5418, 45.8437], [6.5622, 45.8855], [6.5338, 45.9066], [6.5123, 45.9066], [6.4628, 45.867], [6.4164, 45.7974], [6.3679, 45.7705], [6.3488, 45.723], [6.3302, 45.7039], [6.3072, 45.6909], [6.2544, 45.6836], [6.1958, 45.7302], [6.1368, 45.7591], [6.1049, 45.7595], [6.0736, 45.7434], [6.0494, 45.7419], [6.0032, 45.7521], [5.9842, 45.765], [5.9695, 45.8047], [5.9544, 45.8141], [5.8973, 45.8229], [5.8836, 45.8353], [5.8673, 45.9226], [5.8577, 45.9353], [5.8404, 45.9388], [5.8242, 46.0502], [5.8252, 46.0953], [5.8459, 46.111], [5.8716, 46.0933], [5.9137, 46.1282], [5.9546, 46.1282], [5.9829, 46.1404], [6.0739, 46.1492], [6.1079, 46.1386], [6.1403, 46.1502], [6.1914, 46.1917], [6.2812, 46.2401], [6.276, 46.2631], [6.2523, 46.2599], [6.2376, 46.2679], [6.2141, 46.3155], [6.2195, 46.3291], [6.2691, 46.375], [6.3016, 46.3945], [6.3977, 46.4082], [6.4829, 46.4486], [6.547, 46.4574], [6.6137, 46.4559], [6.7627, 46.4293], [6.7871, 46.4142], [6.7821, 46.3785], [6.7504, 46.3455], [6.8277, 46.2695], [6.7922, 46.2217], [6.7657, 46.1516], [6.7743, 46.1348], [6.8539, 46.1226], [6.8692, 46.1123], [6.8486, 46.085], [6.8509, 46.0496], [6.8692, 46.0441], [6.8924, 46.0556], [6.9151, 46.0486], [6.9877, 45.9931], [7.0221, 45.9253]]]}}, {"type": "Feature", "properties": {"osm_type": "relation", "osm_id": 7450, "name": "Pyr\u00e9n\u00e9es-Atlantiques", "admin_level": "6", "iso": "FR-64", "parent_iso": "FR", "parent_osm_id": 2202162}, "geometry": {"type": "Polygon", "coordinates": [[[-1.7474, 43.291], [-1.7558, 43.3185], [-1.7969, 43.3411], [-1.7941, 43.386], [-1.7755, 43.3762], [-1.7496, 43.3892], [-1.661, 43.3997], [-1.6378, 43.4238], [-1.5967, 43.4425], [-1.5621, 43.4934], [-1.514, 43.5386], [-1.4709, 43.5095], [-1.4407, 43.4991], [-1.3166, 43.5087], [-1.2429, 43.5309], [-1.2041, 43.5643], [-1.173, 43.5511], [-1.1667, 43.5372], [-1.1717, 43.5052], [-1.154, 43.49], [-1.0811, 43.5229], [-1.0382, 43.504], [-1.0053, 43.5053], [-0.9833, 43.5234], [-0.9838, 43.5452], [-0.9238, 43.5337], [-0.9028, 43.5474], [-0.8595, 43.5444], [-0.7802, 43.5693], [-0.7153, 43.5475], [-0.672, 43.5573], [-0.5623, 43.5431], [-0.4604, 43.5921], [-0.4469, 43.5885], [-0.4508, 43.5597], [-0.434, 43.553], [-0.3229, 43.5638], [-0.2673, 43.5821], [-0.203, 43.589], [-0.1097, 43.5748], [-0.0897, 43.5645], [-0.0795, 43.5452], [-0.0473, 43.5222], [-0.0178, 43.4679], [-0.0198, 43.454], [-0.0497, 43.4499], [-0.049, 43.4212], [-0.0342, 43.4144], [-0.0078, 43.4342], [0.007, 43.4286], [0.0056, 43.3847], [0.0232, 43.3392], [-0.0275, 43.3103], [-0.0369, 43.2769], [-0.0272, 43.2479], [-0.0664, 43.2115], [-0.0859, 43.1659], [-0.1109, 43.1648], [-0.1389, 43.125], [-0.1768, 43.1071], [-0.1914, 43.0918], [-0.1896, 43.0394], [-0.2461, 43.0305], [-0.2883, 42.9947], [-0.2842, 42.9408], [-0.317, 42.8939], [-0.3051, 42.8308], [-0.3228, 42.8425], [-0.3352, 42.825], [-0.3517, 42.8292], [-0.4239, 42.7907], [-0.4545, 42.7889], [-0.5084, 42.8075], [-0.5339, 42.808], [-0.5356, 42.7842], [-0.569, 42.7726], [-0.5787, 42.7773], [-0.5829, 42.7958], [-0.6102, 42.7991], [-0.6095, 42.8114], [-0.6483, 42.8498], [-0.7004, 42.8764], [-0.7301, 42.8775], [-0.7403, 42.8848], [-0.7459, 42.8939], [-0.7409, 42.9109], [-0.7597, 42.9465], [-0.7864, 42.9533], [-0.8635, 42.9431], [-0.9432, 42.9479], [-0.9815, 42.957], [-1.0285, 42.9867], [-1.0797, 42.9934], [-1.1124, 43.0083], [-1.1499, 43.0057], [-1.2169, 43.0393], [-1.2937, 43.0552], [-1.3151, 43.0829], [-1.286, 43.1092], [-1.3086, 43.1136], [-1.3483, 43.0931], [-1.3661, 43.0333], [-1.4105, 43.0309], [-1.4571, 43.0451], [-1.4878, 43.0818], [-1.4258, 43.1353], [-1.3997, 43.2067], [-1.4035, 43.2433], [-1.4322, 43.265], [-1.4664, 43.2608], [-1.5081, 43.2768], [-1.559, 43.2841], [-1.574, 43.2774], [-1.5876, 43.2516], [-1.6219, 43.247], [-1.639, 43.2557], [-1.645, 43.2924], [-1.6549, 43.2975], [-1.683, 43.3049], [-1.7474, 43.291]], [[-0.0968, 43.3278], [-0.0799, 43.3313], [-0.0662, 43.3514], [-0.0645, 43.3728], [-0.0755, 43.3841], [-0.0993, 43.385], [-0.1119, 43.3695], [-0.1123, 43.3385], [-0.0968, 43.3278]], [[-0.118, 43.2476], [-0.0975, 43.2508], [-0.0805, 43.2722], [-0.0903, 43.2955], [-0.1136, 43.3053], [-0.1373, 43.2858], [-0.1386, 43.2718], [-0.1349, 43.2583], [-0.118, 43.2476]]]}}, {"type": "Feature", "properties": {"osm_type": "relation", "osm_id": 7413, "name": "Haute-Garonne", "admin_level": "6", "iso": "FR-31", "parent_iso": "FR", "parent_osm_id": 2202162}, "geometry": {"type": "Polygon", "coordinates": [[[0.7763, 42.8325], [0.7068, 42.8466], [0.6563, 42.8384], [0.6537, 42.8027], [0.6397, 42.7747], [0.6507, 42.7634], [0.6335, 42.7448], [0.6476, 42.741], [0.6664, 42.7148], [0.6567, 42.688], [0.4669, 42.6904], [0.4558, 42.7653], [0.4645, 42.8505], [0.477, 42.869], [0.5499, 42.8671], [0.5808, 42.8862], [0.6449, 42.9569], [0.6059, 43.0315], [0.5311, 43.0035], [0.529, 43.0161], [0.5629, 43.0738], [0.4416, 43.1311], [0.5247, 43.2027], [0.5693, 43.2215], [0.5668, 43.2524], [0.6153, 43.2913], [0.6067, 43.3109], [0.6383, 43.3125], [0.6633, 43.3239], [0.7138, 43.3733], [0.7821, 43.4124], [0.9119, 43.4073], [0.9797, 43.3639], [0.9996, 43.3591], [1.0253, 43.3775], [1.0352, 43.4755], [1.0549, 43.5204], [1.0715, 43.5371], [1.1327, 43.5365], [1.1773, 43.5617], [1.1923, 43.5988], [1.1452, 43.6344], [1.0674, 43.67], [1.0506, 43.701], [1.0167, 43.7181], [0.973, 43.7541], [0.9539, 43.7873], [1.052, 43.8057], [1.104, 43.8046], [1.1648, 43.8156], [1.2216, 43.7738], [1.2462, 43.7743], [1.3584, 43.8213], [1.2996, 43.8508], [1.3736, 43.8839], [1.4401, 43.8787], [1.4839, 43.9073], [1.5109, 43.8995], [1.5557, 43.9183], [1.5489, 43.8841], [1.5797, 43.8388], [1.5803, 43.8143], [1.6438, 43.7924], [1.6815, 43.7102], [1.7263, 43.6732], [1.7289, 43.6575], [1.7044, 43.65], [1.6878, 43.6308], [1.8211, 43.5786], [1.882, 43.5233], [1.95, 43.482], [1.9829, 43.4858], [2.0113, 43.511], [2.0438, 43.4983], [2.0531, 43.4861], [2.0269, 43.4553], [2.0317, 43.4226], [1.9506, 43.4142], [1.8839, 43.3928], [1.8664, 43.4197], [1.8409, 43.4211], [1.8073, 43.3803], [1.8126, 43.3498], [1.8033, 43.3358], [1.7302, 43.3227], [1.7026, 43.2667], [1.6753, 43.2745], [1.6473, 43.2479], [1.6305, 43.2449], [1.6089, 43.2653], [1.5742, 43.2631], [1.5152, 43.2967], [1.4963, 43.2928], [1.4885, 43.2798], [1.5046, 43.2495], [1.49, 43.2266], [1.467, 43.2138], [1.4409, 43.213], [1.4171, 43.2264], [1.4198, 43.2614], [1.3738, 43.2965], [1.3258, 43.3084], [1.3057, 43.299], [1.3013, 43.2728], [1.3155, 43.2598], [1.3695, 43.2436], [1.3823, 43.2313], [1.3729, 43.2163], [1.3494, 43.2043], [1.3048, 43.1913], [1.2366, 43.1848], [1.2205, 43.1696], [1.2247, 43.1573], [1.2731, 43.1406], [1.2901, 43.1235], [1.2427, 43.0888], [1.2258, 43.0907], [1.1929, 43.128], [1.137, 43.154], [1.0651, 43.1441], [1.0384, 43.1095], [0.9966, 43.0947], [0.9878, 43.081], [0.9979, 43.0098], [0.9922, 42.9903], [0.9564, 42.9671], [0.8866, 42.959], [0.8749, 42.9476], [0.8692, 42.925], [0.8376, 42.9073], [0.8325, 42.8841], [0.8561, 42.8128], [0.8129, 42.8316], [0.7763, 42.8325]]]}}, {"type": "Feature", "properties": {"osm_type": "relation", "osm_id": 7467, "name": "Hautes Pyrenees", "admin_level": "6", "iso": "FR-65", "parent_iso": "FR", "parent_osm_id": 2202162}, "geometry": {"type": "MultiPolygon", "coordinates": [[[[-0.2084, 42.7839], [-0.2351, 42.7862], [-0.247, 42.8048], [-0.3051, 42.8308], [-0.317, 42.8939], [-0.2842, 42.9408], [-0.2883, 42.9947], [-0.2461, 43.0305], [-0.1896, 43.0394], [-0.1914, 43.0918], [-0.1768, 43.1071], [-0.1389, 43.125], [-0.1109, 43.1648], [-0.0859, 43.1659], [-0.0664, 43.2115], [-0.0272, 43.2479], [-0.0369, 43.2769], [-0.0275, 43.3103], [0.0232, 43.3392], [0.0056, 43.3847], [0.007, 43.4286], [-0.0078, 43.4342], [-0.0342, 43.4144], [-0.049, 43.4212], [-0.0497, 43.4499], [-0.0198, 43.454], [-0.0178, 43.4679], [-0.0473, 43.5222], [-0.0795, 43.5452], [-0.0897, 43.5645], [-0.1097, 43.5748], [-0.0892, 43.5914], [-0.0345, 43.6118], [-0.0059, 43.6087], [0.0039, 43.572], [0.0245, 43.5356], [0.1236, 43.5049], [0.1327, 43.4772], [0.1496, 43.4564], [0.1402, 43.4192], [0.1957, 43.3716], [0.2267, 43.3679], [0.3087, 43.3776], [0.3511, 43.3478], [0.3875, 43.3628], [0.4093, 43.3348], [0.4685, 43.3345], [0.6067, 43.3109], [0.6153, 43.2913], [0.5668, 43.2524], [0.5693, 43.2215], [0.5247, 43.2027], [0.4416, 43.1311], [0.5629, 43.0738], [0.529, 43.0161], [0.5311, 43.0035], [0.6059, 43.0315], [0.6449, 42.9569], [0.5808, 42.8862], [0.5499, 42.8671], [0.477, 42.869], [0.4645, 42.8505], [0.4558, 42.7653], [0.4669, 42.6904], [0.3893, 42.6851], [0.3818, 42.7001], [0.3542, 42.7175], [0.336, 42.7127], [0.2902, 42.6703], [0.2754, 42.6687], [0.2384, 42.7104], [0.1692, 42.7265], [-0.0389, 42.6851], [-0.119, 42.7169], [-0.1231, 42.7304], [-0.1578, 42.7607], [-0.1614, 42.7953], [-0.2084, 42.7839]]], [[[-0.0874, 43.3867], [-0.0669, 43.3776], [-0.064, 43.3592], [-0.0768, 43.3339], [-0.0968, 43.3278], [-0.1123, 43.3385], [-0.1119, 43.3695], [-0.0993, 43.385], [-0.0874, 43.3867]]], [[[-0.1136, 43.3053], [-0.0903, 43.2955], [-0.0805, 43.2722], [-0.0975, 43.2508], [-0.118, 43.2476], [-0.1349, 43.2583], [-0.1386, 43.2718], [-0.1373, 43.2858], [-0.1136, 43.3053]]]]}}, {"type": "Feature", "properties": {"osm_type": "relation", "osm_id": 7439, "name": "Ari\u00e8ge", "admin_level": "6", "iso": "FR-09", "parent_iso": "FR", "parent_osm_id": 2202162}, "geometry": {"type": "Polygon", "coordinates": [[[0.9211, 42.7844], [0.8561, 42.8128], [0.8325, 42.8841], [0.8376, 42.9073], [0.8692, 42.925], [0.8749, 42.9476], [0.8866, 42.959], [0.9564, 42.9671], [0.9922, 42.9903], [0.9979, 43.0098], [0.9878, 43.081], [0.9966, 43.0947], [1.0384, 43.1095], [1.0651, 43.1441], [1.1306, 43.1552], [1.1929, 43.128], [1.2258, 43.0907], [1.2427, 43.0888], [1.2901, 43.1235], [1.2731, 43.1406], [1.2247, 43.1573], [1.2205, 43.1696], [1.2366, 43.1848], [1.3048, 43.1913], [1.3494, 43.2043], [1.3729, 43.2163], [1.3823, 43.2313], [1.3695, 43.2436], [1.3155, 43.2598], [1.3013, 43.2728], [1.3057, 43.299], [1.3258, 43.3084], [1.3738, 43.2965], [1.4198, 43.2614], [1.4171, 43.2264], [1.4409, 43.213], [1.467, 43.2138], [1.49, 43.2266], [1.5046, 43.2495], [1.4885, 43.2798], [1.4963, 43.2928], [1.5152, 43.2967], [1.5742, 43.2631], [1.6089, 43.2653], [1.6305, 43.2449], [1.6473, 43.2479], [1.6753, 43.2745], [1.7026, 43.2667], [1.6965, 43.2439], [1.7191, 43.1834], [1.7749, 43.1522], [1.8806, 43.1203], [1.9249, 43.1167], [1.9454, 43.1038], [1.9603, 43.0691], [1.9427, 43.0458], [1.9735, 43.0228], [1.9923, 42.9673], [1.9823, 42.9567], [1.9479, 42.9478], [1.9416, 42.9351], [1.9746, 42.9134], [1.9856, 42.8731], [1.9772, 42.8637], [1.9301, 42.8493], [1.8941, 42.8482], [1.8655, 42.8159], [1.9102, 42.7906], [1.918, 42.7521], [1.9735, 42.7308], [2.0751, 42.7439], [2.1082, 42.7117], [2.1577, 42.6914], [2.1688, 42.6701], [2.154, 42.6564], [2.0983, 42.6639], [1.9942, 42.6529], [1.9628, 42.6218], [1.9563, 42.587], [1.9285, 42.5692], [1.8728, 42.579], [1.7611, 42.5676], [1.7133, 42.5895], [1.722, 42.6099], [1.6083, 42.6181], [1.5431, 42.6494], [1.4668, 42.6415], [1.4514, 42.6021], [1.4293, 42.5954], [1.3611, 42.6867], [1.3382, 42.6944], [1.3426, 42.7087], [1.1959, 42.7136], [1.1515, 42.7067], [1.1343, 42.716], [1.1067, 42.7596], [1.0891, 42.7713], [0.9829, 42.7804], [0.9503, 42.7961], [0.9211, 42.7844]]]}}, {"type": "Feature", "properties": {"osm_type": "relation", "osm_id": 7466, "name": "Pyr\u00e9n\u00e9es-Orientales", "admin_level": "6", "iso": "FR-66", "parent_iso": "FR", "parent_osm_id": 2202162}, "geometry": {"type": "Polygon", "coordinates": [[[1.7171, 42.5399], [1.74, 42.5616], [1.7651, 42.5634], [1.7611, 42.5676], [1.8454, 42.5784], [1.9383, 42.5718], [1.9563, 42.587], [1.9676, 42.629], [2.0056, 42.6561], [2.0983, 42.6639], [2.154, 42.6564], [2.1661, 42.6638], [2.1894, 42.6522], [2.2647, 42.7089], [2.3226, 42.708], [2.3512, 42.7302], [2.3309, 42.8224], [2.3412, 42.8374], [2.375, 42.8473], [2.704, 42.834], [2.7297, 42.8403], [2.7839, 42.8898], [2.8553, 42.9138], [3.0463, 42.8371], [3.0376, 42.6832], [3.0518, 42.5549], [3.0661, 42.5421], [3.1374, 42.5249], [3.1459, 42.515], [3.1431, 42.4921], [3.1759, 42.4565], [3.1816, 42.4351], [3.1378, 42.4259], [3.0861, 42.4272], [3.0536, 42.4376], [3.0296, 42.4657], [2.9831, 42.4693], [2.9661, 42.461], [2.9337, 42.4702], [2.9008, 42.4513], [2.8508, 42.4484], [2.7886, 42.412], [2.7081, 42.4129], [2.6904, 42.4062], [2.6403, 42.3728], [2.6622, 42.339], [2.5481, 42.3522], [2.532, 42.3308], [2.5148, 42.3257], [2.4456, 42.352], [2.4225, 42.3837], [2.3755, 42.3893], [2.2774, 42.4286], [2.1842, 42.4118], [2.137, 42.4162], [2.121, 42.4106], [2.104, 42.3848], [2.0633, 42.3579], [2.0092, 42.3471], [1.9637, 42.3672], [1.9275, 42.4369], [1.8698, 42.4468], [1.7927, 42.4817], [1.7122, 42.4937], [1.707, 42.5028], [1.7171, 42.5399]], [[1.9834, 42.4413], [1.9995, 42.4439], [1.968, 42.4857], [1.9566, 42.4818], [1.9456, 42.4638], [1.9475, 42.4512], [1.9834, 42.4413]]]}}, {"type": "Feature", "properties": {"osm_type": "relation", "osm_id": 7415, "name": "Bas-Rhin", "admin_level": "6", "iso": "FR-67", "parent_iso": "FR", "parent_osm_id": 2202162}, "geometry": {"type": "Polygon", "coordinates": [[[7.6449, 49.0363], [7.6851, 49.0428], [7.7269, 49.0357], [7.7737, 49.0481], [7.8569, 49.0323], [7.9319, 49.0348], [8.0904, 48.9792], [8.2003, 48.9586], [8.1481, 48.9037], [8.0903, 48.8075], [8.0388, 48.7908], [8.0173, 48.7618], [7.9701, 48.7573], [7.9592, 48.7214], [7.8959, 48.6765], [7.8524, 48.6587], [7.8103, 48.615], [7.8017, 48.5476], [7.8135, 48.5195], [7.7765, 48.4982], [7.7383, 48.4066], [7.7507, 48.3414], [7.737, 48.3267], [7.7025, 48.3112], [7.6872, 48.2529], [7.6134, 48.1792], [7.6048, 48.1526], [7.582, 48.1214], [7.5433, 48.1229], [7.5259, 48.1274], [7.5144, 48.1515], [7.4701, 48.1602], [7.4762, 48.1982], [7.4661, 48.2073], [7.3035, 48.26], [7.2916, 48.2935], [7.2087, 48.3034], [7.209, 48.3153], [7.1885, 48.331], [7.1348, 48.3332], [7.1099, 48.3423], [7.1043, 48.3526], [7.1181, 48.3871], [7.1277, 48.4841], [7.1489, 48.4999], [7.0887, 48.5234], [7.193, 48.5335], [7.2137, 48.5532], [7.2629, 48.5758], [7.3004, 48.6556], [7.2688, 48.672], [7.2649, 48.6849], [7.3133, 48.7408], [7.3177, 48.7559], [7.3041, 48.7755], [7.2476, 48.8184], [7.2163, 48.8298], [7.214, 48.8468], [7.2044, 48.8542], [7.1916, 48.8474], [7.1839, 48.8246], [7.1467, 48.8127], [7.1201, 48.7894], [7.1032, 48.7925], [7.0749, 48.8245], [7.0964, 48.858], [6.9996, 48.8894], [6.9771, 48.9175], [6.9915, 48.9439], [7.0429, 48.9773], [7.047, 49.0002], [7.0825, 49.0353], [7.0777, 49.0541], [7.0864, 49.0646], [7.1192, 49.0564], [7.1327, 49.0209], [7.1454, 49.0099], [7.2844, 48.9775], [7.3018, 48.9547], [7.3417, 48.9434], [7.4907, 48.9589], [7.5452, 48.938], [7.5641, 48.9396], [7.5896, 48.9612], [7.6449, 49.0363]]]}}, {"type": "Feature", "properties": {"osm_type": "relation", "osm_id": 7403, "name": "Haut-Rhin", "admin_level": "6", "iso": "FR-68", "parent_iso": "FR", "parent_osm_id": 2202162}, "geometry": {"type": "Polygon", "coordinates": [[[7.582, 48.1214], [7.5726, 48.095], [7.5757, 48.0537], [7.6189, 48.0027], [7.6211, 47.9714], [7.5849, 47.9404], [7.5789, 47.9063], [7.559, 47.8827], [7.562, 47.8392], [7.5429, 47.8294], [7.5259, 47.7832], [7.5378, 47.7318], [7.5119, 47.7073], [7.5179, 47.675], [7.5366, 47.6652], [7.5903, 47.6079], [7.586, 47.5846], [7.5263, 47.5665], [7.4827, 47.5423], [7.5052, 47.533], [7.5055, 47.523], [7.4769, 47.5149], [7.4858, 47.4958], [7.4674, 47.4819], [7.4143, 47.4902], [7.4293, 47.4651], [7.4063, 47.4382], [7.3785, 47.4306], [7.3091, 47.4327], [7.2381, 47.4168], [7.1683, 47.4436], [7.1626, 47.4599], [7.1808, 47.4883], [7.1422, 47.4877], [7.1515, 47.5191], [7.1429, 47.5403], [7.0798, 47.5909], [7.0373, 47.5959], [7.0234, 47.606], [7.0237, 47.6195], [7.0579, 47.6664], [7.0503, 47.7156], [7.0237, 47.7357], [6.8827, 47.791], [6.8702, 47.8023], [6.8689, 47.819], [6.9239, 47.8432], [6.915, 47.8757], [6.9417, 47.9174], [6.9518, 47.957], [7.0085, 48.0103], [7.0594, 48.0847], [7.0812, 48.1046], [7.0869, 48.1254], [7.0742, 48.1461], [7.0832, 48.1645], [7.2087, 48.3034], [7.2916, 48.2935], [7.3035, 48.26], [7.4661, 48.2073], [7.4762, 48.1982], [7.4701, 48.1602], [7.5144, 48.1515], [7.5259, 48.1274], [7.582, 48.1214]]]}}, {"type": "Feature", "properties": {"osm_type": "relation", "osm_id": 7410, "name": "Territoire-de-Belfort", "admin_level": "6", "iso": "FR-90", "parent_iso": "FR", "parent_osm_id": 2202162}, "geometry": {"type": "Polygon", "coordinates": [[[7.0539, 47.4904], [7.0098, 47.4992], [6.9733, 47.4891], [6.991, 47.4522], [6.9685, 47.4352], [6.9392, 47.4268], [6.9144, 47.487], [6.9234, 47.5211], [6.9192, 47.5342], [6.8938, 47.5518], [6.8248, 47.5476], [6.8071, 47.5629], [6.8102, 47.5797], [6.7897, 47.6042], [6.7865, 47.655], [6.7591, 47.7228], [6.7651, 47.7529], [6.7848, 47.78], [6.836, 47.8242], [6.8689, 47.819], [6.8702, 47.8023], [6.8827, 47.791], [7.0237, 47.7357], [7.0503, 47.7156], [7.0579, 47.6664], [7.0237, 47.6195], [7.0234, 47.606], [7.0373, 47.5959], [7.0798, 47.5909], [7.1342, 47.5497], [7.1515, 47.5191], [7.1422, 47.4877], [7.1037, 47.4963], [7.0539, 47.4904]]]}}, {"type": "Feature", "properties": {"osm_type": "relation", "osm_id": 7462, "name": "Doubs", "admin_level": "6", "iso": "FR-25", "parent_iso": "FR", "parent_osm_id": 2202162}, "geometry": {"type": "Polygon", "coordinates": [[[6.9392, 47.4268], [6.9261, 47.4249], [6.9245, 47.406], [6.884, 47.3826], [6.8666, 47.3542], [7.004, 47.3681], [7.0443, 47.3405], [7.0366, 47.3295], [6.9586, 47.2906], [6.9522, 47.27], [6.9562, 47.2452], [6.8883, 47.2113], [6.8403, 47.1695], [6.7748, 47.1282], [6.7448, 47.1211], [6.746, 47.1039], [6.6897, 47.0783], [6.6763, 47.0624], [6.6883, 47.0438], [6.6654, 47.0213], [6.5987, 46.9865], [6.4911, 46.9634], [6.4426, 46.9442], [6.4278, 46.9091], [6.4452, 46.8826], [6.4468, 46.8577], [6.4171, 46.8022], [6.4326, 46.786], [6.4292, 46.7608], [6.3379, 46.7074], [6.2663, 46.6804], [6.1319, 46.5956], [6.1184, 46.5835], [6.1215, 46.5703], [6.138, 46.5576], [6.0852, 46.5799], [6.0598, 46.5995], [6.0538, 46.6163], [6.0956, 46.6487], [6.0834, 46.691], [6.1928, 46.7521], [6.2066, 46.7664], [6.082, 46.8467], [6.0248, 46.8582], [5.9935, 46.8956], [5.9842, 46.9493], [5.9497, 46.9848], [5.8374, 47.009], [5.804, 47.0314], [5.7669, 47.014], [5.7479, 47.0249], [5.7524, 47.0403], [5.7757, 47.0583], [5.7779, 47.0919], [5.806, 47.1158], [5.8152, 47.1436], [5.7816, 47.1898], [5.7252, 47.2178], [5.6988, 47.265], [5.7316, 47.2644], [5.9271, 47.343], [5.9974, 47.3365], [6.0745, 47.3555], [6.1231, 47.3939], [6.1736, 47.3973], [6.2064, 47.4312], [6.2609, 47.4285], [6.3211, 47.5012], [6.4245, 47.5177], [6.4506, 47.5124], [6.4758, 47.4953], [6.5005, 47.5102], [6.5538, 47.4904], [6.5959, 47.5384], [6.6339, 47.5329], [6.7034, 47.5577], [6.7798, 47.5428], [6.8071, 47.5629], [6.8248, 47.5476], [6.8938, 47.5518], [6.9192, 47.5342], [6.9234, 47.5211], [6.9144, 47.487], [6.9392, 47.4268]]]}}, {"type": "Feature", "properties": {"osm_type": "relation", "osm_id": 7387, "name": "Ain", "admin_level": "6", "iso": "FR-01", "parent_iso": "FR", "parent_osm_id": 2202162}, "geometry": {"type": "Polygon", "coordinates": [[[6.1186, 46.3318], [6.1007, 46.3014], [6.0897, 46.2464], [6.0429, 46.2431], [5.9585, 46.212], [5.9548, 46.1999], [5.9829, 46.1708], [5.9588, 46.1305], [5.9137, 46.1282], [5.8716, 46.0933], [5.8459, 46.111], [5.8252, 46.0953], [5.8242, 46.0502], [5.8406, 45.9329], [5.8319, 45.8982], [5.7841, 45.7973], [5.7724, 45.7415], [5.7556, 45.7177], [5.7129, 45.7001], [5.6409, 45.6458], [5.6199, 45.6437], [5.6005, 45.6556], [5.547, 45.7196], [5.4777, 45.7641], [5.4502, 45.793], [5.4302, 45.8443], [5.369, 45.88], [5.3335, 45.868], [5.2729, 45.7998], [5.2392, 45.7857], [5.1184, 45.8266], [5.0503, 45.8198], [4.9922, 45.8266], [4.9169, 45.8113], [4.9037, 45.8582], [4.9091, 45.8742], [4.8459, 45.9097], [4.8201, 45.9066], [4.8127, 45.9227], [4.7844, 45.9448], [4.7485, 45.9569], [4.7554, 45.9979], [4.749, 46.0594], [4.7946, 46.1514], [4.794, 46.188], [4.8152, 46.2506], [4.8728, 46.3376], [4.8742, 46.3597], [4.9027, 46.404], [4.9133, 46.4512], [4.9466, 46.5072], [4.9732, 46.5088], [5.0414, 46.4909], [5.1553, 46.5112], [5.1786, 46.5054], [5.2404, 46.4687], [5.311, 46.4554], [5.3113, 46.4199], [5.3203, 46.4084], [5.3639, 46.3914], [5.3754, 46.3604], [5.3918, 46.3469], [5.4266, 46.3386], [5.4396, 46.325], [5.4691, 46.3203], [5.4745, 46.3095], [5.4699, 46.2769], [5.4826, 46.2662], [5.5099, 46.2607], [5.5718, 46.2955], [5.5954, 46.3], [5.603, 46.3142], [5.6479, 46.344], [5.6978, 46.3121], [5.7217, 46.2736], [5.8719, 46.2719], [5.9521, 46.3233], [5.9689, 46.3448], [6.059, 46.4174], [6.1082, 46.3965], [6.1351, 46.3704], [6.1364, 46.3593], [6.1186, 46.3318]]]}}, {"type": "Feature", "properties": {"osm_type": "relation", "osm_id": 7460, "name": "Jura", "admin_level": "6", "iso": "FR-39", "parent_iso": "FR", "parent_osm_id": 2202162}, "geometry": {"type": "Polygon", "coordinates": [[[6.138, 46.5576], [6.1457, 46.5516], [6.0602, 46.465], [6.0676, 46.4336], [6.0542, 46.4194], [6.059, 46.4174], [5.9689, 46.3448], [5.9521, 46.3233], [5.8809, 46.2755], [5.8396, 46.2674], [5.7217, 46.2736], [5.6978, 46.3121], [5.6479, 46.344], [5.603, 46.3142], [5.5954, 46.3], [5.5718, 46.2955], [5.5527, 46.2797], [5.5099, 46.2607], [5.4826, 46.2662], [5.4699, 46.2769], [5.4745, 46.3095], [5.4691, 46.3203], [5.4396, 46.325], [5.4266, 46.3386], [5.383, 46.3523], [5.3639, 46.3914], [5.3203, 46.4084], [5.3113, 46.4199], [5.311, 46.4554], [5.4034, 46.4749], [5.4246, 46.491], [5.4156, 46.5076], [5.3695, 46.5291], [5.3611, 46.5466], [5.3689, 46.5762], [5.4069, 46.5966], [5.4244, 46.6438], [5.3943, 46.7273], [5.3704, 46.7447], [5.3864, 46.7714], [5.3547, 46.7949], [5.3502, 46.8097], [5.3648, 46.8202], [5.4371, 46.8281], [5.4515, 46.8385], [5.4583, 46.8563], [5.3302, 46.9031], [5.275, 46.9442], [5.2502, 46.981], [5.3066, 47.007], [5.3107, 47.0133], [5.3004, 47.0435], [5.3068, 47.056], [5.3826, 47.0814], [5.4044, 47.0986], [5.4939, 47.2025], [5.5217, 47.2893], [5.5289, 47.2922], [5.6, 47.2608], [5.6663, 47.2706], [5.6988, 47.265], [5.7252, 47.2178], [5.7816, 47.1898], [5.8152, 47.1436], [5.806, 47.1158], [5.7779, 47.0919], [5.7757, 47.0583], [5.7476, 47.0328], [5.7522, 47.0189], [5.7669, 47.014], [5.804, 47.0314], [5.8374, 47.009], [5.9497, 46.9848], [5.9842, 46.9493], [5.9935, 46.8956], [6.0248, 46.8582], [6.082, 46.8467], [6.2066, 46.7664], [6.1928, 46.7521], [6.0834, 46.691], [6.0956, 46.6487], [6.0538, 46.6163], [6.0598, 46.5995], [6.0852, 46.5799], [6.138, 46.5576]]]}}, {"type": "Feature", "properties": {"osm_type": "relation", "osm_id": 7390, "name": "Var", "admin_level": "6", "iso": "FR-83", "parent_iso": "FR", "parent_osm_id": 2202162}, "geometry": {"type": "MultiPolygon", "coordinates": [[[[6.9332, 43.4803], [6.9204, 43.449], [6.8982, 43.438], [6.894, 43.4276], [6.8711, 43.4261], [6.863, 43.4394], [6.858, 43.4362], [6.8601, 43.4159], [6.7831, 43.4086], [6.7571, 43.4227], [6.7465, 43.4179], [6.7311, 43.4078], [6.7328, 43.3821], [6.7178, 43.3669], [6.7178, 43.3506], [6.6746, 43.3464], [6.6613, 43.3223], [6.5972, 43.284], [6.5909, 43.2689], [6.6117, 43.2643], [6.6724, 43.2762], [6.6934, 43.273], [6.698, 43.2655], [6.6854, 43.248], [6.6684, 43.2395], [6.6654, 43.2213], [6.6798, 43.2016], [6.6099, 43.1734], [6.5995, 43.175], [6.5933, 43.1877], [6.5399, 43.1822], [6.5267, 43.1606], [6.5057, 43.151], [6.4792, 43.1561], [6.4017, 43.1469], [6.3785, 43.1361], [6.3661, 43.1186], [6.3754, 43.0908], [6.3423, 43.0908], [6.3257, 43.1042], [6.2804, 43.1187], [6.2535, 43.1209], [6.1932, 43.1088], [6.1629, 43.0926], [6.1532, 43.072], [6.1528, 43.0481], [6.1854, 43.0454], [6.1801, 43.0359], [6.0885, 43.0348], [6.1321, 43.0526], [6.1291, 43.0714], [6.1097, 43.0843], [6.027, 43.0782], [6.0165, 43.0989], [5.9587, 43.1022], [5.9341, 43.1136], [5.9409, 43.134], [5.8794, 43.1204], [5.8963, 43.1154], [5.9106, 43.0932], [5.9514, 43.08], [5.9403, 43.0709], [5.8753, 43.0688], [5.8566, 43.0448], [5.819, 43.0535], [5.7819, 43.0791], [5.8181, 43.0991], [5.8115, 43.1067], [5.7834, 43.1146], [5.7761, 43.1308], [5.741, 43.1321], [5.6963, 43.1469], [5.6877, 43.1688], [5.6722, 43.1804], [5.6919, 43.2357], [5.7455, 43.2622], [5.761, 43.2786], [5.7482, 43.2987], [5.7203, 43.3132], [5.691, 43.313], [5.6883, 43.3225], [5.7009, 43.3585], [5.6827, 43.3991], [5.7789, 43.4101], [5.7134, 43.4767], [5.7107, 43.498], [5.7251, 43.5514], [5.682, 43.5838], [5.6809, 43.6108], [5.7073, 43.6435], [5.7908, 43.6612], [5.8132, 43.6891], [5.7948, 43.6964], [5.774, 43.726], [5.7538, 43.7321], [5.7786, 43.7582], [5.8553, 43.7255], [5.8824, 43.7251], [5.9103, 43.7486], [5.9295, 43.7495], [5.9891, 43.7066], [6.0104, 43.6757], [6.0282, 43.6716], [6.0734, 43.7156], [6.1407, 43.7375], [6.2132, 43.7915], [6.2436, 43.8011], [6.3545, 43.7364], [6.386, 43.741], [6.4273, 43.7938], [6.5239, 43.8023], [6.5498, 43.791], [6.6169, 43.8065], [6.6654, 43.7526], [6.7494, 43.7382], [6.7574, 43.7309], [6.7708, 43.7015], [6.7683, 43.6668], [6.7752, 43.6551], [6.8367, 43.6131], [6.8531, 43.6063], [6.9002, 43.6093], [6.912, 43.5983], [6.9135, 43.5832], [6.8787, 43.5179], [6.89, 43.501], [6.9332, 43.4803]]], [[[6.235, 43.0224], [6.2419, 43.0256], [6.251, 43.0173], [6.2522, 43.0026], [6.2165, 42.9904], [6.2025, 42.9871], [6.1662, 42.9997], [6.1751, 43.009], [6.203, 43.008], [6.2334, 43.0156], [6.235, 43.0224]]]]}}, {"type": "Feature", "properties": {"osm_type": "relation", "osm_id": 7393, "name": "Bouches-du-Rh\u00f4ne", "admin_level": "6", "iso": "FR-13", "parent_iso": "FR", "parent_osm_id": 2202162}, "geometry": {"type": "Polygon", "coordinates": [[[5.6722, 43.1804], [5.6342, 43.1872], [5.6124, 43.1604], [5.5727, 43.1691], [5.525, 43.2126], [5.5042, 43.2057], [5.3703, 43.2079], [5.347, 43.2159], [5.3692, 43.2704], [5.3573, 43.2803], [5.3389, 43.3343], [5.2942, 43.3555], [5.2383, 43.328], [5.1252, 43.3258], [5.034, 43.3355], [5.0139, 43.3579], [5.0056, 43.3816], [5.0261, 43.4093], [5.0571, 43.4221], [5.1738, 43.4283], [5.2136, 43.4578], [5.2263, 43.4803], [5.2228, 43.504], [5.1655, 43.4825], [5.14, 43.4858], [5.1184, 43.504], [5.1057, 43.533], [5.0537, 43.5382], [5.0291, 43.5586], [5.0093, 43.5176], [5.0147, 43.4987], [5.0503, 43.4767], [5.0623, 43.4516], [5.0511, 43.4293], [5.0276, 43.417], [4.9985, 43.4147], [4.9285, 43.4401], [4.8682, 43.4215], [4.8503, 43.4014], [4.8675, 43.3651], [4.901, 43.367], [4.8558, 43.3418], [4.8333, 43.382], [4.7578, 43.4223], [4.7424, 43.4487], [4.7424, 43.5245], [4.7258, 43.5568], [4.6946, 43.5791], [4.7288, 43.5279], [4.7288, 43.4562], [4.7425, 43.4226], [4.823, 43.3672], [4.8203, 43.3464], [4.6659, 43.3475], [4.5923, 43.3599], [4.5663, 43.3711], [4.5655, 43.3879], [4.5857, 43.4042], [4.588, 43.4169], [4.5796, 43.4301], [4.513, 43.4558], [4.4094, 43.4477], [4.2059, 43.4599], [4.2313, 43.4715], [4.2476, 43.501], [4.3214, 43.5246], [4.3778, 43.5575], [4.4046, 43.5642], [4.413, 43.5819], [4.4531, 43.591], [4.463, 43.6151], [4.4349, 43.6199], [4.4294, 43.6279], [4.4771, 43.6931], [4.5309, 43.7136], [4.6088, 43.6987], [4.6172, 43.7159], [4.6169, 43.741], [4.6489, 43.8059], [4.6409, 43.8706], [4.7267, 43.9172], [4.7728, 43.9328], [4.9059, 43.8955], [4.9685, 43.8667], [5.0872, 43.7868], [5.1926, 43.7491], [5.3366, 43.7398], [5.4136, 43.6952], [5.5309, 43.6693], [5.5825, 43.666], [5.6444, 43.6949], [5.7109, 43.7061], [5.7538, 43.7321], [5.774, 43.726], [5.7948, 43.6964], [5.8132, 43.6891], [5.7908, 43.6612], [5.7073, 43.6435], [5.6809, 43.6108], [5.682, 43.5838], [5.7251, 43.5514], [5.7107, 43.498], [5.7134, 43.4767], [5.7789, 43.4101], [5.6827, 43.3991], [5.7009, 43.3585], [5.6879, 43.3319], [5.691, 43.313], [5.7203, 43.3132], [5.7482, 43.2987], [5.761, 43.2786], [5.7455, 43.2622], [5.6919, 43.2357], [5.6722, 43.1804]]]}}, {"type": "Feature", "properties": {"osm_type": "relation", "osm_id": 7461, "name": "Gard", "admin_level": "6", "iso": "FR-30", "parent_iso": "FR", "parent_osm_id": 2202162}, "geometry": {"type": "Polygon", "coordinates": [[[4.2059, 43.4599], [4.1328, 43.487], [4.1172, 43.5105], [4.1328, 43.5328], [4.1001, 43.5597], [4.0998, 43.5853], [4.155, 43.6014], [4.1807, 43.6407], [4.1764, 43.6905], [4.1284, 43.7459], [4.025, 43.7957], [3.9707, 43.8023], [3.9687, 43.8484], [3.9544, 43.8718], [3.9044, 43.8807], [3.8314, 43.8715], [3.7995, 43.8907], [3.8237, 43.936], [3.7832, 43.9651], [3.7216, 43.9707], [3.6825, 43.9453], [3.6676, 43.9138], [3.6092, 43.9113], [3.5656, 43.866], [3.5451, 43.8664], [3.4944, 43.8923], [3.4776, 43.8879], [3.4605, 43.854], [3.4489, 43.852], [3.4271, 43.8668], [3.4097, 43.8976], [3.3933, 43.9046], [3.342, 43.9039], [3.3569, 43.9386], [3.4433, 44.0009], [3.4469, 44.0144], [3.3864, 44.054], [3.3516, 44.0572], [3.3322, 44.0719], [3.3065, 44.0691], [3.2868, 44.0862], [3.3237, 44.1044], [3.3266, 44.1332], [3.3767, 44.1683], [3.4803, 44.1218], [3.5179, 44.1134], [3.6163, 44.1168], [3.6366, 44.1273], [3.6427, 44.1769], [3.671, 44.1841], [3.791, 44.136], [3.8758, 44.1314], [3.9204, 44.1664], [3.9654, 44.2472], [3.9366, 44.3067], [3.9265, 44.3507], [3.8948, 44.3902], [3.9592, 44.4138], [3.994, 44.4579], [4.0218, 44.4395], [4.0497, 44.4035], [4.0361, 44.3756], [4.0499, 44.3252], [4.1306, 44.3317], [4.149, 44.3172], [4.2511, 44.2818], [4.3422, 44.3337], [4.3864, 44.3389], [4.3967, 44.3283], [4.3956, 44.3011], [4.4181, 44.2905], [4.4451, 44.3011], [4.4557, 44.3318], [4.5208, 44.3368], [4.5506, 44.3271], [4.5852, 44.3007], [4.6578, 44.2817], [4.6673, 44.258], [4.6884, 44.2361], [4.69, 44.2149], [4.7213, 44.1902], [4.719, 44.1247], [4.726, 44.0888], [4.7779, 44.0843], [4.8444, 44.0221], [4.8475, 44.0022], [4.8209, 44.0004], [4.82, 43.9681], [4.8003, 43.9488], [4.6409, 43.8706], [4.6489, 43.8059], [4.6169, 43.741], [4.6172, 43.7159], [4.6088, 43.6987], [4.5309, 43.7136], [4.4771, 43.6931], [4.4294, 43.6279], [4.4349, 43.6199], [4.463, 43.6151], [4.4531, 43.591], [4.413, 43.5819], [4.4046, 43.5642], [4.3778, 43.5575], [4.3214, 43.5246], [4.2476, 43.501], [4.2313, 43.4715], [4.2059, 43.4599]]]}}, {"type": "Feature", "properties": {"osm_type": "relation", "osm_id": 7429, "name": "H\u00e9rault", "admin_level": "6", "iso": "FR-34", "parent_iso": "FR", "parent_osm_id": 2202162}, "geometry": {"type": "Polygon", "coordinates": [[[4.1053, 43.5519], [4.0475, 43.5561], [3.953, 43.5399], [3.7399, 43.4128], [3.6222, 43.3749], [3.5897, 43.3549], [3.5134, 43.2811], [3.4924, 43.2743], [3.4524, 43.2888], [3.3854, 43.2839], [3.3177, 43.2631], [3.2443, 43.2194], [3.1895, 43.2461], [3.1096, 43.2536], [3.0619, 43.2764], [3.011, 43.2826], [3.0032, 43.2953], [3.0044, 43.3197], [2.9326, 43.3161], [2.8702, 43.3867], [2.856, 43.3841], [2.8513, 43.3734], [2.8519, 43.3448], [2.8395, 43.3162], [2.7556, 43.258], [2.7111, 43.2751], [2.6877, 43.3231], [2.6634, 43.2984], [2.6381, 43.2956], [2.6114, 43.3069], [2.5585, 43.3472], [2.5552, 43.369], [2.593, 43.4116], [2.5675, 43.4228], [2.6059, 43.4306], [2.662, 43.4692], [2.6503, 43.4904], [2.6573, 43.5298], [2.6212, 43.5652], [2.622, 43.5978], [2.6414, 43.6331], [2.6882, 43.6392], [2.7756, 43.6179], [2.8856, 43.6529], [2.9345, 43.6937], [2.9821, 43.701], [3.0341, 43.6909], [3.0509, 43.7015], [3.0562, 43.7156], [3.0612, 43.7661], [3.0492, 43.7916], [3.0529, 43.8101], [3.0675, 43.8209], [3.1987, 43.8145], [3.2323, 43.8391], [3.2447, 43.872], [3.2744, 43.8876], [3.3218, 43.8911], [3.342, 43.9039], [3.3933, 43.9046], [3.4097, 43.8976], [3.4271, 43.8668], [3.4489, 43.852], [3.4605, 43.854], [3.4776, 43.8879], [3.4944, 43.8923], [3.5451, 43.8664], [3.5656, 43.866], [3.6092, 43.9113], [3.6676, 43.9138], [3.6825, 43.9453], [3.7216, 43.9707], [3.7832, 43.9651], [3.8237, 43.936], [3.7995, 43.8907], [3.8314, 43.8715], [3.94, 43.879], [3.9638, 43.8616], [3.9707, 43.8023], [4.025, 43.7957], [4.1416, 43.7381], [4.1764, 43.6905], [4.1807, 43.6407], [4.155, 43.6014], [4.0998, 43.5853], [4.1053, 43.5519]]]}}, {"type": "Feature", "properties": {"osm_type": "relation", "osm_id": 7446, "name": "Aude", "admin_level": "6", "iso": "FR-11", "parent_iso": "FR", "parent_osm_id": 2202162}, "geometry": {"type": "Polygon", "coordinates": [[[3.2443, 43.2194], [3.114, 43.1063], [3.0704, 43.0269], [3.039, 42.9428], [3.0418, 42.9328], [3.0547, 42.9271], [3.0561, 42.9071], [3.0463, 42.8371], [2.8553, 42.9138], [2.7839, 42.8898], [2.7297, 42.8403], [2.704, 42.834], [2.375, 42.8473], [2.3412, 42.8374], [2.3309, 42.8224], [2.3507, 42.7452], [2.343, 42.7188], [2.3067, 42.7052], [2.2647, 42.7089], [2.1894, 42.6522], [2.1661, 42.6638], [2.1684, 42.6765], [2.1577, 42.6914], [2.1082, 42.7117], [2.0751, 42.7439], [1.9735, 42.7308], [1.9127, 42.7566], [1.9102, 42.7906], [1.8691, 42.8103], [1.8703, 42.8246], [1.8941, 42.8482], [1.9301, 42.8493], [1.9772, 42.8637], [1.9856, 42.8731], [1.9746, 42.9134], [1.9416, 42.9351], [1.9479, 42.9478], [1.9823, 42.9567], [1.9923, 42.9673], [1.9735, 43.0228], [1.9427, 43.0458], [1.9603, 43.0691], [1.9576, 43.087], [1.9249, 43.1167], [1.8806, 43.1203], [1.7749, 43.1522], [1.7268, 43.1784], [1.7136, 43.1897], [1.6965, 43.2439], [1.7057, 43.2818], [1.7245, 43.303], [1.7302, 43.3227], [1.7949, 43.3335], [1.8112, 43.3439], [1.8073, 43.3803], [1.8409, 43.4211], [1.8664, 43.4197], [1.8839, 43.3928], [1.9506, 43.4142], [2.0317, 43.4226], [2.0806, 43.3932], [2.1672, 43.401], [2.2082, 43.3832], [2.2314, 43.396], [2.2268, 43.4212], [2.2339, 43.4329], [2.2615, 43.4423], [2.3672, 43.4248], [2.4617, 43.43], [2.5675, 43.4228], [2.593, 43.4116], [2.5552, 43.369], [2.5585, 43.3472], [2.5831, 43.3246], [2.6381, 43.2956], [2.6634, 43.2984], [2.6877, 43.3231], [2.7111, 43.2751], [2.7556, 43.258], [2.8395, 43.3162], [2.8519, 43.3448], [2.8513, 43.3734], [2.856, 43.3841], [2.8702, 43.3867], [2.9326, 43.3161], [3.0044, 43.3197], [3.0032, 43.2953], [3.011, 43.2826], [3.0619, 43.2764], [3.1096, 43.2536], [3.1895, 43.2461], [3.2443, 43.2194]]]}}, {"type": "Feature", "properties": {"osm_type": "relation", "osm_id": 7376, "name": "Landes", "admin_level": "6", "iso": "FR-40", "parent_iso": "FR", "parent_osm_id": 2202162}, "geometry": {"type": "Polygon", "coordinates": [[[-1.514, 43.5386], [-1.4769, 43.5801], [-1.446, 43.6684], [-1.4049, 43.8323], [-1.3812, 43.8896], [-1.2816, 44.3022], [-1.2513, 44.4682], [-1.145, 44.4935], [-1.0794, 44.5298], [-1.0002, 44.5044], [-0.9894, 44.4832], [-1.0078, 44.4364], [-0.9894, 44.4315], [-0.9219, 44.4401], [-0.8411, 44.423], [-0.6806, 44.4515], [-0.6441, 44.4486], [-0.6274, 44.4339], [-0.622, 44.4123], [-0.6099, 44.4], [-0.5313, 44.3662], [-0.5177, 44.3391], [-0.4381, 44.3188], [-0.3905, 44.2888], [-0.3841, 44.2803], [-0.3963, 44.2375], [-0.3799, 44.2088], [-0.239, 44.198], [-0.2237, 44.212], [-0.2198, 44.2582], [-0.2032, 44.2645], [-0.1406, 44.2265], [-0.1295, 44.1907], [-0.1292, 44.1525], [-0.0795, 44.1541], [0.1187, 44.1259], [0.1355, 44.1173], [0.1017, 44.0803], [0.079, 44.0384], [0.0603, 44.0249], [0.0852, 43.9673], [0.076, 43.956], [0.082, 43.9306], [0.0733, 43.9126], [0.0553, 43.907], [-0.0003, 43.9149], [-0.0091, 43.9299], [0.0045, 43.948], [0.003, 43.9587], [-0.024, 43.9711], [-0.0694, 43.952], [-0.1, 43.9284], [-0.1675, 43.9309], [-0.2219, 43.8987], [-0.2239, 43.8914], [-0.1976, 43.8672], [-0.1834, 43.8354], [-0.2081, 43.788], [-0.209, 43.7566], [-0.1969, 43.7326], [-0.2221, 43.6927], [-0.2527, 43.6865], [-0.2453, 43.6596], [-0.2679, 43.629], [-0.2363, 43.5871], [-0.3229, 43.5638], [-0.434, 43.553], [-0.4508, 43.5597], [-0.4469, 43.5885], [-0.4604, 43.5921], [-0.5623, 43.5431], [-0.672, 43.5573], [-0.7153, 43.5475], [-0.7607, 43.5665], [-0.8, 43.5674], [-0.8595, 43.5444], [-0.9028, 43.5474], [-0.9238, 43.5337], [-0.9838, 43.5452], [-0.9833, 43.5234], [-1.0053, 43.5053], [-1.0382, 43.504], [-1.0811, 43.5229], [-1.154, 43.49], [-1.1717, 43.5052], [-1.1667, 43.5372], [-1.173, 43.5511], [-1.2041, 43.5643], [-1.2429, 43.5309], [-1.3166, 43.5087], [-1.4407, 43.4991], [-1.4709, 43.5095], [-1.514, 43.5386]]]}}, {"type": "Feature", "properties": {"osm_type": "relation", "osm_id": 7405, "name": "Gironde", "admin_level": "6", "iso": "FR-33", "parent_iso": "FR", "parent_osm_id": 2202162}, "geometry": {"type": "Polygon", "coordinates": [[[-1.2513, 44.4682], [-1.2473, 44.5045], [-1.2572, 44.5561], [-1.2269, 44.5899], [-1.2063, 44.6479], [-1.1865, 44.6655], [-1.1002, 44.6553], [-1.0447, 44.6694], [-1.0444, 44.6846], [-1.0692, 44.7032], [-1.0555, 44.7032], [-1.0653, 44.7175], [-1.1409, 44.7681], [-1.1722, 44.7783], [-1.2336, 44.7069], [-1.2604, 44.6274], [-1.1995, 45.1208], [-1.1579, 45.2791], [-1.14, 45.4901], [-1.0996, 45.5535], [-1.0853, 45.569], [-1.0692, 45.5733], [-1.0562, 45.5651], [-1.0623, 45.5324], [-1.0399, 45.5073], [-0.973, 45.4705], [-0.9153, 45.4504], [-0.7662, 45.3261], [-0.716, 45.1345], [-0.6822, 45.0765], [-0.6482, 45.0449], [-0.569, 44.998], [-0.5592, 44.9761], [-0.5565, 44.9185], [-0.5347, 44.895], [-0.5485, 44.9495], [-0.539, 44.9765], [-0.5504, 44.9982], [-0.5962, 45.0246], [-0.5394, 45.0195], [-0.4938, 44.998], [-0.519, 45.0294], [-0.6022, 45.0535], [-0.6378, 45.0731], [-0.656, 45.0991], [-0.6687, 45.1308], [-0.7066, 45.3222], [-0.6268, 45.3197], [-0.5922, 45.3471], [-0.5748, 45.3397], [-0.5567, 45.2992], [-0.4852, 45.289], [-0.4292, 45.2583], [-0.4211, 45.2431], [-0.4213, 45.2017], [-0.3876, 45.1639], [-0.3391, 45.1665], [-0.2779, 45.1431], [-0.2397, 45.1175], [-0.1738, 45.1011], [-0.0888, 45.119], [-0.0608, 45.1115], [-0.0336, 45.1201], [0.0315, 45.1201], [0.0486, 45.1089], [0.0659, 45.0635], [0.0384, 45.0186], [0.0394, 44.9963], [0.0137, 44.9725], [0.0051, 44.9463], [0.0308, 44.9198], [0.0306, 44.9108], [-0.0127, 44.8613], [0.0006, 44.863], [0.0311, 44.8403], [0.1745, 44.8267], [0.1931, 44.8319], [0.2399, 44.8676], [0.233, 44.8813], [0.3048, 44.8676], [0.3222, 44.8566], [0.2965, 44.8337], [0.2638, 44.8265], [0.2745, 44.7901], [0.2974, 44.7623], [0.2324, 44.7585], [0.2138, 44.7147], [0.2004, 44.7138], [0.1709, 44.7386], [0.1586, 44.7401], [0.1187, 44.7239], [0.1084, 44.6965], [0.1132, 44.6836], [0.1253, 44.6729], [0.1656, 44.6639], [0.1746, 44.6556], [0.1702, 44.6374], [0.0819, 44.5571], [0.0333, 44.5491], [-0.0138, 44.4977], [-0.015, 44.4738], [0.0113, 44.4489], [-0.0012, 44.4104], [0.016, 44.3812], [0.0148, 44.3667], [-0.0048, 44.3695], [-0.0854, 44.3457], [-0.048, 44.3073], [-0.0347, 44.2759], [-0.0664, 44.2536], [-0.1406, 44.2265], [-0.2032, 44.2645], [-0.2198, 44.2582], [-0.2237, 44.212], [-0.239, 44.198], [-0.3799, 44.2088], [-0.3963, 44.2375], [-0.3841, 44.2803], [-0.3905, 44.2888], [-0.4381, 44.3188], [-0.5177, 44.3391], [-0.5313, 44.3662], [-0.6099, 44.4], [-0.622, 44.4123], [-0.6274, 44.4339], [-0.6441, 44.4486], [-0.6806, 44.4515], [-0.8411, 44.423], [-0.9219, 44.4401], [-0.9894, 44.4315], [-1.0078, 44.4364], [-0.9894, 44.4832], [-1.0002, 44.5044], [-1.0794, 44.5298], [-1.145, 44.4935], [-1.2513, 44.4682]]]}}, {"type": "Feature", "properties": {"osm_type": "relation", "osm_id": 7431, "name": "Charente-Maritime", "admin_level": "6", "iso": "FR-17", "parent_iso": "FR", "parent_osm_id": 2202162}, "geometry": {"type": "MultiPolygon", "coordinates": [[[[-0.7066, 45.3222], [-0.753, 45.4241], [-0.7955, 45.4771], [-0.8418, 45.5146], [-0.9835, 45.587], [-0.9909, 45.6101], [-1.0303, 45.6229], [-1.0838, 45.6604], [-1.1493, 45.6789], [-1.1942, 45.7102], [-1.2294, 45.7048], [-1.2473, 45.7099], [-1.2303, 45.7924], [-1.1638, 45.8067], [-1.1443, 45.8061], [-1.0572, 45.7402], [-0.9872, 45.7174], [-1.1254, 45.8077], [-1.1517, 45.8681], [-1.1125, 45.8957], [-1.0734, 45.9044], [-1.0704, 45.9263], [-1.0898, 45.9508], [-1.0692, 45.9643], [-1.0966, 45.9854], [-1.1107, 46.0184], [-1.073, 46.0075], [-1.0597, 46.0158], [-1.0487, 46.0388], [-1.0842, 46.0565], [-1.097, 46.1015], [-1.129, 46.1158], [-1.117, 46.1282], [-1.1521, 46.1439], [-1.1517, 46.1562], [-1.2002, 46.1591], [-1.2097, 46.1662], [-1.2044, 46.1843], [-1.1852, 46.1972], [-1.1905, 46.2163], [-1.1796, 46.2295], [-1.1107, 46.2592], [-1.1035, 46.28], [-1.1192, 46.311], [-1.0903, 46.3395], [-0.9698, 46.3624], [-0.955, 46.3537], [-0.9731, 46.3292], [-0.9599, 46.3201], [-0.8671, 46.3342], [-0.8251, 46.3313], [-0.7566, 46.3012], [-0.7414, 46.272], [-0.7514, 46.2451], [-0.7234, 46.2311], [-0.6371, 46.1545], [-0.5917, 46.1392], [-0.5499, 46.1397], [-0.49, 46.1027], [-0.4219, 46.1048], [-0.3713, 46.0775], [-0.3038, 46.0761], [-0.2596, 46.0652], [-0.1776, 46.0234], [-0.1244, 45.9757], [-0.103, 45.9697], [-0.0868, 45.9493], [-0.1007, 45.936], [-0.1512, 45.9266], [-0.1236, 45.8473], [-0.1442, 45.8131], [-0.1731, 45.7904], [-0.204, 45.776], [-0.226, 45.7826], [-0.2466, 45.8001], [-0.2721, 45.804], [-0.3565, 45.7856], [-0.4132, 45.7832], [-0.452, 45.7647], [-0.4593, 45.7402], [-0.4158, 45.7416], [-0.4117, 45.6664], [-0.4205, 45.6202], [-0.3866, 45.6132], [-0.2965, 45.5644], [-0.3216, 45.535], [-0.2445, 45.5032], [-0.2671, 45.4715], [-0.2483, 45.435], [-0.2564, 45.4155], [-0.3106, 45.3767], [-0.2803, 45.3512], [-0.285, 45.3188], [-0.2657, 45.3075], [-0.2135, 45.3161], [-0.1439, 45.2901], [-0.1088, 45.2896], [-0.1153, 45.2482], [-0.0365, 45.2423], [-0.0055, 45.226], [0.0003, 45.192], [-0.0122, 45.1776], [-0.0, 45.1575], [-0.0056, 45.1458], [-0.0336, 45.1201], [-0.0608, 45.1115], [-0.0888, 45.119], [-0.1738, 45.1011], [-0.2264, 45.113], [-0.2779, 45.1431], [-0.3391, 45.1665], [-0.3943, 45.1665], [-0.4213, 45.2017], [-0.4211, 45.2431], [-0.4292, 45.2583], [-0.4852, 45.289], [-0.5567, 45.2992], [-0.57, 45.3328], [-0.5837, 45.3465], [-0.5999, 45.3441], [-0.6268, 45.3197], [-0.7066, 45.3222]]], [[[-1.2194, 45.9439], [-1.2244, 45.935], [-1.1852, 45.916], [-1.1761, 45.8987], [-1.1946, 45.8301], [-1.2092, 45.8142], [-1.2269, 45.8198], [-1.2604, 45.8818], [-1.3402, 45.9387], [-1.3783, 45.976], [-1.3717, 45.9953], [-1.4049, 46.0532], [-1.3399, 46.0378], [-1.2738, 45.9976], [-1.2476, 46.0018], [-1.2336, 45.9917], [-1.2305, 45.9582], [-1.2194, 45.9439]]], [[[-1.2814, 46.1562], [-1.3361, 46.1672], [-1.4329, 46.2108], [-1.5043, 46.2077], [-1.5558, 46.2518], [-1.4801, 46.2592], [-1.4679, 46.2499], [-1.4739, 46.2381], [-1.508, 46.2456], [-1.4905, 46.2244], [-1.4111, 46.2381], [-1.4111, 46.2313], [-1.4254, 46.2313], [-1.4254, 46.2238], [-1.4088, 46.2182], [-1.3081, 46.2069], [-1.2657, 46.181], [-1.2541, 46.1624], [-1.2814, 46.1562]]]]}}, {"type": "Feature", "properties": {"osm_type": "relation", "osm_id": 7402, "name": "Vend\u00e9e", "admin_level": "6", "iso": "FR-85", "parent_iso": "FR", "parent_osm_id": 2202162}, "geometry": {"type": "MultiPolygon", "coordinates": [[[[-1.1192, 46.311], [-1.1325, 46.3241], [-1.1772, 46.3262], [-1.2143, 46.3107], [-1.2132, 46.2791], [-1.2401, 46.2842], [-1.2774, 46.3195], [-1.3035, 46.3239], [-1.3702, 46.3542], [-1.4487, 46.3434], [-1.4655, 46.39], [-1.4814, 46.4082], [-1.5045, 46.4193], [-1.6256, 46.4311], [-1.6172, 46.4435], [-1.6335, 46.4543], [-1.6868, 46.4609], [-1.7203, 46.4813], [-1.7611, 46.492], [-1.7892, 46.5329], [-1.7817, 46.4954], [-1.7954, 46.4945], [-1.8048, 46.5036], [-1.8271, 46.577], [-1.8227, 46.5944], [-1.8387, 46.5991], [-1.8574, 46.6353], [-1.8998, 46.6662], [-1.9099, 46.6918], [-1.9565, 46.7043], [-1.9946, 46.752], [-2.0503, 46.7921], [-2.1188, 46.82], [-2.13, 46.8547], [-2.1288, 46.8935], [-2.0963, 46.9165], [-2.1022, 46.9306], [-2.0492, 46.9575], [-2.0083, 47.0264], [-1.9907, 47.0354], [-1.8766, 46.9594], [-1.7716, 46.9245], [-1.7203, 46.8846], [-1.5501, 46.8599], [-1.5187, 46.8683], [-1.5, 46.8827], [-1.5177, 46.9009], [-1.5394, 46.9457], [-1.553, 46.9934], [-1.5466, 47.0201], [-1.4982, 47.0354], [-1.4748, 47.0263], [-1.468, 47.0105], [-1.468, 46.9556], [-1.4595, 46.9404], [-1.4431, 46.9336], [-1.4241, 46.9358], [-1.3703, 46.9647], [-1.3624, 46.986], [-1.368, 47.024], [-1.3628, 47.0359], [-1.3439, 47.0451], [-1.3054, 47.0392], [-1.2697, 47.0763], [-1.0753, 47.0072], [-1.0349, 47.0032], [-0.9934, 47.0204], [-0.9094, 46.9824], [-0.8728, 46.9423], [-0.8336, 46.9193], [-0.828, 46.8901], [-0.8124, 46.8628], [-0.7458, 46.8299], [-0.712, 46.802], [-0.7247, 46.7675], [-0.6623, 46.683], [-0.653, 46.6425], [-0.6268, 46.6066], [-0.616, 46.5476], [-0.6401, 46.5149], [-0.6241, 46.4614], [-0.6339, 46.4228], [-0.6299, 46.4085], [-0.6035, 46.4062], [-0.5693, 46.387], [-0.5553, 46.3697], [-0.5654, 46.357], [-0.6121, 46.3521], [-0.6495, 46.3257], [-0.6953, 46.3235], [-0.7566, 46.3012], [-0.8251, 46.3313], [-0.8506, 46.3343], [-0.9599, 46.3201], [-0.9731, 46.3292], [-0.955, 46.3537], [-0.9698, 46.3624], [-1.0903, 46.3395], [-1.1192, 46.311]]], [[[-2.3372, 46.7316], [-2.2982, 46.7202], [-2.269, 46.6974], [-2.3714, 46.7043], [-2.3829, 46.7226], [-2.3752, 46.7316], [-2.3372, 46.7316]]], [[[-2.2001, 46.9854], [-2.1448, 46.9575], [-2.1377, 46.9232], [-2.1426, 46.9099], [-2.1591, 46.9165], [-2.1948, 46.9619], [-2.2202, 46.9739], [-2.2473, 46.9643], [-2.2632, 46.9798], [-2.2787, 47.0181], [-2.2956, 47.0332], [-2.2386, 47.0353], [-2.2, 47.0244], [-2.2001, 46.9854]]]]}}, {"type": "Feature", "properties": {"osm_type": "relation", "osm_id": 7432, "name": "Loire-Atlantique", "admin_level": "6", "iso": "FR-44", "parent_iso": "FR", "parent_osm_id": 2202162}, "geometry": {"type": "Polygon", "coordinates": [[[-1.9907, 47.0354], [-2.0038, 47.07], [-2.03, 47.0921], [-2.0902, 47.1152], [-2.2055, 47.1291], [-2.2411, 47.1425], [-2.2054, 47.1612], [-2.1652, 47.1679], [-2.1587, 47.2045], [-2.1693, 47.2202], [-2.1709, 47.2463], [-2.1517, 47.2797], [-2.0146, 47.3001], [-1.9991, 47.2886], [-1.9479, 47.2794], [-1.9278, 47.2863], [-1.8984, 47.2734], [-1.9189, 47.2734], [-1.9189, 47.266], [-1.8778, 47.2455], [-1.8363, 47.2399], [-1.781, 47.212], [-1.727, 47.2108], [-1.7882, 47.2256], [-1.8359, 47.2598], [-1.9056, 47.2939], [-2.0101, 47.3197], [-2.1481, 47.3132], [-2.1796, 47.3001], [-2.2063, 47.2734], [-2.2784, 47.2464], [-2.3161, 47.2517], [-2.3714, 47.2864], [-2.4049, 47.2864], [-2.4192, 47.266], [-2.4484, 47.2666], [-2.542, 47.3001], [-2.542, 47.307], [-2.519, 47.3046], [-2.4761, 47.2907], [-2.4534, 47.2933], [-2.4362, 47.307], [-2.4806, 47.3479], [-2.4943, 47.3417], [-2.4889, 47.3304], [-2.5017, 47.3206], [-2.5033, 47.3496], [-2.5148, 47.3649], [-2.5564, 47.3832], [-2.4768, 47.4157], [-2.439, 47.41], [-2.4464, 47.4025], [-2.439, 47.3963], [-2.395, 47.417], [-2.3918, 47.4237], [-2.4482, 47.4306], [-2.439, 47.4448], [-2.4611, 47.4526], [-2.4529, 47.4619], [-2.4331, 47.4658], [-2.395, 47.4553], [-2.3457, 47.4595], [-2.3023, 47.5016], [-2.2812, 47.507], [-2.2534, 47.4953], [-2.2025, 47.5068], [-2.1976, 47.4878], [-2.1793, 47.4825], [-2.1544, 47.5131], [-2.1199, 47.5296], [-2.11, 47.5423], [-2.0858, 47.608], [-2.0885, 47.6326], [-2.081, 47.6498], [-2.0307, 47.6712], [-1.9583, 47.6758], [-1.8658, 47.7028], [-1.8061, 47.6923], [-1.6853, 47.7185], [-1.6406, 47.7395], [-1.592, 47.7755], [-1.4617, 47.8234], [-1.4095, 47.8236], [-1.3513, 47.7919], [-1.251, 47.7804], [-1.248, 47.734], [-1.2405, 47.7229], [-1.2123, 47.7202], [-1.1793, 47.6995], [-1.1761, 47.6552], [-1.1581, 47.6315], [-1.0313, 47.6014], [-1.0082, 47.5878], [-1.0321, 47.5698], [-1.0583, 47.5641], [-1.1617, 47.5713], [-1.1789, 47.5638], [-1.1747, 47.542], [-1.1531, 47.5169], [-1.129, 47.505], [-0.9656, 47.4918], [-0.9559, 47.4388], [-0.9238, 47.3943], [-1.0009, 47.3832], [-1.1648, 47.3758], [-1.2232, 47.3511], [-1.3042, 47.3409], [-1.3347, 47.3239], [-1.3393, 47.3009], [-1.3015, 47.2971], [-1.2506, 47.2464], [-1.1964, 47.2482], [-1.1619, 47.1858], [-1.2193, 47.1318], [-1.2301, 47.1094], [-1.1605, 47.0841], [-1.1294, 47.0626], [-1.1184, 47.041], [-1.1486, 47.0295], [-1.2312, 47.067], [-1.2697, 47.0763], [-1.3054, 47.0392], [-1.3439, 47.0451], [-1.3628, 47.0359], [-1.368, 47.024], [-1.3624, 46.986], [-1.3703, 46.9647], [-1.4241, 46.9358], [-1.4431, 46.9336], [-1.4595, 46.9404], [-1.468, 46.9556], [-1.468, 47.0105], [-1.4748, 47.0263], [-1.4982, 47.0354], [-1.5466, 47.0201], [-1.553, 46.9934], [-1.5394, 46.9457], [-1.5177, 46.9009], [-1.5, 46.8827], [-1.5187, 46.8683], [-1.5501, 46.8599], [-1.7203, 46.8846], [-1.7716, 46.9245], [-1.8766, 46.9594], [-1.9907, 47.0354]]]}}, {"type": "Feature", "properties": {"osm_type": "relation", "osm_id": 7447, "name": "Morbihan", "admin_level": "6", "iso": "FR-56", "parent_iso": "FR", "parent_osm_id": 2202162}, "geometry": {"type": "MultiPolygon", "coordinates": [[[[-2.4611, 47.4526], [-2.4889, 47.4592], [-2.4806, 47.4782], [-2.4947, 47.4912], [-2.4836, 47.498], [-2.3639, 47.5062], [-2.4254, 47.5062], [-2.5175, 47.5284], [-2.6217, 47.5134], [-2.632, 47.5198], [-2.5994, 47.5291], [-2.5768, 47.5539], [-2.5923, 47.5436], [-2.6383, 47.5403], [-2.6239, 47.5372], [-2.6178, 47.5267], [-2.6655, 47.5335], [-2.6671, 47.5096], [-2.6807, 47.5042], [-2.714, 47.5124], [-2.7828, 47.4994], [-2.8302, 47.5036], [-2.869, 47.5422], [-2.9093, 47.5584], [-2.8653, 47.5666], [-2.8506, 47.5465], [-2.8324, 47.554], [-2.8164, 47.5465], [-2.8096, 47.5676], [-2.794, 47.5551], [-2.7414, 47.5513], [-2.7202, 47.5608], [-2.7277, 47.5676], [-2.6886, 47.6044], [-2.684, 47.623], [-2.7065, 47.6427], [-2.6956, 47.6234], [-2.714, 47.616], [-2.6998, 47.6092], [-2.7202, 47.6018], [-2.7754, 47.6291], [-2.7345, 47.6223], [-2.7463, 47.6339], [-2.7891, 47.6427], [-2.7754, 47.6365], [-2.8477, 47.6262], [-2.8668, 47.6072], [-2.9194, 47.5955], [-2.9127, 47.6092], [-2.9399, 47.6018], [-2.9448, 47.6241], [-2.9331, 47.6365], [-2.958, 47.6422], [-2.9672, 47.6638], [-2.9747, 47.6638], [-2.9672, 47.6126], [-2.9331, 47.5744], [-2.9399, 47.5608], [-2.9945, 47.5955], [-2.9886, 47.5823], [-3.0034, 47.5787], [-3.0118, 47.6072], [-3.0217, 47.5945], [-3.0157, 47.5812], [-3.0424, 47.5881], [-3.0738, 47.5765], [-3.1037, 47.5812], [-3.0907, 47.5881], [-3.1233, 47.5988], [-3.1317, 47.5881], [-3.118, 47.5812], [-3.1289, 47.5476], [-3.1233, 47.519], [-3.0845, 47.4782], [-3.1317, 47.4782], [-3.1454, 47.5161], [-3.1317, 47.5574], [-3.1412, 47.598], [-3.1665, 47.6223], [-3.2006, 47.6396], [-3.1864, 47.6806], [-3.1112, 47.7042], [-3.118, 47.7321], [-3.1391, 47.7247], [-3.1391, 47.7526], [-3.1532, 47.742], [-3.1932, 47.7464], [-3.1697, 47.7354], [-3.1591, 47.711], [-3.2074, 47.6973], [-3.1932, 47.6837], [-3.2071, 47.6791], [-3.2242, 47.6564], [-3.2621, 47.6837], [-3.3583, 47.6973], [-3.3224, 47.701], [-3.2826, 47.6911], [-3.2985, 47.7038], [-3.3583, 47.711], [-3.3583, 47.7185], [-3.3451, 47.7213], [-3.3406, 47.7395], [-3.3173, 47.739], [-3.2826, 47.7873], [-3.3318, 47.7525], [-3.3832, 47.737], [-3.3645, 47.7185], [-3.4607, 47.7076], [-3.5283, 47.7799], [-3.5393, 47.7737], [-3.5466, 47.7818], [-3.5516, 47.8154], [-3.5336, 47.8356], [-3.4786, 47.8283], [-3.4499, 47.8614], [-3.4099, 47.8633], [-3.3982, 47.8708], [-3.3858, 47.9171], [-3.3939, 47.9525], [-3.4253, 47.9664], [-3.4727, 47.9587], [-3.5484, 47.9895], [-3.6267, 47.9827], [-3.6461, 47.9941], [-3.681, 48.0625], [-3.7305, 48.1012], [-3.7248, 48.1317], [-3.7082, 48.1433], [-3.5649, 48.1857], [-3.5432, 48.1802], [-3.4417, 48.183], [-3.4352, 48.1611], [-3.4196, 48.1508], [-3.3405, 48.1684], [-3.3186, 48.1504], [-3.2918, 48.1442], [-3.1627, 48.1559], [-3.1378, 48.1717], [-3.1227, 48.2028], [-3.0373, 48.2043], [-3.0161, 48.1981], [-2.9997, 48.1606], [-2.9439, 48.1716], [-2.917, 48.1687], [-2.8499, 48.1413], [-2.7958, 48.1294], [-2.7699, 48.0937], [-2.7303, 48.1149], [-2.6725, 48.1292], [-2.6593, 48.1236], [-2.6599, 48.0404], [-2.6383, 48.0345], [-2.5494, 48.0855], [-2.5379, 48.1001], [-2.533, 48.1459], [-2.5239, 48.1604], [-2.4253, 48.1674], [-2.4018, 48.1619], [-2.356, 48.1174], [-2.2873, 48.1337], [-2.2352, 48.0786], [-2.1882, 48.0797], [-2.1779, 48.0732], [-2.1778, 48.0634], [-2.1913, 48.0525], [-2.2576, 48.0389], [-2.2718, 48.0236], [-2.2711, 48.0054], [-2.1677, 47.9847], [-2.1243, 47.9636], [-2.106, 47.945], [-2.0997, 47.9199], [-2.1095, 47.8488], [-2.0612, 47.8463], [-2.0517, 47.8361], [-2.068, 47.7962], [-2.1223, 47.7743], [-2.1219, 47.7643], [-2.0716, 47.7572], [-2.0624, 47.7447], [-2.0767, 47.7332], [-2.1159, 47.7317], [-2.1263, 47.7142], [-2.1062, 47.669], [-2.1028, 47.6393], [-2.0837, 47.6233], [-2.0858, 47.608], [-2.11, 47.5423], [-2.1199, 47.5296], [-2.1544, 47.5131], [-2.1793, 47.4825], [-2.1976, 47.4878], [-2.2025, 47.5068], [-2.2534, 47.4953], [-2.2924, 47.5059], [-2.3457, 47.4595], [-2.4041, 47.4556], [-2.4331, 47.4658], [-2.4611, 47.4526]]], [[[-3.1147, 47.3315], [-3.0727, 47.3283], [-3.0628, 47.3206], [-3.067, 47.3019], [-3.0936, 47.2966], [-3.2235, 47.3122], [-3.241, 47.3206], [-3.2376, 47.3364], [-3.2621, 47.3832], [-3.243, 47.3953], [-3.1765, 47.3715], [-3.1147, 47.3315]]]]}}, {"type": "Feature", "properties": {"osm_type": "relation", "osm_id": 102430, "name": "Finist\u00e8re", "admin_level": "6", "iso": "FR-29", "parent_iso": "FR", "parent_osm_id": 2202162}, "geometry": {"type": "MultiPolygon", "coordinates": [[[[-3.5393, 47.7737], [-3.6252, 47.7799], [-3.649, 47.7936], [-3.6869, 47.7923], [-3.7062, 47.7969], [-3.7232, 47.8134], [-3.7754, 47.7936], [-3.7899, 47.8032], [-3.8517, 47.801], [-3.8865, 47.8375], [-3.8859, 47.855], [-3.9132, 47.8625], [-3.9351, 47.8879], [-3.9618, 47.9], [-3.9883, 47.9035], [-3.9792, 47.883], [-3.9865, 47.8679], [-4.0089, 47.8513], [-4.0292, 47.855], [-4.0112, 47.8559], [-4.0019, 47.8693], [-4.0316, 47.8637], [-4.0367, 47.855], [-4.0649, 47.8708], [-4.1066, 47.8801], [-4.1291, 47.9076], [-4.1322, 47.9239], [-4.1427, 47.912], [-4.1112, 47.8693], [-4.1527, 47.855], [-4.1716, 47.877], [-4.1856, 47.8744], [-4.1885, 47.8621], [-4.1739, 47.855], [-4.18, 47.842], [-4.1527, 47.842], [-4.1527, 47.8345], [-4.1852, 47.8134], [-4.2252, 47.8024], [-4.3718, 47.8072], [-4.3718, 47.8345], [-4.3476, 47.8383], [-4.3473, 47.8629], [-4.372, 47.9158], [-4.4346, 47.9757], [-4.5333, 48.0263], [-4.572, 48.0059], [-4.602, 48.0256], [-4.653, 48.0263], [-4.7281, 48.0406], [-4.7008, 48.0748], [-4.6837, 48.0673], [-4.3619, 48.1157], [-4.3048, 48.1041], [-4.2854, 48.1154], [-4.2757, 48.1436], [-4.2943, 48.1671], [-4.3024, 48.1964], [-4.3661, 48.2152], [-4.3793, 48.2324], [-4.4044, 48.2261], [-4.4576, 48.249], [-4.4855, 48.2426], [-4.5316, 48.1831], [-4.5575, 48.1772], [-4.5438, 48.2051], [-4.5636, 48.2324], [-4.5472, 48.2526], [-4.5541, 48.2628], [-4.6263, 48.2665], [-4.6263, 48.2871], [-4.5752, 48.29], [-4.5773, 48.3075], [-4.5595, 48.3387], [-4.5467, 48.3468], [-4.5301, 48.3416], [-4.5432, 48.3047], [-4.5155, 48.2958], [-4.4265, 48.3], [-4.389, 48.2871], [-4.2626, 48.3], [-4.2899, 48.2938], [-4.2694, 48.2884], [-4.1875, 48.3], [-4.1875, 48.3075], [-4.2188, 48.3061], [-4.2305, 48.3099], [-4.2347, 48.3217], [-4.2577, 48.3113], [-4.2757, 48.3249], [-4.3247, 48.3217], [-4.2694, 48.3627], [-4.3247, 48.3485], [-4.3247, 48.3553], [-4.3173, 48.3553], [-4.3173, 48.3627], [-4.3247, 48.3627], [-4.3377, 48.3485], [-4.3526, 48.3527], [-4.3842, 48.3381], [-4.4066, 48.3354], [-4.3992, 48.3416], [-4.4066, 48.3485], [-4.4537, 48.3354], [-4.3966, 48.3878], [-4.2899, 48.4316], [-4.359, 48.4111], [-4.4265, 48.4037], [-4.5206, 48.3683], [-4.5994, 48.3502], [-4.6905, 48.3627], [-4.6957, 48.345], [-4.7045, 48.3416], [-4.7684, 48.3454], [-4.7834, 48.3764], [-4.7648, 48.3776], [-4.7663, 48.3904], [-4.7834, 48.4174], [-4.7849, 48.4362], [-4.7681, 48.4687], [-4.7493, 48.4726], [-4.7493, 48.4788], [-4.7746, 48.4913], [-4.7646, 48.5202], [-4.722, 48.5682], [-4.7008, 48.5607], [-4.7082, 48.5682], [-4.6923, 48.5755], [-4.6425, 48.5819], [-4.5773, 48.5682], [-4.6077, 48.603], [-4.5946, 48.6091], [-4.5301, 48.6017], [-4.5575, 48.6091], [-4.5526, 48.6165], [-4.5636, 48.6296], [-4.4855, 48.6296], [-4.4066, 48.6433], [-4.4265, 48.6501], [-4.4265, 48.6575], [-4.3433, 48.6789], [-4.3173, 48.678], [-4.2991, 48.6636], [-4.3065, 48.6415], [-4.2421, 48.6575], [-4.1938, 48.6501], [-4.1938, 48.6575], [-4.213, 48.6612], [-4.1739, 48.6911], [-4.1315, 48.6992], [-4.0907, 48.6911], [-4.0793, 48.6969], [-4.064, 48.6849], [-4.0533, 48.6955], [-4.0565, 48.7121], [-3.974, 48.7328], [-3.9678, 48.7296], [-3.9727, 48.7077], [-3.961, 48.7047], [-3.9678, 48.6911], [-3.951, 48.6794], [-3.9547, 48.6575], [-3.9119, 48.6812], [-3.892, 48.678], [-3.9063, 48.6644], [-3.8517, 48.6296], [-3.8443, 48.6501], [-3.8579, 48.6849], [-3.8375, 48.6706], [-3.8371, 48.7073], [-3.8293, 48.7185], [-3.817, 48.7121], [-3.8101, 48.7332], [-3.7971, 48.7212], [-3.7319, 48.719], [-3.6866, 48.6986], [-3.6382, 48.7047], [-3.6382, 48.6268], [-3.6318, 48.6113], [-3.5784, 48.5628], [-3.568, 48.5407], [-3.5679, 48.5274], [-3.5967, 48.4872], [-3.5972, 48.4737], [-3.5613, 48.4605], [-3.5551, 48.4512], [-3.5675, 48.4235], [-3.6091, 48.4179], [-3.6136, 48.3924], [-3.5668, 48.3736], [-3.5563, 48.337], [-3.523, 48.2817], [-3.5542, 48.2218], [-3.5432, 48.1936], [-3.7082, 48.1433], [-3.7248, 48.1317], [-3.7305, 48.1012], [-3.681, 48.0625], [-3.6461, 47.9941], [-3.6267, 47.9827], [-3.5484, 47.9895], [-3.4727, 47.9587], [-3.4073, 47.9636], [-3.3939, 47.9525], [-3.3867, 47.9317], [-3.3982, 47.8708], [-3.4099, 47.8633], [-3.4499, 47.8614], [-3.4786, 47.8283], [-3.5239, 47.8376], [-3.5411, 47.831], [-3.5534, 47.8052], [-3.5393, 47.7737]]], [[[-5.0503, 48.4788], [-5.0366, 48.4726], [-5.0366, 48.4652], [-5.088, 48.4472], [-5.1055, 48.4446], [-5.1055, 48.4515], [-5.0919, 48.4515], [-5.0978, 48.4613], [-5.1328, 48.4583], [-5.1328, 48.4652], [-5.0918, 48.4808], [-5.069, 48.4851], [-5.0503, 48.4788]]]]}}, {"type": "Feature", "properties": {"osm_type": "relation", "osm_id": 7398, "name": "C\u00f4tes-d'Armor", "admin_level": "6", "iso": "FR-22", "parent_iso": "FR", "parent_osm_id": 2202162}, "geometry": {"type": "Polygon", "coordinates": [[[-3.6385, 48.6878], [-3.614, 48.6827], [-3.5705, 48.688], [-3.5845, 48.7264], [-3.5805, 48.7332], [-3.5283, 48.7395], [-3.5774, 48.7742], [-3.5815, 48.7906], [-3.5426, 48.8078], [-3.5153, 48.8419], [-3.4197, 48.8214], [-3.4333, 48.8078], [-3.3976, 48.8073], [-3.3718, 48.8225], [-3.2758, 48.8494], [-3.2595, 48.8477], [-3.2297, 48.8723], [-3.2136, 48.8698], [-3.2078, 48.8359], [-3.2279, 48.8078], [-3.2205, 48.7941], [-3.2087, 48.8164], [-3.1788, 48.841], [-3.1037, 48.8767], [-3.0843, 48.8622], [-3.0907, 48.8357], [-3.0771, 48.8283], [-3.1255, 48.76], [-3.118, 48.76], [-3.0655, 48.824], [-3.0287, 48.8288], [-3.0082, 48.8214], [-3.0157, 48.8146], [-3.0082, 48.8078], [-3.0424, 48.7941], [-3.0424, 48.7879], [-3.0037, 48.7739], [-2.9331, 48.7674], [-2.9331, 48.7463], [-2.9467, 48.7332], [-2.827, 48.6575], [-2.8114, 48.6146], [-2.813, 48.5986], [-2.714, 48.5607], [-2.7345, 48.534], [-2.7131, 48.5301], [-2.6824, 48.509], [-2.6761, 48.5402], [-2.62, 48.5436], [-2.5694, 48.5887], [-2.4736, 48.626], [-2.4595, 48.6433], [-2.4875, 48.6501], [-2.4429, 48.6591], [-2.4211, 48.657], [-2.4123, 48.6433], [-2.3862, 48.6501], [-2.33, 48.6804], [-2.3161, 48.6986], [-2.3053, 48.6796], [-2.282, 48.678], [-2.282, 48.6706], [-2.3303, 48.6296], [-2.3127, 48.6202], [-2.251, 48.6501], [-2.2373, 48.6159], [-2.2192, 48.6037], [-2.2137, 48.5819], [-2.1955, 48.5935], [-2.1926, 48.6159], [-2.1741, 48.583], [-2.1591, 48.5887], [-2.1721, 48.6017], [-2.161, 48.613], [-2.137, 48.618], [-2.1243, 48.6091], [-2.1448, 48.6365], [-2.0524, 48.6501], [-2.022, 48.5989], [-2.0009, 48.5887], [-2.0083, 48.575], [-1.9764, 48.5356], [-1.9803, 48.5136], [-1.9394, 48.534], [-1.9485, 48.5383], [-1.9334, 48.5504], [-1.9251, 48.5448], [-1.9089, 48.4894], [-1.952, 48.4298], [-1.9318, 48.3562], [-1.9367, 48.3475], [-1.9615, 48.3421], [-1.9615, 48.3003], [-1.9824, 48.2803], [-2.066, 48.2952], [-2.1172, 48.2608], [-2.1602, 48.2607], [-2.1773, 48.2469], [-2.186, 48.2226], [-2.2108, 48.2096], [-2.2319, 48.1641], [-2.2873, 48.1337], [-2.3397, 48.1184], [-2.356, 48.1174], [-2.391, 48.1565], [-2.4253, 48.1674], [-2.5239, 48.1604], [-2.533, 48.1459], [-2.5379, 48.1001], [-2.5494, 48.0855], [-2.6383, 48.0345], [-2.6599, 48.0404], [-2.6593, 48.1236], [-2.6725, 48.1292], [-2.7303, 48.1149], [-2.7699, 48.0937], [-2.7958, 48.1294], [-2.8499, 48.1413], [-2.917, 48.1687], [-2.9439, 48.1716], [-2.9997, 48.1606], [-3.0161, 48.1981], [-3.0373, 48.2043], [-3.1227, 48.2028], [-3.1378, 48.1717], [-3.1627, 48.1559], [-3.2918, 48.1442], [-3.3186, 48.1504], [-3.3405, 48.1684], [-3.4196, 48.1508], [-3.4352, 48.1611], [-3.4417, 48.183], [-3.5432, 48.1802], [-3.5649, 48.1857], [-3.5432, 48.1936], [-3.5542, 48.2218], [-3.523, 48.2817], [-3.5563, 48.337], [-3.5668, 48.3736], [-3.6136, 48.3924], [-3.6091, 48.4179], [-3.5675, 48.4235], [-3.5551, 48.4512], [-3.5613, 48.4605], [-3.5972, 48.4737], [-3.5967, 48.4872], [-3.5679, 48.5274], [-3.568, 48.5407], [-3.5784, 48.5628], [-3.6318, 48.6113], [-3.6385, 48.6878]]]}}, {"type": "Feature", "properties": {"osm_type": "relation", "osm_id": 7465, "name": "Ille-et-Vilaine", "admin_level": "6", "iso": "FR-35", "parent_iso": "FR", "parent_osm_id": 2202162}, "geometry": {"type": "Polygon", "coordinates": [[[-1.9485, 48.5383], [-1.9673, 48.5471], [-1.9619, 48.5549], [-1.9766, 48.5727], [-1.9803, 48.5887], [-1.953, 48.575], [-1.9604, 48.5866], [-2.0005, 48.6013], [-2.0287, 48.6433], [-2.0255, 48.6513], [-1.9911, 48.6706], [-1.9859, 48.6879], [-1.977, 48.6911], [-1.9394, 48.6911], [-1.9456, 48.6986], [-1.8437, 48.7121], [-1.8469, 48.7034], [-1.8363, 48.6911], [-1.8612, 48.6642], [-1.861, 48.6409], [-1.8382, 48.6238], [-1.7228, 48.6153], [-1.644, 48.6234], [-1.5897, 48.6418], [-1.5288, 48.5307], [-1.4987, 48.4949], [-1.4483, 48.4658], [-1.4102, 48.4632], [-1.3817, 48.4704], [-1.303, 48.5041], [-1.2657, 48.5355], [-1.2228, 48.5352], [-1.1207, 48.5158], [-1.0791, 48.4987], [-1.0823, 48.4231], [-1.0698, 48.3182], [-1.1017, 48.2674], [-1.0836, 48.2353], [-1.0703, 48.1743], [-1.0823, 48.1524], [-1.0704, 48.0906], [-1.0418, 48.0623], [-1.0406, 48.0015], [-1.0673, 47.9908], [-1.1349, 47.9832], [-1.1677, 47.9608], [-1.251, 47.7804], [-1.3513, 47.7919], [-1.4095, 47.8236], [-1.4617, 47.8234], [-1.592, 47.7755], [-1.6406, 47.7395], [-1.6853, 47.7185], [-1.8061, 47.6923], [-1.8658, 47.7028], [-1.9583, 47.6758], [-2.0307, 47.6712], [-2.081, 47.6498], [-2.0885, 47.6326], [-2.1028, 47.6393], [-2.1062, 47.669], [-2.1231, 47.6977], [-2.1243, 47.7254], [-2.0663, 47.736], [-2.0624, 47.7447], [-2.0716, 47.7572], [-2.1219, 47.7643], [-2.1223, 47.7743], [-2.068, 47.7962], [-2.0517, 47.8361], [-2.0612, 47.8463], [-2.1095, 47.8488], [-2.0997, 47.9199], [-2.106, 47.945], [-2.1243, 47.9636], [-2.1677, 47.9847], [-2.2711, 48.0054], [-2.2718, 48.0236], [-2.2576, 48.0389], [-2.1913, 48.0525], [-2.1778, 48.0634], [-2.1779, 48.0732], [-2.1882, 48.0797], [-2.2352, 48.0786], [-2.2873, 48.1337], [-2.2319, 48.1641], [-2.2178, 48.2002], [-2.186, 48.2226], [-2.1704, 48.2558], [-2.1172, 48.2608], [-2.066, 48.2952], [-1.9824, 48.2803], [-1.9615, 48.3003], [-1.9615, 48.3421], [-1.9367, 48.3475], [-1.9318, 48.3562], [-1.952, 48.4298], [-1.9089, 48.4894], [-1.9251, 48.5448], [-1.9334, 48.5504], [-1.9485, 48.5383]]]}}, {"type": "Feature", "properties": {"osm_type": "relation", "osm_id": 7404, "name": "Manche", "admin_level": "6", "iso": "FR-50", "parent_iso": "FR", "parent_osm_id": 2202162}, "geometry": {"type": "Polygon", "coordinates": [[[-1.5897, 48.6418], [-1.5006, 48.6365], [-1.3931, 48.6524], [-1.3566, 48.6433], [-1.3723, 48.6606], [-1.3946, 48.6683], [-1.4329, 48.6706], [-1.4433, 48.6628], [-1.4558, 48.6834], [-1.5027, 48.6955], [-1.5165, 48.7252], [-1.5536, 48.7471], [-1.5668, 48.8222], [-1.5788, 48.8378], [-1.6029, 48.8419], [-1.6029, 48.8494], [-1.5785, 48.8626], [-1.5637, 48.9221], [-1.557, 48.9323], [-1.5484, 48.9238], [-1.5428, 48.9352], [-1.547, 48.9497], [-1.5631, 48.9576], [-1.5458, 49.0303], [-1.5323, 49.0351], [-1.508, 49.0275], [-1.508, 49.0337], [-1.5497, 49.0398], [-1.5684, 49.0327], [-1.5795, 49.0132], [-1.5936, 49.029], [-1.5893, 49.0821], [-1.6034, 49.084], [-1.6077, 49.1027], [-1.5959, 49.1285], [-1.5695, 49.1435], [-1.5818, 49.1498], [-1.5893, 49.1435], [-1.6104, 49.2159], [-1.6027, 49.2254], [-1.5484, 49.2193], [-1.5484, 49.2255], [-1.6169, 49.2382], [-1.6247, 49.2193], [-1.6405, 49.2315], [-1.6571, 49.2684], [-1.6719, 49.2801], [-1.6582, 49.2875], [-1.6991, 49.3135], [-1.7067, 49.3292], [-1.6862, 49.3292], [-1.6862, 49.3354], [-1.6991, 49.3559], [-1.7067, 49.3559], [-1.7148, 49.3385], [-1.7755, 49.3701], [-1.768, 49.3837], [-1.8068, 49.3769], [-1.8165, 49.3837], [-1.8194, 49.4521], [-1.8437, 49.4936], [-1.8847, 49.5309], [-1.8784, 49.5449], [-1.8437, 49.5718], [-1.8395, 49.6198], [-1.8695, 49.6617], [-1.9456, 49.678], [-1.9352, 49.7241], [-1.9084, 49.7264], [-1.8673, 49.7127], [-1.8394, 49.7154], [-1.8246, 49.7084], [-1.8165, 49.6916], [-1.6172, 49.6643], [-1.6067, 49.6501], [-1.5729, 49.6643], [-1.5404, 49.6578], [-1.5115, 49.6625], [-1.4557, 49.7022], [-1.4095, 49.7116], [-1.2631, 49.6955], [-1.2278, 49.6241], [-1.2533, 49.6123], [-1.264, 49.5893], [-1.3014, 49.5818], [-1.3063, 49.5581], [-1.2616, 49.4931], [-1.1757, 49.4152], [-1.1722, 49.3934], [-1.1852, 49.3664], [-1.182, 49.3562], [-1.1517, 49.3627], [-1.1188, 49.3462], [-1.1183, 49.3266], [-1.1371, 49.2981], [-1.1228, 49.2762], [-1.0089, 49.1974], [-0.9124, 49.2091], [-0.9224, 49.163], [-0.8843, 49.1084], [-0.8626, 49.0264], [-0.8948, 49.0149], [-0.9833, 48.9533], [-1.0419, 48.9591], [-1.0565, 48.9531], [-1.0642, 48.9268], [-1.0369, 48.9058], [-1.0378, 48.8983], [-1.0595, 48.881], [-1.1002, 48.8692], [-1.1312, 48.85], [-1.1469, 48.8218], [-1.1082, 48.8154], [-1.0922, 48.7872], [-1.045, 48.7752], [-0.996, 48.7737], [-0.9567, 48.783], [-0.8974, 48.7724], [-0.8409, 48.7523], [-0.8425, 48.7285], [-0.82, 48.7268], [-0.7368, 48.6861], [-0.7667, 48.6599], [-0.7521, 48.6118], [-0.7559, 48.6028], [-0.7857, 48.5596], [-0.8405, 48.5257], [-0.8627, 48.5018], [-0.8994, 48.4969], [-0.9362, 48.5073], [-1.0287, 48.4931], [-1.2478, 48.537], [-1.2657, 48.5355], [-1.303, 48.5041], [-1.4102, 48.4632], [-1.4483, 48.4658], [-1.4987, 48.4949], [-1.5288, 48.5307], [-1.5897, 48.6418]]]}}, {"type": "Feature", "properties": {"osm_type": "relation", "osm_id": 7453, "name": "Calvados", "admin_level": "6", "iso": "FR-14", "parent_iso": "FR", "parent_osm_id": 2202162}, "geometry": {"type": "Polygon", "coordinates": [[[-1.1188, 49.3462], [-1.1034, 49.349], [-1.1138, 49.3658], [-1.1064, 49.3795], [-1.0723, 49.3968], [-0.9404, 49.3923], [-0.8221, 49.3627], [-0.6508, 49.3559], [-0.5834, 49.3459], [-0.5469, 49.359], [-0.4795, 49.3428], [-0.4111, 49.3428], [-0.3634, 49.325], [-0.3131, 49.3173], [-0.2195, 49.2801], [-0.1941, 49.2952], [-0.0338, 49.3201], [0.0129, 49.3346], [0.0631, 49.3545], [0.096, 49.3837], [0.1624, 49.4152], [0.2943, 49.4347], [0.3039, 49.3927], [0.305, 49.3131], [0.3254, 49.2879], [0.3652, 49.2811], [0.3765, 49.2686], [0.3371, 49.2491], [0.3352, 49.2378], [0.3846, 49.1951], [0.4209, 49.1373], [0.4081, 49.1062], [0.4149, 49.0763], [0.378, 49.0728], [0.3735, 49.0655], [0.3832, 49.0444], [0.4178, 49.025], [0.4305, 49.0091], [0.4265, 48.9593], [0.4172, 48.9461], [0.3952, 48.9629], [0.3798, 48.9635], [0.3285, 48.9447], [0.2936, 48.9571], [0.2844, 48.9706], [0.2678, 48.9693], [0.2389, 48.9425], [0.1926, 48.9413], [0.1552, 48.9252], [0.1276, 48.9521], [0.1051, 48.9479], [0.0565, 48.9026], [-0.1404, 48.8255], [-0.3103, 48.8562], [-0.3248, 48.8525], [-0.3355, 48.8306], [-0.3452, 48.8277], [-0.4109, 48.87], [-0.4413, 48.8734], [-0.4902, 48.8521], [-0.6129, 48.8319], [-0.6909, 48.8426], [-0.7043, 48.8262], [-0.6949, 48.8089], [-0.7086, 48.7996], [-0.7757, 48.7876], [-0.8205, 48.7575], [-0.8409, 48.7523], [-0.9567, 48.783], [-0.996, 48.7737], [-1.045, 48.7752], [-1.0922, 48.7872], [-1.1082, 48.8154], [-1.1469, 48.8218], [-1.1439, 48.8363], [-1.1002, 48.8692], [-1.0595, 48.881], [-1.0378, 48.8983], [-1.0369, 48.9058], [-1.0642, 48.9268], [-1.0565, 48.9531], [-1.0419, 48.9591], [-0.9833, 48.9533], [-0.8948, 49.0149], [-0.8626, 49.0264], [-0.8843, 49.1084], [-0.9224, 49.163], [-0.9124, 49.2091], [-1.0089, 49.1974], [-1.1228, 49.2762], [-1.1371, 49.2981], [-1.1183, 49.3266], [-1.1188, 49.3462]]]}}, {"type": "Feature", "properties": {"osm_type": "relation", "osm_id": 7435, "name": "Eure", "admin_level": "6", "iso": "FR-27", "parent_iso": "FR", "parent_osm_id": 2202162}, "geometry": {"type": "Polygon", "coordinates": [[[0.2943, 49.4347], [0.4113, 49.4521], [0.4573, 49.4674], [0.5019, 49.4936], [0.5402, 49.4732], [0.5729, 49.444], [0.5924, 49.4383], [0.6338, 49.4446], [0.664, 49.4077], [0.7098, 49.4025], [0.8047, 49.4199], [0.9191, 49.3613], [0.92, 49.3386], [0.8595, 49.3453], [0.8736, 49.3151], [0.939, 49.2939], [1.0034, 49.258], [1.0225, 49.2563], [1.0445, 49.2618], [1.0373, 49.2783], [1.0459, 49.2917], [1.1274, 49.3131], [1.171, 49.3465], [1.2665, 49.3481], [1.2793, 49.3552], [1.3232, 49.4179], [1.3501, 49.442], [1.3925, 49.4539], [1.539, 49.4398], [1.6772, 49.3987], [1.718, 49.411], [1.7212, 49.3821], [1.7499, 49.311], [1.7834, 49.2512], [1.7608, 49.2475], [1.7256, 49.2704], [1.7051, 49.2656], [1.6922, 49.2523], [1.6981, 49.2307], [1.6681, 49.1907], [1.6199, 49.0826], [1.5812, 49.0686], [1.4445, 49.0427], [1.4554, 49.0149], [1.4515, 48.9862], [1.4883, 48.9733], [1.4928, 48.9395], [1.4481, 48.9173], [1.4514, 48.8708], [1.3724, 48.8308], [1.3341, 48.7802], [1.249, 48.7497], [1.2189, 48.7578], [1.1628, 48.7574], [1.1089, 48.7782], [1.0968, 48.7524], [1.0389, 48.7477], [0.9995, 48.7176], [0.8727, 48.699], [0.8164, 48.6651], [0.7689, 48.6788], [0.73, 48.7063], [0.7584, 48.7437], [0.7472, 48.7701], [0.7238, 48.7845], [0.66, 48.8034], [0.6137, 48.8463], [0.5998, 48.8739], [0.5769, 48.8772], [0.5405, 48.8675], [0.4302, 48.8812], [0.4011, 48.8972], [0.3957, 48.9132], [0.4265, 48.9593], [0.4305, 49.0091], [0.4178, 49.025], [0.3832, 49.0444], [0.3735, 49.0655], [0.378, 49.0728], [0.4149, 49.0763], [0.4081, 49.1062], [0.4226, 49.1304], [0.3846, 49.1951], [0.3352, 49.2378], [0.3371, 49.2491], [0.3765, 49.2686], [0.3652, 49.2811], [0.3254, 49.2879], [0.305, 49.3131], [0.3039, 49.3927], [0.2943, 49.4347]]]}}, {"type": "Feature", "properties": {"osm_type": "relation", "osm_id": 7426, "name": "Seine-Maritime", "admin_level": "6", "iso": "FR-76", "parent_iso": "FR", "parent_osm_id": 2202162}, "geometry": {"type": "Polygon", "coordinates": [[[0.4932, 49.4936], [0.4221, 49.4644], [0.3396, 49.4567], [0.1473, 49.4809], [0.1044, 49.4936], [0.0786, 49.5155], [0.0766, 49.535], [0.1309, 49.6035], [0.1709, 49.6916], [0.1859, 49.7032], [0.2359, 49.7293], [0.3875, 49.7751], [0.5967, 49.8572], [0.6748, 49.8758], [0.7609, 49.8751], [1.1726, 49.961], [1.2212, 49.979], [1.261, 50.0075], [1.3731, 50.0657], [1.5164, 50.0007], [1.6809, 49.8885], [1.7535, 49.7768], [1.7545, 49.7656], [1.7195, 49.7454], [1.6792, 49.697], [1.6807, 49.689], [1.6897, 49.6881], [1.7294, 49.6938], [1.7304, 49.6767], [1.6809, 49.6451], [1.6936, 49.627], [1.7125, 49.5099], [1.726, 49.5031], [1.7616, 49.5084], [1.7679, 49.4899], [1.7616, 49.478], [1.7375, 49.4646], [1.7166, 49.4238], [1.718, 49.411], [1.6772, 49.3987], [1.539, 49.4398], [1.3925, 49.4539], [1.3501, 49.442], [1.2665, 49.3481], [1.171, 49.3465], [1.1274, 49.3131], [1.0459, 49.2917], [1.0373, 49.2783], [1.0445, 49.2618], [1.0225, 49.2563], [1.0034, 49.258], [0.939, 49.2939], [0.8736, 49.3151], [0.8595, 49.3453], [0.92, 49.3386], [0.9191, 49.3613], [0.8188, 49.4158], [0.8047, 49.4199], [0.7098, 49.4025], [0.664, 49.4077], [0.6338, 49.4446], [0.5924, 49.4383], [0.5729, 49.444], [0.5204, 49.4862], [0.4932, 49.4936]]]}}, {"type": "Feature", "properties": {"osm_type": "relation", "osm_id": 7463, "name": "Somme", "admin_level": "6", "iso": "FR-80", "parent_iso": "FR", "parent_osm_id": 2202162}, "geometry": {"type": "Polygon", "coordinates": [[[1.3731, 50.0657], [1.4645, 50.1321], [1.4868, 50.185], [1.521, 50.2147], [1.5553, 50.2177], [1.6543, 50.1866], [1.6725, 50.1925], [1.6725, 50.1994], [1.6553, 50.2005], [1.6445, 50.2124], [1.665, 50.2124], [1.665, 50.2198], [1.6255, 50.2243], [1.61, 50.2322], [1.5939, 50.2563], [1.5415, 50.2779], [1.5515, 50.3491], [1.572, 50.3757], [1.6039, 50.369], [1.6537, 50.339], [1.8037, 50.3568], [1.8384, 50.3454], [1.8871, 50.3138], [1.9386, 50.329], [1.9521, 50.3199], [1.936, 50.2964], [2.0461, 50.2562], [2.0693, 50.2185], [2.0975, 50.2042], [2.2885, 50.2178], [2.3098, 50.224], [2.3252, 50.2402], [2.3644, 50.2142], [2.3836, 50.2261], [2.4103, 50.2248], [2.456, 50.2087], [2.4679, 50.1942], [2.3815, 50.1486], [2.3745, 50.1229], [2.3959, 50.096], [2.4147, 50.0959], [2.4423, 50.1248], [2.5188, 50.1234], [2.5671, 50.1341], [2.5743, 50.1294], [2.5678, 50.112], [2.5728, 50.1059], [2.691, 50.078], [2.6988, 50.0842], [2.6991, 50.1205], [2.7106, 50.1286], [2.743, 50.1089], [2.7628, 50.0846], [2.7639, 50.072], [2.7427, 50.0477], [2.7474, 50.0401], [2.7663, 50.0384], [2.8324, 50.0711], [2.8493, 50.0575], [2.8524, 50.0206], [2.8682, 50.0185], [2.9063, 50.0343], [2.9646, 50.0381], [2.9747, 50.0477], [2.9787, 50.0726], [3.023, 50.075], [3.157, 50.0187], [3.1931, 49.9756], [3.1533, 49.9413], [3.1175, 49.8827], [3.0841, 49.8611], [3.085, 49.8143], [3.057, 49.7883], [3.0568, 49.7785], [3.1004, 49.7659], [3.1186, 49.7058], [3.0524, 49.7138], [3.053, 49.6947], [3.0427, 49.6858], [3.0267, 49.6859], [2.9966, 49.7012], [2.936, 49.693], [2.902, 49.7087], [2.8848, 49.7087], [2.8425, 49.6648], [2.804, 49.6574], [2.7924, 49.6162], [2.7387, 49.6253], [2.6986, 49.6216], [2.6446, 49.575], [2.6338, 49.5799], [2.6213, 49.6101], [2.5761, 49.6001], [2.5211, 49.6298], [2.4768, 49.6266], [2.4376, 49.6528], [2.3577, 49.6644], [2.3066, 49.6892], [2.2386, 49.6978], [2.0664, 49.6845], [1.9722, 49.7153], [1.8562, 49.7014], [1.8469, 49.7065], [1.8365, 49.7403], [1.7545, 49.7656], [1.7503, 49.7837], [1.7102, 49.835], [1.6954, 49.8742], [1.6809, 49.8885], [1.5164, 50.0007], [1.3731, 50.0657]]]}}, {"type": "Feature", "properties": {"osm_type": "relation", "osm_id": 7394, "name": "Pas-de-Calais", "admin_level": "6", "iso": "FR-62", "parent_iso": "FR", "parent_osm_id": 2202162}, "geometry": {"type": "Polygon", "coordinates": [[[1.595, 50.3727], [1.6104, 50.3707], [1.6104, 50.3769], [1.5552, 50.4048], [1.5735, 50.4454], [1.5793, 50.5331], [1.6104, 50.5482], [1.5779, 50.5886], [1.5632, 50.6783], [1.5676, 50.7167], [1.6056, 50.79], [1.5806, 50.8688], [1.6048, 50.881], [1.6533, 50.8891], [1.7298, 50.9439], [1.9214, 50.9968], [2.0633, 51.0143], [2.1057, 50.9837], [2.1874, 50.8784], [2.2223, 50.8057], [2.2733, 50.7852], [2.3624, 50.7867], [2.3934, 50.7708], [2.3535, 50.7373], [2.3522, 50.7268], [2.3691, 50.7095], [2.3627, 50.6893], [2.3715, 50.6743], [2.4251, 50.6668], [2.4892, 50.6333], [2.7263, 50.6258], [2.8031, 50.6684], [2.8395, 50.6566], [2.8698, 50.6312], [2.8386, 50.6258], [2.8112, 50.6104], [2.806, 50.578], [2.7885, 50.5553], [2.7906, 50.542], [2.8067, 50.5278], [2.8242, 50.525], [2.8771, 50.531], [2.9108, 50.5039], [2.9726, 50.5065], [2.9935, 50.4948], [3.0149, 50.4535], [3.0588, 50.4426], [3.0555, 50.4263], [3.0068, 50.3999], [3.0019, 50.3813], [3.0444, 50.3467], [3.0625, 50.3164], [3.0291, 50.2893], [3.0198, 50.2674], [3.043, 50.2569], [3.0795, 50.2697], [3.1167, 50.2676], [3.1634, 50.2399], [3.1693, 50.2244], [3.1261, 50.183], [3.0891, 50.0738], [3.0883, 50.05], [3.023, 50.075], [2.9896, 50.0766], [2.9736, 50.0678], [2.9747, 50.0477], [2.9646, 50.0381], [2.9063, 50.0343], [2.86, 50.018], [2.8489, 50.0285], [2.8493, 50.0575], [2.8324, 50.0711], [2.7663, 50.0384], [2.7474, 50.0401], [2.7427, 50.0477], [2.7639, 50.072], [2.7628, 50.0846], [2.743, 50.1089], [2.7106, 50.1286], [2.6991, 50.1205], [2.6988, 50.0842], [2.691, 50.078], [2.5728, 50.1059], [2.5678, 50.112], [2.5743, 50.1294], [2.5671, 50.1341], [2.5188, 50.1234], [2.4423, 50.1248], [2.4147, 50.0959], [2.3959, 50.096], [2.3745, 50.1229], [2.3815, 50.1486], [2.4679, 50.1942], [2.456, 50.2087], [2.4103, 50.2248], [2.3836, 50.2261], [2.3644, 50.2142], [2.3252, 50.2402], [2.3098, 50.224], [2.2885, 50.2178], [2.0975, 50.2042], [2.0693, 50.2185], [2.0461, 50.2562], [1.936, 50.2964], [1.9521, 50.3199], [1.9386, 50.329], [1.8871, 50.3138], [1.8384, 50.3454], [1.8037, 50.3568], [1.6537, 50.339], [1.595, 50.3727]], [[3.0202, 50.1211], [3.0724, 50.1308], [3.0627, 50.1739], [3.0365, 50.1541], [3.0037, 50.1501], [3.0014, 50.1234], [3.0202, 50.1211]]]}}, {"type": "Feature", "properties": {"osm_type": "relation", "osm_id": null, "name": "Martinique", "admin_level": "4", "iso": "FR-MQ", "parent_iso": "FR", "parent_osm_id": 2202162}, "geometry": {"type": "Polygon", "coordinates": [[[-60.8104, 14.462], [-60.8227, 14.4567], [-60.8452, 14.4141], [-60.8706, 14.4081], [-60.8825, 14.4133], [-60.8868, 14.4278], [-60.8599, 14.4467], [-60.8589, 14.462], [-60.8685, 14.476], [-60.8981, 14.4609], [-60.9141, 14.462], [-60.9134, 14.4721], [-60.92, 14.4734], [-60.9476, 14.4687], [-61.006, 14.4763], [-61.0464, 14.4642], [-61.0696, 14.4667], [-61.0924, 14.5083], [-61.1059, 14.5166], [-61.0785, 14.5446], [-61.0438, 14.565], [-61.0333, 14.5499], [-61.0177, 14.5453], [-61.0033, 14.5505], [-60.996, 14.565], [-61.0165, 14.6128], [-61.0916, 14.6059], [-61.1059, 14.6265], [-61.1596, 14.6669], [-61.1816, 14.713], [-61.1771, 14.7449], [-61.2262, 14.8078], [-61.2288, 14.822], [-61.2195, 14.8465], [-61.171, 14.8764], [-61.1359, 14.8769], [-61.102, 14.8662], [-61.0023, 14.8114], [-60.9613, 14.7499], [-60.9266, 14.7711], [-60.8793, 14.7773], [-60.9141, 14.7363], [-60.9262, 14.7556], [-60.9338, 14.7503], [-60.9346, 14.709], [-60.9189, 14.7122], [-60.9073, 14.7028], [-60.9346, 14.6885], [-60.9271, 14.6811], [-60.9393, 14.675], [-60.9375, 14.6664], [-60.9289, 14.6635], [-60.9203, 14.6749], [-60.8868, 14.6605], [-60.9073, 14.6538], [-60.901, 14.6386], [-60.8732, 14.6196], [-60.8651, 14.6017], [-60.8484, 14.5961], [-60.8452, 14.5712], [-60.8321, 14.5786], [-60.8364, 14.553], [-60.8248, 14.5302], [-60.8384, 14.5166], [-60.8253, 14.5104], [-60.8104, 14.462]]]}}, {"type": "Feature", "properties": {"osm_type": "relation", "osm_id": null, "name": "Guadeloupe", "admin_level": "4", "iso": "FR-GP", "parent_iso": "FR", "parent_osm_id": 2202162}, "geometry": {"type": "MultiPolygon", "coordinates": [[[[-61.194, 15.9321], [-61.1977, 15.9106], [-61.2157, 15.8939], [-61.2749, 15.8738], [-61.3051, 15.8785], [-61.332, 15.932], [-61.3083, 15.9777], [-61.2683, 16.0093], [-61.2439, 16.004], [-61.224, 15.9875], [-61.194, 15.9321]]], [[[-60.9892, 16.3464], [-61.0686, 16.3022], [-61.0916, 16.3054], [-61.0391, 16.3445], [-61.0149, 16.354], [-60.9892, 16.3464]]], [[[-61.5517, 16.2855], [-61.5554, 16.2582], [-61.548, 16.2384], [-61.5727, 16.2326], [-61.5795, 16.2223], [-61.5773, 16.1759], [-61.5577, 16.0863], [-61.566, 16.0335], [-61.5975, 15.9967], [-61.6949, 15.9492], [-61.702, 15.9899], [-61.7328, 16.014], [-61.7686, 16.0876], [-61.7694, 16.1665], [-61.7843, 16.2023], [-61.7794, 16.2172], [-61.7974, 16.2508], [-61.7974, 16.3122], [-61.7708, 16.3488], [-61.7379, 16.3653], [-61.712, 16.3464], [-61.6158, 16.3118], [-61.5987, 16.2917], [-61.6129, 16.2855], [-61.5987, 16.2855], [-61.5851, 16.2713], [-61.5705, 16.2897], [-61.5517, 16.2855]]], [[[-61.5442, 16.2854], [-61.5277, 16.3378], [-61.5181, 16.3489], [-61.4997, 16.3532], [-61.4955, 16.3651], [-61.5004, 16.3856], [-61.5236, 16.3948], [-61.5343, 16.4493], [-61.5058, 16.487], [-61.4625, 16.5131], [-61.4094, 16.4725], [-61.3976, 16.4519], [-61.3942, 16.3894], [-61.3657, 16.3488], [-61.3387, 16.3327], [-61.3318, 16.3402], [-61.2902, 16.3327], [-61.1636, 16.253], [-61.1832, 16.2441], [-61.2344, 16.2583], [-61.4621, 16.2023], [-61.5034, 16.2133], [-61.5338, 16.2334], [-61.5483, 16.258], [-61.5442, 16.2854]]], [[[-61.6247, 15.8712], [-61.6161, 15.8601], [-61.6276, 15.847], [-61.6383, 15.8532], [-61.6247, 15.8712]]], [[[-61.5665, 15.8784], [-61.5822, 15.8618], [-61.5957, 15.8629], [-61.5799, 15.8808], [-61.5665, 15.8784]]]]}}, {"type": "Feature", "properties": {"osm_type": "relation", "osm_id": 2470060, "name": "R\u00e9union", "admin_level": "4", "iso": "FR-RE", "parent_iso": "FR", "parent_osm_id": 2202162}, "geometry": {"type": "Polygon", "coordinates": [[[55.7879, -21.1034], [55.8376, -21.1262], [55.8499, -21.1376], [55.8545, -21.157], [55.8406, -21.1905], [55.8242, -21.2643], [55.8208, -21.325], [55.812, -21.3425], [55.738, -21.3517], [55.6831, -21.3708], [55.6438, -21.3635], [55.575, -21.3679], [55.5371, -21.3551], [55.5056, -21.3337], [55.4343, -21.3116], [55.3978, -21.2776], [55.3496, -21.2714], [55.2956, -21.1996], [55.2884, -21.1437], [55.2332, -21.0693], [55.2254, -21.0297], [55.2419, -20.9934], [55.2754, -20.9802], [55.2879, -20.9648], [55.2874, -20.9322], [55.2954, -20.9218], [55.2874, -20.9117], [55.3359, -20.905], [55.408, -20.8632], [55.4558, -20.8614], [55.514, -20.8752], [55.5271, -20.87], [55.5784, -20.8748], [55.6506, -20.898], [55.6953, -20.9352], [55.7121, -20.9936], [55.74, -21.0247], [55.7468, -21.0626], [55.7705, -21.0738], [55.7879, -21.1034]]]}}, {"type": "Feature", "properties": {"osm_type": "relation", "osm_id": null, "name": "Mayotte", "admin_level": "4", "iso": "FR-YT", "parent_iso": "FR", "parent_osm_id": 2202162}, "geometry": {"type": "MultiPolygon", "coordinates": [[[[45.2622, -12.7634], [45.2826, -12.7434], [45.2909, -12.774], [45.2826, -12.8049], [45.2757, -12.8049], [45.2622, -12.7634]]], [[[45.2007, -12.7229], [45.2176, -12.7341], [45.2249, -12.7595], [45.2206, -12.7775], [45.1882, -12.8171], [45.1952, -12.8405], [45.2131, -12.8518], [45.1682, -12.9443], [45.1864, -12.9688], [45.1659, -12.9892], [45.1599, -12.9786], [45.1318, -12.9892], [45.1067, -12.9781], [45.0972, -12.9824], [45.0945, -12.9582], [45.0703, -12.955], [45.0884, -12.9404], [45.0902, -12.924], [45.0812, -12.9083], [45.0625, -12.8985], [45.084, -12.8874], [45.1248, -12.9215], [45.1341, -12.9169], [45.1365, -12.9039], [45.1239, -12.8751], [45.084, -12.839], [45.1045, -12.8328], [45.0872, -12.7597], [45.0495, -12.7343], [45.0425, -12.6984], [45.0908, -12.6472], [45.0972, -12.6608], [45.084, -12.6677], [45.0935, -12.669], [45.1387, -12.7149], [45.2007, -12.7229]]]]}}, {"type": "Feature", "properties": {"osm_type": "relation", "osm_id": 76931, "name": "Upper Corsica", "admin_level": "6", "iso": "FR-2B", "parent_iso": "FR", "parent_osm_id": 2202162}, "geometry": {"type": "MultiPolygon", "coordinates": [[[[9.4566, 42.6474], [9.4821, 42.6201], [9.4566, 42.6474]]], [[[8.5705, 42.3818], [8.5863, 42.393], [8.5986, 42.3876], [8.6187, 42.4196], [8.6595, 42.4299], [8.6614, 42.4519], [8.6768, 42.4725], [8.6571, 42.48], [8.6675, 42.5097], [8.6804, 42.5211], [8.7166, 42.5307], [8.7092, 42.5792], [8.7197, 42.576], [8.7235, 42.5655], [8.74, 42.5723], [8.7713, 42.5581], [8.787, 42.562], [8.8075, 42.5851], [8.8128, 42.5996], [8.8054, 42.6064], [8.843, 42.6081], [8.9065, 42.6325], [9.0183, 42.6501], [9.05, 42.6622], [9.053, 42.6816], [9.1178, 42.732], [9.1652, 42.7352], [9.2368, 42.7226], [9.2647, 42.7089], [9.2853, 42.6748], [9.2922, 42.6748], [9.3425, 42.7491], [9.333, 42.7709], [9.341, 42.7901], [9.3355, 42.8076], [9.3057, 42.8393], [9.333, 42.8671], [9.3263, 42.8853], [9.3303, 42.9036], [9.3602, 42.9286], [9.3602, 42.9491], [9.3434, 42.9731], [9.3467, 43.0037], [9.4224, 43.0174], [9.464, 42.9901], [9.4539, 42.9638], [9.4701, 42.9423], [9.4655, 42.9235], [9.4844, 42.8324], [9.4828, 42.8023], [9.4504, 42.7089], [9.4504, 42.6536], [9.4429, 42.6406], [9.4566, 42.6344], [9.4617, 42.6198], [9.4566, 42.6064], [9.4769, 42.5792], [9.5119, 42.5655], [9.4896, 42.6126], [9.5281, 42.5635], [9.5334, 42.4562], [9.5459, 42.4351], [9.5322, 42.3737], [9.5596, 42.2946], [9.5523, 42.1702], [9.5596, 42.1466], [9.5456, 42.104], [9.5186, 42.0851], [9.4032, 41.9529], [9.3958, 41.8604], [9.3563, 41.8577], [9.3128, 41.8341], [9.2274, 41.8555], [9.2447, 41.9068], [9.2206, 41.9593], [9.2211, 42.0275], [9.1557, 42.0309], [9.142, 42.0488], [9.1286, 42.098], [9.0627, 42.1573], [9.0427, 42.2049], [8.9934, 42.2128], [8.8871, 42.2677], [8.8681, 42.3214], [8.8563, 42.3275], [8.8199, 42.3203], [8.7094, 42.3422], [8.627, 42.3742], [8.5705, 42.3818]]]]}}, {"type": "Feature", "properties": {"osm_type": "relation", "osm_id": 76932, "name": "South Corsica", "admin_level": "6", "iso": "FR-2A", "parent_iso": "FR", "parent_osm_id": 2202162}, "geometry": {"type": "Polygon", "coordinates": [[[9.3958, 41.8604], [9.4016, 41.7064], [9.3722, 41.6839], [9.367, 41.6742], [9.3807, 41.6742], [9.3779, 41.6564], [9.3636, 41.64], [9.3452, 41.6403], [9.3467, 41.6196], [9.2922, 41.6264], [9.294, 41.6176], [9.2786, 41.5984], [9.2922, 41.5916], [9.3451, 41.6045], [9.3542, 41.5954], [9.3506, 41.5812], [9.3267, 41.5611], [9.2997, 41.5533], [9.282, 41.5333], [9.2647, 41.5308], [9.2699, 41.5168], [9.2647, 41.5029], [9.2791, 41.4916], [9.2647, 41.4761], [9.2708, 41.4687], [9.2107, 41.4482], [9.2233, 41.4273], [9.2107, 41.4073], [9.2503, 41.4278], [9.2232, 41.3725], [9.2067, 41.3659], [9.1691, 41.3862], [9.0964, 41.4035], [9.1073, 41.4293], [9.1213, 41.4346], [9.0666, 41.4619], [9.0798, 41.4824], [9.0387, 41.4619], [9.032, 41.4687], [9.0387, 41.4761], [9.0183, 41.4687], [9.001, 41.4831], [8.9357, 41.4892], [8.9069, 41.5073], [8.8836, 41.5112], [8.8737, 41.5234], [8.8396, 41.5308], [8.8533, 41.5438], [8.7972, 41.5571], [8.7932, 41.5873], [8.7781, 41.5916], [8.8018, 41.6391], [8.819, 41.6326], [8.8726, 41.6511], [8.8858, 41.6709], [8.9227, 41.6946], [8.7888, 41.7126], [8.7761, 41.7224], [8.7849, 41.7425], [8.6956, 41.7294], [8.703, 41.7425], [8.6551, 41.7499], [8.6963, 41.7582], [8.7175, 41.772], [8.7202, 41.7917], [8.7092, 41.8045], [8.7523, 41.8098], [8.7849, 41.8244], [8.7723, 41.8404], [8.7508, 41.8455], [8.7918, 41.8591], [8.7781, 41.8728], [8.8054, 41.9069], [8.7644, 41.9343], [8.6143, 41.9008], [8.6073, 41.9138], [8.6187, 41.9305], [8.6144, 41.9441], [8.5863, 41.969], [8.655, 41.9787], [8.6688, 41.9963], [8.6561, 42.0029], [8.6646, 42.0145], [8.7434, 42.0441], [8.745, 42.0566], [8.7235, 42.0721], [8.6992, 42.1093], [8.6609, 42.1055], [8.6477, 42.122], [8.5863, 42.1335], [8.5938, 42.1466], [8.5596, 42.154], [8.5938, 42.1671], [8.5938, 42.1745], [8.5658, 42.1745], [8.5818, 42.1945], [8.5658, 42.2086], [8.5741, 42.2199], [8.5453, 42.2329], [8.5495, 42.2423], [8.5863, 42.2434], [8.6511, 42.2604], [8.6878, 42.2729], [8.6887, 42.281], [8.6348, 42.3048], [8.6252, 42.3192], [8.6053, 42.3105], [8.5999, 42.3219], [8.6348, 42.3389], [8.6128, 42.3524], [8.5521, 42.3389], [8.5596, 42.3464], [8.5497, 42.3658], [8.5521, 42.3867], [8.627, 42.3742], [8.7094, 42.3422], [8.8199, 42.3203], [8.8563, 42.3275], [8.8681, 42.3214], [8.8871, 42.2677], [8.9934, 42.2128], [9.0427, 42.2049], [9.0627, 42.1573], [9.1286, 42.098], [9.142, 42.0488], [9.1557, 42.0309], [9.2211, 42.0275], [9.2206, 41.9593], [9.2447, 41.9068], [9.2274, 41.8555], [9.3128, 41.8341], [9.3563, 41.8577], [9.3958, 41.8604]]]}}, {"type": "Feature", "properties": {"osm_type": "relation", "osm_id": 7422, "name": "Gers", "admin_level": "6", "iso": "FR-32", "parent_iso": "FR", "parent_osm_id": 2202162}, "geometry": {"type": "Polygon", "coordinates": [[[0.1044, 43.5085], [0.0245, 43.5356], [0.0039, 43.572], [-0.0059, 43.6087], [-0.0632, 43.6049], [-0.1097, 43.5748], [-0.203, 43.589], [-0.2363, 43.5871], [-0.2439, 43.5943], [-0.2525, 43.6161], [-0.2679, 43.629], [-0.2453, 43.6596], [-0.2527, 43.6865], [-0.2221, 43.6927], [-0.1969, 43.7326], [-0.209, 43.7566], [-0.2081, 43.788], [-0.1834, 43.8354], [-0.1976, 43.8672], [-0.2239, 43.8914], [-0.2219, 43.8987], [-0.1675, 43.9309], [-0.1, 43.9284], [-0.0694, 43.952], [-0.024, 43.9711], [0.003, 43.9587], [0.0045, 43.948], [-0.0091, 43.9299], [-0.0003, 43.9149], [0.0644, 43.9085], [0.08, 43.922], [0.076, 43.956], [0.0897, 43.9729], [0.124, 43.9813], [0.1409, 43.9694], [0.1571, 43.9691], [0.2119, 44.0171], [0.3037, 43.9966], [0.4663, 44.0563], [0.5087, 44.0524], [0.5925, 44.0728], [0.6589, 44.0376], [0.7417, 44.067], [0.7571, 44.0521], [0.7642, 44.0296], [0.8189, 44.0529], [0.838, 44.0505], [0.8478, 44.0397], [0.8484, 44.0244], [0.8394, 44.0083], [0.7864, 43.9578], [0.7601, 43.9452], [0.7735, 43.9314], [0.8019, 43.9226], [0.8738, 43.9196], [0.8915, 43.8908], [0.9082, 43.8161], [0.8974, 43.7885], [0.9539, 43.7873], [0.973, 43.7541], [1.0167, 43.7181], [1.0506, 43.701], [1.0674, 43.67], [1.1452, 43.6344], [1.1923, 43.5988], [1.1773, 43.5617], [1.1327, 43.5365], [1.0715, 43.5371], [1.0549, 43.5204], [1.0352, 43.4755], [1.0253, 43.3775], [0.9996, 43.3591], [0.9797, 43.3639], [0.9119, 43.4073], [0.7889, 43.4137], [0.7138, 43.3733], [0.6633, 43.3239], [0.6383, 43.3125], [0.6067, 43.3109], [0.4685, 43.3345], [0.4228, 43.3318], [0.4093, 43.3348], [0.3875, 43.3628], [0.3511, 43.3478], [0.3169, 43.3736], [0.2928, 43.3798], [0.2267, 43.3679], [0.1957, 43.3716], [0.144, 43.4123], [0.1408, 43.429], [0.1496, 43.4564], [0.1327, 43.4772], [0.1236, 43.5049], [0.1044, 43.5085]]]}}, {"type": "Feature", "properties": {"osm_type": "relation", "osm_id": 7418, "name": "Haute-Vienne", "admin_level": "6", "iso": "FR-87", "parent_iso": "FR", "parent_osm_id": 2202162}, "geometry": {"type": "Polygon", "coordinates": [[[1.8936, 45.6962], [1.9094, 45.6817], [1.873, 45.6684], [1.8255, 45.6673], [1.8062, 45.68], [1.7893, 45.678], [1.7502, 45.6456], [1.6991, 45.6311], [1.5664, 45.5598], [1.5078, 45.5557], [1.4444, 45.5843], [1.4072, 45.5276], [1.3708, 45.507], [1.3075, 45.494], [1.2811, 45.4778], [1.2553, 45.4465], [1.2288, 45.461], [1.1992, 45.4567], [1.1306, 45.483], [1.1277, 45.4949], [1.1547, 45.5135], [1.1587, 45.5282], [1.0826, 45.5469], [1.0175, 45.6113], [0.9444, 45.6154], [0.8912, 45.6089], [0.8723, 45.6198], [0.8361, 45.597], [0.7855, 45.6019], [0.761, 45.6143], [0.7708, 45.6618], [0.7346, 45.6925], [0.6552, 45.6994], [0.6359, 45.7103], [0.6589, 45.7505], [0.6963, 45.775], [0.711, 45.7972], [0.7272, 45.8026], [0.7742, 45.7928], [0.7858, 45.8026], [0.8101, 45.9219], [0.8766, 45.9338], [0.9238, 45.9657], [0.8918, 46.0171], [0.8474, 46.0201], [0.8091, 46.0605], [0.7964, 46.1329], [0.82, 46.1303], [0.8276, 46.1399], [0.8178, 46.1786], [0.7908, 46.2187], [0.7948, 46.2263], [0.8327, 46.235], [0.9017, 46.2775], [0.9871, 46.2835], [0.9984, 46.3067], [1.058, 46.3597], [1.1214, 46.3658], [1.177, 46.387], [1.2211, 46.3689], [1.2908, 46.3716], [1.3347, 46.3971], [1.44, 46.336], [1.4382, 46.3128], [1.3851, 46.2373], [1.3866, 46.2091], [1.4043, 46.1873], [1.4515, 46.1746], [1.4877, 46.1473], [1.495, 46.1329], [1.4876, 46.0948], [1.4934, 46.0843], [1.5264, 46.0695], [1.5515, 45.9974], [1.5781, 45.9939], [1.5607, 45.9728], [1.5174, 45.9521], [1.5159, 45.9312], [1.5275, 45.9224], [1.6092, 45.9156], [1.6198, 45.8916], [1.6119, 45.8634], [1.6251, 45.8451], [1.6597, 45.8419], [1.7558, 45.8565], [1.7999, 45.8183], [1.8683, 45.7932], [1.8853, 45.773], [1.8827, 45.7372], [1.871, 45.7099], [1.8936, 45.6962]]]}}, {"type": "Feature", "properties": {"osm_type": "relation", "osm_id": 7464, "name": "Corr\u00e8ze", "admin_level": "6", "iso": "FR-19", "parent_iso": "FR", "parent_osm_id": 2202162}, "geometry": {"type": "Polygon", "coordinates": [[[1.8644, 45.6676], [1.9094, 45.6817], [1.8936, 45.6962], [1.9802, 45.7037], [2.005, 45.7392], [2.0406, 45.7603], [2.0651, 45.7591], [2.1029, 45.7349], [2.1737, 45.7262], [2.289, 45.6752], [2.3281, 45.6798], [2.3637, 45.7125], [2.4347, 45.7085], [2.4899, 45.7361], [2.5247, 45.6977], [2.5205, 45.6444], [2.4814, 45.6237], [2.4651, 45.5846], [2.4954, 45.5452], [2.4994, 45.491], [2.5186, 45.4792], [2.4887, 45.397], [2.4764, 45.3896], [2.4414, 45.3923], [2.3838, 45.414], [2.3518, 45.4066], [2.369, 45.3766], [2.3478, 45.3397], [2.3304, 45.3313], [2.2977, 45.2931], [2.246, 45.2748], [2.2376, 45.2499], [2.1946, 45.2237], [2.1921, 45.2015], [2.2073, 45.1803], [2.2069, 45.1595], [2.1607, 45.0862], [2.1074, 45.0509], [2.1327, 45.0054], [2.1316, 44.9927], [2.0587, 44.9751], [1.9844, 44.9725], [1.9535, 44.9609], [1.9175, 44.9704], [1.7996, 44.9329], [1.7662, 44.9352], [1.7142, 44.9602], [1.6934, 44.9846], [1.6593, 45.0065], [1.6098, 45.0291], [1.5809, 45.0356], [1.5462, 45.0276], [1.5226, 45.045], [1.4586, 45.0151], [1.423, 45.0479], [1.3975, 45.0847], [1.397, 45.1319], [1.322, 45.1339], [1.2804, 45.154], [1.2883, 45.195], [1.2422, 45.2024], [1.2389, 45.2132], [1.2826, 45.2545], [1.2479, 45.2754], [1.2433, 45.2895], [1.2536, 45.3204], [1.3164, 45.3607], [1.3269, 45.3764], [1.3182, 45.3867], [1.2904, 45.3829], [1.2729, 45.3903], [1.2714, 45.4037], [1.2909, 45.4336], [1.2794, 45.4439], [1.2553, 45.4465], [1.2811, 45.4778], [1.3075, 45.494], [1.3708, 45.507], [1.4072, 45.5276], [1.4444, 45.5843], [1.5078, 45.5557], [1.5664, 45.5598], [1.6991, 45.6311], [1.7502, 45.6456], [1.7893, 45.678], [1.8062, 45.68], [1.8255, 45.6673], [1.8644, 45.6676]]]}}, {"type": "Feature", "properties": {"osm_type": "relation", "osm_id": 7388, "name": "Tarn-et-Garonne", "admin_level": "6", "iso": "FR-82", "parent_iso": "FR", "parent_osm_id": 2202162}, "geometry": {"type": "Polygon", "coordinates": [[[1.9774, 44.1706], [1.9678, 44.1624], [1.9264, 44.1642], [1.8992, 44.1457], [1.8538, 44.1468], [1.8025, 44.122], [1.778, 44.0969], [1.6861, 44.1246], [1.6586, 44.1166], [1.6519, 44.0973], [1.6992, 44.0518], [1.6976, 44.0312], [1.6812, 44.0155], [1.6409, 43.9922], [1.6172, 43.9665], [1.5518, 43.959], [1.5557, 43.9183], [1.5224, 43.9024], [1.4839, 43.9073], [1.4401, 43.8787], [1.3736, 43.8839], [1.2996, 43.8508], [1.3584, 43.8213], [1.2462, 43.7743], [1.2216, 43.7738], [1.1648, 43.8156], [1.104, 43.8046], [1.052, 43.8057], [0.9539, 43.7873], [0.8974, 43.7885], [0.9082, 43.8161], [0.8847, 43.9075], [0.8738, 43.9196], [0.8019, 43.9226], [0.7735, 43.9314], [0.7601, 43.9452], [0.7864, 43.9578], [0.8394, 44.0083], [0.8478, 44.0397], [0.838, 44.0505], [0.8189, 44.0529], [0.7642, 44.0296], [0.7571, 44.0521], [0.7417, 44.067], [0.7584, 44.1054], [0.7951, 44.1225], [0.8079, 44.1454], [0.8285, 44.1492], [0.8729, 44.1398], [0.8943, 44.1497], [0.8909, 44.1644], [0.8718, 44.1809], [0.9059, 44.201], [0.9472, 44.2729], [0.9384, 44.2836], [0.8983, 44.2964], [0.8865, 44.3126], [0.9002, 44.3412], [0.9011, 44.3671], [0.9201, 44.379], [0.9695, 44.3628], [1.0513, 44.3678], [1.0645, 44.3787], [1.1189, 44.3927], [1.1287, 44.3837], [1.117, 44.3307], [1.1286, 44.3162], [1.217, 44.2761], [1.2504, 44.2698], [1.2851, 44.2816], [1.2996, 44.2689], [1.2808, 44.2404], [1.2875, 44.2341], [1.3643, 44.2205], [1.4371, 44.2495], [1.4736, 44.2841], [1.5045, 44.2713], [1.5449, 44.2342], [1.5661, 44.2347], [1.5812, 44.2439], [1.5685, 44.2812], [1.5733, 44.2946], [1.6167, 44.2976], [1.6432, 44.27], [1.6845, 44.3017], [1.7674, 44.3282], [1.846, 44.3308], [1.8821, 44.34], [1.8707, 44.3297], [1.8689, 44.2926], [1.8922, 44.2825], [1.9706, 44.2763], [1.9627, 44.2499], [1.9204, 44.2352], [1.9083, 44.2124], [1.9182, 44.1899], [1.9774, 44.1706]]]}}, {"type": "Feature", "properties": {"osm_type": "relation", "osm_id": 7442, "name": "Tarn", "admin_level": "6", "iso": "FR-81", "parent_iso": "FR", "parent_osm_id": 2202162}, "geometry": {"type": "Polygon", "coordinates": [[[1.9678, 44.1624], [1.9774, 44.1706], [1.9902, 44.1493], [2.1104, 44.1929], [2.1337, 44.1945], [2.2043, 44.1675], [2.2342, 44.1437], [2.2748, 44.1418], [2.3017, 44.1231], [2.3812, 44.0998], [2.4103, 44.0558], [2.4601, 44.0467], [2.4764, 44.0345], [2.5216, 43.9807], [2.515, 43.9509], [2.5507, 43.9175], [2.5859, 43.8295], [2.6724, 43.7533], [2.7069, 43.7356], [2.7406, 43.729], [2.8173, 43.7547], [2.9036, 43.7374], [2.9229, 43.7228], [2.9345, 43.6937], [2.8856, 43.6529], [2.7756, 43.6179], [2.6882, 43.6392], [2.6414, 43.6331], [2.622, 43.5978], [2.6212, 43.5652], [2.6573, 43.5298], [2.6503, 43.4904], [2.662, 43.4692], [2.6059, 43.4306], [2.5675, 43.4228], [2.4617, 43.43], [2.3672, 43.4248], [2.2499, 43.4418], [2.2291, 43.4271], [2.2314, 43.396], [2.2172, 43.3842], [2.1672, 43.401], [2.1023, 43.3921], [2.0634, 43.3986], [2.0317, 43.4226], [2.0254, 43.4393], [2.0344, 43.4685], [2.0531, 43.4861], [2.0438, 43.4983], [2.0113, 43.511], [1.9829, 43.4858], [1.95, 43.482], [1.882, 43.5233], [1.8211, 43.5786], [1.6878, 43.6308], [1.7044, 43.65], [1.7289, 43.6575], [1.7263, 43.6732], [1.6815, 43.7102], [1.6438, 43.7924], [1.5803, 43.8143], [1.5797, 43.8388], [1.5489, 43.8841], [1.5557, 43.9183], [1.5518, 43.959], [1.6172, 43.9665], [1.6409, 43.9922], [1.6976, 44.0312], [1.6992, 44.0518], [1.6519, 44.0973], [1.6586, 44.1166], [1.6861, 44.1246], [1.778, 44.0969], [1.8025, 44.122], [1.8538, 44.1468], [1.8992, 44.1457], [1.9264, 44.1642], [1.9678, 44.1624]]]}}, {"type": "Feature", "properties": {"osm_type": "relation", "osm_id": 7437, "name": "Is\u00e8re", "admin_level": "6", "iso": "FR-38", "parent_iso": "FR", "parent_osm_id": 2202162}, "geometry": {"type": "Polygon", "coordinates": [[[5.0299, 45.3177], [5.0206, 45.3193], [5.0041, 45.3407], [4.9901, 45.3439], [4.8778, 45.3009], [4.8114, 45.2963], [4.7835, 45.3249], [4.7554, 45.4021], [4.76, 45.4445], [4.7864, 45.4731], [4.8547, 45.515], [4.87, 45.5497], [4.8024, 45.593], [4.8197, 45.6004], [5.0143, 45.6124], [5.0348, 45.6221], [5.057, 45.6602], [5.1031, 45.6901], [5.1545, 45.7003], [5.1569, 45.715], [5.1458, 45.725], [5.0826, 45.7504], [5.0715, 45.7623], [5.0713, 45.778], [5.1024, 45.8262], [5.1338, 45.8227], [5.2392, 45.7857], [5.2729, 45.7998], [5.3335, 45.868], [5.369, 45.88], [5.4302, 45.8443], [5.4502, 45.793], [5.4777, 45.7641], [5.5659, 45.7014], [5.7411, 45.4509], [5.7562, 45.4393], [5.9108, 45.3942], [5.9153, 45.4765], [5.9308, 45.4861], [5.9664, 45.4881], [6.045, 45.4435], [6.1254, 45.4351], [6.1689, 45.4001], [6.1875, 45.3776], [6.1948, 45.3522], [6.1895, 45.3299], [6.1443, 45.2984], [6.1309, 45.2612], [6.154, 45.1931], [6.156, 45.1617], [6.1699, 45.1523], [6.2566, 45.143], [6.2664, 45.1248], [6.2395, 45.0997], [6.2223, 45.0173], [6.2271, 45.0067], [6.2462, 45.0015], [6.305, 45.0074], [6.3253, 44.9995], [6.3354, 44.9536], [6.3677, 44.9198], [6.3651, 44.8682], [6.3492, 44.857], [6.2961, 44.868], [6.2339, 44.855], [6.1385, 44.8576], [6.0773, 44.8299], [6.022, 44.8325], [5.9731, 44.8081], [5.9725, 44.7768], [5.9578, 44.7652], [5.845, 44.7497], [5.812, 44.7121], [5.7733, 44.709], [5.6547, 44.7239], [5.5663, 44.7867], [5.5483, 44.7931], [5.5488, 44.7706], [5.4758, 44.7871], [5.4602, 44.8], [5.4817, 44.959], [5.4932, 44.9954], [5.471, 45.0558], [5.4864, 45.0808], [5.4577, 45.0799], [5.3908, 45.0467], [5.3507, 45.0473], [5.3406, 45.062], [5.3094, 45.0571], [5.2452, 45.0636], [5.2331, 45.0857], [5.1775, 45.0812], [5.1707, 45.0996], [5.1903, 45.1499], [5.1733, 45.2378], [5.1604, 45.2574], [5.1222, 45.2455], [5.1307, 45.2836], [5.0852, 45.2843], [5.0489, 45.3191], [5.0299, 45.3177]]]}}, {"type": "Feature", "properties": {"osm_type": "relation", "osm_id": 7434, "name": "Dr\u00f4me", "admin_level": "6", "iso": "FR-26", "parent_iso": "FR", "parent_osm_id": 2202162}, "geometry": {"type": "Polygon", "coordinates": [[[4.9901, 45.3439], [5.0041, 45.3407], [5.0206, 45.3193], [5.0489, 45.3191], [5.0852, 45.2843], [5.1307, 45.2836], [5.1222, 45.2455], [5.1604, 45.2574], [5.1733, 45.2378], [5.1903, 45.1499], [5.1707, 45.0996], [5.1775, 45.0812], [5.2331, 45.0857], [5.2452, 45.0636], [5.3094, 45.0571], [5.3406, 45.062], [5.3507, 45.0473], [5.3908, 45.0467], [5.4577, 45.0799], [5.4864, 45.0808], [5.471, 45.0558], [5.4932, 44.9954], [5.4599, 44.8182], [5.4602, 44.8], [5.4758, 44.7871], [5.5488, 44.7706], [5.5483, 44.7931], [5.6547, 44.7239], [5.7733, 44.709], [5.812, 44.7121], [5.8286, 44.6969], [5.8296, 44.6834], [5.7931, 44.6549], [5.7229, 44.6415], [5.6579, 44.6414], [5.6514, 44.6175], [5.6081, 44.5558], [5.6582, 44.5137], [5.6593, 44.5025], [5.6513, 44.4959], [5.5956, 44.4706], [5.5253, 44.4876], [5.4724, 44.4893], [5.4657, 44.479], [5.4686, 44.4649], [5.4978, 44.4418], [5.4979, 44.4273], [5.4281, 44.4248], [5.4593, 44.3703], [5.4967, 44.3482], [5.5643, 44.33], [5.627, 44.3297], [5.6232, 44.3033], [5.684, 44.2594], [5.6817, 44.194], [5.671, 44.1811], [5.671, 44.1511], [5.6562, 44.1499], [5.6382, 44.1722], [5.6038, 44.181], [5.5062, 44.1218], [5.4713, 44.1249], [5.3988, 44.1632], [5.3712, 44.2061], [5.2691, 44.2272], [5.223, 44.2244], [5.1775, 44.2339], [5.1623, 44.2543], [5.1628, 44.2761], [5.1745, 44.2971], [5.1671, 44.3082], [5.1273, 44.2893], [5.0523, 44.2962], [4.9845, 44.282], [4.9275, 44.2625], [4.8822, 44.257], [4.8318, 44.2367], [4.8144, 44.243], [4.7871, 44.2959], [4.7592, 44.3201], [4.7163, 44.3293], [4.6575, 44.3268], [4.6721, 44.4285], [4.7034, 44.4747], [4.7213, 44.5734], [4.74, 44.6063], [4.7895, 44.6585], [4.7964, 44.6964], [4.773, 44.7415], [4.7712, 44.7794], [4.7882, 44.8076], [4.8223, 44.8308], [4.8306, 44.8509], [4.8618, 44.8751], [4.8926, 44.9495], [4.851, 45.0215], [4.8584, 45.0656], [4.8411, 45.0883], [4.8447, 45.101], [4.8228, 45.1112], [4.8273, 45.1579], [4.8141, 45.1974], [4.8169, 45.2791], [4.8107, 45.2791], [4.8114, 45.2963], [4.8778, 45.3009], [4.9901, 45.3439]], [[4.897, 44.3124], [4.9918, 44.3156], [5.0434, 44.3679], [5.0434, 44.3777], [4.9924, 44.4231], [4.9499, 44.4245], [4.8887, 44.356], [4.8807, 44.332], [4.897, 44.3124]]]}}, {"type": "Feature", "properties": {"osm_type": "relation", "osm_id": 7451, "name": "Aveyron", "admin_level": "6", "iso": "FR-12", "parent_iso": "FR", "parent_osm_id": 2202162}, "geometry": {"type": "Polygon", "coordinates": [[[2.1414, 44.5814], [2.204, 44.5994], [2.2142, 44.6472], [2.2299, 44.653], [2.3005, 44.6687], [2.3213, 44.6672], [2.3401, 44.6519], [2.4716, 44.6682], [2.534, 44.7232], [2.5434, 44.755], [2.5835, 44.8023], [2.594, 44.835], [2.7267, 44.9354], [2.7345, 44.9347], [2.7701, 44.9], [2.7758, 44.8631], [2.8301, 44.8646], [2.867, 44.8235], [2.8786, 44.7972], [2.9266, 44.7781], [2.9266, 44.7686], [2.9069, 44.7568], [2.9337, 44.6776], [3.0662, 44.5642], [3.0844, 44.5373], [3.0855, 44.4894], [3.1401, 44.4287], [3.1255, 44.3635], [3.1306, 44.3349], [3.1474, 44.3102], [3.1234, 44.2634], [3.213, 44.2307], [3.241, 44.1922], [3.3411, 44.1958], [3.3696, 44.1828], [3.377, 44.1684], [3.3418, 44.1499], [3.3266, 44.1332], [3.3237, 44.1044], [3.2862, 44.081], [3.3065, 44.0691], [3.3322, 44.0719], [3.3516, 44.0572], [3.3864, 44.054], [3.4402, 44.0223], [3.4475, 44.0081], [3.3569, 43.9386], [3.342, 43.9039], [3.3218, 43.8911], [3.2744, 43.8876], [3.2447, 43.872], [3.2323, 43.8391], [3.2094, 43.8185], [3.1809, 43.8131], [3.0881, 43.8228], [3.0574, 43.8163], [3.0492, 43.7916], [3.0612, 43.7661], [3.0562, 43.7156], [3.0509, 43.7015], [3.0341, 43.6909], [2.9821, 43.701], [2.9345, 43.6937], [2.9229, 43.7228], [2.9036, 43.7374], [2.8173, 43.7547], [2.7406, 43.729], [2.7069, 43.7356], [2.6138, 43.7983], [2.5859, 43.8295], [2.5507, 43.9175], [2.515, 43.9509], [2.5216, 43.9807], [2.4601, 44.0467], [2.4103, 44.0558], [2.3812, 44.0998], [2.3017, 44.1231], [2.2748, 44.1418], [2.2342, 44.1437], [2.2043, 44.1675], [2.1552, 44.1906], [2.1104, 44.1929], [1.9902, 44.1493], [1.9742, 44.1761], [1.9182, 44.1899], [1.9083, 44.2124], [1.9204, 44.2352], [1.9627, 44.2499], [1.9706, 44.2763], [1.8922, 44.2825], [1.8689, 44.2926], [1.8707, 44.3297], [1.9022, 44.35], [1.9023, 44.3617], [1.8612, 44.4115], [1.834, 44.4883], [1.9282, 44.5207], [1.988, 44.5557], [2.063, 44.5866], [2.1414, 44.5814]]]}}, {"type": "Feature", "properties": {"osm_type": "relation", "osm_id": 7454, "name": "Lot", "admin_level": "6", "iso": "FR-46", "parent_iso": "FR", "parent_osm_id": 2202162}, "geometry": {"type": "Polygon", "coordinates": [[[2.2053, 44.6223], [2.204, 44.5994], [2.18, 44.5893], [2.1414, 44.5814], [2.063, 44.5866], [1.988, 44.5557], [1.9282, 44.5207], [1.834, 44.4883], [1.8612, 44.4115], [1.9023, 44.3617], [1.9022, 44.35], [1.846, 44.3308], [1.7674, 44.3282], [1.6845, 44.3017], [1.6432, 44.27], [1.6167, 44.2976], [1.5733, 44.2946], [1.5685, 44.2812], [1.5812, 44.2439], [1.5661, 44.2347], [1.5449, 44.2342], [1.5045, 44.2713], [1.4736, 44.2841], [1.4371, 44.2495], [1.3643, 44.2205], [1.3397, 44.2217], [1.2808, 44.2404], [1.2996, 44.2689], [1.2851, 44.2816], [1.2504, 44.2698], [1.1468, 44.3038], [1.117, 44.3307], [1.1287, 44.3837], [1.1189, 44.3927], [1.1004, 44.3915], [1.0645, 44.3787], [1.0675, 44.4222], [1.0375, 44.4464], [1.0209, 44.4796], [1.0195, 44.5056], [0.9983, 44.5327], [1.013, 44.5476], [1.0616, 44.5649], [1.1199, 44.6036], [1.1896, 44.6826], [1.227, 44.6891], [1.2996, 44.7256], [1.3217, 44.7514], [1.3117, 44.7731], [1.3139, 44.7887], [1.3258, 44.8018], [1.3637, 44.811], [1.3913, 44.8462], [1.4373, 44.8834], [1.4345, 44.9061], [1.4467, 44.9329], [1.425, 44.9838], [1.43, 45.0001], [1.5226, 45.045], [1.5462, 45.0276], [1.5809, 45.0356], [1.6262, 45.0229], [1.6934, 44.9846], [1.7142, 44.9602], [1.7779, 44.9334], [1.852, 44.9458], [1.9175, 44.9704], [1.9535, 44.9609], [1.9844, 44.9725], [2.0587, 44.9751], [2.0711, 44.9566], [2.0854, 44.8798], [2.1568, 44.7838], [2.1323, 44.6987], [2.1613, 44.6846], [2.1816, 44.6312], [2.2053, 44.6223]]]}}, {"type": "Feature", "properties": {"osm_type": "relation", "osm_id": 7408, "name": "Indre-et-Loire", "admin_level": "6", "iso": "FR-37", "parent_iso": "FR", "parent_osm_id": 2202162}, "geometry": {"type": "Polygon", "coordinates": [[[1.3267, 47.1863], [1.3569, 47.1519], [1.3624, 47.13], [1.3556, 47.1084], [1.3175, 47.1028], [1.307, 47.0716], [1.2937, 47.0723], [1.2698, 47.0415], [1.2368, 47.017], [1.1543, 47.0344], [1.0743, 47.014], [1.0564, 46.9965], [1.058, 46.9496], [1.0373, 46.942], [1.0058, 46.8036], [0.9798, 46.7553], [0.9407, 46.7432], [0.9165, 46.7663], [0.8808, 46.7505], [0.8315, 46.7794], [0.7134, 46.9001], [0.6928, 46.9429], [0.6718, 46.966], [0.5724, 47.0039], [0.5703, 46.987], [0.5837, 46.965], [0.5727, 46.955], [0.4837, 46.9508], [0.4339, 46.9327], [0.3267, 46.9385], [0.3082, 46.9515], [0.3036, 46.9659], [0.3118, 47.0322], [0.307, 47.0426], [0.2772, 47.0453], [0.2579, 47.0634], [0.2001, 47.0555], [0.1908, 47.0655], [0.1967, 47.0868], [0.1918, 47.1023], [0.1472, 47.0988], [0.1355, 47.127], [0.1001, 47.1186], [0.0668, 47.1537], [0.0815, 47.2302], [0.1053, 47.2991], [0.1771, 47.3774], [0.174, 47.4147], [0.2218, 47.5022], [0.2143, 47.5485], [0.2418, 47.6029], [0.385, 47.5814], [0.3813, 47.6175], [0.3974, 47.6309], [0.4438, 47.6188], [0.4778, 47.64], [0.6082, 47.6708], [0.6096, 47.6892], [0.6454, 47.7061], [0.7063, 47.6844], [0.741, 47.6941], [0.8511, 47.6712], [0.8632, 47.6474], [0.8557, 47.6143], [0.8729, 47.5999], [0.8959, 47.6036], [0.9309, 47.6264], [0.9622, 47.6292], [0.9874, 47.622], [0.9975, 47.595], [1.0378, 47.6013], [1.0673, 47.5666], [1.0525, 47.5235], [1.1051, 47.4717], [1.1196, 47.4426], [1.1241, 47.4073], [1.1188, 47.3715], [1.0988, 47.3259], [1.1051, 47.3133], [1.1518, 47.2835], [1.2391, 47.2782], [1.2725, 47.2571], [1.3267, 47.1863]]]}}, {"type": "Feature", "properties": {"osm_type": "relation", "osm_id": 7417, "name": "Indre", "admin_level": "6", "iso": "FR-36", "parent_iso": "FR", "parent_osm_id": 2202162}, "geometry": {"type": "Polygon", "coordinates": [[[1.307, 47.0716], [1.3175, 47.1028], [1.3556, 47.1084], [1.3624, 47.13], [1.3569, 47.1519], [1.3267, 47.1863], [1.4237, 47.2264], [1.4717, 47.2358], [1.5247, 47.2257], [1.5311, 47.2467], [1.5482, 47.2578], [1.5929, 47.2576], [1.6039, 47.2847], [1.6727, 47.2727], [1.7244, 47.2892], [1.839, 47.2192], [1.8398, 47.1908], [1.8254, 47.1669], [1.7744, 47.1307], [1.7949, 47.1219], [1.8857, 47.1037], [1.9665, 47.1238], [2.0386, 47.1127], [2.0526, 47.0859], [2.042, 47.0476], [2.0931, 46.9996], [2.079, 46.9423], [2.0882, 46.9281], [2.1323, 46.9028], [2.1294, 46.8929], [2.0966, 46.8692], [2.0777, 46.8391], [2.0773, 46.8064], [2.11, 46.7876], [2.114, 46.7754], [2.1091, 46.7652], [2.0759, 46.7464], [2.0668, 46.7272], [2.0828, 46.7123], [2.1378, 46.7021], [2.1466, 46.693], [2.145, 46.6624], [2.1835, 46.6371], [2.186, 46.607], [2.158, 46.5607], [2.1585, 46.5491], [2.1838, 46.527], [2.1938, 46.503], [2.1912, 46.4778], [2.1562, 46.4504], [2.1392, 46.4214], [2.1023, 46.4159], [1.971, 46.4364], [1.8815, 46.4382], [1.8314, 46.4205], [1.7707, 46.452], [1.7535, 46.4421], [1.7524, 46.4149], [1.7369, 46.3983], [1.6725, 46.401], [1.6289, 46.3813], [1.6039, 46.3894], [1.598, 46.4074], [1.5255, 46.4144], [1.4144, 46.3509], [1.3699, 46.3722], [1.3449, 46.3961], [1.321, 46.3922], [1.3047, 46.3746], [1.2471, 46.3677], [1.2211, 46.3689], [1.177, 46.387], [1.1947, 46.4279], [1.1424, 46.4645], [1.1494, 46.5005], [1.1368, 46.5184], [1.1015, 46.5344], [1.0268, 46.5383], [1.0141, 46.5644], [0.9596, 46.5811], [0.916, 46.6151], [0.9069, 46.6639], [0.9169, 46.6995], [0.9024, 46.7298], [0.8808, 46.7505], [0.9165, 46.7663], [0.9407, 46.7432], [0.9798, 46.7553], [1.0058, 46.8036], [1.0373, 46.942], [1.058, 46.9496], [1.0564, 46.9965], [1.0743, 47.014], [1.1543, 47.0344], [1.2368, 47.017], [1.2698, 47.0415], [1.2937, 47.0723], [1.307, 47.0716]]]}}, {"type": "Feature", "properties": {"osm_type": "relation", "osm_id": 7399, "name": "Loir-et-Cher", "admin_level": "6", "iso": "FR-41", "parent_iso": "FR", "parent_osm_id": 2202162}, "geometry": {"type": "Polygon", "coordinates": [[[1.839, 47.2192], [1.7244, 47.2892], [1.6727, 47.2727], [1.6039, 47.2847], [1.5929, 47.2576], [1.5482, 47.2578], [1.5311, 47.2467], [1.5247, 47.2257], [1.4717, 47.2358], [1.4237, 47.2264], [1.3267, 47.1863], [1.2725, 47.2571], [1.2391, 47.2782], [1.1518, 47.2835], [1.1051, 47.3133], [1.0988, 47.3259], [1.1188, 47.3715], [1.1241, 47.4073], [1.1196, 47.4426], [1.1051, 47.4717], [1.0525, 47.5235], [1.0673, 47.5666], [1.0378, 47.6013], [0.9975, 47.595], [0.9874, 47.622], [0.9622, 47.6292], [0.9309, 47.6264], [0.8959, 47.6036], [0.8729, 47.5999], [0.8557, 47.6143], [0.8598, 47.6621], [0.8387, 47.676], [0.741, 47.6941], [0.7063, 47.6844], [0.6454, 47.7061], [0.6096, 47.6892], [0.602, 47.7015], [0.6133, 47.7229], [0.7447, 47.7875], [0.77, 47.8425], [0.7711, 47.8876], [0.7796, 47.9071], [0.8372, 47.9459], [0.8333, 47.9785], [0.8442, 48.0216], [0.8147, 48.0294], [0.7976, 48.0628], [0.8522, 48.0762], [0.8326, 48.0945], [0.9309, 48.1055], [1.0061, 48.1307], [1.0189, 48.1293], [1.0267, 48.1192], [1.0363, 48.0822], [1.0971, 48.068], [1.2051, 47.9686], [1.2518, 47.9754], [1.3254, 47.9514], [1.3488, 47.9509], [1.4704, 47.9935], [1.52, 47.9823], [1.5518, 47.9869], [1.568, 47.966], [1.5369, 47.9261], [1.5792, 47.9036], [1.5789, 47.8655], [1.5335, 47.8264], [1.5703, 47.7968], [1.5478, 47.7694], [1.5991, 47.7353], [1.6172, 47.7427], [1.6289, 47.7639], [1.7061, 47.7337], [1.7178, 47.7251], [1.7331, 47.6764], [1.7569, 47.6546], [1.789, 47.6412], [1.8197, 47.6437], [1.8394, 47.6693], [1.8435, 47.6906], [1.8609, 47.7], [1.9409, 47.6671], [2.1717, 47.6772], [2.2238, 47.663], [2.2391, 47.621], [2.1629, 47.6035], [2.1328, 47.5877], [2.1284, 47.5591], [2.1411, 47.5489], [2.1828, 47.5495], [2.1992, 47.5413], [2.2535, 47.4692], [2.2586, 47.4392], [2.2451, 47.4112], [2.1524, 47.4272], [2.1273, 47.4161], [2.1162, 47.3752], [2.1487, 47.3086], [2.1391, 47.2861], [2.1008, 47.2701], [2.0511, 47.2657], [1.9416, 47.283], [1.9144, 47.2612], [1.9051, 47.2222], [1.8726, 47.2126], [1.839, 47.2192]]]}}, {"type": "Feature", "properties": {"osm_type": "relation", "osm_id": 7459, "name": "Creuse", "admin_level": "6", "iso": "FR-23", "parent_iso": "FR", "parent_osm_id": 2202162}, "geometry": {"type": "Polygon", "coordinates": [[[1.9201, 45.6955], [1.8936, 45.6962], [1.871, 45.7099], [1.8827, 45.7372], [1.8853, 45.773], [1.8683, 45.7932], [1.7999, 45.8183], [1.7558, 45.8565], [1.6597, 45.8419], [1.6251, 45.8451], [1.6119, 45.8634], [1.6198, 45.8916], [1.6092, 45.9156], [1.5275, 45.9224], [1.5159, 45.9312], [1.5174, 45.9521], [1.5607, 45.9728], [1.5781, 45.9939], [1.5515, 45.9974], [1.5264, 46.0695], [1.4934, 46.0843], [1.4876, 46.0948], [1.495, 46.1329], [1.4877, 46.1473], [1.4515, 46.1746], [1.4043, 46.1873], [1.3866, 46.2091], [1.3851, 46.2373], [1.4382, 46.3128], [1.44, 46.336], [1.4144, 46.3509], [1.5255, 46.4144], [1.598, 46.4074], [1.6039, 46.3894], [1.6289, 46.3813], [1.6725, 46.401], [1.7369, 46.3983], [1.7524, 46.4149], [1.7535, 46.4421], [1.7707, 46.452], [1.8314, 46.4205], [1.8815, 46.4382], [1.971, 46.4364], [2.1023, 46.4159], [2.1551, 46.4237], [2.2539, 46.4198], [2.316, 46.3667], [2.3397, 46.3226], [2.3968, 46.3101], [2.4246, 46.2751], [2.4494, 46.2834], [2.4634, 46.2799], [2.5146, 46.2258], [2.5313, 46.1855], [2.5667, 46.1359], [2.5612, 46.0819], [2.5946, 46.0269], [2.5953, 45.9712], [2.5678, 45.9464], [2.5419, 45.9035], [2.5058, 45.8729], [2.464, 45.8687], [2.4116, 45.8381], [2.3982, 45.8218], [2.4277, 45.7876], [2.4386, 45.7615], [2.4899, 45.7361], [2.4347, 45.7085], [2.3637, 45.7125], [2.3281, 45.6798], [2.3014, 45.6739], [2.1737, 45.7262], [2.1029, 45.7349], [2.0651, 45.7591], [2.0406, 45.7603], [2.005, 45.7392], [1.9802, 45.7037], [1.9201, 45.6955]]]}}, {"type": "Feature", "properties": {"osm_type": "relation", "osm_id": 7438, "name": "Mayenne", "admin_level": "6", "iso": "FR-53", "parent_iso": "FR", "parent_osm_id": 2202162}, "geometry": {"type": "Polygon", "coordinates": [[[-0.3816, 47.8004], [-0.3839, 47.7812], [-0.4198, 47.7618], [-0.4541, 47.761], [-0.5023, 47.7789], [-0.5276, 47.7566], [-0.5794, 47.7576], [-0.6108, 47.7358], [-0.6269, 47.7351], [-0.9565, 47.7934], [-0.9844, 47.7633], [-1.0266, 47.7748], [-1.1385, 47.7775], [-1.1902, 47.7879], [-1.243, 47.8095], [-1.2245, 47.8317], [-1.1677, 47.9608], [-1.1349, 47.9832], [-1.0673, 47.9908], [-1.0406, 48.0015], [-1.0418, 48.0623], [-1.0704, 48.0906], [-1.0823, 48.1524], [-1.0703, 48.1743], [-1.0836, 48.2353], [-1.1017, 48.2674], [-1.0698, 48.3182], [-1.0823, 48.4231], [-1.0791, 48.4987], [-0.9949, 48.4933], [-0.9362, 48.5073], [-0.8994, 48.4969], [-0.8627, 48.5018], [-0.8462, 48.4922], [-0.8169, 48.4544], [-0.7858, 48.457], [-0.7544, 48.4413], [-0.7356, 48.4502], [-0.7305, 48.4619], [-0.6744, 48.4732], [-0.641, 48.4546], [-0.5543, 48.4683], [-0.4831, 48.5063], [-0.3379, 48.4937], [-0.3191, 48.5123], [-0.2489, 48.5268], [-0.2414, 48.5393], [-0.2445, 48.5529], [-0.2335, 48.5613], [-0.1629, 48.5399], [-0.1582, 48.5328], [-0.1665, 48.5145], [-0.1544, 48.4899], [-0.103, 48.4533], [-0.0622, 48.4394], [-0.0527, 48.3806], [-0.1244, 48.3705], [-0.1475, 48.3528], [-0.1534, 48.3376], [-0.1383, 48.2293], [-0.1553, 48.2004], [-0.2315, 48.1639], [-0.2368, 48.1338], [-0.2219, 48.0969], [-0.2299, 48.0731], [-0.2574, 48.0567], [-0.3379, 48.0404], [-0.3424, 48.0266], [-0.2974, 47.9821], [-0.2894, 47.9559], [-0.3153, 47.9409], [-0.3633, 47.9382], [-0.3866, 47.9272], [-0.3966, 47.9048], [-0.3822, 47.8786], [-0.3852, 47.8656], [-0.4438, 47.8394], [-0.4443, 47.8261], [-0.4322, 47.8124], [-0.3816, 47.8004]]]}}, {"type": "Feature", "properties": {"osm_type": "relation", "osm_id": 7443, "name": "Sarthe", "admin_level": "6", "iso": "FR-72", "parent_iso": "FR", "parent_osm_id": 2202162}, "geometry": {"type": "Polygon", "coordinates": [[[-0.4198, 47.7618], [-0.3839, 47.7812], [-0.3816, 47.8004], [-0.4322, 47.8124], [-0.4443, 47.8261], [-0.4438, 47.8394], [-0.3852, 47.8656], [-0.3822, 47.8786], [-0.3966, 47.9048], [-0.3866, 47.9272], [-0.3633, 47.9382], [-0.3153, 47.9409], [-0.2894, 47.9559], [-0.2974, 47.9821], [-0.3424, 48.0266], [-0.3379, 48.0404], [-0.2574, 48.0567], [-0.2299, 48.0731], [-0.2219, 48.0969], [-0.2368, 48.1338], [-0.2315, 48.1639], [-0.1553, 48.2004], [-0.1383, 48.2293], [-0.1534, 48.3376], [-0.1475, 48.3528], [-0.1244, 48.3705], [0.0065, 48.3855], [0.0613, 48.3796], [0.0737, 48.4017], [0.1155, 48.4128], [0.1526, 48.4455], [0.1925, 48.4602], [0.2806, 48.4741], [0.3099, 48.4716], [0.3715, 48.4485], [0.3784, 48.4323], [0.3731, 48.3978], [0.3779, 48.3565], [0.3905, 48.3329], [0.4161, 48.3158], [0.4432, 48.3047], [0.4932, 48.3046], [0.4991, 48.2744], [0.5152, 48.2658], [0.6004, 48.2498], [0.6553, 48.2529], [0.7155, 48.2015], [0.7503, 48.1843], [0.7984, 48.186], [0.8471, 48.161], [0.8982, 48.156], [0.9129, 48.1472], [0.903, 48.1343], [0.8316, 48.1029], [0.8522, 48.0762], [0.7976, 48.0628], [0.8147, 48.0294], [0.8442, 48.0216], [0.8333, 47.9785], [0.8406, 47.9546], [0.8284, 47.9363], [0.7796, 47.9071], [0.7711, 47.8876], [0.77, 47.8425], [0.7447, 47.7875], [0.6133, 47.7229], [0.602, 47.7015], [0.613, 47.6815], [0.6082, 47.6708], [0.4778, 47.64], [0.4438, 47.6188], [0.4083, 47.6306], [0.3847, 47.6241], [0.385, 47.5814], [0.1859, 47.6165], [0.1752, 47.5888], [0.1515, 47.588], [0.0634, 47.6103], [-0.0441, 47.6513], [-0.0974, 47.6572], [-0.1426, 47.6343], [-0.1689, 47.6386], [-0.1926, 47.651], [-0.2071, 47.6689], [-0.2085, 47.691], [-0.1844, 47.7053], [-0.1946, 47.7195], [-0.2054, 47.7219], [-0.2441, 47.7056], [-0.4198, 47.7618]]]}}, {"type": "Feature", "properties": {"osm_type": "relation", "osm_id": 7445, "name": "Vaucluse", "admin_level": "6", "iso": "FR-84", "parent_iso": "FR", "parent_osm_id": 2202162}, "geometry": {"type": "MultiPolygon", "coordinates": [[[[5.7538, 43.7321], [5.7109, 43.7061], [5.6444, 43.6949], [5.5825, 43.666], [5.5309, 43.6693], [5.4136, 43.6952], [5.3366, 43.7398], [5.1926, 43.7491], [5.0872, 43.7868], [4.9685, 43.8667], [4.9059, 43.8955], [4.7728, 43.9328], [4.818, 43.9646], [4.8209, 44.0004], [4.8455, 44.0002], [4.8498, 44.0127], [4.773, 44.0877], [4.726, 44.0888], [4.719, 44.1247], [4.7213, 44.1902], [4.69, 44.2149], [4.6884, 44.2361], [4.6673, 44.258], [4.6578, 44.2817], [4.6575, 44.3268], [4.7163, 44.3293], [4.7592, 44.3201], [4.7871, 44.2959], [4.8144, 44.243], [4.8318, 44.2367], [4.8822, 44.257], [4.9275, 44.2625], [4.9845, 44.282], [5.0523, 44.2962], [5.1273, 44.2893], [5.1671, 44.3082], [5.1745, 44.2971], [5.1628, 44.2761], [5.1623, 44.2543], [5.1775, 44.2339], [5.223, 44.2244], [5.2691, 44.2272], [5.3789, 44.2021], [5.3988, 44.1632], [5.4624, 44.1282], [5.5062, 44.1218], [5.5026, 44.0634], [5.5377, 44.0609], [5.544, 44.0498], [5.5385, 44.0212], [5.508, 43.9578], [5.5171, 43.9469], [5.5768, 43.9362], [5.5894, 43.9043], [5.5474, 43.8382], [5.5447, 43.8176], [5.6094, 43.835], [5.6628, 43.8121], [5.7538, 43.7321]]], [[[4.9637, 44.4289], [4.9924, 44.4231], [5.0322, 44.3935], [5.0434, 44.3679], [4.9918, 44.3156], [4.888, 44.3163], [4.8807, 44.332], [4.8887, 44.356], [4.9384, 44.4164], [4.9637, 44.4289]]]]}}, {"type": "Feature", "properties": {"osm_type": "relation", "osm_id": 7396, "name": "Haute-Marne", "admin_level": "6", "iso": "FR-52", "parent_iso": "FR", "parent_osm_id": 2202162}, "geometry": {"type": "Polygon", "coordinates": [[[4.867, 48.6933], [4.9921, 48.6929], [5.0, 48.6869], [5.0149, 48.6372], [5.0708, 48.5979], [5.2686, 48.5108], [5.3448, 48.5004], [5.3563, 48.4814], [5.4552, 48.4192], [5.4224, 48.3801], [5.4382, 48.3314], [5.4543, 48.3337], [5.4781, 48.3518], [5.5085, 48.3507], [5.5844, 48.2838], [5.6252, 48.2841], [5.6455, 48.2761], [5.655, 48.243], [5.713, 48.2114], [5.7203, 48.196], [5.6975, 48.1805], [5.6885, 48.1477], [5.6581, 48.0955], [5.7322, 48.0467], [5.788, 48.0225], [5.7978, 48.0086], [5.7958, 47.9737], [5.8043, 47.9584], [5.8492, 47.9676], [5.8918, 47.9326], [5.8978, 47.9193], [5.8921, 47.9091], [5.8608, 47.9011], [5.821, 47.8635], [5.7043, 47.8011], [5.7, 47.792], [5.7099, 47.7641], [5.7009, 47.7333], [5.7042, 47.7055], [5.6924, 47.6857], [5.5763, 47.6569], [5.5013, 47.6819], [5.4334, 47.6741], [5.4069, 47.6587], [5.3656, 47.5967], [5.351, 47.5949], [5.3305, 47.6086], [5.2838, 47.5883], [5.2756, 47.5908], [5.2635, 47.619], [5.2036, 47.6463], [5.1794, 47.6766], [5.1609, 47.6714], [5.138, 47.6505], [5.1094, 47.6483], [5.0697, 47.667], [5.0337, 47.7038], [5.0217, 47.7055], [4.9989, 47.6882], [4.9817, 47.6878], [4.9635, 47.7056], [4.9545, 47.751], [4.9316, 47.7734], [4.9406, 47.7867], [4.9784, 47.7912], [4.9894, 47.8008], [4.9679, 47.8421], [4.8946, 47.911], [4.8841, 47.9126], [4.8644, 47.8956], [4.8489, 47.9003], [4.8439, 47.917], [4.8607, 47.9438], [4.8008, 47.9664], [4.8048, 47.9913], [4.732, 48.0059], [4.6985, 48.022], [4.7184, 48.0429], [4.6952, 48.0788], [4.7111, 48.1034], [4.7419, 48.1152], [4.8138, 48.1047], [4.8276, 48.1115], [4.8624, 48.1983], [4.8466, 48.2901], [4.8192, 48.3131], [4.824, 48.3421], [4.7739, 48.3584], [4.7531, 48.3833], [4.716, 48.3994], [4.6801, 48.4357], [4.6373, 48.4608], [4.6688, 48.5054], [4.6702, 48.5318], [4.7852, 48.5383], [4.7688, 48.5755], [4.7757, 48.5951], [4.8544, 48.6128], [4.8374, 48.6446], [4.7734, 48.644], [4.8021, 48.6784], [4.867, 48.6933]]]}}, {"type": "Feature", "properties": {"osm_type": "relation", "osm_id": 7379, "name": "Marne", "admin_level": "6", "iso": "FR-51", "parent_iso": "FR", "parent_osm_id": 2202162}, "geometry": {"type": "Polygon", "coordinates": [[[4.9921, 48.6929], [4.867, 48.6933], [4.8021, 48.6784], [4.7734, 48.644], [4.8374, 48.6446], [4.8544, 48.6128], [4.7757, 48.5951], [4.7688, 48.5755], [4.7852, 48.5383], [4.6702, 48.5318], [4.5994, 48.5499], [4.5261, 48.5289], [4.3282, 48.6112], [4.3208, 48.6237], [4.3318, 48.6754], [4.3172, 48.7027], [4.196, 48.7107], [4.116, 48.6928], [4.0786, 48.6945], [4.0573, 48.6673], [4.0096, 48.6579], [3.8692, 48.5703], [3.8484, 48.5258], [3.7481, 48.5402], [3.716, 48.5687], [3.7012, 48.5558], [3.6356, 48.5413], [3.6239, 48.5791], [3.6002, 48.5782], [3.5656, 48.6148], [3.5378, 48.6134], [3.5012, 48.6436], [3.4593, 48.6424], [3.455, 48.6623], [3.4633, 48.6856], [3.4513, 48.7244], [3.4205, 48.7504], [3.3972, 48.751], [3.3949, 48.7602], [3.4256, 48.7905], [3.4064, 48.8086], [3.4093, 48.8131], [3.464, 48.8172], [3.5031, 48.8844], [3.5741, 48.9335], [3.5906, 48.959], [3.6708, 49.0155], [3.6713, 49.0243], [3.657, 49.033], [3.6042, 49.0318], [3.5848, 49.0413], [3.5864, 49.0603], [3.6261, 49.0903], [3.6255, 49.1384], [3.6492, 49.1506], [3.7237, 49.1494], [3.7467, 49.1697], [3.7052, 49.2017], [3.6753, 49.21], [3.6657, 49.273], [3.6501, 49.3028], [3.7034, 49.3245], [3.8575, 49.3473], [3.859, 49.3712], [3.8779, 49.381], [3.9144, 49.3797], [3.9636, 49.3621], [3.996, 49.3707], [4.0409, 49.362], [4.0541, 49.3821], [4.0553, 49.4073], [4.1966, 49.3946], [4.3343, 49.3189], [4.3749, 49.3187], [4.4138, 49.2821], [4.4489, 49.2761], [4.5773, 49.2844], [4.6365, 49.235], [4.7231, 49.2525], [4.8362, 49.2361], [4.9075, 49.2541], [4.9404, 49.2545], [4.9787, 49.2357], [4.98, 49.2098], [4.9583, 49.1814], [4.9554, 49.1652], [4.9848, 49.1028], [4.9918, 49.0369], [5.0267, 49.021], [5.0341, 49.006], [5.0202, 48.9913], [5.0191, 48.9554], [5.0085, 48.9347], [4.9452, 48.9157], [4.9288, 48.8978], [4.9212, 48.8674], [4.9302, 48.8322], [4.9069, 48.8048], [4.9127, 48.7906], [4.9828, 48.75], [4.9936, 48.7221], [4.9921, 48.6929]]]}}, {"type": "Feature", "properties": {"osm_type": "relation", "osm_id": 7375, "name": "Dordogne", "admin_level": "6", "iso": "FR-24", "parent_iso": "FR", "parent_osm_id": 2202162}, "geometry": {"type": "Polygon", "coordinates": [[[-0.0127, 44.8613], [0.0306, 44.9108], [0.0308, 44.9198], [0.0051, 44.9463], [0.0072, 44.9604], [0.0394, 44.9963], [0.0384, 45.0186], [0.0659, 45.0635], [0.0486, 45.1089], [0.0315, 45.1201], [-0.0336, 45.1201], [-0.0012, 45.1517], [-0.0122, 45.1776], [0.0, 45.1919], [0.0728, 45.2204], [0.1425, 45.2179], [0.1599, 45.231], [0.173, 45.2553], [0.2202, 45.2722], [0.2494, 45.293], [0.2566, 45.313], [0.2563, 45.3662], [0.2809, 45.4225], [0.3895, 45.4803], [0.4339, 45.4892], [0.5048, 45.5681], [0.5172, 45.6345], [0.5649, 45.6479], [0.6009, 45.6873], [0.6359, 45.7103], [0.6552, 45.6994], [0.7346, 45.6925], [0.7708, 45.6618], [0.761, 45.6143], [0.7855, 45.6019], [0.8361, 45.597], [0.8723, 45.6198], [0.8912, 45.6089], [0.9444, 45.6154], [1.0175, 45.6113], [1.0826, 45.5469], [1.1587, 45.5282], [1.1547, 45.5135], [1.1277, 45.4949], [1.1306, 45.483], [1.1992, 45.4567], [1.2288, 45.461], [1.2604, 45.4437], [1.2873, 45.4401], [1.2875, 45.4246], [1.2714, 45.4037], [1.2729, 45.3903], [1.2904, 45.3829], [1.3182, 45.3867], [1.3269, 45.3764], [1.3164, 45.3607], [1.2536, 45.3204], [1.243, 45.2824], [1.2826, 45.2545], [1.247, 45.2246], [1.2391, 45.2072], [1.2883, 45.195], [1.29, 45.1793], [1.2779, 45.1609], [1.2891, 45.1467], [1.3331, 45.1319], [1.397, 45.1319], [1.3975, 45.0847], [1.423, 45.0479], [1.4586, 45.0151], [1.43, 45.0001], [1.425, 44.9838], [1.4467, 44.9329], [1.4345, 44.9061], [1.4334, 44.876], [1.3913, 44.8462], [1.3637, 44.811], [1.3258, 44.8018], [1.3139, 44.7887], [1.3117, 44.7731], [1.3217, 44.7514], [1.2996, 44.7256], [1.227, 44.6891], [1.175, 44.673], [1.1199, 44.6036], [1.0772, 44.5745], [1.0563, 44.6003], [0.9722, 44.6384], [0.9392, 44.6378], [0.8729, 44.604], [0.8408, 44.6021], [0.8171, 44.6271], [0.8384, 44.6415], [0.8421, 44.6596], [0.8319, 44.6772], [0.8117, 44.6901], [0.6858, 44.6737], [0.6642, 44.6799], [0.6408, 44.6999], [0.6005, 44.7009], [0.5874, 44.6986], [0.5466, 44.6652], [0.5054, 44.6765], [0.417, 44.6453], [0.3753, 44.6575], [0.329, 44.728], [0.2745, 44.7901], [0.2638, 44.8265], [0.3113, 44.844], [0.3222, 44.8566], [0.3102, 44.8657], [0.233, 44.8813], [0.2399, 44.8676], [0.1931, 44.8319], [0.1745, 44.8267], [0.0311, 44.8403], [0.0006, 44.863], [-0.0127, 44.8613]]]}}, {"type": "Feature", "properties": {"osm_type": "relation", "osm_id": 4850451, "name": "Rh\u00f4ne", "admin_level": "6", "iso": "FR-69", "parent_iso": "FR", "parent_osm_id": 2202162}, "geometry": {"type": "Polygon", "coordinates": [[[4.7978, 46.1718], [4.7946, 46.1514], [4.749, 46.0594], [4.7554, 45.9979], [4.7485, 45.9569], [4.7844, 45.9448], [4.8127, 45.9227], [4.8201, 45.9066], [4.8459, 45.9097], [4.9091, 45.8742], [4.9037, 45.8582], [4.9169, 45.8113], [4.9922, 45.8266], [5.0503, 45.8198], [5.1024, 45.8262], [5.0713, 45.778], [5.0715, 45.7623], [5.1569, 45.715], [5.1545, 45.7003], [5.1031, 45.6901], [5.057, 45.6602], [5.0348, 45.6221], [5.0143, 45.6124], [4.8197, 45.6004], [4.8024, 45.593], [4.87, 45.5497], [4.8547, 45.515], [4.7864, 45.4731], [4.76, 45.4445], [4.7182, 45.4797], [4.6791, 45.4779], [4.6543, 45.4912], [4.6659, 45.5549], [4.6623, 45.5687], [4.6402, 45.5813], [4.5461, 45.5776], [4.497, 45.5847], [4.4356, 45.6134], [4.3842, 45.6544], [4.3654, 45.6985], [4.3992, 45.7374], [4.3968, 45.7494], [4.3442, 45.7603], [4.3442, 45.7777], [4.3834, 45.8182], [4.3938, 45.8428], [4.3723, 45.8659], [4.3341, 45.8867], [4.3403, 45.9247], [4.3277, 45.942], [4.2589, 45.9703], [4.253, 45.9849], [4.2998, 45.9986], [4.308, 46.0122], [4.2526, 46.0498], [4.2584, 46.0667], [4.3399, 46.1324], [4.357, 46.1418], [4.4322, 46.1507], [4.4392, 46.1736], [4.4327, 46.1915], [4.4017, 46.2201], [4.3839, 46.2248], [4.4142, 46.2935], [4.4989, 46.275], [4.5543, 46.2887], [4.5916, 46.2624], [4.6142, 46.2673], [4.6282, 46.297], [4.665, 46.2922], [4.673, 46.2882], [4.6774, 46.2613], [4.7041, 46.2475], [4.7031, 46.2247], [4.7202, 46.1886], [4.7392, 46.177], [4.7978, 46.1718]]]}}, {"type": "Feature", "properties": {"osm_type": "relation", "osm_id": 7384, "name": "Vosges", "admin_level": "6", "iso": "FR-88", "parent_iso": "FR", "parent_osm_id": 2202162}, "geometry": {"type": "Polygon", "coordinates": [[[6.8874, 48.4194], [7.0547, 48.5184], [7.0887, 48.5234], [7.1489, 48.4999], [7.1277, 48.4841], [7.1074, 48.3458], [7.1348, 48.3332], [7.1885, 48.331], [7.209, 48.3153], [7.2087, 48.3034], [7.0832, 48.1645], [7.0742, 48.1461], [7.0869, 48.1254], [7.0812, 48.1046], [7.0594, 48.0847], [7.0085, 48.0103], [6.9518, 47.957], [6.9417, 47.9174], [6.915, 47.8757], [6.9239, 47.8432], [6.8689, 47.819], [6.8417, 47.8212], [6.7407, 47.8761], [6.685, 47.8956], [6.6246, 47.9403], [6.6063, 47.9374], [6.5765, 47.908], [6.5378, 47.8999], [6.4987, 47.9047], [6.3734, 47.953], [6.3224, 47.9505], [6.2828, 47.9348], [6.2438, 47.9322], [6.1861, 47.9528], [6.1827, 47.9768], [6.1669, 47.9921], [6.0994, 48.0087], [6.071, 48.0044], [6.0263, 47.9673], [5.9709, 47.9409], [5.9617, 47.9793], [5.9486, 47.9764], [5.9222, 47.9441], [5.8918, 47.9326], [5.8492, 47.9676], [5.8043, 47.9584], [5.7958, 47.9737], [5.7978, 48.0086], [5.788, 48.0225], [5.7322, 48.0467], [5.6581, 48.0955], [5.6885, 48.1477], [5.6975, 48.1805], [5.7203, 48.196], [5.713, 48.2114], [5.655, 48.243], [5.6455, 48.2761], [5.6252, 48.2841], [5.5844, 48.2838], [5.5085, 48.3507], [5.4781, 48.3518], [5.4543, 48.3337], [5.4382, 48.3314], [5.4224, 48.3801], [5.4552, 48.4192], [5.4792, 48.4119], [5.5538, 48.4396], [5.6149, 48.4405], [5.6689, 48.4663], [5.7361, 48.4668], [5.7652, 48.4966], [5.7795, 48.4862], [5.842, 48.502], [5.8659, 48.4993], [5.902, 48.4803], [5.902, 48.4599], [5.874, 48.4142], [5.955, 48.3874], [5.9487, 48.3653], [5.9769, 48.3575], [6.1172, 48.3613], [6.1492, 48.3715], [6.1474, 48.4078], [6.1736, 48.3994], [6.2568, 48.4037], [6.2842, 48.4378], [6.3042, 48.4169], [6.331, 48.4063], [6.3899, 48.4078], [6.3874, 48.3921], [6.4026, 48.3938], [6.433, 48.4105], [6.5018, 48.4145], [6.6062, 48.4693], [6.6355, 48.4706], [6.6489, 48.433], [6.6639, 48.4231], [6.7364, 48.4163], [6.8072, 48.396], [6.8645, 48.4356], [6.8874, 48.4194]]]}}, {"type": "Feature", "properties": {"osm_type": "relation", "osm_id": 7430, "name": "Ard\u00e8che", "admin_level": "6", "iso": "FR-07", "parent_iso": "FR", "parent_osm_id": 2202162}, "geometry": {"type": "Polygon", "coordinates": [[[4.8114, 45.2963], [4.8107, 45.2791], [4.8169, 45.2791], [4.8141, 45.1974], [4.8273, 45.1579], [4.8228, 45.1112], [4.8447, 45.101], [4.8411, 45.0883], [4.8584, 45.0656], [4.851, 45.0215], [4.8926, 44.9495], [4.8618, 44.8751], [4.8306, 44.8509], [4.8223, 44.8308], [4.7882, 44.8076], [4.7712, 44.7794], [4.773, 44.7415], [4.7964, 44.6964], [4.7895, 44.6585], [4.74, 44.6063], [4.7213, 44.5734], [4.7034, 44.4747], [4.6703, 44.4209], [4.6578, 44.2817], [4.5852, 44.3007], [4.5506, 44.3271], [4.5208, 44.3368], [4.4557, 44.3318], [4.4451, 44.3011], [4.4181, 44.2905], [4.3956, 44.3011], [4.3967, 44.3283], [4.3864, 44.3389], [4.3422, 44.3337], [4.2511, 44.2818], [4.149, 44.3172], [4.1306, 44.3317], [4.0499, 44.3252], [4.0361, 44.3756], [4.0497, 44.4035], [4.0218, 44.4395], [3.994, 44.4579], [3.9574, 44.5509], [3.9118, 44.5949], [3.8711, 44.7099], [3.8722, 44.7509], [3.8938, 44.758], [3.9475, 44.8184], [4.0134, 44.8361], [4.0314, 44.8653], [4.1535, 44.8754], [4.1933, 44.9145], [4.2154, 44.9589], [4.2521, 44.9601], [4.2966, 44.9742], [4.2985, 44.9876], [4.2889, 45.0013], [4.3019, 45.0211], [4.3677, 45.0381], [4.3478, 45.0684], [4.3835, 45.1013], [4.37, 45.1329], [4.3923, 45.1341], [4.42, 45.1168], [4.4395, 45.1256], [4.4459, 45.1572], [4.476, 45.2072], [4.4778, 45.2259], [4.4627, 45.2365], [4.5975, 45.242], [4.5948, 45.2864], [4.6095, 45.3127], [4.7202, 45.3588], [4.7698, 45.3657], [4.7759, 45.3372], [4.8114, 45.2963]]]}}, {"type": "Feature", "properties": {"osm_type": "relation", "osm_id": 7420, "name": "Loire", "admin_level": "6", "iso": "FR-42", "parent_iso": "FR", "parent_osm_id": 2202162}, "geometry": {"type": "Polygon", "coordinates": [[[4.76, 45.4445], [4.7554, 45.4021], [4.7698, 45.3657], [4.7202, 45.3588], [4.6095, 45.3127], [4.5948, 45.2864], [4.5975, 45.242], [4.4627, 45.2365], [4.4057, 45.2694], [4.3591, 45.2736], [4.3388, 45.3067], [4.3517, 45.3337], [4.3449, 45.3563], [4.3256, 45.3809], [4.3025, 45.3929], [4.2646, 45.3723], [4.1967, 45.387], [4.16, 45.3867], [4.1377, 45.3596], [4.0421, 45.3464], [3.9986, 45.3456], [3.9618, 45.3699], [3.9025, 45.3455], [3.8902, 45.351], [3.8855, 45.3587], [3.8955, 45.3958], [3.9535, 45.4527], [3.9689, 45.4824], [3.9675, 45.4982], [3.9271, 45.5701], [3.8039, 45.6491], [3.7521, 45.7329], [3.7257, 45.7528], [3.6948, 45.7953], [3.7093, 45.819], [3.711, 45.8535], [3.7304, 45.892], [3.7227, 45.9076], [3.6817, 45.9334], [3.6747, 45.9483], [3.6795, 45.957], [3.7183, 45.9718], [3.797, 45.9854], [3.8163, 46.001], [3.7903, 46.1095], [3.7928, 46.1619], [3.7855, 46.2038], [3.7665, 46.2288], [3.8211, 46.2618], [3.8865, 46.2762], [3.8987, 46.2508], [3.8977, 46.2132], [3.9917, 46.1764], [4.0753, 46.1936], [4.143, 46.1814], [4.1917, 46.1899], [4.289, 46.1727], [4.3284, 46.182], [4.3839, 46.2248], [4.4191, 46.208], [4.4392, 46.1736], [4.4322, 46.1507], [4.357, 46.1418], [4.3399, 46.1324], [4.2584, 46.0667], [4.2526, 46.0498], [4.308, 46.0122], [4.2998, 45.9986], [4.253, 45.9849], [4.2589, 45.9703], [4.3277, 45.942], [4.3403, 45.9247], [4.3341, 45.8867], [4.3723, 45.8659], [4.3938, 45.8428], [4.3834, 45.8182], [4.3442, 45.7777], [4.3442, 45.7603], [4.3968, 45.7494], [4.3992, 45.7374], [4.3654, 45.6985], [4.3842, 45.6544], [4.4356, 45.6134], [4.497, 45.5847], [4.5461, 45.5776], [4.6402, 45.5813], [4.6623, 45.5687], [4.6659, 45.5549], [4.6543, 45.4912], [4.6791, 45.4779], [4.7182, 45.4797], [4.76, 45.4445]]]}}, {"type": "Feature", "properties": {"osm_type": "relation", "osm_id": 7406, "name": "Puy-de-D\u00f4me", "admin_level": "6", "iso": "FR-63", "parent_iso": "FR", "parent_osm_id": 2202162}, "geometry": {"type": "Polygon", "coordinates": [[[2.8718, 46.2627], [2.9096, 46.2526], [2.9238, 46.1744], [2.9501, 46.1418], [2.9842, 46.1157], [3.017, 46.1025], [3.091, 46.1117], [3.1278, 46.0715], [3.2334, 46.0732], [3.313, 46.0577], [3.3321, 46.0442], [3.4381, 46.0718], [3.4579, 46.02], [3.457, 46.0032], [3.52, 46.0148], [3.5844, 46.0048], [3.6795, 45.957], [3.6747, 45.9483], [3.6817, 45.9334], [3.7227, 45.9076], [3.7304, 45.892], [3.711, 45.8535], [3.7108, 45.8253], [3.6961, 45.8012], [3.697, 45.7893], [3.7521, 45.7329], [3.8039, 45.6491], [3.9271, 45.5701], [3.9675, 45.4982], [3.9613, 45.4643], [3.9079, 45.4142], [3.8855, 45.3587], [3.8047, 45.3859], [3.7909, 45.378], [3.7807, 45.3572], [3.7598, 45.3497], [3.6785, 45.3696], [3.6234, 45.3476], [3.6073, 45.3541], [3.5677, 45.3939], [3.505, 45.4164], [3.3951, 45.401], [3.3435, 45.4219], [3.3258, 45.4216], [3.3025, 45.4049], [3.2354, 45.3877], [3.2005, 45.3597], [3.1035, 45.3545], [3.034, 45.3003], [2.9955, 45.2886], [2.9486, 45.3092], [2.9004, 45.3726], [2.8338, 45.3964], [2.748, 45.3859], [2.7035, 45.388], [2.668, 45.4345], [2.5024, 45.4872], [2.4954, 45.5452], [2.4651, 45.5846], [2.4814, 45.6237], [2.5205, 45.6444], [2.5247, 45.6977], [2.4842, 45.7412], [2.4386, 45.7615], [2.4277, 45.7876], [2.401, 45.8142], [2.4006, 45.8292], [2.464, 45.8687], [2.5016, 45.8699], [2.5419, 45.9035], [2.5678, 45.9464], [2.5953, 45.9712], [2.5946, 46.0269], [2.5612, 46.0819], [2.5667, 46.1359], [2.6211, 46.122], [2.6509, 46.1258], [2.7136, 46.1692], [2.7326, 46.2234], [2.7986, 46.1975], [2.8156, 46.2013], [2.8191, 46.2418], [2.8718, 46.2627]]]}}, {"type": "Feature", "properties": {"osm_type": "relation", "osm_id": 1450201, "name": "Allier", "admin_level": "6", "iso": "FR-03", "parent_iso": "FR", "parent_osm_id": 2202162}, "geometry": {"type": "Polygon", "coordinates": [[[3.017, 46.1025], [2.9842, 46.1157], [2.9501, 46.1418], [2.9238, 46.1744], [2.9096, 46.2526], [2.8718, 46.2627], [2.8191, 46.2418], [2.8156, 46.2013], [2.7986, 46.1975], [2.7326, 46.2234], [2.7136, 46.1692], [2.6509, 46.1258], [2.6211, 46.122], [2.5667, 46.1359], [2.5313, 46.1855], [2.5146, 46.2258], [2.4741, 46.2714], [2.4494, 46.2834], [2.4246, 46.2751], [2.3968, 46.3101], [2.3397, 46.3226], [2.316, 46.3667], [2.2539, 46.4198], [2.2916, 46.4684], [2.3155, 46.4766], [2.3401, 46.5006], [2.3996, 46.5218], [2.5296, 46.5322], [2.6173, 46.552], [2.6158, 46.5699], [2.5855, 46.6014], [2.5934, 46.6287], [2.5768, 46.6559], [2.6197, 46.6614], [2.6253, 46.6673], [2.622, 46.6861], [2.6533, 46.6901], [2.7222, 46.7343], [2.7388, 46.723], [2.7807, 46.7146], [2.8055, 46.7307], [2.8381, 46.7259], [2.8676, 46.7544], [2.9314, 46.7832], [2.9758, 46.7932], [3.0298, 46.7909], [3.0329, 46.7685], [3.0515, 46.7503], [3.1025, 46.7272], [3.1474, 46.7246], [3.1938, 46.6906], [3.216, 46.6872], [3.2855, 46.7024], [3.3584, 46.6846], [3.4076, 46.7114], [3.4335, 46.7058], [3.457, 46.6747], [3.4568, 46.6562], [3.4705, 46.65], [3.5599, 46.6814], [3.5676, 46.7063], [3.5888, 46.7158], [3.5968, 46.7429], [3.6249, 46.7393], [3.6579, 46.6859], [3.74, 46.6154], [3.7456, 46.5933], [3.7409, 46.5493], [3.8055, 46.5231], [3.8349, 46.5219], [3.8782, 46.4928], [3.9467, 46.4813], [3.9788, 46.4626], [3.9895, 46.4272], [3.9789, 46.3882], [3.9997, 46.3263], [3.8865, 46.2762], [3.8211, 46.2618], [3.7665, 46.2288], [3.7855, 46.2038], [3.7928, 46.1619], [3.7903, 46.1095], [3.8176, 46.0086], [3.797, 45.9854], [3.7183, 45.9718], [3.6795, 45.957], [3.5844, 46.0048], [3.52, 46.0148], [3.457, 46.0032], [3.4579, 46.02], [3.4381, 46.0718], [3.3321, 46.0442], [3.313, 46.0577], [3.2334, 46.0732], [3.1278, 46.0715], [3.091, 46.1117], [3.017, 46.1025]]]}}, {"type": "Feature", "properties": {"osm_type": "relation", "osm_id": 7440, "name": "Loiret", "admin_level": "6", "iso": "FR-45", "parent_iso": "FR", "parent_osm_id": 2202162}, "geometry": {"type": "Polygon", "coordinates": [[[1.5991, 47.7353], [1.5478, 47.7694], [1.5703, 47.7968], [1.5335, 47.8264], [1.5789, 47.8655], [1.5792, 47.9036], [1.5369, 47.9261], [1.568, 47.966], [1.5518, 47.9869], [1.5197, 47.9855], [1.5159, 48.0179], [1.5214, 48.0294], [1.553, 48.0425], [1.5842, 48.0326], [1.5994, 48.0353], [1.6471, 48.0724], [1.7293, 48.0667], [1.7892, 48.0846], [1.8545, 48.0862], [1.8897, 48.1153], [1.9185, 48.1665], [1.9713, 48.1865], [1.9765, 48.2005], [1.9651, 48.2461], [1.9884, 48.2767], [2.1335, 48.2991], [2.1675, 48.3097], [2.1977, 48.3387], [2.2215, 48.3324], [2.2378, 48.3132], [2.2559, 48.3056], [2.316, 48.328], [2.3604, 48.3105], [2.3995, 48.3145], [2.4201, 48.2921], [2.4369, 48.2498], [2.4932, 48.2247], [2.5137, 48.2066], [2.5002, 48.1812], [2.5075, 48.1572], [2.4635, 48.1564], [2.4508, 48.1466], [2.4505, 48.1341], [2.4668, 48.1243], [2.548, 48.1301], [2.6848, 48.1226], [2.7187, 48.134], [2.7458, 48.1544], [2.7883, 48.16], [2.8032, 48.1514], [2.7955, 48.1332], [2.8111, 48.1308], [2.9256, 48.1559], [2.9566, 48.1543], [2.9946, 48.1467], [3.0227, 48.1318], [3.0451, 48.0764], [3.108, 48.0324], [3.1179, 48.0008], [3.085, 47.9488], [3.0212, 47.9111], [2.9946, 47.9073], [2.9963, 47.8749], [3.0121, 47.8472], [2.9989, 47.829], [3, 47.8012], [2.9924, 47.7924], [2.9182, 47.765], [2.8603, 47.7619], [2.8349, 47.7491], [2.8309, 47.7301], [2.8369, 47.7159], [2.8753, 47.7042], [2.9284, 47.6595], [2.9343, 47.6392], [2.925, 47.619], [2.9693, 47.5676], [2.9097, 47.5622], [2.8589, 47.5443], [2.856, 47.5364], [2.8747, 47.5205], [2.8186, 47.4986], [2.7976, 47.4974], [2.7544, 47.5235], [2.7331, 47.525], [2.7039, 47.4867], [2.6789, 47.485], [2.6265, 47.518], [2.5844, 47.5637], [2.5663, 47.5728], [2.4892, 47.5766], [2.4419, 47.6069], [2.3725, 47.5952], [2.2945, 47.6222], [2.2391, 47.621], [2.2238, 47.663], [2.1717, 47.6772], [1.9704, 47.6641], [1.9409, 47.6671], [1.8609, 47.7], [1.8435, 47.6906], [1.8394, 47.6693], [1.8197, 47.6437], [1.789, 47.6412], [1.7569, 47.6546], [1.7331, 47.6764], [1.7178, 47.7251], [1.7061, 47.7337], [1.6289, 47.7639], [1.6172, 47.7427], [1.5991, 47.7353]]]}}, {"type": "Feature", "properties": {"osm_type": "relation", "osm_id": 7409, "name": "Maine-et-Loire", "admin_level": "6", "iso": "FR-49", "parent_iso": "FR", "parent_osm_id": 2202162}, "geometry": {"type": "Polygon", "coordinates": [[[-1.0583, 47.5641], [-1.0321, 47.5698], [-1.0082, 47.5878], [-1.0313, 47.6014], [-1.1581, 47.6315], [-1.1701, 47.6411], [-1.1793, 47.6995], [-1.2123, 47.7202], [-1.2405, 47.7229], [-1.248, 47.734], [-1.251, 47.7804], [-1.243, 47.8095], [-1.1902, 47.7879], [-1.1385, 47.7775], [-1.0266, 47.7748], [-0.9844, 47.7633], [-0.9565, 47.7934], [-0.6269, 47.7351], [-0.6108, 47.7358], [-0.5794, 47.7576], [-0.5276, 47.7566], [-0.5023, 47.7789], [-0.4541, 47.761], [-0.4198, 47.7618], [-0.2441, 47.7056], [-0.2054, 47.7219], [-0.1946, 47.7195], [-0.1844, 47.7053], [-0.2085, 47.691], [-0.2071, 47.6689], [-0.1926, 47.651], [-0.1689, 47.6386], [-0.1426, 47.6343], [-0.0974, 47.6572], [-0.0441, 47.6513], [0.0634, 47.6103], [0.1515, 47.588], [0.1752, 47.5888], [0.1859, 47.6165], [0.2418, 47.6029], [0.2143, 47.5485], [0.2218, 47.5022], [0.174, 47.4147], [0.1771, 47.3774], [0.1053, 47.2991], [0.0815, 47.2302], [0.0668, 47.1537], [-0.004, 47.1566], [-0.0369, 47.1279], [-0.0531, 47.0963], [-0.0919, 47.0861], [-0.1182, 47.0573], [-0.143, 47.0628], [-0.159, 47.0914], [-0.1813, 47.1006], [-0.3763, 47.0881], [-0.4732, 47.0664], [-0.5177, 47.0754], [-0.5551, 47.061], [-0.5562, 47.0482], [-0.5448, 47.0363], [-0.5492, 47.0252], [-0.6324, 46.9924], [-0.6965, 46.9881], [-0.7804, 46.997], [-0.8511, 46.9896], [-0.935, 47.0166], [-0.946, 47.0004], [-0.9608, 47.0029], [-0.9934, 47.0204], [-1.0349, 47.0032], [-1.0753, 47.0072], [-1.1486, 47.0295], [-1.1184, 47.041], [-1.1294, 47.0626], [-1.1605, 47.0841], [-1.2301, 47.1094], [-1.2193, 47.1318], [-1.1619, 47.1858], [-1.1839, 47.2316], [-1.1964, 47.2482], [-1.2506, 47.2464], [-1.3015, 47.2971], [-1.3393, 47.3009], [-1.3347, 47.3239], [-1.3042, 47.3409], [-1.2232, 47.3511], [-1.1648, 47.3758], [-1.0009, 47.3832], [-0.9238, 47.3943], [-0.9559, 47.4388], [-0.9656, 47.4918], [-1.129, 47.505], [-1.1531, 47.5169], [-1.1747, 47.542], [-1.1789, 47.5638], [-1.1617, 47.5713], [-1.0583, 47.5641]]]}}, {"type": "Feature", "properties": {"osm_type": "relation", "osm_id": 7441, "name": "Aube", "admin_level": "6", "iso": "FR-10", "parent_iso": "FR", "parent_osm_id": 2202162}, "geometry": {"type": "Polygon", "coordinates": [[[4.196, 48.7107], [4.3172, 48.7027], [4.3318, 48.6754], [4.3208, 48.6237], [4.3282, 48.6112], [4.5261, 48.5289], [4.5994, 48.5499], [4.6702, 48.5318], [4.6688, 48.5054], [4.6373, 48.4608], [4.6801, 48.4357], [4.716, 48.3994], [4.7531, 48.3833], [4.7739, 48.3584], [4.824, 48.3421], [4.8192, 48.3131], [4.8466, 48.2901], [4.8617, 48.1903], [4.8461, 48.1705], [4.8276, 48.1115], [4.8138, 48.1047], [4.7584, 48.1149], [4.7261, 48.1118], [4.7111, 48.1034], [4.6952, 48.0788], [4.7184, 48.0429], [4.6985, 48.022], [4.6592, 48.0087], [4.6102, 48.0153], [4.5832, 48.0107], [4.5632, 47.9978], [4.5604, 47.9744], [4.5418, 47.9653], [4.3259, 47.946], [4.2766, 47.9242], [4.2555, 47.9345], [4.2182, 47.9724], [4.203, 47.9391], [4.1617, 47.9541], [4.1275, 47.9331], [4.0679, 47.9382], [4.0289, 47.9223], [3.9983, 47.9307], [3.9163, 47.9338], [3.9042, 47.9479], [3.9057, 47.976], [3.8984, 47.9864], [3.8587, 47.9826], [3.8317, 47.9938], [3.8305, 48.0011], [3.8523, 48.0064], [3.8587, 48.0153], [3.7832, 48.1042], [3.7523, 48.1281], [3.7332, 48.1572], [3.7082, 48.1605], [3.6976, 48.1459], [3.6658, 48.1439], [3.5816, 48.181], [3.6132, 48.2172], [3.5999, 48.2672], [3.5097, 48.3474], [3.4616, 48.3682], [3.4213, 48.3698], [3.4129, 48.4021], [3.3954, 48.4117], [3.4011, 48.4496], [3.391, 48.4745], [3.4206, 48.4985], [3.4059, 48.5247], [3.4514, 48.5333], [3.4936, 48.5877], [3.5378, 48.6134], [3.5656, 48.6148], [3.6002, 48.5782], [3.6239, 48.5791], [3.6356, 48.5413], [3.7012, 48.5558], [3.716, 48.5687], [3.7481, 48.5402], [3.8484, 48.5258], [3.8692, 48.5703], [4.0096, 48.6579], [4.0573, 48.6673], [4.0786, 48.6945], [4.116, 48.6928], [4.196, 48.7107]]]}}, {"type": "Feature", "properties": {"osm_type": "relation", "osm_id": 71525, "name": "Paris", "admin_level": "6", "iso": "FR-75", "parent_iso": "FR", "parent_osm_id": 2202162}, "geometry": {"type": "Polygon", "coordinates": [[[2.2354, 48.8338], [2.2268, 48.8528], [2.2332, 48.8691], [2.2666, 48.9011], [2.3766, 48.9012], [2.4291, 48.8691], [2.4734, 48.8592], [2.4573, 48.8213], [2.4434, 48.8158], [2.332, 48.8171], [2.2548, 48.8385], [2.2354, 48.8338]]]}}, {"type": "Feature", "properties": {"osm_type": "relation", "osm_id": 7449, "name": "Hauts-de-Seine", "admin_level": "6", "iso": "FR-92", "parent_iso": "FR", "parent_osm_id": 2202162}, "geometry": {"type": "Polygon", "coordinates": [[[2.2666, 48.9011], [2.2332, 48.8691], [2.2268, 48.8528], [2.2354, 48.8338], [2.2548, 48.8385], [2.332, 48.8171], [2.3189, 48.7829], [2.3208, 48.7487], [2.3026, 48.7301], [2.29, 48.7312], [2.2675, 48.7552], [2.2397, 48.7653], [2.166, 48.8178], [2.1525, 48.8415], [2.1516, 48.8829], [2.1837, 48.9129], [2.2139, 48.9208], [2.2546, 48.9449], [2.3188, 48.9581], [2.3298, 48.9483], [2.3273, 48.9307], [2.2666, 48.9011]]]}}, {"type": "Feature", "properties": {"osm_type": "relation", "osm_id": 7389, "name": "Seine-Saint-Denis", "admin_level": "6", "iso": "FR-93", "parent_iso": "FR", "parent_osm_id": 2202162}, "geometry": {"type": "Polygon", "coordinates": [[[2.2666, 48.9011], [2.3273, 48.9307], [2.3298, 48.9483], [2.3188, 48.9581], [2.3463, 48.9723], [2.4412, 48.9554], [2.4735, 48.9626], [2.525, 48.9985], [2.5642, 49.0073], [2.5789, 48.9914], [2.5703, 48.9706], [2.5923, 48.9336], [2.5711, 48.858], [2.5924, 48.8075], [2.515, 48.8499], [2.4291, 48.8691], [2.3916, 48.897], [2.2666, 48.9011]]]}}, {"type": "Feature", "properties": {"osm_type": "relation", "osm_id": 7433, "name": "Val-d'Oise", "admin_level": "6", "iso": "FR-95", "parent_iso": "FR", "parent_osm_id": 2202162}, "geometry": {"type": "Polygon", "coordinates": [[[2.3188, 48.9581], [2.2546, 48.9449], [2.2139, 48.9208], [2.1837, 48.9129], [2.1516, 48.8829], [2.1249, 48.8862], [2.1217, 48.9107], [2.1362, 48.9385], [2.1723, 48.96], [2.1789, 48.9757], [2.1731, 48.9886], [2.1453, 48.9972], [2.0728, 48.9952], [2.0417, 48.9518], [2.0244, 48.9428], [2.0083, 48.9466], [2.0002, 48.9598], [2.0077, 48.9791], [1.9779, 49.0095], [1.9411, 49.0136], [1.8812, 48.9984], [1.8547, 49.0558], [1.8414, 49.0675], [1.8026, 49.0727], [1.7241, 49.0466], [1.705, 49.0471], [1.6991, 49.069], [1.6199, 49.0826], [1.6681, 49.1907], [1.6981, 49.2307], [1.7375, 49.1895], [1.8857, 49.1678], [1.9875, 49.1775], [2.0716, 49.2119], [2.1346, 49.185], [2.1738, 49.182], [2.2378, 49.1631], [2.2665, 49.1619], [2.3187, 49.1796], [2.5092, 49.1126], [2.5357, 49.1178], [2.5833, 49.0845], [2.5531, 49.0098], [2.4735, 48.9626], [2.4412, 48.9554], [2.3463, 48.9723], [2.3188, 48.9581]]]}}, {"type": "Feature", "properties": {"osm_type": "relation", "osm_id": 7457, "name": "Yvelines", "admin_level": "6", "iso": "FR-78", "parent_iso": "FR", "parent_osm_id": 2202162}, "geometry": {"type": "Polygon", "coordinates": [[[1.6199, 49.0826], [1.6991, 49.069], [1.705, 49.0471], [1.7241, 49.0466], [1.8026, 49.0727], [1.8414, 49.0675], [1.8547, 49.0558], [1.8812, 48.9984], [1.9411, 49.0136], [1.9779, 49.0095], [2.0077, 48.9791], [2.0002, 48.9598], [2.0083, 48.9466], [2.0244, 48.9428], [2.0417, 48.9518], [2.0728, 48.9952], [2.1453, 48.9972], [2.1774, 48.985], [2.1723, 48.96], [2.1362, 48.9385], [2.1217, 48.9107], [2.1249, 48.8862], [2.1516, 48.8829], [2.1525, 48.8415], [2.166, 48.8178], [2.2265, 48.7761], [2.1236, 48.756], [2.0902, 48.6977], [2.0458, 48.6868], [2.0281, 48.6526], [2.037, 48.6137], [2.0291, 48.579], [2.0171, 48.5641], [1.9664, 48.5593], [1.9489, 48.5489], [1.9193, 48.4445], [1.8752, 48.4441], [1.785, 48.4768], [1.7638, 48.5012], [1.7578, 48.5522], [1.7094, 48.582], [1.6981, 48.612], [1.6348, 48.6429], [1.6025, 48.6814], [1.5761, 48.698], [1.6064, 48.7486], [1.5677, 48.7729], [1.5752, 48.8227], [1.5704, 48.8454], [1.4928, 48.9395], [1.4883, 48.9733], [1.4515, 48.9862], [1.4554, 49.0149], [1.4435, 49.0357], [1.454, 49.0486], [1.5812, 49.0686], [1.6199, 49.0826]]]}}, {"type": "Feature", "properties": {"osm_type": "relation", "osm_id": 7428, "name": "Charente", "admin_level": "6", "iso": "FR-16", "parent_iso": "FR", "parent_osm_id": 2202162}, "geometry": {"type": "Polygon", "coordinates": [[[-0.204, 45.776], [-0.1731, 45.7904], [-0.1281, 45.832], [-0.1249, 45.8612], [-0.1512, 45.9266], [-0.1007, 45.936], [-0.0868, 45.9493], [-0.103, 45.9697], [-0.0628, 45.9828], [-0.011, 46.0515], [0.0358, 46.0804], [0.0887, 46.0988], [0.1359, 46.1041], [0.1779, 46.0871], [0.1974, 46.0955], [0.2216, 46.09], [0.2867, 46.0622], [0.4028, 46.0632], [0.4421, 46.0535], [0.4573, 46.0585], [0.4708, 46.0811], [0.4437, 46.0964], [0.4635, 46.1246], [0.4879, 46.1337], [0.5106, 46.1262], [0.5533, 46.0907], [0.5999, 46.0828], [0.6468, 46.091], [0.7078, 46.1367], [0.7964, 46.1329], [0.8135, 46.0536], [0.8474, 46.0201], [0.8852, 46.022], [0.9241, 45.9737], [0.9182, 45.9574], [0.8895, 45.9394], [0.8101, 45.9219], [0.7942, 45.8246], [0.7807, 45.797], [0.753, 45.7925], [0.7272, 45.8026], [0.711, 45.7972], [0.6963, 45.775], [0.6589, 45.7505], [0.6359, 45.7103], [0.6009, 45.6873], [0.5649, 45.6479], [0.5172, 45.6345], [0.5048, 45.5681], [0.4339, 45.4892], [0.3895, 45.4803], [0.2809, 45.4225], [0.2563, 45.3662], [0.2566, 45.313], [0.2494, 45.293], [0.2202, 45.2722], [0.1791, 45.2596], [0.1599, 45.231], [0.1335, 45.2149], [0.0828, 45.2224], [0.0003, 45.192], [-0.0055, 45.226], [-0.0365, 45.2423], [-0.1153, 45.2482], [-0.1088, 45.2896], [-0.1439, 45.2901], [-0.2135, 45.3161], [-0.2657, 45.3075], [-0.285, 45.3188], [-0.2803, 45.3512], [-0.3106, 45.3767], [-0.2564, 45.4155], [-0.2483, 45.435], [-0.2671, 45.4715], [-0.2445, 45.5032], [-0.3216, 45.535], [-0.2965, 45.5644], [-0.3866, 45.6132], [-0.4205, 45.6202], [-0.4117, 45.6664], [-0.4158, 45.7416], [-0.4593, 45.7402], [-0.452, 45.7647], [-0.4355, 45.7779], [-0.2721, 45.804], [-0.2466, 45.8001], [-0.226, 45.7826], [-0.204, 45.776]]]}}, {"type": "Feature", "properties": {"osm_type": "relation", "osm_id": 7456, "name": "Cher", "admin_level": "6", "iso": "FR-18", "parent_iso": "FR", "parent_osm_id": 2202162}, "geometry": {"type": "Polygon", "coordinates": [[[1.8857, 47.1037], [1.7744, 47.1307], [1.8254, 47.1669], [1.8398, 47.1908], [1.839, 47.2192], [1.8726, 47.2126], [1.9051, 47.2222], [1.9144, 47.2612], [1.9416, 47.283], [2.0511, 47.2657], [2.1008, 47.2701], [2.1391, 47.2861], [2.1487, 47.3086], [2.1162, 47.3752], [2.1273, 47.4161], [2.1524, 47.4272], [2.2451, 47.4112], [2.2586, 47.4392], [2.246, 47.4817], [2.2225, 47.5022], [2.1992, 47.5413], [2.1828, 47.5495], [2.1411, 47.5489], [2.1284, 47.5591], [2.1328, 47.5877], [2.1629, 47.6035], [2.2707, 47.6244], [2.3725, 47.5952], [2.4419, 47.6069], [2.4892, 47.5766], [2.5663, 47.5728], [2.5844, 47.5637], [2.6265, 47.518], [2.6789, 47.485], [2.7039, 47.4867], [2.7331, 47.525], [2.7544, 47.5235], [2.7976, 47.4974], [2.8747, 47.5205], [2.8818, 47.5146], [2.9303, 47.4529], [2.9321, 47.4402], [2.923, 47.4087], [2.875, 47.3371], [2.8883, 47.319], [2.9157, 47.3074], [2.9769, 47.2605], [3.0335, 47.1222], [3.0316, 47.0758], [3.0684, 47.0455], [3.0756, 46.974], [3.0542, 46.9133], [3.0732, 46.8703], [3.0352, 46.8149], [3.0298, 46.7909], [2.9758, 46.7932], [2.9314, 46.7832], [2.8676, 46.7544], [2.8381, 46.7259], [2.8055, 46.7307], [2.7807, 46.7146], [2.7388, 46.723], [2.7222, 46.7343], [2.6533, 46.6901], [2.622, 46.6861], [2.6253, 46.6673], [2.6197, 46.6614], [2.5809, 46.6597], [2.5762, 46.6506], [2.5934, 46.6287], [2.5833, 46.6081], [2.6158, 46.5699], [2.6135, 46.5495], [2.5296, 46.5322], [2.3996, 46.5218], [2.3401, 46.5006], [2.3155, 46.4766], [2.2916, 46.4684], [2.2539, 46.4198], [2.1392, 46.4214], [2.1452, 46.4381], [2.1823, 46.4679], [2.1947, 46.49], [2.1838, 46.527], [2.1585, 46.5491], [2.158, 46.5607], [2.1814, 46.5922], [2.1874, 46.6227], [2.1721, 46.6478], [2.145, 46.6624], [2.1466, 46.693], [2.1378, 46.7021], [2.0828, 46.7123], [2.0668, 46.7272], [2.0759, 46.7464], [2.1091, 46.7652], [2.114, 46.7754], [2.11, 46.7876], [2.0773, 46.8064], [2.0777, 46.8391], [2.0966, 46.8692], [2.1294, 46.8929], [2.1323, 46.9028], [2.0882, 46.9281], [2.079, 46.9423], [2.0931, 46.9996], [2.042, 47.0476], [2.0526, 47.0859], [2.0474, 47.1056], [2.0177, 47.1198], [1.9665, 47.1238], [1.8857, 47.1037]]]}}, {"type": "Feature", "properties": {"osm_type": "relation", "osm_id": 7374, "name": "Eure-et-Loir", "admin_level": "6", "iso": "FR-28", "parent_iso": "FR", "parent_osm_id": 2202162}, "geometry": {"type": "Polygon", "coordinates": [[[1.2118, 47.9677], [1.0971, 48.068], [1.0363, 48.0822], [1.0189, 48.1293], [0.9309, 48.1055], [0.8326, 48.0945], [0.8356, 48.1075], [0.903, 48.1343], [0.9129, 48.1472], [0.8982, 48.156], [0.8471, 48.161], [0.7984, 48.186], [0.8274, 48.209], [0.7968, 48.2532], [0.7979, 48.2895], [0.7789, 48.3054], [0.7789, 48.3242], [0.7886, 48.335], [0.9165, 48.3687], [0.9503, 48.3929], [0.9798, 48.4331], [0.9491, 48.4695], [0.9511, 48.5157], [0.8926, 48.562], [0.8504, 48.583], [0.8228, 48.6206], [0.8164, 48.6651], [0.8727, 48.699], [0.9995, 48.7176], [1.0389, 48.7477], [1.0968, 48.7524], [1.1089, 48.7782], [1.1628, 48.7574], [1.2189, 48.7578], [1.249, 48.7497], [1.3237, 48.7754], [1.3441, 48.7877], [1.3724, 48.8308], [1.4442, 48.8638], [1.4542, 48.8806], [1.4481, 48.9173], [1.4928, 48.9395], [1.5704, 48.8454], [1.5705, 48.768], [1.6064, 48.7486], [1.5993, 48.73], [1.5781, 48.7107], [1.5789, 48.6929], [1.6025, 48.6814], [1.6348, 48.6429], [1.6981, 48.612], [1.7094, 48.582], [1.7578, 48.5522], [1.7638, 48.5012], [1.785, 48.4768], [1.8752, 48.4441], [1.9193, 48.4445], [1.9231, 48.4131], [1.9582, 48.3825], [1.9772, 48.3359], [1.9987, 48.3255], [1.9717, 48.2949], [1.9723, 48.2842], [1.9884, 48.2767], [1.9651, 48.2461], [1.9765, 48.2005], [1.9635, 48.1784], [1.9185, 48.1665], [1.8897, 48.1153], [1.8545, 48.0862], [1.7892, 48.0846], [1.7293, 48.0667], [1.6471, 48.0724], [1.5994, 48.0353], [1.5374, 48.0405], [1.5159, 48.0179], [1.52, 47.9823], [1.4704, 47.9935], [1.3488, 47.9509], [1.3254, 47.9514], [1.2518, 47.9754], [1.2118, 47.9677]]]}}, {"type": "Feature", "properties": {"osm_type": "relation", "osm_id": 7452, "name": "Haute-Loire", "admin_level": "6", "iso": "FR-43", "parent_iso": "FR", "parent_osm_id": 2202162}, "geometry": {"type": "Polygon", "coordinates": [[[3.1123, 45.2847], [3.1133, 45.3204], [3.1035, 45.3545], [3.2005, 45.3597], [3.2354, 45.3877], [3.3025, 45.4049], [3.3258, 45.4216], [3.3435, 45.4219], [3.3951, 45.401], [3.505, 45.4164], [3.5677, 45.3939], [3.6073, 45.3541], [3.6234, 45.3476], [3.6785, 45.3696], [3.7598, 45.3497], [3.7807, 45.3572], [3.7909, 45.378], [3.8047, 45.3859], [3.8855, 45.3587], [3.9025, 45.3455], [3.9618, 45.3699], [3.9986, 45.3456], [4.0421, 45.3464], [4.1377, 45.3596], [4.16, 45.3867], [4.1967, 45.387], [4.2646, 45.3723], [4.3025, 45.3929], [4.3256, 45.3809], [4.3508, 45.3436], [4.3388, 45.3067], [4.3536, 45.2785], [4.4296, 45.2595], [4.4778, 45.2259], [4.4782, 45.2181], [4.4431, 45.1509], [4.4358, 45.1198], [4.42, 45.1168], [4.3923, 45.1341], [4.37, 45.1329], [4.3835, 45.1013], [4.3478, 45.0684], [4.3677, 45.0381], [4.3019, 45.0211], [4.2889, 45.0013], [4.2985, 44.9876], [4.2966, 44.9742], [4.2521, 44.9601], [4.2154, 44.9589], [4.1933, 44.9145], [4.1535, 44.8754], [4.0314, 44.8653], [4.0134, 44.8361], [3.9475, 44.8184], [3.8938, 44.758], [3.8722, 44.7509], [3.7951, 44.7762], [3.7287, 44.8209], [3.6551, 44.8335], [3.6612, 44.8627], [3.6435, 44.8743], [3.5946, 44.871], [3.5841, 44.8385], [3.5695, 44.8291], [3.4928, 44.816], [3.4787, 44.8217], [3.403, 44.9147], [3.3867, 44.9535], [3.3697, 44.9542], [3.3558, 44.9932], [3.2963, 45.0391], [3.2904, 45.0526], [3.2948, 45.0697], [3.3306, 45.0981], [3.3278, 45.112], [3.2881, 45.1206], [3.2746, 45.1361], [3.2681, 45.188], [3.2335, 45.2323], [3.2265, 45.268], [3.1928, 45.286], [3.1123, 45.2847]]]}}, {"type": "Feature", "properties": {"osm_type": "relation", "osm_id": 7381, "name": "Cantal", "admin_level": "6", "iso": "FR-15", "parent_iso": "FR", "parent_osm_id": 2202162}, "geometry": {"type": "Polygon", "coordinates": [[[3.1035, 45.3545], [3.1133, 45.3204], [3.1123, 45.2847], [3.1928, 45.286], [3.2265, 45.268], [3.2335, 45.2323], [3.2681, 45.188], [3.2746, 45.1361], [3.2881, 45.1206], [3.3278, 45.112], [3.3306, 45.0981], [3.2948, 45.0697], [3.2904, 45.0526], [3.2963, 45.0391], [3.3558, 44.9932], [3.3697, 44.9542], [3.3449, 44.953], [3.2854, 44.9263], [3.2442, 44.9221], [3.1682, 44.8718], [3.1542, 44.8697], [3.1243, 44.8957], [3.1071, 44.8885], [3.0895, 44.837], [3.0535, 44.8113], [3.025, 44.7151], [2.9943, 44.6768], [2.9801, 44.6443], [2.9463, 44.6651], [2.9258, 44.6908], [2.9069, 44.7568], [2.9266, 44.7686], [2.9266, 44.7781], [2.8786, 44.7972], [2.867, 44.8235], [2.8301, 44.8646], [2.7758, 44.8631], [2.7701, 44.9], [2.7399, 44.9311], [2.7267, 44.9354], [2.594, 44.835], [2.5835, 44.8023], [2.5434, 44.755], [2.534, 44.7232], [2.4716, 44.6682], [2.3401, 44.6519], [2.3213, 44.6672], [2.3005, 44.6687], [2.2142, 44.6472], [2.2053, 44.6223], [2.1816, 44.6312], [2.1613, 44.6846], [2.1323, 44.6987], [2.1568, 44.7838], [2.0854, 44.8798], [2.0711, 44.9566], [2.0587, 44.9751], [2.1316, 44.9927], [2.1327, 45.0054], [2.1074, 45.0509], [2.1607, 45.0862], [2.2069, 45.1595], [2.2073, 45.1803], [2.1921, 45.2015], [2.1946, 45.2237], [2.2376, 45.2499], [2.246, 45.2748], [2.2977, 45.2931], [2.3304, 45.3313], [2.3478, 45.3397], [2.369, 45.3766], [2.3518, 45.4066], [2.3912, 45.4133], [2.4414, 45.3923], [2.4822, 45.3918], [2.4988, 45.4177], [2.5186, 45.4792], [2.5374, 45.48], [2.5909, 45.4544], [2.668, 45.4345], [2.7035, 45.388], [2.748, 45.3859], [2.8338, 45.3964], [2.9004, 45.3726], [2.9486, 45.3092], [2.9955, 45.2886], [3.034, 45.3003], [3.1035, 45.3545]]]}}, {"type": "Feature", "properties": {"osm_type": "relation", "osm_id": 1284995, "name": "Lot-et-Garonne", "admin_level": "6", "iso": "FR-47", "parent_iso": "FR", "parent_osm_id": 2202162}, "geometry": {"type": "Polygon", "coordinates": [[[-0.1292, 44.1525], [-0.1295, 44.1907], [-0.1406, 44.2265], [-0.0664, 44.2536], [-0.0347, 44.2759], [-0.048, 44.3073], [-0.0854, 44.3457], [-0.0048, 44.3695], [0.0148, 44.3667], [0.016, 44.3812], [-0.0012, 44.4104], [0.0113, 44.4489], [-0.015, 44.4738], [-0.0138, 44.4977], [0.0333, 44.5491], [0.0819, 44.5571], [0.1702, 44.6374], [0.1746, 44.6556], [0.1253, 44.6729], [0.1084, 44.6965], [0.1187, 44.7239], [0.1434, 44.7372], [0.1709, 44.7386], [0.2004, 44.7138], [0.2138, 44.7147], [0.2324, 44.7585], [0.2974, 44.7623], [0.3753, 44.6575], [0.417, 44.6453], [0.5054, 44.6765], [0.5466, 44.6652], [0.5874, 44.6986], [0.6005, 44.7009], [0.6408, 44.6999], [0.6642, 44.6799], [0.6858, 44.6737], [0.8117, 44.6901], [0.8319, 44.6772], [0.8421, 44.6596], [0.8384, 44.6415], [0.8171, 44.6271], [0.8408, 44.6021], [0.8729, 44.604], [0.9392, 44.6378], [0.9722, 44.6384], [1.0563, 44.6003], [1.0772, 44.5745], [1.013, 44.5476], [0.9983, 44.5327], [1.0195, 44.5056], [1.0209, 44.4796], [1.0375, 44.4464], [1.0675, 44.4222], [1.0645, 44.3784], [1.0513, 44.3678], [0.9695, 44.3628], [0.9201, 44.379], [0.9011, 44.3671], [0.9002, 44.3412], [0.8865, 44.3126], [0.8983, 44.2964], [0.9384, 44.2836], [0.9472, 44.2729], [0.9059, 44.201], [0.8718, 44.1809], [0.8909, 44.1644], [0.8943, 44.1497], [0.8729, 44.1398], [0.8285, 44.1492], [0.8079, 44.1454], [0.7951, 44.1225], [0.7584, 44.1054], [0.7417, 44.067], [0.6797, 44.0405], [0.6589, 44.0376], [0.6126, 44.0673], [0.5766, 44.0709], [0.5087, 44.0524], [0.4663, 44.0563], [0.3037, 43.9966], [0.2119, 44.0171], [0.1571, 43.9691], [0.1409, 43.9694], [0.124, 43.9813], [0.0852, 43.9673], [0.0603, 44.0249], [0.079, 44.0384], [0.1017, 44.0803], [0.1355, 44.1173], [0.1187, 44.1259], [-0.0795, 44.1541], [-0.1292, 44.1525]]]}}, {"type": "Feature", "properties": {"osm_type": "relation", "osm_id": 7421, "name": "Loz\u00e8re", "admin_level": "6", "iso": "FR-48", "parent_iso": "FR", "parent_osm_id": 2202162}, "geometry": {"type": "Polygon", "coordinates": [[[3.994, 44.4579], [3.9592, 44.4138], [3.8948, 44.3902], [3.9265, 44.3507], [3.9366, 44.3067], [3.9654, 44.2472], [3.9204, 44.1664], [3.8758, 44.1314], [3.791, 44.136], [3.671, 44.1841], [3.6427, 44.1769], [3.6366, 44.1273], [3.6163, 44.1168], [3.5179, 44.1134], [3.4803, 44.1218], [3.3767, 44.1683], [3.3696, 44.1828], [3.3507, 44.194], [3.2337, 44.1949], [3.2281, 44.2167], [3.213, 44.2307], [3.1234, 44.2634], [3.1474, 44.3102], [3.1306, 44.3349], [3.1255, 44.3635], [3.1401, 44.4287], [3.0855, 44.4894], [3.0844, 44.5373], [3.0662, 44.5642], [2.9801, 44.6443], [2.9943, 44.6768], [3.025, 44.7151], [3.0535, 44.8113], [3.0895, 44.837], [3.1071, 44.8885], [3.1243, 44.8957], [3.1542, 44.8697], [3.1682, 44.8718], [3.2442, 44.9221], [3.2854, 44.9263], [3.3449, 44.953], [3.3792, 44.9568], [3.4601, 44.8366], [3.4787, 44.8217], [3.4928, 44.816], [3.5695, 44.8291], [3.5841, 44.8385], [3.5946, 44.871], [3.6435, 44.8743], [3.6612, 44.8627], [3.6551, 44.8335], [3.7287, 44.8209], [3.7951, 44.7762], [3.8722, 44.7509], [3.8711, 44.7099], [3.8919, 44.6632], [3.9003, 44.6221], [3.922, 44.5803], [3.9433, 44.5699], [3.9574, 44.5509], [3.994, 44.4579]]]}}, {"type": "Feature", "properties": {"osm_type": "relation", "osm_id": 7448, "name": "Ni\u00e8vre", "admin_level": "6", "iso": "FR-58", "parent_iso": "FR", "parent_osm_id": 2202162}, "geometry": {"type": "Polygon", "coordinates": [[[4.1061, 47.3392], [4.1234, 47.3233], [4.125, 47.2498], [4.1915, 47.2446], [4.2192, 47.2195], [4.2241, 47.1999], [4.2097, 47.1553], [4.1278, 47.1248], [4.057, 47.1144], [4.0471, 47.0853], [4.0635, 47.0463], [4.0625, 47.0262], [4.0407, 47.0079], [4.0011, 47.0013], [4.0004, 46.9774], [4.0346, 46.9685], [4.0459, 46.9576], [4.0439, 46.9084], [4.0891, 46.8819], [4.093, 46.8649], [4.0822, 46.8524], [4.0392, 46.8357], [4.0526, 46.8173], [4.0473, 46.7856], [3.9973, 46.778], [3.8093, 46.7018], [3.7653, 46.7396], [3.7387, 46.752], [3.6249, 46.7393], [3.5968, 46.7429], [3.5888, 46.7158], [3.5676, 46.7063], [3.5599, 46.6814], [3.4835, 46.6508], [3.4607, 46.6515], [3.457, 46.6747], [3.4393, 46.7001], [3.4076, 46.7114], [3.3584, 46.6846], [3.2855, 46.7024], [3.2042, 46.6873], [3.1474, 46.7246], [3.1025, 46.7272], [3.0711, 46.7392], [3.0312, 46.772], [3.0352, 46.8149], [3.0732, 46.8703], [3.0542, 46.9133], [3.0756, 46.974], [3.0684, 47.0455], [3.0316, 47.0758], [3.0335, 47.1222], [2.9769, 47.2605], [2.9157, 47.3074], [2.8883, 47.319], [2.875, 47.3371], [2.923, 47.4087], [2.9318, 47.4478], [2.8818, 47.5146], [2.856, 47.5364], [2.8589, 47.5443], [2.9097, 47.5622], [2.9944, 47.5633], [3.0987, 47.5788], [3.1185, 47.5726], [3.1273, 47.5371], [3.1451, 47.5254], [3.2116, 47.516], [3.2395, 47.4926], [3.2909, 47.5013], [3.3459, 47.4805], [3.3913, 47.5066], [3.4154, 47.5088], [3.4882, 47.4938], [3.492, 47.56], [3.5619, 47.5001], [3.5873, 47.4652], [3.6447, 47.4567], [3.7159, 47.4115], [3.8132, 47.3865], [3.8386, 47.4242], [3.8659, 47.4314], [3.8772, 47.4171], [3.8689, 47.374], [3.8841, 47.3674], [3.9507, 47.3931], [3.9657, 47.3758], [3.977, 47.3269], [4.0007, 47.3123], [4.0182, 47.313], [4.048, 47.3395], [4.1061, 47.3392]]]}}, {"type": "Feature", "properties": {"osm_type": "relation", "osm_id": 7424, "name": "C\u00f4te-d'Or", "admin_level": "6", "iso": "FR-21", "parent_iso": "FR", "parent_osm_id": 2202162}, "geometry": {"type": "Polygon", "coordinates": [[[4.1564, 47.245], [4.125, 47.2498], [4.1234, 47.3233], [4.1061, 47.3392], [4.1021, 47.3679], [4.0809, 47.3801], [4.0649, 47.415], [4.0751, 47.4308], [4.103, 47.4405], [4.1172, 47.4556], [4.1184, 47.5047], [4.1262, 47.5172], [4.143, 47.5251], [4.2507, 47.6659], [4.2586, 47.7339], [4.3303, 47.7603], [4.3411, 47.7745], [4.3131, 47.8415], [4.2627, 47.8439], [4.2703, 47.8876], [4.2884, 47.9243], [4.3259, 47.946], [4.5418, 47.9653], [4.5604, 47.9744], [4.5632, 47.9978], [4.5972, 48.0147], [4.6592, 48.0087], [4.6985, 48.022], [4.732, 48.0059], [4.7933, 47.9969], [4.807, 47.9854], [4.7975, 47.9736], [4.8008, 47.9664], [4.8565, 47.9484], [4.8604, 47.9399], [4.8439, 47.917], [4.8489, 47.9003], [4.8644, 47.8956], [4.8841, 47.9126], [4.8946, 47.911], [4.9457, 47.8664], [4.9863, 47.8139], [4.9863, 47.7951], [4.9406, 47.7867], [4.9316, 47.7734], [4.9545, 47.751], [4.9635, 47.7056], [4.9817, 47.6878], [4.9989, 47.6882], [5.0217, 47.7055], [5.0337, 47.7038], [5.0697, 47.667], [5.1094, 47.6483], [5.138, 47.6505], [5.1609, 47.6714], [5.1794, 47.6766], [5.2036, 47.6463], [5.2635, 47.619], [5.2756, 47.5908], [5.2838, 47.5883], [5.3305, 47.6086], [5.3586, 47.5934], [5.3749, 47.6078], [5.4088, 47.5968], [5.4512, 47.6194], [5.4756, 47.605], [5.4753, 47.58], [5.4962, 47.546], [5.4927, 47.531], [5.4607, 47.5006], [5.4154, 47.4862], [5.4073, 47.4569], [5.4486, 47.4395], [5.458, 47.3953], [5.4969, 47.3645], [5.5032, 47.3076], [5.5217, 47.2893], [5.4939, 47.2025], [5.3929, 47.0878], [5.3068, 47.056], [5.3004, 47.0435], [5.3107, 47.0133], [5.3066, 47.007], [5.2506, 46.9812], [5.2305, 46.9869], [5.1646, 46.9642], [5.0787, 46.9612], [5.0493, 46.9815], [5.0383, 46.9811], [4.9897, 46.9691], [4.9065, 46.9624], [4.7859, 46.9248], [4.7353, 46.923], [4.6999, 46.9035], [4.6772, 46.905], [4.6551, 46.9409], [4.5992, 46.9532], [4.5822, 46.9659], [4.5464, 47.0202], [4.5064, 47.0185], [4.4409, 47.0341], [4.3941, 47.0727], [4.3523, 47.0654], [4.3239, 47.1034], [4.2691, 47.1191], [4.2285, 47.1522], [4.2097, 47.1553], [4.2241, 47.1999], [4.2192, 47.2195], [4.1915, 47.2446], [4.1564, 47.245]]]}}, {"type": "Feature", "properties": {"osm_type": "relation", "osm_id": 7427, "name": "Oise", "admin_level": "6", "iso": "FR-60", "parent_iso": "FR", "parent_osm_id": 2202162}, "geometry": {"type": "Polygon", "coordinates": [[[3.1186, 49.7058], [3.121, 49.6862], [3.1074, 49.6262], [3.1323, 49.5802], [3.1229, 49.4918], [3.1355, 49.4717], [3.1613, 49.4598], [3.1694, 49.4373], [3.1543, 49.4206], [3.1189, 49.4288], [3.1004, 49.4189], [3.0705, 49.3508], [3.0416, 49.3377], [2.9916, 49.3353], [2.9642, 49.3213], [3.0108, 49.2842], [3.0198, 49.2629], [3.0066, 49.2435], [2.9652, 49.2244], [2.9773, 49.1913], [3.0675, 49.1971], [3.1026, 49.1884], [3.1286, 49.1705], [3.1307, 49.156], [3.1097, 49.1259], [3.0563, 49.0954], [3.0163, 49.0921], [2.9786, 49.0781], [2.9536, 49.0889], [2.8594, 49.075], [2.7947, 49.0867], [2.7557, 49.0678], [2.7121, 49.0821], [2.6806, 49.0758], [2.651, 49.0941], [2.6265, 49.0978], [2.5833, 49.0845], [2.5357, 49.1178], [2.5092, 49.1126], [2.3187, 49.1796], [2.2665, 49.1619], [2.2378, 49.1631], [2.1738, 49.182], [2.1346, 49.185], [2.0716, 49.2119], [1.9875, 49.1775], [1.8857, 49.1678], [1.7375, 49.1895], [1.7186, 49.2036], [1.6928, 49.2431], [1.6922, 49.2523], [1.7149, 49.2697], [1.7353, 49.2672], [1.7608, 49.2475], [1.7834, 49.2512], [1.7212, 49.3821], [1.7166, 49.4238], [1.7375, 49.4646], [1.7616, 49.478], [1.7695, 49.4988], [1.7616, 49.5084], [1.726, 49.5031], [1.7125, 49.5099], [1.6936, 49.627], [1.6809, 49.6451], [1.7191, 49.6643], [1.7349, 49.6853], [1.7208, 49.6945], [1.6807, 49.689], [1.6854, 49.7096], [1.7282, 49.7526], [1.7545, 49.7656], [1.8365, 49.7403], [1.8469, 49.7065], [1.8562, 49.7014], [1.9722, 49.7153], [2.0664, 49.6845], [2.2386, 49.6978], [2.3066, 49.6892], [2.3577, 49.6644], [2.4376, 49.6528], [2.4768, 49.6266], [2.5211, 49.6298], [2.5761, 49.6001], [2.6213, 49.6101], [2.6338, 49.5799], [2.6446, 49.575], [2.6986, 49.6216], [2.7387, 49.6253], [2.7924, 49.6162], [2.804, 49.6574], [2.8425, 49.6648], [2.8848, 49.7087], [2.902, 49.7087], [2.936, 49.693], [2.9966, 49.7012], [3.0267, 49.6859], [3.0427, 49.6858], [3.053, 49.6947], [3.0524, 49.7138], [3.1186, 49.7058]]]}}, {"type": "Feature", "properties": {"osm_type": "relation", "osm_id": 7419, "name": "Orne", "admin_level": "6", "iso": "FR-61", "parent_iso": "FR", "parent_osm_id": 2202162}, "geometry": {"type": "Polygon", "coordinates": [[[-0.8627, 48.5018], [-0.8405, 48.5257], [-0.7857, 48.5596], [-0.7559, 48.6028], [-0.7521, 48.6118], [-0.7667, 48.6599], [-0.7368, 48.6861], [-0.82, 48.7268], [-0.8425, 48.7285], [-0.8409, 48.7523], [-0.8205, 48.7575], [-0.7757, 48.7876], [-0.7086, 48.7996], [-0.6949, 48.8089], [-0.7043, 48.8262], [-0.6909, 48.8426], [-0.6129, 48.8319], [-0.4902, 48.8521], [-0.4413, 48.8734], [-0.4109, 48.87], [-0.3452, 48.8277], [-0.3355, 48.8306], [-0.3248, 48.8525], [-0.3103, 48.8562], [-0.1404, 48.8255], [0.0565, 48.9026], [0.1051, 48.9479], [0.1276, 48.9521], [0.1552, 48.9252], [0.1926, 48.9413], [0.2389, 48.9425], [0.2678, 48.9693], [0.2844, 48.9706], [0.2936, 48.9571], [0.3285, 48.9447], [0.3952, 48.9629], [0.4172, 48.9461], [0.397, 48.9058], [0.4214, 48.8836], [0.5405, 48.8675], [0.5919, 48.878], [0.6137, 48.8463], [0.66, 48.8034], [0.7421, 48.7757], [0.7599, 48.7497], [0.73, 48.7063], [0.7689, 48.6788], [0.8164, 48.6651], [0.8228, 48.6206], [0.8504, 48.583], [0.8926, 48.562], [0.9511, 48.5157], [0.9491, 48.4695], [0.9798, 48.4331], [0.9503, 48.3929], [0.9165, 48.3687], [0.7838, 48.3314], [0.7751, 48.3129], [0.7979, 48.2895], [0.7968, 48.2532], [0.8274, 48.209], [0.8102, 48.1908], [0.7706, 48.1808], [0.7262, 48.1947], [0.6553, 48.2529], [0.6004, 48.2498], [0.5152, 48.2658], [0.4991, 48.2744], [0.4932, 48.3046], [0.4432, 48.3047], [0.4008, 48.3242], [0.374, 48.3697], [0.3784, 48.4323], [0.3715, 48.4485], [0.3099, 48.4716], [0.2806, 48.4741], [0.1925, 48.4602], [0.1526, 48.4455], [0.1155, 48.4128], [0.0737, 48.4017], [0.0613, 48.3796], [0.0065, 48.3855], [-0.0527, 48.3806], [-0.0622, 48.4394], [-0.103, 48.4533], [-0.1544, 48.4899], [-0.1665, 48.5145], [-0.1582, 48.5328], [-0.1629, 48.5399], [-0.2335, 48.5613], [-0.2445, 48.5529], [-0.2414, 48.5393], [-0.2489, 48.5268], [-0.3191, 48.5123], [-0.3379, 48.4937], [-0.4831, 48.5063], [-0.5543, 48.4683], [-0.641, 48.4546], [-0.6744, 48.4732], [-0.7305, 48.4619], [-0.7356, 48.4502], [-0.7544, 48.4413], [-0.7858, 48.457], [-0.8169, 48.4544], [-0.8462, 48.4922], [-0.8627, 48.5018]]]}}, {"type": "Feature", "properties": {"osm_type": "relation", "osm_id": 7423, "name": "Haute-Sa\u00f4ne", "admin_level": "6", "iso": "FR-70", "parent_iso": "FR", "parent_osm_id": 2202162}, "geometry": {"type": "Polygon", "coordinates": [[[5.616, 47.2604], [5.5844, 47.2639], [5.5083, 47.3008], [5.4941, 47.3712], [5.458, 47.3953], [5.4486, 47.4395], [5.4073, 47.4569], [5.4216, 47.4921], [5.459, 47.4996], [5.4927, 47.531], [5.4962, 47.546], [5.4753, 47.58], [5.4756, 47.605], [5.4512, 47.6194], [5.4088, 47.5968], [5.3749, 47.6078], [5.4207, 47.6711], [5.5013, 47.6819], [5.5763, 47.6569], [5.6924, 47.6857], [5.7042, 47.7055], [5.7009, 47.7333], [5.7099, 47.7641], [5.7, 47.792], [5.7043, 47.8011], [5.821, 47.8635], [5.8608, 47.9011], [5.8921, 47.9091], [5.8978, 47.9193], [5.8918, 47.9326], [5.9222, 47.9441], [5.9551, 47.9797], [5.9666, 47.975], [5.9645, 47.9499], [5.9709, 47.9409], [6.0263, 47.9673], [6.071, 48.0044], [6.0994, 48.0087], [6.1669, 47.9921], [6.1827, 47.9768], [6.1861, 47.9528], [6.2438, 47.9322], [6.2828, 47.9348], [6.3224, 47.9505], [6.3734, 47.953], [6.5183, 47.9008], [6.5765, 47.908], [6.6063, 47.9374], [6.6246, 47.9403], [6.685, 47.8956], [6.7407, 47.8761], [6.836, 47.8242], [6.7848, 47.78], [6.7651, 47.7529], [6.7591, 47.7228], [6.7865, 47.655], [6.7897, 47.6042], [6.8109, 47.5764], [6.8071, 47.5629], [6.7798, 47.5428], [6.7034, 47.5577], [6.6339, 47.5329], [6.5959, 47.5384], [6.5538, 47.4904], [6.5005, 47.5102], [6.4758, 47.4953], [6.4409, 47.5166], [6.3372, 47.5065], [6.3077, 47.4923], [6.2765, 47.4396], [6.2609, 47.4285], [6.2064, 47.4312], [6.1736, 47.3973], [6.1231, 47.3939], [6.0745, 47.3555], [5.9974, 47.3365], [5.9271, 47.343], [5.7316, 47.2644], [5.6663, 47.2706], [5.616, 47.2604]]]}}, {"type": "Feature", "properties": {"osm_type": "relation", "osm_id": 7397, "name": "Sa\u00f4ne-et-Loire", "admin_level": "6", "iso": "FR-71", "parent_iso": "FR", "parent_osm_id": 2202162}, "geometry": {"type": "Polygon", "coordinates": [[[3.8093, 46.7018], [3.9973, 46.778], [4.0473, 46.7856], [4.0526, 46.8173], [4.0392, 46.8357], [4.0822, 46.8524], [4.093, 46.8649], [4.0891, 46.8819], [4.0439, 46.9084], [4.0459, 46.9576], [4.0346, 46.9685], [4.0004, 46.9774], [4.0011, 47.0013], [4.0407, 47.0079], [4.0625, 47.0262], [4.0635, 47.0463], [4.0471, 47.0853], [4.0623, 47.1186], [4.1278, 47.1248], [4.2097, 47.1553], [4.2285, 47.1522], [4.2691, 47.1191], [4.3239, 47.1034], [4.3523, 47.0654], [4.3941, 47.0727], [4.4409, 47.0341], [4.5064, 47.0185], [4.5464, 47.0202], [4.5822, 46.9659], [4.5992, 46.9532], [4.6551, 46.9409], [4.6772, 46.905], [4.6999, 46.9035], [4.7353, 46.923], [4.7859, 46.9248], [4.9065, 46.9624], [5.0493, 46.9815], [5.0787, 46.9612], [5.1646, 46.9642], [5.2305, 46.9869], [5.2506, 46.9812], [5.275, 46.9442], [5.3302, 46.9031], [5.4583, 46.8563], [5.4515, 46.8385], [5.4371, 46.8281], [5.3648, 46.8202], [5.3502, 46.8097], [5.3547, 46.7949], [5.3864, 46.7714], [5.3704, 46.7447], [5.3943, 46.7273], [5.4244, 46.6438], [5.4069, 46.5966], [5.3689, 46.5762], [5.3611, 46.5466], [5.3743, 46.5252], [5.4241, 46.4989], [5.4205, 46.4837], [5.311, 46.4554], [5.2404, 46.4687], [5.1786, 46.5054], [5.1553, 46.5112], [5.0414, 46.4909], [4.9732, 46.5088], [4.9407, 46.5044], [4.9133, 46.4512], [4.8993, 46.3961], [4.8755, 46.3634], [4.8728, 46.3376], [4.8152, 46.2506], [4.794, 46.188], [4.7978, 46.1718], [4.7392, 46.177], [4.7202, 46.1886], [4.7031, 46.2247], [4.7041, 46.2475], [4.6774, 46.2613], [4.673, 46.2882], [4.6381, 46.2992], [4.6229, 46.2926], [4.6142, 46.2673], [4.5916, 46.2624], [4.5543, 46.2887], [4.4989, 46.275], [4.4142, 46.2935], [4.3839, 46.2248], [4.3543, 46.1969], [4.3, 46.174], [4.1917, 46.1899], [4.1337, 46.1819], [4.0753, 46.1936], [3.9917, 46.1764], [3.9037, 46.2089], [3.8957, 46.2188], [3.8983, 46.2527], [3.8865, 46.2762], [3.9783, 46.3122], [4.0008, 46.3292], [3.9789, 46.3882], [3.9895, 46.4272], [3.9768, 46.4669], [3.9367, 46.4841], [3.8782, 46.4928], [3.8349, 46.5219], [3.8055, 46.5231], [3.7409, 46.5493], [3.7456, 46.5933], [3.74, 46.6154], [3.6579, 46.6859], [3.6249, 46.7393], [3.7387, 46.752], [3.7653, 46.7396], [3.8093, 46.7018]]]}}, {"type": "Feature", "properties": {"osm_type": "relation", "osm_id": 7455, "name": "Deux-S\u00e8vres", "admin_level": "6", "iso": "FR-79", "parent_iso": "FR", "parent_osm_id": 2202162}, "geometry": {"type": "Polygon", "coordinates": [[[-0.5917, 46.1392], [-0.6371, 46.1545], [-0.7234, 46.2311], [-0.7514, 46.2451], [-0.7414, 46.272], [-0.7566, 46.3012], [-0.6953, 46.3235], [-0.6495, 46.3257], [-0.6121, 46.3521], [-0.5582, 46.3623], [-0.5578, 46.3774], [-0.5693, 46.387], [-0.6035, 46.4062], [-0.6299, 46.4085], [-0.6339, 46.4228], [-0.6241, 46.4614], [-0.6401, 46.5149], [-0.616, 46.5476], [-0.6294, 46.6139], [-0.653, 46.6425], [-0.6623, 46.683], [-0.7247, 46.7675], [-0.7156, 46.8079], [-0.8124, 46.8628], [-0.828, 46.8901], [-0.8336, 46.9193], [-0.8728, 46.9423], [-0.9094, 46.9824], [-0.946, 47.0004], [-0.9414, 47.0133], [-0.9094, 47.0118], [-0.8511, 46.9896], [-0.7804, 46.997], [-0.6965, 46.9881], [-0.6324, 46.9924], [-0.5492, 47.0252], [-0.5448, 47.0363], [-0.5562, 47.0482], [-0.5551, 47.061], [-0.5177, 47.0754], [-0.4732, 47.0664], [-0.3763, 47.0881], [-0.1813, 47.1006], [-0.159, 47.0914], [-0.143, 47.0628], [-0.1182, 47.0573], [-0.109, 47.0696], [-0.0755, 46.9966], [-0.0526, 46.9908], [-0.0402, 46.979], [-0.0412, 46.9547], [-0.0132, 46.8891], [0.0278, 46.8504], [0.0254, 46.8357], [0.0139, 46.8276], [-0.0162, 46.8284], [-0.0191, 46.8117], [-0.0157, 46.7716], [0.0074, 46.752], [0.0139, 46.7361], [0.0019, 46.7031], [-0.0248, 46.6667], [-0.0267, 46.6334], [-0.01, 46.6174], [0.0141, 46.6117], [0.0196, 46.5965], [-0.008, 46.5386], [-0.034, 46.5109], [-0.0337, 46.4845], [-0.0146, 46.4669], [-0.0146, 46.4117], [0.0203, 46.3786], [0.0267, 46.3357], [0.0665, 46.3069], [0.1305, 46.3449], [0.1504, 46.3445], [0.1711, 46.3309], [0.1763, 46.3089], [0.17, 46.2849], [0.1202, 46.2311], [0.1067, 46.1954], [0.1176, 46.1806], [0.1989, 46.1512], [0.2047, 46.1367], [0.1974, 46.0955], [0.1779, 46.0871], [0.1359, 46.1041], [0.0887, 46.0988], [0.0358, 46.0804], [-0.011, 46.0515], [-0.0628, 45.9828], [-0.103, 45.9697], [-0.1244, 45.9757], [-0.1776, 46.0234], [-0.2596, 46.0652], [-0.3038, 46.0761], [-0.3713, 46.0775], [-0.4219, 46.1048], [-0.49, 46.1027], [-0.5298, 46.1325], [-0.5917, 46.1392]]]}}, {"type": "Feature", "properties": {"osm_type": "relation", "osm_id": 7377, "name": "Vienne", "admin_level": "6", "iso": "FR-86", "parent_iso": "FR", "parent_osm_id": 2202162}, "geometry": {"type": "Polygon", "coordinates": [[[0.7964, 46.1329], [0.7078, 46.1367], [0.6468, 46.091], [0.5999, 46.0828], [0.5533, 46.0907], [0.5106, 46.1262], [0.4879, 46.1337], [0.4635, 46.1246], [0.4437, 46.0964], [0.4708, 46.0811], [0.4573, 46.0585], [0.4421, 46.0535], [0.4028, 46.0632], [0.2867, 46.0622], [0.1974, 46.0955], [0.2047, 46.1367], [0.1989, 46.1512], [0.1087, 46.1888], [0.1116, 46.217], [0.1563, 46.2653], [0.1763, 46.3089], [0.1711, 46.3309], [0.1504, 46.3445], [0.1122, 46.3378], [0.0828, 46.3108], [0.0665, 46.3069], [0.0451, 46.3179], [0.0196, 46.3522], [0.0203, 46.3786], [-0.0146, 46.4117], [-0.0146, 46.4669], [-0.0337, 46.4845], [-0.034, 46.5109], [-0.008, 46.5386], [0.0196, 46.5965], [0.0141, 46.6117], [-0.01, 46.6174], [-0.0267, 46.6334], [-0.0248, 46.6667], [0.0019, 46.7031], [0.0139, 46.7361], [0.0074, 46.752], [-0.0157, 46.7716], [-0.0191, 46.8117], [-0.0162, 46.8284], [0.0139, 46.8276], [0.0254, 46.8357], [0.0278, 46.8504], [-0.0132, 46.8891], [-0.0412, 46.9547], [-0.0455, 46.987], [-0.0817, 47.0048], [-0.0869, 47.0329], [-0.109, 47.0696], [-0.1003, 47.0799], [-0.0531, 47.0963], [-0.0369, 47.1279], [-0.004, 47.1566], [0.0668, 47.1537], [0.1001, 47.1186], [0.1355, 47.127], [0.1472, 47.0988], [0.1918, 47.1023], [0.1967, 47.0868], [0.1908, 47.0655], [0.2001, 47.0555], [0.2579, 47.0634], [0.2772, 47.0453], [0.307, 47.0426], [0.3118, 47.0322], [0.3036, 46.9659], [0.3082, 46.9515], [0.3267, 46.9385], [0.4339, 46.9327], [0.4837, 46.9508], [0.5727, 46.955], [0.5837, 46.965], [0.5703, 46.987], [0.5724, 47.0039], [0.6718, 46.966], [0.6928, 46.9429], [0.7134, 46.9001], [0.8315, 46.7794], [0.8737, 46.7562], [0.9024, 46.7298], [0.9169, 46.6995], [0.907, 46.6442], [0.9241, 46.6057], [0.9596, 46.5811], [1.0141, 46.5644], [1.0268, 46.5383], [1.1015, 46.5344], [1.1368, 46.5184], [1.1494, 46.5005], [1.1424, 46.4645], [1.1947, 46.4279], [1.177, 46.387], [1.1214, 46.3658], [1.058, 46.3597], [0.9984, 46.3067], [0.9871, 46.2835], [0.9017, 46.2775], [0.8327, 46.235], [0.7948, 46.2263], [0.7908, 46.2187], [0.8178, 46.1786], [0.8276, 46.1399], [0.82, 46.1303], [0.7964, 46.1329]]]}}, {"type": "Feature", "properties": {"osm_type": "relation", "osm_id": 7392, "name": "Yonne", "admin_level": "6", "iso": "FR-89", "parent_iso": "FR", "parent_osm_id": 2202162}, "geometry": {"type": "Polygon", "coordinates": [[[3.2549, 47.4909], [3.2395, 47.4926], [3.2116, 47.516], [3.1451, 47.5254], [3.1273, 47.5371], [3.123, 47.5649], [3.1095, 47.5773], [2.9944, 47.5633], [2.9693, 47.5676], [2.925, 47.619], [2.9343, 47.6486], [2.9146, 47.6775], [2.8327, 47.7221], [2.8349, 47.7491], [2.8509, 47.7594], [2.9182, 47.765], [2.9924, 47.7924], [3, 47.8012], [2.9989, 47.829], [3.0121, 47.8472], [2.9963, 47.8749], [2.9946, 47.9073], [3.0212, 47.9111], [3.085, 47.9488], [3.1179, 48.0008], [3.108, 48.0324], [3.0451, 48.0764], [3.0227, 48.1318], [2.9946, 48.1467], [2.9256, 48.1559], [2.9406, 48.1995], [3.0023, 48.2293], [3.0279, 48.262], [3.0135, 48.2941], [3.0132, 48.3142], [3.0318, 48.3545], [3.0423, 48.3618], [3.0924, 48.3609], [3.1306, 48.3723], [3.2065, 48.3662], [3.3078, 48.3779], [3.3464, 48.3715], [3.3954, 48.4117], [3.4129, 48.4021], [3.4213, 48.3698], [3.4616, 48.3682], [3.5097, 48.3474], [3.5999, 48.2672], [3.6132, 48.2172], [3.5816, 48.181], [3.6658, 48.1439], [3.6976, 48.1459], [3.7082, 48.1605], [3.7332, 48.1572], [3.7523, 48.1281], [3.7832, 48.1042], [3.8587, 48.0153], [3.8523, 48.0064], [3.8305, 48.0011], [3.8317, 47.9938], [3.8587, 47.9826], [3.8984, 47.9864], [3.9057, 47.976], [3.9042, 47.9479], [3.9163, 47.9338], [4.0376, 47.9227], [4.0679, 47.9382], [4.1275, 47.9331], [4.1617, 47.9541], [4.203, 47.9391], [4.2182, 47.9724], [4.2555, 47.9345], [4.2884, 47.9243], [4.2703, 47.8876], [4.2627, 47.8439], [4.308, 47.8451], [4.3376, 47.792], [4.3411, 47.7745], [4.3303, 47.7603], [4.2586, 47.7339], [4.2569, 47.6875], [4.2445, 47.6558], [4.2192, 47.6322], [4.143, 47.5251], [4.1262, 47.5172], [4.1184, 47.5047], [4.1172, 47.4556], [4.103, 47.4405], [4.0682, 47.4245], [4.067, 47.4054], [4.0809, 47.3801], [4.1021, 47.3679], [4.1061, 47.3392], [4.048, 47.3395], [4.0182, 47.313], [4.0007, 47.3123], [3.977, 47.3269], [3.9657, 47.3758], [3.9507, 47.3931], [3.8841, 47.3674], [3.8689, 47.374], [3.8772, 47.4171], [3.8659, 47.4314], [3.8386, 47.4242], [3.8207, 47.3904], [3.8045, 47.3859], [3.7159, 47.4115], [3.6447, 47.4567], [3.5873, 47.4652], [3.5619, 47.5001], [3.492, 47.56], [3.4882, 47.4938], [3.4154, 47.5088], [3.3913, 47.5066], [3.3459, 47.4805], [3.2909, 47.5013], [3.2549, 47.4909]]]}}, {"type": "Feature", "properties": {"osm_type": "relation", "osm_id": 7401, "name": "Essonne", "admin_level": "6", "iso": "FR-91", "parent_iso": "FR", "parent_osm_id": 2202162}, "geometry": {"type": "Polygon", "coordinates": [[[2.0017, 48.5585], [2.0171, 48.5641], [2.0363, 48.5975], [2.0281, 48.6526], [2.0458, 48.6868], [2.0902, 48.6977], [2.1236, 48.756], [2.2087, 48.7756], [2.2265, 48.7761], [2.2675, 48.7552], [2.29, 48.7312], [2.314, 48.7364], [2.3208, 48.7487], [2.3887, 48.7216], [2.5084, 48.7304], [2.5412, 48.6939], [2.5717, 48.692], [2.576, 48.6733], [2.524, 48.6297], [2.5212, 48.5799], [2.4965, 48.5165], [2.5028, 48.4411], [2.5262, 48.4207], [2.3933, 48.3277], [2.3907, 48.3136], [2.3604, 48.3105], [2.316, 48.328], [2.2559, 48.3056], [2.2378, 48.3132], [2.2215, 48.3324], [2.1977, 48.3387], [2.1675, 48.3097], [2.1335, 48.2991], [1.9884, 48.2767], [1.9723, 48.2842], [1.9717, 48.2949], [1.9987, 48.3255], [1.9772, 48.3359], [1.9582, 48.3825], [1.9231, 48.4131], [1.9204, 48.4614], [1.9489, 48.5489], [1.9664, 48.5593], [2.0017, 48.5585]]]}}, {"type": "Feature", "properties": {"osm_type": "relation", "osm_id": 7383, "name": "Seine-et-Marne", "admin_level": "6", "iso": "FR-77", "parent_iso": "FR", "parent_osm_id": 2202162}, "geometry": {"type": "Polygon", "coordinates": [[[2.3907, 48.3136], [2.3933, 48.3277], [2.5262, 48.4207], [2.5028, 48.4411], [2.4965, 48.5165], [2.5212, 48.5799], [2.524, 48.6297], [2.576, 48.6733], [2.5712, 48.7052], [2.5937, 48.7298], [2.599, 48.7483], [2.5891, 48.8243], [2.5711, 48.858], [2.5923, 48.9336], [2.5703, 48.9706], [2.5789, 48.9914], [2.5743, 49.0007], [2.5531, 49.0098], [2.5833, 49.0845], [2.6265, 49.0978], [2.651, 49.0941], [2.6806, 49.0758], [2.7121, 49.0821], [2.7557, 49.0678], [2.7947, 49.0867], [2.8594, 49.075], [2.9536, 49.0889], [2.9866, 49.0789], [3.0797, 49.1062], [3.1409, 49.0931], [3.1741, 49.0557], [3.1656, 49.0237], [3.176, 49.0043], [3.3199, 48.9199], [3.3632, 48.9205], [3.3831, 48.8708], [3.4352, 48.8484], [3.4779, 48.8501], [3.4753, 48.8288], [3.464, 48.8172], [3.4093, 48.8131], [3.4064, 48.8086], [3.4256, 48.7905], [3.3988, 48.7702], [3.3955, 48.7539], [3.4205, 48.7504], [3.4513, 48.7244], [3.4633, 48.6856], [3.455, 48.6623], [3.4593, 48.6424], [3.5082, 48.6417], [3.5378, 48.6134], [3.4936, 48.5877], [3.4613, 48.5398], [3.4059, 48.5247], [3.4206, 48.4985], [3.391, 48.4745], [3.4011, 48.4496], [3.3954, 48.4117], [3.3464, 48.3715], [3.3078, 48.3779], [3.2065, 48.3662], [3.1306, 48.3723], [3.0924, 48.3609], [3.0423, 48.3618], [3.0318, 48.3545], [3.0132, 48.3142], [3.0135, 48.2941], [3.0279, 48.262], [3.0023, 48.2293], [2.9406, 48.1995], [2.9256, 48.1559], [2.8251, 48.1315], [2.7955, 48.1332], [2.8032, 48.1514], [2.7883, 48.16], [2.7458, 48.1544], [2.7187, 48.134], [2.6848, 48.1226], [2.548, 48.1301], [2.4668, 48.1243], [2.4505, 48.1341], [2.4508, 48.1466], [2.4635, 48.1564], [2.5075, 48.1572], [2.5002, 48.1812], [2.5137, 48.2066], [2.4932, 48.2247], [2.4369, 48.2498], [2.4145, 48.301], [2.3907, 48.3136]]]}}, {"type": "Feature", "properties": {"osm_type": "relation", "osm_id": 7458, "name": "Val-de-Marne", "admin_level": "6", "iso": "FR-94", "parent_iso": "FR", "parent_osm_id": 2202162}, "geometry": {"type": "Polygon", "coordinates": [[[2.4734, 48.8592], [2.515, 48.8499], [2.5924, 48.8075], [2.599, 48.7483], [2.5937, 48.7298], [2.5712, 48.7052], [2.5717, 48.692], [2.5412, 48.6939], [2.5084, 48.7304], [2.4946, 48.7338], [2.3887, 48.7216], [2.3208, 48.7487], [2.3189, 48.7829], [2.332, 48.8171], [2.4434, 48.8158], [2.4573, 48.8213], [2.4734, 48.8592]]]}}]}