{"type": "FeatureCollection", "features": [{"type": "Feature", "properties": {"osm_type": "relation", "osm_id": 71249, "name": "Chernihiv Oblast", "admin_level": "4", "iso": "UA-74", "parent_iso": "UA", "parent_osm_id": 60199}, "geometry": {"type": "Polygon", "coordinates": [[[31.4749, 52.1178], [31.6499, 52.0968], [31.8587, 52.0999], [31.8821, 52.0864], [31.892, 52.0362], [31.9104, 52.0291], [31.9806, 52.0476], [32.0956, 52.0407], [32.2333, 52.0809], [32.2777, 52.1027], [32.3067, 52.1412], [32.3282, 52.2192], [32.3613, 52.2359], [32.367, 52.2472], [32.3395, 52.2872], [32.3536, 52.3216], [32.3943, 52.3268], [32.4806, 52.3071], [32.5284, 52.3162], [32.7254, 52.2521], [32.8442, 52.2623], [32.909, 52.2411], [33.0301, 52.3036], [33.0796, 52.3056], [33.099, 52.3248], [33.128, 52.3327], [33.1829, 52.3673], [33.359, 52.3576], [33.4006, 52.3443], [33.3841, 52.3004], [33.3663, 52.2819], [33.3594, 52.2483], [33.3231, 52.2217], [33.3178, 52.2098], [33.3259, 52.1529], [33.3787, 52.14], [33.444, 52.089], [33.4847, 52.0849], [33.4831, 52.0666], [33.4709, 52.0517], [33.4436, 52.0454], [33.4017, 52.0454], [33.3883, 52.0581], [33.3793, 52.0569], [33.3729, 52.0098], [33.3528, 51.9882], [33.3746, 51.969], [33.3771, 51.9585], [33.3663, 51.9467], [33.2868, 51.933], [33.2251, 51.9057], [33.1607, 51.9042], [33.1677, 51.8846], [33.1425, 51.8806], [33.1215, 51.8508], [33.0889, 51.8357], [33.062, 51.7929], [33.0916, 51.7336], [33.1532, 51.6931], [33.1349, 51.6578], [33.1565, 51.6389], [33.1623, 51.5945], [33.1819, 51.5767], [33.1535, 51.5651], [33.1526, 51.5463], [33.1869, 51.5159], [33.166, 51.4986], [33.1227, 51.5103], [33.1309, 51.4798], [33.1117, 51.4676], [33.1082, 51.4558], [33.1309, 51.4215], [33.1206, 51.4086], [33.123, 51.3842], [33.1152, 51.3745], [33.0611, 51.3678], [33.0356, 51.3928], [33.021, 51.3968], [33.0016, 51.3812], [33.0227, 51.3442], [33.0552, 51.336], [33.0494, 51.3073], [33.0732, 51.2884], [33.0642, 51.269], [33.0702, 51.2489], [33.0333, 51.2335], [33.0235, 51.1951], [32.9633, 51.1783], [32.9704, 51.1398], [32.9395, 51.0973], [33.0212, 51.076], [33.0586, 51.078], [33.0648, 51.0663], [33.044, 51.0492], [33.0839, 51.0324], [33.1419, 51.0256], [33.1733, 51.0601], [33.2069, 51.0484], [33.1555, 50.9974], [33.158, 50.9851], [33.185, 50.9675], [33.1839, 50.9176], [33.1708, 50.8959], [33.1475, 50.8812], [33.1225, 50.8135], [33.1251, 50.7769], [33.1639, 50.7536], [33.167, 50.743], [33.1306, 50.7101], [33.1241, 50.6756], [33.1029, 50.664], [33.1065, 50.6376], [33.0955, 50.6019], [33.0615, 50.5384], [33.0238, 50.4916], [32.9726, 50.4684], [32.9509, 50.4442], [32.9059, 50.4295], [32.8734, 50.3949], [32.8121, 50.3881], [32.7273, 50.3579], [32.691, 50.3583], [32.6762, 50.3676], [32.5263, 50.3657], [32.5004, 50.3717], [32.477, 50.4064], [32.4427, 50.4069], [32.407, 50.3921], [32.3759, 50.4089], [32.2883, 50.3892], [32.2543, 50.3584], [32.2236, 50.3432], [32.1992, 50.3505], [32.1392, 50.3501], [32.0728, 50.378], [32.0667, 50.3835], [32.0895, 50.4058], [32.0201, 50.4198], [32.0112, 50.4281], [32.0076, 50.4511], [31.9736, 50.4753], [31.993, 50.5004], [32.0308, 50.5044], [32.0352, 50.5252], [32.0284, 50.5451], [31.962, 50.5501], [31.9089, 50.5928], [31.8563, 50.6214], [31.7967, 50.6142], [31.7834, 50.5764], [31.7484, 50.5532], [31.6865, 50.5528], [31.6135, 50.5176], [31.5613, 50.5091], [31.4966, 50.5179], [31.4629, 50.5002], [31.3641, 50.5141], [31.3282, 50.5084], [31.2752, 50.5208], [31.2614, 50.5343], [31.2584, 50.5577], [31.2196, 50.5615], [31.1799, 50.5877], [31.1856, 50.6061], [31.2083, 50.6097], [31.2185, 50.6229], [31.213, 50.6588], [31.1993, 50.6761], [31.1607, 50.6993], [31.1585, 50.7155], [31.1132, 50.7237], [31.1136, 50.7454], [31.0894, 50.7673], [31.0418, 50.7564], [30.9634, 50.7588], [30.9309, 50.7465], [30.8717, 50.7553], [30.8363, 50.737], [30.794, 50.7596], [30.7376, 50.7602], [30.7715, 50.8112], [30.7802, 50.8436], [30.7347, 50.869], [30.6551, 50.892], [30.6515, 50.9104], [30.6639, 50.9575], [30.6491, 50.9856], [30.6146, 51.0037], [30.5558, 51.0172], [30.5215, 51.0081], [30.5123, 51.0167], [30.5112, 51.108], [30.5314, 51.1803], [30.5159, 51.2248], [30.5564, 51.2317], [30.5566, 51.2673], [30.5772, 51.289], [30.5799, 51.3037], [30.6383, 51.3359], [30.6324, 51.3641], [30.6456, 51.3675], [30.6182, 51.4187], [30.5879, 51.4274], [30.586, 51.4518], [30.5936, 51.4589], [30.6182, 51.4597], [30.6182, 51.4671], [30.5889, 51.4818], [30.5854, 51.5094], [30.5629, 51.5218], [30.584, 51.5423], [30.5341, 51.5533], [30.5226, 51.5627], [30.5431, 51.5826], [30.5151, 51.5963], [30.5151, 51.6037], [30.5566, 51.6236], [30.5499, 51.6372], [30.5703, 51.6515], [30.5643, 51.6653], [30.576, 51.6864], [30.5703, 51.6999], [30.625, 51.7061], [30.6462, 51.7545], [30.6182, 51.7613], [30.6706, 51.7905], [30.662, 51.8194], [30.714, 51.867], [30.7345, 51.8737], [30.7417, 51.8979], [30.7882, 51.9006], [30.8106, 51.9184], [30.8031, 51.9391], [30.858, 51.9576], [30.8969, 51.9983], [30.9412, 51.9938], [30.9501, 52.0068], [30.9405, 52.0201], [30.9113, 52.0226], [30.9247, 52.0423], [30.9188, 52.0592], [30.9344, 52.0697], [31.1348, 52.0767], [31.229, 52.0382], [31.2524, 52.0445], [31.3044, 52.0975], [31.3831, 52.1175], [31.4749, 52.1178]]]}}, {"type": "Feature", "properties": {"osm_type": "relation", "osm_id": 71064, "name": "Volyn Oblast", "admin_level": "4", "iso": "UA-07", "parent_iso": "UA", "parent_osm_id": 60199}, "geometry": {"type": "Polygon", "coordinates": [[[25.1833, 51.9498], [25.352, 51.9215], [25.5474, 51.9194], [25.5516, 51.9018], [25.5639, 51.897], [25.6626, 51.8906], [25.6309, 51.8721], [25.6427, 51.8309], [25.6384, 51.8168], [25.5237, 51.7248], [25.5099, 51.6987], [25.5045, 51.6608], [25.5116, 51.6181], [25.5579, 51.6125], [25.5672, 51.5972], [25.6029, 51.5819], [25.5922, 51.5604], [25.5515, 51.5254], [25.5661, 51.4577], [25.5557, 51.3493], [25.583, 51.3327], [25.6078, 51.359], [25.6312, 51.3667], [25.7007, 51.3622], [25.7388, 51.3887], [25.7726, 51.3704], [25.8203, 51.3843], [25.8075, 51.3321], [25.8134, 51.3226], [25.8524, 51.3069], [25.8618, 51.2847], [25.9289, 51.2396], [26.0054, 51.2158], [26.0594, 51.1811], [26.0606, 51.1533], [26.0476, 51.136], [26.028, 51.1255], [25.9573, 51.1164], [25.9509, 51.1081], [25.9498, 51.0726], [25.9797, 51.0637], [26.0127, 51.0731], [26.0333, 51.0706], [26.0739, 51.0371], [26.0922, 51.0047], [26.0958, 50.9852], [26.0898, 50.976], [26.06, 50.9652], [25.9886, 50.9588], [25.9749, 50.9451], [26.0147, 50.9072], [26.0116, 50.8955], [25.9658, 50.8578], [26.0032, 50.8346], [25.9883, 50.8243], [25.943, 50.8259], [25.8755, 50.7926], [25.8677, 50.7778], [25.8696, 50.6969], [25.8475, 50.6734], [25.8365, 50.6363], [25.8272, 50.6312], [25.8038, 50.6333], [25.7618, 50.6574], [25.7123, 50.6648], [25.7102, 50.6767], [25.6885, 50.6945], [25.6556, 50.707], [25.6029, 50.7069], [25.4486, 50.6547], [25.3941, 50.6633], [25.3634, 50.6789], [25.3584, 50.673], [25.3639, 50.655], [25.3525, 50.632], [25.3838, 50.6149], [25.3666, 50.6093], [25.2899, 50.614], [25.2854, 50.6044], [25.3055, 50.5634], [25.2866, 50.543], [25.1325, 50.5488], [25.1198, 50.5362], [25.1232, 50.5274], [25.1684, 50.5004], [25.1368, 50.4681], [25.0918, 50.4618], [25.133, 50.4353], [25.1679, 50.399], [25.1991, 50.3913], [25.2036, 50.3807], [25.195, 50.3697], [25.1555, 50.3579], [25.0635, 50.2948], [25.0638, 50.3345], [25.0438, 50.3489], [25.0039, 50.3457], [24.9319, 50.3702], [24.924, 50.3495], [24.8484, 50.3549], [24.7877, 50.3414], [24.7238, 50.3437], [24.7052, 50.3496], [24.7036, 50.3644], [24.6882, 50.3767], [24.6394, 50.3974], [24.6342, 50.4134], [24.5835, 50.4188], [24.5641, 50.4367], [24.5489, 50.4363], [24.5418, 50.4109], [24.5086, 50.4079], [24.5038, 50.4358], [24.4504, 50.4698], [24.4634, 50.4788], [24.5132, 50.4867], [24.5354, 50.5001], [24.5357, 50.5183], [24.5008, 50.5455], [24.4343, 50.549], [24.4054, 50.5674], [24.3976, 50.5889], [24.3585, 50.6097], [24.3214, 50.5926], [24.2589, 50.583], [24.2589, 50.5756], [24.2179, 50.5892], [24.1943, 50.6139], [24.1709, 50.6215], [24.1647, 50.6402], [24.1259, 50.6418], [24.1082, 50.6303], [24.0749, 50.6902], [24.081, 50.713], [24.0269, 50.728], [24.0128, 50.7433], [24.0259, 50.767], [23.9743, 50.7762], [23.9595, 50.7889], [23.9576, 50.808], [23.9699, 50.8252], [23.9929, 50.8362], [24.0205, 50.8386], [24.0469, 50.8291], [24.1309, 50.8391], [24.1432, 50.8564], [24.1302, 50.8689], [24.0469, 50.898], [23.9793, 50.9375], [23.9644, 50.9532], [23.9551, 50.9836], [23.9117, 51.0068], [23.916, 51.0209], [23.9042, 51.0627], [23.8545, 51.1215], [23.8582, 51.1307], [23.8747, 51.1361], [23.8636, 51.1483], [23.7427, 51.2163], [23.6873, 51.2924], [23.6352, 51.3047], [23.6287, 51.326], [23.634, 51.3393], [23.6656, 51.3658], [23.6839, 51.3703], [23.6789, 51.3941], [23.6976, 51.4044], [23.6487, 51.454], [23.6628, 51.4802], [23.6148, 51.4972], [23.6062, 51.5174], [23.6241, 51.5159], [23.6287, 51.5312], [23.5944, 51.605], [23.629, 51.629], [23.7497, 51.6445], [23.8849, 51.6199], [23.9413, 51.5819], [23.9813, 51.586], [24.1308, 51.6698], [24.2441, 51.7182], [24.2723, 51.7429], [24.2961, 51.8081], [24.3115, 51.8276], [24.3696, 51.8751], [24.6398, 51.8921], [24.7218, 51.8823], [25.0027, 51.9105], [25.0927, 51.9398], [25.1833, 51.9498]]]}}, {"type": "Feature", "properties": {"osm_type": "relation", "osm_id": 71236, "name": "Rivne Oblast", "admin_level": "4", "iso": "UA-56", "parent_iso": "UA", "parent_osm_id": 60199}, "geometry": {"type": "Polygon", "coordinates": [[[25.5474, 51.9194], [25.6835, 51.918], [25.7679, 51.9285], [25.9811, 51.9035], [26.0506, 51.9048], [26.0808, 51.9007], [26.1454, 51.8648], [26.1753, 51.8567], [26.4078, 51.8506], [26.4198, 51.8469], [26.4192, 51.8209], [26.4456, 51.8056], [26.6657, 51.8014], [26.8548, 51.7493], [26.9208, 51.7425], [27.0216, 51.7645], [27.1511, 51.7568], [27.1779, 51.7471], [27.1842, 51.7314], [27.1811, 51.6834], [27.189, 51.6638], [27.2036, 51.6551], [27.2775, 51.6511], [27.254, 51.5954], [27.2675, 51.5875], [27.3291, 51.597], [27.409, 51.5917], [27.4773, 51.6237], [27.5123, 51.6231], [27.6206, 51.5959], [27.6768, 51.5948], [27.6927, 51.5892], [27.7052, 51.5684], [27.6661, 51.4902], [27.5859, 51.4723], [27.5768, 51.4294], [27.6021, 51.406], [27.6002, 51.3918], [27.5439, 51.4155], [27.52, 51.441], [27.5021, 51.4402], [27.4883, 51.3753], [27.5113, 51.3527], [27.5095, 51.3421], [27.4827, 51.3168], [27.4167, 51.3021], [27.4519, 51.2531], [27.4491, 51.2279], [27.4353, 51.2119], [27.3976, 51.1922], [27.3805, 51.1613], [27.3582, 51.142], [27.3496, 51.0998], [27.2997, 51.0472], [27.2232, 51.0272], [27.1988, 50.994], [27.2227, 50.9457], [27.2364, 50.9345], [27.216, 50.9159], [27.2399, 50.8904], [27.2253, 50.8014], [27.2717, 50.7374], [27.2435, 50.6818], [27.2152, 50.6575], [27.1935, 50.622], [27.2016, 50.6009], [27.2356, 50.583], [27.2275, 50.5676], [27.1923, 50.5412], [27.138, 50.551], [27.1262, 50.582], [27.0976, 50.5866], [27.0844, 50.5801], [27.0722, 50.5587], [27.0228, 50.5455], [26.9764, 50.5192], [26.9015, 50.5317], [26.8071, 50.5009], [26.798, 50.4893], [26.7966, 50.4615], [26.7398, 50.4649], [26.7322, 50.4441], [26.703, 50.4141], [26.6501, 50.3844], [26.6431, 50.359], [26.5911, 50.334], [26.5638, 50.3056], [26.5184, 50.2837], [26.4799, 50.2536], [26.3835, 50.2441], [26.3034, 50.1755], [26.2332, 50.1523], [26.2304, 50.1824], [26.2018, 50.2091], [26.231, 50.2486], [26.2218, 50.2617], [26.1542, 50.2416], [26.0653, 50.2653], [26.022, 50.2534], [25.9472, 50.2645], [25.809, 50.1792], [25.6758, 50.1706], [25.6359, 50.1508], [25.6069, 50.1609], [25.5667, 50.1408], [25.4534, 50.1627], [25.4415, 50.1323], [25.4671, 50.1052], [25.4485, 50.0831], [25.4163, 50.0692], [25.4107, 50.028], [25.3748, 50.0355], [25.3676, 50.0131], [25.2959, 50.0413], [25.1932, 50.1027], [25.184, 50.1401], [25.1926, 50.187], [25.165, 50.2172], [25.2075, 50.2501], [25.1957, 50.288], [25.1634, 50.2944], [25.1041, 50.2794], [25.07, 50.2846], [25.0635, 50.2948], [25.1555, 50.3579], [25.195, 50.3697], [25.2036, 50.3807], [25.1991, 50.3913], [25.1679, 50.399], [25.133, 50.4353], [25.0918, 50.4618], [25.1368, 50.4681], [25.1684, 50.5004], [25.1232, 50.5274], [25.1224, 50.5401], [25.1431, 50.5529], [25.2708, 50.5396], [25.2975, 50.5493], [25.3052, 50.5715], [25.2868, 50.6002], [25.2899, 50.614], [25.3666, 50.6093], [25.3838, 50.6149], [25.3525, 50.632], [25.3639, 50.655], [25.3584, 50.673], [25.3634, 50.6789], [25.3941, 50.6633], [25.4486, 50.6547], [25.6029, 50.7069], [25.6556, 50.707], [25.6885, 50.6945], [25.7102, 50.6767], [25.7123, 50.6648], [25.7667, 50.6558], [25.8038, 50.6333], [25.8328, 50.6332], [25.8455, 50.6699], [25.8706, 50.7007], [25.8654, 50.7353], [25.8677, 50.7778], [25.8755, 50.7926], [25.943, 50.8259], [25.9883, 50.8243], [26.0032, 50.8346], [25.9658, 50.8578], [26.0142, 50.9033], [26.0111, 50.9175], [25.9754, 50.9407], [25.979, 50.9525], [26.0679, 50.9668], [26.0958, 50.9852], [26.0739, 51.0371], [26.0413, 51.0663], [26.0127, 51.0731], [25.9797, 51.0637], [25.9467, 51.0752], [25.9525, 51.1141], [26.028, 51.1255], [26.0476, 51.136], [26.0606, 51.1533], [26.0594, 51.1811], [26.0054, 51.2158], [25.9289, 51.2396], [25.8618, 51.2847], [25.8524, 51.3069], [25.8134, 51.3226], [25.8075, 51.3321], [25.8203, 51.3843], [25.7726, 51.3704], [25.7388, 51.3887], [25.7007, 51.3622], [25.6312, 51.3667], [25.6078, 51.359], [25.583, 51.3327], [25.5557, 51.3493], [25.5661, 51.4577], [25.5515, 51.5254], [25.5922, 51.5604], [25.6029, 51.5819], [25.5672, 51.5972], [25.5579, 51.6125], [25.5116, 51.6181], [25.5045, 51.6608], [25.5099, 51.6987], [25.5237, 51.7248], [25.6384, 51.8168], [25.6427, 51.8309], [25.6309, 51.8721], [25.6626, 51.8906], [25.5639, 51.897], [25.5516, 51.9018], [25.5474, 51.9194]]]}}, {"type": "Feature", "properties": {"osm_type": "relation", "osm_id": 71245, "name": "Zhytomyr Oblast", "admin_level": "4", "iso": "UA-18", "parent_iso": "UA", "parent_osm_id": 60199}, "geometry": {"type": "Polygon", "coordinates": [[[28.21, 51.652], [28.2304, 51.6511], [28.2451, 51.6406], [28.2578, 51.6018], [28.3109, 51.5744], [28.3339, 51.5284], [28.3596, 51.5294], [28.4612, 51.5717], [28.6039, 51.5535], [28.6373, 51.4496], [28.6636, 51.434], [28.704, 51.4426], [28.7288, 51.4013], [28.7468, 51.414], [28.7516, 51.4287], [28.7522, 51.4837], [28.7719, 51.5113], [28.7999, 51.5326], [28.8636, 51.5589], [28.9808, 51.5695], [29.0436, 51.6262], [29.0837, 51.6312], [29.1239, 51.625], [29.1604, 51.6033], [29.1815, 51.567], [29.2265, 51.5191], [29.2304, 51.4929], [29.221, 51.467], [29.2649, 51.4329], [29.297, 51.3737], [29.3199, 51.3656], [29.3533, 51.3771], [29.3658, 51.363], [29.3901, 51.3651], [29.3872, 51.306], [29.3748, 51.2848], [29.3181, 51.2512], [29.2705, 51.2369], [29.3109, 51.1187], [29.3425, 51.1438], [29.3628, 51.1416], [29.4123, 51.1164], [29.433, 51.0897], [29.4721, 51.0794], [29.4876, 51.0665], [29.489, 51.0545], [29.4646, 51.0242], [29.462, 50.9697], [29.4297, 50.9797], [29.3982, 50.9794], [29.3931, 50.9701], [29.3976, 50.9566], [29.4226, 50.9451], [29.5051, 50.8703], [29.4899, 50.7808], [29.5493, 50.7796], [29.5675, 50.7721], [29.5923, 50.7111], [29.5847, 50.6916], [29.5403, 50.67], [29.4808, 50.6017], [29.4837, 50.5885], [29.5132, 50.5674], [29.4966, 50.5344], [29.4735, 50.5271], [29.4774, 50.5151], [29.4986, 50.5027], [29.4989, 50.4917], [29.4811, 50.4635], [29.4441, 50.4626], [29.4429, 50.4561], [29.4668, 50.4413], [29.4561, 50.4319], [29.4283, 50.4293], [29.4261, 50.422], [29.4449, 50.4111], [29.4941, 50.4232], [29.5366, 50.4242], [29.5673, 50.4069], [29.5812, 50.3913], [29.6083, 50.3215], [29.6422, 50.3159], [29.6685, 50.2816], [29.6949, 50.2669], [29.6914, 50.1822], [29.7233, 50.1611], [29.7344, 50.1215], [29.7129, 50.1041], [29.6739, 50.0968], [29.6691, 50.0829], [29.6845, 50.0368], [29.6719, 50.0163], [29.7335, 49.9474], [29.7332, 49.9353], [29.7051, 49.9129], [29.6666, 49.8975], [29.6301, 49.8635], [29.5187, 49.8185], [29.4958, 49.8171], [29.4781, 49.8043], [29.442, 49.7984], [29.4375, 49.7908], [29.4491, 49.7586], [29.4396, 49.7333], [29.4184, 49.7101], [29.4784, 49.709], [29.4831, 49.6974], [29.478, 49.6793], [29.45, 49.6654], [29.4472, 49.6509], [29.4117, 49.648], [29.3627, 49.6189], [29.2818, 49.6116], [29.2643, 49.5845], [29.1324, 49.582], [28.9929, 49.5933], [28.9788, 49.6038], [28.9957, 49.6291], [28.9718, 49.6622], [28.9474, 49.6785], [29.0045, 49.7342], [28.9673, 49.7567], [28.9423, 49.788], [28.9397, 49.8311], [28.91, 49.8565], [28.9096, 49.8724], [28.8354, 49.8814], [28.8033, 49.8523], [28.7539, 49.8349], [28.7202, 49.794], [28.6295, 49.801], [28.571, 49.7867], [28.519, 49.8073], [28.4309, 49.8078], [28.4167, 49.8041], [28.3905, 49.7771], [28.3534, 49.7715], [28.2675, 49.7882], [28.0254, 49.7604], [27.9568, 49.7672], [27.868, 49.7601], [27.6607, 49.7989], [27.5991, 49.8665], [27.5974, 49.8928], [27.5409, 49.9151], [27.5456, 49.941], [27.5808, 49.9514], [27.5439, 50.0071], [27.6094, 50.0037], [27.657, 50.0225], [27.6637, 50.0326], [27.6606, 50.0577], [27.6212, 50.0793], [27.6479, 50.1167], [27.6272, 50.1379], [27.6469, 50.1486], [27.6497, 50.1606], [27.6078, 50.2022], [27.6075, 50.2493], [27.5987, 50.2564], [27.5825, 50.2546], [27.5499, 50.2184], [27.4885, 50.2238], [27.4806, 50.2479], [27.4426, 50.2594], [27.4263, 50.2747], [27.4001, 50.277], [27.4084, 50.2928], [27.4038, 50.2982], [27.3082, 50.3403], [27.2887, 50.3679], [27.2438, 50.3761], [27.2283, 50.3868], [27.2531, 50.448], [27.3046, 50.478], [27.2604, 50.4901], [27.2458, 50.5098], [27.1923, 50.5412], [27.2275, 50.5676], [27.2356, 50.583], [27.2016, 50.6009], [27.1935, 50.622], [27.2152, 50.6575], [27.2435, 50.6818], [27.2717, 50.7374], [27.2253, 50.8014], [27.2399, 50.8904], [27.216, 50.9159], [27.2364, 50.9345], [27.2227, 50.9457], [27.1988, 50.994], [27.2232, 51.0272], [27.2997, 51.0472], [27.3496, 51.0998], [27.3582, 51.142], [27.3805, 51.1613], [27.3976, 51.1922], [27.4353, 51.2119], [27.4491, 51.2279], [27.4519, 51.2531], [27.4167, 51.3021], [27.4827, 51.3168], [27.5095, 51.3421], [27.5113, 51.3527], [27.4883, 51.3753], [27.5021, 51.4402], [27.52, 51.441], [27.5439, 51.4155], [27.6002, 51.3918], [27.6021, 51.406], [27.5768, 51.4294], [27.5859, 51.4723], [27.6661, 51.4902], [27.7, 51.4675], [27.7301, 51.4652], [27.7925, 51.5173], [27.7995, 51.5852], [27.8313, 51.6129], [27.8756, 51.608], [27.9548, 51.5608], [28.0708, 51.5576], [28.1142, 51.5756], [28.1662, 51.6331], [28.21, 51.652]]]}}, {"type": "Feature", "properties": {"osm_type": "relation", "osm_id": 71248, "name": "Kyiv Oblast", "admin_level": "4", "iso": "UA-32", "parent_iso": "UA", "parent_osm_id": 60199}, "geometry": {"type": "Polygon", "coordinates": [[[29.6608, 51.4931], [29.7, 51.4837], [29.7379, 51.4395], [29.8286, 51.43], [29.8466, 51.4329], [29.8863, 51.4648], [29.9251, 51.4579], [30.0087, 51.4821], [30.1773, 51.4795], [30.2054, 51.4665], [30.2569, 51.4251], [30.3202, 51.4021], [30.33, 51.3704], [30.3171, 51.3406], [30.3551, 51.3053], [30.3838, 51.2939], [30.4281, 51.2918], [30.465, 51.2619], [30.5081, 51.2577], [30.5396, 51.2352], [30.5547, 51.2425], [30.5538, 51.2291], [30.5196, 51.2268], [30.5148, 51.2203], [30.5314, 51.1803], [30.5112, 51.108], [30.5136, 51.0132], [30.5324, 51.0083], [30.5558, 51.0172], [30.6146, 51.0037], [30.6491, 50.9856], [30.6639, 50.9575], [30.6515, 50.9104], [30.6551, 50.892], [30.7347, 50.869], [30.7802, 50.8436], [30.7715, 50.8112], [30.7395, 50.7673], [30.7409, 50.7574], [30.794, 50.7596], [30.8363, 50.737], [30.8717, 50.7553], [30.9309, 50.7465], [30.9634, 50.7588], [31.0418, 50.7564], [31.0894, 50.7673], [31.1136, 50.7454], [31.1132, 50.7237], [31.1585, 50.7155], [31.1607, 50.6993], [31.1993, 50.6761], [31.213, 50.6588], [31.2185, 50.6229], [31.2083, 50.6097], [31.1856, 50.6061], [31.1799, 50.5877], [31.2196, 50.5615], [31.2584, 50.5577], [31.2614, 50.5343], [31.2752, 50.5208], [31.3282, 50.5084], [31.3641, 50.5141], [31.4629, 50.5002], [31.4966, 50.5179], [31.5613, 50.5091], [31.6135, 50.5176], [31.6865, 50.5528], [31.7484, 50.5532], [31.7834, 50.5764], [31.7967, 50.6142], [31.8474, 50.6239], [31.9089, 50.5928], [31.962, 50.5501], [32.0284, 50.5451], [32.0352, 50.5252], [32.0308, 50.5044], [31.993, 50.5004], [31.9736, 50.4753], [32.0076, 50.4511], [32.0112, 50.4281], [32.0201, 50.4198], [32.0895, 50.4058], [32.0667, 50.3835], [32.0728, 50.378], [32.1392, 50.3501], [32.1144, 50.3061], [32.0934, 50.2855], [32.098, 50.2667], [32.0695, 50.2387], [32.0318, 50.2506], [31.9994, 50.2465], [31.9733, 50.2161], [31.9953, 50.1865], [31.9875, 50.1693], [31.9544, 50.1475], [31.9143, 50.1473], [31.9, 50.1254], [31.8535, 50.1], [31.872, 50.0235], [31.81, 50.0056], [31.8068, 49.9602], [31.7649, 49.9148], [31.7627, 49.8934], [31.7166, 49.8485], [31.6131, 49.8581], [31.6062, 49.863], [31.606, 49.8904], [31.5966, 49.8976], [31.5864, 49.8956], [31.5709, 49.8627], [31.545, 49.8586], [31.5194, 49.8665], [31.4969, 49.84], [31.4736, 49.8574], [31.4471, 49.9007], [31.4302, 49.9061], [31.336, 49.8967], [31.2589, 49.8617], [31.212, 49.854], [31.1786, 49.8183], [31.1989, 49.8043], [31.1821, 49.7738], [31.1969, 49.7534], [31.1881, 49.7176], [31.1698, 49.6955], [31.1746, 49.6717], [31.1503, 49.6327], [31.1282, 49.6144], [31.1298, 49.5958], [31.1568, 49.5852], [31.1559, 49.5564], [31.1099, 49.5327], [31.0773, 49.4907], [31.0346, 49.4715], [30.9504, 49.4143], [30.9223, 49.3821], [30.9192, 49.3546], [30.908, 49.3461], [30.8682, 49.3606], [30.8424, 49.3476], [30.8102, 49.3524], [30.7811, 49.3351], [30.7254, 49.3208], [30.6846, 49.3538], [30.6546, 49.3506], [30.6194, 49.3585], [30.5927, 49.3299], [30.5502, 49.3407], [30.4982, 49.3239], [30.463, 49.3474], [30.4377, 49.3485], [30.4199, 49.336], [30.4162, 49.308], [30.382, 49.233], [30.3632, 49.2366], [30.3574, 49.2551], [30.3495, 49.2581], [30.1692, 49.2841], [30.1644, 49.2933], [30.1829, 49.3215], [30.1519, 49.3295], [30.1044, 49.3013], [30.117, 49.2794], [30.1115, 49.275], [30.0386, 49.2851], [30.0136, 49.2668], [29.9536, 49.2613], [29.9201, 49.2462], [29.8982, 49.2166], [29.8715, 49.1968], [29.869, 49.1759], [29.7615, 49.1746], [29.7295, 49.1952], [29.7306, 49.2055], [29.7453, 49.2134], [29.7408, 49.2168], [29.6972, 49.2273], [29.6769, 49.2444], [29.642, 49.2451], [29.5936, 49.3037], [29.5255, 49.3218], [29.4998, 49.3657], [29.5077, 49.3888], [29.5689, 49.4216], [29.5696, 49.4438], [29.54, 49.4878], [29.5647, 49.506], [29.5672, 49.5281], [29.5161, 49.5517], [29.4963, 49.5728], [29.4972, 49.6004], [29.5136, 49.6259], [29.5107, 49.6403], [29.4472, 49.6509], [29.45, 49.6654], [29.478, 49.6793], [29.4828, 49.7027], [29.4733, 49.7096], [29.4193, 49.7081], [29.4491, 49.7586], [29.4375, 49.7908], [29.4497, 49.8023], [29.4781, 49.8043], [29.4958, 49.8171], [29.5187, 49.8185], [29.6301, 49.8635], [29.6666, 49.8975], [29.7275, 49.9288], [29.7335, 49.9474], [29.6719, 50.0163], [29.6845, 50.0368], [29.6693, 50.0898], [29.6769, 50.098], [29.7191, 50.107], [29.7341, 50.1258], [29.7233, 50.1611], [29.6914, 50.1822], [29.6949, 50.2669], [29.6685, 50.2816], [29.6422, 50.3159], [29.6083, 50.3215], [29.5812, 50.3913], [29.5673, 50.4069], [29.5366, 50.4242], [29.4941, 50.4232], [29.4449, 50.4111], [29.4261, 50.422], [29.4283, 50.4293], [29.4561, 50.4319], [29.4668, 50.4413], [29.4429, 50.4561], [29.4441, 50.4626], [29.4811, 50.4635], [29.4989, 50.4917], [29.4986, 50.5027], [29.4774, 50.5151], [29.4735, 50.5271], [29.4966, 50.5344], [29.5132, 50.5674], [29.4837, 50.5885], [29.4808, 50.6017], [29.5403, 50.67], [29.5847, 50.6916], [29.5923, 50.7111], [29.5675, 50.7721], [29.5493, 50.7796], [29.4899, 50.7808], [29.5051, 50.8703], [29.4226, 50.9451], [29.3976, 50.9566], [29.3931, 50.9701], [29.3982, 50.9794], [29.4297, 50.9797], [29.462, 50.9697], [29.4646, 51.0242], [29.489, 51.0545], [29.4876, 51.0665], [29.4721, 51.0794], [29.433, 51.0897], [29.4123, 51.1164], [29.3628, 51.1416], [29.3425, 51.1438], [29.3109, 51.1187], [29.2705, 51.2369], [29.3495, 51.266], [29.3847, 51.2982], [29.3914, 51.3621], [29.3861, 51.3675], [29.3658, 51.363], [29.3533, 51.3771], [29.4027, 51.3961], [29.4663, 51.3851], [29.5055, 51.4375], [29.5682, 51.4496], [29.618, 51.4856], [29.6608, 51.4931]], [[30.7537, 50.2892], [30.792, 50.2926], [30.7902, 50.3326], [30.8303, 50.3327], [30.846, 50.3535], [30.817, 50.3672], [30.8152, 50.3846], [30.7603, 50.4399], [30.7571, 50.4764], [30.7681, 50.4887], [30.7506, 50.5063], [30.7532, 50.5215], [30.7756, 50.5442], [30.8423, 50.584], [30.8349, 50.6388], [30.7386, 50.6682], [30.7156, 50.6518], [30.7185, 50.6235], [30.6643, 50.6027], [30.6472, 50.5752], [30.5518, 50.5808], [30.5387, 50.572], [30.5481, 50.549], [30.5226, 50.5579], [30.4758, 50.5959], [30.4625, 50.6304], [30.4373, 50.6342], [30.4327, 50.6624], [30.334, 50.663], [30.3335, 50.6379], [30.2702, 50.6334], [30.2913, 50.6093], [30.2856, 50.589], [30.2679, 50.608], [30.2499, 50.6007], [30.2586, 50.5659], [30.2174, 50.5424], [30.2174, 50.5057], [30.2003, 50.4781], [30.2035, 50.4449], [30.1925, 50.4293], [30.186, 50.3872], [30.1966, 50.3744], [30.2062, 50.3848], [30.2233, 50.382], [30.2382, 50.4147], [30.3188, 50.4083], [30.3322, 50.3688], [30.3891, 50.3312], [30.4137, 50.3039], [30.4045, 50.2851], [30.4106, 50.262], [30.4456, 50.2636], [30.4558, 50.2222], [30.4736, 50.217], [30.4769, 50.1998], [30.4938, 50.2055], [30.5208, 50.1901], [30.5111, 50.1462], [30.5362, 50.1456], [30.5417, 50.0974], [30.5685, 50.0911], [30.5818, 50.0608], [30.5856, 50.0142], [30.6482, 50.0337], [30.6391, 50.05], [30.6503, 50.0605], [30.627, 50.0962], [30.6208, 50.1227], [30.6398, 50.1241], [30.6544, 50.156], [30.6087, 50.2425], [30.6183, 50.2513], [30.6059, 50.2675], [30.6423, 50.2758], [30.648, 50.261], [30.7181, 50.2625], [30.7168, 50.2925], [30.7243, 50.3096], [30.7537, 50.2892]]]}}, {"type": "Feature", "properties": {"osm_type": "relation", "osm_id": 72489, "name": "Zakarpattia Oblast", "admin_level": "4", "iso": "UA-21", "parent_iso": "UA", "parent_osm_id": 60199}, "geometry": {"type": "Polygon", "coordinates": [[[22.1328, 48.4048], [22.1338, 48.4768], [22.1483, 48.5088], [22.1367, 48.5493], [22.1387, 48.5696], [22.1537, 48.5859], [22.219, 48.6209], [22.2432, 48.6512], [22.2943, 48.6676], [22.3103, 48.6817], [22.3289, 48.7216], [22.3308, 48.7564], [22.3565, 48.7761], [22.3657, 48.7944], [22.3616, 48.8365], [22.3689, 48.8565], [22.4118, 48.8878], [22.4149, 48.9117], [22.449, 48.9714], [22.5205, 48.9929], [22.532, 49.0557], [22.5396, 49.0722], [22.5607, 49.0855], [22.5808, 49.0814], [22.6429, 49.0432], [22.7553, 49.0447], [22.784, 49.0213], [22.835, 48.9997], [22.8553, 48.994], [22.865, 49.0132], [22.8831, 49.0059], [22.9013, 48.9914], [22.8893, 48.9588], [22.8954, 48.9293], [22.9612, 48.8843], [22.9821, 48.859], [23.0203, 48.8553], [23.1123, 48.8701], [23.1376, 48.8522], [23.1798, 48.7903], [23.2016, 48.7771], [23.2576, 48.7722], [23.2982, 48.7812], [23.3085, 48.7502], [23.3567, 48.7707], [23.3693, 48.7596], [23.3749, 48.7396], [23.3857, 48.7343], [23.4458, 48.7267], [23.5086, 48.7305], [23.5738, 48.7158], [23.6124, 48.7038], [23.693, 48.6447], [23.7715, 48.6447], [23.7805, 48.6381], [23.7817, 48.6034], [23.7915, 48.5938], [23.8471, 48.5628], [23.9023, 48.5433], [23.916, 48.5211], [23.9074, 48.4847], [23.9172, 48.4744], [23.9524, 48.4729], [24.0015, 48.5001], [24.0462, 48.5051], [24.1293, 48.5334], [24.137, 48.5275], [24.1408, 48.4753], [24.1324, 48.414], [24.1408, 48.3799], [24.1511, 48.3689], [24.1777, 48.3546], [24.2341, 48.3505], [24.2784, 48.3609], [24.3016, 48.3874], [24.3317, 48.3748], [24.3483, 48.3375], [24.3849, 48.3345], [24.4994, 48.2629], [24.5432, 48.2092], [24.5216, 48.1711], [24.5285, 48.1461], [24.6068, 48.0886], [24.6411, 48.0528], [24.5882, 47.9959], [24.5698, 47.9373], [24.4092, 47.9521], [24.3472, 47.9209], [24.2979, 47.9198], [24.231, 47.897], [24.2093, 47.8976], [24.1312, 47.9145], [24.0948, 47.9379], [24.0088, 47.9612], [23.9773, 47.9623], [23.8552, 47.9342], [23.8484, 47.9497], [23.7801, 47.9875], [23.7105, 47.9851], [23.5632, 48.0058], [23.5145, 47.999], [23.4816, 47.9722], [23.4608, 47.9713], [23.3945, 47.9935], [23.3601, 47.9931], [23.2314, 48.0797], [23.1391, 48.0981], [23.1186, 48.0915], [23.099, 48.0712], [23.0631, 48.0075], [23.0044, 47.9831], [22.9241, 48.0048], [22.9157, 47.993], [22.9242, 47.9727], [22.9158, 47.9592], [22.8776, 47.9467], [22.8408, 47.9668], [22.8324, 47.9789], [22.8495, 47.9931], [22.8616, 48.0284], [22.8548, 48.0473], [22.8014, 48.091], [22.7457, 48.1163], [22.6932, 48.1018], [22.6055, 48.097], [22.5558, 48.1772], [22.4814, 48.2426], [22.4342, 48.2367], [22.3571, 48.2431], [22.3081, 48.2937], [22.2974, 48.314], [22.2987, 48.3491], [22.2913, 48.3576], [22.2568, 48.3573], [22.2718, 48.4035], [22.202, 48.4182], [22.1593, 48.4023], [22.1328, 48.4048]]]}}, {"type": "Feature", "properties": {"osm_type": "relation", "osm_id": 72526, "name": "Chernivtsi Oblast", "admin_level": "4", "iso": "UA-77", "parent_iso": "UA", "parent_osm_id": 60199}, "geometry": {"type": "Polygon", "coordinates": [[[26.6179, 48.259], [26.4447, 48.2277], [26.3974, 48.2262], [26.3303, 48.2085], [26.3035, 48.212], [26.2975, 48.1563], [26.2707, 48.0936], [26.2553, 48.0723], [26.2048, 48.0374], [26.1731, 47.9931], [26.1257, 47.9784], [25.9012, 47.966], [25.7525, 47.9346], [25.2617, 47.8986], [25.219, 47.8785], [25.1219, 47.7703], [25.0799, 47.7429], [25.0174, 47.7246], [24.9289, 47.7139], [24.9325, 47.754], [24.9848, 47.8404], [24.9703, 47.8744], [24.9672, 47.9067], [24.9348, 47.9474], [24.9282, 47.997], [24.9847, 48.0789], [24.9892, 48.1002], [25.0174, 48.1186], [25.0508, 48.1265], [25.1063, 48.1695], [25.1404, 48.1817], [25.1325, 48.2072], [25.1409, 48.2319], [25.1961, 48.2568], [25.2926, 48.3402], [25.3696, 48.3802], [25.4928, 48.4037], [25.5693, 48.3883], [25.5851, 48.3929], [25.6004, 48.4326], [25.6058, 48.5216], [25.5654, 48.6253], [25.5864, 48.6507], [25.6362, 48.6781], [25.7151, 48.6645], [25.7312, 48.6352], [25.7423, 48.6297], [25.7533, 48.6326], [25.7666, 48.6576], [25.7935, 48.6701], [25.8596, 48.6187], [25.863, 48.6008], [25.9279, 48.5869], [25.9602, 48.5964], [25.9856, 48.6235], [26.0198, 48.6161], [26.0334, 48.6434], [26.0491, 48.6477], [26.0623, 48.6283], [26.0526, 48.5717], [26.0798, 48.5473], [26.1172, 48.5419], [26.1297, 48.5546], [26.1058, 48.5809], [26.1023, 48.6066], [26.1331, 48.6092], [26.1458, 48.5964], [26.1495, 48.5396], [26.1809, 48.5267], [26.2567, 48.5334], [26.3266, 48.5116], [26.355, 48.5101], [26.404, 48.5341], [26.4224, 48.5298], [26.4706, 48.5381], [26.5153, 48.5149], [26.5528, 48.4658], [26.6057, 48.4516], [26.6219, 48.4583], [26.607, 48.4923], [26.6157, 48.5068], [26.6273, 48.5084], [26.6541, 48.4913], [26.709, 48.4969], [26.6884, 48.5184], [26.6144, 48.5402], [26.6126, 48.5509], [26.6328, 48.5624], [26.7218, 48.5352], [26.7341, 48.5412], [26.7392, 48.5577], [26.7161, 48.5778], [26.7172, 48.5948], [26.7406, 48.5889], [26.7497, 48.5616], [26.7594, 48.5506], [26.7728, 48.551], [26.7876, 48.5683], [26.7876, 48.6018], [26.8188, 48.6066], [26.8292, 48.6018], [26.8226, 48.5812], [26.828, 48.5613], [26.8593, 48.5403], [26.885, 48.5435], [26.9247, 48.5751], [26.9453, 48.5814], [27.0036, 48.5751], [27.0234, 48.5609], [27.0377, 48.5683], [27.1228, 48.5608], [27.147, 48.5819], [27.2375, 48.5688], [27.2556, 48.5745], [27.2618, 48.5957], [27.236, 48.6055], [27.2344, 48.6185], [27.2947, 48.6161], [27.3218, 48.6009], [27.3451, 48.6076], [27.3704, 48.6297], [27.4097, 48.6207], [27.4382, 48.6025], [27.4584, 48.5773], [27.5038, 48.4724], [27.4202, 48.4171], [27.4035, 48.4115], [27.3422, 48.4361], [27.306, 48.4237], [27.2465, 48.3737], [27.2086, 48.3606], [27.1758, 48.3618], [27.0374, 48.3997], [27.0263, 48.3971], [27.0254, 48.3899], [27.0331, 48.3602], [26.9906, 48.3624], [26.9432, 48.3513], [26.8428, 48.3937], [26.8319, 48.3914], [26.8169, 48.3717], [26.7881, 48.376], [26.7775, 48.3662], [26.7901, 48.3071], [26.7744, 48.2872], [26.7359, 48.2918], [26.6994, 48.3251], [26.6798, 48.3302], [26.6691, 48.3088], [26.6251, 48.2829], [26.6179, 48.259]]]}}, {"type": "Feature", "properties": {"osm_type": "relation", "osm_id": 72488, "name": "Ivano-Frankivsk Oblast", "admin_level": "4", "iso": "UA-26", "parent_iso": "UA", "parent_osm_id": 60199}, "geometry": {"type": "Polygon", "coordinates": [[[24.9289, 47.7139], [24.8966, 47.7101], [24.8778, 47.7187], [24.8207, 47.7841], [24.7937, 47.8045], [24.6791, 47.8401], [24.6615, 47.8539], [24.6493, 47.8952], [24.5698, 47.9373], [24.5882, 47.9959], [24.6411, 48.0528], [24.6068, 48.0886], [24.5285, 48.1461], [24.5216, 48.1711], [24.5407, 48.1983], [24.5415, 48.2128], [24.4949, 48.2666], [24.3849, 48.3345], [24.3483, 48.3375], [24.3357, 48.3707], [24.3095, 48.3874], [24.2986, 48.385], [24.2784, 48.3609], [24.2566, 48.3531], [24.1777, 48.3546], [24.1511, 48.3689], [24.1394, 48.3838], [24.1309, 48.426], [24.1408, 48.4753], [24.1336, 48.5311], [24.1186, 48.5334], [24.0462, 48.5051], [24.0015, 48.5001], [23.9524, 48.4729], [23.9172, 48.4744], [23.9074, 48.4847], [23.9168, 48.5154], [23.9068, 48.538], [23.8869, 48.5536], [23.8471, 48.5628], [23.7915, 48.5938], [23.7817, 48.6034], [23.7766, 48.6421], [23.693, 48.6447], [23.6124, 48.7038], [23.5329, 48.7237], [23.5753, 48.8339], [23.5701, 48.8566], [23.5484, 48.8849], [23.5765, 48.9686], [23.6416, 49.0108], [23.6841, 49.0868], [23.711, 49.1043], [23.7548, 49.1149], [23.9057, 49.1072], [23.9557, 49.128], [24.0033, 49.1164], [24.0845, 49.1456], [24.1582, 49.135], [24.2052, 49.1489], [24.2634, 49.1523], [24.3555, 49.1815], [24.4057, 49.1804], [24.4412, 49.1941], [24.4462, 49.2085], [24.4177, 49.2352], [24.387, 49.2319], [24.3569, 49.241], [24.3542, 49.2689], [24.3663, 49.2876], [24.3629, 49.2974], [24.3396, 49.3036], [24.2998, 49.2852], [24.2865, 49.2898], [24.2819, 49.301], [24.2908, 49.3139], [24.3696, 49.3261], [24.4232, 49.3664], [24.4215, 49.3768], [24.3833, 49.3938], [24.4265, 49.4495], [24.4133, 49.4834], [24.4387, 49.5157], [24.4966, 49.5116], [24.5846, 49.524], [24.6498, 49.4971], [24.707, 49.4918], [24.8041, 49.3889], [24.8329, 49.3396], [24.8234, 49.3138], [24.8383, 49.2622], [24.867, 49.2502], [24.8791, 49.2294], [24.8808, 49.2018], [24.8512, 49.1753], [24.86, 49.1516], [24.86, 49.1194], [24.8802, 49.1112], [24.9171, 49.1227], [24.9668, 49.113], [24.9816, 49.0992], [24.9927, 49.0642], [24.9856, 49.0517], [24.9663, 49.048], [24.9036, 49.0611], [24.8942, 49.0537], [24.8976, 49.0398], [24.9503, 49.0208], [24.964, 48.9928], [24.9926, 48.9696], [25.067, 48.9725], [25.1196, 48.9514], [25.1297, 48.9344], [25.123, 48.9076], [25.1656, 48.8655], [25.1974, 48.9177], [25.2195, 48.9294], [25.2458, 48.9314], [25.2267, 48.8868], [25.2253, 48.842], [25.2501, 48.8594], [25.3277, 48.842], [25.3065, 48.8283], [25.2501, 48.8177], [25.239, 48.8011], [25.251, 48.7752], [25.2772, 48.7814], [25.3277, 48.8147], [25.3541, 48.8139], [25.3561, 48.8546], [25.4308, 48.8494], [25.4316, 48.8671], [25.4404, 48.8699], [25.4711, 48.8625], [25.45, 48.8358], [25.4611, 48.8253], [25.5056, 48.8048], [25.5654, 48.7934], [25.6294, 48.7601], [25.6401, 48.745], [25.6276, 48.7183], [25.6463, 48.6973], [25.6362, 48.6781], [25.5864, 48.6507], [25.5654, 48.6253], [25.6058, 48.5216], [25.6004, 48.4326], [25.5851, 48.3929], [25.5693, 48.3883], [25.4928, 48.4037], [25.3696, 48.3802], [25.2926, 48.3402], [25.1961, 48.2568], [25.1409, 48.2319], [25.1325, 48.2072], [25.1404, 48.1817], [25.1063, 48.1695], [25.0508, 48.1265], [25.0174, 48.1186], [24.9892, 48.1002], [24.9847, 48.0789], [24.9282, 47.997], [24.9348, 47.9474], [24.9672, 47.9067], [24.9703, 47.8744], [24.9848, 47.8404], [24.9325, 47.754], [24.9289, 47.7139]]]}}, {"type": "Feature", "properties": {"osm_type": "relation", "osm_id": 72634, "name": "Odesa Oblast", "admin_level": "4", "iso": "UA-51", "parent_iso": "UA", "parent_osm_id": 60199}, "geometry": {"type": "MultiPolygon", "coordinates": [[[[28.2129, 45.4502], [28.1995, 45.4618], [28.2173, 45.4933], [28.2705, 45.5215], [28.4168, 45.5038], [28.4809, 45.502], [28.502, 45.5087], [28.5065, 45.5206], [28.4982, 45.5587], [28.5369, 45.5798], [28.5231, 45.5932], [28.5113, 45.635], [28.474, 45.6579], [28.5152, 45.702], [28.5614, 45.7166], [28.5676, 45.7246], [28.5606, 45.7432], [28.5767, 45.7619], [28.6436, 45.7665], [28.6698, 45.7773], [28.6698, 45.812], [28.7383, 45.8376], [28.7464, 45.8706], [28.7284, 45.922], [28.7292, 45.9386], [28.7402, 45.9532], [28.9569, 46.0014], [28.9589, 46.021], [28.9388, 46.0893], [28.9464, 46.1051], [29.0035, 46.1589], [29.0154, 46.1826], [29.0098, 46.2044], [28.9335, 46.259], [28.9449, 46.3207], [28.9192, 46.4047], [28.9254, 46.4328], [28.9458, 46.4548], [29.0203, 46.4895], [29.1627, 46.5381], [29.1842, 46.538], [29.2002, 46.524], [29.2068, 46.5025], [29.2056, 46.4061], [29.1834, 46.3776], [29.1837, 46.3672], [29.2007, 46.3571], [29.2592, 46.3944], [29.2833, 46.3974], [29.2901, 46.4102], [29.2891, 46.4516], [29.3067, 46.472], [29.3208, 46.4687], [29.3621, 46.4159], [29.3747, 46.4162], [29.4182, 46.4625], [29.4576, 46.4847], [29.4864, 46.4759], [29.4733, 46.4398], [29.4809, 46.4252], [29.5414, 46.413], [29.583, 46.3697], [29.6156, 46.3618], [29.6455, 46.3756], [29.6529, 46.3919], [29.648, 46.4164], [29.6544, 46.4227], [29.7029, 46.4283], [29.7138, 46.4431], [29.7141, 46.4712], [29.8003, 46.3984], [29.8082, 46.3547], [29.8281, 46.3394], [29.8478, 46.3415], [29.8847, 46.3642], [29.9187, 46.3737], [30.0373, 46.3689], [30.0811, 46.3742], [30.1072, 46.3919], [30.1316, 46.4228], [30.102, 46.4307], [30.077, 46.4228], [30.0141, 46.462], [30.0217, 46.4707], [30.0028, 46.4942], [29.9893, 46.4987], [29.9706, 46.4917], [29.9602, 46.5059], [29.9161, 46.5188], [29.9019, 46.5308], [29.8988, 46.5531], [29.9381, 46.5573], [29.9497, 46.5789], [29.9313, 46.6192], [29.9444, 46.6625], [29.9511, 46.7431], [29.9318, 46.7724], [29.9282, 46.8098], [29.8896, 46.8072], [29.8722, 46.8377], [29.8436, 46.8541], [29.7541, 46.858], [29.6962, 46.9047], [29.6319, 46.9144], [29.5985, 46.9354], [29.5675, 46.9347], [29.5587, 46.9457], [29.5725, 47.0118], [29.5954, 47.0321], [29.6021, 47.061], [29.5702, 47.0914], [29.5514, 47.0902], [29.5201, 47.0599], [29.4779, 47.1115], [29.4809, 47.1175], [29.5304, 47.1237], [29.5448, 47.1356], [29.5506, 47.1602], [29.5404, 47.2125], [29.544, 47.2343], [29.5687, 47.2431], [29.5802, 47.2604], [29.5793, 47.2836], [29.5566, 47.324], [29.521, 47.3389], [29.4809, 47.3383], [29.4592, 47.2935], [29.4417, 47.2821], [29.4096, 47.2798], [29.3808, 47.293], [29.3676, 47.3082], [29.3589, 47.3527], [29.3458, 47.3658], [29.3008, 47.3782], [29.2814, 47.4115], [29.2507, 47.4254], [29.2326, 47.4463], [29.2184, 47.4516], [29.2019, 47.4466], [29.1821, 47.4299], [29.1556, 47.45], [29.1174, 47.5333], [29.1305, 47.5596], [29.1821, 47.6132], [29.197, 47.7175], [29.2386, 47.756], [29.222, 47.7748], [29.1778, 47.7897], [29.1867, 47.8182], [29.2328, 47.8571], [29.236, 47.8707], [29.1726, 47.891], [29.148, 47.9554], [29.124, 47.976], [29.0927, 47.9802], [29.061, 47.9698], [29.0172, 47.9311], [28.9808, 47.9264], [28.9148, 47.9531], [28.8621, 48.0005], [28.9642, 48.0358], [29.0461, 48.0831], [29.045, 48.1344], [29.104, 48.1436], [29.1699, 48.1057], [29.2463, 48.0845], [29.3384, 48.0862], [29.4497, 48.1135], [29.5104, 48.0904], [29.675, 48.0903], [29.6982, 48.1317], [29.6674, 48.1657], [29.6711, 48.1774], [29.7172, 48.1817], [29.8204, 48.211], [29.8822, 48.18], [29.9291, 48.2222], [29.9594, 48.2096], [29.9968, 48.221], [30.0478, 48.1552], [30.0835, 48.1437], [30.2931, 48.1357], [30.2954, 48.1135], [30.3164, 48.1025], [30.3153, 48.093], [30.256, 48.0842], [30.2105, 48.0678], [30.2262, 48.0477], [30.216, 47.9988], [30.2591, 47.9815], [30.2955, 47.9496], [30.3314, 47.8211], [30.3946, 47.7922], [30.3994, 47.7723], [30.3792, 47.7473], [30.4138, 47.7197], [30.4015, 47.6869], [30.4203, 47.6484], [30.4759, 47.6221], [30.5266, 47.6276], [30.5497, 47.6176], [30.5929, 47.6375], [30.6234, 47.6269], [30.6658, 47.6256], [30.6948, 47.5879], [30.7057, 47.5922], [30.7198, 47.6231], [30.7799, 47.6337], [30.7909, 47.6061], [30.7857, 47.5866], [30.8315, 47.5805], [30.8682, 47.5435], [30.8716, 47.5125], [30.8568, 47.4998], [30.8526, 47.4672], [30.8339, 47.4295], [30.8855, 47.3165], [30.9153, 47.2767], [31.0106, 47.2691], [31.0396, 47.2509], [31.1537, 47.2717], [31.172, 47.2406], [31.1518, 47.2192], [31.1181, 47.2069], [31.1164, 47.1823], [31.1819, 47.1577], [31.2235, 47.1658], [31.2691, 47.1104], [31.3042, 47.1018], [31.2946, 47.0505], [31.2732, 47.0293], [31.2602, 47.0001], [31.2322, 46.9895], [31.224, 46.9774], [31.1395, 46.9692], [31.1138, 46.9754], [31.0927, 46.957], [31.0315, 46.9478], [31.0564, 46.8974], [31.0986, 46.8774], [31.1268, 46.8434], [31.1622, 46.8254], [31.1777, 46.7209], [31.1724, 46.6844], [31.1879, 46.6291], [30.9914, 46.6013], [30.9592, 46.5834], [30.926, 46.5843], [30.8545, 46.5534], [30.8026, 46.5602], [30.7907, 46.5529], [30.7549, 46.5159], [30.7821, 46.4572], [30.7982, 46.4464], [30.7835, 46.4309], [30.7725, 46.3964], [30.7145, 46.348], [30.6607, 46.3509], [30.6519, 46.3445], [30.6794, 46.3283], [30.6868, 46.309], [30.6535, 46.2596], [30.5477, 46.1478], [30.5233, 46.1338], [30.4942, 46.0805], [30.3713, 45.998], [30.2614, 45.8955], [30.1384, 45.8198], [30.1353, 45.8891], [30.1275, 45.8913], [30.1106, 45.8751], [30.0946, 45.8148], [30.0724, 45.821], [30.0612, 45.8135], [29.9907, 45.8471], [29.9685, 45.8389], [29.9529, 45.772], [29.9324, 45.7924], [29.9351, 45.8161], [29.9187, 45.7999], [29.9224, 45.7694], [29.9393, 45.7515], [29.9324, 45.7242], [29.8877, 45.7651], [29.874, 45.7515], [29.8237, 45.7476], [29.8024, 45.7375], [29.7957, 45.7174], [29.8032, 45.7042], [29.843, 45.6907], [29.865, 45.6723], [29.8096, 45.6486], [29.7891, 45.6553], [29.7839, 45.6466], [29.7891, 45.6354], [29.7337, 45.6143], [29.735, 45.6406], [29.724, 45.6674], [29.7053, 45.6884], [29.6826, 45.6968], [29.6792, 45.7515], [29.6939, 45.7813], [29.6428, 45.8272], [29.6336, 45.8214], [29.6346, 45.8066], [29.6519, 45.789], [29.6239, 45.7515], [29.6253, 45.7283], [29.6375, 45.7099], [29.6032, 45.6913], [29.5994, 45.6044], [29.5897, 45.5591], [29.6484, 45.5454], [29.6668, 45.5482], [29.707, 45.5733], [29.6616, 45.5259], [29.638, 45.5139], [29.6267, 45.4951], [29.6052, 45.487], [29.6057, 45.4782], [29.6211, 45.4544], [29.6408, 45.4418], [29.6519, 45.443], [29.656, 45.4742], [29.6724, 45.4771], [29.6753, 45.4496], [29.7022, 45.4566], [29.7132, 45.4362], [29.7323, 45.4757], [29.7546, 45.4473], [29.7559, 45.4279], [29.7478, 45.4143], [29.7277, 45.4157], [29.7502, 45.3858], [29.7549, 45.3127], [29.7297, 45.2581], [29.7297, 45.2377], [29.7088, 45.2233], [29.659, 45.2159], [29.6665, 45.2306], [29.6593, 45.2442], [29.6723, 45.2729], [29.6671, 45.3119], [29.6503, 45.3461], [29.5697, 45.395], [29.4306, 45.4304], [29.3221, 45.4438], [29.2818, 45.4223], [29.2282, 45.4237], [29.1916, 45.4062], [29.1743, 45.389], [29.1501, 45.3879], [29.1275, 45.3745], [29.0695, 45.3608], [29.0046, 45.3261], [28.9737, 45.3237], [28.9604, 45.3113], [28.9528, 45.2851], [28.9299, 45.2791], [28.8809, 45.3062], [28.8318, 45.3223], [28.7897, 45.3214], [28.7902, 45.2921], [28.7615, 45.2818], [28.7597, 45.2742], [28.7673, 45.2578], [28.8027, 45.2442], [28.7787, 45.2311], [28.7101, 45.227], [28.577, 45.2481], [28.4942, 45.2789], [28.3533, 45.3124], [28.3302, 45.3229], [28.3108, 45.3478], [28.2812, 45.4018], [28.2864, 45.4217], [28.2669, 45.4405], [28.2376, 45.4521], [28.2129, 45.4502]]], [[[29.9187, 45.6907], [30.0757, 45.7924], [30.126, 45.8115], [29.9081, 45.6664], [29.8075, 45.6143], [29.731, 45.5914], [29.8014, 45.6219], [29.8148, 45.6411], [29.8567, 45.6491], [29.9187, 45.6907]]]]}}, {"type": "Feature", "properties": {"osm_type": "relation", "osm_id": 90726, "name": "Vinnytsia Oblast", "admin_level": "4", "iso": "UA-05", "parent_iso": "UA", "parent_osm_id": 60199}, "geometry": {"type": "Polygon", "coordinates": [[[27.627, 48.4513], [27.6069, 48.4578], [27.6048, 48.4841], [27.5038, 48.4724], [27.4584, 48.5773], [27.4382, 48.6025], [27.4097, 48.6207], [27.3704, 48.6297], [27.3993, 48.7085], [27.3962, 48.7609], [27.4261, 48.7737], [27.4032, 48.8152], [27.3988, 48.8764], [27.372, 48.935], [27.3984, 48.957], [27.3802, 48.9868], [27.3949, 49.0175], [27.4309, 49.0393], [27.4448, 49.0643], [27.4707, 49.0759], [27.4769, 49.0983], [27.5005, 49.1261], [27.5737, 49.1225], [27.6157, 49.1599], [27.7726, 49.1164], [27.8106, 49.1418], [27.8877, 49.1588], [27.8792, 49.2066], [27.8553, 49.2416], [27.8773, 49.2769], [27.8521, 49.3049], [27.8515, 49.3308], [27.8192, 49.3412], [27.8033, 49.379], [27.844, 49.3961], [27.8395, 49.4163], [27.826, 49.4299], [27.7431, 49.4365], [27.7396, 49.4513], [27.7635, 49.4696], [27.7293, 49.4886], [27.7243, 49.4999], [27.7321, 49.5262], [27.7678, 49.5243], [27.7843, 49.5361], [27.786, 49.5461], [27.7672, 49.5666], [27.8156, 49.6309], [27.801, 49.6519], [27.7515, 49.6735], [27.7622, 49.6998], [27.8144, 49.704], [27.8366, 49.7257], [27.8134, 49.741], [27.8501, 49.7451], [27.868, 49.7601], [27.9568, 49.7672], [28.0254, 49.7604], [28.2675, 49.7882], [28.3534, 49.7715], [28.3905, 49.7771], [28.4167, 49.8041], [28.4309, 49.8078], [28.519, 49.8073], [28.571, 49.7867], [28.6295, 49.801], [28.7202, 49.794], [28.7539, 49.8349], [28.8033, 49.8523], [28.8354, 49.8814], [28.9096, 49.8724], [28.91, 49.8565], [28.9397, 49.8311], [28.9423, 49.788], [28.9673, 49.7567], [29.0045, 49.7342], [28.9474, 49.6785], [28.9718, 49.6622], [28.9957, 49.6291], [28.9788, 49.6038], [28.9929, 49.5933], [29.1324, 49.582], [29.2643, 49.5845], [29.2818, 49.6116], [29.3627, 49.6189], [29.4223, 49.6513], [29.5107, 49.6403], [29.5136, 49.6259], [29.4972, 49.6004], [29.4963, 49.5728], [29.5161, 49.5517], [29.5653, 49.5325], [29.5662, 49.5084], [29.54, 49.4878], [29.5662, 49.4509], [29.5698, 49.4306], [29.5645, 49.415], [29.5049, 49.3863], [29.4998, 49.3657], [29.5315, 49.3177], [29.5936, 49.3037], [29.642, 49.2451], [29.6877, 49.2412], [29.6972, 49.2273], [29.6747, 49.2025], [29.6991, 49.1929], [29.7121, 49.1779], [29.7011, 49.1615], [29.7072, 49.1317], [29.6749, 49.1146], [29.6741, 49.0885], [29.6095, 49.0621], [29.5947, 49.0451], [29.5948, 49.027], [29.6122, 49.0146], [29.6549, 49.0119], [29.6708, 49.0014], [29.6727, 48.9835], [29.653, 48.9746], [29.6359, 48.947], [29.6719, 48.9288], [29.703, 48.9252], [29.7161, 48.9144], [29.7224, 48.897], [29.7003, 48.8804], [29.7036, 48.8675], [29.7163, 48.8545], [29.7453, 48.8485], [29.7725, 48.7693], [29.8463, 48.7648], [29.884, 48.7433], [29.8856, 48.734], [29.8575, 48.7177], [29.8591, 48.6983], [29.9582, 48.6553], [29.9636, 48.6099], [30.0006, 48.5711], [30.0217, 48.5336], [30.0122, 48.5154], [29.9952, 48.5088], [29.9826, 48.4892], [29.9588, 48.4736], [29.9579, 48.4593], [30.0369, 48.4738], [30.0761, 48.4551], [30.0388, 48.4277], [29.9981, 48.4221], [29.9582, 48.3836], [29.9401, 48.3756], [29.9176, 48.4125], [29.917, 48.4283], [29.8834, 48.4326], [29.783, 48.3569], [29.7754, 48.3169], [29.7382, 48.2701], [29.7836, 48.2537], [29.7867, 48.2283], [29.7748, 48.2031], [29.7172, 48.1817], [29.6825, 48.1821], [29.6666, 48.1731], [29.6982, 48.1317], [29.675, 48.0903], [29.5104, 48.0904], [29.4497, 48.1135], [29.3384, 48.0862], [29.2463, 48.0845], [29.1699, 48.1057], [29.1096, 48.141], [29.0862, 48.1457], [29.0424, 48.1316], [29.0461, 48.0831], [28.9642, 48.0358], [28.8621, 48.0005], [28.8325, 48.0248], [28.8276, 48.057], [28.8059, 48.1038], [28.7712, 48.1245], [28.6656, 48.1293], [28.5736, 48.155], [28.5416, 48.156], [28.5193, 48.1491], [28.5011, 48.1128], [28.49, 48.0655], [28.4796, 48.0649], [28.4474, 48.0828], [28.419, 48.1222], [28.4357, 48.1347], [28.4369, 48.1499], [28.4116, 48.1707], [28.3886, 48.1686], [28.3496, 48.1297], [28.3286, 48.127], [28.3174, 48.1354], [28.3222, 48.1632], [28.3634, 48.191], [28.3682, 48.2306], [28.3577, 48.2386], [28.2945, 48.2365], [28.217, 48.2081], [28.1894, 48.2231], [28.1785, 48.2589], [28.1311, 48.2396], [28.0933, 48.2374], [28.0787, 48.2449], [28.0983, 48.2841], [28.0928, 48.3021], [28.0764, 48.3149], [27.9264, 48.3394], [27.8499, 48.4096], [27.7518, 48.452], [27.627, 48.4513]]]}}, {"type": "Feature", "properties": {"osm_type": "relation", "osm_id": 72380, "name": "Lviv Oblast", "admin_level": "4", "iso": "UA-46", "parent_iso": "UA", "parent_osm_id": 60199}, "geometry": {"type": "Polygon", "coordinates": [[[22.6878, 49.1559], [22.6817, 49.1612], [22.7378, 49.2754], [22.7198, 49.383], [22.6796, 49.4189], [22.6669, 49.4784], [22.6409, 49.5288], [22.6658, 49.5674], [22.7417, 49.6337], [22.7662, 49.6742], [22.8266, 49.6974], [22.8882, 49.7697], [22.9331, 49.7911], [22.9512, 49.8266], [22.993, 49.8544], [23.1015, 49.9571], [23.1778, 50.004], [23.2079, 50.0339], [23.4364, 50.1935], [23.5653, 50.2578], [23.6442, 50.3127], [23.6822, 50.3682], [23.6957, 50.3768], [23.7475, 50.3894], [23.9287, 50.3908], [23.9813, 50.4048], [24.0078, 50.4485], [24.0107, 50.4928], [24.075, 50.5143], [24.1065, 50.5386], [24.0853, 50.6044], [24.1259, 50.6418], [24.1647, 50.6402], [24.1709, 50.6215], [24.1943, 50.6139], [24.2179, 50.5892], [24.2589, 50.5756], [24.2589, 50.583], [24.3214, 50.5926], [24.3585, 50.6097], [24.3976, 50.5889], [24.4054, 50.5674], [24.4343, 50.549], [24.5008, 50.5455], [24.5357, 50.5183], [24.5354, 50.5001], [24.5132, 50.4867], [24.4634, 50.4788], [24.4504, 50.4698], [24.5038, 50.4358], [24.5086, 50.4079], [24.5418, 50.4109], [24.5469, 50.433], [24.5582, 50.4385], [24.5835, 50.4188], [24.6342, 50.4134], [24.6394, 50.3974], [24.6985, 50.3702], [24.7131, 50.3455], [24.7877, 50.3414], [24.8484, 50.3549], [24.924, 50.3495], [24.9319, 50.3702], [25.0039, 50.3457], [25.0537, 50.3448], [25.0638, 50.3345], [25.0635, 50.2948], [25.07, 50.2846], [25.1162, 50.2801], [25.1634, 50.2944], [25.1957, 50.288], [25.2075, 50.2501], [25.165, 50.2172], [25.1926, 50.187], [25.184, 50.1401], [25.1932, 50.1027], [25.2959, 50.0413], [25.3676, 50.0131], [25.3727, 49.9965], [25.4072, 49.9774], [25.4336, 49.9454], [25.4276, 49.9351], [25.3932, 49.927], [25.3875, 49.914], [25.3963, 49.8895], [25.376, 49.8725], [25.24, 49.835], [25.0931, 49.8157], [25.078, 49.7799], [25.1068, 49.7443], [25.1013, 49.7253], [25.0667, 49.7113], [25.0216, 49.7176], [24.9482, 49.6272], [24.7752, 49.5634], [24.7334, 49.5603], [24.7198, 49.5103], [24.707, 49.4918], [24.6498, 49.4971], [24.5846, 49.524], [24.4966, 49.5116], [24.4332, 49.5121], [24.4133, 49.4834], [24.4265, 49.4495], [24.3833, 49.3938], [24.4215, 49.3768], [24.4232, 49.3664], [24.3696, 49.3261], [24.2908, 49.3139], [24.2819, 49.301], [24.2865, 49.2898], [24.2998, 49.2852], [24.3396, 49.3036], [24.3629, 49.2974], [24.3663, 49.2876], [24.3542, 49.2689], [24.3569, 49.241], [24.387, 49.2319], [24.4177, 49.2352], [24.4462, 49.2085], [24.4349, 49.1902], [24.4057, 49.1804], [24.3555, 49.1815], [24.2634, 49.1523], [24.2052, 49.1489], [24.1582, 49.135], [24.0788, 49.1451], [24.0033, 49.1164], [23.9557, 49.128], [23.9057, 49.1072], [23.7548, 49.1149], [23.6936, 49.0946], [23.6416, 49.0108], [23.5765, 48.9686], [23.5484, 48.8849], [23.5701, 48.8566], [23.5753, 48.8339], [23.5329, 48.7237], [23.4985, 48.7312], [23.4458, 48.7267], [23.3857, 48.7343], [23.3749, 48.7396], [23.3657, 48.7643], [23.3505, 48.772], [23.3085, 48.7502], [23.2982, 48.7812], [23.2576, 48.7722], [23.2016, 48.7771], [23.1798, 48.7903], [23.1376, 48.8522], [23.1123, 48.8701], [23.0203, 48.8553], [22.9821, 48.859], [22.9612, 48.8843], [22.8954, 48.9293], [22.8893, 48.9588], [22.9013, 48.9914], [22.865, 49.0132], [22.8475, 49.0337], [22.8444, 49.0567], [22.8534, 49.0848], [22.7781, 49.1203], [22.7057, 49.1688], [22.6878, 49.1559]]]}}, {"type": "Feature", "properties": {"osm_type": "relation", "osm_id": 71250, "name": "Sumy Oblast", "admin_level": "4", "iso": "UA-59", "parent_iso": "UA", "parent_osm_id": 60199}, "geometry": {"type": "Polygon", "coordinates": [[[33.7336, 52.361], [33.8041, 52.3546], [33.8391, 52.3139], [33.9007, 52.2859], [33.9578, 52.2247], [34.0219, 52.1979], [34.0557, 52.1703], [34.0736, 52.1396], [34.0739, 52.1283], [34.0567, 52.1058], [34.0626, 52.0502], [34.0682, 52.031], [34.1011, 51.9925], [34.1044, 51.9753], [34.0962, 51.9518], [34.1462, 51.9516], [34.2284, 51.8993], [34.2342, 51.8783], [34.2767, 51.8812], [34.2946, 51.8739], [34.3857, 51.8177], [34.4127, 51.7777], [34.4142, 51.7365], [34.3763, 51.7086], [34.2982, 51.7061], [34.128, 51.6807], [34.0891, 51.6666], [34.0795, 51.6431], [34.0907, 51.6332], [34.1401, 51.6212], [34.153, 51.584], [34.2024, 51.5462], [34.2237, 51.5148], [34.226, 51.4929], [34.2121, 51.455], [34.2171, 51.4171], [34.187, 51.4083], [34.1859, 51.3942], [34.2473, 51.3634], [34.2803, 51.3613], [34.3002, 51.3684], [34.3087, 51.3346], [34.2836, 51.3012], [34.2439, 51.2741], [34.186, 51.2489], [34.2818, 51.2264], [34.337, 51.2511], [34.3718, 51.2568], [34.5135, 51.2296], [34.6084, 51.234], [34.6224, 51.2248], [34.6428, 51.1806], [34.6749, 51.1677], [34.7481, 51.1647], [34.8175, 51.1747], [34.9461, 51.2143], [34.9994, 51.2021], [35.0594, 51.2123], [35.0787, 51.2076], [35.0992, 51.1832], [35.1238, 51.0913], [35.1436, 51.0585], [35.1726, 51.0406], [35.3087, 51.0473], [35.3464, 51.0366], [35.3551, 51.0256], [35.3467, 51.0083], [35.3326, 50.9999], [35.2781, 50.9927], [35.2822, 50.9543], [35.2936, 50.9376], [35.3291, 50.9291], [35.3417, 50.9159], [35.3414, 50.8765], [35.3777, 50.8337], [35.3791, 50.7972], [35.4385, 50.7624], [35.4471, 50.7343], [35.4454, 50.6875], [35.4689, 50.6685], [35.3916, 50.6464], [35.3762, 50.6346], [35.4253, 50.5005], [35.4464, 50.476], [35.5408, 50.45], [35.5547, 50.4333], [35.5702, 50.3765], [35.5922, 50.3605], [35.6521, 50.3411], [35.6922, 50.3442], [35.6843, 50.327], [35.6625, 50.3187], [35.5955, 50.3259], [35.5325, 50.3173], [35.5007, 50.3215], [35.4963, 50.3151], [35.5075, 50.3038], [35.5025, 50.3003], [35.4029, 50.3337], [35.3933, 50.3296], [35.3854, 50.2936], [35.3365, 50.3053], [35.3208, 50.302], [35.3059, 50.2896], [35.3089, 50.2764], [35.2597, 50.275], [35.2496, 50.2645], [35.2547, 50.2442], [35.2418, 50.2361], [35.1947, 50.2323], [35.1279, 50.2432], [35.093, 50.2085], [35.0672, 50.215], [35.0513, 50.2095], [35.0376, 50.1985], [35.0303, 50.1718], [34.9753, 50.192], [34.9509, 50.1622], [34.9082, 50.146], [34.8143, 50.1596], [34.7394, 50.1382], [34.7049, 50.1509], [34.6694, 50.1155], [34.5363, 50.1244], [34.4779, 50.1072], [34.4569, 50.1422], [34.4595, 50.1596], [34.4995, 50.1713], [34.5058, 50.1975], [34.4587, 50.2257], [34.4365, 50.2486], [34.4263, 50.272], [34.4032, 50.2735], [34.3867, 50.2627], [34.3691, 50.273], [34.3622, 50.3134], [34.3774, 50.346], [34.3597, 50.3658], [34.3161, 50.3898], [34.2585, 50.4357], [34.2503, 50.4555], [34.2525, 50.5296], [34.2458, 50.5346], [34.2065, 50.5422], [34.1952, 50.5307], [34.1217, 50.5138], [34.1136, 50.4937], [34.0705, 50.4947], [34.0549, 50.4707], [33.971, 50.4934], [33.9131, 50.5303], [33.8982, 50.5326], [33.8062, 50.5074], [33.8059, 50.5009], [33.8416, 50.4821], [33.7478, 50.4702], [33.7306, 50.4617], [33.645, 50.4855], [33.3401, 50.5252], [33.2848, 50.546], [33.2336, 50.5403], [33.206, 50.5183], [33.194, 50.5173], [33.0981, 50.5245], [33.0615, 50.5384], [33.1047, 50.6252], [33.1029, 50.664], [33.1241, 50.6756], [33.1306, 50.7101], [33.167, 50.743], [33.1639, 50.7536], [33.1251, 50.7769], [33.1225, 50.8135], [33.1475, 50.8812], [33.1708, 50.8959], [33.1839, 50.9176], [33.185, 50.9675], [33.158, 50.9851], [33.1555, 50.9974], [33.2069, 51.0484], [33.1733, 51.0601], [33.1419, 51.0256], [33.0839, 51.0324], [33.044, 51.0492], [33.0648, 51.0663], [33.0586, 51.078], [33.0212, 51.076], [32.9395, 51.0973], [32.9704, 51.1398], [32.9633, 51.1783], [33.0235, 51.1951], [33.0333, 51.2335], [33.0702, 51.2489], [33.0642, 51.269], [33.0732, 51.2884], [33.0494, 51.3073], [33.0552, 51.336], [33.0227, 51.3442], [33.0016, 51.3812], [33.021, 51.3968], [33.0356, 51.3928], [33.0611, 51.3678], [33.1152, 51.3745], [33.123, 51.3842], [33.1206, 51.4086], [33.1309, 51.4215], [33.1082, 51.4558], [33.1117, 51.4676], [33.1309, 51.4798], [33.1227, 51.5103], [33.166, 51.4986], [33.1869, 51.5159], [33.1526, 51.5463], [33.1535, 51.5651], [33.1819, 51.5767], [33.1623, 51.5945], [33.1565, 51.6389], [33.1349, 51.6578], [33.1532, 51.6931], [33.0916, 51.7336], [33.062, 51.7929], [33.0889, 51.8357], [33.1215, 51.8508], [33.1425, 51.8806], [33.1677, 51.8846], [33.1607, 51.9042], [33.2251, 51.9057], [33.2868, 51.933], [33.3663, 51.9467], [33.3771, 51.9585], [33.3746, 51.969], [33.3528, 51.9882], [33.3729, 52.0098], [33.3793, 52.0569], [33.3883, 52.0581], [33.4017, 52.0454], [33.4436, 52.0454], [33.4709, 52.0517], [33.4831, 52.0666], [33.4847, 52.0849], [33.444, 52.089], [33.3787, 52.14], [33.3259, 52.1529], [33.3178, 52.2098], [33.3231, 52.2217], [33.3594, 52.2483], [33.3663, 52.2819], [33.3841, 52.3004], [33.4006, 52.3443], [33.4373, 52.3392], [33.4805, 52.3578], [33.4994, 52.341], [33.493, 52.3031], [33.5101, 52.2875], [33.5317, 52.2888], [33.6002, 52.3308], [33.6879, 52.3558], [33.7336, 52.361]]]}}, {"type": "Feature", "properties": {"osm_type": "relation", "osm_id": 71254, "name": "Kharkiv Oblast", "admin_level": "4", "iso": "UA-63", "parent_iso": "UA", "parent_osm_id": 60199}, "geometry": {"type": "Polygon", "coordinates": [[[37.4152, 50.4319], [37.4353, 50.4249], [37.48, 50.34], [37.5682, 50.3125], [37.5992, 50.2909], [37.6016, 50.249], [37.5903, 50.2038], [37.6318, 50.1741], [37.7276, 50.0787], [37.8428, 50.0391], [37.9159, 50.0033], [37.979, 49.9414], [37.9953, 49.9213], [38.0004, 49.8998], [38.0229, 49.9091], [38.046, 49.8666], [38.0809, 49.8463], [38.0, 49.8226], [38.0016, 49.8122], [38.0452, 49.7848], [38.0197, 49.7718], [38.0048, 49.7505], [37.9687, 49.7527], [37.94, 49.7269], [37.946, 49.7148], [37.9829, 49.7224], [37.9983, 49.7155], [38.0003, 49.6565], [37.9637, 49.6095], [37.9445, 49.5968], [37.9632, 49.5665], [37.9532, 49.556], [37.9632, 49.5201], [37.9287, 49.4997], [37.9105, 49.4547], [37.8759, 49.4425], [37.8607, 49.4227], [37.8857, 49.3901], [37.8851, 49.3131], [37.9226, 49.3047], [37.9296, 49.2962], [37.9261, 49.2839], [37.8982, 49.2583], [37.8473, 49.2317], [37.8338, 49.2075], [37.7712, 49.2044], [37.6431, 49.2283], [37.541, 49.2252], [37.5049, 49.184], [37.5902, 49.1753], [37.6096, 49.1502], [37.3694, 49.0494], [37.3488, 49.0156], [37.3143, 49.0029], [37.2918, 48.9799], [37.3059, 48.9636], [37.303, 48.948], [37.3143, 48.9265], [37.2659, 48.9178], [37.2209, 48.8976], [37.204, 48.8732], [37.1807, 48.8613], [37.1771, 48.8283], [37.1341, 48.8222], [37.1052, 48.8406], [37.0887, 48.8424], [37.0744, 48.8358], [37.0628, 48.8116], [37.0185, 48.8137], [36.9981, 48.7914], [37.0336, 48.7716], [37.0238, 48.7589], [36.8909, 48.8009], [36.8609, 48.7954], [36.8204, 48.7724], [36.7017, 48.7882], [36.6905, 48.7693], [36.7093, 48.7144], [36.7109, 48.6496], [36.7254, 48.6259], [36.6673, 48.621], [36.6311, 48.6033], [36.595, 48.6016], [36.5014, 48.6429], [36.471, 48.6459], [36.3824, 48.5805], [36.3645, 48.5585], [36.3772, 48.5491], [36.3748, 48.5416], [36.3493, 48.5313], [36.3197, 48.5415], [36.2888, 48.527], [36.274, 48.541], [36.3076, 48.5699], [36.2675, 48.5978], [36.2857, 48.6341], [36.1328, 48.7237], [36.1374, 48.7377], [36.1707, 48.7577], [36.1637, 48.7673], [36.0793, 48.8145], [36.0721, 48.8291], [36.0053, 48.8534], [35.962, 48.8549], [36.0036, 48.8788], [36.022, 48.9001], [35.9932, 48.9257], [35.9887, 48.9437], [35.9525, 48.9687], [35.9307, 48.9764], [35.7944, 48.9342], [35.7111, 48.9536], [35.6792, 48.948], [35.649, 48.9594], [35.6192, 48.9587], [35.5792, 48.9758], [35.4625, 48.9749], [35.4205, 49.0002], [35.3613, 49.022], [35.1698, 49.1472], [34.9839, 49.1637], [34.9897, 49.1775], [34.9833, 49.2003], [34.953, 49.2474], [34.9729, 49.2806], [35.0334, 49.3202], [35.0902, 49.2972], [35.1885, 49.292], [35.2791, 49.3198], [35.3606, 49.392], [35.3492, 49.4108], [35.3514, 49.4266], [35.3306, 49.4347], [35.3165, 49.455], [35.3197, 49.4805], [35.3568, 49.4908], [35.4249, 49.481], [35.4383, 49.4915], [35.4645, 49.4944], [35.4648, 49.507], [35.3962, 49.5407], [35.3906, 49.5506], [35.4751, 49.5604], [35.4135, 49.6505], [35.4282, 49.6639], [35.4237, 49.6838], [35.3813, 49.6881], [35.3598, 49.6684], [35.3417, 49.6694], [35.2862, 49.681], [35.2769, 49.6962], [35.239, 49.7045], [35.2339, 49.7279], [35.1984, 49.7539], [35.1913, 49.7747], [35.1911, 49.832], [35.1663, 49.8512], [35.1483, 49.8553], [35.103, 49.8477], [35.0407, 49.868], [35.0086, 49.8889], [34.9489, 49.8915], [34.8928, 49.9145], [34.864, 49.9423], [34.8415, 50.0], [34.9132, 50.0557], [34.9172, 50.1324], [34.9082, 50.146], [34.9509, 50.1622], [34.9701, 50.1894], [34.9794, 50.192], [35.0251, 50.1706], [35.0358, 50.1783], [35.0376, 50.1985], [35.0513, 50.2095], [35.0672, 50.215], [35.093, 50.2085], [35.1279, 50.2432], [35.206, 50.2317], [35.2498, 50.2385], [35.2547, 50.2476], [35.2496, 50.2645], [35.2597, 50.275], [35.3089, 50.2764], [35.3083, 50.2941], [35.3292, 50.3047], [35.3854, 50.2936], [35.3933, 50.3296], [35.4029, 50.3337], [35.5025, 50.3003], [35.5075, 50.3038], [35.4963, 50.3151], [35.5007, 50.3215], [35.5325, 50.3173], [35.5955, 50.3259], [35.671, 50.3199], [35.7377, 50.3816], [35.7744, 50.3869], [35.8054, 50.4122], [35.8374, 50.4232], [35.9319, 50.4302], [36.1058, 50.4211], [36.1332, 50.4116], [36.1408, 50.3929], [36.1693, 50.3837], [36.269, 50.2814], [36.3158, 50.2749], [36.388, 50.3064], [36.41, 50.3046], [36.5364, 50.2675], [36.5346, 50.2199], [36.5944, 50.2044], [36.6358, 50.214], [36.6826, 50.2607], [36.8486, 50.3237], [36.9141, 50.3391], [37.0517, 50.3353], [37.197, 50.3624], [37.2852, 50.4153], [37.4152, 50.4319]]]}}, {"type": "Feature", "properties": {"osm_type": "relation", "osm_id": 71971, "name": "Luhansk Oblast", "admin_level": "4", "iso": "UA-09", "parent_iso": "UA", "parent_osm_id": 60199}, "geometry": {"type": "Polygon", "coordinates": [[[38.1898, 50.0628], [38.2999, 50.0605], [38.3141, 50.0495], [38.356, 49.9806], [38.4201, 49.9718], [38.4975, 49.9482], [38.5702, 49.9566], [38.6195, 49.9508], [38.6646, 49.9652], [38.6756, 49.927], [38.6873, 49.9138], [38.7478, 49.8854], [38.8522, 49.8658], [38.9374, 49.8035], [39.0491, 49.8106], [39.1171, 49.8644], [39.1558, 49.8736], [39.1828, 49.8585], [39.238, 49.7651], [39.2609, 49.7445], [39.3277, 49.7263], [39.4436, 49.7495], [39.4991, 49.7281], [39.5575, 49.724], [39.5704, 49.7133], [39.5974, 49.648], [39.6229, 49.6135], [39.7292, 49.5808], [39.8015, 49.5422], [39.8894, 49.5533], [39.974, 49.6026], [39.9981, 49.6082], [40.1155, 49.5906], [40.1307, 49.5798], [40.1261, 49.5591], [40.0543, 49.5198], [40.0349, 49.4871], [40.0409, 49.4555], [40.062, 49.4258], [40.1595, 49.3336], [40.1427, 49.2819], [40.1417, 49.2458], [40.0909, 49.2173], [40.0384, 49.1685], [39.9521, 49.1245], [39.9309, 49.1006], [39.9187, 49.0478], [39.8913, 49.0418], [39.8315, 49.0453], [39.7489, 49.0262], [39.6983, 49.0284], [39.6811, 49.0203], [39.674, 48.9701], [39.726, 48.937], [39.7587, 48.8954], [39.8619, 48.8764], [39.9082, 48.8784], [39.9504, 48.8528], [40.0089, 48.8878], [40.0343, 48.8856], [40.0538, 48.8692], [40.0528, 48.8497], [40.0387, 48.83], [39.9753, 48.7897], [39.935, 48.7867], [39.8242, 48.8156], [39.7794, 48.8077], [39.7363, 48.7615], [39.7029, 48.7466], [39.6317, 48.5869], [39.6901, 48.5937], [39.8092, 48.5838], [39.8353, 48.5735], [39.8551, 48.5561], [39.8695, 48.5099], [39.8654, 48.5015], [39.8421, 48.4991], [39.8447, 48.4835], [39.8648, 48.4698], [39.9241, 48.3761], [39.8159, 48.3082], [39.8848, 48.279], [39.9574, 48.2934], [39.9789, 48.2901], [39.9932, 48.2732], [39.9907, 48.2537], [39.9776, 48.2355], [39.8937, 48.183], [39.8431, 48.1198], [39.8312, 48.1], [39.829, 48.0768], [39.843, 48.0364], [39.7788, 48.0292], [39.7599, 48.015], [39.7962, 47.9614], [39.777, 47.9137], [39.7829, 47.8866], [39.7756, 47.858], [39.7591, 47.8329], [39.7338, 47.816], [39.7008, 47.8115], [39.57, 47.8309], [39.5093, 47.8228], [39.4571, 47.8313], [39.3916, 47.8226], [39.3197, 47.846], [39.1332, 47.8295], [39.0929, 47.8321], [39.0362, 47.857], [39.0555, 47.9174], [39.0537, 47.9316], [39.0313, 47.9498], [39.0338, 47.992], [39.0271, 48.0066], [38.9337, 48.0211], [38.8623, 48.0201], [38.8401, 48.028], [38.8002, 48.0567], [38.8227, 48.0943], [38.814, 48.1114], [38.6037, 48.1791], [38.6072, 48.207], [38.5663, 48.2776], [38.4609, 48.2724], [38.4236, 48.2856], [38.4098, 48.3241], [38.4713, 48.3361], [38.482, 48.3476], [38.4806, 48.3576], [38.457, 48.3856], [38.4261, 48.4049], [38.3991, 48.4423], [38.3701, 48.4318], [38.3102, 48.45], [38.302, 48.4664], [38.3139, 48.5206], [38.2601, 48.5443], [38.27, 48.5736], [38.2537, 48.6055], [38.2489, 48.6674], [38.3001, 48.7111], [38.3065, 48.7254], [38.2664, 48.7327], [38.2697, 48.7488], [38.2966, 48.7831], [38.2795, 48.8183], [38.2795, 48.8392], [38.2311, 48.8543], [38.2101, 48.9239], [38.0578, 48.9371], [38.01, 48.9543], [38.0159, 48.9716], [38.0405, 48.9753], [38.0448, 48.9874], [38.0699, 48.9903], [38.0773, 48.9982], [38.041, 49.07], [38.0621, 49.0906], [38.0705, 49.1481], [38.0207, 49.1523], [37.9713, 49.1315], [37.8953, 49.1563], [37.8837, 49.1641], [37.8913, 49.1845], [37.9308, 49.1913], [37.9336, 49.1996], [37.895, 49.2081], [37.8681, 49.2276], [37.8473, 49.2317], [37.8982, 49.2583], [37.9291, 49.2909], [37.9187, 49.307], [37.8851, 49.3131], [37.8857, 49.3901], [37.8607, 49.4227], [37.8759, 49.4425], [37.9105, 49.4547], [37.9287, 49.4997], [37.9632, 49.5201], [37.9532, 49.551], [37.9632, 49.5665], [37.9445, 49.5968], [37.9684, 49.6146], [38.0011, 49.6606], [37.9983, 49.7155], [37.9829, 49.7224], [37.946, 49.7148], [37.94, 49.7269], [37.9687, 49.7527], [38.0048, 49.7505], [38.0197, 49.7718], [38.0452, 49.7848], [38.0016, 49.8122], [38.0, 49.8226], [38.0801, 49.8431], [38.0435, 49.8694], [38.0229, 49.9091], [38.0792, 49.9299], [38.119, 49.9192], [38.1662, 49.9406], [38.1713, 49.9841], [38.1641, 50.0304], [38.1739, 50.0602], [38.1898, 50.0628]]]}}, {"type": "Feature", "properties": {"osm_type": "relation", "osm_id": 71973, "name": "Donetsk Oblast", "admin_level": "4", "iso": "UA-14", "parent_iso": "UA", "parent_osm_id": 60199}, "geometry": {"type": "Polygon", "coordinates": [[[39.0362, 47.857], [38.8772, 47.8612], [38.8309, 47.8482], [38.7962, 47.8199], [38.771, 47.7808], [38.7345, 47.6771], [38.6622, 47.6833], [38.5876, 47.6343], [38.5622, 47.6266], [38.3529, 47.6071], [38.319, 47.5913], [38.2934, 47.5628], [38.2603, 47.4929], [38.2636, 47.4217], [38.258, 47.3932], [38.2034, 47.3346], [38.1887, 47.301], [38.201, 47.2906], [38.2919, 47.287], [38.3009, 47.276], [38.2982, 47.256], [38.2847, 47.2411], [38.2225, 47.2152], [38.2035, 47.1923], [38.197, 47.1624], [38.2014, 47.1307], [38.2166, 47.1033], [38.1423, 47.0377], [38.1081, 47.0264], [38.1304, 47.0584], [38.1301, 47.0747], [38.0715, 47.0998], [38.0262, 47.0816], [37.9621, 47.0959], [37.9504, 47.0913], [37.8611, 47.1015], [37.7533, 47.0753], [37.7103, 47.0742], [37.5807, 47.0904], [37.5464, 47.0816], [37.4829, 47.036], [37.3352, 46.8825], [37.313, 46.8756], [37.3174, 46.9008], [37.2954, 46.9202], [37.2271, 46.937], [37.1623, 46.9091], [37.0378, 46.8767], [37.0096, 46.9148], [37.0096, 46.9268], [37.057, 46.9595], [37.0912, 46.955], [37.1145, 46.9657], [37.1145, 46.9758], [37.0937, 47.0], [37.1197, 47.0202], [37.1185, 47.0282], [37.0708, 47.0575], [37.0491, 47.0448], [37.011, 47.0656], [36.9908, 47.1062], [36.9625, 47.1397], [36.889, 47.1661], [36.8565, 47.1937], [36.9387, 47.209], [36.9362, 47.2482], [36.914, 47.2836], [36.9194, 47.3013], [36.9365, 47.3051], [36.9891, 47.2886], [37.0289, 47.2876], [37.0724, 47.3006], [37.0767, 47.3264], [37.1002, 47.3627], [37.1145, 47.3715], [37.1399, 47.3686], [37.1637, 47.3459], [37.1824, 47.3531], [37.1846, 47.3879], [37.2209, 47.4553], [37.1522, 47.4639], [37.1287, 47.4512], [36.9954, 47.5475], [36.9442, 47.5704], [36.9307, 47.571], [36.8933, 47.5509], [36.7979, 47.6102], [36.7521, 47.6017], [36.7524, 47.6339], [36.7273, 47.6405], [36.72, 47.6578], [36.7473, 47.6749], [36.7031, 47.6908], [36.6614, 47.7571], [36.653, 47.7878], [36.5837, 47.7914], [36.5695, 47.8674], [36.5313, 47.8874], [36.5417, 47.9103], [36.6339, 47.9217], [36.6134, 47.957], [36.5766, 47.9707], [36.5751, 48.0582], [36.5847, 48.0764], [36.6651, 48.0881], [36.7237, 48.0756], [36.7506, 48.0526], [36.839, 48.0345], [36.8926, 48.0676], [36.8719, 48.1674], [36.9051, 48.1809], [36.9272, 48.2015], [36.904, 48.2977], [36.8695, 48.3054], [36.8586, 48.3183], [36.82, 48.3144], [36.8118, 48.3257], [36.819, 48.3574], [36.8089, 48.4131], [36.8472, 48.434], [36.835, 48.4455], [36.8355, 48.4763], [36.8586, 48.4927], [36.8542, 48.5165], [36.891, 48.534], [36.8874, 48.5736], [36.8682, 48.5824], [36.8192, 48.5782], [36.7951, 48.5348], [36.7485, 48.5309], [36.7493, 48.564], [36.79, 48.6012], [36.7321, 48.6061], [36.7109, 48.6496], [36.7093, 48.7144], [36.69, 48.7775], [36.7017, 48.7882], [36.7183, 48.7893], [36.7729, 48.7745], [36.8204, 48.7724], [36.8609, 48.7954], [36.8909, 48.8009], [37.0238, 48.7589], [37.0336, 48.7716], [36.9981, 48.7914], [37.0185, 48.8137], [37.0628, 48.8116], [37.0744, 48.8358], [37.0887, 48.8424], [37.1052, 48.8406], [37.1341, 48.8222], [37.1771, 48.8283], [37.1807, 48.8613], [37.204, 48.8732], [37.2209, 48.8976], [37.2659, 48.9178], [37.3143, 48.9265], [37.303, 48.948], [37.3059, 48.9636], [37.2918, 48.9799], [37.3143, 49.0029], [37.3488, 49.0156], [37.3694, 49.0494], [37.6096, 49.1502], [37.5902, 49.1753], [37.5049, 49.184], [37.5469, 49.2272], [37.6431, 49.2283], [37.7712, 49.2044], [37.8338, 49.2075], [37.8473, 49.2317], [37.8588, 49.2309], [37.895, 49.2081], [37.9336, 49.1996], [37.9308, 49.1913], [37.8913, 49.1845], [37.8837, 49.1641], [37.8953, 49.1563], [37.9713, 49.1315], [38.0159, 49.1514], [38.0668, 49.1501], [38.0621, 49.0906], [38.041, 49.07], [38.0773, 48.9982], [38.0699, 48.9903], [38.0448, 48.9874], [38.0405, 48.9753], [38.0159, 48.9716], [38.0081, 48.9573], [38.0578, 48.9371], [38.2101, 48.9239], [38.2311, 48.8543], [38.2795, 48.8392], [38.2795, 48.8183], [38.2966, 48.7831], [38.2697, 48.7488], [38.2664, 48.7327], [38.3065, 48.7254], [38.3001, 48.7111], [38.2489, 48.6674], [38.2537, 48.6055], [38.27, 48.5736], [38.2601, 48.5443], [38.3139, 48.5206], [38.302, 48.4664], [38.3102, 48.45], [38.3701, 48.4318], [38.3991, 48.4423], [38.4261, 48.4049], [38.457, 48.3856], [38.4806, 48.3576], [38.482, 48.3476], [38.4713, 48.3361], [38.4098, 48.3241], [38.4236, 48.2856], [38.4609, 48.2724], [38.5663, 48.2776], [38.6072, 48.207], [38.6037, 48.1791], [38.814, 48.1114], [38.8227, 48.0943], [38.8002, 48.0567], [38.8401, 48.028], [38.8623, 48.0201], [38.9337, 48.0211], [39.0271, 48.0066], [39.0338, 47.992], [39.0313, 47.9498], [39.0537, 47.9316], [39.0555, 47.9174], [39.0362, 47.857]]]}}, {"type": "Feature", "properties": {"osm_type": "relation", "osm_id": 72639, "name": "Autonomous Republic of Crimea", "admin_level": "4", "iso": "UA-43", "parent_iso": "UA", "parent_osm_id": 60199}, "geometry": {"type": "Polygon", "coordinates": [[[33.6285, 46.1249], [33.6604, 46.1482], [33.6715, 46.173], [33.6616, 46.2102], [33.6703, 46.2181], [33.7157, 46.1957], [33.7552, 46.1934], [33.8019, 46.2027], [33.8462, 46.1957], [34.0259, 46.1164], [34.1052, 46.0954], [34.1612, 46.0907], [34.2009, 46.1], [34.2359, 46.0977], [34.3013, 46.0697], [34.3339, 46.0697], [34.3619, 46.0557], [34.4109, 45.988], [34.4646, 45.9553], [34.5043, 45.9507], [34.53, 45.981], [34.6886, 45.974], [34.7633, 45.932], [34.7843, 45.8993], [34.789, 45.8037], [34.81, 45.785], [34.8707, 45.7733], [34.9523, 45.722], [34.9757, 45.7173], [35.0019, 45.729], [35.0444, 45.6701], [35.3322, 45.3712], [35.4807, 45.2978], [35.5178, 45.2955], [35.695, 45.3304], [35.716, 45.3406], [35.7433, 45.3611], [35.7529, 45.3864], [35.7674, 45.389], [35.7884, 45.4075], [35.804, 45.4492], [35.8333, 45.4709], [35.8577, 45.4694], [35.8469, 45.4263], [35.854, 45.414], [35.9466, 45.3721], [35.986, 45.3627], [36.0223, 45.3681], [36.0518, 45.3952], [36.0689, 45.43], [36.1179, 45.4571], [36.2525, 45.4615], [36.284, 45.4766], [36.3, 45.4733], [36.3074, 45.4609], [36.2988, 45.443], [36.3405, 45.4573], [36.4118, 45.4362], [36.4906, 45.443], [36.533, 45.4089], [36.5833, 45.4274], [36.6135, 45.4089], [36.6384, 45.3513], [36.6309, 45.3406], [36.5862, 45.3338], [36.5452, 45.3474], [36.5025, 45.3469], [36.4893, 45.3363], [36.4844, 45.3164], [36.4972, 45.3007], [36.4906, 45.2922], [36.4504, 45.2853], [36.4373, 45.272], [36.418, 45.2299], [36.4089, 45.1495], [36.4148, 45.1284], [36.4553, 45.0916], [36.4534, 45.0765], [36.4401, 45.0675], [36.3678, 45.0488], [36.2678, 45.0437], [36.2578, 45.039], [36.2443, 45.011], [36.2246, 45.0075], [36.136, 45.0214], [36.0791, 45.0464], [36.0791, 45.039], [36.0479, 45.0488], [35.9934, 44.998], [35.9168, 45.0014], [35.848, 44.9924], [35.8278, 44.9992], [35.813, 45.0316], [35.7832, 45.0575], [35.7064, 45.0947], [35.5906, 45.1199], [35.5062, 45.1135], [35.4696, 45.101], [35.4081, 45.0625], [35.3973, 45.0351], [35.4006, 45.0246], [35.4354, 45.011], [35.4354, 45.0048], [35.374, 44.998], [35.3622, 44.9866], [35.3672, 44.9433], [35.3193, 44.97], [35.2982, 44.9564], [35.2732, 44.967], [35.256, 44.9587], [35.2332, 44.9257], [35.2151, 44.9144], [35.1543, 44.9011], [35.1084, 44.8249], [35.0808, 44.7938], [35.0376, 44.7988], [35.0057, 44.8352], [34.986, 44.8403], [34.9421, 44.8403], [34.8899, 44.8181], [34.8572, 44.8237], [34.8265, 44.8118], [34.757, 44.8205], [34.721, 44.811], [34.6506, 44.7773], [34.5332, 44.7529], [34.5, 44.7426], [34.4753, 44.7236], [34.469, 44.7298], [34.3802, 44.6313], [34.3313, 44.5455], [34.271, 44.5455], [34.2429, 44.5075], [34.1825, 44.4928], [34.1475, 44.4499], [34.1026, 44.4251], [33.9378, 44.381], [33.8521, 44.4015], [33.8076, 44.3947], [33.73, 44.398], [33.7653, 44.406], [33.7663, 44.4178], [33.786, 44.4247], [33.8521, 44.4316], [33.8057, 44.5273], [33.7771, 44.5322], [33.7692, 44.5559], [33.7298, 44.5539], [33.713, 44.5816], [33.7505, 44.624], [33.709, 44.6664], [33.6252, 44.6614], [33.6114, 44.7206], [33.6893, 44.7542], [33.6745, 44.7916], [33.6173, 44.8163], [33.5808, 44.8193], [33.5705, 44.8525], [33.5983, 44.8593], [33.6092, 44.8717], [33.6196, 44.9315], [33.6056, 44.9875], [33.5852, 45.0185], [33.5625, 45.0939], [33.5374, 45.1174], [33.3965, 45.1898], [33.3552, 45.1857], [33.2596, 45.1561], [33.2401, 45.1796], [33.1736, 45.1966], [33.1233, 45.2379], [33.0985, 45.2481], [33.0786, 45.2717], [32.9406, 45.3425], [32.8993, 45.3542], [32.7285, 45.3611], [32.6631, 45.3201], [32.5915, 45.3201], [32.5129, 45.3406], [32.4816, 45.4089], [32.4951, 45.4355], [32.5252, 45.4582], [32.6436, 45.5217], [32.7048, 45.5311], [32.7578, 45.5646], [32.8279, 45.5624], [32.827, 45.5955], [32.8682, 45.6301], [32.9368, 45.6625], [33.1761, 45.7431], [33.181, 45.7552], [33.1592, 45.7685], [33.1692, 45.7844], [33.2302, 45.7509], [33.2654, 45.7538], [33.3743, 45.7965], [33.41, 45.8266], [33.4822, 45.8545], [33.5301, 45.8419], [33.5542, 45.8471], [33.5784, 45.8681], [33.6199, 45.8818], [33.6416, 45.876], [33.6589, 45.8593], [33.6917, 45.8607], [33.6935, 45.9145], [33.7087, 45.9097], [33.777, 45.9296], [33.7396, 45.9478], [33.6825, 45.9584], [33.6572, 45.9569], [33.632, 45.9444], [33.6199, 45.9508], [33.6468, 45.9797], [33.632, 45.9883], [33.6436, 46.015], [33.6279, 46.0678], [33.6484, 46.09], [33.6285, 46.1249]]]}}, {"type": "Feature", "properties": {"osm_type": "relation", "osm_id": 71022, "name": "Kherson Oblast", "admin_level": "4", "iso": "UA-65", "parent_iso": "UA", "parent_osm_id": 60199}, "geometry": {"type": "MultiPolygon", "coordinates": [[[[35.0019, 45.729], [34.9757, 45.7173], [34.9523, 45.722], [34.8707, 45.7733], [34.81, 45.785], [34.789, 45.8037], [34.7843, 45.8993], [34.7633, 45.932], [34.6886, 45.974], [34.53, 45.981], [34.5043, 45.9507], [34.4646, 45.9553], [34.4109, 45.988], [34.3619, 46.0557], [34.3339, 46.0697], [34.3013, 46.0697], [34.2359, 46.0977], [34.2009, 46.1], [34.1612, 46.0907], [34.0679, 46.1047], [33.9909, 46.1304], [33.8462, 46.1957], [33.8019, 46.2027], [33.7552, 46.1934], [33.7157, 46.1957], [33.6703, 46.2181], [33.6616, 46.2102], [33.6715, 46.173], [33.6604, 46.1482], [33.6285, 46.1249], [33.5965, 46.1557], [33.5498, 46.1364], [33.5325, 46.1215], [33.5313, 46.1069], [33.5579, 46.0947], [33.5579, 46.0873], [33.5056, 46.0803], [33.4958, 46.0679], [33.5163, 46.0463], [33.4238, 46.0533], [33.3578, 46.1038], [33.3311, 46.1075], [33.3108, 46.0873], [33.2903, 46.0947], [33.3177, 46.1197], [33.3157, 46.131], [33.2935, 46.1357], [33.2146, 46.1282], [33.2254, 46.1541], [33.2351, 46.2238], [33.2119, 46.2063], [33.1751, 46.1531], [33.1229, 46.1359], [33.0234, 46.1699], [33.0325, 46.141], [33.0182, 46.1277], [32.8993, 46.1152], [32.7663, 46.1357], [32.714, 46.1201], [32.5882, 46.1044], [32.5437, 46.0805], [32.5034, 46.0761], [32.2625, 46.1282], [32.242, 46.1767], [32.2609, 46.1886], [32.2693, 46.2046], [32.2131, 46.1931], [32.1287, 46.2097], [32.0501, 46.2661], [32.0181, 46.2575], [31.8858, 46.32], [31.8899, 46.2838], [31.8823, 46.2791], [31.8011, 46.2851], [31.7725, 46.3027], [31.7673, 46.3182], [31.78, 46.3318], [31.8167, 46.348], [31.8926, 46.3411], [31.9683, 46.3511], [32.0296, 46.389], [32.0619, 46.3938], [32.0078, 46.449], [31.9107, 46.4559], [31.8163, 46.483], [31.8517, 46.522], [31.9471, 46.5193], [32.0335, 46.5063], [32.1117, 46.5124], [32.2215, 46.4954], [32.2761, 46.4709], [32.361, 46.4669], [32.3997, 46.4783], [32.427, 46.4988], [32.4084, 46.5173], [32.4357, 46.5432], [32.5247, 46.5927], [32.5884, 46.6043], [32.6338, 46.6331], [32.6455, 46.6496], [32.5674, 46.6185], [32.5437, 46.6217], [32.409, 46.5689], [32.3358, 46.5622], [32.2693, 46.5876], [32.2482, 46.6074], [32.2109, 46.5876], [32.1699, 46.5808], [32.1463, 46.5602], [32.1321, 46.5703], [32.1179, 46.6069], [32.0396, 46.6235], [32.009, 46.6398], [31.9798, 46.6771], [31.9665, 46.727], [32.0167, 46.7262], [32.072, 46.7468], [32.1122, 46.7352], [32.1547, 46.7417], [32.1854, 46.7558], [32.2106, 46.7948], [32.2287, 46.8076], [32.2593, 46.8106], [32.3511, 46.7957], [32.3741, 46.8307], [32.3893, 46.8395], [32.4443, 46.8471], [32.4697, 46.8314], [32.5226, 46.8331], [32.535, 46.8442], [32.5426, 46.8742], [32.5929, 46.8598], [32.6407, 46.8596], [32.6795, 46.8465], [32.7086, 46.8238], [32.8283, 46.8279], [32.9408, 46.8619], [32.9039, 46.8701], [32.8265, 46.868], [32.8111, 46.8729], [32.807, 46.8823], [32.9243, 46.9027], [32.959, 46.925], [33.0102, 46.9362], [33.0143, 46.9433], [33.0055, 46.9502], [32.9571, 46.9536], [32.9512, 46.9857], [32.9749, 47.0002], [33.025, 46.9699], [33.0288, 46.9826], [33.0617, 47.0153], [33.0136, 47.0511], [32.956, 47.075], [32.9218, 47.0773], [32.915, 47.1035], [32.9762, 47.1868], [32.9983, 47.1767], [33.0359, 47.1779], [33.0839, 47.2089], [33.1206, 47.2024], [33.1361, 47.2243], [33.1051, 47.2724], [33.1239, 47.3273], [33.1206, 47.3494], [33.0963, 47.3849], [33.0427, 47.3901], [33.0261, 47.4087], [33.0589, 47.4522], [33.0851, 47.4153], [33.1151, 47.4145], [33.1301, 47.4226], [33.1203, 47.4452], [33.125, 47.4773], [33.1112, 47.5031], [33.1186, 47.5237], [33.0893, 47.548], [33.0893, 47.5829], [33.1654, 47.5685], [33.1934, 47.5539], [33.2834, 47.5393], [33.2932, 47.5357], [33.3067, 47.5108], [33.3394, 47.4951], [33.3551, 47.4993], [33.366, 47.5144], [33.4853, 47.5327], [33.4936, 47.541], [33.4943, 47.5642], [33.5629, 47.5754], [33.5888, 47.56], [33.5753, 47.5376], [33.5844, 47.5147], [33.6243, 47.5116], [33.6428, 47.4885], [33.7525, 47.491], [33.9018, 47.5145], [34.0582, 47.4807], [34.1575, 47.4739], [34.2037, 47.4784], [34.2903, 47.3021], [34.2984, 47.2721], [34.3536, 47.2808], [34.3891, 47.2735], [34.4199, 47.3102], [34.5065, 47.3139], [34.5041, 47.3047], [34.4796, 47.2939], [34.4751, 47.2737], [34.5046, 47.2465], [34.4917, 47.2223], [34.5009, 47.1843], [34.4992, 47.1414], [34.5096, 47.1133], [34.5405, 47.0997], [34.5566, 47.0524], [34.5597, 47.0116], [34.5921, 46.9982], [34.6084, 46.9592], [34.722, 46.9265], [34.7427, 46.8818], [34.7883, 46.8622], [34.7943, 46.8269], [34.7475, 46.8117], [34.7427, 46.7783], [34.718, 46.7448], [34.6834, 46.7222], [34.6303, 46.7134], [34.6313, 46.689], [34.7327, 46.6623], [34.745, 46.6336], [34.7221, 46.599], [34.7622, 46.5472], [34.8576, 46.5417], [34.8665, 46.5306], [34.8531, 46.5162], [34.8538, 46.5002], [34.9237, 46.5003], [34.9841, 46.472], [35.0234, 46.4691], [35.0353, 46.4564], [35.061, 46.3792], [35.0527, 46.3552], [35.0596, 46.306], [35.1051, 46.2951], [35.075, 46.2711], [35.0308, 46.2518], [34.9265, 46.2351], [34.9141, 46.2381], [34.9048, 46.2557], [34.8936, 46.2518], [34.8822, 46.2217], [34.8389, 46.2077], [34.8176, 46.1862], [34.8113, 46.1662], [34.8242, 46.0779], [34.8744, 45.9261], [34.905, 45.8886], [34.9582, 45.7895], [35.0019, 45.729]]], [[[35.2795, 46.2551], [35.2095, 46.1699], [35.1618, 46.1282], [35.0, 46.0736], [34.9821, 46.0778], [35.0171, 46.1128], [35.0519, 46.1282], [35.0444, 46.1419], [35.1489, 46.1641], [35.2004, 46.183], [35.2648, 46.2605], [35.2795, 46.2551]]], [[[32.9893, 46.0426], [32.9994, 46.0353], [33.0451, 46.0379], [33.0575, 46.0252], [33.0401, 46.0122], [32.6194, 46.06], [32.6314, 46.0662], [32.6393, 46.06], [32.7832, 46.0463], [32.8817, 46.0554], [32.9136, 46.0388], [32.9787, 46.0533], [32.9893, 46.0426]]], [[[31.9403, 46.2046], [32.0708, 46.1824], [32.1531, 46.156], [32.1663, 46.1494], [32.1439, 46.1527], [32.1018, 46.1667], [31.7372, 46.2208], [31.5803, 46.2628], [31.549, 46.2824], [31.522, 46.3132], [31.5044, 46.3734], [31.522, 46.3685], [31.5544, 46.2963], [31.578, 46.2756], [31.6182, 46.2592], [31.9403, 46.2046]]]]}}, {"type": "Feature", "properties": {"osm_type": "relation", "osm_id": 71980, "name": "Zaporizhia Oblast", "admin_level": "4", "iso": "UA-23", "parent_iso": "UA", "parent_osm_id": 60199}, "geometry": {"type": "Polygon", "coordinates": [[[35.8272, 46.6234], [35.742, 46.5844], [35.6287, 46.4985], [35.4915, 46.448], [35.4455, 46.406], [35.3801, 46.3685], [35.2795, 46.2551], [35.2648, 46.2605], [35.2914, 46.2934], [35.3421, 46.3358], [35.346, 46.361], [35.3115, 46.3376], [35.2918, 46.3364], [35.2676, 46.3511], [35.2586, 46.3734], [35.2845, 46.4374], [35.2505, 46.4435], [35.2146, 46.4626], [35.1914, 46.4943], [35.1883, 46.5124], [35.1667, 46.4931], [35.202, 46.4405], [35.2137, 46.4118], [35.2095, 46.3964], [35.1051, 46.2951], [35.0693, 46.2999], [35.0596, 46.306], [35.0533, 46.3479], [35.0601, 46.3845], [35.0294, 46.4648], [34.9841, 46.472], [34.9237, 46.5003], [34.8538, 46.5002], [34.8531, 46.5162], [34.8665, 46.5306], [34.8576, 46.5417], [34.7622, 46.5472], [34.7221, 46.599], [34.745, 46.6336], [34.7327, 46.6623], [34.6313, 46.689], [34.6303, 46.7134], [34.6834, 46.7222], [34.718, 46.7448], [34.7427, 46.7783], [34.7475, 46.8117], [34.7943, 46.8269], [34.7965, 46.8395], [34.7844, 46.8672], [34.7427, 46.8818], [34.722, 46.9265], [34.6084, 46.9592], [34.5921, 46.9982], [34.5597, 47.0116], [34.5566, 47.0524], [34.5405, 47.0997], [34.5096, 47.1133], [34.4992, 47.1414], [34.5009, 47.1843], [34.4917, 47.2223], [34.5046, 47.2465], [34.4751, 47.2737], [34.4796, 47.2939], [34.5041, 47.3047], [34.5065, 47.3139], [34.4199, 47.3102], [34.3891, 47.2735], [34.3536, 47.2808], [34.2984, 47.2721], [34.2903, 47.3021], [34.2037, 47.4784], [34.3193, 47.5052], [34.4459, 47.5229], [34.5946, 47.5686], [34.6446, 47.5636], [34.7299, 47.5392], [34.8326, 47.5259], [34.8983, 47.5232], [34.9161, 47.5309], [34.9298, 47.5708], [34.8958, 47.6009], [34.9341, 47.6923], [34.9444, 47.7462], [34.8863, 47.7601], [34.8866, 47.7942], [34.9019, 47.8308], [34.8184, 47.8667], [34.8081, 47.8775], [34.8198, 47.9067], [34.8527, 47.9245], [34.9073, 47.9344], [34.9163, 47.9472], [34.9084, 47.9667], [34.857, 47.9784], [34.8422, 48.0066], [34.8134, 48.0155], [34.8162, 48.0258], [34.8402, 48.0413], [34.8465, 48.0773], [34.8359, 48.1086], [34.8514, 48.1227], [34.8699, 48.1193], [34.8731, 48.0903], [34.886, 48.0809], [34.9431, 48.081], [35.0174, 48.1166], [35.1181, 48.1291], [35.1646, 48.1191], [35.2546, 48.1297], [35.34, 48.104], [35.5148, 48.0794], [35.5466, 48.0845], [35.6043, 48.1163], [35.6741, 48.127], [35.696, 48.1226], [35.7323, 48.0959], [35.7862, 48.0878], [35.8089, 48.0668], [35.9592, 48.0907], [35.9709, 48.0805], [35.9659, 48.0557], [35.9746, 48.0286], [35.9958, 48.0271], [36.0447, 48.0433], [36.0467, 48.0334], [36.0213, 48.0042], [36.0531, 47.993], [36.0591, 47.9511], [36.0869, 47.9384], [36.1176, 47.9387], [36.1178, 47.9094], [36.0984, 47.8734], [36.0875, 47.8672], [36.0712, 47.8746], [36.0596, 47.8706], [36.0787, 47.8452], [36.0982, 47.8355], [36.16, 47.8397], [36.1935, 47.8635], [36.2067, 47.8606], [36.2149, 47.8303], [36.286, 47.8133], [36.3184, 47.8152], [36.3612, 47.8399], [36.392, 47.8257], [36.5761, 47.8442], [36.5769, 47.803], [36.5837, 47.7914], [36.653, 47.7878], [36.6614, 47.7571], [36.7031, 47.6908], [36.7473, 47.6749], [36.72, 47.6578], [36.7273, 47.6405], [36.7524, 47.6339], [36.7521, 47.6017], [36.7979, 47.6102], [36.8933, 47.5509], [36.9307, 47.571], [36.9442, 47.5704], [36.9954, 47.5475], [37.1287, 47.4512], [37.1522, 47.4639], [37.2192, 47.4581], [37.183, 47.3837], [37.1824, 47.3531], [37.1637, 47.3459], [37.1399, 47.3686], [37.1145, 47.3715], [37.1002, 47.3627], [37.0767, 47.3264], [37.0724, 47.3006], [37.0289, 47.2876], [36.9891, 47.2886], [36.9365, 47.3051], [36.9194, 47.3013], [36.914, 47.2836], [36.9362, 47.2482], [36.9387, 47.209], [36.8565, 47.1937], [36.889, 47.1661], [36.9625, 47.1397], [36.9908, 47.1062], [37.011, 47.0656], [37.0491, 47.0448], [37.0708, 47.0575], [37.1185, 47.0282], [37.1197, 47.0202], [37.0937, 47.0], [37.1145, 46.9758], [37.1145, 46.9657], [37.0912, 46.955], [37.057, 46.9595], [37.0096, 46.9268], [37.0096, 46.9148], [37.0378, 46.8767], [36.9388, 46.8395], [36.8862, 46.804], [36.8537, 46.8005], [36.8625, 46.7769], [36.8296, 46.7319], [36.8123, 46.6806], [36.7937, 46.6536], [36.7693, 46.6374], [36.7438, 46.6422], [36.7438, 46.6496], [36.7717, 46.6435], [36.7903, 46.6713], [36.8025, 46.7248], [36.7428, 46.7647], [36.6961, 46.78], [36.6792, 46.773], [36.634, 46.78], [36.59, 46.7589], [36.5241, 46.7589], [36.4827, 46.7417], [36.4002, 46.7239], [36.3035, 46.6592], [36.2844, 46.6364], [36.2783, 46.6074], [36.2708, 46.6074], [36.2676, 46.6256], [36.2479, 46.619], [36.2458, 46.6108], [36.2443, 46.6353], [36.2166, 46.6587], [36.1895, 46.669], [36.1345, 46.6627], [36.062, 46.6701], [35.9016, 46.6527], [35.8272, 46.6234]]]}}, {"type": "Feature", "properties": {"osm_type": "relation", "osm_id": 1574364, "name": "Sevastopol", "admin_level": "4", "iso": "UA-40", "parent_iso": "UA", "parent_osm_id": 60199}, "geometry": {"type": "Polygon", "coordinates": [[[33.73, 44.398], [33.6454, 44.4251], [33.6317, 44.4343], [33.6201, 44.4622], [33.5784, 44.4971], [33.5176, 44.4905], [33.3796, 44.5645], [33.3723, 44.5765], [33.3711, 44.5884], [33.4054, 44.5902], [33.4359, 44.6053], [33.5715, 44.6206], [33.5252, 44.6289], [33.5163, 44.6343], [33.5148, 44.6491], [33.5442, 44.6827], [33.5483, 44.6987], [33.5163, 44.7851], [33.5596, 44.8498], [33.5705, 44.8525], [33.5808, 44.8193], [33.6173, 44.8163], [33.6745, 44.7916], [33.6893, 44.7542], [33.6114, 44.7206], [33.6252, 44.6614], [33.709, 44.6664], [33.7505, 44.624], [33.713, 44.5816], [33.7298, 44.5539], [33.7692, 44.5559], [33.7771, 44.5322], [33.8057, 44.5273], [33.8432, 44.4563], [33.8521, 44.4316], [33.786, 44.4247], [33.7663, 44.4178], [33.7653, 44.406], [33.73, 44.398]]]}}, {"type": "Feature", "properties": {"osm_type": "relation", "osm_id": 72635, "name": "Mykolaiv Oblast", "admin_level": "4", "iso": "UA-48", "parent_iso": "UA", "parent_osm_id": 60199}, "geometry": {"type": "MultiPolygon", "coordinates": [[[[31.8163, 46.483], [31.7485, 46.4999], [31.7107, 46.4954], [31.6865, 46.4709], [31.6865, 46.4299], [31.6636, 46.4721], [31.5244, 46.5642], [31.5083, 46.5876], [31.5816, 46.5452], [31.7564, 46.5543], [31.7902, 46.5473], [31.8517, 46.522], [31.8163, 46.483]]], [[[31.9649, 46.7221], [31.9403, 46.7589], [31.9362, 46.8004], [32.0025, 46.8955], [32.0067, 46.9305], [31.9959, 46.9404], [31.9461, 46.9467], [31.9359, 46.9548], [31.9392, 46.968], [31.9769, 47.0093], [31.971, 47.0163], [31.9437, 47.0189], [31.8811, 47.015], [31.8652, 47.0264], [31.8932, 47.0684], [31.8968, 47.0927], [31.8823, 47.1186], [31.8456, 47.134], [31.8306, 47.1868], [31.7577, 47.2162], [31.7485, 47.2285], [31.7521, 47.2558], [31.7417, 47.2591], [31.7206, 47.2319], [31.7268, 47.2205], [31.7617, 47.2005], [31.8062, 47.1927], [31.8163, 47.1809], [31.8156, 47.1226], [31.8743, 47.0938], [31.8447, 47.0537], [31.8374, 47.0085], [31.869, 46.9988], [31.9471, 46.9991], [31.9177, 46.9763], [31.8994, 46.9438], [31.9077, 46.9265], [31.9256, 46.9229], [31.9683, 46.937], [31.9728, 46.9154], [31.9451, 46.8595], [31.8986, 46.8429], [31.8775, 46.8283], [31.8648, 46.8066], [31.8652, 46.78], [31.9067, 46.7382], [31.8994, 46.694], [31.9085, 46.6627], [31.8994, 46.6496], [31.8584, 46.6291], [31.8147, 46.623], [31.6741, 46.6532], [31.5972, 46.6432], [31.5789, 46.6173], [31.5568, 46.6149], [31.5345, 46.6272], [31.485, 46.6323], [31.481, 46.6464], [31.4909, 46.6634], [31.5462, 46.7276], [31.5598, 46.7589], [31.6182, 46.8135], [31.6061, 46.8264], [31.584, 46.7936], [31.5493, 46.78], [31.523, 46.7503], [31.5083, 46.7452], [31.4816, 46.7589], [31.4561, 46.796], [31.4407, 46.8005], [31.4558, 46.7546], [31.5059, 46.7204], [31.4782, 46.6838], [31.4162, 46.6291], [31.3377, 46.6013], [31.283, 46.6149], [31.2756, 46.6074], [31.1869, 46.6291], [31.1724, 46.6844], [31.1777, 46.7209], [31.1622, 46.8254], [31.1268, 46.8434], [31.0986, 46.8774], [31.0564, 46.8974], [31.0315, 46.9478], [31.0927, 46.957], [31.1138, 46.9754], [31.1395, 46.9692], [31.224, 46.9774], [31.2322, 46.9895], [31.2602, 47.0001], [31.2732, 47.0293], [31.2946, 47.0505], [31.3042, 47.1018], [31.2691, 47.1104], [31.2235, 47.1658], [31.1819, 47.1577], [31.1164, 47.1823], [31.1181, 47.2069], [31.1518, 47.2192], [31.172, 47.2406], [31.1537, 47.2717], [31.0396, 47.2509], [31.0106, 47.2691], [30.9153, 47.2767], [30.8855, 47.3165], [30.8339, 47.4295], [30.8526, 47.4672], [30.8568, 47.4998], [30.8716, 47.5125], [30.8682, 47.5435], [30.8315, 47.5805], [30.7857, 47.5866], [30.7909, 47.6061], [30.7799, 47.6337], [30.7198, 47.6231], [30.7057, 47.5922], [30.6948, 47.5879], [30.6658, 47.6256], [30.6234, 47.6269], [30.5929, 47.6375], [30.5497, 47.6176], [30.5266, 47.6276], [30.4759, 47.6221], [30.4203, 47.6484], [30.4015, 47.6869], [30.4138, 47.7197], [30.3792, 47.7473], [30.3994, 47.7723], [30.3946, 47.7922], [30.3274, 47.8259], [30.2955, 47.9496], [30.2555, 47.9837], [30.2172, 47.996], [30.2257, 48.0534], [30.2105, 48.0678], [30.2853, 48.0912], [30.3119, 48.0902], [30.3164, 48.1025], [30.2954, 48.1135], [30.2931, 48.1357], [30.3305, 48.1363], [30.3475, 48.1636], [30.5018, 48.1636], [30.6199, 48.145], [30.6452, 48.1666], [30.7048, 48.1816], [30.789, 48.1778], [30.817, 48.1591], [30.8571, 48.1863], [30.8745, 48.1792], [30.8851, 48.161], [30.9062, 48.1571], [30.9761, 48.1817], [30.9938, 48.2055], [31.0418, 48.2191], [31.1686, 48.2117], [31.1855, 48.2051], [31.1898, 48.1715], [31.2282, 48.1589], [31.2311, 48.1316], [31.2503, 48.1209], [31.3439, 48.1118], [31.3843, 48.1249], [31.4145, 48.1077], [31.5037, 48.1181], [31.5126, 48.103], [31.4997, 48.0639], [31.5118, 48.0551], [31.5254, 48.0585], [31.5337, 48.0868], [31.5849, 48.0862], [31.5913, 48.1096], [31.6166, 48.1187], [31.6462, 48.104], [31.6986, 48.0938], [31.758, 48.0954], [31.7722, 48.0666], [31.7693, 48.047], [31.7081, 48.0198], [31.7682, 47.9526], [31.7798, 47.9449], [31.8212, 47.9452], [31.8369, 47.9174], [31.8634, 47.8944], [31.866, 47.8804], [31.8391, 47.846], [31.8516, 47.8283], [31.8569, 47.7977], [31.9553, 47.7958], [31.975, 47.8119], [32.0218, 47.8098], [32.0683, 47.7898], [32.0999, 47.7584], [32.1387, 47.7475], [32.1691, 47.7577], [32.2151, 47.8107], [32.2344, 47.8204], [32.2875, 47.8225], [32.3429, 47.7962], [32.3809, 47.8013], [32.467, 47.7811], [32.6446, 47.8006], [32.652, 47.8373], [32.6823, 47.8459], [32.6706, 47.8592], [32.6627, 47.9003], [32.7158, 47.9152], [32.7147, 47.9297], [32.6834, 47.9399], [32.6827, 47.9549], [32.6927, 47.968], [32.7776, 47.9893], [32.8067, 47.9697], [32.8293, 47.9667], [32.8444, 47.9862], [32.8828, 47.994], [32.881, 48.0217], [32.8882, 48.0322], [32.9793, 48.0428], [32.9878, 48.0233], [33.0145, 47.9992], [33.0157, 47.9775], [33.0461, 47.9602], [33.0317, 47.9197], [33.0691, 47.911], [33.0828, 47.8959], [33.071, 47.8774], [33.0608, 47.8309], [33.0603, 47.7756], [33.0877, 47.7372], [33.0834, 47.7288], [33.0398, 47.7261], [32.9838, 47.71], [33.0207, 47.6426], [32.9921, 47.5987], [33.0893, 47.5829], [33.0893, 47.548], [33.1186, 47.5237], [33.1112, 47.5031], [33.125, 47.4773], [33.1203, 47.4452], [33.1299, 47.4262], [33.1241, 47.4164], [33.0851, 47.4153], [33.0589, 47.4522], [33.0261, 47.4087], [33.0427, 47.3901], [33.0963, 47.3849], [33.1206, 47.3494], [33.1239, 47.3273], [33.1051, 47.2724], [33.1366, 47.2269], [33.1206, 47.2024], [33.0839, 47.2089], [33.0359, 47.1779], [32.9983, 47.1767], [32.9762, 47.1868], [32.9164, 47.107], [32.9218, 47.0773], [32.956, 47.075], [33.0136, 47.0511], [33.0614, 47.0186], [33.025, 46.9699], [32.9749, 47.0002], [32.9512, 46.9857], [32.9571, 46.9536], [33.0055, 46.9502], [33.0151, 46.9401], [32.959, 46.925], [32.9243, 46.9027], [32.812, 46.887], [32.8078, 46.8753], [32.8265, 46.868], [32.9039, 46.8701], [32.9408, 46.8619], [32.8283, 46.8279], [32.7086, 46.8238], [32.6795, 46.8465], [32.6407, 46.8596], [32.5929, 46.8598], [32.5426, 46.8742], [32.535, 46.8442], [32.5226, 46.8331], [32.4697, 46.8314], [32.4443, 46.8471], [32.3893, 46.8395], [32.3702, 46.8259], [32.3564, 46.7982], [32.3432, 46.7946], [32.2349, 46.8093], [32.2146, 46.7993], [32.1882, 46.7586], [32.1716, 46.7467], [32.1122, 46.7352], [32.072, 46.7468], [32.0321, 46.7297], [31.9649, 46.7221]]]]}}, {"type": "Feature", "properties": {"osm_type": "relation", "osm_id": 91294, "name": "Poltava Oblast", "admin_level": "4", "iso": "UA-53", "parent_iso": "UA", "parent_osm_id": 60199}, "geometry": {"type": "Polygon", "coordinates": [[[32.7273, 50.3579], [32.8121, 50.3881], [32.8784, 50.3974], [32.9059, 50.4295], [32.9509, 50.4442], [32.9726, 50.4684], [33.0092, 50.48], [33.0615, 50.5384], [33.0981, 50.5245], [33.194, 50.5173], [33.206, 50.5183], [33.2336, 50.5403], [33.2848, 50.546], [33.3401, 50.5252], [33.645, 50.4855], [33.7306, 50.4617], [33.7478, 50.4702], [33.8416, 50.4821], [33.8059, 50.5009], [33.8062, 50.5074], [33.8982, 50.5326], [33.9131, 50.5303], [33.971, 50.4934], [34.0549, 50.4707], [34.0705, 50.4947], [34.1136, 50.4937], [34.1217, 50.5138], [34.1952, 50.5307], [34.2065, 50.5422], [34.2458, 50.5346], [34.2525, 50.5296], [34.2503, 50.4555], [34.2585, 50.4357], [34.3161, 50.3898], [34.3597, 50.3658], [34.3774, 50.346], [34.3622, 50.3134], [34.3691, 50.273], [34.3867, 50.2627], [34.4032, 50.2735], [34.4263, 50.272], [34.4365, 50.2486], [34.4587, 50.2257], [34.5058, 50.1975], [34.4995, 50.1713], [34.4595, 50.1596], [34.4569, 50.1422], [34.4708, 50.1258], [34.4741, 50.1081], [34.5363, 50.1244], [34.6694, 50.1155], [34.7049, 50.1509], [34.7394, 50.1382], [34.8143, 50.1596], [34.9082, 50.146], [34.9172, 50.1324], [34.9132, 50.0557], [34.8415, 50.0], [34.869, 49.9364], [34.8928, 49.9145], [34.9489, 49.8915], [35.0086, 49.8889], [35.0407, 49.868], [35.103, 49.8477], [35.1483, 49.8553], [35.1663, 49.8512], [35.1911, 49.832], [35.1913, 49.7747], [35.2024, 49.7473], [35.2339, 49.7279], [35.239, 49.7045], [35.2769, 49.6962], [35.2862, 49.681], [35.3545, 49.6681], [35.3764, 49.687], [35.4237, 49.6838], [35.4282, 49.6639], [35.4135, 49.6505], [35.4751, 49.5604], [35.3984, 49.5548], [35.392, 49.5441], [35.4544, 49.5135], [35.4687, 49.4982], [35.4249, 49.481], [35.3627, 49.4907], [35.3227, 49.4835], [35.3137, 49.4612], [35.3306, 49.4347], [35.3514, 49.4266], [35.3492, 49.4108], [35.3606, 49.392], [35.309, 49.3421], [35.2633, 49.3117], [35.1885, 49.292], [35.0902, 49.2972], [35.0445, 49.3199], [35.0246, 49.3172], [34.9729, 49.2806], [34.9538, 49.2528], [34.9549, 49.2396], [34.9874, 49.1892], [34.9839, 49.1637], [34.9262, 49.183], [34.9057, 49.1733], [34.8911, 49.1483], [34.8674, 49.1449], [34.857, 49.1529], [34.8708, 49.1657], [34.8648, 49.1734], [34.8308, 49.1809], [34.7841, 49.1746], [34.7265, 49.146], [34.6098, 49.1265], [34.4304, 49.0746], [34.4083, 49.0765], [34.4028, 49.0501], [34.3445, 49.0085], [34.3457, 49.0004], [34.3673, 48.9974], [34.3679, 48.9911], [34.3082, 48.971], [34.2777, 48.9223], [34.2743, 48.8912], [34.3088, 48.8674], [34.3159, 48.8396], [34.2759, 48.81], [34.2765, 48.7955], [34.2951, 48.7844], [34.2938, 48.7783], [34.2375, 48.7463], [34.162, 48.7844], [34.1097, 48.7902], [34.0689, 48.8075], [34.0402, 48.8078], [33.928, 48.8601], [33.892, 48.8917], [33.8074, 48.9034], [33.7785, 48.9225], [33.6946, 48.9058], [33.6831, 48.877], [33.6689, 48.8691], [33.6516, 48.8993], [33.597, 48.9224], [33.5815, 48.9215], [33.571, 48.9086], [33.5484, 48.9019], [33.4251, 48.9509], [33.401, 48.9535], [33.3788, 48.94], [33.2994, 48.9955], [33.3186, 49.0085], [33.3192, 49.0256], [33.346, 49.0327], [33.3416, 49.044], [33.3095, 49.0509], [33.2971, 49.0649], [33.2041, 49.0709], [33.1493, 49.1256], [33.0382, 49.182], [32.7887, 49.2618], [32.7893, 49.3339], [32.7476, 49.4061], [32.6759, 49.4771], [32.7154, 49.5252], [32.7544, 49.5472], [32.7598, 49.5706], [32.7521, 49.5938], [32.7108, 49.62], [32.693, 49.6716], [32.5715, 49.7059], [32.5625, 49.7666], [32.5297, 49.7833], [32.5035, 49.78], [32.4689, 49.8066], [32.431, 49.8052], [32.3727, 49.8636], [32.3638, 49.8811], [32.3687, 49.8875], [32.4071, 49.8934], [32.4157, 49.9675], [32.3812, 49.987], [32.3294, 50.0518], [32.2929, 50.0504], [32.2551, 50.0628], [32.2306, 50.1186], [32.2717, 50.1314], [32.2697, 50.1568], [32.2543, 50.1619], [32.2213, 50.1473], [32.2094, 50.15], [32.1896, 50.1678], [32.1407, 50.1823], [32.0946, 50.2369], [32.0695, 50.2387], [32.098, 50.2667], [32.0934, 50.2855], [32.1144, 50.3061], [32.1392, 50.3501], [32.2315, 50.3452], [32.2841, 50.3872], [32.3502, 50.4079], [32.3828, 50.4076], [32.407, 50.3921], [32.4427, 50.4069], [32.477, 50.4064], [32.5004, 50.3717], [32.5263, 50.3657], [32.6762, 50.3676], [32.691, 50.3583], [32.7273, 50.3579]]]}}, {"type": "Feature", "properties": {"osm_type": "relation", "osm_id": 90742, "name": "Khmelnytskyi Oblast", "admin_level": "4", "iso": "UA-68", "parent_iso": "UA", "parent_osm_id": 60199}, "geometry": {"type": "Polygon", "coordinates": [[[27.1923, 50.5412], [27.2458, 50.5098], [27.2604, 50.4901], [27.3046, 50.478], [27.2506, 50.4449], [27.2289, 50.3949], [27.235, 50.3797], [27.2887, 50.3679], [27.3082, 50.3403], [27.4038, 50.2982], [27.4084, 50.2928], [27.4001, 50.277], [27.4263, 50.2747], [27.4426, 50.2594], [27.4806, 50.2479], [27.4885, 50.2238], [27.5499, 50.2184], [27.5825, 50.2546], [27.5987, 50.2564], [27.6075, 50.2493], [27.6078, 50.2022], [27.6497, 50.1606], [27.6469, 50.1486], [27.6272, 50.1379], [27.6479, 50.1167], [27.6212, 50.0793], [27.6606, 50.0577], [27.6637, 50.0326], [27.657, 50.0225], [27.6094, 50.0037], [27.5439, 50.0071], [27.5808, 49.9514], [27.5456, 49.941], [27.5445, 49.9108], [27.5974, 49.8928], [27.5991, 49.8665], [27.6607, 49.7989], [27.868, 49.7601], [27.8501, 49.7451], [27.8134, 49.741], [27.8366, 49.7257], [27.8218, 49.7084], [27.8049, 49.7012], [27.769, 49.7044], [27.7526, 49.6868], [27.7549, 49.6703], [27.801, 49.6519], [27.8156, 49.6309], [27.7672, 49.5666], [27.786, 49.5461], [27.7843, 49.5361], [27.7678, 49.5243], [27.7321, 49.5262], [27.7243, 49.4999], [27.7293, 49.4886], [27.7635, 49.4696], [27.7396, 49.4513], [27.7431, 49.4365], [27.826, 49.4299], [27.8395, 49.4163], [27.844, 49.3961], [27.8033, 49.379], [27.8192, 49.3412], [27.8515, 49.3308], [27.8521, 49.3049], [27.8773, 49.2769], [27.8553, 49.2416], [27.8792, 49.2066], [27.8877, 49.1588], [27.8106, 49.1418], [27.7726, 49.1164], [27.6157, 49.1599], [27.5737, 49.1225], [27.5005, 49.1261], [27.4893, 49.1177], [27.4707, 49.0759], [27.4448, 49.0643], [27.4309, 49.0393], [27.3949, 49.0175], [27.3806, 48.9918], [27.3984, 48.957], [27.3737, 48.9389], [27.3721, 48.9301], [27.3988, 48.8764], [27.408, 48.8013], [27.4261, 48.7737], [27.3962, 48.7609], [27.4018, 48.7316], [27.3932, 48.6837], [27.3704, 48.6297], [27.335, 48.6018], [27.3218, 48.6009], [27.2947, 48.6161], [27.2344, 48.6185], [27.236, 48.6055], [27.2618, 48.5957], [27.2605, 48.5819], [27.2476, 48.5704], [27.147, 48.5819], [27.1134, 48.5593], [27.0377, 48.5683], [27.0234, 48.5609], [27.0036, 48.5751], [26.9453, 48.5814], [26.9247, 48.5751], [26.885, 48.5435], [26.8593, 48.5403], [26.828, 48.5613], [26.8226, 48.5812], [26.8292, 48.6018], [26.8188, 48.6066], [26.7876, 48.6018], [26.7876, 48.5683], [26.7728, 48.551], [26.7594, 48.5506], [26.7497, 48.5616], [26.7406, 48.5889], [26.7172, 48.5948], [26.7161, 48.5778], [26.7392, 48.5577], [26.7341, 48.5412], [26.7218, 48.5352], [26.6328, 48.5624], [26.6126, 48.5509], [26.6144, 48.5402], [26.6884, 48.5184], [26.709, 48.4969], [26.6541, 48.4913], [26.6273, 48.5084], [26.6157, 48.5068], [26.607, 48.4923], [26.6219, 48.4583], [26.6057, 48.4516], [26.5528, 48.4658], [26.5153, 48.5149], [26.4706, 48.5381], [26.4224, 48.5298], [26.404, 48.5341], [26.3805, 48.5171], [26.354, 48.5616], [26.3715, 48.5736], [26.3067, 48.6056], [26.3163, 48.6428], [26.2996, 48.6367], [26.285, 48.6412], [26.2819, 48.6616], [26.2541, 48.6674], [26.2373, 48.6799], [26.2513, 48.7524], [26.2285, 48.7792], [26.2414, 48.8005], [26.2642, 48.8082], [26.2172, 48.8373], [26.2229, 48.8972], [26.1925, 48.906], [26.2023, 48.935], [26.1888, 48.9569], [26.2041, 48.9654], [26.1992, 48.9885], [26.2212, 49.0007], [26.1995, 49.0413], [26.2251, 49.0626], [26.2316, 49.0795], [26.2109, 49.1191], [26.2208, 49.1517], [26.204, 49.167], [26.1984, 49.1849], [26.2078, 49.2273], [26.2453, 49.2444], [26.258, 49.2899], [26.2344, 49.3195], [26.2394, 49.3469], [26.2291, 49.397], [26.195, 49.4191], [26.1484, 49.5165], [26.168, 49.5484], [26.2087, 49.5669], [26.2209, 49.6166], [26.2465, 49.6385], [26.2538, 49.6576], [26.2055, 49.6963], [26.2055, 49.71], [26.2308, 49.7343], [26.2335, 49.779], [26.1868, 49.8219], [26.1926, 49.8661], [26.1571, 49.8938], [26.1657, 49.9268], [26.1506, 49.9646], [26.1703, 49.9786], [26.231, 49.9941], [26.2325, 50.0112], [26.208, 50.0159], [26.1953, 50.0268], [26.2226, 50.0403], [26.2319, 50.0592], [26.2052, 50.0863], [26.2598, 50.0943], [26.2732, 50.1134], [26.2584, 50.1273], [26.2066, 50.1414], [26.3034, 50.1755], [26.3835, 50.2441], [26.4799, 50.2536], [26.5184, 50.2837], [26.5638, 50.3056], [26.5911, 50.334], [26.6431, 50.359], [26.6501, 50.3844], [26.703, 50.4141], [26.7322, 50.4441], [26.7398, 50.4649], [26.7966, 50.4615], [26.798, 50.4893], [26.8071, 50.5009], [26.9015, 50.5317], [26.9764, 50.5192], [27.0228, 50.5455], [27.0722, 50.5587], [27.0844, 50.5801], [27.0976, 50.5866], [27.1262, 50.582], [27.138, 50.551], [27.1923, 50.5412]]]}}, {"type": "Feature", "properties": {"osm_type": "relation", "osm_id": 72525, "name": "Ternopil Oblast", "admin_level": "4", "iso": "UA-61", "parent_iso": "UA", "parent_osm_id": 60199}, "geometry": {"type": "Polygon", "coordinates": [[[26.0653, 50.2653], [26.1542, 50.2416], [26.2218, 50.2617], [26.231, 50.2486], [26.2018, 50.2091], [26.2304, 50.1824], [26.2332, 50.1523], [26.2066, 50.1414], [26.2584, 50.1273], [26.2732, 50.1134], [26.2598, 50.0943], [26.2052, 50.0863], [26.2319, 50.0592], [26.2226, 50.0403], [26.1953, 50.0268], [26.208, 50.0159], [26.2325, 50.0112], [26.231, 49.9941], [26.1703, 49.9786], [26.1506, 49.9646], [26.1657, 49.9268], [26.1571, 49.8938], [26.1926, 49.8661], [26.1868, 49.8219], [26.2335, 49.779], [26.2308, 49.7343], [26.2055, 49.71], [26.2055, 49.6963], [26.2538, 49.6576], [26.2465, 49.6385], [26.2209, 49.6166], [26.2087, 49.5669], [26.168, 49.5484], [26.1486, 49.5116], [26.195, 49.4191], [26.2291, 49.397], [26.2394, 49.3469], [26.2344, 49.3195], [26.258, 49.2899], [26.2453, 49.2444], [26.2142, 49.2324], [26.2047, 49.2183], [26.1981, 49.18], [26.2208, 49.1517], [26.2109, 49.1191], [26.2315, 49.0745], [26.1995, 49.0413], [26.2212, 49.0007], [26.1992, 48.9885], [26.2041, 48.9654], [26.1888, 48.9569], [26.2023, 48.935], [26.193, 48.9024], [26.2229, 48.8972], [26.2172, 48.8373], [26.2642, 48.8082], [26.2414, 48.8005], [26.2285, 48.7792], [26.2513, 48.7524], [26.2355, 48.685], [26.2541, 48.6674], [26.2819, 48.6616], [26.285, 48.6412], [26.2996, 48.6367], [26.3163, 48.6428], [26.3067, 48.6056], [26.3715, 48.5736], [26.354, 48.5616], [26.3805, 48.5171], [26.355, 48.5101], [26.3266, 48.5116], [26.2567, 48.5334], [26.1809, 48.5267], [26.1495, 48.5396], [26.1458, 48.5964], [26.1331, 48.6092], [26.1023, 48.6066], [26.1058, 48.5809], [26.1297, 48.5546], [26.1172, 48.5419], [26.0798, 48.5473], [26.0526, 48.5717], [26.0623, 48.6283], [26.0491, 48.6477], [26.0334, 48.6434], [26.0198, 48.6161], [25.9856, 48.6235], [25.9602, 48.5964], [25.9279, 48.5869], [25.863, 48.6008], [25.8596, 48.6187], [25.7935, 48.6701], [25.7666, 48.6576], [25.7533, 48.6326], [25.7423, 48.6297], [25.7312, 48.6352], [25.7151, 48.6645], [25.6362, 48.6781], [25.6463, 48.6973], [25.6276, 48.7183], [25.6401, 48.745], [25.6294, 48.7601], [25.5654, 48.7934], [25.5056, 48.8048], [25.4611, 48.8253], [25.45, 48.8358], [25.4711, 48.8625], [25.4469, 48.8687], [25.4316, 48.8671], [25.4308, 48.8494], [25.3561, 48.8546], [25.3541, 48.8139], [25.3277, 48.8147], [25.2772, 48.7814], [25.251, 48.7752], [25.239, 48.8011], [25.2501, 48.8177], [25.3065, 48.8283], [25.3277, 48.842], [25.2501, 48.8594], [25.2253, 48.842], [25.2267, 48.8868], [25.2458, 48.9314], [25.2195, 48.9294], [25.1974, 48.9177], [25.1656, 48.8655], [25.123, 48.9076], [25.1297, 48.9344], [25.1196, 48.9514], [25.067, 48.9725], [24.9926, 48.9696], [24.964, 48.9928], [24.9503, 49.0208], [24.8976, 49.0398], [24.8942, 49.0537], [24.9036, 49.0611], [24.9663, 49.048], [24.9856, 49.0517], [24.9927, 49.0642], [24.9816, 49.0992], [24.9668, 49.113], [24.9171, 49.1227], [24.8802, 49.1112], [24.86, 49.1194], [24.86, 49.1516], [24.8512, 49.1753], [24.8808, 49.2018], [24.8791, 49.2294], [24.867, 49.2502], [24.8383, 49.2622], [24.8234, 49.3138], [24.8329, 49.3396], [24.8041, 49.3889], [24.707, 49.4918], [24.7198, 49.5103], [24.7334, 49.5603], [24.7752, 49.5634], [24.9482, 49.6272], [25.0216, 49.7176], [25.0667, 49.7113], [25.1013, 49.7253], [25.1068, 49.7443], [25.078, 49.7799], [25.0931, 49.8157], [25.2453, 49.8362], [25.3898, 49.8801], [25.3966, 49.8934], [25.3875, 49.914], [25.3932, 49.927], [25.4276, 49.9351], [25.4336, 49.9454], [25.4072, 49.9774], [25.3727, 49.9965], [25.37, 50.0282], [25.3813, 50.0367], [25.4107, 50.028], [25.4163, 50.0692], [25.4485, 50.0831], [25.4671, 50.1052], [25.4415, 50.1323], [25.4534, 50.1627], [25.5667, 50.1408], [25.6069, 50.1609], [25.6359, 50.1508], [25.6758, 50.1706], [25.809, 50.1792], [25.9472, 50.2645], [26.022, 50.2534], [26.0653, 50.2653]]]}}, {"type": "Feature", "properties": {"osm_type": "relation", "osm_id": 101746, "name": "Dnipropetrovsk Oblast", "admin_level": "4", "iso": "UA-12", "parent_iso": "UA", "parent_osm_id": 60199}, "geometry": {"type": "Polygon", "coordinates": [[[34.9839, 49.1637], [35.1698, 49.1472], [35.3613, 49.022], [35.4205, 49.0002], [35.4625, 48.9749], [35.5792, 48.9758], [35.6192, 48.9587], [35.649, 48.9594], [35.6792, 48.948], [35.7111, 48.9536], [35.7944, 48.9342], [35.9307, 48.9764], [35.9525, 48.9687], [35.9887, 48.9437], [35.9932, 48.9257], [36.022, 48.9001], [36.0036, 48.8788], [35.962, 48.8549], [36.0053, 48.8534], [36.0721, 48.8291], [36.0793, 48.8145], [36.1637, 48.7673], [36.1707, 48.7577], [36.1374, 48.7377], [36.1328, 48.7237], [36.2857, 48.6341], [36.2675, 48.5978], [36.3076, 48.5699], [36.274, 48.541], [36.2843, 48.5283], [36.3197, 48.5415], [36.3493, 48.5313], [36.3748, 48.5416], [36.3772, 48.5491], [36.3645, 48.5585], [36.3824, 48.5805], [36.455, 48.6382], [36.4772, 48.6469], [36.5458, 48.6265], [36.5834, 48.6027], [36.6311, 48.6033], [36.6673, 48.621], [36.7254, 48.6259], [36.7383, 48.6016], [36.7872, 48.6037], [36.7898, 48.595], [36.7493, 48.564], [36.7512, 48.5292], [36.7951, 48.5348], [36.8192, 48.5782], [36.8831, 48.5793], [36.891, 48.534], [36.8542, 48.5165], [36.8586, 48.4927], [36.8355, 48.4763], [36.835, 48.4455], [36.8472, 48.434], [36.8089, 48.4131], [36.819, 48.3574], [36.8142, 48.319], [36.8586, 48.3183], [36.8695, 48.3054], [36.904, 48.2977], [36.927, 48.2051], [36.9195, 48.1905], [36.8754, 48.1708], [36.8698, 48.161], [36.8915, 48.0932], [36.8935, 48.0715], [36.8864, 48.0615], [36.8294, 48.0321], [36.7456, 48.0543], [36.7237, 48.0756], [36.6651, 48.0881], [36.5891, 48.0789], [36.5751, 48.0582], [36.5766, 47.9707], [36.6134, 47.957], [36.634, 47.9243], [36.5344, 47.905], [36.533, 47.8836], [36.5695, 47.8674], [36.5761, 47.8442], [36.392, 47.8257], [36.3612, 47.8399], [36.3184, 47.8152], [36.286, 47.8133], [36.2149, 47.8303], [36.2035, 47.8628], [36.1811, 47.8602], [36.1522, 47.8379], [36.1066, 47.8347], [36.0787, 47.8452], [36.0607, 47.8636], [36.0608, 47.8738], [36.0875, 47.8672], [36.0984, 47.8734], [36.1178, 47.9094], [36.1176, 47.9387], [36.0869, 47.9384], [36.0591, 47.9511], [36.0531, 47.993], [36.0213, 48.0042], [36.0467, 48.0334], [36.0447, 48.0433], [35.9958, 48.0271], [35.9746, 48.0286], [35.9659, 48.0557], [35.9709, 48.0805], [35.9592, 48.0907], [35.8089, 48.0668], [35.7862, 48.0878], [35.7323, 48.0959], [35.696, 48.1226], [35.6741, 48.127], [35.6043, 48.1163], [35.5466, 48.0845], [35.5148, 48.0794], [35.34, 48.104], [35.2546, 48.1297], [35.1646, 48.1191], [35.1181, 48.1291], [35.0174, 48.1166], [34.9431, 48.081], [34.886, 48.0809], [34.8731, 48.0903], [34.8699, 48.1193], [34.8514, 48.1227], [34.8359, 48.1086], [34.8465, 48.0773], [34.8402, 48.0413], [34.8162, 48.0258], [34.8134, 48.0155], [34.8422, 48.0066], [34.857, 47.9784], [34.9084, 47.9667], [34.9163, 47.9472], [34.9073, 47.9344], [34.8527, 47.9245], [34.8198, 47.9067], [34.8081, 47.8775], [34.8184, 47.8667], [34.9019, 47.8308], [34.8866, 47.7942], [34.8863, 47.7601], [34.9444, 47.7462], [34.9341, 47.6923], [34.8958, 47.6009], [34.9298, 47.5708], [34.9219, 47.5389], [34.9073, 47.5244], [34.7299, 47.5392], [34.6446, 47.5636], [34.5946, 47.5686], [34.4459, 47.5229], [34.1575, 47.4739], [34.0582, 47.4807], [33.9018, 47.5145], [33.7525, 47.491], [33.6544, 47.4868], [33.6428, 47.4885], [33.6243, 47.5116], [33.5844, 47.5147], [33.5753, 47.5376], [33.5888, 47.56], [33.5629, 47.5754], [33.4943, 47.5642], [33.4936, 47.541], [33.4853, 47.5327], [33.366, 47.5144], [33.3551, 47.4993], [33.3394, 47.4951], [33.3067, 47.5108], [33.2932, 47.5357], [33.2834, 47.5393], [33.1934, 47.5539], [33.1654, 47.5685], [32.9942, 47.5954], [32.9949, 47.611], [33.0207, 47.6426], [32.9838, 47.71], [33.087, 47.7317], [33.0821, 47.7501], [33.0603, 47.7756], [33.0608, 47.8309], [33.071, 47.8774], [33.0828, 47.8959], [33.0691, 47.911], [33.0317, 47.9197], [33.0461, 47.9602], [33.0353, 47.9665], [33.0575, 48.0258], [33.0879, 48.039], [33.1343, 48.077], [33.187, 48.0795], [33.2223, 48.0904], [33.2259, 48.1329], [33.242, 48.1739], [33.2541, 48.1695], [33.2621, 48.1425], [33.2545, 48.1208], [33.259, 48.1069], [33.2688, 48.1027], [33.2947, 48.1408], [33.3481, 48.1859], [33.3732, 48.1728], [33.4029, 48.1753], [33.4705, 48.228], [33.5134, 48.2385], [33.5259, 48.2974], [33.5, 48.3112], [33.4885, 48.4039], [33.4746, 48.4119], [33.4715, 48.423], [33.4845, 48.4439], [33.4634, 48.4771], [33.4616, 48.4978], [33.4433, 48.5043], [33.4454, 48.5253], [33.4777, 48.541], [33.5638, 48.5637], [33.5804, 48.5594], [33.6122, 48.5811], [33.7225, 48.6166], [33.7663, 48.6457], [33.7998, 48.6532], [33.8211, 48.6684], [33.7697, 48.6805], [33.7565, 48.6977], [33.6915, 48.7008], [33.6594, 48.7138], [33.5985, 48.7218], [33.5578, 48.7623], [33.5576, 48.772], [33.5722, 48.7871], [33.5896, 48.7949], [33.6194, 48.7842], [33.6648, 48.8076], [33.6867, 48.8031], [33.6946, 48.7872], [33.7089, 48.7825], [33.7444, 48.8054], [33.7604, 48.8071], [33.7737, 48.8014], [33.7748, 48.779], [33.8018, 48.7961], [33.811, 48.762], [33.8257, 48.7595], [33.9195, 48.8658], [34.0402, 48.8078], [34.0689, 48.8075], [34.1097, 48.7902], [34.162, 48.7844], [34.2375, 48.7463], [34.2938, 48.7783], [34.2951, 48.7844], [34.2765, 48.7955], [34.2759, 48.81], [34.3159, 48.8396], [34.3088, 48.8674], [34.2743, 48.8912], [34.2777, 48.9223], [34.3082, 48.971], [34.3679, 48.9911], [34.3673, 48.9974], [34.3457, 49.0004], [34.3445, 49.0085], [34.4028, 49.0501], [34.4083, 49.0765], [34.4304, 49.0746], [34.6098, 49.1265], [34.7265, 49.146], [34.7841, 49.1746], [34.8308, 49.1809], [34.8648, 49.1734], [34.8708, 49.1657], [34.857, 49.1529], [34.8674, 49.1449], [34.8911, 49.1483], [34.9057, 49.1733], [34.9262, 49.183], [34.9839, 49.1637]]]}}, {"type": "Feature", "properties": {"osm_type": "relation", "osm_id": 91278, "name": "Cherkasy Oblast", "admin_level": "4", "iso": "UA-71", "parent_iso": "UA", "parent_osm_id": 60199}, "geometry": {"type": "Polygon", "coordinates": [[[32.0192, 50.2515], [32.0946, 50.2369], [32.1407, 50.1823], [32.186, 50.1694], [32.2158, 50.1475], [32.2543, 50.1619], [32.2697, 50.1568], [32.2717, 50.1314], [32.2306, 50.1186], [32.2551, 50.0628], [32.2929, 50.0504], [32.3294, 50.0518], [32.3812, 49.987], [32.4157, 49.9675], [32.4071, 49.8934], [32.3687, 49.8875], [32.3638, 49.8811], [32.3727, 49.8636], [32.431, 49.8052], [32.4689, 49.8066], [32.5035, 49.78], [32.5297, 49.7833], [32.5625, 49.7666], [32.5715, 49.7059], [32.693, 49.6716], [32.7108, 49.62], [32.7521, 49.5938], [32.7598, 49.5706], [32.7544, 49.5472], [32.7154, 49.5252], [32.6759, 49.4771], [32.7476, 49.4061], [32.7893, 49.3339], [32.7887, 49.2618], [32.7526, 49.1813], [32.7895, 49.1468], [32.8004, 49.076], [32.8272, 49.0277], [32.8539, 49.0214], [32.8508, 49.0058], [32.7752, 48.9617], [32.7439, 48.9656], [32.6894, 48.9874], [32.6343, 48.946], [32.6003, 48.9456], [32.5678, 48.9579], [32.5555, 48.9525], [32.5471, 48.9296], [32.5269, 48.9277], [32.5152, 48.9313], [32.5035, 48.9731], [32.4562, 49.0184], [32.4529, 49.0561], [32.4084, 49.0412], [32.3691, 49.0458], [32.3432, 49.0696], [32.3411, 49.0873], [32.3319, 49.0898], [32.2888, 49.07], [32.2846, 49.048], [32.2414, 49.052], [32.1925, 48.9998], [32.1426, 48.9756], [32.133, 48.9611], [32.146, 48.948], [32.1437, 48.9358], [32.1343, 48.9157], [32.1213, 48.9103], [32.0961, 48.9109], [32.0867, 48.9193], [32.0451, 48.9172], [32.0262, 48.928], [31.9977, 48.912], [31.9392, 48.8962], [31.8867, 48.8598], [31.8684, 48.8656], [31.8416, 48.9099], [31.7323, 48.9426], [31.6836, 48.943], [31.6511, 48.9174], [31.5441, 48.9242], [31.5295, 48.904], [31.5273, 48.8352], [31.4812, 48.8035], [31.4623, 48.7611], [31.3329, 48.7238], [31.3091, 48.7428], [31.2237, 48.7539], [31.1799, 48.751], [31.116, 48.7283], [31.0674, 48.7274], [31.0205, 48.7435], [30.9381, 48.7562], [30.8201, 48.7498], [30.7991, 48.7604], [30.7023, 48.7652], [30.6068, 48.7145], [30.6112, 48.694], [30.5994, 48.66], [30.5409, 48.6193], [30.5761, 48.6043], [30.5769, 48.5733], [30.5676, 48.5619], [30.4844, 48.5535], [30.4565, 48.5708], [30.4147, 48.5719], [30.3961, 48.5606], [30.3849, 48.5305], [30.2473, 48.4776], [30.2206, 48.4793], [30.1936, 48.4935], [30.1084, 48.4533], [30.0761, 48.4551], [30.0369, 48.4738], [29.9579, 48.4593], [29.9588, 48.4736], [29.9826, 48.4892], [29.9952, 48.5088], [30.0122, 48.5154], [30.0217, 48.5336], [30.0006, 48.5711], [29.9636, 48.6099], [29.9582, 48.6553], [29.8591, 48.6983], [29.8575, 48.7177], [29.8856, 48.734], [29.884, 48.7433], [29.8463, 48.7648], [29.7725, 48.7693], [29.7453, 48.8485], [29.7163, 48.8545], [29.7036, 48.8675], [29.7003, 48.8804], [29.7224, 48.897], [29.7161, 48.9144], [29.703, 48.9252], [29.6719, 48.9288], [29.6359, 48.947], [29.653, 48.9746], [29.6727, 48.9835], [29.6708, 49.0014], [29.6549, 49.0119], [29.6122, 49.0146], [29.5931, 49.0315], [29.5947, 49.0451], [29.6095, 49.0621], [29.6707, 49.0852], [29.6749, 49.1146], [29.7072, 49.1317], [29.7011, 49.1615], [29.7106, 49.1828], [29.6747, 49.2025], [29.6746, 49.2097], [29.6972, 49.2273], [29.7453, 49.2134], [29.7306, 49.2055], [29.7295, 49.1952], [29.7615, 49.1746], [29.8623, 49.1738], [29.8721, 49.179], [29.8715, 49.1968], [29.8982, 49.2166], [29.9201, 49.2462], [29.9536, 49.2613], [30.0136, 49.2668], [30.0386, 49.2851], [30.1115, 49.275], [30.117, 49.2794], [30.1044, 49.3013], [30.1519, 49.3295], [30.1829, 49.3215], [30.1644, 49.2933], [30.1692, 49.2841], [30.3495, 49.2581], [30.3574, 49.2551], [30.3632, 49.2366], [30.382, 49.233], [30.4162, 49.308], [30.4199, 49.336], [30.4377, 49.3485], [30.463, 49.3474], [30.4982, 49.3239], [30.5502, 49.3407], [30.5927, 49.3299], [30.6194, 49.3585], [30.6546, 49.3506], [30.6846, 49.3538], [30.7254, 49.3208], [30.7811, 49.3351], [30.8102, 49.3524], [30.8424, 49.3476], [30.8682, 49.3606], [30.908, 49.3461], [30.9192, 49.3546], [30.9223, 49.3821], [30.9504, 49.4143], [31.0346, 49.4715], [31.0773, 49.4907], [31.1099, 49.5327], [31.1559, 49.5564], [31.1568, 49.5852], [31.1298, 49.5958], [31.1282, 49.6144], [31.1503, 49.6327], [31.1746, 49.6717], [31.1698, 49.6955], [31.1881, 49.7176], [31.1969, 49.7534], [31.1821, 49.7738], [31.1989, 49.8043], [31.1786, 49.8183], [31.212, 49.854], [31.2589, 49.8617], [31.336, 49.8967], [31.4302, 49.9061], [31.4471, 49.9007], [31.4736, 49.8574], [31.4969, 49.84], [31.5194, 49.8665], [31.545, 49.8586], [31.5709, 49.8627], [31.5864, 49.8956], [31.5966, 49.8976], [31.606, 49.8904], [31.6062, 49.863], [31.6131, 49.8581], [31.7166, 49.8485], [31.7627, 49.8934], [31.7649, 49.9148], [31.8068, 49.9602], [31.81, 50.0056], [31.872, 50.0235], [31.8496, 50.095], [31.9, 50.1254], [31.9143, 50.1473], [31.9544, 50.1475], [31.9875, 50.1693], [31.9953, 50.1865], [31.9744, 50.2095], [31.9751, 50.2241], [31.9994, 50.2465], [32.0192, 50.2515]]]}}, {"type": "Feature", "properties": {"osm_type": "relation", "osm_id": 101859, "name": "Kirovohrad Oblast", "admin_level": "4", "iso": "UA-35", "parent_iso": "UA", "parent_osm_id": 60199}, "geometry": {"type": "Polygon", "coordinates": [[[32.7887, 49.2618], [33.0382, 49.182], [33.1493, 49.1256], [33.2041, 49.0709], [33.2971, 49.0649], [33.3095, 49.0509], [33.3416, 49.044], [33.346, 49.0327], [33.3192, 49.0256], [33.3186, 49.0085], [33.2994, 48.9955], [33.3788, 48.94], [33.401, 48.9535], [33.4251, 48.9509], [33.5484, 48.9019], [33.571, 48.9086], [33.5815, 48.9215], [33.597, 48.9224], [33.6516, 48.8993], [33.6689, 48.8691], [33.6831, 48.877], [33.6946, 48.9058], [33.7785, 48.9225], [33.8074, 48.9034], [33.892, 48.8917], [33.9195, 48.8658], [33.8257, 48.7595], [33.811, 48.762], [33.8018, 48.7961], [33.7748, 48.779], [33.7737, 48.8014], [33.754, 48.8076], [33.7089, 48.7825], [33.6946, 48.7872], [33.6867, 48.8031], [33.6708, 48.8074], [33.6194, 48.7842], [33.5844, 48.7945], [33.5576, 48.772], [33.5609, 48.7556], [33.5985, 48.7218], [33.6594, 48.7138], [33.6915, 48.7008], [33.7565, 48.6977], [33.7697, 48.6805], [33.8211, 48.6684], [33.7998, 48.6532], [33.7663, 48.6457], [33.7225, 48.6166], [33.6122, 48.5811], [33.5804, 48.5594], [33.5638, 48.5637], [33.4777, 48.541], [33.4454, 48.5253], [33.4433, 48.5043], [33.4616, 48.4978], [33.4634, 48.4771], [33.4845, 48.4439], [33.4715, 48.423], [33.4746, 48.4119], [33.4885, 48.4039], [33.5, 48.3112], [33.5259, 48.2974], [33.5134, 48.2385], [33.4705, 48.228], [33.4029, 48.1753], [33.3732, 48.1728], [33.3481, 48.1859], [33.2947, 48.1408], [33.2688, 48.1027], [33.259, 48.1069], [33.2545, 48.1208], [33.2621, 48.1425], [33.2541, 48.1695], [33.242, 48.1739], [33.2259, 48.1329], [33.2223, 48.0904], [33.187, 48.0795], [33.1427, 48.0801], [33.1113, 48.0642], [33.0879, 48.039], [33.0575, 48.0258], [33.0353, 47.9665], [33.0157, 47.9775], [33.0145, 47.9992], [32.9757, 48.0445], [32.9493, 48.0346], [32.8882, 48.0322], [32.881, 48.0217], [32.8828, 47.994], [32.8444, 47.9862], [32.8293, 47.9667], [32.8067, 47.9697], [32.7776, 47.9893], [32.6961, 47.9703], [32.682, 47.9432], [32.6891, 47.9348], [32.7147, 47.9297], [32.7158, 47.9152], [32.6627, 47.9003], [32.6706, 47.8592], [32.6823, 47.8459], [32.652, 47.8373], [32.6446, 47.8006], [32.467, 47.7811], [32.3809, 47.8013], [32.3429, 47.7962], [32.2875, 47.8225], [32.2344, 47.8204], [32.2151, 47.8107], [32.1691, 47.7577], [32.1387, 47.7475], [32.0999, 47.7584], [32.0683, 47.7898], [32.0218, 47.8098], [31.975, 47.8119], [31.9553, 47.7958], [31.8623, 47.7958], [31.8524, 47.8031], [31.8516, 47.8283], [31.8391, 47.846], [31.866, 47.8804], [31.8634, 47.8944], [31.8369, 47.9174], [31.8212, 47.9452], [31.7798, 47.9449], [31.7682, 47.9526], [31.7081, 48.0198], [31.7693, 48.047], [31.7722, 48.0666], [31.758, 48.0954], [31.6986, 48.0938], [31.6462, 48.104], [31.6166, 48.1187], [31.5913, 48.1096], [31.5849, 48.0862], [31.5337, 48.0868], [31.5254, 48.0585], [31.5118, 48.0551], [31.4997, 48.0639], [31.5126, 48.103], [31.5037, 48.1181], [31.4145, 48.1077], [31.3843, 48.1249], [31.3439, 48.1118], [31.2503, 48.1209], [31.2311, 48.1316], [31.2282, 48.1589], [31.1898, 48.1715], [31.1855, 48.2051], [31.1686, 48.2117], [31.0418, 48.2191], [30.9938, 48.2055], [30.9761, 48.1817], [30.9062, 48.1571], [30.8851, 48.161], [30.8745, 48.1792], [30.8571, 48.1863], [30.817, 48.1591], [30.789, 48.1778], [30.7048, 48.1816], [30.6452, 48.1666], [30.6199, 48.145], [30.5018, 48.1636], [30.3475, 48.1636], [30.3305, 48.1363], [30.3223, 48.1346], [30.0835, 48.1437], [30.0478, 48.1552], [29.9968, 48.221], [29.9594, 48.2096], [29.9241, 48.2216], [29.8822, 48.18], [29.8259, 48.2101], [29.7748, 48.2031], [29.7867, 48.2283], [29.7864, 48.2508], [29.7389, 48.2671], [29.7754, 48.3169], [29.7793, 48.3531], [29.8834, 48.4326], [29.917, 48.4283], [29.9176, 48.4125], [29.9401, 48.3756], [29.9582, 48.3836], [29.9981, 48.4221], [30.0388, 48.4277], [30.0761, 48.4551], [30.1208, 48.4564], [30.1848, 48.4925], [30.2473, 48.4776], [30.3849, 48.5305], [30.393, 48.5555], [30.4088, 48.5702], [30.4565, 48.5708], [30.4844, 48.5535], [30.5741, 48.5652], [30.5761, 48.6043], [30.5409, 48.6193], [30.5994, 48.66], [30.6112, 48.694], [30.6068, 48.7145], [30.7023, 48.7652], [30.7991, 48.7604], [30.8201, 48.7498], [30.9381, 48.7562], [31.0205, 48.7435], [31.0674, 48.7274], [31.116, 48.7283], [31.1799, 48.751], [31.2237, 48.7539], [31.3091, 48.7428], [31.3329, 48.7238], [31.4623, 48.7611], [31.4812, 48.8035], [31.5273, 48.8352], [31.5295, 48.904], [31.5441, 48.9242], [31.6511, 48.9174], [31.6836, 48.943], [31.7323, 48.9426], [31.8416, 48.9099], [31.8684, 48.8656], [31.8867, 48.8598], [31.9392, 48.8962], [31.9977, 48.912], [32.0262, 48.928], [32.0451, 48.9172], [32.1292, 48.9125], [32.1458, 48.944], [32.133, 48.9611], [32.1426, 48.9756], [32.1925, 48.9998], [32.2414, 49.052], [32.2846, 49.048], [32.2888, 49.07], [32.3319, 49.0898], [32.3411, 49.0873], [32.3432, 49.0696], [32.3691, 49.0458], [32.4084, 49.0412], [32.4529, 49.0561], [32.4545, 49.0216], [32.5035, 48.9731], [32.5198, 48.9291], [32.5471, 48.9296], [32.5555, 48.9525], [32.5678, 48.9579], [32.6003, 48.9456], [32.6343, 48.946], [32.6894, 48.9874], [32.7439, 48.9656], [32.7824, 48.9637], [32.8449, 49.0012], [32.8554, 49.0184], [32.8247, 49.0304], [32.8004, 49.076], [32.7895, 49.1468], [32.7526, 49.1813], [32.7887, 49.2618]]]}}, {"type": "Feature", "properties": {"osm_type": "relation", "osm_id": 421866, "name": "Kyiv", "admin_level": "4", "iso": "UA-30", "parent_iso": "UA", "parent_osm_id": 60199}, "geometry": {"type": "Polygon", "coordinates": [[[30.7386, 50.6682], [30.8349, 50.6388], [30.8423, 50.584], [30.7756, 50.5442], [30.7532, 50.5215], [30.7506, 50.5063], [30.7681, 50.4887], [30.7571, 50.4764], [30.7603, 50.4399], [30.8152, 50.3846], [30.817, 50.3672], [30.846, 50.3535], [30.8303, 50.3327], [30.7902, 50.3326], [30.792, 50.2926], [30.7537, 50.2892], [30.7243, 50.3096], [30.7168, 50.2925], [30.7181, 50.2625], [30.648, 50.261], [30.6423, 50.2758], [30.6059, 50.2675], [30.6183, 50.2513], [30.6087, 50.2425], [30.6544, 50.156], [30.6398, 50.1241], [30.6208, 50.1227], [30.627, 50.0962], [30.6503, 50.0605], [30.6391, 50.05], [30.6482, 50.0337], [30.5856, 50.0142], [30.5818, 50.0608], [30.5685, 50.0911], [30.5417, 50.0974], [30.5362, 50.1456], [30.5111, 50.1462], [30.5208, 50.1901], [30.4938, 50.2055], [30.4769, 50.1998], [30.4736, 50.217], [30.4558, 50.2222], [30.4456, 50.2636], [30.4106, 50.262], [30.4045, 50.2851], [30.4137, 50.3039], [30.3891, 50.3312], [30.3322, 50.3688], [30.3188, 50.4083], [30.2382, 50.4147], [30.2233, 50.382], [30.2062, 50.3848], [30.1966, 50.3744], [30.186, 50.3872], [30.1925, 50.4293], [30.2035, 50.4449], [30.2003, 50.4781], [30.2174, 50.5057], [30.2174, 50.5424], [30.2586, 50.5659], [30.2499, 50.6007], [30.2679, 50.608], [30.2856, 50.589], [30.2913, 50.6093], [30.2702, 50.6334], [30.3335, 50.6379], [30.334, 50.663], [30.4327, 50.6624], [30.4373, 50.6342], [30.4625, 50.6304], [30.4758, 50.5959], [30.5226, 50.5579], [30.5481, 50.549], [30.5387, 50.572], [30.5518, 50.5808], [30.6472, 50.5752], [30.6643, 50.6027], [30.7185, 50.6235], [30.7156, 50.6518], [30.7386, 50.6682]]]}}]}